,participant.id_in_session,participant.code,participant.label,participant._is_bot,participant._index_in_pages,participant._max_page_index,participant._current_app_name,participant._current_page_name,participant.time_started_utc,participant.visited,participant.mturk_worker_id,participant.mturk_assignment_id,participant.payoff,participant.drop,participant.single,participant.page_number,participant.oppo_list,participant.payoffs_list,participant.oppo_payoffs_list,participant.nodes_list,participant.oppo_nodes_list,participant.takes_list,participant.oppo_takes_list,participant.order,participant.finished,participant.prolificID,session.code,session.label,session.mturk_HITId,session.mturk_HITGroupId,session.comment,session.is_demo,session.config.name,session.config.return_url,session.config.participation_fee,session.config.real_world_currency_per_point,Intro.1.player.id_in_group,Intro.1.player.role,Intro.1.player.payoff,Intro.1.player.prolific_id,Intro.1.group.id_in_subsession,Intro.1.subsession.round_number,Section_1.1.player.id_in_group,Section_1.1.player.role,Section_1.1.player.payoff,Section_1.1.player.question1,Section_1.1.player.question2,Section_1.1.player.question3,Section_1.1.player.question4,Section_1.1.player.question5,Section_1.1.player.question6,Section_1.1.player.question7,Section_1.1.player.question8,Section_1.1.player.question9,Section_1.1.player.question10,Section_1.1.player.stem_quiz_1_answers,Section_1.1.player.stem_quiz_1_score,Section_1.1.player.num_tab_switches_in_section_1,Section_1.1.player.total_time_hidden_in_section_1,Section_1.1.group.id_in_subsession,Section_1.1.subsession.round_number,Section_2_3.1.player.id_in_group,Section_2_3.1.player.role,Section_2_3.1.player.payoff,Section_2_3.1.player.track,Section_2_3.1.player.path,Section_2_3.1.player.info_structure,Section_2_3.1.player.performance,Section_2_3.1.player.ball_color,Section_2_3.1.player.overplacement,Section_2_3.1.player.overestimation,Section_2_3.1.player.passing_threshold,Section_2_3.1.player.ball_origin_estimation,Section_2_3.1.group.id_in_subsession,Section_2_3.1.subsession.round_number,Section_4_5.1.player.id_in_group,Section_4_5.1.player.role,Section_4_5.1.player.payoff,Section_4_5.1.player.question1,Section_4_5.1.player.question2,Section_4_5.1.player.question3,Section_4_5.1.player.question4,Section_4_5.1.player.question5,Section_4_5.1.player.question6,Section_4_5.1.player.question7,Section_4_5.1.player.question8,Section_4_5.1.player.question9,Section_4_5.1.player.question10,Section_4_5.1.player.quiz_2_answers,Section_4_5.1.player.quiz_2_score,Section_4_5.1.player.preferred_second_survey,Section_4_5.1.player.parsed_questions,Section_4_5.1.player.num_tab_switches_in_section_5,Section_4_5.1.player.total_time_hidden_in_section_5,Section_4_5.1.player.passing_threshold,Section_4_5.1.group.id_in_subsession,Section_4_5.1.subsession.round_number,Section_6.1.player.id_in_group,Section_6.1.player.role,Section_6.1.player.payoff,Section_6.1.player.question1,Section_6.1.player.question2,Section_6.1.player.question3,Section_6.1.player.question4,Section_6.1.player.question5,Section_6.1.player.question6,Section_6.1.player.question7,Section_6.1.player.question8,Section_6.1.player.question9,Section_6.1.player.question10,Section_6.1.player.question11,Section_6.1.player.risk_tolerance_answers,Section_6.1.group.id_in_subsession,Section_6.1.subsession.round_number,Section_7.1.player.id_in_group,Section_7.1.player.role,Section_7.1.player.payoff,Section_7.1.player.schools_private_independent,Section_7.1.player.schools_private_religious,Section_7.1.player.schools_public_school,Section_7.1.player.schools_homeschool,Section_7.1.player.schools_online_school,Section_7.1.player.schools_charter_school,Section_7.1.player.schools_all_girls_school,Section_7.1.player.schools_all_boys_school,Section_7.1.player.schools_stem_oriented_school,Section_7.1.player.track_decision,Section_7.1.player.subjects,Section_7.1.player.experience,Section_7.1.player.preferred_second_survey,Section_7.1.group.id_in_subsession,Section_7.1.subsession.round_number,Exp2_Intro.1.player.id_in_group,Exp2_Intro.1.player.role,Exp2_Intro.1.player.payoff,Exp2_Intro.1.player.prolific_id,Exp2_Intro.1.group.id_in_subsession,Exp2_Intro.1.subsession.round_number,Exp2_Section_1.1.player.id_in_group,Exp2_Section_1.1.player.role,Exp2_Section_1.1.player.payoff,Exp2_Section_1.1.player.question1,Exp2_Section_1.1.player.question2,Exp2_Section_1.1.player.question3,Exp2_Section_1.1.player.question4,Exp2_Section_1.1.player.question5,Exp2_Section_1.1.player.question6,Exp2_Section_1.1.player.question7,Exp2_Section_1.1.player.question8,Exp2_Section_1.1.player.question9,Exp2_Section_1.1.player.question10,Exp2_Section_1.1.player.stem_quiz_1_answers,Exp2_Section_1.1.player.stem_quiz_1_score,Exp2_Section_1.1.player.num_tab_switches_in_section_1,Exp2_Section_1.1.player.total_time_hidden_in_section_1,Exp2_Section_1.1.group.id_in_subsession,Exp2_Section_1.1.subsession.round_number,Exp2_Section_2_3.1.player.id_in_group,Exp2_Section_2_3.1.player.role,Exp2_Section_2_3.1.player.payoff,Exp2_Section_2_3.1.player.track,Exp2_Section_2_3.1.player.path,Exp2_Section_2_3.1.player.preferred_info_structure,Exp2_Section_2_3.1.player.performance,Exp2_Section_2_3.1.player.ball_color,Exp2_Section_2_3.1.player.overplacement,Exp2_Section_2_3.1.player.overestimation,Exp2_Section_2_3.1.player.passing_threshold,Exp2_Section_2_3.1.player.ball_origin_estimation,Exp2_Section_2_3.1.group.id_in_subsession,Exp2_Section_2_3.1.subsession.round_number,Exp2_Section_4.1.player.id_in_group,Exp2_Section_4.1.player.role,Exp2_Section_4.1.player.payoff,Exp2_Section_4.1.player.schools_private_independent,Exp2_Section_4.1.player.schools_private_religious,Exp2_Section_4.1.player.schools_public_school,Exp2_Section_4.1.player.schools_homeschool,Exp2_Section_4.1.player.schools_online_school,Exp2_Section_4.1.player.schools_charter_school,Exp2_Section_4.1.player.schools_all_girls_school,Exp2_Section_4.1.player.schools_all_boys_school,Exp2_Section_4.1.player.schools_stem_oriented_school,Exp2_Section_4.1.player.subjects,Exp2_Section_4.1.player.experience,Exp2_Section_4.1.group.id_in_subsession,Exp2_Section_4.1.subsession.round_number,Submission id,Participant id,Status,Custom study tncs accepted at,Started at,Completed at,Reviewed at,Archived at,Time taken,Completion code,Total approvals,Ethnicity,Highest education level completed,Age,Sex,Ethnicity simplified,Country of birth,Country of residence,Nationality,Language,Student status,Employment status
0,4,wzyg89ai,,0,18,18,Section_7,EndSurvey,2024-09-25 23:25:33.978945,1,,,0.0,,,,,,,,,,,,,,czcerakw,,,,,0,Experiment_1_Persistence,https://app.prolific.com/submissions/complete?cc=C1BTHULB,0.0,1.0,4,,0.0,66a403d685b8011f29d8cace,1,1,4,,0.0,B,B,B,D,A,C,B,B,B,A,BBBDACBBBA,0.0,0.0,0.0,1,1,4,,0.0,noisy,random,positive,Fail,red,50.0,5.0,5.0,Pass Box,1,1,4,,0.0,D,B,A,C,B,D,A,B,C,D,DBACBDABCD,1.0,Non-STEM Track,,0.0,0.0,5.0,1,1,4,,0.0,R,R,C,C,C,C,C,C,C,C,C,RRCCCCCCCCC,1,1,4,,0.0,0,0,1,0,0,0,0,0,0,Been awhile since school,General Studies,Interesting set of questions,Non-STEM Track,1,1,,,,,,,,,,,,,,,,,,,,,,,,,,,,,,,,,,,,,,,,,,,,,,,,,,,,,,,,66f49be789f9b44a1ee661c7,66a403d685b8011f29d8cace,APPROVED,Not Applicable,2024-09-25T23:25:31.156000Z,2024-09-25T23:32:27.292000Z,2024-09-25T23:32:30.447000Z,2024-09-25T23:32:28.161940Z,417.0,C1BTHULB,6,Mixed,Technical/community college,43,Female,Other,United States,United States,United States,English,No,Full-Time
1,5,hudmlbbu,,0,18,18,Section_7,EndSurvey,2024-09-25 23:26:15.283092,1,,,0.0,,,,,,,,,,,,,,czcerakw,,,,,0,Experiment_1_Persistence,https://app.prolific.com/submissions/complete?cc=C1BTHULB,0.0,1.0,5,,0.0,5924f4910a3e3e0001f1018e,1,1,5,,0.0,D,A,B,B,B,A,A,C,B,D,DABBBAACBD,0.4,0.0,0.0,1,1,5,,0.0,noisy,random,negative,Pass,red,10.0,1.0,2.0,Pass Box,1,1,5,,0.0,D,B,A,C,B,D,A,B,C,D,DBACBDABCD,1.0,Non-STEM Track,,0.0,0.0,2.0,1,1,5,,0.0,R,R,R,R,R,C,C,C,C,C,C,RRRRRCCCCCC,1,1,5,,0.0,0,0,1,0,0,0,0,0,0,I am not good at math. ,"Economics, Finance, Business Administration",My experience was fine throughout this process.,Non-STEM Track,1,1,,,,,,,,,,,,,,,,,,,,,,,,,,,,,,,,,,,,,,,,,,,,,,,,,,,,,,,,66f49c0e7128dd90ffcb1b1b,5924f4910a3e3e0001f1018e,APPROVED,Not Applicable,2024-09-25T23:26:12.090000Z,2024-09-25T23:35:20.103000Z,2024-09-25T23:35:23.504000Z,2024-09-25T23:35:20.880416Z,549.0,C1BTHULB,3484,South Asian,Undergraduate degree (BA/BSc/other),47,Male,Asian,United States,United States,United States,English,No,Part-Time
2,6,awa47p9d,,0,18,18,Section_7,EndSurvey,2024-09-25 23:26:26.964481,1,,,0.0,,,,,,,,,,,,,,czcerakw,,,,,0,Experiment_1_Persistence,https://app.prolific.com/submissions/complete?cc=C1BTHULB,0.0,1.0,6,,0.0,66f4741301fe3b3ef8362ab8,1,1,6,,0.0,A,C,B,C,B,D,B,C,C,B,ACBCBDBCCB,0.5,0.0,0.0,1,1,6,,0.0,noisy,random,ground,Pass,red,20.0,1.0,3.0,Pass Box,1,1,6,,0.0,D,B,A,C,B,D,A,B,C,C,DBACBDABCC,0.9,Non-STEM Track,,0.0,0.0,3.0,1,1,6,,0.0,R,R,R,R,R,C,C,C,C,C,C,RRRRRCCCCCC,1,1,6,,0.0,0,0,1,0,1,0,0,0,0,I am more interested in the liberal arts,I'll study some psychology and it helps me better interact with the elderly I help you take care of.,Good.,Non-STEM Track,1,1,,,,,,,,,,,,,,,,,,,,,,,,,,,,,,,,,,,,,,,,,,,,,,,,,,,,,,,,66f49c1ad904b188e090b76b,66f4741301fe3b3ef8362ab8,APPROVED,Not Applicable,2024-09-25T23:26:23.454000Z,2024-09-25T23:37:06.343000Z,2024-09-25T23:37:08.434000Z,2024-09-25T23:37:07.041613Z,643.0,C1BTHULB,8,Rather not say,High school diploma/A-levels,22,Male,White,United States,United States,United States,English,No,DATA_EXPIRED
3,7,3u91ri44,,0,18,18,Section_7,EndSurvey,2024-09-25 23:26:50.694317,1,,,0.0,,,,,,,,,,,,,,czcerakw,,,,,0,Experiment_1_Persistence,https://app.prolific.com/submissions/complete?cc=C1BTHULB,0.0,1.0,7,,0.0,66bcc693015b9f04ddf0d858,1,1,7,,0.0,D,B,B,C,A,A,A,A,B,C,DBBCAAAABC,0.0,0.0,0.0,1,1,7,,0.0,noisy,random,negative,Fail,black,5.0,0.0,1.0,Fail Box,1,1,7,,0.0,A,D,B,C,A,D,D,C,C,C,ADBCADDCCC,0.3,STEM Track,,0.0,0.0,1.0,1,1,7,,0.0,R,R,R,R,C,C,C,C,C,C,C,RRRRCCCCCCC,1,1,7,,0.0,0,0,1,0,0,0,0,0,0,Random,Language arts social studies,Difficult ,STEM Track,1,1,,,,,,,,,,,,,,,,,,,,,,,,,,,,,,,,,,,,,,,,,,,,,,,,,,,,,,,,66f49c3034ef9f9cb9db7fa9,66bcc693015b9f04ddf0d858,APPROVED,Not Applicable,2024-09-25T23:26:46.697000Z,2024-09-25T23:42:45.364000Z,2024-09-25T23:42:48.354000Z,2024-09-25T23:42:46.014566Z,959.0,C1BTHULB,99,Mixed,High school diploma/A-levels,35,Female,Other,United States,United States,United States,English,No,Full-Time
4,8,sf13jfsh,,0,18,18,Section_7,EndSurvey,2024-09-25 23:26:57.571245,1,,,0.0,,,,,,,,,,,,,,czcerakw,,,,,0,Experiment_1_Persistence,https://app.prolific.com/submissions/complete?cc=C1BTHULB,0.0,1.0,8,,0.0,5b1200ffd282ff00015c0154,1,1,8,,0.0,D,A,A,B,D,B,A,A,B,A,DAABDBAABA,0.3,0.0,0.0,1,1,8,,0.0,noisy,random,negative,Pass,red,10.0,1.0,2.0,Not Sure,1,1,8,,0.0,D,B,A,C,B,D,A,B,C,D,DBACBDABCD,1.0,Non-STEM Track,,0.0,0.0,2.0,1,1,8,,0.0,R,R,R,C,C,C,C,C,C,C,C,RRRCCCCCCCC,1,1,8,,0.0,0,1,1,0,0,0,0,0,0,I stink at math and am good at English,"English, Logistics","It made me feel dumb, but that's okay.",Non-STEM Track,1,1,,,,,,,,,,,,,,,,,,,,,,,,,,,,,,,,,,,,,,,,,,,,,,,,,,,,,,,,66f49c36fe9a853f0934c82c,5b1200ffd282ff00015c0154,APPROVED,Not Applicable,2024-09-25T23:26:54.146000Z,2024-09-25T23:34:39.765000Z,2024-09-25T23:34:43.079000Z,2024-09-25T23:34:40.514140Z,466.0,C1BTHULB,2215,East Asian,High school diploma/A-levels,37,Male,Asian,United States,United States,United States,English,No,Full-Time
5,9,0iw78jr7,,0,18,18,Section_7,EndSurvey,2024-09-25 23:27:09.884987,1,,,0.0,,,,,,,,,,,,,,czcerakw,,,,,0,Experiment_1_Persistence,https://app.prolific.com/submissions/complete?cc=C1BTHULB,0.0,1.0,9,,0.0,66439aa2599ba2e93a6060be,1,1,9,,0.0,A,C,B,B,D,B,D,C,A,D,ACBBDBDCAD,0.5,0.0,0.0,1,1,9,,0.0,noisy,random,negative,Fail,black,75.0,7.0,6.0,Fail Box,1,1,9,,0.0,D,A,A,C,B,D,A,B,C,D,DAACBDABCD,0.9,Non-STEM Track,,0.0,0.0,6.0,1,1,9,,0.0,C,R,R,R,R,R,R,C,C,C,C,CRRRRRRCCCC,1,1,9,,0.0,1,1,1,0,0,0,0,0,1,"Because it's more guaranteed money due to how STEM can encompass a grand net that, regardless of what I studied, would include things that I could possibly not be prepared for.",I studied Mechanical Engineering and work as a Field Engineer,"It felt simple enough, no real feedback here",Non-STEM Track,1,1,,,,,,,,,,,,,,,,,,,,,,,,,,,,,,,,,,,,,,,,,,,,,,,,,,,,,,,,66f49c45b48ed79252a89425,66439aa2599ba2e93a6060be,APPROVED,Not Applicable,2024-09-25T23:27:06.951000Z,2024-09-25T23:39:52.867000Z,2024-09-25T23:40:26.393000Z,2024-09-25T23:40:22.500409Z,766.0,C1BTHULB,190,Latino/Hispanic,Undergraduate degree (BA/BSc/other),24,Male,Other,United States,United States,United States,English,No,Unemployed (and job seeking)
6,10,xet9j893,,0,18,18,Section_7,EndSurvey,2024-09-25 23:27:51.855083,1,,,0.0,,,,,,,,,,,,,,czcerakw,,,,,0,Experiment_1_Persistence,https://app.prolific.com/submissions/complete?cc=C1BTHULB,0.0,1.0,10,,0.0,66a965386e7c4019aa30a91c,1,1,10,,0.0,D,C,A,D,C,A,C,A,C,C,DCADCACACC,0.1,0.0,0.0,1,1,10,,0.0,noisy,random,negative,Fail,red,50.0,6.0,3.0,Fail Box,1,1,10,,0.0,C,A,C,C,A,A,D,B,B,C,CACCAADBBC,0.5,STEM Track,,0.0,0.0,3.0,1,1,10,,0.0,R,R,R,R,R,C,C,C,C,C,C,RRRRRCCCCCC,1,1,10,,0.0,0,0,1,0,0,0,0,0,0,I like a challenge ,Math reading writing typing,It was different from other studies I enjoyed it,STEM Track,1,1,,,,,,,,,,,,,,,,,,,,,,,,,,,,,,,,,,,,,,,,,,,,,,,,,,,,,,,,66f49c587f8713ee039786ab,66a965386e7c4019aa30a91c,APPROVED,Not Applicable,2024-09-25T23:27:42.418000Z,2024-09-25T23:38:49.312000Z,2024-09-25T23:40:19.356000Z,2024-09-25T23:40:15.023428Z,667.0,C1BTHULB,21,White,High school diploma/A-levels,40,Female,White,United States,United States,United States,English,No,Part-Time
7,11,j2xvixmp,,0,18,18,Section_7,EndSurvey,2024-09-25 23:28:00.223588,1,,,0.0,,,,,,,,,,,,,,czcerakw,,,,,0,Experiment_1_Persistence,https://app.prolific.com/submissions/complete?cc=C1BTHULB,0.0,1.0,11,,0.0,66b5830fb162e9d0650ff37d,1,1,11,,0.0,D,A,B,B,B,B,C,A,A,C,DABBBBCAAC,0.4,0.0,0.0,1,1,11,,0.0,noisy,random,ground,Pass,red,30.0,2.0,2.0,Pass Box,1,1,11,,0.0,D,B,A,C,B,D,A,B,C,D,DBACBDABCD,1.0,Non-STEM Track,,0.0,0.0,2.0,1,1,11,,0.0,R,R,R,R,R,R,C,C,C,C,C,RRRRRRCCCCC,1,1,11,,0.0,0,0,1,0,0,0,0,0,0,"I wasn't a STEM student and never excelled at math, so I doubt I would've performed adequately. ",I have worked in marketing and studied adolescent education with a focus on history.,,Non-STEM Track,1,1,,,,,,,,,,,,,,,,,,,,,,,,,,,,,,,,,,,,,,,,,,,,,,,,,,,,,,,,66f49c5910034d063f63c064,66b5830fb162e9d0650ff37d,APPROVED,Not Applicable,2024-09-25T23:27:53.245000Z,2024-09-25T23:43:29Z,2024-09-25T23:43:30.438000Z,2024-09-25T23:43:30.332779Z,936.0,C1BTHULB,25,Middle Eastern,Undergraduate degree (BA/BSc/other),27,Male,White,United States,United States,United States,English,No,DATA_EXPIRED
8,12,ewin6e2z,,0,18,18,Section_7,EndSurvey,2024-09-25 23:28:02.503162,1,,,0.0,,,,,,,,,,,,,,czcerakw,,,,,0,Experiment_1_Persistence,https://app.prolific.com/submissions/complete?cc=C1BTHULB,0.0,1.0,12,,0.0,656363e1970350a7d45fbb75,1,1,12,,0.0,D,A,C,C,D,B,A,A,A,A,DACCDBAAAA,0.3,0.0,0.0,1,1,12,,0.0,noisy,random,positive,Fail,red,0.0,4.0,5.0,Not Sure,1,1,12,,0.0,D,B,A,C,B,D,A,B,C,D,DBACBDABCD,1.0,Non-STEM Track,,0.0,0.0,5.0,1,1,12,,0.0,R,R,C,C,C,C,C,C,C,C,C,RRCCCCCCCCC,1,1,12,,0.0,0,1,1,0,0,0,0,0,0,"I didn't know how to answer the first group of questions, so I figured anything else would be better.",English language and literature,"The STEM questions were tough for me, but it was fun to try!",Non-STEM Track,1,1,,,,,,,,,,,,,,,,,,,,,,,,,,,,,,,,,,,,,,,,,,,,,,,,,,,,,,,,66f49c7531a201ef4b69702a,656363e1970350a7d45fbb75,APPROVED,Not Applicable,2024-09-25T23:27:58.907000Z,2024-09-25T23:47:17.406000Z,2024-09-25T23:47:37.462000Z,2024-09-25T23:47:18.163622Z,1159.0,C1BTHULB,142,Mixed,Graduate degree (MA/MSc/MPhil/other),34,Female,White,United States,United States,United States,English,No,DATA_EXPIRED
9,13,pldacg6m,,0,18,18,Section_7,EndSurvey,2024-09-25 23:28:05.724274,1,,,0.0,,,,,,,,,,,,,,czcerakw,,,,,0,Experiment_1_Persistence,https://app.prolific.com/submissions/complete?cc=C1BTHULB,0.0,1.0,13,,0.0,64332b93d1cde024292baf53,1,1,13,,0.0,B,C,C,D,C,A,D,C,A,C,BCCDCADCAC,0.3,0.0,0.0,1,1,13,,0.0,noisy,random,ground,Pass,red,10.0,0.0,2.0,Fail Box,1,1,13,,0.0,A,A,A,C,B,D,A,B,C,D,AAACBDABCD,0.8,Non-STEM Track,,0.0,0.0,2.0,1,1,13,,0.0,R,R,R,R,C,C,C,C,C,C,C,RRRRCCCCCCC,1,1,13,,0.0,0,0,1,0,0,0,0,0,0,I'm not sure.  ,Early Childhood Education,YIKES!  I was so confused.  I've never done math like that. ,Non-STEM Track,1,1,,,,,,,,,,,,,,,,,,,,,,,,,,,,,,,,,,,,,,,,,,,,,,,,,,,,,,,,66f49c7aec3a4fe24fb1c13d,64332b93d1cde024292baf53,APPROVED,Not Applicable,2024-09-25T23:28:02.156000Z,2024-09-25T23:43:18.430000Z,2024-09-25T23:43:20.230000Z,2024-09-25T23:43:19.119051Z,917.0,C1BTHULB,1013,White,High school diploma/A-levels,51,Female,White,United States,United States,United States,English,No,Full-Time
10,14,by0ojsj5,,0,18,18,Section_7,EndSurvey,2024-09-25 23:28:20.451118,1,,,0.0,,,,,,,,,,,,,,czcerakw,,,,,0,Experiment_1_Persistence,https://app.prolific.com/submissions/complete?cc=C1BTHULB,0.0,1.0,14,,0.0,5edf975930f30b270a6d90c7,1,1,14,,0.0,A,A,A,A,A,A,A,A,A,A,AAAAAAAAAA,0.2,0.0,0.0,1,1,14,,0.0,noisy,random,ground,Fail,black,25.0,2.0,3.0,Fail Box,1,1,14,,0.0,D,B,A,C,B,D,A,B,C,C,DBACBDABCC,0.9,Non-STEM Track,,0.0,0.0,3.0,1,1,14,,0.0,R,R,R,R,C,C,C,C,C,C,C,RRRRCCCCCCC,1,1,14,,0.0,0,0,1,0,0,0,0,0,0,I suck at math,Computer Science and education ,Made me remember how much I hate math. ,Non-STEM Track,1,1,,,,,,,,,,,,,,,,,,,,,,,,,,,,,,,,,,,,,,,,,,,,,,,,,,,,,,,,66f49c536fb95f12ef2c0beb,5edf975930f30b270a6d90c7,APPROVED,Not Applicable,2024-09-25T23:27:26.623000Z,2024-09-25T23:32:49.035000Z,2024-09-25T23:32:49.895000Z,2024-09-25T23:32:49.793236Z,323.0,C1BTHULB,3,White,Undergraduate degree (BA/BSc/other),27,Male,White,United States,United States,United States,English,No,Part-Time
11,15,8lhnubo5,,0,18,18,Section_7,EndSurvey,2024-09-25 23:28:25.943291,1,,,0.0,,,,,,,,,,,,,,czcerakw,,,,,0,Experiment_1_Persistence,https://app.prolific.com/submissions/complete?cc=C1BTHULB,0.0,1.0,15,,0.0,667ac00c047d4032dcc8c0bf,1,1,15,,0.0,C,B,B,C,B,A,C,B,C,B,CBBCBACBCB,0.3,0.0,0.0,1,1,15,,0.0,noisy,random,positive,Pass,red,10.0,2.0,3.0,Pass Box,1,1,15,,0.0,C,B,A,B,C,D,A,C,B,A,CBABCDACBA,0.4,Non-STEM Track,,0.0,0.0,3.0,1,1,15,,0.0,R,C,C,C,C,C,C,C,C,C,C,RCCCCCCCCCC,1,1,15,,0.0,0,0,1,0,0,0,0,0,0,To avoid take more quiz and get it wrong. ,computer science , math classes somewhat helped me but i can't barely remember most of them,Non-STEM Track,1,1,,,,,,,,,,,,,,,,,,,,,,,,,,,,,,,,,,,,,,,,,,,,,,,,,,,,,,,,66f49c93fa81f408915ac6f7,667ac00c047d4032dcc8c0bf,APPROVED,Not Applicable,2024-09-25T23:28:23.539000Z,2024-09-25T23:39:51.969000Z,2024-09-25T23:40:31.494000Z,2024-09-25T23:40:22.563733Z,689.0,C1BTHULB,76,East Asian,Undergraduate degree (BA/BSc/other),33,Female,Asian,China,United States,United States,Chinese,No,Full-Time
12,16,r4mfvhk6,,0,18,18,Section_7,EndSurvey,2024-09-25 23:30:15.750112,1,,,0.0,,,,,,,,,,,,,,czcerakw,,,,,0,Experiment_1_Persistence,https://app.prolific.com/submissions/complete?cc=C1BTHULB,0.0,1.0,16,,0.0,66639c6e0338018d61a0f486,1,1,16,,0.0,A,A,A,B,D,B,D,C,A,B,AAABDBDCAB,0.7,0.0,0.0,1,1,16,,0.0,noisy,random,ground,Pass,red,68.0,8.0,7.0,Pass Box,1,1,16,,0.0,D,B,A,C,B,D,A,B,C,D,DBACBDABCD,1.0,Non-STEM Track,,0.0,0.0,7.0,1,1,16,,0.0,R,R,R,R,C,C,C,C,C,C,C,RRRRCCCCCCC,1,1,16,,0.0,0,1,1,0,0,0,0,0,0,I am more confident in my non-STEM abilities ,"In High School, I studied everything from English to math. In college, I studied illustration and graphic design",I would have preferred to have more time for the math questions.,Non-STEM Track,1,1,,,,,,,,,,,,,,,,,,,,,,,,,,,,,,,,,,,,,,,,,,,,,,,,,,,,,,,,66f49d00f0af5581b4cd9663,66639c6e0338018d61a0f486,APPROVED,Not Applicable,2024-09-25T23:30:12.607000Z,2024-09-25T23:46:14.483000Z,2024-09-25T23:46:16.253000Z,2024-09-25T23:46:16.079236Z,962.0,C1BTHULB,253,Middle Eastern,Undergraduate degree (BA/BSc/other),23,Female,Mixed,United States,United States,United States,English,No,Unemployed (and job seeking)
13,17,3up2thvo,,0,18,18,Section_7,EndSurvey,2024-09-25 23:30:28.565419,1,,,0.0,,,,,,,,,,,,,,czcerakw,,,,,0,Experiment_1_Persistence,https://app.prolific.com/submissions/complete?cc=C1BTHULB,0.0,1.0,17,,0.0,66afc0d5fc45830162eb750e,1,1,17,,0.0,B,A,B,B,C,,,,,,BABBC_____,0.2,0.0,0.0,1,1,17,,0.0,noisy,random,ground,Fail,black,50.0,2.0,10.0,Fail Box,1,1,17,,0.0,B,D,D,,,,,,,,BDD_______,0.1,STEM Track,,0.0,0.0,10.0,1,1,17,,0.0,R,C,C,C,C,C,C,C,C,C,C,RCCCCCCCCCC,1,1,17,,0.0,0,0,1,0,0,0,0,0,0,I love math.,"English, social studies, science, and math","Good experience, no problems.",STEM Track,1,1,,,,,,,,,,,,,,,,,,,,,,,,,,,,,,,,,,,,,,,,,,,,,,,,,,,,,,,,66f49d00b50431517ccc64d9,66afc0d5fc45830162eb750e,APPROVED,Not Applicable,2024-09-25T23:30:18.028000Z,2024-09-26T00:02:55.436000Z,2024-09-26T00:03:47.573000Z,2024-09-26T00:03:16.900240Z,1958.0,C1BTHULB,127,Black/African American,Undergraduate degree (BA/BSc/other),53,Female,Black,United States,United States,United States,English,No,Full-Time
14,18,bqz6uafd,,0,18,18,Section_7,EndSurvey,2024-09-25 23:30:49.127092,1,,,0.0,,,,,,,,,,,,,,czcerakw,,,,,0,Experiment_1_Persistence,https://app.prolific.com/submissions/complete?cc=C1BTHULB,0.0,1.0,18,,0.0,59e8b9e96100f9000194a7fb,1,1,18,,0.0,D,B,A,C,A,B,C,B,C,D,DBACABCBCD,0.2,0.0,0.0,1,1,18,,0.0,noisy,random,negative,Pass,red,10.0,1.0,1.0,Pass Box,1,1,18,,0.0,D,B,A,C,B,D,A,B,C,D,DBACBDABCD,1.0,Non-STEM Track,,0.0,0.0,1.0,1,1,18,,0.0,R,R,R,R,R,C,C,C,C,C,C,RRRRRCCCCCC,1,1,18,,0.0,0,0,1,0,0,0,0,0,0,Math is not my strong suit,English,It was interesting ,Non-STEM Track,1,1,,,,,,,,,,,,,,,,,,,,,,,,,,,,,,,,,,,,,,,,,,,,,,,,,,,,,,,,66f49c9010034d063f63c071,59e8b9e96100f9000194a7fb,APPROVED,Not Applicable,2024-09-25T23:29:55.311000Z,2024-09-25T23:42:51.246000Z,2024-09-25T23:42:55.211000Z,2024-09-25T23:42:52.366587Z,776.0,C1BTHULB,4,Mixed,Secondary education (e.g. GED/GCSE),33,Female,Mixed,United States,United States,United States,English,No,Unemployed (and job seeking)
15,19,c9plrlnh,,0,18,18,Section_7,EndSurvey,2024-09-25 23:31:14.912303,1,,,0.0,,,,,,,,,,,,,,czcerakw,,,,,0,Experiment_1_Persistence,https://app.prolific.com/submissions/complete?cc=C1BTHULB,0.0,1.0,19,,0.0,5e862ffe5c1f8424c8d03c25,1,1,19,,0.0,A,A,C,B,B,B,D,C,D,B,AACBBBDCDB,0.9,0.0,0.0,1,1,19,,0.0,noisy,random,ground,Pass,red,70.0,5.0,5.0,Pass Box,1,1,19,,0.0,B,D,C,A,A,D,C,A,B,C,BDCAADCABC,0.9,STEM Track,,0.0,0.0,5.0,1,1,19,,0.0,R,R,R,R,R,C,R,C,C,C,C,RRRRRCRCCCC,1,1,19,,0.0,0,0,1,1,1,1,0,0,0,"I wanted to see how far my knowledge extends, given my age and being out of practice.","Calculus, Science, Biology, Literature",,STEM Track,1,1,,,,,,,,,,,,,,,,,,,,,,,,,,,,,,,,,,,,,,,,,,,,,,,,,,,,,,,,66f49d3b0e283a92f299f4c3,5e862ffe5c1f8424c8d03c25,APPROVED,Not Applicable,2024-09-25T23:31:12.368000Z,2024-09-25T23:50:42.577000Z,2024-09-25T23:52:08.284000Z,2024-09-25T23:50:43.301767Z,1171.0,C1BTHULB,75,Mixed,Technical/community college,32,Female,Mixed,United States,United States,United States,English,No,Unemployed (and job seeking)
16,20,d8kc6t12,,0,18,18,Section_7,EndSurvey,2024-09-25 23:31:56.854557,1,,,0.0,,,,,,,,,,,,,,czcerakw,,,,,0,Experiment_1_Persistence,https://app.prolific.com/submissions/complete?cc=C1BTHULB,0.0,1.0,20,,0.0,60de6e510a35511890793ba4,1,1,20,,0.0,A,A,D,B,B,B,D,C,C,B,AADBBBDCCB,0.9,0.0,0.0,1,1,20,,0.0,noisy,random,positive,Pass,red,95.0,9.0,8.0,Pass Box,1,1,20,,0.0,B,B,C,A,A,D,C,,C,C,BBCAADC_CC,0.7,STEM Track,,0.0,0.0,8.0,1,1,20,,0.0,R,R,R,R,R,R,R,R,C,C,C,RRRRRRRRCCC,1,1,20,,0.0,0,0,1,0,0,0,0,0,0,"I like STEM and having to solve problems, especially math related.",STEM  chemical engineering,It was really fun and would love to do more studies like this!!!!!,STEM Track,1,1,,,,,,,,,,,,,,,,,,,,,,,,,,,,,,,,,,,,,,,,,,,,,,,,,,,,,,,,66f49d6122be0fe2ffd8717d,60de6e510a35511890793ba4,APPROVED,Not Applicable,2024-09-25T23:31:52.562000Z,2024-09-25T23:50:51.827000Z,2024-09-25T23:52:10.169000Z,2024-09-25T23:50:52.473152Z,1140.0,C1BTHULB,393,Middle Eastern,Undergraduate degree (BA/BSc/other),24,Male,Other,United States,United States,United States,Arabic,No,Full-Time
17,21,tj8fpd60,,0,18,18,Section_7,EndSurvey,2024-09-25 23:32:11.329326,1,,,0.0,,,,,,,,,,,,,,czcerakw,,,,,0,Experiment_1_Persistence,https://app.prolific.com/submissions/complete?cc=C1BTHULB,0.0,1.0,21,,0.0,5b2a37ee5b5c0900018b0ca5,1,1,21,,0.0,D,C,B,B,A,A,B,A,B,A,DCBBAABABA,0.1,0.0,0.0,1,1,21,,0.0,noisy,random,positive,Pass,black,10.0,1.0,0.0,Pass Box,1,1,21,,0.0,D,B,A,C,B,D,A,B,C,D,DBACBDABCD,1.0,Non-STEM Track,,0.0,0.0,0.0,1,1,21,,0.0,R,R,R,R,R,R,R,C,C,C,C,RRRRRRRCCCC,1,1,21,,0.0,0,0,1,0,0,0,0,0,0,Not so great at math,English and Literature ,Math was too hard ,Non-STEM Track,1,1,,,,,,,,,,,,,,,,,,,,,,,,,,,,,,,,,,,,,,,,,,,,,,,,,,,,,,,,66f49d6489f9b44a1ee661fa,5b2a37ee5b5c0900018b0ca5,APPROVED,Not Applicable,2024-09-25T23:31:54.621000Z,2024-09-25T23:39:19.071000Z,2024-09-25T23:40:22.488000Z,2024-09-25T23:40:18.139107Z,445.0,C1BTHULB,2333,White,Undergraduate degree (BA/BSc/other),60,Female,White,United States,United States,United States,English,No,Full-Time
19,23,3rvdaoek,,0,18,18,Section_7,EndSurvey,2024-09-25 23:32:36.187000,1,,,0.0,,,,,,,,,,,,,,czcerakw,,,,,0,Experiment_1_Persistence,https://app.prolific.com/submissions/complete?cc=C1BTHULB,0.0,1.0,23,,0.0,66d9ac1f7e6ebe7d5f9c0991,1,1,23,,0.0,D,A,D,B,A,A,C,C,B,B,DADBAACCBB,0.4,0.0,0.0,1,1,23,,0.0,noisy,random,ground,Pass,red,20.0,3.0,4.0,Pass Box,1,1,23,,0.0,D,B,A,C,B,D,A,B,C,D,DBACBDABCD,1.0,Non-STEM Track,,0.0,0.0,4.0,1,1,23,,0.0,R,C,C,C,C,C,C,C,C,C,C,RCCCCCCCCCC,1,1,23,,0.0,0,0,1,0,0,0,0,0,1,The time I had to answer the question. you had 10 mins to answer 10 questions and non stem question would be easier with the time given,Engineering,it was ok,Non-STEM Track,1,1,,,,,,,,,,,,,,,,,,,,,,,,,,,,,,,,,,,,,,,,,,,,,,,,,,,,,,,,66f49cf326254353298c14fc,66d9ac1f7e6ebe7d5f9c0991,APPROVED,Not Applicable,2024-09-25T23:32:28.918000Z,2024-09-25T23:48:02.611000Z,2024-09-25T23:50:46.826000Z,2024-09-25T23:50:14.532044Z,934.0,C1BTHULB,9,Black/African American,Graduate degree (MA/MSc/MPhil/other),35,Female,Black,United States,United States,United States,English,No,Full-Time
20,24,ny96wff5,,0,18,18,Section_7,EndSurvey,2024-09-25 23:32:42.517432,1,,,0.0,,,,,,,,,,,,,,czcerakw,,,,,0,Experiment_1_Persistence,https://app.prolific.com/submissions/complete?cc=C1BTHULB,0.0,1.0,24,,0.0,6073ad2cd288215f64f51efa,1,1,24,,0.0,B,A,C,A,D,B,C,B,D,B,BACADBCBDB,0.4,0.0,0.0,1,1,24,,0.0,noisy,random,positive,Pass,black,50.0,3.0,2.0,Pass Box,1,1,24,,0.0,D,A,A,C,B,A,A,B,C,D,DAACBAABCD,0.8,Non-STEM Track,,0.0,0.0,2.0,1,1,24,,0.0,R,R,R,R,R,R,C,C,C,C,C,RRRRRRCCCCC,1,1,24,,0.0,0,0,1,0,0,0,0,0,0,Been a long day and wanted something I was more comfortable with,Information.,It was great.,Non-STEM Track,1,1,,,,,,,,,,,,,,,,,,,,,,,,,,,,,,,,,,,,,,,,,,,,,,,,,,,,,,,,66f49d7b0cb5b164b05ab9f4,6073ad2cd288215f64f51efa,APPROVED,Not Applicable,2024-09-25T23:32:17.938000Z,2024-09-25T23:37:43.326000Z,2024-09-25T23:40:08.072000Z,2024-09-25T23:40:05.279217Z,326.0,C1BTHULB,4350,South Asian,Graduate degree (MA/MSc/MPhil/other),33,Male,White,United States,United States,United States,English,No,Full-Time
21,25,ravnfb02,,0,18,18,Section_7,EndSurvey,2024-09-25 23:32:46.203746,1,,,0.0,,,,,,,,,,,,,,czcerakw,,,,,0,Experiment_1_Persistence,https://app.prolific.com/submissions/complete?cc=C1BTHULB,0.0,1.0,25,,0.0,664fe69f49d37def14a294f3,1,1,25,,0.0,B,A,B,C,D,C,B,A,B,A,BABCDCBABA,0.1,0.0,0.0,1,1,25,,0.0,noisy,random,negative,Fail,black,40.0,3.0,10.0,Pass Box,1,1,25,,0.0,D,B,A,C,B,D,A,B,C,D,DBACBDABCD,1.0,Non-STEM Track,,0.0,0.0,10.0,1,1,25,,0.0,R,R,R,R,R,R,R,R,C,C,C,RRRRRRRRCCC,1,1,25,,0.0,0,1,1,0,0,0,0,0,0,I felt I would know more.,Finance and accounting.,None.,Non-STEM Track,1,1,,,,,,,,,,,,,,,,,,,,,,,,,,,,,,,,,,,,,,,,,,,,,,,,,,,,,,,,66f49d9556463299e2c11a91,664fe69f49d37def14a294f3,APPROVED,Not Applicable,2024-09-25T23:32:42.343000Z,2024-09-25T23:37:44.771000Z,2024-09-25T23:40:11.262000Z,2024-09-25T23:40:05.596322Z,303.0,C1BTHULB,33,White,Undergraduate degree (BA/BSc/other),31,Male,White,United States,United States,United States,English,No,Full-Time
22,26,pplc37ej,,0,18,18,Section_7,EndSurvey,2024-09-25 23:33:19.378124,1,,,0.0,,,,,,,,,,,,,,czcerakw,,,,,0,Experiment_1_Persistence,https://app.prolific.com/submissions/complete?cc=C1BTHULB,0.0,1.0,26,,0.0,5f29dfe7512c2817f7957e1a,1,1,26,,0.0,A,A,A,B,D,C,D,C,B,,AAABDCDCB_,0.5,0.0,0.0,1,1,26,,0.0,noisy,random,ground,Fail,black,75.0,7.0,6.0,Not Sure,1,1,26,,0.0,D,B,A,C,B,D,A,B,C,D,DBACBDABCD,1.0,Non-STEM Track,,0.0,0.0,6.0,1,1,26,,0.0,R,R,R,R,R,R,R,C,C,C,C,RRRRRRRCCCC,1,1,26,,0.0,0,0,1,0,0,0,0,0,0,Wanted something different.,Data systems and computer science,Good,Non-STEM Track,1,1,,,,,,,,,,,,,,,,,,,,,,,,,,,,,,,,,,,,,,,,,,,,,,,,,,,,,,,,66f49da8e85853aaba34cd78,5f29dfe7512c2817f7957e1a,APPROVED,Not Applicable,2024-09-25T23:33:08.681000Z,2024-09-25T23:55:41.913000Z,2024-09-25T23:55:42.774000Z,2024-09-25T23:55:42.685261Z,1354.0,C1BTHULB,1302,Black/African American,Graduate degree (MA/MSc/MPhil/other),26,Female,Black,United States,United States,United States,English,Yes,Full-Time
23,27,e9ysnmlv,,0,18,18,Section_7,EndSurvey,2024-09-25 23:33:30.388190,1,,,0.0,,,,,,,,,,,,,,czcerakw,,,,,0,Experiment_1_Persistence,https://app.prolific.com/submissions/complete?cc=C1BTHULB,0.0,1.0,27,,0.0,6020eeadf4c4d470d3ed246f,1,1,27,,0.0,D,A,B,B,D,B,,,,,DABBDB____,0.3,0.0,0.0,1,1,27,,0.0,noisy,random,positive,Fail,red,50.0,4.0,5.0,Fail Box,1,1,27,,0.0,D,B,A,C,B,D,A,B,C,D,DBACBDABCD,1.0,Non-STEM Track,,0.0,0.0,5.0,1,1,27,,0.0,R,R,R,R,R,R,R,C,C,C,C,RRRRRRRCCCC,1,1,27,,0.0,0,0,1,0,0,0,0,0,0,I was going too slow at the STEM questions and i didn't have any paper or a calculator,Math and science. I am afraid of english and arts,This has shown me I really need to go back to school.,Non-STEM Track,1,1,,,,,,,,,,,,,,,,,,,,,,,,,,,,,,,,,,,,,,,,,,,,,,,,,,,,,,,,66f49dbbf820875c45d21caf,6020eeadf4c4d470d3ed246f,APPROVED,Not Applicable,2024-09-25T23:33:23.304000Z,2024-09-25T23:46:57.826000Z,2024-09-25T23:47:21.521000Z,2024-09-25T23:46:58.972894Z,815.0,C1BTHULB,29,White,Technical/community college,39,Female,White,United States,United States,United States,English,No,"Not in paid work (e.g. homemaker', 'retired or disabled)"
24,28,b06ny280,,0,18,18,Section_7,EndSurvey,2024-09-25 23:34:03.679224,1,,,0.0,,,,,,,,,,,,,,czcerakw,,,,,0,Experiment_1_Persistence,https://app.prolific.com/submissions/complete?cc=C1BTHULB,0.0,1.0,28,,0.0,5b18248744127b00013f90ce,1,1,28,,0.0,D,A,B,C,B,B,D,C,C,B,DABCBBDCCB,0.7,0.0,0.0,1,1,28,,0.0,noisy,random,negative,Pass,red,85.0,5.0,4.0,Pass Box,1,1,28,,0.0,B,B,C,C,A,D,C,A,B,C,BBCCADCABC,0.8,STEM Track,,0.0,0.0,4.0,1,1,28,,0.0,R,R,R,R,R,C,C,C,C,C,C,RRRRRCCCCCC,1,1,28,,0.0,0,0,1,0,0,0,0,0,0,I felt confident I could answer at least 4 questions correctly and get the higher bonus.,"I studied math/science in high school and college, main industries have been retail and online task work/gambling.",No feedback.,STEM Track,1,1,,,,,,,,,,,,,,,,,,,,,,,,,,,,,,,,,,,,,,,,,,,,,,,,,,,,,,,,66f49dd2f0af5581b4cd9686,5b18248744127b00013f90ce,APPROVED,Not Applicable,2024-09-25T23:33:57.027000Z,2024-09-25T23:48:06.095000Z,2024-09-25T23:50:50.962000Z,2024-09-25T23:50:14.569596Z,850.0,C1BTHULB,4300,White,Undergraduate degree (BA/BSc/other),30,Male,White,United States,United States,United States,English,No,Full-Time
25,29,g8z2x1vp,,0,18,18,Section_7,EndSurvey,2024-09-25 23:34:07.073833,1,,,0.0,,,,,,,,,,,,,,czcerakw,,,,,0,Experiment_1_Persistence,https://app.prolific.com/submissions/complete?cc=C1BTHULB,0.0,1.0,29,,0.0,666b4439752ed005b7514383,1,1,29,,0.0,D,A,C,B,D,D,A,A,B,C,DACBDDAABC,0.3,0.0,0.0,1,1,29,,0.0,noisy,random,ground,Fail,black,75.0,7.0,6.0,Fail Box,1,1,29,,0.0,D,B,A,C,B,D,A,D,C,D,DBACBDADCD,0.9,Non-STEM Track,,0.0,0.0,6.0,1,1,29,,0.0,R,R,R,R,R,R,C,C,C,C,C,RRRRRRCCCCC,1,1,29,,0.0,0,0,1,0,1,0,0,0,0,I didnt want to risk 0,"psychology, counseling",no.,Non-STEM Track,1,1,,,,,,,,,,,,,,,,,,,,,,,,,,,,,,,,,,,,,,,,,,,,,,,,,,,,,,,,66f49de7848b46d3fa79090b,666b4439752ed005b7514383,APPROVED,Not Applicable,2024-09-25T23:34:03.163000Z,2024-09-25T23:44:32.768000Z,2024-09-25T23:44:36.054000Z,2024-09-25T23:44:33.488879Z,630.0,C1BTHULB,335,South Asian,Graduate degree (MA/MSc/MPhil/other),35,Male,Asian,United States,United States,United States,English,No,Full-Time
26,30,mffbdh75,,0,18,18,Section_7,EndSurvey,2024-09-25 23:34:43.089474,1,,,0.0,,,,,,,,,,,,,,czcerakw,,,,,0,Experiment_1_Persistence,https://app.prolific.com/submissions/complete?cc=C1BTHULB,0.0,1.0,30,,0.0,5ec79b5033c65502ce2acade,1,1,30,,0.0,C,A,A,C,B,C,D,B,B,B,CAACBCDBBB,0.4,0.0,0.0,1,1,30,,0.0,noisy,random,negative,Pass,red,50.0,3.0,4.0,Fail Box,1,1,30,,0.0,D,B,A,C,B,A,A,B,C,D,DBACBAABCD,0.9,Non-STEM Track,,0.0,0.0,4.0,1,1,30,,0.0,R,R,R,R,R,C,R,C,C,C,C,RRRRRCRCCCC,1,1,30,,0.0,0,0,1,0,0,0,0,0,0,Because the first set of questions were quite hard,Computer Science,My experience was good. I do not have anything meaningful to add.,Non-STEM Track,1,1,,,,,,,,,,,,,,,,,,,,,,,,,,,,,,,,,,,,,,,,,,,,,,,,,,,,,,,,66f49e0b10f4b74bed42e495,5ec79b5033c65502ce2acade,APPROVED,Not Applicable,2024-09-25T23:34:40.848000Z,2024-09-25T23:45:13.849000Z,2024-09-25T23:45:14.575000Z,2024-09-25T23:45:14.484428Z,634.0,C1BTHULB,1990,White,Undergraduate degree (BA/BSc/other),24,Male,White,United States,United States,United States,English,Yes,DATA_EXPIRED
29,34,dpppxuey,,0,18,18,Section_7,EndSurvey,2024-09-25 23:35:24.107448,1,,,0.0,,,,,,,,,,,,,,czcerakw,,,,,0,Experiment_1_Persistence,https://app.prolific.com/submissions/complete?cc=C1BTHULB,0.0,1.0,34,,0.0,666c86f7f5f40814f41f7db9,1,1,34,,0.0,C,A,C,C,C,D,A,C,C,B,CACCCDACCB,0.5,0.0,0.0,1,1,34,,0.0,noisy,random,negative,Pass,red,50.0,3.0,4.0,Fail Box,1,1,34,,0.0,D,B,A,C,B,D,A,B,C,D,DBACBDABCD,1.0,Non-STEM Track,,0.0,0.0,4.0,1,1,34,,0.0,R,R,C,C,C,C,C,C,C,C,C,RRCCCCCCCCC,1,1,34,,0.0,0,0,1,0,0,0,0,0,0,I am much better at writing than I am at math. ,I am getting a degree in English and History. I've had a few internships that focus on writing. ,,Non-STEM Track,1,1,,,,,,,,,,,,,,,,,,,,,,,,,,,,,,,,,,,,,,,,,,,,,,,,,,,,,,,,66f49e31b041b3f3667fe286,666c86f7f5f40814f41f7db9,APPROVED,Not Applicable,2024-09-25T23:35:19.917000Z,2024-09-25T23:45:50.801000Z,2024-09-25T23:45:52.354000Z,2024-09-25T23:45:51.609492Z,631.0,C1BTHULB,216,White,High school diploma/A-levels,21,Female,White,United States,United States,United States,English,Yes,DATA_EXPIRED
30,35,6i2rzetk,,0,18,18,Section_7,EndSurvey,2024-09-25 23:35:35.115545,1,,,0.0,,,,,,,,,,,,,,czcerakw,,,,,0,Experiment_1_Persistence,https://app.prolific.com/submissions/complete?cc=C1BTHULB,0.0,1.0,35,,0.0,61085d4d8b0fc852f4b8cc5b,1,1,35,,0.0,B,A,B,B,B,B,D,A,A,A,BABBBBDAAA,0.5,0.0,0.0,1,1,35,,0.0,noisy,random,positive,Fail,red,80.0,7.0,6.0,Fail Box,1,1,35,,0.0,B,D,C,B,A,D,C,A,C,C,BDCBADCACC,0.7,STEM Track,,0.0,0.0,6.0,1,1,35,,0.0,R,R,R,R,R,C,C,C,C,C,C,RRRRRCCCCCC,1,1,35,,0.0,0,0,1,0,0,0,0,0,0,I thought I could pass the test,"Biology, medicine",Good,STEM Track,1,1,,,,,,,,,,,,,,,,,,,,,,,,,,,,,,,,,,,,,,,,,,,,,,,,,,,,,,,,66f49e3e9a7a1d8bd8a74b2b,61085d4d8b0fc852f4b8cc5b,APPROVED,Not Applicable,2024-09-25T23:35:32.480000Z,2024-09-25T23:46:39.096000Z,2024-09-25T23:46:44.769000Z,2024-09-25T23:46:39.832231Z,667.0,C1BTHULB,295,White,Undergraduate degree (BA/BSc/other),25,Female,White,United States,United States,United States,English,Yes,Other
31,36,wddy7req,,0,18,18,Section_7,EndSurvey,2024-09-25 23:36:27.068845,1,,,0.0,,,,,,,,,,,,,,czcerakw,,,,,0,Experiment_1_Persistence,https://app.prolific.com/submissions/complete?cc=C1BTHULB,0.0,1.0,36,,0.0,667b0207aa45819cfc27e751,1,1,36,,0.0,B,D,B,A,B,A,D,A,A,A,BDBABADAAA,0.2,0.0,0.0,1,1,36,,0.0,noisy,random,negative,Fail,black,50.0,5.0,5.0,Not Sure,1,1,36,,0.0,A,D,C,C,A,B,D,A,B,A,ADCCABDABA,0.4,STEM Track,,1.0,1.804,5.0,1,1,36,,0.0,R,R,R,C,C,C,C,C,C,C,C,RRRCCCCCCCC,1,1,36,,0.0,1,0,0,0,0,0,0,0,0,Curiosity,"Biology, Geography, Agric and i have worked in the fashion space and entertainment space.",Awesome,STEM Track,1,1,,,,,,,,,,,,,,,,,,,,,,,,,,,,,,,,,,,,,,,,,,,,,,,,,,,,,,,,66f49e5ddd9cf88631d86189,667b0207aa45819cfc27e751,APPROVED,Not Applicable,2024-09-25T23:36:14.263000Z,2024-09-25T23:55:14.284000Z,2024-09-25T23:55:16.672000Z,2024-09-25T23:55:15.146423Z,1141.0,C1BTHULB,12,Black/African American,Undergraduate degree (BA/BSc/other),24,Male,Black,United States,United States,United States,English,No,Other
32,37,e4qsmwau,,0,18,18,Section_7,EndSurvey,2024-09-25 23:37:20.628506,1,,,0.0,,,,,,,,,,,,,,czcerakw,,,,,0,Experiment_1_Persistence,https://app.prolific.com/submissions/complete?cc=C1BTHULB,0.0,1.0,37,,0.0,6658b337cb2020d6b19f88d9,1,1,37,,0.0,B,C,B,B,C,C,A,D,C,A,BCBBCCADCA,0.2,0.0,0.0,1,1,37,,0.0,noisy,random,positive,Pass,red,5.0,1.0,2.0,Fail Box,1,1,37,,0.0,D,B,A,C,B,D,A,B,C,A,DBACBDABCA,0.9,Non-STEM Track,,0.0,0.0,2.0,1,1,37,,0.0,R,R,R,R,R,R,C,C,C,C,C,RRRRRRCCCCC,1,1,37,,0.0,1,0,1,0,0,0,0,0,0,I chose non-STEM because my schooling was not focused in STEM.,"I majored in journalism, so many of my subjects were in regards to communications. ",I don't think I did well with the math problems but the last portion was much easier.,Non-STEM Track,1,1,,,,,,,,,,,,,,,,,,,,,,,,,,,,,,,,,,,,,,,,,,,,,,,,,,,,,,,,66f49e96ec3a4fe24fb1c19f,6658b337cb2020d6b19f88d9,APPROVED,Not Applicable,2024-09-25T23:37:17.379000Z,2024-09-25T23:45:48.782000Z,2024-09-25T23:45:51.048000Z,2024-09-25T23:45:49.444852Z,512.0,C1BTHULB,220,East Asian,Undergraduate degree (BA/BSc/other),29,Female,Asian,China,United States,United States,English,No,"Not in paid work (e.g. homemaker', 'retired or disabled)"
33,38,mpu6ym73,,0,18,18,Section_7,EndSurvey,2024-09-25 23:37:26.560475,1,,,0.0,,,,,,,,,,,,,,czcerakw,,,,,0,Experiment_1_Persistence,https://app.prolific.com/submissions/complete?cc=C1BTHULB,0.0,1.0,38,,0.0,66ad75302bba5cdc6b55c5c8,1,1,38,,0.0,A,C,B,C,C,C,C,A,C,C,ACBCCCCACC,0.2,0.0,0.0,1,1,38,,0.0,noisy,random,ground,Pass,red,30.0,3.0,1.0,Fail Box,1,1,38,,0.0,C,C,C,C,C,B,D,C,D,B,CCCCCBDCDB,0.1,STEM Track,,0.0,0.0,1.0,1,1,38,,0.0,R,R,R,R,R,C,C,C,C,C,C,RRRRRCCCCCC,1,1,38,,0.0,0,1,0,0,0,0,0,0,0,To challenge myself.,Medical Terminology ,It was a great experience for me. It challenged me. No feedback.,STEM Track,1,1,,,,,,,,,,,,,,,,,,,,,,,,,,,,,,,,,,,,,,,,,,,,,,,,,,,,,,,,66f49dedc21aa9b4100feced,66ad75302bba5cdc6b55c5c8,APPROVED,Not Applicable,2024-09-25T23:37:07.227000Z,2024-09-25T23:59:18.937000Z,2024-09-25T23:59:20.525000Z,2024-09-25T23:59:19.637516Z,1332.0,C1BTHULB,23,Black/African American,Undergraduate degree (BA/BSc/other),35,Female,Black,United States,United States,United States,English,Yes,Part-Time
34,39,4l8yt2ki,,0,18,18,Section_7,EndSurvey,2024-09-25 23:38:04.036399,1,,,0.0,,,,,,,,,,,,,,czcerakw,,,,,0,Experiment_1_Persistence,https://app.prolific.com/submissions/complete?cc=C1BTHULB,0.0,1.0,39,,0.0,5f04bd7038cbb210b85195fd,1,1,39,,0.0,B,A,C,B,D,B,D,C,A,C,BACBDBDCAC,0.6,0.0,0.0,1,1,39,,0.0,noisy,random,ground,Pass,red,55.0,4.0,5.0,Pass Box,1,1,39,,0.0,D,B,A,C,B,D,A,B,C,D,DBACBDABCD,1.0,Non-STEM Track,,0.0,0.0,5.0,1,1,39,,0.0,R,R,R,R,C,C,C,C,C,C,C,RRRRCCCCCCC,1,1,39,,0.0,0,0,1,0,0,0,0,0,0,I found the math questions very difficult and know that my non-STEM skills are typically stronger.,"School: Political Science, Art History  Work industries: Tech (with a marketing focus)","As mentioned above, I found the math questions very challenging. It was discouraging to feel a bit stupid as I'm trying to figure out how to even start to answer the questions.",Non-STEM Track,1,1,,,,,,,,,,,,,,,,,,,,,,,,,,,,,,,,,,,,,,,,,,,,,,,,,,,,,,,,66f49ea2a8cb60076e746c52,5f04bd7038cbb210b85195fd,APPROVED,Not Applicable,2024-09-25T23:37:58.718000Z,2024-09-25T23:49:25.504000Z,2024-09-25T23:51:28.047000Z,2024-09-25T23:50:25.895545Z,687.0,C1BTHULB,1214,White,Undergraduate degree (BA/BSc/other),40,Female,White,United States,United States,United States,English,No,Unemployed (and job seeking)
35,40,l5vo7hjp,,0,18,18,Section_7,EndSurvey,2024-09-25 23:38:04.561824,1,,,0.0,,,,,,,,,,,,,,czcerakw,,,,,0,Experiment_1_Persistence,https://app.prolific.com/submissions/complete?cc=C1BTHULB,0.0,1.0,40,,0.0,5f052fd4e9163a8320120e43,1,1,40,,0.0,B,C,B,D,D,C,B,A,C,B,BCBDDCBACB,0.2,0.0,0.0,1,1,40,,0.0,noisy,random,ground,Fail,black,50.0,2.0,3.0,Fail Box,1,1,40,,0.0,D,B,A,C,B,D,A,B,C,D,DBACBDABCD,1.0,Non-STEM Track,,0.0,0.0,3.0,1,1,40,,0.0,R,R,R,R,C,C,C,C,C,C,C,RRRRCCCCCCC,1,1,40,,0.0,0,0,1,0,0,0,0,0,0,Those questions are hard for me.,Psychology ,It went well.,Non-STEM Track,1,1,,,,,,,,,,,,,,,,,,,,,,,,,,,,,,,,,,,,,,,,,,,,,,,,,,,,,,,,66f49ed2dbaf7f701413d97a,5f052fd4e9163a8320120e43,APPROVED,Not Applicable,2024-09-25T23:38:00.641000Z,2024-09-25T23:45:35.470000Z,2024-09-25T23:45:36.401000Z,2024-09-25T23:45:36.186045Z,455.0,C1BTHULB,1335,White,Undergraduate degree (BA/BSc/other),35,Female,White,United States,United States,United States,English,No,Part-Time
37,42,sbdtgf7o,,0,18,18,Section_7,EndSurvey,2024-09-25 23:38:06.472343,1,,,0.0,,,,,,,,,,,,,,czcerakw,,,,,0,Experiment_1_Persistence,https://app.prolific.com/submissions/complete?cc=C1BTHULB,0.0,1.0,42,,0.0,58cb138127e23a0001b4fb5d,1,1,42,,0.0,D,C,B,C,B,C,C,C,B,C,DCBCBCCCBC,0.2,0.0,0.0,1,1,42,,0.0,noisy,random,ground,Pass,red,1.0,0.0,1.0,Not Sure,1,1,42,,0.0,D,B,A,C,B,D,A,B,C,D,DBACBDABCD,1.0,Non-STEM Track,,0.0,0.0,1.0,1,1,42,,0.0,R,R,R,C,C,C,C,C,C,C,C,RRRCCCCCCCC,1,1,42,,0.0,0,0,1,0,0,0,0,0,0,Because I'm terrible at math.,Anthropology and Political Science,I guessed all of the math questions because I'm terrible at math. My last math course was Statistics in college over 40 years ago.,Non-STEM Track,1,1,,,,,,,,,,,,,,,,,,,,,,,,,,,,,,,,,,,,,,,,,,,,,,,,,,,,,,,,66f49ed57b890c47ee16c8b7,58cb138127e23a0001b4fb5d,APPROVED,Not Applicable,2024-09-25T23:38:02.326000Z,2024-09-25T23:50:47.990000Z,2024-09-25T23:52:09Z,2024-09-25T23:50:48.640001Z,766.0,C1BTHULB,2635,Latino/Hispanic,Undergraduate degree (BA/BSc/other),61,Female,Mixed,United States,United States,United States,English,No,Full-Time
38,43,t80jooro,,0,18,18,Section_7,EndSurvey,2024-09-25 23:38:22.200325,1,,,0.0,,,,,,,,,,,,,,czcerakw,,,,,0,Experiment_1_Persistence,https://app.prolific.com/submissions/complete?cc=C1BTHULB,0.0,1.0,43,,0.0,668b4d070be8f04729bd5fb7,1,1,43,,0.0,D,A,C,B,D,A,B,A,B,B,DACBDABABB,0.4,0.0,0.0,1,1,43,,0.0,noisy,random,positive,Pass,red,50.0,3.0,2.0,Fail Box,1,1,43,,0.0,D,B,A,C,B,D,A,B,C,D,DBACBDABCD,1.0,Non-STEM Track,,0.0,0.0,2.0,1,1,43,,0.0,R,R,R,R,R,C,C,C,C,C,C,RRRRRCCCCCC,1,1,43,,0.0,0,0,1,0,0,0,0,0,0,I have not done that type of math in a while and felt like my current skills would fit different questions better.,I studied everything pretty evenly.,,Non-STEM Track,1,1,,,,,,,,,,,,,,,,,,,,,,,,,,,,,,,,,,,,,,,,,,,,,,,,,,,,,,,,66f49ee3ccf47d6a617c223e,668b4d070be8f04729bd5fb7,APPROVED,Not Applicable,2024-09-25T23:38:18.727000Z,2024-09-25T23:47:52.614000Z,2024-09-25T23:50:40.679000Z,2024-09-25T23:50:12.956018Z,574.0,C1BTHULB,362,White,High school diploma/A-levels,43,Male,White,United States,United States,United States,English,No,Full-Time
39,44,nfd9ejw9,,0,18,18,Section_7,EndSurvey,2024-09-25 23:38:36.209272,1,,,0.0,,,,,,,,,,,,,,czcerakw,,,,,0,Experiment_1_Persistence,https://app.prolific.com/submissions/complete?cc=C1BTHULB,0.0,1.0,44,,0.0,66edfcde8ccf64ce2bb4d3e0,1,1,44,,0.0,B,A,B,D,D,A,B,A,A,C,BABDDABAAC,0.1,0.0,0.0,1,1,44,,0.0,noisy,random,ground,Fail,black,80.0,7.0,7.0,Fail Box,1,1,44,,0.0,A,C,C,A,B,C,A,A,A,C,ACCABCAAAC,0.4,STEM Track,,0.0,0.0,7.0,1,1,44,,0.0,R,R,R,R,R,R,R,C,C,C,C,RRRRRRRCCCC,1,1,44,,0.0,0,1,1,0,1,0,0,0,0,Stem is the new way of education moving forward,Hospitality,none,STEM Track,1,1,,,,,,,,,,,,,,,,,,,,,,,,,,,,,,,,,,,,,,,,,,,,,,,,,,,,,,,,66f49d4f634037c39bc119ad,66edfcde8ccf64ce2bb4d3e0,APPROVED,Not Applicable,2024-09-25T23:38:27.577000Z,2024-09-26T00:01:27.615000Z,2024-09-26T00:03:41.580000Z,2024-09-26T00:01:34.331042Z,1381.0,C1BTHULB,12,White,Graduate degree (MA/MSc/MPhil/other),58,Female,White,United Kingdom,United States,United States,English,No,Full-Time
40,45,y2jf9o4i,,0,18,18,Section_7,EndSurvey,2024-09-25 23:38:48.095983,1,,,0.0,,,,,,,,,,,,,,czcerakw,,,,,0,Experiment_1_Persistence,https://app.prolific.com/submissions/complete?cc=C1BTHULB,0.0,1.0,45,,0.0,6631a2d22bcd9ccaf132b90a,1,1,45,,0.0,B,C,C,A,B,B,D,A,A,B,BCCABBDAAB,0.5,0.0,0.0,1,1,45,,0.0,noisy,random,negative,Pass,red,50.0,3.0,4.0,Pass Box,1,1,45,,0.0,C,A,A,D,B,D,C,B,B,C,CAADBDCBBC,0.5,STEM Track,,0.0,0.0,4.0,1,1,45,,0.0,R,R,C,R,C,C,C,C,C,C,C,RRCRCCCCCCC,1,1,45,,0.0,0,0,1,0,0,0,0,0,0,I enjoy math and science. ,Science ,"It went well, but the equations were really hard for the amount of time I had. ",STEM Track,1,1,,,,,,,,,,,,,,,,,,,,,,,,,,,,,,,,,,,,,,,,,,,,,,,,,,,,,,,,66f49efb2383bdd422ececb5,6631a2d22bcd9ccaf132b90a,APPROVED,Not Applicable,2024-09-25T23:38:41.614000Z,2024-09-26T00:05:13.507000Z,2024-09-26T00:05:30.596000Z,2024-09-26T00:09:26.453735Z,1592.0,C1BTHULB,292,Native American or Alaskan Native,Undergraduate degree (BA/BSc/other),40,Female,Other,United States,United States,United States,English,No,Part-Time
41,46,1v5a3i8s,,0,18,18,Section_7,EndSurvey,2024-09-25 23:38:51.660524,1,,,0.0,,,,,,,,,,,,,,czcerakw,,,,,0,Experiment_1_Persistence,https://app.prolific.com/submissions/complete?cc=C1BTHULB,0.0,1.0,46,,0.0,66a418d30633a5522466bcfc,1,1,46,,0.0,D,A,B,C,D,D,B,A,B,B,DABCDDBABB,0.2,0.0,0.0,1,1,46,,0.0,noisy,random,ground,Fail,black,20.0,5.0,5.0,Fail Box,1,1,46,,0.0,D,B,A,C,B,D,A,B,C,D,DBACBDABCD,1.0,Non-STEM Track,,0.0,0.0,5.0,1,1,46,,0.0,R,R,R,C,C,C,C,C,C,C,C,RRRCCCCCCCC,1,1,46,,0.0,0,0,1,0,0,0,0,0,0,I am better at non-stem related subjects. ,Psychology,It was fun.,Non-STEM Track,1,1,,,,,,,,,,,,,,,,,,,,,,,,,,,,,,,,,,,,,,,,,,,,,,,,,,,,,,,,66f49efa0330bc51646c4c42,66a418d30633a5522466bcfc,APPROVED,Not Applicable,2024-09-25T23:38:42.077000Z,2024-09-25T23:49:25.462000Z,2024-09-25T23:51:27.098000Z,2024-09-25T23:50:25.734287Z,644.0,C1BTHULB,144,White,Undergraduate degree (BA/BSc/other),49,Female,White,United States,United States,Poland,English,No,"Not in paid work (e.g. homemaker', 'retired or disabled)"
42,47,znsuyl8j,,0,18,18,Section_7,EndSurvey,2024-09-25 23:38:52.514779,1,,,0.0,,,,,,,,,,,,,,czcerakw,,,,,0,Experiment_1_Persistence,https://app.prolific.com/submissions/complete?cc=C1BTHULB,0.0,1.0,47,,0.0,66ea401fa9604d4b2e8a80e0,1,1,47,,0.0,D,A,B,C,B,,,,,,DABCB_____,0.2,0.0,0.0,1,1,47,,0.0,noisy,random,negative,Fail,black,5.0,2.0,4.0,Pass Box,1,1,47,,0.0,B,,B,C,A,C,C,,B,,B_BCACC_B_,0.4,STEM Track,,0.0,0.0,4.0,1,1,47,,0.0,R,R,R,R,R,R,C,C,C,C,C,RRRRRRCCCCC,1,1,47,,0.0,0,0,1,0,0,0,0,0,0,I was good in math ( 40 years ago :-),I learnt equally art and science. I worked mostly in education,"Great study. Wake up call for me! Time to go ""back to school"" to relearn basic math. Thank you!",STEM Track,1,1,,,,,,,,,,,,,,,,,,,,,,,,,,,,,,,,,,,,,,,,,,,,,,,,,,,,,,,,66f49efe3463200960791bf5,66ea401fa9604d4b2e8a80e0,APPROVED,Not Applicable,2024-09-25T23:38:47.295000Z,2024-09-26T00:04:33.017000Z,2024-09-26T00:05:26.593000Z,2024-09-26T00:08:54.564839Z,1546.0,C1BTHULB,12,White,Graduate degree (MA/MSc/MPhil/other),63,Female,White,Ukraine,United States,United States,Russian,No,Full-Time
44,49,xukhjcga,,0,18,18,Section_7,EndSurvey,2024-09-25 23:39:33.906841,1,,,0.0,,,,,,,,,,,,,,czcerakw,,,,,0,Experiment_1_Persistence,https://app.prolific.com/submissions/complete?cc=C1BTHULB,0.0,1.0,49,,0.0,661b4e13b2dce4ae459c18a2,1,1,49,,0.0,A,A,D,B,B,B,D,C,C,,AADBBBDCC_,0.8,25.0,323.186,1,1,49,,0.0,noisy,random,ground,Pass,red,85.0,8.0,8.0,Pass Box,1,1,49,,0.0,D,B,A,C,B,D,A,B,C,D,DBACBDABCD,1.0,Non-STEM Track,,1.0,11.179,8.0,1,1,49,,0.0,R,R,R,R,R,C,C,C,C,C,C,RRRRRCCCCCC,1,1,49,,0.0,0,0,1,0,1,0,0,0,0,I didn't get to finish the first part by one question and thought I might miss a question or two again.,I studied mostly art related courses.,Everything was fine.,Non-STEM Track,1,1,,,,,,,,,,,,,,,,,,,,,,,,,,,,,,,,,,,,,,,,,,,,,,,,,,,,,,,,66f49f21c4e69b1798df3e81,661b4e13b2dce4ae459c18a2,APPROVED,Not Applicable,2024-09-25T23:39:31.379000Z,2024-09-25T23:53:49.756000Z,2024-09-25T23:53:50.554000Z,2024-09-25T23:53:50.460662Z,859.0,C1BTHULB,717,Latino/Hispanic,High school diploma/A-levels,34,Male,Mixed,United States,United States,United States,English,No,Unemployed (and job seeking)
45,50,s2aa4qll,,0,18,18,Section_7,EndSurvey,2024-09-25 23:39:57.065747,1,,,0.0,,,,,,,,,,,,,,czcerakw,,,,,0,Experiment_1_Persistence,https://app.prolific.com/submissions/complete?cc=C1BTHULB,0.0,1.0,50,,0.0,63e54d97fa5c58916e667110,1,1,50,,0.0,B,A,A,C,D,B,D,B,B,B,BAACDBDBBB,0.4,0.0,0.0,1,1,50,,0.0,noisy,random,ground,Fail,black,25.0,5.0,8.0,Fail Box,1,1,50,,0.0,D,B,A,C,B,D,A,B,C,D,DBACBDABCD,1.0,Non-STEM Track,,0.0,0.0,8.0,1,1,50,,0.0,R,R,R,R,R,R,C,C,C,C,C,RRRRRRCCCCC,1,1,50,,0.0,0,0,1,0,0,0,0,0,0,Because the initial questions were Algebra 2 questions and I have not done math in over 15 years. I did not want to have my bonus based on that again so I chose the option for .20 per correct hoping to get something.,Business and managerial classes,"good, first set of questions was stressful though.",Non-STEM Track,1,1,,,,,,,,,,,,,,,,,,,,,,,,,,,,,,,,,,,,,,,,,,,,,,,,,,,,,,,,66f49f1f1da1b9030c7b8fce,63e54d97fa5c58916e667110,APPROVED,Not Applicable,2024-09-25T23:39:51.121000Z,2024-09-25T23:55:34.170000Z,2024-09-25T23:55:35.987000Z,2024-09-25T23:55:34.920401Z,944.0,C1BTHULB,486,White Sephardic Jew,Secondary education (e.g. GED/GCSE),40,Male,White,United States,United States,United States,English,No,Due to start a new job within the next month
46,51,b87fybw6,,0,18,18,Section_7,EndSurvey,2024-09-25 23:40:01.784063,1,,,0.0,,,,,,,,,,,,,,czcerakw,,,,,0,Experiment_1_Persistence,https://app.prolific.com/submissions/complete?cc=C1BTHULB,0.0,1.0,51,,0.0,66288972d0b9059cc9082a4c,1,1,51,,0.0,A,C,B,C,C,C,B,C,B,B,ACBCCCBCBB,0.3,0.0,0.0,1,1,51,,0.0,noisy,random,positive,Fail,red,30.0,4.0,5.0,Pass Box,1,1,51,,0.0,B,C,A,C,C,D,B,B,A,D,BCACCDBBAD,0.2,STEM Track,,0.0,0.0,5.0,1,1,51,,0.0,R,R,R,R,R,R,R,R,C,C,C,RRRRRRRRCCC,1,1,51,,0.0,0,0,1,0,0,0,0,0,0,SCIENCE!,"Art, Biology and Web Design",Enjoyed seeing the math again.,STEM Track,1,1,,,,,,,,,,,,,,,,,,,,,,,,,,,,,,,,,,,,,,,,,,,,,,,,,,,,,,,,66f49f2cd21342cb364fd614,66288972d0b9059cc9082a4c,APPROVED,Not Applicable,2024-09-25T23:39:54.583000Z,2024-09-25T23:47:37.310000Z,2024-09-25T23:50:31.688000Z,2024-09-25T23:50:09.438695Z,463.0,C1BTHULB,397,White,Technical/community college,57,Male,White,United States,United States,United States,English,No,Full-Time
47,52,ysbbnk6i,,0,18,18,Section_7,EndSurvey,2024-09-25 23:40:13.089895,1,,,0.0,,,,,,,,,,,,,,czcerakw,,,,,0,Experiment_1_Persistence,https://app.prolific.com/submissions/complete?cc=C1BTHULB,0.0,1.0,52,,0.0,63bf8a649931574320e98357,1,1,52,,0.0,D,A,C,C,B,B,D,B,B,,DACCBBDBB_,0.5,0.0,0.0,1,1,52,,0.0,noisy,random,negative,Fail,black,50.0,6.0,6.0,Pass Box,1,1,52,,0.0,B,D,C,C,A,B,C,A,C,C,BDCCABCACC,0.6,STEM Track,,0.0,0.0,6.0,1,1,52,,0.0,R,R,R,R,R,C,C,C,C,C,C,RRRRRCCCCCC,1,1,52,,0.0,0,0,1,0,0,0,0,0,0,I went to school for a STEM education and my current career is in STEM.,My main subjects were engineering and that consisted of math and computer science.,This was a long process. I recommend making this survey shorter.,STEM Track,1,1,,,,,,,,,,,,,,,,,,,,,,,,,,,,,,,,,,,,,,,,,,,,,,,,,,,,,,,,66f49f557afdec4e1211fd1e,63bf8a649931574320e98357,APPROVED,Not Applicable,2024-09-25T23:40:10.580000Z,2024-09-25T23:58:45.594000Z,2024-09-25T23:58:47.711000Z,2024-09-25T23:58:46.278711Z,1116.0,C1BTHULB,4430,South East Asian,Graduate degree (MA/MSc/MPhil/other),32,Male,Asian,United States,United States,United States,English,DATA_EXPIRED,DATA_EXPIRED
48,53,2a9p5za1,,0,18,18,Section_7,EndSurvey,2024-09-25 23:40:23.641662,1,,,0.0,,,,,,,,,,,,,,czcerakw,,,,,0,Experiment_1_Persistence,https://app.prolific.com/submissions/complete?cc=C1BTHULB,0.0,1.0,53,,0.0,63d3f9de61039d451f5601cf,1,1,53,,0.0,A,A,D,C,C,A,D,B,C,B,AADCCADBCB,0.5,0.0,0.0,1,1,53,,0.0,noisy,random,ground,Pass,red,33.0,3.0,5.0,Pass Box,1,1,53,,0.0,D,B,A,C,B,D,A,B,C,D,DBACBDABCD,1.0,Non-STEM Track,,0.0,0.0,5.0,1,1,53,,0.0,R,R,R,R,C,C,C,C,C,C,C,RRRRCCCCCCC,1,1,53,,0.0,0,0,1,0,0,0,0,0,0,"I was feeling like the STEM would be more math, and I wasnt feeling very strong in my mental math","Biology, chemistry, Public Health. I currently work in health services research ",the math questions were stressfull,Non-STEM Track,1,1,,,,,,,,,,,,,,,,,,,,,,,,,,,,,,,,,,,,,,,,,,,,,,,,,,,,,,,,66f49f5d78edcef786db8300,63d3f9de61039d451f5601cf,APPROVED,Not Applicable,2024-09-25T23:40:20.916000Z,2024-09-25T23:51:25.367000Z,2024-09-25T23:52:13.991000Z,2024-09-25T23:51:26.001402Z,665.0,C1BTHULB,4475,White,Graduate degree (MA/MSc/MPhil/other),34,Female,White,United States,United States,United States,English,No,Full-Time
49,54,594qegbs,,0,18,18,Section_7,EndSurvey,2024-09-25 23:40:28.622800,1,,,0.0,,,,,,,,,,,,,,czcerakw,,,,,0,Experiment_1_Persistence,https://app.prolific.com/submissions/complete?cc=C1BTHULB,0.0,1.0,54,,0.0,6642463d44cfca730a03301f,1,1,54,,0.0,B,A,C,B,A,B,C,D,A,B,BACBABCDAB,0.5,0.0,0.0,1,1,54,,0.0,noisy,random,positive,Pass,red,50.0,5.0,5.0,Fail Box,1,1,54,,0.0,A,B,A,C,B,D,A,C,C,B,ABACBDACCB,0.7,Non-STEM Track,,0.0,0.0,5.0,1,1,54,,0.0,R,R,R,R,C,C,C,C,C,C,C,RRRRCCCCCCC,1,1,54,,0.0,0,0,1,0,0,0,0,0,0,I am not that great at math,"Biology, English",No,Non-STEM Track,1,1,,,,,,,,,,,,,,,,,,,,,,,,,,,,,,,,,,,,,,,,,,,,,,,,,,,,,,,,66f49f62b98019a2412110a8,6642463d44cfca730a03301f,APPROVED,Not Applicable,2024-09-25T23:40:25Z,2024-09-25T23:53:02.702000Z,2024-09-25T23:53:05.313000Z,2024-09-25T23:53:03.453119Z,758.0,C1BTHULB,470,White,Technical/community college,23,Female,White,United States,United States,United States,English,Yes,Unemployed (and job seeking)
50,55,s2zyb9cp,,0,18,18,Section_7,EndSurvey,2024-09-25 23:40:31.209850,1,,,0.0,,,,,,,,,,,,,,czcerakw,,,,,0,Experiment_1_Persistence,https://app.prolific.com/submissions/complete?cc=C1BTHULB,0.0,1.0,55,,0.0,66c3ed034cb6e25a0018514e,1,1,55,,0.0,B,A,C,B,A,D,C,A,D,C,BACBADCADC,0.3,0.0,0.0,1,1,55,,0.0,noisy,random,positive,Fail,red,55.0,4.0,4.0,Fail Box,1,1,55,,0.0,D,B,A,D,B,D,B,D,C,C,DBADBDBDCC,0.6,Non-STEM Track,,0.0,0.0,4.0,1,1,55,,0.0,R,R,R,R,R,C,C,C,C,C,C,RRRRRCCCCCC,1,1,55,,0.0,0,0,1,0,0,0,0,0,0,It is what I felt like taking because I know STEM school work on figures a lot which I am not good at,Business administration and work as a sales person with a garage,no,Non-STEM Track,1,1,,,,,,,,,,,,,,,,,,,,,,,,,,,,,,,,,,,,,,,,,,,,,,,,,,,,,,,,66f49f64b041b3f3667fe2bd,66c3ed034cb6e25a0018514e,APPROVED,Not Applicable,2024-09-25T23:40:25.504000Z,2024-09-25T23:59:44.296000Z,2024-09-25T23:59:45.160000Z,2024-09-25T23:59:45.070187Z,1159.0,C1BTHULB,25,Black/African American,Technical/community college,30,Female,Asian,United States,United States,United States,English,Yes,Full-Time
51,56,x6fhkx94,,0,18,18,Section_7,EndSurvey,2024-09-25 23:40:32.430155,1,,,0.0,,,,,,,,,,,,,,czcerakw,,,,,0,Experiment_1_Persistence,https://app.prolific.com/submissions/complete?cc=C1BTHULB,0.0,1.0,56,,0.0,5f95a44920f542417f4263cb,1,1,56,,0.0,C,A,B,B,C,A,D,B,A,B,CABBCADBAB,0.4,0.0,0.0,1,1,56,,0.0,noisy,random,positive,Pass,red,40.0,6.0,4.0,Pass Box,1,1,56,,0.0,D,B,A,C,B,D,A,B,C,D,DBACBDABCD,1.0,Non-STEM Track,,0.0,0.0,4.0,1,1,56,,0.0,R,R,R,C,C,C,C,C,C,C,C,RRRCCCCCCCC,1,1,56,,0.0,0,0,1,0,0,0,0,0,0,I was not confident in remembering the math concepts that reappeared here for me. I was banking on something to do with English popping up.,I studied mostly in STEM classes with my extra classes being dedicated to graphic design and digital illustration.,"The STEM questions were a bit hard, but I gave them enough of an effort to not be sure if I was just guessing or actually remembering how to solve them.",Non-STEM Track,1,1,,,,,,,,,,,,,,,,,,,,,,,,,,,,,,,,,,,,,,,,,,,,,,,,,,,,,,,,66f49f6908ec2ee7b32c0c3f,5f95a44920f542417f4263cb,APPROVED,Not Applicable,2024-09-25T23:40:30.140000Z,2024-09-25T23:54:07.965000Z,2024-09-25T23:54:11.802000Z,2024-09-25T23:54:08.964851Z,818.0,C1BTHULB,896,Latino/Hispanic,High school diploma/A-levels,26,Male,Other,United States,United States,United States,English,No,"Not in paid work (e.g. homemaker', 'retired or disabled)"
52,57,5hchgez8,,0,18,18,Section_7,EndSurvey,2024-09-25 23:40:48.292226,1,,,0.0,,,,,,,,,,,,,,czcerakw,,,,,0,Experiment_1_Persistence,https://app.prolific.com/submissions/complete?cc=C1BTHULB,0.0,1.0,57,,0.0,656009a284706961654d6a96,1,1,57,,0.0,B,C,A,B,A,,,,,,BCABA_____,0.1,0.0,0.0,1,1,57,,0.0,noisy,random,positive,Fail,red,2.0,2.0,2.0,Pass Box,1,1,57,,0.0,D,B,A,C,B,D,A,B,C,D,DBACBDABCD,1.0,Non-STEM Track,,0.0,0.0,2.0,1,1,57,,0.0,R,C,C,C,C,C,C,C,C,C,C,RCCCCCCCCCC,1,1,57,,0.0,0,0,1,0,0,0,0,0,0,I just decided to pick non-stem track,,My experience was okay. ,Non-STEM Track,1,1,,,,,,,,,,,,,,,,,,,,,,,,,,,,,,,,,,,,,,,,,,,,,,,,,,,,,,,,66f49f6534ef9f9cb9db8041,656009a284706961654d6a96,APPROVED,Not Applicable,2024-09-25T23:40:37.759000Z,2024-09-26T00:04:44.120000Z,2024-09-26T00:05:24.747000Z,2024-09-26T00:09:10.853096Z,1447.0,C1BTHULB,16,Mixed,Undergraduate degree (BA/BSc/other),48,Female,Black,United States,United States,United States,English,No,Part-Time
53,58,c8pourle,,0,18,18,Section_7,EndSurvey,2024-09-25 23:41:21.307270,1,,,0.0,,,,,,,,,,,,,,czcerakw,,,,,0,Experiment_1_Persistence,https://app.prolific.com/submissions/complete?cc=C1BTHULB,0.0,1.0,58,,0.0,62bbcce64f644bd5698c9422,1,1,58,,0.0,A,A,D,B,B,B,D,B,C,B,AADBBBDBCB,0.8,0.0,0.0,1,1,58,,0.0,noisy,random,positive,Pass,red,90.0,7.0,8.0,Fail Box,1,1,58,,0.0,D,B,A,C,B,D,A,B,C,D,DBACBDABCD,1.0,Non-STEM Track,,0.0,0.0,8.0,1,1,58,,0.0,R,R,C,C,C,C,C,C,C,C,C,RRCCCCCCCCC,1,1,58,,0.0,0,0,1,0,0,0,0,0,0,"It was hard enough trying to do the first part under pressure of the timer, I did not want to try again.","Art, History. I worked in manufacturing and production",It all went well and I enjoyed it very much,Non-STEM Track,1,1,,,,,,,,,,,,,,,,,,,,,,,,,,,,,,,,,,,,,,,,,,,,,,,,,,,,,,,,66f49f8af0af5581b4cd96e1,62bbcce64f644bd5698c9422,APPROVED,Not Applicable,2024-09-25T23:41:05.479000Z,2024-09-25T23:56:15.880000Z,2024-09-25T23:56:17.494000Z,2024-09-25T23:56:16.588828Z,911.0,C1BTHULB,2947,White,Technical/community college,45,Male,White,United States,United States,United States,English,DATA_EXPIRED,Full-Time
54,59,oo3xbueu,,0,18,18,Section_7,EndSurvey,2024-09-25 23:41:24.503066,1,,,0.0,,,,,,,,,,,,,,czcerakw,,,,,0,Experiment_1_Persistence,https://app.prolific.com/submissions/complete?cc=C1BTHULB,0.0,1.0,59,,0.0,5e3461bd8ec4fc0230fef43a,1,1,59,,0.0,D,A,D,D,C,A,C,B,B,B,DADDCACBBB,0.2,0.0,0.0,1,1,59,,0.0,noisy,random,negative,Fail,red,20.0,3.0,5.0,Fail Box,1,1,59,,0.0,D,B,A,C,B,D,A,B,C,D,DBACBDABCD,1.0,Non-STEM Track,,0.0,0.0,5.0,1,1,59,,0.0,R,C,C,C,C,C,C,C,C,C,C,RCCCCCCCCCC,1,1,59,,0.0,0,0,1,0,0,0,0,0,0,I have a spectacular vocabulary.,Studied history  However worked in IT as a computer programmer,STEM was tough. Vocab a piece of cake. Thanks for the study.,Non-STEM Track,1,1,,,,,,,,,,,,,,,,,,,,,,,,,,,,,,,,,,,,,,,,,,,,,,,,,,,,,,,,66f49f9a34ef9f9cb9db8048,5e3461bd8ec4fc0230fef43a,APPROVED,Not Applicable,2024-09-25T23:41:19.739000Z,2024-09-25T23:56:13.018000Z,2024-09-25T23:56:13.820000Z,2024-09-25T23:56:13.726699Z,894.0,C1BTHULB,2851,White,Undergraduate degree (BA/BSc/other),76,Male,White,United States,United States,United States,English,No,"Not in paid work (e.g. homemaker', 'retired or disabled)"
55,60,p0958qlk,,0,18,18,Section_7,EndSurvey,2024-09-25 23:41:26.169144,1,,,0.0,,,,,,,,,,,,,,czcerakw,,,,,0,Experiment_1_Persistence,https://app.prolific.com/submissions/complete?cc=C1BTHULB,0.0,1.0,60,,0.0,663f8b8c5491cf738a5d35db,1,1,60,,0.0,B,C,B,D,A,D,B,D,B,A,BCBDADBDBA,0.0,0.0,0.0,1,1,60,,0.0,noisy,random,negative,Fail,red,20.0,3.0,5.0,Fail Box,1,1,60,,0.0,D,B,A,C,B,D,A,B,C,D,DBACBDABCD,1.0,Non-STEM Track,,0.0,0.0,5.0,1,1,60,,0.0,R,R,R,R,R,C,C,C,C,C,C,RRRRRCCCCCC,1,1,60,,0.0,0,0,1,0,0,0,0,0,0,I suspected it would be easier for me / requires less effort.,economics / tech ,"I enjoyed the non-STEM quiz, but not the math.",Non-STEM Track,1,1,,,,,,,,,,,,,,,,,,,,,,,,,,,,,,,,,,,,,,,,,,,,,,,,,,,,,,,,66f49f9e0cb5b164b05aba50,663f8b8c5491cf738a5d35db,APPROVED,Not Applicable,2024-09-25T23:41:23.739000Z,2024-09-25T23:47:52.460000Z,2024-09-25T23:50:38.122000Z,2024-09-25T23:50:12.077122Z,389.0,C1BTHULB,578,Mixed,Undergraduate degree (BA/BSc/other),31,Female,Mixed,United States,United States,United States,English,No,Unemployed (and job seeking)
56,61,b4wmtayg,,0,18,18,Section_7,EndSurvey,2024-09-25 23:41:34.753413,1,,,0.0,,,,,,,,,,,,,,czcerakw,,,,,0,Experiment_1_Persistence,https://app.prolific.com/submissions/complete?cc=C1BTHULB,0.0,1.0,61,,0.0,6107940dd15a7e73888abc62,1,1,61,,0.0,D,A,B,C,B,D,C,B,A,A,DABCBDCBAA,0.2,0.0,0.0,1,1,61,,0.0,noisy,random,negative,Fail,black,0.0,3.0,5.0,Fail Box,1,1,61,,0.0,D,B,A,C,B,D,A,B,C,C,DBACBDABCC,0.9,Non-STEM Track,,0.0,0.0,5.0,1,1,61,,0.0,R,R,C,C,C,C,C,C,C,C,C,RRCCCCCCCCC,1,1,61,,0.0,0,0,1,0,0,0,0,0,0,I chose the Non-Stem Track because I am not good at STEM but I have always done well in non-stem subjects.,I studied business administration and music in college. I've worked in marketing and manufacturing businesses.,My experience taking the stem track was stressful because I couldn't remember how to solve some of those types of questions and it reminded me of how I felt back in school.,Non-STEM Track,1,1,,,,,,,,,,,,,,,,,,,,,,,,,,,,,,,,,,,,,,,,,,,,,,,,,,,,,,,,66f49f8d834804b69cfcb715,6107940dd15a7e73888abc62,APPROVED,Not Applicable,2024-09-25T23:41:03.848000Z,2024-09-25T23:56:42.161000Z,2024-09-25T23:56:43.872000Z,2024-09-25T23:56:42.784996Z,939.0,C1BTHULB,731,Mixed,Undergraduate degree (BA/BSc/other),27,Female,Mixed,United States,United States,United States,English,Yes,Full-Time
57,62,24mvbchn,,0,18,18,Section_7,EndSurvey,2024-09-25 23:42:16.471657,1,,,0.0,,,,,,,,,,,,,,czcerakw,,,,,0,Experiment_1_Persistence,https://app.prolific.com/submissions/complete?cc=C1BTHULB,0.0,1.0,62,,0.0,66da3f07b1ff5e8145e12657,1,1,62,,0.0,B,A,C,D,D,A,C,D,A,B,BACDDACDAB,0.3,0.0,0.0,1,1,62,,0.0,noisy,random,ground,Fail,black,1.0,0.0,7.0,Fail Box,1,1,62,,0.0,D,B,A,C,B,A,A,B,C,D,DBACBAABCD,0.9,Non-STEM Track,,0.0,0.0,7.0,1,1,62,,0.0,R,R,R,R,R,C,C,C,C,C,C,RRRRRCCCCCC,1,1,62,,0.0,0,1,0,0,0,0,0,0,0,was my parents choice,math science fashion ,the math was unexpected ,Non-STEM Track,1,1,,,,,,,,,,,,,,,,,,,,,,,,,,,,,,,,,,,,,,,,,,,,,,,,,,,,,,,,66f49fcedd9cf88631d861cf,66da3f07b1ff5e8145e12657,APPROVED,Not Applicable,2024-09-25T23:42:12.222000Z,2024-09-25T23:47:44.512000Z,2024-09-25T23:50:33.759000Z,2024-09-25T23:50:10.284168Z,333.0,C1BTHULB,13,Mixed,Technical/community college,47,Female,Other,United States,United States,United States,English,No,Full-Time
58,63,f3ebw7ey,,0,18,18,Section_7,EndSurvey,2024-09-25 23:42:16.974461,1,,,0.0,,,,,,,,,,,,,,czcerakw,,,,,0,Experiment_1_Persistence,https://app.prolific.com/submissions/complete?cc=C1BTHULB,0.0,1.0,63,,0.0,66df47a9c26ea6aa4a71fc0f,1,1,63,,0.0,D,C,B,D,A,C,D,A,A,C,DCBDACDAAC,0.1,0.0,0.0,1,1,63,,0.0,noisy,random,ground,Fail,black,0.0,0.0,2.0,Fail Box,1,1,63,,0.0,D,B,A,C,B,D,A,B,C,D,DBACBDABCD,1.0,Non-STEM Track,,0.0,0.0,2.0,1,1,63,,0.0,R,R,R,R,R,C,C,C,C,C,C,RRRRRCCCCCC,1,1,63,,0.0,1,1,0,0,0,0,0,0,0,No particular reason ,English accounting   Auto mechanic ,No,Non-STEM Track,1,1,,,,,,,,,,,,,,,,,,,,,,,,,,,,,,,,,,,,,,,,,,,,,,,,,,,,,,,,66f49fc49c3a41e2bfcb1938,66df47a9c26ea6aa4a71fc0f,APPROVED,Not Applicable,2024-09-25T23:42:07.776000Z,2024-09-25T23:54:37.811000Z,2024-09-25T23:54:42.212000Z,2024-09-25T23:54:38.392921Z,751.0,C1BTHULB,40,South Asian,Undergraduate degree (BA/BSc/other),63,Male,Asian,India,United States,United States,English,No,Full-Time
59,64,5m6xkx20,,0,18,18,Section_7,EndSurvey,2024-09-25 23:42:20.326692,1,,,0.0,,,,,,,,,,,,,,czcerakw,,,,,0,Experiment_1_Persistence,https://app.prolific.com/submissions/complete?cc=C1BTHULB,0.0,1.0,64,,0.0,60f880007ca7b1a971cd271c,1,1,64,,0.0,B,D,B,,,,,,,,BDB_______,0.0,1.0,7.092,1,1,64,,0.0,noisy,random,negative,Fail,black,40.0,6.0,5.0,Fail Box,1,1,64,,0.0,D,B,A,C,B,D,A,B,C,D,DBACBDABCD,1.0,Non-STEM Track,,0.0,0.0,5.0,1,1,64,,0.0,R,C,C,C,C,C,C,C,C,C,C,RCCCCCCCCCC,1,1,64,,0.0,0,0,1,0,0,0,0,0,0,Math isn't my strongest subject so I was worried I wouldn't be able to answer the questions correctly.,"I've worked in retail most of my working career, I have a general high school education.",I found the math questions very challenging but the survey was interesting.,Non-STEM Track,1,1,,,,,,,,,,,,,,,,,,,,,,,,,,,,,,,,,,,,,,,,,,,,,,,,,,,,,,,,66f49f25c1b8420ace12b4d0,60f880007ca7b1a971cd271c,APPROVED,Not Applicable,2024-09-25T23:42:11.825000Z,2024-09-26T00:17:26.206000Z,2024-09-26T00:17:51.416000Z,2024-09-26T00:17:27.430723Z,2115.0,C1BTHULB,481,White Sephardic Jew,High school diploma/A-levels,38,Female,White,United States,United States,United States,English,No,Full-Time
60,65,x836akqs,,0,18,18,Section_7,EndSurvey,2024-09-25 23:42:28.670493,1,,,0.0,,,,,,,,,,,,,,czcerakw,,,,,0,Experiment_1_Persistence,https://app.prolific.com/submissions/complete?cc=C1BTHULB,0.0,1.0,65,,0.0,60641cdc8536a607a60e0612,1,1,65,,0.0,A,A,B,B,B,B,D,C,A,B,AABBBBDCAB,0.8,0.0,0.0,1,1,65,,0.0,noisy,random,ground,Fail,black,90.0,9.0,10.0,Fail Box,1,1,65,,0.0,B,A,C,A,A,D,C,A,B,C,BACAADCABC,1.0,STEM Track,,0.0,0.0,10.0,1,1,65,,0.0,R,R,R,R,C,C,C,C,C,C,C,RRRRCCCCCCC,1,1,65,,0.0,0,0,1,0,0,0,0,0,0,It felt easier to understand and do.,"mainly general studies, auto Mech class, and woodworking.",it was simple,STEM Track,1,1,,,,,,,,,,,,,,,,,,,,,,,,,,,,,,,,,,,,,,,,,,,,,,,,,,,,,,,,66f49fd37b890c47ee16c8e2,60641cdc8536a607a60e0612,APPROVED,Not Applicable,2024-09-25T23:42:20.249000Z,2024-09-26T00:14:17.170000Z,2024-09-26T00:14:54.714000Z,2024-09-26T00:14:18.040750Z,1917.0,C1BTHULB,684,Latino/Hispanic,High school diploma/A-levels,21,Female,Other,United States,United States,United States,Spanish,No,Other
61,66,sjgdybiq,,0,18,18,Section_7,EndSurvey,2024-09-25 23:42:50.726573,1,,,0.0,,,,,,,,,,,,,,czcerakw,,,,,0,Experiment_1_Persistence,https://app.prolific.com/submissions/complete?cc=C1BTHULB,0.0,1.0,66,,0.0,6643c5d1c53f7ffbef7b96e0,1,1,66,,0.0,D,A,B,B,D,C,D,C,B,A,DABBDCDCBA,0.4,0.0,0.0,1,1,66,,0.0,noisy,random,ground,Pass,red,10.0,5.0,3.0,Pass Box,1,1,66,,0.0,D,B,A,C,B,D,A,B,C,D,DBACBDABCD,1.0,Non-STEM Track,,0.0,0.0,3.0,1,1,66,,0.0,R,R,C,C,C,C,C,C,C,C,C,RRCCCCCCCCC,1,1,66,,0.0,0,1,1,1,0,0,0,0,0,Wasn't sure if I would know the answer.,I studied Graphic Design in college. I've worked in the arts/media/entertainment industry.,No it was clear.,Non-STEM Track,1,1,,,,,,,,,,,,,,,,,,,,,,,,,,,,,,,,,,,,,,,,,,,,,,,,,,,,,,,,66f49ff33f46e7a726c11a31,6643c5d1c53f7ffbef7b96e0,APPROVED,Not Applicable,2024-09-25T23:42:47.919000Z,2024-09-25T23:47:38.831000Z,2024-09-26T02:11:14.482000Z,2024-09-25T23:50:10.515877Z,291.0,C1BTHULB,12,White,High school diploma/A-levels,33,Female,White,United States,United States,United States,English,No,Full-Time
62,67,paxndnr5,,0,18,18,Section_7,EndSurvey,2024-09-25 23:43:00.380914,1,,,0.0,,,,,,,,,,,,,,czcerakw,,,,,0,Experiment_1_Persistence,https://app.prolific.com/submissions/complete?cc=C1BTHULB,0.0,1.0,67,,0.0,66bf8af89823f6ea72d66573,1,1,67,,0.0,A,C,D,B,A,B,D,B,A,A,ACDBABDBAA,0.4,0.0,0.0,1,1,67,,0.0,noisy,random,negative,Fail,red,70.0,8.0,9.0,Pass Box,1,1,67,,0.0,D,B,A,C,B,D,A,B,C,D,DBACBDABCD,1.0,Non-STEM Track,,0.0,0.0,9.0,1,1,67,,0.0,R,R,C,C,C,C,C,C,C,C,C,RRCCCCCCCCC,1,1,67,,0.0,0,0,0,0,0,0,1,0,0,"I chose the non-stem track because it does not correspond with my educational background and as such, i lack adequate information on its related courses.","Some of my main subjects included literature, history, philosophy, sociology and cultural studies.    I worked in the arts industry.",It was a good experience to learn.,Non-STEM Track,1,1,,,,,,,,,,,,,,,,,,,,,,,,,,,,,,,,,,,,,,,,,,,,,,,,,,,,,,,,66f49ff19c0988cc80b0bd2c,66bf8af89823f6ea72d66573,APPROVED,Not Applicable,2024-09-25T23:42:51.679000Z,2024-09-26T00:11:46.891000Z,2024-09-26T00:11:47.975000Z,2024-09-26T00:11:47.667867Z,1736.0,C1BTHULB,101,Black/African American,Undergraduate degree (BA/BSc/other),23,Female,Black,United States,United States,United States,English,No,Full-Time
63,68,gc2c6e7k,,0,18,18,Section_7,EndSurvey,2024-09-25 23:43:07.024919,1,,,0.0,,,,,,,,,,,,,,czcerakw,,,,,0,Experiment_1_Persistence,https://app.prolific.com/submissions/complete?cc=C1BTHULB,0.0,1.0,68,,0.0,600e0095145338647568af91,1,1,68,,0.0,D,A,B,D,D,A,D,B,D,B,DABDDADBDB,0.3,0.0,0.0,1,1,68,,0.0,noisy,random,ground,Pass,red,50.0,1.0,2.0,Pass Box,1,1,68,,0.0,B,C,A,B,B,D,C,B,A,B,BCABBDCBAB,0.3,STEM Track,,0.0,0.0,2.0,1,1,68,,0.0,R,R,R,R,R,C,C,C,C,C,C,RRRRRCCCCCC,1,1,68,,0.0,0,1,0,0,0,0,0,0,0,I was hoping for some science questions.  Math isn’t my strong suit.,physical science and journalism.,stressful,STEM Track,1,1,,,,,,,,,,,,,,,,,,,,,,,,,,,,,,,,,,,,,,,,,,,,,,,,,,,,,,,,66f49fffb39fdcbb285fa0af,600e0095145338647568af91,APPROVED,Not Applicable,2024-09-25T23:43:02.814000Z,2024-09-25T23:59:32.318000Z,2024-09-25T23:59:33.130000Z,2024-09-25T23:59:33.016651Z,990.0,C1BTHULB,750,White,Undergraduate degree (BA/BSc/other),53,Male,White,United States,United States,United States,English,No,Full-Time
64,69,z1n5dgr2,,0,18,18,Section_7,EndSurvey,2024-09-25 23:43:27.210529,1,,,0.0,,,,,,,,,,,,,,czcerakw,,,,,0,Experiment_1_Persistence,https://app.prolific.com/submissions/complete?cc=C1BTHULB,0.0,1.0,69,,0.0,66294b3fb5ddd7c7e15fd6e6,1,1,69,,0.0,D,A,C,C,B,B,D,C,C,C,DACCBBDCCC,0.7,0.0,0.0,1,1,69,,0.0,noisy,random,ground,Pass,red,25.0,2.0,3.0,Pass Box,1,1,69,,0.0,D,B,A,C,B,D,A,B,C,D,DBACBDABCD,1.0,Non-STEM Track,,0.0,0.0,3.0,1,1,69,,0.0,R,R,R,R,R,C,C,C,C,C,C,RRRRRCCCCCC,1,1,69,,0.0,0,0,1,0,0,0,0,0,0,I suck at STEM,"Art, history","the STEM part was annoying, but the rest was ok",Non-STEM Track,1,1,,,,,,,,,,,,,,,,,,,,,,,,,,,,,,,,,,,,,,,,,,,,,,,,,,,,,,,,66f4a01139a18098edc8a4db,66294b3fb5ddd7c7e15fd6e6,APPROVED,Not Applicable,2024-09-25T23:43:23.753000Z,2024-09-25T23:55:01.285000Z,2024-09-25T23:55:02.094000Z,2024-09-25T23:55:02.000807Z,698.0,C1BTHULB,109,White,Technical/community college,51,Female,White,United States,United States,United States,English,No,Full-Time
65,70,ubgt3u24,,0,18,18,Section_7,EndSurvey,2024-09-25 23:43:31.049924,1,,,0.0,,,,,,,,,,,,,,czcerakw,,,,,0,Experiment_1_Persistence,https://app.prolific.com/submissions/complete?cc=C1BTHULB,0.0,1.0,70,,0.0,60f780f13d153d16a6d4a3a0,1,1,70,,0.0,D,A,A,B,B,C,,B,B,C,DAABBC_BBC,0.3,0.0,0.0,1,1,70,,0.0,noisy,random,ground,Fail,black,25.0,2.0,5.0,Fail Box,1,1,70,,0.0,D,B,A,C,B,D,A,B,C,C,DBACBDABCC,0.9,Non-STEM Track,,0.0,0.0,5.0,1,1,70,,0.0,R,R,R,R,R,R,R,R,R,R,C,RRRRRRRRRRC,1,1,70,,0.0,0,0,1,0,0,0,0,0,0,I am terrible at Math,History and Tech,Pleasant ,Non-STEM Track,1,1,,,,,,,,,,,,,,,,,,,,,,,,,,,,,,,,,,,,,,,,,,,,,,,,,,,,,,,,66f4a01708ec2ee7b32c0c68,60f780f13d153d16a6d4a3a0,APPROVED,Not Applicable,2024-09-25T23:43:25.205000Z,2024-09-25T23:59:11.652000Z,2024-09-25T23:59:12.747000Z,2024-09-25T23:59:12.642394Z,947.0,C1BTHULB,698,Black/African American,High school diploma/A-levels,42,Female,Black,United States,United States,United States,English,No,Full-Time
66,71,tu4cn37f,,0,18,18,Section_7,EndSurvey,2024-09-25 23:43:31.654245,1,,,0.0,,,,,,,,,,,,,,czcerakw,,,,,0,Experiment_1_Persistence,https://app.prolific.com/submissions/complete?cc=C1BTHULB,0.0,1.0,71,,0.0,60c76fb5887b0728245b0695,1,1,71,,0.0,D,D,D,D,D,D,D,D,D,D,DDDDDDDDDD,0.1,0.0,0.0,1,1,71,,0.0,noisy,random,positive,Pass,red,0.0,0.0,1.0,Fail Box,1,1,71,,0.0,D,B,A,C,B,D,A,B,C,D,DBACBDABCD,1.0,Non-STEM Track,,0.0,0.0,1.0,1,1,71,,0.0,R,R,R,R,C,R,C,R,R,C,C,RRRRCRCRRCC,1,1,71,,0.0,0,0,1,0,0,0,0,0,0,I detest math and would have not done this survey if I'd known.,"English,writing",frustrating since you misled me,Non-STEM Track,1,1,,,,,,,,,,,,,,,,,,,,,,,,,,,,,,,,,,,,,,,,,,,,,,,,,,,,,,,,66f4a0169821645519edd49a,60c76fb5887b0728245b0695,APPROVED,Not Applicable,2024-09-25T23:43:26.188000Z,2024-09-25T23:51:56.675000Z,2024-09-25T23:52:16.724000Z,2024-09-25T23:51:57.889511Z,511.0,C1BTHULB,3381,White,Graduate degree (MA/MSc/MPhil/other),72,Female,White,United States,United States,United States,English,No,Other
67,72,3z48gi3m,,0,18,18,Section_7,EndSurvey,2024-09-25 23:43:46.175786,1,,,0.0,,,,,,,,,,,,,,czcerakw,,,,,0,Experiment_1_Persistence,https://app.prolific.com/submissions/complete?cc=C1BTHULB,0.0,1.0,72,,0.0,666c46b6444950c3ade659b3,1,1,72,,0.0,B,D,D,D,B,D,A,D,A,B,BDDDBDADAB,0.2,0.0,0.0,1,1,72,,0.0,noisy,random,positive,Fail,red,1.0,5.0,5.0,Pass Box,1,1,72,,0.0,D,B,A,C,B,D,A,B,C,D,DBACBDABCD,1.0,Non-STEM Track,,0.0,0.0,5.0,1,1,72,,0.0,R,R,R,R,R,R,R,C,C,C,C,RRRRRRRCCCC,1,1,72,,0.0,0,1,1,0,1,0,0,0,0,I just didn't want to do a Stem track test. ,"English, math and social Studies ",,Non-STEM Track,1,1,,,,,,,,,,,,,,,,,,,,,,,,,,,,,,,,,,,,,,,,,,,,,,,,,,,,,,,,66f4a02549a3af8ba97fe342,666c46b6444950c3ade659b3,APPROVED,Not Applicable,2024-09-25T23:43:40.096000Z,2024-09-25T23:55:09.149000Z,2024-09-25T23:55:12.457000Z,2024-09-25T23:55:09.805198Z,690.0,C1BTHULB,66,Black/African American,Undergraduate degree (BA/BSc/other),36,Female,Black,United States,United States,United States,English,No,Full-Time
68,73,mstqzp5f,,0,18,18,Section_7,EndSurvey,2024-09-25 23:43:50.477301,1,,,0.0,,,,,,,,,,,,,,czcerakw,,,,,0,Experiment_1_Persistence,https://app.prolific.com/submissions/complete?cc=C1BTHULB,0.0,1.0,73,,0.0,63d1564c61aebfe6f8b38847,1,1,73,,0.0,C,D,C,B,D,C,C,D,C,C,CDCBDCCDCC,0.3,0.0,0.0,1,1,73,,0.0,noisy,random,ground,Fail,black,10.0,10.0,10.0,Fail Box,1,1,73,,0.0,A,B,A,C,B,D,A,D,C,B,ABACBDADCB,0.7,Non-STEM Track,,0.0,0.0,10.0,1,1,73,,0.0,R,R,R,C,C,C,C,C,C,C,C,RRRCCCCCCCC,1,1,73,,0.0,0,0,1,0,0,0,0,0,0,Just more familiar ,,Challenges ,Non-STEM Track,1,1,,,,,,,,,,,,,,,,,,,,,,,,,,,,,,,,,,,,,,,,,,,,,,,,,,,,,,,,66f4a02226254353298c15b9,63d1564c61aebfe6f8b38847,APPROVED,Not Applicable,2024-09-25T23:43:44.095000Z,2024-09-25T23:54:24.358000Z,2024-09-25T23:54:27.172000Z,2024-09-25T23:54:25.117948Z,641.0,C1BTHULB,258,White,High school diploma/A-levels,55,Female,White,United States,United States,United States,English,No,Other
69,74,rzykypx5,,0,18,18,Section_7,EndSurvey,2024-09-25 23:44:08.006541,1,,,0.0,,,,,,,,,,,,,,czcerakw,,,,,0,Experiment_1_Persistence,https://app.prolific.com/submissions/complete?cc=C1BTHULB,0.0,1.0,74,,0.0,5c49d511cdb1b7000103af85,1,1,74,,0.0,D,A,C,C,D,C,B,D,A,B,DACCDCBDAB,0.3,0.0,0.0,1,1,74,,0.0,noisy,random,positive,Fail,red,10.0,2.0,5.0,Fail Box,1,1,74,,0.0,D,B,A,C,B,D,A,B,C,D,DBACBDABCD,1.0,Non-STEM Track,,0.0,0.0,5.0,1,1,74,,0.0,R,R,R,C,C,C,C,C,C,C,C,RRRCCCCCCCC,1,1,74,,0.0,0,0,1,0,0,0,0,0,0,I'm terrible at math.,English and Writing,Got a little nervous with the math but no problems with the actual test.,Non-STEM Track,1,1,,,,,,,,,,,,,,,,,,,,,,,,,,,,,,,,,,,,,,,,,,,,,,,,,,,,,,,,66f4a036d904b188e090b822,5c49d511cdb1b7000103af85,APPROVED,Not Applicable,2024-09-25T23:43:58.812000Z,2024-09-25T23:54:51.826000Z,2024-09-25T23:54:52.864000Z,2024-09-25T23:54:52.774327Z,654.0,C1BTHULB,132,White,Graduate degree (MA/MSc/MPhil/other),60,Female,White,United States,United States,United States,English,No,DATA_EXPIRED
70,75,ovieq0lx,,0,4,18,Section_1,Conclusion,2024-09-25 23:44:10.252328,1,,,0.0,,,,,,,,,,,,,,czcerakw,,,,,0,Experiment_1_Persistence,https://app.prolific.com/submissions/complete?cc=C1BTHULB,0.0,1.0,75,,0.0,66d8a8a4486ac018f50f9091,1,1,75,,0.0,,,,,,,,,,,__________,0.0,0.0,0.0,1,1,75,,0.0,,,,,,,,,,1,1,75,,0.0,,,,,,,,,,,,,,,,,,1,1,75,,0.0,,,,,,,,,,,,,1,1,75,,0.0,0,0,0,0,0,0,0,0,0,,,,,1,1,,,,,,,,,,,,,,,,,,,,,,,,,,,,,,,,,,,,,,,,,,,,,,,,,,,,,,,,66f4a02c49ef0c78fb4ee389,66d8a8a4486ac018f50f9091,APPROVED,Not Applicable,2024-09-25T23:43:55.620000Z,2024-09-26T00:16:28.010000Z,2024-09-26T00:17:13.979000Z,2024-09-26T00:16:28.709231Z,1953.0,C1BTHULB,38,White,Undergraduate degree (BA/BSc/other),23,Female,White,United States,United States,United States,English,No,Part-Time
71,76,i1zo802g,,0,18,18,Section_7,EndSurvey,2024-09-25 23:44:18.558598,1,,,0.0,,,,,,,,,,,,,,czcerakw,,,,,0,Experiment_1_Persistence,https://app.prolific.com/submissions/complete?cc=C1BTHULB,0.0,1.0,76,,0.0,5f0e053325c53a0ae3436e02,1,1,76,,0.0,D,C,C,C,,B,A,B,B,B,DCCC_BABBB,0.3,0.0,0.0,1,1,76,,0.0,noisy,random,negative,Pass,red,5.0,1.0,1.0,Pass Box,1,1,76,,0.0,D,B,A,C,B,D,A,B,C,B,DBACBDABCB,0.9,Non-STEM Track,,0.0,0.0,1.0,1,1,76,,0.0,R,R,R,R,R,C,C,C,C,C,C,RRRRRCCCCCC,1,1,76,,0.0,0,0,1,0,0,0,0,0,0,Math is my weak subject,"Math, science, georgraphy, history, physics Chinese, English, arts.  Industries: Sports & Entertainment, College Food service, Local government Human Resources",Hard & Intense for me as I am weak in math. Using my brain cells.,Non-STEM Track,1,1,,,,,,,,,,,,,,,,,,,,,,,,,,,,,,,,,,,,,,,,,,,,,,,,,,,,,,,,66f4a04924c1c62f8bfcb653,5f0e053325c53a0ae3436e02,APPROVED,Not Applicable,2024-09-25T23:44:15.268000Z,2024-09-26T00:00:21.885000Z,2024-09-26T00:04:42.082000Z,2024-09-26T00:00:30.576104Z,967.0,C1BTHULB,109,South East Asian,Undergraduate degree (BA/BSc/other),57,Female,Asian,Singapore,United States,United States,English,No,Full-Time
72,77,tnedxa8v,,0,18,18,Section_7,EndSurvey,2024-09-25 23:44:22.613263,1,,,0.0,,,,,,,,,,,,,,czcerakw,,,,,0,Experiment_1_Persistence,https://app.prolific.com/submissions/complete?cc=C1BTHULB,0.0,1.0,77,,0.0,66f1144bc26128cdebfa334c,1,1,77,,0.0,C,B,A,A,A,C,B,D,D,B,CBAAACBDDB,0.1,0.0,0.0,1,1,77,,0.0,noisy,random,positive,Fail,red,70.0,3.0,2.0,Fail Box,1,1,77,,0.0,B,A,A,A,A,A,B,C,C,C,BAAAAABCCC,0.2,Non-STEM Track,,0.0,0.0,2.0,1,1,77,,0.0,C,C,R,C,R,R,C,R,C,C,R,CCRCRRCRCCR,1,1,77,,0.0,0,0,0,0,0,0,1,0,0,,,,Non-STEM Track,1,1,,,,,,,,,,,,,,,,,,,,,,,,,,,,,,,,,,,,,,,,,,,,,,,,,,,,,,,,66f4a04b5f8b2a088aa23c63,66f1144bc26128cdebfa334c,APPROVED,Not Applicable,2024-09-25T23:44:17.961000Z,2024-09-25T23:46:39.541000Z,2024-09-26T02:11:14.956000Z,2024-09-25T23:46:40.379936Z,142.0,C1BTHULB,5,Black/African American,No formal qualifications,21,Female,White,United States,United States,United States,English,No,Unemployed (and job seeking)
73,78,nmtzpwcf,,0,18,18,Section_7,EndSurvey,2024-09-25 23:44:28.054329,1,,,0.0,,,,,,,,,,,,,,czcerakw,,,,,0,Experiment_1_Persistence,https://app.prolific.com/submissions/complete?cc=C1BTHULB,0.0,1.0,78,,0.0,5a791168f49c9a0001f31061,1,1,78,,0.0,B,C,A,C,C,B,A,D,B,B,BCACCBADBB,0.2,0.0,0.0,1,1,78,,0.0,noisy,random,ground,Pass,red,0.0,0.0,0.0,Pass Box,1,1,78,,0.0,C,A,C,B,C,B,C,A,C,A,CACBCBCACA,0.4,STEM Track,,1.0,46.3,0.0,1,1,78,,0.0,R,R,R,R,R,R,R,R,R,R,R,RRRRRRRRRRR,1,1,78,,0.0,0,0,1,0,0,0,0,0,0,I wanted to test myself. I failed. LOL,"I studied Political Science and MPA (Public Administration). I have worked in banking, teaching, and transportation.",,STEM Track,1,1,,,,,,,,,,,,,,,,,,,,,,,,,,,,,,,,,,,,,,,,,,,,,,,,,,,,,,,,66f4a03156463299e2c11b0e,5a791168f49c9a0001f31061,APPROVED,Not Applicable,2024-09-25T23:43:52.862000Z,2024-09-26T00:04:00.764000Z,2024-09-26T00:05:06.339000Z,2024-09-26T00:08:05.136345Z,1208.0,C1BTHULB,5375,Black/African American,Graduate degree (MA/MSc/MPhil/other),46,Male,Black,United States,United States,United States,English,No,Full-Time
74,79,x8c4yccy,,0,18,18,Section_7,EndSurvey,2024-09-25 23:44:34.507590,1,,,0.0,,,,,,,,,,,,,,czcerakw,,,,,0,Experiment_1_Persistence,https://app.prolific.com/submissions/complete?cc=C1BTHULB,0.0,1.0,79,,0.0,56f29ff9ed0cf6000691157f,1,1,79,,0.0,D,A,C,C,D,B,A,A,C,A,DACCDBAACA,0.4,0.0,0.0,1,1,79,,0.0,noisy,random,ground,Fail,black,40.0,3.0,5.0,Fail Box,1,1,79,,0.0,D,B,A,C,B,D,A,B,C,D,DBACBDABCD,1.0,Non-STEM Track,,0.0,0.0,5.0,1,1,79,,0.0,R,R,C,C,C,C,C,C,C,C,C,RRCCCCCCCCC,1,1,79,,0.0,0,0,1,0,0,0,0,0,0,"Because I was fairly confident I could get all the questions right, whereas with the STEM track I wasn't confident I could get the 5 right to pass.","Cyber Security, Networking and Virtualization, Cooking, Landscaping",It was okay. Definitely a lot worse in math than I used to be. ,Non-STEM Track,1,1,,,,,,,,,,,,,,,,,,,,,,,,,,,,,,,,,,,,,,,,,,,,,,,,,,,,,,,,66f49ef149a3af8ba97fe30b,56f29ff9ed0cf6000691157f,APPROVED,Not Applicable,2024-09-25T23:44:28.725000Z,2024-09-26T00:00:45.510000Z,2024-09-26T00:03:39.157000Z,2024-09-26T00:00:46.603791Z,977.0,C1BTHULB,992,White,Technical/community college,41,Male,White,United States,United States,United States,English,No,Full-Time
76,81,ao9wf501,,0,18,18,Section_7,EndSurvey,2024-09-25 23:45:21.555761,1,,,0.0,,,,,,,,,,,,,,czcerakw,,,,,0,Experiment_1_Persistence,https://app.prolific.com/submissions/complete?cc=C1BTHULB,0.0,1.0,81,,0.0,5cbe2edd577eb000184124b9,1,1,81,,0.0,C,C,C,C,C,C,C,B,A,C,CCCCCCCBAC,0.1,0.0,0.0,1,1,81,,0.0,noisy,random,negative,Pass,red,10.0,0.0,0.0,Pass Box,1,1,81,,0.0,B,D,B,A,D,D,A,D,B,D,BDBADDADBD,0.4,STEM Track,,0.0,0.0,0.0,1,1,81,,0.0,R,R,R,R,R,C,C,C,C,C,C,RRRRRCCCCCC,1,1,81,,0.0,0,0,1,0,0,0,0,0,0,im horrible at math so i know it got them all wrong ,"english, math, science, world history, earth science, chemistry. customer service, it, food service, census","fine, and no",STEM Track,1,1,,,,,,,,,,,,,,,,,,,,,,,,,,,,,,,,,,,,,,,,,,,,,,,,,,,,,,,,66f49f85b041b3f3667fe2c3,5cbe2edd577eb000184124b9,APPROVED,Not Applicable,2024-09-25T23:45:15.340000Z,2024-09-25T23:52:31.067000Z,2024-09-25T23:52:31.793000Z,2024-09-25T23:52:31.701647Z,436.0,C1BTHULB,1142,Black/African American,Technical/community college,24,Female,Black,United States,United States,United States,English,DATA_EXPIRED,Unemployed (and job seeking)
77,82,d0efcbqu,,0,18,18,Section_7,EndSurvey,2024-09-25 23:45:36.302253,1,,,0.0,,,,,,,,,,,,,,czcerakw,,,,,0,Experiment_1_Persistence,https://app.prolific.com/submissions/complete?cc=C1BTHULB,0.0,1.0,82,,0.0,6632d54e8e0d4661a148acf9,1,1,82,,0.0,D,A,B,D,B,C,C,C,B,A,DABDBCCCBA,0.3,0.0,0.0,1,1,82,,0.0,noisy,random,positive,Pass,red,2.0,1.0,1.0,Fail Box,1,1,82,,0.0,D,B,A,C,B,D,A,B,C,D,DBACBDABCD,1.0,Non-STEM Track,,0.0,0.0,1.0,1,1,82,,0.0,R,R,R,C,C,C,C,C,C,C,C,RRRCCCCCCCC,1,1,82,,0.0,0,0,1,0,0,0,0,0,0,"Math is not my jam, I can read all day",My degree is in marketing. Currently I'm an English teacher.,I had a great time once I was done with the math problems.,Non-STEM Track,1,1,,,,,,,,,,,,,,,,,,,,,,,,,,,,,,,,,,,,,,,,,,,,,,,,,,,,,,,,66f4a0949821645519edd4b1,6632d54e8e0d4661a148acf9,APPROVED,Not Applicable,2024-09-25T23:45:32.206000Z,2024-09-25T23:53:11.017000Z,2024-09-25T23:53:12.731000Z,2024-09-25T23:53:11.679437Z,459.0,C1BTHULB,574,White,Undergraduate degree (BA/BSc/other),45,Male,White,United States,United States,United States,English,No,Full-Time
78,83,u3fyunwb,,0,18,18,Section_7,EndSurvey,2024-09-25 23:45:51.962405,1,,,0.0,,,,,,,,,,,,,,czcerakw,,,,,0,Experiment_1_Persistence,https://app.prolific.com/submissions/complete?cc=C1BTHULB,0.0,1.0,83,,0.0,66a218f455df3fda0c1230c1,1,1,83,,0.0,,A,,A,B,B,D,C,,A,_A_ABBDC_A,0.5,1.0,2.032,1,1,83,,0.0,noisy,random,ground,Pass,red,40.0,7.0,5.0,Pass Box,1,1,83,,0.0,B,,C,A,A,D,C,A,B,C,B_CAADCABC,0.9,STEM Track,,0.0,0.0,5.0,1,1,83,,0.0,R,R,R,R,R,R,R,C,C,C,C,RRRRRRRCCCC,1,1,83,,0.0,0,1,0,0,0,0,0,0,0,I enjoy solving math problems.,English,This process was very smooth.,STEM Track,1,1,,,,,,,,,,,,,,,,,,,,,,,,,,,,,,,,,,,,,,,,,,,,,,,,,,,,,,,,66f4a0a17b738e78e818dd75,66a218f455df3fda0c1230c1,APPROVED,Not Applicable,2024-09-25T23:45:43.435000Z,2024-09-26T00:08:04.906000Z,2024-09-26T00:08:11.498000Z,2024-09-26T00:10:31.566325Z,1342.0,C1BTHULB,219,South East Asian,High school diploma/A-levels,21,Female,Asian,United States,United States,United States,English,No,Part-Time
79,84,v7jlc5rd,,0,18,18,Section_7,EndSurvey,2024-09-25 23:46:10.573761,1,,,0.0,,,,,,,,,,,,,,czcerakw,,,,,0,Experiment_1_Persistence,https://app.prolific.com/submissions/complete?cc=C1BTHULB,0.0,1.0,84,,0.0,662ae95388403e308b37514d,1,1,84,,0.0,B,B,C,B,A,B,B,C,C,B,BBCBABBCCB,0.6,0.0,0.0,1,1,84,,0.0,noisy,random,ground,Pass,red,50.0,3.0,5.0,Pass Box,1,1,84,,0.0,D,B,A,C,B,D,A,B,C,D,DBACBDABCD,1.0,Non-STEM Track,,0.0,0.0,5.0,1,1,84,,0.0,R,R,R,R,R,R,R,R,R,R,C,RRRRRRRRRRC,1,1,84,,0.0,0,0,1,0,0,0,0,0,0,Because I am bad at math,law enforcement and psychology,the math was too hard,Non-STEM Track,1,1,,,,,,,,,,,,,,,,,,,,,,,,,,,,,,,,,,,,,,,,,,,,,,,,,,,,,,,,66f4a0b410f4b74bed42e4fe,662ae95388403e308b37514d,APPROVED,Not Applicable,2024-09-25T23:46:04.260000Z,2024-09-25T23:54:40.484000Z,2024-09-25T23:54:46.579000Z,2024-09-25T23:54:41.378150Z,517.0,C1BTHULB,313,White,Undergraduate degree (BA/BSc/other),48,Female,White,United States,United States,United States,English,No,Full-Time
81,86,4xo5ed68,,0,18,18,Section_7,EndSurvey,2024-09-25 23:47:29.314000,1,,,0.0,,,,,,,,,,,,,,czcerakw,,,,,0,Experiment_1_Persistence,https://app.prolific.com/submissions/complete?cc=C1BTHULB,0.0,1.0,86,,0.0,55d0d4b334e9060005e57470,1,1,86,,0.0,D,A,A,D,B,A,B,B,A,A,DAADBABBAA,0.2,0.0,0.0,1,1,86,,0.0,noisy,random,ground,Fail,black,20.0,2.0,4.0,Fail Box,1,1,86,,0.0,D,B,A,C,B,D,A,B,C,D,DBACBDABCD,1.0,Non-STEM Track,,0.0,0.0,4.0,1,1,86,,0.0,R,R,R,R,C,C,C,C,C,C,C,RRRRCCCCCCC,1,1,86,,0.0,0,0,1,0,0,0,0,0,0,"I am not good with math questions, and was feeling frustrated after that quiz.","My major is in Graphic Design, so most of my classes in school were art or design related. I've also taken a fair number of history and philosophy classes.","It was interesting. The math test was extremely frustrating, but I assume that's the point. ",Non-STEM Track,1,1,,,,,,,,,,,,,,,,,,,,,,,,,,,,,,,,,,,,,,,,,,,,,,,,,,,,,,,,66f4a0fb9821645519edd4bf,55d0d4b334e9060005e57470,APPROVED,Not Applicable,2024-09-25T23:47:23.509000Z,2024-09-25T23:58:06.758000Z,2024-09-25T23:58:09.724000Z,2024-09-25T23:58:07.457320Z,644.0,C1BTHULB,2637,White,Undergraduate degree (BA/BSc/other),38,Female,White,United States,United States,United States,English,No,Full-Time
82,87,ceerbi0h,,0,18,18,Section_7,EndSurvey,2024-09-25 23:48:03.210341,1,,,0.0,,,,,,,,,,,,,,czcerakw,,,,,0,Experiment_1_Persistence,https://app.prolific.com/submissions/complete?cc=C1BTHULB,0.0,1.0,87,,0.0,66b40d38e496f3b60c9e8139,1,1,87,,0.0,D,C,D,D,A,,,,,,DCDDA_____,0.0,0.0,0.0,1,1,87,,0.0,noisy,random,positive,Fail,red,15.0,2.0,3.0,Not Sure,1,1,87,,0.0,D,B,A,C,B,D,A,B,C,D,DBACBDABCD,1.0,Non-STEM Track,,0.0,0.0,3.0,1,1,87,,0.0,R,R,R,C,C,C,C,C,C,C,C,RRRCCCCCCCC,1,1,87,,0.0,0,0,1,0,0,0,0,0,0,Math is my weakest skill. Writing is my trade.,"Journalism, marketing, content creation",That math test was soooo hard! ,Non-STEM Track,1,1,,,,,,,,,,,,,,,,,,,,,,,,,,,,,,,,,,,,,,,,,,,,,,,,,,,,,,,,66f4a12494fc875af869c6e7,66b40d38e496f3b60c9e8139,APPROVED,Not Applicable,2024-09-25T23:47:57.445000Z,2024-09-26T00:02:58.027000Z,2024-09-26T00:03:56.217000Z,2024-09-26T00:03:23.589911Z,901.0,C1BTHULB,81,White,Technical/community college,50,Female,White,United States,United States,United States,English,No,Unemployed (and job seeking)
83,88,ah5d6g8h,,0,18,18,Section_7,EndSurvey,2024-09-25 23:48:07.642211,1,,,0.0,,,,,,,,,,,,,,czcerakw,,,,,0,Experiment_1_Persistence,https://app.prolific.com/submissions/complete?cc=C1BTHULB,0.0,1.0,88,,0.0,558ed072fdf99b3a6486371d,1,1,88,,0.0,D,A,D,C,B,B,C,A,C,B,DADCBBCACB,0.5,0.0,0.0,1,1,88,,0.0,noisy,random,negative,Pass,red,5.0,2.0,1.0,Pass Box,1,1,88,,0.0,D,B,A,C,B,D,A,B,C,D,DBACBDABCD,1.0,Non-STEM Track,,0.0,0.0,1.0,1,1,88,,0.0,R,R,R,R,R,C,C,C,C,C,C,RRRRRCCCCCC,1,1,88,,0.0,0,0,1,0,0,0,0,0,0,I was exhausted trying to remember math I haven't done in 35 years!,"I started college as an engineering major, but switched to English and stayed there through a PhD. I've worked in higher education for 34 years",It was fine,Non-STEM Track,1,1,,,,,,,,,,,,,,,,,,,,,,,,,,,,,,,,,,,,,,,,,,,,,,,,,,,,,,,,66f4a12eb48ed79252a894fb,558ed072fdf99b3a6486371d,APPROVED,Not Applicable,2024-09-25T23:48:03.468000Z,2024-09-25T23:57:16.244000Z,2024-09-25T23:57:18.984000Z,2024-09-25T23:57:16.905795Z,553.0,C1BTHULB,2619,White,Doctorate degree (PhD/other),57,Female,White,United States,United States,United States,English,No,Full-Time
84,89,dw26k3od,,0,18,18,Section_7,EndSurvey,2024-09-25 23:48:24.194123,1,,,0.0,,,,,,,,,,,,,,czcerakw,,,,,0,Experiment_1_Persistence,https://app.prolific.com/submissions/complete?cc=C1BTHULB,0.0,1.0,89,,0.0,66b7f6c214435f12cd1aae02,1,1,89,,0.0,B,D,C,D,A,A,B,D,,,BDCDAABD__,0.1,0.0,0.0,1,1,89,,0.0,noisy,random,positive,Fail,red,2.0,2.0,5.0,Pass Box,1,1,89,,0.0,A,C,A,C,C,C,C,C,B,C,ACACCCCCBC,0.3,STEM Track,,0.0,0.0,5.0,1,1,89,,0.0,R,R,R,R,R,C,C,C,C,C,C,RRRRRCCCCCC,1,1,89,,0.0,0,0,1,0,0,0,0,0,0,to try to learn more about it,"english, math and public speaking",Interesting how much I did not know or remember,STEM Track,1,1,,,,,,,,,,,,,,,,,,,,,,,,,,,,,,,,,,,,,,,,,,,,,,,,,,,,,,,,66f4a11f99cdc8dae7a74e25,66b7f6c214435f12cd1aae02,APPROVED,Not Applicable,2024-09-25T23:48:16.271000Z,2024-09-26T00:14:29.022000Z,2024-09-26T00:15:00.991000Z,2024-09-26T00:14:30.129148Z,1573.0,C1BTHULB,96,Black/African American,High school diploma/A-levels,71,Female,Black,United States,United States,United States,English,No,"Not in paid work (e.g. homemaker', 'retired or disabled)"
85,90,nu5bc8ap,,0,18,18,Section_7,EndSurvey,2024-09-25 23:48:35.793483,1,,,0.0,,,,,,,,,,,,,,czcerakw,,,,,0,Experiment_1_Persistence,https://app.prolific.com/submissions/complete?cc=C1BTHULB,0.0,1.0,90,,0.0,5f5f457ae16a900375572c32,1,1,90,,0.0,D,A,A,A,D,B,A,B,B,B,DAAADBABBB,0.3,0.0,0.0,1,1,90,,0.0,noisy,random,negative,Pass,red,60.0,4.0,3.0,Pass Box,1,1,90,,0.0,C,C,C,C,D,D,C,A,D,B,CCCCDDCADB,0.4,STEM Track,,0.0,0.0,3.0,1,1,90,,0.0,R,R,R,R,R,C,C,C,C,C,C,RRRRRCCCCCC,1,1,90,,0.0,0,0,1,0,0,0,0,0,0,Its easier for me,the normal stuff. Advanced math and science ,It was fun!,STEM Track,1,1,,,,,,,,,,,,,,,,,,,,,,,,,,,,,,,,,,,,,,,,,,,,,,,,,,,,,,,,66f4a07dd21342cb364fd65e,5f5f457ae16a900375572c32,APPROVED,Not Applicable,2024-09-25T23:48:32.560000Z,2024-09-26T00:02:56.474000Z,2024-09-26T00:03:59.377000Z,2024-09-26T00:03:20.764596Z,864.0,C1BTHULB,779,White,High school diploma/A-levels,35,Male,White,United States,United States,United States,English,No,Full-Time
90,95,fqgwkrmp,,0,18,18,Section_7,EndSurvey,2024-09-25 23:49:32.491271,1,,,0.0,,,,,,,,,,,,,,czcerakw,,,,,0,Experiment_1_Persistence,https://app.prolific.com/submissions/complete?cc=C1BTHULB,0.0,1.0,95,,0.0,662969c1ca8cb33f8644876a,1,1,95,,0.0,D,A,D,B,D,,,,,,DADBD_____,0.2,0.0,0.0,1,1,95,,0.0,noisy,random,ground,Fail,black,25.0,1.0,5.0,Fail Box,1,1,95,,0.0,D,B,A,C,B,D,A,B,C,D,DBACBDABCD,1.0,Non-STEM Track,,0.0,0.0,5.0,1,1,95,,0.0,R,R,R,R,R,R,C,C,C,C,C,RRRRRRCCCCC,1,1,95,,0.0,0,0,1,0,0,0,0,0,0,I didn't think I would have enough time to finish all of the questions.,"Main subjects are Accounting and Business. I have worked in Water Utility, Family Office, Fast Casual Restaurant, HVAC and Cable, Oil and Gas",My experience was that I didn't finish the Stem Track questions and maybe more time should have been given.,Non-STEM Track,1,1,,,,,,,,,,,,,,,,,,,,,,,,,,,,,,,,,,,,,,,,,,,,,,,,,,,,,,,,66f4a180cd7e2efbf66c00af,662969c1ca8cb33f8644876a,APPROVED,Not Applicable,2024-09-25T23:49:28.442000Z,2024-09-26T00:06:20.835000Z,2024-09-26T00:06:21.988000Z,2024-09-26T00:09:59.000818Z,1013.0,C1BTHULB,193,Black/African American,Graduate degree (MA/MSc/MPhil/other),50,Female,Black,United States,United States,United States,English,No,Full-Time
91,96,1fjg22df,,0,18,18,Section_7,EndSurvey,2024-09-25 23:49:40.018097,1,,,0.0,,,,,,,,,,,,,,czcerakw,,,,,0,Experiment_1_Persistence,https://app.prolific.com/submissions/complete?cc=C1BTHULB,0.0,1.0,96,,0.0,5dd321de568ca5331021fb2b,1,1,96,,0.0,C,B,C,C,C,B,C,A,C,C,CBCCCBCACC,0.3,0.0,0.0,1,1,96,,0.0,noisy,random,negative,Pass,red,50.0,2.0,2.0,Fail Box,1,1,96,,0.0,C,C,C,C,C,C,D,C,C,C,CCCCCCDCCC,0.2,STEM Track,,0.0,0.0,2.0,1,1,96,,0.0,R,R,R,C,C,C,C,C,C,C,C,RRRCCCCCCCC,1,1,96,,0.0,0,0,1,0,0,0,0,0,0,"Because I am bad at math anyway, so I figured that I would not stand as good of chance at getting more than a couple correct.",Culinary arts and I have worked customer service.,"It was fun, I hope I get a bonus.",STEM Track,1,1,,,,,,,,,,,,,,,,,,,,,,,,,,,,,,,,,,,,,,,,,,,,,,,,,,,,,,,,66f4a18a701f533579cd97c3,5dd321de568ca5331021fb2b,APPROVED,Not Applicable,2024-09-25T23:49:35.364000Z,2024-09-25T23:57:39.914000Z,2024-09-25T23:57:40.890000Z,2024-09-25T23:57:40.800126Z,485.0,C1BTHULB,3490,White,Technical/community college,52,Male,White,United States,United States,United States,English,No,Full-Time
92,97,v03aiy25,,0,18,18,Section_7,EndSurvey,2024-09-25 23:49:41.626816,1,,,0.0,,,,,,,,,,,,,,czcerakw,,,,,0,Experiment_1_Persistence,https://app.prolific.com/submissions/complete?cc=C1BTHULB,0.0,1.0,97,,0.0,5cd068a83b44a700164e9933,1,1,97,,0.0,D,A,A,B,B,B,D,C,C,B,DAABBBDCCB,0.8,0.0,0.0,1,1,97,,0.0,noisy,random,positive,Pass,black,60.0,5.0,3.0,Pass Box,1,1,97,,0.0,B,D,C,A,A,D,C,A,B,C,BDCAADCABC,0.9,STEM Track,,1.0,14.602,3.0,1,1,97,,0.0,R,R,R,R,R,C,C,C,C,C,C,RRRRRCCCCCC,1,1,97,,0.0,0,0,1,0,0,0,0,0,0,I used to be an Algebra teacher.,Science and Math; I was in Education and then Business/Healthcare Administration.,I had a hard time because I'm tired but I appreciated the less difficult problems and the chance to get a good bonus.,STEM Track,1,1,,,,,,,,,,,,,,,,,,,,,,,,,,,,,,,,,,,,,,,,,,,,,,,,,,,,,,,,66f4a0bed904b188e090b83a,5cd068a83b44a700164e9933,APPROVED,Not Applicable,2024-09-25T23:49:39.058000Z,2024-09-26T00:09:38.989000Z,2024-09-26T00:09:52.954000Z,2024-09-26T00:10:32.836155Z,1200.0,C1BTHULB,1699,White,Graduate degree (MA/MSc/MPhil/other),43,Female,White,United States,United States,United States,English,No,Full-Time
93,99,pa3sd8ah,,0,18,18,Section_7,EndSurvey,2024-09-25 23:50:07.294974,1,,,0.0,,,,,,,,,,,,,,czcerakw,,,,,0,Experiment_1_Persistence,https://app.prolific.com/submissions/complete?cc=C1BTHULB,0.0,1.0,99,,0.0,63403b47287756c1978d2985,1,1,99,,0.0,C,C,B,A,D,D,C,A,D,C,CCBADDCADC,0.0,1.0,1727308686.195,1,1,99,,0.0,noisy,random,positive,Fail,red,70.0,9.0,8.0,Pass Box,1,1,99,,0.0,C,D,A,B,C,D,A,D,D,A,CDABCDADDA,0.1,STEM Track,,2.0,7.5,8.0,1,1,99,,0.0,R,C,C,C,R,R,R,R,C,R,R,RCCCRRRRCRR,1,1,99,,0.0,0,0,0,0,0,0,0,0,1,That was the right answer,Education,awesome,STEM Track,1,1,,,,,,,,,,,,,,,,,,,,,,,,,,,,,,,,,,,,,,,,,,,,,,,,,,,,,,,,66f4a19ed904b188e090b857,63403b47287756c1978d2985,APPROVED,Not Applicable,2024-09-25T23:49:58.532000Z,2024-09-26T00:04:17.007000Z,2024-09-26T00:05:15.820000Z,2024-09-26T00:08:34.665693Z,859.0,C1BTHULB,2548,White,Undergraduate degree (BA/BSc/other),28,Male,White,United States,United States,United States,English,Yes,Full-Time
94,100,udcanwbs,,0,18,18,Section_7,EndSurvey,2024-09-25 23:50:08.907890,1,,,0.0,,,,,,,,,,,,,,czcerakw,,,,,0,Experiment_1_Persistence,https://app.prolific.com/submissions/complete?cc=C1BTHULB,0.0,1.0,100,,0.0,65b965069a415587a755a7de,1,1,100,,0.0,C,B,A,B,C,D,A,C,B,C,CBABCDACBC,0.2,0.0,0.0,1,1,100,,0.0,noisy,random,positive,Fail,red,30.0,3.0,3.0,Not Sure,1,1,100,,0.0,C,A,D,B,C,D,C,D,B,,CADBCDCDB_,0.4,STEM Track,,0.0,0.0,3.0,1,1,100,,0.0,R,R,R,R,R,R,C,C,C,C,C,RRRRRRCCCCC,1,1,100,,0.0,0,0,1,0,0,0,0,0,0,I enjoyed trying to answer complicated math equations.,"Visual art, computer science",I found this study both quite interesting and challenging.,STEM Track,1,1,,,,,,,,,,,,,,,,,,,,,,,,,,,,,,,,,,,,,,,,,,,,,,,,,,,,,,,,66f4a1aac84651267f13da2e,65b965069a415587a755a7de,APPROVED,Not Applicable,2024-09-25T23:50:06.769000Z,2024-09-26T00:13:20.160000Z,2024-09-26T00:13:24.378000Z,2024-09-26T00:13:21.606904Z,1394.0,C1BTHULB,638,East Asian,Technical/community college,35,Male,Asian,United States,United States,United States,English,DATA_EXPIRED,Full-Time
95,101,5dt0gcxh,,0,18,18,Section_7,EndSurvey,2024-09-25 23:50:09.091592,1,,,0.0,,,,,,,,,,,,,,czcerakw,,,,,0,Experiment_1_Persistence,https://app.prolific.com/submissions/complete?cc=C1BTHULB,0.0,1.0,101,,0.0,632d189d6b8f03d0d3db4c48,1,1,101,,0.0,D,A,A,B,A,B,A,C,A,B,DAABABACAB,0.5,0.0,0.0,1,1,101,,0.0,noisy,random,positive,Pass,black,100.0,5.0,4.0,Pass Box,1,1,101,,0.0,D,B,A,C,B,D,A,B,C,D,DBACBDABCD,1.0,Non-STEM Track,,0.0,0.0,4.0,1,1,101,,0.0,R,R,R,R,C,C,C,C,C,C,C,RRRRCCCCCCC,1,1,101,,0.0,0,1,1,0,1,0,0,1,0,I was in a rush,"Studied chemistry, then environmental sciences, and finally business. I worked in a logistics place ",good ,Non-STEM Track,1,1,,,,,,,,,,,,,,,,,,,,,,,,,,,,,,,,,,,,,,,,,,,,,,,,,,,,,,,,66f4a1a9a6fc67c64b0ff038,632d189d6b8f03d0d3db4c48,APPROVED,Not Applicable,2024-09-25T23:50:06.624000Z,2024-09-26T00:01:15.339000Z,2024-09-26T00:03:40.742000Z,2024-09-26T00:01:16.288249Z,669.0,C1BTHULB,36,White,High school diploma/A-levels,33,Male,White,United States,United States,United States,English,Yes,Unemployed (and job seeking)
96,102,bsv0tprw,,0,18,18,Section_7,EndSurvey,2024-09-25 23:50:09.860683,1,,,0.0,,,,,,,,,,,,,,czcerakw,,,,,0,Experiment_1_Persistence,https://app.prolific.com/submissions/complete?cc=C1BTHULB,0.0,1.0,102,,0.0,66d1dda5c2bc8b135dcbc557,1,1,102,,0.0,D,A,A,,,,,,,,DAA_______,0.1,0.0,0.0,1,1,102,,0.0,noisy,random,ground,Pass,red,50.0,2.0,1.0,Fail Box,1,1,102,,0.0,D,B,A,C,B,D,A,B,C,D,DBACBDABCD,1.0,Non-STEM Track,,0.0,0.0,1.0,1,1,102,,0.0,R,R,R,R,R,C,C,C,C,C,C,RRRRRCCCCCC,1,1,102,,0.0,0,0,1,0,0,0,0,0,0,STEM are not my strongest subjects,"Science, but more biology and Chemistry and also English and Literature",I hadn't done complex math problems in a while so that was pretty stressful especially since it was timed,Non-STEM Track,1,1,,,,,,,,,,,,,,,,,,,,,,,,,,,,,,,,,,,,,,,,,,,,,,,,,,,,,,,,66f4a1a701e4d29e18bcb2e5,66d1dda5c2bc8b135dcbc557,APPROVED,Not Applicable,2024-09-25T23:50:06.040000Z,2024-09-26T00:07:24.819000Z,2024-09-26T00:07:26.027000Z,2024-09-26T00:10:23.294834Z,1039.0,C1BTHULB,95,Black/African American,Graduate degree (MA/MSc/MPhil/other),46,Female,Black,United States,United States,United States,English,No,Full-Time
97,103,def9km5w,,0,18,18,Section_7,EndSurvey,2024-09-25 23:50:21.811761,1,,,0.0,,,,,,,,,,,,,,czcerakw,,,,,0,Experiment_1_Persistence,https://app.prolific.com/submissions/complete?cc=C1BTHULB,0.0,1.0,103,,0.0,61095d528d0b97a520a20bd7,1,1,103,,0.0,B,C,A,D,B,B,C,A,D,C,BCADBBCADC,0.2,0.0,0.0,1,1,103,,0.0,noisy,random,ground,Fail,black,40.0,2.0,4.0,Fail Box,1,1,103,,0.0,B,C,A,D,C,B,A,C,D,B,BCADCBACDB,0.1,STEM Track,,0.0,0.0,4.0,1,1,103,,0.0,R,R,C,C,C,C,C,C,C,C,C,RRCCCCCCCCC,1,1,103,,0.0,0,0,1,0,0,0,0,0,0,I thought it would be interesting,Computers,No feedback,STEM Track,1,1,,,,,,,,,,,,,,,,,,,,,,,,,,,,,,,,,,,,,,,,,,,,,,,,,,,,,,,,66f4a1b5fe897fa04b5f9966,61095d528d0b97a520a20bd7,APPROVED,Not Applicable,2024-09-25T23:50:17.536000Z,2024-09-25T23:55:36.140000Z,2024-09-25T23:55:37.875000Z,2024-09-25T23:55:36.890875Z,319.0,C1BTHULB,757,White,Technical/community college,40,Female,White,United States,United States,United States,English,Yes,Unemployed (and job seeking)
98,104,oii6uyy0,,0,18,18,Section_7,EndSurvey,2024-09-25 23:50:35.976731,1,,,0.0,,,,,,,,,,,,,,czcerakw,,,,,0,Experiment_1_Persistence,https://app.prolific.com/submissions/complete?cc=C1BTHULB,0.0,1.0,104,,0.0,66e8ba86b35cd54fc4fdd970,1,1,104,,0.0,C,D,D,C,D,C,B,C,B,C,CDDCDCBCBC,0.1,0.0,0.0,1,1,104,,0.0,noisy,random,positive,Fail,red,96.0,8.0,10.0,Pass Box,1,1,104,,0.0,D,B,A,C,B,A,A,B,C,D,DBACBAABCD,0.9,Non-STEM Track,,0.0,0.0,10.0,1,1,104,,0.0,R,R,R,R,R,R,R,R,R,R,C,RRRRRRRRRRC,1,1,104,,0.0,0,0,1,0,0,0,0,0,0,im not too good in math so i didnt chance more questions that were math just to fail ,none an ive cleaned homes an wrked in customer service,math was difficult the rest was cool,Non-STEM Track,1,1,,,,,,,,,,,,,,,,,,,,,,,,,,,,,,,,,,,,,,,,,,,,,,,,,,,,,,,,66f4a1aac84651267f13da2f,66e8ba86b35cd54fc4fdd970,APPROVED,Not Applicable,2024-09-25T23:50:23.058000Z,2024-09-26T00:17:33.304000Z,2024-09-26T00:17:54.552000Z,2024-09-26T00:17:34.081486Z,1631.0,C1BTHULB,15,White,Secondary education (e.g. GED/GCSE),47,Female,White,United States,United States,United States,English,No,"Not in paid work (e.g. homemaker', 'retired or disabled)"
100,106,4c6lxbw8,,0,18,18,Section_7,EndSurvey,2024-09-25 23:50:46.416884,1,,,0.0,,,,,,,,,,,,,,czcerakw,,,,,0,Experiment_1_Persistence,https://app.prolific.com/submissions/complete?cc=C1BTHULB,0.0,1.0,106,,0.0,5ded95de4ee10e4632cab59b,1,1,106,,0.0,D,A,A,D,B,B,D,C,B,B,DAADBBDCBB,0.6,0.0,0.0,1,1,106,,0.0,noisy,random,negative,Pass,red,70.0,7.0,6.0,Pass Box,1,1,106,,0.0,D,B,A,C,B,D,A,B,C,D,DBACBDABCD,1.0,Non-STEM Track,,0.0,0.0,6.0,1,1,106,,0.0,R,R,R,R,R,R,R,R,R,C,C,RRRRRRRRRCC,1,1,106,,0.0,0,0,1,0,0,0,0,0,0,I am more comfortable outside of stem fields,"My main subjects were science and math, and i am a current electrical engineering major.",I enjoyed my experience throughout this process,Non-STEM Track,1,1,,,,,,,,,,,,,,,,,,,,,,,,,,,,,,,,,,,,,,,,,,,,,,,,,,,,,,,,66f4a1c7d891b9415018caa0,5ded95de4ee10e4632cab59b,APPROVED,Not Applicable,2024-09-25T23:50:42.616000Z,2024-09-25T23:58:17.968000Z,2024-09-25T23:58:19.872000Z,2024-09-25T23:58:19.777767Z,456.0,C1BTHULB,185,White,High school diploma/A-levels,21,Male,White,United States,United States,United States,English,Yes,"Not in paid work (e.g. homemaker', 'retired or disabled)"
102,108,w07mr737,,0,18,18,Section_7,EndSurvey,2024-09-25 23:51:11.514105,1,,,0.0,,,,,,,,,,,,,,czcerakw,,,,,0,Experiment_1_Persistence,https://app.prolific.com/submissions/complete?cc=C1BTHULB,0.0,1.0,108,,0.0,66afdcb7092c20701c8758b4,1,1,108,,0.0,D,C,C,C,C,B,D,D,B,D,DCCCCBDDBD,0.3,4.0,150.116,1,1,108,,0.0,noisy,random,negative,Fail,black,50.0,10.0,10.0,Pass Box,1,1,108,,0.0,D,B,A,D,D,A,C,A,B,D,DBADDACABD,0.3,STEM Track,,3.0,67.984,10.0,1,1,108,,0.0,R,C,R,C,C,R,C,R,R,R,C,RCRCCRCRRRC,1,1,108,,0.0,1,0,0,1,0,0,0,0,0,They are fine with me,mathematics,great,STEM Track,1,1,,,,,,,,,,,,,,,,,,,,,,,,,,,,,,,,,,,,,,,,,,,,,,,,,,,,,,,,66f4a1ab75bfea36e24ed1c5,66afdcb7092c20701c8758b4,APPROVED,Not Applicable,2024-09-25T23:50:10.873000Z,2024-09-26T00:02:13.595000Z,2024-09-26T00:03:50.105000Z,2024-09-26T00:02:21.720539Z,723.0,C1BTHULB,79,Latino/Hispanic,Technical/community college,35,Female,Other,United States,United States,United States,English,Yes,Full-Time
103,109,abg2pmu8,,0,18,18,Section_7,EndSurvey,2024-09-25 23:51:16.217413,1,,,0.0,,,,,,,,,,,,,,czcerakw,,,,,0,Experiment_1_Persistence,https://app.prolific.com/submissions/complete?cc=C1BTHULB,0.0,1.0,109,,0.0,666da27d5601023b85c42cee,1,1,109,,0.0,D,D,D,A,B,A,A,D,A,C,DDDABAADAC,0.1,0.0,1727309003.991,1,1,109,,0.0,noisy,random,negative,Fail,black,50.0,9.0,10.0,Pass Box,1,1,109,,0.0,A,C,D,B,B,C,B,B,C,A,ACDBBCBBCA,0.0,STEM Track,,1.0,1727309141.74,10.0,1,1,109,,0.0,R,R,R,C,R,C,C,R,C,C,R,RRRCRCCRCCR,1,1,109,,0.0,0,0,0,0,0,0,0,0,1,Suitable for this,education,calm,STEM Track,1,1,,,,,,,,,,,,,,,,,,,,,,,,,,,,,,,,,,,,,,,,,,,,,,,,,,,,,,,,66f4a1e43643964c617d2925,666da27d5601023b85c42cee,APPROVED,Not Applicable,2024-09-25T23:51:08.921000Z,2024-09-26T00:08:08.972000Z,2024-09-26T00:08:10.199000Z,2024-09-26T00:10:26.229632Z,1021.0,C1BTHULB,139,Black/African American,Technical/community college,29,Female,Black,Ghana,United States,United States,English,Yes,Full-Time
105,111,yfikyt3l,,0,18,18,Section_7,EndSurvey,2024-09-25 23:51:49.762453,1,,,0.0,,,,,,,,,,,,,,czcerakw,,,,,0,Experiment_1_Persistence,https://app.prolific.com/submissions/complete?cc=C1BTHULB,0.0,1.0,111,,0.0,65ea01869d4ee8777df1c12d,1,1,111,,0.0,B,D,A,B,B,B,B,C,C,C,BDABBBBCCC,0.5,0.0,0.0,1,1,111,,0.0,noisy,random,negative,Pass,red,45.0,4.0,3.0,Fail Box,1,1,111,,0.0,D,B,A,C,B,D,A,B,C,D,DBACBDABCD,1.0,Non-STEM Track,,0.0,0.0,3.0,1,1,111,,0.0,R,R,R,R,R,C,C,C,C,C,C,RRRRRCCCCCC,1,1,111,,0.0,0,0,1,0,0,0,0,0,0,Clearly I answered those more accurately and probably failed the first section,General education and real estate,If I knew STEM was involved I probably would have not participated,Non-STEM Track,1,1,,,,,,,,,,,,,,,,,,,,,,,,,,,,,,,,,,,,,,,,,,,,,,,,,,,,,,,,66f4a20a24c1c62f8bfcb696,65ea01869d4ee8777df1c12d,APPROVED,Not Applicable,2024-09-25T23:51:45.959000Z,2024-09-25T23:59:04.810000Z,2024-09-25T23:59:05.902000Z,2024-09-25T23:59:05.799994Z,439.0,C1BTHULB,512,White,Technical/community college,59,Female,White,United States,United States,United States,English,DATA_EXPIRED,Full-Time
106,112,0sgw798p,,0,18,18,Section_7,EndSurvey,2024-09-25 23:51:55.302127,1,,,0.0,,,,,,,,,,,,,,czcerakw,,,,,0,Experiment_1_Persistence,https://app.prolific.com/submissions/complete?cc=C1BTHULB,0.0,1.0,112,,0.0,5dccb82a76eab294aa4837ff,1,1,112,,0.0,D,C,B,B,A,A,A,A,A,A,DCBBAAAAAA,0.1,0.0,0.0,1,1,112,,0.0,noisy,random,positive,Fail,red,10.0,4.0,3.0,Not Sure,1,1,112,,0.0,D,B,A,C,B,D,A,B,C,D,DBACBDABCD,1.0,Non-STEM Track,,0.0,0.0,3.0,1,1,112,,0.0,R,R,R,C,C,C,C,C,C,C,C,RRRCCCCCCCC,1,1,112,,0.0,0,0,1,0,0,0,0,0,0, The math questions were really hard for me. It's been years since I've had to solve any sort of complex equations. ," Computer science, worked in IT and web development.", I was anxious and frustrated during the math test.,Non-STEM Track,1,1,,,,,,,,,,,,,,,,,,,,,,,,,,,,,,,,,,,,,,,,,,,,,,,,,,,,,,,,66f4a210f820875c45d21d77,5dccb82a76eab294aa4837ff,APPROVED,Not Applicable,2024-09-25T23:51:50.414000Z,2024-09-26T00:00:29.178000Z,2024-09-26T00:04:43.589000Z,2024-09-26T00:00:33.412983Z,519.0,C1BTHULB,2284,White,High school diploma/A-levels,53,Male,White,United States,United States,United States,English,No,"Not in paid work (e.g. homemaker', 'retired or disabled)"
107,113,gy76zakr,,0,18,18,Section_7,EndSurvey,2024-09-25 23:52:27.380060,1,,,0.0,,,,,,,,,,,,,,czcerakw,,,,,0,Experiment_1_Persistence,https://app.prolific.com/submissions/complete?cc=C1BTHULB,0.0,1.0,113,,0.0,651b43625c3bc6e2217a7e24,1,1,113,,0.0,D,A,A,D,A,A,D,B,B,D,DAADAADBBD,0.2,1.0,1.661,1,1,113,,0.0,noisy,random,ground,Fail,black,50.0,5.0,5.0,Fail Box,1,1,113,,0.0,D,A,A,C,B,D,A,B,C,B,DAACBDABCB,0.8,Non-STEM Track,,0.0,0.0,5.0,1,1,113,,0.0,R,R,R,R,R,R,C,C,C,C,C,RRRRRRCCCCC,1,1,113,,0.0,0,0,1,0,0,0,0,0,0,I am stronger at the non-stem than stem and didnt want to risk failing,History and Humanities. Industries I worked in was non profit and healthcare,The first section with stem made me feel a bit dumb but the non stem made me remember im capable,Non-STEM Track,1,1,,,,,,,,,,,,,,,,,,,,,,,,,,,,,,,,,,,,,,,,,,,,,,,,,,,,,,,,66f4a2302383bdd422eced3a,651b43625c3bc6e2217a7e24,APPROVED,Not Applicable,2024-09-25T23:52:22.138000Z,2024-09-26T00:02:26.574000Z,2024-09-26T00:03:51.197000Z,2024-09-26T00:02:31.089646Z,605.0,C1BTHULB,379,Mixed,Undergraduate degree (BA/BSc/other),29,Female,Mixed,United States,United States,United States,English,Yes,Unemployed (and job seeking)
108,114,6pm6gt9q,,0,18,18,Section_7,EndSurvey,2024-09-25 23:52:28.626277,1,,,0.0,,,,,,,,,,,,,,czcerakw,,,,,0,Experiment_1_Persistence,https://app.prolific.com/submissions/complete?cc=C1BTHULB,0.0,1.0,114,,0.0,66f48848bf50e9c784c4ba2a,1,1,114,,0.0,A,C,B,B,B,C,C,B,D,D,ACBBBCCBDD,0.3,0.0,0.0,1,1,114,,0.0,noisy,random,positive,Pass,black,40.0,3.0,2.0,Pass Box,1,1,114,,0.0,A,D,C,A,A,B,B,B,C,D,ADCAABBBCD,0.3,STEM Track,,0.0,0.0,2.0,1,1,114,,0.0,C,C,C,C,C,C,C,C,C,C,C,CCCCCCCCCCC,1,1,114,,0.0,0,0,1,0,0,0,0,0,0,I thought I could do it,I studied business and worked as an office manager,This was more difficult than I thought,STEM Track,1,1,,,,,,,,,,,,,,,,,,,,,,,,,,,,,,,,,,,,,,,,,,,,,,,,,,,,,,,,66f4a233c21aa9b4100fedc3,66f48848bf50e9c784c4ba2a,APPROVED,Not Applicable,2024-09-25T23:52:24.760000Z,2024-09-26T00:08:33.736000Z,2024-09-26T00:08:35.743000Z,2024-09-26T00:10:28.651938Z,969.0,C1BTHULB,0,White,Technical/community college,62,Female,White,United States,United States,United States,English,No,Full-Time
109,115,7310p9gh,,0,18,18,Section_7,EndSurvey,2024-09-25 23:52:36.423144,1,,,0.0,,,,,,,,,,,,,,czcerakw,,,,,0,Experiment_1_Persistence,https://app.prolific.com/submissions/complete?cc=C1BTHULB,0.0,1.0,115,,0.0,65603afb8e9cfc182d7b55bc,1,1,115,,0.0,D,D,D,C,B,D,B,C,B,A,DDDCBDBCBA,0.2,0.0,0.0,1,1,115,,0.0,noisy,random,negative,Pass,red,1.0,1.0,1.0,Not Sure,1,1,115,,0.0,D,B,A,C,B,D,A,B,C,D,DBACBDABCD,1.0,Non-STEM Track,,0.0,0.0,1.0,1,1,115,,0.0,R,R,R,R,R,C,C,C,C,C,C,RRRRRCCCCCC,1,1,115,,0.0,0,0,1,0,0,0,0,0,0,I thought it would be less difficult. ,English,Fine. The math section was difficult for me.,Non-STEM Track,1,1,,,,,,,,,,,,,,,,,,,,,,,,,,,,,,,,,,,,,,,,,,,,,,,,,,,,,,,,66f4a23589f9b44a1ee662cb,65603afb8e9cfc182d7b55bc,APPROVED,Not Applicable,2024-09-25T23:52:29.487000Z,2024-09-26T00:06:18.082000Z,2024-09-26T00:06:19.130000Z,2024-09-26T00:09:58.735627Z,829.0,C1BTHULB,912,Black/African American,Undergraduate degree (BA/BSc/other),55,Female,Black,United States,United States,United States,English,No,Full-Time
110,116,kgt8nb59,,0,18,18,Section_7,EndSurvey,2024-09-25 23:52:38.063853,1,,,0.0,,,,,,,,,,,,,,czcerakw,,,,,0,Experiment_1_Persistence,https://app.prolific.com/submissions/complete?cc=C1BTHULB,0.0,1.0,116,,0.0,5ba7a90d168e5e0001e47228,1,1,116,,0.0,B,C,B,C,B,C,B,C,C,B,BCBCBCBCCB,0.4,0.0,0.0,1,1,116,,0.0,noisy,random,negative,Pass,red,20.0,1.0,1.0,Fail Box,1,1,116,,0.0,D,B,A,C,B,D,A,B,C,C,DBACBDABCC,0.9,Non-STEM Track,,0.0,0.0,1.0,1,1,116,,0.0,R,R,R,R,R,C,C,C,C,C,C,RRRRRCCCCCC,1,1,116,,0.0,0,1,0,0,0,0,0,0,0,Easier to answer and get more money,Computer Science,Good,Non-STEM Track,1,1,,,,,,,,,,,,,,,,,,,,,,,,,,,,,,,,,,,,,,,,,,,,,,,,,,,,,,,,66f4a23db829460ac396ee6f,5ba7a90d168e5e0001e47228,APPROVED,Not Applicable,2024-09-25T23:52:34.600000Z,2024-09-25T23:58:21.499000Z,2024-09-25T23:58:22.734000Z,2024-09-25T23:58:22.634568Z,347.0,C1BTHULB,1473,South Asian,Undergraduate degree (BA/BSc/other),23,Male,Asian,United States,United States,Vietnam,English,No,Full-Time
111,118,u9jiy522,,0,18,18,Section_7,EndSurvey,2024-09-25 23:52:57.486435,1,,,0.0,,,,,,,,,,,,,,czcerakw,,,,,0,Experiment_1_Persistence,https://app.prolific.com/submissions/complete?cc=C1BTHULB,0.0,1.0,118,,0.0,66634b9fd11b27b999a3c56c,1,1,118,,0.0,C,C,B,B,D,C,B,C,A,C,CCBBDCBCAC,0.2,0.0,0.0,1,1,118,,0.0,noisy,random,ground,Fail,black,50.0,3.0,3.0,Fail Box,1,1,118,,0.0,D,B,A,B,B,D,A,B,C,A,DBABBDABCA,0.8,Non-STEM Track,,0.0,0.0,3.0,1,1,118,,0.0,R,R,R,R,R,R,C,C,C,C,C,RRRRRRCCCCC,1,1,118,,0.0,0,0,1,0,0,0,0,0,0,I don't like math,business administration in marketing ,,Non-STEM Track,1,1,,,,,,,,,,,,,,,,,,,,,,,,,,,,,,,,,,,,,,,,,,,,,,,,,,,,,,,,66f4a24f53c822294ecc74aa,66634b9fd11b27b999a3c56c,APPROVED,Not Applicable,2024-09-25T23:52:52.761000Z,2024-09-26T00:04:31.958000Z,2024-09-26T00:05:21.248000Z,2024-09-26T00:08:54.032286Z,700.0,C1BTHULB,167,Latino/Hispanic,Undergraduate degree (BA/BSc/other),24,Female,White,United States,United States,United States,Spanish,No,Unemployed (and job seeking)
112,119,bzbhiu6t,,0,18,18,Section_7,EndSurvey,2024-09-25 23:53:13.277932,1,,,0.0,,,,,,,,,,,,,,czcerakw,,,,,0,Experiment_1_Persistence,https://app.prolific.com/submissions/complete?cc=C1BTHULB,0.0,1.0,119,,0.0,65be81e55f100cf3f591e989,1,1,119,,0.0,A,D,B,C,D,B,A,C,C,C,ADBCDBACCC,0.4,0.0,0.0,1,1,119,,0.0,noisy,random,ground,Fail,black,50.0,6.0,5.0,Fail Box,1,1,119,,0.0,A,B,A,C,B,D,A,D,C,A,ABACBDADCA,0.7,Non-STEM Track,,0.0,0.0,5.0,1,1,119,,0.0,R,R,R,R,R,C,C,C,C,C,C,RRRRRCCCCCC,1,1,119,,0.0,1,1,1,1,0,0,0,0,0,Was not sure how well I would do on the other.,Camera video and photography.,Good!,Non-STEM Track,1,1,,,,,,,,,,,,,,,,,,,,,,,,,,,,,,,,,,,,,,,,,,,,,,,,,,,,,,,,66f4a26139d3ea2e3d502f53,65be81e55f100cf3f591e989,APPROVED,Not Applicable,2024-09-25T23:53:10.050000Z,2024-09-26T00:00:18.534000Z,2024-09-26T00:03:37.708000Z,2024-09-26T00:00:29.295262Z,429.0,C1BTHULB,411,Mixed,Technical/community college,32,Male,Mixed,United States,United States,United States,English,DATA_EXPIRED,DATA_EXPIRED
113,120,15sgayv0,,0,18,18,Section_7,EndSurvey,2024-09-25 23:53:17.020836,1,,,0.0,,,,,,,,,,,,,,czcerakw,,,,,0,Experiment_1_Persistence,https://app.prolific.com/submissions/complete?cc=C1BTHULB,0.0,1.0,120,,0.0,66a845e15861e2e51f8cc0a9,1,1,120,,0.0,D,C,C,A,A,B,B,B,B,A,DCCAABBBBA,0.2,0.0,0.0,1,1,120,,0.0,noisy,random,negative,Fail,black,0.0,0.0,3.0,Fail Box,1,1,120,,0.0,D,B,A,C,B,D,A,B,C,D,DBACBDABCD,1.0,Non-STEM Track,,0.0,0.0,3.0,1,1,120,,0.0,R,R,R,R,R,C,C,C,C,C,C,RRRRRCCCCCC,1,1,120,,0.0,0,0,1,0,0,0,0,0,0,"If it what was to come was anything like the previous, I didn't want to take any chances","Science, social sciences, English",Go easier on the participants next time.  The first round was hard. lol. ,Non-STEM Track,1,1,,,,,,,,,,,,,,,,,,,,,,,,,,,,,,,,,,,,,,,,,,,,,,,,,,,,,,,,66f4a261f0af5581b4cd9760,66a845e15861e2e51f8cc0a9,APPROVED,Not Applicable,2024-09-25T23:53:13.651000Z,2024-09-26T00:06:09.247000Z,2024-09-26T00:06:10.157000Z,2024-09-26T00:09:55.757561Z,776.0,C1BTHULB,35,Black/African American,Undergraduate degree (BA/BSc/other),46,Female,Black,United States,United States,United States,English,No,Full-Time
114,121,2qilq6pc,,0,18,18,Section_7,EndSurvey,2024-09-25 23:53:20.377230,1,,,0.0,,,,,,,,,,,,,,czcerakw,,,,,0,Experiment_1_Persistence,https://app.prolific.com/submissions/complete?cc=C1BTHULB,0.0,1.0,121,,0.0,66db815e9a6cfec92c483ab4,1,1,121,,0.0,D,B,B,D,B,A,C,A,C,C,DBBDBACACC,0.2,0.0,0.0,1,1,121,,0.0,noisy,random,positive,Fail,red,40.0,4.0,6.0,Pass Box,1,1,121,,0.0,C,B,D,D,B,D,D,A,B,A,CBDDBDDABA,0.3,STEM Track,,0.0,0.0,6.0,1,1,121,,0.0,R,R,R,C,C,C,C,C,C,C,C,RRRCCCCCCCC,1,1,121,,0.0,0,0,1,0,0,0,0,0,0,I wanted to take the chance to see if I could answer the questions.,Merchandising and Retail Math,,STEM Track,1,1,,,,,,,,,,,,,,,,,,,,,,,,,,,,,,,,,,,,,,,,,,,,,,,,,,,,,,,,66f4a260f1f73c1886aa1c93,66db815e9a6cfec92c483ab4,APPROVED,Not Applicable,2024-09-25T23:53:13.734000Z,2024-09-26T00:06:49.848000Z,2024-09-26T00:06:50.708000Z,2024-09-26T00:10:10.935103Z,817.0,C1BTHULB,14,White,Undergraduate degree (BA/BSc/other),34,Female,White,United States,United States,United States,English,No,Full-Time
115,122,qsxtwrz5,,0,18,18,Section_7,EndSurvey,2024-09-25 23:53:22.806539,1,,,0.0,,,,,,,,,,,,,,czcerakw,,,,,0,Experiment_1_Persistence,https://app.prolific.com/submissions/complete?cc=C1BTHULB,0.0,1.0,122,,0.0,66ba19a0f2db7abee65b49db,1,1,122,,0.0,C,A,B,C,B,C,D,A,C,A,CABCBCDACA,0.4,0.0,0.0,1,1,122,,0.0,noisy,random,ground,Pass,red,50.0,1.0,3.0,Fail Box,1,1,122,,0.0,D,A,C,C,A,B,D,B,C,B,DACCABDBCB,0.3,STEM Track,,1.0,149.852,3.0,1,1,122,,0.0,R,R,R,R,R,C,C,C,C,C,C,RRRRRCCCCCC,1,1,122,,0.0,0,0,1,0,1,0,0,0,0,Because my son is in a STEM school,"middle grades education / retail, hospitality",it was tough,STEM Track,1,1,,,,,,,,,,,,,,,,,,,,,,,,,,,,,,,,,,,,,,,,,,,,,,,,,,,,,,,,66f4a213b50431517ccc65b9,66ba19a0f2db7abee65b49db,APPROVED,Not Applicable,2024-09-25T23:53:19.553000Z,2024-09-26T00:13:57.501000Z,2024-09-26T00:14:00.249000Z,2024-09-26T00:13:58.060164Z,1238.0,C1BTHULB,16,Native American or Alaskan Native,Technical/community college,33,Female,Other,United States,United States,Georgia,English,No,Unemployed (and job seeking)
116,123,uns86xij,,0,18,18,Section_7,EndSurvey,2024-09-25 23:53:32.392867,1,,,0.0,,,,,,,,,,,,,,czcerakw,,,,,0,Experiment_1_Persistence,https://app.prolific.com/submissions/complete?cc=C1BTHULB,0.0,1.0,123,,0.0,66d4c3c7a0c3bbfd9379c7cf,1,1,123,,0.0,B,C,B,D,D,B,B,B,C,B,BCBDDBBBCB,0.3,0.0,0.0,1,1,123,,0.0,noisy,random,negative,Fail,red,70.0,6.0,4.0,Pass Box,1,1,123,,0.0,B,D,C,A,A,D,C,C,B,C,BDCAADCCBC,0.8,STEM Track,,0.0,0.0,4.0,1,1,123,,0.0,R,R,R,C,C,C,C,C,C,C,C,RRRCCCCCCCC,1,1,123,,0.0,0,0,1,0,0,0,0,0,0,I like math and science.,"Math and science.  Worked 13 years in retail, 13 years in banking and 13 years with electronics.",Challenging. Without a timer i felt an internal pressure to finish fast since the instructions said it was timed.,STEM Track,1,1,,,,,,,,,,,,,,,,,,,,,,,,,,,,,,,,,,,,,,,,,,,,,,,,,,,,,,,,66f4a260825530fcb569c727,66d4c3c7a0c3bbfd9379c7cf,APPROVED,Not Applicable,2024-09-25T23:53:20.979000Z,2024-09-26T00:16:58.593000Z,2024-09-26T00:17:28.620000Z,2024-09-26T00:16:59.736890Z,1418.0,C1BTHULB,53,White,Undergraduate degree (BA/BSc/other),59,Male,White,United States,United States,United States,English,No,Full-Time
118,125,avwb69xj,,0,18,18,Section_7,EndSurvey,2024-09-25 23:53:44.397329,1,,,0.0,,,,,,,,,,,,,,czcerakw,,,,,0,Experiment_1_Persistence,https://app.prolific.com/submissions/complete?cc=C1BTHULB,0.0,1.0,125,,0.0,66325a097b34af78bbc59edd,1,1,125,,0.0,D,A,D,,D,B,A,C,,,DAD_DBAC__,0.3,0.0,0.0,1,1,125,,0.0,noisy,random,ground,Pass,red,65.0,6.0,1.0,Pass Box,1,1,125,,0.0,B,,C,,A,,C,A,,,B_C_A_CA__,0.5,STEM Track,,0.0,0.0,1.0,1,1,125,,0.0,R,R,R,R,R,R,R,R,C,C,C,RRRRRRRRCCC,1,1,125,,0.0,0,0,1,0,0,0,0,0,0,I like math,Engineering,It's been a long time since I've had to do heavy math. I am still working on one of the questions.,STEM Track,1,1,,,,,,,,,,,,,,,,,,,,,,,,,,,,,,,,,,,,,,,,,,,,,,,,,,,,,,,,66f4a262d21342cb364fd6b8,66325a097b34af78bbc59edd,APPROVED,Not Applicable,2024-09-25T23:53:31.832000Z,2024-09-26T00:22:11.249000Z,2024-09-26T00:22:30.237000Z,2024-09-26T00:22:49.520380Z,1720.0,C1BTHULB,319,East Asian,Undergraduate degree (BA/BSc/other),51,Female,Asian,United States,United States,United States,English,No,Full-Time
119,126,miguvj8o,,0,18,18,Section_7,EndSurvey,2024-09-25 23:53:47.189085,1,,,0.0,,,,,,,,,,,,,,czcerakw,,,,,0,Experiment_1_Persistence,https://app.prolific.com/submissions/complete?cc=C1BTHULB,0.0,1.0,126,,0.0,63d520bc8833c489caf0023a,1,1,126,,0.0,D,A,B,C,A,C,B,B,C,A,DABCACBBCA,0.2,0.0,0.0,1,1,126,,0.0,noisy,random,negative,Fail,black,45.0,3.0,4.0,Fail Box,1,1,126,,0.0,B,C,A,D,C,B,A,C,D,B,BCADCBACDB,0.1,STEM Track,,0.0,0.0,4.0,1,1,126,,0.0,R,R,R,R,R,C,C,C,C,C,C,RRRRRCCCCCC,1,1,126,,0.0,0,1,0,0,0,0,0,0,0,I think STEM is important for those who take it seriously,Math and physics,Very well,STEM Track,1,1,,,,,,,,,,,,,,,,,,,,,,,,,,,,,,,,,,,,,,,,,,,,,,,,,,,,,,,,66f4a24231a201ef4b69713d,63d520bc8833c489caf0023a,APPROVED,Not Applicable,2024-09-25T23:52:38.494000Z,2024-09-26T00:00:21.589000Z,2024-09-26T00:03:49.040000Z,2024-09-26T00:00:30.078131Z,464.0,C1BTHULB,2896,Latino/Hispanic,Undergraduate degree (BA/BSc/other),35,Male,Other,United States,United States,Puerto Rico,English,No,Full-Time
120,127,nagfk0ss,,0,18,18,Section_7,EndSurvey,2024-09-25 23:53:57.948881,1,,,0.0,,,,,,,,,,,,,,czcerakw,,,,,0,Experiment_1_Persistence,https://app.prolific.com/submissions/complete?cc=C1BTHULB,0.0,1.0,127,,0.0,5e6bdd2a3ea572199bb7f6b6,1,1,127,,0.0,C,D,D,,,,C,C,A,A,CDD___CCAA,0.1,0.0,0.0,1,1,127,,0.0,noisy,random,positive,Fail,red,25.0,3.0,3.0,Pass Box,1,1,127,,0.0,D,B,A,C,B,D,A,B,C,D,DBACBDABCD,1.0,Non-STEM Track,,0.0,0.0,3.0,1,1,127,,0.0,R,R,R,R,C,C,C,C,C,C,C,RRRRCCCCCCC,1,1,127,,0.0,0,0,1,0,0,0,0,0,0,Because I haven't taken an Algebra class for 45 years and I have forgotten what I did learn.  (Math was my least favorite subject.),"Sociology major in college  Unbelievably, I ran a marketing research/consulting in the tech industry. (I had a programmer who did all the fancy math/stat stuff, LOL!) Semi-retired now, although I still do occasional consulting.",It just reminded me how awful I have always been at math!! My brain does not work that way.,Non-STEM Track,1,1,,,,,,,,,,,,,,,,,,,,,,,,,,,,,,,,,,,,,,,,,,,,,,,,,,,,,,,,66f4a27da4c5ab80aae66524,5e6bdd2a3ea572199bb7f6b6,APPROVED,Not Applicable,2024-09-25T23:53:46.293000Z,2024-09-26T00:14:01.598000Z,2024-09-26T00:14:05.441000Z,2024-09-26T00:14:02.368466Z,1216.0,C1BTHULB,4423,White,Undergraduate degree (BA/BSc/other),63,Female,White,United States,United States,United States,English,No,DATA_EXPIRED
121,128,l2aesxka,,0,18,18,Section_7,EndSurvey,2024-09-25 23:53:58.941692,1,,,0.0,,,,,,,,,,,,,,czcerakw,,,,,0,Experiment_1_Persistence,https://app.prolific.com/submissions/complete?cc=C1BTHULB,0.0,1.0,128,,0.0,66f39d9f1c6985f1b5a11361,1,1,128,,0.0,D,C,C,D,C,A,B,B,,C,DCCDCABB_C,0.1,1.0,1.449,1,1,128,,0.0,noisy,random,ground,Fail,black,80.0,5.0,5.0,Fail Box,1,1,128,,0.0,C,C,B,C,B,D,D,C,D,D,CCBCBDDCDD,0.1,STEM Track,,0.0,0.0,5.0,1,1,128,,0.0,R,R,R,R,R,R,R,C,C,C,C,RRRRRRRCCCC,1,1,128,,0.0,1,0,0,0,0,0,0,0,0,I wanted to try answering the question to see how well I would perform,Structural design  Construction industry ,It was quite challenging. I couldn't remember some formulas,STEM Track,1,1,,,,,,,,,,,,,,,,,,,,,,,,,,,,,,,,,,,,,,,,,,,,,,,,,,,,,,,,66f4a28a10f4b74bed42e551,66f39d9f1c6985f1b5a11361,APPROVED,Not Applicable,2024-09-25T23:53:51.993000Z,2024-09-26T00:22:15.498000Z,2024-09-26T00:22:26.052000Z,2024-09-26T00:22:52.605113Z,1704.0,C1BTHULB,13,East Asian,Undergraduate degree (BA/BSc/other),25,Female,Asian,China,United States,United States,English,No,Full-Time
122,130,4qm6h912,,0,18,18,Section_7,EndSurvey,2024-09-25 23:54:07.912061,1,,,0.0,,,,,,,,,,,,,,czcerakw,,,,,0,Experiment_1_Persistence,https://app.prolific.com/submissions/complete?cc=C1BTHULB,0.0,1.0,130,,0.0,66ba46a40010ec60f6d992a2,1,1,130,,0.0,D,D,C,B,C,A,D,C,A,A,DDCBCADCAA,0.4,0.0,0.0,1,1,130,,0.0,noisy,random,negative,Fail,red,10.0,4.0,5.0,Fail Box,1,1,130,,0.0,B,B,D,C,D,D,,,,,BBDCDD____,0.2,STEM Track,,0.0,0.0,5.0,1,1,130,,0.0,R,R,R,R,R,C,C,C,C,C,C,RRRRRCCCCCC,1,1,130,,0.0,0,0,1,0,0,0,0,0,0,because i knew what to expect because of proir question,math,it was good no,STEM Track,1,1,,,,,,,,,,,,,,,,,,,,,,,,,,,,,,,,,,,,,,,,,,,,,,,,,,,,,,,,66f4a21a94fc875af869c719,66ba46a40010ec60f6d992a2,APPROVED,Not Applicable,2024-09-25T23:54:00.210000Z,2024-09-26T00:16:13.560000Z,2024-09-26T00:16:17.558000Z,2024-09-26T00:16:14.528778Z,1334.0,C1BTHULB,49,Black/African American,Technical/community college,41,Female,Black,United States,United States,United States,English,No,"Not in paid work (e.g. homemaker', 'retired or disabled)"
123,131,lik8lv0d,,0,18,18,Section_7,EndSurvey,2024-09-25 23:54:11.371363,1,,,0.0,,,,,,,,,,,,,,czcerakw,,,,,0,Experiment_1_Persistence,https://app.prolific.com/submissions/complete?cc=C1BTHULB,0.0,1.0,131,,0.0,559c1e28fdf99b2189ee807d,1,1,131,,0.0,D,D,A,B,D,C,C,C,B,A,DDABDCCCBA,0.2,0.0,0.0,1,1,131,,0.0,noisy,random,ground,Fail,black,5.0,1.0,4.0,Fail Box,1,1,131,,0.0,D,B,A,C,B,D,A,B,C,D,DBACBDABCD,1.0,Non-STEM Track,,0.0,0.0,4.0,1,1,131,,0.0,R,R,C,C,C,C,C,C,C,C,C,RRCCCCCCCCC,1,1,131,,0.0,0,0,1,0,0,0,0,0,0,I wasn't sure if I could answer 4 questions after the math park,English and psychology,If was good,Non-STEM Track,1,1,,,,,,,,,,,,,,,,,,,,,,,,,,,,,,,,,,,,,,,,,,,,,,,,,,,,,,,,66f4a28aecea2a0ad47d2a49,559c1e28fdf99b2189ee807d,APPROVED,Not Applicable,2024-09-25T23:54:08.359000Z,2024-09-26T00:08:48.040000Z,2024-09-26T00:08:50.448000Z,2024-09-26T00:10:30.072883Z,880.0,C1BTHULB,2521,White,Technical/community college,56,Female,White,United States,United States,United States,English,No,Full-Time
124,132,rwcyg06c,,0,18,18,Section_7,EndSurvey,2024-09-25 23:54:12.967801,1,,,0.0,,,,,,,,,,,,,,czcerakw,,,,,0,Experiment_1_Persistence,https://app.prolific.com/submissions/complete?cc=C1BTHULB,0.0,1.0,132,,0.0,5f712c16875f0375275c57d5,1,1,132,,0.0,D,A,B,B,B,B,D,B,C,B,DABBBBDBCB,0.7,0.0,0.0,1,1,132,,0.0,noisy,random,ground,Pass,red,75.0,7.0,7.0,Pass Box,1,1,132,,0.0,B,B,C,,A,D,C,C,C,C,BBC_ADCCCC,0.6,STEM Track,,0.0,0.0,7.0,1,1,132,,0.0,R,R,R,R,R,C,C,C,C,C,C,RRRRRCCCCCC,1,1,132,,0.0,0,0,1,0,0,0,0,0,0,"I thought I did well on the first portion, so if the questions were similar I thought I could do similarly well.",History and arts,It was very straight forward.,STEM Track,1,1,,,,,,,,,,,,,,,,,,,,,,,,,,,,,,,,,,,,,,,,,,,,,,,,,,,,,,,,66f4a29d99cdc8dae7a74e73,5f712c16875f0375275c57d5,APPROVED,Not Applicable,2024-09-25T23:54:09.417000Z,2024-09-26T00:13:49.481000Z,2024-09-26T00:13:53.372000Z,2024-09-26T00:13:50.206857Z,1181.0,C1BTHULB,4167,White,Undergraduate degree (BA/BSc/other),30,Male,White,United States,United States,United States,English,No,Full-Time
126,134,9no6cso6,,0,18,18,Section_7,EndSurvey,2024-09-25 23:54:30.956863,1,,,0.0,,,,,,,,,,,,,,czcerakw,,,,,0,Experiment_1_Persistence,https://app.prolific.com/submissions/complete?cc=C1BTHULB,0.0,1.0,134,,0.0,669a67a9378a5b8bcb87071a,1,1,134,,0.0,D,B,B,D,,,A,C,B,,DBBD__ACB_,0.1,0.0,0.0,1,1,134,,0.0,noisy,random,positive,Pass,red,35.0,0.0,0.0,Fail Box,1,1,134,,0.0,A,D,A,C,B,D,A,B,C,D,ADACBDABCD,0.8,Non-STEM Track,,0.0,0.0,0.0,1,1,134,,0.0,R,R,C,C,C,C,C,C,C,C,C,RRCCCCCCCCC,1,1,134,,0.0,0,0,1,0,0,0,0,0,0,I suck at basic math let alone anything else.,All basics were taken.,It was fine. Just felt dumb for a second.,Non-STEM Track,1,1,,,,,,,,,,,,,,,,,,,,,,,,,,,,,,,,,,,,,,,,,,,,,,,,,,,,,,,,66f4a2a6b98019a241211145,669a67a9378a5b8bcb87071a,APPROVED,Not Applicable,2024-09-25T23:54:27.421000Z,2024-09-26T00:10:34.228000Z,2024-09-26T00:10:35.589000Z,2024-09-26T00:10:37.772135Z,967.0,C1BTHULB,81,Black/African American,Undergraduate degree (BA/BSc/other),31,Female,Black,United States,United States,United States,English,Yes,Full-Time
127,135,4tvjb938,,0,18,18,Section_7,EndSurvey,2024-09-25 23:54:31.863167,1,,,0.0,,,,,,,,,,,,,,czcerakw,,,,,0,Experiment_1_Persistence,https://app.prolific.com/submissions/complete?cc=C1BTHULB,0.0,1.0,135,,0.0,66202163d9e5dba57c5e831d,1,1,135,,0.0,D,D,B,C,B,D,A,B,B,C,DDBCBDABBC,0.1,0.0,0.0,1,1,135,,0.0,noisy,random,negative,Fail,red,25.0,2.0,5.0,Pass Box,1,1,135,,0.0,A,B,A,C,B,D,A,B,C,D,ABACBDABCD,0.9,Non-STEM Track,,0.0,0.0,5.0,1,1,135,,0.0,R,R,R,R,R,C,C,C,C,C,C,RRRRRCCCCCC,1,1,135,,0.0,0,0,1,0,1,0,0,0,0,felt it would be easier and have a better chance at getting some of a bonus ,"Math, history, art, and science. ",it went good i think,Non-STEM Track,1,1,,,,,,,,,,,,,,,,,,,,,,,,,,,,,,,,,,,,,,,,,,,,,,,,,,,,,,,,66f4a2a785287240d46571e6,66202163d9e5dba57c5e831d,APPROVED,Not Applicable,2024-09-25T23:54:24.394000Z,2024-09-26T00:02:11.656000Z,2024-09-26T00:03:44.220000Z,2024-09-26T00:02:21.211416Z,468.0,C1BTHULB,733,White,High school diploma/A-levels,34,Male,White,United States,United States,United States,English,No,Unemployed (and job seeking)
129,137,au0qr9zo,,0,18,18,Section_7,EndSurvey,2024-09-25 23:54:37.374392,1,,,0.0,,,,,,,,,,,,,,czcerakw,,,,,0,Experiment_1_Persistence,https://app.prolific.com/submissions/complete?cc=C1BTHULB,0.0,1.0,137,,0.0,5ea9a252ef7ece0cd4993841,1,1,137,,0.0,B,C,A,A,B,,,,,,BCAAB_____,0.1,0.0,0.0,1,1,137,,0.0,noisy,random,negative,Fail,black,50.0,5.0,5.0,Fail Box,1,1,137,,0.0,B,B,D,C,A,D,D,A,C,C,BBDCADDACC,0.5,STEM Track,,0.0,0.0,5.0,1,1,137,,0.0,R,R,C,C,C,C,C,C,C,C,C,RRCCCCCCCCC,1,1,137,,0.0,0,1,1,0,0,0,0,0,0,"I love science and math; I would have gone for the other track, but I wanted to try to get more with the reward. I've got a Masters of English, so I actually prefer that over STEM.","English, Biology, Psychology, Nursing, and Anthropology",No,STEM Track,1,1,,,,,,,,,,,,,,,,,,,,,,,,,,,,,,,,,,,,,,,,,,,,,,,,,,,,,,,,66f4a23cec15bdb4ad7f537e,5ea9a252ef7ece0cd4993841,APPROVED,Not Applicable,2024-09-25T23:53:58.962000Z,2024-09-26T00:15:43.394000Z,2024-09-26T00:15:54.331000Z,2024-09-26T00:15:44.418018Z,1305.0,C1BTHULB,4709,White,Graduate degree (MA/MSc/MPhil/other),36,Female,White,United States,United States,United States,English,No,"Not in paid work (e.g. homemaker', 'retired or disabled)"
130,138,9ha44xkl,,0,18,18,Section_7,EndSurvey,2024-09-25 23:54:51.298039,1,,,0.0,,,,,,,,,,,,,,czcerakw,,,,,0,Experiment_1_Persistence,https://app.prolific.com/submissions/complete?cc=C1BTHULB,0.0,1.0,138,,0.0,6595867278f0d1e8b2378cc6,1,1,138,,0.0,D,A,D,D,B,C,D,C,B,B,DADDBCDCBB,0.5,0.0,0.0,1,1,138,,0.0,noisy,random,ground,Pass,red,70.0,5.0,5.0,Pass Box,1,1,138,,0.0,D,B,A,C,B,D,A,B,C,D,DBACBDABCD,1.0,Non-STEM Track,,1.0,2.154,5.0,1,1,138,,0.0,R,R,R,R,R,C,C,C,C,C,C,RRRRRCCCCCC,1,1,138,,0.0,0,0,1,0,0,0,0,0,0,I thought it would be easier for me,Education,No,Non-STEM Track,1,1,,,,,,,,,,,,,,,,,,,,,,,,,,,,,,,,,,,,,,,,,,,,,,,,,,,,,,,,66f4a2bd3643964c617d2946,6595867278f0d1e8b2378cc6,APPROVED,Not Applicable,2024-09-25T23:54:45.512000Z,2024-09-26T00:06:26.204000Z,2024-09-26T00:06:27.148000Z,2024-09-26T00:10:00.681727Z,701.0,C1BTHULB,137,East Asian,Graduate degree (MA/MSc/MPhil/other),40,Female,Asian,United States,United States,United States,English,DATA_EXPIRED,DATA_EXPIRED
131,139,n7y289ki,,0,18,18,Section_7,EndSurvey,2024-09-25 23:54:57.452509,1,,,0.0,,,,,,,,,,,,,,czcerakw,,,,,0,Experiment_1_Persistence,https://app.prolific.com/submissions/complete?cc=C1BTHULB,0.0,1.0,139,,0.0,6109ab5dba8ad610b799450a,1,1,139,,0.0,B,A,B,C,C,B,B,B,B,D,BABCCBBBBD,0.2,0.0,0.0,1,1,139,,0.0,noisy,random,positive,Pass,black,0.0,2.0,2.0,Pass Box,1,1,139,,0.0,D,B,A,C,B,D,A,B,C,D,DBACBDABCD,1.0,Non-STEM Track,,0.0,0.0,2.0,1,1,139,,0.0,R,R,R,R,R,C,C,C,C,C,C,RRRRRCCCCCC,1,1,139,,0.0,0,1,1,0,0,0,0,0,0,I am not good at math.,English and Business,It was fun but the math was very difficult.,Non-STEM Track,1,1,,,,,,,,,,,,,,,,,,,,,,,,,,,,,,,,,,,,,,,,,,,,,,,,,,,,,,,,66f4a2c7b09b5d308a773ee4,6109ab5dba8ad610b799450a,APPROVED,Not Applicable,2024-09-25T23:54:52.351000Z,2024-09-26T00:04:23.430000Z,2024-09-26T00:05:18.984000Z,2024-09-26T00:08:45.200857Z,572.0,C1BTHULB,4870,White,Undergraduate degree (BA/BSc/other),68,Female,White,United States,United States,United States,English,No,Part-Time
132,140,eabxqrv7,,0,18,18,Section_7,EndSurvey,2024-09-25 23:55:02.127052,1,,,0.0,,,,,,,,,,,,,,czcerakw,,,,,0,Experiment_1_Persistence,https://app.prolific.com/submissions/complete?cc=C1BTHULB,0.0,1.0,140,,0.0,65c10cd68294498f2342fcd0,1,1,140,,0.0,C,A,C,A,C,C,D,B,A,B,CACACCDBAB,0.4,0.0,0.0,1,1,140,,0.0,noisy,random,ground,Pass,red,30.0,2.0,2.0,Pass Box,1,1,140,,0.0,D,B,A,C,B,D,A,B,C,D,DBACBDABCD,1.0,Non-STEM Track,,0.0,0.0,2.0,1,1,140,,0.0,R,R,R,R,R,C,C,C,C,C,C,RRRRRCCCCCC,1,1,140,,0.0,0,0,1,0,0,0,0,0,0,"Because I figured the other option would be literature related, which I'm better at.",Surprisingly finance,No. I'm curious to know how many I got right!,Non-STEM Track,1,1,,,,,,,,,,,,,,,,,,,,,,,,,,,,,,,,,,,,,,,,,,,,,,,,,,,,,,,,66f4a2c5964b4c9ebeef511d,65c10cd68294498f2342fcd0,APPROVED,Not Applicable,2024-09-25T23:54:51.552000Z,2024-09-26T00:08:53.005000Z,2024-09-26T00:08:54.408000Z,2024-09-26T00:10:30.622060Z,842.0,C1BTHULB,72,Black/African American,Technical/community college,39,Female,Black,United States,United States,United States,English,No,Full-Time
133,141,fyaxoybd,,0,18,18,Section_7,EndSurvey,2024-09-25 23:55:06.913787,1,,,0.0,,,,,,,,,,,,,,czcerakw,,,,,0,Experiment_1_Persistence,https://app.prolific.com/submissions/complete?cc=C1BTHULB,0.0,1.0,141,,0.0,65fca331fa0a2eaf667d9318,1,1,141,,0.0,C,B,A,C,D,B,B,C,C,A,CBACDBBCCA,0.3,0.0,0.0,1,1,141,,0.0,noisy,random,positive,Fail,red,40.0,5.0,5.0,Fail Box,1,1,141,,0.0,C,A,B,D,B,C,A,D,C,A,CABDBCADCA,0.1,STEM Track,,0.0,0.0,5.0,1,1,141,,0.0,R,C,C,C,C,C,C,C,C,C,C,RCCCCCCCCCC,1,1,141,,0.0,0,0,1,0,0,0,0,0,0,extra chances,multiple,it was good,STEM Track,1,1,,,,,,,,,,,,,,,,,,,,,,,,,,,,,,,,,,,,,,,,,,,,,,,,,,,,,,,,66f4a2d210034d063f63c181,65fca331fa0a2eaf667d9318,APPROVED,Not Applicable,2024-09-25T23:55:03.599000Z,2024-09-26T00:22:47.471000Z,2024-09-26T00:22:48.191000Z,2024-09-26T00:22:59.142417Z,1664.0,C1BTHULB,781,White,High school diploma/A-levels,32,Male,White,United States,United States,United States,English,No,Full-Time
134,143,y5l4ed6r,,0,18,18,Section_7,EndSurvey,2024-09-25 23:55:52.101227,1,,,0.0,,,,,,,,,,,,,,czcerakw,,,,,0,Experiment_1_Persistence,https://app.prolific.com/submissions/complete?cc=C1BTHULB,0.0,1.0,143,,0.0,6695c426cd9399b87624659b,1,1,143,,0.0,D,C,B,B,A,C,A,A,D,B,DCBBACAADB,0.2,0.0,0.0,1,1,143,,0.0,noisy,random,positive,Fail,red,50.0,0.0,5.0,Not Sure,1,1,143,,0.0,B,A,C,B,B,C,C,D,A,C,BACBBCCDAC,0.5,STEM Track,,0.0,0.0,5.0,1,1,143,,0.0,R,C,C,C,C,C,C,C,C,C,C,RCCCCCCCCCC,1,1,143,,0.0,0,0,1,0,0,0,0,0,0,I do love math but very rusty as my current occupation does not require math,"Music, Video Game Journslism and Gsme Design","A key would have been helpful. Every math problem has a formula that tells how to solve it. Just for sake of helping, a key would have been great!",STEM Track,1,1,,,,,,,,,,,,,,,,,,,,,,,,,,,,,,,,,,,,,,,,,,,,,,,,,,,,,,,,66f4a2ffab0fc3f40afcf4e9,6695c426cd9399b87624659b,APPROVED,Not Applicable,2024-09-25T23:55:48.338000Z,2024-09-26T00:06:01.043000Z,2024-09-26T00:06:02.117000Z,2024-09-26T00:09:54.308203Z,613.0,C1BTHULB,73,Rather not say,Technical/community college,51,Female,Other,United States,United States,United States,English,No,Unemployed (and job seeking)
135,144,tdplbfs3,,0,18,18,Section_7,EndSurvey,2024-09-25 23:55:56.552086,1,,,0.0,,,,,,,,,,,,,,czcerakw,,,,,0,Experiment_1_Persistence,https://app.prolific.com/submissions/complete?cc=C1BTHULB,0.0,1.0,144,,0.0,5ee5b8930f2771312c3b822f,1,1,144,,0.0,C,B,A,D,A,B,A,C,A,C,CBADABACAC,0.2,0.0,0.0,1,1,144,,0.0,noisy,random,negative,Fail,black,20.0,2.0,3.0,Fail Box,1,1,144,,0.0,D,B,A,C,B,D,A,B,C,A,DBACBDABCA,0.9,Non-STEM Track,,0.0,0.0,3.0,1,1,144,,0.0,R,R,R,R,C,C,C,C,C,C,C,RRRRCCCCCCC,1,1,144,,0.0,0,0,1,0,0,0,0,0,0,I am just not good at math.,Studied Political Science. I am now an analyst for an MLB team.,No feedback. Solid survey.,Non-STEM Track,1,1,,,,,,,,,,,,,,,,,,,,,,,,,,,,,,,,,,,,,,,,,,,,,,,,,,,,,,,,66f4a2d524661fd7e1ad9f2f,5ee5b8930f2771312c3b822f,APPROVED,Not Applicable,2024-09-25T23:55:50.471000Z,2024-09-26T00:00:08.060000Z,2024-09-26T02:11:15.337000Z,2024-09-26T00:00:24.093951Z,258.0,C1BTHULB,111,Latino/Hispanic,Undergraduate degree (BA/BSc/other),27,Male,Other,United States,United States,United States,English,No,Full-Time
136,145,xdzun9tk,,0,18,18,Section_7,EndSurvey,2024-09-25 23:56:03.176680,1,,,0.0,,,,,,,,,,,,,,czcerakw,,,,,0,Experiment_1_Persistence,https://app.prolific.com/submissions/complete?cc=C1BTHULB,0.0,1.0,145,,0.0,5e74ff093115e00576f0187c,1,1,145,,0.0,D,A,B,B,C,C,A,C,A,C,DABBCCACAC,0.3,0.0,0.0,1,1,145,,0.0,noisy,random,ground,Pass,red,33.0,3.0,3.0,Pass Box,1,1,145,,0.0,D,B,A,C,B,D,A,B,C,D,DBACBDABCD,1.0,Non-STEM Track,,0.0,0.0,3.0,1,1,145,,0.0,R,R,R,C,C,C,C,C,C,C,C,RRRCCCCCCCC,1,1,145,,0.0,1,0,0,0,0,0,0,0,0,I was a humanities major for a reason. ,"Humanities, psychology, anthropology, political science",I was not expecting the math quiz and do not expect I did well on it,Non-STEM Track,1,1,,,,,,,,,,,,,,,,,,,,,,,,,,,,,,,,,,,,,,,,,,,,,,,,,,,,,,,,66f4a308d92bfd746963c315,5e74ff093115e00576f0187c,APPROVED,Not Applicable,2024-09-25T23:55:59.366000Z,2024-09-26T00:07:53.191000Z,2024-09-26T00:08:06.592000Z,2024-09-26T00:10:25.921552Z,714.0,C1BTHULB,2290,White,Undergraduate degree (BA/BSc/other),36,Male,White,United States,United States,United States,English,Yes,Full-Time
139,148,cx2u8p5w,,0,18,18,Section_7,EndSurvey,2024-09-25 23:56:14.395874,1,,,0.0,,,,,,,,,,,,,,czcerakw,,,,,0,Experiment_1_Persistence,https://app.prolific.com/submissions/complete?cc=C1BTHULB,0.0,1.0,148,,0.0,66561f43036fa71956d44743,1,1,148,,0.0,D,B,B,D,A,C,A,A,C,A,DBBDACAACA,0.1,0.0,0.0,1,1,148,,0.0,noisy,random,negative,Fail,black,55.0,3.0,2.0,Fail Box,1,1,148,,0.0,D,B,A,C,B,C,D,B,A,A,DBACBCDBAA,0.0,STEM Track,,0.0,0.0,2.0,1,1,148,,0.0,R,R,R,C,C,C,C,C,C,C,C,RRRCCCCCCCC,1,1,148,,0.0,0,0,1,0,0,0,0,0,0,just to see if i could do it,just the basics for usa schools,it was way harder then i was thinking but i like a challenge. but i would like time to get familiar with before,STEM Track,1,1,,,,,,,,,,,,,,,,,,,,,,,,,,,,,,,,,,,,,,,,,,,,,,,,,,,,,,,,66f4a309fa4cf41d9b0ff0b9,66561f43036fa71956d44743,APPROVED,Not Applicable,2024-09-25T23:56:09.179000Z,2024-09-26T00:11:41.267000Z,2024-09-26T00:11:44.062000Z,2024-09-26T00:11:42.192578Z,933.0,C1BTHULB,220,White,High school diploma/A-levels,27,Male,White,United States,United States,United States,English,No,Other
140,149,4qilpehc,,0,18,18,Section_7,EndSurvey,2024-09-25 23:56:17.376612,1,,,0.0,,,,,,,,,,,,,,czcerakw,,,,,0,Experiment_1_Persistence,https://app.prolific.com/submissions/complete?cc=C1BTHULB,0.0,1.0,149,,0.0,610e063896c52970e2c24bb5,1,1,149,,0.0,C,B,D,C,B,C,B,C,B,C,CBDCBCBCBC,0.2,0.0,0.0,1,1,149,,0.0,noisy,random,negative,Fail,black,12.0,3.0,4.0,Fail Box,1,1,149,,0.0,D,B,A,C,B,D,A,B,C,D,DBACBDABCD,1.0,Non-STEM Track,,0.0,0.0,4.0,1,1,149,,0.0,R,R,R,R,R,R,R,R,C,C,C,RRRRRRRRCCC,1,1,149,,0.0,0,0,0,1,1,0,0,0,0,I felt my non-STEM skills would be better then my STEM skills,"Math, English, science, history","Great, none!",Non-STEM Track,1,1,,,,,,,,,,,,,,,,,,,,,,,,,,,,,,,,,,,,,,,,,,,,,,,,,,,,,,,,66f4a2fa89f9b44a1ee662df,610e063896c52970e2c24bb5,APPROVED,Not Applicable,2024-09-25T23:55:49.321000Z,2024-09-26T00:04:44.029000Z,2024-09-26T00:05:29.861000Z,2024-09-26T00:09:14.735461Z,535.0,C1BTHULB,839,White,Undergraduate degree (BA/BSc/other),21,Female,White,United States,United States,United States,English,Yes,Part-Time
141,150,ey5j6lsm,,0,18,18,Section_7,EndSurvey,2024-09-25 23:56:26.318068,1,,,0.0,,,,,,,,,,,,,,czcerakw,,,,,0,Experiment_1_Persistence,https://app.prolific.com/submissions/complete?cc=C1BTHULB,0.0,1.0,150,,0.0,5f741b74992460061db87287,1,1,150,,0.0,C,A,D,C,B,C,B,A,D,A,CADCBCBADA,0.2,0.0,0.0,1,1,150,,0.0,noisy,random,negative,Fail,red,20.0,2.0,8.0,Fail Box,1,1,150,,0.0,D,B,A,C,B,D,A,B,C,D,DBACBDABCD,1.0,Non-STEM Track,,0.0,0.0,8.0,1,1,150,,0.0,R,R,R,R,C,C,C,C,C,C,C,RRRRCCCCCCC,1,1,150,,0.0,0,0,1,0,0,0,0,0,0,I don't do well with math.,"I enjoyed social studies, I worked in tech support.","Fine, but very jarring.",Non-STEM Track,1,1,,,,,,,,,,,,,,,,,,,,,,,,,,,,,,,,,,,,,,,,,,,,,,,,,,,,,,,,66f4a320ec3a4fe24fb1c265,5f741b74992460061db87287,APPROVED,Not Applicable,2024-09-25T23:56:23.398000Z,2024-09-26T00:03:13.387000Z,2024-09-26T00:03:57.815000Z,2024-09-26T00:05:11.965806Z,410.0,C1BTHULB,794,White,High school diploma/A-levels,34,Male,White,United States,United States,United States,English,DATA_EXPIRED,DATA_EXPIRED
142,151,o7c7kpsh,,0,18,18,Section_7,EndSurvey,2024-09-25 23:56:30.378242,1,,,0.0,,,,,,,,,,,,,,czcerakw,,,,,0,Experiment_1_Persistence,https://app.prolific.com/submissions/complete?cc=C1BTHULB,0.0,1.0,151,,0.0,66d8a8a4486ac018f50f9091,1,1,151,,0.0,D,A,A,A,A,A,A,A,A,A,DAAAAAAAAA,0.1,0.0,0.0,1,1,151,,0.0,noisy,random,negative,Pass,red,50.0,2.0,1.0,Pass Box,1,1,151,,0.0,A,A,A,A,A,C,C,A,A,A,AAAAACCAAA,0.5,STEM Track,,0.0,0.0,1.0,1,1,151,,0.0,R,R,R,R,R,C,C,C,C,C,C,RRRRRCCCCCC,1,1,151,,0.0,0,0,0,1,0,0,0,0,0,I thought you would ask science questions,"math, biology, environmental consulting","You would have to be paying me more to try and relearn math i forgot four years ago, i really just can't",STEM Track,1,1,,,,,,,,,,,,,,,,,,,,,,,,,,,,,,,,,,,,,,,,,,,,,,,,,,,,,,,,66f4a02c49ef0c78fb4ee389,66d8a8a4486ac018f50f9091,APPROVED,Not Applicable,2024-09-25T23:43:55.620000Z,2024-09-26T00:16:28.010000Z,2024-09-26T00:17:13.979000Z,2024-09-26T00:16:28.709231Z,1953.0,C1BTHULB,38,White,Undergraduate degree (BA/BSc/other),23,Female,White,United States,United States,United States,English,No,Part-Time
143,152,c69uzh1t,,0,18,18,Section_7,EndSurvey,2024-09-25 23:56:43.720926,1,,,0.0,,,,,,,,,,,,,,czcerakw,,,,,0,Experiment_1_Persistence,https://app.prolific.com/submissions/complete?cc=C1BTHULB,0.0,1.0,152,,0.0,657dae23f3bac23e1b62a01e,1,1,152,,0.0,D,A,C,B,B,B,D,C,A,D,DACBBBDCAD,0.7,0.0,0.0,1,1,152,,0.0,noisy,random,negative,Pass,red,39.0,4.0,3.0,Pass Box,1,1,152,,0.0,D,B,A,C,B,D,A,B,C,D,DBACBDABCD,1.0,Non-STEM Track,,0.0,0.0,3.0,1,1,152,,0.0,R,R,R,R,C,C,C,C,C,C,C,RRRRCCCCCCC,1,1,152,,0.0,0,1,0,0,0,0,0,0,0,Stem just isn’t my strength,History and literature ,,Non-STEM Track,1,1,,,,,,,,,,,,,,,,,,,,,,,,,,,,,,,,,,,,,,,,,,,,,,,,,,,,,,,,66f4a2e010034d063f63c184,657dae23f3bac23e1b62a01e,APPROVED,Not Applicable,2024-09-25T23:56:39.124000Z,2024-09-26T00:38:09.770000Z,2024-09-26T00:38:10.737000Z,2024-09-26T00:38:10.648274Z,2491.0,C1BTHULB,281,Latino/Hispanic,Undergraduate degree (BA/BSc/other),24,Female,Other,United States,United States,United States,Spanish,Yes,Due to start a new job within the next month
145,154,vm9rimyr,,0,18,18,Section_7,EndSurvey,2024-09-25 23:56:50.103713,1,,,0.0,,,,,,,,,,,,,,czcerakw,,,,,0,Experiment_1_Persistence,https://app.prolific.com/submissions/complete?cc=C1BTHULB,0.0,1.0,154,,0.0,66e0811a4eaeb1b4168bffd5,1,1,154,,0.0,B,C,A,B,C,B,D,A,B,A,BCABCBDABA,0.3,0.0,0.0,1,1,154,,0.0,noisy,random,negative,Fail,black,50.0,3.0,4.0,Fail Box,1,1,154,,0.0,D,A,A,C,B,B,A,B,C,D,DAACBBABCD,0.8,Non-STEM Track,,0.0,0.0,4.0,1,1,154,,0.0,R,R,R,R,R,C,C,C,C,C,C,RRRRRCCCCCC,1,1,154,,0.0,0,0,1,0,0,0,0,0,0,Not familiar with STEM,Math and Reading,My experience was surprised with my lack of knowledge on the questions ,Non-STEM Track,1,1,,,,,,,,,,,,,,,,,,,,,,,,,,,,,,,,,,,,,,,,,,,,,,,,,,,,,,,,66f4a337d21342cb364fd6de,66e0811a4eaeb1b4168bffd5,APPROVED,Not Applicable,2024-09-25T23:56:45.728000Z,2024-09-26T00:11:52.730000Z,2024-09-26T00:11:53.904000Z,2024-09-26T00:11:53.487775Z,908.0,C1BTHULB,17,White,Undergraduate degree (BA/BSc/other),23,Female,White,United States,United States,United States,English,No,Full-Time
146,155,u3jnidl4,,0,18,18,Section_7,EndSurvey,2024-09-25 23:56:50.735776,1,,,0.0,,,,,,,,,,,,,,czcerakw,,,,,0,Experiment_1_Persistence,https://app.prolific.com/submissions/complete?cc=C1BTHULB,0.0,1.0,155,,0.0,6648a72ac62125647c5b1ef1,1,1,155,,0.0,C,A,A,D,D,D,D,B,A,D,CAADDDDBAD,0.2,1.0,16.956,1,1,155,,0.0,noisy,random,ground,Pass,red,1.0,1.0,1.0,Pass Box,1,1,155,,0.0,D,B,A,C,B,D,A,B,C,D,DBACBDABCD,1.0,Non-STEM Track,,3.0,28.091,1.0,1,1,155,,0.0,R,R,C,C,C,C,C,C,C,C,C,RRCCCCCCCCC,1,1,155,,0.0,0,0,1,0,0,0,1,0,0,I perfer a guaranteed win or loss.,"English, Environmental studies, Geography.   Telecommunication.",No,Non-STEM Track,1,1,,,,,,,,,,,,,,,,,,,,,,,,,,,,,,,,,,,,,,,,,,,,,,,,,,,,,,,,66f4a33001429388f7c118c3,6648a72ac62125647c5b1ef1,APPROVED,Not Applicable,2024-09-25T23:56:43.325000Z,2024-09-26T00:16:56.120000Z,2024-09-26T00:17:27.881000Z,2024-09-26T00:16:56.884037Z,1213.0,C1BTHULB,543,African,Undergraduate degree (BA/BSc/other),31,Female,Black,Nigeria,United States,United States,English,Yes,Full-Time
147,156,xegcjata,,0,18,18,Section_7,EndSurvey,2024-09-25 23:56:52.903177,1,,,0.0,,,,,,,,,,,,,,czcerakw,,,,,0,Experiment_1_Persistence,https://app.prolific.com/submissions/complete?cc=C1BTHULB,0.0,1.0,156,,0.0,62b755ac8d4ceeb1a463c05a,1,1,156,,0.0,B,B,B,D,,,,,,,BBBD______,0.0,0.0,0.0,1,1,156,,0.0,noisy,random,ground,Fail,black,5.0,1.0,1.0,Fail Box,1,1,156,,0.0,D,B,A,C,B,D,A,B,C,C,DBACBDABCC,0.9,Non-STEM Track,,0.0,0.0,1.0,1,1,156,,0.0,R,R,R,R,R,R,C,C,C,C,C,RRRRRRCCCCC,1,1,156,,0.0,0,1,0,0,0,0,0,0,0,"Because I thought it would be more of the same, that kind of math I am not so good at. ","Office, Computer skills, customer service","It was fun to see how much I knew, I had trouble with the math but I did better with the other part I believe. ",Non-STEM Track,1,1,,,,,,,,,,,,,,,,,,,,,,,,,,,,,,,,,,,,,,,,,,,,,,,,,,,,,,,,66f4a2c62941689b1a33c1e7,62b755ac8d4ceeb1a463c05a,APPROVED,Not Applicable,2024-09-25T23:54:51.077000Z,2024-09-26T00:16:43.954000Z,2024-09-26T00:17:46.013000Z,2024-09-26T00:16:44.674241Z,1313.0,C1BTHULB,2922,White,Technical/community college,60,Female,White,United States,United States,United States,English,No,DATA_EXPIRED
148,157,1blp0g32,,0,18,18,Section_7,EndSurvey,2024-09-25 23:56:59.170192,1,,,0.0,,,,,,,,,,,,,,czcerakw,,,,,0,Experiment_1_Persistence,https://app.prolific.com/submissions/complete?cc=C1BTHULB,0.0,1.0,157,,0.0,566a17d07da0350012b3e876,1,1,157,,0.0,B,C,A,C,C,C,D,C,B,B,BCACCCDCBB,0.3,0.0,0.0,1,1,157,,0.0,noisy,random,ground,Pass,red,80.0,2.0,2.0,Pass Box,1,1,157,,0.0,C,B,D,B,C,D,C,D,B,A,CBDBCDCDBA,0.3,STEM Track,,0.0,0.0,2.0,1,1,157,,0.0,R,R,R,R,C,C,C,C,C,C,C,RRRRCCCCCCC,1,1,157,,0.0,0,0,1,0,0,0,0,0,0,I thought I could get 2 right.,I work mostly with my hands. I was never great at math. ,It was difficult. Thank You.,STEM Track,1,1,,,,,,,,,,,,,,,,,,,,,,,,,,,,,,,,,,,,,,,,,,,,,,,,,,,,,,,,66f4a342a6838b79f39788a3,566a17d07da0350012b3e876,APPROVED,Not Applicable,2024-09-25T23:56:56.100000Z,2024-09-26T00:14:32.637000Z,2024-09-26T00:15:04.462000Z,2024-09-26T00:14:33.531099Z,1057.0,C1BTHULB,3095,White,High school diploma/A-levels,54,Male,White,United States,United States,United States,English,No,Full-Time
149,158,z1t8akzm,,0,18,18,Section_7,EndSurvey,2024-09-25 23:57:03.513098,1,,,0.0,,,,,,,,,,,,,,czcerakw,,,,,0,Experiment_1_Persistence,https://app.prolific.com/submissions/complete?cc=C1BTHULB,0.0,1.0,158,,0.0,65e4b150feb15ebecb2fe5e8,1,1,158,,0.0,A,C,A,,D,B,A,B,A,A,ACA_DBABAA,0.2,0.0,0.0,1,1,158,,0.0,noisy,random,negative,Fail,black,25.0,2.0,3.0,Fail Box,1,1,158,,0.0,D,B,A,C,B,D,A,B,C,D,DBACBDABCD,1.0,Non-STEM Track,,0.0,0.0,3.0,1,1,158,,0.0,R,R,R,R,R,R,C,C,C,C,C,RRRRRRCCCCC,1,1,158,,0.0,0,0,1,0,0,0,0,0,0,"I was in honors classes for English, and I have published several books. However, I was never good at match or sciences, with the exception of some of the biologies. I thought it would be to my advantage to avoid STEM questions.","Creative writing, wildlife management, psychology",I hate math so much that those questions were giving me flashbacks haha! Good job on making it brutal!,Non-STEM Track,1,1,,,,,,,,,,,,,,,,,,,,,,,,,,,,,,,,,,,,,,,,,,,,,,,,,,,,,,,,66f4a33fdd9cf88631d8627f,65e4b150feb15ebecb2fe5e8,APPROVED,Not Applicable,2024-09-25T23:56:53.269000Z,2024-09-26T00:16:00.834000Z,2024-09-26T00:16:06.875000Z,2024-09-26T00:16:01.480384Z,1148.0,C1BTHULB,244,White,Technical/community college,43,Female,White,United States,United States,United States,English,Yes,Part-Time
150,159,p1es48as,,0,18,18,Section_7,EndSurvey,2024-09-25 23:57:06.592013,1,,,0.0,,,,,,,,,,,,,,czcerakw,,,,,0,Experiment_1_Persistence,https://app.prolific.com/submissions/complete?cc=C1BTHULB,0.0,1.0,159,,0.0,5bdcd88176d6d50001bc3849,1,1,159,,0.0,D,A,B,C,C,B,D,C,B,B,DABCCBDCBB,0.5,0.0,0.0,1,1,159,,0.0,noisy,random,negative,Pass,red,50.0,3.0,4.0,Fail Box,1,1,159,,0.0,B,A,C,A,A,D,C,A,C,C,BACAADCACC,0.9,STEM Track,,0.0,0.0,4.0,1,1,159,,0.0,R,R,R,R,R,C,C,C,C,C,C,RRRRRCCCCCC,1,1,159,,0.0,0,0,1,0,0,0,0,0,0,Pretty sure I could get four correct,engineering,"Good, have not done most of that math in decades",STEM Track,1,1,,,,,,,,,,,,,,,,,,,,,,,,,,,,,,,,,,,,,,,,,,,,,,,,,,,,,,,,66f4a34939a18098edc8a570,5bdcd88176d6d50001bc3849,APPROVED,Not Applicable,2024-09-25T23:57:03.173000Z,2024-09-26T00:15:50.649000Z,2024-09-26T00:16:01.924000Z,2024-09-26T00:15:51.888304Z,1128.0,C1BTHULB,5856,White,Undergraduate degree (BA/BSc/other),59,Male,White,United States,United States,United States,English,No,"Not in paid work (e.g. homemaker', 'retired or disabled)"
151,160,dqq6hiqk,,0,18,18,Section_7,EndSurvey,2024-09-25 23:57:08.084312,1,,,0.0,,,,,,,,,,,,,,czcerakw,,,,,0,Experiment_1_Persistence,https://app.prolific.com/submissions/complete?cc=C1BTHULB,0.0,1.0,160,,0.0,5e0cbb0be297d545c33e1739,1,1,160,,0.0,D,C,B,C,D,A,A,A,B,C,DCBCDAAABC,0.0,0.0,0.0,1,1,160,,0.0,noisy,random,ground,Fail,black,50.0,1.0,3.0,Fail Box,1,1,160,,0.0,D,B,A,C,B,D,A,B,C,D,DBACBDABCD,1.0,Non-STEM Track,,0.0,0.0,3.0,1,1,160,,0.0,R,R,C,C,C,C,C,C,C,C,C,RRCCCCCCCCC,1,1,160,,0.0,0,1,1,0,0,0,0,0,0,Easier,Business,Section 1 sucked,Non-STEM Track,1,1,,,,,,,,,,,,,,,,,,,,,,,,,,,,,,,,,,,,,,,,,,,,,,,,,,,,,,,,66f4a348c4e69b1798df3f5f,5e0cbb0be297d545c33e1739,APPROVED,Not Applicable,2024-09-25T23:57:03.848000Z,2024-09-26T00:09:01.020000Z,2024-09-26T00:09:02.800000Z,2024-09-26T00:10:30.794978Z,718.0,C1BTHULB,421,White,High school diploma/A-levels,73,Female,White,United States,United States,Poland,English,No,Other
152,161,2rk1txbg,,0,18,18,Section_7,EndSurvey,2024-09-25 23:57:08.925100,1,,,0.0,,,,,,,,,,,,,,czcerakw,,,,,0,Experiment_1_Persistence,https://app.prolific.com/submissions/complete?cc=C1BTHULB,0.0,1.0,161,,0.0,66f31b6205f13a616bd3c9bc,1,1,161,,0.0,D,A,A,B,A,C,D,B,C,B,DAABACDBCB,0.5,0.0,0.0,1,1,161,,0.0,noisy,random,negative,Pass,red,40.0,3.0,2.0,Pass Box,1,1,161,,0.0,D,B,A,C,B,D,A,B,C,D,DBACBDABCD,1.0,Non-STEM Track,,0.0,0.0,2.0,1,1,161,,0.0,R,R,R,R,C,C,C,C,C,C,C,RRRRCCCCCCC,1,1,161,,0.0,0,0,1,0,0,0,0,0,0,"I assumed it would be easier to complete, especially after witnessing the first questions that were given to me (which I found difficult).","I am a high school graduate, I would have to say science.","I am indifferent to the process, everything went ok. I do not have feedback.",Non-STEM Track,1,1,,,,,,,,,,,,,,,,,,,,,,,,,,,,,,,,,,,,,,,,,,,,,,,,,,,,,,,,66f4a34a9821645519edd54e,66f31b6205f13a616bd3c9bc,APPROVED,Not Applicable,2024-09-25T23:57:04.059000Z,2024-09-26T00:12:14.050000Z,2024-09-26T00:12:15.076000Z,2024-09-26T00:12:14.812785Z,910.0,C1BTHULB,5,White,High school diploma/A-levels,18,Male,White,United States,United States,United States,English,No,Part-Time
153,162,sl736l44,,0,18,18,Section_7,EndSurvey,2024-09-25 23:57:09.402081,1,,,0.0,,,,,,,,,,,,,,czcerakw,,,,,0,Experiment_1_Persistence,https://app.prolific.com/submissions/complete?cc=C1BTHULB,0.0,1.0,162,,0.0,66f2edccc82cfc39ba5d85c4,1,1,162,,0.0,D,A,D,C,B,B,A,C,B,B,DADCBBACBB,0.5,0.0,0.0,1,1,162,,0.0,noisy,random,ground,Pass,red,50.0,5.0,3.0,Pass Box,1,1,162,,0.0,B,B,C,A,B,D,C,C,D,D,BBCABDCCDD,0.5,STEM Track,,0.0,0.0,3.0,1,1,162,,0.0,R,R,R,R,R,R,R,C,C,C,C,RRRRRRRCCCC,1,1,162,,0.0,0,0,1,0,0,0,0,0,0,It is challenging as I have not practiced STEM related problems in years,Biology,,STEM Track,1,1,,,,,,,,,,,,,,,,,,,,,,,,,,,,,,,,,,,,,,,,,,,,,,,,,,,,,,,,66f4a2efc14d4fdc754fd692,66f2edccc82cfc39ba5d85c4,APPROVED,Not Applicable,2024-09-25T23:55:31.618000Z,2024-09-26T00:15:48.097000Z,2024-09-26T00:16:00.416000Z,2024-09-26T00:15:50.545928Z,1217.0,C1BTHULB,12,Latino/Hispanic,Technical/community college,30,Female,Mixed,United States,United States,United States,Spanish,No,Full-Time
154,163,8cvwvp44,,0,18,18,Section_7,EndSurvey,2024-09-25 23:57:13.876617,1,,,0.0,,,,,,,,,,,,,,czcerakw,,,,,0,Experiment_1_Persistence,https://app.prolific.com/submissions/complete?cc=C1BTHULB,0.0,1.0,163,,0.0,5b0b8252e9270900013ba88f,1,1,163,,0.0,D,A,D,B,B,D,D,B,C,B,DADBBDDBCB,0.6,0.0,0.0,1,1,163,,0.0,noisy,random,ground,Pass,red,70.0,6.0,5.0,Pass Box,1,1,163,,0.0,D,B,A,C,B,D,A,B,C,D,DBACBDABCD,1.0,Non-STEM Track,,0.0,0.0,5.0,1,1,163,,0.0,R,R,R,R,R,C,C,C,C,C,C,RRRRRCCCCCC,1,1,163,,0.0,0,0,1,0,0,0,0,0,1,I had trouble recalling some math methods and decided to play it safe.,Computer engineering  Worked as a software developer,The instructions were clear and the process flowed smoothly.,Non-STEM Track,1,1,,,,,,,,,,,,,,,,,,,,,,,,,,,,,,,,,,,,,,,,,,,,,,,,,,,,,,,,66f4a3470cb5b164b05abaf9,5b0b8252e9270900013ba88f,APPROVED,Not Applicable,2024-09-25T23:57:06.657000Z,2024-09-26T00:13:46.508000Z,2024-09-26T00:13:49.035000Z,2024-09-26T00:13:47.776697Z,1000.0,C1BTHULB,2185,Latino/Hispanic,Undergraduate degree (BA/BSc/other),54,Female,Mixed,United States,United States,United States,English,No,DATA_EXPIRED
155,164,zcyag1e4,,0,18,18,Section_7,EndSurvey,2024-09-25 23:57:22.064239,1,,,0.0,,,,,,,,,,,,,,czcerakw,,,,,0,Experiment_1_Persistence,https://app.prolific.com/submissions/complete?cc=C1BTHULB,0.0,1.0,164,,0.0,66818dfd69bdb3f339514a29,1,1,164,,0.0,C,B,B,B,A,A,B,B,D,B,CBBBAABBDB,0.2,0.0,0.0,1,1,164,,0.0,noisy,random,positive,Pass,black,50.0,2.0,2.0,Fail Box,1,1,164,,0.0,D,A,A,C,B,D,A,B,C,D,DAACBDABCD,0.9,Non-STEM Track,,0.0,0.0,2.0,1,1,164,,0.0,R,R,R,R,R,R,R,R,R,R,C,RRRRRRRRRRC,1,1,164,,0.0,0,0,0,0,0,1,0,0,0,I chose the Non-Stem Track since math is not my strongest subject.,The main subjects I studied were philosophy and psychology.,It was a little stressful with the math section of this survey but after completing the first section it was a breeze.,Non-STEM Track,1,1,,,,,,,,,,,,,,,,,,,,,,,,,,,,,,,,,,,,,,,,,,,,,,,,,,,,,,,,66f4a3572f517a3b88502f6a,66818dfd69bdb3f339514a29,APPROVED,Not Applicable,2024-09-25T23:57:19.128000Z,2024-09-26T00:09:33.799000Z,2024-09-26T00:09:36.522000Z,2024-09-26T00:10:32.584442Z,735.0,C1BTHULB,186,Latino/Hispanic,Technical/community college,25,Female,Other,United States,United States,United States,English,No,Full-Time
156,165,pv5u1laa,,0,18,18,Section_7,EndSurvey,2024-09-25 23:57:24.813868,1,,,0.0,,,,,,,,,,,,,,czcerakw,,,,,0,Experiment_1_Persistence,https://app.prolific.com/submissions/complete?cc=C1BTHULB,0.0,1.0,165,,0.0,665377aea47ffa34fb49bd71,1,1,165,,0.0,D,B,A,C,B,B,B,C,,,DBACBBBC__,0.3,0.0,0.0,1,1,165,,0.0,noisy,random,positive,Fail,red,80.0,4.0,5.0,Fail Box,1,1,165,,0.0,D,B,A,C,B,D,A,B,C,D,DBACBDABCD,1.0,Non-STEM Track,,0.0,0.0,5.0,1,1,165,,0.0,R,R,R,R,R,C,C,C,C,C,C,RRRRRCCCCCC,1,1,165,,0.0,0,0,1,0,0,0,0,0,0,I was not confident in answering questions I already struggled with.,Accounting and cnc machining,"I was not expecting difficult math I have not done in years without any refreshers. It was difficult, but interesting.",Non-STEM Track,1,1,,,,,,,,,,,,,,,,,,,,,,,,,,,,,,,,,,,,,,,,,,,,,,,,,,,,,,,,66f4a357ecea2a0ad47d2a71,665377aea47ffa34fb49bd71,APPROVED,Not Applicable,2024-09-25T23:57:21.625000Z,2024-09-26T00:13:10.659000Z,2024-09-26T00:13:13.019000Z,2024-09-26T00:13:11.481925Z,950.0,C1BTHULB,405,Mixed,Technical/community college,32,Male,Mixed,United States,United States,United States,English,No,Unemployed (and job seeking)
157,166,a4iyuoqy,,0,18,18,Section_7,EndSurvey,2024-09-25 23:57:42.977688,1,,,0.0,,,,,,,,,,,,,,czcerakw,,,,,0,Experiment_1_Persistence,https://app.prolific.com/submissions/complete?cc=C1BTHULB,0.0,1.0,166,,0.0,6651118444f987017d94bd63,1,1,166,,0.0,C,B,C,D,C,B,C,C,C,C,CBCDCBCCCC,0.4,0.0,0.0,1,1,166,,0.0,noisy,random,negative,Fail,red,50.0,5.0,5.0,Not Sure,1,1,166,,0.0,D,B,A,C,B,D,A,B,C,D,DBACBDABCD,1.0,Non-STEM Track,,0.0,0.0,5.0,1,1,166,,0.0,R,C,C,C,C,C,C,C,C,C,C,RCCCCCCCCCC,1,1,166,,0.0,0,0,1,0,0,0,0,0,0,Easier,Criminal Justice and worked in Government.,Tough.,Non-STEM Track,1,1,,,,,,,,,,,,,,,,,,,,,,,,,,,,,,,,,,,,,,,,,,,,,,,,,,,,,,,,66f4a37010034d063f63c1a6,6651118444f987017d94bd63,APPROVED,Not Applicable,2024-09-25T23:57:40.187000Z,2024-09-26T00:08:11.072000Z,2024-09-26T00:08:12.468000Z,2024-09-26T00:10:27.573481Z,631.0,C1BTHULB,733,Caribbean,Undergraduate degree (BA/BSc/other),34,Male,Asian,United States,United States,United States,English,Yes,Full-Time
158,167,rqsdmxgl,,0,18,18,Section_7,EndSurvey,2024-09-25 23:57:49.097638,1,,,0.0,,,,,,,,,,,,,,czcerakw,,,,,0,Experiment_1_Persistence,https://app.prolific.com/submissions/complete?cc=C1BTHULB,0.0,1.0,167,,0.0,66d8ec93a0cbaf5384fe2148,1,1,167,,0.0,A,C,C,B,C,D,A,C,C,B,ACCBCDACCB,0.6,0.0,0.0,1,1,167,,0.0,noisy,random,positive,Fail,red,1.0,3.0,7.0,Fail Box,1,1,167,,0.0,D,B,A,C,B,D,A,B,C,D,DBACBDABCD,1.0,Non-STEM Track,,0.0,0.0,7.0,1,1,167,,0.0,R,R,R,R,C,C,C,C,C,C,C,RRRRCCCCCCC,1,1,167,,0.0,0,0,1,0,0,0,0,0,0,Not strong at stem subjects,"Photography, phsychology, graphic design, optical",intrigued,Non-STEM Track,1,1,,,,,,,,,,,,,,,,,,,,,,,,,,,,,,,,,,,,,,,,,,,,,,,,,,,,,,,,66f4a36efb892125a177329d,66d8ec93a0cbaf5384fe2148,APPROVED,Not Applicable,2024-09-25T23:57:43.318000Z,2024-09-26T00:10:36.249000Z,2024-09-26T00:10:39.919000Z,2024-09-26T00:10:37.961730Z,773.0,C1BTHULB,65,White,High school diploma/A-levels,43,Female,White,United States,United States,United States,English,No,Full-Time
159,168,dpua20ok,,0,18,18,Section_7,EndSurvey,2024-09-25 23:58:12.765166,1,,,0.0,,,,,,,,,,,,,,czcerakw,,,,,0,Experiment_1_Persistence,https://app.prolific.com/submissions/complete?cc=C1BTHULB,0.0,1.0,168,,0.0,614e7196ef4fbb72f9a5223c,1,1,168,,0.0,D,A,,,B,B,,C,,,DA__BB_C__,0.4,0.0,0.0,1,1,168,,0.0,noisy,random,negative,Fail,red,70.0,4.0,5.0,Pass Box,1,1,168,,0.0,D,B,A,C,B,D,A,B,C,D,DBACBDABCD,1.0,Non-STEM Track,,0.0,0.0,5.0,1,1,168,,0.0,R,R,R,R,R,R,C,C,C,C,C,RRRRRRCCCCC,1,1,168,,0.0,0,0,1,0,0,0,0,0,0,Forgot too much math since school,"Computer programming, IT",Made it humble,Non-STEM Track,1,1,,,,,,,,,,,,,,,,,,,,,,,,,,,,,,,,,,,,,,,,,,,,,,,,,,,,,,,,66f4a38ac4e69b1798df3f73,614e7196ef4fbb72f9a5223c,APPROVED,Not Applicable,2024-09-25T23:58:08.783000Z,2024-09-26T00:13:56.761000Z,2024-09-26T00:13:59.174000Z,2024-09-26T00:13:57.508029Z,948.0,C1BTHULB,4307,White,Undergraduate degree (BA/BSc/other),76,Male,White,United States,United States,United States,English,No,"Not in paid work (e.g. homemaker', 'retired or disabled)"
161,170,hkcej7y0,,0,18,18,Section_7,EndSurvey,2024-09-25 23:58:16.182269,1,,,0.0,,,,,,,,,,,,,,czcerakw,,,,,0,Experiment_1_Persistence,https://app.prolific.com/submissions/complete?cc=C1BTHULB,0.0,1.0,170,,0.0,65216075939674db7a47e7d0,1,1,170,,0.0,D,C,B,D,A,B,C,B,C,A,DCBDABCBCA,0.2,0.0,0.0,1,1,170,,0.0,noisy,random,ground,Pass,red,10.0,1.0,2.0,Fail Box,1,1,170,,0.0,B,B,C,C,B,D,C,C,A,B,BBCCBDCCAB,0.4,STEM Track,,0.0,0.0,2.0,1,1,170,,0.0,R,R,C,C,C,C,C,C,C,C,C,RRCCCCCCCCC,1,1,170,,0.0,0,0,1,0,0,0,0,0,0,"I thought it would have been something else in the STEM realm, like science.","Biology, Chemistry, Education, Genetics and Business Analytics","It was just very hard, as it was a lot of math I have not had to do since Sophomore year of high school.",STEM Track,1,1,,,,,,,,,,,,,,,,,,,,,,,,,,,,,,,,,,,,,,,,,,,,,,,,,,,,,,,,66f4a38e0cb5b164b05abb09,65216075939674db7a47e7d0,APPROVED,Not Applicable,2024-09-25T23:58:12.944000Z,2024-09-26T00:09:45.215000Z,2024-09-26T00:09:57.182000Z,2024-09-26T00:10:33.444451Z,693.0,C1BTHULB,793,White,Graduate degree (MA/MSc/MPhil/other),26,Female,White,United States,United States,United States,English,DATA_EXPIRED,Full-Time
162,171,g4tc11ll,,0,18,18,Section_7,EndSurvey,2024-09-25 23:58:18.510292,1,,,0.0,,,,,,,,,,,,,,czcerakw,,,,,0,Experiment_1_Persistence,https://app.prolific.com/submissions/complete?cc=C1BTHULB,0.0,1.0,171,,0.0,65a6b6153abd42a5a5d2ac10,1,1,171,,0.0,B,A,B,C,D,A,B,C,,,BABCDABC__,0.2,0.0,0.0,1,1,171,,0.0,noisy,random,positive,Fail,red,50.0,3.0,5.0,Fail Box,1,1,171,,0.0,D,B,A,C,B,D,A,B,C,D,DBACBDABCD,1.0,Non-STEM Track,,0.0,0.0,5.0,1,1,171,,0.0,R,R,R,R,R,R,C,C,C,C,C,RRRRRRCCCCC,1,1,171,,0.0,0,0,1,1,0,0,0,0,0,I haven't done math like that since I was in high school and was not confident in my ability to answer the questions correctly. ,I went to college for early childhood education. I've worked in a variety of industries since then and my longest position has been at a durable medical equipment company.,The math section was stressful because I like to get things right. But overall the study was straightforward and I didn't have any issues with the instructions. ,Non-STEM Track,1,1,,,,,,,,,,,,,,,,,,,,,,,,,,,,,,,,,,,,,,,,,,,,,,,,,,,,,,,,66f4a38de89dc48e22f8bd25,65a6b6153abd42a5a5d2ac10,APPROVED,Not Applicable,2024-09-25T23:58:13.166000Z,2024-09-26T00:14:49.868000Z,2024-09-26T00:15:14.086000Z,2024-09-26T00:14:50.646542Z,997.0,C1BTHULB,368,Mixed,Technical/community college,34,Female,Mixed,United States,United States,United States,English,No,Full-Time
163,172,7zwov0c0,,0,18,18,Section_7,EndSurvey,2024-09-25 23:58:25.790363,1,,,0.0,,,,,,,,,,,,,,czcerakw,,,,,0,Experiment_1_Persistence,https://app.prolific.com/submissions/complete?cc=C1BTHULB,0.0,1.0,172,,0.0,637e447c16e05f6828930612,1,1,172,,0.0,D,A,B,C,D,C,B,B,B,C,DABCDCBBBC,0.1,0.0,0.0,1,1,172,,0.0,noisy,random,negative,Fail,black,20.0,2.0,4.0,Fail Box,1,1,172,,0.0,D,B,A,C,B,D,A,B,C,D,DBACBDABCD,1.0,Non-STEM Track,,0.0,0.0,4.0,1,1,172,,0.0,R,R,R,C,C,C,C,C,C,C,C,RRRCCCCCCCC,1,1,172,,0.0,0,0,1,0,0,0,0,0,0,"I am much better with language arts than with the sciences, plus the questions in the first round were almost impossible",Science,I was frustrated with the first set of questions and I enjoyed answerering the second set.,Non-STEM Track,1,1,,,,,,,,,,,,,,,,,,,,,,,,,,,,,,,,,,,,,,,,,,,,,,,,,,,,,,,,66f4a398d21342cb364fd6ef,637e447c16e05f6828930612,APPROVED,Not Applicable,2024-09-25T23:58:22.504000Z,2024-09-26T00:09:33.527000Z,2024-09-26T00:09:42.222000Z,2024-09-26T00:10:32.470432Z,672.0,C1BTHULB,3493,White,Doctorate degree (PhD/other),69,Male,White,United States,United States,United States,English,No,Full-Time
165,174,ekxw7pq2,,0,18,18,Section_7,EndSurvey,2024-09-25 23:58:32.049185,1,,,0.0,,,,,,,,,,,,,,czcerakw,,,,,0,Experiment_1_Persistence,https://app.prolific.com/submissions/complete?cc=C1BTHULB,0.0,1.0,174,,0.0,5b118915e9270900013c298c,1,1,174,,0.0,B,C,B,C,B,C,B,C,B,C,BCBCBCBCBC,0.2,2.0,96.996,1,1,174,,0.0,noisy,random,negative,Fail,black,30.0,2.0,3.0,Fail Box,1,1,174,,0.0,B,C,B,C,B,C,B,C,B,C,BCBCBCBCBC,0.3,STEM Track,,0.0,0.0,3.0,1,1,174,,0.0,R,R,R,C,C,C,C,C,C,C,C,RRRCCCCCCCC,1,1,174,,0.0,0,0,1,0,0,0,0,0,0,STEM is familiar but not on the math side for me personally,art and education,No feedback. No issues,STEM Track,1,1,,,,,,,,,,,,,,,,,,,,,,,,,,,,,,,,,,,,,,,,,,,,,,,,,,,,,,,,66f4a3a0701f533579cd9819,5b118915e9270900013c298c,APPROVED,Not Applicable,2024-09-25T23:58:28.521000Z,2024-09-26T00:06:15.199000Z,2024-09-26T00:06:15.967000Z,2024-09-26T00:09:56.870499Z,467.0,C1BTHULB,1341,White,Technical/community college,45,Male,White,United States,United States,United States,English,No,Part-Time
166,175,gdwu2jg2,,0,18,18,Section_7,EndSurvey,2024-09-25 23:58:36.374612,1,,,0.0,,,,,,,,,,,,,,czcerakw,,,,,0,Experiment_1_Persistence,https://app.prolific.com/submissions/complete?cc=C1BTHULB,0.0,1.0,175,,0.0,63eab089ff73041bdea22229,1,1,175,,0.0,D,A,C,C,C,B,D,A,C,A,DACCCBDACA,0.5,2.0,13.191,1,1,175,,0.0,noisy,random,positive,Fail,red,60.0,4.0,6.0,Pass Box,1,1,175,,0.0,D,B,A,C,B,D,A,B,C,D,DBACBDABCD,1.0,Non-STEM Track,,0.0,0.0,6.0,1,1,175,,0.0,R,R,R,R,R,C,C,C,C,C,C,RRRRRCCCCCC,1,1,175,,0.0,0,0,1,0,0,0,0,0,0,Not so good at STEM personally.,Computer Science but I am not good at it.,It was fun and interesting!!,Non-STEM Track,1,1,,,,,,,,,,,,,,,,,,,,,,,,,,,,,,,,,,,,,,,,,,,,,,,,,,,,,,,,66f4a3a5a8cb60076e746cf7,63eab089ff73041bdea22229,APPROVED,Not Applicable,2024-09-25T23:58:33.964000Z,2024-09-26T00:05:21.058000Z,2024-09-26T00:05:32.192000Z,2024-09-26T00:09:30.944389Z,408.0,C1BTHULB,494,White,High school diploma/A-levels,35,Male,White,United States,United States,United States,English,No,DATA_EXPIRED
167,176,s0eorm3w,,0,18,18,Section_7,EndSurvey,2024-09-25 23:58:44.056451,1,,,0.0,,,,,,,,,,,,,,czcerakw,,,,,0,Experiment_1_Persistence,https://app.prolific.com/submissions/complete?cc=C1BTHULB,0.0,1.0,176,,0.0,66e784bf7e22eae95ee3b5c7,1,1,176,,0.0,D,A,B,A,D,B,D,C,B,B,DABADBDCBB,0.5,1.0,5.094,1,1,176,,0.0,noisy,random,ground,Fail,black,80.0,9.0,8.0,Pass Box,1,1,176,,0.0,B,A,C,A,A,D,C,A,B,C,BACAADCABC,1.0,STEM Track,,0.0,0.0,8.0,1,1,176,,0.0,R,R,R,R,C,C,C,C,C,C,C,RRRRCCCCCCC,1,1,176,,0.0,0,1,0,0,0,0,0,0,0,I thought my odds would be better.,I have always had advanced math classes and I enjoy math.,"I clicked off the tab a few times during the first timed section to adjust my music. I didn't know that clicking off wasn't aloud but I read it before I submitted my first section. I completed the rest of the study without clicking off. If that is a problem, please give me partial payment for my time.",STEM Track,1,1,,,,,,,,,,,,,,,,,,,,,,,,,,,,,,,,,,,,,,,,,,,,,,,,,,,,,,,,66f4a3a7b48ed79252a89572,66e784bf7e22eae95ee3b5c7,APPROVED,Not Applicable,2024-09-25T23:58:38.520000Z,2024-09-26T00:18:48.573000Z,2024-09-26T00:18:50.733000Z,2024-09-26T00:18:49.291312Z,1211.0,C1BTHULB,29,South Asian,High school diploma/A-levels,21,Male,Asian,United States,United States,United States,English,Yes,Unemployed (and job seeking)
168,177,6d85qzk9,,0,18,18,Section_7,EndSurvey,2024-09-25 23:58:45.248980,1,,,0.0,,,,,,,,,,,,,,czcerakw,,,,,0,Experiment_1_Persistence,https://app.prolific.com/submissions/complete?cc=C1BTHULB,0.0,1.0,177,,0.0,64ec1d84372b0dbb94589054,1,1,177,,0.0,D,B,A,B,B,B,D,A,C,B,DBABBBDACB,0.6,0.0,0.0,1,1,177,,0.0,noisy,random,positive,Pass,black,20.0,2.0,3.0,Pass Box,1,1,177,,0.0,D,B,A,C,B,D,A,B,C,D,DBACBDABCD,1.0,Non-STEM Track,,1.0,0.704,3.0,1,1,177,,0.0,R,R,R,R,R,C,C,C,C,C,C,RRRRRCCCCCC,1,1,177,,0.0,0,0,1,0,0,0,0,0,0,I was not confident in my abilities to answer more STEM questions given my performance on the first part.,Psychology,No feedback :),Non-STEM Track,1,1,,,,,,,,,,,,,,,,,,,,,,,,,,,,,,,,,,,,,,,,,,,,,,,,,,,,,,,,66f4a3ab848b46d3fa790a0a,64ec1d84372b0dbb94589054,APPROVED,Not Applicable,2024-09-25T23:58:41.184000Z,2024-09-26T00:08:41.765000Z,2024-09-26T00:08:43.554000Z,2024-09-26T00:10:30.507093Z,601.0,C1BTHULB,433,White,Undergraduate degree (BA/BSc/other),26,Female,White,United States,United States,United States,English,Yes,Other
169,178,bwozsuby,,0,18,18,Section_7,EndSurvey,2024-09-25 23:58:52.389748,1,,,0.0,,,,,,,,,,,,,,czcerakw,,,,,0,Experiment_1_Persistence,https://app.prolific.com/submissions/complete?cc=C1BTHULB,0.0,1.0,178,,0.0,608e2cb9067eb028500433d5,1,1,178,,0.0,D,A,A,C,D,B,A,A,C,A,DAACDBAACA,0.3,0.0,0.0,1,1,178,,0.0,noisy,random,positive,Pass,red,50.0,2.0,3.0,Fail Box,1,1,178,,0.0,D,B,A,C,B,D,A,B,C,D,DBACBDABCD,1.0,Non-STEM Track,,0.0,0.0,3.0,1,1,178,,0.0,R,R,C,C,C,C,C,C,C,C,C,RRCCCCCCCCC,1,1,178,,0.0,0,0,1,0,0,0,0,0,0,Because the math questions were very hard for me.,"I studied business courses, including business English, Economics, Finance, Accounting.",This was challenging for me.,Non-STEM Track,1,1,,,,,,,,,,,,,,,,,,,,,,,,,,,,,,,,,,,,,,,,,,,,,,,,,,,,,,,,66f4a3af280092c073df3f49,608e2cb9067eb028500433d5,APPROVED,Not Applicable,2024-09-25T23:58:45.196000Z,2024-09-26T00:15:24.269000Z,2024-09-26T00:15:38.470000Z,2024-09-26T00:15:25.747409Z,1000.0,C1BTHULB,4119,White,Undergraduate degree (BA/BSc/other),69,Female,White,United States,United States,United States,English,No,"Not in paid work (e.g. homemaker', 'retired or disabled)"
170,179,froxdb0h,,0,18,18,Section_7,EndSurvey,2024-09-25 23:58:59.127444,1,,,0.0,,,,,,,,,,,,,,czcerakw,,,,,0,Experiment_1_Persistence,https://app.prolific.com/submissions/complete?cc=C1BTHULB,0.0,1.0,179,,0.0,66b629016f7dd536321ee5f8,1,1,179,,0.0,D,B,C,C,B,D,B,C,B,C,DBCCBDBCBC,0.3,0.0,0.0,1,1,179,,0.0,noisy,random,negative,Pass,red,0.0,0.0,1.0,Pass Box,1,1,179,,0.0,D,B,A,C,B,D,A,B,C,D,DBACBDABCD,1.0,Non-STEM Track,,0.0,0.0,1.0,1,1,179,,0.0,R,R,R,R,R,C,C,C,C,C,C,RRRRRCCCCCC,1,1,179,,0.0,0,0,1,0,0,0,0,0,0,Because I cant do stem,"college prep, retail management","I hated the first set of questions, and felt stupid because I haven't had this type of math in 50 years",Non-STEM Track,1,1,,,,,,,,,,,,,,,,,,,,,,,,,,,,,,,,,,,,,,,,,,,,,,,,,,,,,,,,66f4a3b5cd7e2efbf66c010f,66b629016f7dd536321ee5f8,APPROVED,Not Applicable,2024-09-25T23:58:54.203000Z,2024-09-26T00:09:37.507000Z,2024-09-26T00:09:47.472000Z,2024-09-26T00:10:32.886416Z,644.0,C1BTHULB,168,White,High school diploma/A-levels,56,Female,White,United States,United States,United States,English,No,Part-Time
171,180,nqfc69ud,,0,18,18,Section_7,EndSurvey,2024-09-25 23:59:00.020199,1,,,0.0,,,,,,,,,,,,,,czcerakw,,,,,0,Experiment_1_Persistence,https://app.prolific.com/submissions/complete?cc=C1BTHULB,0.0,1.0,180,,0.0,6637f62f0645db241bee0959,1,1,180,,0.0,D,D,A,B,C,A,C,C,A,C,DDABCACCAC,0.2,0.0,0.0,1,1,180,,0.0,noisy,random,negative,Fail,black,50.0,2.0,5.0,Fail Box,1,1,180,,0.0,D,B,A,C,B,D,A,B,C,D,DBACBDABCD,1.0,Non-STEM Track,,0.0,0.0,5.0,1,1,180,,0.0,R,R,R,C,C,C,C,C,C,C,C,RRRCCCCCCCC,1,1,180,,0.0,0,0,1,0,1,0,0,0,0,It seemed easier ,Math history English art,The first set of questions were difficult ,Non-STEM Track,1,1,,,,,,,,,,,,,,,,,,,,,,,,,,,,,,,,,,,,,,,,,,,,,,,,,,,,,,,,66f4a389f820875c45d21dba,6637f62f0645db241bee0959,APPROVED,Not Applicable,2024-09-25T23:58:54.297000Z,2024-09-26T00:18:56.821000Z,2024-09-26T00:18:58.393000Z,2024-09-26T00:18:57.554918Z,1203.0,C1BTHULB,393,White,High school diploma/A-levels,32,Female,White,United States,United States,United States,English,No,"Not in paid work (e.g. homemaker', 'retired or disabled)"
172,181,7cz34xg3,,0,18,18,Section_7,EndSurvey,2024-09-25 23:59:09.977293,1,,,0.0,,,,,,,,,,,,,,czcerakw,,,,,0,Experiment_1_Persistence,https://app.prolific.com/submissions/complete?cc=C1BTHULB,0.0,1.0,181,,0.0,6682c6f76c5e575920a7afc0,1,1,181,,0.0,B,A,B,B,D,C,B,A,A,A,BABBDCBAAA,0.2,0.0,0.0,1,1,181,,0.0,noisy,random,ground,Fail,black,50.0,6.0,6.0,Pass Box,1,1,181,,0.0,D,B,A,D,B,D,A,B,C,D,DBADBDABCD,0.9,Non-STEM Track,,2.0,26.298,6.0,1,1,181,,0.0,R,R,R,R,R,R,R,R,R,R,R,RRRRRRRRRRR,1,1,181,,0.0,0,0,1,0,0,0,0,0,0,Because i knew there could be another chance to win ,Administration  Accounting ,,Non-STEM Track,1,1,,,,,,,,,,,,,,,,,,,,,,,,,,,,,,,,,,,,,,,,,,,,,,,,,,,,,,,,66f4a3b749ef0c78fb4ee436,6682c6f76c5e575920a7afc0,APPROVED,Not Applicable,2024-09-25T23:58:55.500000Z,2024-09-26T00:21:55.183000Z,2024-09-26T00:22:22.880000Z,2024-09-26T00:22:46.993259Z,1380.0,C1BTHULB,178,Black/African American,Undergraduate degree (BA/BSc/other),34,Female,Black,United States,United States,United States,English,Yes,Full-Time
173,182,flj0x5hd,,0,18,18,Section_7,EndSurvey,2024-09-25 23:59:25.890071,1,,,0.0,,,,,,,,,,,,,,czcerakw,,,,,0,Experiment_1_Persistence,https://app.prolific.com/submissions/complete?cc=C1BTHULB,0.0,1.0,182,,0.0,66d7b32212721220c5da226f,1,1,182,,0.0,D,A,A,D,C,A,C,B,C,A,DAADCACBCA,0.2,0.0,0.0,1,1,182,,0.0,noisy,random,ground,Fail,black,25.0,0.0,3.0,Fail Box,1,1,182,,0.0,D,D,A,C,B,D,A,B,C,B,DDACBDABCB,0.8,Non-STEM Track,,0.0,0.0,3.0,1,1,182,,0.0,R,C,C,C,C,C,C,C,C,C,C,RCCCCCCCCCC,1,1,182,,0.0,0,0,1,0,0,0,0,0,0,the probability that i would pass the stem was too low,Psychology but work in compliance,Even though i think i didnt do well on the Stem part i enjoyed doing the test because it made me think differently,Non-STEM Track,1,1,,,,,,,,,,,,,,,,,,,,,,,,,,,,,,,,,,,,,,,,,,,,,,,,,,,,,,,,66f4a3a2701f533579cd981c,66d7b32212721220c5da226f,APPROVED,Not Applicable,2024-09-25T23:59:13.489000Z,2024-09-26T00:16:03.807000Z,2024-09-26T00:16:09.808000Z,2024-09-26T00:16:04.559262Z,1011.0,C1BTHULB,69,Black/African American,Undergraduate degree (BA/BSc/other),39,Female,Black,United States,United States,United States,English,No,Full-Time
174,183,53p2n35f,,0,18,18,Section_7,EndSurvey,2024-09-25 23:59:26.012040,1,,,0.0,,,,,,,,,,,,,,czcerakw,,,,,0,Experiment_1_Persistence,https://app.prolific.com/submissions/complete?cc=C1BTHULB,0.0,1.0,183,,0.0,66f21c08e32dccbb7b7bb996,1,1,183,,0.0,C,D,A,C,D,B,B,A,C,D,CDACDBBACD,0.2,0.0,0.0,1,1,183,,0.0,noisy,random,negative,Pass,red,45.0,1.0,1.0,Pass Box,1,1,183,,0.0,A,B,A,C,B,D,A,C,C,D,ABACBDACCD,0.8,Non-STEM Track,,0.0,0.0,1.0,1,1,183,,0.0,R,R,R,R,R,R,R,R,R,R,C,RRRRRRRRRRC,1,1,183,,0.0,0,0,1,0,0,0,0,0,0,I am not a fan of STEM,"Home economics, health administration ",Great experience ,Non-STEM Track,1,1,,,,,,,,,,,,,,,,,,,,,,,,,,,,,,,,,,,,,,,,,,,,,,,,,,,,,,,,66f4a3d3b3891338de6e5f6a,66f21c08e32dccbb7b7bb996,APPROVED,Not Applicable,2024-09-25T23:59:22.463000Z,2024-09-26T00:17:53.802000Z,2024-09-26T00:18:02.822000Z,2024-09-26T00:17:56.281843Z,1112.0,C1BTHULB,18,Black/African American,Undergraduate degree (BA/BSc/other),34,Female,Black,United States,United States,United States,English,No,DATA_EXPIRED
175,184,pg7yjc37,,0,18,18,Section_7,EndSurvey,2024-09-25 23:59:28.930347,1,,,0.0,,,,,,,,,,,,,,czcerakw,,,,,0,Experiment_1_Persistence,https://app.prolific.com/submissions/complete?cc=C1BTHULB,0.0,1.0,184,,0.0,66ae0ded9f6746fe2d597817,1,1,184,,0.0,C,B,C,B,B,C,B,C,B,C,CBCBBCBCBC,0.4,0.0,0.0,1,1,184,,0.0,noisy,random,negative,Fail,black,45.0,6.0,7.0,Pass Box,1,1,184,,0.0,B,C,B,C,C,B,C,B,C,B,BCBCCBCBCB,0.2,STEM Track,,0.0,0.0,7.0,1,1,184,,0.0,R,R,C,R,C,R,R,C,R,C,R,RRCRCRRCRCR,1,1,184,,0.0,0,0,1,0,0,0,0,0,0," For people who are curious about how things work or want to make a tangible impact, STEM can be an exciting field that offers endless possibilities.",Mathematics,25,STEM Track,1,1,,,,,,,,,,,,,,,,,,,,,,,,,,,,,,,,,,,,,,,,,,,,,,,,,,,,,,,,66f4a3d5fa81f408915ac84f,66ae0ded9f6746fe2d597817,APPROVED,Not Applicable,2024-09-25T23:59:24.331000Z,2024-09-26T00:16:47.610000Z,2024-09-26T00:17:22.141000Z,2024-09-26T00:16:48.497253Z,1044.0,C1BTHULB,84,Black/African American,Doctorate degree (PhD/other),52,Male,Black,United States,United States,United States,English,DATA_EXPIRED,Full-Time
176,185,71n2y40r,,0,18,18,Section_7,EndSurvey,2024-09-25 23:59:29.218702,1,,,0.0,,,,,,,,,,,,,,czcerakw,,,,,0,Experiment_1_Persistence,https://app.prolific.com/submissions/complete?cc=C1BTHULB,0.0,1.0,185,,0.0,66abb1d19603aab212118aea,1,1,185,,0.0,B,C,A,C,A,D,A,B,A,A,BCACADABAA,0.0,0.0,0.0,1,1,185,,0.0,noisy,random,negative,Fail,black,50.0,3.0,5.0,Fail Box,1,1,185,,0.0,C,C,C,C,C,D,D,A,D,C,CCCCCDDADC,0.4,STEM Track,,0.0,0.0,5.0,1,1,185,,0.0,R,R,R,C,C,C,C,C,C,C,C,RRRCCCCCCCC,1,1,185,,0.0,0,0,1,0,0,0,0,0,0,Taking a chance.,Nursing,"I enjoyed the survey, it was different than others!",STEM Track,1,1,,,,,,,,,,,,,,,,,,,,,,,,,,,,,,,,,,,,,,,,,,,,,,,,,,,,,,,,66f4a3d7354359e61fc1193c,66abb1d19603aab212118aea,APPROVED,Not Applicable,2024-09-25T23:59:25.748000Z,2024-09-26T00:14:56.691000Z,2024-09-26T00:15:21.741000Z,2024-09-26T00:14:57.430432Z,931.0,C1BTHULB,54,White,Technical/community college,30,Female,White,United States,United States,United States,English,Yes,DATA_EXPIRED
177,186,a9iktbu0,,0,18,18,Section_7,EndSurvey,2024-09-25 23:59:52.756937,1,,,0.0,,,,,,,,,,,,,,czcerakw,,,,,0,Experiment_1_Persistence,https://app.prolific.com/submissions/complete?cc=C1BTHULB,0.0,1.0,186,,0.0,6315dbda57439d794f865dbd,1,1,186,,0.0,,,,,,,,,,,__________,0.0,0.0,0.0,1,1,186,,0.0,noisy,random,negative,Fail,red,50.0,5.0,5.0,Pass Box,1,1,186,,0.0,A,C,C,A,B,A,C,C,A,B,ACCABACCAB,0.3,STEM Track,,0.0,0.0,5.0,1,1,186,,0.0,R,R,R,R,R,R,R,C,C,C,C,RRRRRRRCCCC,1,1,186,,0.0,0,0,1,0,0,0,0,0,0,it seemed the most profitable and definite,kinesiology and physical therapy,,STEM Track,1,1,,,,,,,,,,,,,,,,,,,,,,,,,,,,,,,,,,,,,,,,,,,,,,,,,,,,,,,,66f4a3eb85287240d4657232,6315dbda57439d794f865dbd,APPROVED,Not Applicable,2024-09-25T23:59:48.799000Z,2024-09-26T00:23:35.663000Z,2024-09-26T00:23:36.278000Z,2024-09-26T00:23:36.161407Z,1427.0,C1BTHULB,2841,White,Undergraduate degree (BA/BSc/other),53,Male,White,United States,United States,Ireland,English,No,Full-Time
178,187,01b3l25d,,0,18,18,Section_7,EndSurvey,2024-09-26 00:00:00.471981,1,,,0.0,,,,,,,,,,,,,,czcerakw,,,,,0,Experiment_1_Persistence,https://app.prolific.com/submissions/complete?cc=C1BTHULB,0.0,1.0,187,,0.0,5f1b4845cbf55f3192e33b89,1,1,187,,0.0,C,D,A,B,A,C,A,A,B,D,CDABACAABD,0.1,0.0,0.0,1,1,187,,0.0,noisy,random,ground,Fail,black,60.0,3.0,4.0,Fail Box,1,1,187,,0.0,D,B,A,C,B,D,A,C,C,D,DBACBDACCD,0.9,Non-STEM Track,,0.0,0.0,4.0,1,1,187,,0.0,R,R,R,R,R,C,C,C,C,C,C,RRRRRCCCCCC,1,1,187,,0.0,0,0,1,0,0,0,0,0,0,I struggled with the math portion. ,"Computer Science subjects, such as programming and understanding computers.",,Non-STEM Track,1,1,,,,,,,,,,,,,,,,,,,,,,,,,,,,,,,,,,,,,,,,,,,,,,,,,,,,,,,,66f4a3fc39d3ea2e3d502fae,5f1b4845cbf55f3192e33b89,APPROVED,Not Applicable,2024-09-25T23:59:56.160000Z,2024-09-26T00:14:05.933000Z,2024-09-26T00:14:07.575000Z,2024-09-26T00:14:06.824970Z,850.0,C1BTHULB,2351,Latino/Hispanic,Undergraduate degree (BA/BSc/other),27,Male,White,United States,United States,United States,Spanish,No,Full-Time
179,188,ayefbn5j,,0,18,18,Section_7,EndSurvey,2024-09-26 00:00:06.286243,1,,,0.0,,,,,,,,,,,,,,czcerakw,,,,,0,Experiment_1_Persistence,https://app.prolific.com/submissions/complete?cc=C1BTHULB,0.0,1.0,188,,0.0,5e9e19d808b9931ef37373c6,1,1,188,,0.0,A,D,A,B,B,B,D,B,C,A,ADABBBDBCA,0.6,0.0,0.0,1,1,188,,0.0,noisy,random,positive,Pass,red,50.0,7.0,5.0,Fail Box,1,1,188,,0.0,B,A,C,A,A,D,C,A,B,C,BACAADCABC,1.0,STEM Track,,0.0,0.0,5.0,1,1,188,,0.0,C,C,C,C,C,C,C,C,C,C,C,CCCCCCCCCCC,1,1,188,,0.0,0,0,1,0,0,0,0,0,0,I am more STEM inclined given my background,Engineering and Computer Science,It was good,STEM Track,1,1,,,,,,,,,,,,,,,,,,,,,,,,,,,,,,,,,,,,,,,,,,,,,,,,,,,,,,,,66f4a3fdb98019a241211187,5e9e19d808b9931ef37373c6,APPROVED,Not Applicable,2024-09-26T00:00:03.740000Z,2024-09-26T00:14:59.850000Z,2024-09-26T00:15:22.909000Z,2024-09-26T00:15:00.616999Z,897.0,C1BTHULB,1768,South East Asian,Undergraduate degree (BA/BSc/other),29,Male,Asian,United States,United States,United States,Urdu,Yes,Other
180,189,qf2lj4xb,,0,18,18,Section_7,EndSurvey,2024-09-26 00:00:09.429778,1,,,0.0,,,,,,,,,,,,,,czcerakw,,,,,0,Experiment_1_Persistence,https://app.prolific.com/submissions/complete?cc=C1BTHULB,0.0,1.0,189,,0.0,5fe2ca269568d5e8f57933aa,1,1,189,,0.0,A,A,D,,D,B,D,C,,,AAD_DBDC__,0.5,0.0,0.0,1,1,189,,0.0,noisy,random,ground,Pass,red,59.0,6.0,5.0,Pass Box,1,1,189,,0.0,B,,C,C,A,D,C,A,B,,B_CCADCAB_,0.7,STEM Track,,0.0,0.0,5.0,1,1,189,,0.0,R,R,R,R,C,C,C,C,C,C,C,RRRRCCCCCCC,1,1,189,,0.0,0,0,0,0,0,1,0,0,0,Because science and technology are among my favorite subjects.,I studied Neuroscience in college. ,,STEM Track,1,1,,,,,,,,,,,,,,,,,,,,,,,,,,,,,,,,,,,,,,,,,,,,,,,,,,,,,,,,66f4a3f199cdc8dae7a74eb6,5fe2ca269568d5e8f57933aa,APPROVED,Not Applicable,2024-09-26T00:00:06.578000Z,2024-09-26T00:22:08.460000Z,2024-09-26T00:22:24.647000Z,2024-09-26T00:22:48.645551Z,1322.0,C1BTHULB,1201,South Asian,Undergraduate degree (BA/BSc/other),22,Male,Asian,United States,United States,United States,English,No,Part-Time
182,191,10jjs5ab,,0,18,18,Section_7,EndSurvey,2024-09-26 00:00:23.784136,1,,,0.0,,,,,,,,,,,,,,czcerakw,,,,,0,Experiment_1_Persistence,https://app.prolific.com/submissions/complete?cc=C1BTHULB,0.0,1.0,191,,0.0,66bbd43c705fea676d6d8028,1,1,191,,0.0,D,C,B,B,D,D,,,,,DCBBDD____,0.1,0.0,0.0,1,1,191,,0.0,noisy,random,ground,Pass,red,2.0,2.0,1.0,Pass Box,1,1,191,,0.0,D,B,A,C,B,D,A,B,C,D,DBACBDABCD,1.0,Non-STEM Track,,0.0,0.0,1.0,1,1,191,,0.0,R,R,R,R,R,C,C,C,C,C,C,RRRRRCCCCCC,1,1,191,,0.0,0,0,1,0,0,0,0,0,0,because I am not strong in math,"English, writing, language, political science, management, customer service",i did not expect those math questions and I was panicking.,Non-STEM Track,1,1,,,,,,,,,,,,,,,,,,,,,,,,,,,,,,,,,,,,,,,,,,,,,,,,,,,,,,,,66f4a3e0babfc099346971ac,66bbd43c705fea676d6d8028,APPROVED,Not Applicable,2024-09-26T00:00:10.180000Z,2024-09-26T00:18:10.480000Z,2024-09-26T00:18:12.789000Z,2024-09-26T00:18:11.412696Z,1081.0,C1BTHULB,40,White,Undergraduate degree (BA/BSc/other),59,Female,White,United States,United States,United States,English,No,Full-Time
183,192,zwjca6p3,,0,18,18,Section_7,EndSurvey,2024-09-26 00:00:38.909854,1,,,0.0,,,,,,,,,,,,,,czcerakw,,,,,0,Experiment_1_Persistence,https://app.prolific.com/submissions/complete?cc=C1BTHULB,0.0,1.0,192,,0.0,666c98937b4260f665e21de9,1,1,192,,0.0,D,A,A,C,A,A,D,A,B,C,DAACAADABC,0.2,1.0,3.365,1,1,192,,0.0,noisy,random,ground,Fail,black,50.0,5.0,4.0,Fail Box,1,1,192,,0.0,D,B,A,C,B,D,A,B,C,D,DBACBDABCD,1.0,Non-STEM Track,,0.0,0.0,4.0,1,1,192,,0.0,R,R,R,R,R,C,C,C,C,C,C,RRRRRCCCCCC,1,1,192,,0.0,0,1,1,0,0,0,0,0,0,Never was very good at math,Philosophy,Good,Non-STEM Track,1,1,,,,,,,,,,,,,,,,,,,,,,,,,,,,,,,,,,,,,,,,,,,,,,,,,,,,,,,,66f4a42239a18098edc8a5a8,666c98937b4260f665e21de9,APPROVED,Not Applicable,2024-09-26T00:00:36.891000Z,2024-09-26T00:13:33.083000Z,2024-09-26T00:13:35.385000Z,2024-09-26T00:13:34.043008Z,777.0,C1BTHULB,75,White,High school diploma/A-levels,60,Male,White,United States,United States,United States,English,No,Full-Time
184,193,c92a3gpv,,0,18,18,Section_7,EndSurvey,2024-09-26 00:00:41.688497,1,,,0.0,,,,,,,,,,,,,,czcerakw,,,,,0,Experiment_1_Persistence,https://app.prolific.com/submissions/complete?cc=C1BTHULB,0.0,1.0,193,,0.0,658400102871818387a49d0f,1,1,193,,0.0,C,B,B,B,B,B,D,C,C,A,CBBBBBDCCA,0.6,0.0,0.0,1,1,193,,0.0,noisy,random,ground,Pass,red,20.0,2.0,2.0,Pass Box,1,1,193,,0.0,D,B,A,C,B,B,A,B,C,C,DBACBBABCC,0.8,Non-STEM Track,,0.0,0.0,2.0,1,1,193,,0.0,R,C,C,C,C,C,C,C,C,C,C,RCCCCCCCCCC,1,1,193,,0.0,0,0,1,0,0,0,0,0,0,I find it easier.,Science. ,It made me think.,Non-STEM Track,1,1,,,,,,,,,,,,,,,,,,,,,,,,,,,,,,,,,,,,,,,,,,,,,,,,,,,,,,,,66f4a3e831a201ef4b697188,658400102871818387a49d0f,APPROVED,Not Applicable,2024-09-26T00:00:38.842000Z,2024-09-26T00:07:51.242000Z,2024-09-26T00:07:55.042000Z,2024-09-26T00:10:24.860510Z,433.0,C1BTHULB,1743,Latino/Hispanic,Undergraduate degree (BA/BSc/other),32,Female,White,United States,United States,United States,English,No,Full-Time
185,194,ialgedgj,,0,18,18,Section_7,EndSurvey,2024-09-26 00:01:02.755346,1,,,0.0,,,,,,,,,,,,,,czcerakw,,,,,0,Experiment_1_Persistence,https://app.prolific.com/submissions/complete?cc=C1BTHULB,0.0,1.0,194,,0.0,56e6a66af6ed900006a5867c,1,1,194,,0.0,C,B,B,D,B,C,B,D,A,B,CBBDBCBDAB,0.2,0.0,0.0,1,1,194,,0.0,noisy,random,negative,Pass,red,5.0,2.0,1.0,Fail Box,1,1,194,,0.0,A,B,A,B,C,C,C,B,D,B,ABABCCCBDB,0.1,STEM Track,,0.0,0.0,1.0,1,1,194,,0.0,R,R,R,C,C,C,C,C,C,C,C,RRRCCCCCCCC,1,1,194,,0.0,0,0,1,0,0,0,0,0,1,I took engineering classes in vocational school.,"Mechanical engineering, graphics design, web design, front end web development",I am terrible at math and avoid algebra. I doubt I got much if any answers right.,STEM Track,1,1,,,,,,,,,,,,,,,,,,,,,,,,,,,,,,,,,,,,,,,,,,,,,,,,,,,,,,,,66f4a43b24c1c62f8bfcb6dc,56e6a66af6ed900006a5867c,APPROVED,Not Applicable,2024-09-26T00:00:59.795000Z,2024-09-26T00:12:07.964000Z,2024-09-26T00:12:11.707000Z,2024-09-26T00:12:08.746944Z,669.0,C1BTHULB,7561,White,High school diploma/A-levels,44,Male,White,United States,United States,United States,English,No,Part-Time
186,195,z7a1avgo,,0,18,18,Section_7,EndSurvey,2024-09-26 00:01:05.281563,1,,,0.0,,,,,,,,,,,,,,czcerakw,,,,,0,Experiment_1_Persistence,https://app.prolific.com/submissions/complete?cc=C1BTHULB,0.0,1.0,195,,0.0,630814cd5bc4b17afd65d786,1,1,195,,0.0,D,D,A,A,D,B,A,,,,DDAADBA___,0.1,0.0,0.0,1,1,195,,0.0,noisy,random,ground,Fail,black,5.0,1.0,2.0,Fail Box,1,1,195,,0.0,D,B,A,C,B,D,A,B,C,D,DBACBDABCD,1.0,Non-STEM Track,,0.0,0.0,2.0,1,1,195,,0.0,R,R,R,R,R,R,C,C,C,C,C,RRRRRRCCCCC,1,1,195,,0.0,0,0,1,0,0,0,0,0,0,Because the math questions all kicked my ass.  I haven't felt that dumb in a long time.,I have a BA in English and Psych - I worked as a High School English Teacher and am currently a Board Game Designer.,"I felt dumb, then I got to feel smart, so that was nice.",Non-STEM Track,1,1,,,,,,,,,,,,,,,,,,,,,,,,,,,,,,,,,,,,,,,,,,,,,,,,,,,,,,,,66f4a43666b898b991fa62ab,630814cd5bc4b17afd65d786,APPROVED,Not Applicable,2024-09-26T00:01:02.610000Z,2024-09-26T00:14:42.717000Z,2024-09-26T00:15:08.939000Z,2024-09-26T00:14:43.488346Z,821.0,C1BTHULB,989,White,Undergraduate degree (BA/BSc/other),43,Male,White,United States,United States,United States,English,No,Full-Time
187,196,oohsilys,,0,18,18,Section_7,EndSurvey,2024-09-26 00:01:05.470570,1,,,0.0,,,,,,,,,,,,,,czcerakw,,,,,0,Experiment_1_Persistence,https://app.prolific.com/submissions/complete?cc=C1BTHULB,0.0,1.0,196,,0.0,66b78b91e30ea5e1939d7635,1,1,196,,0.0,B,C,B,C,C,B,D,C,A,B,BCBCCBDCAB,0.4,0.0,0.0,1,1,196,,0.0,noisy,random,positive,Pass,red,0.0,0.0,4.0,Fail Box,1,1,196,,0.0,A,C,B,C,A,B,D,C,C,B,ACBCABDCCB,0.1,STEM Track,,0.0,0.0,4.0,1,1,196,,0.0,R,R,R,R,C,C,C,C,C,C,C,RRRRCCCCCCC,1,1,196,,0.0,0,0,1,0,0,0,0,0,0,the money,"Biology, history",,STEM Track,1,1,,,,,,,,,,,,,,,,,,,,,,,,,,,,,,,,,,,,,,,,,,,,,,,,,,,,,,,,66f4a422964b4c9ebeef517d,66b78b91e30ea5e1939d7635,APPROVED,Not Applicable,2024-09-26T00:00:56.118000Z,2024-09-26T00:15:08.073000Z,2024-09-26T00:15:27.636000Z,2024-09-26T00:15:08.990339Z,852.0,C1BTHULB,155,White,High school diploma/A-levels,64,Female,White,United States,United States,United States,English,No,Full-Time
188,197,lmjhqj93,,0,18,18,Section_7,EndSurvey,2024-09-26 00:01:14.249206,1,,,0.0,,,,,,,,,,,,,,czcerakw,,,,,0,Experiment_1_Persistence,https://app.prolific.com/submissions/complete?cc=C1BTHULB,0.0,1.0,197,,0.0,665cd37d244c81a07e68f20f,1,1,197,,0.0,A,A,B,B,D,B,D,A,C,B,AABBDBDACB,0.7,0.0,0.0,1,1,197,,0.0,noisy,random,ground,Pass,red,65.0,6.0,6.0,Pass Box,1,1,197,,0.0,B,A,C,B,A,D,C,A,B,C,BACBADCABC,0.9,STEM Track,,0.0,0.0,6.0,1,1,197,,0.0,R,R,R,R,R,C,C,C,C,C,C,RRRRRCCCCCC,1,1,197,,0.0,0,0,1,0,0,0,0,0,0,My college major is Stem.,STEM,I had a positive experience,STEM Track,1,1,,,,,,,,,,,,,,,,,,,,,,,,,,,,,,,,,,,,,,,,,,,,,,,,,,,,,,,,66f4a444e85853aaba34ce94,665cd37d244c81a07e68f20f,APPROVED,Not Applicable,2024-09-26T00:01:12.112000Z,2024-09-26T00:16:02.878000Z,2024-09-26T00:16:09.175000Z,2024-09-26T00:16:04.213536Z,891.0,C1BTHULB,161,White,High school diploma/A-levels,19,Male,White,United States,United States,United States,English,Yes,Other
189,198,xjkcxnhj,,0,18,18,Section_7,EndSurvey,2024-09-26 00:01:18.482444,1,,,0.0,,,,,,,,,,,,,,czcerakw,,,,,0,Experiment_1_Persistence,https://app.prolific.com/submissions/complete?cc=C1BTHULB,0.0,1.0,198,,0.0,66e637b2ab80048018709cfe,1,1,198,,0.0,D,C,B,C,C,B,C,D,A,B,DCBCCBCDAB,0.2,0.0,0.0,1,1,198,,0.0,noisy,random,ground,Fail,black,65.0,5.0,7.0,Fail Box,1,1,198,,0.0,C,C,B,A,D,D,C,C,C,D,CCBADDCCCD,0.3,STEM Track,,0.0,0.0,7.0,1,1,198,,0.0,R,R,R,R,R,C,C,C,C,C,C,RRRRRCCCCCC,1,1,198,,0.0,0,1,1,0,1,0,0,0,0,I wanted to test my knowledge ,"English, history, art,theatre, business, human resources ",There wasn’t much time to calculate the problems,STEM Track,1,1,,,,,,,,,,,,,,,,,,,,,,,,,,,,,,,,,,,,,,,,,,,,,,,,,,,,,,,,66f4a43b10034d063f63c1d9,66e637b2ab80048018709cfe,APPROVED,Not Applicable,2024-09-26T00:01:11.990000Z,2024-09-26T00:07:55.977000Z,2024-09-26T00:07:59.515000Z,2024-09-26T00:10:25.775718Z,404.0,C1BTHULB,24,Black/African American,Graduate degree (MA/MSc/MPhil/other),40,Female,Black,United States,United States,United States,English,No,Due to start a new job within the next month
190,199,pt0dy0v2,,0,18,18,Section_7,EndSurvey,2024-09-26 00:01:21.337756,1,,,0.0,,,,,,,,,,,,,,czcerakw,,,,,0,Experiment_1_Persistence,https://app.prolific.com/submissions/complete?cc=C1BTHULB,0.0,1.0,199,,0.0,5ac43d51a3ba7a0001b498d0,1,1,199,,0.0,B,D,A,C,D,B,B,B,A,A,BDACDBBBAA,0.1,0.0,0.0,1,1,199,,0.0,noisy,random,negative,Fail,black,40.0,3.0,4.0,Fail Box,1,1,199,,0.0,D,B,A,C,B,D,A,B,C,D,DBACBDABCD,1.0,Non-STEM Track,,0.0,0.0,4.0,1,1,199,,0.0,R,R,R,C,C,C,C,C,C,C,C,RRRCCCCCCCC,1,1,199,,0.0,0,0,1,0,0,0,0,0,0,"iThe STEM questions were too advanced for me. It's been years since I used algebra and couldn't remeber a lot of what I learned when answering those questions, therefore I knew I had a better chance of answering the non stem questions to earn a little something at least","Math - Geometry, Algebra  Science   English   History   Social Sciences","Struggled during the stem/ mathematically based questions, otherwise pretty easy and straightforward",Non-STEM Track,1,1,,,,,,,,,,,,,,,,,,,,,,,,,,,,,,,,,,,,,,,,,,,,,,,,,,,,,,,,66f4a43294aaeae36d61f9d0,5ac43d51a3ba7a0001b498d0,APPROVED,Not Applicable,2024-09-26T00:01:04.454000Z,2024-09-26T00:17:03.295000Z,2024-09-26T00:17:31.898000Z,2024-09-26T00:17:04.165079Z,959.0,C1BTHULB,5256,White,High school diploma/A-levels,40,Male,White,United States,United States,United States,English,No,Full-Time
191,200,ioyfu254,,0,18,18,Section_7,EndSurvey,2024-09-26 00:01:27.350460,1,,,0.0,,,,,,,,,,,,,,czcerakw,,,,,0,Experiment_1_Persistence,https://app.prolific.com/submissions/complete?cc=C1BTHULB,0.0,1.0,200,,0.0,63d881ab484805569b553bd8,1,1,200,,0.0,B,C,D,A,B,A,B,C,D,B,BCDABABCDB,0.3,0.0,0.0,1,1,200,,0.0,noisy,random,ground,Fail,black,26.0,3.0,4.0,Fail Box,1,1,200,,0.0,D,B,A,C,B,D,A,B,C,D,DBACBDABCD,1.0,Non-STEM Track,,0.0,0.0,4.0,1,1,200,,0.0,R,R,R,R,R,R,R,C,C,C,C,RRRRRRRCCCC,1,1,200,,0.0,0,0,1,0,0,0,0,0,0,Math is not my strong suite. ,IT/PC repair. ,fun. ,Non-STEM Track,1,1,,,,,,,,,,,,,,,,,,,,,,,,,,,,,,,,,,,,,,,,,,,,,,,,,,,,,,,,66f4a42d66755d9253db1b0d,63d881ab484805569b553bd8,APPROVED,Not Applicable,2024-09-26T00:00:50.740000Z,2024-09-26T00:08:58.249000Z,2024-09-26T00:08:59.917000Z,2024-09-26T00:10:30.694766Z,488.0,C1BTHULB,2589,Mixed,High school diploma/A-levels,35,Male,Mixed,United States,United States,United States,English,No,Full-Time
192,201,y8z51wwo,,0,18,18,Section_7,EndSurvey,2024-09-26 00:01:44.037513,1,,,0.0,,,,,,,,,,,,,,czcerakw,,,,,0,Experiment_1_Persistence,https://app.prolific.com/submissions/complete?cc=C1BTHULB,0.0,1.0,201,,0.0,66708de4e9ac26476fb628d2,1,1,201,,0.0,A,,,,,,D,C,A,B,A_____DCAB,0.4,0.0,0.0,1,1,201,,0.0,noisy,random,ground,Fail,black,50.0,4.0,5.0,Fail Box,1,1,201,,0.0,D,B,A,C,B,D,A,B,C,D,DBACBDABCD,1.0,Non-STEM Track,,0.0,0.0,5.0,1,1,201,,0.0,R,R,R,R,R,R,C,C,C,C,C,RRRRRRCCCCC,1,1,201,,0.0,0,0,1,0,0,0,0,0,0,"I was an English major. Also, I timed out while doing the math.",English. I brew beer for a living.,8 minutes is not enough for us earnest writer-types trying to recall high school math.,Non-STEM Track,1,1,,,,,,,,,,,,,,,,,,,,,,,,,,,,,,,,,,,,,,,,,,,,,,,,,,,,,,,,66f4a45cf7716f557f0c1239,66708de4e9ac26476fb628d2,APPROVED,Not Applicable,2024-09-26T00:01:38.389000Z,2024-09-26T00:15:44.557000Z,2024-09-26T00:15:56.227000Z,2024-09-26T00:15:46.829962Z,847.0,C1BTHULB,61,White,Undergraduate degree (BA/BSc/other),35,Male,White,United States,United States,United States,English,No,Full-Time
193,202,j1x854r8,,0,18,18,Section_7,EndSurvey,2024-09-26 00:01:45.647079,1,,,0.0,,,,,,,,,,,,,,czcerakw,,,,,0,Experiment_1_Persistence,https://app.prolific.com/submissions/complete?cc=C1BTHULB,0.0,1.0,202,,0.0,66a5a4766966a5ed53b144ab,1,1,202,,0.0,D,B,A,C,B,C,C,A,B,D,DBACBCCABD,0.1,0.0,0.0,1,1,202,,0.0,noisy,random,positive,Fail,red,50.0,5.0,5.0,Fail Box,1,1,202,,0.0,D,B,A,D,B,D,A,B,C,D,DBADBDABCD,0.9,Non-STEM Track,,0.0,0.0,5.0,1,1,202,,0.0,R,R,R,R,C,C,C,C,C,C,C,RRRRCCCCCCC,1,1,202,,0.0,0,0,1,0,0,0,0,0,0,i chose the non-steam track thinking my previous results were lower than 50% correct,art,,Non-STEM Track,1,1,,,,,,,,,,,,,,,,,,,,,,,,,,,,,,,,,,,,,,,,,,,,,,,,,,,,,,,,66f4a463f1f73c1886aa1cf9,66a5a4766966a5ed53b144ab,APPROVED,Not Applicable,2024-09-26T00:01:43.293000Z,2024-09-26T00:13:27.902000Z,2024-09-26T00:13:32.484000Z,2024-09-26T00:13:29.015750Z,705.0,C1BTHULB,187,Mixed,High school diploma/A-levels,35,Male,Mixed,United States,United States,United States,English,No,Unemployed (and job seeking)
195,204,qi15d4jn,,0,18,18,Section_7,EndSurvey,2024-09-26 00:01:59.065834,1,,,0.0,,,,,,,,,,,,,,czcerakw,,,,,0,Experiment_1_Persistence,https://app.prolific.com/submissions/complete?cc=C1BTHULB,0.0,1.0,204,,0.0,66f33be2bc0c71ae9547b7bb,1,1,204,,0.0,D,D,A,C,D,B,B,B,D,B,DDACDBBBDB,0.2,0.0,0.0,1,1,204,,0.0,noisy,random,positive,Fail,red,20.0,7.0,7.0,Pass Box,1,1,204,,0.0,D,B,A,C,B,D,A,B,C,C,DBACBDABCC,0.9,Non-STEM Track,,0.0,0.0,7.0,1,1,204,,0.0,R,C,C,C,C,C,C,C,C,C,C,RCCCCCCCCCC,1,1,204,,0.0,0,0,1,0,1,0,0,0,0,There’s a chance I could’ve got a harder math one and failed.,"I didn’t go to college. I was in ap chemistry, ap human geography, ap us history.",It was reminiscent of school. I don’t understand what you’re trying to accomplish so no feedback.,Non-STEM Track,1,1,,,,,,,,,,,,,,,,,,,,,,,,,,,,,,,,,,,,,,,,,,,,,,,,,,,,,,,,66f4a46c5af0d50031b0bdf7,66f33be2bc0c71ae9547b7bb,APPROVED,Not Applicable,2024-09-26T00:01:55.281000Z,2024-09-26T00:13:34.133000Z,2024-09-26T00:13:37.077000Z,2024-09-26T00:13:34.817814Z,699.0,C1BTHULB,7,Latino/Hispanic,High school diploma/A-levels,27,Male,Other,United States,United States,United States,English,No,DATA_EXPIRED
196,205,ee89s1be,,0,18,18,Section_7,EndSurvey,2024-09-26 00:02:00.470573,1,,,0.0,,,,,,,,,,,,,,czcerakw,,,,,0,Experiment_1_Persistence,https://app.prolific.com/submissions/complete?cc=C1BTHULB,0.0,1.0,205,,0.0,641374feea489f74a9c8db95,1,1,205,,0.0,A,A,A,B,B,C,A,C,B,C,AAABBCACBC,0.5,0.0,0.0,1,1,205,,0.0,noisy,random,ground,Pass,red,50.0,5.0,5.0,Pass Box,1,1,205,,0.0,B,A,C,A,A,D,C,A,B,C,BACAADCABC,1.0,STEM Track,,0.0,0.0,5.0,1,1,205,,0.0,R,R,R,R,R,C,C,C,C,C,C,RRRRRCCCCCC,1,1,205,,0.0,0,0,1,0,0,0,0,0,0,For a chance at more money,Computer information and programming,No,STEM Track,1,1,,,,,,,,,,,,,,,,,,,,,,,,,,,,,,,,,,,,,,,,,,,,,,,,,,,,,,,,66f4a46ff7716f557f0c123e,641374feea489f74a9c8db95,APPROVED,Not Applicable,2024-09-26T00:01:57.207000Z,2024-09-26T00:20:20.320000Z,2024-09-26T00:22:14.837000Z,2024-09-26T00:22:27.523584Z,1104.0,C1BTHULB,1897,White,Undergraduate degree (BA/BSc/other),28,Male,White,United States,United States,United States,English,No,Unemployed (and job seeking)
198,207,pof89qip,,0,18,18,Section_7,EndSurvey,2024-09-26 00:02:22.328563,1,,,0.0,,,,,,,,,,,,,,czcerakw,,,,,0,Experiment_1_Persistence,https://app.prolific.com/submissions/complete?cc=C1BTHULB,0.0,1.0,207,,0.0,6646081c27e58027db72b129,1,1,207,,0.0,D,D,A,B,D,A,B,C,B,C,DDABDABCBC,0.2,0.0,0.0,1,1,207,,0.0,noisy,random,negative,Pass,red,0.0,0.0,0.0,Fail Box,1,1,207,,0.0,B,C,A,D,B,B,B,A,C,B,BCADBBBACB,0.2,STEM Track,,0.0,0.0,0.0,1,1,207,,0.0,R,R,R,R,R,R,C,C,C,C,C,RRRRRRCCCCC,1,1,207,,0.0,0,0,1,0,1,0,0,0,0,"I'm pretty sure I did poorly on the first STEM quiz, so I figured I wasn't going to do any better on the second quiz.","The main subjects were core class subjects such as math, science, and history.",No comments.,STEM Track,1,1,,,,,,,,,,,,,,,,,,,,,,,,,,,,,,,,,,,,,,,,,,,,,,,,,,,,,,,,66f4a48478edcef786db83f8,6646081c27e58027db72b129,APPROVED,Not Applicable,2024-09-26T00:02:18.879000Z,2024-09-26T00:15:57.231000Z,2024-09-26T00:16:04.898000Z,2024-09-26T00:15:58.110562Z,819.0,C1BTHULB,423,Mixed,High school diploma/A-levels,22,Male,Mixed,United States,United States,United States,English,Yes,Unemployed (and job seeking)
199,209,7je225lt,,0,18,18,Section_7,EndSurvey,2024-09-26 00:02:26.606835,1,,,0.0,,,,,,,,,,,,,,czcerakw,,,,,0,Experiment_1_Persistence,https://app.prolific.com/submissions/complete?cc=C1BTHULB,0.0,1.0,209,,0.0,633f6d8b53e5f194a6f73724,1,1,209,,0.0,D,A,D,A,B,B,D,C,B,,DADABBDCB_,0.5,0.0,0.0,1,1,209,,0.0,noisy,random,positive,Pass,black,60.0,5.0,4.0,Pass Box,1,1,209,,0.0,D,B,A,C,B,D,A,B,C,D,DBACBDABCD,1.0,Non-STEM Track,,0.0,0.0,4.0,1,1,209,,0.0,R,R,R,R,R,C,C,C,C,C,C,RRRRRCCCCCC,1,1,209,,0.0,0,0,1,0,0,0,0,0,0,I am tired and the math requires a lot of thinking,"math, physics, engineering",this was an interesting study. thank you,Non-STEM Track,1,1,,,,,,,,,,,,,,,,,,,,,,,,,,,,,,,,,,,,,,,,,,,,,,,,,,,,,,,,66f4a489f7716f557f0c1247,633f6d8b53e5f194a6f73724,APPROVED,Not Applicable,2024-09-26T00:02:22.467000Z,2024-09-26T00:17:06.123000Z,2024-09-26T01:17:10.086000Z,2024-09-26T01:17:09.997931Z,884.0,C1BTHULB,1606,White,Graduate degree (MA/MSc/MPhil/other),44,Male,White,United States,United States,United States,English,No,Full-Time
200,210,s2nmdrwi,,0,18,18,Section_7,EndSurvey,2024-09-26 00:02:26.840739,1,,,0.0,,,,,,,,,,,,,,czcerakw,,,,,0,Experiment_1_Persistence,https://app.prolific.com/submissions/complete?cc=C1BTHULB,0.0,1.0,210,,0.0,66908468a367218ba2c439be,1,1,210,,0.0,A,C,D,B,C,A,D,B,A,C,ACDBCADBAC,0.3,0.0,0.0,1,1,210,,0.0,noisy,random,negative,Fail,black,30.0,2.0,4.0,Fail Box,1,1,210,,0.0,D,B,A,C,B,D,A,B,C,D,DBACBDABCD,1.0,Non-STEM Track,,0.0,0.0,4.0,1,1,210,,0.0,R,C,C,C,C,C,C,C,C,C,C,RCCCCCCCCCC,1,1,210,,0.0,0,0,1,0,0,0,0,0,0,Becuase I gave up after the math portion,"Math, science, english",It was pretty fun,Non-STEM Track,1,1,,,,,,,,,,,,,,,,,,,,,,,,,,,,,,,,,,,,,,,,,,,,,,,,,,,,,,,,66f4a48ab829460ac396eed5,66908468a367218ba2c439be,APPROVED,Not Applicable,2024-09-26T00:02:24.387000Z,2024-09-26T00:08:41.279000Z,2024-09-26T00:08:42.489000Z,2024-09-26T00:10:29.704080Z,377.0,C1BTHULB,65,East Asian,High school diploma/A-levels,20,Male,Asian,United States,United States,United States,English,Yes,Part-Time
201,211,k94u76nn,,0,18,18,Section_7,EndSurvey,2024-09-26 00:02:28.438152,1,,,0.0,,,,,,,,,,,,,,czcerakw,,,,,0,Experiment_1_Persistence,https://app.prolific.com/submissions/complete?cc=C1BTHULB,0.0,1.0,211,,0.0,66b8308b9c4b8eb534b5a45b,1,1,211,,0.0,D,A,,,B,B,D,C,C,B,DA__BBDCCB,0.7,1.0,8.812,1,1,211,,0.0,noisy,random,ground,Pass,red,50.0,6.0,6.0,Pass Box,1,1,211,,0.0,B,B,D,C,A,D,C,A,B,C,BBDCADCABC,0.7,STEM Track,,0.0,0.0,6.0,1,1,211,,0.0,R,R,R,R,R,C,C,C,C,C,C,RRRRRCCCCCC,1,1,211,,0.0,0,0,1,0,0,0,0,0,0,"I was always better at stem subjects when I was in school, and there was no information about the non stem category. It could have been all questions I know nothing about, like basket weaving or something",IT and computer related classes,Just reminds me how little I remember from my time in school.,STEM Track,1,1,,,,,,,,,,,,,,,,,,,,,,,,,,,,,,,,,,,,,,,,,,,,,,,,,,,,,,,,66f4a4743643964c617d299a,66b8308b9c4b8eb534b5a45b,APPROVED,Not Applicable,2024-09-26T00:02:11.540000Z,2024-09-26T00:24:06.844000Z,2024-09-26T00:24:07.706000Z,2024-09-26T00:24:07.617237Z,1316.0,C1BTHULB,230,White,Technical/community college,38,Male,White,United States,United States,United States,English,No,Full-Time
203,213,4cz7loqz,,0,18,18,Section_7,EndSurvey,2024-09-26 00:02:57.872433,1,,,0.0,,,,,,,,,,,,,,czcerakw,,,,,0,Experiment_1_Persistence,https://app.prolific.com/submissions/complete?cc=C1BTHULB,0.0,1.0,213,,0.0,63b7852af635d2133764fcc8,1,1,213,,0.0,C,B,C,B,D,B,B,D,C,B,CBCBDBBDCB,0.5,0.0,0.0,1,1,213,,0.0,noisy,random,positive,Pass,red,35.0,4.0,5.0,Fail Box,1,1,213,,0.0,D,B,A,C,B,D,A,B,C,D,DBACBDABCD,1.0,Non-STEM Track,,0.0,0.0,5.0,1,1,213,,0.0,R,R,C,C,C,C,C,C,C,C,C,RRCCCCCCCCC,1,1,213,,0.0,0,1,1,0,0,0,0,0,0,Math is harder for me to recall and formulas are not the easiest when you have not done them in awhile,Industrial Engineering,Fun,Non-STEM Track,1,1,,,,,,,,,,,,,,,,,,,,,,,,,,,,,,,,,,,,,,,,,,,,,,,,,,,,,,,,66f4a3c9f1f73c1886aa1cd9,63b7852af635d2133764fcc8,APPROVED,Not Applicable,2024-09-26T00:02:53.159000Z,2024-09-26T00:13:51.267000Z,2024-09-26T00:13:55.229000Z,2024-09-26T00:13:52.186647Z,659.0,C1BTHULB,3399,Black/African American,Undergraduate degree (BA/BSc/other),44,Female,Black,United States,United States,United States,English,No,Full-Time
204,214,dj8ripvz,,0,18,18,Section_7,EndSurvey,2024-09-26 00:03:05.722895,1,,,0.0,,,,,,,,,,,,,,czcerakw,,,,,0,Experiment_1_Persistence,https://app.prolific.com/submissions/complete?cc=C1BTHULB,0.0,1.0,214,,0.0,610ccf09b1b0759b2668ded1,1,1,214,,0.0,A,A,B,A,A,A,A,A,A,A,AABAAAAAAA,0.2,0.0,0.0,1,1,214,,0.0,noisy,random,positive,Pass,red,20.0,1.0,2.0,Fail Box,1,1,214,,0.0,B,A,C,B,A,B,C,B,A,A,BACBABCBAA,0.5,STEM Track,,0.0,0.0,2.0,1,1,214,,0.0,R,R,R,R,R,R,C,C,C,C,C,RRRRRRCCCCC,1,1,214,,0.0,0,0,1,0,0,0,0,0,0,I like stem subjects,IT,No feedback,STEM Track,1,1,,,,,,,,,,,,,,,,,,,,,,,,,,,,,,,,,,,,,,,,,,,,,,,,,,,,,,,,66f4a4acc14d4fdc754fd6f0,610ccf09b1b0759b2668ded1,APPROVED,Not Applicable,2024-09-26T00:03:02.813000Z,2024-09-26T00:10:27.723000Z,2024-09-26T00:10:28.701000Z,2024-09-26T00:10:36.906066Z,445.0,C1BTHULB,5329,White,Undergraduate degree (BA/BSc/other),44,Male,White,United States,United States,United States,English,No,Full-Time
205,215,v6cwei68,,0,18,18,Section_7,EndSurvey,2024-09-26 00:03:25.648497,1,,,0.0,,,,,,,,,,,,,,czcerakw,,,,,0,Experiment_1_Persistence,https://app.prolific.com/submissions/complete?cc=C1BTHULB,0.0,1.0,215,,0.0,66d8880a6b84a55da0e21a45,1,1,215,,0.0,D,A,D,B,D,B,D,A,B,B,DADBDBDABB,0.5,0.0,0.0,1,1,215,,0.0,noisy,random,positive,Pass,red,65.0,5.0,4.0,Pass Box,1,1,215,,0.0,B,C,C,C,A,D,C,C,C,C,BCCCADCCCC,0.6,STEM Track,,0.0,0.0,4.0,1,1,215,,0.0,R,R,R,R,R,R,R,R,R,R,C,RRRRRRRRRRC,1,1,215,,0.0,0,0,1,0,0,0,0,0,1,"I wanted to become a professional within the STEM field, such as an engineer.",Math and science were my concentrated subjects and I have worked in the electrical industry.,The process tested math skills that were familiar to me though are not used in my day to day work.,STEM Track,1,1,,,,,,,,,,,,,,,,,,,,,,,,,,,,,,,,,,,,,,,,,,,,,,,,,,,,,,,,66f4a4c639d3ea2e3d502fd5,66d8880a6b84a55da0e21a45,APPROVED,Not Applicable,2024-09-26T00:03:22.797000Z,2024-09-26T00:21:54.589000Z,2024-09-26T00:22:27.870000Z,2024-09-26T00:22:47.049967Z,1112.0,C1BTHULB,65,South East Asian,Undergraduate degree (BA/BSc/other),33,Male,Asian,United States,United States,United States,Tagalog-Filipino,No,Full-Time
206,216,m9gxs0du,,0,18,18,Section_7,EndSurvey,2024-09-26 00:03:33.781490,1,,,0.0,,,,,,,,,,,,,,czcerakw,,,,,0,Experiment_1_Persistence,https://app.prolific.com/submissions/complete?cc=C1BTHULB,0.0,1.0,216,,0.0,669fdb306d5acea50129ac90,1,1,216,,0.0,A,C,C,A,D,D,D,C,B,A,ACCADDDCBA,0.4,0.0,0.0,1,1,216,,0.0,noisy,random,negative,Fail,black,60.0,8.0,8.0,Pass Box,1,1,216,,0.0,D,B,A,B,B,D,A,B,C,B,DBABBDABCB,0.8,Non-STEM Track,,0.0,0.0,8.0,1,1,216,,0.0,R,C,C,C,R,R,C,C,R,R,R,RCCCRRCCRRR,1,1,216,,0.0,0,0,1,0,0,0,0,0,0,i used my intuitions ,"data structure, IT, wholesale warehouse ",no,Non-STEM Track,1,1,,,,,,,,,,,,,,,,,,,,,,,,,,,,,,,,,,,,,,,,,,,,,,,,,,,,,,,,66f4a4c5ccf47d6a617c2386,669fdb306d5acea50129ac90,APPROVED,Not Applicable,2024-09-26T00:03:28.130000Z,2024-09-26T00:23:19.227000Z,2024-09-26T00:23:20.599000Z,2024-09-26T00:23:20.502580Z,1192.0,C1BTHULB,27,Black/African American,Graduate degree (MA/MSc/MPhil/other),38,Male,Black,United States,United States,United States,English,No,Part-Time
207,217,unu86lib,,0,18,18,Section_7,EndSurvey,2024-09-26 00:04:01.920208,1,,,0.0,,,,,,,,,,,,,,czcerakw,,,,,0,Experiment_1_Persistence,https://app.prolific.com/submissions/complete?cc=C1BTHULB,0.0,1.0,217,,0.0,5e6424248e335b000af4d6a3,1,1,217,,0.0,D,D,B,B,D,A,D,B,B,B,DDBBDADBBB,0.3,0.0,0.0,1,1,217,,0.0,noisy,random,negative,Fail,red,62.0,6.0,5.0,Pass Box,1,1,217,,0.0,D,B,A,C,B,D,A,B,C,D,DBACBDABCD,1.0,Non-STEM Track,,0.0,0.0,5.0,1,1,217,,0.0,R,R,R,C,C,C,C,C,C,C,C,RRRCCCCCCCC,1,1,217,,0.0,1,0,1,0,0,0,0,0,0,I wanted to see what the other quiz was like and to see how well I would do.,Math was a big part of my early education but my professional career and college was focused on data. ,"I thought the process was good, would have like to see how I did after submitting a page",Non-STEM Track,1,1,,,,,,,,,,,,,,,,,,,,,,,,,,,,,,,,,,,,,,,,,,,,,,,,,,,,,,,,66f4a4dbb98019a2412111c4,5e6424248e335b000af4d6a3,APPROVED,Not Applicable,2024-09-26T00:03:53.563000Z,2024-09-26T00:15:46.394000Z,2024-09-26T00:15:58.105000Z,2024-09-26T00:15:48.298120Z,713.0,C1BTHULB,575,White,Undergraduate degree (BA/BSc/other),27,Male,White,United States,United States,United States,English,DATA_EXPIRED,Part-Time
208,218,3aecsjl4,,0,18,18,Section_7,EndSurvey,2024-09-26 00:04:11.976086,1,,,0.0,,,,,,,,,,,,,,czcerakw,,,,,0,Experiment_1_Persistence,https://app.prolific.com/submissions/complete?cc=C1BTHULB,0.0,1.0,218,,0.0,668c8ffbae575baf6cad36f7,1,1,218,,0.0,D,C,A,C,A,C,C,B,B,B,DCACACCBBB,0.1,0.0,0.0,1,1,218,,0.0,noisy,random,positive,Fail,red,20.0,2.0,2.0,Fail Box,1,1,218,,0.0,D,B,A,C,B,D,A,B,C,D,DBACBDABCD,1.0,Non-STEM Track,,0.0,0.0,2.0,1,1,218,,0.0,R,R,R,R,R,C,C,C,C,C,C,RRRRRCCCCCC,1,1,218,,0.0,0,0,1,0,0,0,0,0,0,im not good at stem,arts and culinary,it was a good experience,Non-STEM Track,1,1,,,,,,,,,,,,,,,,,,,,,,,,,,,,,,,,,,,,,,,,,,,,,,,,,,,,,,,,66f4a4ee10f4b74bed42e5ec,668c8ffbae575baf6cad36f7,APPROVED,Not Applicable,2024-09-26T00:04:05.888000Z,2024-09-26T00:14:47.536000Z,2024-09-26T00:15:12.604000Z,2024-09-26T00:14:48.472209Z,642.0,C1BTHULB,295,White,Undergraduate degree (BA/BSc/other),43,Male,White,United States,United States,United States,English,No,Full-Time
209,219,c00r4r1m,,0,18,18,Section_7,EndSurvey,2024-09-26 00:04:19.031863,1,,,0.0,,,,,,,,,,,,,,czcerakw,,,,,0,Experiment_1_Persistence,https://app.prolific.com/submissions/complete?cc=C1BTHULB,0.0,1.0,219,,0.0,66bb7f23dfeb90cc288bd460,1,1,219,,0.0,D,B,D,B,C,A,A,C,B,C,DBDBCAACBC,0.2,1.0,12.191,1,1,219,,0.0,noisy,random,positive,Pass,red,75.0,4.0,2.0,Fail Box,1,1,219,,0.0,B,D,B,C,B,D,C,C,C,B,BDBCBDCCCB,0.3,STEM Track,,0.0,0.0,2.0,1,1,219,,0.0,R,R,R,R,R,C,C,C,C,C,C,RRRRRCCCCCC,1,1,219,,0.0,0,0,1,0,0,1,0,0,0,I want the chance to continue going if I answered the certain amount correctly.,Basic Math for work.  Up to Pre-Calculus in school.,"The math problems were difficult. I remember learning some of them in school, but that was about 14 years ago.",STEM Track,1,1,,,,,,,,,,,,,,,,,,,,,,,,,,,,,,,,,,,,,,,,,,,,,,,,,,,,,,,,66f4a4f436c978e7869a44d3,66bb7f23dfeb90cc288bd460,APPROVED,Not Applicable,2024-09-26T00:04:15.609000Z,2024-09-26T00:24:04.470000Z,2024-09-26T00:24:13.295000Z,2024-09-26T00:24:10.389797Z,1189.0,C1BTHULB,102,White Mexican,High school diploma/A-levels,32,Male,White,United States,United States,United States,English,Yes,Part-Time
210,220,0tgzm7ly,,0,18,18,Section_7,EndSurvey,2024-09-26 00:04:20.261952,1,,,0.0,,,,,,,,,,,,,,czcerakw,,,,,0,Experiment_1_Persistence,https://app.prolific.com/submissions/complete?cc=C1BTHULB,0.0,1.0,220,,0.0,6662149979f662803eff17de,1,1,220,,0.0,D,A,,C,D,,,,,,DA_CD_____,0.1,0.0,0.0,1,1,220,,0.0,noisy,random,ground,Fail,black,50.0,3.0,3.0,Fail Box,1,1,220,,0.0,B,,A,,,D,C,A,,,B_A__DCA__,0.4,STEM Track,,0.0,0.0,3.0,1,1,220,,0.0,R,R,R,R,R,C,C,C,C,C,C,RRRRRCCCCCC,1,1,220,,0.0,0,0,1,0,0,0,0,0,0,Confident in my ability to earn the higher bonus,I studied engineering and have worked in automotive,Experience was positive,STEM Track,1,1,,,,,,,,,,,,,,,,,,,,,,,,,,,,,,,,,,,,,,,,,,,,,,,,,,,,,,,,66f4a3d6efdfac9adefa62c2,6662149979f662803eff17de,APPROVED,Not Applicable,2024-09-26T00:03:58.521000Z,2024-09-26T00:29:24.015000Z,2024-09-26T00:29:27.762000Z,2024-09-26T00:29:24.933512Z,1526.0,C1BTHULB,560,White,Undergraduate degree (BA/BSc/other),36,Male,White,United States,United States,United States,English,No,Full-Time
211,221,e6ft2rgm,,0,18,18,Section_7,EndSurvey,2024-09-26 00:04:27.299980,1,,,0.0,,,,,,,,,,,,,,czcerakw,,,,,0,Experiment_1_Persistence,https://app.prolific.com/submissions/complete?cc=C1BTHULB,0.0,1.0,221,,0.0,668ea84ebd40d8a08ffc47ce,1,1,221,,0.0,C,D,C,C,C,C,A,A,A,D,CDCCCCAAAD,0.1,0.0,0.0,1,1,221,,0.0,noisy,random,positive,Fail,red,50.0,2.0,3.0,Fail Box,1,1,221,,0.0,D,B,A,B,B,D,A,B,C,D,DBABBDABCD,0.9,Non-STEM Track,,0.0,0.0,3.0,1,1,221,,0.0,R,C,C,C,C,C,C,C,C,C,C,RCCCCCCCCCC,1,1,221,,0.0,0,1,0,0,0,0,0,0,0,safe-fair-realistic,Communications,Math is hard :),Non-STEM Track,1,1,,,,,,,,,,,,,,,,,,,,,,,,,,,,,,,,,,,,,,,,,,,,,,,,,,,,,,,,66f4a4fe580d51a75ad21ad2,668ea84ebd40d8a08ffc47ce,APPROVED,Not Applicable,2024-09-26T00:04:22.436000Z,2024-09-26T00:18:50.151000Z,2024-09-26T00:18:51.485000Z,2024-09-26T00:18:50.879864Z,868.0,C1BTHULB,402,White,High school diploma/A-levels,65,Male,White,United States,United States,Italy,English,No,"Not in paid work (e.g. homemaker', 'retired or disabled)"
212,222,wnvjlfno,,0,18,18,Section_7,EndSurvey,2024-09-26 00:04:49.654032,1,,,0.0,,,,,,,,,,,,,,czcerakw,,,,,0,Experiment_1_Persistence,https://app.prolific.com/submissions/complete?cc=C1BTHULB,0.0,1.0,222,,0.0,66933bd9ffa8d76ccb02aa43,1,1,222,,0.0,D,A,A,C,C,B,D,D,B,A,DAACCBDDBA,0.3,0.0,0.0,1,1,222,,0.0,noisy,random,positive,Pass,red,25.0,2.0,2.0,Fail Box,1,1,222,,0.0,D,B,A,C,B,D,A,B,C,D,DBACBDABCD,1.0,Non-STEM Track,,0.0,0.0,2.0,1,1,222,,0.0,R,R,R,R,R,R,C,R,C,C,C,RRRRRRCRCCC,1,1,222,,0.0,0,1,0,0,0,0,0,0,0,I’ve never been good with complex stem questions ,History ,I didn’t like the stem but the rest was fun ,Non-STEM Track,1,1,,,,,,,,,,,,,,,,,,,,,,,,,,,,,,,,,,,,,,,,,,,,,,,,,,,,,,,,66f4a515ec15bdb4ad7f540f,66933bd9ffa8d76ccb02aa43,APPROVED,Not Applicable,2024-09-26T00:04:43.106000Z,2024-09-26T00:16:01.577000Z,2024-09-26T00:16:07.546000Z,2024-09-26T00:16:02.318374Z,679.0,C1BTHULB,245,White,Undergraduate degree (BA/BSc/other),35,Male,White,United States,United States,United States,English,No,Unemployed (and job seeking)
213,223,2ygibmvu,,0,18,18,Section_7,EndSurvey,2024-09-26 00:04:50.391930,1,,,0.0,,,,,,,,,,,,,,czcerakw,,,,,0,Experiment_1_Persistence,https://app.prolific.com/submissions/complete?cc=C1BTHULB,0.0,1.0,223,,0.0,5c9a7872e2a8d00001585513,1,1,223,,0.0,B,A,B,D,D,B,D,C,A,B,BABDDBDCAB,0.5,0.0,0.0,1,1,223,,0.0,noisy,random,positive,Pass,black,20.0,2.0,3.0,Pass Box,1,1,223,,0.0,D,B,A,C,B,D,A,B,C,D,DBACBDABCD,1.0,Non-STEM Track,,0.0,0.0,3.0,1,1,223,,0.0,R,R,R,R,C,C,C,C,C,C,C,RRRRCCCCCCC,1,1,223,,0.0,0,0,1,1,1,0,0,0,0,Easier to get correct answers.,"Academic writing, information technology, and office software.",Instructions were a little difficult to understand for the decisions after the STEM quiz.,Non-STEM Track,1,1,,,,,,,,,,,,,,,,,,,,,,,,,,,,,,,,,,,,,,,,,,,,,,,,,,,,,,,,66f4a519653fb6c18396ecf1,5c9a7872e2a8d00001585513,APPROVED,Not Applicable,2024-09-26T00:04:48.277000Z,2024-09-26T00:19:36.253000Z,2024-09-26T00:22:09.547000Z,2024-09-26T00:22:11.302261Z,888.0,C1BTHULB,1610,White,Undergraduate degree (BA/BSc/other),35,Male,White,United States,United States,United States,English,No,Unemployed (and job seeking)
214,224,gtytskye,,0,18,18,Section_7,EndSurvey,2024-09-26 00:05:20.241504,1,,,0.0,,,,,,,,,,,,,,czcerakw,,,,,0,Experiment_1_Persistence,https://app.prolific.com/submissions/complete?cc=C1BTHULB,0.0,1.0,224,,0.0,65e398ef884e5dd8e5970152,1,1,224,,0.0,D,C,A,B,B,A,D,B,A,C,DCABBADBAC,0.3,0.0,0.0,1,1,224,,0.0,noisy,random,negative,Pass,red,10.0,1.0,1.0,Fail Box,1,1,224,,0.0,D,B,A,C,B,D,A,B,C,D,DBACBDABCD,1.0,Non-STEM Track,,0.0,0.0,1.0,1,1,224,,0.0,R,R,R,R,C,C,C,C,C,C,C,RRRRCCCCCCC,1,1,224,,0.0,0,0,1,0,0,0,0,0,0,I thought I would perform better.,Pharmacy Technology and Hospitality,It was fun.,Non-STEM Track,1,1,,,,,,,,,,,,,,,,,,,,,,,,,,,,,,,,,,,,,,,,,,,,,,,,,,,,,,,,66f4a374848b46d3fa790a04,65e398ef884e5dd8e5970152,APPROVED,Not Applicable,2024-09-26T00:03:51.356000Z,2024-09-26T00:16:32.819000Z,2024-09-26T00:17:16.738000Z,2024-09-26T00:16:33.421442Z,762.0,C1BTHULB,819,Latino/Hispanic,Technical/community college,34,Female,Other,United States,United States,United States,English,DATA_EXPIRED,DATA_EXPIRED
215,225,fs8uw41m,,0,18,18,Section_7,EndSurvey,2024-09-26 00:05:21.909733,1,,,0.0,,,,,,,,,,,,,,czcerakw,,,,,0,Experiment_1_Persistence,https://app.prolific.com/submissions/complete?cc=C1BTHULB,0.0,1.0,225,,0.0,669b29f514caa691679be385,1,1,225,,0.0,D,A,B,B,A,B,D,C,C,B,DABBABDCCB,0.7,0.0,0.0,1,1,225,,0.0,noisy,random,ground,Fail,black,90.0,9.0,9.0,Fail Box,1,1,225,,0.0,D,B,A,C,B,D,A,B,C,D,DBACBDABCD,1.0,Non-STEM Track,,0.0,0.0,9.0,1,1,225,,0.0,R,R,R,R,R,C,C,C,C,C,C,RRRRRCCCCCC,1,1,225,,0.0,0,0,1,0,1,0,0,0,0,I have never been good at math and I think I am better at other things.,Social sciences.,I had fun. It felt like I was back in school again. I wish I knew the purpose of this test.,Non-STEM Track,1,1,,,,,,,,,,,,,,,,,,,,,,,,,,,,,,,,,,,,,,,,,,,,,,,,,,,,,,,,66f4a52cc21aa9b4100feea1,669b29f514caa691679be385,APPROVED,Not Applicable,2024-09-26T00:05:10.206000Z,2024-09-26T00:20:40.816000Z,2024-09-26T00:22:16.535000Z,2024-09-26T00:22:34.729853Z,931.0,C1BTHULB,199,White,High school diploma/A-levels,22,Male,White,United States,United States,United States,English,Yes,Other
216,226,avjcs1lh,,0,18,18,Section_7,EndSurvey,2024-09-26 00:05:24.838123,1,,,0.0,,,,,,,,,,,,,,czcerakw,,,,,0,Experiment_1_Persistence,https://app.prolific.com/submissions/complete?cc=C1BTHULB,0.0,1.0,226,,0.0,661a91f75f980845e760cf62,1,1,226,,0.0,C,A,A,B,B,B,D,C,C,C,CAABBBDCCC,0.7,0.0,0.0,1,1,226,,0.0,noisy,random,ground,Pass,red,40.0,5.0,4.0,Pass Box,1,1,226,,0.0,B,D,C,B,A,D,C,A,C,C,BDCBADCACC,0.7,STEM Track,,0.0,0.0,4.0,1,1,226,,0.0,R,R,R,R,C,C,C,C,C,C,C,RRRRCCCCCCC,1,1,226,,0.0,0,0,1,0,0,0,0,0,0,Better in math than english,"math, physics, engineering is my profession","cool survey, liked the questions",STEM Track,1,1,,,,,,,,,,,,,,,,,,,,,,,,,,,,,,,,,,,,,,,,,,,,,,,,,,,,,,,,66f4a53e9821645519edd5fc,661a91f75f980845e760cf62,APPROVED,Not Applicable,2024-09-26T00:05:22.409000Z,2024-09-26T00:25:12.522000Z,2024-09-26T00:25:15.004000Z,2024-09-26T00:25:13.400404Z,1191.0,C1BTHULB,195,South Asian,Undergraduate degree (BA/BSc/other),23,Male,Asian,Pakistan,United States,United States,Urdu,Yes,Full-Time
217,227,g1ps2y4a,,0,18,18,Section_7,EndSurvey,2024-09-26 00:06:24.292730,1,,,0.0,,,,,,,,,,,,,,czcerakw,,,,,0,Experiment_1_Persistence,https://app.prolific.com/submissions/complete?cc=C1BTHULB,0.0,1.0,227,,0.0,5d0c46b3dff7d70019e6dda7,1,1,227,,0.0,D,C,B,C,C,C,,,,,DCBCCC____,0.0,0.0,0.0,1,1,227,,0.0,noisy,random,negative,Pass,red,0.0,0.0,0.0,Pass Box,1,1,227,,0.0,D,B,A,C,B,D,A,B,C,D,DBACBDABCD,1.0,Non-STEM Track,,0.0,0.0,0.0,1,1,227,,0.0,R,R,R,R,R,C,C,C,C,C,C,RRRRRCCCCCC,1,1,227,,0.0,0,0,1,0,0,0,0,0,0,I figured it'd be easier,STEM,It was easy,Non-STEM Track,1,1,,,,,,,,,,,,,,,,,,,,,,,,,,,,,,,,,,,,,,,,,,,,,,,,,,,,,,,,66f4a5780f6050058416c975,5d0c46b3dff7d70019e6dda7,APPROVED,Not Applicable,2024-09-26T00:06:21.142000Z,2024-09-26T00:20:21.400000Z,2024-09-26T00:22:19.974000Z,2024-09-26T00:22:27.802707Z,841.0,C1BTHULB,990,White,High school diploma/A-levels,39,Male,White,United States,United States,United States,English,DATA_EXPIRED,DATA_EXPIRED
218,228,mljvgo1y,,0,18,18,Section_7,EndSurvey,2024-09-26 00:06:35.634855,1,,,0.0,,,,,,,,,,,,,,czcerakw,,,,,0,Experiment_1_Persistence,https://app.prolific.com/submissions/complete?cc=C1BTHULB,0.0,1.0,228,,0.0,5c1a7f152a85450001a876e0,1,1,228,,0.0,D,A,B,C,A,A,C,A,C,B,DABCAACACB,0.3,2.0,3.637,1,1,228,,0.0,noisy,random,negative,Pass,red,2.0,0.0,1.0,Pass Box,1,1,228,,0.0,D,B,A,C,B,D,A,B,C,D,DBACBDABCD,1.0,Non-STEM Track,,1.0,3.991,1.0,1,1,228,,0.0,R,R,R,R,R,R,C,C,C,C,C,RRRRRRCCCCC,1,1,228,,0.0,0,0,1,0,0,0,0,0,0,My brain is tired,math accounting science,,Non-STEM Track,1,1,,,,,,,,,,,,,,,,,,,,,,,,,,,,,,,,,,,,,,,,,,,,,,,,,,,,,,,,66f4a582b829460ac396ef4a,5c1a7f152a85450001a876e0,APPROVED,Not Applicable,2024-09-26T00:06:31.631000Z,2024-09-26T00:16:28.597000Z,2024-09-26T00:17:14.714000Z,2024-09-26T00:16:29.414952Z,597.0,C1BTHULB,4892,Black/African American,Undergraduate degree (BA/BSc/other),56,Male,Black,United States,United States,United States,English,DATA_EXPIRED,DATA_EXPIRED
219,229,dcmpzhl2,,0,18,18,Section_7,EndSurvey,2024-09-26 00:06:40.575717,1,,,0.0,,,,,,,,,,,,,,czcerakw,,,,,0,Experiment_1_Persistence,https://app.prolific.com/submissions/complete?cc=C1BTHULB,0.0,1.0,229,,0.0,627448a7458cf55c0cdea3bb,1,1,229,,0.0,C,A,B,B,B,C,C,B,B,B,CABBBCCBBB,0.4,0.0,0.0,1,1,229,,0.0,noisy,random,positive,Fail,red,20.0,2.0,7.0,Pass Box,1,1,229,,0.0,D,B,A,C,B,D,A,B,C,D,DBACBDABCD,1.0,Non-STEM Track,,0.0,0.0,7.0,1,1,229,,0.0,R,C,C,C,C,C,C,C,C,C,C,RCCCCCCCCCC,1,1,229,,0.0,0,1,1,0,1,0,0,0,0,"I'm a former foster kid, I did my best in school but it's been a long time and a hard life since then. I went to over 12 schools overall.","I studied everything in high school, but I went to an art college and worked in the game industry for a time. In terms of other industries I worked a bit in sales selling computers, I've done landscaping, data entry, worked st grocery stores , and sold art commissions. ","It was okay, if I had the tools to do so I would have done a better job but alas my knowledge is still lacking in some crucial areas. ",Non-STEM Track,1,1,,,,,,,,,,,,,,,,,,,,,,,,,,,,,,,,,,,,,,,,,,,,,,,,,,,,,,,,66f4a5810cf190bc997f54fa,627448a7458cf55c0cdea3bb,APPROVED,Not Applicable,2024-09-26T00:06:36.765000Z,2024-09-26T00:13:25.187000Z,2024-09-26T00:13:30.582000Z,2024-09-26T00:13:26.247662Z,409.0,C1BTHULB,2966,White,High school diploma/A-levels,30,Male,White,United States,United States,United States,English,Yes,DATA_EXPIRED
220,230,j5a7z8mj,,0,18,18,Section_7,EndSurvey,2024-09-26 00:06:50.377814,1,,,0.0,,,,,,,,,,,,,,czcerakw,,,,,0,Experiment_1_Persistence,https://app.prolific.com/submissions/complete?cc=C1BTHULB,0.0,1.0,230,,0.0,668f5c308e23cd8a217c5dfe,1,1,230,,0.0,B,A,A,B,B,A,C,D,B,B,BAABBACDBB,0.4,0.0,0.0,1,1,230,,0.0,noisy,random,negative,Pass,red,50.0,4.0,2.0,Pass Box,1,1,230,,0.0,A,B,A,D,B,D,A,D,C,D,ABADBDADCD,0.7,Non-STEM Track,,0.0,0.0,2.0,1,1,230,,0.0,R,R,R,R,R,C,C,C,C,C,C,RRRRRCCCCCC,1,1,230,,0.0,1,0,1,0,0,0,0,0,0,I chose it because I felt that I could get more right on the Non-STEM track. ,"Computer Science, Business, Math, Science. ",It was good ,Non-STEM Track,1,1,,,,,,,,,,,,,,,,,,,,,,,,,,,,,,,,,,,,,,,,,,,,,,,,,,,,,,,,66f4a58eab0fc3f40afcf5ef,668f5c308e23cd8a217c5dfe,APPROVED,Not Applicable,2024-09-26T00:06:45.656000Z,2024-09-26T00:16:48.051000Z,2024-09-26T00:17:23.412000Z,2024-09-26T00:16:48.995122Z,603.0,C1BTHULB,25,White,High school diploma/A-levels,18,Male,White,United States,United States,United States,English,Yes,Other
221,231,6ajrwdmu,,0,18,18,Section_7,EndSurvey,2024-09-26 00:06:50.399522,1,,,0.0,,,,,,,,,,,,,,czcerakw,,,,,0,Experiment_1_Persistence,https://app.prolific.com/submissions/complete?cc=C1BTHULB,0.0,1.0,231,,0.0,632339023c3bf456b2b2061d,1,1,231,,0.0,D,B,D,D,B,B,D,C,A,B,DBDDBBDCAB,0.5,0.0,0.0,1,1,231,,0.0,noisy,random,positive,Fail,red,70.0,6.0,6.0,Fail Box,1,1,231,,0.0,D,B,A,C,B,D,A,B,C,C,DBACBDABCC,0.9,Non-STEM Track,,0.0,0.0,6.0,1,1,231,,0.0,R,R,R,R,R,C,C,C,C,C,C,RRRRRCCCCCC,1,1,231,,0.0,0,0,1,0,0,1,0,0,0,I didn't trust my ability to get the answers right.,"I studied architecture in school, and I work in the manufacturing industry.",,Non-STEM Track,1,1,,,,,,,,,,,,,,,,,,,,,,,,,,,,,,,,,,,,,,,,,,,,,,,,,,,,,,,,66f4a595114edfdf90edcf8f,632339023c3bf456b2b2061d,APPROVED,Not Applicable,2024-09-26T00:06:48.312000Z,2024-09-26T00:19:12.776000Z,2024-09-26T00:19:14.064000Z,2024-09-26T00:19:13.934298Z,745.0,C1BTHULB,302,Latino/Hispanic,High school diploma/A-levels,46,Male,Other,United States,United States,United States,English,No,Full-Time
222,232,zydnals7,,0,18,18,Section_7,EndSurvey,2024-09-26 00:07:00.001315,1,,,0.0,,,,,,,,,,,,,,czcerakw,,,,,0,Experiment_1_Persistence,https://app.prolific.com/submissions/complete?cc=C1BTHULB,0.0,1.0,232,,0.0,66f1dc27b04f13110f25da48,1,1,232,,0.0,B,A,A,D,C,C,A,D,D,A,BAADCCADDA,0.1,0.0,0.0,1,1,232,,0.0,noisy,random,negative,Fail,red,33.0,4.0,4.0,Fail Box,1,1,232,,0.0,D,B,A,C,B,D,A,B,C,D,DBACBDABCD,1.0,Non-STEM Track,,0.0,0.0,4.0,1,1,232,,0.0,R,R,R,R,C,C,C,C,C,C,C,RRRRCCCCCCC,1,1,232,,0.0,0,0,1,0,1,0,0,0,0,It's been a while since I had to deal with STEM related questions and I felt like I wouldn't be able to properly answer them in the time given to a successful degree.,"Politics, philosophy, and psychology",It was stressful but fun!,Non-STEM Track,1,1,,,,,,,,,,,,,,,,,,,,,,,,,,,,,,,,,,,,,,,,,,,,,,,,,,,,,,,,66f4a59b114edfdf90edcf92,66f1dc27b04f13110f25da48,APPROVED,Not Applicable,2024-09-26T00:06:56.635000Z,2024-09-26T00:18:39.916000Z,2024-09-26T00:18:40.994000Z,2024-09-26T00:18:40.866950Z,704.0,C1BTHULB,25,White,High school diploma/A-levels,24,Male,White,United States,United States,United States,English,No,DATA_EXPIRED
223,233,6zgof17i,,0,18,18,Section_7,EndSurvey,2024-09-26 00:07:00.579388,1,,,0.0,,,,,,,,,,,,,,czcerakw,,,,,0,Experiment_1_Persistence,https://app.prolific.com/submissions/complete?cc=C1BTHULB,0.0,1.0,233,,0.0,66b2062c8571c93aa39a8abc,1,1,233,,0.0,C,A,B,C,A,B,C,D,A,A,CABCABCDAA,0.2,0.0,0.0,1,1,233,,0.0,noisy,random,positive,Fail,red,35.0,2.0,4.0,Fail Box,1,1,233,,0.0,D,B,A,C,B,D,A,B,C,D,DBACBDABCD,1.0,Non-STEM Track,,0.0,0.0,4.0,1,1,233,,0.0,R,R,R,R,C,C,C,C,C,C,C,RRRRCCCCCCC,1,1,233,,0.0,0,0,1,0,0,1,0,0,0,I was not confident in my ability to answer the stem related questions because I could not remember how to solve a lot of the questions in the first test. ,"I mainly studied art related subjects and math, and ive only ever worked in retail. ",my experience was fine i just wish i had more time to try and solve the first batch of stem questions. ,Non-STEM Track,1,1,,,,,,,,,,,,,,,,,,,,,,,,,,,,,,,,,,,,,,,,,,,,,,,,,,,,,,,,66f4a5940cb5b164b05abbc5,66b2062c8571c93aa39a8abc,APPROVED,Not Applicable,2024-09-26T00:06:51.087000Z,2024-09-26T00:28:06.313000Z,2024-09-26T00:28:07.063000Z,2024-09-26T00:28:06.970505Z,1276.0,C1BTHULB,62,White,High school diploma/A-levels,22,Male,White,United States,United States,United States,English,No,Unemployed (and job seeking)
224,234,rl06p01m,,0,18,18,Section_7,EndSurvey,2024-09-26 00:07:04.300321,1,,,0.0,,,,,,,,,,,,,,czcerakw,,,,,0,Experiment_1_Persistence,https://app.prolific.com/submissions/complete?cc=C1BTHULB,0.0,1.0,234,,0.0,66ee033078ac153667a8aa2f,1,1,234,,0.0,B,C,A,B,C,B,C,C,B,B,BCABCBCCBB,0.4,0.0,1727309435.496,1,1,234,,0.0,noisy,random,negative,Fail,black,55.0,5.0,5.0,Pass Box,1,1,234,,0.0,D,B,B,C,B,D,A,B,C,D,DBBCBDABCD,0.9,Non-STEM Track,,0.0,0.0,5.0,1,1,234,,0.0,R,R,R,R,R,C,C,C,C,C,C,RRRRRCCCCCC,1,1,234,,0.0,0,0,1,0,0,0,0,0,0,because i am well versed with non stem track ,"studied finance public management and i have worked at finance ,manufacturing education and training hospitality and tourism ",na,Non-STEM Track,1,1,,,,,,,,,,,,,,,,,,,,,,,,,,,,,,,,,,,,,,,,,,,,,,,,,,,,,,,,66f4a58b39d3ea2e3d50304a,66ee033078ac153667a8aa2f,APPROVED,Not Applicable,2024-09-26T00:06:44.866000Z,2024-09-26T00:29:32.569000Z,2024-09-26T00:29:33.412000Z,2024-09-26T00:29:33.314974Z,1368.0,C1BTHULB,22,White,Graduate degree (MA/MSc/MPhil/other),57,Male,White,United States,United States,United States,English,No,Part-Time
225,235,j4971zlz,,0,18,18,Section_7,EndSurvey,2024-09-26 00:07:32.490421,1,,,0.0,,,,,,,,,,,,,,czcerakw,,,,,0,Experiment_1_Persistence,https://app.prolific.com/submissions/complete?cc=C1BTHULB,0.0,1.0,235,,0.0,6145a88c94a2c86532d36b0f,1,1,235,,0.0,A,A,D,B,A,B,C,B,B,C,AADBABCBBC,0.4,0.0,0.0,1,1,235,,0.0,noisy,random,positive,Fail,red,100.0,5.0,5.0,Pass Box,1,1,235,,0.0,D,B,A,C,B,D,A,B,C,D,DBACBDABCD,1.0,Non-STEM Track,,0.0,0.0,5.0,1,1,235,,0.0,R,R,R,R,R,R,R,R,R,R,C,RRRRRRRRRRC,1,1,235,,0.0,0,0,0,0,1,0,0,0,0,Math takes much longer ,Math and Finances ,,Non-STEM Track,1,1,,,,,,,,,,,,,,,,,,,,,,,,,,,,,,,,,,,,,,,,,,,,,,,,,,,,,,,,66f4a5b9f7716f557f0c12d0,6145a88c94a2c86532d36b0f,APPROVED,Not Applicable,2024-09-26T00:07:30.324000Z,2024-09-26T00:21:45.927000Z,2024-09-26T00:22:22.152000Z,2024-09-26T00:22:46.321210Z,856.0,C1BTHULB,2880,Latino/Hispanic,High school diploma/A-levels,26,Male,Other,United States,United States,United States,English,Yes,Full-Time
226,236,qsmqn89a,,0,18,18,Section_7,EndSurvey,2024-09-26 00:07:36.077754,1,,,0.0,,,,,,,,,,,,,,czcerakw,,,,,0,Experiment_1_Persistence,https://app.prolific.com/submissions/complete?cc=C1BTHULB,0.0,1.0,236,,0.0,66b8051213c46524cf76d1a2,1,1,236,,0.0,D,A,A,B,D,B,D,B,D,B,DAABDBDBDB,0.5,0.0,0.0,1,1,236,,0.0,noisy,random,positive,Fail,red,50.0,8.0,7.0,Fail Box,1,1,236,,0.0,B,B,C,C,A,D,C,A,B,C,BBCCADCABC,0.8,STEM Track,,0.0,0.0,7.0,1,1,236,,0.0,R,R,R,R,R,R,C,C,C,C,C,RRRRRRCCCCC,1,1,236,,0.0,0,0,1,0,0,0,0,0,0,I have always done somewhat well in the STEM field previously.,"CHEM, CS, and various math subjects",No feedback,STEM Track,1,1,,,,,,,,,,,,,,,,,,,,,,,,,,,,,,,,,,,,,,,,,,,,,,,,,,,,,,,,66f4a5b2630a65564a7465db,66b8051213c46524cf76d1a2,APPROVED,Not Applicable,2024-09-26T00:07:27.785000Z,2024-09-26T00:22:08.779000Z,2024-09-26T00:22:25.026000Z,2024-09-26T00:22:49.476648Z,881.0,C1BTHULB,41,White,Undergraduate degree (BA/BSc/other),22,Male,White,United States,United States,United States,English,Yes,DATA_EXPIRED
227,237,vzqfmr5v,,0,18,18,Section_7,EndSurvey,2024-09-26 00:07:43.973719,1,,,0.0,,,,,,,,,,,,,,czcerakw,,,,,0,Experiment_1_Persistence,https://app.prolific.com/submissions/complete?cc=C1BTHULB,0.0,1.0,237,,0.0,6678c37722059e0a2e718dbb,1,1,237,,0.0,D,C,C,B,D,C,B,A,C,C,DCCBDCBACC,0.3,0.0,0.0,1,1,237,,0.0,noisy,random,positive,Fail,red,10.0,2.0,4.0,Fail Box,1,1,237,,0.0,A,A,A,C,B,B,A,C,C,D,AAACBBACCD,0.6,Non-STEM Track,,0.0,0.0,4.0,1,1,237,,0.0,R,R,C,C,C,C,C,C,C,C,C,RRCCCCCCCCC,1,1,237,,0.0,0,0,1,0,0,0,0,0,0,go big or go home,saftey,tough,Non-STEM Track,1,1,,,,,,,,,,,,,,,,,,,,,,,,,,,,,,,,,,,,,,,,,,,,,,,,,,,,,,,,66f4a5c07b890c47ee16ca74,6678c37722059e0a2e718dbb,APPROVED,Not Applicable,2024-09-26T00:07:39.863000Z,2024-09-26T00:23:45.150000Z,2024-09-26T00:23:46.036000Z,2024-09-26T00:23:46.434219Z,966.0,C1BTHULB,185,White,Technical/community college,69,Male,White,United States,United States,United States,English,No,DATA_EXPIRED
229,240,d0h3t2uj,,0,18,18,Section_7,EndSurvey,2024-09-26 00:08:02.431297,1,,,0.0,,,,,,,,,,,,,,czcerakw,,,,,0,Experiment_1_Persistence,https://app.prolific.com/submissions/complete?cc=C1BTHULB,0.0,1.0,240,,0.0,641c6e365da0d222c4471854,1,1,240,,0.0,D,A,B,B,C,A,B,B,D,B,DABBCABBDB,0.3,0.0,0.0,1,1,240,,0.0,noisy,random,positive,Fail,red,90.0,3.0,10.0,Fail Box,1,1,240,,0.0,D,B,A,C,B,D,A,B,C,D,DBACBDABCD,1.0,Non-STEM Track,,0.0,0.0,10.0,1,1,240,,0.0,R,C,C,C,C,C,C,C,C,C,C,RCCCCCCCCCC,1,1,240,,0.0,0,0,1,0,0,0,0,0,0,I thought it would be a waste of my time as I was not going to get the questions correct.,Business,"I enjoyed it, it was a fun experience.",Non-STEM Track,1,1,,,,,,,,,,,,,,,,,,,,,,,,,,,,,,,,,,,,,,,,,,,,,,,,,,,,,,,,66f4a5da996abf371442ab99,641c6e365da0d222c4471854,APPROVED,Not Applicable,2024-09-26T00:07:58.747000Z,2024-09-26T00:16:43.902000Z,2024-09-26T00:17:20.031000Z,2024-09-26T00:16:44.534278Z,526.0,C1BTHULB,414,White,High school diploma/A-levels,20,Male,White,United States,United States,United States,English,DATA_EXPIRED,DATA_EXPIRED
230,241,sv6mpuq6,,0,18,18,Section_7,EndSurvey,2024-09-26 00:08:08.302628,1,,,0.0,,,,,,,,,,,,,,czcerakw,,,,,0,Experiment_1_Persistence,https://app.prolific.com/submissions/complete?cc=C1BTHULB,0.0,1.0,241,,0.0,66abec2fd3d6ab33fb42bd60,1,1,241,,0.0,B,D,C,D,B,C,A,D,C,B,BDCDBCADCB,0.4,0.0,0.0,1,1,241,,0.0,noisy,random,positive,Pass,black,10.0,2.0,3.0,Pass Box,1,1,241,,0.0,D,B,A,C,B,D,A,B,C,D,DBACBDABCD,1.0,Non-STEM Track,,0.0,0.0,3.0,1,1,241,,0.0,R,R,R,R,C,C,C,C,C,C,C,RRRRCCCCCCC,1,1,241,,0.0,0,0,1,0,0,0,0,0,0,I didn’t really know any of the math questions as it has been years since I’ve done those kind of equations. ,Finance and business. I work in technology product development ,,Non-STEM Track,1,1,,,,,,,,,,,,,,,,,,,,,,,,,,,,,,,,,,,,,,,,,,,,,,,,,,,,,,,,66f4a5d194aaeae36d61fa9a,66abec2fd3d6ab33fb42bd60,APPROVED,Not Applicable,2024-09-26T00:07:55.687000Z,2024-09-26T00:19:18.100000Z,2024-09-26T00:19:19.063000Z,2024-09-26T00:19:18.961444Z,683.0,C1BTHULB,227,White,Graduate degree (MA/MSc/MPhil/other),36,Male,White,United States,United States,United States,English,No,Full-Time
231,242,dpwikgk6,,0,18,18,Section_7,EndSurvey,2024-09-26 00:08:22.902540,1,,,0.0,,,,,,,,,,,,,,czcerakw,,,,,0,Experiment_1_Persistence,https://app.prolific.com/submissions/complete?cc=C1BTHULB,0.0,1.0,242,,0.0,58578946c41fd90001434680,1,1,242,,0.0,B,C,B,C,B,C,A,C,C,C,BCBCBCACCC,0.3,0.0,0.0,1,1,242,,0.0,noisy,random,positive,Pass,red,20.0,2.0,2.0,Fail Box,1,1,242,,0.0,D,B,A,C,B,D,A,B,C,D,DBACBDABCD,1.0,Non-STEM Track,,0.0,0.0,2.0,1,1,242,,0.0,R,R,R,R,R,C,C,C,C,C,C,RRRRRCCCCCC,1,1,242,,0.0,0,0,1,0,0,0,0,0,0,The math questions were too difficult for me. ,"Biology, English, Algebra, Spanish, Zoology, and History in education. I primarily worked in telecommunications technology in my IT career.",The STEM test was very difficult and honestly made me feel completely out of my element but I know I aced the second test so I feel a bit better about myself.,Non-STEM Track,1,1,,,,,,,,,,,,,,,,,,,,,,,,,,,,,,,,,,,,,,,,,,,,,,,,,,,,,,,,66f4a5ec3463200960791d64,58578946c41fd90001434680,APPROVED,Not Applicable,2024-09-26T00:08:19.003000Z,2024-09-26T00:27:03.083000Z,2024-09-26T00:27:03.978000Z,2024-09-26T00:27:03.884483Z,1125.0,C1BTHULB,4698,White,High school diploma/A-levels,69,Male,White,United States,United States,United States,English,No,"Not in paid work (e.g. homemaker', 'retired or disabled)"
232,243,qg3f2i4x,,0,18,18,Section_7,EndSurvey,2024-09-26 00:08:35.047381,1,,,0.0,,,,,,,,,,,,,,czcerakw,,,,,0,Experiment_1_Persistence,https://app.prolific.com/submissions/complete?cc=C1BTHULB,0.0,1.0,243,,0.0,642ee1cb7e6da0f6158a6743,1,1,243,,0.0,C,B,D,A,A,B,B,B,C,C,CBDAABBBCC,0.2,0.0,0.0,1,1,243,,0.0,noisy,random,ground,Fail,black,50.0,2.0,3.0,Fail Box,1,1,243,,0.0,D,B,A,C,B,D,A,B,C,D,DBACBDABCD,1.0,Non-STEM Track,,0.0,0.0,3.0,1,1,243,,0.0,R,R,R,R,R,C,C,C,C,C,C,RRRRRCCCCCC,1,1,243,,0.0,0,0,1,0,0,0,0,0,0,"As much as I enjoy science-math my math skills are absent to solve those problems. I am 63 years old and last college math class was 40 years ago, and thought I would give the non-stem a whirl since I thought my odds of getting a right answer were greater.","Business Administration, math, statistics, human resource management, early computer classes (IBM PC with no hard drives! hahaha and MS-dos) Worked in the airline business for my entire career, station operations, supervisor, ticket agent, gate agent, lost baggage agent. ","That was a challenging stem test for me, the non-stem test seemed way too easy.",Non-STEM Track,1,1,,,,,,,,,,,,,,,,,,,,,,,,,,,,,,,,,,,,,,,,,,,,,,,,,,,,,,,,66f4a5faab0fc3f40afcf60e,642ee1cb7e6da0f6158a6743,APPROVED,Not Applicable,2024-09-26T00:08:31.214000Z,2024-09-26T00:31:06.785000Z,2024-09-26T00:33:14.904000Z,2024-09-26T00:34:08.693870Z,1356.0,C1BTHULB,3142,White,Undergraduate degree (BA/BSc/other),63,Male,White,United States,United States,United States,English,No,"Not in paid work (e.g. homemaker', 'retired or disabled)"
233,244,mb1a83wz,,0,18,18,Section_7,EndSurvey,2024-09-26 00:08:46.458967,1,,,0.0,,,,,,,,,,,,,,czcerakw,,,,,0,Experiment_1_Persistence,https://app.prolific.com/submissions/complete?cc=C1BTHULB,0.0,1.0,244,,0.0,664657170bccfb6ddea4249c,1,1,244,,0.0,D,C,B,D,A,B,C,B,C,B,DCBDABCBCB,0.3,0.0,0.0,1,1,244,,0.0,noisy,random,ground,Pass,red,2.0,1.0,2.0,Pass Box,1,1,244,,0.0,D,B,A,C,B,D,A,B,C,D,DBACBDABCD,1.0,Non-STEM Track,,0.0,0.0,2.0,1,1,244,,0.0,R,R,R,R,R,R,C,C,C,C,C,RRRRRRCCCCC,1,1,244,,0.0,0,0,1,0,0,0,0,0,0,I'm stronger with non-STEM subjects.,I studied journalism and history. I now work in communications.,It was fine.,Non-STEM Track,1,1,,,,,,,,,,,,,,,,,,,,,,,,,,,,,,,,,,,,,,,,,,,,,,,,,,,,,,,,66f4a604e89dc48e22f8bdff,664657170bccfb6ddea4249c,APPROVED,Not Applicable,2024-09-26T00:08:42.917000Z,2024-09-26T00:13:49.963000Z,2024-09-26T00:13:54.204000Z,2024-09-26T00:13:50.955828Z,308.0,C1BTHULB,597,White,Undergraduate degree (BA/BSc/other),32,Male,White,United States,United States,United States,English,No,Full-Time
235,246,pg6jveii,,0,18,18,Section_7,EndSurvey,2024-09-26 00:09:07.253862,1,,,0.0,,,,,,,,,,,,,,czcerakw,,,,,0,Experiment_1_Persistence,https://app.prolific.com/submissions/complete?cc=C1BTHULB,0.0,1.0,246,,0.0,584626b7e0ba710001a47438,1,1,246,,0.0,C,B,D,A,C,B,A,D,B,C,CBDACBADBC,0.1,1.0,1727309374.681,1,1,246,,0.0,noisy,random,ground,Pass,red,47.0,0.0,0.0,Pass Box,1,1,246,,0.0,A,C,B,D,B,C,B,C,A,B,ACBDBCBCAB,0.0,STEM Track,,0.0,0.0,0.0,1,1,246,,0.0,R,R,R,R,R,R,R,R,R,R,C,RRRRRRRRRRC,1,1,246,,0.0,0,0,1,0,1,0,0,0,0,I thought it would be easier.,I do not remember.,No feedback.,STEM Track,1,1,,,,,,,,,,,,,,,,,,,,,,,,,,,,,,,,,,,,,,,,,,,,,,,,,,,,,,,,66f4a617fe897fa04b5f9aad,584626b7e0ba710001a47438,APPROVED,Not Applicable,2024-09-26T00:09:04.086000Z,2024-09-26T00:13:52.060000Z,2024-09-26T02:11:15.609000Z,2024-09-26T00:13:52.761094Z,288.0,C1BTHULB,3083,Mixed,High school diploma/A-levels,33,Male,Mixed,United States,United States,United States,English,No,Unemployed (and job seeking)
236,247,ijnt9432,,0,18,18,Section_7,EndSurvey,2024-09-26 00:09:16.002594,1,,,0.0,,,,,,,,,,,,,,czcerakw,,,,,0,Experiment_1_Persistence,https://app.prolific.com/submissions/complete?cc=C1BTHULB,0.0,1.0,247,,0.0,60a48adfe091e410f4eaba34,1,1,247,,0.0,A,A,C,A,C,B,B,C,A,B,AACACBBCAB,0.6,0.0,0.0,1,1,247,,0.0,noisy,random,positive,Pass,red,50.0,3.0,3.0,Fail Box,1,1,247,,0.0,B,B,A,A,B,B,B,C,B,A,BBAABBBCBA,0.3,STEM Track,,0.0,0.0,3.0,1,1,247,,0.0,R,R,R,R,R,C,C,C,C,C,C,RRRRRCCCCCC,1,1,247,,0.0,0,0,1,0,0,0,0,0,0,I was hoping I could win some money,General studies. I worked in retail.,It was fine,STEM Track,1,1,,,,,,,,,,,,,,,,,,,,,,,,,,,,,,,,,,,,,,,,,,,,,,,,,,,,,,,,66f4a6230f6050058416c99f,60a48adfe091e410f4eaba34,APPROVED,Not Applicable,2024-09-26T00:09:11.874000Z,2024-09-26T00:20:50.677000Z,2024-09-26T00:22:17.407000Z,2024-09-26T00:22:39.822133Z,699.0,C1BTHULB,6659,White,Undergraduate degree (BA/BSc/other),31,Male,White,United States,United States,United States,English,DATA_EXPIRED,DATA_EXPIRED
237,248,0scp7seq,,0,18,18,Section_7,EndSurvey,2024-09-26 00:09:25.875389,1,,,0.0,,,,,,,,,,,,,,czcerakw,,,,,0,Experiment_1_Persistence,https://app.prolific.com/submissions/complete?cc=C1BTHULB,0.0,1.0,248,,0.0,6663c41c8e2b0242b66198ec,1,1,248,,0.0,B,D,B,B,B,B,D,A,D,A,BDBBBBDADA,0.4,0.0,0.0,1,1,248,,0.0,noisy,random,positive,Fail,red,50.0,3.0,8.0,Fail Box,1,1,248,,0.0,B,D,C,A,B,D,C,B,D,C,BDCABDCBDC,0.6,STEM Track,,0.0,0.0,8.0,1,1,248,,0.0,R,R,R,R,R,R,C,C,C,C,C,RRRRRRCCCCC,1,1,248,,0.0,0,0,1,0,0,0,0,0,0,sounded interesting,"Business admin, Finance",no,STEM Track,1,1,,,,,,,,,,,,,,,,,,,,,,,,,,,,,,,,,,,,,,,,,,,,,,,,,,,,,,,,66f4a62a39d3ea2e3d503080,6663c41c8e2b0242b66198ec,APPROVED,Not Applicable,2024-09-26T00:09:22.483000Z,2024-09-26T00:25:29.048000Z,2024-09-26T00:25:31.256000Z,2024-09-26T00:25:29.896186Z,967.0,C1BTHULB,91,East Asian,Undergraduate degree (BA/BSc/other),42,Male,Asian,United States,United States,United States,English,No,Full-Time
238,249,j1qc4c1n,,0,18,18,Section_7,EndSurvey,2024-09-26 00:09:34.958064,1,,,0.0,,,,,,,,,,,,,,czcerakw,,,,,0,Experiment_1_Persistence,https://app.prolific.com/submissions/complete?cc=C1BTHULB,0.0,1.0,249,,0.0,5bdbce5593c9ba0001ef52a0,1,1,249,,0.0,D,A,B,C,C,,,,,,DABCC_____,0.1,0.0,0.0,1,1,249,,0.0,noisy,random,ground,Pass,red,10.0,0.0,1.0,Pass Box,1,1,249,,0.0,D,B,A,C,B,D,A,B,C,D,DBACBDABCD,1.0,Non-STEM Track,,0.0,0.0,1.0,1,1,249,,0.0,R,R,R,R,C,C,C,C,C,C,C,RRRRCCCCCCC,1,1,249,,0.0,0,0,1,0,0,0,0,0,0,"I'm horrible at math as soon as it starts involving letters and equations, having repeated one math class twice in high school due to just not 'getting it.'","English, computer science, and mechanical drafting and design. Ironically two math-heavy fields, but in comp sci the math has a more 'logical' flow to it, and in drafting, all the numbers have concrete measurements and meanings. Plus there's no one stopping you from tabbing away from a page in those fields.",Good god am I terrible at mathematics.,Non-STEM Track,1,1,,,,,,,,,,,,,,,,,,,,,,,,,,,,,,,,,,,,,,,,,,,,,,,,,,,,,,,,66f4a625d73f6108aeaa2a34,5bdbce5593c9ba0001ef52a0,APPROVED,Not Applicable,2024-09-26T00:09:29.189000Z,2024-09-26T00:23:34.399000Z,2024-09-26T00:23:35.158000Z,2024-09-26T00:23:35.059037Z,846.0,C1BTHULB,3076,White,High school diploma/A-levels,28,Male,White,United States,United States,United States,English,No,Unemployed (and job seeking)
239,250,b2iaao5g,,0,18,18,Section_7,EndSurvey,2024-09-26 00:09:50.486759,1,,,0.0,,,,,,,,,,,,,,czcerakw,,,,,0,Experiment_1_Persistence,https://app.prolific.com/submissions/complete?cc=C1BTHULB,0.0,1.0,250,,0.0,628eab48a8c8dc1ecec338dd,1,1,250,,0.0,A,A,B,C,D,C,D,B,B,B,AABCDCDBBB,0.4,0.0,0.0,1,1,250,,0.0,noisy,random,negative,Pass,red,50.0,4.0,4.0,Pass Box,1,1,250,,0.0,B,B,C,C,A,D,C,A,C,C,BBCCADCACC,0.7,STEM Track,,0.0,0.0,4.0,1,1,250,,0.0,R,R,R,R,R,C,C,C,C,C,C,RRRRRCCCCCC,1,1,250,,0.0,0,0,1,0,0,0,0,0,0,Because I enjoy science and environmental issues.,"Environmental Science, hydrology, ecology",fine. no.,STEM Track,1,1,,,,,,,,,,,,,,,,,,,,,,,,,,,,,,,,,,,,,,,,,,,,,,,,,,,,,,,,66f4a63aec3a4fe24fb1c34f,628eab48a8c8dc1ecec338dd,APPROVED,Not Applicable,2024-09-26T00:09:41.153000Z,2024-09-26T00:31:38.531000Z,2024-09-26T00:33:17.356000Z,2024-09-26T00:34:18.441439Z,1318.0,C1BTHULB,3582,White,Undergraduate degree (BA/BSc/other),30,Male,White,United States,United States,United States,English,No,Full-Time
240,251,bi308j7d,,0,18,18,Section_7,EndSurvey,2024-09-26 00:09:57.229554,1,,,0.0,,,,,,,,,,,,,,czcerakw,,,,,0,Experiment_1_Persistence,https://app.prolific.com/submissions/complete?cc=C1BTHULB,0.0,1.0,251,,0.0,615c777509f34c8977bc45a7,1,1,251,,0.0,A,A,D,B,B,C,D,C,D,B,AADBBCDCDB,0.7,0.0,0.0,1,1,251,,0.0,noisy,random,positive,Pass,red,87.0,7.0,6.0,Pass Box,1,1,251,,0.0,D,B,A,C,B,D,A,B,C,D,DBACBDABCD,1.0,Non-STEM Track,,0.0,0.0,6.0,1,1,251,,0.0,R,R,R,R,R,R,R,C,C,C,C,RRRRRRRCCCC,1,1,251,,0.0,0,0,1,1,0,0,0,0,0,"I was not expecting a STEM related exam, to be honest. I was a little burnt out already given it's nearing 7:30pm after doing the first track, hence the non-stem answer.","Science / computer science. I've worked at the same company since I got out with my associates, coming up on 10 years after starting as a desktop support and now being a systems administrator.","I might not have done this given the description had it said ""exam related questionnaire"" to be honest. Not a bad thing, necessarily. ",Non-STEM Track,1,1,,,,,,,,,,,,,,,,,,,,,,,,,,,,,,,,,,,,,,,,,,,,,,,,,,,,,,,,66f4a64653c822294ecc75be,615c777509f34c8977bc45a7,APPROVED,Not Applicable,2024-09-26T00:09:51.622000Z,2024-09-26T00:23:19.733000Z,2024-09-26T00:23:21.034000Z,2024-09-26T00:23:20.979067Z,809.0,C1BTHULB,5247,White,Technical/community college,35,Male,White,United States,United States,United States,English,No,Full-Time
241,252,copchh7p,,0,18,18,Section_7,EndSurvey,2024-09-26 00:09:58.886313,1,,,0.0,,,,,,,,,,,,,,czcerakw,,,,,0,Experiment_1_Persistence,https://app.prolific.com/submissions/complete?cc=C1BTHULB,0.0,1.0,252,,0.0,65198f8427370d082c643285,1,1,252,,0.0,A,D,C,C,D,C,C,C,B,C,ADCCDCCCBC,0.3,0.0,0.0,1,1,252,,0.0,noisy,random,negative,Fail,black,95.0,9.0,9.0,Fail Box,1,1,252,,0.0,C,C,C,C,C,D,B,C,C,C,CCCCCDBCCC,0.3,STEM Track,,0.0,0.0,9.0,1,1,252,,0.0,R,C,C,R,C,R,C,C,C,C,C,RCCRCRCCCCC,1,1,252,,0.0,0,0,1,0,0,0,0,0,0,"Because, my passion is stem related.",computer science ,"yeah, you should have given us more time to solve the math problem.",STEM Track,1,1,,,,,,,,,,,,,,,,,,,,,,,,,,,,,,,,,,,,,,,,,,,,,,,,,,,,,,,,66f4a64b9a7a1d8bd8a74d16,65198f8427370d082c643285,APPROVED,Not Applicable,2024-09-26T00:09:54.194000Z,2024-09-26T00:23:19.746000Z,2024-09-26T00:23:25.771000Z,2024-09-26T00:23:20.673901Z,806.0,C1BTHULB,421,Latino/Hispanic,High school diploma/A-levels,21,Male,Other,United States,United States,United States,Spanish,Yes,Part-Time
242,253,cyk1vl80,,0,18,18,Section_7,EndSurvey,2024-09-26 00:10:28.207314,1,,,0.0,,,,,,,,,,,,,,czcerakw,,,,,0,Experiment_1_Persistence,https://app.prolific.com/submissions/complete?cc=C1BTHULB,0.0,1.0,253,,0.0,667c6cdf30aebf82d16ebaf6,1,1,253,,0.0,D,A,B,B,C,B,C,C,B,A,DABBCBCCBA,0.4,0.0,0.0,1,1,253,,0.0,noisy,random,positive,Fail,red,99.0,5.0,5.0,Pass Box,1,1,253,,0.0,B,C,A,A,A,D,B,A,B,C,BCAAADBABC,0.7,STEM Track,,0.0,0.0,5.0,1,1,253,,0.0,R,R,R,R,R,C,C,C,C,C,C,RRRRRCCCCCC,1,1,253,,0.0,0,0,0,0,0,0,0,0,1,I have an interest in STEM,Science and Mathematics,NO,STEM Track,1,1,,,,,,,,,,,,,,,,,,,,,,,,,,,,,,,,,,,,,,,,,,,,,,,,,,,,,,,,66f4a65f834804b69cfcb8d6,667c6cdf30aebf82d16ebaf6,APPROVED,Not Applicable,2024-09-26T00:10:19.159000Z,2024-09-26T00:38:21.518000Z,2024-09-26T00:38:22.305000Z,2024-09-26T00:38:22.212401Z,1683.0,C1BTHULB,276,Black/African American,Undergraduate degree (BA/BSc/other),21,Female,Mixed,Ghana,United States,United States,English,Yes,Other
243,254,j5w9wtpm,,0,18,18,Section_7,EndSurvey,2024-09-26 00:11:56.164052,1,,,0.0,,,,,,,,,,,,,,czcerakw,,,,,0,Experiment_1_Persistence,https://app.prolific.com/submissions/complete?cc=C1BTHULB,0.0,1.0,254,,0.0,6291293b4da216ae257c1867,1,1,254,,0.0,D,A,C,B,D,B,D,C,C,B,DACBDBDCCB,0.8,2.0,2.261,1,1,254,,0.0,noisy,random,positive,Pass,black,100.0,10.0,8.0,Pass Box,1,1,254,,0.0,B,B,C,C,A,D,C,A,C,C,BBCCADCACC,0.7,STEM Track,,0.0,0.0,8.0,1,1,254,,0.0,R,R,R,R,R,R,C,C,C,C,C,RRRRRRCCCCC,1,1,254,,0.0,0,0,1,0,0,0,0,0,0,My background is in STEM.,Metallurgical engineering.  Manufacturing and education industries,Everything went well,STEM Track,1,1,,,,,,,,,,,,,,,,,,,,,,,,,,,,,,,,,,,,,,,,,,,,,,,,,,,,,,,,66f4a5d2b829460ac396ef63,6291293b4da216ae257c1867,APPROVED,Not Applicable,2024-09-26T00:11:29.304000Z,2024-09-26T00:40:48.715000Z,2024-09-26T00:43:00.127000Z,2024-09-26T00:43:01.668305Z,1760.0,C1BTHULB,843,White,Undergraduate degree (BA/BSc/other),36,Male,White,United States,United States,United States,English,No,Part-Time
244,255,jje9wowv,,0,18,18,Section_7,EndSurvey,2024-09-26 00:13:35.494061,1,,,0.0,,,,,,,,,,,,,,czcerakw,,,,,0,Experiment_1_Persistence,https://app.prolific.com/submissions/complete?cc=C1BTHULB,0.0,1.0,255,,0.0,5e69d69465f14102e116627b,1,1,255,,0.0,B,A,C,B,D,B,C,D,B,B,BACBDBCDBB,0.5,0.0,0.0,1,1,255,,0.0,noisy,random,negative,Pass,red,10.0,3.0,4.0,Fail Box,1,1,255,,0.0,D,B,A,C,B,D,A,B,C,D,DBACBDABCD,1.0,Non-STEM Track,,0.0,0.0,4.0,1,1,255,,0.0,R,R,R,R,C,C,C,C,C,C,C,RRRRCCCCCCC,1,1,255,,0.0,0,0,1,0,0,0,0,0,0,Felt like I had a better chance on something else after how bad I did on the STEM track.,Information Technology,"The experience was fine, probably not my best performance but I tried my best",Non-STEM Track,1,1,,,,,,,,,,,,,,,,,,,,,,,,,,,,,,,,,,,,,,,,,,,,,,,,,,,,,,,,66f4a627964b4c9ebeef5256,5e69d69465f14102e116627b,APPROVED,Not Applicable,2024-09-26T00:13:32.806000Z,2024-09-26T00:29:44.682000Z,2024-09-26T00:33:09.752000Z,2024-09-26T00:33:54.293209Z,972.0,C1BTHULB,1735,Latino/Hispanic,High school diploma/A-levels,32,Male,Other,United States,United States,Puerto Rico,English,No,Part-Time
245,257,fgrki2xz,,0,18,18,Section_7,EndSurvey,2024-09-26 00:14:37.173501,1,,,0.0,,,,,,,,,,,,,,czcerakw,,,,,0,Experiment_1_Persistence,https://app.prolific.com/submissions/complete?cc=C1BTHULB,0.0,1.0,257,,0.0,66da5c48c2eae634acb3ccbe,1,1,257,,0.0,D,C,D,D,B,C,,,,,DCDDBC____,0.1,1.0,3.327,1,1,257,,0.0,noisy,random,negative,Pass,red,0.0,0.0,0.0,Pass Box,1,1,257,,0.0,D,B,A,C,B,D,A,B,C,D,DBACBDABCD,1.0,Non-STEM Track,,0.0,0.0,0.0,1,1,257,,0.0,R,R,R,R,R,R,C,C,C,C,C,RRRRRRCCCCC,1,1,257,,0.0,0,0,1,0,0,0,0,0,0,Im bad at math.,The basics and Computer tech,Math is scary lol. Great job!,Non-STEM Track,1,1,,,,,,,,,,,,,,,,,,,,,,,,,,,,,,,,,,,,,,,,,,,,,,,,,,,,,,,,66f4a715848b46d3fa790b1a,66da5c48c2eae634acb3ccbe,APPROVED,Not Applicable,2024-09-26T00:14:07.764000Z,2024-09-26T00:37:08.222000Z,2024-09-26T00:37:09.087000Z,2024-09-26T00:37:08.996376Z,1381.0,C1BTHULB,73,Mixed,Technical/community college,45,Female,Black,United States,United States,United States,English,No,Other
246,258,pdqpah4g,,0,18,18,Section_7,EndSurvey,2024-09-26 00:18:02.340292,1,,,0.0,,,,,,,,,,,,,,czcerakw,,,,,0,Experiment_1_Persistence,https://app.prolific.com/submissions/complete?cc=C1BTHULB,0.0,1.0,258,,0.0,5e30dae130e5260d9c345bac,1,1,258,,0.0,C,C,C,C,C,C,C,C,C,C,CCCCCCCCCC,0.3,0.0,0.0,1,1,258,,0.0,noisy,random,ground,Pass,red,25.0,2.0,2.0,Fail Box,1,1,258,,0.0,D,B,A,C,B,D,A,B,C,D,DBACBDABCD,1.0,Non-STEM Track,,0.0,0.0,2.0,1,1,258,,0.0,R,R,R,R,C,C,C,C,C,C,C,RRRRCCCCCCC,1,1,258,,0.0,0,1,1,0,0,0,0,0,0,"The first 10 math questions I could probably solve with more time, but I would need a lot more time.",I studied Business Administration in college and currently teach middle school science.,I think most people will fail the 10 math questions in 8 minutes.,Non-STEM Track,1,1,,,,,,,,,,,,,,,,,,,,,,,,,,,,,,,,,,,,,,,,,,,,,,,,,,,,,,,,66f4a8303463200960791de4,5e30dae130e5260d9c345bac,APPROVED,Not Applicable,2024-09-26T00:17:59.359000Z,2024-09-26T00:28:58.845000Z,2024-09-26T00:29:00.091000Z,2024-09-26T00:29:00.002936Z,660.0,C1BTHULB,2503,White,Graduate degree (MA/MSc/MPhil/other),43,Male,White,United States,United States,United States,English,No,Full-Time
247,259,azzpm34f,,0,18,18,Section_7,EndSurvey,2024-09-26 00:30:33.564130,1,,,0.0,,,,,,,,,,,,,,czcerakw,,,,,0,Experiment_1_Persistence,https://app.prolific.com/submissions/complete?cc=C1BTHULB,0.0,1.0,259,,0.0,66d5b1868358bf809fcfc0f0,1,1,259,,0.0,A,C,C,B,A,C,C,B,D,C,ACCBACCBDC,0.3,0.0,0.0,1,1,259,,0.0,noisy,random,positive,Pass,black,20.0,0.0,3.0,Pass Box,1,1,259,,0.0,C,C,D,C,B,C,C,B,A,B,CCDCBCCBAB,0.1,STEM Track,,0.0,0.0,3.0,1,1,259,,0.0,R,R,R,R,R,R,R,R,R,R,C,RRRRRRRRRRC,1,1,259,,0.0,0,1,0,0,0,0,1,0,0,I wanted to challenge myself with math.,"Science, Social studies.  I've primarily worked in Property management.",I feel less confident in math now.  This was definitely a challenge that I was not prepared for.  Had fun trying.,STEM Track,1,1,,,,,,,,,,,,,,,,,,,,,,,,,,,,,,,,,,,,,,,,,,,,,,,,,,,,,,,,66f4ab1a114edfdf90edd0c2,66d5b1868358bf809fcfc0f0,APPROVED,Not Applicable,2024-09-26T00:30:28.007000Z,2024-09-26T00:54:53.218000Z,2024-09-26T00:54:54.343000Z,2024-09-26T00:56:04.189663Z,1466.0,C1BTHULB,39,Black/African American,High school diploma/A-levels,42,Female,Mixed,United States,United States,United States,English,No,Full-Time
248,260,0yh6b2k8,,0,18,18,Section_7,EndSurvey,2024-09-26 00:37:18.374202,1,,,0.0,,,,,,,,,,,,,,czcerakw,,,,,0,Experiment_1_Persistence,https://app.prolific.com/submissions/complete?cc=C1BTHULB,0.0,1.0,260,,0.0,64077ddd11208afe2bec171a,1,1,260,,0.0,B,C,B,A,A,D,B,C,D,A,BCBAADBCDA,0.1,0.0,0.0,1,1,260,,0.0,noisy,random,positive,Fail,red,25.0,3.0,4.0,Fail Box,1,1,260,,0.0,D,B,A,C,B,D,A,B,C,D,DBACBDABCD,1.0,Non-STEM Track,,0.0,0.0,4.0,1,1,260,,0.0,R,R,R,R,R,R,C,C,C,C,C,RRRRRRCCCCC,1,1,260,,0.0,0,0,1,0,1,0,0,0,0,I didn't believe I could get enough questions on the STEM track correct.,English and writing in school. Utilities and landscaping for work.,I had a good experience and everything went well.,Non-STEM Track,1,1,,,,,,,,,,,,,,,,,,,,,,,,,,,,,,,,,,,,,,,,,,,,,,,,,,,,,,,,66f4a2d8fe897fa04b5f998e,64077ddd11208afe2bec171a,APPROVED,Not Applicable,2024-09-26T00:05:03.914000Z,2024-09-26T00:45:59.214000Z,2024-09-26T00:46:00.028000Z,2024-09-26T00:46:20.591542Z,2456.0,C1BTHULB,3074,White,High school diploma/A-levels,28,Male,White,United States,United States,United States,English,No,DATA_EXPIRED
249,261,veaeuapq,,0,18,18,Section_7,EndSurvey,2024-09-26 00:46:23.126276,1,,,0.0,,,,,,,,,,,,,,czcerakw,,,,,0,Experiment_1_Persistence,https://app.prolific.com/submissions/complete?cc=C1BTHULB,0.0,1.0,261,,0.0,663ff3e539df6ec6f060f875,1,1,261,,0.0,A,B,C,B,D,B,C,B,,,ABCBDBCB__,0.4,0.0,0.0,1,1,261,,0.0,noisy,random,ground,Pass,red,0.0,0.0,0.0,Fail Box,1,1,261,,0.0,D,B,A,C,B,D,A,B,C,D,DBACBDABCD,1.0,Non-STEM Track,,0.0,0.0,0.0,1,1,261,,0.0,C,C,C,C,C,C,C,C,C,C,C,CCCCCCCCCCC,1,1,261,,0.0,0,0,1,1,0,1,0,0,0,Because I'm terrible at math. I was in school and I still am,Math and science,"It was very confusing, but enjoyable.",Non-STEM Track,1,1,,,,,,,,,,,,,,,,,,,,,,,,,,,,,,,,,,,,,,,,,,,,,,,,,,,,,,,,66f4aed1c4e69b1798df4225,663ff3e539df6ec6f060f875,APPROVED,Not Applicable,2024-09-26T00:46:19.640000Z,2024-09-26T00:57:41.894000Z,2024-09-26T00:57:44.649000Z,2024-09-26T00:57:43.249569Z,683.0,C1BTHULB,534,White,High school diploma/A-levels,26,Female,White,United States,United States,United States,English,No,Unemployed (and job seeking)
250,262,ai54w1h6,,0,18,18,Section_7,EndSurvey,2024-09-26 00:46:40.691428,1,,,0.0,,,,,,,,,,,,,,czcerakw,,,,,0,Experiment_1_Persistence,https://app.prolific.com/submissions/complete?cc=C1BTHULB,0.0,1.0,262,,0.0,663abe859bcc3ea8ef9bbdf3,1,1,262,,0.0,A,D,D,D,A,C,B,A,B,A,ADDDACBABA,0.1,0.0,0.0,1,1,262,,0.0,noisy,random,positive,Fail,red,20.0,2.0,5.0,Not Sure,1,1,262,,0.0,D,B,A,C,B,D,A,B,C,D,DBACBDABCD,1.0,Non-STEM Track,,0.0,0.0,5.0,1,1,262,,0.0,R,R,R,C,C,C,C,C,C,C,C,RRRCCCCCCCC,1,1,262,,0.0,0,0,1,0,0,0,0,0,0,I wasn't  sure if i would pass the test,"Math, Reading, science, and worked in health industry ",it was challenging ,Non-STEM Track,1,1,,,,,,,,,,,,,,,,,,,,,,,,,,,,,,,,,,,,,,,,,,,,,,,,,,,,,,,,66f4aecbe9d49119686c4e7c,663abe859bcc3ea8ef9bbdf3,APPROVED,Not Applicable,2024-09-26T00:46:32.688000Z,2024-09-26T01:00:07.216000Z,2024-09-26T01:00:38.656000Z,2024-09-26T01:00:26.785214Z,815.0,C1BTHULB,676,Mixed,Undergraduate degree (BA/BSc/other),58,Female,Black,United States,United States,United States,English,No,"Not in paid work (e.g. homemaker', 'retired or disabled)"
