participant.id_in_session,participant.code,participant.label,participant._is_bot,participant._index_in_pages,participant._max_page_index,participant._current_app_name,participant._current_page_name,participant.time_started_utc,participant.visited,participant.mturk_worker_id,participant.mturk_assignment_id,participant.payoff,participant.drop,participant.single,participant.page_number,participant.oppo_list,participant.payoffs_list,participant.oppo_payoffs_list,participant.nodes_list,participant.oppo_nodes_list,participant.takes_list,participant.oppo_takes_list,participant.order,participant.finished,participant.prolificID,session.code,session.label,session.mturk_HITId,session.mturk_HITGroupId,session.comment,session.is_demo,session.config.name,session.config.return_url,session.config.participation_fee,session.config.real_world_currency_per_point,Intro.1.player.id_in_group,Intro.1.player.role,Intro.1.player.payoff,Intro.1.player.prolific_id,Intro.1.group.id_in_subsession,Intro.1.subsession.round_number,Section_1.1.player.id_in_group,Section_1.1.player.role,Section_1.1.player.payoff,Section_1.1.player.question1,Section_1.1.player.question2,Section_1.1.player.question3,Section_1.1.player.question4,Section_1.1.player.question5,Section_1.1.player.question6,Section_1.1.player.question7,Section_1.1.player.question8,Section_1.1.player.question9,Section_1.1.player.question10,Section_1.1.player.stem_quiz_1_answers,Section_1.1.player.stem_quiz_1_score,Section_1.1.player.num_tab_switches_in_section_1,Section_1.1.player.total_time_hidden_in_section_1,Section_1.1.group.id_in_subsession,Section_1.1.subsession.round_number,Section_2_3.1.player.id_in_group,Section_2_3.1.player.role,Section_2_3.1.player.payoff,Section_2_3.1.player.track,Section_2_3.1.player.path,Section_2_3.1.player.info_structure,Section_2_3.1.player.performance,Section_2_3.1.player.ball_color,Section_2_3.1.player.overplacement,Section_2_3.1.player.overestimation,Section_2_3.1.player.passing_threshold,Section_2_3.1.player.ball_origin_estimation,Section_2_3.1.group.id_in_subsession,Section_2_3.1.subsession.round_number,Section_4_5.1.player.id_in_group,Section_4_5.1.player.role,Section_4_5.1.player.payoff,Section_4_5.1.player.question1,Section_4_5.1.player.question2,Section_4_5.1.player.question3,Section_4_5.1.player.question4,Section_4_5.1.player.question5,Section_4_5.1.player.question6,Section_4_5.1.player.question7,Section_4_5.1.player.question8,Section_4_5.1.player.question9,Section_4_5.1.player.question10,Section_4_5.1.player.quiz_2_answers,Section_4_5.1.player.quiz_2_score,Section_4_5.1.player.preferred_second_survey,Section_4_5.1.player.parsed_questions,Section_4_5.1.player.num_tab_switches_in_section_5,Section_4_5.1.player.total_time_hidden_in_section_5,Section_4_5.1.player.passing_threshold,Section_4_5.1.group.id_in_subsession,Section_4_5.1.subsession.round_number,Section_6.1.player.id_in_group,Section_6.1.player.role,Section_6.1.player.payoff,Section_6.1.player.question1,Section_6.1.player.question2,Section_6.1.player.question3,Section_6.1.player.question4,Section_6.1.player.question5,Section_6.1.player.question6,Section_6.1.player.question7,Section_6.1.player.question8,Section_6.1.player.question9,Section_6.1.player.question10,Section_6.1.player.question11,Section_6.1.player.risk_tolerance_answers,Section_6.1.group.id_in_subsession,Section_6.1.subsession.round_number,Section_7.1.player.id_in_group,Section_7.1.player.role,Section_7.1.player.payoff,Section_7.1.player.schools_private_independent,Section_7.1.player.schools_private_religious,Section_7.1.player.schools_public_school,Section_7.1.player.schools_homeschool,Section_7.1.player.schools_online_school,Section_7.1.player.schools_charter_school,Section_7.1.player.schools_all_girls_school,Section_7.1.player.schools_all_boys_school,Section_7.1.player.schools_stem_oriented_school,Section_7.1.player.track_decision,Section_7.1.player.subjects,Section_7.1.player.experience,Section_7.1.player.preferred_second_survey,Section_7.1.group.id_in_subsession,Section_7.1.subsession.round_number,Exp2_Intro.1.player.id_in_group,Exp2_Intro.1.player.role,Exp2_Intro.1.player.payoff,Exp2_Intro.1.player.prolific_id,Exp2_Intro.1.group.id_in_subsession,Exp2_Intro.1.subsession.round_number,Exp2_Section_1.1.player.id_in_group,Exp2_Section_1.1.player.role,Exp2_Section_1.1.player.payoff,Exp2_Section_1.1.player.question1,Exp2_Section_1.1.player.question2,Exp2_Section_1.1.player.question3,Exp2_Section_1.1.player.question4,Exp2_Section_1.1.player.question5,Exp2_Section_1.1.player.question6,Exp2_Section_1.1.player.question7,Exp2_Section_1.1.player.question8,Exp2_Section_1.1.player.question9,Exp2_Section_1.1.player.question10,Exp2_Section_1.1.player.stem_quiz_1_answers,Exp2_Section_1.1.player.stem_quiz_1_score,Exp2_Section_1.1.player.num_tab_switches_in_section_1,Exp2_Section_1.1.player.total_time_hidden_in_section_1,Exp2_Section_1.1.group.id_in_subsession,Exp2_Section_1.1.subsession.round_number,Exp2_Section_2_3.1.player.id_in_group,Exp2_Section_2_3.1.player.role,Exp2_Section_2_3.1.player.payoff,Exp2_Section_2_3.1.player.track,Exp2_Section_2_3.1.player.path,Exp2_Section_2_3.1.player.preferred_info_structure,Exp2_Section_2_3.1.player.performance,Exp2_Section_2_3.1.player.ball_color,Exp2_Section_2_3.1.player.overplacement,Exp2_Section_2_3.1.player.overestimation,Exp2_Section_2_3.1.player.passing_threshold,Exp2_Section_2_3.1.player.ball_origin_estimation,Exp2_Section_2_3.1.group.id_in_subsession,Exp2_Section_2_3.1.subsession.round_number,Exp2_Section_4.1.player.id_in_group,Exp2_Section_4.1.player.role,Exp2_Section_4.1.player.payoff,Exp2_Section_4.1.player.schools_private_independent,Exp2_Section_4.1.player.schools_private_religious,Exp2_Section_4.1.player.schools_public_school,Exp2_Section_4.1.player.schools_homeschool,Exp2_Section_4.1.player.schools_online_school,Exp2_Section_4.1.player.schools_charter_school,Exp2_Section_4.1.player.schools_all_girls_school,Exp2_Section_4.1.player.schools_all_boys_school,Exp2_Section_4.1.player.schools_stem_oriented_school,Exp2_Section_4.1.player.subjects,Exp2_Section_4.1.player.experience,Exp2_Section_4.1.group.id_in_subsession,Exp2_Section_4.1.subsession.round_number,pg_discounting3.1.player.id_in_group,pg_discounting3.1.player.role,pg_discounting3.1.player.payoff,pg_discounting3.1.player.ps_token_value,pg_discounting3.1.player.token_value,pg_discounting3.1.player.spending,pg_discounting3.1.player.results_clicked,pg_discounting3.1.player.potential_payoff,pg_discounting3.1.player.moved_in_current_period,pg_discounting3.1.group.id_in_subsession,pg_discounting3.1.group.ps_num_moves_made,pg_discounting3.1.group.ps_num_tokens_spent,pg_discounting3.1.group.num_moves_made,pg_discounting3.1.group.num_tokens_spent,pg_discounting3.1.group.current_period,pg_discounting3.1.group.stopped,pg_discounting3.1.subsession.round_number,pg_discounting3.1.subsession.L,pg_discounting3.1.subsession.K,pg_discounting3.1.subsession.public_goods_value,pg_discounting3.1.subsession.tokens_needed,pg_discounting3.1.subsession.num_paid_rounds,pg_discounting3.1.subsession.stopping_probability,pg_discounting3.1.subsession.period_batch_size,pg_discounting3.1.subsession.final_period,pg_discounting3.1.subsession.paid_period,pg_discounting3.2.player.id_in_group,pg_discounting3.2.player.role,pg_discounting3.2.player.payoff,pg_discounting3.2.player.ps_token_value,pg_discounting3.2.player.token_value,pg_discounting3.2.player.spending,pg_discounting3.2.player.results_clicked,pg_discounting3.2.player.potential_payoff,pg_discounting3.2.player.moved_in_current_period,pg_discounting3.2.group.id_in_subsession,pg_discounting3.2.group.ps_num_moves_made,pg_discounting3.2.group.ps_num_tokens_spent,pg_discounting3.2.group.num_moves_made,pg_discounting3.2.group.num_tokens_spent,pg_discounting3.2.group.current_period,pg_discounting3.2.group.stopped,pg_discounting3.2.subsession.round_number,pg_discounting3.2.subsession.L,pg_discounting3.2.subsession.K,pg_discounting3.2.subsession.public_goods_value,pg_discounting3.2.subsession.tokens_needed,pg_discounting3.2.subsession.num_paid_rounds,pg_discounting3.2.subsession.stopping_probability,pg_discounting3.2.subsession.period_batch_size,pg_discounting3.2.subsession.final_period,pg_discounting3.2.subsession.paid_period,pg_discounting3.3.player.id_in_group,pg_discounting3.3.player.role,pg_discounting3.3.player.payoff,pg_discounting3.3.player.ps_token_value,pg_discounting3.3.player.token_value,pg_discounting3.3.player.spending,pg_discounting3.3.player.results_clicked,pg_discounting3.3.player.potential_payoff,pg_discounting3.3.player.moved_in_current_period,pg_discounting3.3.group.id_in_subsession,pg_discounting3.3.group.ps_num_moves_made,pg_discounting3.3.group.ps_num_tokens_spent,pg_discounting3.3.group.num_moves_made,pg_discounting3.3.group.num_tokens_spent,pg_discounting3.3.group.current_period,pg_discounting3.3.group.stopped,pg_discounting3.3.subsession.round_number,pg_discounting3.3.subsession.L,pg_discounting3.3.subsession.K,pg_discounting3.3.subsession.public_goods_value,pg_discounting3.3.subsession.tokens_needed,pg_discounting3.3.subsession.num_paid_rounds,pg_discounting3.3.subsession.stopping_probability,pg_discounting3.3.subsession.period_batch_size,pg_discounting3.3.subsession.final_period,pg_discounting3.3.subsession.paid_period,pg_discounting3.4.player.id_in_group,pg_discounting3.4.player.role,pg_discounting3.4.player.payoff,pg_discounting3.4.player.ps_token_value,pg_discounting3.4.player.token_value,pg_discounting3.4.player.spending,pg_discounting3.4.player.results_clicked,pg_discounting3.4.player.potential_payoff,pg_discounting3.4.player.moved_in_current_period,pg_discounting3.4.group.id_in_subsession,pg_discounting3.4.group.ps_num_moves_made,pg_discounting3.4.group.ps_num_tokens_spent,pg_discounting3.4.group.num_moves_made,pg_discounting3.4.group.num_tokens_spent,pg_discounting3.4.group.current_period,pg_discounting3.4.group.stopped,pg_discounting3.4.subsession.round_number,pg_discounting3.4.subsession.L,pg_discounting3.4.subsession.K,pg_discounting3.4.subsession.public_goods_value,pg_discounting3.4.subsession.tokens_needed,pg_discounting3.4.subsession.num_paid_rounds,pg_discounting3.4.subsession.stopping_probability,pg_discounting3.4.subsession.period_batch_size,pg_discounting3.4.subsession.final_period,pg_discounting3.4.subsession.paid_period,pg_discounting3.5.player.id_in_group,pg_discounting3.5.player.role,pg_discounting3.5.player.payoff,pg_discounting3.5.player.ps_token_value,pg_discounting3.5.player.token_value,pg_discounting3.5.player.spending,pg_discounting3.5.player.results_clicked,pg_discounting3.5.player.potential_payoff,pg_discounting3.5.player.moved_in_current_period,pg_discounting3.5.group.id_in_subsession,pg_discounting3.5.group.ps_num_moves_made,pg_discounting3.5.group.ps_num_tokens_spent,pg_discounting3.5.group.num_moves_made,pg_discounting3.5.group.num_tokens_spent,pg_discounting3.5.group.current_period,pg_discounting3.5.group.stopped,pg_discounting3.5.subsession.round_number,pg_discounting3.5.subsession.L,pg_discounting3.5.subsession.K,pg_discounting3.5.subsession.public_goods_value,pg_discounting3.5.subsession.tokens_needed,pg_discounting3.5.subsession.num_paid_rounds,pg_discounting3.5.subsession.stopping_probability,pg_discounting3.5.subsession.period_batch_size,pg_discounting3.5.subsession.final_period,pg_discounting3.5.subsession.paid_period,pg_discounting3.6.player.id_in_group,pg_discounting3.6.player.role,pg_discounting3.6.player.payoff,pg_discounting3.6.player.ps_token_value,pg_discounting3.6.player.token_value,pg_discounting3.6.player.spending,pg_discounting3.6.player.results_clicked,pg_discounting3.6.player.potential_payoff,pg_discounting3.6.player.moved_in_current_period,pg_discounting3.6.group.id_in_subsession,pg_discounting3.6.group.ps_num_moves_made,pg_discounting3.6.group.ps_num_tokens_spent,pg_discounting3.6.group.num_moves_made,pg_discounting3.6.group.num_tokens_spent,pg_discounting3.6.group.current_period,pg_discounting3.6.group.stopped,pg_discounting3.6.subsession.round_number,pg_discounting3.6.subsession.L,pg_discounting3.6.subsession.K,pg_discounting3.6.subsession.public_goods_value,pg_discounting3.6.subsession.tokens_needed,pg_discounting3.6.subsession.num_paid_rounds,pg_discounting3.6.subsession.stopping_probability,pg_discounting3.6.subsession.period_batch_size,pg_discounting3.6.subsession.final_period,pg_discounting3.6.subsession.paid_period,pg_discounting3.7.player.id_in_group,pg_discounting3.7.player.role,pg_discounting3.7.player.payoff,pg_discounting3.7.player.ps_token_value,pg_discounting3.7.player.token_value,pg_discounting3.7.player.spending,pg_discounting3.7.player.results_clicked,pg_discounting3.7.player.potential_payoff,pg_discounting3.7.player.moved_in_current_period,pg_discounting3.7.group.id_in_subsession,pg_discounting3.7.group.ps_num_moves_made,pg_discounting3.7.group.ps_num_tokens_spent,pg_discounting3.7.group.num_moves_made,pg_discounting3.7.group.num_tokens_spent,pg_discounting3.7.group.current_period,pg_discounting3.7.group.stopped,pg_discounting3.7.subsession.round_number,pg_discounting3.7.subsession.L,pg_discounting3.7.subsession.K,pg_discounting3.7.subsession.public_goods_value,pg_discounting3.7.subsession.tokens_needed,pg_discounting3.7.subsession.num_paid_rounds,pg_discounting3.7.subsession.stopping_probability,pg_discounting3.7.subsession.period_batch_size,pg_discounting3.7.subsession.final_period,pg_discounting3.7.subsession.paid_period,pg_discounting3.8.player.id_in_group,pg_discounting3.8.player.role,pg_discounting3.8.player.payoff,pg_discounting3.8.player.ps_token_value,pg_discounting3.8.player.token_value,pg_discounting3.8.player.spending,pg_discounting3.8.player.results_clicked,pg_discounting3.8.player.potential_payoff,pg_discounting3.8.player.moved_in_current_period,pg_discounting3.8.group.id_in_subsession,pg_discounting3.8.group.ps_num_moves_made,pg_discounting3.8.group.ps_num_tokens_spent,pg_discounting3.8.group.num_moves_made,pg_discounting3.8.group.num_tokens_spent,pg_discounting3.8.group.current_period,pg_discounting3.8.group.stopped,pg_discounting3.8.subsession.round_number,pg_discounting3.8.subsession.L,pg_discounting3.8.subsession.K,pg_discounting3.8.subsession.public_goods_value,pg_discounting3.8.subsession.tokens_needed,pg_discounting3.8.subsession.num_paid_rounds,pg_discounting3.8.subsession.stopping_probability,pg_discounting3.8.subsession.period_batch_size,pg_discounting3.8.subsession.final_period,pg_discounting3.8.subsession.paid_period,pg_discounting3.9.player.id_in_group,pg_discounting3.9.player.role,pg_discounting3.9.player.payoff,pg_discounting3.9.player.ps_token_value,pg_discounting3.9.player.token_value,pg_discounting3.9.player.spending,pg_discounting3.9.player.results_clicked,pg_discounting3.9.player.potential_payoff,pg_discounting3.9.player.moved_in_current_period,pg_discounting3.9.group.id_in_subsession,pg_discounting3.9.group.ps_num_moves_made,pg_discounting3.9.group.ps_num_tokens_spent,pg_discounting3.9.group.num_moves_made,pg_discounting3.9.group.num_tokens_spent,pg_discounting3.9.group.current_period,pg_discounting3.9.group.stopped,pg_discounting3.9.subsession.round_number,pg_discounting3.9.subsession.L,pg_discounting3.9.subsession.K,pg_discounting3.9.subsession.public_goods_value,pg_discounting3.9.subsession.tokens_needed,pg_discounting3.9.subsession.num_paid_rounds,pg_discounting3.9.subsession.stopping_probability,pg_discounting3.9.subsession.period_batch_size,pg_discounting3.9.subsession.final_period,pg_discounting3.9.subsession.paid_period,pg_discounting3.10.player.id_in_group,pg_discounting3.10.player.role,pg_discounting3.10.player.payoff,pg_discounting3.10.player.ps_token_value,pg_discounting3.10.player.token_value,pg_discounting3.10.player.spending,pg_discounting3.10.player.results_clicked,pg_discounting3.10.player.potential_payoff,pg_discounting3.10.player.moved_in_current_period,pg_discounting3.10.group.id_in_subsession,pg_discounting3.10.group.ps_num_moves_made,pg_discounting3.10.group.ps_num_tokens_spent,pg_discounting3.10.group.num_moves_made,pg_discounting3.10.group.num_tokens_spent,pg_discounting3.10.group.current_period,pg_discounting3.10.group.stopped,pg_discounting3.10.subsession.round_number,pg_discounting3.10.subsession.L,pg_discounting3.10.subsession.K,pg_discounting3.10.subsession.public_goods_value,pg_discounting3.10.subsession.tokens_needed,pg_discounting3.10.subsession.num_paid_rounds,pg_discounting3.10.subsession.stopping_probability,pg_discounting3.10.subsession.period_batch_size,pg_discounting3.10.subsession.final_period,pg_discounting3.10.subsession.paid_period
1,alkz4462,,0,18,18,Section_7,EndSurvey,2024-09-25 18:34:46.983885,1,,,0.0,,,,,,,,,,,,,,czcerakw,,,,,0,Experiment_1_Persistence,https://app.prolific.com/submissions/complete?cc=C1BTHULB,0.0,1.0,1,,0.0,mila -test,1,1,1,,0.0,,,,,,,,,,,__________,0.0,0,0.0,1,1,1,,0.0,noisy,random,negative,Fail,black,50,5,5,Fail Box,1,1,1,,0.0,A,A,A,A,A,A,A,A,A,A,AAAAAAAAAA,0.2,Non-STEM Track,,0,0.0,5,1,1,1,,0.0,R,R,R,R,R,R,R,R,R,R,R,RRRRRRRRRRR,1,1,1,,0.0,1,1,0,0,0,0,0,0,0,no,reason,tseting,Non-STEM Track,1,1,,,,,,,,,,,,,,,,,,,,,,,,,,,,,,,,,,,,,,,,,,,,,,,,,,,,,,,,,,,,,,,,,,,,,,,,,,,,,,,,,,,,,,,,,,,,,,,,,,,,,,,,,,,,,,,,,,,,,,,,,,,,,,,,,,,,,,,,,,,,,,,,,,,,,,,,,,,,,,,,,,,,,,,,,,,,,,,,,,,,,,,,,,,,,,,,,,,,,,,,,,,,,,,,,,,,,,,,,,,,,,,,,,,,,,,,,,,,,,,,,,,,,,,,,,,,,,,,,,,,,,,,,,,,,,,,,,,,,,,,,,,,,,,,,,,,,,,,,,,,,,,,,,,,,,,,,,,
2,zordvq49,,0,18,18,Section_7,EndSurvey,2024-09-25 18:51:09.651447,1,,,0.0,,,,,,,,,,,,,,czcerakw,,,,,0,Experiment_1_Persistence,https://app.prolific.com/submissions/complete?cc=C1BTHULB,0.0,1.0,2,,0.0,mila - test 2,1,1,2,,0.0,A,A,A,A,A,A,A,A,A,A,AAAAAAAAAA,0.2,0,0.0,1,1,2,,0.0,noisy,random,negative,Fail,black,50,5,5,Fail Box,1,1,2,,0.0,A,A,A,A,A,A,A,A,A,A,AAAAAAAAAA,0.2,Non-STEM Track,,0,0.0,5,1,1,2,,0.0,R,R,R,R,R,R,R,R,R,R,R,RRRRRRRRRRR,1,1,2,,0.0,1,1,1,0,0,0,0,0,0,,,,Non-STEM Track,1,1,,,,,,,,,,,,,,,,,,,,,,,,,,,,,,,,,,,,,,,,,,,,,,,,,,,,,,,,,,,,,,,,,,,,,,,,,,,,,,,,,,,,,,,,,,,,,,,,,,,,,,,,,,,,,,,,,,,,,,,,,,,,,,,,,,,,,,,,,,,,,,,,,,,,,,,,,,,,,,,,,,,,,,,,,,,,,,,,,,,,,,,,,,,,,,,,,,,,,,,,,,,,,,,,,,,,,,,,,,,,,,,,,,,,,,,,,,,,,,,,,,,,,,,,,,,,,,,,,,,,,,,,,,,,,,,,,,,,,,,,,,,,,,,,,,,,,,,,,,,,,,,,,,,,,,,,,,,
3,tr8sgzms,,0,18,18,Section_7,EndSurvey,2024-09-25 19:08:59.383311,1,,,0.0,,,,,,,,,,,,,,czcerakw,,,,,0,Experiment_1_Persistence,https://app.prolific.com/submissions/complete?cc=C1BTHULB,0.0,1.0,3,,0.0,mila - test 3,1,1,3,,0.0,,,,,,,,,,,__________,0.0,0,0.0,1,1,3,,0.0,noisy,random,positive,Fail,red,90,9,9,Pass Box,1,1,3,,0.0,A,A,A,A,A,A,A,A,A,A,AAAAAAAAAA,0.4,STEM Track,,0,0.0,9,1,1,3,,0.0,R,R,R,R,R,R,R,R,R,R,R,RRRRRRRRRRR,1,1,3,,0.0,0,0,0,0,0,0,0,0,0,,,,STEM Track,1,1,,,,,,,,,,,,,,,,,,,,,,,,,,,,,,,,,,,,,,,,,,,,,,,,,,,,,,,,,,,,,,,,,,,,,,,,,,,,,,,,,,,,,,,,,,,,,,,,,,,,,,,,,,,,,,,,,,,,,,,,,,,,,,,,,,,,,,,,,,,,,,,,,,,,,,,,,,,,,,,,,,,,,,,,,,,,,,,,,,,,,,,,,,,,,,,,,,,,,,,,,,,,,,,,,,,,,,,,,,,,,,,,,,,,,,,,,,,,,,,,,,,,,,,,,,,,,,,,,,,,,,,,,,,,,,,,,,,,,,,,,,,,,,,,,,,,,,,,,,,,,,,,,,,,,,,,,,,
4,wzyg89ai,,0,18,18,Section_7,EndSurvey,2024-09-25 23:25:33.978945,1,,,0.0,,,,,,,,,,,,,,czcerakw,,,,,0,Experiment_1_Persistence,https://app.prolific.com/submissions/complete?cc=C1BTHULB,0.0,1.0,4,,0.0,66a403d685b8011f29d8cace,1,1,4,,0.0,B,B,B,D,A,C,B,B,B,A,BBBDACBBBA,0.0,0,0.0,1,1,4,,0.0,noisy,random,positive,Fail,red,50,5,5,Pass Box,1,1,4,,0.0,D,B,A,C,B,D,A,B,C,D,DBACBDABCD,1.0,Non-STEM Track,,0,0.0,5,1,1,4,,0.0,R,R,C,C,C,C,C,C,C,C,C,RRCCCCCCCCC,1,1,4,,0.0,0,0,1,0,0,0,0,0,0,Been awhile since school,General Studies,Interesting set of questions,Non-STEM Track,1,1,,,,,,,,,,,,,,,,,,,,,,,,,,,,,,,,,,,,,,,,,,,,,,,,,,,,,,,,,,,,,,,,,,,,,,,,,,,,,,,,,,,,,,,,,,,,,,,,,,,,,,,,,,,,,,,,,,,,,,,,,,,,,,,,,,,,,,,,,,,,,,,,,,,,,,,,,,,,,,,,,,,,,,,,,,,,,,,,,,,,,,,,,,,,,,,,,,,,,,,,,,,,,,,,,,,,,,,,,,,,,,,,,,,,,,,,,,,,,,,,,,,,,,,,,,,,,,,,,,,,,,,,,,,,,,,,,,,,,,,,,,,,,,,,,,,,,,,,,,,,,,,,,,,,,,,,,,,
5,hudmlbbu,,0,18,18,Section_7,EndSurvey,2024-09-25 23:26:15.283092,1,,,0.0,,,,,,,,,,,,,,czcerakw,,,,,0,Experiment_1_Persistence,https://app.prolific.com/submissions/complete?cc=C1BTHULB,0.0,1.0,5,,0.0,5924f4910a3e3e0001f1018e,1,1,5,,0.0,D,A,B,B,B,A,A,C,B,D,DABBBAACBD,0.4,0,0.0,1,1,5,,0.0,noisy,random,negative,Pass,red,10,1,2,Pass Box,1,1,5,,0.0,D,B,A,C,B,D,A,B,C,D,DBACBDABCD,1.0,Non-STEM Track,,0,0.0,2,1,1,5,,0.0,R,R,R,R,R,C,C,C,C,C,C,RRRRRCCCCCC,1,1,5,,0.0,0,0,1,0,0,0,0,0,0,I am not good at math. ,"Economics, Finance, Business Administration",My experience was fine throughout this process.,Non-STEM Track,1,1,,,,,,,,,,,,,,,,,,,,,,,,,,,,,,,,,,,,,,,,,,,,,,,,,,,,,,,,,,,,,,,,,,,,,,,,,,,,,,,,,,,,,,,,,,,,,,,,,,,,,,,,,,,,,,,,,,,,,,,,,,,,,,,,,,,,,,,,,,,,,,,,,,,,,,,,,,,,,,,,,,,,,,,,,,,,,,,,,,,,,,,,,,,,,,,,,,,,,,,,,,,,,,,,,,,,,,,,,,,,,,,,,,,,,,,,,,,,,,,,,,,,,,,,,,,,,,,,,,,,,,,,,,,,,,,,,,,,,,,,,,,,,,,,,,,,,,,,,,,,,,,,,,,,,,,,,,,
6,awa47p9d,,0,18,18,Section_7,EndSurvey,2024-09-25 23:26:26.964481,1,,,0.0,,,,,,,,,,,,,,czcerakw,,,,,0,Experiment_1_Persistence,https://app.prolific.com/submissions/complete?cc=C1BTHULB,0.0,1.0,6,,0.0,66f4741301fe3b3ef8362ab8,1,1,6,,0.0,A,C,B,C,B,D,B,C,C,B,ACBCBDBCCB,0.5,0,0.0,1,1,6,,0.0,noisy,random,ground,Pass,red,20,1,3,Pass Box,1,1,6,,0.0,D,B,A,C,B,D,A,B,C,C,DBACBDABCC,0.9,Non-STEM Track,,0,0.0,3,1,1,6,,0.0,R,R,R,R,R,C,C,C,C,C,C,RRRRRCCCCCC,1,1,6,,0.0,0,0,1,0,1,0,0,0,0,I am more interested in the liberal arts,I'll study some psychology and it helps me better interact with the elderly I help you take care of.,Good.,Non-STEM Track,1,1,,,,,,,,,,,,,,,,,,,,,,,,,,,,,,,,,,,,,,,,,,,,,,,,,,,,,,,,,,,,,,,,,,,,,,,,,,,,,,,,,,,,,,,,,,,,,,,,,,,,,,,,,,,,,,,,,,,,,,,,,,,,,,,,,,,,,,,,,,,,,,,,,,,,,,,,,,,,,,,,,,,,,,,,,,,,,,,,,,,,,,,,,,,,,,,,,,,,,,,,,,,,,,,,,,,,,,,,,,,,,,,,,,,,,,,,,,,,,,,,,,,,,,,,,,,,,,,,,,,,,,,,,,,,,,,,,,,,,,,,,,,,,,,,,,,,,,,,,,,,,,,,,,,,,,,,,,,
7,3u91ri44,,0,18,18,Section_7,EndSurvey,2024-09-25 23:26:50.694317,1,,,0.0,,,,,,,,,,,,,,czcerakw,,,,,0,Experiment_1_Persistence,https://app.prolific.com/submissions/complete?cc=C1BTHULB,0.0,1.0,7,,0.0,66bcc693015b9f04ddf0d858,1,1,7,,0.0,D,B,B,C,A,A,A,A,B,C,DBBCAAAABC,0.0,0,0.0,1,1,7,,0.0,noisy,random,negative,Fail,black,5,0,1,Fail Box,1,1,7,,0.0,A,D,B,C,A,D,D,C,C,C,ADBCADDCCC,0.3,STEM Track,,0,0.0,1,1,1,7,,0.0,R,R,R,R,C,C,C,C,C,C,C,RRRRCCCCCCC,1,1,7,,0.0,0,0,1,0,0,0,0,0,0,Random,Language arts social studies,Difficult ,STEM Track,1,1,,,,,,,,,,,,,,,,,,,,,,,,,,,,,,,,,,,,,,,,,,,,,,,,,,,,,,,,,,,,,,,,,,,,,,,,,,,,,,,,,,,,,,,,,,,,,,,,,,,,,,,,,,,,,,,,,,,,,,,,,,,,,,,,,,,,,,,,,,,,,,,,,,,,,,,,,,,,,,,,,,,,,,,,,,,,,,,,,,,,,,,,,,,,,,,,,,,,,,,,,,,,,,,,,,,,,,,,,,,,,,,,,,,,,,,,,,,,,,,,,,,,,,,,,,,,,,,,,,,,,,,,,,,,,,,,,,,,,,,,,,,,,,,,,,,,,,,,,,,,,,,,,,,,,,,,,,,
8,sf13jfsh,,0,18,18,Section_7,EndSurvey,2024-09-25 23:26:57.571245,1,,,0.0,,,,,,,,,,,,,,czcerakw,,,,,0,Experiment_1_Persistence,https://app.prolific.com/submissions/complete?cc=C1BTHULB,0.0,1.0,8,,0.0,5b1200ffd282ff00015c0154,1,1,8,,0.0,D,A,A,B,D,B,A,A,B,A,DAABDBAABA,0.3,0,0.0,1,1,8,,0.0,noisy,random,negative,Pass,red,10,1,2,Not Sure,1,1,8,,0.0,D,B,A,C,B,D,A,B,C,D,DBACBDABCD,1.0,Non-STEM Track,,0,0.0,2,1,1,8,,0.0,R,R,R,C,C,C,C,C,C,C,C,RRRCCCCCCCC,1,1,8,,0.0,0,1,1,0,0,0,0,0,0,I stink at math and am good at English,"English, Logistics","It made me feel dumb, but that's okay.",Non-STEM Track,1,1,,,,,,,,,,,,,,,,,,,,,,,,,,,,,,,,,,,,,,,,,,,,,,,,,,,,,,,,,,,,,,,,,,,,,,,,,,,,,,,,,,,,,,,,,,,,,,,,,,,,,,,,,,,,,,,,,,,,,,,,,,,,,,,,,,,,,,,,,,,,,,,,,,,,,,,,,,,,,,,,,,,,,,,,,,,,,,,,,,,,,,,,,,,,,,,,,,,,,,,,,,,,,,,,,,,,,,,,,,,,,,,,,,,,,,,,,,,,,,,,,,,,,,,,,,,,,,,,,,,,,,,,,,,,,,,,,,,,,,,,,,,,,,,,,,,,,,,,,,,,,,,,,,,,,,,,,,,
9,0iw78jr7,,0,18,18,Section_7,EndSurvey,2024-09-25 23:27:09.884987,1,,,0.0,,,,,,,,,,,,,,czcerakw,,,,,0,Experiment_1_Persistence,https://app.prolific.com/submissions/complete?cc=C1BTHULB,0.0,1.0,9,,0.0,66439aa2599ba2e93a6060be,1,1,9,,0.0,A,C,B,B,D,B,D,C,A,D,ACBBDBDCAD,0.5,0,0.0,1,1,9,,0.0,noisy,random,negative,Fail,black,75,7,6,Fail Box,1,1,9,,0.0,D,A,A,C,B,D,A,B,C,D,DAACBDABCD,0.9,Non-STEM Track,,0,0.0,6,1,1,9,,0.0,C,R,R,R,R,R,R,C,C,C,C,CRRRRRRCCCC,1,1,9,,0.0,1,1,1,0,0,0,0,0,1,"Because it's more guaranteed money due to how STEM can encompass a grand net that, regardless of what I studied, would include things that I could possibly not be prepared for.",I studied Mechanical Engineering and work as a Field Engineer,"It felt simple enough, no real feedback here",Non-STEM Track,1,1,,,,,,,,,,,,,,,,,,,,,,,,,,,,,,,,,,,,,,,,,,,,,,,,,,,,,,,,,,,,,,,,,,,,,,,,,,,,,,,,,,,,,,,,,,,,,,,,,,,,,,,,,,,,,,,,,,,,,,,,,,,,,,,,,,,,,,,,,,,,,,,,,,,,,,,,,,,,,,,,,,,,,,,,,,,,,,,,,,,,,,,,,,,,,,,,,,,,,,,,,,,,,,,,,,,,,,,,,,,,,,,,,,,,,,,,,,,,,,,,,,,,,,,,,,,,,,,,,,,,,,,,,,,,,,,,,,,,,,,,,,,,,,,,,,,,,,,,,,,,,,,,,,,,,,,,,,,
10,xet9j893,,0,18,18,Section_7,EndSurvey,2024-09-25 23:27:51.855083,1,,,0.0,,,,,,,,,,,,,,czcerakw,,,,,0,Experiment_1_Persistence,https://app.prolific.com/submissions/complete?cc=C1BTHULB,0.0,1.0,10,,0.0,66a965386e7c4019aa30a91c,1,1,10,,0.0,D,C,A,D,C,A,C,A,C,C,DCADCACACC,0.1,0,0.0,1,1,10,,0.0,noisy,random,negative,Fail,red,50,6,3,Fail Box,1,1,10,,0.0,C,A,C,C,A,A,D,B,B,C,CACCAADBBC,0.5,STEM Track,,0,0.0,3,1,1,10,,0.0,R,R,R,R,R,C,C,C,C,C,C,RRRRRCCCCCC,1,1,10,,0.0,0,0,1,0,0,0,0,0,0,I like a challenge ,Math reading writing typing,It was different from other studies I enjoyed it,STEM Track,1,1,,,,,,,,,,,,,,,,,,,,,,,,,,,,,,,,,,,,,,,,,,,,,,,,,,,,,,,,,,,,,,,,,,,,,,,,,,,,,,,,,,,,,,,,,,,,,,,,,,,,,,,,,,,,,,,,,,,,,,,,,,,,,,,,,,,,,,,,,,,,,,,,,,,,,,,,,,,,,,,,,,,,,,,,,,,,,,,,,,,,,,,,,,,,,,,,,,,,,,,,,,,,,,,,,,,,,,,,,,,,,,,,,,,,,,,,,,,,,,,,,,,,,,,,,,,,,,,,,,,,,,,,,,,,,,,,,,,,,,,,,,,,,,,,,,,,,,,,,,,,,,,,,,,,,,,,,,,
11,j2xvixmp,,0,18,18,Section_7,EndSurvey,2024-09-25 23:28:00.223588,1,,,0.0,,,,,,,,,,,,,,czcerakw,,,,,0,Experiment_1_Persistence,https://app.prolific.com/submissions/complete?cc=C1BTHULB,0.0,1.0,11,,0.0,66b5830fb162e9d0650ff37d,1,1,11,,0.0,D,A,B,B,B,B,C,A,A,C,DABBBBCAAC,0.4,0,0.0,1,1,11,,0.0,noisy,random,ground,Pass,red,30,2,2,Pass Box,1,1,11,,0.0,D,B,A,C,B,D,A,B,C,D,DBACBDABCD,1.0,Non-STEM Track,,0,0.0,2,1,1,11,,0.0,R,R,R,R,R,R,C,C,C,C,C,RRRRRRCCCCC,1,1,11,,0.0,0,0,1,0,0,0,0,0,0,"I wasn't a STEM student and never excelled at math, so I doubt I would've performed adequately. ",I have worked in marketing and studied adolescent education with a focus on history.,,Non-STEM Track,1,1,,,,,,,,,,,,,,,,,,,,,,,,,,,,,,,,,,,,,,,,,,,,,,,,,,,,,,,,,,,,,,,,,,,,,,,,,,,,,,,,,,,,,,,,,,,,,,,,,,,,,,,,,,,,,,,,,,,,,,,,,,,,,,,,,,,,,,,,,,,,,,,,,,,,,,,,,,,,,,,,,,,,,,,,,,,,,,,,,,,,,,,,,,,,,,,,,,,,,,,,,,,,,,,,,,,,,,,,,,,,,,,,,,,,,,,,,,,,,,,,,,,,,,,,,,,,,,,,,,,,,,,,,,,,,,,,,,,,,,,,,,,,,,,,,,,,,,,,,,,,,,,,,,,,,,,,,,,
12,ewin6e2z,,0,18,18,Section_7,EndSurvey,2024-09-25 23:28:02.503162,1,,,0.0,,,,,,,,,,,,,,czcerakw,,,,,0,Experiment_1_Persistence,https://app.prolific.com/submissions/complete?cc=C1BTHULB,0.0,1.0,12,,0.0,656363e1970350a7d45fbb75,1,1,12,,0.0,D,A,C,C,D,B,A,A,A,A,DACCDBAAAA,0.3,0,0.0,1,1,12,,0.0,noisy,random,positive,Fail,red,0,4,5,Not Sure,1,1,12,,0.0,D,B,A,C,B,D,A,B,C,D,DBACBDABCD,1.0,Non-STEM Track,,0,0.0,5,1,1,12,,0.0,R,R,C,C,C,C,C,C,C,C,C,RRCCCCCCCCC,1,1,12,,0.0,0,1,1,0,0,0,0,0,0,"I didn't know how to answer the first group of questions, so I figured anything else would be better.",English language and literature,"The STEM questions were tough for me, but it was fun to try!",Non-STEM Track,1,1,,,,,,,,,,,,,,,,,,,,,,,,,,,,,,,,,,,,,,,,,,,,,,,,,,,,,,,,,,,,,,,,,,,,,,,,,,,,,,,,,,,,,,,,,,,,,,,,,,,,,,,,,,,,,,,,,,,,,,,,,,,,,,,,,,,,,,,,,,,,,,,,,,,,,,,,,,,,,,,,,,,,,,,,,,,,,,,,,,,,,,,,,,,,,,,,,,,,,,,,,,,,,,,,,,,,,,,,,,,,,,,,,,,,,,,,,,,,,,,,,,,,,,,,,,,,,,,,,,,,,,,,,,,,,,,,,,,,,,,,,,,,,,,,,,,,,,,,,,,,,,,,,,,,,,,,,,,
13,pldacg6m,,0,18,18,Section_7,EndSurvey,2024-09-25 23:28:05.724274,1,,,0.0,,,,,,,,,,,,,,czcerakw,,,,,0,Experiment_1_Persistence,https://app.prolific.com/submissions/complete?cc=C1BTHULB,0.0,1.0,13,,0.0,64332b93d1cde024292baf53,1,1,13,,0.0,B,C,C,D,C,A,D,C,A,C,BCCDCADCAC,0.3,0,0.0,1,1,13,,0.0,noisy,random,ground,Pass,red,10,0,2,Fail Box,1,1,13,,0.0,A,A,A,C,B,D,A,B,C,D,AAACBDABCD,0.8,Non-STEM Track,,0,0.0,2,1,1,13,,0.0,R,R,R,R,C,C,C,C,C,C,C,RRRRCCCCCCC,1,1,13,,0.0,0,0,1,0,0,0,0,0,0,I'm not sure.  ,Early Childhood Education,YIKES!  I was so confused.  I've never done math like that. ,Non-STEM Track,1,1,,,,,,,,,,,,,,,,,,,,,,,,,,,,,,,,,,,,,,,,,,,,,,,,,,,,,,,,,,,,,,,,,,,,,,,,,,,,,,,,,,,,,,,,,,,,,,,,,,,,,,,,,,,,,,,,,,,,,,,,,,,,,,,,,,,,,,,,,,,,,,,,,,,,,,,,,,,,,,,,,,,,,,,,,,,,,,,,,,,,,,,,,,,,,,,,,,,,,,,,,,,,,,,,,,,,,,,,,,,,,,,,,,,,,,,,,,,,,,,,,,,,,,,,,,,,,,,,,,,,,,,,,,,,,,,,,,,,,,,,,,,,,,,,,,,,,,,,,,,,,,,,,,,,,,,,,,,
14,by0ojsj5,,0,18,18,Section_7,EndSurvey,2024-09-25 23:28:20.451118,1,,,0.0,,,,,,,,,,,,,,czcerakw,,,,,0,Experiment_1_Persistence,https://app.prolific.com/submissions/complete?cc=C1BTHULB,0.0,1.0,14,,0.0,5edf975930f30b270a6d90c7,1,1,14,,0.0,A,A,A,A,A,A,A,A,A,A,AAAAAAAAAA,0.2,0,0.0,1,1,14,,0.0,noisy,random,ground,Fail,black,25,2,3,Fail Box,1,1,14,,0.0,D,B,A,C,B,D,A,B,C,C,DBACBDABCC,0.9,Non-STEM Track,,0,0.0,3,1,1,14,,0.0,R,R,R,R,C,C,C,C,C,C,C,RRRRCCCCCCC,1,1,14,,0.0,0,0,1,0,0,0,0,0,0,I suck at math,Computer Science and education ,Made me remember how much I hate math. ,Non-STEM Track,1,1,,,,,,,,,,,,,,,,,,,,,,,,,,,,,,,,,,,,,,,,,,,,,,,,,,,,,,,,,,,,,,,,,,,,,,,,,,,,,,,,,,,,,,,,,,,,,,,,,,,,,,,,,,,,,,,,,,,,,,,,,,,,,,,,,,,,,,,,,,,,,,,,,,,,,,,,,,,,,,,,,,,,,,,,,,,,,,,,,,,,,,,,,,,,,,,,,,,,,,,,,,,,,,,,,,,,,,,,,,,,,,,,,,,,,,,,,,,,,,,,,,,,,,,,,,,,,,,,,,,,,,,,,,,,,,,,,,,,,,,,,,,,,,,,,,,,,,,,,,,,,,,,,,,,,,,,,,,
15,8lhnubo5,,0,18,18,Section_7,EndSurvey,2024-09-25 23:28:25.943291,1,,,0.0,,,,,,,,,,,,,,czcerakw,,,,,0,Experiment_1_Persistence,https://app.prolific.com/submissions/complete?cc=C1BTHULB,0.0,1.0,15,,0.0,667ac00c047d4032dcc8c0bf,1,1,15,,0.0,C,B,B,C,B,A,C,B,C,B,CBBCBACBCB,0.3,0,0.0,1,1,15,,0.0,noisy,random,positive,Pass,red,10,2,3,Pass Box,1,1,15,,0.0,C,B,A,B,C,D,A,C,B,A,CBABCDACBA,0.4,Non-STEM Track,,0,0.0,3,1,1,15,,0.0,R,C,C,C,C,C,C,C,C,C,C,RCCCCCCCCCC,1,1,15,,0.0,0,0,1,0,0,0,0,0,0,To avoid take more quiz and get it wrong. ,computer science , math classes somewhat helped me but i can't barely remember most of them,Non-STEM Track,1,1,,,,,,,,,,,,,,,,,,,,,,,,,,,,,,,,,,,,,,,,,,,,,,,,,,,,,,,,,,,,,,,,,,,,,,,,,,,,,,,,,,,,,,,,,,,,,,,,,,,,,,,,,,,,,,,,,,,,,,,,,,,,,,,,,,,,,,,,,,,,,,,,,,,,,,,,,,,,,,,,,,,,,,,,,,,,,,,,,,,,,,,,,,,,,,,,,,,,,,,,,,,,,,,,,,,,,,,,,,,,,,,,,,,,,,,,,,,,,,,,,,,,,,,,,,,,,,,,,,,,,,,,,,,,,,,,,,,,,,,,,,,,,,,,,,,,,,,,,,,,,,,,,,,,,,,,,,,
16,r4mfvhk6,,0,18,18,Section_7,EndSurvey,2024-09-25 23:30:15.750112,1,,,0.0,,,,,,,,,,,,,,czcerakw,,,,,0,Experiment_1_Persistence,https://app.prolific.com/submissions/complete?cc=C1BTHULB,0.0,1.0,16,,0.0,66639c6e0338018d61a0f486,1,1,16,,0.0,A,A,A,B,D,B,D,C,A,B,AAABDBDCAB,0.7,0,0.0,1,1,16,,0.0,noisy,random,ground,Pass,red,68,8,7,Pass Box,1,1,16,,0.0,D,B,A,C,B,D,A,B,C,D,DBACBDABCD,1.0,Non-STEM Track,,0,0.0,7,1,1,16,,0.0,R,R,R,R,C,C,C,C,C,C,C,RRRRCCCCCCC,1,1,16,,0.0,0,1,1,0,0,0,0,0,0,I am more confident in my non-STEM abilities ,"In High School, I studied everything from English to math. In college, I studied illustration and graphic design",I would have preferred to have more time for the math questions.,Non-STEM Track,1,1,,,,,,,,,,,,,,,,,,,,,,,,,,,,,,,,,,,,,,,,,,,,,,,,,,,,,,,,,,,,,,,,,,,,,,,,,,,,,,,,,,,,,,,,,,,,,,,,,,,,,,,,,,,,,,,,,,,,,,,,,,,,,,,,,,,,,,,,,,,,,,,,,,,,,,,,,,,,,,,,,,,,,,,,,,,,,,,,,,,,,,,,,,,,,,,,,,,,,,,,,,,,,,,,,,,,,,,,,,,,,,,,,,,,,,,,,,,,,,,,,,,,,,,,,,,,,,,,,,,,,,,,,,,,,,,,,,,,,,,,,,,,,,,,,,,,,,,,,,,,,,,,,,,,,,,,,,,
17,3up2thvo,,0,18,18,Section_7,EndSurvey,2024-09-25 23:30:28.565419,1,,,0.0,,,,,,,,,,,,,,czcerakw,,,,,0,Experiment_1_Persistence,https://app.prolific.com/submissions/complete?cc=C1BTHULB,0.0,1.0,17,,0.0,66afc0d5fc45830162eb750e,1,1,17,,0.0,B,A,B,B,C,,,,,,BABBC_____,0.2,0,0.0,1,1,17,,0.0,noisy,random,ground,Fail,black,50,2,10,Fail Box,1,1,17,,0.0,B,D,D,,,,,,,,BDD_______,0.1,STEM Track,,0,0.0,10,1,1,17,,0.0,R,C,C,C,C,C,C,C,C,C,C,RCCCCCCCCCC,1,1,17,,0.0,0,0,1,0,0,0,0,0,0,I love math.,"English, social studies, science, and math","Good experience, no problems.",STEM Track,1,1,,,,,,,,,,,,,,,,,,,,,,,,,,,,,,,,,,,,,,,,,,,,,,,,,,,,,,,,,,,,,,,,,,,,,,,,,,,,,,,,,,,,,,,,,,,,,,,,,,,,,,,,,,,,,,,,,,,,,,,,,,,,,,,,,,,,,,,,,,,,,,,,,,,,,,,,,,,,,,,,,,,,,,,,,,,,,,,,,,,,,,,,,,,,,,,,,,,,,,,,,,,,,,,,,,,,,,,,,,,,,,,,,,,,,,,,,,,,,,,,,,,,,,,,,,,,,,,,,,,,,,,,,,,,,,,,,,,,,,,,,,,,,,,,,,,,,,,,,,,,,,,,,,,,,,,,,,,
18,bqz6uafd,,0,18,18,Section_7,EndSurvey,2024-09-25 23:30:49.127092,1,,,0.0,,,,,,,,,,,,,,czcerakw,,,,,0,Experiment_1_Persistence,https://app.prolific.com/submissions/complete?cc=C1BTHULB,0.0,1.0,18,,0.0,59e8b9e96100f9000194a7fb,1,1,18,,0.0,D,B,A,C,A,B,C,B,C,D,DBACABCBCD,0.2,0,0.0,1,1,18,,0.0,noisy,random,negative,Pass,red,10,1,1,Pass Box,1,1,18,,0.0,D,B,A,C,B,D,A,B,C,D,DBACBDABCD,1.0,Non-STEM Track,,0,0.0,1,1,1,18,,0.0,R,R,R,R,R,C,C,C,C,C,C,RRRRRCCCCCC,1,1,18,,0.0,0,0,1,0,0,0,0,0,0,Math is not my strong suit,English,It was interesting ,Non-STEM Track,1,1,,,,,,,,,,,,,,,,,,,,,,,,,,,,,,,,,,,,,,,,,,,,,,,,,,,,,,,,,,,,,,,,,,,,,,,,,,,,,,,,,,,,,,,,,,,,,,,,,,,,,,,,,,,,,,,,,,,,,,,,,,,,,,,,,,,,,,,,,,,,,,,,,,,,,,,,,,,,,,,,,,,,,,,,,,,,,,,,,,,,,,,,,,,,,,,,,,,,,,,,,,,,,,,,,,,,,,,,,,,,,,,,,,,,,,,,,,,,,,,,,,,,,,,,,,,,,,,,,,,,,,,,,,,,,,,,,,,,,,,,,,,,,,,,,,,,,,,,,,,,,,,,,,,,,,,,,,,
19,c9plrlnh,,0,18,18,Section_7,EndSurvey,2024-09-25 23:31:14.912303,1,,,0.0,,,,,,,,,,,,,,czcerakw,,,,,0,Experiment_1_Persistence,https://app.prolific.com/submissions/complete?cc=C1BTHULB,0.0,1.0,19,,0.0,5e862ffe5c1f8424c8d03c25,1,1,19,,0.0,A,A,C,B,B,B,D,C,D,B,AACBBBDCDB,0.9,0,0.0,1,1,19,,0.0,noisy,random,ground,Pass,red,70,5,5,Pass Box,1,1,19,,0.0,B,D,C,A,A,D,C,A,B,C,BDCAADCABC,0.9,STEM Track,,0,0.0,5,1,1,19,,0.0,R,R,R,R,R,C,R,C,C,C,C,RRRRRCRCCCC,1,1,19,,0.0,0,0,1,1,1,1,0,0,0,"I wanted to see how far my knowledge extends, given my age and being out of practice.","Calculus, Science, Biology, Literature",,STEM Track,1,1,,,,,,,,,,,,,,,,,,,,,,,,,,,,,,,,,,,,,,,,,,,,,,,,,,,,,,,,,,,,,,,,,,,,,,,,,,,,,,,,,,,,,,,,,,,,,,,,,,,,,,,,,,,,,,,,,,,,,,,,,,,,,,,,,,,,,,,,,,,,,,,,,,,,,,,,,,,,,,,,,,,,,,,,,,,,,,,,,,,,,,,,,,,,,,,,,,,,,,,,,,,,,,,,,,,,,,,,,,,,,,,,,,,,,,,,,,,,,,,,,,,,,,,,,,,,,,,,,,,,,,,,,,,,,,,,,,,,,,,,,,,,,,,,,,,,,,,,,,,,,,,,,,,,,,,,,,,
20,d8kc6t12,,0,18,18,Section_7,EndSurvey,2024-09-25 23:31:56.854557,1,,,0.0,,,,,,,,,,,,,,czcerakw,,,,,0,Experiment_1_Persistence,https://app.prolific.com/submissions/complete?cc=C1BTHULB,0.0,1.0,20,,0.0,60de6e510a35511890793ba4,1,1,20,,0.0,A,A,D,B,B,B,D,C,C,B,AADBBBDCCB,0.9,0,0.0,1,1,20,,0.0,noisy,random,positive,Pass,red,95,9,8,Pass Box,1,1,20,,0.0,B,B,C,A,A,D,C,,C,C,BBCAADC_CC,0.7,STEM Track,,0,0.0,8,1,1,20,,0.0,R,R,R,R,R,R,R,R,C,C,C,RRRRRRRRCCC,1,1,20,,0.0,0,0,1,0,0,0,0,0,0,"I like STEM and having to solve problems, especially math related.",STEM  chemical engineering,It was really fun and would love to do more studies like this!!!!!,STEM Track,1,1,,,,,,,,,,,,,,,,,,,,,,,,,,,,,,,,,,,,,,,,,,,,,,,,,,,,,,,,,,,,,,,,,,,,,,,,,,,,,,,,,,,,,,,,,,,,,,,,,,,,,,,,,,,,,,,,,,,,,,,,,,,,,,,,,,,,,,,,,,,,,,,,,,,,,,,,,,,,,,,,,,,,,,,,,,,,,,,,,,,,,,,,,,,,,,,,,,,,,,,,,,,,,,,,,,,,,,,,,,,,,,,,,,,,,,,,,,,,,,,,,,,,,,,,,,,,,,,,,,,,,,,,,,,,,,,,,,,,,,,,,,,,,,,,,,,,,,,,,,,,,,,,,,,,,,,,,,,
21,tj8fpd60,,0,18,18,Section_7,EndSurvey,2024-09-25 23:32:11.329326,1,,,0.0,,,,,,,,,,,,,,czcerakw,,,,,0,Experiment_1_Persistence,https://app.prolific.com/submissions/complete?cc=C1BTHULB,0.0,1.0,21,,0.0,5b2a37ee5b5c0900018b0ca5,1,1,21,,0.0,D,C,B,B,A,A,B,A,B,A,DCBBAABABA,0.1,0,0.0,1,1,21,,0.0,noisy,random,positive,Pass,black,10,1,0,Pass Box,1,1,21,,0.0,D,B,A,C,B,D,A,B,C,D,DBACBDABCD,1.0,Non-STEM Track,,0,0.0,0,1,1,21,,0.0,R,R,R,R,R,R,R,C,C,C,C,RRRRRRRCCCC,1,1,21,,0.0,0,0,1,0,0,0,0,0,0,Not so great at math,English and Literature ,Math was too hard ,Non-STEM Track,1,1,,,,,,,,,,,,,,,,,,,,,,,,,,,,,,,,,,,,,,,,,,,,,,,,,,,,,,,,,,,,,,,,,,,,,,,,,,,,,,,,,,,,,,,,,,,,,,,,,,,,,,,,,,,,,,,,,,,,,,,,,,,,,,,,,,,,,,,,,,,,,,,,,,,,,,,,,,,,,,,,,,,,,,,,,,,,,,,,,,,,,,,,,,,,,,,,,,,,,,,,,,,,,,,,,,,,,,,,,,,,,,,,,,,,,,,,,,,,,,,,,,,,,,,,,,,,,,,,,,,,,,,,,,,,,,,,,,,,,,,,,,,,,,,,,,,,,,,,,,,,,,,,,,,,,,,,,,,
22,vfo7uojo,,0,4,18,Section_1,Conclusion,2024-09-25 23:32:17.390934,1,,,0.0,,,,,,,,,,,,,,czcerakw,,,,,0,Experiment_1_Persistence,https://app.prolific.com/submissions/complete?cc=C1BTHULB,0.0,1.0,22,,0.0,66475b9be02c4e6c97002502,1,1,22,,0.0,,,,,,,,,,,__________,0.0,0,0.0,1,1,22,,0.0,,,,,,,,,,1,1,22,,0.0,,,,,,,,,,,,,,,,,,1,1,22,,0.0,,,,,,,,,,,,,1,1,22,,0.0,0,0,0,0,0,0,0,0,0,,,,,1,1,,,,,,,,,,,,,,,,,,,,,,,,,,,,,,,,,,,,,,,,,,,,,,,,,,,,,,,,,,,,,,,,,,,,,,,,,,,,,,,,,,,,,,,,,,,,,,,,,,,,,,,,,,,,,,,,,,,,,,,,,,,,,,,,,,,,,,,,,,,,,,,,,,,,,,,,,,,,,,,,,,,,,,,,,,,,,,,,,,,,,,,,,,,,,,,,,,,,,,,,,,,,,,,,,,,,,,,,,,,,,,,,,,,,,,,,,,,,,,,,,,,,,,,,,,,,,,,,,,,,,,,,,,,,,,,,,,,,,,,,,,,,,,,,,,,,,,,,,,,,,,,,,,,,,,,,,,,
23,3rvdaoek,,0,18,18,Section_7,EndSurvey,2024-09-25 23:32:36.187000,1,,,0.0,,,,,,,,,,,,,,czcerakw,,,,,0,Experiment_1_Persistence,https://app.prolific.com/submissions/complete?cc=C1BTHULB,0.0,1.0,23,,0.0,66d9ac1f7e6ebe7d5f9c0991,1,1,23,,0.0,D,A,D,B,A,A,C,C,B,B,DADBAACCBB,0.4,0,0.0,1,1,23,,0.0,noisy,random,ground,Pass,red,20,3,4,Pass Box,1,1,23,,0.0,D,B,A,C,B,D,A,B,C,D,DBACBDABCD,1.0,Non-STEM Track,,0,0.0,4,1,1,23,,0.0,R,C,C,C,C,C,C,C,C,C,C,RCCCCCCCCCC,1,1,23,,0.0,0,0,1,0,0,0,0,0,1,The time I had to answer the question. you had 10 mins to answer 10 questions and non stem question would be easier with the time given,Engineering,it was ok,Non-STEM Track,1,1,,,,,,,,,,,,,,,,,,,,,,,,,,,,,,,,,,,,,,,,,,,,,,,,,,,,,,,,,,,,,,,,,,,,,,,,,,,,,,,,,,,,,,,,,,,,,,,,,,,,,,,,,,,,,,,,,,,,,,,,,,,,,,,,,,,,,,,,,,,,,,,,,,,,,,,,,,,,,,,,,,,,,,,,,,,,,,,,,,,,,,,,,,,,,,,,,,,,,,,,,,,,,,,,,,,,,,,,,,,,,,,,,,,,,,,,,,,,,,,,,,,,,,,,,,,,,,,,,,,,,,,,,,,,,,,,,,,,,,,,,,,,,,,,,,,,,,,,,,,,,,,,,,,,,,,,,,,
24,ny96wff5,,0,18,18,Section_7,EndSurvey,2024-09-25 23:32:42.517432,1,,,0.0,,,,,,,,,,,,,,czcerakw,,,,,0,Experiment_1_Persistence,https://app.prolific.com/submissions/complete?cc=C1BTHULB,0.0,1.0,24,,0.0,6073ad2cd288215f64f51efa,1,1,24,,0.0,B,A,C,A,D,B,C,B,D,B,BACADBCBDB,0.4,0,0.0,1,1,24,,0.0,noisy,random,positive,Pass,black,50,3,2,Pass Box,1,1,24,,0.0,D,A,A,C,B,A,A,B,C,D,DAACBAABCD,0.8,Non-STEM Track,,0,0.0,2,1,1,24,,0.0,R,R,R,R,R,R,C,C,C,C,C,RRRRRRCCCCC,1,1,24,,0.0,0,0,1,0,0,0,0,0,0,Been a long day and wanted something I was more comfortable with,Information.,It was great.,Non-STEM Track,1,1,,,,,,,,,,,,,,,,,,,,,,,,,,,,,,,,,,,,,,,,,,,,,,,,,,,,,,,,,,,,,,,,,,,,,,,,,,,,,,,,,,,,,,,,,,,,,,,,,,,,,,,,,,,,,,,,,,,,,,,,,,,,,,,,,,,,,,,,,,,,,,,,,,,,,,,,,,,,,,,,,,,,,,,,,,,,,,,,,,,,,,,,,,,,,,,,,,,,,,,,,,,,,,,,,,,,,,,,,,,,,,,,,,,,,,,,,,,,,,,,,,,,,,,,,,,,,,,,,,,,,,,,,,,,,,,,,,,,,,,,,,,,,,,,,,,,,,,,,,,,,,,,,,,,,,,,,,,
25,ravnfb02,,0,18,18,Section_7,EndSurvey,2024-09-25 23:32:46.203746,1,,,0.0,,,,,,,,,,,,,,czcerakw,,,,,0,Experiment_1_Persistence,https://app.prolific.com/submissions/complete?cc=C1BTHULB,0.0,1.0,25,,0.0,664fe69f49d37def14a294f3,1,1,25,,0.0,B,A,B,C,D,C,B,A,B,A,BABCDCBABA,0.1,0,0.0,1,1,25,,0.0,noisy,random,negative,Fail,black,40,3,10,Pass Box,1,1,25,,0.0,D,B,A,C,B,D,A,B,C,D,DBACBDABCD,1.0,Non-STEM Track,,0,0.0,10,1,1,25,,0.0,R,R,R,R,R,R,R,R,C,C,C,RRRRRRRRCCC,1,1,25,,0.0,0,1,1,0,0,0,0,0,0,I felt I would know more.,Finance and accounting.,None.,Non-STEM Track,1,1,,,,,,,,,,,,,,,,,,,,,,,,,,,,,,,,,,,,,,,,,,,,,,,,,,,,,,,,,,,,,,,,,,,,,,,,,,,,,,,,,,,,,,,,,,,,,,,,,,,,,,,,,,,,,,,,,,,,,,,,,,,,,,,,,,,,,,,,,,,,,,,,,,,,,,,,,,,,,,,,,,,,,,,,,,,,,,,,,,,,,,,,,,,,,,,,,,,,,,,,,,,,,,,,,,,,,,,,,,,,,,,,,,,,,,,,,,,,,,,,,,,,,,,,,,,,,,,,,,,,,,,,,,,,,,,,,,,,,,,,,,,,,,,,,,,,,,,,,,,,,,,,,,,,,,,,,,,
26,pplc37ej,,0,18,18,Section_7,EndSurvey,2024-09-25 23:33:19.378124,1,,,0.0,,,,,,,,,,,,,,czcerakw,,,,,0,Experiment_1_Persistence,https://app.prolific.com/submissions/complete?cc=C1BTHULB,0.0,1.0,26,,0.0,5f29dfe7512c2817f7957e1a,1,1,26,,0.0,A,A,A,B,D,C,D,C,B,,AAABDCDCB_,0.5,0,0.0,1,1,26,,0.0,noisy,random,ground,Fail,black,75,7,6,Not Sure,1,1,26,,0.0,D,B,A,C,B,D,A,B,C,D,DBACBDABCD,1.0,Non-STEM Track,,0,0.0,6,1,1,26,,0.0,R,R,R,R,R,R,R,C,C,C,C,RRRRRRRCCCC,1,1,26,,0.0,0,0,1,0,0,0,0,0,0,Wanted something different.,Data systems and computer science,Good,Non-STEM Track,1,1,,,,,,,,,,,,,,,,,,,,,,,,,,,,,,,,,,,,,,,,,,,,,,,,,,,,,,,,,,,,,,,,,,,,,,,,,,,,,,,,,,,,,,,,,,,,,,,,,,,,,,,,,,,,,,,,,,,,,,,,,,,,,,,,,,,,,,,,,,,,,,,,,,,,,,,,,,,,,,,,,,,,,,,,,,,,,,,,,,,,,,,,,,,,,,,,,,,,,,,,,,,,,,,,,,,,,,,,,,,,,,,,,,,,,,,,,,,,,,,,,,,,,,,,,,,,,,,,,,,,,,,,,,,,,,,,,,,,,,,,,,,,,,,,,,,,,,,,,,,,,,,,,,,,,,,,,,,
27,e9ysnmlv,,0,18,18,Section_7,EndSurvey,2024-09-25 23:33:30.388190,1,,,0.0,,,,,,,,,,,,,,czcerakw,,,,,0,Experiment_1_Persistence,https://app.prolific.com/submissions/complete?cc=C1BTHULB,0.0,1.0,27,,0.0,6020eeadf4c4d470d3ed246f,1,1,27,,0.0,D,A,B,B,D,B,,,,,DABBDB____,0.3,0,0.0,1,1,27,,0.0,noisy,random,positive,Fail,red,50,4,5,Fail Box,1,1,27,,0.0,D,B,A,C,B,D,A,B,C,D,DBACBDABCD,1.0,Non-STEM Track,,0,0.0,5,1,1,27,,0.0,R,R,R,R,R,R,R,C,C,C,C,RRRRRRRCCCC,1,1,27,,0.0,0,0,1,0,0,0,0,0,0,I was going too slow at the STEM questions and i didn't have any paper or a calculator,Math and science. I am afraid of english and arts,This has shown me I really need to go back to school.,Non-STEM Track,1,1,,,,,,,,,,,,,,,,,,,,,,,,,,,,,,,,,,,,,,,,,,,,,,,,,,,,,,,,,,,,,,,,,,,,,,,,,,,,,,,,,,,,,,,,,,,,,,,,,,,,,,,,,,,,,,,,,,,,,,,,,,,,,,,,,,,,,,,,,,,,,,,,,,,,,,,,,,,,,,,,,,,,,,,,,,,,,,,,,,,,,,,,,,,,,,,,,,,,,,,,,,,,,,,,,,,,,,,,,,,,,,,,,,,,,,,,,,,,,,,,,,,,,,,,,,,,,,,,,,,,,,,,,,,,,,,,,,,,,,,,,,,,,,,,,,,,,,,,,,,,,,,,,,,,,,,,,,,
28,b06ny280,,0,18,18,Section_7,EndSurvey,2024-09-25 23:34:03.679224,1,,,0.0,,,,,,,,,,,,,,czcerakw,,,,,0,Experiment_1_Persistence,https://app.prolific.com/submissions/complete?cc=C1BTHULB,0.0,1.0,28,,0.0,5b18248744127b00013f90ce,1,1,28,,0.0,D,A,B,C,B,B,D,C,C,B,DABCBBDCCB,0.7,0,0.0,1,1,28,,0.0,noisy,random,negative,Pass,red,85,5,4,Pass Box,1,1,28,,0.0,B,B,C,C,A,D,C,A,B,C,BBCCADCABC,0.8,STEM Track,,0,0.0,4,1,1,28,,0.0,R,R,R,R,R,C,C,C,C,C,C,RRRRRCCCCCC,1,1,28,,0.0,0,0,1,0,0,0,0,0,0,I felt confident I could answer at least 4 questions correctly and get the higher bonus.,"I studied math/science in high school and college, main industries have been retail and online task work/gambling.",No feedback.,STEM Track,1,1,,,,,,,,,,,,,,,,,,,,,,,,,,,,,,,,,,,,,,,,,,,,,,,,,,,,,,,,,,,,,,,,,,,,,,,,,,,,,,,,,,,,,,,,,,,,,,,,,,,,,,,,,,,,,,,,,,,,,,,,,,,,,,,,,,,,,,,,,,,,,,,,,,,,,,,,,,,,,,,,,,,,,,,,,,,,,,,,,,,,,,,,,,,,,,,,,,,,,,,,,,,,,,,,,,,,,,,,,,,,,,,,,,,,,,,,,,,,,,,,,,,,,,,,,,,,,,,,,,,,,,,,,,,,,,,,,,,,,,,,,,,,,,,,,,,,,,,,,,,,,,,,,,,,,,,,,,,
29,g8z2x1vp,,0,18,18,Section_7,EndSurvey,2024-09-25 23:34:07.073833,1,,,0.0,,,,,,,,,,,,,,czcerakw,,,,,0,Experiment_1_Persistence,https://app.prolific.com/submissions/complete?cc=C1BTHULB,0.0,1.0,29,,0.0,666b4439752ed005b7514383,1,1,29,,0.0,D,A,C,B,D,D,A,A,B,C,DACBDDAABC,0.3,0,0.0,1,1,29,,0.0,noisy,random,ground,Fail,black,75,7,6,Fail Box,1,1,29,,0.0,D,B,A,C,B,D,A,D,C,D,DBACBDADCD,0.9,Non-STEM Track,,0,0.0,6,1,1,29,,0.0,R,R,R,R,R,R,C,C,C,C,C,RRRRRRCCCCC,1,1,29,,0.0,0,0,1,0,1,0,0,0,0,I didnt want to risk 0,"psychology, counseling",no.,Non-STEM Track,1,1,,,,,,,,,,,,,,,,,,,,,,,,,,,,,,,,,,,,,,,,,,,,,,,,,,,,,,,,,,,,,,,,,,,,,,,,,,,,,,,,,,,,,,,,,,,,,,,,,,,,,,,,,,,,,,,,,,,,,,,,,,,,,,,,,,,,,,,,,,,,,,,,,,,,,,,,,,,,,,,,,,,,,,,,,,,,,,,,,,,,,,,,,,,,,,,,,,,,,,,,,,,,,,,,,,,,,,,,,,,,,,,,,,,,,,,,,,,,,,,,,,,,,,,,,,,,,,,,,,,,,,,,,,,,,,,,,,,,,,,,,,,,,,,,,,,,,,,,,,,,,,,,,,,,,,,,,,,
30,mffbdh75,,0,18,18,Section_7,EndSurvey,2024-09-25 23:34:43.089474,1,,,0.0,,,,,,,,,,,,,,czcerakw,,,,,0,Experiment_1_Persistence,https://app.prolific.com/submissions/complete?cc=C1BTHULB,0.0,1.0,30,,0.0,5ec79b5033c65502ce2acade,1,1,30,,0.0,C,A,A,C,B,C,D,B,B,B,CAACBCDBBB,0.4,0,0.0,1,1,30,,0.0,noisy,random,negative,Pass,red,50,3,4,Fail Box,1,1,30,,0.0,D,B,A,C,B,A,A,B,C,D,DBACBAABCD,0.9,Non-STEM Track,,0,0.0,4,1,1,30,,0.0,R,R,R,R,R,C,R,C,C,C,C,RRRRRCRCCCC,1,1,30,,0.0,0,0,1,0,0,0,0,0,0,Because the first set of questions were quite hard,Computer Science,My experience was good. I do not have anything meaningful to add.,Non-STEM Track,1,1,,,,,,,,,,,,,,,,,,,,,,,,,,,,,,,,,,,,,,,,,,,,,,,,,,,,,,,,,,,,,,,,,,,,,,,,,,,,,,,,,,,,,,,,,,,,,,,,,,,,,,,,,,,,,,,,,,,,,,,,,,,,,,,,,,,,,,,,,,,,,,,,,,,,,,,,,,,,,,,,,,,,,,,,,,,,,,,,,,,,,,,,,,,,,,,,,,,,,,,,,,,,,,,,,,,,,,,,,,,,,,,,,,,,,,,,,,,,,,,,,,,,,,,,,,,,,,,,,,,,,,,,,,,,,,,,,,,,,,,,,,,,,,,,,,,,,,,,,,,,,,,,,,,,,,,,,,,
31,a9nt0lzu,,0,4,18,Section_1,Conclusion,2024-09-25 23:34:51.281628,1,,,0.0,,,,,,,,,,,,,,czcerakw,,,,,0,Experiment_1_Persistence,https://app.prolific.com/submissions/complete?cc=C1BTHULB,0.0,1.0,31,,0.0,66762ec5400ec3ad9a30b691,1,1,31,,0.0,,,,,,,,,,,__________,0.0,0,0.0,1,1,31,,0.0,,,,,,,,,,1,1,31,,0.0,,,,,,,,,,,,,,,,,,1,1,31,,0.0,,,,,,,,,,,,,1,1,31,,0.0,0,0,0,0,0,0,0,0,0,,,,,1,1,,,,,,,,,,,,,,,,,,,,,,,,,,,,,,,,,,,,,,,,,,,,,,,,,,,,,,,,,,,,,,,,,,,,,,,,,,,,,,,,,,,,,,,,,,,,,,,,,,,,,,,,,,,,,,,,,,,,,,,,,,,,,,,,,,,,,,,,,,,,,,,,,,,,,,,,,,,,,,,,,,,,,,,,,,,,,,,,,,,,,,,,,,,,,,,,,,,,,,,,,,,,,,,,,,,,,,,,,,,,,,,,,,,,,,,,,,,,,,,,,,,,,,,,,,,,,,,,,,,,,,,,,,,,,,,,,,,,,,,,,,,,,,,,,,,,,,,,,,,,,,,,,,,,,,,,,,,
32,v74vfrz7,,0,18,18,Section_7,EndSurvey,2024-09-25 23:35:01.175381,1,,,0.0,,,,,,,,,,,,,,czcerakw,,,,,0,Experiment_1_Persistence,https://app.prolific.com/submissions/complete?cc=C1BTHULB,0.0,1.0,32,,0.0,Foreverstanding$61,1,1,32,,0.0,C,D,D,C,A,A,D,D,,,CDDCAADD__,0.1,0,0.0,1,1,32,,0.0,noisy,random,negative,Pass,red,4,2,1,Fail Box,1,1,32,,0.0,D,B,A,C,B,D,A,B,C,D,DBACBDABCD,1.0,Non-STEM Track,,0,0.0,1,1,1,32,,0.0,R,R,C,C,C,C,C,C,C,C,C,RRCCCCCCCCC,1,1,32,,0.0,0,0,1,0,0,0,0,0,0,It's more understanding.,English,It was very intense and hard ,Non-STEM Track,1,1,,,,,,,,,,,,,,,,,,,,,,,,,,,,,,,,,,,,,,,,,,,,,,,,,,,,,,,,,,,,,,,,,,,,,,,,,,,,,,,,,,,,,,,,,,,,,,,,,,,,,,,,,,,,,,,,,,,,,,,,,,,,,,,,,,,,,,,,,,,,,,,,,,,,,,,,,,,,,,,,,,,,,,,,,,,,,,,,,,,,,,,,,,,,,,,,,,,,,,,,,,,,,,,,,,,,,,,,,,,,,,,,,,,,,,,,,,,,,,,,,,,,,,,,,,,,,,,,,,,,,,,,,,,,,,,,,,,,,,,,,,,,,,,,,,,,,,,,,,,,,,,,,,,,,,,,,,,
33,4yruhetp,,0,4,18,Section_1,Conclusion,2024-09-25 23:35:16.924717,1,,,0.0,,,,,,,,,,,,,,czcerakw,,,,,0,Experiment_1_Persistence,https://app.prolific.com/submissions/complete?cc=C1BTHULB,0.0,1.0,33,,0.0,608e875414e027cb3b277df1,1,1,33,,0.0,D,C,,,,,,,,,DC________,0.0,0,0.0,1,1,33,,0.0,,,,,,,,,,1,1,33,,0.0,,,,,,,,,,,,,,,,,,1,1,33,,0.0,,,,,,,,,,,,,1,1,33,,0.0,0,0,0,0,0,0,0,0,0,,,,,1,1,,,,,,,,,,,,,,,,,,,,,,,,,,,,,,,,,,,,,,,,,,,,,,,,,,,,,,,,,,,,,,,,,,,,,,,,,,,,,,,,,,,,,,,,,,,,,,,,,,,,,,,,,,,,,,,,,,,,,,,,,,,,,,,,,,,,,,,,,,,,,,,,,,,,,,,,,,,,,,,,,,,,,,,,,,,,,,,,,,,,,,,,,,,,,,,,,,,,,,,,,,,,,,,,,,,,,,,,,,,,,,,,,,,,,,,,,,,,,,,,,,,,,,,,,,,,,,,,,,,,,,,,,,,,,,,,,,,,,,,,,,,,,,,,,,,,,,,,,,,,,,,,,,,,,,,,,,,
34,dpppxuey,,0,18,18,Section_7,EndSurvey,2024-09-25 23:35:24.107448,1,,,0.0,,,,,,,,,,,,,,czcerakw,,,,,0,Experiment_1_Persistence,https://app.prolific.com/submissions/complete?cc=C1BTHULB,0.0,1.0,34,,0.0,666c86f7f5f40814f41f7db9,1,1,34,,0.0,C,A,C,C,C,D,A,C,C,B,CACCCDACCB,0.5,0,0.0,1,1,34,,0.0,noisy,random,negative,Pass,red,50,3,4,Fail Box,1,1,34,,0.0,D,B,A,C,B,D,A,B,C,D,DBACBDABCD,1.0,Non-STEM Track,,0,0.0,4,1,1,34,,0.0,R,R,C,C,C,C,C,C,C,C,C,RRCCCCCCCCC,1,1,34,,0.0,0,0,1,0,0,0,0,0,0,I am much better at writing than I am at math. ,I am getting a degree in English and History. I've had a few internships that focus on writing. ,,Non-STEM Track,1,1,,,,,,,,,,,,,,,,,,,,,,,,,,,,,,,,,,,,,,,,,,,,,,,,,,,,,,,,,,,,,,,,,,,,,,,,,,,,,,,,,,,,,,,,,,,,,,,,,,,,,,,,,,,,,,,,,,,,,,,,,,,,,,,,,,,,,,,,,,,,,,,,,,,,,,,,,,,,,,,,,,,,,,,,,,,,,,,,,,,,,,,,,,,,,,,,,,,,,,,,,,,,,,,,,,,,,,,,,,,,,,,,,,,,,,,,,,,,,,,,,,,,,,,,,,,,,,,,,,,,,,,,,,,,,,,,,,,,,,,,,,,,,,,,,,,,,,,,,,,,,,,,,,,,,,,,,,,
35,6i2rzetk,,0,18,18,Section_7,EndSurvey,2024-09-25 23:35:35.115545,1,,,0.0,,,,,,,,,,,,,,czcerakw,,,,,0,Experiment_1_Persistence,https://app.prolific.com/submissions/complete?cc=C1BTHULB,0.0,1.0,35,,0.0,61085d4d8b0fc852f4b8cc5b,1,1,35,,0.0,B,A,B,B,B,B,D,A,A,A,BABBBBDAAA,0.5,0,0.0,1,1,35,,0.0,noisy,random,positive,Fail,red,80,7,6,Fail Box,1,1,35,,0.0,B,D,C,B,A,D,C,A,C,C,BDCBADCACC,0.7,STEM Track,,0,0.0,6,1,1,35,,0.0,R,R,R,R,R,C,C,C,C,C,C,RRRRRCCCCCC,1,1,35,,0.0,0,0,1,0,0,0,0,0,0,I thought I could pass the test,"Biology, medicine",Good,STEM Track,1,1,,,,,,,,,,,,,,,,,,,,,,,,,,,,,,,,,,,,,,,,,,,,,,,,,,,,,,,,,,,,,,,,,,,,,,,,,,,,,,,,,,,,,,,,,,,,,,,,,,,,,,,,,,,,,,,,,,,,,,,,,,,,,,,,,,,,,,,,,,,,,,,,,,,,,,,,,,,,,,,,,,,,,,,,,,,,,,,,,,,,,,,,,,,,,,,,,,,,,,,,,,,,,,,,,,,,,,,,,,,,,,,,,,,,,,,,,,,,,,,,,,,,,,,,,,,,,,,,,,,,,,,,,,,,,,,,,,,,,,,,,,,,,,,,,,,,,,,,,,,,,,,,,,,,,,,,,,,
36,wddy7req,,0,18,18,Section_7,EndSurvey,2024-09-25 23:36:27.068845,1,,,0.0,,,,,,,,,,,,,,czcerakw,,,,,0,Experiment_1_Persistence,https://app.prolific.com/submissions/complete?cc=C1BTHULB,0.0,1.0,36,,0.0,667b0207aa45819cfc27e751,1,1,36,,0.0,B,D,B,A,B,A,D,A,A,A,BDBABADAAA,0.2,0,0.0,1,1,36,,0.0,noisy,random,negative,Fail,black,50,5,5,Not Sure,1,1,36,,0.0,A,D,C,C,A,B,D,A,B,A,ADCCABDABA,0.4,STEM Track,,1,1.804,5,1,1,36,,0.0,R,R,R,C,C,C,C,C,C,C,C,RRRCCCCCCCC,1,1,36,,0.0,1,0,0,0,0,0,0,0,0,Curiosity,"Biology, Geography, Agric and i have worked in the fashion space and entertainment space.",Awesome,STEM Track,1,1,,,,,,,,,,,,,,,,,,,,,,,,,,,,,,,,,,,,,,,,,,,,,,,,,,,,,,,,,,,,,,,,,,,,,,,,,,,,,,,,,,,,,,,,,,,,,,,,,,,,,,,,,,,,,,,,,,,,,,,,,,,,,,,,,,,,,,,,,,,,,,,,,,,,,,,,,,,,,,,,,,,,,,,,,,,,,,,,,,,,,,,,,,,,,,,,,,,,,,,,,,,,,,,,,,,,,,,,,,,,,,,,,,,,,,,,,,,,,,,,,,,,,,,,,,,,,,,,,,,,,,,,,,,,,,,,,,,,,,,,,,,,,,,,,,,,,,,,,,,,,,,,,,,,,,,,,,,
37,e4qsmwau,,0,18,18,Section_7,EndSurvey,2024-09-25 23:37:20.628506,1,,,0.0,,,,,,,,,,,,,,czcerakw,,,,,0,Experiment_1_Persistence,https://app.prolific.com/submissions/complete?cc=C1BTHULB,0.0,1.0,37,,0.0,6658b337cb2020d6b19f88d9,1,1,37,,0.0,B,C,B,B,C,C,A,D,C,A,BCBBCCADCA,0.2,0,0.0,1,1,37,,0.0,noisy,random,positive,Pass,red,5,1,2,Fail Box,1,1,37,,0.0,D,B,A,C,B,D,A,B,C,A,DBACBDABCA,0.9,Non-STEM Track,,0,0.0,2,1,1,37,,0.0,R,R,R,R,R,R,C,C,C,C,C,RRRRRRCCCCC,1,1,37,,0.0,1,0,1,0,0,0,0,0,0,I chose non-STEM because my schooling was not focused in STEM.,"I majored in journalism, so many of my subjects were in regards to communications. ",I don't think I did well with the math problems but the last portion was much easier.,Non-STEM Track,1,1,,,,,,,,,,,,,,,,,,,,,,,,,,,,,,,,,,,,,,,,,,,,,,,,,,,,,,,,,,,,,,,,,,,,,,,,,,,,,,,,,,,,,,,,,,,,,,,,,,,,,,,,,,,,,,,,,,,,,,,,,,,,,,,,,,,,,,,,,,,,,,,,,,,,,,,,,,,,,,,,,,,,,,,,,,,,,,,,,,,,,,,,,,,,,,,,,,,,,,,,,,,,,,,,,,,,,,,,,,,,,,,,,,,,,,,,,,,,,,,,,,,,,,,,,,,,,,,,,,,,,,,,,,,,,,,,,,,,,,,,,,,,,,,,,,,,,,,,,,,,,,,,,,,,,,,,,,,
38,mpu6ym73,,0,18,18,Section_7,EndSurvey,2024-09-25 23:37:26.560475,1,,,0.0,,,,,,,,,,,,,,czcerakw,,,,,0,Experiment_1_Persistence,https://app.prolific.com/submissions/complete?cc=C1BTHULB,0.0,1.0,38,,0.0,66ad75302bba5cdc6b55c5c8,1,1,38,,0.0,A,C,B,C,C,C,C,A,C,C,ACBCCCCACC,0.2,0,0.0,1,1,38,,0.0,noisy,random,ground,Pass,red,30,3,1,Fail Box,1,1,38,,0.0,C,C,C,C,C,B,D,C,D,B,CCCCCBDCDB,0.1,STEM Track,,0,0.0,1,1,1,38,,0.0,R,R,R,R,R,C,C,C,C,C,C,RRRRRCCCCCC,1,1,38,,0.0,0,1,0,0,0,0,0,0,0,To challenge myself.,Medical Terminology ,It was a great experience for me. It challenged me. No feedback.,STEM Track,1,1,,,,,,,,,,,,,,,,,,,,,,,,,,,,,,,,,,,,,,,,,,,,,,,,,,,,,,,,,,,,,,,,,,,,,,,,,,,,,,,,,,,,,,,,,,,,,,,,,,,,,,,,,,,,,,,,,,,,,,,,,,,,,,,,,,,,,,,,,,,,,,,,,,,,,,,,,,,,,,,,,,,,,,,,,,,,,,,,,,,,,,,,,,,,,,,,,,,,,,,,,,,,,,,,,,,,,,,,,,,,,,,,,,,,,,,,,,,,,,,,,,,,,,,,,,,,,,,,,,,,,,,,,,,,,,,,,,,,,,,,,,,,,,,,,,,,,,,,,,,,,,,,,,,,,,,,,,,
39,4l8yt2ki,,0,18,18,Section_7,EndSurvey,2024-09-25 23:38:04.036399,1,,,0.0,,,,,,,,,,,,,,czcerakw,,,,,0,Experiment_1_Persistence,https://app.prolific.com/submissions/complete?cc=C1BTHULB,0.0,1.0,39,,0.0,5f04bd7038cbb210b85195fd,1,1,39,,0.0,B,A,C,B,D,B,D,C,A,C,BACBDBDCAC,0.6,0,0.0,1,1,39,,0.0,noisy,random,ground,Pass,red,55,4,5,Pass Box,1,1,39,,0.0,D,B,A,C,B,D,A,B,C,D,DBACBDABCD,1.0,Non-STEM Track,,0,0.0,5,1,1,39,,0.0,R,R,R,R,C,C,C,C,C,C,C,RRRRCCCCCCC,1,1,39,,0.0,0,0,1,0,0,0,0,0,0,I found the math questions very difficult and know that my non-STEM skills are typically stronger.,"School: Political Science, Art History  Work industries: Tech (with a marketing focus)","As mentioned above, I found the math questions very challenging. It was discouraging to feel a bit stupid as I'm trying to figure out how to even start to answer the questions.",Non-STEM Track,1,1,,,,,,,,,,,,,,,,,,,,,,,,,,,,,,,,,,,,,,,,,,,,,,,,,,,,,,,,,,,,,,,,,,,,,,,,,,,,,,,,,,,,,,,,,,,,,,,,,,,,,,,,,,,,,,,,,,,,,,,,,,,,,,,,,,,,,,,,,,,,,,,,,,,,,,,,,,,,,,,,,,,,,,,,,,,,,,,,,,,,,,,,,,,,,,,,,,,,,,,,,,,,,,,,,,,,,,,,,,,,,,,,,,,,,,,,,,,,,,,,,,,,,,,,,,,,,,,,,,,,,,,,,,,,,,,,,,,,,,,,,,,,,,,,,,,,,,,,,,,,,,,,,,,,,,,,,,,
40,l5vo7hjp,,0,18,18,Section_7,EndSurvey,2024-09-25 23:38:04.561824,1,,,0.0,,,,,,,,,,,,,,czcerakw,,,,,0,Experiment_1_Persistence,https://app.prolific.com/submissions/complete?cc=C1BTHULB,0.0,1.0,40,,0.0,5f052fd4e9163a8320120e43,1,1,40,,0.0,B,C,B,D,D,C,B,A,C,B,BCBDDCBACB,0.2,0,0.0,1,1,40,,0.0,noisy,random,ground,Fail,black,50,2,3,Fail Box,1,1,40,,0.0,D,B,A,C,B,D,A,B,C,D,DBACBDABCD,1.0,Non-STEM Track,,0,0.0,3,1,1,40,,0.0,R,R,R,R,C,C,C,C,C,C,C,RRRRCCCCCCC,1,1,40,,0.0,0,0,1,0,0,0,0,0,0,Those questions are hard for me.,Psychology ,It went well.,Non-STEM Track,1,1,,,,,,,,,,,,,,,,,,,,,,,,,,,,,,,,,,,,,,,,,,,,,,,,,,,,,,,,,,,,,,,,,,,,,,,,,,,,,,,,,,,,,,,,,,,,,,,,,,,,,,,,,,,,,,,,,,,,,,,,,,,,,,,,,,,,,,,,,,,,,,,,,,,,,,,,,,,,,,,,,,,,,,,,,,,,,,,,,,,,,,,,,,,,,,,,,,,,,,,,,,,,,,,,,,,,,,,,,,,,,,,,,,,,,,,,,,,,,,,,,,,,,,,,,,,,,,,,,,,,,,,,,,,,,,,,,,,,,,,,,,,,,,,,,,,,,,,,,,,,,,,,,,,,,,,,,,,
41,hrxip90x,,0,4,18,Section_1,Conclusion,2024-09-25 23:38:05.237895,1,,,0.0,,,,,,,,,,,,,,czcerakw,,,,,0,Experiment_1_Persistence,https://app.prolific.com/submissions/complete?cc=C1BTHULB,0.0,1.0,41,,0.0,6119ccaad19b17d52526b724,1,1,41,,0.0,,,,,,,,,,,__________,0.0,0,0.0,1,1,41,,0.0,,,,,,,,,,1,1,41,,0.0,,,,,,,,,,,,,,,,,,1,1,41,,0.0,,,,,,,,,,,,,1,1,41,,0.0,0,0,0,0,0,0,0,0,0,,,,,1,1,,,,,,,,,,,,,,,,,,,,,,,,,,,,,,,,,,,,,,,,,,,,,,,,,,,,,,,,,,,,,,,,,,,,,,,,,,,,,,,,,,,,,,,,,,,,,,,,,,,,,,,,,,,,,,,,,,,,,,,,,,,,,,,,,,,,,,,,,,,,,,,,,,,,,,,,,,,,,,,,,,,,,,,,,,,,,,,,,,,,,,,,,,,,,,,,,,,,,,,,,,,,,,,,,,,,,,,,,,,,,,,,,,,,,,,,,,,,,,,,,,,,,,,,,,,,,,,,,,,,,,,,,,,,,,,,,,,,,,,,,,,,,,,,,,,,,,,,,,,,,,,,,,,,,,,,,,,
42,sbdtgf7o,,0,18,18,Section_7,EndSurvey,2024-09-25 23:38:06.472343,1,,,0.0,,,,,,,,,,,,,,czcerakw,,,,,0,Experiment_1_Persistence,https://app.prolific.com/submissions/complete?cc=C1BTHULB,0.0,1.0,42,,0.0,58cb138127e23a0001b4fb5d,1,1,42,,0.0,D,C,B,C,B,C,C,C,B,C,DCBCBCCCBC,0.2,0,0.0,1,1,42,,0.0,noisy,random,ground,Pass,red,1,0,1,Not Sure,1,1,42,,0.0,D,B,A,C,B,D,A,B,C,D,DBACBDABCD,1.0,Non-STEM Track,,0,0.0,1,1,1,42,,0.0,R,R,R,C,C,C,C,C,C,C,C,RRRCCCCCCCC,1,1,42,,0.0,0,0,1,0,0,0,0,0,0,Because I'm terrible at math.,Anthropology and Political Science,I guessed all of the math questions because I'm terrible at math. My last math course was Statistics in college over 40 years ago.,Non-STEM Track,1,1,,,,,,,,,,,,,,,,,,,,,,,,,,,,,,,,,,,,,,,,,,,,,,,,,,,,,,,,,,,,,,,,,,,,,,,,,,,,,,,,,,,,,,,,,,,,,,,,,,,,,,,,,,,,,,,,,,,,,,,,,,,,,,,,,,,,,,,,,,,,,,,,,,,,,,,,,,,,,,,,,,,,,,,,,,,,,,,,,,,,,,,,,,,,,,,,,,,,,,,,,,,,,,,,,,,,,,,,,,,,,,,,,,,,,,,,,,,,,,,,,,,,,,,,,,,,,,,,,,,,,,,,,,,,,,,,,,,,,,,,,,,,,,,,,,,,,,,,,,,,,,,,,,,,,,,,,,,
43,t80jooro,,0,18,18,Section_7,EndSurvey,2024-09-25 23:38:22.200325,1,,,0.0,,,,,,,,,,,,,,czcerakw,,,,,0,Experiment_1_Persistence,https://app.prolific.com/submissions/complete?cc=C1BTHULB,0.0,1.0,43,,0.0,668b4d070be8f04729bd5fb7,1,1,43,,0.0,D,A,C,B,D,A,B,A,B,B,DACBDABABB,0.4,0,0.0,1,1,43,,0.0,noisy,random,positive,Pass,red,50,3,2,Fail Box,1,1,43,,0.0,D,B,A,C,B,D,A,B,C,D,DBACBDABCD,1.0,Non-STEM Track,,0,0.0,2,1,1,43,,0.0,R,R,R,R,R,C,C,C,C,C,C,RRRRRCCCCCC,1,1,43,,0.0,0,0,1,0,0,0,0,0,0,I have not done that type of math in a while and felt like my current skills would fit different questions better.,I studied everything pretty evenly.,,Non-STEM Track,1,1,,,,,,,,,,,,,,,,,,,,,,,,,,,,,,,,,,,,,,,,,,,,,,,,,,,,,,,,,,,,,,,,,,,,,,,,,,,,,,,,,,,,,,,,,,,,,,,,,,,,,,,,,,,,,,,,,,,,,,,,,,,,,,,,,,,,,,,,,,,,,,,,,,,,,,,,,,,,,,,,,,,,,,,,,,,,,,,,,,,,,,,,,,,,,,,,,,,,,,,,,,,,,,,,,,,,,,,,,,,,,,,,,,,,,,,,,,,,,,,,,,,,,,,,,,,,,,,,,,,,,,,,,,,,,,,,,,,,,,,,,,,,,,,,,,,,,,,,,,,,,,,,,,,,,,,,,,,
44,nfd9ejw9,,0,18,18,Section_7,EndSurvey,2024-09-25 23:38:36.209272,1,,,0.0,,,,,,,,,,,,,,czcerakw,,,,,0,Experiment_1_Persistence,https://app.prolific.com/submissions/complete?cc=C1BTHULB,0.0,1.0,44,,0.0,66edfcde8ccf64ce2bb4d3e0,1,1,44,,0.0,B,A,B,D,D,A,B,A,A,C,BABDDABAAC,0.1,0,0.0,1,1,44,,0.0,noisy,random,ground,Fail,black,80,7,7,Fail Box,1,1,44,,0.0,A,C,C,A,B,C,A,A,A,C,ACCABCAAAC,0.4,STEM Track,,0,0.0,7,1,1,44,,0.0,R,R,R,R,R,R,R,C,C,C,C,RRRRRRRCCCC,1,1,44,,0.0,0,1,1,0,1,0,0,0,0,Stem is the new way of education moving forward,Hospitality,none,STEM Track,1,1,,,,,,,,,,,,,,,,,,,,,,,,,,,,,,,,,,,,,,,,,,,,,,,,,,,,,,,,,,,,,,,,,,,,,,,,,,,,,,,,,,,,,,,,,,,,,,,,,,,,,,,,,,,,,,,,,,,,,,,,,,,,,,,,,,,,,,,,,,,,,,,,,,,,,,,,,,,,,,,,,,,,,,,,,,,,,,,,,,,,,,,,,,,,,,,,,,,,,,,,,,,,,,,,,,,,,,,,,,,,,,,,,,,,,,,,,,,,,,,,,,,,,,,,,,,,,,,,,,,,,,,,,,,,,,,,,,,,,,,,,,,,,,,,,,,,,,,,,,,,,,,,,,,,,,,,,,,
45,y2jf9o4i,,0,18,18,Section_7,EndSurvey,2024-09-25 23:38:48.095983,1,,,0.0,,,,,,,,,,,,,,czcerakw,,,,,0,Experiment_1_Persistence,https://app.prolific.com/submissions/complete?cc=C1BTHULB,0.0,1.0,45,,0.0,6631a2d22bcd9ccaf132b90a,1,1,45,,0.0,B,C,C,A,B,B,D,A,A,B,BCCABBDAAB,0.5,0,0.0,1,1,45,,0.0,noisy,random,negative,Pass,red,50,3,4,Pass Box,1,1,45,,0.0,C,A,A,D,B,D,C,B,B,C,CAADBDCBBC,0.5,STEM Track,,0,0.0,4,1,1,45,,0.0,R,R,C,R,C,C,C,C,C,C,C,RRCRCCCCCCC,1,1,45,,0.0,0,0,1,0,0,0,0,0,0,I enjoy math and science. ,Science ,"It went well, but the equations were really hard for the amount of time I had. ",STEM Track,1,1,,,,,,,,,,,,,,,,,,,,,,,,,,,,,,,,,,,,,,,,,,,,,,,,,,,,,,,,,,,,,,,,,,,,,,,,,,,,,,,,,,,,,,,,,,,,,,,,,,,,,,,,,,,,,,,,,,,,,,,,,,,,,,,,,,,,,,,,,,,,,,,,,,,,,,,,,,,,,,,,,,,,,,,,,,,,,,,,,,,,,,,,,,,,,,,,,,,,,,,,,,,,,,,,,,,,,,,,,,,,,,,,,,,,,,,,,,,,,,,,,,,,,,,,,,,,,,,,,,,,,,,,,,,,,,,,,,,,,,,,,,,,,,,,,,,,,,,,,,,,,,,,,,,,,,,,,,,
46,1v5a3i8s,,0,18,18,Section_7,EndSurvey,2024-09-25 23:38:51.660524,1,,,0.0,,,,,,,,,,,,,,czcerakw,,,,,0,Experiment_1_Persistence,https://app.prolific.com/submissions/complete?cc=C1BTHULB,0.0,1.0,46,,0.0,66a418d30633a5522466bcfc,1,1,46,,0.0,D,A,B,C,D,D,B,A,B,B,DABCDDBABB,0.2,0,0.0,1,1,46,,0.0,noisy,random,ground,Fail,black,20,5,5,Fail Box,1,1,46,,0.0,D,B,A,C,B,D,A,B,C,D,DBACBDABCD,1.0,Non-STEM Track,,0,0.0,5,1,1,46,,0.0,R,R,R,C,C,C,C,C,C,C,C,RRRCCCCCCCC,1,1,46,,0.0,0,0,1,0,0,0,0,0,0,I am better at non-stem related subjects. ,Psychology,It was fun.,Non-STEM Track,1,1,,,,,,,,,,,,,,,,,,,,,,,,,,,,,,,,,,,,,,,,,,,,,,,,,,,,,,,,,,,,,,,,,,,,,,,,,,,,,,,,,,,,,,,,,,,,,,,,,,,,,,,,,,,,,,,,,,,,,,,,,,,,,,,,,,,,,,,,,,,,,,,,,,,,,,,,,,,,,,,,,,,,,,,,,,,,,,,,,,,,,,,,,,,,,,,,,,,,,,,,,,,,,,,,,,,,,,,,,,,,,,,,,,,,,,,,,,,,,,,,,,,,,,,,,,,,,,,,,,,,,,,,,,,,,,,,,,,,,,,,,,,,,,,,,,,,,,,,,,,,,,,,,,,,,,,,,,,
47,znsuyl8j,,0,18,18,Section_7,EndSurvey,2024-09-25 23:38:52.514779,1,,,0.0,,,,,,,,,,,,,,czcerakw,,,,,0,Experiment_1_Persistence,https://app.prolific.com/submissions/complete?cc=C1BTHULB,0.0,1.0,47,,0.0,66ea401fa9604d4b2e8a80e0,1,1,47,,0.0,D,A,B,C,B,,,,,,DABCB_____,0.2,0,0.0,1,1,47,,0.0,noisy,random,negative,Fail,black,5,2,4,Pass Box,1,1,47,,0.0,B,,B,C,A,C,C,,B,,B_BCACC_B_,0.4,STEM Track,,0,0.0,4,1,1,47,,0.0,R,R,R,R,R,R,C,C,C,C,C,RRRRRRCCCCC,1,1,47,,0.0,0,0,1,0,0,0,0,0,0,I was good in math ( 40 years ago :-),I learnt equally art and science. I worked mostly in education,"Great study. Wake up call for me! Time to go ""back to school"" to relearn basic math. Thank you!",STEM Track,1,1,,,,,,,,,,,,,,,,,,,,,,,,,,,,,,,,,,,,,,,,,,,,,,,,,,,,,,,,,,,,,,,,,,,,,,,,,,,,,,,,,,,,,,,,,,,,,,,,,,,,,,,,,,,,,,,,,,,,,,,,,,,,,,,,,,,,,,,,,,,,,,,,,,,,,,,,,,,,,,,,,,,,,,,,,,,,,,,,,,,,,,,,,,,,,,,,,,,,,,,,,,,,,,,,,,,,,,,,,,,,,,,,,,,,,,,,,,,,,,,,,,,,,,,,,,,,,,,,,,,,,,,,,,,,,,,,,,,,,,,,,,,,,,,,,,,,,,,,,,,,,,,,,,,,,,,,,,,
48,q54y6ron,,0,18,18,Section_7,EndSurvey,2024-09-25 23:39:30.817798,1,,,0.0,,,,,,,,,,,,,,czcerakw,,,,,0,Experiment_1_Persistence,https://app.prolific.com/submissions/complete?cc=C1BTHULB,0.0,1.0,48,,0.0,6654cf5076effabe847b5484,1,1,48,,0.0,D,A,D,C,B,B,A,D,B,C,DADCBBADBC,0.3,4,26.988,1,1,48,,0.0,noisy,random,negative,Pass,red,50,3,2,Pass Box,1,1,48,,0.0,D,B,A,C,B,D,A,D,C,D,DBACBDADCD,0.9,Non-STEM Track,,0,0.0,2,1,1,48,,0.0,R,R,R,C,C,C,C,C,C,C,C,RRRCCCCCCCC,1,1,48,,0.0,0,0,1,0,0,0,0,0,0,Haven’t done math at that level in 15 years,"Business, fashion, sewing/ design ",,Non-STEM Track,1,1,,,,,,,,,,,,,,,,,,,,,,,,,,,,,,,,,,,,,,,,,,,,,,,,,,,,,,,,,,,,,,,,,,,,,,,,,,,,,,,,,,,,,,,,,,,,,,,,,,,,,,,,,,,,,,,,,,,,,,,,,,,,,,,,,,,,,,,,,,,,,,,,,,,,,,,,,,,,,,,,,,,,,,,,,,,,,,,,,,,,,,,,,,,,,,,,,,,,,,,,,,,,,,,,,,,,,,,,,,,,,,,,,,,,,,,,,,,,,,,,,,,,,,,,,,,,,,,,,,,,,,,,,,,,,,,,,,,,,,,,,,,,,,,,,,,,,,,,,,,,,,,,,,,,,,,,,,,
49,xukhjcga,,0,18,18,Section_7,EndSurvey,2024-09-25 23:39:33.906841,1,,,0.0,,,,,,,,,,,,,,czcerakw,,,,,0,Experiment_1_Persistence,https://app.prolific.com/submissions/complete?cc=C1BTHULB,0.0,1.0,49,,0.0,661b4e13b2dce4ae459c18a2,1,1,49,,0.0,A,A,D,B,B,B,D,C,C,,AADBBBDCC_,0.8,25,323.186,1,1,49,,0.0,noisy,random,ground,Pass,red,85,8,8,Pass Box,1,1,49,,0.0,D,B,A,C,B,D,A,B,C,D,DBACBDABCD,1.0,Non-STEM Track,,1,11.179,8,1,1,49,,0.0,R,R,R,R,R,C,C,C,C,C,C,RRRRRCCCCCC,1,1,49,,0.0,0,0,1,0,1,0,0,0,0,I didn't get to finish the first part by one question and thought I might miss a question or two again.,I studied mostly art related courses.,Everything was fine.,Non-STEM Track,1,1,,,,,,,,,,,,,,,,,,,,,,,,,,,,,,,,,,,,,,,,,,,,,,,,,,,,,,,,,,,,,,,,,,,,,,,,,,,,,,,,,,,,,,,,,,,,,,,,,,,,,,,,,,,,,,,,,,,,,,,,,,,,,,,,,,,,,,,,,,,,,,,,,,,,,,,,,,,,,,,,,,,,,,,,,,,,,,,,,,,,,,,,,,,,,,,,,,,,,,,,,,,,,,,,,,,,,,,,,,,,,,,,,,,,,,,,,,,,,,,,,,,,,,,,,,,,,,,,,,,,,,,,,,,,,,,,,,,,,,,,,,,,,,,,,,,,,,,,,,,,,,,,,,,,,,,,,,,
50,s2aa4qll,,0,18,18,Section_7,EndSurvey,2024-09-25 23:39:57.065747,1,,,0.0,,,,,,,,,,,,,,czcerakw,,,,,0,Experiment_1_Persistence,https://app.prolific.com/submissions/complete?cc=C1BTHULB,0.0,1.0,50,,0.0,63e54d97fa5c58916e667110,1,1,50,,0.0,B,A,A,C,D,B,D,B,B,B,BAACDBDBBB,0.4,0,0.0,1,1,50,,0.0,noisy,random,ground,Fail,black,25,5,8,Fail Box,1,1,50,,0.0,D,B,A,C,B,D,A,B,C,D,DBACBDABCD,1.0,Non-STEM Track,,0,0.0,8,1,1,50,,0.0,R,R,R,R,R,R,C,C,C,C,C,RRRRRRCCCCC,1,1,50,,0.0,0,0,1,0,0,0,0,0,0,Because the initial questions were Algebra 2 questions and I have not done math in over 15 years. I did not want to have my bonus based on that again so I chose the option for .20 per correct hoping to get something.,Business and managerial classes,"good, first set of questions was stressful though.",Non-STEM Track,1,1,,,,,,,,,,,,,,,,,,,,,,,,,,,,,,,,,,,,,,,,,,,,,,,,,,,,,,,,,,,,,,,,,,,,,,,,,,,,,,,,,,,,,,,,,,,,,,,,,,,,,,,,,,,,,,,,,,,,,,,,,,,,,,,,,,,,,,,,,,,,,,,,,,,,,,,,,,,,,,,,,,,,,,,,,,,,,,,,,,,,,,,,,,,,,,,,,,,,,,,,,,,,,,,,,,,,,,,,,,,,,,,,,,,,,,,,,,,,,,,,,,,,,,,,,,,,,,,,,,,,,,,,,,,,,,,,,,,,,,,,,,,,,,,,,,,,,,,,,,,,,,,,,,,,,,,,,,,
51,b87fybw6,,0,18,18,Section_7,EndSurvey,2024-09-25 23:40:01.784063,1,,,0.0,,,,,,,,,,,,,,czcerakw,,,,,0,Experiment_1_Persistence,https://app.prolific.com/submissions/complete?cc=C1BTHULB,0.0,1.0,51,,0.0,66288972d0b9059cc9082a4c,1,1,51,,0.0,A,C,B,C,C,C,B,C,B,B,ACBCCCBCBB,0.3,0,0.0,1,1,51,,0.0,noisy,random,positive,Fail,red,30,4,5,Pass Box,1,1,51,,0.0,B,C,A,C,C,D,B,B,A,D,BCACCDBBAD,0.2,STEM Track,,0,0.0,5,1,1,51,,0.0,R,R,R,R,R,R,R,R,C,C,C,RRRRRRRRCCC,1,1,51,,0.0,0,0,1,0,0,0,0,0,0,SCIENCE!,"Art, Biology and Web Design",Enjoyed seeing the math again.,STEM Track,1,1,,,,,,,,,,,,,,,,,,,,,,,,,,,,,,,,,,,,,,,,,,,,,,,,,,,,,,,,,,,,,,,,,,,,,,,,,,,,,,,,,,,,,,,,,,,,,,,,,,,,,,,,,,,,,,,,,,,,,,,,,,,,,,,,,,,,,,,,,,,,,,,,,,,,,,,,,,,,,,,,,,,,,,,,,,,,,,,,,,,,,,,,,,,,,,,,,,,,,,,,,,,,,,,,,,,,,,,,,,,,,,,,,,,,,,,,,,,,,,,,,,,,,,,,,,,,,,,,,,,,,,,,,,,,,,,,,,,,,,,,,,,,,,,,,,,,,,,,,,,,,,,,,,,,,,,,,,,
52,ysbbnk6i,,0,18,18,Section_7,EndSurvey,2024-09-25 23:40:13.089895,1,,,0.0,,,,,,,,,,,,,,czcerakw,,,,,0,Experiment_1_Persistence,https://app.prolific.com/submissions/complete?cc=C1BTHULB,0.0,1.0,52,,0.0,63bf8a649931574320e98357,1,1,52,,0.0,D,A,C,C,B,B,D,B,B,,DACCBBDBB_,0.5,0,0.0,1,1,52,,0.0,noisy,random,negative,Fail,black,50,6,6,Pass Box,1,1,52,,0.0,B,D,C,C,A,B,C,A,C,C,BDCCABCACC,0.6,STEM Track,,0,0.0,6,1,1,52,,0.0,R,R,R,R,R,C,C,C,C,C,C,RRRRRCCCCCC,1,1,52,,0.0,0,0,1,0,0,0,0,0,0,I went to school for a STEM education and my current career is in STEM.,My main subjects were engineering and that consisted of math and computer science.,This was a long process. I recommend making this survey shorter.,STEM Track,1,1,,,,,,,,,,,,,,,,,,,,,,,,,,,,,,,,,,,,,,,,,,,,,,,,,,,,,,,,,,,,,,,,,,,,,,,,,,,,,,,,,,,,,,,,,,,,,,,,,,,,,,,,,,,,,,,,,,,,,,,,,,,,,,,,,,,,,,,,,,,,,,,,,,,,,,,,,,,,,,,,,,,,,,,,,,,,,,,,,,,,,,,,,,,,,,,,,,,,,,,,,,,,,,,,,,,,,,,,,,,,,,,,,,,,,,,,,,,,,,,,,,,,,,,,,,,,,,,,,,,,,,,,,,,,,,,,,,,,,,,,,,,,,,,,,,,,,,,,,,,,,,,,,,,,,,,,,,,
53,2a9p5za1,,0,18,18,Section_7,EndSurvey,2024-09-25 23:40:23.641662,1,,,0.0,,,,,,,,,,,,,,czcerakw,,,,,0,Experiment_1_Persistence,https://app.prolific.com/submissions/complete?cc=C1BTHULB,0.0,1.0,53,,0.0,63d3f9de61039d451f5601cf,1,1,53,,0.0,A,A,D,C,C,A,D,B,C,B,AADCCADBCB,0.5,0,0.0,1,1,53,,0.0,noisy,random,ground,Pass,red,33,3,5,Pass Box,1,1,53,,0.0,D,B,A,C,B,D,A,B,C,D,DBACBDABCD,1.0,Non-STEM Track,,0,0.0,5,1,1,53,,0.0,R,R,R,R,C,C,C,C,C,C,C,RRRRCCCCCCC,1,1,53,,0.0,0,0,1,0,0,0,0,0,0,"I was feeling like the STEM would be more math, and I wasnt feeling very strong in my mental math","Biology, chemistry, Public Health. I currently work in health services research ",the math questions were stressfull,Non-STEM Track,1,1,,,,,,,,,,,,,,,,,,,,,,,,,,,,,,,,,,,,,,,,,,,,,,,,,,,,,,,,,,,,,,,,,,,,,,,,,,,,,,,,,,,,,,,,,,,,,,,,,,,,,,,,,,,,,,,,,,,,,,,,,,,,,,,,,,,,,,,,,,,,,,,,,,,,,,,,,,,,,,,,,,,,,,,,,,,,,,,,,,,,,,,,,,,,,,,,,,,,,,,,,,,,,,,,,,,,,,,,,,,,,,,,,,,,,,,,,,,,,,,,,,,,,,,,,,,,,,,,,,,,,,,,,,,,,,,,,,,,,,,,,,,,,,,,,,,,,,,,,,,,,,,,,,,,,,,,,,,
54,594qegbs,,0,18,18,Section_7,EndSurvey,2024-09-25 23:40:28.622800,1,,,0.0,,,,,,,,,,,,,,czcerakw,,,,,0,Experiment_1_Persistence,https://app.prolific.com/submissions/complete?cc=C1BTHULB,0.0,1.0,54,,0.0,6642463d44cfca730a03301f,1,1,54,,0.0,B,A,C,B,A,B,C,D,A,B,BACBABCDAB,0.5,0,0.0,1,1,54,,0.0,noisy,random,positive,Pass,red,50,5,5,Fail Box,1,1,54,,0.0,A,B,A,C,B,D,A,C,C,B,ABACBDACCB,0.7,Non-STEM Track,,0,0.0,5,1,1,54,,0.0,R,R,R,R,C,C,C,C,C,C,C,RRRRCCCCCCC,1,1,54,,0.0,0,0,1,0,0,0,0,0,0,I am not that great at math,"Biology, English",No,Non-STEM Track,1,1,,,,,,,,,,,,,,,,,,,,,,,,,,,,,,,,,,,,,,,,,,,,,,,,,,,,,,,,,,,,,,,,,,,,,,,,,,,,,,,,,,,,,,,,,,,,,,,,,,,,,,,,,,,,,,,,,,,,,,,,,,,,,,,,,,,,,,,,,,,,,,,,,,,,,,,,,,,,,,,,,,,,,,,,,,,,,,,,,,,,,,,,,,,,,,,,,,,,,,,,,,,,,,,,,,,,,,,,,,,,,,,,,,,,,,,,,,,,,,,,,,,,,,,,,,,,,,,,,,,,,,,,,,,,,,,,,,,,,,,,,,,,,,,,,,,,,,,,,,,,,,,,,,,,,,,,,,,
55,s2zyb9cp,,0,18,18,Section_7,EndSurvey,2024-09-25 23:40:31.209850,1,,,0.0,,,,,,,,,,,,,,czcerakw,,,,,0,Experiment_1_Persistence,https://app.prolific.com/submissions/complete?cc=C1BTHULB,0.0,1.0,55,,0.0,66c3ed034cb6e25a0018514e,1,1,55,,0.0,B,A,C,B,A,D,C,A,D,C,BACBADCADC,0.3,0,0.0,1,1,55,,0.0,noisy,random,positive,Fail,red,55,4,4,Fail Box,1,1,55,,0.0,D,B,A,D,B,D,B,D,C,C,DBADBDBDCC,0.6,Non-STEM Track,,0,0.0,4,1,1,55,,0.0,R,R,R,R,R,C,C,C,C,C,C,RRRRRCCCCCC,1,1,55,,0.0,0,0,1,0,0,0,0,0,0,It is what I felt like taking because I know STEM school work on figures a lot which I am not good at,Business administration and work as a sales person with a garage,no,Non-STEM Track,1,1,,,,,,,,,,,,,,,,,,,,,,,,,,,,,,,,,,,,,,,,,,,,,,,,,,,,,,,,,,,,,,,,,,,,,,,,,,,,,,,,,,,,,,,,,,,,,,,,,,,,,,,,,,,,,,,,,,,,,,,,,,,,,,,,,,,,,,,,,,,,,,,,,,,,,,,,,,,,,,,,,,,,,,,,,,,,,,,,,,,,,,,,,,,,,,,,,,,,,,,,,,,,,,,,,,,,,,,,,,,,,,,,,,,,,,,,,,,,,,,,,,,,,,,,,,,,,,,,,,,,,,,,,,,,,,,,,,,,,,,,,,,,,,,,,,,,,,,,,,,,,,,,,,,,,,,,,,,
56,x6fhkx94,,0,18,18,Section_7,EndSurvey,2024-09-25 23:40:32.430155,1,,,0.0,,,,,,,,,,,,,,czcerakw,,,,,0,Experiment_1_Persistence,https://app.prolific.com/submissions/complete?cc=C1BTHULB,0.0,1.0,56,,0.0,5f95a44920f542417f4263cb,1,1,56,,0.0,C,A,B,B,C,A,D,B,A,B,CABBCADBAB,0.4,0,0.0,1,1,56,,0.0,noisy,random,positive,Pass,red,40,6,4,Pass Box,1,1,56,,0.0,D,B,A,C,B,D,A,B,C,D,DBACBDABCD,1.0,Non-STEM Track,,0,0.0,4,1,1,56,,0.0,R,R,R,C,C,C,C,C,C,C,C,RRRCCCCCCCC,1,1,56,,0.0,0,0,1,0,0,0,0,0,0,I was not confident in remembering the math concepts that reappeared here for me. I was banking on something to do with English popping up.,I studied mostly in STEM classes with my extra classes being dedicated to graphic design and digital illustration.,"The STEM questions were a bit hard, but I gave them enough of an effort to not be sure if I was just guessing or actually remembering how to solve them.",Non-STEM Track,1,1,,,,,,,,,,,,,,,,,,,,,,,,,,,,,,,,,,,,,,,,,,,,,,,,,,,,,,,,,,,,,,,,,,,,,,,,,,,,,,,,,,,,,,,,,,,,,,,,,,,,,,,,,,,,,,,,,,,,,,,,,,,,,,,,,,,,,,,,,,,,,,,,,,,,,,,,,,,,,,,,,,,,,,,,,,,,,,,,,,,,,,,,,,,,,,,,,,,,,,,,,,,,,,,,,,,,,,,,,,,,,,,,,,,,,,,,,,,,,,,,,,,,,,,,,,,,,,,,,,,,,,,,,,,,,,,,,,,,,,,,,,,,,,,,,,,,,,,,,,,,,,,,,,,,,,,,,,,
57,5hchgez8,,0,18,18,Section_7,EndSurvey,2024-09-25 23:40:48.292226,1,,,0.0,,,,,,,,,,,,,,czcerakw,,,,,0,Experiment_1_Persistence,https://app.prolific.com/submissions/complete?cc=C1BTHULB,0.0,1.0,57,,0.0,656009a284706961654d6a96,1,1,57,,0.0,B,C,A,B,A,,,,,,BCABA_____,0.1,0,0.0,1,1,57,,0.0,noisy,random,positive,Fail,red,2,2,2,Pass Box,1,1,57,,0.0,D,B,A,C,B,D,A,B,C,D,DBACBDABCD,1.0,Non-STEM Track,,0,0.0,2,1,1,57,,0.0,R,C,C,C,C,C,C,C,C,C,C,RCCCCCCCCCC,1,1,57,,0.0,0,0,1,0,0,0,0,0,0,I just decided to pick non-stem track,,My experience was okay. ,Non-STEM Track,1,1,,,,,,,,,,,,,,,,,,,,,,,,,,,,,,,,,,,,,,,,,,,,,,,,,,,,,,,,,,,,,,,,,,,,,,,,,,,,,,,,,,,,,,,,,,,,,,,,,,,,,,,,,,,,,,,,,,,,,,,,,,,,,,,,,,,,,,,,,,,,,,,,,,,,,,,,,,,,,,,,,,,,,,,,,,,,,,,,,,,,,,,,,,,,,,,,,,,,,,,,,,,,,,,,,,,,,,,,,,,,,,,,,,,,,,,,,,,,,,,,,,,,,,,,,,,,,,,,,,,,,,,,,,,,,,,,,,,,,,,,,,,,,,,,,,,,,,,,,,,,,,,,,,,,,,,,,,,
58,c8pourle,,0,18,18,Section_7,EndSurvey,2024-09-25 23:41:21.307270,1,,,0.0,,,,,,,,,,,,,,czcerakw,,,,,0,Experiment_1_Persistence,https://app.prolific.com/submissions/complete?cc=C1BTHULB,0.0,1.0,58,,0.0,62bbcce64f644bd5698c9422,1,1,58,,0.0,A,A,D,B,B,B,D,B,C,B,AADBBBDBCB,0.8,0,0.0,1,1,58,,0.0,noisy,random,positive,Pass,red,90,7,8,Fail Box,1,1,58,,0.0,D,B,A,C,B,D,A,B,C,D,DBACBDABCD,1.0,Non-STEM Track,,0,0.0,8,1,1,58,,0.0,R,R,C,C,C,C,C,C,C,C,C,RRCCCCCCCCC,1,1,58,,0.0,0,0,1,0,0,0,0,0,0,"It was hard enough trying to do the first part under pressure of the timer, I did not want to try again.","Art, History. I worked in manufacturing and production",It all went well and I enjoyed it very much,Non-STEM Track,1,1,,,,,,,,,,,,,,,,,,,,,,,,,,,,,,,,,,,,,,,,,,,,,,,,,,,,,,,,,,,,,,,,,,,,,,,,,,,,,,,,,,,,,,,,,,,,,,,,,,,,,,,,,,,,,,,,,,,,,,,,,,,,,,,,,,,,,,,,,,,,,,,,,,,,,,,,,,,,,,,,,,,,,,,,,,,,,,,,,,,,,,,,,,,,,,,,,,,,,,,,,,,,,,,,,,,,,,,,,,,,,,,,,,,,,,,,,,,,,,,,,,,,,,,,,,,,,,,,,,,,,,,,,,,,,,,,,,,,,,,,,,,,,,,,,,,,,,,,,,,,,,,,,,,,,,,,,,,
59,oo3xbueu,,0,18,18,Section_7,EndSurvey,2024-09-25 23:41:24.503066,1,,,0.0,,,,,,,,,,,,,,czcerakw,,,,,0,Experiment_1_Persistence,https://app.prolific.com/submissions/complete?cc=C1BTHULB,0.0,1.0,59,,0.0,5e3461bd8ec4fc0230fef43a,1,1,59,,0.0,D,A,D,D,C,A,C,B,B,B,DADDCACBBB,0.2,0,0.0,1,1,59,,0.0,noisy,random,negative,Fail,red,20,3,5,Fail Box,1,1,59,,0.0,D,B,A,C,B,D,A,B,C,D,DBACBDABCD,1.0,Non-STEM Track,,0,0.0,5,1,1,59,,0.0,R,C,C,C,C,C,C,C,C,C,C,RCCCCCCCCCC,1,1,59,,0.0,0,0,1,0,0,0,0,0,0,I have a spectacular vocabulary.,Studied history  However worked in IT as a computer programmer,STEM was tough. Vocab a piece of cake. Thanks for the study.,Non-STEM Track,1,1,,,,,,,,,,,,,,,,,,,,,,,,,,,,,,,,,,,,,,,,,,,,,,,,,,,,,,,,,,,,,,,,,,,,,,,,,,,,,,,,,,,,,,,,,,,,,,,,,,,,,,,,,,,,,,,,,,,,,,,,,,,,,,,,,,,,,,,,,,,,,,,,,,,,,,,,,,,,,,,,,,,,,,,,,,,,,,,,,,,,,,,,,,,,,,,,,,,,,,,,,,,,,,,,,,,,,,,,,,,,,,,,,,,,,,,,,,,,,,,,,,,,,,,,,,,,,,,,,,,,,,,,,,,,,,,,,,,,,,,,,,,,,,,,,,,,,,,,,,,,,,,,,,,,,,,,,,,
60,p0958qlk,,0,18,18,Section_7,EndSurvey,2024-09-25 23:41:26.169144,1,,,0.0,,,,,,,,,,,,,,czcerakw,,,,,0,Experiment_1_Persistence,https://app.prolific.com/submissions/complete?cc=C1BTHULB,0.0,1.0,60,,0.0,663f8b8c5491cf738a5d35db,1,1,60,,0.0,B,C,B,D,A,D,B,D,B,A,BCBDADBDBA,0.0,0,0.0,1,1,60,,0.0,noisy,random,negative,Fail,red,20,3,5,Fail Box,1,1,60,,0.0,D,B,A,C,B,D,A,B,C,D,DBACBDABCD,1.0,Non-STEM Track,,0,0.0,5,1,1,60,,0.0,R,R,R,R,R,C,C,C,C,C,C,RRRRRCCCCCC,1,1,60,,0.0,0,0,1,0,0,0,0,0,0,I suspected it would be easier for me / requires less effort.,economics / tech ,"I enjoyed the non-STEM quiz, but not the math.",Non-STEM Track,1,1,,,,,,,,,,,,,,,,,,,,,,,,,,,,,,,,,,,,,,,,,,,,,,,,,,,,,,,,,,,,,,,,,,,,,,,,,,,,,,,,,,,,,,,,,,,,,,,,,,,,,,,,,,,,,,,,,,,,,,,,,,,,,,,,,,,,,,,,,,,,,,,,,,,,,,,,,,,,,,,,,,,,,,,,,,,,,,,,,,,,,,,,,,,,,,,,,,,,,,,,,,,,,,,,,,,,,,,,,,,,,,,,,,,,,,,,,,,,,,,,,,,,,,,,,,,,,,,,,,,,,,,,,,,,,,,,,,,,,,,,,,,,,,,,,,,,,,,,,,,,,,,,,,,,,,,,,,,
61,b4wmtayg,,0,18,18,Section_7,EndSurvey,2024-09-25 23:41:34.753413,1,,,0.0,,,,,,,,,,,,,,czcerakw,,,,,0,Experiment_1_Persistence,https://app.prolific.com/submissions/complete?cc=C1BTHULB,0.0,1.0,61,,0.0,6107940dd15a7e73888abc62,1,1,61,,0.0,D,A,B,C,B,D,C,B,A,A,DABCBDCBAA,0.2,0,0.0,1,1,61,,0.0,noisy,random,negative,Fail,black,0,3,5,Fail Box,1,1,61,,0.0,D,B,A,C,B,D,A,B,C,C,DBACBDABCC,0.9,Non-STEM Track,,0,0.0,5,1,1,61,,0.0,R,R,C,C,C,C,C,C,C,C,C,RRCCCCCCCCC,1,1,61,,0.0,0,0,1,0,0,0,0,0,0,I chose the Non-Stem Track because I am not good at STEM but I have always done well in non-stem subjects.,I studied business administration and music in college. I've worked in marketing and manufacturing businesses.,My experience taking the stem track was stressful because I couldn't remember how to solve some of those types of questions and it reminded me of how I felt back in school.,Non-STEM Track,1,1,,,,,,,,,,,,,,,,,,,,,,,,,,,,,,,,,,,,,,,,,,,,,,,,,,,,,,,,,,,,,,,,,,,,,,,,,,,,,,,,,,,,,,,,,,,,,,,,,,,,,,,,,,,,,,,,,,,,,,,,,,,,,,,,,,,,,,,,,,,,,,,,,,,,,,,,,,,,,,,,,,,,,,,,,,,,,,,,,,,,,,,,,,,,,,,,,,,,,,,,,,,,,,,,,,,,,,,,,,,,,,,,,,,,,,,,,,,,,,,,,,,,,,,,,,,,,,,,,,,,,,,,,,,,,,,,,,,,,,,,,,,,,,,,,,,,,,,,,,,,,,,,,,,,,,,,,,,
62,24mvbchn,,0,18,18,Section_7,EndSurvey,2024-09-25 23:42:16.471657,1,,,0.0,,,,,,,,,,,,,,czcerakw,,,,,0,Experiment_1_Persistence,https://app.prolific.com/submissions/complete?cc=C1BTHULB,0.0,1.0,62,,0.0,66da3f07b1ff5e8145e12657,1,1,62,,0.0,B,A,C,D,D,A,C,D,A,B,BACDDACDAB,0.3,0,0.0,1,1,62,,0.0,noisy,random,ground,Fail,black,1,0,7,Fail Box,1,1,62,,0.0,D,B,A,C,B,A,A,B,C,D,DBACBAABCD,0.9,Non-STEM Track,,0,0.0,7,1,1,62,,0.0,R,R,R,R,R,C,C,C,C,C,C,RRRRRCCCCCC,1,1,62,,0.0,0,1,0,0,0,0,0,0,0,was my parents choice,math science fashion ,the math was unexpected ,Non-STEM Track,1,1,,,,,,,,,,,,,,,,,,,,,,,,,,,,,,,,,,,,,,,,,,,,,,,,,,,,,,,,,,,,,,,,,,,,,,,,,,,,,,,,,,,,,,,,,,,,,,,,,,,,,,,,,,,,,,,,,,,,,,,,,,,,,,,,,,,,,,,,,,,,,,,,,,,,,,,,,,,,,,,,,,,,,,,,,,,,,,,,,,,,,,,,,,,,,,,,,,,,,,,,,,,,,,,,,,,,,,,,,,,,,,,,,,,,,,,,,,,,,,,,,,,,,,,,,,,,,,,,,,,,,,,,,,,,,,,,,,,,,,,,,,,,,,,,,,,,,,,,,,,,,,,,,,,,,,,,,,,
63,f3ebw7ey,,0,18,18,Section_7,EndSurvey,2024-09-25 23:42:16.974461,1,,,0.0,,,,,,,,,,,,,,czcerakw,,,,,0,Experiment_1_Persistence,https://app.prolific.com/submissions/complete?cc=C1BTHULB,0.0,1.0,63,,0.0,66df47a9c26ea6aa4a71fc0f,1,1,63,,0.0,D,C,B,D,A,C,D,A,A,C,DCBDACDAAC,0.1,0,0.0,1,1,63,,0.0,noisy,random,ground,Fail,black,0,0,2,Fail Box,1,1,63,,0.0,D,B,A,C,B,D,A,B,C,D,DBACBDABCD,1.0,Non-STEM Track,,0,0.0,2,1,1,63,,0.0,R,R,R,R,R,C,C,C,C,C,C,RRRRRCCCCCC,1,1,63,,0.0,1,1,0,0,0,0,0,0,0,No particular reason ,English accounting   Auto mechanic ,No,Non-STEM Track,1,1,,,,,,,,,,,,,,,,,,,,,,,,,,,,,,,,,,,,,,,,,,,,,,,,,,,,,,,,,,,,,,,,,,,,,,,,,,,,,,,,,,,,,,,,,,,,,,,,,,,,,,,,,,,,,,,,,,,,,,,,,,,,,,,,,,,,,,,,,,,,,,,,,,,,,,,,,,,,,,,,,,,,,,,,,,,,,,,,,,,,,,,,,,,,,,,,,,,,,,,,,,,,,,,,,,,,,,,,,,,,,,,,,,,,,,,,,,,,,,,,,,,,,,,,,,,,,,,,,,,,,,,,,,,,,,,,,,,,,,,,,,,,,,,,,,,,,,,,,,,,,,,,,,,,,,,,,,,
64,5m6xkx20,,0,18,18,Section_7,EndSurvey,2024-09-25 23:42:20.326692,1,,,0.0,,,,,,,,,,,,,,czcerakw,,,,,0,Experiment_1_Persistence,https://app.prolific.com/submissions/complete?cc=C1BTHULB,0.0,1.0,64,,0.0,60f880007ca7b1a971cd271c,1,1,64,,0.0,B,D,B,,,,,,,,BDB_______,0.0,1,7.092,1,1,64,,0.0,noisy,random,negative,Fail,black,40,6,5,Fail Box,1,1,64,,0.0,D,B,A,C,B,D,A,B,C,D,DBACBDABCD,1.0,Non-STEM Track,,0,0.0,5,1,1,64,,0.0,R,C,C,C,C,C,C,C,C,C,C,RCCCCCCCCCC,1,1,64,,0.0,0,0,1,0,0,0,0,0,0,Math isn't my strongest subject so I was worried I wouldn't be able to answer the questions correctly.,"I've worked in retail most of my working career, I have a general high school education.",I found the math questions very challenging but the survey was interesting.,Non-STEM Track,1,1,,,,,,,,,,,,,,,,,,,,,,,,,,,,,,,,,,,,,,,,,,,,,,,,,,,,,,,,,,,,,,,,,,,,,,,,,,,,,,,,,,,,,,,,,,,,,,,,,,,,,,,,,,,,,,,,,,,,,,,,,,,,,,,,,,,,,,,,,,,,,,,,,,,,,,,,,,,,,,,,,,,,,,,,,,,,,,,,,,,,,,,,,,,,,,,,,,,,,,,,,,,,,,,,,,,,,,,,,,,,,,,,,,,,,,,,,,,,,,,,,,,,,,,,,,,,,,,,,,,,,,,,,,,,,,,,,,,,,,,,,,,,,,,,,,,,,,,,,,,,,,,,,,,,,,,,,,,
65,x836akqs,,0,18,18,Section_7,EndSurvey,2024-09-25 23:42:28.670493,1,,,0.0,,,,,,,,,,,,,,czcerakw,,,,,0,Experiment_1_Persistence,https://app.prolific.com/submissions/complete?cc=C1BTHULB,0.0,1.0,65,,0.0,60641cdc8536a607a60e0612,1,1,65,,0.0,A,A,B,B,B,B,D,C,A,B,AABBBBDCAB,0.8,0,0.0,1,1,65,,0.0,noisy,random,ground,Fail,black,90,9,10,Fail Box,1,1,65,,0.0,B,A,C,A,A,D,C,A,B,C,BACAADCABC,1.0,STEM Track,,0,0.0,10,1,1,65,,0.0,R,R,R,R,C,C,C,C,C,C,C,RRRRCCCCCCC,1,1,65,,0.0,0,0,1,0,0,0,0,0,0,It felt easier to understand and do.,"mainly general studies, auto Mech class, and woodworking.",it was simple,STEM Track,1,1,,,,,,,,,,,,,,,,,,,,,,,,,,,,,,,,,,,,,,,,,,,,,,,,,,,,,,,,,,,,,,,,,,,,,,,,,,,,,,,,,,,,,,,,,,,,,,,,,,,,,,,,,,,,,,,,,,,,,,,,,,,,,,,,,,,,,,,,,,,,,,,,,,,,,,,,,,,,,,,,,,,,,,,,,,,,,,,,,,,,,,,,,,,,,,,,,,,,,,,,,,,,,,,,,,,,,,,,,,,,,,,,,,,,,,,,,,,,,,,,,,,,,,,,,,,,,,,,,,,,,,,,,,,,,,,,,,,,,,,,,,,,,,,,,,,,,,,,,,,,,,,,,,,,,,,,,,,
66,sjgdybiq,,0,18,18,Section_7,EndSurvey,2024-09-25 23:42:50.726573,1,,,0.0,,,,,,,,,,,,,,czcerakw,,,,,0,Experiment_1_Persistence,https://app.prolific.com/submissions/complete?cc=C1BTHULB,0.0,1.0,66,,0.0,6643c5d1c53f7ffbef7b96e0,1,1,66,,0.0,D,A,B,B,D,C,D,C,B,A,DABBDCDCBA,0.4,0,0.0,1,1,66,,0.0,noisy,random,ground,Pass,red,10,5,3,Pass Box,1,1,66,,0.0,D,B,A,C,B,D,A,B,C,D,DBACBDABCD,1.0,Non-STEM Track,,0,0.0,3,1,1,66,,0.0,R,R,C,C,C,C,C,C,C,C,C,RRCCCCCCCCC,1,1,66,,0.0,0,1,1,1,0,0,0,0,0,Wasn't sure if I would know the answer.,I studied Graphic Design in college. I've worked in the arts/media/entertainment industry.,No it was clear.,Non-STEM Track,1,1,,,,,,,,,,,,,,,,,,,,,,,,,,,,,,,,,,,,,,,,,,,,,,,,,,,,,,,,,,,,,,,,,,,,,,,,,,,,,,,,,,,,,,,,,,,,,,,,,,,,,,,,,,,,,,,,,,,,,,,,,,,,,,,,,,,,,,,,,,,,,,,,,,,,,,,,,,,,,,,,,,,,,,,,,,,,,,,,,,,,,,,,,,,,,,,,,,,,,,,,,,,,,,,,,,,,,,,,,,,,,,,,,,,,,,,,,,,,,,,,,,,,,,,,,,,,,,,,,,,,,,,,,,,,,,,,,,,,,,,,,,,,,,,,,,,,,,,,,,,,,,,,,,,,,,,,,,,
67,paxndnr5,,0,18,18,Section_7,EndSurvey,2024-09-25 23:43:00.380914,1,,,0.0,,,,,,,,,,,,,,czcerakw,,,,,0,Experiment_1_Persistence,https://app.prolific.com/submissions/complete?cc=C1BTHULB,0.0,1.0,67,,0.0,66bf8af89823f6ea72d66573,1,1,67,,0.0,A,C,D,B,A,B,D,B,A,A,ACDBABDBAA,0.4,0,0.0,1,1,67,,0.0,noisy,random,negative,Fail,red,70,8,9,Pass Box,1,1,67,,0.0,D,B,A,C,B,D,A,B,C,D,DBACBDABCD,1.0,Non-STEM Track,,0,0.0,9,1,1,67,,0.0,R,R,C,C,C,C,C,C,C,C,C,RRCCCCCCCCC,1,1,67,,0.0,0,0,0,0,0,0,1,0,0,"I chose the non-stem track because it does not correspond with my educational background and as such, i lack adequate information on its related courses.","Some of my main subjects included literature, history, philosophy, sociology and cultural studies.    I worked in the arts industry.",It was a good experience to learn.,Non-STEM Track,1,1,,,,,,,,,,,,,,,,,,,,,,,,,,,,,,,,,,,,,,,,,,,,,,,,,,,,,,,,,,,,,,,,,,,,,,,,,,,,,,,,,,,,,,,,,,,,,,,,,,,,,,,,,,,,,,,,,,,,,,,,,,,,,,,,,,,,,,,,,,,,,,,,,,,,,,,,,,,,,,,,,,,,,,,,,,,,,,,,,,,,,,,,,,,,,,,,,,,,,,,,,,,,,,,,,,,,,,,,,,,,,,,,,,,,,,,,,,,,,,,,,,,,,,,,,,,,,,,,,,,,,,,,,,,,,,,,,,,,,,,,,,,,,,,,,,,,,,,,,,,,,,,,,,,,,,,,,,,
68,gc2c6e7k,,0,18,18,Section_7,EndSurvey,2024-09-25 23:43:07.024919,1,,,0.0,,,,,,,,,,,,,,czcerakw,,,,,0,Experiment_1_Persistence,https://app.prolific.com/submissions/complete?cc=C1BTHULB,0.0,1.0,68,,0.0,600e0095145338647568af91,1,1,68,,0.0,D,A,B,D,D,A,D,B,D,B,DABDDADBDB,0.3,0,0.0,1,1,68,,0.0,noisy,random,ground,Pass,red,50,1,2,Pass Box,1,1,68,,0.0,B,C,A,B,B,D,C,B,A,B,BCABBDCBAB,0.3,STEM Track,,0,0.0,2,1,1,68,,0.0,R,R,R,R,R,C,C,C,C,C,C,RRRRRCCCCCC,1,1,68,,0.0,0,1,0,0,0,0,0,0,0,I was hoping for some science questions.  Math isn’t my strong suit.,physical science and journalism.,stressful,STEM Track,1,1,,,,,,,,,,,,,,,,,,,,,,,,,,,,,,,,,,,,,,,,,,,,,,,,,,,,,,,,,,,,,,,,,,,,,,,,,,,,,,,,,,,,,,,,,,,,,,,,,,,,,,,,,,,,,,,,,,,,,,,,,,,,,,,,,,,,,,,,,,,,,,,,,,,,,,,,,,,,,,,,,,,,,,,,,,,,,,,,,,,,,,,,,,,,,,,,,,,,,,,,,,,,,,,,,,,,,,,,,,,,,,,,,,,,,,,,,,,,,,,,,,,,,,,,,,,,,,,,,,,,,,,,,,,,,,,,,,,,,,,,,,,,,,,,,,,,,,,,,,,,,,,,,,,,,,,,,,,
69,z1n5dgr2,,0,18,18,Section_7,EndSurvey,2024-09-25 23:43:27.210529,1,,,0.0,,,,,,,,,,,,,,czcerakw,,,,,0,Experiment_1_Persistence,https://app.prolific.com/submissions/complete?cc=C1BTHULB,0.0,1.0,69,,0.0,66294b3fb5ddd7c7e15fd6e6,1,1,69,,0.0,D,A,C,C,B,B,D,C,C,C,DACCBBDCCC,0.7,0,0.0,1,1,69,,0.0,noisy,random,ground,Pass,red,25,2,3,Pass Box,1,1,69,,0.0,D,B,A,C,B,D,A,B,C,D,DBACBDABCD,1.0,Non-STEM Track,,0,0.0,3,1,1,69,,0.0,R,R,R,R,R,C,C,C,C,C,C,RRRRRCCCCCC,1,1,69,,0.0,0,0,1,0,0,0,0,0,0,I suck at STEM,"Art, history","the STEM part was annoying, but the rest was ok",Non-STEM Track,1,1,,,,,,,,,,,,,,,,,,,,,,,,,,,,,,,,,,,,,,,,,,,,,,,,,,,,,,,,,,,,,,,,,,,,,,,,,,,,,,,,,,,,,,,,,,,,,,,,,,,,,,,,,,,,,,,,,,,,,,,,,,,,,,,,,,,,,,,,,,,,,,,,,,,,,,,,,,,,,,,,,,,,,,,,,,,,,,,,,,,,,,,,,,,,,,,,,,,,,,,,,,,,,,,,,,,,,,,,,,,,,,,,,,,,,,,,,,,,,,,,,,,,,,,,,,,,,,,,,,,,,,,,,,,,,,,,,,,,,,,,,,,,,,,,,,,,,,,,,,,,,,,,,,,,,,,,,,,
70,ubgt3u24,,0,18,18,Section_7,EndSurvey,2024-09-25 23:43:31.049924,1,,,0.0,,,,,,,,,,,,,,czcerakw,,,,,0,Experiment_1_Persistence,https://app.prolific.com/submissions/complete?cc=C1BTHULB,0.0,1.0,70,,0.0,60f780f13d153d16a6d4a3a0,1,1,70,,0.0,D,A,A,B,B,C,,B,B,C,DAABBC_BBC,0.3,0,0.0,1,1,70,,0.0,noisy,random,ground,Fail,black,25,2,5,Fail Box,1,1,70,,0.0,D,B,A,C,B,D,A,B,C,C,DBACBDABCC,0.9,Non-STEM Track,,0,0.0,5,1,1,70,,0.0,R,R,R,R,R,R,R,R,R,R,C,RRRRRRRRRRC,1,1,70,,0.0,0,0,1,0,0,0,0,0,0,I am terrible at Math,History and Tech,Pleasant ,Non-STEM Track,1,1,,,,,,,,,,,,,,,,,,,,,,,,,,,,,,,,,,,,,,,,,,,,,,,,,,,,,,,,,,,,,,,,,,,,,,,,,,,,,,,,,,,,,,,,,,,,,,,,,,,,,,,,,,,,,,,,,,,,,,,,,,,,,,,,,,,,,,,,,,,,,,,,,,,,,,,,,,,,,,,,,,,,,,,,,,,,,,,,,,,,,,,,,,,,,,,,,,,,,,,,,,,,,,,,,,,,,,,,,,,,,,,,,,,,,,,,,,,,,,,,,,,,,,,,,,,,,,,,,,,,,,,,,,,,,,,,,,,,,,,,,,,,,,,,,,,,,,,,,,,,,,,,,,,,,,,,,,,
71,tu4cn37f,,0,18,18,Section_7,EndSurvey,2024-09-25 23:43:31.654245,1,,,0.0,,,,,,,,,,,,,,czcerakw,,,,,0,Experiment_1_Persistence,https://app.prolific.com/submissions/complete?cc=C1BTHULB,0.0,1.0,71,,0.0,60c76fb5887b0728245b0695,1,1,71,,0.0,D,D,D,D,D,D,D,D,D,D,DDDDDDDDDD,0.1,0,0.0,1,1,71,,0.0,noisy,random,positive,Pass,red,0,0,1,Fail Box,1,1,71,,0.0,D,B,A,C,B,D,A,B,C,D,DBACBDABCD,1.0,Non-STEM Track,,0,0.0,1,1,1,71,,0.0,R,R,R,R,C,R,C,R,R,C,C,RRRRCRCRRCC,1,1,71,,0.0,0,0,1,0,0,0,0,0,0,I detest math and would have not done this survey if I'd known.,"English,writing",frustrating since you misled me,Non-STEM Track,1,1,,,,,,,,,,,,,,,,,,,,,,,,,,,,,,,,,,,,,,,,,,,,,,,,,,,,,,,,,,,,,,,,,,,,,,,,,,,,,,,,,,,,,,,,,,,,,,,,,,,,,,,,,,,,,,,,,,,,,,,,,,,,,,,,,,,,,,,,,,,,,,,,,,,,,,,,,,,,,,,,,,,,,,,,,,,,,,,,,,,,,,,,,,,,,,,,,,,,,,,,,,,,,,,,,,,,,,,,,,,,,,,,,,,,,,,,,,,,,,,,,,,,,,,,,,,,,,,,,,,,,,,,,,,,,,,,,,,,,,,,,,,,,,,,,,,,,,,,,,,,,,,,,,,,,,,,,,,
72,3z48gi3m,,0,18,18,Section_7,EndSurvey,2024-09-25 23:43:46.175786,1,,,0.0,,,,,,,,,,,,,,czcerakw,,,,,0,Experiment_1_Persistence,https://app.prolific.com/submissions/complete?cc=C1BTHULB,0.0,1.0,72,,0.0,666c46b6444950c3ade659b3,1,1,72,,0.0,B,D,D,D,B,D,A,D,A,B,BDDDBDADAB,0.2,0,0.0,1,1,72,,0.0,noisy,random,positive,Fail,red,1,5,5,Pass Box,1,1,72,,0.0,D,B,A,C,B,D,A,B,C,D,DBACBDABCD,1.0,Non-STEM Track,,0,0.0,5,1,1,72,,0.0,R,R,R,R,R,R,R,C,C,C,C,RRRRRRRCCCC,1,1,72,,0.0,0,1,1,0,1,0,0,0,0,I just didn't want to do a Stem track test. ,"English, math and social Studies ",NA,Non-STEM Track,1,1,,,,,,,,,,,,,,,,,,,,,,,,,,,,,,,,,,,,,,,,,,,,,,,,,,,,,,,,,,,,,,,,,,,,,,,,,,,,,,,,,,,,,,,,,,,,,,,,,,,,,,,,,,,,,,,,,,,,,,,,,,,,,,,,,,,,,,,,,,,,,,,,,,,,,,,,,,,,,,,,,,,,,,,,,,,,,,,,,,,,,,,,,,,,,,,,,,,,,,,,,,,,,,,,,,,,,,,,,,,,,,,,,,,,,,,,,,,,,,,,,,,,,,,,,,,,,,,,,,,,,,,,,,,,,,,,,,,,,,,,,,,,,,,,,,,,,,,,,,,,,,,,,,,,,,,,,,,
73,mstqzp5f,,0,18,18,Section_7,EndSurvey,2024-09-25 23:43:50.477301,1,,,0.0,,,,,,,,,,,,,,czcerakw,,,,,0,Experiment_1_Persistence,https://app.prolific.com/submissions/complete?cc=C1BTHULB,0.0,1.0,73,,0.0,63d1564c61aebfe6f8b38847,1,1,73,,0.0,C,D,C,B,D,C,C,D,C,C,CDCBDCCDCC,0.3,0,0.0,1,1,73,,0.0,noisy,random,ground,Fail,black,10,10,10,Fail Box,1,1,73,,0.0,A,B,A,C,B,D,A,D,C,B,ABACBDADCB,0.7,Non-STEM Track,,0,0.0,10,1,1,73,,0.0,R,R,R,C,C,C,C,C,C,C,C,RRRCCCCCCCC,1,1,73,,0.0,0,0,1,0,0,0,0,0,0,Just more familiar ,None,Challenges ,Non-STEM Track,1,1,,,,,,,,,,,,,,,,,,,,,,,,,,,,,,,,,,,,,,,,,,,,,,,,,,,,,,,,,,,,,,,,,,,,,,,,,,,,,,,,,,,,,,,,,,,,,,,,,,,,,,,,,,,,,,,,,,,,,,,,,,,,,,,,,,,,,,,,,,,,,,,,,,,,,,,,,,,,,,,,,,,,,,,,,,,,,,,,,,,,,,,,,,,,,,,,,,,,,,,,,,,,,,,,,,,,,,,,,,,,,,,,,,,,,,,,,,,,,,,,,,,,,,,,,,,,,,,,,,,,,,,,,,,,,,,,,,,,,,,,,,,,,,,,,,,,,,,,,,,,,,,,,,,,,,,,,,,
74,rzykypx5,,0,18,18,Section_7,EndSurvey,2024-09-25 23:44:08.006541,1,,,0.0,,,,,,,,,,,,,,czcerakw,,,,,0,Experiment_1_Persistence,https://app.prolific.com/submissions/complete?cc=C1BTHULB,0.0,1.0,74,,0.0,5c49d511cdb1b7000103af85,1,1,74,,0.0,D,A,C,C,D,C,B,D,A,B,DACCDCBDAB,0.3,0,0.0,1,1,74,,0.0,noisy,random,positive,Fail,red,10,2,5,Fail Box,1,1,74,,0.0,D,B,A,C,B,D,A,B,C,D,DBACBDABCD,1.0,Non-STEM Track,,0,0.0,5,1,1,74,,0.0,R,R,R,C,C,C,C,C,C,C,C,RRRCCCCCCCC,1,1,74,,0.0,0,0,1,0,0,0,0,0,0,I'm terrible at math.,English and Writing,Got a little nervous with the math but no problems with the actual test.,Non-STEM Track,1,1,,,,,,,,,,,,,,,,,,,,,,,,,,,,,,,,,,,,,,,,,,,,,,,,,,,,,,,,,,,,,,,,,,,,,,,,,,,,,,,,,,,,,,,,,,,,,,,,,,,,,,,,,,,,,,,,,,,,,,,,,,,,,,,,,,,,,,,,,,,,,,,,,,,,,,,,,,,,,,,,,,,,,,,,,,,,,,,,,,,,,,,,,,,,,,,,,,,,,,,,,,,,,,,,,,,,,,,,,,,,,,,,,,,,,,,,,,,,,,,,,,,,,,,,,,,,,,,,,,,,,,,,,,,,,,,,,,,,,,,,,,,,,,,,,,,,,,,,,,,,,,,,,,,,,,,,,,,
75,ovieq0lx,,0,4,18,Section_1,Conclusion,2024-09-25 23:44:10.252328,1,,,0.0,,,,,,,,,,,,,,czcerakw,,,,,0,Experiment_1_Persistence,https://app.prolific.com/submissions/complete?cc=C1BTHULB,0.0,1.0,75,,0.0,66d8a8a4486ac018f50f9091,1,1,75,,0.0,,,,,,,,,,,__________,0.0,0,0.0,1,1,75,,0.0,,,,,,,,,,1,1,75,,0.0,,,,,,,,,,,,,,,,,,1,1,75,,0.0,,,,,,,,,,,,,1,1,75,,0.0,0,0,0,0,0,0,0,0,0,,,,,1,1,,,,,,,,,,,,,,,,,,,,,,,,,,,,,,,,,,,,,,,,,,,,,,,,,,,,,,,,,,,,,,,,,,,,,,,,,,,,,,,,,,,,,,,,,,,,,,,,,,,,,,,,,,,,,,,,,,,,,,,,,,,,,,,,,,,,,,,,,,,,,,,,,,,,,,,,,,,,,,,,,,,,,,,,,,,,,,,,,,,,,,,,,,,,,,,,,,,,,,,,,,,,,,,,,,,,,,,,,,,,,,,,,,,,,,,,,,,,,,,,,,,,,,,,,,,,,,,,,,,,,,,,,,,,,,,,,,,,,,,,,,,,,,,,,,,,,,,,,,,,,,,,,,,,,,,,,,,
76,i1zo802g,,0,18,18,Section_7,EndSurvey,2024-09-25 23:44:18.558598,1,,,0.0,,,,,,,,,,,,,,czcerakw,,,,,0,Experiment_1_Persistence,https://app.prolific.com/submissions/complete?cc=C1BTHULB,0.0,1.0,76,,0.0,5f0e053325c53a0ae3436e02,1,1,76,,0.0,D,C,C,C,,B,A,B,B,B,DCCC_BABBB,0.3,0,0.0,1,1,76,,0.0,noisy,random,negative,Pass,red,5,1,1,Pass Box,1,1,76,,0.0,D,B,A,C,B,D,A,B,C,B,DBACBDABCB,0.9,Non-STEM Track,,0,0.0,1,1,1,76,,0.0,R,R,R,R,R,C,C,C,C,C,C,RRRRRCCCCCC,1,1,76,,0.0,0,0,1,0,0,0,0,0,0,Math is my weak subject,"Math, science, georgraphy, history, physics Chinese, English, arts.  Industries: Sports & Entertainment, College Food service, Local government Human Resources",Hard & Intense for me as I am weak in math. Using my brain cells.,Non-STEM Track,1,1,,,,,,,,,,,,,,,,,,,,,,,,,,,,,,,,,,,,,,,,,,,,,,,,,,,,,,,,,,,,,,,,,,,,,,,,,,,,,,,,,,,,,,,,,,,,,,,,,,,,,,,,,,,,,,,,,,,,,,,,,,,,,,,,,,,,,,,,,,,,,,,,,,,,,,,,,,,,,,,,,,,,,,,,,,,,,,,,,,,,,,,,,,,,,,,,,,,,,,,,,,,,,,,,,,,,,,,,,,,,,,,,,,,,,,,,,,,,,,,,,,,,,,,,,,,,,,,,,,,,,,,,,,,,,,,,,,,,,,,,,,,,,,,,,,,,,,,,,,,,,,,,,,,,,,,,,,,
77,tnedxa8v,,0,18,18,Section_7,EndSurvey,2024-09-25 23:44:22.613263,1,,,0.0,,,,,,,,,,,,,,czcerakw,,,,,0,Experiment_1_Persistence,https://app.prolific.com/submissions/complete?cc=C1BTHULB,0.0,1.0,77,,0.0,66f1144bc26128cdebfa334c,1,1,77,,0.0,C,B,A,A,A,C,B,D,D,B,CBAAACBDDB,0.1,0,0.0,1,1,77,,0.0,noisy,random,positive,Fail,red,70,3,2,Fail Box,1,1,77,,0.0,B,A,A,A,A,A,B,C,C,C,BAAAAABCCC,0.2,Non-STEM Track,,0,0.0,2,1,1,77,,0.0,C,C,R,C,R,R,C,R,C,C,R,CCRCRRCRCCR,1,1,77,,0.0,0,0,0,0,0,0,1,0,0,N/A,N/A,N/A,Non-STEM Track,1,1,,,,,,,,,,,,,,,,,,,,,,,,,,,,,,,,,,,,,,,,,,,,,,,,,,,,,,,,,,,,,,,,,,,,,,,,,,,,,,,,,,,,,,,,,,,,,,,,,,,,,,,,,,,,,,,,,,,,,,,,,,,,,,,,,,,,,,,,,,,,,,,,,,,,,,,,,,,,,,,,,,,,,,,,,,,,,,,,,,,,,,,,,,,,,,,,,,,,,,,,,,,,,,,,,,,,,,,,,,,,,,,,,,,,,,,,,,,,,,,,,,,,,,,,,,,,,,,,,,,,,,,,,,,,,,,,,,,,,,,,,,,,,,,,,,,,,,,,,,,,,,,,,,,,,,,,,,,
78,nmtzpwcf,,0,18,18,Section_7,EndSurvey,2024-09-25 23:44:28.054329,1,,,0.0,,,,,,,,,,,,,,czcerakw,,,,,0,Experiment_1_Persistence,https://app.prolific.com/submissions/complete?cc=C1BTHULB,0.0,1.0,78,,0.0,5a791168f49c9a0001f31061,1,1,78,,0.0,B,C,A,C,C,B,A,D,B,B,BCACCBADBB,0.2,0,0.0,1,1,78,,0.0,noisy,random,ground,Pass,red,0,0,0,Pass Box,1,1,78,,0.0,C,A,C,B,C,B,C,A,C,A,CACBCBCACA,0.4,STEM Track,,1,46.3,0,1,1,78,,0.0,R,R,R,R,R,R,R,R,R,R,R,RRRRRRRRRRR,1,1,78,,0.0,0,0,1,0,0,0,0,0,0,I wanted to test myself. I failed. LOL,"I studied Political Science and MPA (Public Administration). I have worked in banking, teaching, and transportation.",,STEM Track,1,1,,,,,,,,,,,,,,,,,,,,,,,,,,,,,,,,,,,,,,,,,,,,,,,,,,,,,,,,,,,,,,,,,,,,,,,,,,,,,,,,,,,,,,,,,,,,,,,,,,,,,,,,,,,,,,,,,,,,,,,,,,,,,,,,,,,,,,,,,,,,,,,,,,,,,,,,,,,,,,,,,,,,,,,,,,,,,,,,,,,,,,,,,,,,,,,,,,,,,,,,,,,,,,,,,,,,,,,,,,,,,,,,,,,,,,,,,,,,,,,,,,,,,,,,,,,,,,,,,,,,,,,,,,,,,,,,,,,,,,,,,,,,,,,,,,,,,,,,,,,,,,,,,,,,,,,,,,,
79,x8c4yccy,,0,18,18,Section_7,EndSurvey,2024-09-25 23:44:34.507590,1,,,0.0,,,,,,,,,,,,,,czcerakw,,,,,0,Experiment_1_Persistence,https://app.prolific.com/submissions/complete?cc=C1BTHULB,0.0,1.0,79,,0.0,56f29ff9ed0cf6000691157f,1,1,79,,0.0,D,A,C,C,D,B,A,A,C,A,DACCDBAACA,0.4,0,0.0,1,1,79,,0.0,noisy,random,ground,Fail,black,40,3,5,Fail Box,1,1,79,,0.0,D,B,A,C,B,D,A,B,C,D,DBACBDABCD,1.0,Non-STEM Track,,0,0.0,5,1,1,79,,0.0,R,R,C,C,C,C,C,C,C,C,C,RRCCCCCCCCC,1,1,79,,0.0,0,0,1,0,0,0,0,0,0,"Because I was fairly confident I could get all the questions right, whereas with the STEM track I wasn't confident I could get the 5 right to pass.","Cyber Security, Networking and Virtualization, Cooking, Landscaping",It was okay. Definitely a lot worse in math than I used to be. ,Non-STEM Track,1,1,,,,,,,,,,,,,,,,,,,,,,,,,,,,,,,,,,,,,,,,,,,,,,,,,,,,,,,,,,,,,,,,,,,,,,,,,,,,,,,,,,,,,,,,,,,,,,,,,,,,,,,,,,,,,,,,,,,,,,,,,,,,,,,,,,,,,,,,,,,,,,,,,,,,,,,,,,,,,,,,,,,,,,,,,,,,,,,,,,,,,,,,,,,,,,,,,,,,,,,,,,,,,,,,,,,,,,,,,,,,,,,,,,,,,,,,,,,,,,,,,,,,,,,,,,,,,,,,,,,,,,,,,,,,,,,,,,,,,,,,,,,,,,,,,,,,,,,,,,,,,,,,,,,,,,,,,,,
80,c0pplzkr,,0,4,18,Section_1,Conclusion,2024-09-25 23:45:18.363478,1,,,0.0,,,,,,,,,,,,,,czcerakw,,,,,0,Experiment_1_Persistence,https://app.prolific.com/submissions/complete?cc=C1BTHULB,0.0,1.0,80,,0.0,5b564680ed90280001510d9a,1,1,80,,0.0,,,,,,,,,,,__________,0.0,0,0.0,1,1,80,,0.0,,,,,,,,,,1,1,80,,0.0,,,,,,,,,,,,,,,,,,1,1,80,,0.0,,,,,,,,,,,,,1,1,80,,0.0,0,0,0,0,0,0,0,0,0,,,,,1,1,,,,,,,,,,,,,,,,,,,,,,,,,,,,,,,,,,,,,,,,,,,,,,,,,,,,,,,,,,,,,,,,,,,,,,,,,,,,,,,,,,,,,,,,,,,,,,,,,,,,,,,,,,,,,,,,,,,,,,,,,,,,,,,,,,,,,,,,,,,,,,,,,,,,,,,,,,,,,,,,,,,,,,,,,,,,,,,,,,,,,,,,,,,,,,,,,,,,,,,,,,,,,,,,,,,,,,,,,,,,,,,,,,,,,,,,,,,,,,,,,,,,,,,,,,,,,,,,,,,,,,,,,,,,,,,,,,,,,,,,,,,,,,,,,,,,,,,,,,,,,,,,,,,,,,,,,,,
81,ao9wf501,,0,18,18,Section_7,EndSurvey,2024-09-25 23:45:21.555761,1,,,0.0,,,,,,,,,,,,,,czcerakw,,,,,0,Experiment_1_Persistence,https://app.prolific.com/submissions/complete?cc=C1BTHULB,0.0,1.0,81,,0.0,5cbe2edd577eb000184124b9,1,1,81,,0.0,C,C,C,C,C,C,C,B,A,C,CCCCCCCBAC,0.1,0,0.0,1,1,81,,0.0,noisy,random,negative,Pass,red,10,0,0,Pass Box,1,1,81,,0.0,B,D,B,A,D,D,A,D,B,D,BDBADDADBD,0.4,STEM Track,,0,0.0,0,1,1,81,,0.0,R,R,R,R,R,C,C,C,C,C,C,RRRRRCCCCCC,1,1,81,,0.0,0,0,1,0,0,0,0,0,0,im horrible at math so i know it got them all wrong ,"english, math, science, world history, earth science, chemistry. customer service, it, food service, census","fine, and no",STEM Track,1,1,,,,,,,,,,,,,,,,,,,,,,,,,,,,,,,,,,,,,,,,,,,,,,,,,,,,,,,,,,,,,,,,,,,,,,,,,,,,,,,,,,,,,,,,,,,,,,,,,,,,,,,,,,,,,,,,,,,,,,,,,,,,,,,,,,,,,,,,,,,,,,,,,,,,,,,,,,,,,,,,,,,,,,,,,,,,,,,,,,,,,,,,,,,,,,,,,,,,,,,,,,,,,,,,,,,,,,,,,,,,,,,,,,,,,,,,,,,,,,,,,,,,,,,,,,,,,,,,,,,,,,,,,,,,,,,,,,,,,,,,,,,,,,,,,,,,,,,,,,,,,,,,,,,,,,,,,,,
82,d0efcbqu,,0,18,18,Section_7,EndSurvey,2024-09-25 23:45:36.302253,1,,,0.0,,,,,,,,,,,,,,czcerakw,,,,,0,Experiment_1_Persistence,https://app.prolific.com/submissions/complete?cc=C1BTHULB,0.0,1.0,82,,0.0,6632d54e8e0d4661a148acf9,1,1,82,,0.0,D,A,B,D,B,C,C,C,B,A,DABDBCCCBA,0.3,0,0.0,1,1,82,,0.0,noisy,random,positive,Pass,red,2,1,1,Fail Box,1,1,82,,0.0,D,B,A,C,B,D,A,B,C,D,DBACBDABCD,1.0,Non-STEM Track,,0,0.0,1,1,1,82,,0.0,R,R,R,C,C,C,C,C,C,C,C,RRRCCCCCCCC,1,1,82,,0.0,0,0,1,0,0,0,0,0,0,"Math is not my jam, I can read all day",My degree is in marketing. Currently I'm an English teacher.,I had a great time once I was done with the math problems.,Non-STEM Track,1,1,,,,,,,,,,,,,,,,,,,,,,,,,,,,,,,,,,,,,,,,,,,,,,,,,,,,,,,,,,,,,,,,,,,,,,,,,,,,,,,,,,,,,,,,,,,,,,,,,,,,,,,,,,,,,,,,,,,,,,,,,,,,,,,,,,,,,,,,,,,,,,,,,,,,,,,,,,,,,,,,,,,,,,,,,,,,,,,,,,,,,,,,,,,,,,,,,,,,,,,,,,,,,,,,,,,,,,,,,,,,,,,,,,,,,,,,,,,,,,,,,,,,,,,,,,,,,,,,,,,,,,,,,,,,,,,,,,,,,,,,,,,,,,,,,,,,,,,,,,,,,,,,,,,,,,,,,,,
83,u3fyunwb,,0,18,18,Section_7,EndSurvey,2024-09-25 23:45:51.962405,1,,,0.0,,,,,,,,,,,,,,czcerakw,,,,,0,Experiment_1_Persistence,https://app.prolific.com/submissions/complete?cc=C1BTHULB,0.0,1.0,83,,0.0,66a218f455df3fda0c1230c1,1,1,83,,0.0,,A,,A,B,B,D,C,,A,_A_ABBDC_A,0.5,1,2.032,1,1,83,,0.0,noisy,random,ground,Pass,red,40,7,5,Pass Box,1,1,83,,0.0,B,,C,A,A,D,C,A,B,C,B_CAADCABC,0.9,STEM Track,,0,0.0,5,1,1,83,,0.0,R,R,R,R,R,R,R,C,C,C,C,RRRRRRRCCCC,1,1,83,,0.0,0,1,0,0,0,0,0,0,0,I enjoy solving math problems.,English,This process was very smooth.,STEM Track,1,1,,,,,,,,,,,,,,,,,,,,,,,,,,,,,,,,,,,,,,,,,,,,,,,,,,,,,,,,,,,,,,,,,,,,,,,,,,,,,,,,,,,,,,,,,,,,,,,,,,,,,,,,,,,,,,,,,,,,,,,,,,,,,,,,,,,,,,,,,,,,,,,,,,,,,,,,,,,,,,,,,,,,,,,,,,,,,,,,,,,,,,,,,,,,,,,,,,,,,,,,,,,,,,,,,,,,,,,,,,,,,,,,,,,,,,,,,,,,,,,,,,,,,,,,,,,,,,,,,,,,,,,,,,,,,,,,,,,,,,,,,,,,,,,,,,,,,,,,,,,,,,,,,,,,,,,,,,,
84,v7jlc5rd,,0,18,18,Section_7,EndSurvey,2024-09-25 23:46:10.573761,1,,,0.0,,,,,,,,,,,,,,czcerakw,,,,,0,Experiment_1_Persistence,https://app.prolific.com/submissions/complete?cc=C1BTHULB,0.0,1.0,84,,0.0,662ae95388403e308b37514d,1,1,84,,0.0,B,B,C,B,A,B,B,C,C,B,BBCBABBCCB,0.6,0,0.0,1,1,84,,0.0,noisy,random,ground,Pass,red,50,3,5,Pass Box,1,1,84,,0.0,D,B,A,C,B,D,A,B,C,D,DBACBDABCD,1.0,Non-STEM Track,,0,0.0,5,1,1,84,,0.0,R,R,R,R,R,R,R,R,R,R,C,RRRRRRRRRRC,1,1,84,,0.0,0,0,1,0,0,0,0,0,0,Because I am bad at math,law enforcement and psychology,the math was too hard,Non-STEM Track,1,1,,,,,,,,,,,,,,,,,,,,,,,,,,,,,,,,,,,,,,,,,,,,,,,,,,,,,,,,,,,,,,,,,,,,,,,,,,,,,,,,,,,,,,,,,,,,,,,,,,,,,,,,,,,,,,,,,,,,,,,,,,,,,,,,,,,,,,,,,,,,,,,,,,,,,,,,,,,,,,,,,,,,,,,,,,,,,,,,,,,,,,,,,,,,,,,,,,,,,,,,,,,,,,,,,,,,,,,,,,,,,,,,,,,,,,,,,,,,,,,,,,,,,,,,,,,,,,,,,,,,,,,,,,,,,,,,,,,,,,,,,,,,,,,,,,,,,,,,,,,,,,,,,,,,,,,,,,,
85,yjpady17,,0,4,18,Section_1,Conclusion,2024-09-25 23:46:33.626322,1,,,0.0,,,,,,,,,,,,,,czcerakw,,,,,0,Experiment_1_Persistence,https://app.prolific.com/submissions/complete?cc=C1BTHULB,0.0,1.0,85,,0.0,5ec2dcb0feb3890fe849491e,1,1,85,,0.0,,,,,,,,,,,__________,0.0,0,0.0,1,1,85,,0.0,,,,,,,,,,1,1,85,,0.0,,,,,,,,,,,,,,,,,,1,1,85,,0.0,,,,,,,,,,,,,1,1,85,,0.0,0,0,0,0,0,0,0,0,0,,,,,1,1,,,,,,,,,,,,,,,,,,,,,,,,,,,,,,,,,,,,,,,,,,,,,,,,,,,,,,,,,,,,,,,,,,,,,,,,,,,,,,,,,,,,,,,,,,,,,,,,,,,,,,,,,,,,,,,,,,,,,,,,,,,,,,,,,,,,,,,,,,,,,,,,,,,,,,,,,,,,,,,,,,,,,,,,,,,,,,,,,,,,,,,,,,,,,,,,,,,,,,,,,,,,,,,,,,,,,,,,,,,,,,,,,,,,,,,,,,,,,,,,,,,,,,,,,,,,,,,,,,,,,,,,,,,,,,,,,,,,,,,,,,,,,,,,,,,,,,,,,,,,,,,,,,,,,,,,,,,
86,4xo5ed68,,0,18,18,Section_7,EndSurvey,2024-09-25 23:47:29.314000,1,,,0.0,,,,,,,,,,,,,,czcerakw,,,,,0,Experiment_1_Persistence,https://app.prolific.com/submissions/complete?cc=C1BTHULB,0.0,1.0,86,,0.0,55d0d4b334e9060005e57470,1,1,86,,0.0,D,A,A,D,B,A,B,B,A,A,DAADBABBAA,0.2,0,0.0,1,1,86,,0.0,noisy,random,ground,Fail,black,20,2,4,Fail Box,1,1,86,,0.0,D,B,A,C,B,D,A,B,C,D,DBACBDABCD,1.0,Non-STEM Track,,0,0.0,4,1,1,86,,0.0,R,R,R,R,C,C,C,C,C,C,C,RRRRCCCCCCC,1,1,86,,0.0,0,0,1,0,0,0,0,0,0,"I am not good with math questions, and was feeling frustrated after that quiz.","My major is in Graphic Design, so most of my classes in school were art or design related. I've also taken a fair number of history and philosophy classes.","It was interesting. The math test was extremely frustrating, but I assume that's the point. ",Non-STEM Track,1,1,,,,,,,,,,,,,,,,,,,,,,,,,,,,,,,,,,,,,,,,,,,,,,,,,,,,,,,,,,,,,,,,,,,,,,,,,,,,,,,,,,,,,,,,,,,,,,,,,,,,,,,,,,,,,,,,,,,,,,,,,,,,,,,,,,,,,,,,,,,,,,,,,,,,,,,,,,,,,,,,,,,,,,,,,,,,,,,,,,,,,,,,,,,,,,,,,,,,,,,,,,,,,,,,,,,,,,,,,,,,,,,,,,,,,,,,,,,,,,,,,,,,,,,,,,,,,,,,,,,,,,,,,,,,,,,,,,,,,,,,,,,,,,,,,,,,,,,,,,,,,,,,,,,,,,,,,,,
87,ceerbi0h,,0,18,18,Section_7,EndSurvey,2024-09-25 23:48:03.210341,1,,,0.0,,,,,,,,,,,,,,czcerakw,,,,,0,Experiment_1_Persistence,https://app.prolific.com/submissions/complete?cc=C1BTHULB,0.0,1.0,87,,0.0,66b40d38e496f3b60c9e8139,1,1,87,,0.0,D,C,D,D,A,,,,,,DCDDA_____,0.0,0,0.0,1,1,87,,0.0,noisy,random,positive,Fail,red,15,2,3,Not Sure,1,1,87,,0.0,D,B,A,C,B,D,A,B,C,D,DBACBDABCD,1.0,Non-STEM Track,,0,0.0,3,1,1,87,,0.0,R,R,R,C,C,C,C,C,C,C,C,RRRCCCCCCCC,1,1,87,,0.0,0,0,1,0,0,0,0,0,0,Math is my weakest skill. Writing is my trade.,"Journalism, marketing, content creation",That math test was soooo hard! ,Non-STEM Track,1,1,,,,,,,,,,,,,,,,,,,,,,,,,,,,,,,,,,,,,,,,,,,,,,,,,,,,,,,,,,,,,,,,,,,,,,,,,,,,,,,,,,,,,,,,,,,,,,,,,,,,,,,,,,,,,,,,,,,,,,,,,,,,,,,,,,,,,,,,,,,,,,,,,,,,,,,,,,,,,,,,,,,,,,,,,,,,,,,,,,,,,,,,,,,,,,,,,,,,,,,,,,,,,,,,,,,,,,,,,,,,,,,,,,,,,,,,,,,,,,,,,,,,,,,,,,,,,,,,,,,,,,,,,,,,,,,,,,,,,,,,,,,,,,,,,,,,,,,,,,,,,,,,,,,,,,,,,,,
88,ah5d6g8h,,0,18,18,Section_7,EndSurvey,2024-09-25 23:48:07.642211,1,,,0.0,,,,,,,,,,,,,,czcerakw,,,,,0,Experiment_1_Persistence,https://app.prolific.com/submissions/complete?cc=C1BTHULB,0.0,1.0,88,,0.0,558ed072fdf99b3a6486371d,1,1,88,,0.0,D,A,D,C,B,B,C,A,C,B,DADCBBCACB,0.5,0,0.0,1,1,88,,0.0,noisy,random,negative,Pass,red,5,2,1,Pass Box,1,1,88,,0.0,D,B,A,C,B,D,A,B,C,D,DBACBDABCD,1.0,Non-STEM Track,,0,0.0,1,1,1,88,,0.0,R,R,R,R,R,C,C,C,C,C,C,RRRRRCCCCCC,1,1,88,,0.0,0,0,1,0,0,0,0,0,0,I was exhausted trying to remember math I haven't done in 35 years!,"I started college as an engineering major, but switched to English and stayed there through a PhD. I've worked in higher education for 34 years",It was fine,Non-STEM Track,1,1,,,,,,,,,,,,,,,,,,,,,,,,,,,,,,,,,,,,,,,,,,,,,,,,,,,,,,,,,,,,,,,,,,,,,,,,,,,,,,,,,,,,,,,,,,,,,,,,,,,,,,,,,,,,,,,,,,,,,,,,,,,,,,,,,,,,,,,,,,,,,,,,,,,,,,,,,,,,,,,,,,,,,,,,,,,,,,,,,,,,,,,,,,,,,,,,,,,,,,,,,,,,,,,,,,,,,,,,,,,,,,,,,,,,,,,,,,,,,,,,,,,,,,,,,,,,,,,,,,,,,,,,,,,,,,,,,,,,,,,,,,,,,,,,,,,,,,,,,,,,,,,,,,,,,,,,,,,
89,dw26k3od,,0,18,18,Section_7,EndSurvey,2024-09-25 23:48:24.194123,1,,,0.0,,,,,,,,,,,,,,czcerakw,,,,,0,Experiment_1_Persistence,https://app.prolific.com/submissions/complete?cc=C1BTHULB,0.0,1.0,89,,0.0,66b7f6c214435f12cd1aae02,1,1,89,,0.0,B,D,C,D,A,A,B,D,,,BDCDAABD__,0.1,0,0.0,1,1,89,,0.0,noisy,random,positive,Fail,red,2,2,5,Pass Box,1,1,89,,0.0,A,C,A,C,C,C,C,C,B,C,ACACCCCCBC,0.3,STEM Track,,0,0.0,5,1,1,89,,0.0,R,R,R,R,R,C,C,C,C,C,C,RRRRRCCCCCC,1,1,89,,0.0,0,0,1,0,0,0,0,0,0,to try to learn more about it,"english, math and public speaking",Interesting how much I did not know or remember,STEM Track,1,1,,,,,,,,,,,,,,,,,,,,,,,,,,,,,,,,,,,,,,,,,,,,,,,,,,,,,,,,,,,,,,,,,,,,,,,,,,,,,,,,,,,,,,,,,,,,,,,,,,,,,,,,,,,,,,,,,,,,,,,,,,,,,,,,,,,,,,,,,,,,,,,,,,,,,,,,,,,,,,,,,,,,,,,,,,,,,,,,,,,,,,,,,,,,,,,,,,,,,,,,,,,,,,,,,,,,,,,,,,,,,,,,,,,,,,,,,,,,,,,,,,,,,,,,,,,,,,,,,,,,,,,,,,,,,,,,,,,,,,,,,,,,,,,,,,,,,,,,,,,,,,,,,,,,,,,,,,,
90,nu5bc8ap,,0,18,18,Section_7,EndSurvey,2024-09-25 23:48:35.793483,1,,,0.0,,,,,,,,,,,,,,czcerakw,,,,,0,Experiment_1_Persistence,https://app.prolific.com/submissions/complete?cc=C1BTHULB,0.0,1.0,90,,0.0,5f5f457ae16a900375572c32,1,1,90,,0.0,D,A,A,A,D,B,A,B,B,B,DAAADBABBB,0.3,0,0.0,1,1,90,,0.0,noisy,random,negative,Pass,red,60,4,3,Pass Box,1,1,90,,0.0,C,C,C,C,D,D,C,A,D,B,CCCCDDCADB,0.4,STEM Track,,0,0.0,3,1,1,90,,0.0,R,R,R,R,R,C,C,C,C,C,C,RRRRRCCCCCC,1,1,90,,0.0,0,0,1,0,0,0,0,0,0,Its easier for me,the normal stuff. Advanced math and science ,It was fun!,STEM Track,1,1,,,,,,,,,,,,,,,,,,,,,,,,,,,,,,,,,,,,,,,,,,,,,,,,,,,,,,,,,,,,,,,,,,,,,,,,,,,,,,,,,,,,,,,,,,,,,,,,,,,,,,,,,,,,,,,,,,,,,,,,,,,,,,,,,,,,,,,,,,,,,,,,,,,,,,,,,,,,,,,,,,,,,,,,,,,,,,,,,,,,,,,,,,,,,,,,,,,,,,,,,,,,,,,,,,,,,,,,,,,,,,,,,,,,,,,,,,,,,,,,,,,,,,,,,,,,,,,,,,,,,,,,,,,,,,,,,,,,,,,,,,,,,,,,,,,,,,,,,,,,,,,,,,,,,,,,,,,
91,derkxodp,,0,4,18,Section_1,Conclusion,2024-09-25 23:48:49.005544,1,,,0.0,,,,,,,,,,,,,,czcerakw,,,,,0,Experiment_1_Persistence,https://app.prolific.com/submissions/complete?cc=C1BTHULB,0.0,1.0,91,,0.0,66c087a860a053225c5fef05,1,1,91,,0.0,,,,,,,,,,,__________,0.0,0,0.0,1,1,91,,0.0,,,,,,,,,,1,1,91,,0.0,,,,,,,,,,,,,,,,,,1,1,91,,0.0,,,,,,,,,,,,,1,1,91,,0.0,0,0,0,0,0,0,0,0,0,,,,,1,1,,,,,,,,,,,,,,,,,,,,,,,,,,,,,,,,,,,,,,,,,,,,,,,,,,,,,,,,,,,,,,,,,,,,,,,,,,,,,,,,,,,,,,,,,,,,,,,,,,,,,,,,,,,,,,,,,,,,,,,,,,,,,,,,,,,,,,,,,,,,,,,,,,,,,,,,,,,,,,,,,,,,,,,,,,,,,,,,,,,,,,,,,,,,,,,,,,,,,,,,,,,,,,,,,,,,,,,,,,,,,,,,,,,,,,,,,,,,,,,,,,,,,,,,,,,,,,,,,,,,,,,,,,,,,,,,,,,,,,,,,,,,,,,,,,,,,,,,,,,,,,,,,,,,,,,,,,,
92,50ho72mi,,0,4,18,Section_1,Conclusion,2024-09-25 23:49:01.464202,1,,,0.0,,,,,,,,,,,,,,czcerakw,,,,,0,Experiment_1_Persistence,https://app.prolific.com/submissions/complete?cc=C1BTHULB,0.0,1.0,92,,0.0,56c1adc20aab29000c7d556a,1,1,92,,0.0,,,,,,,,,,,__________,0.0,0,0.0,1,1,92,,0.0,,,,,,,,,,1,1,92,,0.0,,,,,,,,,,,,,,,,,,1,1,92,,0.0,,,,,,,,,,,,,1,1,92,,0.0,0,0,0,0,0,0,0,0,0,,,,,1,1,,,,,,,,,,,,,,,,,,,,,,,,,,,,,,,,,,,,,,,,,,,,,,,,,,,,,,,,,,,,,,,,,,,,,,,,,,,,,,,,,,,,,,,,,,,,,,,,,,,,,,,,,,,,,,,,,,,,,,,,,,,,,,,,,,,,,,,,,,,,,,,,,,,,,,,,,,,,,,,,,,,,,,,,,,,,,,,,,,,,,,,,,,,,,,,,,,,,,,,,,,,,,,,,,,,,,,,,,,,,,,,,,,,,,,,,,,,,,,,,,,,,,,,,,,,,,,,,,,,,,,,,,,,,,,,,,,,,,,,,,,,,,,,,,,,,,,,,,,,,,,,,,,,,,,,,,,,
93,lj1motuw,,0,4,18,Section_1,Conclusion,2024-09-25 23:49:07.069295,1,,,0.0,,,,,,,,,,,,,,czcerakw,,,,,0,Experiment_1_Persistence,https://app.prolific.com/submissions/complete?cc=C1BTHULB,0.0,1.0,93,,0.0,660d619f39d061875f78ac8c,1,1,93,,0.0,,,,,,,,,,,__________,0.0,0,0.0,1,1,93,,0.0,,,,,,,,,,1,1,93,,0.0,,,,,,,,,,,,,,,,,,1,1,93,,0.0,,,,,,,,,,,,,1,1,93,,0.0,0,0,0,0,0,0,0,0,0,,,,,1,1,,,,,,,,,,,,,,,,,,,,,,,,,,,,,,,,,,,,,,,,,,,,,,,,,,,,,,,,,,,,,,,,,,,,,,,,,,,,,,,,,,,,,,,,,,,,,,,,,,,,,,,,,,,,,,,,,,,,,,,,,,,,,,,,,,,,,,,,,,,,,,,,,,,,,,,,,,,,,,,,,,,,,,,,,,,,,,,,,,,,,,,,,,,,,,,,,,,,,,,,,,,,,,,,,,,,,,,,,,,,,,,,,,,,,,,,,,,,,,,,,,,,,,,,,,,,,,,,,,,,,,,,,,,,,,,,,,,,,,,,,,,,,,,,,,,,,,,,,,,,,,,,,,,,,,,,,,,
94,pq2e0yv3,,0,4,18,Section_1,Conclusion,2024-09-25 23:49:11.030638,1,,,0.0,,,,,,,,,,,,,,czcerakw,,,,,0,Experiment_1_Persistence,https://app.prolific.com/submissions/complete?cc=C1BTHULB,0.0,1.0,94,,0.0,667dda3a095d3b831549ad00,1,1,94,,0.0,,,,,,,,,,,__________,0.0,0,0.0,1,1,94,,0.0,,,,,,,,,,1,1,94,,0.0,,,,,,,,,,,,,,,,,,1,1,94,,0.0,,,,,,,,,,,,,1,1,94,,0.0,0,0,0,0,0,0,0,0,0,,,,,1,1,,,,,,,,,,,,,,,,,,,,,,,,,,,,,,,,,,,,,,,,,,,,,,,,,,,,,,,,,,,,,,,,,,,,,,,,,,,,,,,,,,,,,,,,,,,,,,,,,,,,,,,,,,,,,,,,,,,,,,,,,,,,,,,,,,,,,,,,,,,,,,,,,,,,,,,,,,,,,,,,,,,,,,,,,,,,,,,,,,,,,,,,,,,,,,,,,,,,,,,,,,,,,,,,,,,,,,,,,,,,,,,,,,,,,,,,,,,,,,,,,,,,,,,,,,,,,,,,,,,,,,,,,,,,,,,,,,,,,,,,,,,,,,,,,,,,,,,,,,,,,,,,,,,,,,,,,,,
95,fqgwkrmp,,0,18,18,Section_7,EndSurvey,2024-09-25 23:49:32.491271,1,,,0.0,,,,,,,,,,,,,,czcerakw,,,,,0,Experiment_1_Persistence,https://app.prolific.com/submissions/complete?cc=C1BTHULB,0.0,1.0,95,,0.0,662969c1ca8cb33f8644876a,1,1,95,,0.0,D,A,D,B,D,,,,,,DADBD_____,0.2,0,0.0,1,1,95,,0.0,noisy,random,ground,Fail,black,25,1,5,Fail Box,1,1,95,,0.0,D,B,A,C,B,D,A,B,C,D,DBACBDABCD,1.0,Non-STEM Track,,0,0.0,5,1,1,95,,0.0,R,R,R,R,R,R,C,C,C,C,C,RRRRRRCCCCC,1,1,95,,0.0,0,0,1,0,0,0,0,0,0,I didn't think I would have enough time to finish all of the questions.,"Main subjects are Accounting and Business. I have worked in Water Utility, Family Office, Fast Casual Restaurant, HVAC and Cable, Oil and Gas",My experience was that I didn't finish the Stem Track questions and maybe more time should have been given.,Non-STEM Track,1,1,,,,,,,,,,,,,,,,,,,,,,,,,,,,,,,,,,,,,,,,,,,,,,,,,,,,,,,,,,,,,,,,,,,,,,,,,,,,,,,,,,,,,,,,,,,,,,,,,,,,,,,,,,,,,,,,,,,,,,,,,,,,,,,,,,,,,,,,,,,,,,,,,,,,,,,,,,,,,,,,,,,,,,,,,,,,,,,,,,,,,,,,,,,,,,,,,,,,,,,,,,,,,,,,,,,,,,,,,,,,,,,,,,,,,,,,,,,,,,,,,,,,,,,,,,,,,,,,,,,,,,,,,,,,,,,,,,,,,,,,,,,,,,,,,,,,,,,,,,,,,,,,,,,,,,,,,,,
96,1fjg22df,,0,18,18,Section_7,EndSurvey,2024-09-25 23:49:40.018097,1,,,0.0,,,,,,,,,,,,,,czcerakw,,,,,0,Experiment_1_Persistence,https://app.prolific.com/submissions/complete?cc=C1BTHULB,0.0,1.0,96,,0.0,5dd321de568ca5331021fb2b,1,1,96,,0.0,C,B,C,C,C,B,C,A,C,C,CBCCCBCACC,0.3,0,0.0,1,1,96,,0.0,noisy,random,negative,Pass,red,50,2,2,Fail Box,1,1,96,,0.0,C,C,C,C,C,C,D,C,C,C,CCCCCCDCCC,0.2,STEM Track,,0,0.0,2,1,1,96,,0.0,R,R,R,C,C,C,C,C,C,C,C,RRRCCCCCCCC,1,1,96,,0.0,0,0,1,0,0,0,0,0,0,"Because I am bad at math anyway, so I figured that I would not stand as good of chance at getting more than a couple correct.",Culinary arts and I have worked customer service.,"It was fun, I hope I get a bonus.",STEM Track,1,1,,,,,,,,,,,,,,,,,,,,,,,,,,,,,,,,,,,,,,,,,,,,,,,,,,,,,,,,,,,,,,,,,,,,,,,,,,,,,,,,,,,,,,,,,,,,,,,,,,,,,,,,,,,,,,,,,,,,,,,,,,,,,,,,,,,,,,,,,,,,,,,,,,,,,,,,,,,,,,,,,,,,,,,,,,,,,,,,,,,,,,,,,,,,,,,,,,,,,,,,,,,,,,,,,,,,,,,,,,,,,,,,,,,,,,,,,,,,,,,,,,,,,,,,,,,,,,,,,,,,,,,,,,,,,,,,,,,,,,,,,,,,,,,,,,,,,,,,,,,,,,,,,,,,,,,,,,,
97,v03aiy25,,0,18,18,Section_7,EndSurvey,2024-09-25 23:49:41.626816,1,,,0.0,,,,,,,,,,,,,,czcerakw,,,,,0,Experiment_1_Persistence,https://app.prolific.com/submissions/complete?cc=C1BTHULB,0.0,1.0,97,,0.0,5cd068a83b44a700164e9933,1,1,97,,0.0,D,A,A,B,B,B,D,C,C,B,DAABBBDCCB,0.8,0,0.0,1,1,97,,0.0,noisy,random,positive,Pass,black,60,5,3,Pass Box,1,1,97,,0.0,B,D,C,A,A,D,C,A,B,C,BDCAADCABC,0.9,STEM Track,,1,14.602,3,1,1,97,,0.0,R,R,R,R,R,C,C,C,C,C,C,RRRRRCCCCCC,1,1,97,,0.0,0,0,1,0,0,0,0,0,0,I used to be an Algebra teacher.,Science and Math; I was in Education and then Business/Healthcare Administration.,I had a hard time because I'm tired but I appreciated the less difficult problems and the chance to get a good bonus.,STEM Track,1,1,,,,,,,,,,,,,,,,,,,,,,,,,,,,,,,,,,,,,,,,,,,,,,,,,,,,,,,,,,,,,,,,,,,,,,,,,,,,,,,,,,,,,,,,,,,,,,,,,,,,,,,,,,,,,,,,,,,,,,,,,,,,,,,,,,,,,,,,,,,,,,,,,,,,,,,,,,,,,,,,,,,,,,,,,,,,,,,,,,,,,,,,,,,,,,,,,,,,,,,,,,,,,,,,,,,,,,,,,,,,,,,,,,,,,,,,,,,,,,,,,,,,,,,,,,,,,,,,,,,,,,,,,,,,,,,,,,,,,,,,,,,,,,,,,,,,,,,,,,,,,,,,,,,,,,,,,,,
98,evbobx5v,,0,1,18,Intro,Intro,2024-09-25 23:49:45.530857,1,,,0.0,,,,,,,,,,,,,,czcerakw,,,,,0,Experiment_1_Persistence,https://app.prolific.com/submissions/complete?cc=C1BTHULB,0.0,1.0,98,,0.0,,1,1,98,,0.0,,,,,,,,,,,,,,,1,1,98,,0.0,,,,,,,,,,1,1,98,,0.0,,,,,,,,,,,,,,,,,,1,1,98,,0.0,,,,,,,,,,,,,1,1,98,,0.0,0,0,0,0,0,0,0,0,0,,,,,1,1,,,,,,,,,,,,,,,,,,,,,,,,,,,,,,,,,,,,,,,,,,,,,,,,,,,,,,,,,,,,,,,,,,,,,,,,,,,,,,,,,,,,,,,,,,,,,,,,,,,,,,,,,,,,,,,,,,,,,,,,,,,,,,,,,,,,,,,,,,,,,,,,,,,,,,,,,,,,,,,,,,,,,,,,,,,,,,,,,,,,,,,,,,,,,,,,,,,,,,,,,,,,,,,,,,,,,,,,,,,,,,,,,,,,,,,,,,,,,,,,,,,,,,,,,,,,,,,,,,,,,,,,,,,,,,,,,,,,,,,,,,,,,,,,,,,,,,,,,,,,,,,,,,,,,,,,,,,
99,pa3sd8ah,,0,18,18,Section_7,EndSurvey,2024-09-25 23:50:07.294974,1,,,0.0,,,,,,,,,,,,,,czcerakw,,,,,0,Experiment_1_Persistence,https://app.prolific.com/submissions/complete?cc=C1BTHULB,0.0,1.0,99,,0.0,63403b47287756c1978d2985,1,1,99,,0.0,C,C,B,A,D,D,C,A,D,C,CCBADDCADC,0.0,1,1727308686.195,1,1,99,,0.0,noisy,random,positive,Fail,red,70,9,8,Pass Box,1,1,99,,0.0,C,D,A,B,C,D,A,D,D,A,CDABCDADDA,0.1,STEM Track,,2,7.5,8,1,1,99,,0.0,R,C,C,C,R,R,R,R,C,R,R,RCCCRRRRCRR,1,1,99,,0.0,0,0,0,0,0,0,0,0,1,That was the right answer,Education,awesome,STEM Track,1,1,,,,,,,,,,,,,,,,,,,,,,,,,,,,,,,,,,,,,,,,,,,,,,,,,,,,,,,,,,,,,,,,,,,,,,,,,,,,,,,,,,,,,,,,,,,,,,,,,,,,,,,,,,,,,,,,,,,,,,,,,,,,,,,,,,,,,,,,,,,,,,,,,,,,,,,,,,,,,,,,,,,,,,,,,,,,,,,,,,,,,,,,,,,,,,,,,,,,,,,,,,,,,,,,,,,,,,,,,,,,,,,,,,,,,,,,,,,,,,,,,,,,,,,,,,,,,,,,,,,,,,,,,,,,,,,,,,,,,,,,,,,,,,,,,,,,,,,,,,,,,,,,,,,,,,,,,,,
100,udcanwbs,,0,18,18,Section_7,EndSurvey,2024-09-25 23:50:08.907890,1,,,0.0,,,,,,,,,,,,,,czcerakw,,,,,0,Experiment_1_Persistence,https://app.prolific.com/submissions/complete?cc=C1BTHULB,0.0,1.0,100,,0.0,65b965069a415587a755a7de,1,1,100,,0.0,C,B,A,B,C,D,A,C,B,C,CBABCDACBC,0.2,0,0.0,1,1,100,,0.0,noisy,random,positive,Fail,red,30,3,3,Not Sure,1,1,100,,0.0,C,A,D,B,C,D,C,D,B,,CADBCDCDB_,0.4,STEM Track,,0,0.0,3,1,1,100,,0.0,R,R,R,R,R,R,C,C,C,C,C,RRRRRRCCCCC,1,1,100,,0.0,0,0,1,0,0,0,0,0,0,I enjoyed trying to answer complicated math equations.,"Visual art, computer science",I found this study both quite interesting and challenging.,STEM Track,1,1,,,,,,,,,,,,,,,,,,,,,,,,,,,,,,,,,,,,,,,,,,,,,,,,,,,,,,,,,,,,,,,,,,,,,,,,,,,,,,,,,,,,,,,,,,,,,,,,,,,,,,,,,,,,,,,,,,,,,,,,,,,,,,,,,,,,,,,,,,,,,,,,,,,,,,,,,,,,,,,,,,,,,,,,,,,,,,,,,,,,,,,,,,,,,,,,,,,,,,,,,,,,,,,,,,,,,,,,,,,,,,,,,,,,,,,,,,,,,,,,,,,,,,,,,,,,,,,,,,,,,,,,,,,,,,,,,,,,,,,,,,,,,,,,,,,,,,,,,,,,,,,,,,,,,,,,,,,
101,5dt0gcxh,,0,18,18,Section_7,EndSurvey,2024-09-25 23:50:09.091592,1,,,0.0,,,,,,,,,,,,,,czcerakw,,,,,0,Experiment_1_Persistence,https://app.prolific.com/submissions/complete?cc=C1BTHULB,0.0,1.0,101,,0.0,632d189d6b8f03d0d3db4c48,1,1,101,,0.0,D,A,A,B,A,B,A,C,A,B,DAABABACAB,0.5,0,0.0,1,1,101,,0.0,noisy,random,positive,Pass,black,100,5,4,Pass Box,1,1,101,,0.0,D,B,A,C,B,D,A,B,C,D,DBACBDABCD,1.0,Non-STEM Track,,0,0.0,4,1,1,101,,0.0,R,R,R,R,C,C,C,C,C,C,C,RRRRCCCCCCC,1,1,101,,0.0,0,1,1,0,1,0,0,1,0,I was in a rush,"Studied chemistry, then environmental sciences, and finally business. I worked in a logistics place ",good ,Non-STEM Track,1,1,,,,,,,,,,,,,,,,,,,,,,,,,,,,,,,,,,,,,,,,,,,,,,,,,,,,,,,,,,,,,,,,,,,,,,,,,,,,,,,,,,,,,,,,,,,,,,,,,,,,,,,,,,,,,,,,,,,,,,,,,,,,,,,,,,,,,,,,,,,,,,,,,,,,,,,,,,,,,,,,,,,,,,,,,,,,,,,,,,,,,,,,,,,,,,,,,,,,,,,,,,,,,,,,,,,,,,,,,,,,,,,,,,,,,,,,,,,,,,,,,,,,,,,,,,,,,,,,,,,,,,,,,,,,,,,,,,,,,,,,,,,,,,,,,,,,,,,,,,,,,,,,,,,,,,,,,,,
102,bsv0tprw,,0,18,18,Section_7,EndSurvey,2024-09-25 23:50:09.860683,1,,,0.0,,,,,,,,,,,,,,czcerakw,,,,,0,Experiment_1_Persistence,https://app.prolific.com/submissions/complete?cc=C1BTHULB,0.0,1.0,102,,0.0,66d1dda5c2bc8b135dcbc557,1,1,102,,0.0,D,A,A,,,,,,,,DAA_______,0.1,0,0.0,1,1,102,,0.0,noisy,random,ground,Pass,red,50,2,1,Fail Box,1,1,102,,0.0,D,B,A,C,B,D,A,B,C,D,DBACBDABCD,1.0,Non-STEM Track,,0,0.0,1,1,1,102,,0.0,R,R,R,R,R,C,C,C,C,C,C,RRRRRCCCCCC,1,1,102,,0.0,0,0,1,0,0,0,0,0,0,STEM are not my strongest subjects,"Science, but more biology and Chemistry and also English and Literature",I hadn't done complex math problems in a while so that was pretty stressful especially since it was timed,Non-STEM Track,1,1,,,,,,,,,,,,,,,,,,,,,,,,,,,,,,,,,,,,,,,,,,,,,,,,,,,,,,,,,,,,,,,,,,,,,,,,,,,,,,,,,,,,,,,,,,,,,,,,,,,,,,,,,,,,,,,,,,,,,,,,,,,,,,,,,,,,,,,,,,,,,,,,,,,,,,,,,,,,,,,,,,,,,,,,,,,,,,,,,,,,,,,,,,,,,,,,,,,,,,,,,,,,,,,,,,,,,,,,,,,,,,,,,,,,,,,,,,,,,,,,,,,,,,,,,,,,,,,,,,,,,,,,,,,,,,,,,,,,,,,,,,,,,,,,,,,,,,,,,,,,,,,,,,,,,,,,,,,
103,def9km5w,,0,18,18,Section_7,EndSurvey,2024-09-25 23:50:21.811761,1,,,0.0,,,,,,,,,,,,,,czcerakw,,,,,0,Experiment_1_Persistence,https://app.prolific.com/submissions/complete?cc=C1BTHULB,0.0,1.0,103,,0.0,61095d528d0b97a520a20bd7,1,1,103,,0.0,B,C,A,D,B,B,C,A,D,C,BCADBBCADC,0.2,0,0.0,1,1,103,,0.0,noisy,random,ground,Fail,black,40,2,4,Fail Box,1,1,103,,0.0,B,C,A,D,C,B,A,C,D,B,BCADCBACDB,0.1,STEM Track,,0,0.0,4,1,1,103,,0.0,R,R,C,C,C,C,C,C,C,C,C,RRCCCCCCCCC,1,1,103,,0.0,0,0,1,0,0,0,0,0,0,I thought it would be interesting,Computers,No feedback,STEM Track,1,1,,,,,,,,,,,,,,,,,,,,,,,,,,,,,,,,,,,,,,,,,,,,,,,,,,,,,,,,,,,,,,,,,,,,,,,,,,,,,,,,,,,,,,,,,,,,,,,,,,,,,,,,,,,,,,,,,,,,,,,,,,,,,,,,,,,,,,,,,,,,,,,,,,,,,,,,,,,,,,,,,,,,,,,,,,,,,,,,,,,,,,,,,,,,,,,,,,,,,,,,,,,,,,,,,,,,,,,,,,,,,,,,,,,,,,,,,,,,,,,,,,,,,,,,,,,,,,,,,,,,,,,,,,,,,,,,,,,,,,,,,,,,,,,,,,,,,,,,,,,,,,,,,,,,,,,,,,,
104,oii6uyy0,,0,18,18,Section_7,EndSurvey,2024-09-25 23:50:35.976731,1,,,0.0,,,,,,,,,,,,,,czcerakw,,,,,0,Experiment_1_Persistence,https://app.prolific.com/submissions/complete?cc=C1BTHULB,0.0,1.0,104,,0.0,66e8ba86b35cd54fc4fdd970,1,1,104,,0.0,C,D,D,C,D,C,B,C,B,C,CDDCDCBCBC,0.1,0,0.0,1,1,104,,0.0,noisy,random,positive,Fail,red,96,8,10,Pass Box,1,1,104,,0.0,D,B,A,C,B,A,A,B,C,D,DBACBAABCD,0.9,Non-STEM Track,,0,0.0,10,1,1,104,,0.0,R,R,R,R,R,R,R,R,R,R,C,RRRRRRRRRRC,1,1,104,,0.0,0,0,1,0,0,0,0,0,0,im not too good in math so i didnt chance more questions that were math just to fail ,none an ive cleaned homes an wrked in customer service,math was difficult the rest was cool,Non-STEM Track,1,1,,,,,,,,,,,,,,,,,,,,,,,,,,,,,,,,,,,,,,,,,,,,,,,,,,,,,,,,,,,,,,,,,,,,,,,,,,,,,,,,,,,,,,,,,,,,,,,,,,,,,,,,,,,,,,,,,,,,,,,,,,,,,,,,,,,,,,,,,,,,,,,,,,,,,,,,,,,,,,,,,,,,,,,,,,,,,,,,,,,,,,,,,,,,,,,,,,,,,,,,,,,,,,,,,,,,,,,,,,,,,,,,,,,,,,,,,,,,,,,,,,,,,,,,,,,,,,,,,,,,,,,,,,,,,,,,,,,,,,,,,,,,,,,,,,,,,,,,,,,,,,,,,,,,,,,,,,,
105,y1ljw12z,,0,5,18,Section_2_3,Section_2,2024-09-25 23:50:39.351458,1,,,0.0,,,,,,,,,,,,,,czcerakw,,,,,0,Experiment_1_Persistence,https://app.prolific.com/submissions/complete?cc=C1BTHULB,0.0,1.0,105,,0.0,65c14eb17b368ee1ed773e03,1,1,105,,0.0,B,C,C,D,B,B,B,C,B,D,BCCDBBBCBD,0.4,0,0.0,1,1,105,,0.0,,,,,,,,,,1,1,105,,0.0,,,,,,,,,,,,,,,,,,1,1,105,,0.0,,,,,,,,,,,,,1,1,105,,0.0,0,0,0,0,0,0,0,0,0,,,,,1,1,,,,,,,,,,,,,,,,,,,,,,,,,,,,,,,,,,,,,,,,,,,,,,,,,,,,,,,,,,,,,,,,,,,,,,,,,,,,,,,,,,,,,,,,,,,,,,,,,,,,,,,,,,,,,,,,,,,,,,,,,,,,,,,,,,,,,,,,,,,,,,,,,,,,,,,,,,,,,,,,,,,,,,,,,,,,,,,,,,,,,,,,,,,,,,,,,,,,,,,,,,,,,,,,,,,,,,,,,,,,,,,,,,,,,,,,,,,,,,,,,,,,,,,,,,,,,,,,,,,,,,,,,,,,,,,,,,,,,,,,,,,,,,,,,,,,,,,,,,,,,,,,,,,,,,,,,,,
106,4c6lxbw8,,0,18,18,Section_7,EndSurvey,2024-09-25 23:50:46.416884,1,,,0.0,,,,,,,,,,,,,,czcerakw,,,,,0,Experiment_1_Persistence,https://app.prolific.com/submissions/complete?cc=C1BTHULB,0.0,1.0,106,,0.0,5ded95de4ee10e4632cab59b,1,1,106,,0.0,D,A,A,D,B,B,D,C,B,B,DAADBBDCBB,0.6,0,0.0,1,1,106,,0.0,noisy,random,negative,Pass,red,70,7,6,Pass Box,1,1,106,,0.0,D,B,A,C,B,D,A,B,C,D,DBACBDABCD,1.0,Non-STEM Track,,0,0.0,6,1,1,106,,0.0,R,R,R,R,R,R,R,R,R,C,C,RRRRRRRRRCC,1,1,106,,0.0,0,0,1,0,0,0,0,0,0,I am more comfortable outside of stem fields,"My main subjects were science and math, and i am a current electrical engineering major.",I enjoyed my experience throughout this process,Non-STEM Track,1,1,,,,,,,,,,,,,,,,,,,,,,,,,,,,,,,,,,,,,,,,,,,,,,,,,,,,,,,,,,,,,,,,,,,,,,,,,,,,,,,,,,,,,,,,,,,,,,,,,,,,,,,,,,,,,,,,,,,,,,,,,,,,,,,,,,,,,,,,,,,,,,,,,,,,,,,,,,,,,,,,,,,,,,,,,,,,,,,,,,,,,,,,,,,,,,,,,,,,,,,,,,,,,,,,,,,,,,,,,,,,,,,,,,,,,,,,,,,,,,,,,,,,,,,,,,,,,,,,,,,,,,,,,,,,,,,,,,,,,,,,,,,,,,,,,,,,,,,,,,,,,,,,,,,,,,,,,,,
107,vi8pfhb1,,0,5,18,Section_2_3,Section_2,2024-09-25 23:51:01.167830,1,,,0.0,,,,,,,,,,,,,,czcerakw,,,,,0,Experiment_1_Persistence,https://app.prolific.com/submissions/complete?cc=C1BTHULB,0.0,1.0,107,,0.0,5b5e33c1ba7ec90001fea28f,1,1,107,,0.0,C,D,B,D,C,C,C,A,A,C,CDBDCCCAAC,0.0,0,0.0,1,1,107,,0.0,,,,,,,,,,1,1,107,,0.0,,,,,,,,,,,,,,,,,,1,1,107,,0.0,,,,,,,,,,,,,1,1,107,,0.0,0,0,0,0,0,0,0,0,0,,,,,1,1,,,,,,,,,,,,,,,,,,,,,,,,,,,,,,,,,,,,,,,,,,,,,,,,,,,,,,,,,,,,,,,,,,,,,,,,,,,,,,,,,,,,,,,,,,,,,,,,,,,,,,,,,,,,,,,,,,,,,,,,,,,,,,,,,,,,,,,,,,,,,,,,,,,,,,,,,,,,,,,,,,,,,,,,,,,,,,,,,,,,,,,,,,,,,,,,,,,,,,,,,,,,,,,,,,,,,,,,,,,,,,,,,,,,,,,,,,,,,,,,,,,,,,,,,,,,,,,,,,,,,,,,,,,,,,,,,,,,,,,,,,,,,,,,,,,,,,,,,,,,,,,,,,,,,,,,,,,
108,w07mr737,,0,18,18,Section_7,EndSurvey,2024-09-25 23:51:11.514105,1,,,0.0,,,,,,,,,,,,,,czcerakw,,,,,0,Experiment_1_Persistence,https://app.prolific.com/submissions/complete?cc=C1BTHULB,0.0,1.0,108,,0.0,66afdcb7092c20701c8758b4,1,1,108,,0.0,D,C,C,C,C,B,D,D,B,D,DCCCCBDDBD,0.3,4,150.116,1,1,108,,0.0,noisy,random,negative,Fail,black,50,10,10,Pass Box,1,1,108,,0.0,D,B,A,D,D,A,C,A,B,D,DBADDACABD,0.3,STEM Track,,3,67.984,10,1,1,108,,0.0,R,C,R,C,C,R,C,R,R,R,C,RCRCCRCRRRC,1,1,108,,0.0,1,0,0,1,0,0,0,0,0,They are fine with me,mathematics,great,STEM Track,1,1,,,,,,,,,,,,,,,,,,,,,,,,,,,,,,,,,,,,,,,,,,,,,,,,,,,,,,,,,,,,,,,,,,,,,,,,,,,,,,,,,,,,,,,,,,,,,,,,,,,,,,,,,,,,,,,,,,,,,,,,,,,,,,,,,,,,,,,,,,,,,,,,,,,,,,,,,,,,,,,,,,,,,,,,,,,,,,,,,,,,,,,,,,,,,,,,,,,,,,,,,,,,,,,,,,,,,,,,,,,,,,,,,,,,,,,,,,,,,,,,,,,,,,,,,,,,,,,,,,,,,,,,,,,,,,,,,,,,,,,,,,,,,,,,,,,,,,,,,,,,,,,,,,,,,,,,,,,
109,abg2pmu8,,0,18,18,Section_7,EndSurvey,2024-09-25 23:51:16.217413,1,,,0.0,,,,,,,,,,,,,,czcerakw,,,,,0,Experiment_1_Persistence,https://app.prolific.com/submissions/complete?cc=C1BTHULB,0.0,1.0,109,,0.0,666da27d5601023b85c42cee,1,1,109,,0.0,D,D,D,A,B,A,A,D,A,C,DDDABAADAC,0.1,0,1727309003.991,1,1,109,,0.0,noisy,random,negative,Fail,black,50,9,10,Pass Box,1,1,109,,0.0,A,C,D,B,B,C,B,B,C,A,ACDBBCBBCA,0.0,STEM Track,,1,1727309141.74,10,1,1,109,,0.0,R,R,R,C,R,C,C,R,C,C,R,RRRCRCCRCCR,1,1,109,,0.0,0,0,0,0,0,0,0,0,1,Suitable for this,education,calm,STEM Track,1,1,,,,,,,,,,,,,,,,,,,,,,,,,,,,,,,,,,,,,,,,,,,,,,,,,,,,,,,,,,,,,,,,,,,,,,,,,,,,,,,,,,,,,,,,,,,,,,,,,,,,,,,,,,,,,,,,,,,,,,,,,,,,,,,,,,,,,,,,,,,,,,,,,,,,,,,,,,,,,,,,,,,,,,,,,,,,,,,,,,,,,,,,,,,,,,,,,,,,,,,,,,,,,,,,,,,,,,,,,,,,,,,,,,,,,,,,,,,,,,,,,,,,,,,,,,,,,,,,,,,,,,,,,,,,,,,,,,,,,,,,,,,,,,,,,,,,,,,,,,,,,,,,,,,,,,,,,,,
110,61vwvsx6,,0,5,18,Section_2_3,Section_2,2024-09-25 23:51:16.704361,1,,,0.0,,,,,,,,,,,,,,czcerakw,,,,,0,Experiment_1_Persistence,https://app.prolific.com/submissions/complete?cc=C1BTHULB,0.0,1.0,110,,0.0,662957e42567ec44f34bbeed,1,1,110,,0.0,C,D,A,C,B,A,D,A,C,D,CDACBADACD,0.3,0,0.0,1,1,110,,0.0,,,,,,,,,,1,1,110,,0.0,,,,,,,,,,,,,,,,,,1,1,110,,0.0,,,,,,,,,,,,,1,1,110,,0.0,0,0,0,0,0,0,0,0,0,,,,,1,1,,,,,,,,,,,,,,,,,,,,,,,,,,,,,,,,,,,,,,,,,,,,,,,,,,,,,,,,,,,,,,,,,,,,,,,,,,,,,,,,,,,,,,,,,,,,,,,,,,,,,,,,,,,,,,,,,,,,,,,,,,,,,,,,,,,,,,,,,,,,,,,,,,,,,,,,,,,,,,,,,,,,,,,,,,,,,,,,,,,,,,,,,,,,,,,,,,,,,,,,,,,,,,,,,,,,,,,,,,,,,,,,,,,,,,,,,,,,,,,,,,,,,,,,,,,,,,,,,,,,,,,,,,,,,,,,,,,,,,,,,,,,,,,,,,,,,,,,,,,,,,,,,,,,,,,,,,,
111,yfikyt3l,,0,18,18,Section_7,EndSurvey,2024-09-25 23:51:49.762453,1,,,0.0,,,,,,,,,,,,,,czcerakw,,,,,0,Experiment_1_Persistence,https://app.prolific.com/submissions/complete?cc=C1BTHULB,0.0,1.0,111,,0.0,65ea01869d4ee8777df1c12d,1,1,111,,0.0,B,D,A,B,B,B,B,C,C,C,BDABBBBCCC,0.5,0,0.0,1,1,111,,0.0,noisy,random,negative,Pass,red,45,4,3,Fail Box,1,1,111,,0.0,D,B,A,C,B,D,A,B,C,D,DBACBDABCD,1.0,Non-STEM Track,,0,0.0,3,1,1,111,,0.0,R,R,R,R,R,C,C,C,C,C,C,RRRRRCCCCCC,1,1,111,,0.0,0,0,1,0,0,0,0,0,0,Clearly I answered those more accurately and probably failed the first section,General education and real estate,If I knew STEM was involved I probably would have not participated,Non-STEM Track,1,1,,,,,,,,,,,,,,,,,,,,,,,,,,,,,,,,,,,,,,,,,,,,,,,,,,,,,,,,,,,,,,,,,,,,,,,,,,,,,,,,,,,,,,,,,,,,,,,,,,,,,,,,,,,,,,,,,,,,,,,,,,,,,,,,,,,,,,,,,,,,,,,,,,,,,,,,,,,,,,,,,,,,,,,,,,,,,,,,,,,,,,,,,,,,,,,,,,,,,,,,,,,,,,,,,,,,,,,,,,,,,,,,,,,,,,,,,,,,,,,,,,,,,,,,,,,,,,,,,,,,,,,,,,,,,,,,,,,,,,,,,,,,,,,,,,,,,,,,,,,,,,,,,,,,,,,,,,,
112,0sgw798p,,0,18,18,Section_7,EndSurvey,2024-09-25 23:51:55.302127,1,,,0.0,,,,,,,,,,,,,,czcerakw,,,,,0,Experiment_1_Persistence,https://app.prolific.com/submissions/complete?cc=C1BTHULB,0.0,1.0,112,,0.0,5dccb82a76eab294aa4837ff,1,1,112,,0.0,D,C,B,B,A,A,A,A,A,A,DCBBAAAAAA,0.1,0,0.0,1,1,112,,0.0,noisy,random,positive,Fail,red,10,4,3,Not Sure,1,1,112,,0.0,D,B,A,C,B,D,A,B,C,D,DBACBDABCD,1.0,Non-STEM Track,,0,0.0,3,1,1,112,,0.0,R,R,R,C,C,C,C,C,C,C,C,RRRCCCCCCCC,1,1,112,,0.0,0,0,1,0,0,0,0,0,0, The math questions were really hard for me. It's been years since I've had to solve any sort of complex equations. ," Computer science, worked in IT and web development.", I was anxious and frustrated during the math test.,Non-STEM Track,1,1,,,,,,,,,,,,,,,,,,,,,,,,,,,,,,,,,,,,,,,,,,,,,,,,,,,,,,,,,,,,,,,,,,,,,,,,,,,,,,,,,,,,,,,,,,,,,,,,,,,,,,,,,,,,,,,,,,,,,,,,,,,,,,,,,,,,,,,,,,,,,,,,,,,,,,,,,,,,,,,,,,,,,,,,,,,,,,,,,,,,,,,,,,,,,,,,,,,,,,,,,,,,,,,,,,,,,,,,,,,,,,,,,,,,,,,,,,,,,,,,,,,,,,,,,,,,,,,,,,,,,,,,,,,,,,,,,,,,,,,,,,,,,,,,,,,,,,,,,,,,,,,,,,,,,,,,,,,
113,gy76zakr,,0,18,18,Section_7,EndSurvey,2024-09-25 23:52:27.380060,1,,,0.0,,,,,,,,,,,,,,czcerakw,,,,,0,Experiment_1_Persistence,https://app.prolific.com/submissions/complete?cc=C1BTHULB,0.0,1.0,113,,0.0,651b43625c3bc6e2217a7e24,1,1,113,,0.0,D,A,A,D,A,A,D,B,B,D,DAADAADBBD,0.2,1,1.661,1,1,113,,0.0,noisy,random,ground,Fail,black,50,5,5,Fail Box,1,1,113,,0.0,D,A,A,C,B,D,A,B,C,B,DAACBDABCB,0.8,Non-STEM Track,,0,0.0,5,1,1,113,,0.0,R,R,R,R,R,R,C,C,C,C,C,RRRRRRCCCCC,1,1,113,,0.0,0,0,1,0,0,0,0,0,0,I am stronger at the non-stem than stem and didnt want to risk failing,History and Humanities. Industries I worked in was non profit and healthcare,The first section with stem made me feel a bit dumb but the non stem made me remember im capable,Non-STEM Track,1,1,,,,,,,,,,,,,,,,,,,,,,,,,,,,,,,,,,,,,,,,,,,,,,,,,,,,,,,,,,,,,,,,,,,,,,,,,,,,,,,,,,,,,,,,,,,,,,,,,,,,,,,,,,,,,,,,,,,,,,,,,,,,,,,,,,,,,,,,,,,,,,,,,,,,,,,,,,,,,,,,,,,,,,,,,,,,,,,,,,,,,,,,,,,,,,,,,,,,,,,,,,,,,,,,,,,,,,,,,,,,,,,,,,,,,,,,,,,,,,,,,,,,,,,,,,,,,,,,,,,,,,,,,,,,,,,,,,,,,,,,,,,,,,,,,,,,,,,,,,,,,,,,,,,,,,,,,,,
114,6pm6gt9q,,0,18,18,Section_7,EndSurvey,2024-09-25 23:52:28.626277,1,,,0.0,,,,,,,,,,,,,,czcerakw,,,,,0,Experiment_1_Persistence,https://app.prolific.com/submissions/complete?cc=C1BTHULB,0.0,1.0,114,,0.0,66f48848bf50e9c784c4ba2a,1,1,114,,0.0,A,C,B,B,B,C,C,B,D,D,ACBBBCCBDD,0.3,0,0.0,1,1,114,,0.0,noisy,random,positive,Pass,black,40,3,2,Pass Box,1,1,114,,0.0,A,D,C,A,A,B,B,B,C,D,ADCAABBBCD,0.3,STEM Track,,0,0.0,2,1,1,114,,0.0,C,C,C,C,C,C,C,C,C,C,C,CCCCCCCCCCC,1,1,114,,0.0,0,0,1,0,0,0,0,0,0,I thought I could do it,I studied business and worked as an office manager,This was more difficult than I thought,STEM Track,1,1,,,,,,,,,,,,,,,,,,,,,,,,,,,,,,,,,,,,,,,,,,,,,,,,,,,,,,,,,,,,,,,,,,,,,,,,,,,,,,,,,,,,,,,,,,,,,,,,,,,,,,,,,,,,,,,,,,,,,,,,,,,,,,,,,,,,,,,,,,,,,,,,,,,,,,,,,,,,,,,,,,,,,,,,,,,,,,,,,,,,,,,,,,,,,,,,,,,,,,,,,,,,,,,,,,,,,,,,,,,,,,,,,,,,,,,,,,,,,,,,,,,,,,,,,,,,,,,,,,,,,,,,,,,,,,,,,,,,,,,,,,,,,,,,,,,,,,,,,,,,,,,,,,,,,,,,,,,
115,7310p9gh,,0,18,18,Section_7,EndSurvey,2024-09-25 23:52:36.423144,1,,,0.0,,,,,,,,,,,,,,czcerakw,,,,,0,Experiment_1_Persistence,https://app.prolific.com/submissions/complete?cc=C1BTHULB,0.0,1.0,115,,0.0,65603afb8e9cfc182d7b55bc,1,1,115,,0.0,D,D,D,C,B,D,B,C,B,A,DDDCBDBCBA,0.2,0,0.0,1,1,115,,0.0,noisy,random,negative,Pass,red,1,1,1,Not Sure,1,1,115,,0.0,D,B,A,C,B,D,A,B,C,D,DBACBDABCD,1.0,Non-STEM Track,,0,0.0,1,1,1,115,,0.0,R,R,R,R,R,C,C,C,C,C,C,RRRRRCCCCCC,1,1,115,,0.0,0,0,1,0,0,0,0,0,0,I thought it would be less difficult. ,English,Fine. The math section was difficult for me.,Non-STEM Track,1,1,,,,,,,,,,,,,,,,,,,,,,,,,,,,,,,,,,,,,,,,,,,,,,,,,,,,,,,,,,,,,,,,,,,,,,,,,,,,,,,,,,,,,,,,,,,,,,,,,,,,,,,,,,,,,,,,,,,,,,,,,,,,,,,,,,,,,,,,,,,,,,,,,,,,,,,,,,,,,,,,,,,,,,,,,,,,,,,,,,,,,,,,,,,,,,,,,,,,,,,,,,,,,,,,,,,,,,,,,,,,,,,,,,,,,,,,,,,,,,,,,,,,,,,,,,,,,,,,,,,,,,,,,,,,,,,,,,,,,,,,,,,,,,,,,,,,,,,,,,,,,,,,,,,,,,,,,,,
116,kgt8nb59,,0,18,18,Section_7,EndSurvey,2024-09-25 23:52:38.063853,1,,,0.0,,,,,,,,,,,,,,czcerakw,,,,,0,Experiment_1_Persistence,https://app.prolific.com/submissions/complete?cc=C1BTHULB,0.0,1.0,116,,0.0,5ba7a90d168e5e0001e47228,1,1,116,,0.0,B,C,B,C,B,C,B,C,C,B,BCBCBCBCCB,0.4,0,0.0,1,1,116,,0.0,noisy,random,negative,Pass,red,20,1,1,Fail Box,1,1,116,,0.0,D,B,A,C,B,D,A,B,C,C,DBACBDABCC,0.9,Non-STEM Track,,0,0.0,1,1,1,116,,0.0,R,R,R,R,R,C,C,C,C,C,C,RRRRRCCCCCC,1,1,116,,0.0,0,1,0,0,0,0,0,0,0,Easier to answer and get more money,Computer Science,Good,Non-STEM Track,1,1,,,,,,,,,,,,,,,,,,,,,,,,,,,,,,,,,,,,,,,,,,,,,,,,,,,,,,,,,,,,,,,,,,,,,,,,,,,,,,,,,,,,,,,,,,,,,,,,,,,,,,,,,,,,,,,,,,,,,,,,,,,,,,,,,,,,,,,,,,,,,,,,,,,,,,,,,,,,,,,,,,,,,,,,,,,,,,,,,,,,,,,,,,,,,,,,,,,,,,,,,,,,,,,,,,,,,,,,,,,,,,,,,,,,,,,,,,,,,,,,,,,,,,,,,,,,,,,,,,,,,,,,,,,,,,,,,,,,,,,,,,,,,,,,,,,,,,,,,,,,,,,,,,,,,,,,,,,
117,aeyt0dy5,,0,1,18,Intro,Intro,2024-09-25 23:52:42.051191,1,,,0.0,,,,,,,,,,,,,,czcerakw,,,,,0,Experiment_1_Persistence,https://app.prolific.com/submissions/complete?cc=C1BTHULB,0.0,1.0,117,,0.0,,1,1,117,,0.0,,,,,,,,,,,,,,,1,1,117,,0.0,,,,,,,,,,1,1,117,,0.0,,,,,,,,,,,,,,,,,,1,1,117,,0.0,,,,,,,,,,,,,1,1,117,,0.0,0,0,0,0,0,0,0,0,0,,,,,1,1,,,,,,,,,,,,,,,,,,,,,,,,,,,,,,,,,,,,,,,,,,,,,,,,,,,,,,,,,,,,,,,,,,,,,,,,,,,,,,,,,,,,,,,,,,,,,,,,,,,,,,,,,,,,,,,,,,,,,,,,,,,,,,,,,,,,,,,,,,,,,,,,,,,,,,,,,,,,,,,,,,,,,,,,,,,,,,,,,,,,,,,,,,,,,,,,,,,,,,,,,,,,,,,,,,,,,,,,,,,,,,,,,,,,,,,,,,,,,,,,,,,,,,,,,,,,,,,,,,,,,,,,,,,,,,,,,,,,,,,,,,,,,,,,,,,,,,,,,,,,,,,,,,,,,,,,,,,
118,u9jiy522,,0,18,18,Section_7,EndSurvey,2024-09-25 23:52:57.486435,1,,,0.0,,,,,,,,,,,,,,czcerakw,,,,,0,Experiment_1_Persistence,https://app.prolific.com/submissions/complete?cc=C1BTHULB,0.0,1.0,118,,0.0,66634b9fd11b27b999a3c56c,1,1,118,,0.0,C,C,B,B,D,C,B,C,A,C,CCBBDCBCAC,0.2,0,0.0,1,1,118,,0.0,noisy,random,ground,Fail,black,50,3,3,Fail Box,1,1,118,,0.0,D,B,A,B,B,D,A,B,C,A,DBABBDABCA,0.8,Non-STEM Track,,0,0.0,3,1,1,118,,0.0,R,R,R,R,R,R,C,C,C,C,C,RRRRRRCCCCC,1,1,118,,0.0,0,0,1,0,0,0,0,0,0,I don't like math,business administration in marketing ,n/a,Non-STEM Track,1,1,,,,,,,,,,,,,,,,,,,,,,,,,,,,,,,,,,,,,,,,,,,,,,,,,,,,,,,,,,,,,,,,,,,,,,,,,,,,,,,,,,,,,,,,,,,,,,,,,,,,,,,,,,,,,,,,,,,,,,,,,,,,,,,,,,,,,,,,,,,,,,,,,,,,,,,,,,,,,,,,,,,,,,,,,,,,,,,,,,,,,,,,,,,,,,,,,,,,,,,,,,,,,,,,,,,,,,,,,,,,,,,,,,,,,,,,,,,,,,,,,,,,,,,,,,,,,,,,,,,,,,,,,,,,,,,,,,,,,,,,,,,,,,,,,,,,,,,,,,,,,,,,,,,,,,,,,,,
119,bzbhiu6t,,0,18,18,Section_7,EndSurvey,2024-09-25 23:53:13.277932,1,,,0.0,,,,,,,,,,,,,,czcerakw,,,,,0,Experiment_1_Persistence,https://app.prolific.com/submissions/complete?cc=C1BTHULB,0.0,1.0,119,,0.0,65be81e55f100cf3f591e989,1,1,119,,0.0,A,D,B,C,D,B,A,C,C,C,ADBCDBACCC,0.4,0,0.0,1,1,119,,0.0,noisy,random,ground,Fail,black,50,6,5,Fail Box,1,1,119,,0.0,A,B,A,C,B,D,A,D,C,A,ABACBDADCA,0.7,Non-STEM Track,,0,0.0,5,1,1,119,,0.0,R,R,R,R,R,C,C,C,C,C,C,RRRRRCCCCCC,1,1,119,,0.0,1,1,1,1,0,0,0,0,0,Was not sure how well I would do on the other.,Camera video and photography.,Good!,Non-STEM Track,1,1,,,,,,,,,,,,,,,,,,,,,,,,,,,,,,,,,,,,,,,,,,,,,,,,,,,,,,,,,,,,,,,,,,,,,,,,,,,,,,,,,,,,,,,,,,,,,,,,,,,,,,,,,,,,,,,,,,,,,,,,,,,,,,,,,,,,,,,,,,,,,,,,,,,,,,,,,,,,,,,,,,,,,,,,,,,,,,,,,,,,,,,,,,,,,,,,,,,,,,,,,,,,,,,,,,,,,,,,,,,,,,,,,,,,,,,,,,,,,,,,,,,,,,,,,,,,,,,,,,,,,,,,,,,,,,,,,,,,,,,,,,,,,,,,,,,,,,,,,,,,,,,,,,,,,,,,,,,
120,15sgayv0,,0,18,18,Section_7,EndSurvey,2024-09-25 23:53:17.020836,1,,,0.0,,,,,,,,,,,,,,czcerakw,,,,,0,Experiment_1_Persistence,https://app.prolific.com/submissions/complete?cc=C1BTHULB,0.0,1.0,120,,0.0,66a845e15861e2e51f8cc0a9,1,1,120,,0.0,D,C,C,A,A,B,B,B,B,A,DCCAABBBBA,0.2,0,0.0,1,1,120,,0.0,noisy,random,negative,Fail,black,0,0,3,Fail Box,1,1,120,,0.0,D,B,A,C,B,D,A,B,C,D,DBACBDABCD,1.0,Non-STEM Track,,0,0.0,3,1,1,120,,0.0,R,R,R,R,R,C,C,C,C,C,C,RRRRRCCCCCC,1,1,120,,0.0,0,0,1,0,0,0,0,0,0,"If it what was to come was anything like the previous, I didn't want to take any chances","Science, social sciences, English",Go easier on the participants next time.  The first round was hard. lol. ,Non-STEM Track,1,1,,,,,,,,,,,,,,,,,,,,,,,,,,,,,,,,,,,,,,,,,,,,,,,,,,,,,,,,,,,,,,,,,,,,,,,,,,,,,,,,,,,,,,,,,,,,,,,,,,,,,,,,,,,,,,,,,,,,,,,,,,,,,,,,,,,,,,,,,,,,,,,,,,,,,,,,,,,,,,,,,,,,,,,,,,,,,,,,,,,,,,,,,,,,,,,,,,,,,,,,,,,,,,,,,,,,,,,,,,,,,,,,,,,,,,,,,,,,,,,,,,,,,,,,,,,,,,,,,,,,,,,,,,,,,,,,,,,,,,,,,,,,,,,,,,,,,,,,,,,,,,,,,,,,,,,,,,,
121,2qilq6pc,,0,18,18,Section_7,EndSurvey,2024-09-25 23:53:20.377230,1,,,0.0,,,,,,,,,,,,,,czcerakw,,,,,0,Experiment_1_Persistence,https://app.prolific.com/submissions/complete?cc=C1BTHULB,0.0,1.0,121,,0.0,66db815e9a6cfec92c483ab4,1,1,121,,0.0,D,B,B,D,B,A,C,A,C,C,DBBDBACACC,0.2,0,0.0,1,1,121,,0.0,noisy,random,positive,Fail,red,40,4,6,Pass Box,1,1,121,,0.0,C,B,D,D,B,D,D,A,B,A,CBDDBDDABA,0.3,STEM Track,,0,0.0,6,1,1,121,,0.0,R,R,R,C,C,C,C,C,C,C,C,RRRCCCCCCCC,1,1,121,,0.0,0,0,1,0,0,0,0,0,0,I wanted to take the chance to see if I could answer the questions.,Merchandising and Retail Math,,STEM Track,1,1,,,,,,,,,,,,,,,,,,,,,,,,,,,,,,,,,,,,,,,,,,,,,,,,,,,,,,,,,,,,,,,,,,,,,,,,,,,,,,,,,,,,,,,,,,,,,,,,,,,,,,,,,,,,,,,,,,,,,,,,,,,,,,,,,,,,,,,,,,,,,,,,,,,,,,,,,,,,,,,,,,,,,,,,,,,,,,,,,,,,,,,,,,,,,,,,,,,,,,,,,,,,,,,,,,,,,,,,,,,,,,,,,,,,,,,,,,,,,,,,,,,,,,,,,,,,,,,,,,,,,,,,,,,,,,,,,,,,,,,,,,,,,,,,,,,,,,,,,,,,,,,,,,,,,,,,,,,
122,qsxtwrz5,,0,18,18,Section_7,EndSurvey,2024-09-25 23:53:22.806539,1,,,0.0,,,,,,,,,,,,,,czcerakw,,,,,0,Experiment_1_Persistence,https://app.prolific.com/submissions/complete?cc=C1BTHULB,0.0,1.0,122,,0.0,66ba19a0f2db7abee65b49db,1,1,122,,0.0,C,A,B,C,B,C,D,A,C,A,CABCBCDACA,0.4,0,0.0,1,1,122,,0.0,noisy,random,ground,Pass,red,50,1,3,Fail Box,1,1,122,,0.0,D,A,C,C,A,B,D,B,C,B,DACCABDBCB,0.3,STEM Track,,1,149.852,3,1,1,122,,0.0,R,R,R,R,R,C,C,C,C,C,C,RRRRRCCCCCC,1,1,122,,0.0,0,0,1,0,1,0,0,0,0,Because my son is in a STEM school,"middle grades education / retail, hospitality",it was tough,STEM Track,1,1,,,,,,,,,,,,,,,,,,,,,,,,,,,,,,,,,,,,,,,,,,,,,,,,,,,,,,,,,,,,,,,,,,,,,,,,,,,,,,,,,,,,,,,,,,,,,,,,,,,,,,,,,,,,,,,,,,,,,,,,,,,,,,,,,,,,,,,,,,,,,,,,,,,,,,,,,,,,,,,,,,,,,,,,,,,,,,,,,,,,,,,,,,,,,,,,,,,,,,,,,,,,,,,,,,,,,,,,,,,,,,,,,,,,,,,,,,,,,,,,,,,,,,,,,,,,,,,,,,,,,,,,,,,,,,,,,,,,,,,,,,,,,,,,,,,,,,,,,,,,,,,,,,,,,,,,,,,
123,uns86xij,,0,18,18,Section_7,EndSurvey,2024-09-25 23:53:32.392867,1,,,0.0,,,,,,,,,,,,,,czcerakw,,,,,0,Experiment_1_Persistence,https://app.prolific.com/submissions/complete?cc=C1BTHULB,0.0,1.0,123,,0.0,66d4c3c7a0c3bbfd9379c7cf,1,1,123,,0.0,B,C,B,D,D,B,B,B,C,B,BCBDDBBBCB,0.3,0,0.0,1,1,123,,0.0,noisy,random,negative,Fail,red,70,6,4,Pass Box,1,1,123,,0.0,B,D,C,A,A,D,C,C,B,C,BDCAADCCBC,0.8,STEM Track,,0,0.0,4,1,1,123,,0.0,R,R,R,C,C,C,C,C,C,C,C,RRRCCCCCCCC,1,1,123,,0.0,0,0,1,0,0,0,0,0,0,I like math and science.,"Math and science.  Worked 13 years in retail, 13 years in banking and 13 years with electronics.",Challenging. Without a timer i felt an internal pressure to finish fast since the instructions said it was timed.,STEM Track,1,1,,,,,,,,,,,,,,,,,,,,,,,,,,,,,,,,,,,,,,,,,,,,,,,,,,,,,,,,,,,,,,,,,,,,,,,,,,,,,,,,,,,,,,,,,,,,,,,,,,,,,,,,,,,,,,,,,,,,,,,,,,,,,,,,,,,,,,,,,,,,,,,,,,,,,,,,,,,,,,,,,,,,,,,,,,,,,,,,,,,,,,,,,,,,,,,,,,,,,,,,,,,,,,,,,,,,,,,,,,,,,,,,,,,,,,,,,,,,,,,,,,,,,,,,,,,,,,,,,,,,,,,,,,,,,,,,,,,,,,,,,,,,,,,,,,,,,,,,,,,,,,,,,,,,,,,,,,,
124,acj8o0l0,,0,4,18,Section_1,Conclusion,2024-09-25 23:53:39.729026,1,,,0.0,,,,,,,,,,,,,,czcerakw,,,,,0,Experiment_1_Persistence,https://app.prolific.com/submissions/complete?cc=C1BTHULB,0.0,1.0,124,,0.0,6671bcef7ab0a97950b67ed7,1,1,124,,0.0,,,,,,,,,,,__________,0.0,0,0.0,1,1,124,,0.0,,,,,,,,,,1,1,124,,0.0,,,,,,,,,,,,,,,,,,1,1,124,,0.0,,,,,,,,,,,,,1,1,124,,0.0,0,0,0,0,0,0,0,0,0,,,,,1,1,,,,,,,,,,,,,,,,,,,,,,,,,,,,,,,,,,,,,,,,,,,,,,,,,,,,,,,,,,,,,,,,,,,,,,,,,,,,,,,,,,,,,,,,,,,,,,,,,,,,,,,,,,,,,,,,,,,,,,,,,,,,,,,,,,,,,,,,,,,,,,,,,,,,,,,,,,,,,,,,,,,,,,,,,,,,,,,,,,,,,,,,,,,,,,,,,,,,,,,,,,,,,,,,,,,,,,,,,,,,,,,,,,,,,,,,,,,,,,,,,,,,,,,,,,,,,,,,,,,,,,,,,,,,,,,,,,,,,,,,,,,,,,,,,,,,,,,,,,,,,,,,,,,,,,,,,,,
125,avwb69xj,,0,18,18,Section_7,EndSurvey,2024-09-25 23:53:44.397329,1,,,0.0,,,,,,,,,,,,,,czcerakw,,,,,0,Experiment_1_Persistence,https://app.prolific.com/submissions/complete?cc=C1BTHULB,0.0,1.0,125,,0.0,66325a097b34af78bbc59edd,1,1,125,,0.0,D,A,D,,D,B,A,C,,,DAD_DBAC__,0.3,0,0.0,1,1,125,,0.0,noisy,random,ground,Pass,red,65,6,1,Pass Box,1,1,125,,0.0,B,,C,,A,,C,A,,,B_C_A_CA__,0.5,STEM Track,,0,0.0,1,1,1,125,,0.0,R,R,R,R,R,R,R,R,C,C,C,RRRRRRRRCCC,1,1,125,,0.0,0,0,1,0,0,0,0,0,0,I like math,Engineering,It's been a long time since I've had to do heavy math. I am still working on one of the questions.,STEM Track,1,1,,,,,,,,,,,,,,,,,,,,,,,,,,,,,,,,,,,,,,,,,,,,,,,,,,,,,,,,,,,,,,,,,,,,,,,,,,,,,,,,,,,,,,,,,,,,,,,,,,,,,,,,,,,,,,,,,,,,,,,,,,,,,,,,,,,,,,,,,,,,,,,,,,,,,,,,,,,,,,,,,,,,,,,,,,,,,,,,,,,,,,,,,,,,,,,,,,,,,,,,,,,,,,,,,,,,,,,,,,,,,,,,,,,,,,,,,,,,,,,,,,,,,,,,,,,,,,,,,,,,,,,,,,,,,,,,,,,,,,,,,,,,,,,,,,,,,,,,,,,,,,,,,,,,,,,,,,,
126,miguvj8o,,0,18,18,Section_7,EndSurvey,2024-09-25 23:53:47.189085,1,,,0.0,,,,,,,,,,,,,,czcerakw,,,,,0,Experiment_1_Persistence,https://app.prolific.com/submissions/complete?cc=C1BTHULB,0.0,1.0,126,,0.0,63d520bc8833c489caf0023a,1,1,126,,0.0,D,A,B,C,A,C,B,B,C,A,DABCACBBCA,0.2,0,0.0,1,1,126,,0.0,noisy,random,negative,Fail,black,45,3,4,Fail Box,1,1,126,,0.0,B,C,A,D,C,B,A,C,D,B,BCADCBACDB,0.1,STEM Track,,0,0.0,4,1,1,126,,0.0,R,R,R,R,R,C,C,C,C,C,C,RRRRRCCCCCC,1,1,126,,0.0,0,1,0,0,0,0,0,0,0,I think STEM is important for those who take it seriously,Math and physics,Very well,STEM Track,1,1,,,,,,,,,,,,,,,,,,,,,,,,,,,,,,,,,,,,,,,,,,,,,,,,,,,,,,,,,,,,,,,,,,,,,,,,,,,,,,,,,,,,,,,,,,,,,,,,,,,,,,,,,,,,,,,,,,,,,,,,,,,,,,,,,,,,,,,,,,,,,,,,,,,,,,,,,,,,,,,,,,,,,,,,,,,,,,,,,,,,,,,,,,,,,,,,,,,,,,,,,,,,,,,,,,,,,,,,,,,,,,,,,,,,,,,,,,,,,,,,,,,,,,,,,,,,,,,,,,,,,,,,,,,,,,,,,,,,,,,,,,,,,,,,,,,,,,,,,,,,,,,,,,,,,,,,,,,
127,nagfk0ss,,0,18,18,Section_7,EndSurvey,2024-09-25 23:53:57.948881,1,,,0.0,,,,,,,,,,,,,,czcerakw,,,,,0,Experiment_1_Persistence,https://app.prolific.com/submissions/complete?cc=C1BTHULB,0.0,1.0,127,,0.0,5e6bdd2a3ea572199bb7f6b6,1,1,127,,0.0,C,D,D,,,,C,C,A,A,CDD___CCAA,0.1,0,0.0,1,1,127,,0.0,noisy,random,positive,Fail,red,25,3,3,Pass Box,1,1,127,,0.0,D,B,A,C,B,D,A,B,C,D,DBACBDABCD,1.0,Non-STEM Track,,0,0.0,3,1,1,127,,0.0,R,R,R,R,C,C,C,C,C,C,C,RRRRCCCCCCC,1,1,127,,0.0,0,0,1,0,0,0,0,0,0,Because I haven't taken an Algebra class for 45 years and I have forgotten what I did learn.  (Math was my least favorite subject.),"Sociology major in college  Unbelievably, I ran a marketing research/consulting in the tech industry. (I had a programmer who did all the fancy math/stat stuff, LOL!) Semi-retired now, although I still do occasional consulting.",It just reminded me how awful I have always been at math!! My brain does not work that way.,Non-STEM Track,1,1,,,,,,,,,,,,,,,,,,,,,,,,,,,,,,,,,,,,,,,,,,,,,,,,,,,,,,,,,,,,,,,,,,,,,,,,,,,,,,,,,,,,,,,,,,,,,,,,,,,,,,,,,,,,,,,,,,,,,,,,,,,,,,,,,,,,,,,,,,,,,,,,,,,,,,,,,,,,,,,,,,,,,,,,,,,,,,,,,,,,,,,,,,,,,,,,,,,,,,,,,,,,,,,,,,,,,,,,,,,,,,,,,,,,,,,,,,,,,,,,,,,,,,,,,,,,,,,,,,,,,,,,,,,,,,,,,,,,,,,,,,,,,,,,,,,,,,,,,,,,,,,,,,,,,,,,,,,
128,l2aesxka,,0,18,18,Section_7,EndSurvey,2024-09-25 23:53:58.941692,1,,,0.0,,,,,,,,,,,,,,czcerakw,,,,,0,Experiment_1_Persistence,https://app.prolific.com/submissions/complete?cc=C1BTHULB,0.0,1.0,128,,0.0,66f39d9f1c6985f1b5a11361,1,1,128,,0.0,D,C,C,D,C,A,B,B,,C,DCCDCABB_C,0.1,1,1.449,1,1,128,,0.0,noisy,random,ground,Fail,black,80,5,5,Fail Box,1,1,128,,0.0,C,C,B,C,B,D,D,C,D,D,CCBCBDDCDD,0.1,STEM Track,,0,0.0,5,1,1,128,,0.0,R,R,R,R,R,R,R,C,C,C,C,RRRRRRRCCCC,1,1,128,,0.0,1,0,0,0,0,0,0,0,0,I wanted to try answering the question to see how well I would perform,Structural design  Construction industry ,It was quite challenging. I couldn't remember some formulas,STEM Track,1,1,,,,,,,,,,,,,,,,,,,,,,,,,,,,,,,,,,,,,,,,,,,,,,,,,,,,,,,,,,,,,,,,,,,,,,,,,,,,,,,,,,,,,,,,,,,,,,,,,,,,,,,,,,,,,,,,,,,,,,,,,,,,,,,,,,,,,,,,,,,,,,,,,,,,,,,,,,,,,,,,,,,,,,,,,,,,,,,,,,,,,,,,,,,,,,,,,,,,,,,,,,,,,,,,,,,,,,,,,,,,,,,,,,,,,,,,,,,,,,,,,,,,,,,,,,,,,,,,,,,,,,,,,,,,,,,,,,,,,,,,,,,,,,,,,,,,,,,,,,,,,,,,,,,,,,,,,,,
129,8jefus4a,,0,18,18,Section_7,EndSurvey,2024-09-25 23:54:03.220796,1,,,0.0,,,,,,,,,,,,,,czcerakw,,,,,0,Experiment_1_Persistence,https://app.prolific.com/submissions/complete?cc=C1BTHULB,0.0,1.0,129,,0.0,66bcd395c48703a08b9c482d@email.prolific.com,1,1,129,,0.0,B,A,A,C,D,A,,B,,,BAACDA_B__,0.1,0,0.0,1,1,129,,0.0,noisy,random,ground,Fail,black,10,2,4,Fail Box,1,1,129,,0.0,D,B,A,C,B,D,A,B,C,D,DBACBDABCD,1.0,Non-STEM Track,,0,0.0,4,1,1,129,,0.0,R,R,R,R,R,R,C,C,C,C,C,RRRRRRCCCCC,1,1,129,,0.0,0,1,0,0,0,0,1,0,0,I'm not great in math.,English Math History ,,Non-STEM Track,1,1,,,,,,,,,,,,,,,,,,,,,,,,,,,,,,,,,,,,,,,,,,,,,,,,,,,,,,,,,,,,,,,,,,,,,,,,,,,,,,,,,,,,,,,,,,,,,,,,,,,,,,,,,,,,,,,,,,,,,,,,,,,,,,,,,,,,,,,,,,,,,,,,,,,,,,,,,,,,,,,,,,,,,,,,,,,,,,,,,,,,,,,,,,,,,,,,,,,,,,,,,,,,,,,,,,,,,,,,,,,,,,,,,,,,,,,,,,,,,,,,,,,,,,,,,,,,,,,,,,,,,,,,,,,,,,,,,,,,,,,,,,,,,,,,,,,,,,,,,,,,,,,,,,,,,,,,,,,
130,4qm6h912,,0,18,18,Section_7,EndSurvey,2024-09-25 23:54:07.912061,1,,,0.0,,,,,,,,,,,,,,czcerakw,,,,,0,Experiment_1_Persistence,https://app.prolific.com/submissions/complete?cc=C1BTHULB,0.0,1.0,130,,0.0,66ba46a40010ec60f6d992a2,1,1,130,,0.0,D,D,C,B,C,A,D,C,A,A,DDCBCADCAA,0.4,0,0.0,1,1,130,,0.0,noisy,random,negative,Fail,red,10,4,5,Fail Box,1,1,130,,0.0,B,B,D,C,D,D,,,,,BBDCDD____,0.2,STEM Track,,0,0.0,5,1,1,130,,0.0,R,R,R,R,R,C,C,C,C,C,C,RRRRRCCCCCC,1,1,130,,0.0,0,0,1,0,0,0,0,0,0,because i knew what to expect because of proir question,math,it was good no,STEM Track,1,1,,,,,,,,,,,,,,,,,,,,,,,,,,,,,,,,,,,,,,,,,,,,,,,,,,,,,,,,,,,,,,,,,,,,,,,,,,,,,,,,,,,,,,,,,,,,,,,,,,,,,,,,,,,,,,,,,,,,,,,,,,,,,,,,,,,,,,,,,,,,,,,,,,,,,,,,,,,,,,,,,,,,,,,,,,,,,,,,,,,,,,,,,,,,,,,,,,,,,,,,,,,,,,,,,,,,,,,,,,,,,,,,,,,,,,,,,,,,,,,,,,,,,,,,,,,,,,,,,,,,,,,,,,,,,,,,,,,,,,,,,,,,,,,,,,,,,,,,,,,,,,,,,,,,,,,,,,,
131,lik8lv0d,,0,18,18,Section_7,EndSurvey,2024-09-25 23:54:11.371363,1,,,0.0,,,,,,,,,,,,,,czcerakw,,,,,0,Experiment_1_Persistence,https://app.prolific.com/submissions/complete?cc=C1BTHULB,0.0,1.0,131,,0.0,559c1e28fdf99b2189ee807d,1,1,131,,0.0,D,D,A,B,D,C,C,C,B,A,DDABDCCCBA,0.2,0,0.0,1,1,131,,0.0,noisy,random,ground,Fail,black,5,1,4,Fail Box,1,1,131,,0.0,D,B,A,C,B,D,A,B,C,D,DBACBDABCD,1.0,Non-STEM Track,,0,0.0,4,1,1,131,,0.0,R,R,C,C,C,C,C,C,C,C,C,RRCCCCCCCCC,1,1,131,,0.0,0,0,1,0,0,0,0,0,0,I wasn't sure if I could answer 4 questions after the math park,English and psychology,If was good,Non-STEM Track,1,1,,,,,,,,,,,,,,,,,,,,,,,,,,,,,,,,,,,,,,,,,,,,,,,,,,,,,,,,,,,,,,,,,,,,,,,,,,,,,,,,,,,,,,,,,,,,,,,,,,,,,,,,,,,,,,,,,,,,,,,,,,,,,,,,,,,,,,,,,,,,,,,,,,,,,,,,,,,,,,,,,,,,,,,,,,,,,,,,,,,,,,,,,,,,,,,,,,,,,,,,,,,,,,,,,,,,,,,,,,,,,,,,,,,,,,,,,,,,,,,,,,,,,,,,,,,,,,,,,,,,,,,,,,,,,,,,,,,,,,,,,,,,,,,,,,,,,,,,,,,,,,,,,,,,,,,,,,,
132,rwcyg06c,,0,18,18,Section_7,EndSurvey,2024-09-25 23:54:12.967801,1,,,0.0,,,,,,,,,,,,,,czcerakw,,,,,0,Experiment_1_Persistence,https://app.prolific.com/submissions/complete?cc=C1BTHULB,0.0,1.0,132,,0.0,5f712c16875f0375275c57d5,1,1,132,,0.0,D,A,B,B,B,B,D,B,C,B,DABBBBDBCB,0.7,0,0.0,1,1,132,,0.0,noisy,random,ground,Pass,red,75,7,7,Pass Box,1,1,132,,0.0,B,B,C,,A,D,C,C,C,C,BBC_ADCCCC,0.6,STEM Track,,0,0.0,7,1,1,132,,0.0,R,R,R,R,R,C,C,C,C,C,C,RRRRRCCCCCC,1,1,132,,0.0,0,0,1,0,0,0,0,0,0,"I thought I did well on the first portion, so if the questions were similar I thought I could do similarly well.",History and arts,It was very straight forward.,STEM Track,1,1,,,,,,,,,,,,,,,,,,,,,,,,,,,,,,,,,,,,,,,,,,,,,,,,,,,,,,,,,,,,,,,,,,,,,,,,,,,,,,,,,,,,,,,,,,,,,,,,,,,,,,,,,,,,,,,,,,,,,,,,,,,,,,,,,,,,,,,,,,,,,,,,,,,,,,,,,,,,,,,,,,,,,,,,,,,,,,,,,,,,,,,,,,,,,,,,,,,,,,,,,,,,,,,,,,,,,,,,,,,,,,,,,,,,,,,,,,,,,,,,,,,,,,,,,,,,,,,,,,,,,,,,,,,,,,,,,,,,,,,,,,,,,,,,,,,,,,,,,,,,,,,,,,,,,,,,,,,
133,qol2zg2s,,0,5,18,Section_2_3,Section_2,2024-09-25 23:54:23.872356,1,,,0.0,,,,,,,,,,,,,,czcerakw,,,,,0,Experiment_1_Persistence,https://app.prolific.com/submissions/complete?cc=C1BTHULB,0.0,1.0,133,,0.0,664559f345d874ce5722bade,1,1,133,,0.0,,,,,,,,,,,__________,0.0,0,0.0,1,1,133,,0.0,,,,,,,,,,1,1,133,,0.0,,,,,,,,,,,,,,,,,,1,1,133,,0.0,,,,,,,,,,,,,1,1,133,,0.0,0,0,0,0,0,0,0,0,0,,,,,1,1,,,,,,,,,,,,,,,,,,,,,,,,,,,,,,,,,,,,,,,,,,,,,,,,,,,,,,,,,,,,,,,,,,,,,,,,,,,,,,,,,,,,,,,,,,,,,,,,,,,,,,,,,,,,,,,,,,,,,,,,,,,,,,,,,,,,,,,,,,,,,,,,,,,,,,,,,,,,,,,,,,,,,,,,,,,,,,,,,,,,,,,,,,,,,,,,,,,,,,,,,,,,,,,,,,,,,,,,,,,,,,,,,,,,,,,,,,,,,,,,,,,,,,,,,,,,,,,,,,,,,,,,,,,,,,,,,,,,,,,,,,,,,,,,,,,,,,,,,,,,,,,,,,,,,,,,,,,
134,9no6cso6,,0,18,18,Section_7,EndSurvey,2024-09-25 23:54:30.956863,1,,,0.0,,,,,,,,,,,,,,czcerakw,,,,,0,Experiment_1_Persistence,https://app.prolific.com/submissions/complete?cc=C1BTHULB,0.0,1.0,134,,0.0,669a67a9378a5b8bcb87071a,1,1,134,,0.0,D,B,B,D,,,A,C,B,,DBBD__ACB_,0.1,0,0.0,1,1,134,,0.0,noisy,random,positive,Pass,red,35,0,0,Fail Box,1,1,134,,0.0,A,D,A,C,B,D,A,B,C,D,ADACBDABCD,0.8,Non-STEM Track,,0,0.0,0,1,1,134,,0.0,R,R,C,C,C,C,C,C,C,C,C,RRCCCCCCCCC,1,1,134,,0.0,0,0,1,0,0,0,0,0,0,I suck at basic math let alone anything else.,All basics were taken.,It was fine. Just felt dumb for a second.,Non-STEM Track,1,1,,,,,,,,,,,,,,,,,,,,,,,,,,,,,,,,,,,,,,,,,,,,,,,,,,,,,,,,,,,,,,,,,,,,,,,,,,,,,,,,,,,,,,,,,,,,,,,,,,,,,,,,,,,,,,,,,,,,,,,,,,,,,,,,,,,,,,,,,,,,,,,,,,,,,,,,,,,,,,,,,,,,,,,,,,,,,,,,,,,,,,,,,,,,,,,,,,,,,,,,,,,,,,,,,,,,,,,,,,,,,,,,,,,,,,,,,,,,,,,,,,,,,,,,,,,,,,,,,,,,,,,,,,,,,,,,,,,,,,,,,,,,,,,,,,,,,,,,,,,,,,,,,,,,,,,,,,,
135,4tvjb938,,0,18,18,Section_7,EndSurvey,2024-09-25 23:54:31.863167,1,,,0.0,,,,,,,,,,,,,,czcerakw,,,,,0,Experiment_1_Persistence,https://app.prolific.com/submissions/complete?cc=C1BTHULB,0.0,1.0,135,,0.0,66202163d9e5dba57c5e831d,1,1,135,,0.0,D,D,B,C,B,D,A,B,B,C,DDBCBDABBC,0.1,0,0.0,1,1,135,,0.0,noisy,random,negative,Fail,red,25,2,5,Pass Box,1,1,135,,0.0,A,B,A,C,B,D,A,B,C,D,ABACBDABCD,0.9,Non-STEM Track,,0,0.0,5,1,1,135,,0.0,R,R,R,R,R,C,C,C,C,C,C,RRRRRCCCCCC,1,1,135,,0.0,0,0,1,0,1,0,0,0,0,felt it would be easier and have a better chance at getting some of a bonus ,"Math, history, art, and science. ",it went good i think,Non-STEM Track,1,1,,,,,,,,,,,,,,,,,,,,,,,,,,,,,,,,,,,,,,,,,,,,,,,,,,,,,,,,,,,,,,,,,,,,,,,,,,,,,,,,,,,,,,,,,,,,,,,,,,,,,,,,,,,,,,,,,,,,,,,,,,,,,,,,,,,,,,,,,,,,,,,,,,,,,,,,,,,,,,,,,,,,,,,,,,,,,,,,,,,,,,,,,,,,,,,,,,,,,,,,,,,,,,,,,,,,,,,,,,,,,,,,,,,,,,,,,,,,,,,,,,,,,,,,,,,,,,,,,,,,,,,,,,,,,,,,,,,,,,,,,,,,,,,,,,,,,,,,,,,,,,,,,,,,,,,,,,,
136,0zb3e2vs,,0,4,18,Section_1,Conclusion,2024-09-25 23:54:37.595904,1,,,0.0,,,,,,,,,,,,,,czcerakw,,,,,0,Experiment_1_Persistence,https://app.prolific.com/submissions/complete?cc=C1BTHULB,0.0,1.0,136,,0.0,668e86635616d0eb6379fe52,1,1,136,,0.0,,,,,,,,,,,__________,0.0,0,0.0,1,1,136,,0.0,,,,,,,,,,1,1,136,,0.0,,,,,,,,,,,,,,,,,,1,1,136,,0.0,,,,,,,,,,,,,1,1,136,,0.0,0,0,0,0,0,0,0,0,0,,,,,1,1,,,,,,,,,,,,,,,,,,,,,,,,,,,,,,,,,,,,,,,,,,,,,,,,,,,,,,,,,,,,,,,,,,,,,,,,,,,,,,,,,,,,,,,,,,,,,,,,,,,,,,,,,,,,,,,,,,,,,,,,,,,,,,,,,,,,,,,,,,,,,,,,,,,,,,,,,,,,,,,,,,,,,,,,,,,,,,,,,,,,,,,,,,,,,,,,,,,,,,,,,,,,,,,,,,,,,,,,,,,,,,,,,,,,,,,,,,,,,,,,,,,,,,,,,,,,,,,,,,,,,,,,,,,,,,,,,,,,,,,,,,,,,,,,,,,,,,,,,,,,,,,,,,,,,,,,,,,
137,au0qr9zo,,0,18,18,Section_7,EndSurvey,2024-09-25 23:54:37.374392,1,,,0.0,,,,,,,,,,,,,,czcerakw,,,,,0,Experiment_1_Persistence,https://app.prolific.com/submissions/complete?cc=C1BTHULB,0.0,1.0,137,,0.0,5ea9a252ef7ece0cd4993841,1,1,137,,0.0,B,C,A,A,B,,,,,,BCAAB_____,0.1,0,0.0,1,1,137,,0.0,noisy,random,negative,Fail,black,50,5,5,Fail Box,1,1,137,,0.0,B,B,D,C,A,D,D,A,C,C,BBDCADDACC,0.5,STEM Track,,0,0.0,5,1,1,137,,0.0,R,R,C,C,C,C,C,C,C,C,C,RRCCCCCCCCC,1,1,137,,0.0,0,1,1,0,0,0,0,0,0,"I love science and math; I would have gone for the other track, but I wanted to try to get more with the reward. I've got a Masters of English, so I actually prefer that over STEM.","English, Biology, Psychology, Nursing, and Anthropology",No,STEM Track,1,1,,,,,,,,,,,,,,,,,,,,,,,,,,,,,,,,,,,,,,,,,,,,,,,,,,,,,,,,,,,,,,,,,,,,,,,,,,,,,,,,,,,,,,,,,,,,,,,,,,,,,,,,,,,,,,,,,,,,,,,,,,,,,,,,,,,,,,,,,,,,,,,,,,,,,,,,,,,,,,,,,,,,,,,,,,,,,,,,,,,,,,,,,,,,,,,,,,,,,,,,,,,,,,,,,,,,,,,,,,,,,,,,,,,,,,,,,,,,,,,,,,,,,,,,,,,,,,,,,,,,,,,,,,,,,,,,,,,,,,,,,,,,,,,,,,,,,,,,,,,,,,,,,,,,,,,,,,,
138,9ha44xkl,,0,18,18,Section_7,EndSurvey,2024-09-25 23:54:51.298039,1,,,0.0,,,,,,,,,,,,,,czcerakw,,,,,0,Experiment_1_Persistence,https://app.prolific.com/submissions/complete?cc=C1BTHULB,0.0,1.0,138,,0.0,6595867278f0d1e8b2378cc6,1,1,138,,0.0,D,A,D,D,B,C,D,C,B,B,DADDBCDCBB,0.5,0,0.0,1,1,138,,0.0,noisy,random,ground,Pass,red,70,5,5,Pass Box,1,1,138,,0.0,D,B,A,C,B,D,A,B,C,D,DBACBDABCD,1.0,Non-STEM Track,,1,2.154,5,1,1,138,,0.0,R,R,R,R,R,C,C,C,C,C,C,RRRRRCCCCCC,1,1,138,,0.0,0,0,1,0,0,0,0,0,0,I thought it would be easier for me,Education,No,Non-STEM Track,1,1,,,,,,,,,,,,,,,,,,,,,,,,,,,,,,,,,,,,,,,,,,,,,,,,,,,,,,,,,,,,,,,,,,,,,,,,,,,,,,,,,,,,,,,,,,,,,,,,,,,,,,,,,,,,,,,,,,,,,,,,,,,,,,,,,,,,,,,,,,,,,,,,,,,,,,,,,,,,,,,,,,,,,,,,,,,,,,,,,,,,,,,,,,,,,,,,,,,,,,,,,,,,,,,,,,,,,,,,,,,,,,,,,,,,,,,,,,,,,,,,,,,,,,,,,,,,,,,,,,,,,,,,,,,,,,,,,,,,,,,,,,,,,,,,,,,,,,,,,,,,,,,,,,,,,,,,,,,
139,n7y289ki,,0,18,18,Section_7,EndSurvey,2024-09-25 23:54:57.452509,1,,,0.0,,,,,,,,,,,,,,czcerakw,,,,,0,Experiment_1_Persistence,https://app.prolific.com/submissions/complete?cc=C1BTHULB,0.0,1.0,139,,0.0,6109ab5dba8ad610b799450a,1,1,139,,0.0,B,A,B,C,C,B,B,B,B,D,BABCCBBBBD,0.2,0,0.0,1,1,139,,0.0,noisy,random,positive,Pass,black,0,2,2,Pass Box,1,1,139,,0.0,D,B,A,C,B,D,A,B,C,D,DBACBDABCD,1.0,Non-STEM Track,,0,0.0,2,1,1,139,,0.0,R,R,R,R,R,C,C,C,C,C,C,RRRRRCCCCCC,1,1,139,,0.0,0,1,1,0,0,0,0,0,0,I am not good at math.,English and Business,It was fun but the math was very difficult.,Non-STEM Track,1,1,,,,,,,,,,,,,,,,,,,,,,,,,,,,,,,,,,,,,,,,,,,,,,,,,,,,,,,,,,,,,,,,,,,,,,,,,,,,,,,,,,,,,,,,,,,,,,,,,,,,,,,,,,,,,,,,,,,,,,,,,,,,,,,,,,,,,,,,,,,,,,,,,,,,,,,,,,,,,,,,,,,,,,,,,,,,,,,,,,,,,,,,,,,,,,,,,,,,,,,,,,,,,,,,,,,,,,,,,,,,,,,,,,,,,,,,,,,,,,,,,,,,,,,,,,,,,,,,,,,,,,,,,,,,,,,,,,,,,,,,,,,,,,,,,,,,,,,,,,,,,,,,,,,,,,,,,,,
140,eabxqrv7,,0,18,18,Section_7,EndSurvey,2024-09-25 23:55:02.127052,1,,,0.0,,,,,,,,,,,,,,czcerakw,,,,,0,Experiment_1_Persistence,https://app.prolific.com/submissions/complete?cc=C1BTHULB,0.0,1.0,140,,0.0,65c10cd68294498f2342fcd0,1,1,140,,0.0,C,A,C,A,C,C,D,B,A,B,CACACCDBAB,0.4,0,0.0,1,1,140,,0.0,noisy,random,ground,Pass,red,30,2,2,Pass Box,1,1,140,,0.0,D,B,A,C,B,D,A,B,C,D,DBACBDABCD,1.0,Non-STEM Track,,0,0.0,2,1,1,140,,0.0,R,R,R,R,R,C,C,C,C,C,C,RRRRRCCCCCC,1,1,140,,0.0,0,0,1,0,0,0,0,0,0,"Because I figured the other option would be literature related, which I'm better at.",Surprisingly finance,No. I'm curious to know how many I got right!,Non-STEM Track,1,1,,,,,,,,,,,,,,,,,,,,,,,,,,,,,,,,,,,,,,,,,,,,,,,,,,,,,,,,,,,,,,,,,,,,,,,,,,,,,,,,,,,,,,,,,,,,,,,,,,,,,,,,,,,,,,,,,,,,,,,,,,,,,,,,,,,,,,,,,,,,,,,,,,,,,,,,,,,,,,,,,,,,,,,,,,,,,,,,,,,,,,,,,,,,,,,,,,,,,,,,,,,,,,,,,,,,,,,,,,,,,,,,,,,,,,,,,,,,,,,,,,,,,,,,,,,,,,,,,,,,,,,,,,,,,,,,,,,,,,,,,,,,,,,,,,,,,,,,,,,,,,,,,,,,,,,,,,,
141,fyaxoybd,,0,18,18,Section_7,EndSurvey,2024-09-25 23:55:06.913787,1,,,0.0,,,,,,,,,,,,,,czcerakw,,,,,0,Experiment_1_Persistence,https://app.prolific.com/submissions/complete?cc=C1BTHULB,0.0,1.0,141,,0.0,65fca331fa0a2eaf667d9318,1,1,141,,0.0,C,B,A,C,D,B,B,C,C,A,CBACDBBCCA,0.3,0,0.0,1,1,141,,0.0,noisy,random,positive,Fail,red,40,5,5,Fail Box,1,1,141,,0.0,C,A,B,D,B,C,A,D,C,A,CABDBCADCA,0.1,STEM Track,,0,0.0,5,1,1,141,,0.0,R,C,C,C,C,C,C,C,C,C,C,RCCCCCCCCCC,1,1,141,,0.0,0,0,1,0,0,0,0,0,0,extra chances,multiple,it was good,STEM Track,1,1,,,,,,,,,,,,,,,,,,,,,,,,,,,,,,,,,,,,,,,,,,,,,,,,,,,,,,,,,,,,,,,,,,,,,,,,,,,,,,,,,,,,,,,,,,,,,,,,,,,,,,,,,,,,,,,,,,,,,,,,,,,,,,,,,,,,,,,,,,,,,,,,,,,,,,,,,,,,,,,,,,,,,,,,,,,,,,,,,,,,,,,,,,,,,,,,,,,,,,,,,,,,,,,,,,,,,,,,,,,,,,,,,,,,,,,,,,,,,,,,,,,,,,,,,,,,,,,,,,,,,,,,,,,,,,,,,,,,,,,,,,,,,,,,,,,,,,,,,,,,,,,,,,,,,,,,,,,
142,jkwrxfgz,,0,18,18,Section_7,EndSurvey,2024-09-25 23:55:12.417750,1,,,0.0,,,,,,,,,,,,,,czcerakw,,,,,0,Experiment_1_Persistence,https://app.prolific.com/submissions/complete?cc=C1BTHULB,0.0,1.0,142,,0.0,669b42fff7aac3285db7db2f@email.prolific.com,1,1,142,,0.0,C,D,C,B,B,C,B,C,A,C,CDCBBCBCAC,0.4,0,0.0,1,1,142,,0.0,noisy,random,ground,Pass,red,40,5,3,Pass Box,1,1,142,,0.0,D,B,A,C,B,D,A,B,C,D,DBACBDABCD,1.0,Non-STEM Track,,0,0.0,3,1,1,142,,0.0,R,R,R,R,C,C,C,C,C,C,C,RRRRCCCCCCC,1,1,142,,0.0,0,1,0,0,0,0,0,0,0,Didn't want to do any more math,Mechanical engineering ,Fun ,Non-STEM Track,1,1,,,,,,,,,,,,,,,,,,,,,,,,,,,,,,,,,,,,,,,,,,,,,,,,,,,,,,,,,,,,,,,,,,,,,,,,,,,,,,,,,,,,,,,,,,,,,,,,,,,,,,,,,,,,,,,,,,,,,,,,,,,,,,,,,,,,,,,,,,,,,,,,,,,,,,,,,,,,,,,,,,,,,,,,,,,,,,,,,,,,,,,,,,,,,,,,,,,,,,,,,,,,,,,,,,,,,,,,,,,,,,,,,,,,,,,,,,,,,,,,,,,,,,,,,,,,,,,,,,,,,,,,,,,,,,,,,,,,,,,,,,,,,,,,,,,,,,,,,,,,,,,,,,,,,,,,,,,
143,y5l4ed6r,,0,18,18,Section_7,EndSurvey,2024-09-25 23:55:52.101227,1,,,0.0,,,,,,,,,,,,,,czcerakw,,,,,0,Experiment_1_Persistence,https://app.prolific.com/submissions/complete?cc=C1BTHULB,0.0,1.0,143,,0.0,6695c426cd9399b87624659b,1,1,143,,0.0,D,C,B,B,A,C,A,A,D,B,DCBBACAADB,0.2,0,0.0,1,1,143,,0.0,noisy,random,positive,Fail,red,50,0,5,Not Sure,1,1,143,,0.0,B,A,C,B,B,C,C,D,A,C,BACBBCCDAC,0.5,STEM Track,,0,0.0,5,1,1,143,,0.0,R,C,C,C,C,C,C,C,C,C,C,RCCCCCCCCCC,1,1,143,,0.0,0,0,1,0,0,0,0,0,0,I do love math but very rusty as my current occupation does not require math,"Music, Video Game Journslism and Gsme Design","A key would have been helpful. Every math problem has a formula that tells how to solve it. Just for sake of helping, a key would have been great!",STEM Track,1,1,,,,,,,,,,,,,,,,,,,,,,,,,,,,,,,,,,,,,,,,,,,,,,,,,,,,,,,,,,,,,,,,,,,,,,,,,,,,,,,,,,,,,,,,,,,,,,,,,,,,,,,,,,,,,,,,,,,,,,,,,,,,,,,,,,,,,,,,,,,,,,,,,,,,,,,,,,,,,,,,,,,,,,,,,,,,,,,,,,,,,,,,,,,,,,,,,,,,,,,,,,,,,,,,,,,,,,,,,,,,,,,,,,,,,,,,,,,,,,,,,,,,,,,,,,,,,,,,,,,,,,,,,,,,,,,,,,,,,,,,,,,,,,,,,,,,,,,,,,,,,,,,,,,,,,,,,,,
144,tdplbfs3,,0,18,18,Section_7,EndSurvey,2024-09-25 23:55:56.552086,1,,,0.0,,,,,,,,,,,,,,czcerakw,,,,,0,Experiment_1_Persistence,https://app.prolific.com/submissions/complete?cc=C1BTHULB,0.0,1.0,144,,0.0,5ee5b8930f2771312c3b822f,1,1,144,,0.0,C,B,A,D,A,B,A,C,A,C,CBADABACAC,0.2,0,0.0,1,1,144,,0.0,noisy,random,negative,Fail,black,20,2,3,Fail Box,1,1,144,,0.0,D,B,A,C,B,D,A,B,C,A,DBACBDABCA,0.9,Non-STEM Track,,0,0.0,3,1,1,144,,0.0,R,R,R,R,C,C,C,C,C,C,C,RRRRCCCCCCC,1,1,144,,0.0,0,0,1,0,0,0,0,0,0,I am just not good at math.,Studied Political Science. I am now an analyst for an MLB team.,No feedback. Solid survey.,Non-STEM Track,1,1,,,,,,,,,,,,,,,,,,,,,,,,,,,,,,,,,,,,,,,,,,,,,,,,,,,,,,,,,,,,,,,,,,,,,,,,,,,,,,,,,,,,,,,,,,,,,,,,,,,,,,,,,,,,,,,,,,,,,,,,,,,,,,,,,,,,,,,,,,,,,,,,,,,,,,,,,,,,,,,,,,,,,,,,,,,,,,,,,,,,,,,,,,,,,,,,,,,,,,,,,,,,,,,,,,,,,,,,,,,,,,,,,,,,,,,,,,,,,,,,,,,,,,,,,,,,,,,,,,,,,,,,,,,,,,,,,,,,,,,,,,,,,,,,,,,,,,,,,,,,,,,,,,,,,,,,,,,
145,xdzun9tk,,0,18,18,Section_7,EndSurvey,2024-09-25 23:56:03.176680,1,,,0.0,,,,,,,,,,,,,,czcerakw,,,,,0,Experiment_1_Persistence,https://app.prolific.com/submissions/complete?cc=C1BTHULB,0.0,1.0,145,,0.0,5e74ff093115e00576f0187c,1,1,145,,0.0,D,A,B,B,C,C,A,C,A,C,DABBCCACAC,0.3,0,0.0,1,1,145,,0.0,noisy,random,ground,Pass,red,33,3,3,Pass Box,1,1,145,,0.0,D,B,A,C,B,D,A,B,C,D,DBACBDABCD,1.0,Non-STEM Track,,0,0.0,3,1,1,145,,0.0,R,R,R,C,C,C,C,C,C,C,C,RRRCCCCCCCC,1,1,145,,0.0,1,0,0,0,0,0,0,0,0,I was a humanities major for a reason. ,"Humanities, psychology, anthropology, political science",I was not expecting the math quiz and do not expect I did well on it,Non-STEM Track,1,1,,,,,,,,,,,,,,,,,,,,,,,,,,,,,,,,,,,,,,,,,,,,,,,,,,,,,,,,,,,,,,,,,,,,,,,,,,,,,,,,,,,,,,,,,,,,,,,,,,,,,,,,,,,,,,,,,,,,,,,,,,,,,,,,,,,,,,,,,,,,,,,,,,,,,,,,,,,,,,,,,,,,,,,,,,,,,,,,,,,,,,,,,,,,,,,,,,,,,,,,,,,,,,,,,,,,,,,,,,,,,,,,,,,,,,,,,,,,,,,,,,,,,,,,,,,,,,,,,,,,,,,,,,,,,,,,,,,,,,,,,,,,,,,,,,,,,,,,,,,,,,,,,,,,,,,,,,,
146,kdhym2xy,,0,4,18,Section_1,Conclusion,2024-09-25 23:56:09.883083,1,,,0.0,,,,,,,,,,,,,,czcerakw,,,,,0,Experiment_1_Persistence,https://app.prolific.com/submissions/complete?cc=C1BTHULB,0.0,1.0,146,,0.0,66dde202bfb2f8923d85fcee,1,1,146,,0.0,,,,,,,,,,,__________,0.0,0,0.0,1,1,146,,0.0,,,,,,,,,,1,1,146,,0.0,,,,,,,,,,,,,,,,,,1,1,146,,0.0,,,,,,,,,,,,,1,1,146,,0.0,0,0,0,0,0,0,0,0,0,,,,,1,1,,,,,,,,,,,,,,,,,,,,,,,,,,,,,,,,,,,,,,,,,,,,,,,,,,,,,,,,,,,,,,,,,,,,,,,,,,,,,,,,,,,,,,,,,,,,,,,,,,,,,,,,,,,,,,,,,,,,,,,,,,,,,,,,,,,,,,,,,,,,,,,,,,,,,,,,,,,,,,,,,,,,,,,,,,,,,,,,,,,,,,,,,,,,,,,,,,,,,,,,,,,,,,,,,,,,,,,,,,,,,,,,,,,,,,,,,,,,,,,,,,,,,,,,,,,,,,,,,,,,,,,,,,,,,,,,,,,,,,,,,,,,,,,,,,,,,,,,,,,,,,,,,,,,,,,,,,,
147,w90it2cc,,0,4,18,Section_1,Conclusion,2024-09-25 23:56:12.800376,1,,,0.0,,,,,,,,,,,,,,czcerakw,,,,,0,Experiment_1_Persistence,https://app.prolific.com/submissions/complete?cc=C1BTHULB,0.0,1.0,147,,0.0,66635646a7a1d8a178001236,1,1,147,,0.0,,,,,,,,,,,__________,0.0,0,0.0,1,1,147,,0.0,,,,,,,,,,1,1,147,,0.0,,,,,,,,,,,,,,,,,,1,1,147,,0.0,,,,,,,,,,,,,1,1,147,,0.0,0,0,0,0,0,0,0,0,0,,,,,1,1,,,,,,,,,,,,,,,,,,,,,,,,,,,,,,,,,,,,,,,,,,,,,,,,,,,,,,,,,,,,,,,,,,,,,,,,,,,,,,,,,,,,,,,,,,,,,,,,,,,,,,,,,,,,,,,,,,,,,,,,,,,,,,,,,,,,,,,,,,,,,,,,,,,,,,,,,,,,,,,,,,,,,,,,,,,,,,,,,,,,,,,,,,,,,,,,,,,,,,,,,,,,,,,,,,,,,,,,,,,,,,,,,,,,,,,,,,,,,,,,,,,,,,,,,,,,,,,,,,,,,,,,,,,,,,,,,,,,,,,,,,,,,,,,,,,,,,,,,,,,,,,,,,,,,,,,,,,
148,cx2u8p5w,,0,18,18,Section_7,EndSurvey,2024-09-25 23:56:14.395874,1,,,0.0,,,,,,,,,,,,,,czcerakw,,,,,0,Experiment_1_Persistence,https://app.prolific.com/submissions/complete?cc=C1BTHULB,0.0,1.0,148,,0.0,66561f43036fa71956d44743,1,1,148,,0.0,D,B,B,D,A,C,A,A,C,A,DBBDACAACA,0.1,0,0.0,1,1,148,,0.0,noisy,random,negative,Fail,black,55,3,2,Fail Box,1,1,148,,0.0,D,B,A,C,B,C,D,B,A,A,DBACBCDBAA,0.0,STEM Track,,0,0.0,2,1,1,148,,0.0,R,R,R,C,C,C,C,C,C,C,C,RRRCCCCCCCC,1,1,148,,0.0,0,0,1,0,0,0,0,0,0,just to see if i could do it,just the basics for usa schools,it was way harder then i was thinking but i like a challenge. but i would like time to get familiar with before,STEM Track,1,1,,,,,,,,,,,,,,,,,,,,,,,,,,,,,,,,,,,,,,,,,,,,,,,,,,,,,,,,,,,,,,,,,,,,,,,,,,,,,,,,,,,,,,,,,,,,,,,,,,,,,,,,,,,,,,,,,,,,,,,,,,,,,,,,,,,,,,,,,,,,,,,,,,,,,,,,,,,,,,,,,,,,,,,,,,,,,,,,,,,,,,,,,,,,,,,,,,,,,,,,,,,,,,,,,,,,,,,,,,,,,,,,,,,,,,,,,,,,,,,,,,,,,,,,,,,,,,,,,,,,,,,,,,,,,,,,,,,,,,,,,,,,,,,,,,,,,,,,,,,,,,,,,,,,,,,,,,,
149,4qilpehc,,0,18,18,Section_7,EndSurvey,2024-09-25 23:56:17.376612,1,,,0.0,,,,,,,,,,,,,,czcerakw,,,,,0,Experiment_1_Persistence,https://app.prolific.com/submissions/complete?cc=C1BTHULB,0.0,1.0,149,,0.0,610e063896c52970e2c24bb5,1,1,149,,0.0,C,B,D,C,B,C,B,C,B,C,CBDCBCBCBC,0.2,0,0.0,1,1,149,,0.0,noisy,random,negative,Fail,black,12,3,4,Fail Box,1,1,149,,0.0,D,B,A,C,B,D,A,B,C,D,DBACBDABCD,1.0,Non-STEM Track,,0,0.0,4,1,1,149,,0.0,R,R,R,R,R,R,R,R,C,C,C,RRRRRRRRCCC,1,1,149,,0.0,0,0,0,1,1,0,0,0,0,I felt my non-STEM skills would be better then my STEM skills,"Math, English, science, history","Great, none!",Non-STEM Track,1,1,,,,,,,,,,,,,,,,,,,,,,,,,,,,,,,,,,,,,,,,,,,,,,,,,,,,,,,,,,,,,,,,,,,,,,,,,,,,,,,,,,,,,,,,,,,,,,,,,,,,,,,,,,,,,,,,,,,,,,,,,,,,,,,,,,,,,,,,,,,,,,,,,,,,,,,,,,,,,,,,,,,,,,,,,,,,,,,,,,,,,,,,,,,,,,,,,,,,,,,,,,,,,,,,,,,,,,,,,,,,,,,,,,,,,,,,,,,,,,,,,,,,,,,,,,,,,,,,,,,,,,,,,,,,,,,,,,,,,,,,,,,,,,,,,,,,,,,,,,,,,,,,,,,,,,,,,,,
150,ey5j6lsm,,0,18,18,Section_7,EndSurvey,2024-09-25 23:56:26.318068,1,,,0.0,,,,,,,,,,,,,,czcerakw,,,,,0,Experiment_1_Persistence,https://app.prolific.com/submissions/complete?cc=C1BTHULB,0.0,1.0,150,,0.0,5f741b74992460061db87287,1,1,150,,0.0,C,A,D,C,B,C,B,A,D,A,CADCBCBADA,0.2,0,0.0,1,1,150,,0.0,noisy,random,negative,Fail,red,20,2,8,Fail Box,1,1,150,,0.0,D,B,A,C,B,D,A,B,C,D,DBACBDABCD,1.0,Non-STEM Track,,0,0.0,8,1,1,150,,0.0,R,R,R,R,C,C,C,C,C,C,C,RRRRCCCCCCC,1,1,150,,0.0,0,0,1,0,0,0,0,0,0,I don't do well with math.,"I enjoyed social studies, I worked in tech support.","Fine, but very jarring.",Non-STEM Track,1,1,,,,,,,,,,,,,,,,,,,,,,,,,,,,,,,,,,,,,,,,,,,,,,,,,,,,,,,,,,,,,,,,,,,,,,,,,,,,,,,,,,,,,,,,,,,,,,,,,,,,,,,,,,,,,,,,,,,,,,,,,,,,,,,,,,,,,,,,,,,,,,,,,,,,,,,,,,,,,,,,,,,,,,,,,,,,,,,,,,,,,,,,,,,,,,,,,,,,,,,,,,,,,,,,,,,,,,,,,,,,,,,,,,,,,,,,,,,,,,,,,,,,,,,,,,,,,,,,,,,,,,,,,,,,,,,,,,,,,,,,,,,,,,,,,,,,,,,,,,,,,,,,,,,,,,,,,,,
151,o7c7kpsh,,0,18,18,Section_7,EndSurvey,2024-09-25 23:56:30.378242,1,,,0.0,,,,,,,,,,,,,,czcerakw,,,,,0,Experiment_1_Persistence,https://app.prolific.com/submissions/complete?cc=C1BTHULB,0.0,1.0,151,,0.0,66d8a8a4486ac018f50f9091,1,1,151,,0.0,D,A,A,A,A,A,A,A,A,A,DAAAAAAAAA,0.1,0,0.0,1,1,151,,0.0,noisy,random,negative,Pass,red,50,2,1,Pass Box,1,1,151,,0.0,A,A,A,A,A,C,C,A,A,A,AAAAACCAAA,0.5,STEM Track,,0,0.0,1,1,1,151,,0.0,R,R,R,R,R,C,C,C,C,C,C,RRRRRCCCCCC,1,1,151,,0.0,0,0,0,1,0,0,0,0,0,I thought you would ask science questions,"math, biology, environmental consulting","You would have to be paying me more to try and relearn math i forgot four years ago, i really just can't",STEM Track,1,1,,,,,,,,,,,,,,,,,,,,,,,,,,,,,,,,,,,,,,,,,,,,,,,,,,,,,,,,,,,,,,,,,,,,,,,,,,,,,,,,,,,,,,,,,,,,,,,,,,,,,,,,,,,,,,,,,,,,,,,,,,,,,,,,,,,,,,,,,,,,,,,,,,,,,,,,,,,,,,,,,,,,,,,,,,,,,,,,,,,,,,,,,,,,,,,,,,,,,,,,,,,,,,,,,,,,,,,,,,,,,,,,,,,,,,,,,,,,,,,,,,,,,,,,,,,,,,,,,,,,,,,,,,,,,,,,,,,,,,,,,,,,,,,,,,,,,,,,,,,,,,,,,,,,,,,,,,,
152,c69uzh1t,,0,18,18,Section_7,EndSurvey,2024-09-25 23:56:43.720926,1,,,0.0,,,,,,,,,,,,,,czcerakw,,,,,0,Experiment_1_Persistence,https://app.prolific.com/submissions/complete?cc=C1BTHULB,0.0,1.0,152,,0.0,657dae23f3bac23e1b62a01e,1,1,152,,0.0,D,A,C,B,B,B,D,C,A,D,DACBBBDCAD,0.7,0,0.0,1,1,152,,0.0,noisy,random,negative,Pass,red,39,4,3,Pass Box,1,1,152,,0.0,D,B,A,C,B,D,A,B,C,D,DBACBDABCD,1.0,Non-STEM Track,,0,0.0,3,1,1,152,,0.0,R,R,R,R,C,C,C,C,C,C,C,RRRRCCCCCCC,1,1,152,,0.0,0,1,0,0,0,0,0,0,0,Stem just isn’t my strength,History and literature ,,Non-STEM Track,1,1,,,,,,,,,,,,,,,,,,,,,,,,,,,,,,,,,,,,,,,,,,,,,,,,,,,,,,,,,,,,,,,,,,,,,,,,,,,,,,,,,,,,,,,,,,,,,,,,,,,,,,,,,,,,,,,,,,,,,,,,,,,,,,,,,,,,,,,,,,,,,,,,,,,,,,,,,,,,,,,,,,,,,,,,,,,,,,,,,,,,,,,,,,,,,,,,,,,,,,,,,,,,,,,,,,,,,,,,,,,,,,,,,,,,,,,,,,,,,,,,,,,,,,,,,,,,,,,,,,,,,,,,,,,,,,,,,,,,,,,,,,,,,,,,,,,,,,,,,,,,,,,,,,,,,,,,,,,
153,4vlh67vf,,0,4,18,Section_1,Conclusion,2024-09-25 23:56:44.743904,1,,,0.0,,,,,,,,,,,,,,czcerakw,,,,,0,Experiment_1_Persistence,https://app.prolific.com/submissions/complete?cc=C1BTHULB,0.0,1.0,153,,0.0,5eb983034987d1074b5232ce,1,1,153,,0.0,,,,,,,,,,,__________,0.0,0,0.0,1,1,153,,0.0,,,,,,,,,,1,1,153,,0.0,,,,,,,,,,,,,,,,,,1,1,153,,0.0,,,,,,,,,,,,,1,1,153,,0.0,0,0,0,0,0,0,0,0,0,,,,,1,1,,,,,,,,,,,,,,,,,,,,,,,,,,,,,,,,,,,,,,,,,,,,,,,,,,,,,,,,,,,,,,,,,,,,,,,,,,,,,,,,,,,,,,,,,,,,,,,,,,,,,,,,,,,,,,,,,,,,,,,,,,,,,,,,,,,,,,,,,,,,,,,,,,,,,,,,,,,,,,,,,,,,,,,,,,,,,,,,,,,,,,,,,,,,,,,,,,,,,,,,,,,,,,,,,,,,,,,,,,,,,,,,,,,,,,,,,,,,,,,,,,,,,,,,,,,,,,,,,,,,,,,,,,,,,,,,,,,,,,,,,,,,,,,,,,,,,,,,,,,,,,,,,,,,,,,,,,,
154,vm9rimyr,,0,18,18,Section_7,EndSurvey,2024-09-25 23:56:50.103713,1,,,0.0,,,,,,,,,,,,,,czcerakw,,,,,0,Experiment_1_Persistence,https://app.prolific.com/submissions/complete?cc=C1BTHULB,0.0,1.0,154,,0.0,66e0811a4eaeb1b4168bffd5,1,1,154,,0.0,B,C,A,B,C,B,D,A,B,A,BCABCBDABA,0.3,0,0.0,1,1,154,,0.0,noisy,random,negative,Fail,black,50,3,4,Fail Box,1,1,154,,0.0,D,A,A,C,B,B,A,B,C,D,DAACBBABCD,0.8,Non-STEM Track,,0,0.0,4,1,1,154,,0.0,R,R,R,R,R,C,C,C,C,C,C,RRRRRCCCCCC,1,1,154,,0.0,0,0,1,0,0,0,0,0,0,Not familiar with STEM,Math and Reading,My experience was surprised with my lack of knowledge on the questions ,Non-STEM Track,1,1,,,,,,,,,,,,,,,,,,,,,,,,,,,,,,,,,,,,,,,,,,,,,,,,,,,,,,,,,,,,,,,,,,,,,,,,,,,,,,,,,,,,,,,,,,,,,,,,,,,,,,,,,,,,,,,,,,,,,,,,,,,,,,,,,,,,,,,,,,,,,,,,,,,,,,,,,,,,,,,,,,,,,,,,,,,,,,,,,,,,,,,,,,,,,,,,,,,,,,,,,,,,,,,,,,,,,,,,,,,,,,,,,,,,,,,,,,,,,,,,,,,,,,,,,,,,,,,,,,,,,,,,,,,,,,,,,,,,,,,,,,,,,,,,,,,,,,,,,,,,,,,,,,,,,,,,,,,
155,u3jnidl4,,0,18,18,Section_7,EndSurvey,2024-09-25 23:56:50.735776,1,,,0.0,,,,,,,,,,,,,,czcerakw,,,,,0,Experiment_1_Persistence,https://app.prolific.com/submissions/complete?cc=C1BTHULB,0.0,1.0,155,,0.0,6648a72ac62125647c5b1ef1,1,1,155,,0.0,C,A,A,D,D,D,D,B,A,D,CAADDDDBAD,0.2,1,16.956,1,1,155,,0.0,noisy,random,ground,Pass,red,1,1,1,Pass Box,1,1,155,,0.0,D,B,A,C,B,D,A,B,C,D,DBACBDABCD,1.0,Non-STEM Track,,3,28.091,1,1,1,155,,0.0,R,R,C,C,C,C,C,C,C,C,C,RRCCCCCCCCC,1,1,155,,0.0,0,0,1,0,0,0,1,0,0,I perfer a guaranteed win or loss.,"English, Environmental studies, Geography.   Telecommunication.",No,Non-STEM Track,1,1,,,,,,,,,,,,,,,,,,,,,,,,,,,,,,,,,,,,,,,,,,,,,,,,,,,,,,,,,,,,,,,,,,,,,,,,,,,,,,,,,,,,,,,,,,,,,,,,,,,,,,,,,,,,,,,,,,,,,,,,,,,,,,,,,,,,,,,,,,,,,,,,,,,,,,,,,,,,,,,,,,,,,,,,,,,,,,,,,,,,,,,,,,,,,,,,,,,,,,,,,,,,,,,,,,,,,,,,,,,,,,,,,,,,,,,,,,,,,,,,,,,,,,,,,,,,,,,,,,,,,,,,,,,,,,,,,,,,,,,,,,,,,,,,,,,,,,,,,,,,,,,,,,,,,,,,,,,
156,xegcjata,,0,18,18,Section_7,EndSurvey,2024-09-25 23:56:52.903177,1,,,0.0,,,,,,,,,,,,,,czcerakw,,,,,0,Experiment_1_Persistence,https://app.prolific.com/submissions/complete?cc=C1BTHULB,0.0,1.0,156,,0.0,62b755ac8d4ceeb1a463c05a,1,1,156,,0.0,B,B,B,D,,,,,,,BBBD______,0.0,0,0.0,1,1,156,,0.0,noisy,random,ground,Fail,black,5,1,1,Fail Box,1,1,156,,0.0,D,B,A,C,B,D,A,B,C,C,DBACBDABCC,0.9,Non-STEM Track,,0,0.0,1,1,1,156,,0.0,R,R,R,R,R,R,C,C,C,C,C,RRRRRRCCCCC,1,1,156,,0.0,0,1,0,0,0,0,0,0,0,"Because I thought it would be more of the same, that kind of math I am not so good at. ","Office, Computer skills, customer service","It was fun to see how much I knew, I had trouble with the math but I did better with the other part I believe. ",Non-STEM Track,1,1,,,,,,,,,,,,,,,,,,,,,,,,,,,,,,,,,,,,,,,,,,,,,,,,,,,,,,,,,,,,,,,,,,,,,,,,,,,,,,,,,,,,,,,,,,,,,,,,,,,,,,,,,,,,,,,,,,,,,,,,,,,,,,,,,,,,,,,,,,,,,,,,,,,,,,,,,,,,,,,,,,,,,,,,,,,,,,,,,,,,,,,,,,,,,,,,,,,,,,,,,,,,,,,,,,,,,,,,,,,,,,,,,,,,,,,,,,,,,,,,,,,,,,,,,,,,,,,,,,,,,,,,,,,,,,,,,,,,,,,,,,,,,,,,,,,,,,,,,,,,,,,,,,,,,,,,,,,
157,1blp0g32,,0,18,18,Section_7,EndSurvey,2024-09-25 23:56:59.170192,1,,,0.0,,,,,,,,,,,,,,czcerakw,,,,,0,Experiment_1_Persistence,https://app.prolific.com/submissions/complete?cc=C1BTHULB,0.0,1.0,157,,0.0,566a17d07da0350012b3e876,1,1,157,,0.0,B,C,A,C,C,C,D,C,B,B,BCACCCDCBB,0.3,0,0.0,1,1,157,,0.0,noisy,random,ground,Pass,red,80,2,2,Pass Box,1,1,157,,0.0,C,B,D,B,C,D,C,D,B,A,CBDBCDCDBA,0.3,STEM Track,,0,0.0,2,1,1,157,,0.0,R,R,R,R,C,C,C,C,C,C,C,RRRRCCCCCCC,1,1,157,,0.0,0,0,1,0,0,0,0,0,0,I thought I could get 2 right.,I work mostly with my hands. I was never great at math. ,It was difficult. Thank You.,STEM Track,1,1,,,,,,,,,,,,,,,,,,,,,,,,,,,,,,,,,,,,,,,,,,,,,,,,,,,,,,,,,,,,,,,,,,,,,,,,,,,,,,,,,,,,,,,,,,,,,,,,,,,,,,,,,,,,,,,,,,,,,,,,,,,,,,,,,,,,,,,,,,,,,,,,,,,,,,,,,,,,,,,,,,,,,,,,,,,,,,,,,,,,,,,,,,,,,,,,,,,,,,,,,,,,,,,,,,,,,,,,,,,,,,,,,,,,,,,,,,,,,,,,,,,,,,,,,,,,,,,,,,,,,,,,,,,,,,,,,,,,,,,,,,,,,,,,,,,,,,,,,,,,,,,,,,,,,,,,,,,
158,z1t8akzm,,0,18,18,Section_7,EndSurvey,2024-09-25 23:57:03.513098,1,,,0.0,,,,,,,,,,,,,,czcerakw,,,,,0,Experiment_1_Persistence,https://app.prolific.com/submissions/complete?cc=C1BTHULB,0.0,1.0,158,,0.0,65e4b150feb15ebecb2fe5e8,1,1,158,,0.0,A,C,A,,D,B,A,B,A,A,ACA_DBABAA,0.2,0,0.0,1,1,158,,0.0,noisy,random,negative,Fail,black,25,2,3,Fail Box,1,1,158,,0.0,D,B,A,C,B,D,A,B,C,D,DBACBDABCD,1.0,Non-STEM Track,,0,0.0,3,1,1,158,,0.0,R,R,R,R,R,R,C,C,C,C,C,RRRRRRCCCCC,1,1,158,,0.0,0,0,1,0,0,0,0,0,0,"I was in honors classes for English, and I have published several books. However, I was never good at match or sciences, with the exception of some of the biologies. I thought it would be to my advantage to avoid STEM questions.","Creative writing, wildlife management, psychology",I hate math so much that those questions were giving me flashbacks haha! Good job on making it brutal!,Non-STEM Track,1,1,,,,,,,,,,,,,,,,,,,,,,,,,,,,,,,,,,,,,,,,,,,,,,,,,,,,,,,,,,,,,,,,,,,,,,,,,,,,,,,,,,,,,,,,,,,,,,,,,,,,,,,,,,,,,,,,,,,,,,,,,,,,,,,,,,,,,,,,,,,,,,,,,,,,,,,,,,,,,,,,,,,,,,,,,,,,,,,,,,,,,,,,,,,,,,,,,,,,,,,,,,,,,,,,,,,,,,,,,,,,,,,,,,,,,,,,,,,,,,,,,,,,,,,,,,,,,,,,,,,,,,,,,,,,,,,,,,,,,,,,,,,,,,,,,,,,,,,,,,,,,,,,,,,,,,,,,,,
159,p1es48as,,0,18,18,Section_7,EndSurvey,2024-09-25 23:57:06.592013,1,,,0.0,,,,,,,,,,,,,,czcerakw,,,,,0,Experiment_1_Persistence,https://app.prolific.com/submissions/complete?cc=C1BTHULB,0.0,1.0,159,,0.0,5bdcd88176d6d50001bc3849,1,1,159,,0.0,D,A,B,C,C,B,D,C,B,B,DABCCBDCBB,0.5,0,0.0,1,1,159,,0.0,noisy,random,negative,Pass,red,50,3,4,Fail Box,1,1,159,,0.0,B,A,C,A,A,D,C,A,C,C,BACAADCACC,0.9,STEM Track,,0,0.0,4,1,1,159,,0.0,R,R,R,R,R,C,C,C,C,C,C,RRRRRCCCCCC,1,1,159,,0.0,0,0,1,0,0,0,0,0,0,Pretty sure I could get four correct,engineering,"Good, have not done most of that math in decades",STEM Track,1,1,,,,,,,,,,,,,,,,,,,,,,,,,,,,,,,,,,,,,,,,,,,,,,,,,,,,,,,,,,,,,,,,,,,,,,,,,,,,,,,,,,,,,,,,,,,,,,,,,,,,,,,,,,,,,,,,,,,,,,,,,,,,,,,,,,,,,,,,,,,,,,,,,,,,,,,,,,,,,,,,,,,,,,,,,,,,,,,,,,,,,,,,,,,,,,,,,,,,,,,,,,,,,,,,,,,,,,,,,,,,,,,,,,,,,,,,,,,,,,,,,,,,,,,,,,,,,,,,,,,,,,,,,,,,,,,,,,,,,,,,,,,,,,,,,,,,,,,,,,,,,,,,,,,,,,,,,,,
160,dqq6hiqk,,0,18,18,Section_7,EndSurvey,2024-09-25 23:57:08.084312,1,,,0.0,,,,,,,,,,,,,,czcerakw,,,,,0,Experiment_1_Persistence,https://app.prolific.com/submissions/complete?cc=C1BTHULB,0.0,1.0,160,,0.0,5e0cbb0be297d545c33e1739,1,1,160,,0.0,D,C,B,C,D,A,A,A,B,C,DCBCDAAABC,0.0,0,0.0,1,1,160,,0.0,noisy,random,ground,Fail,black,50,1,3,Fail Box,1,1,160,,0.0,D,B,A,C,B,D,A,B,C,D,DBACBDABCD,1.0,Non-STEM Track,,0,0.0,3,1,1,160,,0.0,R,R,C,C,C,C,C,C,C,C,C,RRCCCCCCCCC,1,1,160,,0.0,0,1,1,0,0,0,0,0,0,Easier,Business,Section 1 sucked,Non-STEM Track,1,1,,,,,,,,,,,,,,,,,,,,,,,,,,,,,,,,,,,,,,,,,,,,,,,,,,,,,,,,,,,,,,,,,,,,,,,,,,,,,,,,,,,,,,,,,,,,,,,,,,,,,,,,,,,,,,,,,,,,,,,,,,,,,,,,,,,,,,,,,,,,,,,,,,,,,,,,,,,,,,,,,,,,,,,,,,,,,,,,,,,,,,,,,,,,,,,,,,,,,,,,,,,,,,,,,,,,,,,,,,,,,,,,,,,,,,,,,,,,,,,,,,,,,,,,,,,,,,,,,,,,,,,,,,,,,,,,,,,,,,,,,,,,,,,,,,,,,,,,,,,,,,,,,,,,,,,,,,,
161,2rk1txbg,,0,18,18,Section_7,EndSurvey,2024-09-25 23:57:08.925100,1,,,0.0,,,,,,,,,,,,,,czcerakw,,,,,0,Experiment_1_Persistence,https://app.prolific.com/submissions/complete?cc=C1BTHULB,0.0,1.0,161,,0.0,66f31b6205f13a616bd3c9bc,1,1,161,,0.0,D,A,A,B,A,C,D,B,C,B,DAABACDBCB,0.5,0,0.0,1,1,161,,0.0,noisy,random,negative,Pass,red,40,3,2,Pass Box,1,1,161,,0.0,D,B,A,C,B,D,A,B,C,D,DBACBDABCD,1.0,Non-STEM Track,,0,0.0,2,1,1,161,,0.0,R,R,R,R,C,C,C,C,C,C,C,RRRRCCCCCCC,1,1,161,,0.0,0,0,1,0,0,0,0,0,0,"I assumed it would be easier to complete, especially after witnessing the first questions that were given to me (which I found difficult).","I am a high school graduate, I would have to say science.","I am indifferent to the process, everything went ok. I do not have feedback.",Non-STEM Track,1,1,,,,,,,,,,,,,,,,,,,,,,,,,,,,,,,,,,,,,,,,,,,,,,,,,,,,,,,,,,,,,,,,,,,,,,,,,,,,,,,,,,,,,,,,,,,,,,,,,,,,,,,,,,,,,,,,,,,,,,,,,,,,,,,,,,,,,,,,,,,,,,,,,,,,,,,,,,,,,,,,,,,,,,,,,,,,,,,,,,,,,,,,,,,,,,,,,,,,,,,,,,,,,,,,,,,,,,,,,,,,,,,,,,,,,,,,,,,,,,,,,,,,,,,,,,,,,,,,,,,,,,,,,,,,,,,,,,,,,,,,,,,,,,,,,,,,,,,,,,,,,,,,,,,,,,,,,,,
162,sl736l44,,0,18,18,Section_7,EndSurvey,2024-09-25 23:57:09.402081,1,,,0.0,,,,,,,,,,,,,,czcerakw,,,,,0,Experiment_1_Persistence,https://app.prolific.com/submissions/complete?cc=C1BTHULB,0.0,1.0,162,,0.0,66f2edccc82cfc39ba5d85c4,1,1,162,,0.0,D,A,D,C,B,B,A,C,B,B,DADCBBACBB,0.5,0,0.0,1,1,162,,0.0,noisy,random,ground,Pass,red,50,5,3,Pass Box,1,1,162,,0.0,B,B,C,A,B,D,C,C,D,D,BBCABDCCDD,0.5,STEM Track,,0,0.0,3,1,1,162,,0.0,R,R,R,R,R,R,R,C,C,C,C,RRRRRRRCCCC,1,1,162,,0.0,0,0,1,0,0,0,0,0,0,It is challenging as I have not practiced STEM related problems in years,Biology,,STEM Track,1,1,,,,,,,,,,,,,,,,,,,,,,,,,,,,,,,,,,,,,,,,,,,,,,,,,,,,,,,,,,,,,,,,,,,,,,,,,,,,,,,,,,,,,,,,,,,,,,,,,,,,,,,,,,,,,,,,,,,,,,,,,,,,,,,,,,,,,,,,,,,,,,,,,,,,,,,,,,,,,,,,,,,,,,,,,,,,,,,,,,,,,,,,,,,,,,,,,,,,,,,,,,,,,,,,,,,,,,,,,,,,,,,,,,,,,,,,,,,,,,,,,,,,,,,,,,,,,,,,,,,,,,,,,,,,,,,,,,,,,,,,,,,,,,,,,,,,,,,,,,,,,,,,,,,,,,,,,,,
163,8cvwvp44,,0,18,18,Section_7,EndSurvey,2024-09-25 23:57:13.876617,1,,,0.0,,,,,,,,,,,,,,czcerakw,,,,,0,Experiment_1_Persistence,https://app.prolific.com/submissions/complete?cc=C1BTHULB,0.0,1.0,163,,0.0,5b0b8252e9270900013ba88f,1,1,163,,0.0,D,A,D,B,B,D,D,B,C,B,DADBBDDBCB,0.6,0,0.0,1,1,163,,0.0,noisy,random,ground,Pass,red,70,6,5,Pass Box,1,1,163,,0.0,D,B,A,C,B,D,A,B,C,D,DBACBDABCD,1.0,Non-STEM Track,,0,0.0,5,1,1,163,,0.0,R,R,R,R,R,C,C,C,C,C,C,RRRRRCCCCCC,1,1,163,,0.0,0,0,1,0,0,0,0,0,1,I had trouble recalling some math methods and decided to play it safe.,Computer engineering  Worked as a software developer,The instructions were clear and the process flowed smoothly.,Non-STEM Track,1,1,,,,,,,,,,,,,,,,,,,,,,,,,,,,,,,,,,,,,,,,,,,,,,,,,,,,,,,,,,,,,,,,,,,,,,,,,,,,,,,,,,,,,,,,,,,,,,,,,,,,,,,,,,,,,,,,,,,,,,,,,,,,,,,,,,,,,,,,,,,,,,,,,,,,,,,,,,,,,,,,,,,,,,,,,,,,,,,,,,,,,,,,,,,,,,,,,,,,,,,,,,,,,,,,,,,,,,,,,,,,,,,,,,,,,,,,,,,,,,,,,,,,,,,,,,,,,,,,,,,,,,,,,,,,,,,,,,,,,,,,,,,,,,,,,,,,,,,,,,,,,,,,,,,,,,,,,,,
164,zcyag1e4,,0,18,18,Section_7,EndSurvey,2024-09-25 23:57:22.064239,1,,,0.0,,,,,,,,,,,,,,czcerakw,,,,,0,Experiment_1_Persistence,https://app.prolific.com/submissions/complete?cc=C1BTHULB,0.0,1.0,164,,0.0,66818dfd69bdb3f339514a29,1,1,164,,0.0,C,B,B,B,A,A,B,B,D,B,CBBBAABBDB,0.2,0,0.0,1,1,164,,0.0,noisy,random,positive,Pass,black,50,2,2,Fail Box,1,1,164,,0.0,D,A,A,C,B,D,A,B,C,D,DAACBDABCD,0.9,Non-STEM Track,,0,0.0,2,1,1,164,,0.0,R,R,R,R,R,R,R,R,R,R,C,RRRRRRRRRRC,1,1,164,,0.0,0,0,0,0,0,1,0,0,0,I chose the Non-Stem Track since math is not my strongest subject.,The main subjects I studied were philosophy and psychology.,It was a little stressful with the math section of this survey but after completing the first section it was a breeze.,Non-STEM Track,1,1,,,,,,,,,,,,,,,,,,,,,,,,,,,,,,,,,,,,,,,,,,,,,,,,,,,,,,,,,,,,,,,,,,,,,,,,,,,,,,,,,,,,,,,,,,,,,,,,,,,,,,,,,,,,,,,,,,,,,,,,,,,,,,,,,,,,,,,,,,,,,,,,,,,,,,,,,,,,,,,,,,,,,,,,,,,,,,,,,,,,,,,,,,,,,,,,,,,,,,,,,,,,,,,,,,,,,,,,,,,,,,,,,,,,,,,,,,,,,,,,,,,,,,,,,,,,,,,,,,,,,,,,,,,,,,,,,,,,,,,,,,,,,,,,,,,,,,,,,,,,,,,,,,,,,,,,,,,
165,pv5u1laa,,0,18,18,Section_7,EndSurvey,2024-09-25 23:57:24.813868,1,,,0.0,,,,,,,,,,,,,,czcerakw,,,,,0,Experiment_1_Persistence,https://app.prolific.com/submissions/complete?cc=C1BTHULB,0.0,1.0,165,,0.0,665377aea47ffa34fb49bd71,1,1,165,,0.0,D,B,A,C,B,B,B,C,,,DBACBBBC__,0.3,0,0.0,1,1,165,,0.0,noisy,random,positive,Fail,red,80,4,5,Fail Box,1,1,165,,0.0,D,B,A,C,B,D,A,B,C,D,DBACBDABCD,1.0,Non-STEM Track,,0,0.0,5,1,1,165,,0.0,R,R,R,R,R,C,C,C,C,C,C,RRRRRCCCCCC,1,1,165,,0.0,0,0,1,0,0,0,0,0,0,I was not confident in answering questions I already struggled with.,Accounting and cnc machining,"I was not expecting difficult math I have not done in years without any refreshers. It was difficult, but interesting.",Non-STEM Track,1,1,,,,,,,,,,,,,,,,,,,,,,,,,,,,,,,,,,,,,,,,,,,,,,,,,,,,,,,,,,,,,,,,,,,,,,,,,,,,,,,,,,,,,,,,,,,,,,,,,,,,,,,,,,,,,,,,,,,,,,,,,,,,,,,,,,,,,,,,,,,,,,,,,,,,,,,,,,,,,,,,,,,,,,,,,,,,,,,,,,,,,,,,,,,,,,,,,,,,,,,,,,,,,,,,,,,,,,,,,,,,,,,,,,,,,,,,,,,,,,,,,,,,,,,,,,,,,,,,,,,,,,,,,,,,,,,,,,,,,,,,,,,,,,,,,,,,,,,,,,,,,,,,,,,,,,,,,,,
166,a4iyuoqy,,0,18,18,Section_7,EndSurvey,2024-09-25 23:57:42.977688,1,,,0.0,,,,,,,,,,,,,,czcerakw,,,,,0,Experiment_1_Persistence,https://app.prolific.com/submissions/complete?cc=C1BTHULB,0.0,1.0,166,,0.0,6651118444f987017d94bd63,1,1,166,,0.0,C,B,C,D,C,B,C,C,C,C,CBCDCBCCCC,0.4,0,0.0,1,1,166,,0.0,noisy,random,negative,Fail,red,50,5,5,Not Sure,1,1,166,,0.0,D,B,A,C,B,D,A,B,C,D,DBACBDABCD,1.0,Non-STEM Track,,0,0.0,5,1,1,166,,0.0,R,C,C,C,C,C,C,C,C,C,C,RCCCCCCCCCC,1,1,166,,0.0,0,0,1,0,0,0,0,0,0,Easier,Criminal Justice and worked in Government.,Tough.,Non-STEM Track,1,1,,,,,,,,,,,,,,,,,,,,,,,,,,,,,,,,,,,,,,,,,,,,,,,,,,,,,,,,,,,,,,,,,,,,,,,,,,,,,,,,,,,,,,,,,,,,,,,,,,,,,,,,,,,,,,,,,,,,,,,,,,,,,,,,,,,,,,,,,,,,,,,,,,,,,,,,,,,,,,,,,,,,,,,,,,,,,,,,,,,,,,,,,,,,,,,,,,,,,,,,,,,,,,,,,,,,,,,,,,,,,,,,,,,,,,,,,,,,,,,,,,,,,,,,,,,,,,,,,,,,,,,,,,,,,,,,,,,,,,,,,,,,,,,,,,,,,,,,,,,,,,,,,,,,,,,,,,,
167,rqsdmxgl,,0,18,18,Section_7,EndSurvey,2024-09-25 23:57:49.097638,1,,,0.0,,,,,,,,,,,,,,czcerakw,,,,,0,Experiment_1_Persistence,https://app.prolific.com/submissions/complete?cc=C1BTHULB,0.0,1.0,167,,0.0,66d8ec93a0cbaf5384fe2148,1,1,167,,0.0,A,C,C,B,C,D,A,C,C,B,ACCBCDACCB,0.6,0,0.0,1,1,167,,0.0,noisy,random,positive,Fail,red,1,3,7,Fail Box,1,1,167,,0.0,D,B,A,C,B,D,A,B,C,D,DBACBDABCD,1.0,Non-STEM Track,,0,0.0,7,1,1,167,,0.0,R,R,R,R,C,C,C,C,C,C,C,RRRRCCCCCCC,1,1,167,,0.0,0,0,1,0,0,0,0,0,0,Not strong at stem subjects,"Photography, phsychology, graphic design, optical",intrigued,Non-STEM Track,1,1,,,,,,,,,,,,,,,,,,,,,,,,,,,,,,,,,,,,,,,,,,,,,,,,,,,,,,,,,,,,,,,,,,,,,,,,,,,,,,,,,,,,,,,,,,,,,,,,,,,,,,,,,,,,,,,,,,,,,,,,,,,,,,,,,,,,,,,,,,,,,,,,,,,,,,,,,,,,,,,,,,,,,,,,,,,,,,,,,,,,,,,,,,,,,,,,,,,,,,,,,,,,,,,,,,,,,,,,,,,,,,,,,,,,,,,,,,,,,,,,,,,,,,,,,,,,,,,,,,,,,,,,,,,,,,,,,,,,,,,,,,,,,,,,,,,,,,,,,,,,,,,,,,,,,,,,,,,
168,dpua20ok,,0,18,18,Section_7,EndSurvey,2024-09-25 23:58:12.765166,1,,,0.0,,,,,,,,,,,,,,czcerakw,,,,,0,Experiment_1_Persistence,https://app.prolific.com/submissions/complete?cc=C1BTHULB,0.0,1.0,168,,0.0,614e7196ef4fbb72f9a5223c,1,1,168,,0.0,D,A,,,B,B,,C,,,DA__BB_C__,0.4,0,0.0,1,1,168,,0.0,noisy,random,negative,Fail,red,70,4,5,Pass Box,1,1,168,,0.0,D,B,A,C,B,D,A,B,C,D,DBACBDABCD,1.0,Non-STEM Track,,0,0.0,5,1,1,168,,0.0,R,R,R,R,R,R,C,C,C,C,C,RRRRRRCCCCC,1,1,168,,0.0,0,0,1,0,0,0,0,0,0,Forgot too much math since school,"Computer programming, IT",Made it humble,Non-STEM Track,1,1,,,,,,,,,,,,,,,,,,,,,,,,,,,,,,,,,,,,,,,,,,,,,,,,,,,,,,,,,,,,,,,,,,,,,,,,,,,,,,,,,,,,,,,,,,,,,,,,,,,,,,,,,,,,,,,,,,,,,,,,,,,,,,,,,,,,,,,,,,,,,,,,,,,,,,,,,,,,,,,,,,,,,,,,,,,,,,,,,,,,,,,,,,,,,,,,,,,,,,,,,,,,,,,,,,,,,,,,,,,,,,,,,,,,,,,,,,,,,,,,,,,,,,,,,,,,,,,,,,,,,,,,,,,,,,,,,,,,,,,,,,,,,,,,,,,,,,,,,,,,,,,,,,,,,,,,,,,
169,xi0a5nfo,,0,4,18,Section_1,Conclusion,2024-09-25 23:58:13.911445,1,,,0.0,,,,,,,,,,,,,,czcerakw,,,,,0,Experiment_1_Persistence,https://app.prolific.com/submissions/complete?cc=C1BTHULB,0.0,1.0,169,,0.0,5b5e7e643bac1d0001f9bf28,1,1,169,,0.0,,,,,,,,,,,__________,0.0,0,0.0,1,1,169,,0.0,,,,,,,,,,1,1,169,,0.0,,,,,,,,,,,,,,,,,,1,1,169,,0.0,,,,,,,,,,,,,1,1,169,,0.0,0,0,0,0,0,0,0,0,0,,,,,1,1,,,,,,,,,,,,,,,,,,,,,,,,,,,,,,,,,,,,,,,,,,,,,,,,,,,,,,,,,,,,,,,,,,,,,,,,,,,,,,,,,,,,,,,,,,,,,,,,,,,,,,,,,,,,,,,,,,,,,,,,,,,,,,,,,,,,,,,,,,,,,,,,,,,,,,,,,,,,,,,,,,,,,,,,,,,,,,,,,,,,,,,,,,,,,,,,,,,,,,,,,,,,,,,,,,,,,,,,,,,,,,,,,,,,,,,,,,,,,,,,,,,,,,,,,,,,,,,,,,,,,,,,,,,,,,,,,,,,,,,,,,,,,,,,,,,,,,,,,,,,,,,,,,,,,,,,,,,
170,hkcej7y0,,0,18,18,Section_7,EndSurvey,2024-09-25 23:58:16.182269,1,,,0.0,,,,,,,,,,,,,,czcerakw,,,,,0,Experiment_1_Persistence,https://app.prolific.com/submissions/complete?cc=C1BTHULB,0.0,1.0,170,,0.0,65216075939674db7a47e7d0,1,1,170,,0.0,D,C,B,D,A,B,C,B,C,A,DCBDABCBCA,0.2,0,0.0,1,1,170,,0.0,noisy,random,ground,Pass,red,10,1,2,Fail Box,1,1,170,,0.0,B,B,C,C,B,D,C,C,A,B,BBCCBDCCAB,0.4,STEM Track,,0,0.0,2,1,1,170,,0.0,R,R,C,C,C,C,C,C,C,C,C,RRCCCCCCCCC,1,1,170,,0.0,0,0,1,0,0,0,0,0,0,"I thought it would have been something else in the STEM realm, like science.","Biology, Chemistry, Education, Genetics and Business Analytics","It was just very hard, as it was a lot of math I have not had to do since Sophomore year of high school.",STEM Track,1,1,,,,,,,,,,,,,,,,,,,,,,,,,,,,,,,,,,,,,,,,,,,,,,,,,,,,,,,,,,,,,,,,,,,,,,,,,,,,,,,,,,,,,,,,,,,,,,,,,,,,,,,,,,,,,,,,,,,,,,,,,,,,,,,,,,,,,,,,,,,,,,,,,,,,,,,,,,,,,,,,,,,,,,,,,,,,,,,,,,,,,,,,,,,,,,,,,,,,,,,,,,,,,,,,,,,,,,,,,,,,,,,,,,,,,,,,,,,,,,,,,,,,,,,,,,,,,,,,,,,,,,,,,,,,,,,,,,,,,,,,,,,,,,,,,,,,,,,,,,,,,,,,,,,,,,,,,,,
171,g4tc11ll,,0,18,18,Section_7,EndSurvey,2024-09-25 23:58:18.510292,1,,,0.0,,,,,,,,,,,,,,czcerakw,,,,,0,Experiment_1_Persistence,https://app.prolific.com/submissions/complete?cc=C1BTHULB,0.0,1.0,171,,0.0,65a6b6153abd42a5a5d2ac10,1,1,171,,0.0,B,A,B,C,D,A,B,C,,,BABCDABC__,0.2,0,0.0,1,1,171,,0.0,noisy,random,positive,Fail,red,50,3,5,Fail Box,1,1,171,,0.0,D,B,A,C,B,D,A,B,C,D,DBACBDABCD,1.0,Non-STEM Track,,0,0.0,5,1,1,171,,0.0,R,R,R,R,R,R,C,C,C,C,C,RRRRRRCCCCC,1,1,171,,0.0,0,0,1,1,0,0,0,0,0,I haven't done math like that since I was in high school and was not confident in my ability to answer the questions correctly. ,I went to college for early childhood education. I've worked in a variety of industries since then and my longest position has been at a durable medical equipment company.,The math section was stressful because I like to get things right. But overall the study was straightforward and I didn't have any issues with the instructions. ,Non-STEM Track,1,1,,,,,,,,,,,,,,,,,,,,,,,,,,,,,,,,,,,,,,,,,,,,,,,,,,,,,,,,,,,,,,,,,,,,,,,,,,,,,,,,,,,,,,,,,,,,,,,,,,,,,,,,,,,,,,,,,,,,,,,,,,,,,,,,,,,,,,,,,,,,,,,,,,,,,,,,,,,,,,,,,,,,,,,,,,,,,,,,,,,,,,,,,,,,,,,,,,,,,,,,,,,,,,,,,,,,,,,,,,,,,,,,,,,,,,,,,,,,,,,,,,,,,,,,,,,,,,,,,,,,,,,,,,,,,,,,,,,,,,,,,,,,,,,,,,,,,,,,,,,,,,,,,,,,,,,,,,,
172,7zwov0c0,,0,18,18,Section_7,EndSurvey,2024-09-25 23:58:25.790363,1,,,0.0,,,,,,,,,,,,,,czcerakw,,,,,0,Experiment_1_Persistence,https://app.prolific.com/submissions/complete?cc=C1BTHULB,0.0,1.0,172,,0.0,637e447c16e05f6828930612,1,1,172,,0.0,D,A,B,C,D,C,B,B,B,C,DABCDCBBBC,0.1,0,0.0,1,1,172,,0.0,noisy,random,negative,Fail,black,20,2,4,Fail Box,1,1,172,,0.0,D,B,A,C,B,D,A,B,C,D,DBACBDABCD,1.0,Non-STEM Track,,0,0.0,4,1,1,172,,0.0,R,R,R,C,C,C,C,C,C,C,C,RRRCCCCCCCC,1,1,172,,0.0,0,0,1,0,0,0,0,0,0,"I am much better with language arts than with the sciences, plus the questions in the first round were almost impossible",Science,I was frustrated with the first set of questions and I enjoyed answerering the second set.,Non-STEM Track,1,1,,,,,,,,,,,,,,,,,,,,,,,,,,,,,,,,,,,,,,,,,,,,,,,,,,,,,,,,,,,,,,,,,,,,,,,,,,,,,,,,,,,,,,,,,,,,,,,,,,,,,,,,,,,,,,,,,,,,,,,,,,,,,,,,,,,,,,,,,,,,,,,,,,,,,,,,,,,,,,,,,,,,,,,,,,,,,,,,,,,,,,,,,,,,,,,,,,,,,,,,,,,,,,,,,,,,,,,,,,,,,,,,,,,,,,,,,,,,,,,,,,,,,,,,,,,,,,,,,,,,,,,,,,,,,,,,,,,,,,,,,,,,,,,,,,,,,,,,,,,,,,,,,,,,,,,,,,,
173,14yvsbc2,,0,4,18,Section_1,Conclusion,2024-09-25 23:58:30.433899,1,,,0.0,,,,,,,,,,,,,,czcerakw,,,,,0,Experiment_1_Persistence,https://app.prolific.com/submissions/complete?cc=C1BTHULB,0.0,1.0,173,,0.0,66e89b61d7709ff7f27a76be,1,1,173,,0.0,,,,,,,,,,,__________,0.0,0,0.0,1,1,173,,0.0,,,,,,,,,,1,1,173,,0.0,,,,,,,,,,,,,,,,,,1,1,173,,0.0,,,,,,,,,,,,,1,1,173,,0.0,0,0,0,0,0,0,0,0,0,,,,,1,1,,,,,,,,,,,,,,,,,,,,,,,,,,,,,,,,,,,,,,,,,,,,,,,,,,,,,,,,,,,,,,,,,,,,,,,,,,,,,,,,,,,,,,,,,,,,,,,,,,,,,,,,,,,,,,,,,,,,,,,,,,,,,,,,,,,,,,,,,,,,,,,,,,,,,,,,,,,,,,,,,,,,,,,,,,,,,,,,,,,,,,,,,,,,,,,,,,,,,,,,,,,,,,,,,,,,,,,,,,,,,,,,,,,,,,,,,,,,,,,,,,,,,,,,,,,,,,,,,,,,,,,,,,,,,,,,,,,,,,,,,,,,,,,,,,,,,,,,,,,,,,,,,,,,,,,,,,,
174,ekxw7pq2,,0,18,18,Section_7,EndSurvey,2024-09-25 23:58:32.049185,1,,,0.0,,,,,,,,,,,,,,czcerakw,,,,,0,Experiment_1_Persistence,https://app.prolific.com/submissions/complete?cc=C1BTHULB,0.0,1.0,174,,0.0,5b118915e9270900013c298c,1,1,174,,0.0,B,C,B,C,B,C,B,C,B,C,BCBCBCBCBC,0.2,2,96.996,1,1,174,,0.0,noisy,random,negative,Fail,black,30,2,3,Fail Box,1,1,174,,0.0,B,C,B,C,B,C,B,C,B,C,BCBCBCBCBC,0.3,STEM Track,,0,0.0,3,1,1,174,,0.0,R,R,R,C,C,C,C,C,C,C,C,RRRCCCCCCCC,1,1,174,,0.0,0,0,1,0,0,0,0,0,0,STEM is familiar but not on the math side for me personally,art and education,No feedback. No issues,STEM Track,1,1,,,,,,,,,,,,,,,,,,,,,,,,,,,,,,,,,,,,,,,,,,,,,,,,,,,,,,,,,,,,,,,,,,,,,,,,,,,,,,,,,,,,,,,,,,,,,,,,,,,,,,,,,,,,,,,,,,,,,,,,,,,,,,,,,,,,,,,,,,,,,,,,,,,,,,,,,,,,,,,,,,,,,,,,,,,,,,,,,,,,,,,,,,,,,,,,,,,,,,,,,,,,,,,,,,,,,,,,,,,,,,,,,,,,,,,,,,,,,,,,,,,,,,,,,,,,,,,,,,,,,,,,,,,,,,,,,,,,,,,,,,,,,,,,,,,,,,,,,,,,,,,,,,,,,,,,,,,
175,gdwu2jg2,,0,18,18,Section_7,EndSurvey,2024-09-25 23:58:36.374612,1,,,0.0,,,,,,,,,,,,,,czcerakw,,,,,0,Experiment_1_Persistence,https://app.prolific.com/submissions/complete?cc=C1BTHULB,0.0,1.0,175,,0.0,63eab089ff73041bdea22229,1,1,175,,0.0,D,A,C,C,C,B,D,A,C,A,DACCCBDACA,0.5,2,13.191,1,1,175,,0.0,noisy,random,positive,Fail,red,60,4,6,Pass Box,1,1,175,,0.0,D,B,A,C,B,D,A,B,C,D,DBACBDABCD,1.0,Non-STEM Track,,0,0.0,6,1,1,175,,0.0,R,R,R,R,R,C,C,C,C,C,C,RRRRRCCCCCC,1,1,175,,0.0,0,0,1,0,0,0,0,0,0,Not so good at STEM personally.,Computer Science but I am not good at it.,It was fun and interesting!!,Non-STEM Track,1,1,,,,,,,,,,,,,,,,,,,,,,,,,,,,,,,,,,,,,,,,,,,,,,,,,,,,,,,,,,,,,,,,,,,,,,,,,,,,,,,,,,,,,,,,,,,,,,,,,,,,,,,,,,,,,,,,,,,,,,,,,,,,,,,,,,,,,,,,,,,,,,,,,,,,,,,,,,,,,,,,,,,,,,,,,,,,,,,,,,,,,,,,,,,,,,,,,,,,,,,,,,,,,,,,,,,,,,,,,,,,,,,,,,,,,,,,,,,,,,,,,,,,,,,,,,,,,,,,,,,,,,,,,,,,,,,,,,,,,,,,,,,,,,,,,,,,,,,,,,,,,,,,,,,,,,,,,,,
176,s0eorm3w,,0,18,18,Section_7,EndSurvey,2024-09-25 23:58:44.056451,1,,,0.0,,,,,,,,,,,,,,czcerakw,,,,,0,Experiment_1_Persistence,https://app.prolific.com/submissions/complete?cc=C1BTHULB,0.0,1.0,176,,0.0,66e784bf7e22eae95ee3b5c7,1,1,176,,0.0,D,A,B,A,D,B,D,C,B,B,DABADBDCBB,0.5,1,5.094,1,1,176,,0.0,noisy,random,ground,Fail,black,80,9,8,Pass Box,1,1,176,,0.0,B,A,C,A,A,D,C,A,B,C,BACAADCABC,1.0,STEM Track,,0,0.0,8,1,1,176,,0.0,R,R,R,R,C,C,C,C,C,C,C,RRRRCCCCCCC,1,1,176,,0.0,0,1,0,0,0,0,0,0,0,I thought my odds would be better.,I have always had advanced math classes and I enjoy math.,"I clicked off the tab a few times during the first timed section to adjust my music. I didn't know that clicking off wasn't aloud but I read it before I submitted my first section. I completed the rest of the study without clicking off. If that is a problem, please give me partial payment for my time.",STEM Track,1,1,,,,,,,,,,,,,,,,,,,,,,,,,,,,,,,,,,,,,,,,,,,,,,,,,,,,,,,,,,,,,,,,,,,,,,,,,,,,,,,,,,,,,,,,,,,,,,,,,,,,,,,,,,,,,,,,,,,,,,,,,,,,,,,,,,,,,,,,,,,,,,,,,,,,,,,,,,,,,,,,,,,,,,,,,,,,,,,,,,,,,,,,,,,,,,,,,,,,,,,,,,,,,,,,,,,,,,,,,,,,,,,,,,,,,,,,,,,,,,,,,,,,,,,,,,,,,,,,,,,,,,,,,,,,,,,,,,,,,,,,,,,,,,,,,,,,,,,,,,,,,,,,,,,,,,,,,,,
177,6d85qzk9,,0,18,18,Section_7,EndSurvey,2024-09-25 23:58:45.248980,1,,,0.0,,,,,,,,,,,,,,czcerakw,,,,,0,Experiment_1_Persistence,https://app.prolific.com/submissions/complete?cc=C1BTHULB,0.0,1.0,177,,0.0,64ec1d84372b0dbb94589054,1,1,177,,0.0,D,B,A,B,B,B,D,A,C,B,DBABBBDACB,0.6,0,0.0,1,1,177,,0.0,noisy,random,positive,Pass,black,20,2,3,Pass Box,1,1,177,,0.0,D,B,A,C,B,D,A,B,C,D,DBACBDABCD,1.0,Non-STEM Track,,1,0.704,3,1,1,177,,0.0,R,R,R,R,R,C,C,C,C,C,C,RRRRRCCCCCC,1,1,177,,0.0,0,0,1,0,0,0,0,0,0,I was not confident in my abilities to answer more STEM questions given my performance on the first part.,Psychology,No feedback :),Non-STEM Track,1,1,,,,,,,,,,,,,,,,,,,,,,,,,,,,,,,,,,,,,,,,,,,,,,,,,,,,,,,,,,,,,,,,,,,,,,,,,,,,,,,,,,,,,,,,,,,,,,,,,,,,,,,,,,,,,,,,,,,,,,,,,,,,,,,,,,,,,,,,,,,,,,,,,,,,,,,,,,,,,,,,,,,,,,,,,,,,,,,,,,,,,,,,,,,,,,,,,,,,,,,,,,,,,,,,,,,,,,,,,,,,,,,,,,,,,,,,,,,,,,,,,,,,,,,,,,,,,,,,,,,,,,,,,,,,,,,,,,,,,,,,,,,,,,,,,,,,,,,,,,,,,,,,,,,,,,,,,,,
178,bwozsuby,,0,18,18,Section_7,EndSurvey,2024-09-25 23:58:52.389748,1,,,0.0,,,,,,,,,,,,,,czcerakw,,,,,0,Experiment_1_Persistence,https://app.prolific.com/submissions/complete?cc=C1BTHULB,0.0,1.0,178,,0.0,608e2cb9067eb028500433d5,1,1,178,,0.0,D,A,A,C,D,B,A,A,C,A,DAACDBAACA,0.3,0,0.0,1,1,178,,0.0,noisy,random,positive,Pass,red,50,2,3,Fail Box,1,1,178,,0.0,D,B,A,C,B,D,A,B,C,D,DBACBDABCD,1.0,Non-STEM Track,,0,0.0,3,1,1,178,,0.0,R,R,C,C,C,C,C,C,C,C,C,RRCCCCCCCCC,1,1,178,,0.0,0,0,1,0,0,0,0,0,0,Because the math questions were very hard for me.,"I studied business courses, including business English, Economics, Finance, Accounting.",This was challenging for me.,Non-STEM Track,1,1,,,,,,,,,,,,,,,,,,,,,,,,,,,,,,,,,,,,,,,,,,,,,,,,,,,,,,,,,,,,,,,,,,,,,,,,,,,,,,,,,,,,,,,,,,,,,,,,,,,,,,,,,,,,,,,,,,,,,,,,,,,,,,,,,,,,,,,,,,,,,,,,,,,,,,,,,,,,,,,,,,,,,,,,,,,,,,,,,,,,,,,,,,,,,,,,,,,,,,,,,,,,,,,,,,,,,,,,,,,,,,,,,,,,,,,,,,,,,,,,,,,,,,,,,,,,,,,,,,,,,,,,,,,,,,,,,,,,,,,,,,,,,,,,,,,,,,,,,,,,,,,,,,,,,,,,,,,
179,froxdb0h,,0,18,18,Section_7,EndSurvey,2024-09-25 23:58:59.127444,1,,,0.0,,,,,,,,,,,,,,czcerakw,,,,,0,Experiment_1_Persistence,https://app.prolific.com/submissions/complete?cc=C1BTHULB,0.0,1.0,179,,0.0,66b629016f7dd536321ee5f8,1,1,179,,0.0,D,B,C,C,B,D,B,C,B,C,DBCCBDBCBC,0.3,0,0.0,1,1,179,,0.0,noisy,random,negative,Pass,red,0,0,1,Pass Box,1,1,179,,0.0,D,B,A,C,B,D,A,B,C,D,DBACBDABCD,1.0,Non-STEM Track,,0,0.0,1,1,1,179,,0.0,R,R,R,R,R,C,C,C,C,C,C,RRRRRCCCCCC,1,1,179,,0.0,0,0,1,0,0,0,0,0,0,Because I cant do stem,"college prep, retail management","I hated the first set of questions, and felt stupid because I haven't had this type of math in 50 years",Non-STEM Track,1,1,,,,,,,,,,,,,,,,,,,,,,,,,,,,,,,,,,,,,,,,,,,,,,,,,,,,,,,,,,,,,,,,,,,,,,,,,,,,,,,,,,,,,,,,,,,,,,,,,,,,,,,,,,,,,,,,,,,,,,,,,,,,,,,,,,,,,,,,,,,,,,,,,,,,,,,,,,,,,,,,,,,,,,,,,,,,,,,,,,,,,,,,,,,,,,,,,,,,,,,,,,,,,,,,,,,,,,,,,,,,,,,,,,,,,,,,,,,,,,,,,,,,,,,,,,,,,,,,,,,,,,,,,,,,,,,,,,,,,,,,,,,,,,,,,,,,,,,,,,,,,,,,,,,,,,,,,,,
180,nqfc69ud,,0,18,18,Section_7,EndSurvey,2024-09-25 23:59:00.020199,1,,,0.0,,,,,,,,,,,,,,czcerakw,,,,,0,Experiment_1_Persistence,https://app.prolific.com/submissions/complete?cc=C1BTHULB,0.0,1.0,180,,0.0,6637f62f0645db241bee0959,1,1,180,,0.0,D,D,A,B,C,A,C,C,A,C,DDABCACCAC,0.2,0,0.0,1,1,180,,0.0,noisy,random,negative,Fail,black,50,2,5,Fail Box,1,1,180,,0.0,D,B,A,C,B,D,A,B,C,D,DBACBDABCD,1.0,Non-STEM Track,,0,0.0,5,1,1,180,,0.0,R,R,R,C,C,C,C,C,C,C,C,RRRCCCCCCCC,1,1,180,,0.0,0,0,1,0,1,0,0,0,0,It seemed easier ,Math history English art,The first set of questions were difficult ,Non-STEM Track,1,1,,,,,,,,,,,,,,,,,,,,,,,,,,,,,,,,,,,,,,,,,,,,,,,,,,,,,,,,,,,,,,,,,,,,,,,,,,,,,,,,,,,,,,,,,,,,,,,,,,,,,,,,,,,,,,,,,,,,,,,,,,,,,,,,,,,,,,,,,,,,,,,,,,,,,,,,,,,,,,,,,,,,,,,,,,,,,,,,,,,,,,,,,,,,,,,,,,,,,,,,,,,,,,,,,,,,,,,,,,,,,,,,,,,,,,,,,,,,,,,,,,,,,,,,,,,,,,,,,,,,,,,,,,,,,,,,,,,,,,,,,,,,,,,,,,,,,,,,,,,,,,,,,,,,,,,,,,,
181,7cz34xg3,,0,18,18,Section_7,EndSurvey,2024-09-25 23:59:09.977293,1,,,0.0,,,,,,,,,,,,,,czcerakw,,,,,0,Experiment_1_Persistence,https://app.prolific.com/submissions/complete?cc=C1BTHULB,0.0,1.0,181,,0.0,6682c6f76c5e575920a7afc0,1,1,181,,0.0,B,A,B,B,D,C,B,A,A,A,BABBDCBAAA,0.2,0,0.0,1,1,181,,0.0,noisy,random,ground,Fail,black,50,6,6,Pass Box,1,1,181,,0.0,D,B,A,D,B,D,A,B,C,D,DBADBDABCD,0.9,Non-STEM Track,,2,26.298,6,1,1,181,,0.0,R,R,R,R,R,R,R,R,R,R,R,RRRRRRRRRRR,1,1,181,,0.0,0,0,1,0,0,0,0,0,0,Because i knew there could be another chance to win ,Administration  Accounting ,,Non-STEM Track,1,1,,,,,,,,,,,,,,,,,,,,,,,,,,,,,,,,,,,,,,,,,,,,,,,,,,,,,,,,,,,,,,,,,,,,,,,,,,,,,,,,,,,,,,,,,,,,,,,,,,,,,,,,,,,,,,,,,,,,,,,,,,,,,,,,,,,,,,,,,,,,,,,,,,,,,,,,,,,,,,,,,,,,,,,,,,,,,,,,,,,,,,,,,,,,,,,,,,,,,,,,,,,,,,,,,,,,,,,,,,,,,,,,,,,,,,,,,,,,,,,,,,,,,,,,,,,,,,,,,,,,,,,,,,,,,,,,,,,,,,,,,,,,,,,,,,,,,,,,,,,,,,,,,,,,,,,,,,,
182,flj0x5hd,,0,18,18,Section_7,EndSurvey,2024-09-25 23:59:25.890071,1,,,0.0,,,,,,,,,,,,,,czcerakw,,,,,0,Experiment_1_Persistence,https://app.prolific.com/submissions/complete?cc=C1BTHULB,0.0,1.0,182,,0.0,66d7b32212721220c5da226f,1,1,182,,0.0,D,A,A,D,C,A,C,B,C,A,DAADCACBCA,0.2,0,0.0,1,1,182,,0.0,noisy,random,ground,Fail,black,25,0,3,Fail Box,1,1,182,,0.0,D,D,A,C,B,D,A,B,C,B,DDACBDABCB,0.8,Non-STEM Track,,0,0.0,3,1,1,182,,0.0,R,C,C,C,C,C,C,C,C,C,C,RCCCCCCCCCC,1,1,182,,0.0,0,0,1,0,0,0,0,0,0,the probability that i would pass the stem was too low,Psychology but work in compliance,Even though i think i didnt do well on the Stem part i enjoyed doing the test because it made me think differently,Non-STEM Track,1,1,,,,,,,,,,,,,,,,,,,,,,,,,,,,,,,,,,,,,,,,,,,,,,,,,,,,,,,,,,,,,,,,,,,,,,,,,,,,,,,,,,,,,,,,,,,,,,,,,,,,,,,,,,,,,,,,,,,,,,,,,,,,,,,,,,,,,,,,,,,,,,,,,,,,,,,,,,,,,,,,,,,,,,,,,,,,,,,,,,,,,,,,,,,,,,,,,,,,,,,,,,,,,,,,,,,,,,,,,,,,,,,,,,,,,,,,,,,,,,,,,,,,,,,,,,,,,,,,,,,,,,,,,,,,,,,,,,,,,,,,,,,,,,,,,,,,,,,,,,,,,,,,,,,,,,,,,,,
183,53p2n35f,,0,18,18,Section_7,EndSurvey,2024-09-25 23:59:26.012040,1,,,0.0,,,,,,,,,,,,,,czcerakw,,,,,0,Experiment_1_Persistence,https://app.prolific.com/submissions/complete?cc=C1BTHULB,0.0,1.0,183,,0.0,66f21c08e32dccbb7b7bb996,1,1,183,,0.0,C,D,A,C,D,B,B,A,C,D,CDACDBBACD,0.2,0,0.0,1,1,183,,0.0,noisy,random,negative,Pass,red,45,1,1,Pass Box,1,1,183,,0.0,A,B,A,C,B,D,A,C,C,D,ABACBDACCD,0.8,Non-STEM Track,,0,0.0,1,1,1,183,,0.0,R,R,R,R,R,R,R,R,R,R,C,RRRRRRRRRRC,1,1,183,,0.0,0,0,1,0,0,0,0,0,0,I am not a fan of STEM,"Home economics, health administration ",Great experience ,Non-STEM Track,1,1,,,,,,,,,,,,,,,,,,,,,,,,,,,,,,,,,,,,,,,,,,,,,,,,,,,,,,,,,,,,,,,,,,,,,,,,,,,,,,,,,,,,,,,,,,,,,,,,,,,,,,,,,,,,,,,,,,,,,,,,,,,,,,,,,,,,,,,,,,,,,,,,,,,,,,,,,,,,,,,,,,,,,,,,,,,,,,,,,,,,,,,,,,,,,,,,,,,,,,,,,,,,,,,,,,,,,,,,,,,,,,,,,,,,,,,,,,,,,,,,,,,,,,,,,,,,,,,,,,,,,,,,,,,,,,,,,,,,,,,,,,,,,,,,,,,,,,,,,,,,,,,,,,,,,,,,,,,
184,pg7yjc37,,0,18,18,Section_7,EndSurvey,2024-09-25 23:59:28.930347,1,,,0.0,,,,,,,,,,,,,,czcerakw,,,,,0,Experiment_1_Persistence,https://app.prolific.com/submissions/complete?cc=C1BTHULB,0.0,1.0,184,,0.0,66ae0ded9f6746fe2d597817,1,1,184,,0.0,C,B,C,B,B,C,B,C,B,C,CBCBBCBCBC,0.4,0,0.0,1,1,184,,0.0,noisy,random,negative,Fail,black,45,6,7,Pass Box,1,1,184,,0.0,B,C,B,C,C,B,C,B,C,B,BCBCCBCBCB,0.2,STEM Track,,0,0.0,7,1,1,184,,0.0,R,R,C,R,C,R,R,C,R,C,R,RRCRCRRCRCR,1,1,184,,0.0,0,0,1,0,0,0,0,0,0," For people who are curious about how things work or want to make a tangible impact, STEM can be an exciting field that offers endless possibilities.",Mathematics,25,STEM Track,1,1,,,,,,,,,,,,,,,,,,,,,,,,,,,,,,,,,,,,,,,,,,,,,,,,,,,,,,,,,,,,,,,,,,,,,,,,,,,,,,,,,,,,,,,,,,,,,,,,,,,,,,,,,,,,,,,,,,,,,,,,,,,,,,,,,,,,,,,,,,,,,,,,,,,,,,,,,,,,,,,,,,,,,,,,,,,,,,,,,,,,,,,,,,,,,,,,,,,,,,,,,,,,,,,,,,,,,,,,,,,,,,,,,,,,,,,,,,,,,,,,,,,,,,,,,,,,,,,,,,,,,,,,,,,,,,,,,,,,,,,,,,,,,,,,,,,,,,,,,,,,,,,,,,,,,,,,,,,
185,71n2y40r,,0,18,18,Section_7,EndSurvey,2024-09-25 23:59:29.218702,1,,,0.0,,,,,,,,,,,,,,czcerakw,,,,,0,Experiment_1_Persistence,https://app.prolific.com/submissions/complete?cc=C1BTHULB,0.0,1.0,185,,0.0,66abb1d19603aab212118aea,1,1,185,,0.0,B,C,A,C,A,D,A,B,A,A,BCACADABAA,0.0,0,0.0,1,1,185,,0.0,noisy,random,negative,Fail,black,50,3,5,Fail Box,1,1,185,,0.0,C,C,C,C,C,D,D,A,D,C,CCCCCDDADC,0.4,STEM Track,,0,0.0,5,1,1,185,,0.0,R,R,R,C,C,C,C,C,C,C,C,RRRCCCCCCCC,1,1,185,,0.0,0,0,1,0,0,0,0,0,0,Taking a chance.,Nursing,"I enjoyed the survey, it was different than others!",STEM Track,1,1,,,,,,,,,,,,,,,,,,,,,,,,,,,,,,,,,,,,,,,,,,,,,,,,,,,,,,,,,,,,,,,,,,,,,,,,,,,,,,,,,,,,,,,,,,,,,,,,,,,,,,,,,,,,,,,,,,,,,,,,,,,,,,,,,,,,,,,,,,,,,,,,,,,,,,,,,,,,,,,,,,,,,,,,,,,,,,,,,,,,,,,,,,,,,,,,,,,,,,,,,,,,,,,,,,,,,,,,,,,,,,,,,,,,,,,,,,,,,,,,,,,,,,,,,,,,,,,,,,,,,,,,,,,,,,,,,,,,,,,,,,,,,,,,,,,,,,,,,,,,,,,,,,,,,,,,,,,
186,a9iktbu0,,0,18,18,Section_7,EndSurvey,2024-09-25 23:59:52.756937,1,,,0.0,,,,,,,,,,,,,,czcerakw,,,,,0,Experiment_1_Persistence,https://app.prolific.com/submissions/complete?cc=C1BTHULB,0.0,1.0,186,,0.0,6315dbda57439d794f865dbd,1,1,186,,0.0,,,,,,,,,,,__________,0.0,0,0.0,1,1,186,,0.0,noisy,random,negative,Fail,red,50,5,5,Pass Box,1,1,186,,0.0,A,C,C,A,B,A,C,C,A,B,ACCABACCAB,0.3,STEM Track,,0,0.0,5,1,1,186,,0.0,R,R,R,R,R,R,R,C,C,C,C,RRRRRRRCCCC,1,1,186,,0.0,0,0,1,0,0,0,0,0,0,it seemed the most profitable and definite,kinesiology and physical therapy,n/a,STEM Track,1,1,,,,,,,,,,,,,,,,,,,,,,,,,,,,,,,,,,,,,,,,,,,,,,,,,,,,,,,,,,,,,,,,,,,,,,,,,,,,,,,,,,,,,,,,,,,,,,,,,,,,,,,,,,,,,,,,,,,,,,,,,,,,,,,,,,,,,,,,,,,,,,,,,,,,,,,,,,,,,,,,,,,,,,,,,,,,,,,,,,,,,,,,,,,,,,,,,,,,,,,,,,,,,,,,,,,,,,,,,,,,,,,,,,,,,,,,,,,,,,,,,,,,,,,,,,,,,,,,,,,,,,,,,,,,,,,,,,,,,,,,,,,,,,,,,,,,,,,,,,,,,,,,,,,,,,,,,,,
187,01b3l25d,,0,18,18,Section_7,EndSurvey,2024-09-26 00:00:00.471981,1,,,0.0,,,,,,,,,,,,,,czcerakw,,,,,0,Experiment_1_Persistence,https://app.prolific.com/submissions/complete?cc=C1BTHULB,0.0,1.0,187,,0.0,5f1b4845cbf55f3192e33b89,1,1,187,,0.0,C,D,A,B,A,C,A,A,B,D,CDABACAABD,0.1,0,0.0,1,1,187,,0.0,noisy,random,ground,Fail,black,60,3,4,Fail Box,1,1,187,,0.0,D,B,A,C,B,D,A,C,C,D,DBACBDACCD,0.9,Non-STEM Track,,0,0.0,4,1,1,187,,0.0,R,R,R,R,R,C,C,C,C,C,C,RRRRRCCCCCC,1,1,187,,0.0,0,0,1,0,0,0,0,0,0,I struggled with the math portion. ,"Computer Science subjects, such as programming and understanding computers.",n/a,Non-STEM Track,1,1,,,,,,,,,,,,,,,,,,,,,,,,,,,,,,,,,,,,,,,,,,,,,,,,,,,,,,,,,,,,,,,,,,,,,,,,,,,,,,,,,,,,,,,,,,,,,,,,,,,,,,,,,,,,,,,,,,,,,,,,,,,,,,,,,,,,,,,,,,,,,,,,,,,,,,,,,,,,,,,,,,,,,,,,,,,,,,,,,,,,,,,,,,,,,,,,,,,,,,,,,,,,,,,,,,,,,,,,,,,,,,,,,,,,,,,,,,,,,,,,,,,,,,,,,,,,,,,,,,,,,,,,,,,,,,,,,,,,,,,,,,,,,,,,,,,,,,,,,,,,,,,,,,,,,,,,,,,
188,ayefbn5j,,0,18,18,Section_7,EndSurvey,2024-09-26 00:00:06.286243,1,,,0.0,,,,,,,,,,,,,,czcerakw,,,,,0,Experiment_1_Persistence,https://app.prolific.com/submissions/complete?cc=C1BTHULB,0.0,1.0,188,,0.0,5e9e19d808b9931ef37373c6,1,1,188,,0.0,A,D,A,B,B,B,D,B,C,A,ADABBBDBCA,0.6,0,0.0,1,1,188,,0.0,noisy,random,positive,Pass,red,50,7,5,Fail Box,1,1,188,,0.0,B,A,C,A,A,D,C,A,B,C,BACAADCABC,1.0,STEM Track,,0,0.0,5,1,1,188,,0.0,C,C,C,C,C,C,C,C,C,C,C,CCCCCCCCCCC,1,1,188,,0.0,0,0,1,0,0,0,0,0,0,I am more STEM inclined given my background,Engineering and Computer Science,It was good,STEM Track,1,1,,,,,,,,,,,,,,,,,,,,,,,,,,,,,,,,,,,,,,,,,,,,,,,,,,,,,,,,,,,,,,,,,,,,,,,,,,,,,,,,,,,,,,,,,,,,,,,,,,,,,,,,,,,,,,,,,,,,,,,,,,,,,,,,,,,,,,,,,,,,,,,,,,,,,,,,,,,,,,,,,,,,,,,,,,,,,,,,,,,,,,,,,,,,,,,,,,,,,,,,,,,,,,,,,,,,,,,,,,,,,,,,,,,,,,,,,,,,,,,,,,,,,,,,,,,,,,,,,,,,,,,,,,,,,,,,,,,,,,,,,,,,,,,,,,,,,,,,,,,,,,,,,,,,,,,,,,,
189,qf2lj4xb,,0,18,18,Section_7,EndSurvey,2024-09-26 00:00:09.429778,1,,,0.0,,,,,,,,,,,,,,czcerakw,,,,,0,Experiment_1_Persistence,https://app.prolific.com/submissions/complete?cc=C1BTHULB,0.0,1.0,189,,0.0,5fe2ca269568d5e8f57933aa,1,1,189,,0.0,A,A,D,,D,B,D,C,,,AAD_DBDC__,0.5,0,0.0,1,1,189,,0.0,noisy,random,ground,Pass,red,59,6,5,Pass Box,1,1,189,,0.0,B,,C,C,A,D,C,A,B,,B_CCADCAB_,0.7,STEM Track,,0,0.0,5,1,1,189,,0.0,R,R,R,R,C,C,C,C,C,C,C,RRRRCCCCCCC,1,1,189,,0.0,0,0,0,0,0,1,0,0,0,Because science and technology are among my favorite subjects.,I studied Neuroscience in college. ,,STEM Track,1,1,,,,,,,,,,,,,,,,,,,,,,,,,,,,,,,,,,,,,,,,,,,,,,,,,,,,,,,,,,,,,,,,,,,,,,,,,,,,,,,,,,,,,,,,,,,,,,,,,,,,,,,,,,,,,,,,,,,,,,,,,,,,,,,,,,,,,,,,,,,,,,,,,,,,,,,,,,,,,,,,,,,,,,,,,,,,,,,,,,,,,,,,,,,,,,,,,,,,,,,,,,,,,,,,,,,,,,,,,,,,,,,,,,,,,,,,,,,,,,,,,,,,,,,,,,,,,,,,,,,,,,,,,,,,,,,,,,,,,,,,,,,,,,,,,,,,,,,,,,,,,,,,,,,,,,,,,,,
190,v3emdcw7,,0,4,18,Section_1,Conclusion,2024-09-26 00:00:16.358258,1,,,0.0,,,,,,,,,,,,,,czcerakw,,,,,0,Experiment_1_Persistence,https://app.prolific.com/submissions/complete?cc=C1BTHULB,0.0,1.0,190,,0.0,66b41679b48873793fd2993a,1,1,190,,0.0,,,,,,,,,,,__________,0.0,0,0.0,1,1,190,,0.0,,,,,,,,,,1,1,190,,0.0,,,,,,,,,,,,,,,,,,1,1,190,,0.0,,,,,,,,,,,,,1,1,190,,0.0,0,0,0,0,0,0,0,0,0,,,,,1,1,,,,,,,,,,,,,,,,,,,,,,,,,,,,,,,,,,,,,,,,,,,,,,,,,,,,,,,,,,,,,,,,,,,,,,,,,,,,,,,,,,,,,,,,,,,,,,,,,,,,,,,,,,,,,,,,,,,,,,,,,,,,,,,,,,,,,,,,,,,,,,,,,,,,,,,,,,,,,,,,,,,,,,,,,,,,,,,,,,,,,,,,,,,,,,,,,,,,,,,,,,,,,,,,,,,,,,,,,,,,,,,,,,,,,,,,,,,,,,,,,,,,,,,,,,,,,,,,,,,,,,,,,,,,,,,,,,,,,,,,,,,,,,,,,,,,,,,,,,,,,,,,,,,,,,,,,,,
191,10jjs5ab,,0,18,18,Section_7,EndSurvey,2024-09-26 00:00:23.784136,1,,,0.0,,,,,,,,,,,,,,czcerakw,,,,,0,Experiment_1_Persistence,https://app.prolific.com/submissions/complete?cc=C1BTHULB,0.0,1.0,191,,0.0,66bbd43c705fea676d6d8028,1,1,191,,0.0,D,C,B,B,D,D,,,,,DCBBDD____,0.1,0,0.0,1,1,191,,0.0,noisy,random,ground,Pass,red,2,2,1,Pass Box,1,1,191,,0.0,D,B,A,C,B,D,A,B,C,D,DBACBDABCD,1.0,Non-STEM Track,,0,0.0,1,1,1,191,,0.0,R,R,R,R,R,C,C,C,C,C,C,RRRRRCCCCCC,1,1,191,,0.0,0,0,1,0,0,0,0,0,0,because I am not strong in math,"English, writing, language, political science, management, customer service",i did not expect those math questions and I was panicking.,Non-STEM Track,1,1,,,,,,,,,,,,,,,,,,,,,,,,,,,,,,,,,,,,,,,,,,,,,,,,,,,,,,,,,,,,,,,,,,,,,,,,,,,,,,,,,,,,,,,,,,,,,,,,,,,,,,,,,,,,,,,,,,,,,,,,,,,,,,,,,,,,,,,,,,,,,,,,,,,,,,,,,,,,,,,,,,,,,,,,,,,,,,,,,,,,,,,,,,,,,,,,,,,,,,,,,,,,,,,,,,,,,,,,,,,,,,,,,,,,,,,,,,,,,,,,,,,,,,,,,,,,,,,,,,,,,,,,,,,,,,,,,,,,,,,,,,,,,,,,,,,,,,,,,,,,,,,,,,,,,,,,,,,
192,zwjca6p3,,0,18,18,Section_7,EndSurvey,2024-09-26 00:00:38.909854,1,,,0.0,,,,,,,,,,,,,,czcerakw,,,,,0,Experiment_1_Persistence,https://app.prolific.com/submissions/complete?cc=C1BTHULB,0.0,1.0,192,,0.0,666c98937b4260f665e21de9,1,1,192,,0.0,D,A,A,C,A,A,D,A,B,C,DAACAADABC,0.2,1,3.365,1,1,192,,0.0,noisy,random,ground,Fail,black,50,5,4,Fail Box,1,1,192,,0.0,D,B,A,C,B,D,A,B,C,D,DBACBDABCD,1.0,Non-STEM Track,,0,0.0,4,1,1,192,,0.0,R,R,R,R,R,C,C,C,C,C,C,RRRRRCCCCCC,1,1,192,,0.0,0,1,1,0,0,0,0,0,0,Never was very good at math,Philosophy,Good,Non-STEM Track,1,1,,,,,,,,,,,,,,,,,,,,,,,,,,,,,,,,,,,,,,,,,,,,,,,,,,,,,,,,,,,,,,,,,,,,,,,,,,,,,,,,,,,,,,,,,,,,,,,,,,,,,,,,,,,,,,,,,,,,,,,,,,,,,,,,,,,,,,,,,,,,,,,,,,,,,,,,,,,,,,,,,,,,,,,,,,,,,,,,,,,,,,,,,,,,,,,,,,,,,,,,,,,,,,,,,,,,,,,,,,,,,,,,,,,,,,,,,,,,,,,,,,,,,,,,,,,,,,,,,,,,,,,,,,,,,,,,,,,,,,,,,,,,,,,,,,,,,,,,,,,,,,,,,,,,,,,,,,,
193,c92a3gpv,,0,18,18,Section_7,EndSurvey,2024-09-26 00:00:41.688497,1,,,0.0,,,,,,,,,,,,,,czcerakw,,,,,0,Experiment_1_Persistence,https://app.prolific.com/submissions/complete?cc=C1BTHULB,0.0,1.0,193,,0.0,658400102871818387a49d0f,1,1,193,,0.0,C,B,B,B,B,B,D,C,C,A,CBBBBBDCCA,0.6,0,0.0,1,1,193,,0.0,noisy,random,ground,Pass,red,20,2,2,Pass Box,1,1,193,,0.0,D,B,A,C,B,B,A,B,C,C,DBACBBABCC,0.8,Non-STEM Track,,0,0.0,2,1,1,193,,0.0,R,C,C,C,C,C,C,C,C,C,C,RCCCCCCCCCC,1,1,193,,0.0,0,0,1,0,0,0,0,0,0,I find it easier.,Science. ,It made me think.,Non-STEM Track,1,1,,,,,,,,,,,,,,,,,,,,,,,,,,,,,,,,,,,,,,,,,,,,,,,,,,,,,,,,,,,,,,,,,,,,,,,,,,,,,,,,,,,,,,,,,,,,,,,,,,,,,,,,,,,,,,,,,,,,,,,,,,,,,,,,,,,,,,,,,,,,,,,,,,,,,,,,,,,,,,,,,,,,,,,,,,,,,,,,,,,,,,,,,,,,,,,,,,,,,,,,,,,,,,,,,,,,,,,,,,,,,,,,,,,,,,,,,,,,,,,,,,,,,,,,,,,,,,,,,,,,,,,,,,,,,,,,,,,,,,,,,,,,,,,,,,,,,,,,,,,,,,,,,,,,,,,,,,,
194,ialgedgj,,0,18,18,Section_7,EndSurvey,2024-09-26 00:01:02.755346,1,,,0.0,,,,,,,,,,,,,,czcerakw,,,,,0,Experiment_1_Persistence,https://app.prolific.com/submissions/complete?cc=C1BTHULB,0.0,1.0,194,,0.0,56e6a66af6ed900006a5867c,1,1,194,,0.0,C,B,B,D,B,C,B,D,A,B,CBBDBCBDAB,0.2,0,0.0,1,1,194,,0.0,noisy,random,negative,Pass,red,5,2,1,Fail Box,1,1,194,,0.0,A,B,A,B,C,C,C,B,D,B,ABABCCCBDB,0.1,STEM Track,,0,0.0,1,1,1,194,,0.0,R,R,R,C,C,C,C,C,C,C,C,RRRCCCCCCCC,1,1,194,,0.0,0,0,1,0,0,0,0,0,1,I took engineering classes in vocational school.,"Mechanical engineering, graphics design, web design, front end web development",I am terrible at math and avoid algebra. I doubt I got much if any answers right.,STEM Track,1,1,,,,,,,,,,,,,,,,,,,,,,,,,,,,,,,,,,,,,,,,,,,,,,,,,,,,,,,,,,,,,,,,,,,,,,,,,,,,,,,,,,,,,,,,,,,,,,,,,,,,,,,,,,,,,,,,,,,,,,,,,,,,,,,,,,,,,,,,,,,,,,,,,,,,,,,,,,,,,,,,,,,,,,,,,,,,,,,,,,,,,,,,,,,,,,,,,,,,,,,,,,,,,,,,,,,,,,,,,,,,,,,,,,,,,,,,,,,,,,,,,,,,,,,,,,,,,,,,,,,,,,,,,,,,,,,,,,,,,,,,,,,,,,,,,,,,,,,,,,,,,,,,,,,,,,,,,,,
195,z7a1avgo,,0,18,18,Section_7,EndSurvey,2024-09-26 00:01:05.281563,1,,,0.0,,,,,,,,,,,,,,czcerakw,,,,,0,Experiment_1_Persistence,https://app.prolific.com/submissions/complete?cc=C1BTHULB,0.0,1.0,195,,0.0,630814cd5bc4b17afd65d786,1,1,195,,0.0,D,D,A,A,D,B,A,,,,DDAADBA___,0.1,0,0.0,1,1,195,,0.0,noisy,random,ground,Fail,black,5,1,2,Fail Box,1,1,195,,0.0,D,B,A,C,B,D,A,B,C,D,DBACBDABCD,1.0,Non-STEM Track,,0,0.0,2,1,1,195,,0.0,R,R,R,R,R,R,C,C,C,C,C,RRRRRRCCCCC,1,1,195,,0.0,0,0,1,0,0,0,0,0,0,Because the math questions all kicked my ass.  I haven't felt that dumb in a long time.,I have a BA in English and Psych - I worked as a High School English Teacher and am currently a Board Game Designer.,"I felt dumb, then I got to feel smart, so that was nice.",Non-STEM Track,1,1,,,,,,,,,,,,,,,,,,,,,,,,,,,,,,,,,,,,,,,,,,,,,,,,,,,,,,,,,,,,,,,,,,,,,,,,,,,,,,,,,,,,,,,,,,,,,,,,,,,,,,,,,,,,,,,,,,,,,,,,,,,,,,,,,,,,,,,,,,,,,,,,,,,,,,,,,,,,,,,,,,,,,,,,,,,,,,,,,,,,,,,,,,,,,,,,,,,,,,,,,,,,,,,,,,,,,,,,,,,,,,,,,,,,,,,,,,,,,,,,,,,,,,,,,,,,,,,,,,,,,,,,,,,,,,,,,,,,,,,,,,,,,,,,,,,,,,,,,,,,,,,,,,,,,,,,,,,
196,oohsilys,,0,18,18,Section_7,EndSurvey,2024-09-26 00:01:05.470570,1,,,0.0,,,,,,,,,,,,,,czcerakw,,,,,0,Experiment_1_Persistence,https://app.prolific.com/submissions/complete?cc=C1BTHULB,0.0,1.0,196,,0.0,66b78b91e30ea5e1939d7635,1,1,196,,0.0,B,C,B,C,C,B,D,C,A,B,BCBCCBDCAB,0.4,0,0.0,1,1,196,,0.0,noisy,random,positive,Pass,red,0,0,4,Fail Box,1,1,196,,0.0,A,C,B,C,A,B,D,C,C,B,ACBCABDCCB,0.1,STEM Track,,0,0.0,4,1,1,196,,0.0,R,R,R,R,C,C,C,C,C,C,C,RRRRCCCCCCC,1,1,196,,0.0,0,0,1,0,0,0,0,0,0,the money,"Biology, history",,STEM Track,1,1,,,,,,,,,,,,,,,,,,,,,,,,,,,,,,,,,,,,,,,,,,,,,,,,,,,,,,,,,,,,,,,,,,,,,,,,,,,,,,,,,,,,,,,,,,,,,,,,,,,,,,,,,,,,,,,,,,,,,,,,,,,,,,,,,,,,,,,,,,,,,,,,,,,,,,,,,,,,,,,,,,,,,,,,,,,,,,,,,,,,,,,,,,,,,,,,,,,,,,,,,,,,,,,,,,,,,,,,,,,,,,,,,,,,,,,,,,,,,,,,,,,,,,,,,,,,,,,,,,,,,,,,,,,,,,,,,,,,,,,,,,,,,,,,,,,,,,,,,,,,,,,,,,,,,,,,,,,
197,lmjhqj93,,0,18,18,Section_7,EndSurvey,2024-09-26 00:01:14.249206,1,,,0.0,,,,,,,,,,,,,,czcerakw,,,,,0,Experiment_1_Persistence,https://app.prolific.com/submissions/complete?cc=C1BTHULB,0.0,1.0,197,,0.0,665cd37d244c81a07e68f20f,1,1,197,,0.0,A,A,B,B,D,B,D,A,C,B,AABBDBDACB,0.7,0,0.0,1,1,197,,0.0,noisy,random,ground,Pass,red,65,6,6,Pass Box,1,1,197,,0.0,B,A,C,B,A,D,C,A,B,C,BACBADCABC,0.9,STEM Track,,0,0.0,6,1,1,197,,0.0,R,R,R,R,R,C,C,C,C,C,C,RRRRRCCCCCC,1,1,197,,0.0,0,0,1,0,0,0,0,0,0,My college major is Stem.,STEM,I had a positive experience,STEM Track,1,1,,,,,,,,,,,,,,,,,,,,,,,,,,,,,,,,,,,,,,,,,,,,,,,,,,,,,,,,,,,,,,,,,,,,,,,,,,,,,,,,,,,,,,,,,,,,,,,,,,,,,,,,,,,,,,,,,,,,,,,,,,,,,,,,,,,,,,,,,,,,,,,,,,,,,,,,,,,,,,,,,,,,,,,,,,,,,,,,,,,,,,,,,,,,,,,,,,,,,,,,,,,,,,,,,,,,,,,,,,,,,,,,,,,,,,,,,,,,,,,,,,,,,,,,,,,,,,,,,,,,,,,,,,,,,,,,,,,,,,,,,,,,,,,,,,,,,,,,,,,,,,,,,,,,,,,,,,,
198,xjkcxnhj,,0,18,18,Section_7,EndSurvey,2024-09-26 00:01:18.482444,1,,,0.0,,,,,,,,,,,,,,czcerakw,,,,,0,Experiment_1_Persistence,https://app.prolific.com/submissions/complete?cc=C1BTHULB,0.0,1.0,198,,0.0,66e637b2ab80048018709cfe,1,1,198,,0.0,D,C,B,C,C,B,C,D,A,B,DCBCCBCDAB,0.2,0,0.0,1,1,198,,0.0,noisy,random,ground,Fail,black,65,5,7,Fail Box,1,1,198,,0.0,C,C,B,A,D,D,C,C,C,D,CCBADDCCCD,0.3,STEM Track,,0,0.0,7,1,1,198,,0.0,R,R,R,R,R,C,C,C,C,C,C,RRRRRCCCCCC,1,1,198,,0.0,0,1,1,0,1,0,0,0,0,I wanted to test my knowledge ,"English, history, art,theatre, business, human resources ",There wasn’t much time to calculate the problems,STEM Track,1,1,,,,,,,,,,,,,,,,,,,,,,,,,,,,,,,,,,,,,,,,,,,,,,,,,,,,,,,,,,,,,,,,,,,,,,,,,,,,,,,,,,,,,,,,,,,,,,,,,,,,,,,,,,,,,,,,,,,,,,,,,,,,,,,,,,,,,,,,,,,,,,,,,,,,,,,,,,,,,,,,,,,,,,,,,,,,,,,,,,,,,,,,,,,,,,,,,,,,,,,,,,,,,,,,,,,,,,,,,,,,,,,,,,,,,,,,,,,,,,,,,,,,,,,,,,,,,,,,,,,,,,,,,,,,,,,,,,,,,,,,,,,,,,,,,,,,,,,,,,,,,,,,,,,,,,,,,,,
199,pt0dy0v2,,0,18,18,Section_7,EndSurvey,2024-09-26 00:01:21.337756,1,,,0.0,,,,,,,,,,,,,,czcerakw,,,,,0,Experiment_1_Persistence,https://app.prolific.com/submissions/complete?cc=C1BTHULB,0.0,1.0,199,,0.0,5ac43d51a3ba7a0001b498d0,1,1,199,,0.0,B,D,A,C,D,B,B,B,A,A,BDACDBBBAA,0.1,0,0.0,1,1,199,,0.0,noisy,random,negative,Fail,black,40,3,4,Fail Box,1,1,199,,0.0,D,B,A,C,B,D,A,B,C,D,DBACBDABCD,1.0,Non-STEM Track,,0,0.0,4,1,1,199,,0.0,R,R,R,C,C,C,C,C,C,C,C,RRRCCCCCCCC,1,1,199,,0.0,0,0,1,0,0,0,0,0,0,"iThe STEM questions were too advanced for me. It's been years since I used algebra and couldn't remeber a lot of what I learned when answering those questions, therefore I knew I had a better chance of answering the non stem questions to earn a little something at least","Math - Geometry, Algebra  Science   English   History   Social Sciences","Struggled during the stem/ mathematically based questions, otherwise pretty easy and straightforward",Non-STEM Track,1,1,,,,,,,,,,,,,,,,,,,,,,,,,,,,,,,,,,,,,,,,,,,,,,,,,,,,,,,,,,,,,,,,,,,,,,,,,,,,,,,,,,,,,,,,,,,,,,,,,,,,,,,,,,,,,,,,,,,,,,,,,,,,,,,,,,,,,,,,,,,,,,,,,,,,,,,,,,,,,,,,,,,,,,,,,,,,,,,,,,,,,,,,,,,,,,,,,,,,,,,,,,,,,,,,,,,,,,,,,,,,,,,,,,,,,,,,,,,,,,,,,,,,,,,,,,,,,,,,,,,,,,,,,,,,,,,,,,,,,,,,,,,,,,,,,,,,,,,,,,,,,,,,,,,,,,,,,,,
200,ioyfu254,,0,18,18,Section_7,EndSurvey,2024-09-26 00:01:27.350460,1,,,0.0,,,,,,,,,,,,,,czcerakw,,,,,0,Experiment_1_Persistence,https://app.prolific.com/submissions/complete?cc=C1BTHULB,0.0,1.0,200,,0.0,63d881ab484805569b553bd8,1,1,200,,0.0,B,C,D,A,B,A,B,C,D,B,BCDABABCDB,0.3,0,0.0,1,1,200,,0.0,noisy,random,ground,Fail,black,26,3,4,Fail Box,1,1,200,,0.0,D,B,A,C,B,D,A,B,C,D,DBACBDABCD,1.0,Non-STEM Track,,0,0.0,4,1,1,200,,0.0,R,R,R,R,R,R,R,C,C,C,C,RRRRRRRCCCC,1,1,200,,0.0,0,0,1,0,0,0,0,0,0,Math is not my strong suite. ,IT/PC repair. ,fun. ,Non-STEM Track,1,1,,,,,,,,,,,,,,,,,,,,,,,,,,,,,,,,,,,,,,,,,,,,,,,,,,,,,,,,,,,,,,,,,,,,,,,,,,,,,,,,,,,,,,,,,,,,,,,,,,,,,,,,,,,,,,,,,,,,,,,,,,,,,,,,,,,,,,,,,,,,,,,,,,,,,,,,,,,,,,,,,,,,,,,,,,,,,,,,,,,,,,,,,,,,,,,,,,,,,,,,,,,,,,,,,,,,,,,,,,,,,,,,,,,,,,,,,,,,,,,,,,,,,,,,,,,,,,,,,,,,,,,,,,,,,,,,,,,,,,,,,,,,,,,,,,,,,,,,,,,,,,,,,,,,,,,,,,,
201,y8z51wwo,,0,18,18,Section_7,EndSurvey,2024-09-26 00:01:44.037513,1,,,0.0,,,,,,,,,,,,,,czcerakw,,,,,0,Experiment_1_Persistence,https://app.prolific.com/submissions/complete?cc=C1BTHULB,0.0,1.0,201,,0.0,66708de4e9ac26476fb628d2,1,1,201,,0.0,A,,,,,,D,C,A,B,A_____DCAB,0.4,0,0.0,1,1,201,,0.0,noisy,random,ground,Fail,black,50,4,5,Fail Box,1,1,201,,0.0,D,B,A,C,B,D,A,B,C,D,DBACBDABCD,1.0,Non-STEM Track,,0,0.0,5,1,1,201,,0.0,R,R,R,R,R,R,C,C,C,C,C,RRRRRRCCCCC,1,1,201,,0.0,0,0,1,0,0,0,0,0,0,"I was an English major. Also, I timed out while doing the math.",English. I brew beer for a living.,8 minutes is not enough for us earnest writer-types trying to recall high school math.,Non-STEM Track,1,1,,,,,,,,,,,,,,,,,,,,,,,,,,,,,,,,,,,,,,,,,,,,,,,,,,,,,,,,,,,,,,,,,,,,,,,,,,,,,,,,,,,,,,,,,,,,,,,,,,,,,,,,,,,,,,,,,,,,,,,,,,,,,,,,,,,,,,,,,,,,,,,,,,,,,,,,,,,,,,,,,,,,,,,,,,,,,,,,,,,,,,,,,,,,,,,,,,,,,,,,,,,,,,,,,,,,,,,,,,,,,,,,,,,,,,,,,,,,,,,,,,,,,,,,,,,,,,,,,,,,,,,,,,,,,,,,,,,,,,,,,,,,,,,,,,,,,,,,,,,,,,,,,,,,,,,,,,,
202,j1x854r8,,0,18,18,Section_7,EndSurvey,2024-09-26 00:01:45.647079,1,,,0.0,,,,,,,,,,,,,,czcerakw,,,,,0,Experiment_1_Persistence,https://app.prolific.com/submissions/complete?cc=C1BTHULB,0.0,1.0,202,,0.0,66a5a4766966a5ed53b144ab,1,1,202,,0.0,D,B,A,C,B,C,C,A,B,D,DBACBCCABD,0.1,0,0.0,1,1,202,,0.0,noisy,random,positive,Fail,red,50,5,5,Fail Box,1,1,202,,0.0,D,B,A,D,B,D,A,B,C,D,DBADBDABCD,0.9,Non-STEM Track,,0,0.0,5,1,1,202,,0.0,R,R,R,R,C,C,C,C,C,C,C,RRRRCCCCCCC,1,1,202,,0.0,0,0,1,0,0,0,0,0,0,i chose the non-steam track thinking my previous results were lower than 50% correct,art,,Non-STEM Track,1,1,,,,,,,,,,,,,,,,,,,,,,,,,,,,,,,,,,,,,,,,,,,,,,,,,,,,,,,,,,,,,,,,,,,,,,,,,,,,,,,,,,,,,,,,,,,,,,,,,,,,,,,,,,,,,,,,,,,,,,,,,,,,,,,,,,,,,,,,,,,,,,,,,,,,,,,,,,,,,,,,,,,,,,,,,,,,,,,,,,,,,,,,,,,,,,,,,,,,,,,,,,,,,,,,,,,,,,,,,,,,,,,,,,,,,,,,,,,,,,,,,,,,,,,,,,,,,,,,,,,,,,,,,,,,,,,,,,,,,,,,,,,,,,,,,,,,,,,,,,,,,,,,,,,,,,,,,,,
203,shtelzgx,,0,4,18,Section_1,Conclusion,2024-09-26 00:01:53.865783,1,,,0.0,,,,,,,,,,,,,,czcerakw,,,,,0,Experiment_1_Persistence,https://app.prolific.com/submissions/complete?cc=C1BTHULB,0.0,1.0,203,,0.0,659b3577547f20229a913c77,1,1,203,,0.0,,,,,,,,,,,__________,0.0,0,0.0,1,1,203,,0.0,,,,,,,,,,1,1,203,,0.0,,,,,,,,,,,,,,,,,,1,1,203,,0.0,,,,,,,,,,,,,1,1,203,,0.0,0,0,0,0,0,0,0,0,0,,,,,1,1,,,,,,,,,,,,,,,,,,,,,,,,,,,,,,,,,,,,,,,,,,,,,,,,,,,,,,,,,,,,,,,,,,,,,,,,,,,,,,,,,,,,,,,,,,,,,,,,,,,,,,,,,,,,,,,,,,,,,,,,,,,,,,,,,,,,,,,,,,,,,,,,,,,,,,,,,,,,,,,,,,,,,,,,,,,,,,,,,,,,,,,,,,,,,,,,,,,,,,,,,,,,,,,,,,,,,,,,,,,,,,,,,,,,,,,,,,,,,,,,,,,,,,,,,,,,,,,,,,,,,,,,,,,,,,,,,,,,,,,,,,,,,,,,,,,,,,,,,,,,,,,,,,,,,,,,,,,
204,qi15d4jn,,0,18,18,Section_7,EndSurvey,2024-09-26 00:01:59.065834,1,,,0.0,,,,,,,,,,,,,,czcerakw,,,,,0,Experiment_1_Persistence,https://app.prolific.com/submissions/complete?cc=C1BTHULB,0.0,1.0,204,,0.0,66f33be2bc0c71ae9547b7bb,1,1,204,,0.0,D,D,A,C,D,B,B,B,D,B,DDACDBBBDB,0.2,0,0.0,1,1,204,,0.0,noisy,random,positive,Fail,red,20,7,7,Pass Box,1,1,204,,0.0,D,B,A,C,B,D,A,B,C,C,DBACBDABCC,0.9,Non-STEM Track,,0,0.0,7,1,1,204,,0.0,R,C,C,C,C,C,C,C,C,C,C,RCCCCCCCCCC,1,1,204,,0.0,0,0,1,0,1,0,0,0,0,There’s a chance I could’ve got a harder math one and failed.,"I didn’t go to college. I was in ap chemistry, ap human geography, ap us history.",It was reminiscent of school. I don’t understand what you’re trying to accomplish so no feedback.,Non-STEM Track,1,1,,,,,,,,,,,,,,,,,,,,,,,,,,,,,,,,,,,,,,,,,,,,,,,,,,,,,,,,,,,,,,,,,,,,,,,,,,,,,,,,,,,,,,,,,,,,,,,,,,,,,,,,,,,,,,,,,,,,,,,,,,,,,,,,,,,,,,,,,,,,,,,,,,,,,,,,,,,,,,,,,,,,,,,,,,,,,,,,,,,,,,,,,,,,,,,,,,,,,,,,,,,,,,,,,,,,,,,,,,,,,,,,,,,,,,,,,,,,,,,,,,,,,,,,,,,,,,,,,,,,,,,,,,,,,,,,,,,,,,,,,,,,,,,,,,,,,,,,,,,,,,,,,,,,,,,,,,,
205,ee89s1be,,0,18,18,Section_7,EndSurvey,2024-09-26 00:02:00.470573,1,,,0.0,,,,,,,,,,,,,,czcerakw,,,,,0,Experiment_1_Persistence,https://app.prolific.com/submissions/complete?cc=C1BTHULB,0.0,1.0,205,,0.0,641374feea489f74a9c8db95,1,1,205,,0.0,A,A,A,B,B,C,A,C,B,C,AAABBCACBC,0.5,0,0.0,1,1,205,,0.0,noisy,random,ground,Pass,red,50,5,5,Pass Box,1,1,205,,0.0,B,A,C,A,A,D,C,A,B,C,BACAADCABC,1.0,STEM Track,,0,0.0,5,1,1,205,,0.0,R,R,R,R,R,C,C,C,C,C,C,RRRRRCCCCCC,1,1,205,,0.0,0,0,1,0,0,0,0,0,0,For a chance at more money,Computer information and programming,No,STEM Track,1,1,,,,,,,,,,,,,,,,,,,,,,,,,,,,,,,,,,,,,,,,,,,,,,,,,,,,,,,,,,,,,,,,,,,,,,,,,,,,,,,,,,,,,,,,,,,,,,,,,,,,,,,,,,,,,,,,,,,,,,,,,,,,,,,,,,,,,,,,,,,,,,,,,,,,,,,,,,,,,,,,,,,,,,,,,,,,,,,,,,,,,,,,,,,,,,,,,,,,,,,,,,,,,,,,,,,,,,,,,,,,,,,,,,,,,,,,,,,,,,,,,,,,,,,,,,,,,,,,,,,,,,,,,,,,,,,,,,,,,,,,,,,,,,,,,,,,,,,,,,,,,,,,,,,,,,,,,,,
206,qtonaae7,,0,5,18,Section_2_3,Section_2,2024-09-26 00:02:02.972077,1,,,0.0,,,,,,,,,,,,,,czcerakw,,,,,0,Experiment_1_Persistence,https://app.prolific.com/submissions/complete?cc=C1BTHULB,0.0,1.0,206,,0.0,60528358827e88148642cfeb,1,1,206,,0.0,D,D,D,B,A,C,B,A,C,A,DDDBACBACA,0.2,1,202.8,1,1,206,,0.0,,,,,,,,,,1,1,206,,0.0,,,,,,,,,,,,,,,,,,1,1,206,,0.0,,,,,,,,,,,,,1,1,206,,0.0,0,0,0,0,0,0,0,0,0,,,,,1,1,,,,,,,,,,,,,,,,,,,,,,,,,,,,,,,,,,,,,,,,,,,,,,,,,,,,,,,,,,,,,,,,,,,,,,,,,,,,,,,,,,,,,,,,,,,,,,,,,,,,,,,,,,,,,,,,,,,,,,,,,,,,,,,,,,,,,,,,,,,,,,,,,,,,,,,,,,,,,,,,,,,,,,,,,,,,,,,,,,,,,,,,,,,,,,,,,,,,,,,,,,,,,,,,,,,,,,,,,,,,,,,,,,,,,,,,,,,,,,,,,,,,,,,,,,,,,,,,,,,,,,,,,,,,,,,,,,,,,,,,,,,,,,,,,,,,,,,,,,,,,,,,,,,,,,,,,,,
207,pof89qip,,0,18,18,Section_7,EndSurvey,2024-09-26 00:02:22.328563,1,,,0.0,,,,,,,,,,,,,,czcerakw,,,,,0,Experiment_1_Persistence,https://app.prolific.com/submissions/complete?cc=C1BTHULB,0.0,1.0,207,,0.0,6646081c27e58027db72b129,1,1,207,,0.0,D,D,A,B,D,A,B,C,B,C,DDABDABCBC,0.2,0,0.0,1,1,207,,0.0,noisy,random,negative,Pass,red,0,0,0,Fail Box,1,1,207,,0.0,B,C,A,D,B,B,B,A,C,B,BCADBBBACB,0.2,STEM Track,,0,0.0,0,1,1,207,,0.0,R,R,R,R,R,R,C,C,C,C,C,RRRRRRCCCCC,1,1,207,,0.0,0,0,1,0,1,0,0,0,0,"I'm pretty sure I did poorly on the first STEM quiz, so I figured I wasn't going to do any better on the second quiz.","The main subjects were core class subjects such as math, science, and history.",No comments.,STEM Track,1,1,,,,,,,,,,,,,,,,,,,,,,,,,,,,,,,,,,,,,,,,,,,,,,,,,,,,,,,,,,,,,,,,,,,,,,,,,,,,,,,,,,,,,,,,,,,,,,,,,,,,,,,,,,,,,,,,,,,,,,,,,,,,,,,,,,,,,,,,,,,,,,,,,,,,,,,,,,,,,,,,,,,,,,,,,,,,,,,,,,,,,,,,,,,,,,,,,,,,,,,,,,,,,,,,,,,,,,,,,,,,,,,,,,,,,,,,,,,,,,,,,,,,,,,,,,,,,,,,,,,,,,,,,,,,,,,,,,,,,,,,,,,,,,,,,,,,,,,,,,,,,,,,,,,,,,,,,,,
208,8f4scawz,,0,1,18,Intro,Intro,2024-09-26 00:02:23.975027,1,,,0.0,,,,,,,,,,,,,,czcerakw,,,,,0,Experiment_1_Persistence,https://app.prolific.com/submissions/complete?cc=C1BTHULB,0.0,1.0,208,,0.0,,1,1,208,,0.0,,,,,,,,,,,,,,,1,1,208,,0.0,,,,,,,,,,1,1,208,,0.0,,,,,,,,,,,,,,,,,,1,1,208,,0.0,,,,,,,,,,,,,1,1,208,,0.0,0,0,0,0,0,0,0,0,0,,,,,1,1,,,,,,,,,,,,,,,,,,,,,,,,,,,,,,,,,,,,,,,,,,,,,,,,,,,,,,,,,,,,,,,,,,,,,,,,,,,,,,,,,,,,,,,,,,,,,,,,,,,,,,,,,,,,,,,,,,,,,,,,,,,,,,,,,,,,,,,,,,,,,,,,,,,,,,,,,,,,,,,,,,,,,,,,,,,,,,,,,,,,,,,,,,,,,,,,,,,,,,,,,,,,,,,,,,,,,,,,,,,,,,,,,,,,,,,,,,,,,,,,,,,,,,,,,,,,,,,,,,,,,,,,,,,,,,,,,,,,,,,,,,,,,,,,,,,,,,,,,,,,,,,,,,,,,,,,,,,
209,7je225lt,,0,18,18,Section_7,EndSurvey,2024-09-26 00:02:26.606835,1,,,0.0,,,,,,,,,,,,,,czcerakw,,,,,0,Experiment_1_Persistence,https://app.prolific.com/submissions/complete?cc=C1BTHULB,0.0,1.0,209,,0.0,633f6d8b53e5f194a6f73724,1,1,209,,0.0,D,A,D,A,B,B,D,C,B,,DADABBDCB_,0.5,0,0.0,1,1,209,,0.0,noisy,random,positive,Pass,black,60,5,4,Pass Box,1,1,209,,0.0,D,B,A,C,B,D,A,B,C,D,DBACBDABCD,1.0,Non-STEM Track,,0,0.0,4,1,1,209,,0.0,R,R,R,R,R,C,C,C,C,C,C,RRRRRCCCCCC,1,1,209,,0.0,0,0,1,0,0,0,0,0,0,I am tired and the math requires a lot of thinking,"math, physics, engineering",this was an interesting study. thank you,Non-STEM Track,1,1,,,,,,,,,,,,,,,,,,,,,,,,,,,,,,,,,,,,,,,,,,,,,,,,,,,,,,,,,,,,,,,,,,,,,,,,,,,,,,,,,,,,,,,,,,,,,,,,,,,,,,,,,,,,,,,,,,,,,,,,,,,,,,,,,,,,,,,,,,,,,,,,,,,,,,,,,,,,,,,,,,,,,,,,,,,,,,,,,,,,,,,,,,,,,,,,,,,,,,,,,,,,,,,,,,,,,,,,,,,,,,,,,,,,,,,,,,,,,,,,,,,,,,,,,,,,,,,,,,,,,,,,,,,,,,,,,,,,,,,,,,,,,,,,,,,,,,,,,,,,,,,,,,,,,,,,,,,
210,s2nmdrwi,,0,18,18,Section_7,EndSurvey,2024-09-26 00:02:26.840739,1,,,0.0,,,,,,,,,,,,,,czcerakw,,,,,0,Experiment_1_Persistence,https://app.prolific.com/submissions/complete?cc=C1BTHULB,0.0,1.0,210,,0.0,66908468a367218ba2c439be,1,1,210,,0.0,A,C,D,B,C,A,D,B,A,C,ACDBCADBAC,0.3,0,0.0,1,1,210,,0.0,noisy,random,negative,Fail,black,30,2,4,Fail Box,1,1,210,,0.0,D,B,A,C,B,D,A,B,C,D,DBACBDABCD,1.0,Non-STEM Track,,0,0.0,4,1,1,210,,0.0,R,C,C,C,C,C,C,C,C,C,C,RCCCCCCCCCC,1,1,210,,0.0,0,0,1,0,0,0,0,0,0,Becuase I gave up after the math portion,"Math, science, english",It was pretty fun,Non-STEM Track,1,1,,,,,,,,,,,,,,,,,,,,,,,,,,,,,,,,,,,,,,,,,,,,,,,,,,,,,,,,,,,,,,,,,,,,,,,,,,,,,,,,,,,,,,,,,,,,,,,,,,,,,,,,,,,,,,,,,,,,,,,,,,,,,,,,,,,,,,,,,,,,,,,,,,,,,,,,,,,,,,,,,,,,,,,,,,,,,,,,,,,,,,,,,,,,,,,,,,,,,,,,,,,,,,,,,,,,,,,,,,,,,,,,,,,,,,,,,,,,,,,,,,,,,,,,,,,,,,,,,,,,,,,,,,,,,,,,,,,,,,,,,,,,,,,,,,,,,,,,,,,,,,,,,,,,,,,,,,,
211,k94u76nn,,0,18,18,Section_7,EndSurvey,2024-09-26 00:02:28.438152,1,,,0.0,,,,,,,,,,,,,,czcerakw,,,,,0,Experiment_1_Persistence,https://app.prolific.com/submissions/complete?cc=C1BTHULB,0.0,1.0,211,,0.0,66b8308b9c4b8eb534b5a45b,1,1,211,,0.0,D,A,,,B,B,D,C,C,B,DA__BBDCCB,0.7,1,8.812,1,1,211,,0.0,noisy,random,ground,Pass,red,50,6,6,Pass Box,1,1,211,,0.0,B,B,D,C,A,D,C,A,B,C,BBDCADCABC,0.7,STEM Track,,0,0.0,6,1,1,211,,0.0,R,R,R,R,R,C,C,C,C,C,C,RRRRRCCCCCC,1,1,211,,0.0,0,0,1,0,0,0,0,0,0,"I was always better at stem subjects when I was in school, and there was no information about the non stem category. It could have been all questions I know nothing about, like basket weaving or something",IT and computer related classes,Just reminds me how little I remember from my time in school.,STEM Track,1,1,,,,,,,,,,,,,,,,,,,,,,,,,,,,,,,,,,,,,,,,,,,,,,,,,,,,,,,,,,,,,,,,,,,,,,,,,,,,,,,,,,,,,,,,,,,,,,,,,,,,,,,,,,,,,,,,,,,,,,,,,,,,,,,,,,,,,,,,,,,,,,,,,,,,,,,,,,,,,,,,,,,,,,,,,,,,,,,,,,,,,,,,,,,,,,,,,,,,,,,,,,,,,,,,,,,,,,,,,,,,,,,,,,,,,,,,,,,,,,,,,,,,,,,,,,,,,,,,,,,,,,,,,,,,,,,,,,,,,,,,,,,,,,,,,,,,,,,,,,,,,,,,,,,,,,,,,,,
212,t0rv0or9,,0,4,18,Section_1,Conclusion,2024-09-26 00:02:30.695919,1,,,0.0,,,,,,,,,,,,,,czcerakw,,,,,0,Experiment_1_Persistence,https://app.prolific.com/submissions/complete?cc=C1BTHULB,0.0,1.0,212,,0.0,5adb8015f6b58c0001fa382f,1,1,212,,0.0,,,,,,,,,,,__________,0.0,0,0.0,1,1,212,,0.0,,,,,,,,,,1,1,212,,0.0,,,,,,,,,,,,,,,,,,1,1,212,,0.0,,,,,,,,,,,,,1,1,212,,0.0,0,0,0,0,0,0,0,0,0,,,,,1,1,,,,,,,,,,,,,,,,,,,,,,,,,,,,,,,,,,,,,,,,,,,,,,,,,,,,,,,,,,,,,,,,,,,,,,,,,,,,,,,,,,,,,,,,,,,,,,,,,,,,,,,,,,,,,,,,,,,,,,,,,,,,,,,,,,,,,,,,,,,,,,,,,,,,,,,,,,,,,,,,,,,,,,,,,,,,,,,,,,,,,,,,,,,,,,,,,,,,,,,,,,,,,,,,,,,,,,,,,,,,,,,,,,,,,,,,,,,,,,,,,,,,,,,,,,,,,,,,,,,,,,,,,,,,,,,,,,,,,,,,,,,,,,,,,,,,,,,,,,,,,,,,,,,,,,,,,,,
213,4cz7loqz,,0,18,18,Section_7,EndSurvey,2024-09-26 00:02:57.872433,1,,,0.0,,,,,,,,,,,,,,czcerakw,,,,,0,Experiment_1_Persistence,https://app.prolific.com/submissions/complete?cc=C1BTHULB,0.0,1.0,213,,0.0,63b7852af635d2133764fcc8,1,1,213,,0.0,C,B,C,B,D,B,B,D,C,B,CBCBDBBDCB,0.5,0,0.0,1,1,213,,0.0,noisy,random,positive,Pass,red,35,4,5,Fail Box,1,1,213,,0.0,D,B,A,C,B,D,A,B,C,D,DBACBDABCD,1.0,Non-STEM Track,,0,0.0,5,1,1,213,,0.0,R,R,C,C,C,C,C,C,C,C,C,RRCCCCCCCCC,1,1,213,,0.0,0,1,1,0,0,0,0,0,0,Math is harder for me to recall and formulas are not the easiest when you have not done them in awhile,Industrial Engineering,Fun,Non-STEM Track,1,1,,,,,,,,,,,,,,,,,,,,,,,,,,,,,,,,,,,,,,,,,,,,,,,,,,,,,,,,,,,,,,,,,,,,,,,,,,,,,,,,,,,,,,,,,,,,,,,,,,,,,,,,,,,,,,,,,,,,,,,,,,,,,,,,,,,,,,,,,,,,,,,,,,,,,,,,,,,,,,,,,,,,,,,,,,,,,,,,,,,,,,,,,,,,,,,,,,,,,,,,,,,,,,,,,,,,,,,,,,,,,,,,,,,,,,,,,,,,,,,,,,,,,,,,,,,,,,,,,,,,,,,,,,,,,,,,,,,,,,,,,,,,,,,,,,,,,,,,,,,,,,,,,,,,,,,,,,,
214,dj8ripvz,,0,18,18,Section_7,EndSurvey,2024-09-26 00:03:05.722895,1,,,0.0,,,,,,,,,,,,,,czcerakw,,,,,0,Experiment_1_Persistence,https://app.prolific.com/submissions/complete?cc=C1BTHULB,0.0,1.0,214,,0.0,610ccf09b1b0759b2668ded1,1,1,214,,0.0,A,A,B,A,A,A,A,A,A,A,AABAAAAAAA,0.2,0,0.0,1,1,214,,0.0,noisy,random,positive,Pass,red,20,1,2,Fail Box,1,1,214,,0.0,B,A,C,B,A,B,C,B,A,A,BACBABCBAA,0.5,STEM Track,,0,0.0,2,1,1,214,,0.0,R,R,R,R,R,R,C,C,C,C,C,RRRRRRCCCCC,1,1,214,,0.0,0,0,1,0,0,0,0,0,0,I like stem subjects,IT,No feedback,STEM Track,1,1,,,,,,,,,,,,,,,,,,,,,,,,,,,,,,,,,,,,,,,,,,,,,,,,,,,,,,,,,,,,,,,,,,,,,,,,,,,,,,,,,,,,,,,,,,,,,,,,,,,,,,,,,,,,,,,,,,,,,,,,,,,,,,,,,,,,,,,,,,,,,,,,,,,,,,,,,,,,,,,,,,,,,,,,,,,,,,,,,,,,,,,,,,,,,,,,,,,,,,,,,,,,,,,,,,,,,,,,,,,,,,,,,,,,,,,,,,,,,,,,,,,,,,,,,,,,,,,,,,,,,,,,,,,,,,,,,,,,,,,,,,,,,,,,,,,,,,,,,,,,,,,,,,,,,,,,,,,
215,v6cwei68,,0,18,18,Section_7,EndSurvey,2024-09-26 00:03:25.648497,1,,,0.0,,,,,,,,,,,,,,czcerakw,,,,,0,Experiment_1_Persistence,https://app.prolific.com/submissions/complete?cc=C1BTHULB,0.0,1.0,215,,0.0,66d8880a6b84a55da0e21a45,1,1,215,,0.0,D,A,D,B,D,B,D,A,B,B,DADBDBDABB,0.5,0,0.0,1,1,215,,0.0,noisy,random,positive,Pass,red,65,5,4,Pass Box,1,1,215,,0.0,B,C,C,C,A,D,C,C,C,C,BCCCADCCCC,0.6,STEM Track,,0,0.0,4,1,1,215,,0.0,R,R,R,R,R,R,R,R,R,R,C,RRRRRRRRRRC,1,1,215,,0.0,0,0,1,0,0,0,0,0,1,"I wanted to become a professional within the STEM field, such as an engineer.",Math and science were my concentrated subjects and I have worked in the electrical industry.,The process tested math skills that were familiar to me though are not used in my day to day work.,STEM Track,1,1,,,,,,,,,,,,,,,,,,,,,,,,,,,,,,,,,,,,,,,,,,,,,,,,,,,,,,,,,,,,,,,,,,,,,,,,,,,,,,,,,,,,,,,,,,,,,,,,,,,,,,,,,,,,,,,,,,,,,,,,,,,,,,,,,,,,,,,,,,,,,,,,,,,,,,,,,,,,,,,,,,,,,,,,,,,,,,,,,,,,,,,,,,,,,,,,,,,,,,,,,,,,,,,,,,,,,,,,,,,,,,,,,,,,,,,,,,,,,,,,,,,,,,,,,,,,,,,,,,,,,,,,,,,,,,,,,,,,,,,,,,,,,,,,,,,,,,,,,,,,,,,,,,,,,,,,,,,
216,m9gxs0du,,0,18,18,Section_7,EndSurvey,2024-09-26 00:03:33.781490,1,,,0.0,,,,,,,,,,,,,,czcerakw,,,,,0,Experiment_1_Persistence,https://app.prolific.com/submissions/complete?cc=C1BTHULB,0.0,1.0,216,,0.0,669fdb306d5acea50129ac90,1,1,216,,0.0,A,C,C,A,D,D,D,C,B,A,ACCADDDCBA,0.4,0,0.0,1,1,216,,0.0,noisy,random,negative,Fail,black,60,8,8,Pass Box,1,1,216,,0.0,D,B,A,B,B,D,A,B,C,B,DBABBDABCB,0.8,Non-STEM Track,,0,0.0,8,1,1,216,,0.0,R,C,C,C,R,R,C,C,R,R,R,RCCCRRCCRRR,1,1,216,,0.0,0,0,1,0,0,0,0,0,0,i used my intuitions ,"data structure, IT, wholesale warehouse ",no,Non-STEM Track,1,1,,,,,,,,,,,,,,,,,,,,,,,,,,,,,,,,,,,,,,,,,,,,,,,,,,,,,,,,,,,,,,,,,,,,,,,,,,,,,,,,,,,,,,,,,,,,,,,,,,,,,,,,,,,,,,,,,,,,,,,,,,,,,,,,,,,,,,,,,,,,,,,,,,,,,,,,,,,,,,,,,,,,,,,,,,,,,,,,,,,,,,,,,,,,,,,,,,,,,,,,,,,,,,,,,,,,,,,,,,,,,,,,,,,,,,,,,,,,,,,,,,,,,,,,,,,,,,,,,,,,,,,,,,,,,,,,,,,,,,,,,,,,,,,,,,,,,,,,,,,,,,,,,,,,,,,,,,,
217,unu86lib,,0,18,18,Section_7,EndSurvey,2024-09-26 00:04:01.920208,1,,,0.0,,,,,,,,,,,,,,czcerakw,,,,,0,Experiment_1_Persistence,https://app.prolific.com/submissions/complete?cc=C1BTHULB,0.0,1.0,217,,0.0,5e6424248e335b000af4d6a3,1,1,217,,0.0,D,D,B,B,D,A,D,B,B,B,DDBBDADBBB,0.3,0,0.0,1,1,217,,0.0,noisy,random,negative,Fail,red,62,6,5,Pass Box,1,1,217,,0.0,D,B,A,C,B,D,A,B,C,D,DBACBDABCD,1.0,Non-STEM Track,,0,0.0,5,1,1,217,,0.0,R,R,R,C,C,C,C,C,C,C,C,RRRCCCCCCCC,1,1,217,,0.0,1,0,1,0,0,0,0,0,0,I wanted to see what the other quiz was like and to see how well I would do.,Math was a big part of my early education but my professional career and college was focused on data. ,"I thought the process was good, would have like to see how I did after submitting a page",Non-STEM Track,1,1,,,,,,,,,,,,,,,,,,,,,,,,,,,,,,,,,,,,,,,,,,,,,,,,,,,,,,,,,,,,,,,,,,,,,,,,,,,,,,,,,,,,,,,,,,,,,,,,,,,,,,,,,,,,,,,,,,,,,,,,,,,,,,,,,,,,,,,,,,,,,,,,,,,,,,,,,,,,,,,,,,,,,,,,,,,,,,,,,,,,,,,,,,,,,,,,,,,,,,,,,,,,,,,,,,,,,,,,,,,,,,,,,,,,,,,,,,,,,,,,,,,,,,,,,,,,,,,,,,,,,,,,,,,,,,,,,,,,,,,,,,,,,,,,,,,,,,,,,,,,,,,,,,,,,,,,,,,
218,3aecsjl4,,0,18,18,Section_7,EndSurvey,2024-09-26 00:04:11.976086,1,,,0.0,,,,,,,,,,,,,,czcerakw,,,,,0,Experiment_1_Persistence,https://app.prolific.com/submissions/complete?cc=C1BTHULB,0.0,1.0,218,,0.0,668c8ffbae575baf6cad36f7,1,1,218,,0.0,D,C,A,C,A,C,C,B,B,B,DCACACCBBB,0.1,0,0.0,1,1,218,,0.0,noisy,random,positive,Fail,red,20,2,2,Fail Box,1,1,218,,0.0,D,B,A,C,B,D,A,B,C,D,DBACBDABCD,1.0,Non-STEM Track,,0,0.0,2,1,1,218,,0.0,R,R,R,R,R,C,C,C,C,C,C,RRRRRCCCCCC,1,1,218,,0.0,0,0,1,0,0,0,0,0,0,im not good at stem,arts and culinary,it was a good experience,Non-STEM Track,1,1,,,,,,,,,,,,,,,,,,,,,,,,,,,,,,,,,,,,,,,,,,,,,,,,,,,,,,,,,,,,,,,,,,,,,,,,,,,,,,,,,,,,,,,,,,,,,,,,,,,,,,,,,,,,,,,,,,,,,,,,,,,,,,,,,,,,,,,,,,,,,,,,,,,,,,,,,,,,,,,,,,,,,,,,,,,,,,,,,,,,,,,,,,,,,,,,,,,,,,,,,,,,,,,,,,,,,,,,,,,,,,,,,,,,,,,,,,,,,,,,,,,,,,,,,,,,,,,,,,,,,,,,,,,,,,,,,,,,,,,,,,,,,,,,,,,,,,,,,,,,,,,,,,,,,,,,,,,
219,c00r4r1m,,0,18,18,Section_7,EndSurvey,2024-09-26 00:04:19.031863,1,,,0.0,,,,,,,,,,,,,,czcerakw,,,,,0,Experiment_1_Persistence,https://app.prolific.com/submissions/complete?cc=C1BTHULB,0.0,1.0,219,,0.0,66bb7f23dfeb90cc288bd460,1,1,219,,0.0,D,B,D,B,C,A,A,C,B,C,DBDBCAACBC,0.2,1,12.191,1,1,219,,0.0,noisy,random,positive,Pass,red,75,4,2,Fail Box,1,1,219,,0.0,B,D,B,C,B,D,C,C,C,B,BDBCBDCCCB,0.3,STEM Track,,0,0.0,2,1,1,219,,0.0,R,R,R,R,R,C,C,C,C,C,C,RRRRRCCCCCC,1,1,219,,0.0,0,0,1,0,0,1,0,0,0,I want the chance to continue going if I answered the certain amount correctly.,Basic Math for work.  Up to Pre-Calculus in school.,"The math problems were difficult. I remember learning some of them in school, but that was about 14 years ago.",STEM Track,1,1,,,,,,,,,,,,,,,,,,,,,,,,,,,,,,,,,,,,,,,,,,,,,,,,,,,,,,,,,,,,,,,,,,,,,,,,,,,,,,,,,,,,,,,,,,,,,,,,,,,,,,,,,,,,,,,,,,,,,,,,,,,,,,,,,,,,,,,,,,,,,,,,,,,,,,,,,,,,,,,,,,,,,,,,,,,,,,,,,,,,,,,,,,,,,,,,,,,,,,,,,,,,,,,,,,,,,,,,,,,,,,,,,,,,,,,,,,,,,,,,,,,,,,,,,,,,,,,,,,,,,,,,,,,,,,,,,,,,,,,,,,,,,,,,,,,,,,,,,,,,,,,,,,,,,,,,,,,
220,0tgzm7ly,,0,18,18,Section_7,EndSurvey,2024-09-26 00:04:20.261952,1,,,0.0,,,,,,,,,,,,,,czcerakw,,,,,0,Experiment_1_Persistence,https://app.prolific.com/submissions/complete?cc=C1BTHULB,0.0,1.0,220,,0.0,6662149979f662803eff17de,1,1,220,,0.0,D,A,,C,D,,,,,,DA_CD_____,0.1,0,0.0,1,1,220,,0.0,noisy,random,ground,Fail,black,50,3,3,Fail Box,1,1,220,,0.0,B,,A,,,D,C,A,,,B_A__DCA__,0.4,STEM Track,,0,0.0,3,1,1,220,,0.0,R,R,R,R,R,C,C,C,C,C,C,RRRRRCCCCCC,1,1,220,,0.0,0,0,1,0,0,0,0,0,0,Confident in my ability to earn the higher bonus,I studied engineering and have worked in automotive,Experience was positive,STEM Track,1,1,,,,,,,,,,,,,,,,,,,,,,,,,,,,,,,,,,,,,,,,,,,,,,,,,,,,,,,,,,,,,,,,,,,,,,,,,,,,,,,,,,,,,,,,,,,,,,,,,,,,,,,,,,,,,,,,,,,,,,,,,,,,,,,,,,,,,,,,,,,,,,,,,,,,,,,,,,,,,,,,,,,,,,,,,,,,,,,,,,,,,,,,,,,,,,,,,,,,,,,,,,,,,,,,,,,,,,,,,,,,,,,,,,,,,,,,,,,,,,,,,,,,,,,,,,,,,,,,,,,,,,,,,,,,,,,,,,,,,,,,,,,,,,,,,,,,,,,,,,,,,,,,,,,,,,,,,,,
221,e6ft2rgm,,0,18,18,Section_7,EndSurvey,2024-09-26 00:04:27.299980,1,,,0.0,,,,,,,,,,,,,,czcerakw,,,,,0,Experiment_1_Persistence,https://app.prolific.com/submissions/complete?cc=C1BTHULB,0.0,1.0,221,,0.0,668ea84ebd40d8a08ffc47ce,1,1,221,,0.0,C,D,C,C,C,C,A,A,A,D,CDCCCCAAAD,0.1,0,0.0,1,1,221,,0.0,noisy,random,positive,Fail,red,50,2,3,Fail Box,1,1,221,,0.0,D,B,A,B,B,D,A,B,C,D,DBABBDABCD,0.9,Non-STEM Track,,0,0.0,3,1,1,221,,0.0,R,C,C,C,C,C,C,C,C,C,C,RCCCCCCCCCC,1,1,221,,0.0,0,1,0,0,0,0,0,0,0,safe-fair-realistic,Communications,Math is hard :),Non-STEM Track,1,1,,,,,,,,,,,,,,,,,,,,,,,,,,,,,,,,,,,,,,,,,,,,,,,,,,,,,,,,,,,,,,,,,,,,,,,,,,,,,,,,,,,,,,,,,,,,,,,,,,,,,,,,,,,,,,,,,,,,,,,,,,,,,,,,,,,,,,,,,,,,,,,,,,,,,,,,,,,,,,,,,,,,,,,,,,,,,,,,,,,,,,,,,,,,,,,,,,,,,,,,,,,,,,,,,,,,,,,,,,,,,,,,,,,,,,,,,,,,,,,,,,,,,,,,,,,,,,,,,,,,,,,,,,,,,,,,,,,,,,,,,,,,,,,,,,,,,,,,,,,,,,,,,,,,,,,,,,,
222,wnvjlfno,,0,18,18,Section_7,EndSurvey,2024-09-26 00:04:49.654032,1,,,0.0,,,,,,,,,,,,,,czcerakw,,,,,0,Experiment_1_Persistence,https://app.prolific.com/submissions/complete?cc=C1BTHULB,0.0,1.0,222,,0.0,66933bd9ffa8d76ccb02aa43,1,1,222,,0.0,D,A,A,C,C,B,D,D,B,A,DAACCBDDBA,0.3,0,0.0,1,1,222,,0.0,noisy,random,positive,Pass,red,25,2,2,Fail Box,1,1,222,,0.0,D,B,A,C,B,D,A,B,C,D,DBACBDABCD,1.0,Non-STEM Track,,0,0.0,2,1,1,222,,0.0,R,R,R,R,R,R,C,R,C,C,C,RRRRRRCRCCC,1,1,222,,0.0,0,1,0,0,0,0,0,0,0,I’ve never been good with complex stem questions ,History ,I didn’t like the stem but the rest was fun ,Non-STEM Track,1,1,,,,,,,,,,,,,,,,,,,,,,,,,,,,,,,,,,,,,,,,,,,,,,,,,,,,,,,,,,,,,,,,,,,,,,,,,,,,,,,,,,,,,,,,,,,,,,,,,,,,,,,,,,,,,,,,,,,,,,,,,,,,,,,,,,,,,,,,,,,,,,,,,,,,,,,,,,,,,,,,,,,,,,,,,,,,,,,,,,,,,,,,,,,,,,,,,,,,,,,,,,,,,,,,,,,,,,,,,,,,,,,,,,,,,,,,,,,,,,,,,,,,,,,,,,,,,,,,,,,,,,,,,,,,,,,,,,,,,,,,,,,,,,,,,,,,,,,,,,,,,,,,,,,,,,,,,,,
223,2ygibmvu,,0,18,18,Section_7,EndSurvey,2024-09-26 00:04:50.391930,1,,,0.0,,,,,,,,,,,,,,czcerakw,,,,,0,Experiment_1_Persistence,https://app.prolific.com/submissions/complete?cc=C1BTHULB,0.0,1.0,223,,0.0,5c9a7872e2a8d00001585513,1,1,223,,0.0,B,A,B,D,D,B,D,C,A,B,BABDDBDCAB,0.5,0,0.0,1,1,223,,0.0,noisy,random,positive,Pass,black,20,2,3,Pass Box,1,1,223,,0.0,D,B,A,C,B,D,A,B,C,D,DBACBDABCD,1.0,Non-STEM Track,,0,0.0,3,1,1,223,,0.0,R,R,R,R,C,C,C,C,C,C,C,RRRRCCCCCCC,1,1,223,,0.0,0,0,1,1,1,0,0,0,0,Easier to get correct answers.,"Academic writing, information technology, and office software.",Instructions were a little difficult to understand for the decisions after the STEM quiz.,Non-STEM Track,1,1,,,,,,,,,,,,,,,,,,,,,,,,,,,,,,,,,,,,,,,,,,,,,,,,,,,,,,,,,,,,,,,,,,,,,,,,,,,,,,,,,,,,,,,,,,,,,,,,,,,,,,,,,,,,,,,,,,,,,,,,,,,,,,,,,,,,,,,,,,,,,,,,,,,,,,,,,,,,,,,,,,,,,,,,,,,,,,,,,,,,,,,,,,,,,,,,,,,,,,,,,,,,,,,,,,,,,,,,,,,,,,,,,,,,,,,,,,,,,,,,,,,,,,,,,,,,,,,,,,,,,,,,,,,,,,,,,,,,,,,,,,,,,,,,,,,,,,,,,,,,,,,,,,,,,,,,,,,
224,gtytskye,,0,18,18,Section_7,EndSurvey,2024-09-26 00:05:20.241504,1,,,0.0,,,,,,,,,,,,,,czcerakw,,,,,0,Experiment_1_Persistence,https://app.prolific.com/submissions/complete?cc=C1BTHULB,0.0,1.0,224,,0.0,65e398ef884e5dd8e5970152,1,1,224,,0.0,D,C,A,B,B,A,D,B,A,C,DCABBADBAC,0.3,0,0.0,1,1,224,,0.0,noisy,random,negative,Pass,red,10,1,1,Fail Box,1,1,224,,0.0,D,B,A,C,B,D,A,B,C,D,DBACBDABCD,1.0,Non-STEM Track,,0,0.0,1,1,1,224,,0.0,R,R,R,R,C,C,C,C,C,C,C,RRRRCCCCCCC,1,1,224,,0.0,0,0,1,0,0,0,0,0,0,I thought I would perform better.,Pharmacy Technology and Hospitality,It was fun.,Non-STEM Track,1,1,,,,,,,,,,,,,,,,,,,,,,,,,,,,,,,,,,,,,,,,,,,,,,,,,,,,,,,,,,,,,,,,,,,,,,,,,,,,,,,,,,,,,,,,,,,,,,,,,,,,,,,,,,,,,,,,,,,,,,,,,,,,,,,,,,,,,,,,,,,,,,,,,,,,,,,,,,,,,,,,,,,,,,,,,,,,,,,,,,,,,,,,,,,,,,,,,,,,,,,,,,,,,,,,,,,,,,,,,,,,,,,,,,,,,,,,,,,,,,,,,,,,,,,,,,,,,,,,,,,,,,,,,,,,,,,,,,,,,,,,,,,,,,,,,,,,,,,,,,,,,,,,,,,,,,,,,,,
225,fs8uw41m,,0,18,18,Section_7,EndSurvey,2024-09-26 00:05:21.909733,1,,,0.0,,,,,,,,,,,,,,czcerakw,,,,,0,Experiment_1_Persistence,https://app.prolific.com/submissions/complete?cc=C1BTHULB,0.0,1.0,225,,0.0,669b29f514caa691679be385,1,1,225,,0.0,D,A,B,B,A,B,D,C,C,B,DABBABDCCB,0.7,0,0.0,1,1,225,,0.0,noisy,random,ground,Fail,black,90,9,9,Fail Box,1,1,225,,0.0,D,B,A,C,B,D,A,B,C,D,DBACBDABCD,1.0,Non-STEM Track,,0,0.0,9,1,1,225,,0.0,R,R,R,R,R,C,C,C,C,C,C,RRRRRCCCCCC,1,1,225,,0.0,0,0,1,0,1,0,0,0,0,I have never been good at math and I think I am better at other things.,Social sciences.,I had fun. It felt like I was back in school again. I wish I knew the purpose of this test.,Non-STEM Track,1,1,,,,,,,,,,,,,,,,,,,,,,,,,,,,,,,,,,,,,,,,,,,,,,,,,,,,,,,,,,,,,,,,,,,,,,,,,,,,,,,,,,,,,,,,,,,,,,,,,,,,,,,,,,,,,,,,,,,,,,,,,,,,,,,,,,,,,,,,,,,,,,,,,,,,,,,,,,,,,,,,,,,,,,,,,,,,,,,,,,,,,,,,,,,,,,,,,,,,,,,,,,,,,,,,,,,,,,,,,,,,,,,,,,,,,,,,,,,,,,,,,,,,,,,,,,,,,,,,,,,,,,,,,,,,,,,,,,,,,,,,,,,,,,,,,,,,,,,,,,,,,,,,,,,,,,,,,,,
226,avjcs1lh,,0,18,18,Section_7,EndSurvey,2024-09-26 00:05:24.838123,1,,,0.0,,,,,,,,,,,,,,czcerakw,,,,,0,Experiment_1_Persistence,https://app.prolific.com/submissions/complete?cc=C1BTHULB,0.0,1.0,226,,0.0,661a91f75f980845e760cf62,1,1,226,,0.0,C,A,A,B,B,B,D,C,C,C,CAABBBDCCC,0.7,0,0.0,1,1,226,,0.0,noisy,random,ground,Pass,red,40,5,4,Pass Box,1,1,226,,0.0,B,D,C,B,A,D,C,A,C,C,BDCBADCACC,0.7,STEM Track,,0,0.0,4,1,1,226,,0.0,R,R,R,R,C,C,C,C,C,C,C,RRRRCCCCCCC,1,1,226,,0.0,0,0,1,0,0,0,0,0,0,Better in math than english,"math, physics, engineering is my profession","cool survey, liked the questions",STEM Track,1,1,,,,,,,,,,,,,,,,,,,,,,,,,,,,,,,,,,,,,,,,,,,,,,,,,,,,,,,,,,,,,,,,,,,,,,,,,,,,,,,,,,,,,,,,,,,,,,,,,,,,,,,,,,,,,,,,,,,,,,,,,,,,,,,,,,,,,,,,,,,,,,,,,,,,,,,,,,,,,,,,,,,,,,,,,,,,,,,,,,,,,,,,,,,,,,,,,,,,,,,,,,,,,,,,,,,,,,,,,,,,,,,,,,,,,,,,,,,,,,,,,,,,,,,,,,,,,,,,,,,,,,,,,,,,,,,,,,,,,,,,,,,,,,,,,,,,,,,,,,,,,,,,,,,,,,,,,,,
227,g1ps2y4a,,0,18,18,Section_7,EndSurvey,2024-09-26 00:06:24.292730,1,,,0.0,,,,,,,,,,,,,,czcerakw,,,,,0,Experiment_1_Persistence,https://app.prolific.com/submissions/complete?cc=C1BTHULB,0.0,1.0,227,,0.0,5d0c46b3dff7d70019e6dda7,1,1,227,,0.0,D,C,B,C,C,C,,,,,DCBCCC____,0.0,0,0.0,1,1,227,,0.0,noisy,random,negative,Pass,red,0,0,0,Pass Box,1,1,227,,0.0,D,B,A,C,B,D,A,B,C,D,DBACBDABCD,1.0,Non-STEM Track,,0,0.0,0,1,1,227,,0.0,R,R,R,R,R,C,C,C,C,C,C,RRRRRCCCCCC,1,1,227,,0.0,0,0,1,0,0,0,0,0,0,I figured it'd be easier,STEM,It was easy,Non-STEM Track,1,1,,,,,,,,,,,,,,,,,,,,,,,,,,,,,,,,,,,,,,,,,,,,,,,,,,,,,,,,,,,,,,,,,,,,,,,,,,,,,,,,,,,,,,,,,,,,,,,,,,,,,,,,,,,,,,,,,,,,,,,,,,,,,,,,,,,,,,,,,,,,,,,,,,,,,,,,,,,,,,,,,,,,,,,,,,,,,,,,,,,,,,,,,,,,,,,,,,,,,,,,,,,,,,,,,,,,,,,,,,,,,,,,,,,,,,,,,,,,,,,,,,,,,,,,,,,,,,,,,,,,,,,,,,,,,,,,,,,,,,,,,,,,,,,,,,,,,,,,,,,,,,,,,,,,,,,,,,,
228,mljvgo1y,,0,18,18,Section_7,EndSurvey,2024-09-26 00:06:35.634855,1,,,0.0,,,,,,,,,,,,,,czcerakw,,,,,0,Experiment_1_Persistence,https://app.prolific.com/submissions/complete?cc=C1BTHULB,0.0,1.0,228,,0.0,5c1a7f152a85450001a876e0,1,1,228,,0.0,D,A,B,C,A,A,C,A,C,B,DABCAACACB,0.3,2,3.637,1,1,228,,0.0,noisy,random,negative,Pass,red,2,0,1,Pass Box,1,1,228,,0.0,D,B,A,C,B,D,A,B,C,D,DBACBDABCD,1.0,Non-STEM Track,,1,3.991,1,1,1,228,,0.0,R,R,R,R,R,R,C,C,C,C,C,RRRRRRCCCCC,1,1,228,,0.0,0,0,1,0,0,0,0,0,0,My brain is tired,math accounting science,,Non-STEM Track,1,1,,,,,,,,,,,,,,,,,,,,,,,,,,,,,,,,,,,,,,,,,,,,,,,,,,,,,,,,,,,,,,,,,,,,,,,,,,,,,,,,,,,,,,,,,,,,,,,,,,,,,,,,,,,,,,,,,,,,,,,,,,,,,,,,,,,,,,,,,,,,,,,,,,,,,,,,,,,,,,,,,,,,,,,,,,,,,,,,,,,,,,,,,,,,,,,,,,,,,,,,,,,,,,,,,,,,,,,,,,,,,,,,,,,,,,,,,,,,,,,,,,,,,,,,,,,,,,,,,,,,,,,,,,,,,,,,,,,,,,,,,,,,,,,,,,,,,,,,,,,,,,,,,,,,,,,,,,,
229,dcmpzhl2,,0,18,18,Section_7,EndSurvey,2024-09-26 00:06:40.575717,1,,,0.0,,,,,,,,,,,,,,czcerakw,,,,,0,Experiment_1_Persistence,https://app.prolific.com/submissions/complete?cc=C1BTHULB,0.0,1.0,229,,0.0,627448a7458cf55c0cdea3bb,1,1,229,,0.0,C,A,B,B,B,C,C,B,B,B,CABBBCCBBB,0.4,0,0.0,1,1,229,,0.0,noisy,random,positive,Fail,red,20,2,7,Pass Box,1,1,229,,0.0,D,B,A,C,B,D,A,B,C,D,DBACBDABCD,1.0,Non-STEM Track,,0,0.0,7,1,1,229,,0.0,R,C,C,C,C,C,C,C,C,C,C,RCCCCCCCCCC,1,1,229,,0.0,0,1,1,0,1,0,0,0,0,"I'm a former foster kid, I did my best in school but it's been a long time and a hard life since then. I went to over 12 schools overall.","I studied everything in high school, but I went to an art college and worked in the game industry for a time. In terms of other industries I worked a bit in sales selling computers, I've done landscaping, data entry, worked st grocery stores , and sold art commissions. ","It was okay, if I had the tools to do so I would have done a better job but alas my knowledge is still lacking in some crucial areas. ",Non-STEM Track,1,1,,,,,,,,,,,,,,,,,,,,,,,,,,,,,,,,,,,,,,,,,,,,,,,,,,,,,,,,,,,,,,,,,,,,,,,,,,,,,,,,,,,,,,,,,,,,,,,,,,,,,,,,,,,,,,,,,,,,,,,,,,,,,,,,,,,,,,,,,,,,,,,,,,,,,,,,,,,,,,,,,,,,,,,,,,,,,,,,,,,,,,,,,,,,,,,,,,,,,,,,,,,,,,,,,,,,,,,,,,,,,,,,,,,,,,,,,,,,,,,,,,,,,,,,,,,,,,,,,,,,,,,,,,,,,,,,,,,,,,,,,,,,,,,,,,,,,,,,,,,,,,,,,,,,,,,,,,,
230,j5a7z8mj,,0,18,18,Section_7,EndSurvey,2024-09-26 00:06:50.377814,1,,,0.0,,,,,,,,,,,,,,czcerakw,,,,,0,Experiment_1_Persistence,https://app.prolific.com/submissions/complete?cc=C1BTHULB,0.0,1.0,230,,0.0,668f5c308e23cd8a217c5dfe,1,1,230,,0.0,B,A,A,B,B,A,C,D,B,B,BAABBACDBB,0.4,0,0.0,1,1,230,,0.0,noisy,random,negative,Pass,red,50,4,2,Pass Box,1,1,230,,0.0,A,B,A,D,B,D,A,D,C,D,ABADBDADCD,0.7,Non-STEM Track,,0,0.0,2,1,1,230,,0.0,R,R,R,R,R,C,C,C,C,C,C,RRRRRCCCCCC,1,1,230,,0.0,1,0,1,0,0,0,0,0,0,I chose it because I felt that I could get more right on the Non-STEM track. ,"Computer Science, Business, Math, Science. ",It was good ,Non-STEM Track,1,1,,,,,,,,,,,,,,,,,,,,,,,,,,,,,,,,,,,,,,,,,,,,,,,,,,,,,,,,,,,,,,,,,,,,,,,,,,,,,,,,,,,,,,,,,,,,,,,,,,,,,,,,,,,,,,,,,,,,,,,,,,,,,,,,,,,,,,,,,,,,,,,,,,,,,,,,,,,,,,,,,,,,,,,,,,,,,,,,,,,,,,,,,,,,,,,,,,,,,,,,,,,,,,,,,,,,,,,,,,,,,,,,,,,,,,,,,,,,,,,,,,,,,,,,,,,,,,,,,,,,,,,,,,,,,,,,,,,,,,,,,,,,,,,,,,,,,,,,,,,,,,,,,,,,,,,,,,,
231,6ajrwdmu,,0,18,18,Section_7,EndSurvey,2024-09-26 00:06:50.399522,1,,,0.0,,,,,,,,,,,,,,czcerakw,,,,,0,Experiment_1_Persistence,https://app.prolific.com/submissions/complete?cc=C1BTHULB,0.0,1.0,231,,0.0,632339023c3bf456b2b2061d,1,1,231,,0.0,D,B,D,D,B,B,D,C,A,B,DBDDBBDCAB,0.5,0,0.0,1,1,231,,0.0,noisy,random,positive,Fail,red,70,6,6,Fail Box,1,1,231,,0.0,D,B,A,C,B,D,A,B,C,C,DBACBDABCC,0.9,Non-STEM Track,,0,0.0,6,1,1,231,,0.0,R,R,R,R,R,C,C,C,C,C,C,RRRRRCCCCCC,1,1,231,,0.0,0,0,1,0,0,1,0,0,0,I didn't trust my ability to get the answers right.,"I studied architecture in school, and I work in the manufacturing industry.",,Non-STEM Track,1,1,,,,,,,,,,,,,,,,,,,,,,,,,,,,,,,,,,,,,,,,,,,,,,,,,,,,,,,,,,,,,,,,,,,,,,,,,,,,,,,,,,,,,,,,,,,,,,,,,,,,,,,,,,,,,,,,,,,,,,,,,,,,,,,,,,,,,,,,,,,,,,,,,,,,,,,,,,,,,,,,,,,,,,,,,,,,,,,,,,,,,,,,,,,,,,,,,,,,,,,,,,,,,,,,,,,,,,,,,,,,,,,,,,,,,,,,,,,,,,,,,,,,,,,,,,,,,,,,,,,,,,,,,,,,,,,,,,,,,,,,,,,,,,,,,,,,,,,,,,,,,,,,,,,,,,,,,,,
232,zydnals7,,0,18,18,Section_7,EndSurvey,2024-09-26 00:07:00.001315,1,,,0.0,,,,,,,,,,,,,,czcerakw,,,,,0,Experiment_1_Persistence,https://app.prolific.com/submissions/complete?cc=C1BTHULB,0.0,1.0,232,,0.0,66f1dc27b04f13110f25da48,1,1,232,,0.0,B,A,A,D,C,C,A,D,D,A,BAADCCADDA,0.1,0,0.0,1,1,232,,0.0,noisy,random,negative,Fail,red,33,4,4,Fail Box,1,1,232,,0.0,D,B,A,C,B,D,A,B,C,D,DBACBDABCD,1.0,Non-STEM Track,,0,0.0,4,1,1,232,,0.0,R,R,R,R,C,C,C,C,C,C,C,RRRRCCCCCCC,1,1,232,,0.0,0,0,1,0,1,0,0,0,0,It's been a while since I had to deal with STEM related questions and I felt like I wouldn't be able to properly answer them in the time given to a successful degree.,"Politics, philosophy, and psychology",It was stressful but fun!,Non-STEM Track,1,1,,,,,,,,,,,,,,,,,,,,,,,,,,,,,,,,,,,,,,,,,,,,,,,,,,,,,,,,,,,,,,,,,,,,,,,,,,,,,,,,,,,,,,,,,,,,,,,,,,,,,,,,,,,,,,,,,,,,,,,,,,,,,,,,,,,,,,,,,,,,,,,,,,,,,,,,,,,,,,,,,,,,,,,,,,,,,,,,,,,,,,,,,,,,,,,,,,,,,,,,,,,,,,,,,,,,,,,,,,,,,,,,,,,,,,,,,,,,,,,,,,,,,,,,,,,,,,,,,,,,,,,,,,,,,,,,,,,,,,,,,,,,,,,,,,,,,,,,,,,,,,,,,,,,,,,,,,,
233,6zgof17i,,0,18,18,Section_7,EndSurvey,2024-09-26 00:07:00.579388,1,,,0.0,,,,,,,,,,,,,,czcerakw,,,,,0,Experiment_1_Persistence,https://app.prolific.com/submissions/complete?cc=C1BTHULB,0.0,1.0,233,,0.0,66b2062c8571c93aa39a8abc,1,1,233,,0.0,C,A,B,C,A,B,C,D,A,A,CABCABCDAA,0.2,0,0.0,1,1,233,,0.0,noisy,random,positive,Fail,red,35,2,4,Fail Box,1,1,233,,0.0,D,B,A,C,B,D,A,B,C,D,DBACBDABCD,1.0,Non-STEM Track,,0,0.0,4,1,1,233,,0.0,R,R,R,R,C,C,C,C,C,C,C,RRRRCCCCCCC,1,1,233,,0.0,0,0,1,0,0,1,0,0,0,I was not confident in my ability to answer the stem related questions because I could not remember how to solve a lot of the questions in the first test. ,"I mainly studied art related subjects and math, and ive only ever worked in retail. ",my experience was fine i just wish i had more time to try and solve the first batch of stem questions. ,Non-STEM Track,1,1,,,,,,,,,,,,,,,,,,,,,,,,,,,,,,,,,,,,,,,,,,,,,,,,,,,,,,,,,,,,,,,,,,,,,,,,,,,,,,,,,,,,,,,,,,,,,,,,,,,,,,,,,,,,,,,,,,,,,,,,,,,,,,,,,,,,,,,,,,,,,,,,,,,,,,,,,,,,,,,,,,,,,,,,,,,,,,,,,,,,,,,,,,,,,,,,,,,,,,,,,,,,,,,,,,,,,,,,,,,,,,,,,,,,,,,,,,,,,,,,,,,,,,,,,,,,,,,,,,,,,,,,,,,,,,,,,,,,,,,,,,,,,,,,,,,,,,,,,,,,,,,,,,,,,,,,,,,
234,rl06p01m,,0,18,18,Section_7,EndSurvey,2024-09-26 00:07:04.300321,1,,,0.0,,,,,,,,,,,,,,czcerakw,,,,,0,Experiment_1_Persistence,https://app.prolific.com/submissions/complete?cc=C1BTHULB,0.0,1.0,234,,0.0,66ee033078ac153667a8aa2f,1,1,234,,0.0,B,C,A,B,C,B,C,C,B,B,BCABCBCCBB,0.4,0,1727309435.496,1,1,234,,0.0,noisy,random,negative,Fail,black,55,5,5,Pass Box,1,1,234,,0.0,D,B,B,C,B,D,A,B,C,D,DBBCBDABCD,0.9,Non-STEM Track,,0,0.0,5,1,1,234,,0.0,R,R,R,R,R,C,C,C,C,C,C,RRRRRCCCCCC,1,1,234,,0.0,0,0,1,0,0,0,0,0,0,because i am well versed with non stem track ,"studied finance public management and i have worked at finance ,manufacturing education and training hospitality and tourism ",na,Non-STEM Track,1,1,,,,,,,,,,,,,,,,,,,,,,,,,,,,,,,,,,,,,,,,,,,,,,,,,,,,,,,,,,,,,,,,,,,,,,,,,,,,,,,,,,,,,,,,,,,,,,,,,,,,,,,,,,,,,,,,,,,,,,,,,,,,,,,,,,,,,,,,,,,,,,,,,,,,,,,,,,,,,,,,,,,,,,,,,,,,,,,,,,,,,,,,,,,,,,,,,,,,,,,,,,,,,,,,,,,,,,,,,,,,,,,,,,,,,,,,,,,,,,,,,,,,,,,,,,,,,,,,,,,,,,,,,,,,,,,,,,,,,,,,,,,,,,,,,,,,,,,,,,,,,,,,,,,,,,,,,,,
235,j4971zlz,,0,18,18,Section_7,EndSurvey,2024-09-26 00:07:32.490421,1,,,0.0,,,,,,,,,,,,,,czcerakw,,,,,0,Experiment_1_Persistence,https://app.prolific.com/submissions/complete?cc=C1BTHULB,0.0,1.0,235,,0.0,6145a88c94a2c86532d36b0f,1,1,235,,0.0,A,A,D,B,A,B,C,B,B,C,AADBABCBBC,0.4,0,0.0,1,1,235,,0.0,noisy,random,positive,Fail,red,100,5,5,Pass Box,1,1,235,,0.0,D,B,A,C,B,D,A,B,C,D,DBACBDABCD,1.0,Non-STEM Track,,0,0.0,5,1,1,235,,0.0,R,R,R,R,R,R,R,R,R,R,C,RRRRRRRRRRC,1,1,235,,0.0,0,0,0,0,1,0,0,0,0,Math takes much longer ,Math and Finances ,N/A,Non-STEM Track,1,1,,,,,,,,,,,,,,,,,,,,,,,,,,,,,,,,,,,,,,,,,,,,,,,,,,,,,,,,,,,,,,,,,,,,,,,,,,,,,,,,,,,,,,,,,,,,,,,,,,,,,,,,,,,,,,,,,,,,,,,,,,,,,,,,,,,,,,,,,,,,,,,,,,,,,,,,,,,,,,,,,,,,,,,,,,,,,,,,,,,,,,,,,,,,,,,,,,,,,,,,,,,,,,,,,,,,,,,,,,,,,,,,,,,,,,,,,,,,,,,,,,,,,,,,,,,,,,,,,,,,,,,,,,,,,,,,,,,,,,,,,,,,,,,,,,,,,,,,,,,,,,,,,,,,,,,,,,,
236,qsmqn89a,,0,18,18,Section_7,EndSurvey,2024-09-26 00:07:36.077754,1,,,0.0,,,,,,,,,,,,,,czcerakw,,,,,0,Experiment_1_Persistence,https://app.prolific.com/submissions/complete?cc=C1BTHULB,0.0,1.0,236,,0.0,66b8051213c46524cf76d1a2,1,1,236,,0.0,D,A,A,B,D,B,D,B,D,B,DAABDBDBDB,0.5,0,0.0,1,1,236,,0.0,noisy,random,positive,Fail,red,50,8,7,Fail Box,1,1,236,,0.0,B,B,C,C,A,D,C,A,B,C,BBCCADCABC,0.8,STEM Track,,0,0.0,7,1,1,236,,0.0,R,R,R,R,R,R,C,C,C,C,C,RRRRRRCCCCC,1,1,236,,0.0,0,0,1,0,0,0,0,0,0,I have always done somewhat well in the STEM field previously.,"CHEM, CS, and various math subjects",No feedback,STEM Track,1,1,,,,,,,,,,,,,,,,,,,,,,,,,,,,,,,,,,,,,,,,,,,,,,,,,,,,,,,,,,,,,,,,,,,,,,,,,,,,,,,,,,,,,,,,,,,,,,,,,,,,,,,,,,,,,,,,,,,,,,,,,,,,,,,,,,,,,,,,,,,,,,,,,,,,,,,,,,,,,,,,,,,,,,,,,,,,,,,,,,,,,,,,,,,,,,,,,,,,,,,,,,,,,,,,,,,,,,,,,,,,,,,,,,,,,,,,,,,,,,,,,,,,,,,,,,,,,,,,,,,,,,,,,,,,,,,,,,,,,,,,,,,,,,,,,,,,,,,,,,,,,,,,,,,,,,,,,,,
237,vzqfmr5v,,0,18,18,Section_7,EndSurvey,2024-09-26 00:07:43.973719,1,,,0.0,,,,,,,,,,,,,,czcerakw,,,,,0,Experiment_1_Persistence,https://app.prolific.com/submissions/complete?cc=C1BTHULB,0.0,1.0,237,,0.0,6678c37722059e0a2e718dbb,1,1,237,,0.0,D,C,C,B,D,C,B,A,C,C,DCCBDCBACC,0.3,0,0.0,1,1,237,,0.0,noisy,random,positive,Fail,red,10,2,4,Fail Box,1,1,237,,0.0,A,A,A,C,B,B,A,C,C,D,AAACBBACCD,0.6,Non-STEM Track,,0,0.0,4,1,1,237,,0.0,R,R,C,C,C,C,C,C,C,C,C,RRCCCCCCCCC,1,1,237,,0.0,0,0,1,0,0,0,0,0,0,go big or go home,saftey,tough,Non-STEM Track,1,1,,,,,,,,,,,,,,,,,,,,,,,,,,,,,,,,,,,,,,,,,,,,,,,,,,,,,,,,,,,,,,,,,,,,,,,,,,,,,,,,,,,,,,,,,,,,,,,,,,,,,,,,,,,,,,,,,,,,,,,,,,,,,,,,,,,,,,,,,,,,,,,,,,,,,,,,,,,,,,,,,,,,,,,,,,,,,,,,,,,,,,,,,,,,,,,,,,,,,,,,,,,,,,,,,,,,,,,,,,,,,,,,,,,,,,,,,,,,,,,,,,,,,,,,,,,,,,,,,,,,,,,,,,,,,,,,,,,,,,,,,,,,,,,,,,,,,,,,,,,,,,,,,,,,,,,,,,,
238,s4trqoyj,,0,4,18,Section_1,Conclusion,2024-09-26 00:07:56.476362,1,,,0.0,,,,,,,,,,,,,,czcerakw,,,,,0,Experiment_1_Persistence,https://app.prolific.com/submissions/complete?cc=C1BTHULB,0.0,1.0,238,,0.0,66906f6e148cb285d1aa903a,1,1,238,,0.0,,,,,,,,,,,__________,0.0,0,0.0,1,1,238,,0.0,,,,,,,,,,1,1,238,,0.0,,,,,,,,,,,,,,,,,,1,1,238,,0.0,,,,,,,,,,,,,1,1,238,,0.0,0,0,0,0,0,0,0,0,0,,,,,1,1,,,,,,,,,,,,,,,,,,,,,,,,,,,,,,,,,,,,,,,,,,,,,,,,,,,,,,,,,,,,,,,,,,,,,,,,,,,,,,,,,,,,,,,,,,,,,,,,,,,,,,,,,,,,,,,,,,,,,,,,,,,,,,,,,,,,,,,,,,,,,,,,,,,,,,,,,,,,,,,,,,,,,,,,,,,,,,,,,,,,,,,,,,,,,,,,,,,,,,,,,,,,,,,,,,,,,,,,,,,,,,,,,,,,,,,,,,,,,,,,,,,,,,,,,,,,,,,,,,,,,,,,,,,,,,,,,,,,,,,,,,,,,,,,,,,,,,,,,,,,,,,,,,,,,,,,,,,
239,fheoos8p,,0,1,18,Intro,Intro,2024-09-26 00:08:01.649074,1,,,0.0,,,,,,,,,,,,,,czcerakw,,,,,0,Experiment_1_Persistence,https://app.prolific.com/submissions/complete?cc=C1BTHULB,0.0,1.0,239,,0.0,,1,1,239,,0.0,,,,,,,,,,,,,,,1,1,239,,0.0,,,,,,,,,,1,1,239,,0.0,,,,,,,,,,,,,,,,,,1,1,239,,0.0,,,,,,,,,,,,,1,1,239,,0.0,0,0,0,0,0,0,0,0,0,,,,,1,1,,,,,,,,,,,,,,,,,,,,,,,,,,,,,,,,,,,,,,,,,,,,,,,,,,,,,,,,,,,,,,,,,,,,,,,,,,,,,,,,,,,,,,,,,,,,,,,,,,,,,,,,,,,,,,,,,,,,,,,,,,,,,,,,,,,,,,,,,,,,,,,,,,,,,,,,,,,,,,,,,,,,,,,,,,,,,,,,,,,,,,,,,,,,,,,,,,,,,,,,,,,,,,,,,,,,,,,,,,,,,,,,,,,,,,,,,,,,,,,,,,,,,,,,,,,,,,,,,,,,,,,,,,,,,,,,,,,,,,,,,,,,,,,,,,,,,,,,,,,,,,,,,,,,,,,,,,,
240,d0h3t2uj,,0,18,18,Section_7,EndSurvey,2024-09-26 00:08:02.431297,1,,,0.0,,,,,,,,,,,,,,czcerakw,,,,,0,Experiment_1_Persistence,https://app.prolific.com/submissions/complete?cc=C1BTHULB,0.0,1.0,240,,0.0,641c6e365da0d222c4471854,1,1,240,,0.0,D,A,B,B,C,A,B,B,D,B,DABBCABBDB,0.3,0,0.0,1,1,240,,0.0,noisy,random,positive,Fail,red,90,3,10,Fail Box,1,1,240,,0.0,D,B,A,C,B,D,A,B,C,D,DBACBDABCD,1.0,Non-STEM Track,,0,0.0,10,1,1,240,,0.0,R,C,C,C,C,C,C,C,C,C,C,RCCCCCCCCCC,1,1,240,,0.0,0,0,1,0,0,0,0,0,0,I thought it would be a waste of my time as I was not going to get the questions correct.,Business,"I enjoyed it, it was a fun experience.",Non-STEM Track,1,1,,,,,,,,,,,,,,,,,,,,,,,,,,,,,,,,,,,,,,,,,,,,,,,,,,,,,,,,,,,,,,,,,,,,,,,,,,,,,,,,,,,,,,,,,,,,,,,,,,,,,,,,,,,,,,,,,,,,,,,,,,,,,,,,,,,,,,,,,,,,,,,,,,,,,,,,,,,,,,,,,,,,,,,,,,,,,,,,,,,,,,,,,,,,,,,,,,,,,,,,,,,,,,,,,,,,,,,,,,,,,,,,,,,,,,,,,,,,,,,,,,,,,,,,,,,,,,,,,,,,,,,,,,,,,,,,,,,,,,,,,,,,,,,,,,,,,,,,,,,,,,,,,,,,,,,,,,,
241,sv6mpuq6,,0,18,18,Section_7,EndSurvey,2024-09-26 00:08:08.302628,1,,,0.0,,,,,,,,,,,,,,czcerakw,,,,,0,Experiment_1_Persistence,https://app.prolific.com/submissions/complete?cc=C1BTHULB,0.0,1.0,241,,0.0,66abec2fd3d6ab33fb42bd60,1,1,241,,0.0,B,D,C,D,B,C,A,D,C,B,BDCDBCADCB,0.4,0,0.0,1,1,241,,0.0,noisy,random,positive,Pass,black,10,2,3,Pass Box,1,1,241,,0.0,D,B,A,C,B,D,A,B,C,D,DBACBDABCD,1.0,Non-STEM Track,,0,0.0,3,1,1,241,,0.0,R,R,R,R,C,C,C,C,C,C,C,RRRRCCCCCCC,1,1,241,,0.0,0,0,1,0,0,0,0,0,0,I didn’t really know any of the math questions as it has been years since I’ve done those kind of equations. ,Finance and business. I work in technology product development ,,Non-STEM Track,1,1,,,,,,,,,,,,,,,,,,,,,,,,,,,,,,,,,,,,,,,,,,,,,,,,,,,,,,,,,,,,,,,,,,,,,,,,,,,,,,,,,,,,,,,,,,,,,,,,,,,,,,,,,,,,,,,,,,,,,,,,,,,,,,,,,,,,,,,,,,,,,,,,,,,,,,,,,,,,,,,,,,,,,,,,,,,,,,,,,,,,,,,,,,,,,,,,,,,,,,,,,,,,,,,,,,,,,,,,,,,,,,,,,,,,,,,,,,,,,,,,,,,,,,,,,,,,,,,,,,,,,,,,,,,,,,,,,,,,,,,,,,,,,,,,,,,,,,,,,,,,,,,,,,,,,,,,,,,
242,dpwikgk6,,0,18,18,Section_7,EndSurvey,2024-09-26 00:08:22.902540,1,,,0.0,,,,,,,,,,,,,,czcerakw,,,,,0,Experiment_1_Persistence,https://app.prolific.com/submissions/complete?cc=C1BTHULB,0.0,1.0,242,,0.0,58578946c41fd90001434680,1,1,242,,0.0,B,C,B,C,B,C,A,C,C,C,BCBCBCACCC,0.3,0,0.0,1,1,242,,0.0,noisy,random,positive,Pass,red,20,2,2,Fail Box,1,1,242,,0.0,D,B,A,C,B,D,A,B,C,D,DBACBDABCD,1.0,Non-STEM Track,,0,0.0,2,1,1,242,,0.0,R,R,R,R,R,C,C,C,C,C,C,RRRRRCCCCCC,1,1,242,,0.0,0,0,1,0,0,0,0,0,0,The math questions were too difficult for me. ,"Biology, English, Algebra, Spanish, Zoology, and History in education. I primarily worked in telecommunications technology in my IT career.",The STEM test was very difficult and honestly made me feel completely out of my element but I know I aced the second test so I feel a bit better about myself.,Non-STEM Track,1,1,,,,,,,,,,,,,,,,,,,,,,,,,,,,,,,,,,,,,,,,,,,,,,,,,,,,,,,,,,,,,,,,,,,,,,,,,,,,,,,,,,,,,,,,,,,,,,,,,,,,,,,,,,,,,,,,,,,,,,,,,,,,,,,,,,,,,,,,,,,,,,,,,,,,,,,,,,,,,,,,,,,,,,,,,,,,,,,,,,,,,,,,,,,,,,,,,,,,,,,,,,,,,,,,,,,,,,,,,,,,,,,,,,,,,,,,,,,,,,,,,,,,,,,,,,,,,,,,,,,,,,,,,,,,,,,,,,,,,,,,,,,,,,,,,,,,,,,,,,,,,,,,,,,,,,,,,,,
243,qg3f2i4x,,0,18,18,Section_7,EndSurvey,2024-09-26 00:08:35.047381,1,,,0.0,,,,,,,,,,,,,,czcerakw,,,,,0,Experiment_1_Persistence,https://app.prolific.com/submissions/complete?cc=C1BTHULB,0.0,1.0,243,,0.0,642ee1cb7e6da0f6158a6743,1,1,243,,0.0,C,B,D,A,A,B,B,B,C,C,CBDAABBBCC,0.2,0,0.0,1,1,243,,0.0,noisy,random,ground,Fail,black,50,2,3,Fail Box,1,1,243,,0.0,D,B,A,C,B,D,A,B,C,D,DBACBDABCD,1.0,Non-STEM Track,,0,0.0,3,1,1,243,,0.0,R,R,R,R,R,C,C,C,C,C,C,RRRRRCCCCCC,1,1,243,,0.0,0,0,1,0,0,0,0,0,0,"As much as I enjoy science-math my math skills are absent to solve those problems. I am 63 years old and last college math class was 40 years ago, and thought I would give the non-stem a whirl since I thought my odds of getting a right answer were greater.","Business Administration, math, statistics, human resource management, early computer classes (IBM PC with no hard drives! hahaha and MS-dos) Worked in the airline business for my entire career, station operations, supervisor, ticket agent, gate agent, lost baggage agent. ","That was a challenging stem test for me, the non-stem test seemed way too easy.",Non-STEM Track,1,1,,,,,,,,,,,,,,,,,,,,,,,,,,,,,,,,,,,,,,,,,,,,,,,,,,,,,,,,,,,,,,,,,,,,,,,,,,,,,,,,,,,,,,,,,,,,,,,,,,,,,,,,,,,,,,,,,,,,,,,,,,,,,,,,,,,,,,,,,,,,,,,,,,,,,,,,,,,,,,,,,,,,,,,,,,,,,,,,,,,,,,,,,,,,,,,,,,,,,,,,,,,,,,,,,,,,,,,,,,,,,,,,,,,,,,,,,,,,,,,,,,,,,,,,,,,,,,,,,,,,,,,,,,,,,,,,,,,,,,,,,,,,,,,,,,,,,,,,,,,,,,,,,,,,,,,,,,,
244,mb1a83wz,,0,18,18,Section_7,EndSurvey,2024-09-26 00:08:46.458967,1,,,0.0,,,,,,,,,,,,,,czcerakw,,,,,0,Experiment_1_Persistence,https://app.prolific.com/submissions/complete?cc=C1BTHULB,0.0,1.0,244,,0.0,664657170bccfb6ddea4249c,1,1,244,,0.0,D,C,B,D,A,B,C,B,C,B,DCBDABCBCB,0.3,0,0.0,1,1,244,,0.0,noisy,random,ground,Pass,red,2,1,2,Pass Box,1,1,244,,0.0,D,B,A,C,B,D,A,B,C,D,DBACBDABCD,1.0,Non-STEM Track,,0,0.0,2,1,1,244,,0.0,R,R,R,R,R,R,C,C,C,C,C,RRRRRRCCCCC,1,1,244,,0.0,0,0,1,0,0,0,0,0,0,I'm stronger with non-STEM subjects.,I studied journalism and history. I now work in communications.,It was fine.,Non-STEM Track,1,1,,,,,,,,,,,,,,,,,,,,,,,,,,,,,,,,,,,,,,,,,,,,,,,,,,,,,,,,,,,,,,,,,,,,,,,,,,,,,,,,,,,,,,,,,,,,,,,,,,,,,,,,,,,,,,,,,,,,,,,,,,,,,,,,,,,,,,,,,,,,,,,,,,,,,,,,,,,,,,,,,,,,,,,,,,,,,,,,,,,,,,,,,,,,,,,,,,,,,,,,,,,,,,,,,,,,,,,,,,,,,,,,,,,,,,,,,,,,,,,,,,,,,,,,,,,,,,,,,,,,,,,,,,,,,,,,,,,,,,,,,,,,,,,,,,,,,,,,,,,,,,,,,,,,,,,,,,,
245,kopb9gtl,,0,4,18,Section_1,Conclusion,2024-09-26 00:09:02.773418,1,,,0.0,,,,,,,,,,,,,,czcerakw,,,,,0,Experiment_1_Persistence,https://app.prolific.com/submissions/complete?cc=C1BTHULB,0.0,1.0,245,,0.0,6559cdab800b1fea9ae41e51,1,1,245,,0.0,,,,,,,,,,,__________,0.0,0,0.0,1,1,245,,0.0,,,,,,,,,,1,1,245,,0.0,,,,,,,,,,,,,,,,,,1,1,245,,0.0,,,,,,,,,,,,,1,1,245,,0.0,0,0,0,0,0,0,0,0,0,,,,,1,1,,,,,,,,,,,,,,,,,,,,,,,,,,,,,,,,,,,,,,,,,,,,,,,,,,,,,,,,,,,,,,,,,,,,,,,,,,,,,,,,,,,,,,,,,,,,,,,,,,,,,,,,,,,,,,,,,,,,,,,,,,,,,,,,,,,,,,,,,,,,,,,,,,,,,,,,,,,,,,,,,,,,,,,,,,,,,,,,,,,,,,,,,,,,,,,,,,,,,,,,,,,,,,,,,,,,,,,,,,,,,,,,,,,,,,,,,,,,,,,,,,,,,,,,,,,,,,,,,,,,,,,,,,,,,,,,,,,,,,,,,,,,,,,,,,,,,,,,,,,,,,,,,,,,,,,,,,,
246,pg6jveii,,0,18,18,Section_7,EndSurvey,2024-09-26 00:09:07.253862,1,,,0.0,,,,,,,,,,,,,,czcerakw,,,,,0,Experiment_1_Persistence,https://app.prolific.com/submissions/complete?cc=C1BTHULB,0.0,1.0,246,,0.0,584626b7e0ba710001a47438,1,1,246,,0.0,C,B,D,A,C,B,A,D,B,C,CBDACBADBC,0.1,1,1727309374.681,1,1,246,,0.0,noisy,random,ground,Pass,red,47,0,0,Pass Box,1,1,246,,0.0,A,C,B,D,B,C,B,C,A,B,ACBDBCBCAB,0.0,STEM Track,,0,0.0,0,1,1,246,,0.0,R,R,R,R,R,R,R,R,R,R,C,RRRRRRRRRRC,1,1,246,,0.0,0,0,1,0,1,0,0,0,0,I thought it would be easier.,I do not remember.,No feedback.,STEM Track,1,1,,,,,,,,,,,,,,,,,,,,,,,,,,,,,,,,,,,,,,,,,,,,,,,,,,,,,,,,,,,,,,,,,,,,,,,,,,,,,,,,,,,,,,,,,,,,,,,,,,,,,,,,,,,,,,,,,,,,,,,,,,,,,,,,,,,,,,,,,,,,,,,,,,,,,,,,,,,,,,,,,,,,,,,,,,,,,,,,,,,,,,,,,,,,,,,,,,,,,,,,,,,,,,,,,,,,,,,,,,,,,,,,,,,,,,,,,,,,,,,,,,,,,,,,,,,,,,,,,,,,,,,,,,,,,,,,,,,,,,,,,,,,,,,,,,,,,,,,,,,,,,,,,,,,,,,,,,,
247,ijnt9432,,0,18,18,Section_7,EndSurvey,2024-09-26 00:09:16.002594,1,,,0.0,,,,,,,,,,,,,,czcerakw,,,,,0,Experiment_1_Persistence,https://app.prolific.com/submissions/complete?cc=C1BTHULB,0.0,1.0,247,,0.0,60a48adfe091e410f4eaba34,1,1,247,,0.0,A,A,C,A,C,B,B,C,A,B,AACACBBCAB,0.6,0,0.0,1,1,247,,0.0,noisy,random,positive,Pass,red,50,3,3,Fail Box,1,1,247,,0.0,B,B,A,A,B,B,B,C,B,A,BBAABBBCBA,0.3,STEM Track,,0,0.0,3,1,1,247,,0.0,R,R,R,R,R,C,C,C,C,C,C,RRRRRCCCCCC,1,1,247,,0.0,0,0,1,0,0,0,0,0,0,I was hoping I could win some money,General studies. I worked in retail.,It was fine,STEM Track,1,1,,,,,,,,,,,,,,,,,,,,,,,,,,,,,,,,,,,,,,,,,,,,,,,,,,,,,,,,,,,,,,,,,,,,,,,,,,,,,,,,,,,,,,,,,,,,,,,,,,,,,,,,,,,,,,,,,,,,,,,,,,,,,,,,,,,,,,,,,,,,,,,,,,,,,,,,,,,,,,,,,,,,,,,,,,,,,,,,,,,,,,,,,,,,,,,,,,,,,,,,,,,,,,,,,,,,,,,,,,,,,,,,,,,,,,,,,,,,,,,,,,,,,,,,,,,,,,,,,,,,,,,,,,,,,,,,,,,,,,,,,,,,,,,,,,,,,,,,,,,,,,,,,,,,,,,,,,,
248,0scp7seq,,0,18,18,Section_7,EndSurvey,2024-09-26 00:09:25.875389,1,,,0.0,,,,,,,,,,,,,,czcerakw,,,,,0,Experiment_1_Persistence,https://app.prolific.com/submissions/complete?cc=C1BTHULB,0.0,1.0,248,,0.0,6663c41c8e2b0242b66198ec,1,1,248,,0.0,B,D,B,B,B,B,D,A,D,A,BDBBBBDADA,0.4,0,0.0,1,1,248,,0.0,noisy,random,positive,Fail,red,50,3,8,Fail Box,1,1,248,,0.0,B,D,C,A,B,D,C,B,D,C,BDCABDCBDC,0.6,STEM Track,,0,0.0,8,1,1,248,,0.0,R,R,R,R,R,R,C,C,C,C,C,RRRRRRCCCCC,1,1,248,,0.0,0,0,1,0,0,0,0,0,0,sounded interesting,"Business admin, Finance",no,STEM Track,1,1,,,,,,,,,,,,,,,,,,,,,,,,,,,,,,,,,,,,,,,,,,,,,,,,,,,,,,,,,,,,,,,,,,,,,,,,,,,,,,,,,,,,,,,,,,,,,,,,,,,,,,,,,,,,,,,,,,,,,,,,,,,,,,,,,,,,,,,,,,,,,,,,,,,,,,,,,,,,,,,,,,,,,,,,,,,,,,,,,,,,,,,,,,,,,,,,,,,,,,,,,,,,,,,,,,,,,,,,,,,,,,,,,,,,,,,,,,,,,,,,,,,,,,,,,,,,,,,,,,,,,,,,,,,,,,,,,,,,,,,,,,,,,,,,,,,,,,,,,,,,,,,,,,,,,,,,,,,
249,j1qc4c1n,,0,18,18,Section_7,EndSurvey,2024-09-26 00:09:34.958064,1,,,0.0,,,,,,,,,,,,,,czcerakw,,,,,0,Experiment_1_Persistence,https://app.prolific.com/submissions/complete?cc=C1BTHULB,0.0,1.0,249,,0.0,5bdbce5593c9ba0001ef52a0,1,1,249,,0.0,D,A,B,C,C,,,,,,DABCC_____,0.1,0,0.0,1,1,249,,0.0,noisy,random,ground,Pass,red,10,0,1,Pass Box,1,1,249,,0.0,D,B,A,C,B,D,A,B,C,D,DBACBDABCD,1.0,Non-STEM Track,,0,0.0,1,1,1,249,,0.0,R,R,R,R,C,C,C,C,C,C,C,RRRRCCCCCCC,1,1,249,,0.0,0,0,1,0,0,0,0,0,0,"I'm horrible at math as soon as it starts involving letters and equations, having repeated one math class twice in high school due to just not 'getting it.'","English, computer science, and mechanical drafting and design. Ironically two math-heavy fields, but in comp sci the math has a more 'logical' flow to it, and in drafting, all the numbers have concrete measurements and meanings. Plus there's no one stopping you from tabbing away from a page in those fields.",Good god am I terrible at mathematics.,Non-STEM Track,1,1,,,,,,,,,,,,,,,,,,,,,,,,,,,,,,,,,,,,,,,,,,,,,,,,,,,,,,,,,,,,,,,,,,,,,,,,,,,,,,,,,,,,,,,,,,,,,,,,,,,,,,,,,,,,,,,,,,,,,,,,,,,,,,,,,,,,,,,,,,,,,,,,,,,,,,,,,,,,,,,,,,,,,,,,,,,,,,,,,,,,,,,,,,,,,,,,,,,,,,,,,,,,,,,,,,,,,,,,,,,,,,,,,,,,,,,,,,,,,,,,,,,,,,,,,,,,,,,,,,,,,,,,,,,,,,,,,,,,,,,,,,,,,,,,,,,,,,,,,,,,,,,,,,,,,,,,,,,
250,b2iaao5g,,0,18,18,Section_7,EndSurvey,2024-09-26 00:09:50.486759,1,,,0.0,,,,,,,,,,,,,,czcerakw,,,,,0,Experiment_1_Persistence,https://app.prolific.com/submissions/complete?cc=C1BTHULB,0.0,1.0,250,,0.0,628eab48a8c8dc1ecec338dd,1,1,250,,0.0,A,A,B,C,D,C,D,B,B,B,AABCDCDBBB,0.4,0,0.0,1,1,250,,0.0,noisy,random,negative,Pass,red,50,4,4,Pass Box,1,1,250,,0.0,B,B,C,C,A,D,C,A,C,C,BBCCADCACC,0.7,STEM Track,,0,0.0,4,1,1,250,,0.0,R,R,R,R,R,C,C,C,C,C,C,RRRRRCCCCCC,1,1,250,,0.0,0,0,1,0,0,0,0,0,0,Because I enjoy science and environmental issues.,"Environmental Science, hydrology, ecology",fine. no.,STEM Track,1,1,,,,,,,,,,,,,,,,,,,,,,,,,,,,,,,,,,,,,,,,,,,,,,,,,,,,,,,,,,,,,,,,,,,,,,,,,,,,,,,,,,,,,,,,,,,,,,,,,,,,,,,,,,,,,,,,,,,,,,,,,,,,,,,,,,,,,,,,,,,,,,,,,,,,,,,,,,,,,,,,,,,,,,,,,,,,,,,,,,,,,,,,,,,,,,,,,,,,,,,,,,,,,,,,,,,,,,,,,,,,,,,,,,,,,,,,,,,,,,,,,,,,,,,,,,,,,,,,,,,,,,,,,,,,,,,,,,,,,,,,,,,,,,,,,,,,,,,,,,,,,,,,,,,,,,,,,,,
251,bi308j7d,,0,18,18,Section_7,EndSurvey,2024-09-26 00:09:57.229554,1,,,0.0,,,,,,,,,,,,,,czcerakw,,,,,0,Experiment_1_Persistence,https://app.prolific.com/submissions/complete?cc=C1BTHULB,0.0,1.0,251,,0.0,615c777509f34c8977bc45a7,1,1,251,,0.0,A,A,D,B,B,C,D,C,D,B,AADBBCDCDB,0.7,0,0.0,1,1,251,,0.0,noisy,random,positive,Pass,red,87,7,6,Pass Box,1,1,251,,0.0,D,B,A,C,B,D,A,B,C,D,DBACBDABCD,1.0,Non-STEM Track,,0,0.0,6,1,1,251,,0.0,R,R,R,R,R,R,R,C,C,C,C,RRRRRRRCCCC,1,1,251,,0.0,0,0,1,1,0,0,0,0,0,"I was not expecting a STEM related exam, to be honest. I was a little burnt out already given it's nearing 7:30pm after doing the first track, hence the non-stem answer.","Science / computer science. I've worked at the same company since I got out with my associates, coming up on 10 years after starting as a desktop support and now being a systems administrator.","I might not have done this given the description had it said ""exam related questionnaire"" to be honest. Not a bad thing, necessarily. ",Non-STEM Track,1,1,,,,,,,,,,,,,,,,,,,,,,,,,,,,,,,,,,,,,,,,,,,,,,,,,,,,,,,,,,,,,,,,,,,,,,,,,,,,,,,,,,,,,,,,,,,,,,,,,,,,,,,,,,,,,,,,,,,,,,,,,,,,,,,,,,,,,,,,,,,,,,,,,,,,,,,,,,,,,,,,,,,,,,,,,,,,,,,,,,,,,,,,,,,,,,,,,,,,,,,,,,,,,,,,,,,,,,,,,,,,,,,,,,,,,,,,,,,,,,,,,,,,,,,,,,,,,,,,,,,,,,,,,,,,,,,,,,,,,,,,,,,,,,,,,,,,,,,,,,,,,,,,,,,,,,,,,,,
252,copchh7p,,0,18,18,Section_7,EndSurvey,2024-09-26 00:09:58.886313,1,,,0.0,,,,,,,,,,,,,,czcerakw,,,,,0,Experiment_1_Persistence,https://app.prolific.com/submissions/complete?cc=C1BTHULB,0.0,1.0,252,,0.0,65198f8427370d082c643285,1,1,252,,0.0,A,D,C,C,D,C,C,C,B,C,ADCCDCCCBC,0.3,0,0.0,1,1,252,,0.0,noisy,random,negative,Fail,black,95,9,9,Fail Box,1,1,252,,0.0,C,C,C,C,C,D,B,C,C,C,CCCCCDBCCC,0.3,STEM Track,,0,0.0,9,1,1,252,,0.0,R,C,C,R,C,R,C,C,C,C,C,RCCRCRCCCCC,1,1,252,,0.0,0,0,1,0,0,0,0,0,0,"Because, my passion is stem related.",computer science ,"yeah, you should have given us more time to solve the math problem.",STEM Track,1,1,,,,,,,,,,,,,,,,,,,,,,,,,,,,,,,,,,,,,,,,,,,,,,,,,,,,,,,,,,,,,,,,,,,,,,,,,,,,,,,,,,,,,,,,,,,,,,,,,,,,,,,,,,,,,,,,,,,,,,,,,,,,,,,,,,,,,,,,,,,,,,,,,,,,,,,,,,,,,,,,,,,,,,,,,,,,,,,,,,,,,,,,,,,,,,,,,,,,,,,,,,,,,,,,,,,,,,,,,,,,,,,,,,,,,,,,,,,,,,,,,,,,,,,,,,,,,,,,,,,,,,,,,,,,,,,,,,,,,,,,,,,,,,,,,,,,,,,,,,,,,,,,,,,,,,,,,,,
253,cyk1vl80,,0,18,18,Section_7,EndSurvey,2024-09-26 00:10:28.207314,1,,,0.0,,,,,,,,,,,,,,czcerakw,,,,,0,Experiment_1_Persistence,https://app.prolific.com/submissions/complete?cc=C1BTHULB,0.0,1.0,253,,0.0,667c6cdf30aebf82d16ebaf6,1,1,253,,0.0,D,A,B,B,C,B,C,C,B,A,DABBCBCCBA,0.4,0,0.0,1,1,253,,0.0,noisy,random,positive,Fail,red,99,5,5,Pass Box,1,1,253,,0.0,B,C,A,A,A,D,B,A,B,C,BCAAADBABC,0.7,STEM Track,,0,0.0,5,1,1,253,,0.0,R,R,R,R,R,C,C,C,C,C,C,RRRRRCCCCCC,1,1,253,,0.0,0,0,0,0,0,0,0,0,1,I have an interest in STEM,Science and Mathematics,NO,STEM Track,1,1,,,,,,,,,,,,,,,,,,,,,,,,,,,,,,,,,,,,,,,,,,,,,,,,,,,,,,,,,,,,,,,,,,,,,,,,,,,,,,,,,,,,,,,,,,,,,,,,,,,,,,,,,,,,,,,,,,,,,,,,,,,,,,,,,,,,,,,,,,,,,,,,,,,,,,,,,,,,,,,,,,,,,,,,,,,,,,,,,,,,,,,,,,,,,,,,,,,,,,,,,,,,,,,,,,,,,,,,,,,,,,,,,,,,,,,,,,,,,,,,,,,,,,,,,,,,,,,,,,,,,,,,,,,,,,,,,,,,,,,,,,,,,,,,,,,,,,,,,,,,,,,,,,,,,,,,,,,
254,j5w9wtpm,,0,18,18,Section_7,EndSurvey,2024-09-26 00:11:56.164052,1,,,0.0,,,,,,,,,,,,,,czcerakw,,,,,0,Experiment_1_Persistence,https://app.prolific.com/submissions/complete?cc=C1BTHULB,0.0,1.0,254,,0.0,6291293b4da216ae257c1867,1,1,254,,0.0,D,A,C,B,D,B,D,C,C,B,DACBDBDCCB,0.8,2,2.261,1,1,254,,0.0,noisy,random,positive,Pass,black,100,10,8,Pass Box,1,1,254,,0.0,B,B,C,C,A,D,C,A,C,C,BBCCADCACC,0.7,STEM Track,,0,0.0,8,1,1,254,,0.0,R,R,R,R,R,R,C,C,C,C,C,RRRRRRCCCCC,1,1,254,,0.0,0,0,1,0,0,0,0,0,0,My background is in STEM.,Metallurgical engineering.  Manufacturing and education industries,Everything went well,STEM Track,1,1,,,,,,,,,,,,,,,,,,,,,,,,,,,,,,,,,,,,,,,,,,,,,,,,,,,,,,,,,,,,,,,,,,,,,,,,,,,,,,,,,,,,,,,,,,,,,,,,,,,,,,,,,,,,,,,,,,,,,,,,,,,,,,,,,,,,,,,,,,,,,,,,,,,,,,,,,,,,,,,,,,,,,,,,,,,,,,,,,,,,,,,,,,,,,,,,,,,,,,,,,,,,,,,,,,,,,,,,,,,,,,,,,,,,,,,,,,,,,,,,,,,,,,,,,,,,,,,,,,,,,,,,,,,,,,,,,,,,,,,,,,,,,,,,,,,,,,,,,,,,,,,,,,,,,,,,,,,
255,jje9wowv,,0,18,18,Section_7,EndSurvey,2024-09-26 00:13:35.494061,1,,,0.0,,,,,,,,,,,,,,czcerakw,,,,,0,Experiment_1_Persistence,https://app.prolific.com/submissions/complete?cc=C1BTHULB,0.0,1.0,255,,0.0,5e69d69465f14102e116627b,1,1,255,,0.0,B,A,C,B,D,B,C,D,B,B,BACBDBCDBB,0.5,0,0.0,1,1,255,,0.0,noisy,random,negative,Pass,red,10,3,4,Fail Box,1,1,255,,0.0,D,B,A,C,B,D,A,B,C,D,DBACBDABCD,1.0,Non-STEM Track,,0,0.0,4,1,1,255,,0.0,R,R,R,R,C,C,C,C,C,C,C,RRRRCCCCCCC,1,1,255,,0.0,0,0,1,0,0,0,0,0,0,Felt like I had a better chance on something else after how bad I did on the STEM track.,Information Technology,"The experience was fine, probably not my best performance but I tried my best",Non-STEM Track,1,1,,,,,,,,,,,,,,,,,,,,,,,,,,,,,,,,,,,,,,,,,,,,,,,,,,,,,,,,,,,,,,,,,,,,,,,,,,,,,,,,,,,,,,,,,,,,,,,,,,,,,,,,,,,,,,,,,,,,,,,,,,,,,,,,,,,,,,,,,,,,,,,,,,,,,,,,,,,,,,,,,,,,,,,,,,,,,,,,,,,,,,,,,,,,,,,,,,,,,,,,,,,,,,,,,,,,,,,,,,,,,,,,,,,,,,,,,,,,,,,,,,,,,,,,,,,,,,,,,,,,,,,,,,,,,,,,,,,,,,,,,,,,,,,,,,,,,,,,,,,,,,,,,,,,,,,,,,,
256,ho7wbr6d,,0,1,18,Intro,Intro,2024-09-26 00:13:52.945175,1,,,0.0,,,,,,,,,,,,,,czcerakw,,,,,0,Experiment_1_Persistence,https://app.prolific.com/submissions/complete?cc=C1BTHULB,0.0,1.0,256,,0.0,,1,1,256,,0.0,,,,,,,,,,,,,,,1,1,256,,0.0,,,,,,,,,,1,1,256,,0.0,,,,,,,,,,,,,,,,,,1,1,256,,0.0,,,,,,,,,,,,,1,1,256,,0.0,0,0,0,0,0,0,0,0,0,,,,,1,1,,,,,,,,,,,,,,,,,,,,,,,,,,,,,,,,,,,,,,,,,,,,,,,,,,,,,,,,,,,,,,,,,,,,,,,,,,,,,,,,,,,,,,,,,,,,,,,,,,,,,,,,,,,,,,,,,,,,,,,,,,,,,,,,,,,,,,,,,,,,,,,,,,,,,,,,,,,,,,,,,,,,,,,,,,,,,,,,,,,,,,,,,,,,,,,,,,,,,,,,,,,,,,,,,,,,,,,,,,,,,,,,,,,,,,,,,,,,,,,,,,,,,,,,,,,,,,,,,,,,,,,,,,,,,,,,,,,,,,,,,,,,,,,,,,,,,,,,,,,,,,,,,,,,,,,,,,,
257,fgrki2xz,,0,18,18,Section_7,EndSurvey,2024-09-26 00:14:37.173501,1,,,0.0,,,,,,,,,,,,,,czcerakw,,,,,0,Experiment_1_Persistence,https://app.prolific.com/submissions/complete?cc=C1BTHULB,0.0,1.0,257,,0.0,66da5c48c2eae634acb3ccbe,1,1,257,,0.0,D,C,D,D,B,C,,,,,DCDDBC____,0.1,1,3.327,1,1,257,,0.0,noisy,random,negative,Pass,red,0,0,0,Pass Box,1,1,257,,0.0,D,B,A,C,B,D,A,B,C,D,DBACBDABCD,1.0,Non-STEM Track,,0,0.0,0,1,1,257,,0.0,R,R,R,R,R,R,C,C,C,C,C,RRRRRRCCCCC,1,1,257,,0.0,0,0,1,0,0,0,0,0,0,Im bad at math.,The basics and Computer tech,Math is scary lol. Great job!,Non-STEM Track,1,1,,,,,,,,,,,,,,,,,,,,,,,,,,,,,,,,,,,,,,,,,,,,,,,,,,,,,,,,,,,,,,,,,,,,,,,,,,,,,,,,,,,,,,,,,,,,,,,,,,,,,,,,,,,,,,,,,,,,,,,,,,,,,,,,,,,,,,,,,,,,,,,,,,,,,,,,,,,,,,,,,,,,,,,,,,,,,,,,,,,,,,,,,,,,,,,,,,,,,,,,,,,,,,,,,,,,,,,,,,,,,,,,,,,,,,,,,,,,,,,,,,,,,,,,,,,,,,,,,,,,,,,,,,,,,,,,,,,,,,,,,,,,,,,,,,,,,,,,,,,,,,,,,,,,,,,,,,,
258,pdqpah4g,,0,18,18,Section_7,EndSurvey,2024-09-26 00:18:02.340292,1,,,0.0,,,,,,,,,,,,,,czcerakw,,,,,0,Experiment_1_Persistence,https://app.prolific.com/submissions/complete?cc=C1BTHULB,0.0,1.0,258,,0.0,5e30dae130e5260d9c345bac,1,1,258,,0.0,C,C,C,C,C,C,C,C,C,C,CCCCCCCCCC,0.3,0,0.0,1,1,258,,0.0,noisy,random,ground,Pass,red,25,2,2,Fail Box,1,1,258,,0.0,D,B,A,C,B,D,A,B,C,D,DBACBDABCD,1.0,Non-STEM Track,,0,0.0,2,1,1,258,,0.0,R,R,R,R,C,C,C,C,C,C,C,RRRRCCCCCCC,1,1,258,,0.0,0,1,1,0,0,0,0,0,0,"The first 10 math questions I could probably solve with more time, but I would need a lot more time.",I studied Business Administration in college and currently teach middle school science.,I think most people will fail the 10 math questions in 8 minutes.,Non-STEM Track,1,1,,,,,,,,,,,,,,,,,,,,,,,,,,,,,,,,,,,,,,,,,,,,,,,,,,,,,,,,,,,,,,,,,,,,,,,,,,,,,,,,,,,,,,,,,,,,,,,,,,,,,,,,,,,,,,,,,,,,,,,,,,,,,,,,,,,,,,,,,,,,,,,,,,,,,,,,,,,,,,,,,,,,,,,,,,,,,,,,,,,,,,,,,,,,,,,,,,,,,,,,,,,,,,,,,,,,,,,,,,,,,,,,,,,,,,,,,,,,,,,,,,,,,,,,,,,,,,,,,,,,,,,,,,,,,,,,,,,,,,,,,,,,,,,,,,,,,,,,,,,,,,,,,,,,,,,,,,,
259,azzpm34f,,0,18,18,Section_7,EndSurvey,2024-09-26 00:30:33.564130,1,,,0.0,,,,,,,,,,,,,,czcerakw,,,,,0,Experiment_1_Persistence,https://app.prolific.com/submissions/complete?cc=C1BTHULB,0.0,1.0,259,,0.0,66d5b1868358bf809fcfc0f0,1,1,259,,0.0,A,C,C,B,A,C,C,B,D,C,ACCBACCBDC,0.3,0,0.0,1,1,259,,0.0,noisy,random,positive,Pass,black,20,0,3,Pass Box,1,1,259,,0.0,C,C,D,C,B,C,C,B,A,B,CCDCBCCBAB,0.1,STEM Track,,0,0.0,3,1,1,259,,0.0,R,R,R,R,R,R,R,R,R,R,C,RRRRRRRRRRC,1,1,259,,0.0,0,1,0,0,0,0,1,0,0,I wanted to challenge myself with math.,"Science, Social studies.  I've primarily worked in Property management.",I feel less confident in math now.  This was definitely a challenge that I was not prepared for.  Had fun trying.,STEM Track,1,1,,,,,,,,,,,,,,,,,,,,,,,,,,,,,,,,,,,,,,,,,,,,,,,,,,,,,,,,,,,,,,,,,,,,,,,,,,,,,,,,,,,,,,,,,,,,,,,,,,,,,,,,,,,,,,,,,,,,,,,,,,,,,,,,,,,,,,,,,,,,,,,,,,,,,,,,,,,,,,,,,,,,,,,,,,,,,,,,,,,,,,,,,,,,,,,,,,,,,,,,,,,,,,,,,,,,,,,,,,,,,,,,,,,,,,,,,,,,,,,,,,,,,,,,,,,,,,,,,,,,,,,,,,,,,,,,,,,,,,,,,,,,,,,,,,,,,,,,,,,,,,,,,,,,,,,,,,,
260,0yh6b2k8,,0,18,18,Section_7,EndSurvey,2024-09-26 00:37:18.374202,1,,,0.0,,,,,,,,,,,,,,czcerakw,,,,,0,Experiment_1_Persistence,https://app.prolific.com/submissions/complete?cc=C1BTHULB,0.0,1.0,260,,0.0,64077ddd11208afe2bec171a,1,1,260,,0.0,B,C,B,A,A,D,B,C,D,A,BCBAADBCDA,0.1,0,0.0,1,1,260,,0.0,noisy,random,positive,Fail,red,25,3,4,Fail Box,1,1,260,,0.0,D,B,A,C,B,D,A,B,C,D,DBACBDABCD,1.0,Non-STEM Track,,0,0.0,4,1,1,260,,0.0,R,R,R,R,R,R,C,C,C,C,C,RRRRRRCCCCC,1,1,260,,0.0,0,0,1,0,1,0,0,0,0,I didn't believe I could get enough questions on the STEM track correct.,English and writing in school. Utilities and landscaping for work.,I had a good experience and everything went well.,Non-STEM Track,1,1,,,,,,,,,,,,,,,,,,,,,,,,,,,,,,,,,,,,,,,,,,,,,,,,,,,,,,,,,,,,,,,,,,,,,,,,,,,,,,,,,,,,,,,,,,,,,,,,,,,,,,,,,,,,,,,,,,,,,,,,,,,,,,,,,,,,,,,,,,,,,,,,,,,,,,,,,,,,,,,,,,,,,,,,,,,,,,,,,,,,,,,,,,,,,,,,,,,,,,,,,,,,,,,,,,,,,,,,,,,,,,,,,,,,,,,,,,,,,,,,,,,,,,,,,,,,,,,,,,,,,,,,,,,,,,,,,,,,,,,,,,,,,,,,,,,,,,,,,,,,,,,,,,,,,,,,,,,
261,veaeuapq,,0,18,18,Section_7,EndSurvey,2024-09-26 00:46:23.126276,1,,,0.0,,,,,,,,,,,,,,czcerakw,,,,,0,Experiment_1_Persistence,https://app.prolific.com/submissions/complete?cc=C1BTHULB,0.0,1.0,261,,0.0,663ff3e539df6ec6f060f875,1,1,261,,0.0,A,B,C,B,D,B,C,B,,,ABCBDBCB__,0.4,0,0.0,1,1,261,,0.0,noisy,random,ground,Pass,red,0,0,0,Fail Box,1,1,261,,0.0,D,B,A,C,B,D,A,B,C,D,DBACBDABCD,1.0,Non-STEM Track,,0,0.0,0,1,1,261,,0.0,C,C,C,C,C,C,C,C,C,C,C,CCCCCCCCCCC,1,1,261,,0.0,0,0,1,1,0,1,0,0,0,Because I'm terrible at math. I was in school and I still am,Math and science,"It was very confusing, but enjoyable.",Non-STEM Track,1,1,,,,,,,,,,,,,,,,,,,,,,,,,,,,,,,,,,,,,,,,,,,,,,,,,,,,,,,,,,,,,,,,,,,,,,,,,,,,,,,,,,,,,,,,,,,,,,,,,,,,,,,,,,,,,,,,,,,,,,,,,,,,,,,,,,,,,,,,,,,,,,,,,,,,,,,,,,,,,,,,,,,,,,,,,,,,,,,,,,,,,,,,,,,,,,,,,,,,,,,,,,,,,,,,,,,,,,,,,,,,,,,,,,,,,,,,,,,,,,,,,,,,,,,,,,,,,,,,,,,,,,,,,,,,,,,,,,,,,,,,,,,,,,,,,,,,,,,,,,,,,,,,,,,,,,,,,,,
262,ai54w1h6,,0,18,18,Section_7,EndSurvey,2024-09-26 00:46:40.691428,1,,,0.0,,,,,,,,,,,,,,czcerakw,,,,,0,Experiment_1_Persistence,https://app.prolific.com/submissions/complete?cc=C1BTHULB,0.0,1.0,262,,0.0,663abe859bcc3ea8ef9bbdf3,1,1,262,,0.0,A,D,D,D,A,C,B,A,B,A,ADDDACBABA,0.1,0,0.0,1,1,262,,0.0,noisy,random,positive,Fail,red,20,2,5,Not Sure,1,1,262,,0.0,D,B,A,C,B,D,A,B,C,D,DBACBDABCD,1.0,Non-STEM Track,,0,0.0,5,1,1,262,,0.0,R,R,R,C,C,C,C,C,C,C,C,RRRCCCCCCCC,1,1,262,,0.0,0,0,1,0,0,0,0,0,0,I wasn't  sure if i would pass the test,"Math, Reading, science, and worked in health industry ",it was challenging ,Non-STEM Track,1,1,,,,,,,,,,,,,,,,,,,,,,,,,,,,,,,,,,,,,,,,,,,,,,,,,,,,,,,,,,,,,,,,,,,,,,,,,,,,,,,,,,,,,,,,,,,,,,,,,,,,,,,,,,,,,,,,,,,,,,,,,,,,,,,,,,,,,,,,,,,,,,,,,,,,,,,,,,,,,,,,,,,,,,,,,,,,,,,,,,,,,,,,,,,,,,,,,,,,,,,,,,,,,,,,,,,,,,,,,,,,,,,,,,,,,,,,,,,,,,,,,,,,,,,,,,,,,,,,,,,,,,,,,,,,,,,,,,,,,,,,,,,,,,,,,,,,,,,,,,,,,,,,,,,,,,,,,,,
263,n0w0l94a,,0,0,18,,,,0,,,0.0,,,,,,,,,,,,,,czcerakw,,,,,0,Experiment_1_Persistence,https://app.prolific.com/submissions/complete?cc=C1BTHULB,0.0,1.0,263,,0.0,,1,1,263,,0.0,,,,,,,,,,,,,,,1,1,263,,0.0,,,,,,,,,,1,1,263,,0.0,,,,,,,,,,,,,,,,,,1,1,263,,0.0,,,,,,,,,,,,,1,1,263,,0.0,0,0,0,0,0,0,0,0,0,,,,,1,1,,,,,,,,,,,,,,,,,,,,,,,,,,,,,,,,,,,,,,,,,,,,,,,,,,,,,,,,,,,,,,,,,,,,,,,,,,,,,,,,,,,,,,,,,,,,,,,,,,,,,,,,,,,,,,,,,,,,,,,,,,,,,,,,,,,,,,,,,,,,,,,,,,,,,,,,,,,,,,,,,,,,,,,,,,,,,,,,,,,,,,,,,,,,,,,,,,,,,,,,,,,,,,,,,,,,,,,,,,,,,,,,,,,,,,,,,,,,,,,,,,,,,,,,,,,,,,,,,,,,,,,,,,,,,,,,,,,,,,,,,,,,,,,,,,,,,,,,,,,,,,,,,,,,,,,,,,,
264,776gdy2c,,0,0,18,,,,0,,,0.0,,,,,,,,,,,,,,czcerakw,,,,,0,Experiment_1_Persistence,https://app.prolific.com/submissions/complete?cc=C1BTHULB,0.0,1.0,264,,0.0,,1,1,264,,0.0,,,,,,,,,,,,,,,1,1,264,,0.0,,,,,,,,,,1,1,264,,0.0,,,,,,,,,,,,,,,,,,1,1,264,,0.0,,,,,,,,,,,,,1,1,264,,0.0,0,0,0,0,0,0,0,0,0,,,,,1,1,,,,,,,,,,,,,,,,,,,,,,,,,,,,,,,,,,,,,,,,,,,,,,,,,,,,,,,,,,,,,,,,,,,,,,,,,,,,,,,,,,,,,,,,,,,,,,,,,,,,,,,,,,,,,,,,,,,,,,,,,,,,,,,,,,,,,,,,,,,,,,,,,,,,,,,,,,,,,,,,,,,,,,,,,,,,,,,,,,,,,,,,,,,,,,,,,,,,,,,,,,,,,,,,,,,,,,,,,,,,,,,,,,,,,,,,,,,,,,,,,,,,,,,,,,,,,,,,,,,,,,,,,,,,,,,,,,,,,,,,,,,,,,,,,,,,,,,,,,,,,,,,,,,,,,,,,,,
265,0gg4x7ps,,0,0,18,,,,0,,,0.0,,,,,,,,,,,,,,czcerakw,,,,,0,Experiment_1_Persistence,https://app.prolific.com/submissions/complete?cc=C1BTHULB,0.0,1.0,265,,0.0,,1,1,265,,0.0,,,,,,,,,,,,,,,1,1,265,,0.0,,,,,,,,,,1,1,265,,0.0,,,,,,,,,,,,,,,,,,1,1,265,,0.0,,,,,,,,,,,,,1,1,265,,0.0,0,0,0,0,0,0,0,0,0,,,,,1,1,,,,,,,,,,,,,,,,,,,,,,,,,,,,,,,,,,,,,,,,,,,,,,,,,,,,,,,,,,,,,,,,,,,,,,,,,,,,,,,,,,,,,,,,,,,,,,,,,,,,,,,,,,,,,,,,,,,,,,,,,,,,,,,,,,,,,,,,,,,,,,,,,,,,,,,,,,,,,,,,,,,,,,,,,,,,,,,,,,,,,,,,,,,,,,,,,,,,,,,,,,,,,,,,,,,,,,,,,,,,,,,,,,,,,,,,,,,,,,,,,,,,,,,,,,,,,,,,,,,,,,,,,,,,,,,,,,,,,,,,,,,,,,,,,,,,,,,,,,,,,,,,,,,,,,,,,,,
266,7kgz8r41,,0,0,18,,,,0,,,0.0,,,,,,,,,,,,,,czcerakw,,,,,0,Experiment_1_Persistence,https://app.prolific.com/submissions/complete?cc=C1BTHULB,0.0,1.0,266,,0.0,,1,1,266,,0.0,,,,,,,,,,,,,,,1,1,266,,0.0,,,,,,,,,,1,1,266,,0.0,,,,,,,,,,,,,,,,,,1,1,266,,0.0,,,,,,,,,,,,,1,1,266,,0.0,0,0,0,0,0,0,0,0,0,,,,,1,1,,,,,,,,,,,,,,,,,,,,,,,,,,,,,,,,,,,,,,,,,,,,,,,,,,,,,,,,,,,,,,,,,,,,,,,,,,,,,,,,,,,,,,,,,,,,,,,,,,,,,,,,,,,,,,,,,,,,,,,,,,,,,,,,,,,,,,,,,,,,,,,,,,,,,,,,,,,,,,,,,,,,,,,,,,,,,,,,,,,,,,,,,,,,,,,,,,,,,,,,,,,,,,,,,,,,,,,,,,,,,,,,,,,,,,,,,,,,,,,,,,,,,,,,,,,,,,,,,,,,,,,,,,,,,,,,,,,,,,,,,,,,,,,,,,,,,,,,,,,,,,,,,,,,,,,,,,,
267,jbqeiun4,,0,0,18,,,,0,,,0.0,,,,,,,,,,,,,,czcerakw,,,,,0,Experiment_1_Persistence,https://app.prolific.com/submissions/complete?cc=C1BTHULB,0.0,1.0,267,,0.0,,1,1,267,,0.0,,,,,,,,,,,,,,,1,1,267,,0.0,,,,,,,,,,1,1,267,,0.0,,,,,,,,,,,,,,,,,,1,1,267,,0.0,,,,,,,,,,,,,1,1,267,,0.0,0,0,0,0,0,0,0,0,0,,,,,1,1,,,,,,,,,,,,,,,,,,,,,,,,,,,,,,,,,,,,,,,,,,,,,,,,,,,,,,,,,,,,,,,,,,,,,,,,,,,,,,,,,,,,,,,,,,,,,,,,,,,,,,,,,,,,,,,,,,,,,,,,,,,,,,,,,,,,,,,,,,,,,,,,,,,,,,,,,,,,,,,,,,,,,,,,,,,,,,,,,,,,,,,,,,,,,,,,,,,,,,,,,,,,,,,,,,,,,,,,,,,,,,,,,,,,,,,,,,,,,,,,,,,,,,,,,,,,,,,,,,,,,,,,,,,,,,,,,,,,,,,,,,,,,,,,,,,,,,,,,,,,,,,,,,,,,,,,,,,
268,80uqrp74,,0,0,18,,,,0,,,0.0,,,,,,,,,,,,,,czcerakw,,,,,0,Experiment_1_Persistence,https://app.prolific.com/submissions/complete?cc=C1BTHULB,0.0,1.0,268,,0.0,,1,1,268,,0.0,,,,,,,,,,,,,,,1,1,268,,0.0,,,,,,,,,,1,1,268,,0.0,,,,,,,,,,,,,,,,,,1,1,268,,0.0,,,,,,,,,,,,,1,1,268,,0.0,0,0,0,0,0,0,0,0,0,,,,,1,1,,,,,,,,,,,,,,,,,,,,,,,,,,,,,,,,,,,,,,,,,,,,,,,,,,,,,,,,,,,,,,,,,,,,,,,,,,,,,,,,,,,,,,,,,,,,,,,,,,,,,,,,,,,,,,,,,,,,,,,,,,,,,,,,,,,,,,,,,,,,,,,,,,,,,,,,,,,,,,,,,,,,,,,,,,,,,,,,,,,,,,,,,,,,,,,,,,,,,,,,,,,,,,,,,,,,,,,,,,,,,,,,,,,,,,,,,,,,,,,,,,,,,,,,,,,,,,,,,,,,,,,,,,,,,,,,,,,,,,,,,,,,,,,,,,,,,,,,,,,,,,,,,,,,,,,,,,,
269,dnh0h6de,,0,0,18,,,,0,,,0.0,,,,,,,,,,,,,,czcerakw,,,,,0,Experiment_1_Persistence,https://app.prolific.com/submissions/complete?cc=C1BTHULB,0.0,1.0,269,,0.0,,1,1,269,,0.0,,,,,,,,,,,,,,,1,1,269,,0.0,,,,,,,,,,1,1,269,,0.0,,,,,,,,,,,,,,,,,,1,1,269,,0.0,,,,,,,,,,,,,1,1,269,,0.0,0,0,0,0,0,0,0,0,0,,,,,1,1,,,,,,,,,,,,,,,,,,,,,,,,,,,,,,,,,,,,,,,,,,,,,,,,,,,,,,,,,,,,,,,,,,,,,,,,,,,,,,,,,,,,,,,,,,,,,,,,,,,,,,,,,,,,,,,,,,,,,,,,,,,,,,,,,,,,,,,,,,,,,,,,,,,,,,,,,,,,,,,,,,,,,,,,,,,,,,,,,,,,,,,,,,,,,,,,,,,,,,,,,,,,,,,,,,,,,,,,,,,,,,,,,,,,,,,,,,,,,,,,,,,,,,,,,,,,,,,,,,,,,,,,,,,,,,,,,,,,,,,,,,,,,,,,,,,,,,,,,,,,,,,,,,,,,,,,,,,
270,88azq677,,0,0,18,,,,0,,,0.0,,,,,,,,,,,,,,czcerakw,,,,,0,Experiment_1_Persistence,https://app.prolific.com/submissions/complete?cc=C1BTHULB,0.0,1.0,270,,0.0,,1,1,270,,0.0,,,,,,,,,,,,,,,1,1,270,,0.0,,,,,,,,,,1,1,270,,0.0,,,,,,,,,,,,,,,,,,1,1,270,,0.0,,,,,,,,,,,,,1,1,270,,0.0,0,0,0,0,0,0,0,0,0,,,,,1,1,,,,,,,,,,,,,,,,,,,,,,,,,,,,,,,,,,,,,,,,,,,,,,,,,,,,,,,,,,,,,,,,,,,,,,,,,,,,,,,,,,,,,,,,,,,,,,,,,,,,,,,,,,,,,,,,,,,,,,,,,,,,,,,,,,,,,,,,,,,,,,,,,,,,,,,,,,,,,,,,,,,,,,,,,,,,,,,,,,,,,,,,,,,,,,,,,,,,,,,,,,,,,,,,,,,,,,,,,,,,,,,,,,,,,,,,,,,,,,,,,,,,,,,,,,,,,,,,,,,,,,,,,,,,,,,,,,,,,,,,,,,,,,,,,,,,,,,,,,,,,,,,,,,,,,,,,,,
271,fnhqcoq8,,0,0,18,,,,0,,,0.0,,,,,,,,,,,,,,czcerakw,,,,,0,Experiment_1_Persistence,https://app.prolific.com/submissions/complete?cc=C1BTHULB,0.0,1.0,271,,0.0,,1,1,271,,0.0,,,,,,,,,,,,,,,1,1,271,,0.0,,,,,,,,,,1,1,271,,0.0,,,,,,,,,,,,,,,,,,1,1,271,,0.0,,,,,,,,,,,,,1,1,271,,0.0,0,0,0,0,0,0,0,0,0,,,,,1,1,,,,,,,,,,,,,,,,,,,,,,,,,,,,,,,,,,,,,,,,,,,,,,,,,,,,,,,,,,,,,,,,,,,,,,,,,,,,,,,,,,,,,,,,,,,,,,,,,,,,,,,,,,,,,,,,,,,,,,,,,,,,,,,,,,,,,,,,,,,,,,,,,,,,,,,,,,,,,,,,,,,,,,,,,,,,,,,,,,,,,,,,,,,,,,,,,,,,,,,,,,,,,,,,,,,,,,,,,,,,,,,,,,,,,,,,,,,,,,,,,,,,,,,,,,,,,,,,,,,,,,,,,,,,,,,,,,,,,,,,,,,,,,,,,,,,,,,,,,,,,,,,,,,,,,,,,,,
272,xn71oaaa,,0,0,18,,,,0,,,0.0,,,,,,,,,,,,,,czcerakw,,,,,0,Experiment_1_Persistence,https://app.prolific.com/submissions/complete?cc=C1BTHULB,0.0,1.0,272,,0.0,,1,1,272,,0.0,,,,,,,,,,,,,,,1,1,272,,0.0,,,,,,,,,,1,1,272,,0.0,,,,,,,,,,,,,,,,,,1,1,272,,0.0,,,,,,,,,,,,,1,1,272,,0.0,0,0,0,0,0,0,0,0,0,,,,,1,1,,,,,,,,,,,,,,,,,,,,,,,,,,,,,,,,,,,,,,,,,,,,,,,,,,,,,,,,,,,,,,,,,,,,,,,,,,,,,,,,,,,,,,,,,,,,,,,,,,,,,,,,,,,,,,,,,,,,,,,,,,,,,,,,,,,,,,,,,,,,,,,,,,,,,,,,,,,,,,,,,,,,,,,,,,,,,,,,,,,,,,,,,,,,,,,,,,,,,,,,,,,,,,,,,,,,,,,,,,,,,,,,,,,,,,,,,,,,,,,,,,,,,,,,,,,,,,,,,,,,,,,,,,,,,,,,,,,,,,,,,,,,,,,,,,,,,,,,,,,,,,,,,,,,,,,,,,,
273,8dvb83i4,,0,0,18,,,,0,,,0.0,,,,,,,,,,,,,,czcerakw,,,,,0,Experiment_1_Persistence,https://app.prolific.com/submissions/complete?cc=C1BTHULB,0.0,1.0,273,,0.0,,1,1,273,,0.0,,,,,,,,,,,,,,,1,1,273,,0.0,,,,,,,,,,1,1,273,,0.0,,,,,,,,,,,,,,,,,,1,1,273,,0.0,,,,,,,,,,,,,1,1,273,,0.0,0,0,0,0,0,0,0,0,0,,,,,1,1,,,,,,,,,,,,,,,,,,,,,,,,,,,,,,,,,,,,,,,,,,,,,,,,,,,,,,,,,,,,,,,,,,,,,,,,,,,,,,,,,,,,,,,,,,,,,,,,,,,,,,,,,,,,,,,,,,,,,,,,,,,,,,,,,,,,,,,,,,,,,,,,,,,,,,,,,,,,,,,,,,,,,,,,,,,,,,,,,,,,,,,,,,,,,,,,,,,,,,,,,,,,,,,,,,,,,,,,,,,,,,,,,,,,,,,,,,,,,,,,,,,,,,,,,,,,,,,,,,,,,,,,,,,,,,,,,,,,,,,,,,,,,,,,,,,,,,,,,,,,,,,,,,,,,,,,,,,
274,2uhkj6no,,0,0,18,,,,0,,,0.0,,,,,,,,,,,,,,czcerakw,,,,,0,Experiment_1_Persistence,https://app.prolific.com/submissions/complete?cc=C1BTHULB,0.0,1.0,274,,0.0,,1,1,274,,0.0,,,,,,,,,,,,,,,1,1,274,,0.0,,,,,,,,,,1,1,274,,0.0,,,,,,,,,,,,,,,,,,1,1,274,,0.0,,,,,,,,,,,,,1,1,274,,0.0,0,0,0,0,0,0,0,0,0,,,,,1,1,,,,,,,,,,,,,,,,,,,,,,,,,,,,,,,,,,,,,,,,,,,,,,,,,,,,,,,,,,,,,,,,,,,,,,,,,,,,,,,,,,,,,,,,,,,,,,,,,,,,,,,,,,,,,,,,,,,,,,,,,,,,,,,,,,,,,,,,,,,,,,,,,,,,,,,,,,,,,,,,,,,,,,,,,,,,,,,,,,,,,,,,,,,,,,,,,,,,,,,,,,,,,,,,,,,,,,,,,,,,,,,,,,,,,,,,,,,,,,,,,,,,,,,,,,,,,,,,,,,,,,,,,,,,,,,,,,,,,,,,,,,,,,,,,,,,,,,,,,,,,,,,,,,,,,,,,,,
275,dvqoo407,,0,0,18,,,,0,,,0.0,,,,,,,,,,,,,,czcerakw,,,,,0,Experiment_1_Persistence,https://app.prolific.com/submissions/complete?cc=C1BTHULB,0.0,1.0,275,,0.0,,1,1,275,,0.0,,,,,,,,,,,,,,,1,1,275,,0.0,,,,,,,,,,1,1,275,,0.0,,,,,,,,,,,,,,,,,,1,1,275,,0.0,,,,,,,,,,,,,1,1,275,,0.0,0,0,0,0,0,0,0,0,0,,,,,1,1,,,,,,,,,,,,,,,,,,,,,,,,,,,,,,,,,,,,,,,,,,,,,,,,,,,,,,,,,,,,,,,,,,,,,,,,,,,,,,,,,,,,,,,,,,,,,,,,,,,,,,,,,,,,,,,,,,,,,,,,,,,,,,,,,,,,,,,,,,,,,,,,,,,,,,,,,,,,,,,,,,,,,,,,,,,,,,,,,,,,,,,,,,,,,,,,,,,,,,,,,,,,,,,,,,,,,,,,,,,,,,,,,,,,,,,,,,,,,,,,,,,,,,,,,,,,,,,,,,,,,,,,,,,,,,,,,,,,,,,,,,,,,,,,,,,,,,,,,,,,,,,,,,,,,,,,,,,
276,obr4amkn,,0,0,18,,,,0,,,0.0,,,,,,,,,,,,,,czcerakw,,,,,0,Experiment_1_Persistence,https://app.prolific.com/submissions/complete?cc=C1BTHULB,0.0,1.0,276,,0.0,,1,1,276,,0.0,,,,,,,,,,,,,,,1,1,276,,0.0,,,,,,,,,,1,1,276,,0.0,,,,,,,,,,,,,,,,,,1,1,276,,0.0,,,,,,,,,,,,,1,1,276,,0.0,0,0,0,0,0,0,0,0,0,,,,,1,1,,,,,,,,,,,,,,,,,,,,,,,,,,,,,,,,,,,,,,,,,,,,,,,,,,,,,,,,,,,,,,,,,,,,,,,,,,,,,,,,,,,,,,,,,,,,,,,,,,,,,,,,,,,,,,,,,,,,,,,,,,,,,,,,,,,,,,,,,,,,,,,,,,,,,,,,,,,,,,,,,,,,,,,,,,,,,,,,,,,,,,,,,,,,,,,,,,,,,,,,,,,,,,,,,,,,,,,,,,,,,,,,,,,,,,,,,,,,,,,,,,,,,,,,,,,,,,,,,,,,,,,,,,,,,,,,,,,,,,,,,,,,,,,,,,,,,,,,,,,,,,,,,,,,,,,,,,,
277,r0gcuw2n,,0,0,18,,,,0,,,0.0,,,,,,,,,,,,,,czcerakw,,,,,0,Experiment_1_Persistence,https://app.prolific.com/submissions/complete?cc=C1BTHULB,0.0,1.0,277,,0.0,,1,1,277,,0.0,,,,,,,,,,,,,,,1,1,277,,0.0,,,,,,,,,,1,1,277,,0.0,,,,,,,,,,,,,,,,,,1,1,277,,0.0,,,,,,,,,,,,,1,1,277,,0.0,0,0,0,0,0,0,0,0,0,,,,,1,1,,,,,,,,,,,,,,,,,,,,,,,,,,,,,,,,,,,,,,,,,,,,,,,,,,,,,,,,,,,,,,,,,,,,,,,,,,,,,,,,,,,,,,,,,,,,,,,,,,,,,,,,,,,,,,,,,,,,,,,,,,,,,,,,,,,,,,,,,,,,,,,,,,,,,,,,,,,,,,,,,,,,,,,,,,,,,,,,,,,,,,,,,,,,,,,,,,,,,,,,,,,,,,,,,,,,,,,,,,,,,,,,,,,,,,,,,,,,,,,,,,,,,,,,,,,,,,,,,,,,,,,,,,,,,,,,,,,,,,,,,,,,,,,,,,,,,,,,,,,,,,,,,,,,,,,,,,,
278,1eq6p2p5,,0,0,18,,,,0,,,0.0,,,,,,,,,,,,,,czcerakw,,,,,0,Experiment_1_Persistence,https://app.prolific.com/submissions/complete?cc=C1BTHULB,0.0,1.0,278,,0.0,,1,1,278,,0.0,,,,,,,,,,,,,,,1,1,278,,0.0,,,,,,,,,,1,1,278,,0.0,,,,,,,,,,,,,,,,,,1,1,278,,0.0,,,,,,,,,,,,,1,1,278,,0.0,0,0,0,0,0,0,0,0,0,,,,,1,1,,,,,,,,,,,,,,,,,,,,,,,,,,,,,,,,,,,,,,,,,,,,,,,,,,,,,,,,,,,,,,,,,,,,,,,,,,,,,,,,,,,,,,,,,,,,,,,,,,,,,,,,,,,,,,,,,,,,,,,,,,,,,,,,,,,,,,,,,,,,,,,,,,,,,,,,,,,,,,,,,,,,,,,,,,,,,,,,,,,,,,,,,,,,,,,,,,,,,,,,,,,,,,,,,,,,,,,,,,,,,,,,,,,,,,,,,,,,,,,,,,,,,,,,,,,,,,,,,,,,,,,,,,,,,,,,,,,,,,,,,,,,,,,,,,,,,,,,,,,,,,,,,,,,,,,,,,,
279,pj66gqm3,,0,0,18,,,,0,,,0.0,,,,,,,,,,,,,,czcerakw,,,,,0,Experiment_1_Persistence,https://app.prolific.com/submissions/complete?cc=C1BTHULB,0.0,1.0,279,,0.0,,1,1,279,,0.0,,,,,,,,,,,,,,,1,1,279,,0.0,,,,,,,,,,1,1,279,,0.0,,,,,,,,,,,,,,,,,,1,1,279,,0.0,,,,,,,,,,,,,1,1,279,,0.0,0,0,0,0,0,0,0,0,0,,,,,1,1,,,,,,,,,,,,,,,,,,,,,,,,,,,,,,,,,,,,,,,,,,,,,,,,,,,,,,,,,,,,,,,,,,,,,,,,,,,,,,,,,,,,,,,,,,,,,,,,,,,,,,,,,,,,,,,,,,,,,,,,,,,,,,,,,,,,,,,,,,,,,,,,,,,,,,,,,,,,,,,,,,,,,,,,,,,,,,,,,,,,,,,,,,,,,,,,,,,,,,,,,,,,,,,,,,,,,,,,,,,,,,,,,,,,,,,,,,,,,,,,,,,,,,,,,,,,,,,,,,,,,,,,,,,,,,,,,,,,,,,,,,,,,,,,,,,,,,,,,,,,,,,,,,,,,,,,,,,
280,5tujpot6,,0,0,18,,,,0,,,0.0,,,,,,,,,,,,,,czcerakw,,,,,0,Experiment_1_Persistence,https://app.prolific.com/submissions/complete?cc=C1BTHULB,0.0,1.0,280,,0.0,,1,1,280,,0.0,,,,,,,,,,,,,,,1,1,280,,0.0,,,,,,,,,,1,1,280,,0.0,,,,,,,,,,,,,,,,,,1,1,280,,0.0,,,,,,,,,,,,,1,1,280,,0.0,0,0,0,0,0,0,0,0,0,,,,,1,1,,,,,,,,,,,,,,,,,,,,,,,,,,,,,,,,,,,,,,,,,,,,,,,,,,,,,,,,,,,,,,,,,,,,,,,,,,,,,,,,,,,,,,,,,,,,,,,,,,,,,,,,,,,,,,,,,,,,,,,,,,,,,,,,,,,,,,,,,,,,,,,,,,,,,,,,,,,,,,,,,,,,,,,,,,,,,,,,,,,,,,,,,,,,,,,,,,,,,,,,,,,,,,,,,,,,,,,,,,,,,,,,,,,,,,,,,,,,,,,,,,,,,,,,,,,,,,,,,,,,,,,,,,,,,,,,,,,,,,,,,,,,,,,,,,,,,,,,,,,,,,,,,,,,,,,,,,,
281,aix017rd,,0,0,18,,,,0,,,0.0,,,,,,,,,,,,,,czcerakw,,,,,0,Experiment_1_Persistence,https://app.prolific.com/submissions/complete?cc=C1BTHULB,0.0,1.0,281,,0.0,,1,1,281,,0.0,,,,,,,,,,,,,,,1,1,281,,0.0,,,,,,,,,,1,1,281,,0.0,,,,,,,,,,,,,,,,,,1,1,281,,0.0,,,,,,,,,,,,,1,1,281,,0.0,0,0,0,0,0,0,0,0,0,,,,,1,1,,,,,,,,,,,,,,,,,,,,,,,,,,,,,,,,,,,,,,,,,,,,,,,,,,,,,,,,,,,,,,,,,,,,,,,,,,,,,,,,,,,,,,,,,,,,,,,,,,,,,,,,,,,,,,,,,,,,,,,,,,,,,,,,,,,,,,,,,,,,,,,,,,,,,,,,,,,,,,,,,,,,,,,,,,,,,,,,,,,,,,,,,,,,,,,,,,,,,,,,,,,,,,,,,,,,,,,,,,,,,,,,,,,,,,,,,,,,,,,,,,,,,,,,,,,,,,,,,,,,,,,,,,,,,,,,,,,,,,,,,,,,,,,,,,,,,,,,,,,,,,,,,,,,,,,,,,,
282,bgjpj6r2,,0,0,18,,,,0,,,0.0,,,,,,,,,,,,,,czcerakw,,,,,0,Experiment_1_Persistence,https://app.prolific.com/submissions/complete?cc=C1BTHULB,0.0,1.0,282,,0.0,,1,1,282,,0.0,,,,,,,,,,,,,,,1,1,282,,0.0,,,,,,,,,,1,1,282,,0.0,,,,,,,,,,,,,,,,,,1,1,282,,0.0,,,,,,,,,,,,,1,1,282,,0.0,0,0,0,0,0,0,0,0,0,,,,,1,1,,,,,,,,,,,,,,,,,,,,,,,,,,,,,,,,,,,,,,,,,,,,,,,,,,,,,,,,,,,,,,,,,,,,,,,,,,,,,,,,,,,,,,,,,,,,,,,,,,,,,,,,,,,,,,,,,,,,,,,,,,,,,,,,,,,,,,,,,,,,,,,,,,,,,,,,,,,,,,,,,,,,,,,,,,,,,,,,,,,,,,,,,,,,,,,,,,,,,,,,,,,,,,,,,,,,,,,,,,,,,,,,,,,,,,,,,,,,,,,,,,,,,,,,,,,,,,,,,,,,,,,,,,,,,,,,,,,,,,,,,,,,,,,,,,,,,,,,,,,,,,,,,,,,,,,,,,,
283,bgw2xvod,,0,0,18,,,,0,,,0.0,,,,,,,,,,,,,,czcerakw,,,,,0,Experiment_1_Persistence,https://app.prolific.com/submissions/complete?cc=C1BTHULB,0.0,1.0,283,,0.0,,1,1,283,,0.0,,,,,,,,,,,,,,,1,1,283,,0.0,,,,,,,,,,1,1,283,,0.0,,,,,,,,,,,,,,,,,,1,1,283,,0.0,,,,,,,,,,,,,1,1,283,,0.0,0,0,0,0,0,0,0,0,0,,,,,1,1,,,,,,,,,,,,,,,,,,,,,,,,,,,,,,,,,,,,,,,,,,,,,,,,,,,,,,,,,,,,,,,,,,,,,,,,,,,,,,,,,,,,,,,,,,,,,,,,,,,,,,,,,,,,,,,,,,,,,,,,,,,,,,,,,,,,,,,,,,,,,,,,,,,,,,,,,,,,,,,,,,,,,,,,,,,,,,,,,,,,,,,,,,,,,,,,,,,,,,,,,,,,,,,,,,,,,,,,,,,,,,,,,,,,,,,,,,,,,,,,,,,,,,,,,,,,,,,,,,,,,,,,,,,,,,,,,,,,,,,,,,,,,,,,,,,,,,,,,,,,,,,,,,,,,,,,,,,
284,78lf7ste,,0,0,18,,,,0,,,0.0,,,,,,,,,,,,,,czcerakw,,,,,0,Experiment_1_Persistence,https://app.prolific.com/submissions/complete?cc=C1BTHULB,0.0,1.0,284,,0.0,,1,1,284,,0.0,,,,,,,,,,,,,,,1,1,284,,0.0,,,,,,,,,,1,1,284,,0.0,,,,,,,,,,,,,,,,,,1,1,284,,0.0,,,,,,,,,,,,,1,1,284,,0.0,0,0,0,0,0,0,0,0,0,,,,,1,1,,,,,,,,,,,,,,,,,,,,,,,,,,,,,,,,,,,,,,,,,,,,,,,,,,,,,,,,,,,,,,,,,,,,,,,,,,,,,,,,,,,,,,,,,,,,,,,,,,,,,,,,,,,,,,,,,,,,,,,,,,,,,,,,,,,,,,,,,,,,,,,,,,,,,,,,,,,,,,,,,,,,,,,,,,,,,,,,,,,,,,,,,,,,,,,,,,,,,,,,,,,,,,,,,,,,,,,,,,,,,,,,,,,,,,,,,,,,,,,,,,,,,,,,,,,,,,,,,,,,,,,,,,,,,,,,,,,,,,,,,,,,,,,,,,,,,,,,,,,,,,,,,,,,,,,,,,,
285,xtvw4jrf,,0,0,18,,,,0,,,0.0,,,,,,,,,,,,,,czcerakw,,,,,0,Experiment_1_Persistence,https://app.prolific.com/submissions/complete?cc=C1BTHULB,0.0,1.0,285,,0.0,,1,1,285,,0.0,,,,,,,,,,,,,,,1,1,285,,0.0,,,,,,,,,,1,1,285,,0.0,,,,,,,,,,,,,,,,,,1,1,285,,0.0,,,,,,,,,,,,,1,1,285,,0.0,0,0,0,0,0,0,0,0,0,,,,,1,1,,,,,,,,,,,,,,,,,,,,,,,,,,,,,,,,,,,,,,,,,,,,,,,,,,,,,,,,,,,,,,,,,,,,,,,,,,,,,,,,,,,,,,,,,,,,,,,,,,,,,,,,,,,,,,,,,,,,,,,,,,,,,,,,,,,,,,,,,,,,,,,,,,,,,,,,,,,,,,,,,,,,,,,,,,,,,,,,,,,,,,,,,,,,,,,,,,,,,,,,,,,,,,,,,,,,,,,,,,,,,,,,,,,,,,,,,,,,,,,,,,,,,,,,,,,,,,,,,,,,,,,,,,,,,,,,,,,,,,,,,,,,,,,,,,,,,,,,,,,,,,,,,,,,,,,,,,,
286,acu8fprv,,0,0,18,,,,0,,,0.0,,,,,,,,,,,,,,czcerakw,,,,,0,Experiment_1_Persistence,https://app.prolific.com/submissions/complete?cc=C1BTHULB,0.0,1.0,286,,0.0,,1,1,286,,0.0,,,,,,,,,,,,,,,1,1,286,,0.0,,,,,,,,,,1,1,286,,0.0,,,,,,,,,,,,,,,,,,1,1,286,,0.0,,,,,,,,,,,,,1,1,286,,0.0,0,0,0,0,0,0,0,0,0,,,,,1,1,,,,,,,,,,,,,,,,,,,,,,,,,,,,,,,,,,,,,,,,,,,,,,,,,,,,,,,,,,,,,,,,,,,,,,,,,,,,,,,,,,,,,,,,,,,,,,,,,,,,,,,,,,,,,,,,,,,,,,,,,,,,,,,,,,,,,,,,,,,,,,,,,,,,,,,,,,,,,,,,,,,,,,,,,,,,,,,,,,,,,,,,,,,,,,,,,,,,,,,,,,,,,,,,,,,,,,,,,,,,,,,,,,,,,,,,,,,,,,,,,,,,,,,,,,,,,,,,,,,,,,,,,,,,,,,,,,,,,,,,,,,,,,,,,,,,,,,,,,,,,,,,,,,,,,,,,,,
287,3tspcuao,,0,0,18,,,,0,,,0.0,,,,,,,,,,,,,,czcerakw,,,,,0,Experiment_1_Persistence,https://app.prolific.com/submissions/complete?cc=C1BTHULB,0.0,1.0,287,,0.0,,1,1,287,,0.0,,,,,,,,,,,,,,,1,1,287,,0.0,,,,,,,,,,1,1,287,,0.0,,,,,,,,,,,,,,,,,,1,1,287,,0.0,,,,,,,,,,,,,1,1,287,,0.0,0,0,0,0,0,0,0,0,0,,,,,1,1,,,,,,,,,,,,,,,,,,,,,,,,,,,,,,,,,,,,,,,,,,,,,,,,,,,,,,,,,,,,,,,,,,,,,,,,,,,,,,,,,,,,,,,,,,,,,,,,,,,,,,,,,,,,,,,,,,,,,,,,,,,,,,,,,,,,,,,,,,,,,,,,,,,,,,,,,,,,,,,,,,,,,,,,,,,,,,,,,,,,,,,,,,,,,,,,,,,,,,,,,,,,,,,,,,,,,,,,,,,,,,,,,,,,,,,,,,,,,,,,,,,,,,,,,,,,,,,,,,,,,,,,,,,,,,,,,,,,,,,,,,,,,,,,,,,,,,,,,,,,,,,,,,,,,,,,,,,
288,9o4gorc5,,0,0,18,,,,0,,,0.0,,,,,,,,,,,,,,czcerakw,,,,,0,Experiment_1_Persistence,https://app.prolific.com/submissions/complete?cc=C1BTHULB,0.0,1.0,288,,0.0,,1,1,288,,0.0,,,,,,,,,,,,,,,1,1,288,,0.0,,,,,,,,,,1,1,288,,0.0,,,,,,,,,,,,,,,,,,1,1,288,,0.0,,,,,,,,,,,,,1,1,288,,0.0,0,0,0,0,0,0,0,0,0,,,,,1,1,,,,,,,,,,,,,,,,,,,,,,,,,,,,,,,,,,,,,,,,,,,,,,,,,,,,,,,,,,,,,,,,,,,,,,,,,,,,,,,,,,,,,,,,,,,,,,,,,,,,,,,,,,,,,,,,,,,,,,,,,,,,,,,,,,,,,,,,,,,,,,,,,,,,,,,,,,,,,,,,,,,,,,,,,,,,,,,,,,,,,,,,,,,,,,,,,,,,,,,,,,,,,,,,,,,,,,,,,,,,,,,,,,,,,,,,,,,,,,,,,,,,,,,,,,,,,,,,,,,,,,,,,,,,,,,,,,,,,,,,,,,,,,,,,,,,,,,,,,,,,,,,,,,,,,,,,,,
289,lmr9lurz,,0,0,18,,,,0,,,0.0,,,,,,,,,,,,,,czcerakw,,,,,0,Experiment_1_Persistence,https://app.prolific.com/submissions/complete?cc=C1BTHULB,0.0,1.0,289,,0.0,,1,1,289,,0.0,,,,,,,,,,,,,,,1,1,289,,0.0,,,,,,,,,,1,1,289,,0.0,,,,,,,,,,,,,,,,,,1,1,289,,0.0,,,,,,,,,,,,,1,1,289,,0.0,0,0,0,0,0,0,0,0,0,,,,,1,1,,,,,,,,,,,,,,,,,,,,,,,,,,,,,,,,,,,,,,,,,,,,,,,,,,,,,,,,,,,,,,,,,,,,,,,,,,,,,,,,,,,,,,,,,,,,,,,,,,,,,,,,,,,,,,,,,,,,,,,,,,,,,,,,,,,,,,,,,,,,,,,,,,,,,,,,,,,,,,,,,,,,,,,,,,,,,,,,,,,,,,,,,,,,,,,,,,,,,,,,,,,,,,,,,,,,,,,,,,,,,,,,,,,,,,,,,,,,,,,,,,,,,,,,,,,,,,,,,,,,,,,,,,,,,,,,,,,,,,,,,,,,,,,,,,,,,,,,,,,,,,,,,,,,,,,,,,,
290,gj6x5iwi,,0,0,18,,,,0,,,0.0,,,,,,,,,,,,,,czcerakw,,,,,0,Experiment_1_Persistence,https://app.prolific.com/submissions/complete?cc=C1BTHULB,0.0,1.0,290,,0.0,,1,1,290,,0.0,,,,,,,,,,,,,,,1,1,290,,0.0,,,,,,,,,,1,1,290,,0.0,,,,,,,,,,,,,,,,,,1,1,290,,0.0,,,,,,,,,,,,,1,1,290,,0.0,0,0,0,0,0,0,0,0,0,,,,,1,1,,,,,,,,,,,,,,,,,,,,,,,,,,,,,,,,,,,,,,,,,,,,,,,,,,,,,,,,,,,,,,,,,,,,,,,,,,,,,,,,,,,,,,,,,,,,,,,,,,,,,,,,,,,,,,,,,,,,,,,,,,,,,,,,,,,,,,,,,,,,,,,,,,,,,,,,,,,,,,,,,,,,,,,,,,,,,,,,,,,,,,,,,,,,,,,,,,,,,,,,,,,,,,,,,,,,,,,,,,,,,,,,,,,,,,,,,,,,,,,,,,,,,,,,,,,,,,,,,,,,,,,,,,,,,,,,,,,,,,,,,,,,,,,,,,,,,,,,,,,,,,,,,,,,,,,,,,,
291,pw20car5,,0,0,18,,,,0,,,0.0,,,,,,,,,,,,,,czcerakw,,,,,0,Experiment_1_Persistence,https://app.prolific.com/submissions/complete?cc=C1BTHULB,0.0,1.0,291,,0.0,,1,1,291,,0.0,,,,,,,,,,,,,,,1,1,291,,0.0,,,,,,,,,,1,1,291,,0.0,,,,,,,,,,,,,,,,,,1,1,291,,0.0,,,,,,,,,,,,,1,1,291,,0.0,0,0,0,0,0,0,0,0,0,,,,,1,1,,,,,,,,,,,,,,,,,,,,,,,,,,,,,,,,,,,,,,,,,,,,,,,,,,,,,,,,,,,,,,,,,,,,,,,,,,,,,,,,,,,,,,,,,,,,,,,,,,,,,,,,,,,,,,,,,,,,,,,,,,,,,,,,,,,,,,,,,,,,,,,,,,,,,,,,,,,,,,,,,,,,,,,,,,,,,,,,,,,,,,,,,,,,,,,,,,,,,,,,,,,,,,,,,,,,,,,,,,,,,,,,,,,,,,,,,,,,,,,,,,,,,,,,,,,,,,,,,,,,,,,,,,,,,,,,,,,,,,,,,,,,,,,,,,,,,,,,,,,,,,,,,,,,,,,,,,,
292,vjw911nx,,0,0,18,,,,0,,,0.0,,,,,,,,,,,,,,czcerakw,,,,,0,Experiment_1_Persistence,https://app.prolific.com/submissions/complete?cc=C1BTHULB,0.0,1.0,292,,0.0,,1,1,292,,0.0,,,,,,,,,,,,,,,1,1,292,,0.0,,,,,,,,,,1,1,292,,0.0,,,,,,,,,,,,,,,,,,1,1,292,,0.0,,,,,,,,,,,,,1,1,292,,0.0,0,0,0,0,0,0,0,0,0,,,,,1,1,,,,,,,,,,,,,,,,,,,,,,,,,,,,,,,,,,,,,,,,,,,,,,,,,,,,,,,,,,,,,,,,,,,,,,,,,,,,,,,,,,,,,,,,,,,,,,,,,,,,,,,,,,,,,,,,,,,,,,,,,,,,,,,,,,,,,,,,,,,,,,,,,,,,,,,,,,,,,,,,,,,,,,,,,,,,,,,,,,,,,,,,,,,,,,,,,,,,,,,,,,,,,,,,,,,,,,,,,,,,,,,,,,,,,,,,,,,,,,,,,,,,,,,,,,,,,,,,,,,,,,,,,,,,,,,,,,,,,,,,,,,,,,,,,,,,,,,,,,,,,,,,,,,,,,,,,,,
293,fxdvqmnz,,0,0,18,,,,0,,,0.0,,,,,,,,,,,,,,czcerakw,,,,,0,Experiment_1_Persistence,https://app.prolific.com/submissions/complete?cc=C1BTHULB,0.0,1.0,293,,0.0,,1,1,293,,0.0,,,,,,,,,,,,,,,1,1,293,,0.0,,,,,,,,,,1,1,293,,0.0,,,,,,,,,,,,,,,,,,1,1,293,,0.0,,,,,,,,,,,,,1,1,293,,0.0,0,0,0,0,0,0,0,0,0,,,,,1,1,,,,,,,,,,,,,,,,,,,,,,,,,,,,,,,,,,,,,,,,,,,,,,,,,,,,,,,,,,,,,,,,,,,,,,,,,,,,,,,,,,,,,,,,,,,,,,,,,,,,,,,,,,,,,,,,,,,,,,,,,,,,,,,,,,,,,,,,,,,,,,,,,,,,,,,,,,,,,,,,,,,,,,,,,,,,,,,,,,,,,,,,,,,,,,,,,,,,,,,,,,,,,,,,,,,,,,,,,,,,,,,,,,,,,,,,,,,,,,,,,,,,,,,,,,,,,,,,,,,,,,,,,,,,,,,,,,,,,,,,,,,,,,,,,,,,,,,,,,,,,,,,,,,,,,,,,,,
294,1miciejs,,0,0,18,,,,0,,,0.0,,,,,,,,,,,,,,czcerakw,,,,,0,Experiment_1_Persistence,https://app.prolific.com/submissions/complete?cc=C1BTHULB,0.0,1.0,294,,0.0,,1,1,294,,0.0,,,,,,,,,,,,,,,1,1,294,,0.0,,,,,,,,,,1,1,294,,0.0,,,,,,,,,,,,,,,,,,1,1,294,,0.0,,,,,,,,,,,,,1,1,294,,0.0,0,0,0,0,0,0,0,0,0,,,,,1,1,,,,,,,,,,,,,,,,,,,,,,,,,,,,,,,,,,,,,,,,,,,,,,,,,,,,,,,,,,,,,,,,,,,,,,,,,,,,,,,,,,,,,,,,,,,,,,,,,,,,,,,,,,,,,,,,,,,,,,,,,,,,,,,,,,,,,,,,,,,,,,,,,,,,,,,,,,,,,,,,,,,,,,,,,,,,,,,,,,,,,,,,,,,,,,,,,,,,,,,,,,,,,,,,,,,,,,,,,,,,,,,,,,,,,,,,,,,,,,,,,,,,,,,,,,,,,,,,,,,,,,,,,,,,,,,,,,,,,,,,,,,,,,,,,,,,,,,,,,,,,,,,,,,,,,,,,,,
295,baeejxei,,0,0,18,,,,0,,,0.0,,,,,,,,,,,,,,czcerakw,,,,,0,Experiment_1_Persistence,https://app.prolific.com/submissions/complete?cc=C1BTHULB,0.0,1.0,295,,0.0,,1,1,295,,0.0,,,,,,,,,,,,,,,1,1,295,,0.0,,,,,,,,,,1,1,295,,0.0,,,,,,,,,,,,,,,,,,1,1,295,,0.0,,,,,,,,,,,,,1,1,295,,0.0,0,0,0,0,0,0,0,0,0,,,,,1,1,,,,,,,,,,,,,,,,,,,,,,,,,,,,,,,,,,,,,,,,,,,,,,,,,,,,,,,,,,,,,,,,,,,,,,,,,,,,,,,,,,,,,,,,,,,,,,,,,,,,,,,,,,,,,,,,,,,,,,,,,,,,,,,,,,,,,,,,,,,,,,,,,,,,,,,,,,,,,,,,,,,,,,,,,,,,,,,,,,,,,,,,,,,,,,,,,,,,,,,,,,,,,,,,,,,,,,,,,,,,,,,,,,,,,,,,,,,,,,,,,,,,,,,,,,,,,,,,,,,,,,,,,,,,,,,,,,,,,,,,,,,,,,,,,,,,,,,,,,,,,,,,,,,,,,,,,,,
296,a0sg1yvt,,0,0,18,,,,0,,,0.0,,,,,,,,,,,,,,czcerakw,,,,,0,Experiment_1_Persistence,https://app.prolific.com/submissions/complete?cc=C1BTHULB,0.0,1.0,296,,0.0,,1,1,296,,0.0,,,,,,,,,,,,,,,1,1,296,,0.0,,,,,,,,,,1,1,296,,0.0,,,,,,,,,,,,,,,,,,1,1,296,,0.0,,,,,,,,,,,,,1,1,296,,0.0,0,0,0,0,0,0,0,0,0,,,,,1,1,,,,,,,,,,,,,,,,,,,,,,,,,,,,,,,,,,,,,,,,,,,,,,,,,,,,,,,,,,,,,,,,,,,,,,,,,,,,,,,,,,,,,,,,,,,,,,,,,,,,,,,,,,,,,,,,,,,,,,,,,,,,,,,,,,,,,,,,,,,,,,,,,,,,,,,,,,,,,,,,,,,,,,,,,,,,,,,,,,,,,,,,,,,,,,,,,,,,,,,,,,,,,,,,,,,,,,,,,,,,,,,,,,,,,,,,,,,,,,,,,,,,,,,,,,,,,,,,,,,,,,,,,,,,,,,,,,,,,,,,,,,,,,,,,,,,,,,,,,,,,,,,,,,,,,,,,,,
297,ys0e9bj6,,0,0,18,,,,0,,,0.0,,,,,,,,,,,,,,czcerakw,,,,,0,Experiment_1_Persistence,https://app.prolific.com/submissions/complete?cc=C1BTHULB,0.0,1.0,297,,0.0,,1,1,297,,0.0,,,,,,,,,,,,,,,1,1,297,,0.0,,,,,,,,,,1,1,297,,0.0,,,,,,,,,,,,,,,,,,1,1,297,,0.0,,,,,,,,,,,,,1,1,297,,0.0,0,0,0,0,0,0,0,0,0,,,,,1,1,,,,,,,,,,,,,,,,,,,,,,,,,,,,,,,,,,,,,,,,,,,,,,,,,,,,,,,,,,,,,,,,,,,,,,,,,,,,,,,,,,,,,,,,,,,,,,,,,,,,,,,,,,,,,,,,,,,,,,,,,,,,,,,,,,,,,,,,,,,,,,,,,,,,,,,,,,,,,,,,,,,,,,,,,,,,,,,,,,,,,,,,,,,,,,,,,,,,,,,,,,,,,,,,,,,,,,,,,,,,,,,,,,,,,,,,,,,,,,,,,,,,,,,,,,,,,,,,,,,,,,,,,,,,,,,,,,,,,,,,,,,,,,,,,,,,,,,,,,,,,,,,,,,,,,,,,,,
298,kfnc83ry,,0,0,18,,,,0,,,0.0,,,,,,,,,,,,,,czcerakw,,,,,0,Experiment_1_Persistence,https://app.prolific.com/submissions/complete?cc=C1BTHULB,0.0,1.0,298,,0.0,,1,1,298,,0.0,,,,,,,,,,,,,,,1,1,298,,0.0,,,,,,,,,,1,1,298,,0.0,,,,,,,,,,,,,,,,,,1,1,298,,0.0,,,,,,,,,,,,,1,1,298,,0.0,0,0,0,0,0,0,0,0,0,,,,,1,1,,,,,,,,,,,,,,,,,,,,,,,,,,,,,,,,,,,,,,,,,,,,,,,,,,,,,,,,,,,,,,,,,,,,,,,,,,,,,,,,,,,,,,,,,,,,,,,,,,,,,,,,,,,,,,,,,,,,,,,,,,,,,,,,,,,,,,,,,,,,,,,,,,,,,,,,,,,,,,,,,,,,,,,,,,,,,,,,,,,,,,,,,,,,,,,,,,,,,,,,,,,,,,,,,,,,,,,,,,,,,,,,,,,,,,,,,,,,,,,,,,,,,,,,,,,,,,,,,,,,,,,,,,,,,,,,,,,,,,,,,,,,,,,,,,,,,,,,,,,,,,,,,,,,,,,,,,,
299,xnt71yg8,,0,0,18,,,,0,,,0.0,,,,,,,,,,,,,,czcerakw,,,,,0,Experiment_1_Persistence,https://app.prolific.com/submissions/complete?cc=C1BTHULB,0.0,1.0,299,,0.0,,1,1,299,,0.0,,,,,,,,,,,,,,,1,1,299,,0.0,,,,,,,,,,1,1,299,,0.0,,,,,,,,,,,,,,,,,,1,1,299,,0.0,,,,,,,,,,,,,1,1,299,,0.0,0,0,0,0,0,0,0,0,0,,,,,1,1,,,,,,,,,,,,,,,,,,,,,,,,,,,,,,,,,,,,,,,,,,,,,,,,,,,,,,,,,,,,,,,,,,,,,,,,,,,,,,,,,,,,,,,,,,,,,,,,,,,,,,,,,,,,,,,,,,,,,,,,,,,,,,,,,,,,,,,,,,,,,,,,,,,,,,,,,,,,,,,,,,,,,,,,,,,,,,,,,,,,,,,,,,,,,,,,,,,,,,,,,,,,,,,,,,,,,,,,,,,,,,,,,,,,,,,,,,,,,,,,,,,,,,,,,,,,,,,,,,,,,,,,,,,,,,,,,,,,,,,,,,,,,,,,,,,,,,,,,,,,,,,,,,,,,,,,,,,
300,0r29r00z,,0,0,18,,,,0,,,0.0,,,,,,,,,,,,,,czcerakw,,,,,0,Experiment_1_Persistence,https://app.prolific.com/submissions/complete?cc=C1BTHULB,0.0,1.0,300,,0.0,,1,1,300,,0.0,,,,,,,,,,,,,,,1,1,300,,0.0,,,,,,,,,,1,1,300,,0.0,,,,,,,,,,,,,,,,,,1,1,300,,0.0,,,,,,,,,,,,,1,1,300,,0.0,0,0,0,0,0,0,0,0,0,,,,,1,1,,,,,,,,,,,,,,,,,,,,,,,,,,,,,,,,,,,,,,,,,,,,,,,,,,,,,,,,,,,,,,,,,,,,,,,,,,,,,,,,,,,,,,,,,,,,,,,,,,,,,,,,,,,,,,,,,,,,,,,,,,,,,,,,,,,,,,,,,,,,,,,,,,,,,,,,,,,,,,,,,,,,,,,,,,,,,,,,,,,,,,,,,,,,,,,,,,,,,,,,,,,,,,,,,,,,,,,,,,,,,,,,,,,,,,,,,,,,,,,,,,,,,,,,,,,,,,,,,,,,,,,,,,,,,,,,,,,,,,,,,,,,,,,,,,,,,,,,,,,,,,,,,,,,,,,,,,,
301,35xp724g,,0,0,18,,,,0,,,0.0,,,,,,,,,,,,,,czcerakw,,,,,0,Experiment_1_Persistence,https://app.prolific.com/submissions/complete?cc=C1BTHULB,0.0,1.0,301,,0.0,,1,1,301,,0.0,,,,,,,,,,,,,,,1,1,301,,0.0,,,,,,,,,,1,1,301,,0.0,,,,,,,,,,,,,,,,,,1,1,301,,0.0,,,,,,,,,,,,,1,1,301,,0.0,0,0,0,0,0,0,0,0,0,,,,,1,1,,,,,,,,,,,,,,,,,,,,,,,,,,,,,,,,,,,,,,,,,,,,,,,,,,,,,,,,,,,,,,,,,,,,,,,,,,,,,,,,,,,,,,,,,,,,,,,,,,,,,,,,,,,,,,,,,,,,,,,,,,,,,,,,,,,,,,,,,,,,,,,,,,,,,,,,,,,,,,,,,,,,,,,,,,,,,,,,,,,,,,,,,,,,,,,,,,,,,,,,,,,,,,,,,,,,,,,,,,,,,,,,,,,,,,,,,,,,,,,,,,,,,,,,,,,,,,,,,,,,,,,,,,,,,,,,,,,,,,,,,,,,,,,,,,,,,,,,,,,,,,,,,,,,,,,,,,,
302,e26o47gn,,0,0,18,,,,0,,,0.0,,,,,,,,,,,,,,czcerakw,,,,,0,Experiment_1_Persistence,https://app.prolific.com/submissions/complete?cc=C1BTHULB,0.0,1.0,302,,0.0,,1,1,302,,0.0,,,,,,,,,,,,,,,1,1,302,,0.0,,,,,,,,,,1,1,302,,0.0,,,,,,,,,,,,,,,,,,1,1,302,,0.0,,,,,,,,,,,,,1,1,302,,0.0,0,0,0,0,0,0,0,0,0,,,,,1,1,,,,,,,,,,,,,,,,,,,,,,,,,,,,,,,,,,,,,,,,,,,,,,,,,,,,,,,,,,,,,,,,,,,,,,,,,,,,,,,,,,,,,,,,,,,,,,,,,,,,,,,,,,,,,,,,,,,,,,,,,,,,,,,,,,,,,,,,,,,,,,,,,,,,,,,,,,,,,,,,,,,,,,,,,,,,,,,,,,,,,,,,,,,,,,,,,,,,,,,,,,,,,,,,,,,,,,,,,,,,,,,,,,,,,,,,,,,,,,,,,,,,,,,,,,,,,,,,,,,,,,,,,,,,,,,,,,,,,,,,,,,,,,,,,,,,,,,,,,,,,,,,,,,,,,,,,,,
303,z4hhdkko,,0,0,18,,,,0,,,0.0,,,,,,,,,,,,,,czcerakw,,,,,0,Experiment_1_Persistence,https://app.prolific.com/submissions/complete?cc=C1BTHULB,0.0,1.0,303,,0.0,,1,1,303,,0.0,,,,,,,,,,,,,,,1,1,303,,0.0,,,,,,,,,,1,1,303,,0.0,,,,,,,,,,,,,,,,,,1,1,303,,0.0,,,,,,,,,,,,,1,1,303,,0.0,0,0,0,0,0,0,0,0,0,,,,,1,1,,,,,,,,,,,,,,,,,,,,,,,,,,,,,,,,,,,,,,,,,,,,,,,,,,,,,,,,,,,,,,,,,,,,,,,,,,,,,,,,,,,,,,,,,,,,,,,,,,,,,,,,,,,,,,,,,,,,,,,,,,,,,,,,,,,,,,,,,,,,,,,,,,,,,,,,,,,,,,,,,,,,,,,,,,,,,,,,,,,,,,,,,,,,,,,,,,,,,,,,,,,,,,,,,,,,,,,,,,,,,,,,,,,,,,,,,,,,,,,,,,,,,,,,,,,,,,,,,,,,,,,,,,,,,,,,,,,,,,,,,,,,,,,,,,,,,,,,,,,,,,,,,,,,,,,,,,,
304,gtaohzze,,0,0,18,,,,0,,,0.0,,,,,,,,,,,,,,czcerakw,,,,,0,Experiment_1_Persistence,https://app.prolific.com/submissions/complete?cc=C1BTHULB,0.0,1.0,304,,0.0,,1,1,304,,0.0,,,,,,,,,,,,,,,1,1,304,,0.0,,,,,,,,,,1,1,304,,0.0,,,,,,,,,,,,,,,,,,1,1,304,,0.0,,,,,,,,,,,,,1,1,304,,0.0,0,0,0,0,0,0,0,0,0,,,,,1,1,,,,,,,,,,,,,,,,,,,,,,,,,,,,,,,,,,,,,,,,,,,,,,,,,,,,,,,,,,,,,,,,,,,,,,,,,,,,,,,,,,,,,,,,,,,,,,,,,,,,,,,,,,,,,,,,,,,,,,,,,,,,,,,,,,,,,,,,,,,,,,,,,,,,,,,,,,,,,,,,,,,,,,,,,,,,,,,,,,,,,,,,,,,,,,,,,,,,,,,,,,,,,,,,,,,,,,,,,,,,,,,,,,,,,,,,,,,,,,,,,,,,,,,,,,,,,,,,,,,,,,,,,,,,,,,,,,,,,,,,,,,,,,,,,,,,,,,,,,,,,,,,,,,,,,,,,,,
305,ww1k8sz4,,0,0,18,,,,0,,,0.0,,,,,,,,,,,,,,czcerakw,,,,,0,Experiment_1_Persistence,https://app.prolific.com/submissions/complete?cc=C1BTHULB,0.0,1.0,305,,0.0,,1,1,305,,0.0,,,,,,,,,,,,,,,1,1,305,,0.0,,,,,,,,,,1,1,305,,0.0,,,,,,,,,,,,,,,,,,1,1,305,,0.0,,,,,,,,,,,,,1,1,305,,0.0,0,0,0,0,0,0,0,0,0,,,,,1,1,,,,,,,,,,,,,,,,,,,,,,,,,,,,,,,,,,,,,,,,,,,,,,,,,,,,,,,,,,,,,,,,,,,,,,,,,,,,,,,,,,,,,,,,,,,,,,,,,,,,,,,,,,,,,,,,,,,,,,,,,,,,,,,,,,,,,,,,,,,,,,,,,,,,,,,,,,,,,,,,,,,,,,,,,,,,,,,,,,,,,,,,,,,,,,,,,,,,,,,,,,,,,,,,,,,,,,,,,,,,,,,,,,,,,,,,,,,,,,,,,,,,,,,,,,,,,,,,,,,,,,,,,,,,,,,,,,,,,,,,,,,,,,,,,,,,,,,,,,,,,,,,,,,,,,,,,,,
306,q7msuzy9,,0,0,18,,,,0,,,0.0,,,,,,,,,,,,,,czcerakw,,,,,0,Experiment_1_Persistence,https://app.prolific.com/submissions/complete?cc=C1BTHULB,0.0,1.0,306,,0.0,,1,1,306,,0.0,,,,,,,,,,,,,,,1,1,306,,0.0,,,,,,,,,,1,1,306,,0.0,,,,,,,,,,,,,,,,,,1,1,306,,0.0,,,,,,,,,,,,,1,1,306,,0.0,0,0,0,0,0,0,0,0,0,,,,,1,1,,,,,,,,,,,,,,,,,,,,,,,,,,,,,,,,,,,,,,,,,,,,,,,,,,,,,,,,,,,,,,,,,,,,,,,,,,,,,,,,,,,,,,,,,,,,,,,,,,,,,,,,,,,,,,,,,,,,,,,,,,,,,,,,,,,,,,,,,,,,,,,,,,,,,,,,,,,,,,,,,,,,,,,,,,,,,,,,,,,,,,,,,,,,,,,,,,,,,,,,,,,,,,,,,,,,,,,,,,,,,,,,,,,,,,,,,,,,,,,,,,,,,,,,,,,,,,,,,,,,,,,,,,,,,,,,,,,,,,,,,,,,,,,,,,,,,,,,,,,,,,,,,,,,,,,,,,,
307,br5lskak,,0,0,18,,,,0,,,0.0,,,,,,,,,,,,,,czcerakw,,,,,0,Experiment_1_Persistence,https://app.prolific.com/submissions/complete?cc=C1BTHULB,0.0,1.0,307,,0.0,,1,1,307,,0.0,,,,,,,,,,,,,,,1,1,307,,0.0,,,,,,,,,,1,1,307,,0.0,,,,,,,,,,,,,,,,,,1,1,307,,0.0,,,,,,,,,,,,,1,1,307,,0.0,0,0,0,0,0,0,0,0,0,,,,,1,1,,,,,,,,,,,,,,,,,,,,,,,,,,,,,,,,,,,,,,,,,,,,,,,,,,,,,,,,,,,,,,,,,,,,,,,,,,,,,,,,,,,,,,,,,,,,,,,,,,,,,,,,,,,,,,,,,,,,,,,,,,,,,,,,,,,,,,,,,,,,,,,,,,,,,,,,,,,,,,,,,,,,,,,,,,,,,,,,,,,,,,,,,,,,,,,,,,,,,,,,,,,,,,,,,,,,,,,,,,,,,,,,,,,,,,,,,,,,,,,,,,,,,,,,,,,,,,,,,,,,,,,,,,,,,,,,,,,,,,,,,,,,,,,,,,,,,,,,,,,,,,,,,,,,,,,,,,,
308,emwee3pq,,0,0,18,,,,0,,,0.0,,,,,,,,,,,,,,czcerakw,,,,,0,Experiment_1_Persistence,https://app.prolific.com/submissions/complete?cc=C1BTHULB,0.0,1.0,308,,0.0,,1,1,308,,0.0,,,,,,,,,,,,,,,1,1,308,,0.0,,,,,,,,,,1,1,308,,0.0,,,,,,,,,,,,,,,,,,1,1,308,,0.0,,,,,,,,,,,,,1,1,308,,0.0,0,0,0,0,0,0,0,0,0,,,,,1,1,,,,,,,,,,,,,,,,,,,,,,,,,,,,,,,,,,,,,,,,,,,,,,,,,,,,,,,,,,,,,,,,,,,,,,,,,,,,,,,,,,,,,,,,,,,,,,,,,,,,,,,,,,,,,,,,,,,,,,,,,,,,,,,,,,,,,,,,,,,,,,,,,,,,,,,,,,,,,,,,,,,,,,,,,,,,,,,,,,,,,,,,,,,,,,,,,,,,,,,,,,,,,,,,,,,,,,,,,,,,,,,,,,,,,,,,,,,,,,,,,,,,,,,,,,,,,,,,,,,,,,,,,,,,,,,,,,,,,,,,,,,,,,,,,,,,,,,,,,,,,,,,,,,,,,,,,,,
309,l14k53gf,,0,0,18,,,,0,,,0.0,,,,,,,,,,,,,,czcerakw,,,,,0,Experiment_1_Persistence,https://app.prolific.com/submissions/complete?cc=C1BTHULB,0.0,1.0,309,,0.0,,1,1,309,,0.0,,,,,,,,,,,,,,,1,1,309,,0.0,,,,,,,,,,1,1,309,,0.0,,,,,,,,,,,,,,,,,,1,1,309,,0.0,,,,,,,,,,,,,1,1,309,,0.0,0,0,0,0,0,0,0,0,0,,,,,1,1,,,,,,,,,,,,,,,,,,,,,,,,,,,,,,,,,,,,,,,,,,,,,,,,,,,,,,,,,,,,,,,,,,,,,,,,,,,,,,,,,,,,,,,,,,,,,,,,,,,,,,,,,,,,,,,,,,,,,,,,,,,,,,,,,,,,,,,,,,,,,,,,,,,,,,,,,,,,,,,,,,,,,,,,,,,,,,,,,,,,,,,,,,,,,,,,,,,,,,,,,,,,,,,,,,,,,,,,,,,,,,,,,,,,,,,,,,,,,,,,,,,,,,,,,,,,,,,,,,,,,,,,,,,,,,,,,,,,,,,,,,,,,,,,,,,,,,,,,,,,,,,,,,,,,,,,,,,
310,m4wb496l,,0,0,18,,,,0,,,0.0,,,,,,,,,,,,,,czcerakw,,,,,0,Experiment_1_Persistence,https://app.prolific.com/submissions/complete?cc=C1BTHULB,0.0,1.0,310,,0.0,,1,1,310,,0.0,,,,,,,,,,,,,,,1,1,310,,0.0,,,,,,,,,,1,1,310,,0.0,,,,,,,,,,,,,,,,,,1,1,310,,0.0,,,,,,,,,,,,,1,1,310,,0.0,0,0,0,0,0,0,0,0,0,,,,,1,1,,,,,,,,,,,,,,,,,,,,,,,,,,,,,,,,,,,,,,,,,,,,,,,,,,,,,,,,,,,,,,,,,,,,,,,,,,,,,,,,,,,,,,,,,,,,,,,,,,,,,,,,,,,,,,,,,,,,,,,,,,,,,,,,,,,,,,,,,,,,,,,,,,,,,,,,,,,,,,,,,,,,,,,,,,,,,,,,,,,,,,,,,,,,,,,,,,,,,,,,,,,,,,,,,,,,,,,,,,,,,,,,,,,,,,,,,,,,,,,,,,,,,,,,,,,,,,,,,,,,,,,,,,,,,,,,,,,,,,,,,,,,,,,,,,,,,,,,,,,,,,,,,,,,,,,,,,,
311,txjb4s7o,,0,0,18,,,,0,,,0.0,,,,,,,,,,,,,,czcerakw,,,,,0,Experiment_1_Persistence,https://app.prolific.com/submissions/complete?cc=C1BTHULB,0.0,1.0,311,,0.0,,1,1,311,,0.0,,,,,,,,,,,,,,,1,1,311,,0.0,,,,,,,,,,1,1,311,,0.0,,,,,,,,,,,,,,,,,,1,1,311,,0.0,,,,,,,,,,,,,1,1,311,,0.0,0,0,0,0,0,0,0,0,0,,,,,1,1,,,,,,,,,,,,,,,,,,,,,,,,,,,,,,,,,,,,,,,,,,,,,,,,,,,,,,,,,,,,,,,,,,,,,,,,,,,,,,,,,,,,,,,,,,,,,,,,,,,,,,,,,,,,,,,,,,,,,,,,,,,,,,,,,,,,,,,,,,,,,,,,,,,,,,,,,,,,,,,,,,,,,,,,,,,,,,,,,,,,,,,,,,,,,,,,,,,,,,,,,,,,,,,,,,,,,,,,,,,,,,,,,,,,,,,,,,,,,,,,,,,,,,,,,,,,,,,,,,,,,,,,,,,,,,,,,,,,,,,,,,,,,,,,,,,,,,,,,,,,,,,,,,,,,,,,,,,
312,4u83roiv,,0,0,18,,,,0,,,0.0,,,,,,,,,,,,,,czcerakw,,,,,0,Experiment_1_Persistence,https://app.prolific.com/submissions/complete?cc=C1BTHULB,0.0,1.0,312,,0.0,,1,1,312,,0.0,,,,,,,,,,,,,,,1,1,312,,0.0,,,,,,,,,,1,1,312,,0.0,,,,,,,,,,,,,,,,,,1,1,312,,0.0,,,,,,,,,,,,,1,1,312,,0.0,0,0,0,0,0,0,0,0,0,,,,,1,1,,,,,,,,,,,,,,,,,,,,,,,,,,,,,,,,,,,,,,,,,,,,,,,,,,,,,,,,,,,,,,,,,,,,,,,,,,,,,,,,,,,,,,,,,,,,,,,,,,,,,,,,,,,,,,,,,,,,,,,,,,,,,,,,,,,,,,,,,,,,,,,,,,,,,,,,,,,,,,,,,,,,,,,,,,,,,,,,,,,,,,,,,,,,,,,,,,,,,,,,,,,,,,,,,,,,,,,,,,,,,,,,,,,,,,,,,,,,,,,,,,,,,,,,,,,,,,,,,,,,,,,,,,,,,,,,,,,,,,,,,,,,,,,,,,,,,,,,,,,,,,,,,,,,,,,,,,,
313,6rqqr0ai,,0,0,18,,,,0,,,0.0,,,,,,,,,,,,,,czcerakw,,,,,0,Experiment_1_Persistence,https://app.prolific.com/submissions/complete?cc=C1BTHULB,0.0,1.0,313,,0.0,,1,1,313,,0.0,,,,,,,,,,,,,,,1,1,313,,0.0,,,,,,,,,,1,1,313,,0.0,,,,,,,,,,,,,,,,,,1,1,313,,0.0,,,,,,,,,,,,,1,1,313,,0.0,0,0,0,0,0,0,0,0,0,,,,,1,1,,,,,,,,,,,,,,,,,,,,,,,,,,,,,,,,,,,,,,,,,,,,,,,,,,,,,,,,,,,,,,,,,,,,,,,,,,,,,,,,,,,,,,,,,,,,,,,,,,,,,,,,,,,,,,,,,,,,,,,,,,,,,,,,,,,,,,,,,,,,,,,,,,,,,,,,,,,,,,,,,,,,,,,,,,,,,,,,,,,,,,,,,,,,,,,,,,,,,,,,,,,,,,,,,,,,,,,,,,,,,,,,,,,,,,,,,,,,,,,,,,,,,,,,,,,,,,,,,,,,,,,,,,,,,,,,,,,,,,,,,,,,,,,,,,,,,,,,,,,,,,,,,,,,,,,,,,,
314,nehp5uex,,0,0,18,,,,0,,,0.0,,,,,,,,,,,,,,czcerakw,,,,,0,Experiment_1_Persistence,https://app.prolific.com/submissions/complete?cc=C1BTHULB,0.0,1.0,314,,0.0,,1,1,314,,0.0,,,,,,,,,,,,,,,1,1,314,,0.0,,,,,,,,,,1,1,314,,0.0,,,,,,,,,,,,,,,,,,1,1,314,,0.0,,,,,,,,,,,,,1,1,314,,0.0,0,0,0,0,0,0,0,0,0,,,,,1,1,,,,,,,,,,,,,,,,,,,,,,,,,,,,,,,,,,,,,,,,,,,,,,,,,,,,,,,,,,,,,,,,,,,,,,,,,,,,,,,,,,,,,,,,,,,,,,,,,,,,,,,,,,,,,,,,,,,,,,,,,,,,,,,,,,,,,,,,,,,,,,,,,,,,,,,,,,,,,,,,,,,,,,,,,,,,,,,,,,,,,,,,,,,,,,,,,,,,,,,,,,,,,,,,,,,,,,,,,,,,,,,,,,,,,,,,,,,,,,,,,,,,,,,,,,,,,,,,,,,,,,,,,,,,,,,,,,,,,,,,,,,,,,,,,,,,,,,,,,,,,,,,,,,,,,,,,,,
315,h6ewgwya,,0,0,18,,,,0,,,0.0,,,,,,,,,,,,,,czcerakw,,,,,0,Experiment_1_Persistence,https://app.prolific.com/submissions/complete?cc=C1BTHULB,0.0,1.0,315,,0.0,,1,1,315,,0.0,,,,,,,,,,,,,,,1,1,315,,0.0,,,,,,,,,,1,1,315,,0.0,,,,,,,,,,,,,,,,,,1,1,315,,0.0,,,,,,,,,,,,,1,1,315,,0.0,0,0,0,0,0,0,0,0,0,,,,,1,1,,,,,,,,,,,,,,,,,,,,,,,,,,,,,,,,,,,,,,,,,,,,,,,,,,,,,,,,,,,,,,,,,,,,,,,,,,,,,,,,,,,,,,,,,,,,,,,,,,,,,,,,,,,,,,,,,,,,,,,,,,,,,,,,,,,,,,,,,,,,,,,,,,,,,,,,,,,,,,,,,,,,,,,,,,,,,,,,,,,,,,,,,,,,,,,,,,,,,,,,,,,,,,,,,,,,,,,,,,,,,,,,,,,,,,,,,,,,,,,,,,,,,,,,,,,,,,,,,,,,,,,,,,,,,,,,,,,,,,,,,,,,,,,,,,,,,,,,,,,,,,,,,,,,,,,,,,,
316,kdakxnbq,,0,0,18,,,,0,,,0.0,,,,,,,,,,,,,,czcerakw,,,,,0,Experiment_1_Persistence,https://app.prolific.com/submissions/complete?cc=C1BTHULB,0.0,1.0,316,,0.0,,1,1,316,,0.0,,,,,,,,,,,,,,,1,1,316,,0.0,,,,,,,,,,1,1,316,,0.0,,,,,,,,,,,,,,,,,,1,1,316,,0.0,,,,,,,,,,,,,1,1,316,,0.0,0,0,0,0,0,0,0,0,0,,,,,1,1,,,,,,,,,,,,,,,,,,,,,,,,,,,,,,,,,,,,,,,,,,,,,,,,,,,,,,,,,,,,,,,,,,,,,,,,,,,,,,,,,,,,,,,,,,,,,,,,,,,,,,,,,,,,,,,,,,,,,,,,,,,,,,,,,,,,,,,,,,,,,,,,,,,,,,,,,,,,,,,,,,,,,,,,,,,,,,,,,,,,,,,,,,,,,,,,,,,,,,,,,,,,,,,,,,,,,,,,,,,,,,,,,,,,,,,,,,,,,,,,,,,,,,,,,,,,,,,,,,,,,,,,,,,,,,,,,,,,,,,,,,,,,,,,,,,,,,,,,,,,,,,,,,,,,,,,,,,
317,kxr3z9y2,,0,0,18,,,,0,,,0.0,,,,,,,,,,,,,,czcerakw,,,,,0,Experiment_1_Persistence,https://app.prolific.com/submissions/complete?cc=C1BTHULB,0.0,1.0,317,,0.0,,1,1,317,,0.0,,,,,,,,,,,,,,,1,1,317,,0.0,,,,,,,,,,1,1,317,,0.0,,,,,,,,,,,,,,,,,,1,1,317,,0.0,,,,,,,,,,,,,1,1,317,,0.0,0,0,0,0,0,0,0,0,0,,,,,1,1,,,,,,,,,,,,,,,,,,,,,,,,,,,,,,,,,,,,,,,,,,,,,,,,,,,,,,,,,,,,,,,,,,,,,,,,,,,,,,,,,,,,,,,,,,,,,,,,,,,,,,,,,,,,,,,,,,,,,,,,,,,,,,,,,,,,,,,,,,,,,,,,,,,,,,,,,,,,,,,,,,,,,,,,,,,,,,,,,,,,,,,,,,,,,,,,,,,,,,,,,,,,,,,,,,,,,,,,,,,,,,,,,,,,,,,,,,,,,,,,,,,,,,,,,,,,,,,,,,,,,,,,,,,,,,,,,,,,,,,,,,,,,,,,,,,,,,,,,,,,,,,,,,,,,,,,,,,
318,uyfz9ow8,,0,0,18,,,,0,,,0.0,,,,,,,,,,,,,,czcerakw,,,,,0,Experiment_1_Persistence,https://app.prolific.com/submissions/complete?cc=C1BTHULB,0.0,1.0,318,,0.0,,1,1,318,,0.0,,,,,,,,,,,,,,,1,1,318,,0.0,,,,,,,,,,1,1,318,,0.0,,,,,,,,,,,,,,,,,,1,1,318,,0.0,,,,,,,,,,,,,1,1,318,,0.0,0,0,0,0,0,0,0,0,0,,,,,1,1,,,,,,,,,,,,,,,,,,,,,,,,,,,,,,,,,,,,,,,,,,,,,,,,,,,,,,,,,,,,,,,,,,,,,,,,,,,,,,,,,,,,,,,,,,,,,,,,,,,,,,,,,,,,,,,,,,,,,,,,,,,,,,,,,,,,,,,,,,,,,,,,,,,,,,,,,,,,,,,,,,,,,,,,,,,,,,,,,,,,,,,,,,,,,,,,,,,,,,,,,,,,,,,,,,,,,,,,,,,,,,,,,,,,,,,,,,,,,,,,,,,,,,,,,,,,,,,,,,,,,,,,,,,,,,,,,,,,,,,,,,,,,,,,,,,,,,,,,,,,,,,,,,,,,,,,,,,
319,ya2nndwl,,0,0,18,,,,0,,,0.0,,,,,,,,,,,,,,czcerakw,,,,,0,Experiment_1_Persistence,https://app.prolific.com/submissions/complete?cc=C1BTHULB,0.0,1.0,319,,0.0,,1,1,319,,0.0,,,,,,,,,,,,,,,1,1,319,,0.0,,,,,,,,,,1,1,319,,0.0,,,,,,,,,,,,,,,,,,1,1,319,,0.0,,,,,,,,,,,,,1,1,319,,0.0,0,0,0,0,0,0,0,0,0,,,,,1,1,,,,,,,,,,,,,,,,,,,,,,,,,,,,,,,,,,,,,,,,,,,,,,,,,,,,,,,,,,,,,,,,,,,,,,,,,,,,,,,,,,,,,,,,,,,,,,,,,,,,,,,,,,,,,,,,,,,,,,,,,,,,,,,,,,,,,,,,,,,,,,,,,,,,,,,,,,,,,,,,,,,,,,,,,,,,,,,,,,,,,,,,,,,,,,,,,,,,,,,,,,,,,,,,,,,,,,,,,,,,,,,,,,,,,,,,,,,,,,,,,,,,,,,,,,,,,,,,,,,,,,,,,,,,,,,,,,,,,,,,,,,,,,,,,,,,,,,,,,,,,,,,,,,,,,,,,,,
320,qteucwqt,,0,0,18,,,,0,,,0.0,,,,,,,,,,,,,,czcerakw,,,,,0,Experiment_1_Persistence,https://app.prolific.com/submissions/complete?cc=C1BTHULB,0.0,1.0,320,,0.0,,1,1,320,,0.0,,,,,,,,,,,,,,,1,1,320,,0.0,,,,,,,,,,1,1,320,,0.0,,,,,,,,,,,,,,,,,,1,1,320,,0.0,,,,,,,,,,,,,1,1,320,,0.0,0,0,0,0,0,0,0,0,0,,,,,1,1,,,,,,,,,,,,,,,,,,,,,,,,,,,,,,,,,,,,,,,,,,,,,,,,,,,,,,,,,,,,,,,,,,,,,,,,,,,,,,,,,,,,,,,,,,,,,,,,,,,,,,,,,,,,,,,,,,,,,,,,,,,,,,,,,,,,,,,,,,,,,,,,,,,,,,,,,,,,,,,,,,,,,,,,,,,,,,,,,,,,,,,,,,,,,,,,,,,,,,,,,,,,,,,,,,,,,,,,,,,,,,,,,,,,,,,,,,,,,,,,,,,,,,,,,,,,,,,,,,,,,,,,,,,,,,,,,,,,,,,,,,,,,,,,,,,,,,,,,,,,,,,,,,,,,,,,,,,
321,ei094eul,,0,0,18,,,,0,,,0.0,,,,,,,,,,,,,,czcerakw,,,,,0,Experiment_1_Persistence,https://app.prolific.com/submissions/complete?cc=C1BTHULB,0.0,1.0,321,,0.0,,1,1,321,,0.0,,,,,,,,,,,,,,,1,1,321,,0.0,,,,,,,,,,1,1,321,,0.0,,,,,,,,,,,,,,,,,,1,1,321,,0.0,,,,,,,,,,,,,1,1,321,,0.0,0,0,0,0,0,0,0,0,0,,,,,1,1,,,,,,,,,,,,,,,,,,,,,,,,,,,,,,,,,,,,,,,,,,,,,,,,,,,,,,,,,,,,,,,,,,,,,,,,,,,,,,,,,,,,,,,,,,,,,,,,,,,,,,,,,,,,,,,,,,,,,,,,,,,,,,,,,,,,,,,,,,,,,,,,,,,,,,,,,,,,,,,,,,,,,,,,,,,,,,,,,,,,,,,,,,,,,,,,,,,,,,,,,,,,,,,,,,,,,,,,,,,,,,,,,,,,,,,,,,,,,,,,,,,,,,,,,,,,,,,,,,,,,,,,,,,,,,,,,,,,,,,,,,,,,,,,,,,,,,,,,,,,,,,,,,,,,,,,,,,
322,m9zclod1,,0,0,18,,,,0,,,0.0,,,,,,,,,,,,,,czcerakw,,,,,0,Experiment_1_Persistence,https://app.prolific.com/submissions/complete?cc=C1BTHULB,0.0,1.0,322,,0.0,,1,1,322,,0.0,,,,,,,,,,,,,,,1,1,322,,0.0,,,,,,,,,,1,1,322,,0.0,,,,,,,,,,,,,,,,,,1,1,322,,0.0,,,,,,,,,,,,,1,1,322,,0.0,0,0,0,0,0,0,0,0,0,,,,,1,1,,,,,,,,,,,,,,,,,,,,,,,,,,,,,,,,,,,,,,,,,,,,,,,,,,,,,,,,,,,,,,,,,,,,,,,,,,,,,,,,,,,,,,,,,,,,,,,,,,,,,,,,,,,,,,,,,,,,,,,,,,,,,,,,,,,,,,,,,,,,,,,,,,,,,,,,,,,,,,,,,,,,,,,,,,,,,,,,,,,,,,,,,,,,,,,,,,,,,,,,,,,,,,,,,,,,,,,,,,,,,,,,,,,,,,,,,,,,,,,,,,,,,,,,,,,,,,,,,,,,,,,,,,,,,,,,,,,,,,,,,,,,,,,,,,,,,,,,,,,,,,,,,,,,,,,,,,,
323,qkqa4u0k,,0,0,18,,,,0,,,0.0,,,,,,,,,,,,,,czcerakw,,,,,0,Experiment_1_Persistence,https://app.prolific.com/submissions/complete?cc=C1BTHULB,0.0,1.0,323,,0.0,,1,1,323,,0.0,,,,,,,,,,,,,,,1,1,323,,0.0,,,,,,,,,,1,1,323,,0.0,,,,,,,,,,,,,,,,,,1,1,323,,0.0,,,,,,,,,,,,,1,1,323,,0.0,0,0,0,0,0,0,0,0,0,,,,,1,1,,,,,,,,,,,,,,,,,,,,,,,,,,,,,,,,,,,,,,,,,,,,,,,,,,,,,,,,,,,,,,,,,,,,,,,,,,,,,,,,,,,,,,,,,,,,,,,,,,,,,,,,,,,,,,,,,,,,,,,,,,,,,,,,,,,,,,,,,,,,,,,,,,,,,,,,,,,,,,,,,,,,,,,,,,,,,,,,,,,,,,,,,,,,,,,,,,,,,,,,,,,,,,,,,,,,,,,,,,,,,,,,,,,,,,,,,,,,,,,,,,,,,,,,,,,,,,,,,,,,,,,,,,,,,,,,,,,,,,,,,,,,,,,,,,,,,,,,,,,,,,,,,,,,,,,,,,,
324,x1rqxesn,,0,0,18,,,,0,,,0.0,,,,,,,,,,,,,,czcerakw,,,,,0,Experiment_1_Persistence,https://app.prolific.com/submissions/complete?cc=C1BTHULB,0.0,1.0,324,,0.0,,1,1,324,,0.0,,,,,,,,,,,,,,,1,1,324,,0.0,,,,,,,,,,1,1,324,,0.0,,,,,,,,,,,,,,,,,,1,1,324,,0.0,,,,,,,,,,,,,1,1,324,,0.0,0,0,0,0,0,0,0,0,0,,,,,1,1,,,,,,,,,,,,,,,,,,,,,,,,,,,,,,,,,,,,,,,,,,,,,,,,,,,,,,,,,,,,,,,,,,,,,,,,,,,,,,,,,,,,,,,,,,,,,,,,,,,,,,,,,,,,,,,,,,,,,,,,,,,,,,,,,,,,,,,,,,,,,,,,,,,,,,,,,,,,,,,,,,,,,,,,,,,,,,,,,,,,,,,,,,,,,,,,,,,,,,,,,,,,,,,,,,,,,,,,,,,,,,,,,,,,,,,,,,,,,,,,,,,,,,,,,,,,,,,,,,,,,,,,,,,,,,,,,,,,,,,,,,,,,,,,,,,,,,,,,,,,,,,,,,,,,,,,,,,
325,pn8h9zrh,,0,0,18,,,,0,,,0.0,,,,,,,,,,,,,,czcerakw,,,,,0,Experiment_1_Persistence,https://app.prolific.com/submissions/complete?cc=C1BTHULB,0.0,1.0,325,,0.0,,1,1,325,,0.0,,,,,,,,,,,,,,,1,1,325,,0.0,,,,,,,,,,1,1,325,,0.0,,,,,,,,,,,,,,,,,,1,1,325,,0.0,,,,,,,,,,,,,1,1,325,,0.0,0,0,0,0,0,0,0,0,0,,,,,1,1,,,,,,,,,,,,,,,,,,,,,,,,,,,,,,,,,,,,,,,,,,,,,,,,,,,,,,,,,,,,,,,,,,,,,,,,,,,,,,,,,,,,,,,,,,,,,,,,,,,,,,,,,,,,,,,,,,,,,,,,,,,,,,,,,,,,,,,,,,,,,,,,,,,,,,,,,,,,,,,,,,,,,,,,,,,,,,,,,,,,,,,,,,,,,,,,,,,,,,,,,,,,,,,,,,,,,,,,,,,,,,,,,,,,,,,,,,,,,,,,,,,,,,,,,,,,,,,,,,,,,,,,,,,,,,,,,,,,,,,,,,,,,,,,,,,,,,,,,,,,,,,,,,,,,,,,,,,
326,l0z4q6ky,,0,0,18,,,,0,,,0.0,,,,,,,,,,,,,,czcerakw,,,,,0,Experiment_1_Persistence,https://app.prolific.com/submissions/complete?cc=C1BTHULB,0.0,1.0,326,,0.0,,1,1,326,,0.0,,,,,,,,,,,,,,,1,1,326,,0.0,,,,,,,,,,1,1,326,,0.0,,,,,,,,,,,,,,,,,,1,1,326,,0.0,,,,,,,,,,,,,1,1,326,,0.0,0,0,0,0,0,0,0,0,0,,,,,1,1,,,,,,,,,,,,,,,,,,,,,,,,,,,,,,,,,,,,,,,,,,,,,,,,,,,,,,,,,,,,,,,,,,,,,,,,,,,,,,,,,,,,,,,,,,,,,,,,,,,,,,,,,,,,,,,,,,,,,,,,,,,,,,,,,,,,,,,,,,,,,,,,,,,,,,,,,,,,,,,,,,,,,,,,,,,,,,,,,,,,,,,,,,,,,,,,,,,,,,,,,,,,,,,,,,,,,,,,,,,,,,,,,,,,,,,,,,,,,,,,,,,,,,,,,,,,,,,,,,,,,,,,,,,,,,,,,,,,,,,,,,,,,,,,,,,,,,,,,,,,,,,,,,,,,,,,,,,
327,llp0uvti,,0,0,18,,,,0,,,0.0,,,,,,,,,,,,,,czcerakw,,,,,0,Experiment_1_Persistence,https://app.prolific.com/submissions/complete?cc=C1BTHULB,0.0,1.0,327,,0.0,,1,1,327,,0.0,,,,,,,,,,,,,,,1,1,327,,0.0,,,,,,,,,,1,1,327,,0.0,,,,,,,,,,,,,,,,,,1,1,327,,0.0,,,,,,,,,,,,,1,1,327,,0.0,0,0,0,0,0,0,0,0,0,,,,,1,1,,,,,,,,,,,,,,,,,,,,,,,,,,,,,,,,,,,,,,,,,,,,,,,,,,,,,,,,,,,,,,,,,,,,,,,,,,,,,,,,,,,,,,,,,,,,,,,,,,,,,,,,,,,,,,,,,,,,,,,,,,,,,,,,,,,,,,,,,,,,,,,,,,,,,,,,,,,,,,,,,,,,,,,,,,,,,,,,,,,,,,,,,,,,,,,,,,,,,,,,,,,,,,,,,,,,,,,,,,,,,,,,,,,,,,,,,,,,,,,,,,,,,,,,,,,,,,,,,,,,,,,,,,,,,,,,,,,,,,,,,,,,,,,,,,,,,,,,,,,,,,,,,,,,,,,,,,,
328,l4gh460e,,0,0,18,,,,0,,,0.0,,,,,,,,,,,,,,czcerakw,,,,,0,Experiment_1_Persistence,https://app.prolific.com/submissions/complete?cc=C1BTHULB,0.0,1.0,328,,0.0,,1,1,328,,0.0,,,,,,,,,,,,,,,1,1,328,,0.0,,,,,,,,,,1,1,328,,0.0,,,,,,,,,,,,,,,,,,1,1,328,,0.0,,,,,,,,,,,,,1,1,328,,0.0,0,0,0,0,0,0,0,0,0,,,,,1,1,,,,,,,,,,,,,,,,,,,,,,,,,,,,,,,,,,,,,,,,,,,,,,,,,,,,,,,,,,,,,,,,,,,,,,,,,,,,,,,,,,,,,,,,,,,,,,,,,,,,,,,,,,,,,,,,,,,,,,,,,,,,,,,,,,,,,,,,,,,,,,,,,,,,,,,,,,,,,,,,,,,,,,,,,,,,,,,,,,,,,,,,,,,,,,,,,,,,,,,,,,,,,,,,,,,,,,,,,,,,,,,,,,,,,,,,,,,,,,,,,,,,,,,,,,,,,,,,,,,,,,,,,,,,,,,,,,,,,,,,,,,,,,,,,,,,,,,,,,,,,,,,,,,,,,,,,,,
329,nrjo86il,,0,0,18,,,,0,,,0.0,,,,,,,,,,,,,,czcerakw,,,,,0,Experiment_1_Persistence,https://app.prolific.com/submissions/complete?cc=C1BTHULB,0.0,1.0,329,,0.0,,1,1,329,,0.0,,,,,,,,,,,,,,,1,1,329,,0.0,,,,,,,,,,1,1,329,,0.0,,,,,,,,,,,,,,,,,,1,1,329,,0.0,,,,,,,,,,,,,1,1,329,,0.0,0,0,0,0,0,0,0,0,0,,,,,1,1,,,,,,,,,,,,,,,,,,,,,,,,,,,,,,,,,,,,,,,,,,,,,,,,,,,,,,,,,,,,,,,,,,,,,,,,,,,,,,,,,,,,,,,,,,,,,,,,,,,,,,,,,,,,,,,,,,,,,,,,,,,,,,,,,,,,,,,,,,,,,,,,,,,,,,,,,,,,,,,,,,,,,,,,,,,,,,,,,,,,,,,,,,,,,,,,,,,,,,,,,,,,,,,,,,,,,,,,,,,,,,,,,,,,,,,,,,,,,,,,,,,,,,,,,,,,,,,,,,,,,,,,,,,,,,,,,,,,,,,,,,,,,,,,,,,,,,,,,,,,,,,,,,,,,,,,,,,
330,st13piic,,0,0,18,,,,0,,,0.0,,,,,,,,,,,,,,czcerakw,,,,,0,Experiment_1_Persistence,https://app.prolific.com/submissions/complete?cc=C1BTHULB,0.0,1.0,330,,0.0,,1,1,330,,0.0,,,,,,,,,,,,,,,1,1,330,,0.0,,,,,,,,,,1,1,330,,0.0,,,,,,,,,,,,,,,,,,1,1,330,,0.0,,,,,,,,,,,,,1,1,330,,0.0,0,0,0,0,0,0,0,0,0,,,,,1,1,,,,,,,,,,,,,,,,,,,,,,,,,,,,,,,,,,,,,,,,,,,,,,,,,,,,,,,,,,,,,,,,,,,,,,,,,,,,,,,,,,,,,,,,,,,,,,,,,,,,,,,,,,,,,,,,,,,,,,,,,,,,,,,,,,,,,,,,,,,,,,,,,,,,,,,,,,,,,,,,,,,,,,,,,,,,,,,,,,,,,,,,,,,,,,,,,,,,,,,,,,,,,,,,,,,,,,,,,,,,,,,,,,,,,,,,,,,,,,,,,,,,,,,,,,,,,,,,,,,,,,,,,,,,,,,,,,,,,,,,,,,,,,,,,,,,,,,,,,,,,,,,,,,,,,,,,,,
331,zh3iafdq,,0,0,18,,,,0,,,0.0,,,,,,,,,,,,,,czcerakw,,,,,0,Experiment_1_Persistence,https://app.prolific.com/submissions/complete?cc=C1BTHULB,0.0,1.0,331,,0.0,,1,1,331,,0.0,,,,,,,,,,,,,,,1,1,331,,0.0,,,,,,,,,,1,1,331,,0.0,,,,,,,,,,,,,,,,,,1,1,331,,0.0,,,,,,,,,,,,,1,1,331,,0.0,0,0,0,0,0,0,0,0,0,,,,,1,1,,,,,,,,,,,,,,,,,,,,,,,,,,,,,,,,,,,,,,,,,,,,,,,,,,,,,,,,,,,,,,,,,,,,,,,,,,,,,,,,,,,,,,,,,,,,,,,,,,,,,,,,,,,,,,,,,,,,,,,,,,,,,,,,,,,,,,,,,,,,,,,,,,,,,,,,,,,,,,,,,,,,,,,,,,,,,,,,,,,,,,,,,,,,,,,,,,,,,,,,,,,,,,,,,,,,,,,,,,,,,,,,,,,,,,,,,,,,,,,,,,,,,,,,,,,,,,,,,,,,,,,,,,,,,,,,,,,,,,,,,,,,,,,,,,,,,,,,,,,,,,,,,,,,,,,,,,,
332,cd7esyrn,,0,0,18,,,,0,,,0.0,,,,,,,,,,,,,,czcerakw,,,,,0,Experiment_1_Persistence,https://app.prolific.com/submissions/complete?cc=C1BTHULB,0.0,1.0,332,,0.0,,1,1,332,,0.0,,,,,,,,,,,,,,,1,1,332,,0.0,,,,,,,,,,1,1,332,,0.0,,,,,,,,,,,,,,,,,,1,1,332,,0.0,,,,,,,,,,,,,1,1,332,,0.0,0,0,0,0,0,0,0,0,0,,,,,1,1,,,,,,,,,,,,,,,,,,,,,,,,,,,,,,,,,,,,,,,,,,,,,,,,,,,,,,,,,,,,,,,,,,,,,,,,,,,,,,,,,,,,,,,,,,,,,,,,,,,,,,,,,,,,,,,,,,,,,,,,,,,,,,,,,,,,,,,,,,,,,,,,,,,,,,,,,,,,,,,,,,,,,,,,,,,,,,,,,,,,,,,,,,,,,,,,,,,,,,,,,,,,,,,,,,,,,,,,,,,,,,,,,,,,,,,,,,,,,,,,,,,,,,,,,,,,,,,,,,,,,,,,,,,,,,,,,,,,,,,,,,,,,,,,,,,,,,,,,,,,,,,,,,,,,,,,,,,
333,3i22wdm0,,0,0,18,,,,0,,,0.0,,,,,,,,,,,,,,czcerakw,,,,,0,Experiment_1_Persistence,https://app.prolific.com/submissions/complete?cc=C1BTHULB,0.0,1.0,333,,0.0,,1,1,333,,0.0,,,,,,,,,,,,,,,1,1,333,,0.0,,,,,,,,,,1,1,333,,0.0,,,,,,,,,,,,,,,,,,1,1,333,,0.0,,,,,,,,,,,,,1,1,333,,0.0,0,0,0,0,0,0,0,0,0,,,,,1,1,,,,,,,,,,,,,,,,,,,,,,,,,,,,,,,,,,,,,,,,,,,,,,,,,,,,,,,,,,,,,,,,,,,,,,,,,,,,,,,,,,,,,,,,,,,,,,,,,,,,,,,,,,,,,,,,,,,,,,,,,,,,,,,,,,,,,,,,,,,,,,,,,,,,,,,,,,,,,,,,,,,,,,,,,,,,,,,,,,,,,,,,,,,,,,,,,,,,,,,,,,,,,,,,,,,,,,,,,,,,,,,,,,,,,,,,,,,,,,,,,,,,,,,,,,,,,,,,,,,,,,,,,,,,,,,,,,,,,,,,,,,,,,,,,,,,,,,,,,,,,,,,,,,,,,,,,,,
334,7rl5an49,,0,0,18,,,,0,,,0.0,,,,,,,,,,,,,,czcerakw,,,,,0,Experiment_1_Persistence,https://app.prolific.com/submissions/complete?cc=C1BTHULB,0.0,1.0,334,,0.0,,1,1,334,,0.0,,,,,,,,,,,,,,,1,1,334,,0.0,,,,,,,,,,1,1,334,,0.0,,,,,,,,,,,,,,,,,,1,1,334,,0.0,,,,,,,,,,,,,1,1,334,,0.0,0,0,0,0,0,0,0,0,0,,,,,1,1,,,,,,,,,,,,,,,,,,,,,,,,,,,,,,,,,,,,,,,,,,,,,,,,,,,,,,,,,,,,,,,,,,,,,,,,,,,,,,,,,,,,,,,,,,,,,,,,,,,,,,,,,,,,,,,,,,,,,,,,,,,,,,,,,,,,,,,,,,,,,,,,,,,,,,,,,,,,,,,,,,,,,,,,,,,,,,,,,,,,,,,,,,,,,,,,,,,,,,,,,,,,,,,,,,,,,,,,,,,,,,,,,,,,,,,,,,,,,,,,,,,,,,,,,,,,,,,,,,,,,,,,,,,,,,,,,,,,,,,,,,,,,,,,,,,,,,,,,,,,,,,,,,,,,,,,,,,
335,otz201yi,,0,0,18,,,,0,,,0.0,,,,,,,,,,,,,,czcerakw,,,,,0,Experiment_1_Persistence,https://app.prolific.com/submissions/complete?cc=C1BTHULB,0.0,1.0,335,,0.0,,1,1,335,,0.0,,,,,,,,,,,,,,,1,1,335,,0.0,,,,,,,,,,1,1,335,,0.0,,,,,,,,,,,,,,,,,,1,1,335,,0.0,,,,,,,,,,,,,1,1,335,,0.0,0,0,0,0,0,0,0,0,0,,,,,1,1,,,,,,,,,,,,,,,,,,,,,,,,,,,,,,,,,,,,,,,,,,,,,,,,,,,,,,,,,,,,,,,,,,,,,,,,,,,,,,,,,,,,,,,,,,,,,,,,,,,,,,,,,,,,,,,,,,,,,,,,,,,,,,,,,,,,,,,,,,,,,,,,,,,,,,,,,,,,,,,,,,,,,,,,,,,,,,,,,,,,,,,,,,,,,,,,,,,,,,,,,,,,,,,,,,,,,,,,,,,,,,,,,,,,,,,,,,,,,,,,,,,,,,,,,,,,,,,,,,,,,,,,,,,,,,,,,,,,,,,,,,,,,,,,,,,,,,,,,,,,,,,,,,,,,,,,,,,
336,11v3jx6j,,0,0,18,,,,0,,,0.0,,,,,,,,,,,,,,czcerakw,,,,,0,Experiment_1_Persistence,https://app.prolific.com/submissions/complete?cc=C1BTHULB,0.0,1.0,336,,0.0,,1,1,336,,0.0,,,,,,,,,,,,,,,1,1,336,,0.0,,,,,,,,,,1,1,336,,0.0,,,,,,,,,,,,,,,,,,1,1,336,,0.0,,,,,,,,,,,,,1,1,336,,0.0,0,0,0,0,0,0,0,0,0,,,,,1,1,,,,,,,,,,,,,,,,,,,,,,,,,,,,,,,,,,,,,,,,,,,,,,,,,,,,,,,,,,,,,,,,,,,,,,,,,,,,,,,,,,,,,,,,,,,,,,,,,,,,,,,,,,,,,,,,,,,,,,,,,,,,,,,,,,,,,,,,,,,,,,,,,,,,,,,,,,,,,,,,,,,,,,,,,,,,,,,,,,,,,,,,,,,,,,,,,,,,,,,,,,,,,,,,,,,,,,,,,,,,,,,,,,,,,,,,,,,,,,,,,,,,,,,,,,,,,,,,,,,,,,,,,,,,,,,,,,,,,,,,,,,,,,,,,,,,,,,,,,,,,,,,,,,,,,,,,,,
337,q8r95qlb,,0,0,18,,,,0,,,0.0,,,,,,,,,,,,,,czcerakw,,,,,0,Experiment_1_Persistence,https://app.prolific.com/submissions/complete?cc=C1BTHULB,0.0,1.0,337,,0.0,,1,1,337,,0.0,,,,,,,,,,,,,,,1,1,337,,0.0,,,,,,,,,,1,1,337,,0.0,,,,,,,,,,,,,,,,,,1,1,337,,0.0,,,,,,,,,,,,,1,1,337,,0.0,0,0,0,0,0,0,0,0,0,,,,,1,1,,,,,,,,,,,,,,,,,,,,,,,,,,,,,,,,,,,,,,,,,,,,,,,,,,,,,,,,,,,,,,,,,,,,,,,,,,,,,,,,,,,,,,,,,,,,,,,,,,,,,,,,,,,,,,,,,,,,,,,,,,,,,,,,,,,,,,,,,,,,,,,,,,,,,,,,,,,,,,,,,,,,,,,,,,,,,,,,,,,,,,,,,,,,,,,,,,,,,,,,,,,,,,,,,,,,,,,,,,,,,,,,,,,,,,,,,,,,,,,,,,,,,,,,,,,,,,,,,,,,,,,,,,,,,,,,,,,,,,,,,,,,,,,,,,,,,,,,,,,,,,,,,,,,,,,,,,,
338,9d6xxx7u,,0,0,18,,,,0,,,0.0,,,,,,,,,,,,,,czcerakw,,,,,0,Experiment_1_Persistence,https://app.prolific.com/submissions/complete?cc=C1BTHULB,0.0,1.0,338,,0.0,,1,1,338,,0.0,,,,,,,,,,,,,,,1,1,338,,0.0,,,,,,,,,,1,1,338,,0.0,,,,,,,,,,,,,,,,,,1,1,338,,0.0,,,,,,,,,,,,,1,1,338,,0.0,0,0,0,0,0,0,0,0,0,,,,,1,1,,,,,,,,,,,,,,,,,,,,,,,,,,,,,,,,,,,,,,,,,,,,,,,,,,,,,,,,,,,,,,,,,,,,,,,,,,,,,,,,,,,,,,,,,,,,,,,,,,,,,,,,,,,,,,,,,,,,,,,,,,,,,,,,,,,,,,,,,,,,,,,,,,,,,,,,,,,,,,,,,,,,,,,,,,,,,,,,,,,,,,,,,,,,,,,,,,,,,,,,,,,,,,,,,,,,,,,,,,,,,,,,,,,,,,,,,,,,,,,,,,,,,,,,,,,,,,,,,,,,,,,,,,,,,,,,,,,,,,,,,,,,,,,,,,,,,,,,,,,,,,,,,,,,,,,,,,,
339,swh6je31,,0,0,18,,,,0,,,0.0,,,,,,,,,,,,,,czcerakw,,,,,0,Experiment_1_Persistence,https://app.prolific.com/submissions/complete?cc=C1BTHULB,0.0,1.0,339,,0.0,,1,1,339,,0.0,,,,,,,,,,,,,,,1,1,339,,0.0,,,,,,,,,,1,1,339,,0.0,,,,,,,,,,,,,,,,,,1,1,339,,0.0,,,,,,,,,,,,,1,1,339,,0.0,0,0,0,0,0,0,0,0,0,,,,,1,1,,,,,,,,,,,,,,,,,,,,,,,,,,,,,,,,,,,,,,,,,,,,,,,,,,,,,,,,,,,,,,,,,,,,,,,,,,,,,,,,,,,,,,,,,,,,,,,,,,,,,,,,,,,,,,,,,,,,,,,,,,,,,,,,,,,,,,,,,,,,,,,,,,,,,,,,,,,,,,,,,,,,,,,,,,,,,,,,,,,,,,,,,,,,,,,,,,,,,,,,,,,,,,,,,,,,,,,,,,,,,,,,,,,,,,,,,,,,,,,,,,,,,,,,,,,,,,,,,,,,,,,,,,,,,,,,,,,,,,,,,,,,,,,,,,,,,,,,,,,,,,,,,,,,,,,,,,,
340,v3taoyd3,,0,0,18,,,,0,,,0.0,,,,,,,,,,,,,,czcerakw,,,,,0,Experiment_1_Persistence,https://app.prolific.com/submissions/complete?cc=C1BTHULB,0.0,1.0,340,,0.0,,1,1,340,,0.0,,,,,,,,,,,,,,,1,1,340,,0.0,,,,,,,,,,1,1,340,,0.0,,,,,,,,,,,,,,,,,,1,1,340,,0.0,,,,,,,,,,,,,1,1,340,,0.0,0,0,0,0,0,0,0,0,0,,,,,1,1,,,,,,,,,,,,,,,,,,,,,,,,,,,,,,,,,,,,,,,,,,,,,,,,,,,,,,,,,,,,,,,,,,,,,,,,,,,,,,,,,,,,,,,,,,,,,,,,,,,,,,,,,,,,,,,,,,,,,,,,,,,,,,,,,,,,,,,,,,,,,,,,,,,,,,,,,,,,,,,,,,,,,,,,,,,,,,,,,,,,,,,,,,,,,,,,,,,,,,,,,,,,,,,,,,,,,,,,,,,,,,,,,,,,,,,,,,,,,,,,,,,,,,,,,,,,,,,,,,,,,,,,,,,,,,,,,,,,,,,,,,,,,,,,,,,,,,,,,,,,,,,,,,,,,,,,,,,
341,cj1ezlfs,,0,0,18,,,,0,,,0.0,,,,,,,,,,,,,,czcerakw,,,,,0,Experiment_1_Persistence,https://app.prolific.com/submissions/complete?cc=C1BTHULB,0.0,1.0,341,,0.0,,1,1,341,,0.0,,,,,,,,,,,,,,,1,1,341,,0.0,,,,,,,,,,1,1,341,,0.0,,,,,,,,,,,,,,,,,,1,1,341,,0.0,,,,,,,,,,,,,1,1,341,,0.0,0,0,0,0,0,0,0,0,0,,,,,1,1,,,,,,,,,,,,,,,,,,,,,,,,,,,,,,,,,,,,,,,,,,,,,,,,,,,,,,,,,,,,,,,,,,,,,,,,,,,,,,,,,,,,,,,,,,,,,,,,,,,,,,,,,,,,,,,,,,,,,,,,,,,,,,,,,,,,,,,,,,,,,,,,,,,,,,,,,,,,,,,,,,,,,,,,,,,,,,,,,,,,,,,,,,,,,,,,,,,,,,,,,,,,,,,,,,,,,,,,,,,,,,,,,,,,,,,,,,,,,,,,,,,,,,,,,,,,,,,,,,,,,,,,,,,,,,,,,,,,,,,,,,,,,,,,,,,,,,,,,,,,,,,,,,,,,,,,,,,
342,e3b6kdxd,,0,0,18,,,,0,,,0.0,,,,,,,,,,,,,,czcerakw,,,,,0,Experiment_1_Persistence,https://app.prolific.com/submissions/complete?cc=C1BTHULB,0.0,1.0,342,,0.0,,1,1,342,,0.0,,,,,,,,,,,,,,,1,1,342,,0.0,,,,,,,,,,1,1,342,,0.0,,,,,,,,,,,,,,,,,,1,1,342,,0.0,,,,,,,,,,,,,1,1,342,,0.0,0,0,0,0,0,0,0,0,0,,,,,1,1,,,,,,,,,,,,,,,,,,,,,,,,,,,,,,,,,,,,,,,,,,,,,,,,,,,,,,,,,,,,,,,,,,,,,,,,,,,,,,,,,,,,,,,,,,,,,,,,,,,,,,,,,,,,,,,,,,,,,,,,,,,,,,,,,,,,,,,,,,,,,,,,,,,,,,,,,,,,,,,,,,,,,,,,,,,,,,,,,,,,,,,,,,,,,,,,,,,,,,,,,,,,,,,,,,,,,,,,,,,,,,,,,,,,,,,,,,,,,,,,,,,,,,,,,,,,,,,,,,,,,,,,,,,,,,,,,,,,,,,,,,,,,,,,,,,,,,,,,,,,,,,,,,,,,,,,,,,
343,elvxl5aj,,0,0,18,,,,0,,,0.0,,,,,,,,,,,,,,czcerakw,,,,,0,Experiment_1_Persistence,https://app.prolific.com/submissions/complete?cc=C1BTHULB,0.0,1.0,343,,0.0,,1,1,343,,0.0,,,,,,,,,,,,,,,1,1,343,,0.0,,,,,,,,,,1,1,343,,0.0,,,,,,,,,,,,,,,,,,1,1,343,,0.0,,,,,,,,,,,,,1,1,343,,0.0,0,0,0,0,0,0,0,0,0,,,,,1,1,,,,,,,,,,,,,,,,,,,,,,,,,,,,,,,,,,,,,,,,,,,,,,,,,,,,,,,,,,,,,,,,,,,,,,,,,,,,,,,,,,,,,,,,,,,,,,,,,,,,,,,,,,,,,,,,,,,,,,,,,,,,,,,,,,,,,,,,,,,,,,,,,,,,,,,,,,,,,,,,,,,,,,,,,,,,,,,,,,,,,,,,,,,,,,,,,,,,,,,,,,,,,,,,,,,,,,,,,,,,,,,,,,,,,,,,,,,,,,,,,,,,,,,,,,,,,,,,,,,,,,,,,,,,,,,,,,,,,,,,,,,,,,,,,,,,,,,,,,,,,,,,,,,,,,,,,,,
344,w12olf45,,0,0,18,,,,0,,,0.0,,,,,,,,,,,,,,czcerakw,,,,,0,Experiment_1_Persistence,https://app.prolific.com/submissions/complete?cc=C1BTHULB,0.0,1.0,344,,0.0,,1,1,344,,0.0,,,,,,,,,,,,,,,1,1,344,,0.0,,,,,,,,,,1,1,344,,0.0,,,,,,,,,,,,,,,,,,1,1,344,,0.0,,,,,,,,,,,,,1,1,344,,0.0,0,0,0,0,0,0,0,0,0,,,,,1,1,,,,,,,,,,,,,,,,,,,,,,,,,,,,,,,,,,,,,,,,,,,,,,,,,,,,,,,,,,,,,,,,,,,,,,,,,,,,,,,,,,,,,,,,,,,,,,,,,,,,,,,,,,,,,,,,,,,,,,,,,,,,,,,,,,,,,,,,,,,,,,,,,,,,,,,,,,,,,,,,,,,,,,,,,,,,,,,,,,,,,,,,,,,,,,,,,,,,,,,,,,,,,,,,,,,,,,,,,,,,,,,,,,,,,,,,,,,,,,,,,,,,,,,,,,,,,,,,,,,,,,,,,,,,,,,,,,,,,,,,,,,,,,,,,,,,,,,,,,,,,,,,,,,,,,,,,,,
345,oh7jzt6u,,0,0,18,,,,0,,,0.0,,,,,,,,,,,,,,czcerakw,,,,,0,Experiment_1_Persistence,https://app.prolific.com/submissions/complete?cc=C1BTHULB,0.0,1.0,345,,0.0,,1,1,345,,0.0,,,,,,,,,,,,,,,1,1,345,,0.0,,,,,,,,,,1,1,345,,0.0,,,,,,,,,,,,,,,,,,1,1,345,,0.0,,,,,,,,,,,,,1,1,345,,0.0,0,0,0,0,0,0,0,0,0,,,,,1,1,,,,,,,,,,,,,,,,,,,,,,,,,,,,,,,,,,,,,,,,,,,,,,,,,,,,,,,,,,,,,,,,,,,,,,,,,,,,,,,,,,,,,,,,,,,,,,,,,,,,,,,,,,,,,,,,,,,,,,,,,,,,,,,,,,,,,,,,,,,,,,,,,,,,,,,,,,,,,,,,,,,,,,,,,,,,,,,,,,,,,,,,,,,,,,,,,,,,,,,,,,,,,,,,,,,,,,,,,,,,,,,,,,,,,,,,,,,,,,,,,,,,,,,,,,,,,,,,,,,,,,,,,,,,,,,,,,,,,,,,,,,,,,,,,,,,,,,,,,,,,,,,,,,,,,,,,,,
346,wu3205v9,,0,0,18,,,,0,,,0.0,,,,,,,,,,,,,,czcerakw,,,,,0,Experiment_1_Persistence,https://app.prolific.com/submissions/complete?cc=C1BTHULB,0.0,1.0,346,,0.0,,1,1,346,,0.0,,,,,,,,,,,,,,,1,1,346,,0.0,,,,,,,,,,1,1,346,,0.0,,,,,,,,,,,,,,,,,,1,1,346,,0.0,,,,,,,,,,,,,1,1,346,,0.0,0,0,0,0,0,0,0,0,0,,,,,1,1,,,,,,,,,,,,,,,,,,,,,,,,,,,,,,,,,,,,,,,,,,,,,,,,,,,,,,,,,,,,,,,,,,,,,,,,,,,,,,,,,,,,,,,,,,,,,,,,,,,,,,,,,,,,,,,,,,,,,,,,,,,,,,,,,,,,,,,,,,,,,,,,,,,,,,,,,,,,,,,,,,,,,,,,,,,,,,,,,,,,,,,,,,,,,,,,,,,,,,,,,,,,,,,,,,,,,,,,,,,,,,,,,,,,,,,,,,,,,,,,,,,,,,,,,,,,,,,,,,,,,,,,,,,,,,,,,,,,,,,,,,,,,,,,,,,,,,,,,,,,,,,,,,,,,,,,,,,
347,ujyhw220,,0,0,18,,,,0,,,0.0,,,,,,,,,,,,,,czcerakw,,,,,0,Experiment_1_Persistence,https://app.prolific.com/submissions/complete?cc=C1BTHULB,0.0,1.0,347,,0.0,,1,1,347,,0.0,,,,,,,,,,,,,,,1,1,347,,0.0,,,,,,,,,,1,1,347,,0.0,,,,,,,,,,,,,,,,,,1,1,347,,0.0,,,,,,,,,,,,,1,1,347,,0.0,0,0,0,0,0,0,0,0,0,,,,,1,1,,,,,,,,,,,,,,,,,,,,,,,,,,,,,,,,,,,,,,,,,,,,,,,,,,,,,,,,,,,,,,,,,,,,,,,,,,,,,,,,,,,,,,,,,,,,,,,,,,,,,,,,,,,,,,,,,,,,,,,,,,,,,,,,,,,,,,,,,,,,,,,,,,,,,,,,,,,,,,,,,,,,,,,,,,,,,,,,,,,,,,,,,,,,,,,,,,,,,,,,,,,,,,,,,,,,,,,,,,,,,,,,,,,,,,,,,,,,,,,,,,,,,,,,,,,,,,,,,,,,,,,,,,,,,,,,,,,,,,,,,,,,,,,,,,,,,,,,,,,,,,,,,,,,,,,,,,,
348,0meyveva,,0,0,18,,,,0,,,0.0,,,,,,,,,,,,,,czcerakw,,,,,0,Experiment_1_Persistence,https://app.prolific.com/submissions/complete?cc=C1BTHULB,0.0,1.0,348,,0.0,,1,1,348,,0.0,,,,,,,,,,,,,,,1,1,348,,0.0,,,,,,,,,,1,1,348,,0.0,,,,,,,,,,,,,,,,,,1,1,348,,0.0,,,,,,,,,,,,,1,1,348,,0.0,0,0,0,0,0,0,0,0,0,,,,,1,1,,,,,,,,,,,,,,,,,,,,,,,,,,,,,,,,,,,,,,,,,,,,,,,,,,,,,,,,,,,,,,,,,,,,,,,,,,,,,,,,,,,,,,,,,,,,,,,,,,,,,,,,,,,,,,,,,,,,,,,,,,,,,,,,,,,,,,,,,,,,,,,,,,,,,,,,,,,,,,,,,,,,,,,,,,,,,,,,,,,,,,,,,,,,,,,,,,,,,,,,,,,,,,,,,,,,,,,,,,,,,,,,,,,,,,,,,,,,,,,,,,,,,,,,,,,,,,,,,,,,,,,,,,,,,,,,,,,,,,,,,,,,,,,,,,,,,,,,,,,,,,,,,,,,,,,,,,,
349,z9bzvg9g,,0,0,18,,,,0,,,0.0,,,,,,,,,,,,,,czcerakw,,,,,0,Experiment_1_Persistence,https://app.prolific.com/submissions/complete?cc=C1BTHULB,0.0,1.0,349,,0.0,,1,1,349,,0.0,,,,,,,,,,,,,,,1,1,349,,0.0,,,,,,,,,,1,1,349,,0.0,,,,,,,,,,,,,,,,,,1,1,349,,0.0,,,,,,,,,,,,,1,1,349,,0.0,0,0,0,0,0,0,0,0,0,,,,,1,1,,,,,,,,,,,,,,,,,,,,,,,,,,,,,,,,,,,,,,,,,,,,,,,,,,,,,,,,,,,,,,,,,,,,,,,,,,,,,,,,,,,,,,,,,,,,,,,,,,,,,,,,,,,,,,,,,,,,,,,,,,,,,,,,,,,,,,,,,,,,,,,,,,,,,,,,,,,,,,,,,,,,,,,,,,,,,,,,,,,,,,,,,,,,,,,,,,,,,,,,,,,,,,,,,,,,,,,,,,,,,,,,,,,,,,,,,,,,,,,,,,,,,,,,,,,,,,,,,,,,,,,,,,,,,,,,,,,,,,,,,,,,,,,,,,,,,,,,,,,,,,,,,,,,,,,,,,,
350,b200i4cn,,0,0,18,,,,0,,,0.0,,,,,,,,,,,,,,czcerakw,,,,,0,Experiment_1_Persistence,https://app.prolific.com/submissions/complete?cc=C1BTHULB,0.0,1.0,350,,0.0,,1,1,350,,0.0,,,,,,,,,,,,,,,1,1,350,,0.0,,,,,,,,,,1,1,350,,0.0,,,,,,,,,,,,,,,,,,1,1,350,,0.0,,,,,,,,,,,,,1,1,350,,0.0,0,0,0,0,0,0,0,0,0,,,,,1,1,,,,,,,,,,,,,,,,,,,,,,,,,,,,,,,,,,,,,,,,,,,,,,,,,,,,,,,,,,,,,,,,,,,,,,,,,,,,,,,,,,,,,,,,,,,,,,,,,,,,,,,,,,,,,,,,,,,,,,,,,,,,,,,,,,,,,,,,,,,,,,,,,,,,,,,,,,,,,,,,,,,,,,,,,,,,,,,,,,,,,,,,,,,,,,,,,,,,,,,,,,,,,,,,,,,,,,,,,,,,,,,,,,,,,,,,,,,,,,,,,,,,,,,,,,,,,,,,,,,,,,,,,,,,,,,,,,,,,,,,,,,,,,,,,,,,,,,,,,,,,,,,,,,,,,,,,,,
351,3j2fqk0k,,0,0,18,,,,0,,,0.0,,,,,,,,,,,,,,czcerakw,,,,,0,Experiment_1_Persistence,https://app.prolific.com/submissions/complete?cc=C1BTHULB,0.0,1.0,351,,0.0,,1,1,351,,0.0,,,,,,,,,,,,,,,1,1,351,,0.0,,,,,,,,,,1,1,351,,0.0,,,,,,,,,,,,,,,,,,1,1,351,,0.0,,,,,,,,,,,,,1,1,351,,0.0,0,0,0,0,0,0,0,0,0,,,,,1,1,,,,,,,,,,,,,,,,,,,,,,,,,,,,,,,,,,,,,,,,,,,,,,,,,,,,,,,,,,,,,,,,,,,,,,,,,,,,,,,,,,,,,,,,,,,,,,,,,,,,,,,,,,,,,,,,,,,,,,,,,,,,,,,,,,,,,,,,,,,,,,,,,,,,,,,,,,,,,,,,,,,,,,,,,,,,,,,,,,,,,,,,,,,,,,,,,,,,,,,,,,,,,,,,,,,,,,,,,,,,,,,,,,,,,,,,,,,,,,,,,,,,,,,,,,,,,,,,,,,,,,,,,,,,,,,,,,,,,,,,,,,,,,,,,,,,,,,,,,,,,,,,,,,,,,,,,,,
352,5shrx3vz,,0,0,18,,,,0,,,0.0,,,,,,,,,,,,,,czcerakw,,,,,0,Experiment_1_Persistence,https://app.prolific.com/submissions/complete?cc=C1BTHULB,0.0,1.0,352,,0.0,,1,1,352,,0.0,,,,,,,,,,,,,,,1,1,352,,0.0,,,,,,,,,,1,1,352,,0.0,,,,,,,,,,,,,,,,,,1,1,352,,0.0,,,,,,,,,,,,,1,1,352,,0.0,0,0,0,0,0,0,0,0,0,,,,,1,1,,,,,,,,,,,,,,,,,,,,,,,,,,,,,,,,,,,,,,,,,,,,,,,,,,,,,,,,,,,,,,,,,,,,,,,,,,,,,,,,,,,,,,,,,,,,,,,,,,,,,,,,,,,,,,,,,,,,,,,,,,,,,,,,,,,,,,,,,,,,,,,,,,,,,,,,,,,,,,,,,,,,,,,,,,,,,,,,,,,,,,,,,,,,,,,,,,,,,,,,,,,,,,,,,,,,,,,,,,,,,,,,,,,,,,,,,,,,,,,,,,,,,,,,,,,,,,,,,,,,,,,,,,,,,,,,,,,,,,,,,,,,,,,,,,,,,,,,,,,,,,,,,,,,,,,,,,,
353,cwsbi0c1,,0,0,18,,,,0,,,0.0,,,,,,,,,,,,,,czcerakw,,,,,0,Experiment_1_Persistence,https://app.prolific.com/submissions/complete?cc=C1BTHULB,0.0,1.0,353,,0.0,,1,1,353,,0.0,,,,,,,,,,,,,,,1,1,353,,0.0,,,,,,,,,,1,1,353,,0.0,,,,,,,,,,,,,,,,,,1,1,353,,0.0,,,,,,,,,,,,,1,1,353,,0.0,0,0,0,0,0,0,0,0,0,,,,,1,1,,,,,,,,,,,,,,,,,,,,,,,,,,,,,,,,,,,,,,,,,,,,,,,,,,,,,,,,,,,,,,,,,,,,,,,,,,,,,,,,,,,,,,,,,,,,,,,,,,,,,,,,,,,,,,,,,,,,,,,,,,,,,,,,,,,,,,,,,,,,,,,,,,,,,,,,,,,,,,,,,,,,,,,,,,,,,,,,,,,,,,,,,,,,,,,,,,,,,,,,,,,,,,,,,,,,,,,,,,,,,,,,,,,,,,,,,,,,,,,,,,,,,,,,,,,,,,,,,,,,,,,,,,,,,,,,,,,,,,,,,,,,,,,,,,,,,,,,,,,,,,,,,,,,,,,,,,,
354,z0a7zok2,,0,0,18,,,,0,,,0.0,,,,,,,,,,,,,,czcerakw,,,,,0,Experiment_1_Persistence,https://app.prolific.com/submissions/complete?cc=C1BTHULB,0.0,1.0,354,,0.0,,1,1,354,,0.0,,,,,,,,,,,,,,,1,1,354,,0.0,,,,,,,,,,1,1,354,,0.0,,,,,,,,,,,,,,,,,,1,1,354,,0.0,,,,,,,,,,,,,1,1,354,,0.0,0,0,0,0,0,0,0,0,0,,,,,1,1,,,,,,,,,,,,,,,,,,,,,,,,,,,,,,,,,,,,,,,,,,,,,,,,,,,,,,,,,,,,,,,,,,,,,,,,,,,,,,,,,,,,,,,,,,,,,,,,,,,,,,,,,,,,,,,,,,,,,,,,,,,,,,,,,,,,,,,,,,,,,,,,,,,,,,,,,,,,,,,,,,,,,,,,,,,,,,,,,,,,,,,,,,,,,,,,,,,,,,,,,,,,,,,,,,,,,,,,,,,,,,,,,,,,,,,,,,,,,,,,,,,,,,,,,,,,,,,,,,,,,,,,,,,,,,,,,,,,,,,,,,,,,,,,,,,,,,,,,,,,,,,,,,,,,,,,,,,
355,lhytcqat,,0,0,18,,,,0,,,0.0,,,,,,,,,,,,,,czcerakw,,,,,0,Experiment_1_Persistence,https://app.prolific.com/submissions/complete?cc=C1BTHULB,0.0,1.0,355,,0.0,,1,1,355,,0.0,,,,,,,,,,,,,,,1,1,355,,0.0,,,,,,,,,,1,1,355,,0.0,,,,,,,,,,,,,,,,,,1,1,355,,0.0,,,,,,,,,,,,,1,1,355,,0.0,0,0,0,0,0,0,0,0,0,,,,,1,1,,,,,,,,,,,,,,,,,,,,,,,,,,,,,,,,,,,,,,,,,,,,,,,,,,,,,,,,,,,,,,,,,,,,,,,,,,,,,,,,,,,,,,,,,,,,,,,,,,,,,,,,,,,,,,,,,,,,,,,,,,,,,,,,,,,,,,,,,,,,,,,,,,,,,,,,,,,,,,,,,,,,,,,,,,,,,,,,,,,,,,,,,,,,,,,,,,,,,,,,,,,,,,,,,,,,,,,,,,,,,,,,,,,,,,,,,,,,,,,,,,,,,,,,,,,,,,,,,,,,,,,,,,,,,,,,,,,,,,,,,,,,,,,,,,,,,,,,,,,,,,,,,,,,,,,,,,,
356,dt1b45ec,,0,0,18,,,,0,,,0.0,,,,,,,,,,,,,,czcerakw,,,,,0,Experiment_1_Persistence,https://app.prolific.com/submissions/complete?cc=C1BTHULB,0.0,1.0,356,,0.0,,1,1,356,,0.0,,,,,,,,,,,,,,,1,1,356,,0.0,,,,,,,,,,1,1,356,,0.0,,,,,,,,,,,,,,,,,,1,1,356,,0.0,,,,,,,,,,,,,1,1,356,,0.0,0,0,0,0,0,0,0,0,0,,,,,1,1,,,,,,,,,,,,,,,,,,,,,,,,,,,,,,,,,,,,,,,,,,,,,,,,,,,,,,,,,,,,,,,,,,,,,,,,,,,,,,,,,,,,,,,,,,,,,,,,,,,,,,,,,,,,,,,,,,,,,,,,,,,,,,,,,,,,,,,,,,,,,,,,,,,,,,,,,,,,,,,,,,,,,,,,,,,,,,,,,,,,,,,,,,,,,,,,,,,,,,,,,,,,,,,,,,,,,,,,,,,,,,,,,,,,,,,,,,,,,,,,,,,,,,,,,,,,,,,,,,,,,,,,,,,,,,,,,,,,,,,,,,,,,,,,,,,,,,,,,,,,,,,,,,,,,,,,,,,
357,ocbax0u7,,0,0,18,,,,0,,,0.0,,,,,,,,,,,,,,czcerakw,,,,,0,Experiment_1_Persistence,https://app.prolific.com/submissions/complete?cc=C1BTHULB,0.0,1.0,357,,0.0,,1,1,357,,0.0,,,,,,,,,,,,,,,1,1,357,,0.0,,,,,,,,,,1,1,357,,0.0,,,,,,,,,,,,,,,,,,1,1,357,,0.0,,,,,,,,,,,,,1,1,357,,0.0,0,0,0,0,0,0,0,0,0,,,,,1,1,,,,,,,,,,,,,,,,,,,,,,,,,,,,,,,,,,,,,,,,,,,,,,,,,,,,,,,,,,,,,,,,,,,,,,,,,,,,,,,,,,,,,,,,,,,,,,,,,,,,,,,,,,,,,,,,,,,,,,,,,,,,,,,,,,,,,,,,,,,,,,,,,,,,,,,,,,,,,,,,,,,,,,,,,,,,,,,,,,,,,,,,,,,,,,,,,,,,,,,,,,,,,,,,,,,,,,,,,,,,,,,,,,,,,,,,,,,,,,,,,,,,,,,,,,,,,,,,,,,,,,,,,,,,,,,,,,,,,,,,,,,,,,,,,,,,,,,,,,,,,,,,,,,,,,,,,,,
358,d7qgxh7i,,0,0,18,,,,0,,,0.0,,,,,,,,,,,,,,czcerakw,,,,,0,Experiment_1_Persistence,https://app.prolific.com/submissions/complete?cc=C1BTHULB,0.0,1.0,358,,0.0,,1,1,358,,0.0,,,,,,,,,,,,,,,1,1,358,,0.0,,,,,,,,,,1,1,358,,0.0,,,,,,,,,,,,,,,,,,1,1,358,,0.0,,,,,,,,,,,,,1,1,358,,0.0,0,0,0,0,0,0,0,0,0,,,,,1,1,,,,,,,,,,,,,,,,,,,,,,,,,,,,,,,,,,,,,,,,,,,,,,,,,,,,,,,,,,,,,,,,,,,,,,,,,,,,,,,,,,,,,,,,,,,,,,,,,,,,,,,,,,,,,,,,,,,,,,,,,,,,,,,,,,,,,,,,,,,,,,,,,,,,,,,,,,,,,,,,,,,,,,,,,,,,,,,,,,,,,,,,,,,,,,,,,,,,,,,,,,,,,,,,,,,,,,,,,,,,,,,,,,,,,,,,,,,,,,,,,,,,,,,,,,,,,,,,,,,,,,,,,,,,,,,,,,,,,,,,,,,,,,,,,,,,,,,,,,,,,,,,,,,,,,,,,,,
359,a1irizje,,0,0,18,,,,0,,,0.0,,,,,,,,,,,,,,czcerakw,,,,,0,Experiment_1_Persistence,https://app.prolific.com/submissions/complete?cc=C1BTHULB,0.0,1.0,359,,0.0,,1,1,359,,0.0,,,,,,,,,,,,,,,1,1,359,,0.0,,,,,,,,,,1,1,359,,0.0,,,,,,,,,,,,,,,,,,1,1,359,,0.0,,,,,,,,,,,,,1,1,359,,0.0,0,0,0,0,0,0,0,0,0,,,,,1,1,,,,,,,,,,,,,,,,,,,,,,,,,,,,,,,,,,,,,,,,,,,,,,,,,,,,,,,,,,,,,,,,,,,,,,,,,,,,,,,,,,,,,,,,,,,,,,,,,,,,,,,,,,,,,,,,,,,,,,,,,,,,,,,,,,,,,,,,,,,,,,,,,,,,,,,,,,,,,,,,,,,,,,,,,,,,,,,,,,,,,,,,,,,,,,,,,,,,,,,,,,,,,,,,,,,,,,,,,,,,,,,,,,,,,,,,,,,,,,,,,,,,,,,,,,,,,,,,,,,,,,,,,,,,,,,,,,,,,,,,,,,,,,,,,,,,,,,,,,,,,,,,,,,,,,,,,,,
360,uykdofbg,,0,0,18,,,,0,,,0.0,,,,,,,,,,,,,,czcerakw,,,,,0,Experiment_1_Persistence,https://app.prolific.com/submissions/complete?cc=C1BTHULB,0.0,1.0,360,,0.0,,1,1,360,,0.0,,,,,,,,,,,,,,,1,1,360,,0.0,,,,,,,,,,1,1,360,,0.0,,,,,,,,,,,,,,,,,,1,1,360,,0.0,,,,,,,,,,,,,1,1,360,,0.0,0,0,0,0,0,0,0,0,0,,,,,1,1,,,,,,,,,,,,,,,,,,,,,,,,,,,,,,,,,,,,,,,,,,,,,,,,,,,,,,,,,,,,,,,,,,,,,,,,,,,,,,,,,,,,,,,,,,,,,,,,,,,,,,,,,,,,,,,,,,,,,,,,,,,,,,,,,,,,,,,,,,,,,,,,,,,,,,,,,,,,,,,,,,,,,,,,,,,,,,,,,,,,,,,,,,,,,,,,,,,,,,,,,,,,,,,,,,,,,,,,,,,,,,,,,,,,,,,,,,,,,,,,,,,,,,,,,,,,,,,,,,,,,,,,,,,,,,,,,,,,,,,,,,,,,,,,,,,,,,,,,,,,,,,,,,,,,,,,,,,
361,0n0bu090,,0,0,18,,,,0,,,0.0,,,,,,,,,,,,,,czcerakw,,,,,0,Experiment_1_Persistence,https://app.prolific.com/submissions/complete?cc=C1BTHULB,0.0,1.0,361,,0.0,,1,1,361,,0.0,,,,,,,,,,,,,,,1,1,361,,0.0,,,,,,,,,,1,1,361,,0.0,,,,,,,,,,,,,,,,,,1,1,361,,0.0,,,,,,,,,,,,,1,1,361,,0.0,0,0,0,0,0,0,0,0,0,,,,,1,1,,,,,,,,,,,,,,,,,,,,,,,,,,,,,,,,,,,,,,,,,,,,,,,,,,,,,,,,,,,,,,,,,,,,,,,,,,,,,,,,,,,,,,,,,,,,,,,,,,,,,,,,,,,,,,,,,,,,,,,,,,,,,,,,,,,,,,,,,,,,,,,,,,,,,,,,,,,,,,,,,,,,,,,,,,,,,,,,,,,,,,,,,,,,,,,,,,,,,,,,,,,,,,,,,,,,,,,,,,,,,,,,,,,,,,,,,,,,,,,,,,,,,,,,,,,,,,,,,,,,,,,,,,,,,,,,,,,,,,,,,,,,,,,,,,,,,,,,,,,,,,,,,,,,,,,,,,,
362,tualt5k3,,0,0,18,,,,0,,,0.0,,,,,,,,,,,,,,czcerakw,,,,,0,Experiment_1_Persistence,https://app.prolific.com/submissions/complete?cc=C1BTHULB,0.0,1.0,362,,0.0,,1,1,362,,0.0,,,,,,,,,,,,,,,1,1,362,,0.0,,,,,,,,,,1,1,362,,0.0,,,,,,,,,,,,,,,,,,1,1,362,,0.0,,,,,,,,,,,,,1,1,362,,0.0,0,0,0,0,0,0,0,0,0,,,,,1,1,,,,,,,,,,,,,,,,,,,,,,,,,,,,,,,,,,,,,,,,,,,,,,,,,,,,,,,,,,,,,,,,,,,,,,,,,,,,,,,,,,,,,,,,,,,,,,,,,,,,,,,,,,,,,,,,,,,,,,,,,,,,,,,,,,,,,,,,,,,,,,,,,,,,,,,,,,,,,,,,,,,,,,,,,,,,,,,,,,,,,,,,,,,,,,,,,,,,,,,,,,,,,,,,,,,,,,,,,,,,,,,,,,,,,,,,,,,,,,,,,,,,,,,,,,,,,,,,,,,,,,,,,,,,,,,,,,,,,,,,,,,,,,,,,,,,,,,,,,,,,,,,,,,,,,,,,,,
363,8ii9o1ow,,0,0,18,,,,0,,,0.0,,,,,,,,,,,,,,czcerakw,,,,,0,Experiment_1_Persistence,https://app.prolific.com/submissions/complete?cc=C1BTHULB,0.0,1.0,363,,0.0,,1,1,363,,0.0,,,,,,,,,,,,,,,1,1,363,,0.0,,,,,,,,,,1,1,363,,0.0,,,,,,,,,,,,,,,,,,1,1,363,,0.0,,,,,,,,,,,,,1,1,363,,0.0,0,0,0,0,0,0,0,0,0,,,,,1,1,,,,,,,,,,,,,,,,,,,,,,,,,,,,,,,,,,,,,,,,,,,,,,,,,,,,,,,,,,,,,,,,,,,,,,,,,,,,,,,,,,,,,,,,,,,,,,,,,,,,,,,,,,,,,,,,,,,,,,,,,,,,,,,,,,,,,,,,,,,,,,,,,,,,,,,,,,,,,,,,,,,,,,,,,,,,,,,,,,,,,,,,,,,,,,,,,,,,,,,,,,,,,,,,,,,,,,,,,,,,,,,,,,,,,,,,,,,,,,,,,,,,,,,,,,,,,,,,,,,,,,,,,,,,,,,,,,,,,,,,,,,,,,,,,,,,,,,,,,,,,,,,,,,,,,,,,,,
364,bmkvornh,,0,0,18,,,,0,,,0.0,,,,,,,,,,,,,,czcerakw,,,,,0,Experiment_1_Persistence,https://app.prolific.com/submissions/complete?cc=C1BTHULB,0.0,1.0,364,,0.0,,1,1,364,,0.0,,,,,,,,,,,,,,,1,1,364,,0.0,,,,,,,,,,1,1,364,,0.0,,,,,,,,,,,,,,,,,,1,1,364,,0.0,,,,,,,,,,,,,1,1,364,,0.0,0,0,0,0,0,0,0,0,0,,,,,1,1,,,,,,,,,,,,,,,,,,,,,,,,,,,,,,,,,,,,,,,,,,,,,,,,,,,,,,,,,,,,,,,,,,,,,,,,,,,,,,,,,,,,,,,,,,,,,,,,,,,,,,,,,,,,,,,,,,,,,,,,,,,,,,,,,,,,,,,,,,,,,,,,,,,,,,,,,,,,,,,,,,,,,,,,,,,,,,,,,,,,,,,,,,,,,,,,,,,,,,,,,,,,,,,,,,,,,,,,,,,,,,,,,,,,,,,,,,,,,,,,,,,,,,,,,,,,,,,,,,,,,,,,,,,,,,,,,,,,,,,,,,,,,,,,,,,,,,,,,,,,,,,,,,,,,,,,,,,
365,pjcbxzep,,0,0,18,,,,0,,,0.0,,,,,,,,,,,,,,czcerakw,,,,,0,Experiment_1_Persistence,https://app.prolific.com/submissions/complete?cc=C1BTHULB,0.0,1.0,365,,0.0,,1,1,365,,0.0,,,,,,,,,,,,,,,1,1,365,,0.0,,,,,,,,,,1,1,365,,0.0,,,,,,,,,,,,,,,,,,1,1,365,,0.0,,,,,,,,,,,,,1,1,365,,0.0,0,0,0,0,0,0,0,0,0,,,,,1,1,,,,,,,,,,,,,,,,,,,,,,,,,,,,,,,,,,,,,,,,,,,,,,,,,,,,,,,,,,,,,,,,,,,,,,,,,,,,,,,,,,,,,,,,,,,,,,,,,,,,,,,,,,,,,,,,,,,,,,,,,,,,,,,,,,,,,,,,,,,,,,,,,,,,,,,,,,,,,,,,,,,,,,,,,,,,,,,,,,,,,,,,,,,,,,,,,,,,,,,,,,,,,,,,,,,,,,,,,,,,,,,,,,,,,,,,,,,,,,,,,,,,,,,,,,,,,,,,,,,,,,,,,,,,,,,,,,,,,,,,,,,,,,,,,,,,,,,,,,,,,,,,,,,,,,,,,,,
366,l98v0d7k,,0,0,18,,,,0,,,0.0,,,,,,,,,,,,,,czcerakw,,,,,0,Experiment_1_Persistence,https://app.prolific.com/submissions/complete?cc=C1BTHULB,0.0,1.0,366,,0.0,,1,1,366,,0.0,,,,,,,,,,,,,,,1,1,366,,0.0,,,,,,,,,,1,1,366,,0.0,,,,,,,,,,,,,,,,,,1,1,366,,0.0,,,,,,,,,,,,,1,1,366,,0.0,0,0,0,0,0,0,0,0,0,,,,,1,1,,,,,,,,,,,,,,,,,,,,,,,,,,,,,,,,,,,,,,,,,,,,,,,,,,,,,,,,,,,,,,,,,,,,,,,,,,,,,,,,,,,,,,,,,,,,,,,,,,,,,,,,,,,,,,,,,,,,,,,,,,,,,,,,,,,,,,,,,,,,,,,,,,,,,,,,,,,,,,,,,,,,,,,,,,,,,,,,,,,,,,,,,,,,,,,,,,,,,,,,,,,,,,,,,,,,,,,,,,,,,,,,,,,,,,,,,,,,,,,,,,,,,,,,,,,,,,,,,,,,,,,,,,,,,,,,,,,,,,,,,,,,,,,,,,,,,,,,,,,,,,,,,,,,,,,,,,,
367,wpjn4jts,,0,0,18,,,,0,,,0.0,,,,,,,,,,,,,,czcerakw,,,,,0,Experiment_1_Persistence,https://app.prolific.com/submissions/complete?cc=C1BTHULB,0.0,1.0,367,,0.0,,1,1,367,,0.0,,,,,,,,,,,,,,,1,1,367,,0.0,,,,,,,,,,1,1,367,,0.0,,,,,,,,,,,,,,,,,,1,1,367,,0.0,,,,,,,,,,,,,1,1,367,,0.0,0,0,0,0,0,0,0,0,0,,,,,1,1,,,,,,,,,,,,,,,,,,,,,,,,,,,,,,,,,,,,,,,,,,,,,,,,,,,,,,,,,,,,,,,,,,,,,,,,,,,,,,,,,,,,,,,,,,,,,,,,,,,,,,,,,,,,,,,,,,,,,,,,,,,,,,,,,,,,,,,,,,,,,,,,,,,,,,,,,,,,,,,,,,,,,,,,,,,,,,,,,,,,,,,,,,,,,,,,,,,,,,,,,,,,,,,,,,,,,,,,,,,,,,,,,,,,,,,,,,,,,,,,,,,,,,,,,,,,,,,,,,,,,,,,,,,,,,,,,,,,,,,,,,,,,,,,,,,,,,,,,,,,,,,,,,,,,,,,,,,
368,dvci2ven,,0,0,18,,,,0,,,0.0,,,,,,,,,,,,,,czcerakw,,,,,0,Experiment_1_Persistence,https://app.prolific.com/submissions/complete?cc=C1BTHULB,0.0,1.0,368,,0.0,,1,1,368,,0.0,,,,,,,,,,,,,,,1,1,368,,0.0,,,,,,,,,,1,1,368,,0.0,,,,,,,,,,,,,,,,,,1,1,368,,0.0,,,,,,,,,,,,,1,1,368,,0.0,0,0,0,0,0,0,0,0,0,,,,,1,1,,,,,,,,,,,,,,,,,,,,,,,,,,,,,,,,,,,,,,,,,,,,,,,,,,,,,,,,,,,,,,,,,,,,,,,,,,,,,,,,,,,,,,,,,,,,,,,,,,,,,,,,,,,,,,,,,,,,,,,,,,,,,,,,,,,,,,,,,,,,,,,,,,,,,,,,,,,,,,,,,,,,,,,,,,,,,,,,,,,,,,,,,,,,,,,,,,,,,,,,,,,,,,,,,,,,,,,,,,,,,,,,,,,,,,,,,,,,,,,,,,,,,,,,,,,,,,,,,,,,,,,,,,,,,,,,,,,,,,,,,,,,,,,,,,,,,,,,,,,,,,,,,,,,,,,,,,,
369,cwazyvxg,,0,0,18,,,,0,,,0.0,,,,,,,,,,,,,,czcerakw,,,,,0,Experiment_1_Persistence,https://app.prolific.com/submissions/complete?cc=C1BTHULB,0.0,1.0,369,,0.0,,1,1,369,,0.0,,,,,,,,,,,,,,,1,1,369,,0.0,,,,,,,,,,1,1,369,,0.0,,,,,,,,,,,,,,,,,,1,1,369,,0.0,,,,,,,,,,,,,1,1,369,,0.0,0,0,0,0,0,0,0,0,0,,,,,1,1,,,,,,,,,,,,,,,,,,,,,,,,,,,,,,,,,,,,,,,,,,,,,,,,,,,,,,,,,,,,,,,,,,,,,,,,,,,,,,,,,,,,,,,,,,,,,,,,,,,,,,,,,,,,,,,,,,,,,,,,,,,,,,,,,,,,,,,,,,,,,,,,,,,,,,,,,,,,,,,,,,,,,,,,,,,,,,,,,,,,,,,,,,,,,,,,,,,,,,,,,,,,,,,,,,,,,,,,,,,,,,,,,,,,,,,,,,,,,,,,,,,,,,,,,,,,,,,,,,,,,,,,,,,,,,,,,,,,,,,,,,,,,,,,,,,,,,,,,,,,,,,,,,,,,,,,,,,
370,vvuh4ss1,,0,0,18,,,,0,,,0.0,,,,,,,,,,,,,,czcerakw,,,,,0,Experiment_1_Persistence,https://app.prolific.com/submissions/complete?cc=C1BTHULB,0.0,1.0,370,,0.0,,1,1,370,,0.0,,,,,,,,,,,,,,,1,1,370,,0.0,,,,,,,,,,1,1,370,,0.0,,,,,,,,,,,,,,,,,,1,1,370,,0.0,,,,,,,,,,,,,1,1,370,,0.0,0,0,0,0,0,0,0,0,0,,,,,1,1,,,,,,,,,,,,,,,,,,,,,,,,,,,,,,,,,,,,,,,,,,,,,,,,,,,,,,,,,,,,,,,,,,,,,,,,,,,,,,,,,,,,,,,,,,,,,,,,,,,,,,,,,,,,,,,,,,,,,,,,,,,,,,,,,,,,,,,,,,,,,,,,,,,,,,,,,,,,,,,,,,,,,,,,,,,,,,,,,,,,,,,,,,,,,,,,,,,,,,,,,,,,,,,,,,,,,,,,,,,,,,,,,,,,,,,,,,,,,,,,,,,,,,,,,,,,,,,,,,,,,,,,,,,,,,,,,,,,,,,,,,,,,,,,,,,,,,,,,,,,,,,,,,,,,,,,,,,
371,t9da6vzn,,0,0,18,,,,0,,,0.0,,,,,,,,,,,,,,czcerakw,,,,,0,Experiment_1_Persistence,https://app.prolific.com/submissions/complete?cc=C1BTHULB,0.0,1.0,371,,0.0,,1,1,371,,0.0,,,,,,,,,,,,,,,1,1,371,,0.0,,,,,,,,,,1,1,371,,0.0,,,,,,,,,,,,,,,,,,1,1,371,,0.0,,,,,,,,,,,,,1,1,371,,0.0,0,0,0,0,0,0,0,0,0,,,,,1,1,,,,,,,,,,,,,,,,,,,,,,,,,,,,,,,,,,,,,,,,,,,,,,,,,,,,,,,,,,,,,,,,,,,,,,,,,,,,,,,,,,,,,,,,,,,,,,,,,,,,,,,,,,,,,,,,,,,,,,,,,,,,,,,,,,,,,,,,,,,,,,,,,,,,,,,,,,,,,,,,,,,,,,,,,,,,,,,,,,,,,,,,,,,,,,,,,,,,,,,,,,,,,,,,,,,,,,,,,,,,,,,,,,,,,,,,,,,,,,,,,,,,,,,,,,,,,,,,,,,,,,,,,,,,,,,,,,,,,,,,,,,,,,,,,,,,,,,,,,,,,,,,,,,,,,,,,,,
372,8s3z1chw,,0,0,18,,,,0,,,0.0,,,,,,,,,,,,,,czcerakw,,,,,0,Experiment_1_Persistence,https://app.prolific.com/submissions/complete?cc=C1BTHULB,0.0,1.0,372,,0.0,,1,1,372,,0.0,,,,,,,,,,,,,,,1,1,372,,0.0,,,,,,,,,,1,1,372,,0.0,,,,,,,,,,,,,,,,,,1,1,372,,0.0,,,,,,,,,,,,,1,1,372,,0.0,0,0,0,0,0,0,0,0,0,,,,,1,1,,,,,,,,,,,,,,,,,,,,,,,,,,,,,,,,,,,,,,,,,,,,,,,,,,,,,,,,,,,,,,,,,,,,,,,,,,,,,,,,,,,,,,,,,,,,,,,,,,,,,,,,,,,,,,,,,,,,,,,,,,,,,,,,,,,,,,,,,,,,,,,,,,,,,,,,,,,,,,,,,,,,,,,,,,,,,,,,,,,,,,,,,,,,,,,,,,,,,,,,,,,,,,,,,,,,,,,,,,,,,,,,,,,,,,,,,,,,,,,,,,,,,,,,,,,,,,,,,,,,,,,,,,,,,,,,,,,,,,,,,,,,,,,,,,,,,,,,,,,,,,,,,,,,,,,,,,,
373,f3x89oez,,0,0,18,,,,0,,,0.0,,,,,,,,,,,,,,czcerakw,,,,,0,Experiment_1_Persistence,https://app.prolific.com/submissions/complete?cc=C1BTHULB,0.0,1.0,373,,0.0,,1,1,373,,0.0,,,,,,,,,,,,,,,1,1,373,,0.0,,,,,,,,,,1,1,373,,0.0,,,,,,,,,,,,,,,,,,1,1,373,,0.0,,,,,,,,,,,,,1,1,373,,0.0,0,0,0,0,0,0,0,0,0,,,,,1,1,,,,,,,,,,,,,,,,,,,,,,,,,,,,,,,,,,,,,,,,,,,,,,,,,,,,,,,,,,,,,,,,,,,,,,,,,,,,,,,,,,,,,,,,,,,,,,,,,,,,,,,,,,,,,,,,,,,,,,,,,,,,,,,,,,,,,,,,,,,,,,,,,,,,,,,,,,,,,,,,,,,,,,,,,,,,,,,,,,,,,,,,,,,,,,,,,,,,,,,,,,,,,,,,,,,,,,,,,,,,,,,,,,,,,,,,,,,,,,,,,,,,,,,,,,,,,,,,,,,,,,,,,,,,,,,,,,,,,,,,,,,,,,,,,,,,,,,,,,,,,,,,,,,,,,,,,,,
374,xac9h5u6,,0,0,18,,,,0,,,0.0,,,,,,,,,,,,,,czcerakw,,,,,0,Experiment_1_Persistence,https://app.prolific.com/submissions/complete?cc=C1BTHULB,0.0,1.0,374,,0.0,,1,1,374,,0.0,,,,,,,,,,,,,,,1,1,374,,0.0,,,,,,,,,,1,1,374,,0.0,,,,,,,,,,,,,,,,,,1,1,374,,0.0,,,,,,,,,,,,,1,1,374,,0.0,0,0,0,0,0,0,0,0,0,,,,,1,1,,,,,,,,,,,,,,,,,,,,,,,,,,,,,,,,,,,,,,,,,,,,,,,,,,,,,,,,,,,,,,,,,,,,,,,,,,,,,,,,,,,,,,,,,,,,,,,,,,,,,,,,,,,,,,,,,,,,,,,,,,,,,,,,,,,,,,,,,,,,,,,,,,,,,,,,,,,,,,,,,,,,,,,,,,,,,,,,,,,,,,,,,,,,,,,,,,,,,,,,,,,,,,,,,,,,,,,,,,,,,,,,,,,,,,,,,,,,,,,,,,,,,,,,,,,,,,,,,,,,,,,,,,,,,,,,,,,,,,,,,,,,,,,,,,,,,,,,,,,,,,,,,,,,,,,,,,,
375,c6rk5d3c,,0,0,18,,,,0,,,0.0,,,,,,,,,,,,,,czcerakw,,,,,0,Experiment_1_Persistence,https://app.prolific.com/submissions/complete?cc=C1BTHULB,0.0,1.0,375,,0.0,,1,1,375,,0.0,,,,,,,,,,,,,,,1,1,375,,0.0,,,,,,,,,,1,1,375,,0.0,,,,,,,,,,,,,,,,,,1,1,375,,0.0,,,,,,,,,,,,,1,1,375,,0.0,0,0,0,0,0,0,0,0,0,,,,,1,1,,,,,,,,,,,,,,,,,,,,,,,,,,,,,,,,,,,,,,,,,,,,,,,,,,,,,,,,,,,,,,,,,,,,,,,,,,,,,,,,,,,,,,,,,,,,,,,,,,,,,,,,,,,,,,,,,,,,,,,,,,,,,,,,,,,,,,,,,,,,,,,,,,,,,,,,,,,,,,,,,,,,,,,,,,,,,,,,,,,,,,,,,,,,,,,,,,,,,,,,,,,,,,,,,,,,,,,,,,,,,,,,,,,,,,,,,,,,,,,,,,,,,,,,,,,,,,,,,,,,,,,,,,,,,,,,,,,,,,,,,,,,,,,,,,,,,,,,,,,,,,,,,,,,,,,,,,,
376,6sq7lyik,,0,0,18,,,,0,,,0.0,,,,,,,,,,,,,,czcerakw,,,,,0,Experiment_1_Persistence,https://app.prolific.com/submissions/complete?cc=C1BTHULB,0.0,1.0,376,,0.0,,1,1,376,,0.0,,,,,,,,,,,,,,,1,1,376,,0.0,,,,,,,,,,1,1,376,,0.0,,,,,,,,,,,,,,,,,,1,1,376,,0.0,,,,,,,,,,,,,1,1,376,,0.0,0,0,0,0,0,0,0,0,0,,,,,1,1,,,,,,,,,,,,,,,,,,,,,,,,,,,,,,,,,,,,,,,,,,,,,,,,,,,,,,,,,,,,,,,,,,,,,,,,,,,,,,,,,,,,,,,,,,,,,,,,,,,,,,,,,,,,,,,,,,,,,,,,,,,,,,,,,,,,,,,,,,,,,,,,,,,,,,,,,,,,,,,,,,,,,,,,,,,,,,,,,,,,,,,,,,,,,,,,,,,,,,,,,,,,,,,,,,,,,,,,,,,,,,,,,,,,,,,,,,,,,,,,,,,,,,,,,,,,,,,,,,,,,,,,,,,,,,,,,,,,,,,,,,,,,,,,,,,,,,,,,,,,,,,,,,,,,,,,,,,
377,rmwkk20p,,0,0,18,,,,0,,,0.0,,,,,,,,,,,,,,czcerakw,,,,,0,Experiment_1_Persistence,https://app.prolific.com/submissions/complete?cc=C1BTHULB,0.0,1.0,377,,0.0,,1,1,377,,0.0,,,,,,,,,,,,,,,1,1,377,,0.0,,,,,,,,,,1,1,377,,0.0,,,,,,,,,,,,,,,,,,1,1,377,,0.0,,,,,,,,,,,,,1,1,377,,0.0,0,0,0,0,0,0,0,0,0,,,,,1,1,,,,,,,,,,,,,,,,,,,,,,,,,,,,,,,,,,,,,,,,,,,,,,,,,,,,,,,,,,,,,,,,,,,,,,,,,,,,,,,,,,,,,,,,,,,,,,,,,,,,,,,,,,,,,,,,,,,,,,,,,,,,,,,,,,,,,,,,,,,,,,,,,,,,,,,,,,,,,,,,,,,,,,,,,,,,,,,,,,,,,,,,,,,,,,,,,,,,,,,,,,,,,,,,,,,,,,,,,,,,,,,,,,,,,,,,,,,,,,,,,,,,,,,,,,,,,,,,,,,,,,,,,,,,,,,,,,,,,,,,,,,,,,,,,,,,,,,,,,,,,,,,,,,,,,,,,,,
378,ed5b4ydc,,0,0,18,,,,0,,,0.0,,,,,,,,,,,,,,czcerakw,,,,,0,Experiment_1_Persistence,https://app.prolific.com/submissions/complete?cc=C1BTHULB,0.0,1.0,378,,0.0,,1,1,378,,0.0,,,,,,,,,,,,,,,1,1,378,,0.0,,,,,,,,,,1,1,378,,0.0,,,,,,,,,,,,,,,,,,1,1,378,,0.0,,,,,,,,,,,,,1,1,378,,0.0,0,0,0,0,0,0,0,0,0,,,,,1,1,,,,,,,,,,,,,,,,,,,,,,,,,,,,,,,,,,,,,,,,,,,,,,,,,,,,,,,,,,,,,,,,,,,,,,,,,,,,,,,,,,,,,,,,,,,,,,,,,,,,,,,,,,,,,,,,,,,,,,,,,,,,,,,,,,,,,,,,,,,,,,,,,,,,,,,,,,,,,,,,,,,,,,,,,,,,,,,,,,,,,,,,,,,,,,,,,,,,,,,,,,,,,,,,,,,,,,,,,,,,,,,,,,,,,,,,,,,,,,,,,,,,,,,,,,,,,,,,,,,,,,,,,,,,,,,,,,,,,,,,,,,,,,,,,,,,,,,,,,,,,,,,,,,,,,,,,,,
379,cd4ffgfk,,0,0,18,,,,0,,,0.0,,,,,,,,,,,,,,czcerakw,,,,,0,Experiment_1_Persistence,https://app.prolific.com/submissions/complete?cc=C1BTHULB,0.0,1.0,379,,0.0,,1,1,379,,0.0,,,,,,,,,,,,,,,1,1,379,,0.0,,,,,,,,,,1,1,379,,0.0,,,,,,,,,,,,,,,,,,1,1,379,,0.0,,,,,,,,,,,,,1,1,379,,0.0,0,0,0,0,0,0,0,0,0,,,,,1,1,,,,,,,,,,,,,,,,,,,,,,,,,,,,,,,,,,,,,,,,,,,,,,,,,,,,,,,,,,,,,,,,,,,,,,,,,,,,,,,,,,,,,,,,,,,,,,,,,,,,,,,,,,,,,,,,,,,,,,,,,,,,,,,,,,,,,,,,,,,,,,,,,,,,,,,,,,,,,,,,,,,,,,,,,,,,,,,,,,,,,,,,,,,,,,,,,,,,,,,,,,,,,,,,,,,,,,,,,,,,,,,,,,,,,,,,,,,,,,,,,,,,,,,,,,,,,,,,,,,,,,,,,,,,,,,,,,,,,,,,,,,,,,,,,,,,,,,,,,,,,,,,,,,,,,,,,,,
380,r9ueyxg9,,0,0,18,,,,0,,,0.0,,,,,,,,,,,,,,czcerakw,,,,,0,Experiment_1_Persistence,https://app.prolific.com/submissions/complete?cc=C1BTHULB,0.0,1.0,380,,0.0,,1,1,380,,0.0,,,,,,,,,,,,,,,1,1,380,,0.0,,,,,,,,,,1,1,380,,0.0,,,,,,,,,,,,,,,,,,1,1,380,,0.0,,,,,,,,,,,,,1,1,380,,0.0,0,0,0,0,0,0,0,0,0,,,,,1,1,,,,,,,,,,,,,,,,,,,,,,,,,,,,,,,,,,,,,,,,,,,,,,,,,,,,,,,,,,,,,,,,,,,,,,,,,,,,,,,,,,,,,,,,,,,,,,,,,,,,,,,,,,,,,,,,,,,,,,,,,,,,,,,,,,,,,,,,,,,,,,,,,,,,,,,,,,,,,,,,,,,,,,,,,,,,,,,,,,,,,,,,,,,,,,,,,,,,,,,,,,,,,,,,,,,,,,,,,,,,,,,,,,,,,,,,,,,,,,,,,,,,,,,,,,,,,,,,,,,,,,,,,,,,,,,,,,,,,,,,,,,,,,,,,,,,,,,,,,,,,,,,,,,,,,,,,,,
381,his96g9s,,0,0,18,,,,0,,,0.0,,,,,,,,,,,,,,czcerakw,,,,,0,Experiment_1_Persistence,https://app.prolific.com/submissions/complete?cc=C1BTHULB,0.0,1.0,381,,0.0,,1,1,381,,0.0,,,,,,,,,,,,,,,1,1,381,,0.0,,,,,,,,,,1,1,381,,0.0,,,,,,,,,,,,,,,,,,1,1,381,,0.0,,,,,,,,,,,,,1,1,381,,0.0,0,0,0,0,0,0,0,0,0,,,,,1,1,,,,,,,,,,,,,,,,,,,,,,,,,,,,,,,,,,,,,,,,,,,,,,,,,,,,,,,,,,,,,,,,,,,,,,,,,,,,,,,,,,,,,,,,,,,,,,,,,,,,,,,,,,,,,,,,,,,,,,,,,,,,,,,,,,,,,,,,,,,,,,,,,,,,,,,,,,,,,,,,,,,,,,,,,,,,,,,,,,,,,,,,,,,,,,,,,,,,,,,,,,,,,,,,,,,,,,,,,,,,,,,,,,,,,,,,,,,,,,,,,,,,,,,,,,,,,,,,,,,,,,,,,,,,,,,,,,,,,,,,,,,,,,,,,,,,,,,,,,,,,,,,,,,,,,,,,,,
382,sapkungt,,0,0,18,,,,0,,,0.0,,,,,,,,,,,,,,czcerakw,,,,,0,Experiment_1_Persistence,https://app.prolific.com/submissions/complete?cc=C1BTHULB,0.0,1.0,382,,0.0,,1,1,382,,0.0,,,,,,,,,,,,,,,1,1,382,,0.0,,,,,,,,,,1,1,382,,0.0,,,,,,,,,,,,,,,,,,1,1,382,,0.0,,,,,,,,,,,,,1,1,382,,0.0,0,0,0,0,0,0,0,0,0,,,,,1,1,,,,,,,,,,,,,,,,,,,,,,,,,,,,,,,,,,,,,,,,,,,,,,,,,,,,,,,,,,,,,,,,,,,,,,,,,,,,,,,,,,,,,,,,,,,,,,,,,,,,,,,,,,,,,,,,,,,,,,,,,,,,,,,,,,,,,,,,,,,,,,,,,,,,,,,,,,,,,,,,,,,,,,,,,,,,,,,,,,,,,,,,,,,,,,,,,,,,,,,,,,,,,,,,,,,,,,,,,,,,,,,,,,,,,,,,,,,,,,,,,,,,,,,,,,,,,,,,,,,,,,,,,,,,,,,,,,,,,,,,,,,,,,,,,,,,,,,,,,,,,,,,,,,,,,,,,,,
383,lmg4t764,,0,0,18,,,,0,,,0.0,,,,,,,,,,,,,,czcerakw,,,,,0,Experiment_1_Persistence,https://app.prolific.com/submissions/complete?cc=C1BTHULB,0.0,1.0,383,,0.0,,1,1,383,,0.0,,,,,,,,,,,,,,,1,1,383,,0.0,,,,,,,,,,1,1,383,,0.0,,,,,,,,,,,,,,,,,,1,1,383,,0.0,,,,,,,,,,,,,1,1,383,,0.0,0,0,0,0,0,0,0,0,0,,,,,1,1,,,,,,,,,,,,,,,,,,,,,,,,,,,,,,,,,,,,,,,,,,,,,,,,,,,,,,,,,,,,,,,,,,,,,,,,,,,,,,,,,,,,,,,,,,,,,,,,,,,,,,,,,,,,,,,,,,,,,,,,,,,,,,,,,,,,,,,,,,,,,,,,,,,,,,,,,,,,,,,,,,,,,,,,,,,,,,,,,,,,,,,,,,,,,,,,,,,,,,,,,,,,,,,,,,,,,,,,,,,,,,,,,,,,,,,,,,,,,,,,,,,,,,,,,,,,,,,,,,,,,,,,,,,,,,,,,,,,,,,,,,,,,,,,,,,,,,,,,,,,,,,,,,,,,,,,,,,
384,90hjst00,,0,0,18,,,,0,,,0.0,,,,,,,,,,,,,,czcerakw,,,,,0,Experiment_1_Persistence,https://app.prolific.com/submissions/complete?cc=C1BTHULB,0.0,1.0,384,,0.0,,1,1,384,,0.0,,,,,,,,,,,,,,,1,1,384,,0.0,,,,,,,,,,1,1,384,,0.0,,,,,,,,,,,,,,,,,,1,1,384,,0.0,,,,,,,,,,,,,1,1,384,,0.0,0,0,0,0,0,0,0,0,0,,,,,1,1,,,,,,,,,,,,,,,,,,,,,,,,,,,,,,,,,,,,,,,,,,,,,,,,,,,,,,,,,,,,,,,,,,,,,,,,,,,,,,,,,,,,,,,,,,,,,,,,,,,,,,,,,,,,,,,,,,,,,,,,,,,,,,,,,,,,,,,,,,,,,,,,,,,,,,,,,,,,,,,,,,,,,,,,,,,,,,,,,,,,,,,,,,,,,,,,,,,,,,,,,,,,,,,,,,,,,,,,,,,,,,,,,,,,,,,,,,,,,,,,,,,,,,,,,,,,,,,,,,,,,,,,,,,,,,,,,,,,,,,,,,,,,,,,,,,,,,,,,,,,,,,,,,,,,,,,,,,
385,ks0im2qi,,0,0,18,,,,0,,,0.0,,,,,,,,,,,,,,czcerakw,,,,,0,Experiment_1_Persistence,https://app.prolific.com/submissions/complete?cc=C1BTHULB,0.0,1.0,385,,0.0,,1,1,385,,0.0,,,,,,,,,,,,,,,1,1,385,,0.0,,,,,,,,,,1,1,385,,0.0,,,,,,,,,,,,,,,,,,1,1,385,,0.0,,,,,,,,,,,,,1,1,385,,0.0,0,0,0,0,0,0,0,0,0,,,,,1,1,,,,,,,,,,,,,,,,,,,,,,,,,,,,,,,,,,,,,,,,,,,,,,,,,,,,,,,,,,,,,,,,,,,,,,,,,,,,,,,,,,,,,,,,,,,,,,,,,,,,,,,,,,,,,,,,,,,,,,,,,,,,,,,,,,,,,,,,,,,,,,,,,,,,,,,,,,,,,,,,,,,,,,,,,,,,,,,,,,,,,,,,,,,,,,,,,,,,,,,,,,,,,,,,,,,,,,,,,,,,,,,,,,,,,,,,,,,,,,,,,,,,,,,,,,,,,,,,,,,,,,,,,,,,,,,,,,,,,,,,,,,,,,,,,,,,,,,,,,,,,,,,,,,,,,,,,,,
386,586g0sm9,,0,0,18,,,,0,,,0.0,,,,,,,,,,,,,,czcerakw,,,,,0,Experiment_1_Persistence,https://app.prolific.com/submissions/complete?cc=C1BTHULB,0.0,1.0,386,,0.0,,1,1,386,,0.0,,,,,,,,,,,,,,,1,1,386,,0.0,,,,,,,,,,1,1,386,,0.0,,,,,,,,,,,,,,,,,,1,1,386,,0.0,,,,,,,,,,,,,1,1,386,,0.0,0,0,0,0,0,0,0,0,0,,,,,1,1,,,,,,,,,,,,,,,,,,,,,,,,,,,,,,,,,,,,,,,,,,,,,,,,,,,,,,,,,,,,,,,,,,,,,,,,,,,,,,,,,,,,,,,,,,,,,,,,,,,,,,,,,,,,,,,,,,,,,,,,,,,,,,,,,,,,,,,,,,,,,,,,,,,,,,,,,,,,,,,,,,,,,,,,,,,,,,,,,,,,,,,,,,,,,,,,,,,,,,,,,,,,,,,,,,,,,,,,,,,,,,,,,,,,,,,,,,,,,,,,,,,,,,,,,,,,,,,,,,,,,,,,,,,,,,,,,,,,,,,,,,,,,,,,,,,,,,,,,,,,,,,,,,,,,,,,,,,
387,yh41ganr,,0,0,18,,,,0,,,0.0,,,,,,,,,,,,,,czcerakw,,,,,0,Experiment_1_Persistence,https://app.prolific.com/submissions/complete?cc=C1BTHULB,0.0,1.0,387,,0.0,,1,1,387,,0.0,,,,,,,,,,,,,,,1,1,387,,0.0,,,,,,,,,,1,1,387,,0.0,,,,,,,,,,,,,,,,,,1,1,387,,0.0,,,,,,,,,,,,,1,1,387,,0.0,0,0,0,0,0,0,0,0,0,,,,,1,1,,,,,,,,,,,,,,,,,,,,,,,,,,,,,,,,,,,,,,,,,,,,,,,,,,,,,,,,,,,,,,,,,,,,,,,,,,,,,,,,,,,,,,,,,,,,,,,,,,,,,,,,,,,,,,,,,,,,,,,,,,,,,,,,,,,,,,,,,,,,,,,,,,,,,,,,,,,,,,,,,,,,,,,,,,,,,,,,,,,,,,,,,,,,,,,,,,,,,,,,,,,,,,,,,,,,,,,,,,,,,,,,,,,,,,,,,,,,,,,,,,,,,,,,,,,,,,,,,,,,,,,,,,,,,,,,,,,,,,,,,,,,,,,,,,,,,,,,,,,,,,,,,,,,,,,,,,,
388,4mv1oc9q,,0,0,18,,,,0,,,0.0,,,,,,,,,,,,,,czcerakw,,,,,0,Experiment_1_Persistence,https://app.prolific.com/submissions/complete?cc=C1BTHULB,0.0,1.0,388,,0.0,,1,1,388,,0.0,,,,,,,,,,,,,,,1,1,388,,0.0,,,,,,,,,,1,1,388,,0.0,,,,,,,,,,,,,,,,,,1,1,388,,0.0,,,,,,,,,,,,,1,1,388,,0.0,0,0,0,0,0,0,0,0,0,,,,,1,1,,,,,,,,,,,,,,,,,,,,,,,,,,,,,,,,,,,,,,,,,,,,,,,,,,,,,,,,,,,,,,,,,,,,,,,,,,,,,,,,,,,,,,,,,,,,,,,,,,,,,,,,,,,,,,,,,,,,,,,,,,,,,,,,,,,,,,,,,,,,,,,,,,,,,,,,,,,,,,,,,,,,,,,,,,,,,,,,,,,,,,,,,,,,,,,,,,,,,,,,,,,,,,,,,,,,,,,,,,,,,,,,,,,,,,,,,,,,,,,,,,,,,,,,,,,,,,,,,,,,,,,,,,,,,,,,,,,,,,,,,,,,,,,,,,,,,,,,,,,,,,,,,,,,,,,,,,,
389,t1aysl3q,,0,0,18,,,,0,,,0.0,,,,,,,,,,,,,,czcerakw,,,,,0,Experiment_1_Persistence,https://app.prolific.com/submissions/complete?cc=C1BTHULB,0.0,1.0,389,,0.0,,1,1,389,,0.0,,,,,,,,,,,,,,,1,1,389,,0.0,,,,,,,,,,1,1,389,,0.0,,,,,,,,,,,,,,,,,,1,1,389,,0.0,,,,,,,,,,,,,1,1,389,,0.0,0,0,0,0,0,0,0,0,0,,,,,1,1,,,,,,,,,,,,,,,,,,,,,,,,,,,,,,,,,,,,,,,,,,,,,,,,,,,,,,,,,,,,,,,,,,,,,,,,,,,,,,,,,,,,,,,,,,,,,,,,,,,,,,,,,,,,,,,,,,,,,,,,,,,,,,,,,,,,,,,,,,,,,,,,,,,,,,,,,,,,,,,,,,,,,,,,,,,,,,,,,,,,,,,,,,,,,,,,,,,,,,,,,,,,,,,,,,,,,,,,,,,,,,,,,,,,,,,,,,,,,,,,,,,,,,,,,,,,,,,,,,,,,,,,,,,,,,,,,,,,,,,,,,,,,,,,,,,,,,,,,,,,,,,,,,,,,,,,,,,
390,ve0hadxh,,0,0,18,,,,0,,,0.0,,,,,,,,,,,,,,czcerakw,,,,,0,Experiment_1_Persistence,https://app.prolific.com/submissions/complete?cc=C1BTHULB,0.0,1.0,390,,0.0,,1,1,390,,0.0,,,,,,,,,,,,,,,1,1,390,,0.0,,,,,,,,,,1,1,390,,0.0,,,,,,,,,,,,,,,,,,1,1,390,,0.0,,,,,,,,,,,,,1,1,390,,0.0,0,0,0,0,0,0,0,0,0,,,,,1,1,,,,,,,,,,,,,,,,,,,,,,,,,,,,,,,,,,,,,,,,,,,,,,,,,,,,,,,,,,,,,,,,,,,,,,,,,,,,,,,,,,,,,,,,,,,,,,,,,,,,,,,,,,,,,,,,,,,,,,,,,,,,,,,,,,,,,,,,,,,,,,,,,,,,,,,,,,,,,,,,,,,,,,,,,,,,,,,,,,,,,,,,,,,,,,,,,,,,,,,,,,,,,,,,,,,,,,,,,,,,,,,,,,,,,,,,,,,,,,,,,,,,,,,,,,,,,,,,,,,,,,,,,,,,,,,,,,,,,,,,,,,,,,,,,,,,,,,,,,,,,,,,,,,,,,,,,,,
391,l2ua1ddz,,0,0,18,,,,0,,,0.0,,,,,,,,,,,,,,czcerakw,,,,,0,Experiment_1_Persistence,https://app.prolific.com/submissions/complete?cc=C1BTHULB,0.0,1.0,391,,0.0,,1,1,391,,0.0,,,,,,,,,,,,,,,1,1,391,,0.0,,,,,,,,,,1,1,391,,0.0,,,,,,,,,,,,,,,,,,1,1,391,,0.0,,,,,,,,,,,,,1,1,391,,0.0,0,0,0,0,0,0,0,0,0,,,,,1,1,,,,,,,,,,,,,,,,,,,,,,,,,,,,,,,,,,,,,,,,,,,,,,,,,,,,,,,,,,,,,,,,,,,,,,,,,,,,,,,,,,,,,,,,,,,,,,,,,,,,,,,,,,,,,,,,,,,,,,,,,,,,,,,,,,,,,,,,,,,,,,,,,,,,,,,,,,,,,,,,,,,,,,,,,,,,,,,,,,,,,,,,,,,,,,,,,,,,,,,,,,,,,,,,,,,,,,,,,,,,,,,,,,,,,,,,,,,,,,,,,,,,,,,,,,,,,,,,,,,,,,,,,,,,,,,,,,,,,,,,,,,,,,,,,,,,,,,,,,,,,,,,,,,,,,,,,,,
392,j335cdpj,,0,0,18,,,,0,,,0.0,,,,,,,,,,,,,,czcerakw,,,,,0,Experiment_1_Persistence,https://app.prolific.com/submissions/complete?cc=C1BTHULB,0.0,1.0,392,,0.0,,1,1,392,,0.0,,,,,,,,,,,,,,,1,1,392,,0.0,,,,,,,,,,1,1,392,,0.0,,,,,,,,,,,,,,,,,,1,1,392,,0.0,,,,,,,,,,,,,1,1,392,,0.0,0,0,0,0,0,0,0,0,0,,,,,1,1,,,,,,,,,,,,,,,,,,,,,,,,,,,,,,,,,,,,,,,,,,,,,,,,,,,,,,,,,,,,,,,,,,,,,,,,,,,,,,,,,,,,,,,,,,,,,,,,,,,,,,,,,,,,,,,,,,,,,,,,,,,,,,,,,,,,,,,,,,,,,,,,,,,,,,,,,,,,,,,,,,,,,,,,,,,,,,,,,,,,,,,,,,,,,,,,,,,,,,,,,,,,,,,,,,,,,,,,,,,,,,,,,,,,,,,,,,,,,,,,,,,,,,,,,,,,,,,,,,,,,,,,,,,,,,,,,,,,,,,,,,,,,,,,,,,,,,,,,,,,,,,,,,,,,,,,,,,
393,zad3lmo3,,0,0,18,,,,0,,,0.0,,,,,,,,,,,,,,czcerakw,,,,,0,Experiment_1_Persistence,https://app.prolific.com/submissions/complete?cc=C1BTHULB,0.0,1.0,393,,0.0,,1,1,393,,0.0,,,,,,,,,,,,,,,1,1,393,,0.0,,,,,,,,,,1,1,393,,0.0,,,,,,,,,,,,,,,,,,1,1,393,,0.0,,,,,,,,,,,,,1,1,393,,0.0,0,0,0,0,0,0,0,0,0,,,,,1,1,,,,,,,,,,,,,,,,,,,,,,,,,,,,,,,,,,,,,,,,,,,,,,,,,,,,,,,,,,,,,,,,,,,,,,,,,,,,,,,,,,,,,,,,,,,,,,,,,,,,,,,,,,,,,,,,,,,,,,,,,,,,,,,,,,,,,,,,,,,,,,,,,,,,,,,,,,,,,,,,,,,,,,,,,,,,,,,,,,,,,,,,,,,,,,,,,,,,,,,,,,,,,,,,,,,,,,,,,,,,,,,,,,,,,,,,,,,,,,,,,,,,,,,,,,,,,,,,,,,,,,,,,,,,,,,,,,,,,,,,,,,,,,,,,,,,,,,,,,,,,,,,,,,,,,,,,,,
394,td4n94z2,,0,0,18,,,,0,,,0.0,,,,,,,,,,,,,,czcerakw,,,,,0,Experiment_1_Persistence,https://app.prolific.com/submissions/complete?cc=C1BTHULB,0.0,1.0,394,,0.0,,1,1,394,,0.0,,,,,,,,,,,,,,,1,1,394,,0.0,,,,,,,,,,1,1,394,,0.0,,,,,,,,,,,,,,,,,,1,1,394,,0.0,,,,,,,,,,,,,1,1,394,,0.0,0,0,0,0,0,0,0,0,0,,,,,1,1,,,,,,,,,,,,,,,,,,,,,,,,,,,,,,,,,,,,,,,,,,,,,,,,,,,,,,,,,,,,,,,,,,,,,,,,,,,,,,,,,,,,,,,,,,,,,,,,,,,,,,,,,,,,,,,,,,,,,,,,,,,,,,,,,,,,,,,,,,,,,,,,,,,,,,,,,,,,,,,,,,,,,,,,,,,,,,,,,,,,,,,,,,,,,,,,,,,,,,,,,,,,,,,,,,,,,,,,,,,,,,,,,,,,,,,,,,,,,,,,,,,,,,,,,,,,,,,,,,,,,,,,,,,,,,,,,,,,,,,,,,,,,,,,,,,,,,,,,,,,,,,,,,,,,,,,,,,
395,hsoy07mj,,0,0,18,,,,0,,,0.0,,,,,,,,,,,,,,czcerakw,,,,,0,Experiment_1_Persistence,https://app.prolific.com/submissions/complete?cc=C1BTHULB,0.0,1.0,395,,0.0,,1,1,395,,0.0,,,,,,,,,,,,,,,1,1,395,,0.0,,,,,,,,,,1,1,395,,0.0,,,,,,,,,,,,,,,,,,1,1,395,,0.0,,,,,,,,,,,,,1,1,395,,0.0,0,0,0,0,0,0,0,0,0,,,,,1,1,,,,,,,,,,,,,,,,,,,,,,,,,,,,,,,,,,,,,,,,,,,,,,,,,,,,,,,,,,,,,,,,,,,,,,,,,,,,,,,,,,,,,,,,,,,,,,,,,,,,,,,,,,,,,,,,,,,,,,,,,,,,,,,,,,,,,,,,,,,,,,,,,,,,,,,,,,,,,,,,,,,,,,,,,,,,,,,,,,,,,,,,,,,,,,,,,,,,,,,,,,,,,,,,,,,,,,,,,,,,,,,,,,,,,,,,,,,,,,,,,,,,,,,,,,,,,,,,,,,,,,,,,,,,,,,,,,,,,,,,,,,,,,,,,,,,,,,,,,,,,,,,,,,,,,,,,,,
396,y5ordz20,,0,0,18,,,,0,,,0.0,,,,,,,,,,,,,,czcerakw,,,,,0,Experiment_1_Persistence,https://app.prolific.com/submissions/complete?cc=C1BTHULB,0.0,1.0,396,,0.0,,1,1,396,,0.0,,,,,,,,,,,,,,,1,1,396,,0.0,,,,,,,,,,1,1,396,,0.0,,,,,,,,,,,,,,,,,,1,1,396,,0.0,,,,,,,,,,,,,1,1,396,,0.0,0,0,0,0,0,0,0,0,0,,,,,1,1,,,,,,,,,,,,,,,,,,,,,,,,,,,,,,,,,,,,,,,,,,,,,,,,,,,,,,,,,,,,,,,,,,,,,,,,,,,,,,,,,,,,,,,,,,,,,,,,,,,,,,,,,,,,,,,,,,,,,,,,,,,,,,,,,,,,,,,,,,,,,,,,,,,,,,,,,,,,,,,,,,,,,,,,,,,,,,,,,,,,,,,,,,,,,,,,,,,,,,,,,,,,,,,,,,,,,,,,,,,,,,,,,,,,,,,,,,,,,,,,,,,,,,,,,,,,,,,,,,,,,,,,,,,,,,,,,,,,,,,,,,,,,,,,,,,,,,,,,,,,,,,,,,,,,,,,,,,
397,40ev1deq,,0,0,18,,,,0,,,0.0,,,,,,,,,,,,,,czcerakw,,,,,0,Experiment_1_Persistence,https://app.prolific.com/submissions/complete?cc=C1BTHULB,0.0,1.0,397,,0.0,,1,1,397,,0.0,,,,,,,,,,,,,,,1,1,397,,0.0,,,,,,,,,,1,1,397,,0.0,,,,,,,,,,,,,,,,,,1,1,397,,0.0,,,,,,,,,,,,,1,1,397,,0.0,0,0,0,0,0,0,0,0,0,,,,,1,1,,,,,,,,,,,,,,,,,,,,,,,,,,,,,,,,,,,,,,,,,,,,,,,,,,,,,,,,,,,,,,,,,,,,,,,,,,,,,,,,,,,,,,,,,,,,,,,,,,,,,,,,,,,,,,,,,,,,,,,,,,,,,,,,,,,,,,,,,,,,,,,,,,,,,,,,,,,,,,,,,,,,,,,,,,,,,,,,,,,,,,,,,,,,,,,,,,,,,,,,,,,,,,,,,,,,,,,,,,,,,,,,,,,,,,,,,,,,,,,,,,,,,,,,,,,,,,,,,,,,,,,,,,,,,,,,,,,,,,,,,,,,,,,,,,,,,,,,,,,,,,,,,,,,,,,,,,,
398,gm5r3ksu,,0,0,18,,,,0,,,0.0,,,,,,,,,,,,,,czcerakw,,,,,0,Experiment_1_Persistence,https://app.prolific.com/submissions/complete?cc=C1BTHULB,0.0,1.0,398,,0.0,,1,1,398,,0.0,,,,,,,,,,,,,,,1,1,398,,0.0,,,,,,,,,,1,1,398,,0.0,,,,,,,,,,,,,,,,,,1,1,398,,0.0,,,,,,,,,,,,,1,1,398,,0.0,0,0,0,0,0,0,0,0,0,,,,,1,1,,,,,,,,,,,,,,,,,,,,,,,,,,,,,,,,,,,,,,,,,,,,,,,,,,,,,,,,,,,,,,,,,,,,,,,,,,,,,,,,,,,,,,,,,,,,,,,,,,,,,,,,,,,,,,,,,,,,,,,,,,,,,,,,,,,,,,,,,,,,,,,,,,,,,,,,,,,,,,,,,,,,,,,,,,,,,,,,,,,,,,,,,,,,,,,,,,,,,,,,,,,,,,,,,,,,,,,,,,,,,,,,,,,,,,,,,,,,,,,,,,,,,,,,,,,,,,,,,,,,,,,,,,,,,,,,,,,,,,,,,,,,,,,,,,,,,,,,,,,,,,,,,,,,,,,,,,,
399,ybym7ed6,,0,0,18,,,,0,,,0.0,,,,,,,,,,,,,,czcerakw,,,,,0,Experiment_1_Persistence,https://app.prolific.com/submissions/complete?cc=C1BTHULB,0.0,1.0,399,,0.0,,1,1,399,,0.0,,,,,,,,,,,,,,,1,1,399,,0.0,,,,,,,,,,1,1,399,,0.0,,,,,,,,,,,,,,,,,,1,1,399,,0.0,,,,,,,,,,,,,1,1,399,,0.0,0,0,0,0,0,0,0,0,0,,,,,1,1,,,,,,,,,,,,,,,,,,,,,,,,,,,,,,,,,,,,,,,,,,,,,,,,,,,,,,,,,,,,,,,,,,,,,,,,,,,,,,,,,,,,,,,,,,,,,,,,,,,,,,,,,,,,,,,,,,,,,,,,,,,,,,,,,,,,,,,,,,,,,,,,,,,,,,,,,,,,,,,,,,,,,,,,,,,,,,,,,,,,,,,,,,,,,,,,,,,,,,,,,,,,,,,,,,,,,,,,,,,,,,,,,,,,,,,,,,,,,,,,,,,,,,,,,,,,,,,,,,,,,,,,,,,,,,,,,,,,,,,,,,,,,,,,,,,,,,,,,,,,,,,,,,,,,,,,,,,
400,34vat2ik,,0,0,18,,,,0,,,0.0,,,,,,,,,,,,,,czcerakw,,,,,0,Experiment_1_Persistence,https://app.prolific.com/submissions/complete?cc=C1BTHULB,0.0,1.0,400,,0.0,,1,1,400,,0.0,,,,,,,,,,,,,,,1,1,400,,0.0,,,,,,,,,,1,1,400,,0.0,,,,,,,,,,,,,,,,,,1,1,400,,0.0,,,,,,,,,,,,,1,1,400,,0.0,0,0,0,0,0,0,0,0,0,,,,,1,1,,,,,,,,,,,,,,,,,,,,,,,,,,,,,,,,,,,,,,,,,,,,,,,,,,,,,,,,,,,,,,,,,,,,,,,,,,,,,,,,,,,,,,,,,,,,,,,,,,,,,,,,,,,,,,,,,,,,,,,,,,,,,,,,,,,,,,,,,,,,,,,,,,,,,,,,,,,,,,,,,,,,,,,,,,,,,,,,,,,,,,,,,,,,,,,,,,,,,,,,,,,,,,,,,,,,,,,,,,,,,,,,,,,,,,,,,,,,,,,,,,,,,,,,,,,,,,,,,,,,,,,,,,,,,,,,,,,,,,,,,,,,,,,,,,,,,,,,,,,,,,,,,,,,,,,,,,,
401,036u27z9,,0,0,18,,,,0,,,0.0,,,,,,,,,,,,,,czcerakw,,,,,0,Experiment_1_Persistence,https://app.prolific.com/submissions/complete?cc=C1BTHULB,0.0,1.0,401,,0.0,,1,1,401,,0.0,,,,,,,,,,,,,,,1,1,401,,0.0,,,,,,,,,,1,1,401,,0.0,,,,,,,,,,,,,,,,,,1,1,401,,0.0,,,,,,,,,,,,,1,1,401,,0.0,0,0,0,0,0,0,0,0,0,,,,,1,1,,,,,,,,,,,,,,,,,,,,,,,,,,,,,,,,,,,,,,,,,,,,,,,,,,,,,,,,,,,,,,,,,,,,,,,,,,,,,,,,,,,,,,,,,,,,,,,,,,,,,,,,,,,,,,,,,,,,,,,,,,,,,,,,,,,,,,,,,,,,,,,,,,,,,,,,,,,,,,,,,,,,,,,,,,,,,,,,,,,,,,,,,,,,,,,,,,,,,,,,,,,,,,,,,,,,,,,,,,,,,,,,,,,,,,,,,,,,,,,,,,,,,,,,,,,,,,,,,,,,,,,,,,,,,,,,,,,,,,,,,,,,,,,,,,,,,,,,,,,,,,,,,,,,,,,,,,,
402,j1lhhafk,,0,0,18,,,,0,,,0.0,,,,,,,,,,,,,,czcerakw,,,,,0,Experiment_1_Persistence,https://app.prolific.com/submissions/complete?cc=C1BTHULB,0.0,1.0,402,,0.0,,1,1,402,,0.0,,,,,,,,,,,,,,,1,1,402,,0.0,,,,,,,,,,1,1,402,,0.0,,,,,,,,,,,,,,,,,,1,1,402,,0.0,,,,,,,,,,,,,1,1,402,,0.0,0,0,0,0,0,0,0,0,0,,,,,1,1,,,,,,,,,,,,,,,,,,,,,,,,,,,,,,,,,,,,,,,,,,,,,,,,,,,,,,,,,,,,,,,,,,,,,,,,,,,,,,,,,,,,,,,,,,,,,,,,,,,,,,,,,,,,,,,,,,,,,,,,,,,,,,,,,,,,,,,,,,,,,,,,,,,,,,,,,,,,,,,,,,,,,,,,,,,,,,,,,,,,,,,,,,,,,,,,,,,,,,,,,,,,,,,,,,,,,,,,,,,,,,,,,,,,,,,,,,,,,,,,,,,,,,,,,,,,,,,,,,,,,,,,,,,,,,,,,,,,,,,,,,,,,,,,,,,,,,,,,,,,,,,,,,,,,,,,,,,
403,8ki8qrj9,,0,0,18,,,,0,,,0.0,,,,,,,,,,,,,,czcerakw,,,,,0,Experiment_1_Persistence,https://app.prolific.com/submissions/complete?cc=C1BTHULB,0.0,1.0,403,,0.0,,1,1,403,,0.0,,,,,,,,,,,,,,,1,1,403,,0.0,,,,,,,,,,1,1,403,,0.0,,,,,,,,,,,,,,,,,,1,1,403,,0.0,,,,,,,,,,,,,1,1,403,,0.0,0,0,0,0,0,0,0,0,0,,,,,1,1,,,,,,,,,,,,,,,,,,,,,,,,,,,,,,,,,,,,,,,,,,,,,,,,,,,,,,,,,,,,,,,,,,,,,,,,,,,,,,,,,,,,,,,,,,,,,,,,,,,,,,,,,,,,,,,,,,,,,,,,,,,,,,,,,,,,,,,,,,,,,,,,,,,,,,,,,,,,,,,,,,,,,,,,,,,,,,,,,,,,,,,,,,,,,,,,,,,,,,,,,,,,,,,,,,,,,,,,,,,,,,,,,,,,,,,,,,,,,,,,,,,,,,,,,,,,,,,,,,,,,,,,,,,,,,,,,,,,,,,,,,,,,,,,,,,,,,,,,,,,,,,,,,,,,,,,,,,
404,sq14t7t8,,0,0,18,,,,0,,,0.0,,,,,,,,,,,,,,czcerakw,,,,,0,Experiment_1_Persistence,https://app.prolific.com/submissions/complete?cc=C1BTHULB,0.0,1.0,404,,0.0,,1,1,404,,0.0,,,,,,,,,,,,,,,1,1,404,,0.0,,,,,,,,,,1,1,404,,0.0,,,,,,,,,,,,,,,,,,1,1,404,,0.0,,,,,,,,,,,,,1,1,404,,0.0,0,0,0,0,0,0,0,0,0,,,,,1,1,,,,,,,,,,,,,,,,,,,,,,,,,,,,,,,,,,,,,,,,,,,,,,,,,,,,,,,,,,,,,,,,,,,,,,,,,,,,,,,,,,,,,,,,,,,,,,,,,,,,,,,,,,,,,,,,,,,,,,,,,,,,,,,,,,,,,,,,,,,,,,,,,,,,,,,,,,,,,,,,,,,,,,,,,,,,,,,,,,,,,,,,,,,,,,,,,,,,,,,,,,,,,,,,,,,,,,,,,,,,,,,,,,,,,,,,,,,,,,,,,,,,,,,,,,,,,,,,,,,,,,,,,,,,,,,,,,,,,,,,,,,,,,,,,,,,,,,,,,,,,,,,,,,,,,,,,,,
405,ln5qnzrk,,0,0,18,,,,0,,,0.0,,,,,,,,,,,,,,czcerakw,,,,,0,Experiment_1_Persistence,https://app.prolific.com/submissions/complete?cc=C1BTHULB,0.0,1.0,405,,0.0,,1,1,405,,0.0,,,,,,,,,,,,,,,1,1,405,,0.0,,,,,,,,,,1,1,405,,0.0,,,,,,,,,,,,,,,,,,1,1,405,,0.0,,,,,,,,,,,,,1,1,405,,0.0,0,0,0,0,0,0,0,0,0,,,,,1,1,,,,,,,,,,,,,,,,,,,,,,,,,,,,,,,,,,,,,,,,,,,,,,,,,,,,,,,,,,,,,,,,,,,,,,,,,,,,,,,,,,,,,,,,,,,,,,,,,,,,,,,,,,,,,,,,,,,,,,,,,,,,,,,,,,,,,,,,,,,,,,,,,,,,,,,,,,,,,,,,,,,,,,,,,,,,,,,,,,,,,,,,,,,,,,,,,,,,,,,,,,,,,,,,,,,,,,,,,,,,,,,,,,,,,,,,,,,,,,,,,,,,,,,,,,,,,,,,,,,,,,,,,,,,,,,,,,,,,,,,,,,,,,,,,,,,,,,,,,,,,,,,,,,,,,,,,,,
406,nztt4sko,,0,0,18,,,,0,,,0.0,,,,,,,,,,,,,,czcerakw,,,,,0,Experiment_1_Persistence,https://app.prolific.com/submissions/complete?cc=C1BTHULB,0.0,1.0,406,,0.0,,1,1,406,,0.0,,,,,,,,,,,,,,,1,1,406,,0.0,,,,,,,,,,1,1,406,,0.0,,,,,,,,,,,,,,,,,,1,1,406,,0.0,,,,,,,,,,,,,1,1,406,,0.0,0,0,0,0,0,0,0,0,0,,,,,1,1,,,,,,,,,,,,,,,,,,,,,,,,,,,,,,,,,,,,,,,,,,,,,,,,,,,,,,,,,,,,,,,,,,,,,,,,,,,,,,,,,,,,,,,,,,,,,,,,,,,,,,,,,,,,,,,,,,,,,,,,,,,,,,,,,,,,,,,,,,,,,,,,,,,,,,,,,,,,,,,,,,,,,,,,,,,,,,,,,,,,,,,,,,,,,,,,,,,,,,,,,,,,,,,,,,,,,,,,,,,,,,,,,,,,,,,,,,,,,,,,,,,,,,,,,,,,,,,,,,,,,,,,,,,,,,,,,,,,,,,,,,,,,,,,,,,,,,,,,,,,,,,,,,,,,,,,,,,
407,pel01qqn,,0,0,18,,,,0,,,0.0,,,,,,,,,,,,,,czcerakw,,,,,0,Experiment_1_Persistence,https://app.prolific.com/submissions/complete?cc=C1BTHULB,0.0,1.0,407,,0.0,,1,1,407,,0.0,,,,,,,,,,,,,,,1,1,407,,0.0,,,,,,,,,,1,1,407,,0.0,,,,,,,,,,,,,,,,,,1,1,407,,0.0,,,,,,,,,,,,,1,1,407,,0.0,0,0,0,0,0,0,0,0,0,,,,,1,1,,,,,,,,,,,,,,,,,,,,,,,,,,,,,,,,,,,,,,,,,,,,,,,,,,,,,,,,,,,,,,,,,,,,,,,,,,,,,,,,,,,,,,,,,,,,,,,,,,,,,,,,,,,,,,,,,,,,,,,,,,,,,,,,,,,,,,,,,,,,,,,,,,,,,,,,,,,,,,,,,,,,,,,,,,,,,,,,,,,,,,,,,,,,,,,,,,,,,,,,,,,,,,,,,,,,,,,,,,,,,,,,,,,,,,,,,,,,,,,,,,,,,,,,,,,,,,,,,,,,,,,,,,,,,,,,,,,,,,,,,,,,,,,,,,,,,,,,,,,,,,,,,,,,,,,,,,,
408,ppv2dkh5,,0,0,18,,,,0,,,0.0,,,,,,,,,,,,,,czcerakw,,,,,0,Experiment_1_Persistence,https://app.prolific.com/submissions/complete?cc=C1BTHULB,0.0,1.0,408,,0.0,,1,1,408,,0.0,,,,,,,,,,,,,,,1,1,408,,0.0,,,,,,,,,,1,1,408,,0.0,,,,,,,,,,,,,,,,,,1,1,408,,0.0,,,,,,,,,,,,,1,1,408,,0.0,0,0,0,0,0,0,0,0,0,,,,,1,1,,,,,,,,,,,,,,,,,,,,,,,,,,,,,,,,,,,,,,,,,,,,,,,,,,,,,,,,,,,,,,,,,,,,,,,,,,,,,,,,,,,,,,,,,,,,,,,,,,,,,,,,,,,,,,,,,,,,,,,,,,,,,,,,,,,,,,,,,,,,,,,,,,,,,,,,,,,,,,,,,,,,,,,,,,,,,,,,,,,,,,,,,,,,,,,,,,,,,,,,,,,,,,,,,,,,,,,,,,,,,,,,,,,,,,,,,,,,,,,,,,,,,,,,,,,,,,,,,,,,,,,,,,,,,,,,,,,,,,,,,,,,,,,,,,,,,,,,,,,,,,,,,,,,,,,,,,,
409,b8a41l6h,,0,0,18,,,,0,,,0.0,,,,,,,,,,,,,,czcerakw,,,,,0,Experiment_1_Persistence,https://app.prolific.com/submissions/complete?cc=C1BTHULB,0.0,1.0,409,,0.0,,1,1,409,,0.0,,,,,,,,,,,,,,,1,1,409,,0.0,,,,,,,,,,1,1,409,,0.0,,,,,,,,,,,,,,,,,,1,1,409,,0.0,,,,,,,,,,,,,1,1,409,,0.0,0,0,0,0,0,0,0,0,0,,,,,1,1,,,,,,,,,,,,,,,,,,,,,,,,,,,,,,,,,,,,,,,,,,,,,,,,,,,,,,,,,,,,,,,,,,,,,,,,,,,,,,,,,,,,,,,,,,,,,,,,,,,,,,,,,,,,,,,,,,,,,,,,,,,,,,,,,,,,,,,,,,,,,,,,,,,,,,,,,,,,,,,,,,,,,,,,,,,,,,,,,,,,,,,,,,,,,,,,,,,,,,,,,,,,,,,,,,,,,,,,,,,,,,,,,,,,,,,,,,,,,,,,,,,,,,,,,,,,,,,,,,,,,,,,,,,,,,,,,,,,,,,,,,,,,,,,,,,,,,,,,,,,,,,,,,,,,,,,,,,
410,gwqcimgu,,0,0,18,,,,0,,,0.0,,,,,,,,,,,,,,czcerakw,,,,,0,Experiment_1_Persistence,https://app.prolific.com/submissions/complete?cc=C1BTHULB,0.0,1.0,410,,0.0,,1,1,410,,0.0,,,,,,,,,,,,,,,1,1,410,,0.0,,,,,,,,,,1,1,410,,0.0,,,,,,,,,,,,,,,,,,1,1,410,,0.0,,,,,,,,,,,,,1,1,410,,0.0,0,0,0,0,0,0,0,0,0,,,,,1,1,,,,,,,,,,,,,,,,,,,,,,,,,,,,,,,,,,,,,,,,,,,,,,,,,,,,,,,,,,,,,,,,,,,,,,,,,,,,,,,,,,,,,,,,,,,,,,,,,,,,,,,,,,,,,,,,,,,,,,,,,,,,,,,,,,,,,,,,,,,,,,,,,,,,,,,,,,,,,,,,,,,,,,,,,,,,,,,,,,,,,,,,,,,,,,,,,,,,,,,,,,,,,,,,,,,,,,,,,,,,,,,,,,,,,,,,,,,,,,,,,,,,,,,,,,,,,,,,,,,,,,,,,,,,,,,,,,,,,,,,,,,,,,,,,,,,,,,,,,,,,,,,,,,,,,,,,,,
411,sge6dyla,,0,0,18,,,,0,,,0.0,,,,,,,,,,,,,,czcerakw,,,,,0,Experiment_1_Persistence,https://app.prolific.com/submissions/complete?cc=C1BTHULB,0.0,1.0,411,,0.0,,1,1,411,,0.0,,,,,,,,,,,,,,,1,1,411,,0.0,,,,,,,,,,1,1,411,,0.0,,,,,,,,,,,,,,,,,,1,1,411,,0.0,,,,,,,,,,,,,1,1,411,,0.0,0,0,0,0,0,0,0,0,0,,,,,1,1,,,,,,,,,,,,,,,,,,,,,,,,,,,,,,,,,,,,,,,,,,,,,,,,,,,,,,,,,,,,,,,,,,,,,,,,,,,,,,,,,,,,,,,,,,,,,,,,,,,,,,,,,,,,,,,,,,,,,,,,,,,,,,,,,,,,,,,,,,,,,,,,,,,,,,,,,,,,,,,,,,,,,,,,,,,,,,,,,,,,,,,,,,,,,,,,,,,,,,,,,,,,,,,,,,,,,,,,,,,,,,,,,,,,,,,,,,,,,,,,,,,,,,,,,,,,,,,,,,,,,,,,,,,,,,,,,,,,,,,,,,,,,,,,,,,,,,,,,,,,,,,,,,,,,,,,,,,
412,pg3j9xfm,,0,0,18,,,,0,,,0.0,,,,,,,,,,,,,,czcerakw,,,,,0,Experiment_1_Persistence,https://app.prolific.com/submissions/complete?cc=C1BTHULB,0.0,1.0,412,,0.0,,1,1,412,,0.0,,,,,,,,,,,,,,,1,1,412,,0.0,,,,,,,,,,1,1,412,,0.0,,,,,,,,,,,,,,,,,,1,1,412,,0.0,,,,,,,,,,,,,1,1,412,,0.0,0,0,0,0,0,0,0,0,0,,,,,1,1,,,,,,,,,,,,,,,,,,,,,,,,,,,,,,,,,,,,,,,,,,,,,,,,,,,,,,,,,,,,,,,,,,,,,,,,,,,,,,,,,,,,,,,,,,,,,,,,,,,,,,,,,,,,,,,,,,,,,,,,,,,,,,,,,,,,,,,,,,,,,,,,,,,,,,,,,,,,,,,,,,,,,,,,,,,,,,,,,,,,,,,,,,,,,,,,,,,,,,,,,,,,,,,,,,,,,,,,,,,,,,,,,,,,,,,,,,,,,,,,,,,,,,,,,,,,,,,,,,,,,,,,,,,,,,,,,,,,,,,,,,,,,,,,,,,,,,,,,,,,,,,,,,,,,,,,,,,
413,ehpiqhyw,,0,0,18,,,,0,,,0.0,,,,,,,,,,,,,,czcerakw,,,,,0,Experiment_1_Persistence,https://app.prolific.com/submissions/complete?cc=C1BTHULB,0.0,1.0,413,,0.0,,1,1,413,,0.0,,,,,,,,,,,,,,,1,1,413,,0.0,,,,,,,,,,1,1,413,,0.0,,,,,,,,,,,,,,,,,,1,1,413,,0.0,,,,,,,,,,,,,1,1,413,,0.0,0,0,0,0,0,0,0,0,0,,,,,1,1,,,,,,,,,,,,,,,,,,,,,,,,,,,,,,,,,,,,,,,,,,,,,,,,,,,,,,,,,,,,,,,,,,,,,,,,,,,,,,,,,,,,,,,,,,,,,,,,,,,,,,,,,,,,,,,,,,,,,,,,,,,,,,,,,,,,,,,,,,,,,,,,,,,,,,,,,,,,,,,,,,,,,,,,,,,,,,,,,,,,,,,,,,,,,,,,,,,,,,,,,,,,,,,,,,,,,,,,,,,,,,,,,,,,,,,,,,,,,,,,,,,,,,,,,,,,,,,,,,,,,,,,,,,,,,,,,,,,,,,,,,,,,,,,,,,,,,,,,,,,,,,,,,,,,,,,,,,
414,f2ekh7if,,0,0,18,,,,0,,,0.0,,,,,,,,,,,,,,czcerakw,,,,,0,Experiment_1_Persistence,https://app.prolific.com/submissions/complete?cc=C1BTHULB,0.0,1.0,414,,0.0,,1,1,414,,0.0,,,,,,,,,,,,,,,1,1,414,,0.0,,,,,,,,,,1,1,414,,0.0,,,,,,,,,,,,,,,,,,1,1,414,,0.0,,,,,,,,,,,,,1,1,414,,0.0,0,0,0,0,0,0,0,0,0,,,,,1,1,,,,,,,,,,,,,,,,,,,,,,,,,,,,,,,,,,,,,,,,,,,,,,,,,,,,,,,,,,,,,,,,,,,,,,,,,,,,,,,,,,,,,,,,,,,,,,,,,,,,,,,,,,,,,,,,,,,,,,,,,,,,,,,,,,,,,,,,,,,,,,,,,,,,,,,,,,,,,,,,,,,,,,,,,,,,,,,,,,,,,,,,,,,,,,,,,,,,,,,,,,,,,,,,,,,,,,,,,,,,,,,,,,,,,,,,,,,,,,,,,,,,,,,,,,,,,,,,,,,,,,,,,,,,,,,,,,,,,,,,,,,,,,,,,,,,,,,,,,,,,,,,,,,,,,,,,,,
415,6rr19jie,,0,0,18,,,,0,,,0.0,,,,,,,,,,,,,,czcerakw,,,,,0,Experiment_1_Persistence,https://app.prolific.com/submissions/complete?cc=C1BTHULB,0.0,1.0,415,,0.0,,1,1,415,,0.0,,,,,,,,,,,,,,,1,1,415,,0.0,,,,,,,,,,1,1,415,,0.0,,,,,,,,,,,,,,,,,,1,1,415,,0.0,,,,,,,,,,,,,1,1,415,,0.0,0,0,0,0,0,0,0,0,0,,,,,1,1,,,,,,,,,,,,,,,,,,,,,,,,,,,,,,,,,,,,,,,,,,,,,,,,,,,,,,,,,,,,,,,,,,,,,,,,,,,,,,,,,,,,,,,,,,,,,,,,,,,,,,,,,,,,,,,,,,,,,,,,,,,,,,,,,,,,,,,,,,,,,,,,,,,,,,,,,,,,,,,,,,,,,,,,,,,,,,,,,,,,,,,,,,,,,,,,,,,,,,,,,,,,,,,,,,,,,,,,,,,,,,,,,,,,,,,,,,,,,,,,,,,,,,,,,,,,,,,,,,,,,,,,,,,,,,,,,,,,,,,,,,,,,,,,,,,,,,,,,,,,,,,,,,,,,,,,,,,
416,qczcjq6h,,0,0,18,,,,0,,,0.0,,,,,,,,,,,,,,czcerakw,,,,,0,Experiment_1_Persistence,https://app.prolific.com/submissions/complete?cc=C1BTHULB,0.0,1.0,416,,0.0,,1,1,416,,0.0,,,,,,,,,,,,,,,1,1,416,,0.0,,,,,,,,,,1,1,416,,0.0,,,,,,,,,,,,,,,,,,1,1,416,,0.0,,,,,,,,,,,,,1,1,416,,0.0,0,0,0,0,0,0,0,0,0,,,,,1,1,,,,,,,,,,,,,,,,,,,,,,,,,,,,,,,,,,,,,,,,,,,,,,,,,,,,,,,,,,,,,,,,,,,,,,,,,,,,,,,,,,,,,,,,,,,,,,,,,,,,,,,,,,,,,,,,,,,,,,,,,,,,,,,,,,,,,,,,,,,,,,,,,,,,,,,,,,,,,,,,,,,,,,,,,,,,,,,,,,,,,,,,,,,,,,,,,,,,,,,,,,,,,,,,,,,,,,,,,,,,,,,,,,,,,,,,,,,,,,,,,,,,,,,,,,,,,,,,,,,,,,,,,,,,,,,,,,,,,,,,,,,,,,,,,,,,,,,,,,,,,,,,,,,,,,,,,,,
417,9jixjwzf,,0,0,18,,,,0,,,0.0,,,,,,,,,,,,,,czcerakw,,,,,0,Experiment_1_Persistence,https://app.prolific.com/submissions/complete?cc=C1BTHULB,0.0,1.0,417,,0.0,,1,1,417,,0.0,,,,,,,,,,,,,,,1,1,417,,0.0,,,,,,,,,,1,1,417,,0.0,,,,,,,,,,,,,,,,,,1,1,417,,0.0,,,,,,,,,,,,,1,1,417,,0.0,0,0,0,0,0,0,0,0,0,,,,,1,1,,,,,,,,,,,,,,,,,,,,,,,,,,,,,,,,,,,,,,,,,,,,,,,,,,,,,,,,,,,,,,,,,,,,,,,,,,,,,,,,,,,,,,,,,,,,,,,,,,,,,,,,,,,,,,,,,,,,,,,,,,,,,,,,,,,,,,,,,,,,,,,,,,,,,,,,,,,,,,,,,,,,,,,,,,,,,,,,,,,,,,,,,,,,,,,,,,,,,,,,,,,,,,,,,,,,,,,,,,,,,,,,,,,,,,,,,,,,,,,,,,,,,,,,,,,,,,,,,,,,,,,,,,,,,,,,,,,,,,,,,,,,,,,,,,,,,,,,,,,,,,,,,,,,,,,,,,,
418,qw88wcxa,,0,0,18,,,,0,,,0.0,,,,,,,,,,,,,,czcerakw,,,,,0,Experiment_1_Persistence,https://app.prolific.com/submissions/complete?cc=C1BTHULB,0.0,1.0,418,,0.0,,1,1,418,,0.0,,,,,,,,,,,,,,,1,1,418,,0.0,,,,,,,,,,1,1,418,,0.0,,,,,,,,,,,,,,,,,,1,1,418,,0.0,,,,,,,,,,,,,1,1,418,,0.0,0,0,0,0,0,0,0,0,0,,,,,1,1,,,,,,,,,,,,,,,,,,,,,,,,,,,,,,,,,,,,,,,,,,,,,,,,,,,,,,,,,,,,,,,,,,,,,,,,,,,,,,,,,,,,,,,,,,,,,,,,,,,,,,,,,,,,,,,,,,,,,,,,,,,,,,,,,,,,,,,,,,,,,,,,,,,,,,,,,,,,,,,,,,,,,,,,,,,,,,,,,,,,,,,,,,,,,,,,,,,,,,,,,,,,,,,,,,,,,,,,,,,,,,,,,,,,,,,,,,,,,,,,,,,,,,,,,,,,,,,,,,,,,,,,,,,,,,,,,,,,,,,,,,,,,,,,,,,,,,,,,,,,,,,,,,,,,,,,,,,
419,n1g3lxgx,,0,0,18,,,,0,,,0.0,,,,,,,,,,,,,,czcerakw,,,,,0,Experiment_1_Persistence,https://app.prolific.com/submissions/complete?cc=C1BTHULB,0.0,1.0,419,,0.0,,1,1,419,,0.0,,,,,,,,,,,,,,,1,1,419,,0.0,,,,,,,,,,1,1,419,,0.0,,,,,,,,,,,,,,,,,,1,1,419,,0.0,,,,,,,,,,,,,1,1,419,,0.0,0,0,0,0,0,0,0,0,0,,,,,1,1,,,,,,,,,,,,,,,,,,,,,,,,,,,,,,,,,,,,,,,,,,,,,,,,,,,,,,,,,,,,,,,,,,,,,,,,,,,,,,,,,,,,,,,,,,,,,,,,,,,,,,,,,,,,,,,,,,,,,,,,,,,,,,,,,,,,,,,,,,,,,,,,,,,,,,,,,,,,,,,,,,,,,,,,,,,,,,,,,,,,,,,,,,,,,,,,,,,,,,,,,,,,,,,,,,,,,,,,,,,,,,,,,,,,,,,,,,,,,,,,,,,,,,,,,,,,,,,,,,,,,,,,,,,,,,,,,,,,,,,,,,,,,,,,,,,,,,,,,,,,,,,,,,,,,,,,,,,
420,2qjqt7ri,,0,0,18,,,,0,,,0.0,,,,,,,,,,,,,,czcerakw,,,,,0,Experiment_1_Persistence,https://app.prolific.com/submissions/complete?cc=C1BTHULB,0.0,1.0,420,,0.0,,1,1,420,,0.0,,,,,,,,,,,,,,,1,1,420,,0.0,,,,,,,,,,1,1,420,,0.0,,,,,,,,,,,,,,,,,,1,1,420,,0.0,,,,,,,,,,,,,1,1,420,,0.0,0,0,0,0,0,0,0,0,0,,,,,1,1,,,,,,,,,,,,,,,,,,,,,,,,,,,,,,,,,,,,,,,,,,,,,,,,,,,,,,,,,,,,,,,,,,,,,,,,,,,,,,,,,,,,,,,,,,,,,,,,,,,,,,,,,,,,,,,,,,,,,,,,,,,,,,,,,,,,,,,,,,,,,,,,,,,,,,,,,,,,,,,,,,,,,,,,,,,,,,,,,,,,,,,,,,,,,,,,,,,,,,,,,,,,,,,,,,,,,,,,,,,,,,,,,,,,,,,,,,,,,,,,,,,,,,,,,,,,,,,,,,,,,,,,,,,,,,,,,,,,,,,,,,,,,,,,,,,,,,,,,,,,,,,,,,,,,,,,,,,
421,548bj8wq,,0,0,18,,,,0,,,0.0,,,,,,,,,,,,,,czcerakw,,,,,0,Experiment_1_Persistence,https://app.prolific.com/submissions/complete?cc=C1BTHULB,0.0,1.0,421,,0.0,,1,1,421,,0.0,,,,,,,,,,,,,,,1,1,421,,0.0,,,,,,,,,,1,1,421,,0.0,,,,,,,,,,,,,,,,,,1,1,421,,0.0,,,,,,,,,,,,,1,1,421,,0.0,0,0,0,0,0,0,0,0,0,,,,,1,1,,,,,,,,,,,,,,,,,,,,,,,,,,,,,,,,,,,,,,,,,,,,,,,,,,,,,,,,,,,,,,,,,,,,,,,,,,,,,,,,,,,,,,,,,,,,,,,,,,,,,,,,,,,,,,,,,,,,,,,,,,,,,,,,,,,,,,,,,,,,,,,,,,,,,,,,,,,,,,,,,,,,,,,,,,,,,,,,,,,,,,,,,,,,,,,,,,,,,,,,,,,,,,,,,,,,,,,,,,,,,,,,,,,,,,,,,,,,,,,,,,,,,,,,,,,,,,,,,,,,,,,,,,,,,,,,,,,,,,,,,,,,,,,,,,,,,,,,,,,,,,,,,,,,,,,,,,,
422,fr5t593e,,0,0,18,,,,0,,,0.0,,,,,,,,,,,,,,czcerakw,,,,,0,Experiment_1_Persistence,https://app.prolific.com/submissions/complete?cc=C1BTHULB,0.0,1.0,422,,0.0,,1,1,422,,0.0,,,,,,,,,,,,,,,1,1,422,,0.0,,,,,,,,,,1,1,422,,0.0,,,,,,,,,,,,,,,,,,1,1,422,,0.0,,,,,,,,,,,,,1,1,422,,0.0,0,0,0,0,0,0,0,0,0,,,,,1,1,,,,,,,,,,,,,,,,,,,,,,,,,,,,,,,,,,,,,,,,,,,,,,,,,,,,,,,,,,,,,,,,,,,,,,,,,,,,,,,,,,,,,,,,,,,,,,,,,,,,,,,,,,,,,,,,,,,,,,,,,,,,,,,,,,,,,,,,,,,,,,,,,,,,,,,,,,,,,,,,,,,,,,,,,,,,,,,,,,,,,,,,,,,,,,,,,,,,,,,,,,,,,,,,,,,,,,,,,,,,,,,,,,,,,,,,,,,,,,,,,,,,,,,,,,,,,,,,,,,,,,,,,,,,,,,,,,,,,,,,,,,,,,,,,,,,,,,,,,,,,,,,,,,,,,,,,,,
423,hs52savs,,0,0,18,,,,0,,,0.0,,,,,,,,,,,,,,czcerakw,,,,,0,Experiment_1_Persistence,https://app.prolific.com/submissions/complete?cc=C1BTHULB,0.0,1.0,423,,0.0,,1,1,423,,0.0,,,,,,,,,,,,,,,1,1,423,,0.0,,,,,,,,,,1,1,423,,0.0,,,,,,,,,,,,,,,,,,1,1,423,,0.0,,,,,,,,,,,,,1,1,423,,0.0,0,0,0,0,0,0,0,0,0,,,,,1,1,,,,,,,,,,,,,,,,,,,,,,,,,,,,,,,,,,,,,,,,,,,,,,,,,,,,,,,,,,,,,,,,,,,,,,,,,,,,,,,,,,,,,,,,,,,,,,,,,,,,,,,,,,,,,,,,,,,,,,,,,,,,,,,,,,,,,,,,,,,,,,,,,,,,,,,,,,,,,,,,,,,,,,,,,,,,,,,,,,,,,,,,,,,,,,,,,,,,,,,,,,,,,,,,,,,,,,,,,,,,,,,,,,,,,,,,,,,,,,,,,,,,,,,,,,,,,,,,,,,,,,,,,,,,,,,,,,,,,,,,,,,,,,,,,,,,,,,,,,,,,,,,,,,,,,,,,,,
424,jpmbpcah,,0,0,18,,,,0,,,0.0,,,,,,,,,,,,,,czcerakw,,,,,0,Experiment_1_Persistence,https://app.prolific.com/submissions/complete?cc=C1BTHULB,0.0,1.0,424,,0.0,,1,1,424,,0.0,,,,,,,,,,,,,,,1,1,424,,0.0,,,,,,,,,,1,1,424,,0.0,,,,,,,,,,,,,,,,,,1,1,424,,0.0,,,,,,,,,,,,,1,1,424,,0.0,0,0,0,0,0,0,0,0,0,,,,,1,1,,,,,,,,,,,,,,,,,,,,,,,,,,,,,,,,,,,,,,,,,,,,,,,,,,,,,,,,,,,,,,,,,,,,,,,,,,,,,,,,,,,,,,,,,,,,,,,,,,,,,,,,,,,,,,,,,,,,,,,,,,,,,,,,,,,,,,,,,,,,,,,,,,,,,,,,,,,,,,,,,,,,,,,,,,,,,,,,,,,,,,,,,,,,,,,,,,,,,,,,,,,,,,,,,,,,,,,,,,,,,,,,,,,,,,,,,,,,,,,,,,,,,,,,,,,,,,,,,,,,,,,,,,,,,,,,,,,,,,,,,,,,,,,,,,,,,,,,,,,,,,,,,,,,,,,,,,,
425,n1uyo7yb,,0,0,18,,,,0,,,0.0,,,,,,,,,,,,,,czcerakw,,,,,0,Experiment_1_Persistence,https://app.prolific.com/submissions/complete?cc=C1BTHULB,0.0,1.0,425,,0.0,,1,1,425,,0.0,,,,,,,,,,,,,,,1,1,425,,0.0,,,,,,,,,,1,1,425,,0.0,,,,,,,,,,,,,,,,,,1,1,425,,0.0,,,,,,,,,,,,,1,1,425,,0.0,0,0,0,0,0,0,0,0,0,,,,,1,1,,,,,,,,,,,,,,,,,,,,,,,,,,,,,,,,,,,,,,,,,,,,,,,,,,,,,,,,,,,,,,,,,,,,,,,,,,,,,,,,,,,,,,,,,,,,,,,,,,,,,,,,,,,,,,,,,,,,,,,,,,,,,,,,,,,,,,,,,,,,,,,,,,,,,,,,,,,,,,,,,,,,,,,,,,,,,,,,,,,,,,,,,,,,,,,,,,,,,,,,,,,,,,,,,,,,,,,,,,,,,,,,,,,,,,,,,,,,,,,,,,,,,,,,,,,,,,,,,,,,,,,,,,,,,,,,,,,,,,,,,,,,,,,,,,,,,,,,,,,,,,,,,,,,,,,,,,,
426,ufqngxqq,,0,0,18,,,,0,,,0.0,,,,,,,,,,,,,,czcerakw,,,,,0,Experiment_1_Persistence,https://app.prolific.com/submissions/complete?cc=C1BTHULB,0.0,1.0,426,,0.0,,1,1,426,,0.0,,,,,,,,,,,,,,,1,1,426,,0.0,,,,,,,,,,1,1,426,,0.0,,,,,,,,,,,,,,,,,,1,1,426,,0.0,,,,,,,,,,,,,1,1,426,,0.0,0,0,0,0,0,0,0,0,0,,,,,1,1,,,,,,,,,,,,,,,,,,,,,,,,,,,,,,,,,,,,,,,,,,,,,,,,,,,,,,,,,,,,,,,,,,,,,,,,,,,,,,,,,,,,,,,,,,,,,,,,,,,,,,,,,,,,,,,,,,,,,,,,,,,,,,,,,,,,,,,,,,,,,,,,,,,,,,,,,,,,,,,,,,,,,,,,,,,,,,,,,,,,,,,,,,,,,,,,,,,,,,,,,,,,,,,,,,,,,,,,,,,,,,,,,,,,,,,,,,,,,,,,,,,,,,,,,,,,,,,,,,,,,,,,,,,,,,,,,,,,,,,,,,,,,,,,,,,,,,,,,,,,,,,,,,,,,,,,,,,
427,48x3uizn,,0,0,18,,,,0,,,0.0,,,,,,,,,,,,,,czcerakw,,,,,0,Experiment_1_Persistence,https://app.prolific.com/submissions/complete?cc=C1BTHULB,0.0,1.0,427,,0.0,,1,1,427,,0.0,,,,,,,,,,,,,,,1,1,427,,0.0,,,,,,,,,,1,1,427,,0.0,,,,,,,,,,,,,,,,,,1,1,427,,0.0,,,,,,,,,,,,,1,1,427,,0.0,0,0,0,0,0,0,0,0,0,,,,,1,1,,,,,,,,,,,,,,,,,,,,,,,,,,,,,,,,,,,,,,,,,,,,,,,,,,,,,,,,,,,,,,,,,,,,,,,,,,,,,,,,,,,,,,,,,,,,,,,,,,,,,,,,,,,,,,,,,,,,,,,,,,,,,,,,,,,,,,,,,,,,,,,,,,,,,,,,,,,,,,,,,,,,,,,,,,,,,,,,,,,,,,,,,,,,,,,,,,,,,,,,,,,,,,,,,,,,,,,,,,,,,,,,,,,,,,,,,,,,,,,,,,,,,,,,,,,,,,,,,,,,,,,,,,,,,,,,,,,,,,,,,,,,,,,,,,,,,,,,,,,,,,,,,,,,,,,,,,,
428,3rykfpnv,,0,0,18,,,,0,,,0.0,,,,,,,,,,,,,,czcerakw,,,,,0,Experiment_1_Persistence,https://app.prolific.com/submissions/complete?cc=C1BTHULB,0.0,1.0,428,,0.0,,1,1,428,,0.0,,,,,,,,,,,,,,,1,1,428,,0.0,,,,,,,,,,1,1,428,,0.0,,,,,,,,,,,,,,,,,,1,1,428,,0.0,,,,,,,,,,,,,1,1,428,,0.0,0,0,0,0,0,0,0,0,0,,,,,1,1,,,,,,,,,,,,,,,,,,,,,,,,,,,,,,,,,,,,,,,,,,,,,,,,,,,,,,,,,,,,,,,,,,,,,,,,,,,,,,,,,,,,,,,,,,,,,,,,,,,,,,,,,,,,,,,,,,,,,,,,,,,,,,,,,,,,,,,,,,,,,,,,,,,,,,,,,,,,,,,,,,,,,,,,,,,,,,,,,,,,,,,,,,,,,,,,,,,,,,,,,,,,,,,,,,,,,,,,,,,,,,,,,,,,,,,,,,,,,,,,,,,,,,,,,,,,,,,,,,,,,,,,,,,,,,,,,,,,,,,,,,,,,,,,,,,,,,,,,,,,,,,,,,,,,,,,,,,
429,i36oy7ob,,0,0,18,,,,0,,,0.0,,,,,,,,,,,,,,czcerakw,,,,,0,Experiment_1_Persistence,https://app.prolific.com/submissions/complete?cc=C1BTHULB,0.0,1.0,429,,0.0,,1,1,429,,0.0,,,,,,,,,,,,,,,1,1,429,,0.0,,,,,,,,,,1,1,429,,0.0,,,,,,,,,,,,,,,,,,1,1,429,,0.0,,,,,,,,,,,,,1,1,429,,0.0,0,0,0,0,0,0,0,0,0,,,,,1,1,,,,,,,,,,,,,,,,,,,,,,,,,,,,,,,,,,,,,,,,,,,,,,,,,,,,,,,,,,,,,,,,,,,,,,,,,,,,,,,,,,,,,,,,,,,,,,,,,,,,,,,,,,,,,,,,,,,,,,,,,,,,,,,,,,,,,,,,,,,,,,,,,,,,,,,,,,,,,,,,,,,,,,,,,,,,,,,,,,,,,,,,,,,,,,,,,,,,,,,,,,,,,,,,,,,,,,,,,,,,,,,,,,,,,,,,,,,,,,,,,,,,,,,,,,,,,,,,,,,,,,,,,,,,,,,,,,,,,,,,,,,,,,,,,,,,,,,,,,,,,,,,,,,,,,,,,,,
430,z35a6pde,,0,0,18,,,,0,,,0.0,,,,,,,,,,,,,,czcerakw,,,,,0,Experiment_1_Persistence,https://app.prolific.com/submissions/complete?cc=C1BTHULB,0.0,1.0,430,,0.0,,1,1,430,,0.0,,,,,,,,,,,,,,,1,1,430,,0.0,,,,,,,,,,1,1,430,,0.0,,,,,,,,,,,,,,,,,,1,1,430,,0.0,,,,,,,,,,,,,1,1,430,,0.0,0,0,0,0,0,0,0,0,0,,,,,1,1,,,,,,,,,,,,,,,,,,,,,,,,,,,,,,,,,,,,,,,,,,,,,,,,,,,,,,,,,,,,,,,,,,,,,,,,,,,,,,,,,,,,,,,,,,,,,,,,,,,,,,,,,,,,,,,,,,,,,,,,,,,,,,,,,,,,,,,,,,,,,,,,,,,,,,,,,,,,,,,,,,,,,,,,,,,,,,,,,,,,,,,,,,,,,,,,,,,,,,,,,,,,,,,,,,,,,,,,,,,,,,,,,,,,,,,,,,,,,,,,,,,,,,,,,,,,,,,,,,,,,,,,,,,,,,,,,,,,,,,,,,,,,,,,,,,,,,,,,,,,,,,,,,,,,,,,,,,
431,2ndo2cys,,0,0,18,,,,0,,,0.0,,,,,,,,,,,,,,czcerakw,,,,,0,Experiment_1_Persistence,https://app.prolific.com/submissions/complete?cc=C1BTHULB,0.0,1.0,431,,0.0,,1,1,431,,0.0,,,,,,,,,,,,,,,1,1,431,,0.0,,,,,,,,,,1,1,431,,0.0,,,,,,,,,,,,,,,,,,1,1,431,,0.0,,,,,,,,,,,,,1,1,431,,0.0,0,0,0,0,0,0,0,0,0,,,,,1,1,,,,,,,,,,,,,,,,,,,,,,,,,,,,,,,,,,,,,,,,,,,,,,,,,,,,,,,,,,,,,,,,,,,,,,,,,,,,,,,,,,,,,,,,,,,,,,,,,,,,,,,,,,,,,,,,,,,,,,,,,,,,,,,,,,,,,,,,,,,,,,,,,,,,,,,,,,,,,,,,,,,,,,,,,,,,,,,,,,,,,,,,,,,,,,,,,,,,,,,,,,,,,,,,,,,,,,,,,,,,,,,,,,,,,,,,,,,,,,,,,,,,,,,,,,,,,,,,,,,,,,,,,,,,,,,,,,,,,,,,,,,,,,,,,,,,,,,,,,,,,,,,,,,,,,,,,,,
432,peaa4r0p,,0,0,18,,,,0,,,0.0,,,,,,,,,,,,,,czcerakw,,,,,0,Experiment_1_Persistence,https://app.prolific.com/submissions/complete?cc=C1BTHULB,0.0,1.0,432,,0.0,,1,1,432,,0.0,,,,,,,,,,,,,,,1,1,432,,0.0,,,,,,,,,,1,1,432,,0.0,,,,,,,,,,,,,,,,,,1,1,432,,0.0,,,,,,,,,,,,,1,1,432,,0.0,0,0,0,0,0,0,0,0,0,,,,,1,1,,,,,,,,,,,,,,,,,,,,,,,,,,,,,,,,,,,,,,,,,,,,,,,,,,,,,,,,,,,,,,,,,,,,,,,,,,,,,,,,,,,,,,,,,,,,,,,,,,,,,,,,,,,,,,,,,,,,,,,,,,,,,,,,,,,,,,,,,,,,,,,,,,,,,,,,,,,,,,,,,,,,,,,,,,,,,,,,,,,,,,,,,,,,,,,,,,,,,,,,,,,,,,,,,,,,,,,,,,,,,,,,,,,,,,,,,,,,,,,,,,,,,,,,,,,,,,,,,,,,,,,,,,,,,,,,,,,,,,,,,,,,,,,,,,,,,,,,,,,,,,,,,,,,,,,,,,,
433,wjwjlwoz,,0,0,18,,,,0,,,0.0,,,,,,,,,,,,,,czcerakw,,,,,0,Experiment_1_Persistence,https://app.prolific.com/submissions/complete?cc=C1BTHULB,0.0,1.0,433,,0.0,,1,1,433,,0.0,,,,,,,,,,,,,,,1,1,433,,0.0,,,,,,,,,,1,1,433,,0.0,,,,,,,,,,,,,,,,,,1,1,433,,0.0,,,,,,,,,,,,,1,1,433,,0.0,0,0,0,0,0,0,0,0,0,,,,,1,1,,,,,,,,,,,,,,,,,,,,,,,,,,,,,,,,,,,,,,,,,,,,,,,,,,,,,,,,,,,,,,,,,,,,,,,,,,,,,,,,,,,,,,,,,,,,,,,,,,,,,,,,,,,,,,,,,,,,,,,,,,,,,,,,,,,,,,,,,,,,,,,,,,,,,,,,,,,,,,,,,,,,,,,,,,,,,,,,,,,,,,,,,,,,,,,,,,,,,,,,,,,,,,,,,,,,,,,,,,,,,,,,,,,,,,,,,,,,,,,,,,,,,,,,,,,,,,,,,,,,,,,,,,,,,,,,,,,,,,,,,,,,,,,,,,,,,,,,,,,,,,,,,,,,,,,,,,,
434,bh4pclp2,,0,0,18,,,,0,,,0.0,,,,,,,,,,,,,,czcerakw,,,,,0,Experiment_1_Persistence,https://app.prolific.com/submissions/complete?cc=C1BTHULB,0.0,1.0,434,,0.0,,1,1,434,,0.0,,,,,,,,,,,,,,,1,1,434,,0.0,,,,,,,,,,1,1,434,,0.0,,,,,,,,,,,,,,,,,,1,1,434,,0.0,,,,,,,,,,,,,1,1,434,,0.0,0,0,0,0,0,0,0,0,0,,,,,1,1,,,,,,,,,,,,,,,,,,,,,,,,,,,,,,,,,,,,,,,,,,,,,,,,,,,,,,,,,,,,,,,,,,,,,,,,,,,,,,,,,,,,,,,,,,,,,,,,,,,,,,,,,,,,,,,,,,,,,,,,,,,,,,,,,,,,,,,,,,,,,,,,,,,,,,,,,,,,,,,,,,,,,,,,,,,,,,,,,,,,,,,,,,,,,,,,,,,,,,,,,,,,,,,,,,,,,,,,,,,,,,,,,,,,,,,,,,,,,,,,,,,,,,,,,,,,,,,,,,,,,,,,,,,,,,,,,,,,,,,,,,,,,,,,,,,,,,,,,,,,,,,,,,,,,,,,,,,
435,txgedunw,,0,0,18,,,,0,,,0.0,,,,,,,,,,,,,,czcerakw,,,,,0,Experiment_1_Persistence,https://app.prolific.com/submissions/complete?cc=C1BTHULB,0.0,1.0,435,,0.0,,1,1,435,,0.0,,,,,,,,,,,,,,,1,1,435,,0.0,,,,,,,,,,1,1,435,,0.0,,,,,,,,,,,,,,,,,,1,1,435,,0.0,,,,,,,,,,,,,1,1,435,,0.0,0,0,0,0,0,0,0,0,0,,,,,1,1,,,,,,,,,,,,,,,,,,,,,,,,,,,,,,,,,,,,,,,,,,,,,,,,,,,,,,,,,,,,,,,,,,,,,,,,,,,,,,,,,,,,,,,,,,,,,,,,,,,,,,,,,,,,,,,,,,,,,,,,,,,,,,,,,,,,,,,,,,,,,,,,,,,,,,,,,,,,,,,,,,,,,,,,,,,,,,,,,,,,,,,,,,,,,,,,,,,,,,,,,,,,,,,,,,,,,,,,,,,,,,,,,,,,,,,,,,,,,,,,,,,,,,,,,,,,,,,,,,,,,,,,,,,,,,,,,,,,,,,,,,,,,,,,,,,,,,,,,,,,,,,,,,,,,,,,,,,
436,lsv3d8vq,,0,0,18,,,,0,,,0.0,,,,,,,,,,,,,,czcerakw,,,,,0,Experiment_1_Persistence,https://app.prolific.com/submissions/complete?cc=C1BTHULB,0.0,1.0,436,,0.0,,1,1,436,,0.0,,,,,,,,,,,,,,,1,1,436,,0.0,,,,,,,,,,1,1,436,,0.0,,,,,,,,,,,,,,,,,,1,1,436,,0.0,,,,,,,,,,,,,1,1,436,,0.0,0,0,0,0,0,0,0,0,0,,,,,1,1,,,,,,,,,,,,,,,,,,,,,,,,,,,,,,,,,,,,,,,,,,,,,,,,,,,,,,,,,,,,,,,,,,,,,,,,,,,,,,,,,,,,,,,,,,,,,,,,,,,,,,,,,,,,,,,,,,,,,,,,,,,,,,,,,,,,,,,,,,,,,,,,,,,,,,,,,,,,,,,,,,,,,,,,,,,,,,,,,,,,,,,,,,,,,,,,,,,,,,,,,,,,,,,,,,,,,,,,,,,,,,,,,,,,,,,,,,,,,,,,,,,,,,,,,,,,,,,,,,,,,,,,,,,,,,,,,,,,,,,,,,,,,,,,,,,,,,,,,,,,,,,,,,,,,,,,,,,
437,qpd3tkk6,,0,0,18,,,,0,,,0.0,,,,,,,,,,,,,,czcerakw,,,,,0,Experiment_1_Persistence,https://app.prolific.com/submissions/complete?cc=C1BTHULB,0.0,1.0,437,,0.0,,1,1,437,,0.0,,,,,,,,,,,,,,,1,1,437,,0.0,,,,,,,,,,1,1,437,,0.0,,,,,,,,,,,,,,,,,,1,1,437,,0.0,,,,,,,,,,,,,1,1,437,,0.0,0,0,0,0,0,0,0,0,0,,,,,1,1,,,,,,,,,,,,,,,,,,,,,,,,,,,,,,,,,,,,,,,,,,,,,,,,,,,,,,,,,,,,,,,,,,,,,,,,,,,,,,,,,,,,,,,,,,,,,,,,,,,,,,,,,,,,,,,,,,,,,,,,,,,,,,,,,,,,,,,,,,,,,,,,,,,,,,,,,,,,,,,,,,,,,,,,,,,,,,,,,,,,,,,,,,,,,,,,,,,,,,,,,,,,,,,,,,,,,,,,,,,,,,,,,,,,,,,,,,,,,,,,,,,,,,,,,,,,,,,,,,,,,,,,,,,,,,,,,,,,,,,,,,,,,,,,,,,,,,,,,,,,,,,,,,,,,,,,,,,
438,4jolifgd,,0,0,18,,,,0,,,0.0,,,,,,,,,,,,,,czcerakw,,,,,0,Experiment_1_Persistence,https://app.prolific.com/submissions/complete?cc=C1BTHULB,0.0,1.0,438,,0.0,,1,1,438,,0.0,,,,,,,,,,,,,,,1,1,438,,0.0,,,,,,,,,,1,1,438,,0.0,,,,,,,,,,,,,,,,,,1,1,438,,0.0,,,,,,,,,,,,,1,1,438,,0.0,0,0,0,0,0,0,0,0,0,,,,,1,1,,,,,,,,,,,,,,,,,,,,,,,,,,,,,,,,,,,,,,,,,,,,,,,,,,,,,,,,,,,,,,,,,,,,,,,,,,,,,,,,,,,,,,,,,,,,,,,,,,,,,,,,,,,,,,,,,,,,,,,,,,,,,,,,,,,,,,,,,,,,,,,,,,,,,,,,,,,,,,,,,,,,,,,,,,,,,,,,,,,,,,,,,,,,,,,,,,,,,,,,,,,,,,,,,,,,,,,,,,,,,,,,,,,,,,,,,,,,,,,,,,,,,,,,,,,,,,,,,,,,,,,,,,,,,,,,,,,,,,,,,,,,,,,,,,,,,,,,,,,,,,,,,,,,,,,,,,,
439,gjxvui3j,,0,0,18,,,,0,,,0.0,,,,,,,,,,,,,,czcerakw,,,,,0,Experiment_1_Persistence,https://app.prolific.com/submissions/complete?cc=C1BTHULB,0.0,1.0,439,,0.0,,1,1,439,,0.0,,,,,,,,,,,,,,,1,1,439,,0.0,,,,,,,,,,1,1,439,,0.0,,,,,,,,,,,,,,,,,,1,1,439,,0.0,,,,,,,,,,,,,1,1,439,,0.0,0,0,0,0,0,0,0,0,0,,,,,1,1,,,,,,,,,,,,,,,,,,,,,,,,,,,,,,,,,,,,,,,,,,,,,,,,,,,,,,,,,,,,,,,,,,,,,,,,,,,,,,,,,,,,,,,,,,,,,,,,,,,,,,,,,,,,,,,,,,,,,,,,,,,,,,,,,,,,,,,,,,,,,,,,,,,,,,,,,,,,,,,,,,,,,,,,,,,,,,,,,,,,,,,,,,,,,,,,,,,,,,,,,,,,,,,,,,,,,,,,,,,,,,,,,,,,,,,,,,,,,,,,,,,,,,,,,,,,,,,,,,,,,,,,,,,,,,,,,,,,,,,,,,,,,,,,,,,,,,,,,,,,,,,,,,,,,,,,,,,
440,iy50uufo,,0,0,18,,,,0,,,0.0,,,,,,,,,,,,,,czcerakw,,,,,0,Experiment_1_Persistence,https://app.prolific.com/submissions/complete?cc=C1BTHULB,0.0,1.0,440,,0.0,,1,1,440,,0.0,,,,,,,,,,,,,,,1,1,440,,0.0,,,,,,,,,,1,1,440,,0.0,,,,,,,,,,,,,,,,,,1,1,440,,0.0,,,,,,,,,,,,,1,1,440,,0.0,0,0,0,0,0,0,0,0,0,,,,,1,1,,,,,,,,,,,,,,,,,,,,,,,,,,,,,,,,,,,,,,,,,,,,,,,,,,,,,,,,,,,,,,,,,,,,,,,,,,,,,,,,,,,,,,,,,,,,,,,,,,,,,,,,,,,,,,,,,,,,,,,,,,,,,,,,,,,,,,,,,,,,,,,,,,,,,,,,,,,,,,,,,,,,,,,,,,,,,,,,,,,,,,,,,,,,,,,,,,,,,,,,,,,,,,,,,,,,,,,,,,,,,,,,,,,,,,,,,,,,,,,,,,,,,,,,,,,,,,,,,,,,,,,,,,,,,,,,,,,,,,,,,,,,,,,,,,,,,,,,,,,,,,,,,,,,,,,,,,,
441,ubylrg4j,,0,0,18,,,,0,,,0.0,,,,,,,,,,,,,,czcerakw,,,,,0,Experiment_1_Persistence,https://app.prolific.com/submissions/complete?cc=C1BTHULB,0.0,1.0,441,,0.0,,1,1,441,,0.0,,,,,,,,,,,,,,,1,1,441,,0.0,,,,,,,,,,1,1,441,,0.0,,,,,,,,,,,,,,,,,,1,1,441,,0.0,,,,,,,,,,,,,1,1,441,,0.0,0,0,0,0,0,0,0,0,0,,,,,1,1,,,,,,,,,,,,,,,,,,,,,,,,,,,,,,,,,,,,,,,,,,,,,,,,,,,,,,,,,,,,,,,,,,,,,,,,,,,,,,,,,,,,,,,,,,,,,,,,,,,,,,,,,,,,,,,,,,,,,,,,,,,,,,,,,,,,,,,,,,,,,,,,,,,,,,,,,,,,,,,,,,,,,,,,,,,,,,,,,,,,,,,,,,,,,,,,,,,,,,,,,,,,,,,,,,,,,,,,,,,,,,,,,,,,,,,,,,,,,,,,,,,,,,,,,,,,,,,,,,,,,,,,,,,,,,,,,,,,,,,,,,,,,,,,,,,,,,,,,,,,,,,,,,,,,,,,,,,
442,ef2h5ouh,,0,0,18,,,,0,,,0.0,,,,,,,,,,,,,,czcerakw,,,,,0,Experiment_1_Persistence,https://app.prolific.com/submissions/complete?cc=C1BTHULB,0.0,1.0,442,,0.0,,1,1,442,,0.0,,,,,,,,,,,,,,,1,1,442,,0.0,,,,,,,,,,1,1,442,,0.0,,,,,,,,,,,,,,,,,,1,1,442,,0.0,,,,,,,,,,,,,1,1,442,,0.0,0,0,0,0,0,0,0,0,0,,,,,1,1,,,,,,,,,,,,,,,,,,,,,,,,,,,,,,,,,,,,,,,,,,,,,,,,,,,,,,,,,,,,,,,,,,,,,,,,,,,,,,,,,,,,,,,,,,,,,,,,,,,,,,,,,,,,,,,,,,,,,,,,,,,,,,,,,,,,,,,,,,,,,,,,,,,,,,,,,,,,,,,,,,,,,,,,,,,,,,,,,,,,,,,,,,,,,,,,,,,,,,,,,,,,,,,,,,,,,,,,,,,,,,,,,,,,,,,,,,,,,,,,,,,,,,,,,,,,,,,,,,,,,,,,,,,,,,,,,,,,,,,,,,,,,,,,,,,,,,,,,,,,,,,,,,,,,,,,,,,
443,a8dyjgam,,0,0,18,,,,0,,,0.0,,,,,,,,,,,,,,czcerakw,,,,,0,Experiment_1_Persistence,https://app.prolific.com/submissions/complete?cc=C1BTHULB,0.0,1.0,443,,0.0,,1,1,443,,0.0,,,,,,,,,,,,,,,1,1,443,,0.0,,,,,,,,,,1,1,443,,0.0,,,,,,,,,,,,,,,,,,1,1,443,,0.0,,,,,,,,,,,,,1,1,443,,0.0,0,0,0,0,0,0,0,0,0,,,,,1,1,,,,,,,,,,,,,,,,,,,,,,,,,,,,,,,,,,,,,,,,,,,,,,,,,,,,,,,,,,,,,,,,,,,,,,,,,,,,,,,,,,,,,,,,,,,,,,,,,,,,,,,,,,,,,,,,,,,,,,,,,,,,,,,,,,,,,,,,,,,,,,,,,,,,,,,,,,,,,,,,,,,,,,,,,,,,,,,,,,,,,,,,,,,,,,,,,,,,,,,,,,,,,,,,,,,,,,,,,,,,,,,,,,,,,,,,,,,,,,,,,,,,,,,,,,,,,,,,,,,,,,,,,,,,,,,,,,,,,,,,,,,,,,,,,,,,,,,,,,,,,,,,,,,,,,,,,,,
444,rlyf2osd,,0,0,18,,,,0,,,0.0,,,,,,,,,,,,,,czcerakw,,,,,0,Experiment_1_Persistence,https://app.prolific.com/submissions/complete?cc=C1BTHULB,0.0,1.0,444,,0.0,,1,1,444,,0.0,,,,,,,,,,,,,,,1,1,444,,0.0,,,,,,,,,,1,1,444,,0.0,,,,,,,,,,,,,,,,,,1,1,444,,0.0,,,,,,,,,,,,,1,1,444,,0.0,0,0,0,0,0,0,0,0,0,,,,,1,1,,,,,,,,,,,,,,,,,,,,,,,,,,,,,,,,,,,,,,,,,,,,,,,,,,,,,,,,,,,,,,,,,,,,,,,,,,,,,,,,,,,,,,,,,,,,,,,,,,,,,,,,,,,,,,,,,,,,,,,,,,,,,,,,,,,,,,,,,,,,,,,,,,,,,,,,,,,,,,,,,,,,,,,,,,,,,,,,,,,,,,,,,,,,,,,,,,,,,,,,,,,,,,,,,,,,,,,,,,,,,,,,,,,,,,,,,,,,,,,,,,,,,,,,,,,,,,,,,,,,,,,,,,,,,,,,,,,,,,,,,,,,,,,,,,,,,,,,,,,,,,,,,,,,,,,,,,,
445,3dfizwn1,,0,0,18,,,,0,,,0.0,,,,,,,,,,,,,,czcerakw,,,,,0,Experiment_1_Persistence,https://app.prolific.com/submissions/complete?cc=C1BTHULB,0.0,1.0,445,,0.0,,1,1,445,,0.0,,,,,,,,,,,,,,,1,1,445,,0.0,,,,,,,,,,1,1,445,,0.0,,,,,,,,,,,,,,,,,,1,1,445,,0.0,,,,,,,,,,,,,1,1,445,,0.0,0,0,0,0,0,0,0,0,0,,,,,1,1,,,,,,,,,,,,,,,,,,,,,,,,,,,,,,,,,,,,,,,,,,,,,,,,,,,,,,,,,,,,,,,,,,,,,,,,,,,,,,,,,,,,,,,,,,,,,,,,,,,,,,,,,,,,,,,,,,,,,,,,,,,,,,,,,,,,,,,,,,,,,,,,,,,,,,,,,,,,,,,,,,,,,,,,,,,,,,,,,,,,,,,,,,,,,,,,,,,,,,,,,,,,,,,,,,,,,,,,,,,,,,,,,,,,,,,,,,,,,,,,,,,,,,,,,,,,,,,,,,,,,,,,,,,,,,,,,,,,,,,,,,,,,,,,,,,,,,,,,,,,,,,,,,,,,,,,,,,
446,3n1uayti,,0,0,18,,,,0,,,0.0,,,,,,,,,,,,,,czcerakw,,,,,0,Experiment_1_Persistence,https://app.prolific.com/submissions/complete?cc=C1BTHULB,0.0,1.0,446,,0.0,,1,1,446,,0.0,,,,,,,,,,,,,,,1,1,446,,0.0,,,,,,,,,,1,1,446,,0.0,,,,,,,,,,,,,,,,,,1,1,446,,0.0,,,,,,,,,,,,,1,1,446,,0.0,0,0,0,0,0,0,0,0,0,,,,,1,1,,,,,,,,,,,,,,,,,,,,,,,,,,,,,,,,,,,,,,,,,,,,,,,,,,,,,,,,,,,,,,,,,,,,,,,,,,,,,,,,,,,,,,,,,,,,,,,,,,,,,,,,,,,,,,,,,,,,,,,,,,,,,,,,,,,,,,,,,,,,,,,,,,,,,,,,,,,,,,,,,,,,,,,,,,,,,,,,,,,,,,,,,,,,,,,,,,,,,,,,,,,,,,,,,,,,,,,,,,,,,,,,,,,,,,,,,,,,,,,,,,,,,,,,,,,,,,,,,,,,,,,,,,,,,,,,,,,,,,,,,,,,,,,,,,,,,,,,,,,,,,,,,,,,,,,,,,,
447,ilbjem9w,,0,0,18,,,,0,,,0.0,,,,,,,,,,,,,,czcerakw,,,,,0,Experiment_1_Persistence,https://app.prolific.com/submissions/complete?cc=C1BTHULB,0.0,1.0,447,,0.0,,1,1,447,,0.0,,,,,,,,,,,,,,,1,1,447,,0.0,,,,,,,,,,1,1,447,,0.0,,,,,,,,,,,,,,,,,,1,1,447,,0.0,,,,,,,,,,,,,1,1,447,,0.0,0,0,0,0,0,0,0,0,0,,,,,1,1,,,,,,,,,,,,,,,,,,,,,,,,,,,,,,,,,,,,,,,,,,,,,,,,,,,,,,,,,,,,,,,,,,,,,,,,,,,,,,,,,,,,,,,,,,,,,,,,,,,,,,,,,,,,,,,,,,,,,,,,,,,,,,,,,,,,,,,,,,,,,,,,,,,,,,,,,,,,,,,,,,,,,,,,,,,,,,,,,,,,,,,,,,,,,,,,,,,,,,,,,,,,,,,,,,,,,,,,,,,,,,,,,,,,,,,,,,,,,,,,,,,,,,,,,,,,,,,,,,,,,,,,,,,,,,,,,,,,,,,,,,,,,,,,,,,,,,,,,,,,,,,,,,,,,,,,,,,
448,9oeddqx6,,0,0,18,,,,0,,,0.0,,,,,,,,,,,,,,czcerakw,,,,,0,Experiment_1_Persistence,https://app.prolific.com/submissions/complete?cc=C1BTHULB,0.0,1.0,448,,0.0,,1,1,448,,0.0,,,,,,,,,,,,,,,1,1,448,,0.0,,,,,,,,,,1,1,448,,0.0,,,,,,,,,,,,,,,,,,1,1,448,,0.0,,,,,,,,,,,,,1,1,448,,0.0,0,0,0,0,0,0,0,0,0,,,,,1,1,,,,,,,,,,,,,,,,,,,,,,,,,,,,,,,,,,,,,,,,,,,,,,,,,,,,,,,,,,,,,,,,,,,,,,,,,,,,,,,,,,,,,,,,,,,,,,,,,,,,,,,,,,,,,,,,,,,,,,,,,,,,,,,,,,,,,,,,,,,,,,,,,,,,,,,,,,,,,,,,,,,,,,,,,,,,,,,,,,,,,,,,,,,,,,,,,,,,,,,,,,,,,,,,,,,,,,,,,,,,,,,,,,,,,,,,,,,,,,,,,,,,,,,,,,,,,,,,,,,,,,,,,,,,,,,,,,,,,,,,,,,,,,,,,,,,,,,,,,,,,,,,,,,,,,,,,,,
449,tj2l2927,,0,0,18,,,,0,,,0.0,,,,,,,,,,,,,,czcerakw,,,,,0,Experiment_1_Persistence,https://app.prolific.com/submissions/complete?cc=C1BTHULB,0.0,1.0,449,,0.0,,1,1,449,,0.0,,,,,,,,,,,,,,,1,1,449,,0.0,,,,,,,,,,1,1,449,,0.0,,,,,,,,,,,,,,,,,,1,1,449,,0.0,,,,,,,,,,,,,1,1,449,,0.0,0,0,0,0,0,0,0,0,0,,,,,1,1,,,,,,,,,,,,,,,,,,,,,,,,,,,,,,,,,,,,,,,,,,,,,,,,,,,,,,,,,,,,,,,,,,,,,,,,,,,,,,,,,,,,,,,,,,,,,,,,,,,,,,,,,,,,,,,,,,,,,,,,,,,,,,,,,,,,,,,,,,,,,,,,,,,,,,,,,,,,,,,,,,,,,,,,,,,,,,,,,,,,,,,,,,,,,,,,,,,,,,,,,,,,,,,,,,,,,,,,,,,,,,,,,,,,,,,,,,,,,,,,,,,,,,,,,,,,,,,,,,,,,,,,,,,,,,,,,,,,,,,,,,,,,,,,,,,,,,,,,,,,,,,,,,,,,,,,,,,
450,w0jwlmj5,,0,0,18,,,,0,,,0.0,,,,,,,,,,,,,,czcerakw,,,,,0,Experiment_1_Persistence,https://app.prolific.com/submissions/complete?cc=C1BTHULB,0.0,1.0,450,,0.0,,1,1,450,,0.0,,,,,,,,,,,,,,,1,1,450,,0.0,,,,,,,,,,1,1,450,,0.0,,,,,,,,,,,,,,,,,,1,1,450,,0.0,,,,,,,,,,,,,1,1,450,,0.0,0,0,0,0,0,0,0,0,0,,,,,1,1,,,,,,,,,,,,,,,,,,,,,,,,,,,,,,,,,,,,,,,,,,,,,,,,,,,,,,,,,,,,,,,,,,,,,,,,,,,,,,,,,,,,,,,,,,,,,,,,,,,,,,,,,,,,,,,,,,,,,,,,,,,,,,,,,,,,,,,,,,,,,,,,,,,,,,,,,,,,,,,,,,,,,,,,,,,,,,,,,,,,,,,,,,,,,,,,,,,,,,,,,,,,,,,,,,,,,,,,,,,,,,,,,,,,,,,,,,,,,,,,,,,,,,,,,,,,,,,,,,,,,,,,,,,,,,,,,,,,,,,,,,,,,,,,,,,,,,,,,,,,,,,,,,,,,,,,,,,
451,bp0o6iih,,0,0,18,,,,0,,,0.0,,,,,,,,,,,,,,czcerakw,,,,,0,Experiment_1_Persistence,https://app.prolific.com/submissions/complete?cc=C1BTHULB,0.0,1.0,451,,0.0,,1,1,451,,0.0,,,,,,,,,,,,,,,1,1,451,,0.0,,,,,,,,,,1,1,451,,0.0,,,,,,,,,,,,,,,,,,1,1,451,,0.0,,,,,,,,,,,,,1,1,451,,0.0,0,0,0,0,0,0,0,0,0,,,,,1,1,,,,,,,,,,,,,,,,,,,,,,,,,,,,,,,,,,,,,,,,,,,,,,,,,,,,,,,,,,,,,,,,,,,,,,,,,,,,,,,,,,,,,,,,,,,,,,,,,,,,,,,,,,,,,,,,,,,,,,,,,,,,,,,,,,,,,,,,,,,,,,,,,,,,,,,,,,,,,,,,,,,,,,,,,,,,,,,,,,,,,,,,,,,,,,,,,,,,,,,,,,,,,,,,,,,,,,,,,,,,,,,,,,,,,,,,,,,,,,,,,,,,,,,,,,,,,,,,,,,,,,,,,,,,,,,,,,,,,,,,,,,,,,,,,,,,,,,,,,,,,,,,,,,,,,,,,,,
452,apif38m8,,0,0,18,,,,0,,,0.0,,,,,,,,,,,,,,czcerakw,,,,,0,Experiment_1_Persistence,https://app.prolific.com/submissions/complete?cc=C1BTHULB,0.0,1.0,452,,0.0,,1,1,452,,0.0,,,,,,,,,,,,,,,1,1,452,,0.0,,,,,,,,,,1,1,452,,0.0,,,,,,,,,,,,,,,,,,1,1,452,,0.0,,,,,,,,,,,,,1,1,452,,0.0,0,0,0,0,0,0,0,0,0,,,,,1,1,,,,,,,,,,,,,,,,,,,,,,,,,,,,,,,,,,,,,,,,,,,,,,,,,,,,,,,,,,,,,,,,,,,,,,,,,,,,,,,,,,,,,,,,,,,,,,,,,,,,,,,,,,,,,,,,,,,,,,,,,,,,,,,,,,,,,,,,,,,,,,,,,,,,,,,,,,,,,,,,,,,,,,,,,,,,,,,,,,,,,,,,,,,,,,,,,,,,,,,,,,,,,,,,,,,,,,,,,,,,,,,,,,,,,,,,,,,,,,,,,,,,,,,,,,,,,,,,,,,,,,,,,,,,,,,,,,,,,,,,,,,,,,,,,,,,,,,,,,,,,,,,,,,,,,,,,,,
453,fng4zy5e,,0,0,18,,,,0,,,0.0,,,,,,,,,,,,,,czcerakw,,,,,0,Experiment_1_Persistence,https://app.prolific.com/submissions/complete?cc=C1BTHULB,0.0,1.0,453,,0.0,,1,1,453,,0.0,,,,,,,,,,,,,,,1,1,453,,0.0,,,,,,,,,,1,1,453,,0.0,,,,,,,,,,,,,,,,,,1,1,453,,0.0,,,,,,,,,,,,,1,1,453,,0.0,0,0,0,0,0,0,0,0,0,,,,,1,1,,,,,,,,,,,,,,,,,,,,,,,,,,,,,,,,,,,,,,,,,,,,,,,,,,,,,,,,,,,,,,,,,,,,,,,,,,,,,,,,,,,,,,,,,,,,,,,,,,,,,,,,,,,,,,,,,,,,,,,,,,,,,,,,,,,,,,,,,,,,,,,,,,,,,,,,,,,,,,,,,,,,,,,,,,,,,,,,,,,,,,,,,,,,,,,,,,,,,,,,,,,,,,,,,,,,,,,,,,,,,,,,,,,,,,,,,,,,,,,,,,,,,,,,,,,,,,,,,,,,,,,,,,,,,,,,,,,,,,,,,,,,,,,,,,,,,,,,,,,,,,,,,,,,,,,,,,,
454,5llplte0,,0,0,18,,,,0,,,0.0,,,,,,,,,,,,,,czcerakw,,,,,0,Experiment_1_Persistence,https://app.prolific.com/submissions/complete?cc=C1BTHULB,0.0,1.0,454,,0.0,,1,1,454,,0.0,,,,,,,,,,,,,,,1,1,454,,0.0,,,,,,,,,,1,1,454,,0.0,,,,,,,,,,,,,,,,,,1,1,454,,0.0,,,,,,,,,,,,,1,1,454,,0.0,0,0,0,0,0,0,0,0,0,,,,,1,1,,,,,,,,,,,,,,,,,,,,,,,,,,,,,,,,,,,,,,,,,,,,,,,,,,,,,,,,,,,,,,,,,,,,,,,,,,,,,,,,,,,,,,,,,,,,,,,,,,,,,,,,,,,,,,,,,,,,,,,,,,,,,,,,,,,,,,,,,,,,,,,,,,,,,,,,,,,,,,,,,,,,,,,,,,,,,,,,,,,,,,,,,,,,,,,,,,,,,,,,,,,,,,,,,,,,,,,,,,,,,,,,,,,,,,,,,,,,,,,,,,,,,,,,,,,,,,,,,,,,,,,,,,,,,,,,,,,,,,,,,,,,,,,,,,,,,,,,,,,,,,,,,,,,,,,,,,,
455,0wog38tn,,0,0,18,,,,0,,,0.0,,,,,,,,,,,,,,czcerakw,,,,,0,Experiment_1_Persistence,https://app.prolific.com/submissions/complete?cc=C1BTHULB,0.0,1.0,455,,0.0,,1,1,455,,0.0,,,,,,,,,,,,,,,1,1,455,,0.0,,,,,,,,,,1,1,455,,0.0,,,,,,,,,,,,,,,,,,1,1,455,,0.0,,,,,,,,,,,,,1,1,455,,0.0,0,0,0,0,0,0,0,0,0,,,,,1,1,,,,,,,,,,,,,,,,,,,,,,,,,,,,,,,,,,,,,,,,,,,,,,,,,,,,,,,,,,,,,,,,,,,,,,,,,,,,,,,,,,,,,,,,,,,,,,,,,,,,,,,,,,,,,,,,,,,,,,,,,,,,,,,,,,,,,,,,,,,,,,,,,,,,,,,,,,,,,,,,,,,,,,,,,,,,,,,,,,,,,,,,,,,,,,,,,,,,,,,,,,,,,,,,,,,,,,,,,,,,,,,,,,,,,,,,,,,,,,,,,,,,,,,,,,,,,,,,,,,,,,,,,,,,,,,,,,,,,,,,,,,,,,,,,,,,,,,,,,,,,,,,,,,,,,,,,,,
456,rwqgh6ns,,0,0,18,,,,0,,,0.0,,,,,,,,,,,,,,czcerakw,,,,,0,Experiment_1_Persistence,https://app.prolific.com/submissions/complete?cc=C1BTHULB,0.0,1.0,456,,0.0,,1,1,456,,0.0,,,,,,,,,,,,,,,1,1,456,,0.0,,,,,,,,,,1,1,456,,0.0,,,,,,,,,,,,,,,,,,1,1,456,,0.0,,,,,,,,,,,,,1,1,456,,0.0,0,0,0,0,0,0,0,0,0,,,,,1,1,,,,,,,,,,,,,,,,,,,,,,,,,,,,,,,,,,,,,,,,,,,,,,,,,,,,,,,,,,,,,,,,,,,,,,,,,,,,,,,,,,,,,,,,,,,,,,,,,,,,,,,,,,,,,,,,,,,,,,,,,,,,,,,,,,,,,,,,,,,,,,,,,,,,,,,,,,,,,,,,,,,,,,,,,,,,,,,,,,,,,,,,,,,,,,,,,,,,,,,,,,,,,,,,,,,,,,,,,,,,,,,,,,,,,,,,,,,,,,,,,,,,,,,,,,,,,,,,,,,,,,,,,,,,,,,,,,,,,,,,,,,,,,,,,,,,,,,,,,,,,,,,,,,,,,,,,,,
457,6xclurjt,,0,0,18,,,,0,,,0.0,,,,,,,,,,,,,,czcerakw,,,,,0,Experiment_1_Persistence,https://app.prolific.com/submissions/complete?cc=C1BTHULB,0.0,1.0,457,,0.0,,1,1,457,,0.0,,,,,,,,,,,,,,,1,1,457,,0.0,,,,,,,,,,1,1,457,,0.0,,,,,,,,,,,,,,,,,,1,1,457,,0.0,,,,,,,,,,,,,1,1,457,,0.0,0,0,0,0,0,0,0,0,0,,,,,1,1,,,,,,,,,,,,,,,,,,,,,,,,,,,,,,,,,,,,,,,,,,,,,,,,,,,,,,,,,,,,,,,,,,,,,,,,,,,,,,,,,,,,,,,,,,,,,,,,,,,,,,,,,,,,,,,,,,,,,,,,,,,,,,,,,,,,,,,,,,,,,,,,,,,,,,,,,,,,,,,,,,,,,,,,,,,,,,,,,,,,,,,,,,,,,,,,,,,,,,,,,,,,,,,,,,,,,,,,,,,,,,,,,,,,,,,,,,,,,,,,,,,,,,,,,,,,,,,,,,,,,,,,,,,,,,,,,,,,,,,,,,,,,,,,,,,,,,,,,,,,,,,,,,,,,,,,,,,
458,riugmoii,,0,0,18,,,,0,,,0.0,,,,,,,,,,,,,,czcerakw,,,,,0,Experiment_1_Persistence,https://app.prolific.com/submissions/complete?cc=C1BTHULB,0.0,1.0,458,,0.0,,1,1,458,,0.0,,,,,,,,,,,,,,,1,1,458,,0.0,,,,,,,,,,1,1,458,,0.0,,,,,,,,,,,,,,,,,,1,1,458,,0.0,,,,,,,,,,,,,1,1,458,,0.0,0,0,0,0,0,0,0,0,0,,,,,1,1,,,,,,,,,,,,,,,,,,,,,,,,,,,,,,,,,,,,,,,,,,,,,,,,,,,,,,,,,,,,,,,,,,,,,,,,,,,,,,,,,,,,,,,,,,,,,,,,,,,,,,,,,,,,,,,,,,,,,,,,,,,,,,,,,,,,,,,,,,,,,,,,,,,,,,,,,,,,,,,,,,,,,,,,,,,,,,,,,,,,,,,,,,,,,,,,,,,,,,,,,,,,,,,,,,,,,,,,,,,,,,,,,,,,,,,,,,,,,,,,,,,,,,,,,,,,,,,,,,,,,,,,,,,,,,,,,,,,,,,,,,,,,,,,,,,,,,,,,,,,,,,,,,,,,,,,,,,
459,y08n3x5l,,0,0,18,,,,0,,,0.0,,,,,,,,,,,,,,czcerakw,,,,,0,Experiment_1_Persistence,https://app.prolific.com/submissions/complete?cc=C1BTHULB,0.0,1.0,459,,0.0,,1,1,459,,0.0,,,,,,,,,,,,,,,1,1,459,,0.0,,,,,,,,,,1,1,459,,0.0,,,,,,,,,,,,,,,,,,1,1,459,,0.0,,,,,,,,,,,,,1,1,459,,0.0,0,0,0,0,0,0,0,0,0,,,,,1,1,,,,,,,,,,,,,,,,,,,,,,,,,,,,,,,,,,,,,,,,,,,,,,,,,,,,,,,,,,,,,,,,,,,,,,,,,,,,,,,,,,,,,,,,,,,,,,,,,,,,,,,,,,,,,,,,,,,,,,,,,,,,,,,,,,,,,,,,,,,,,,,,,,,,,,,,,,,,,,,,,,,,,,,,,,,,,,,,,,,,,,,,,,,,,,,,,,,,,,,,,,,,,,,,,,,,,,,,,,,,,,,,,,,,,,,,,,,,,,,,,,,,,,,,,,,,,,,,,,,,,,,,,,,,,,,,,,,,,,,,,,,,,,,,,,,,,,,,,,,,,,,,,,,,,,,,,,,
460,khmxkhvc,,0,0,18,,,,0,,,0.0,,,,,,,,,,,,,,czcerakw,,,,,0,Experiment_1_Persistence,https://app.prolific.com/submissions/complete?cc=C1BTHULB,0.0,1.0,460,,0.0,,1,1,460,,0.0,,,,,,,,,,,,,,,1,1,460,,0.0,,,,,,,,,,1,1,460,,0.0,,,,,,,,,,,,,,,,,,1,1,460,,0.0,,,,,,,,,,,,,1,1,460,,0.0,0,0,0,0,0,0,0,0,0,,,,,1,1,,,,,,,,,,,,,,,,,,,,,,,,,,,,,,,,,,,,,,,,,,,,,,,,,,,,,,,,,,,,,,,,,,,,,,,,,,,,,,,,,,,,,,,,,,,,,,,,,,,,,,,,,,,,,,,,,,,,,,,,,,,,,,,,,,,,,,,,,,,,,,,,,,,,,,,,,,,,,,,,,,,,,,,,,,,,,,,,,,,,,,,,,,,,,,,,,,,,,,,,,,,,,,,,,,,,,,,,,,,,,,,,,,,,,,,,,,,,,,,,,,,,,,,,,,,,,,,,,,,,,,,,,,,,,,,,,,,,,,,,,,,,,,,,,,,,,,,,,,,,,,,,,,,,,,,,,,,
461,ct5t2gym,,0,0,18,,,,0,,,0.0,,,,,,,,,,,,,,czcerakw,,,,,0,Experiment_1_Persistence,https://app.prolific.com/submissions/complete?cc=C1BTHULB,0.0,1.0,461,,0.0,,1,1,461,,0.0,,,,,,,,,,,,,,,1,1,461,,0.0,,,,,,,,,,1,1,461,,0.0,,,,,,,,,,,,,,,,,,1,1,461,,0.0,,,,,,,,,,,,,1,1,461,,0.0,0,0,0,0,0,0,0,0,0,,,,,1,1,,,,,,,,,,,,,,,,,,,,,,,,,,,,,,,,,,,,,,,,,,,,,,,,,,,,,,,,,,,,,,,,,,,,,,,,,,,,,,,,,,,,,,,,,,,,,,,,,,,,,,,,,,,,,,,,,,,,,,,,,,,,,,,,,,,,,,,,,,,,,,,,,,,,,,,,,,,,,,,,,,,,,,,,,,,,,,,,,,,,,,,,,,,,,,,,,,,,,,,,,,,,,,,,,,,,,,,,,,,,,,,,,,,,,,,,,,,,,,,,,,,,,,,,,,,,,,,,,,,,,,,,,,,,,,,,,,,,,,,,,,,,,,,,,,,,,,,,,,,,,,,,,,,,,,,,,,,
462,0wvox967,,0,0,18,,,,0,,,0.0,,,,,,,,,,,,,,czcerakw,,,,,0,Experiment_1_Persistence,https://app.prolific.com/submissions/complete?cc=C1BTHULB,0.0,1.0,462,,0.0,,1,1,462,,0.0,,,,,,,,,,,,,,,1,1,462,,0.0,,,,,,,,,,1,1,462,,0.0,,,,,,,,,,,,,,,,,,1,1,462,,0.0,,,,,,,,,,,,,1,1,462,,0.0,0,0,0,0,0,0,0,0,0,,,,,1,1,,,,,,,,,,,,,,,,,,,,,,,,,,,,,,,,,,,,,,,,,,,,,,,,,,,,,,,,,,,,,,,,,,,,,,,,,,,,,,,,,,,,,,,,,,,,,,,,,,,,,,,,,,,,,,,,,,,,,,,,,,,,,,,,,,,,,,,,,,,,,,,,,,,,,,,,,,,,,,,,,,,,,,,,,,,,,,,,,,,,,,,,,,,,,,,,,,,,,,,,,,,,,,,,,,,,,,,,,,,,,,,,,,,,,,,,,,,,,,,,,,,,,,,,,,,,,,,,,,,,,,,,,,,,,,,,,,,,,,,,,,,,,,,,,,,,,,,,,,,,,,,,,,,,,,,,,,,
463,5wktwmhq,,0,0,18,,,,0,,,0.0,,,,,,,,,,,,,,czcerakw,,,,,0,Experiment_1_Persistence,https://app.prolific.com/submissions/complete?cc=C1BTHULB,0.0,1.0,463,,0.0,,1,1,463,,0.0,,,,,,,,,,,,,,,1,1,463,,0.0,,,,,,,,,,1,1,463,,0.0,,,,,,,,,,,,,,,,,,1,1,463,,0.0,,,,,,,,,,,,,1,1,463,,0.0,0,0,0,0,0,0,0,0,0,,,,,1,1,,,,,,,,,,,,,,,,,,,,,,,,,,,,,,,,,,,,,,,,,,,,,,,,,,,,,,,,,,,,,,,,,,,,,,,,,,,,,,,,,,,,,,,,,,,,,,,,,,,,,,,,,,,,,,,,,,,,,,,,,,,,,,,,,,,,,,,,,,,,,,,,,,,,,,,,,,,,,,,,,,,,,,,,,,,,,,,,,,,,,,,,,,,,,,,,,,,,,,,,,,,,,,,,,,,,,,,,,,,,,,,,,,,,,,,,,,,,,,,,,,,,,,,,,,,,,,,,,,,,,,,,,,,,,,,,,,,,,,,,,,,,,,,,,,,,,,,,,,,,,,,,,,,,,,,,,,,
464,9pfo4djg,,0,0,18,,,,0,,,0.0,,,,,,,,,,,,,,czcerakw,,,,,0,Experiment_1_Persistence,https://app.prolific.com/submissions/complete?cc=C1BTHULB,0.0,1.0,464,,0.0,,1,1,464,,0.0,,,,,,,,,,,,,,,1,1,464,,0.0,,,,,,,,,,1,1,464,,0.0,,,,,,,,,,,,,,,,,,1,1,464,,0.0,,,,,,,,,,,,,1,1,464,,0.0,0,0,0,0,0,0,0,0,0,,,,,1,1,,,,,,,,,,,,,,,,,,,,,,,,,,,,,,,,,,,,,,,,,,,,,,,,,,,,,,,,,,,,,,,,,,,,,,,,,,,,,,,,,,,,,,,,,,,,,,,,,,,,,,,,,,,,,,,,,,,,,,,,,,,,,,,,,,,,,,,,,,,,,,,,,,,,,,,,,,,,,,,,,,,,,,,,,,,,,,,,,,,,,,,,,,,,,,,,,,,,,,,,,,,,,,,,,,,,,,,,,,,,,,,,,,,,,,,,,,,,,,,,,,,,,,,,,,,,,,,,,,,,,,,,,,,,,,,,,,,,,,,,,,,,,,,,,,,,,,,,,,,,,,,,,,,,,,,,,,,
465,iugzgqjn,,0,0,18,,,,0,,,0.0,,,,,,,,,,,,,,czcerakw,,,,,0,Experiment_1_Persistence,https://app.prolific.com/submissions/complete?cc=C1BTHULB,0.0,1.0,465,,0.0,,1,1,465,,0.0,,,,,,,,,,,,,,,1,1,465,,0.0,,,,,,,,,,1,1,465,,0.0,,,,,,,,,,,,,,,,,,1,1,465,,0.0,,,,,,,,,,,,,1,1,465,,0.0,0,0,0,0,0,0,0,0,0,,,,,1,1,,,,,,,,,,,,,,,,,,,,,,,,,,,,,,,,,,,,,,,,,,,,,,,,,,,,,,,,,,,,,,,,,,,,,,,,,,,,,,,,,,,,,,,,,,,,,,,,,,,,,,,,,,,,,,,,,,,,,,,,,,,,,,,,,,,,,,,,,,,,,,,,,,,,,,,,,,,,,,,,,,,,,,,,,,,,,,,,,,,,,,,,,,,,,,,,,,,,,,,,,,,,,,,,,,,,,,,,,,,,,,,,,,,,,,,,,,,,,,,,,,,,,,,,,,,,,,,,,,,,,,,,,,,,,,,,,,,,,,,,,,,,,,,,,,,,,,,,,,,,,,,,,,,,,,,,,,,
466,ajlqdqpp,,0,0,18,,,,0,,,0.0,,,,,,,,,,,,,,czcerakw,,,,,0,Experiment_1_Persistence,https://app.prolific.com/submissions/complete?cc=C1BTHULB,0.0,1.0,466,,0.0,,1,1,466,,0.0,,,,,,,,,,,,,,,1,1,466,,0.0,,,,,,,,,,1,1,466,,0.0,,,,,,,,,,,,,,,,,,1,1,466,,0.0,,,,,,,,,,,,,1,1,466,,0.0,0,0,0,0,0,0,0,0,0,,,,,1,1,,,,,,,,,,,,,,,,,,,,,,,,,,,,,,,,,,,,,,,,,,,,,,,,,,,,,,,,,,,,,,,,,,,,,,,,,,,,,,,,,,,,,,,,,,,,,,,,,,,,,,,,,,,,,,,,,,,,,,,,,,,,,,,,,,,,,,,,,,,,,,,,,,,,,,,,,,,,,,,,,,,,,,,,,,,,,,,,,,,,,,,,,,,,,,,,,,,,,,,,,,,,,,,,,,,,,,,,,,,,,,,,,,,,,,,,,,,,,,,,,,,,,,,,,,,,,,,,,,,,,,,,,,,,,,,,,,,,,,,,,,,,,,,,,,,,,,,,,,,,,,,,,,,,,,,,,,,
467,inmolbn5,,0,0,18,,,,0,,,0.0,,,,,,,,,,,,,,czcerakw,,,,,0,Experiment_1_Persistence,https://app.prolific.com/submissions/complete?cc=C1BTHULB,0.0,1.0,467,,0.0,,1,1,467,,0.0,,,,,,,,,,,,,,,1,1,467,,0.0,,,,,,,,,,1,1,467,,0.0,,,,,,,,,,,,,,,,,,1,1,467,,0.0,,,,,,,,,,,,,1,1,467,,0.0,0,0,0,0,0,0,0,0,0,,,,,1,1,,,,,,,,,,,,,,,,,,,,,,,,,,,,,,,,,,,,,,,,,,,,,,,,,,,,,,,,,,,,,,,,,,,,,,,,,,,,,,,,,,,,,,,,,,,,,,,,,,,,,,,,,,,,,,,,,,,,,,,,,,,,,,,,,,,,,,,,,,,,,,,,,,,,,,,,,,,,,,,,,,,,,,,,,,,,,,,,,,,,,,,,,,,,,,,,,,,,,,,,,,,,,,,,,,,,,,,,,,,,,,,,,,,,,,,,,,,,,,,,,,,,,,,,,,,,,,,,,,,,,,,,,,,,,,,,,,,,,,,,,,,,,,,,,,,,,,,,,,,,,,,,,,,,,,,,,,,
468,te990fsy,,0,0,18,,,,0,,,0.0,,,,,,,,,,,,,,czcerakw,,,,,0,Experiment_1_Persistence,https://app.prolific.com/submissions/complete?cc=C1BTHULB,0.0,1.0,468,,0.0,,1,1,468,,0.0,,,,,,,,,,,,,,,1,1,468,,0.0,,,,,,,,,,1,1,468,,0.0,,,,,,,,,,,,,,,,,,1,1,468,,0.0,,,,,,,,,,,,,1,1,468,,0.0,0,0,0,0,0,0,0,0,0,,,,,1,1,,,,,,,,,,,,,,,,,,,,,,,,,,,,,,,,,,,,,,,,,,,,,,,,,,,,,,,,,,,,,,,,,,,,,,,,,,,,,,,,,,,,,,,,,,,,,,,,,,,,,,,,,,,,,,,,,,,,,,,,,,,,,,,,,,,,,,,,,,,,,,,,,,,,,,,,,,,,,,,,,,,,,,,,,,,,,,,,,,,,,,,,,,,,,,,,,,,,,,,,,,,,,,,,,,,,,,,,,,,,,,,,,,,,,,,,,,,,,,,,,,,,,,,,,,,,,,,,,,,,,,,,,,,,,,,,,,,,,,,,,,,,,,,,,,,,,,,,,,,,,,,,,,,,,,,,,,,
469,xvsbtucs,,0,0,18,,,,0,,,0.0,,,,,,,,,,,,,,czcerakw,,,,,0,Experiment_1_Persistence,https://app.prolific.com/submissions/complete?cc=C1BTHULB,0.0,1.0,469,,0.0,,1,1,469,,0.0,,,,,,,,,,,,,,,1,1,469,,0.0,,,,,,,,,,1,1,469,,0.0,,,,,,,,,,,,,,,,,,1,1,469,,0.0,,,,,,,,,,,,,1,1,469,,0.0,0,0,0,0,0,0,0,0,0,,,,,1,1,,,,,,,,,,,,,,,,,,,,,,,,,,,,,,,,,,,,,,,,,,,,,,,,,,,,,,,,,,,,,,,,,,,,,,,,,,,,,,,,,,,,,,,,,,,,,,,,,,,,,,,,,,,,,,,,,,,,,,,,,,,,,,,,,,,,,,,,,,,,,,,,,,,,,,,,,,,,,,,,,,,,,,,,,,,,,,,,,,,,,,,,,,,,,,,,,,,,,,,,,,,,,,,,,,,,,,,,,,,,,,,,,,,,,,,,,,,,,,,,,,,,,,,,,,,,,,,,,,,,,,,,,,,,,,,,,,,,,,,,,,,,,,,,,,,,,,,,,,,,,,,,,,,,,,,,,,,
470,pozsz2vh,,0,0,18,,,,0,,,0.0,,,,,,,,,,,,,,czcerakw,,,,,0,Experiment_1_Persistence,https://app.prolific.com/submissions/complete?cc=C1BTHULB,0.0,1.0,470,,0.0,,1,1,470,,0.0,,,,,,,,,,,,,,,1,1,470,,0.0,,,,,,,,,,1,1,470,,0.0,,,,,,,,,,,,,,,,,,1,1,470,,0.0,,,,,,,,,,,,,1,1,470,,0.0,0,0,0,0,0,0,0,0,0,,,,,1,1,,,,,,,,,,,,,,,,,,,,,,,,,,,,,,,,,,,,,,,,,,,,,,,,,,,,,,,,,,,,,,,,,,,,,,,,,,,,,,,,,,,,,,,,,,,,,,,,,,,,,,,,,,,,,,,,,,,,,,,,,,,,,,,,,,,,,,,,,,,,,,,,,,,,,,,,,,,,,,,,,,,,,,,,,,,,,,,,,,,,,,,,,,,,,,,,,,,,,,,,,,,,,,,,,,,,,,,,,,,,,,,,,,,,,,,,,,,,,,,,,,,,,,,,,,,,,,,,,,,,,,,,,,,,,,,,,,,,,,,,,,,,,,,,,,,,,,,,,,,,,,,,,,,,,,,,,,,
471,lq8sv5gl,,0,0,18,,,,0,,,0.0,,,,,,,,,,,,,,czcerakw,,,,,0,Experiment_1_Persistence,https://app.prolific.com/submissions/complete?cc=C1BTHULB,0.0,1.0,471,,0.0,,1,1,471,,0.0,,,,,,,,,,,,,,,1,1,471,,0.0,,,,,,,,,,1,1,471,,0.0,,,,,,,,,,,,,,,,,,1,1,471,,0.0,,,,,,,,,,,,,1,1,471,,0.0,0,0,0,0,0,0,0,0,0,,,,,1,1,,,,,,,,,,,,,,,,,,,,,,,,,,,,,,,,,,,,,,,,,,,,,,,,,,,,,,,,,,,,,,,,,,,,,,,,,,,,,,,,,,,,,,,,,,,,,,,,,,,,,,,,,,,,,,,,,,,,,,,,,,,,,,,,,,,,,,,,,,,,,,,,,,,,,,,,,,,,,,,,,,,,,,,,,,,,,,,,,,,,,,,,,,,,,,,,,,,,,,,,,,,,,,,,,,,,,,,,,,,,,,,,,,,,,,,,,,,,,,,,,,,,,,,,,,,,,,,,,,,,,,,,,,,,,,,,,,,,,,,,,,,,,,,,,,,,,,,,,,,,,,,,,,,,,,,,,,,
472,rm1nkfd4,,0,0,18,,,,0,,,0.0,,,,,,,,,,,,,,czcerakw,,,,,0,Experiment_1_Persistence,https://app.prolific.com/submissions/complete?cc=C1BTHULB,0.0,1.0,472,,0.0,,1,1,472,,0.0,,,,,,,,,,,,,,,1,1,472,,0.0,,,,,,,,,,1,1,472,,0.0,,,,,,,,,,,,,,,,,,1,1,472,,0.0,,,,,,,,,,,,,1,1,472,,0.0,0,0,0,0,0,0,0,0,0,,,,,1,1,,,,,,,,,,,,,,,,,,,,,,,,,,,,,,,,,,,,,,,,,,,,,,,,,,,,,,,,,,,,,,,,,,,,,,,,,,,,,,,,,,,,,,,,,,,,,,,,,,,,,,,,,,,,,,,,,,,,,,,,,,,,,,,,,,,,,,,,,,,,,,,,,,,,,,,,,,,,,,,,,,,,,,,,,,,,,,,,,,,,,,,,,,,,,,,,,,,,,,,,,,,,,,,,,,,,,,,,,,,,,,,,,,,,,,,,,,,,,,,,,,,,,,,,,,,,,,,,,,,,,,,,,,,,,,,,,,,,,,,,,,,,,,,,,,,,,,,,,,,,,,,,,,,,,,,,,,,
473,3diasubo,,0,0,18,,,,0,,,0.0,,,,,,,,,,,,,,czcerakw,,,,,0,Experiment_1_Persistence,https://app.prolific.com/submissions/complete?cc=C1BTHULB,0.0,1.0,473,,0.0,,1,1,473,,0.0,,,,,,,,,,,,,,,1,1,473,,0.0,,,,,,,,,,1,1,473,,0.0,,,,,,,,,,,,,,,,,,1,1,473,,0.0,,,,,,,,,,,,,1,1,473,,0.0,0,0,0,0,0,0,0,0,0,,,,,1,1,,,,,,,,,,,,,,,,,,,,,,,,,,,,,,,,,,,,,,,,,,,,,,,,,,,,,,,,,,,,,,,,,,,,,,,,,,,,,,,,,,,,,,,,,,,,,,,,,,,,,,,,,,,,,,,,,,,,,,,,,,,,,,,,,,,,,,,,,,,,,,,,,,,,,,,,,,,,,,,,,,,,,,,,,,,,,,,,,,,,,,,,,,,,,,,,,,,,,,,,,,,,,,,,,,,,,,,,,,,,,,,,,,,,,,,,,,,,,,,,,,,,,,,,,,,,,,,,,,,,,,,,,,,,,,,,,,,,,,,,,,,,,,,,,,,,,,,,,,,,,,,,,,,,,,,,,,,
474,nm0xrwdc,,0,0,18,,,,0,,,0.0,,,,,,,,,,,,,,czcerakw,,,,,0,Experiment_1_Persistence,https://app.prolific.com/submissions/complete?cc=C1BTHULB,0.0,1.0,474,,0.0,,1,1,474,,0.0,,,,,,,,,,,,,,,1,1,474,,0.0,,,,,,,,,,1,1,474,,0.0,,,,,,,,,,,,,,,,,,1,1,474,,0.0,,,,,,,,,,,,,1,1,474,,0.0,0,0,0,0,0,0,0,0,0,,,,,1,1,,,,,,,,,,,,,,,,,,,,,,,,,,,,,,,,,,,,,,,,,,,,,,,,,,,,,,,,,,,,,,,,,,,,,,,,,,,,,,,,,,,,,,,,,,,,,,,,,,,,,,,,,,,,,,,,,,,,,,,,,,,,,,,,,,,,,,,,,,,,,,,,,,,,,,,,,,,,,,,,,,,,,,,,,,,,,,,,,,,,,,,,,,,,,,,,,,,,,,,,,,,,,,,,,,,,,,,,,,,,,,,,,,,,,,,,,,,,,,,,,,,,,,,,,,,,,,,,,,,,,,,,,,,,,,,,,,,,,,,,,,,,,,,,,,,,,,,,,,,,,,,,,,,,,,,,,,,
475,zkbuc2jv,,0,0,18,,,,0,,,0.0,,,,,,,,,,,,,,czcerakw,,,,,0,Experiment_1_Persistence,https://app.prolific.com/submissions/complete?cc=C1BTHULB,0.0,1.0,475,,0.0,,1,1,475,,0.0,,,,,,,,,,,,,,,1,1,475,,0.0,,,,,,,,,,1,1,475,,0.0,,,,,,,,,,,,,,,,,,1,1,475,,0.0,,,,,,,,,,,,,1,1,475,,0.0,0,0,0,0,0,0,0,0,0,,,,,1,1,,,,,,,,,,,,,,,,,,,,,,,,,,,,,,,,,,,,,,,,,,,,,,,,,,,,,,,,,,,,,,,,,,,,,,,,,,,,,,,,,,,,,,,,,,,,,,,,,,,,,,,,,,,,,,,,,,,,,,,,,,,,,,,,,,,,,,,,,,,,,,,,,,,,,,,,,,,,,,,,,,,,,,,,,,,,,,,,,,,,,,,,,,,,,,,,,,,,,,,,,,,,,,,,,,,,,,,,,,,,,,,,,,,,,,,,,,,,,,,,,,,,,,,,,,,,,,,,,,,,,,,,,,,,,,,,,,,,,,,,,,,,,,,,,,,,,,,,,,,,,,,,,,,,,,,,,,,
476,8plpz2xo,,0,0,18,,,,0,,,0.0,,,,,,,,,,,,,,czcerakw,,,,,0,Experiment_1_Persistence,https://app.prolific.com/submissions/complete?cc=C1BTHULB,0.0,1.0,476,,0.0,,1,1,476,,0.0,,,,,,,,,,,,,,,1,1,476,,0.0,,,,,,,,,,1,1,476,,0.0,,,,,,,,,,,,,,,,,,1,1,476,,0.0,,,,,,,,,,,,,1,1,476,,0.0,0,0,0,0,0,0,0,0,0,,,,,1,1,,,,,,,,,,,,,,,,,,,,,,,,,,,,,,,,,,,,,,,,,,,,,,,,,,,,,,,,,,,,,,,,,,,,,,,,,,,,,,,,,,,,,,,,,,,,,,,,,,,,,,,,,,,,,,,,,,,,,,,,,,,,,,,,,,,,,,,,,,,,,,,,,,,,,,,,,,,,,,,,,,,,,,,,,,,,,,,,,,,,,,,,,,,,,,,,,,,,,,,,,,,,,,,,,,,,,,,,,,,,,,,,,,,,,,,,,,,,,,,,,,,,,,,,,,,,,,,,,,,,,,,,,,,,,,,,,,,,,,,,,,,,,,,,,,,,,,,,,,,,,,,,,,,,,,,,,,,
477,w9gxxa48,,0,0,18,,,,0,,,0.0,,,,,,,,,,,,,,czcerakw,,,,,0,Experiment_1_Persistence,https://app.prolific.com/submissions/complete?cc=C1BTHULB,0.0,1.0,477,,0.0,,1,1,477,,0.0,,,,,,,,,,,,,,,1,1,477,,0.0,,,,,,,,,,1,1,477,,0.0,,,,,,,,,,,,,,,,,,1,1,477,,0.0,,,,,,,,,,,,,1,1,477,,0.0,0,0,0,0,0,0,0,0,0,,,,,1,1,,,,,,,,,,,,,,,,,,,,,,,,,,,,,,,,,,,,,,,,,,,,,,,,,,,,,,,,,,,,,,,,,,,,,,,,,,,,,,,,,,,,,,,,,,,,,,,,,,,,,,,,,,,,,,,,,,,,,,,,,,,,,,,,,,,,,,,,,,,,,,,,,,,,,,,,,,,,,,,,,,,,,,,,,,,,,,,,,,,,,,,,,,,,,,,,,,,,,,,,,,,,,,,,,,,,,,,,,,,,,,,,,,,,,,,,,,,,,,,,,,,,,,,,,,,,,,,,,,,,,,,,,,,,,,,,,,,,,,,,,,,,,,,,,,,,,,,,,,,,,,,,,,,,,,,,,,,
478,bysft6p4,,0,0,18,,,,0,,,0.0,,,,,,,,,,,,,,czcerakw,,,,,0,Experiment_1_Persistence,https://app.prolific.com/submissions/complete?cc=C1BTHULB,0.0,1.0,478,,0.0,,1,1,478,,0.0,,,,,,,,,,,,,,,1,1,478,,0.0,,,,,,,,,,1,1,478,,0.0,,,,,,,,,,,,,,,,,,1,1,478,,0.0,,,,,,,,,,,,,1,1,478,,0.0,0,0,0,0,0,0,0,0,0,,,,,1,1,,,,,,,,,,,,,,,,,,,,,,,,,,,,,,,,,,,,,,,,,,,,,,,,,,,,,,,,,,,,,,,,,,,,,,,,,,,,,,,,,,,,,,,,,,,,,,,,,,,,,,,,,,,,,,,,,,,,,,,,,,,,,,,,,,,,,,,,,,,,,,,,,,,,,,,,,,,,,,,,,,,,,,,,,,,,,,,,,,,,,,,,,,,,,,,,,,,,,,,,,,,,,,,,,,,,,,,,,,,,,,,,,,,,,,,,,,,,,,,,,,,,,,,,,,,,,,,,,,,,,,,,,,,,,,,,,,,,,,,,,,,,,,,,,,,,,,,,,,,,,,,,,,,,,,,,,,,
479,dlwdry0i,,0,0,18,,,,0,,,0.0,,,,,,,,,,,,,,czcerakw,,,,,0,Experiment_1_Persistence,https://app.prolific.com/submissions/complete?cc=C1BTHULB,0.0,1.0,479,,0.0,,1,1,479,,0.0,,,,,,,,,,,,,,,1,1,479,,0.0,,,,,,,,,,1,1,479,,0.0,,,,,,,,,,,,,,,,,,1,1,479,,0.0,,,,,,,,,,,,,1,1,479,,0.0,0,0,0,0,0,0,0,0,0,,,,,1,1,,,,,,,,,,,,,,,,,,,,,,,,,,,,,,,,,,,,,,,,,,,,,,,,,,,,,,,,,,,,,,,,,,,,,,,,,,,,,,,,,,,,,,,,,,,,,,,,,,,,,,,,,,,,,,,,,,,,,,,,,,,,,,,,,,,,,,,,,,,,,,,,,,,,,,,,,,,,,,,,,,,,,,,,,,,,,,,,,,,,,,,,,,,,,,,,,,,,,,,,,,,,,,,,,,,,,,,,,,,,,,,,,,,,,,,,,,,,,,,,,,,,,,,,,,,,,,,,,,,,,,,,,,,,,,,,,,,,,,,,,,,,,,,,,,,,,,,,,,,,,,,,,,,,,,,,,,,
480,w4xix0q3,,0,0,18,,,,0,,,0.0,,,,,,,,,,,,,,czcerakw,,,,,0,Experiment_1_Persistence,https://app.prolific.com/submissions/complete?cc=C1BTHULB,0.0,1.0,480,,0.0,,1,1,480,,0.0,,,,,,,,,,,,,,,1,1,480,,0.0,,,,,,,,,,1,1,480,,0.0,,,,,,,,,,,,,,,,,,1,1,480,,0.0,,,,,,,,,,,,,1,1,480,,0.0,0,0,0,0,0,0,0,0,0,,,,,1,1,,,,,,,,,,,,,,,,,,,,,,,,,,,,,,,,,,,,,,,,,,,,,,,,,,,,,,,,,,,,,,,,,,,,,,,,,,,,,,,,,,,,,,,,,,,,,,,,,,,,,,,,,,,,,,,,,,,,,,,,,,,,,,,,,,,,,,,,,,,,,,,,,,,,,,,,,,,,,,,,,,,,,,,,,,,,,,,,,,,,,,,,,,,,,,,,,,,,,,,,,,,,,,,,,,,,,,,,,,,,,,,,,,,,,,,,,,,,,,,,,,,,,,,,,,,,,,,,,,,,,,,,,,,,,,,,,,,,,,,,,,,,,,,,,,,,,,,,,,,,,,,,,,,,,,,,,,,
481,7m42ll5a,,0,0,18,,,,0,,,0.0,,,,,,,,,,,,,,czcerakw,,,,,0,Experiment_1_Persistence,https://app.prolific.com/submissions/complete?cc=C1BTHULB,0.0,1.0,481,,0.0,,1,1,481,,0.0,,,,,,,,,,,,,,,1,1,481,,0.0,,,,,,,,,,1,1,481,,0.0,,,,,,,,,,,,,,,,,,1,1,481,,0.0,,,,,,,,,,,,,1,1,481,,0.0,0,0,0,0,0,0,0,0,0,,,,,1,1,,,,,,,,,,,,,,,,,,,,,,,,,,,,,,,,,,,,,,,,,,,,,,,,,,,,,,,,,,,,,,,,,,,,,,,,,,,,,,,,,,,,,,,,,,,,,,,,,,,,,,,,,,,,,,,,,,,,,,,,,,,,,,,,,,,,,,,,,,,,,,,,,,,,,,,,,,,,,,,,,,,,,,,,,,,,,,,,,,,,,,,,,,,,,,,,,,,,,,,,,,,,,,,,,,,,,,,,,,,,,,,,,,,,,,,,,,,,,,,,,,,,,,,,,,,,,,,,,,,,,,,,,,,,,,,,,,,,,,,,,,,,,,,,,,,,,,,,,,,,,,,,,,,,,,,,,,,
482,6y03fsl7,,0,0,18,,,,0,,,0.0,,,,,,,,,,,,,,czcerakw,,,,,0,Experiment_1_Persistence,https://app.prolific.com/submissions/complete?cc=C1BTHULB,0.0,1.0,482,,0.0,,1,1,482,,0.0,,,,,,,,,,,,,,,1,1,482,,0.0,,,,,,,,,,1,1,482,,0.0,,,,,,,,,,,,,,,,,,1,1,482,,0.0,,,,,,,,,,,,,1,1,482,,0.0,0,0,0,0,0,0,0,0,0,,,,,1,1,,,,,,,,,,,,,,,,,,,,,,,,,,,,,,,,,,,,,,,,,,,,,,,,,,,,,,,,,,,,,,,,,,,,,,,,,,,,,,,,,,,,,,,,,,,,,,,,,,,,,,,,,,,,,,,,,,,,,,,,,,,,,,,,,,,,,,,,,,,,,,,,,,,,,,,,,,,,,,,,,,,,,,,,,,,,,,,,,,,,,,,,,,,,,,,,,,,,,,,,,,,,,,,,,,,,,,,,,,,,,,,,,,,,,,,,,,,,,,,,,,,,,,,,,,,,,,,,,,,,,,,,,,,,,,,,,,,,,,,,,,,,,,,,,,,,,,,,,,,,,,,,,,,,,,,,,,,
483,er4wufja,,0,0,18,,,,0,,,0.0,,,,,,,,,,,,,,czcerakw,,,,,0,Experiment_1_Persistence,https://app.prolific.com/submissions/complete?cc=C1BTHULB,0.0,1.0,483,,0.0,,1,1,483,,0.0,,,,,,,,,,,,,,,1,1,483,,0.0,,,,,,,,,,1,1,483,,0.0,,,,,,,,,,,,,,,,,,1,1,483,,0.0,,,,,,,,,,,,,1,1,483,,0.0,0,0,0,0,0,0,0,0,0,,,,,1,1,,,,,,,,,,,,,,,,,,,,,,,,,,,,,,,,,,,,,,,,,,,,,,,,,,,,,,,,,,,,,,,,,,,,,,,,,,,,,,,,,,,,,,,,,,,,,,,,,,,,,,,,,,,,,,,,,,,,,,,,,,,,,,,,,,,,,,,,,,,,,,,,,,,,,,,,,,,,,,,,,,,,,,,,,,,,,,,,,,,,,,,,,,,,,,,,,,,,,,,,,,,,,,,,,,,,,,,,,,,,,,,,,,,,,,,,,,,,,,,,,,,,,,,,,,,,,,,,,,,,,,,,,,,,,,,,,,,,,,,,,,,,,,,,,,,,,,,,,,,,,,,,,,,,,,,,,,,
484,1c5dpzp7,,0,0,18,,,,0,,,0.0,,,,,,,,,,,,,,czcerakw,,,,,0,Experiment_1_Persistence,https://app.prolific.com/submissions/complete?cc=C1BTHULB,0.0,1.0,484,,0.0,,1,1,484,,0.0,,,,,,,,,,,,,,,1,1,484,,0.0,,,,,,,,,,1,1,484,,0.0,,,,,,,,,,,,,,,,,,1,1,484,,0.0,,,,,,,,,,,,,1,1,484,,0.0,0,0,0,0,0,0,0,0,0,,,,,1,1,,,,,,,,,,,,,,,,,,,,,,,,,,,,,,,,,,,,,,,,,,,,,,,,,,,,,,,,,,,,,,,,,,,,,,,,,,,,,,,,,,,,,,,,,,,,,,,,,,,,,,,,,,,,,,,,,,,,,,,,,,,,,,,,,,,,,,,,,,,,,,,,,,,,,,,,,,,,,,,,,,,,,,,,,,,,,,,,,,,,,,,,,,,,,,,,,,,,,,,,,,,,,,,,,,,,,,,,,,,,,,,,,,,,,,,,,,,,,,,,,,,,,,,,,,,,,,,,,,,,,,,,,,,,,,,,,,,,,,,,,,,,,,,,,,,,,,,,,,,,,,,,,,,,,,,,,,,
485,b4bn11b3,,0,0,18,,,,0,,,0.0,,,,,,,,,,,,,,czcerakw,,,,,0,Experiment_1_Persistence,https://app.prolific.com/submissions/complete?cc=C1BTHULB,0.0,1.0,485,,0.0,,1,1,485,,0.0,,,,,,,,,,,,,,,1,1,485,,0.0,,,,,,,,,,1,1,485,,0.0,,,,,,,,,,,,,,,,,,1,1,485,,0.0,,,,,,,,,,,,,1,1,485,,0.0,0,0,0,0,0,0,0,0,0,,,,,1,1,,,,,,,,,,,,,,,,,,,,,,,,,,,,,,,,,,,,,,,,,,,,,,,,,,,,,,,,,,,,,,,,,,,,,,,,,,,,,,,,,,,,,,,,,,,,,,,,,,,,,,,,,,,,,,,,,,,,,,,,,,,,,,,,,,,,,,,,,,,,,,,,,,,,,,,,,,,,,,,,,,,,,,,,,,,,,,,,,,,,,,,,,,,,,,,,,,,,,,,,,,,,,,,,,,,,,,,,,,,,,,,,,,,,,,,,,,,,,,,,,,,,,,,,,,,,,,,,,,,,,,,,,,,,,,,,,,,,,,,,,,,,,,,,,,,,,,,,,,,,,,,,,,,,,,,,,,,
486,6epifepe,,0,0,18,,,,0,,,0.0,,,,,,,,,,,,,,czcerakw,,,,,0,Experiment_1_Persistence,https://app.prolific.com/submissions/complete?cc=C1BTHULB,0.0,1.0,486,,0.0,,1,1,486,,0.0,,,,,,,,,,,,,,,1,1,486,,0.0,,,,,,,,,,1,1,486,,0.0,,,,,,,,,,,,,,,,,,1,1,486,,0.0,,,,,,,,,,,,,1,1,486,,0.0,0,0,0,0,0,0,0,0,0,,,,,1,1,,,,,,,,,,,,,,,,,,,,,,,,,,,,,,,,,,,,,,,,,,,,,,,,,,,,,,,,,,,,,,,,,,,,,,,,,,,,,,,,,,,,,,,,,,,,,,,,,,,,,,,,,,,,,,,,,,,,,,,,,,,,,,,,,,,,,,,,,,,,,,,,,,,,,,,,,,,,,,,,,,,,,,,,,,,,,,,,,,,,,,,,,,,,,,,,,,,,,,,,,,,,,,,,,,,,,,,,,,,,,,,,,,,,,,,,,,,,,,,,,,,,,,,,,,,,,,,,,,,,,,,,,,,,,,,,,,,,,,,,,,,,,,,,,,,,,,,,,,,,,,,,,,,,,,,,,,,
487,571q2bfn,,0,0,18,,,,0,,,0.0,,,,,,,,,,,,,,czcerakw,,,,,0,Experiment_1_Persistence,https://app.prolific.com/submissions/complete?cc=C1BTHULB,0.0,1.0,487,,0.0,,1,1,487,,0.0,,,,,,,,,,,,,,,1,1,487,,0.0,,,,,,,,,,1,1,487,,0.0,,,,,,,,,,,,,,,,,,1,1,487,,0.0,,,,,,,,,,,,,1,1,487,,0.0,0,0,0,0,0,0,0,0,0,,,,,1,1,,,,,,,,,,,,,,,,,,,,,,,,,,,,,,,,,,,,,,,,,,,,,,,,,,,,,,,,,,,,,,,,,,,,,,,,,,,,,,,,,,,,,,,,,,,,,,,,,,,,,,,,,,,,,,,,,,,,,,,,,,,,,,,,,,,,,,,,,,,,,,,,,,,,,,,,,,,,,,,,,,,,,,,,,,,,,,,,,,,,,,,,,,,,,,,,,,,,,,,,,,,,,,,,,,,,,,,,,,,,,,,,,,,,,,,,,,,,,,,,,,,,,,,,,,,,,,,,,,,,,,,,,,,,,,,,,,,,,,,,,,,,,,,,,,,,,,,,,,,,,,,,,,,,,,,,,,,
488,az9v6dsb,,0,0,18,,,,0,,,0.0,,,,,,,,,,,,,,czcerakw,,,,,0,Experiment_1_Persistence,https://app.prolific.com/submissions/complete?cc=C1BTHULB,0.0,1.0,488,,0.0,,1,1,488,,0.0,,,,,,,,,,,,,,,1,1,488,,0.0,,,,,,,,,,1,1,488,,0.0,,,,,,,,,,,,,,,,,,1,1,488,,0.0,,,,,,,,,,,,,1,1,488,,0.0,0,0,0,0,0,0,0,0,0,,,,,1,1,,,,,,,,,,,,,,,,,,,,,,,,,,,,,,,,,,,,,,,,,,,,,,,,,,,,,,,,,,,,,,,,,,,,,,,,,,,,,,,,,,,,,,,,,,,,,,,,,,,,,,,,,,,,,,,,,,,,,,,,,,,,,,,,,,,,,,,,,,,,,,,,,,,,,,,,,,,,,,,,,,,,,,,,,,,,,,,,,,,,,,,,,,,,,,,,,,,,,,,,,,,,,,,,,,,,,,,,,,,,,,,,,,,,,,,,,,,,,,,,,,,,,,,,,,,,,,,,,,,,,,,,,,,,,,,,,,,,,,,,,,,,,,,,,,,,,,,,,,,,,,,,,,,,,,,,,,,
489,t408xt1p,,0,0,18,,,,0,,,0.0,,,,,,,,,,,,,,czcerakw,,,,,0,Experiment_1_Persistence,https://app.prolific.com/submissions/complete?cc=C1BTHULB,0.0,1.0,489,,0.0,,1,1,489,,0.0,,,,,,,,,,,,,,,1,1,489,,0.0,,,,,,,,,,1,1,489,,0.0,,,,,,,,,,,,,,,,,,1,1,489,,0.0,,,,,,,,,,,,,1,1,489,,0.0,0,0,0,0,0,0,0,0,0,,,,,1,1,,,,,,,,,,,,,,,,,,,,,,,,,,,,,,,,,,,,,,,,,,,,,,,,,,,,,,,,,,,,,,,,,,,,,,,,,,,,,,,,,,,,,,,,,,,,,,,,,,,,,,,,,,,,,,,,,,,,,,,,,,,,,,,,,,,,,,,,,,,,,,,,,,,,,,,,,,,,,,,,,,,,,,,,,,,,,,,,,,,,,,,,,,,,,,,,,,,,,,,,,,,,,,,,,,,,,,,,,,,,,,,,,,,,,,,,,,,,,,,,,,,,,,,,,,,,,,,,,,,,,,,,,,,,,,,,,,,,,,,,,,,,,,,,,,,,,,,,,,,,,,,,,,,,,,,,,,,
490,9zbc5noc,,0,0,18,,,,0,,,0.0,,,,,,,,,,,,,,czcerakw,,,,,0,Experiment_1_Persistence,https://app.prolific.com/submissions/complete?cc=C1BTHULB,0.0,1.0,490,,0.0,,1,1,490,,0.0,,,,,,,,,,,,,,,1,1,490,,0.0,,,,,,,,,,1,1,490,,0.0,,,,,,,,,,,,,,,,,,1,1,490,,0.0,,,,,,,,,,,,,1,1,490,,0.0,0,0,0,0,0,0,0,0,0,,,,,1,1,,,,,,,,,,,,,,,,,,,,,,,,,,,,,,,,,,,,,,,,,,,,,,,,,,,,,,,,,,,,,,,,,,,,,,,,,,,,,,,,,,,,,,,,,,,,,,,,,,,,,,,,,,,,,,,,,,,,,,,,,,,,,,,,,,,,,,,,,,,,,,,,,,,,,,,,,,,,,,,,,,,,,,,,,,,,,,,,,,,,,,,,,,,,,,,,,,,,,,,,,,,,,,,,,,,,,,,,,,,,,,,,,,,,,,,,,,,,,,,,,,,,,,,,,,,,,,,,,,,,,,,,,,,,,,,,,,,,,,,,,,,,,,,,,,,,,,,,,,,,,,,,,,,,,,,,,,,
491,3ngz6j69,,0,0,18,,,,0,,,0.0,,,,,,,,,,,,,,czcerakw,,,,,0,Experiment_1_Persistence,https://app.prolific.com/submissions/complete?cc=C1BTHULB,0.0,1.0,491,,0.0,,1,1,491,,0.0,,,,,,,,,,,,,,,1,1,491,,0.0,,,,,,,,,,1,1,491,,0.0,,,,,,,,,,,,,,,,,,1,1,491,,0.0,,,,,,,,,,,,,1,1,491,,0.0,0,0,0,0,0,0,0,0,0,,,,,1,1,,,,,,,,,,,,,,,,,,,,,,,,,,,,,,,,,,,,,,,,,,,,,,,,,,,,,,,,,,,,,,,,,,,,,,,,,,,,,,,,,,,,,,,,,,,,,,,,,,,,,,,,,,,,,,,,,,,,,,,,,,,,,,,,,,,,,,,,,,,,,,,,,,,,,,,,,,,,,,,,,,,,,,,,,,,,,,,,,,,,,,,,,,,,,,,,,,,,,,,,,,,,,,,,,,,,,,,,,,,,,,,,,,,,,,,,,,,,,,,,,,,,,,,,,,,,,,,,,,,,,,,,,,,,,,,,,,,,,,,,,,,,,,,,,,,,,,,,,,,,,,,,,,,,,,,,,,,
492,httl2zbt,,0,0,18,,,,0,,,0.0,,,,,,,,,,,,,,czcerakw,,,,,0,Experiment_1_Persistence,https://app.prolific.com/submissions/complete?cc=C1BTHULB,0.0,1.0,492,,0.0,,1,1,492,,0.0,,,,,,,,,,,,,,,1,1,492,,0.0,,,,,,,,,,1,1,492,,0.0,,,,,,,,,,,,,,,,,,1,1,492,,0.0,,,,,,,,,,,,,1,1,492,,0.0,0,0,0,0,0,0,0,0,0,,,,,1,1,,,,,,,,,,,,,,,,,,,,,,,,,,,,,,,,,,,,,,,,,,,,,,,,,,,,,,,,,,,,,,,,,,,,,,,,,,,,,,,,,,,,,,,,,,,,,,,,,,,,,,,,,,,,,,,,,,,,,,,,,,,,,,,,,,,,,,,,,,,,,,,,,,,,,,,,,,,,,,,,,,,,,,,,,,,,,,,,,,,,,,,,,,,,,,,,,,,,,,,,,,,,,,,,,,,,,,,,,,,,,,,,,,,,,,,,,,,,,,,,,,,,,,,,,,,,,,,,,,,,,,,,,,,,,,,,,,,,,,,,,,,,,,,,,,,,,,,,,,,,,,,,,,,,,,,,,,,
493,eov5sci2,,0,0,18,,,,0,,,0.0,,,,,,,,,,,,,,czcerakw,,,,,0,Experiment_1_Persistence,https://app.prolific.com/submissions/complete?cc=C1BTHULB,0.0,1.0,493,,0.0,,1,1,493,,0.0,,,,,,,,,,,,,,,1,1,493,,0.0,,,,,,,,,,1,1,493,,0.0,,,,,,,,,,,,,,,,,,1,1,493,,0.0,,,,,,,,,,,,,1,1,493,,0.0,0,0,0,0,0,0,0,0,0,,,,,1,1,,,,,,,,,,,,,,,,,,,,,,,,,,,,,,,,,,,,,,,,,,,,,,,,,,,,,,,,,,,,,,,,,,,,,,,,,,,,,,,,,,,,,,,,,,,,,,,,,,,,,,,,,,,,,,,,,,,,,,,,,,,,,,,,,,,,,,,,,,,,,,,,,,,,,,,,,,,,,,,,,,,,,,,,,,,,,,,,,,,,,,,,,,,,,,,,,,,,,,,,,,,,,,,,,,,,,,,,,,,,,,,,,,,,,,,,,,,,,,,,,,,,,,,,,,,,,,,,,,,,,,,,,,,,,,,,,,,,,,,,,,,,,,,,,,,,,,,,,,,,,,,,,,,,,,,,,,,
494,tnhoh442,,0,0,18,,,,0,,,0.0,,,,,,,,,,,,,,czcerakw,,,,,0,Experiment_1_Persistence,https://app.prolific.com/submissions/complete?cc=C1BTHULB,0.0,1.0,494,,0.0,,1,1,494,,0.0,,,,,,,,,,,,,,,1,1,494,,0.0,,,,,,,,,,1,1,494,,0.0,,,,,,,,,,,,,,,,,,1,1,494,,0.0,,,,,,,,,,,,,1,1,494,,0.0,0,0,0,0,0,0,0,0,0,,,,,1,1,,,,,,,,,,,,,,,,,,,,,,,,,,,,,,,,,,,,,,,,,,,,,,,,,,,,,,,,,,,,,,,,,,,,,,,,,,,,,,,,,,,,,,,,,,,,,,,,,,,,,,,,,,,,,,,,,,,,,,,,,,,,,,,,,,,,,,,,,,,,,,,,,,,,,,,,,,,,,,,,,,,,,,,,,,,,,,,,,,,,,,,,,,,,,,,,,,,,,,,,,,,,,,,,,,,,,,,,,,,,,,,,,,,,,,,,,,,,,,,,,,,,,,,,,,,,,,,,,,,,,,,,,,,,,,,,,,,,,,,,,,,,,,,,,,,,,,,,,,,,,,,,,,,,,,,,,,,
495,ophtla4j,,0,0,18,,,,0,,,0.0,,,,,,,,,,,,,,czcerakw,,,,,0,Experiment_1_Persistence,https://app.prolific.com/submissions/complete?cc=C1BTHULB,0.0,1.0,495,,0.0,,1,1,495,,0.0,,,,,,,,,,,,,,,1,1,495,,0.0,,,,,,,,,,1,1,495,,0.0,,,,,,,,,,,,,,,,,,1,1,495,,0.0,,,,,,,,,,,,,1,1,495,,0.0,0,0,0,0,0,0,0,0,0,,,,,1,1,,,,,,,,,,,,,,,,,,,,,,,,,,,,,,,,,,,,,,,,,,,,,,,,,,,,,,,,,,,,,,,,,,,,,,,,,,,,,,,,,,,,,,,,,,,,,,,,,,,,,,,,,,,,,,,,,,,,,,,,,,,,,,,,,,,,,,,,,,,,,,,,,,,,,,,,,,,,,,,,,,,,,,,,,,,,,,,,,,,,,,,,,,,,,,,,,,,,,,,,,,,,,,,,,,,,,,,,,,,,,,,,,,,,,,,,,,,,,,,,,,,,,,,,,,,,,,,,,,,,,,,,,,,,,,,,,,,,,,,,,,,,,,,,,,,,,,,,,,,,,,,,,,,,,,,,,,,
496,vqwut3s8,,0,0,18,,,,0,,,0.0,,,,,,,,,,,,,,czcerakw,,,,,0,Experiment_1_Persistence,https://app.prolific.com/submissions/complete?cc=C1BTHULB,0.0,1.0,496,,0.0,,1,1,496,,0.0,,,,,,,,,,,,,,,1,1,496,,0.0,,,,,,,,,,1,1,496,,0.0,,,,,,,,,,,,,,,,,,1,1,496,,0.0,,,,,,,,,,,,,1,1,496,,0.0,0,0,0,0,0,0,0,0,0,,,,,1,1,,,,,,,,,,,,,,,,,,,,,,,,,,,,,,,,,,,,,,,,,,,,,,,,,,,,,,,,,,,,,,,,,,,,,,,,,,,,,,,,,,,,,,,,,,,,,,,,,,,,,,,,,,,,,,,,,,,,,,,,,,,,,,,,,,,,,,,,,,,,,,,,,,,,,,,,,,,,,,,,,,,,,,,,,,,,,,,,,,,,,,,,,,,,,,,,,,,,,,,,,,,,,,,,,,,,,,,,,,,,,,,,,,,,,,,,,,,,,,,,,,,,,,,,,,,,,,,,,,,,,,,,,,,,,,,,,,,,,,,,,,,,,,,,,,,,,,,,,,,,,,,,,,,,,,,,,,,
497,4gp7zsj6,,0,0,18,,,,0,,,0.0,,,,,,,,,,,,,,czcerakw,,,,,0,Experiment_1_Persistence,https://app.prolific.com/submissions/complete?cc=C1BTHULB,0.0,1.0,497,,0.0,,1,1,497,,0.0,,,,,,,,,,,,,,,1,1,497,,0.0,,,,,,,,,,1,1,497,,0.0,,,,,,,,,,,,,,,,,,1,1,497,,0.0,,,,,,,,,,,,,1,1,497,,0.0,0,0,0,0,0,0,0,0,0,,,,,1,1,,,,,,,,,,,,,,,,,,,,,,,,,,,,,,,,,,,,,,,,,,,,,,,,,,,,,,,,,,,,,,,,,,,,,,,,,,,,,,,,,,,,,,,,,,,,,,,,,,,,,,,,,,,,,,,,,,,,,,,,,,,,,,,,,,,,,,,,,,,,,,,,,,,,,,,,,,,,,,,,,,,,,,,,,,,,,,,,,,,,,,,,,,,,,,,,,,,,,,,,,,,,,,,,,,,,,,,,,,,,,,,,,,,,,,,,,,,,,,,,,,,,,,,,,,,,,,,,,,,,,,,,,,,,,,,,,,,,,,,,,,,,,,,,,,,,,,,,,,,,,,,,,,,,,,,,,,,
498,stqkawex,,0,0,18,,,,0,,,0.0,,,,,,,,,,,,,,czcerakw,,,,,0,Experiment_1_Persistence,https://app.prolific.com/submissions/complete?cc=C1BTHULB,0.0,1.0,498,,0.0,,1,1,498,,0.0,,,,,,,,,,,,,,,1,1,498,,0.0,,,,,,,,,,1,1,498,,0.0,,,,,,,,,,,,,,,,,,1,1,498,,0.0,,,,,,,,,,,,,1,1,498,,0.0,0,0,0,0,0,0,0,0,0,,,,,1,1,,,,,,,,,,,,,,,,,,,,,,,,,,,,,,,,,,,,,,,,,,,,,,,,,,,,,,,,,,,,,,,,,,,,,,,,,,,,,,,,,,,,,,,,,,,,,,,,,,,,,,,,,,,,,,,,,,,,,,,,,,,,,,,,,,,,,,,,,,,,,,,,,,,,,,,,,,,,,,,,,,,,,,,,,,,,,,,,,,,,,,,,,,,,,,,,,,,,,,,,,,,,,,,,,,,,,,,,,,,,,,,,,,,,,,,,,,,,,,,,,,,,,,,,,,,,,,,,,,,,,,,,,,,,,,,,,,,,,,,,,,,,,,,,,,,,,,,,,,,,,,,,,,,,,,,,,,,
499,wimpv4i0,,0,0,18,,,,0,,,0.0,,,,,,,,,,,,,,czcerakw,,,,,0,Experiment_1_Persistence,https://app.prolific.com/submissions/complete?cc=C1BTHULB,0.0,1.0,499,,0.0,,1,1,499,,0.0,,,,,,,,,,,,,,,1,1,499,,0.0,,,,,,,,,,1,1,499,,0.0,,,,,,,,,,,,,,,,,,1,1,499,,0.0,,,,,,,,,,,,,1,1,499,,0.0,0,0,0,0,0,0,0,0,0,,,,,1,1,,,,,,,,,,,,,,,,,,,,,,,,,,,,,,,,,,,,,,,,,,,,,,,,,,,,,,,,,,,,,,,,,,,,,,,,,,,,,,,,,,,,,,,,,,,,,,,,,,,,,,,,,,,,,,,,,,,,,,,,,,,,,,,,,,,,,,,,,,,,,,,,,,,,,,,,,,,,,,,,,,,,,,,,,,,,,,,,,,,,,,,,,,,,,,,,,,,,,,,,,,,,,,,,,,,,,,,,,,,,,,,,,,,,,,,,,,,,,,,,,,,,,,,,,,,,,,,,,,,,,,,,,,,,,,,,,,,,,,,,,,,,,,,,,,,,,,,,,,,,,,,,,,,,,,,,,,,
500,azrj49s2,,0,0,18,,,,0,,,0.0,,,,,,,,,,,,,,czcerakw,,,,,0,Experiment_1_Persistence,https://app.prolific.com/submissions/complete?cc=C1BTHULB,0.0,1.0,500,,0.0,,1,1,500,,0.0,,,,,,,,,,,,,,,1,1,500,,0.0,,,,,,,,,,1,1,500,,0.0,,,,,,,,,,,,,,,,,,1,1,500,,0.0,,,,,,,,,,,,,1,1,500,,0.0,0,0,0,0,0,0,0,0,0,,,,,1,1,,,,,,,,,,,,,,,,,,,,,,,,,,,,,,,,,,,,,,,,,,,,,,,,,,,,,,,,,,,,,,,,,,,,,,,,,,,,,,,,,,,,,,,,,,,,,,,,,,,,,,,,,,,,,,,,,,,,,,,,,,,,,,,,,,,,,,,,,,,,,,,,,,,,,,,,,,,,,,,,,,,,,,,,,,,,,,,,,,,,,,,,,,,,,,,,,,,,,,,,,,,,,,,,,,,,,,,,,,,,,,,,,,,,,,,,,,,,,,,,,,,,,,,,,,,,,,,,,,,,,,,,,,,,,,,,,,,,,,,,,,,,,,,,,,,,,,,,,,,,,,,,,,,,,,,,,,,
501,50hbopls,,0,0,18,,,,0,,,0.0,,,,,,,,,,,,,,czcerakw,,,,,0,Experiment_1_Persistence,https://app.prolific.com/submissions/complete?cc=C1BTHULB,0.0,1.0,501,,0.0,,1,1,501,,0.0,,,,,,,,,,,,,,,1,1,501,,0.0,,,,,,,,,,1,1,501,,0.0,,,,,,,,,,,,,,,,,,1,1,501,,0.0,,,,,,,,,,,,,1,1,501,,0.0,0,0,0,0,0,0,0,0,0,,,,,1,1,,,,,,,,,,,,,,,,,,,,,,,,,,,,,,,,,,,,,,,,,,,,,,,,,,,,,,,,,,,,,,,,,,,,,,,,,,,,,,,,,,,,,,,,,,,,,,,,,,,,,,,,,,,,,,,,,,,,,,,,,,,,,,,,,,,,,,,,,,,,,,,,,,,,,,,,,,,,,,,,,,,,,,,,,,,,,,,,,,,,,,,,,,,,,,,,,,,,,,,,,,,,,,,,,,,,,,,,,,,,,,,,,,,,,,,,,,,,,,,,,,,,,,,,,,,,,,,,,,,,,,,,,,,,,,,,,,,,,,,,,,,,,,,,,,,,,,,,,,,,,,,,,,,,,,,,,,,
502,avtj8e4o,,0,0,18,,,,0,,,0.0,,,,,,,,,,,,,,czcerakw,,,,,0,Experiment_1_Persistence,https://app.prolific.com/submissions/complete?cc=C1BTHULB,0.0,1.0,502,,0.0,,1,1,502,,0.0,,,,,,,,,,,,,,,1,1,502,,0.0,,,,,,,,,,1,1,502,,0.0,,,,,,,,,,,,,,,,,,1,1,502,,0.0,,,,,,,,,,,,,1,1,502,,0.0,0,0,0,0,0,0,0,0,0,,,,,1,1,,,,,,,,,,,,,,,,,,,,,,,,,,,,,,,,,,,,,,,,,,,,,,,,,,,,,,,,,,,,,,,,,,,,,,,,,,,,,,,,,,,,,,,,,,,,,,,,,,,,,,,,,,,,,,,,,,,,,,,,,,,,,,,,,,,,,,,,,,,,,,,,,,,,,,,,,,,,,,,,,,,,,,,,,,,,,,,,,,,,,,,,,,,,,,,,,,,,,,,,,,,,,,,,,,,,,,,,,,,,,,,,,,,,,,,,,,,,,,,,,,,,,,,,,,,,,,,,,,,,,,,,,,,,,,,,,,,,,,,,,,,,,,,,,,,,,,,,,,,,,,,,,,,,,,,,,,,
503,10cizcyq,,0,0,18,,,,0,,,0.0,,,,,,,,,,,,,,czcerakw,,,,,0,Experiment_1_Persistence,https://app.prolific.com/submissions/complete?cc=C1BTHULB,0.0,1.0,503,,0.0,,1,1,503,,0.0,,,,,,,,,,,,,,,1,1,503,,0.0,,,,,,,,,,1,1,503,,0.0,,,,,,,,,,,,,,,,,,1,1,503,,0.0,,,,,,,,,,,,,1,1,503,,0.0,0,0,0,0,0,0,0,0,0,,,,,1,1,,,,,,,,,,,,,,,,,,,,,,,,,,,,,,,,,,,,,,,,,,,,,,,,,,,,,,,,,,,,,,,,,,,,,,,,,,,,,,,,,,,,,,,,,,,,,,,,,,,,,,,,,,,,,,,,,,,,,,,,,,,,,,,,,,,,,,,,,,,,,,,,,,,,,,,,,,,,,,,,,,,,,,,,,,,,,,,,,,,,,,,,,,,,,,,,,,,,,,,,,,,,,,,,,,,,,,,,,,,,,,,,,,,,,,,,,,,,,,,,,,,,,,,,,,,,,,,,,,,,,,,,,,,,,,,,,,,,,,,,,,,,,,,,,,,,,,,,,,,,,,,,,,,,,,,,,,,
504,3ikctsm2,,0,0,18,,,,0,,,0.0,,,,,,,,,,,,,,czcerakw,,,,,0,Experiment_1_Persistence,https://app.prolific.com/submissions/complete?cc=C1BTHULB,0.0,1.0,504,,0.0,,1,1,504,,0.0,,,,,,,,,,,,,,,1,1,504,,0.0,,,,,,,,,,1,1,504,,0.0,,,,,,,,,,,,,,,,,,1,1,504,,0.0,,,,,,,,,,,,,1,1,504,,0.0,0,0,0,0,0,0,0,0,0,,,,,1,1,,,,,,,,,,,,,,,,,,,,,,,,,,,,,,,,,,,,,,,,,,,,,,,,,,,,,,,,,,,,,,,,,,,,,,,,,,,,,,,,,,,,,,,,,,,,,,,,,,,,,,,,,,,,,,,,,,,,,,,,,,,,,,,,,,,,,,,,,,,,,,,,,,,,,,,,,,,,,,,,,,,,,,,,,,,,,,,,,,,,,,,,,,,,,,,,,,,,,,,,,,,,,,,,,,,,,,,,,,,,,,,,,,,,,,,,,,,,,,,,,,,,,,,,,,,,,,,,,,,,,,,,,,,,,,,,,,,,,,,,,,,,,,,,,,,,,,,,,,,,,,,,,,,,,,,,,,,
505,4xo7ghql,,0,0,18,,,,0,,,0.0,,,,,,,,,,,,,,czcerakw,,,,,0,Experiment_1_Persistence,https://app.prolific.com/submissions/complete?cc=C1BTHULB,0.0,1.0,505,,0.0,,1,1,505,,0.0,,,,,,,,,,,,,,,1,1,505,,0.0,,,,,,,,,,1,1,505,,0.0,,,,,,,,,,,,,,,,,,1,1,505,,0.0,,,,,,,,,,,,,1,1,505,,0.0,0,0,0,0,0,0,0,0,0,,,,,1,1,,,,,,,,,,,,,,,,,,,,,,,,,,,,,,,,,,,,,,,,,,,,,,,,,,,,,,,,,,,,,,,,,,,,,,,,,,,,,,,,,,,,,,,,,,,,,,,,,,,,,,,,,,,,,,,,,,,,,,,,,,,,,,,,,,,,,,,,,,,,,,,,,,,,,,,,,,,,,,,,,,,,,,,,,,,,,,,,,,,,,,,,,,,,,,,,,,,,,,,,,,,,,,,,,,,,,,,,,,,,,,,,,,,,,,,,,,,,,,,,,,,,,,,,,,,,,,,,,,,,,,,,,,,,,,,,,,,,,,,,,,,,,,,,,,,,,,,,,,,,,,,,,,,,,,,,,,,
506,ug7jgq6e,,0,0,18,,,,0,,,0.0,,,,,,,,,,,,,,czcerakw,,,,,0,Experiment_1_Persistence,https://app.prolific.com/submissions/complete?cc=C1BTHULB,0.0,1.0,506,,0.0,,1,1,506,,0.0,,,,,,,,,,,,,,,1,1,506,,0.0,,,,,,,,,,1,1,506,,0.0,,,,,,,,,,,,,,,,,,1,1,506,,0.0,,,,,,,,,,,,,1,1,506,,0.0,0,0,0,0,0,0,0,0,0,,,,,1,1,,,,,,,,,,,,,,,,,,,,,,,,,,,,,,,,,,,,,,,,,,,,,,,,,,,,,,,,,,,,,,,,,,,,,,,,,,,,,,,,,,,,,,,,,,,,,,,,,,,,,,,,,,,,,,,,,,,,,,,,,,,,,,,,,,,,,,,,,,,,,,,,,,,,,,,,,,,,,,,,,,,,,,,,,,,,,,,,,,,,,,,,,,,,,,,,,,,,,,,,,,,,,,,,,,,,,,,,,,,,,,,,,,,,,,,,,,,,,,,,,,,,,,,,,,,,,,,,,,,,,,,,,,,,,,,,,,,,,,,,,,,,,,,,,,,,,,,,,,,,,,,,,,,,,,,,,,,
507,d0mnp8ik,,0,0,18,,,,0,,,0.0,,,,,,,,,,,,,,czcerakw,,,,,0,Experiment_1_Persistence,https://app.prolific.com/submissions/complete?cc=C1BTHULB,0.0,1.0,507,,0.0,,1,1,507,,0.0,,,,,,,,,,,,,,,1,1,507,,0.0,,,,,,,,,,1,1,507,,0.0,,,,,,,,,,,,,,,,,,1,1,507,,0.0,,,,,,,,,,,,,1,1,507,,0.0,0,0,0,0,0,0,0,0,0,,,,,1,1,,,,,,,,,,,,,,,,,,,,,,,,,,,,,,,,,,,,,,,,,,,,,,,,,,,,,,,,,,,,,,,,,,,,,,,,,,,,,,,,,,,,,,,,,,,,,,,,,,,,,,,,,,,,,,,,,,,,,,,,,,,,,,,,,,,,,,,,,,,,,,,,,,,,,,,,,,,,,,,,,,,,,,,,,,,,,,,,,,,,,,,,,,,,,,,,,,,,,,,,,,,,,,,,,,,,,,,,,,,,,,,,,,,,,,,,,,,,,,,,,,,,,,,,,,,,,,,,,,,,,,,,,,,,,,,,,,,,,,,,,,,,,,,,,,,,,,,,,,,,,,,,,,,,,,,,,,,
508,frgw5rwg,,0,0,18,,,,0,,,0.0,,,,,,,,,,,,,,czcerakw,,,,,0,Experiment_1_Persistence,https://app.prolific.com/submissions/complete?cc=C1BTHULB,0.0,1.0,508,,0.0,,1,1,508,,0.0,,,,,,,,,,,,,,,1,1,508,,0.0,,,,,,,,,,1,1,508,,0.0,,,,,,,,,,,,,,,,,,1,1,508,,0.0,,,,,,,,,,,,,1,1,508,,0.0,0,0,0,0,0,0,0,0,0,,,,,1,1,,,,,,,,,,,,,,,,,,,,,,,,,,,,,,,,,,,,,,,,,,,,,,,,,,,,,,,,,,,,,,,,,,,,,,,,,,,,,,,,,,,,,,,,,,,,,,,,,,,,,,,,,,,,,,,,,,,,,,,,,,,,,,,,,,,,,,,,,,,,,,,,,,,,,,,,,,,,,,,,,,,,,,,,,,,,,,,,,,,,,,,,,,,,,,,,,,,,,,,,,,,,,,,,,,,,,,,,,,,,,,,,,,,,,,,,,,,,,,,,,,,,,,,,,,,,,,,,,,,,,,,,,,,,,,,,,,,,,,,,,,,,,,,,,,,,,,,,,,,,,,,,,,,,,,,,,,,
509,a4fzit1x,,0,0,18,,,,0,,,0.0,,,,,,,,,,,,,,czcerakw,,,,,0,Experiment_1_Persistence,https://app.prolific.com/submissions/complete?cc=C1BTHULB,0.0,1.0,509,,0.0,,1,1,509,,0.0,,,,,,,,,,,,,,,1,1,509,,0.0,,,,,,,,,,1,1,509,,0.0,,,,,,,,,,,,,,,,,,1,1,509,,0.0,,,,,,,,,,,,,1,1,509,,0.0,0,0,0,0,0,0,0,0,0,,,,,1,1,,,,,,,,,,,,,,,,,,,,,,,,,,,,,,,,,,,,,,,,,,,,,,,,,,,,,,,,,,,,,,,,,,,,,,,,,,,,,,,,,,,,,,,,,,,,,,,,,,,,,,,,,,,,,,,,,,,,,,,,,,,,,,,,,,,,,,,,,,,,,,,,,,,,,,,,,,,,,,,,,,,,,,,,,,,,,,,,,,,,,,,,,,,,,,,,,,,,,,,,,,,,,,,,,,,,,,,,,,,,,,,,,,,,,,,,,,,,,,,,,,,,,,,,,,,,,,,,,,,,,,,,,,,,,,,,,,,,,,,,,,,,,,,,,,,,,,,,,,,,,,,,,,,,,,,,,,,
510,7dq3rpgw,,0,0,18,,,,0,,,0.0,,,,,,,,,,,,,,czcerakw,,,,,0,Experiment_1_Persistence,https://app.prolific.com/submissions/complete?cc=C1BTHULB,0.0,1.0,510,,0.0,,1,1,510,,0.0,,,,,,,,,,,,,,,1,1,510,,0.0,,,,,,,,,,1,1,510,,0.0,,,,,,,,,,,,,,,,,,1,1,510,,0.0,,,,,,,,,,,,,1,1,510,,0.0,0,0,0,0,0,0,0,0,0,,,,,1,1,,,,,,,,,,,,,,,,,,,,,,,,,,,,,,,,,,,,,,,,,,,,,,,,,,,,,,,,,,,,,,,,,,,,,,,,,,,,,,,,,,,,,,,,,,,,,,,,,,,,,,,,,,,,,,,,,,,,,,,,,,,,,,,,,,,,,,,,,,,,,,,,,,,,,,,,,,,,,,,,,,,,,,,,,,,,,,,,,,,,,,,,,,,,,,,,,,,,,,,,,,,,,,,,,,,,,,,,,,,,,,,,,,,,,,,,,,,,,,,,,,,,,,,,,,,,,,,,,,,,,,,,,,,,,,,,,,,,,,,,,,,,,,,,,,,,,,,,,,,,,,,,,,,,,,,,,,,
511,yw41mbhr,,0,0,18,,,,0,,,0.0,,,,,,,,,,,,,,czcerakw,,,,,0,Experiment_1_Persistence,https://app.prolific.com/submissions/complete?cc=C1BTHULB,0.0,1.0,511,,0.0,,1,1,511,,0.0,,,,,,,,,,,,,,,1,1,511,,0.0,,,,,,,,,,1,1,511,,0.0,,,,,,,,,,,,,,,,,,1,1,511,,0.0,,,,,,,,,,,,,1,1,511,,0.0,0,0,0,0,0,0,0,0,0,,,,,1,1,,,,,,,,,,,,,,,,,,,,,,,,,,,,,,,,,,,,,,,,,,,,,,,,,,,,,,,,,,,,,,,,,,,,,,,,,,,,,,,,,,,,,,,,,,,,,,,,,,,,,,,,,,,,,,,,,,,,,,,,,,,,,,,,,,,,,,,,,,,,,,,,,,,,,,,,,,,,,,,,,,,,,,,,,,,,,,,,,,,,,,,,,,,,,,,,,,,,,,,,,,,,,,,,,,,,,,,,,,,,,,,,,,,,,,,,,,,,,,,,,,,,,,,,,,,,,,,,,,,,,,,,,,,,,,,,,,,,,,,,,,,,,,,,,,,,,,,,,,,,,,,,,,,,,,,,,,,
512,djwxqnfu,,0,0,18,,,,0,,,0.0,,,,,,,,,,,,,,czcerakw,,,,,0,Experiment_1_Persistence,https://app.prolific.com/submissions/complete?cc=C1BTHULB,0.0,1.0,512,,0.0,,1,1,512,,0.0,,,,,,,,,,,,,,,1,1,512,,0.0,,,,,,,,,,1,1,512,,0.0,,,,,,,,,,,,,,,,,,1,1,512,,0.0,,,,,,,,,,,,,1,1,512,,0.0,0,0,0,0,0,0,0,0,0,,,,,1,1,,,,,,,,,,,,,,,,,,,,,,,,,,,,,,,,,,,,,,,,,,,,,,,,,,,,,,,,,,,,,,,,,,,,,,,,,,,,,,,,,,,,,,,,,,,,,,,,,,,,,,,,,,,,,,,,,,,,,,,,,,,,,,,,,,,,,,,,,,,,,,,,,,,,,,,,,,,,,,,,,,,,,,,,,,,,,,,,,,,,,,,,,,,,,,,,,,,,,,,,,,,,,,,,,,,,,,,,,,,,,,,,,,,,,,,,,,,,,,,,,,,,,,,,,,,,,,,,,,,,,,,,,,,,,,,,,,,,,,,,,,,,,,,,,,,,,,,,,,,,,,,,,,,,,,,,,,,
513,vxgn3xhx,,0,0,18,,,,0,,,0.0,,,,,,,,,,,,,,czcerakw,,,,,0,Experiment_1_Persistence,https://app.prolific.com/submissions/complete?cc=C1BTHULB,0.0,1.0,513,,0.0,,1,1,513,,0.0,,,,,,,,,,,,,,,1,1,513,,0.0,,,,,,,,,,1,1,513,,0.0,,,,,,,,,,,,,,,,,,1,1,513,,0.0,,,,,,,,,,,,,1,1,513,,0.0,0,0,0,0,0,0,0,0,0,,,,,1,1,,,,,,,,,,,,,,,,,,,,,,,,,,,,,,,,,,,,,,,,,,,,,,,,,,,,,,,,,,,,,,,,,,,,,,,,,,,,,,,,,,,,,,,,,,,,,,,,,,,,,,,,,,,,,,,,,,,,,,,,,,,,,,,,,,,,,,,,,,,,,,,,,,,,,,,,,,,,,,,,,,,,,,,,,,,,,,,,,,,,,,,,,,,,,,,,,,,,,,,,,,,,,,,,,,,,,,,,,,,,,,,,,,,,,,,,,,,,,,,,,,,,,,,,,,,,,,,,,,,,,,,,,,,,,,,,,,,,,,,,,,,,,,,,,,,,,,,,,,,,,,,,,,,,,,,,,,,
514,atje7zzv,,0,0,18,,,,0,,,0.0,,,,,,,,,,,,,,czcerakw,,,,,0,Experiment_1_Persistence,https://app.prolific.com/submissions/complete?cc=C1BTHULB,0.0,1.0,514,,0.0,,1,1,514,,0.0,,,,,,,,,,,,,,,1,1,514,,0.0,,,,,,,,,,1,1,514,,0.0,,,,,,,,,,,,,,,,,,1,1,514,,0.0,,,,,,,,,,,,,1,1,514,,0.0,0,0,0,0,0,0,0,0,0,,,,,1,1,,,,,,,,,,,,,,,,,,,,,,,,,,,,,,,,,,,,,,,,,,,,,,,,,,,,,,,,,,,,,,,,,,,,,,,,,,,,,,,,,,,,,,,,,,,,,,,,,,,,,,,,,,,,,,,,,,,,,,,,,,,,,,,,,,,,,,,,,,,,,,,,,,,,,,,,,,,,,,,,,,,,,,,,,,,,,,,,,,,,,,,,,,,,,,,,,,,,,,,,,,,,,,,,,,,,,,,,,,,,,,,,,,,,,,,,,,,,,,,,,,,,,,,,,,,,,,,,,,,,,,,,,,,,,,,,,,,,,,,,,,,,,,,,,,,,,,,,,,,,,,,,,,,,,,,,,,,
515,sh2gh52p,,0,0,18,,,,0,,,0.0,,,,,,,,,,,,,,czcerakw,,,,,0,Experiment_1_Persistence,https://app.prolific.com/submissions/complete?cc=C1BTHULB,0.0,1.0,515,,0.0,,1,1,515,,0.0,,,,,,,,,,,,,,,1,1,515,,0.0,,,,,,,,,,1,1,515,,0.0,,,,,,,,,,,,,,,,,,1,1,515,,0.0,,,,,,,,,,,,,1,1,515,,0.0,0,0,0,0,0,0,0,0,0,,,,,1,1,,,,,,,,,,,,,,,,,,,,,,,,,,,,,,,,,,,,,,,,,,,,,,,,,,,,,,,,,,,,,,,,,,,,,,,,,,,,,,,,,,,,,,,,,,,,,,,,,,,,,,,,,,,,,,,,,,,,,,,,,,,,,,,,,,,,,,,,,,,,,,,,,,,,,,,,,,,,,,,,,,,,,,,,,,,,,,,,,,,,,,,,,,,,,,,,,,,,,,,,,,,,,,,,,,,,,,,,,,,,,,,,,,,,,,,,,,,,,,,,,,,,,,,,,,,,,,,,,,,,,,,,,,,,,,,,,,,,,,,,,,,,,,,,,,,,,,,,,,,,,,,,,,,,,,,,,,,
516,65tp71q8,,0,0,18,,,,0,,,0.0,,,,,,,,,,,,,,czcerakw,,,,,0,Experiment_1_Persistence,https://app.prolific.com/submissions/complete?cc=C1BTHULB,0.0,1.0,516,,0.0,,1,1,516,,0.0,,,,,,,,,,,,,,,1,1,516,,0.0,,,,,,,,,,1,1,516,,0.0,,,,,,,,,,,,,,,,,,1,1,516,,0.0,,,,,,,,,,,,,1,1,516,,0.0,0,0,0,0,0,0,0,0,0,,,,,1,1,,,,,,,,,,,,,,,,,,,,,,,,,,,,,,,,,,,,,,,,,,,,,,,,,,,,,,,,,,,,,,,,,,,,,,,,,,,,,,,,,,,,,,,,,,,,,,,,,,,,,,,,,,,,,,,,,,,,,,,,,,,,,,,,,,,,,,,,,,,,,,,,,,,,,,,,,,,,,,,,,,,,,,,,,,,,,,,,,,,,,,,,,,,,,,,,,,,,,,,,,,,,,,,,,,,,,,,,,,,,,,,,,,,,,,,,,,,,,,,,,,,,,,,,,,,,,,,,,,,,,,,,,,,,,,,,,,,,,,,,,,,,,,,,,,,,,,,,,,,,,,,,,,,,,,,,,,,
517,lx22wedu,,0,0,18,,,,0,,,0.0,,,,,,,,,,,,,,czcerakw,,,,,0,Experiment_1_Persistence,https://app.prolific.com/submissions/complete?cc=C1BTHULB,0.0,1.0,517,,0.0,,1,1,517,,0.0,,,,,,,,,,,,,,,1,1,517,,0.0,,,,,,,,,,1,1,517,,0.0,,,,,,,,,,,,,,,,,,1,1,517,,0.0,,,,,,,,,,,,,1,1,517,,0.0,0,0,0,0,0,0,0,0,0,,,,,1,1,,,,,,,,,,,,,,,,,,,,,,,,,,,,,,,,,,,,,,,,,,,,,,,,,,,,,,,,,,,,,,,,,,,,,,,,,,,,,,,,,,,,,,,,,,,,,,,,,,,,,,,,,,,,,,,,,,,,,,,,,,,,,,,,,,,,,,,,,,,,,,,,,,,,,,,,,,,,,,,,,,,,,,,,,,,,,,,,,,,,,,,,,,,,,,,,,,,,,,,,,,,,,,,,,,,,,,,,,,,,,,,,,,,,,,,,,,,,,,,,,,,,,,,,,,,,,,,,,,,,,,,,,,,,,,,,,,,,,,,,,,,,,,,,,,,,,,,,,,,,,,,,,,,,,,,,,,,
518,ar9p9pmi,,0,0,18,,,,0,,,0.0,,,,,,,,,,,,,,czcerakw,,,,,0,Experiment_1_Persistence,https://app.prolific.com/submissions/complete?cc=C1BTHULB,0.0,1.0,518,,0.0,,1,1,518,,0.0,,,,,,,,,,,,,,,1,1,518,,0.0,,,,,,,,,,1,1,518,,0.0,,,,,,,,,,,,,,,,,,1,1,518,,0.0,,,,,,,,,,,,,1,1,518,,0.0,0,0,0,0,0,0,0,0,0,,,,,1,1,,,,,,,,,,,,,,,,,,,,,,,,,,,,,,,,,,,,,,,,,,,,,,,,,,,,,,,,,,,,,,,,,,,,,,,,,,,,,,,,,,,,,,,,,,,,,,,,,,,,,,,,,,,,,,,,,,,,,,,,,,,,,,,,,,,,,,,,,,,,,,,,,,,,,,,,,,,,,,,,,,,,,,,,,,,,,,,,,,,,,,,,,,,,,,,,,,,,,,,,,,,,,,,,,,,,,,,,,,,,,,,,,,,,,,,,,,,,,,,,,,,,,,,,,,,,,,,,,,,,,,,,,,,,,,,,,,,,,,,,,,,,,,,,,,,,,,,,,,,,,,,,,,,,,,,,,,,
519,iw8xubas,,0,0,18,,,,0,,,0.0,,,,,,,,,,,,,,czcerakw,,,,,0,Experiment_1_Persistence,https://app.prolific.com/submissions/complete?cc=C1BTHULB,0.0,1.0,519,,0.0,,1,1,519,,0.0,,,,,,,,,,,,,,,1,1,519,,0.0,,,,,,,,,,1,1,519,,0.0,,,,,,,,,,,,,,,,,,1,1,519,,0.0,,,,,,,,,,,,,1,1,519,,0.0,0,0,0,0,0,0,0,0,0,,,,,1,1,,,,,,,,,,,,,,,,,,,,,,,,,,,,,,,,,,,,,,,,,,,,,,,,,,,,,,,,,,,,,,,,,,,,,,,,,,,,,,,,,,,,,,,,,,,,,,,,,,,,,,,,,,,,,,,,,,,,,,,,,,,,,,,,,,,,,,,,,,,,,,,,,,,,,,,,,,,,,,,,,,,,,,,,,,,,,,,,,,,,,,,,,,,,,,,,,,,,,,,,,,,,,,,,,,,,,,,,,,,,,,,,,,,,,,,,,,,,,,,,,,,,,,,,,,,,,,,,,,,,,,,,,,,,,,,,,,,,,,,,,,,,,,,,,,,,,,,,,,,,,,,,,,,,,,,,,,,
520,fvooxk56,,0,0,18,,,,0,,,0.0,,,,,,,,,,,,,,czcerakw,,,,,0,Experiment_1_Persistence,https://app.prolific.com/submissions/complete?cc=C1BTHULB,0.0,1.0,520,,0.0,,1,1,520,,0.0,,,,,,,,,,,,,,,1,1,520,,0.0,,,,,,,,,,1,1,520,,0.0,,,,,,,,,,,,,,,,,,1,1,520,,0.0,,,,,,,,,,,,,1,1,520,,0.0,0,0,0,0,0,0,0,0,0,,,,,1,1,,,,,,,,,,,,,,,,,,,,,,,,,,,,,,,,,,,,,,,,,,,,,,,,,,,,,,,,,,,,,,,,,,,,,,,,,,,,,,,,,,,,,,,,,,,,,,,,,,,,,,,,,,,,,,,,,,,,,,,,,,,,,,,,,,,,,,,,,,,,,,,,,,,,,,,,,,,,,,,,,,,,,,,,,,,,,,,,,,,,,,,,,,,,,,,,,,,,,,,,,,,,,,,,,,,,,,,,,,,,,,,,,,,,,,,,,,,,,,,,,,,,,,,,,,,,,,,,,,,,,,,,,,,,,,,,,,,,,,,,,,,,,,,,,,,,,,,,,,,,,,,,,,,,,,,,,,,
521,re6csaac,,0,0,18,,,,0,,,0.0,,,,,,,,,,,,,,czcerakw,,,,,0,Experiment_1_Persistence,https://app.prolific.com/submissions/complete?cc=C1BTHULB,0.0,1.0,521,,0.0,,1,1,521,,0.0,,,,,,,,,,,,,,,1,1,521,,0.0,,,,,,,,,,1,1,521,,0.0,,,,,,,,,,,,,,,,,,1,1,521,,0.0,,,,,,,,,,,,,1,1,521,,0.0,0,0,0,0,0,0,0,0,0,,,,,1,1,,,,,,,,,,,,,,,,,,,,,,,,,,,,,,,,,,,,,,,,,,,,,,,,,,,,,,,,,,,,,,,,,,,,,,,,,,,,,,,,,,,,,,,,,,,,,,,,,,,,,,,,,,,,,,,,,,,,,,,,,,,,,,,,,,,,,,,,,,,,,,,,,,,,,,,,,,,,,,,,,,,,,,,,,,,,,,,,,,,,,,,,,,,,,,,,,,,,,,,,,,,,,,,,,,,,,,,,,,,,,,,,,,,,,,,,,,,,,,,,,,,,,,,,,,,,,,,,,,,,,,,,,,,,,,,,,,,,,,,,,,,,,,,,,,,,,,,,,,,,,,,,,,,,,,,,,,,
522,d3s0zj8d,,0,0,18,,,,0,,,0.0,,,,,,,,,,,,,,czcerakw,,,,,0,Experiment_1_Persistence,https://app.prolific.com/submissions/complete?cc=C1BTHULB,0.0,1.0,522,,0.0,,1,1,522,,0.0,,,,,,,,,,,,,,,1,1,522,,0.0,,,,,,,,,,1,1,522,,0.0,,,,,,,,,,,,,,,,,,1,1,522,,0.0,,,,,,,,,,,,,1,1,522,,0.0,0,0,0,0,0,0,0,0,0,,,,,1,1,,,,,,,,,,,,,,,,,,,,,,,,,,,,,,,,,,,,,,,,,,,,,,,,,,,,,,,,,,,,,,,,,,,,,,,,,,,,,,,,,,,,,,,,,,,,,,,,,,,,,,,,,,,,,,,,,,,,,,,,,,,,,,,,,,,,,,,,,,,,,,,,,,,,,,,,,,,,,,,,,,,,,,,,,,,,,,,,,,,,,,,,,,,,,,,,,,,,,,,,,,,,,,,,,,,,,,,,,,,,,,,,,,,,,,,,,,,,,,,,,,,,,,,,,,,,,,,,,,,,,,,,,,,,,,,,,,,,,,,,,,,,,,,,,,,,,,,,,,,,,,,,,,,,,,,,,,,
523,m8fayuat,,0,0,18,,,,0,,,0.0,,,,,,,,,,,,,,czcerakw,,,,,0,Experiment_1_Persistence,https://app.prolific.com/submissions/complete?cc=C1BTHULB,0.0,1.0,523,,0.0,,1,1,523,,0.0,,,,,,,,,,,,,,,1,1,523,,0.0,,,,,,,,,,1,1,523,,0.0,,,,,,,,,,,,,,,,,,1,1,523,,0.0,,,,,,,,,,,,,1,1,523,,0.0,0,0,0,0,0,0,0,0,0,,,,,1,1,,,,,,,,,,,,,,,,,,,,,,,,,,,,,,,,,,,,,,,,,,,,,,,,,,,,,,,,,,,,,,,,,,,,,,,,,,,,,,,,,,,,,,,,,,,,,,,,,,,,,,,,,,,,,,,,,,,,,,,,,,,,,,,,,,,,,,,,,,,,,,,,,,,,,,,,,,,,,,,,,,,,,,,,,,,,,,,,,,,,,,,,,,,,,,,,,,,,,,,,,,,,,,,,,,,,,,,,,,,,,,,,,,,,,,,,,,,,,,,,,,,,,,,,,,,,,,,,,,,,,,,,,,,,,,,,,,,,,,,,,,,,,,,,,,,,,,,,,,,,,,,,,,,,,,,,,,,
524,zz9zaumi,,0,0,18,,,,0,,,0.0,,,,,,,,,,,,,,czcerakw,,,,,0,Experiment_1_Persistence,https://app.prolific.com/submissions/complete?cc=C1BTHULB,0.0,1.0,524,,0.0,,1,1,524,,0.0,,,,,,,,,,,,,,,1,1,524,,0.0,,,,,,,,,,1,1,524,,0.0,,,,,,,,,,,,,,,,,,1,1,524,,0.0,,,,,,,,,,,,,1,1,524,,0.0,0,0,0,0,0,0,0,0,0,,,,,1,1,,,,,,,,,,,,,,,,,,,,,,,,,,,,,,,,,,,,,,,,,,,,,,,,,,,,,,,,,,,,,,,,,,,,,,,,,,,,,,,,,,,,,,,,,,,,,,,,,,,,,,,,,,,,,,,,,,,,,,,,,,,,,,,,,,,,,,,,,,,,,,,,,,,,,,,,,,,,,,,,,,,,,,,,,,,,,,,,,,,,,,,,,,,,,,,,,,,,,,,,,,,,,,,,,,,,,,,,,,,,,,,,,,,,,,,,,,,,,,,,,,,,,,,,,,,,,,,,,,,,,,,,,,,,,,,,,,,,,,,,,,,,,,,,,,,,,,,,,,,,,,,,,,,,,,,,,,,
525,lvha4ax7,,0,0,18,,,,0,,,0.0,,,,,,,,,,,,,,czcerakw,,,,,0,Experiment_1_Persistence,https://app.prolific.com/submissions/complete?cc=C1BTHULB,0.0,1.0,525,,0.0,,1,1,525,,0.0,,,,,,,,,,,,,,,1,1,525,,0.0,,,,,,,,,,1,1,525,,0.0,,,,,,,,,,,,,,,,,,1,1,525,,0.0,,,,,,,,,,,,,1,1,525,,0.0,0,0,0,0,0,0,0,0,0,,,,,1,1,,,,,,,,,,,,,,,,,,,,,,,,,,,,,,,,,,,,,,,,,,,,,,,,,,,,,,,,,,,,,,,,,,,,,,,,,,,,,,,,,,,,,,,,,,,,,,,,,,,,,,,,,,,,,,,,,,,,,,,,,,,,,,,,,,,,,,,,,,,,,,,,,,,,,,,,,,,,,,,,,,,,,,,,,,,,,,,,,,,,,,,,,,,,,,,,,,,,,,,,,,,,,,,,,,,,,,,,,,,,,,,,,,,,,,,,,,,,,,,,,,,,,,,,,,,,,,,,,,,,,,,,,,,,,,,,,,,,,,,,,,,,,,,,,,,,,,,,,,,,,,,,,,,,,,,,,,,
526,dmsr5k87,,0,0,18,,,,0,,,0.0,,,,,,,,,,,,,,czcerakw,,,,,0,Experiment_1_Persistence,https://app.prolific.com/submissions/complete?cc=C1BTHULB,0.0,1.0,526,,0.0,,1,1,526,,0.0,,,,,,,,,,,,,,,1,1,526,,0.0,,,,,,,,,,1,1,526,,0.0,,,,,,,,,,,,,,,,,,1,1,526,,0.0,,,,,,,,,,,,,1,1,526,,0.0,0,0,0,0,0,0,0,0,0,,,,,1,1,,,,,,,,,,,,,,,,,,,,,,,,,,,,,,,,,,,,,,,,,,,,,,,,,,,,,,,,,,,,,,,,,,,,,,,,,,,,,,,,,,,,,,,,,,,,,,,,,,,,,,,,,,,,,,,,,,,,,,,,,,,,,,,,,,,,,,,,,,,,,,,,,,,,,,,,,,,,,,,,,,,,,,,,,,,,,,,,,,,,,,,,,,,,,,,,,,,,,,,,,,,,,,,,,,,,,,,,,,,,,,,,,,,,,,,,,,,,,,,,,,,,,,,,,,,,,,,,,,,,,,,,,,,,,,,,,,,,,,,,,,,,,,,,,,,,,,,,,,,,,,,,,,,,,,,,,,,
527,l0h05pwz,,0,0,18,,,,0,,,0.0,,,,,,,,,,,,,,czcerakw,,,,,0,Experiment_1_Persistence,https://app.prolific.com/submissions/complete?cc=C1BTHULB,0.0,1.0,527,,0.0,,1,1,527,,0.0,,,,,,,,,,,,,,,1,1,527,,0.0,,,,,,,,,,1,1,527,,0.0,,,,,,,,,,,,,,,,,,1,1,527,,0.0,,,,,,,,,,,,,1,1,527,,0.0,0,0,0,0,0,0,0,0,0,,,,,1,1,,,,,,,,,,,,,,,,,,,,,,,,,,,,,,,,,,,,,,,,,,,,,,,,,,,,,,,,,,,,,,,,,,,,,,,,,,,,,,,,,,,,,,,,,,,,,,,,,,,,,,,,,,,,,,,,,,,,,,,,,,,,,,,,,,,,,,,,,,,,,,,,,,,,,,,,,,,,,,,,,,,,,,,,,,,,,,,,,,,,,,,,,,,,,,,,,,,,,,,,,,,,,,,,,,,,,,,,,,,,,,,,,,,,,,,,,,,,,,,,,,,,,,,,,,,,,,,,,,,,,,,,,,,,,,,,,,,,,,,,,,,,,,,,,,,,,,,,,,,,,,,,,,,,,,,,,,,
528,b1kmnyw6,,0,0,18,,,,0,,,0.0,,,,,,,,,,,,,,czcerakw,,,,,0,Experiment_1_Persistence,https://app.prolific.com/submissions/complete?cc=C1BTHULB,0.0,1.0,528,,0.0,,1,1,528,,0.0,,,,,,,,,,,,,,,1,1,528,,0.0,,,,,,,,,,1,1,528,,0.0,,,,,,,,,,,,,,,,,,1,1,528,,0.0,,,,,,,,,,,,,1,1,528,,0.0,0,0,0,0,0,0,0,0,0,,,,,1,1,,,,,,,,,,,,,,,,,,,,,,,,,,,,,,,,,,,,,,,,,,,,,,,,,,,,,,,,,,,,,,,,,,,,,,,,,,,,,,,,,,,,,,,,,,,,,,,,,,,,,,,,,,,,,,,,,,,,,,,,,,,,,,,,,,,,,,,,,,,,,,,,,,,,,,,,,,,,,,,,,,,,,,,,,,,,,,,,,,,,,,,,,,,,,,,,,,,,,,,,,,,,,,,,,,,,,,,,,,,,,,,,,,,,,,,,,,,,,,,,,,,,,,,,,,,,,,,,,,,,,,,,,,,,,,,,,,,,,,,,,,,,,,,,,,,,,,,,,,,,,,,,,,,,,,,,,,,
529,b8ihns5m,,0,0,18,,,,0,,,0.0,,,,,,,,,,,,,,czcerakw,,,,,0,Experiment_1_Persistence,https://app.prolific.com/submissions/complete?cc=C1BTHULB,0.0,1.0,529,,0.0,,1,1,529,,0.0,,,,,,,,,,,,,,,1,1,529,,0.0,,,,,,,,,,1,1,529,,0.0,,,,,,,,,,,,,,,,,,1,1,529,,0.0,,,,,,,,,,,,,1,1,529,,0.0,0,0,0,0,0,0,0,0,0,,,,,1,1,,,,,,,,,,,,,,,,,,,,,,,,,,,,,,,,,,,,,,,,,,,,,,,,,,,,,,,,,,,,,,,,,,,,,,,,,,,,,,,,,,,,,,,,,,,,,,,,,,,,,,,,,,,,,,,,,,,,,,,,,,,,,,,,,,,,,,,,,,,,,,,,,,,,,,,,,,,,,,,,,,,,,,,,,,,,,,,,,,,,,,,,,,,,,,,,,,,,,,,,,,,,,,,,,,,,,,,,,,,,,,,,,,,,,,,,,,,,,,,,,,,,,,,,,,,,,,,,,,,,,,,,,,,,,,,,,,,,,,,,,,,,,,,,,,,,,,,,,,,,,,,,,,,,,,,,,,,
530,rlj9csdq,,0,0,18,,,,0,,,0.0,,,,,,,,,,,,,,czcerakw,,,,,0,Experiment_1_Persistence,https://app.prolific.com/submissions/complete?cc=C1BTHULB,0.0,1.0,530,,0.0,,1,1,530,,0.0,,,,,,,,,,,,,,,1,1,530,,0.0,,,,,,,,,,1,1,530,,0.0,,,,,,,,,,,,,,,,,,1,1,530,,0.0,,,,,,,,,,,,,1,1,530,,0.0,0,0,0,0,0,0,0,0,0,,,,,1,1,,,,,,,,,,,,,,,,,,,,,,,,,,,,,,,,,,,,,,,,,,,,,,,,,,,,,,,,,,,,,,,,,,,,,,,,,,,,,,,,,,,,,,,,,,,,,,,,,,,,,,,,,,,,,,,,,,,,,,,,,,,,,,,,,,,,,,,,,,,,,,,,,,,,,,,,,,,,,,,,,,,,,,,,,,,,,,,,,,,,,,,,,,,,,,,,,,,,,,,,,,,,,,,,,,,,,,,,,,,,,,,,,,,,,,,,,,,,,,,,,,,,,,,,,,,,,,,,,,,,,,,,,,,,,,,,,,,,,,,,,,,,,,,,,,,,,,,,,,,,,,,,,,,,,,,,,,,
531,1rl5257r,,0,0,18,,,,0,,,0.0,,,,,,,,,,,,,,czcerakw,,,,,0,Experiment_1_Persistence,https://app.prolific.com/submissions/complete?cc=C1BTHULB,0.0,1.0,531,,0.0,,1,1,531,,0.0,,,,,,,,,,,,,,,1,1,531,,0.0,,,,,,,,,,1,1,531,,0.0,,,,,,,,,,,,,,,,,,1,1,531,,0.0,,,,,,,,,,,,,1,1,531,,0.0,0,0,0,0,0,0,0,0,0,,,,,1,1,,,,,,,,,,,,,,,,,,,,,,,,,,,,,,,,,,,,,,,,,,,,,,,,,,,,,,,,,,,,,,,,,,,,,,,,,,,,,,,,,,,,,,,,,,,,,,,,,,,,,,,,,,,,,,,,,,,,,,,,,,,,,,,,,,,,,,,,,,,,,,,,,,,,,,,,,,,,,,,,,,,,,,,,,,,,,,,,,,,,,,,,,,,,,,,,,,,,,,,,,,,,,,,,,,,,,,,,,,,,,,,,,,,,,,,,,,,,,,,,,,,,,,,,,,,,,,,,,,,,,,,,,,,,,,,,,,,,,,,,,,,,,,,,,,,,,,,,,,,,,,,,,,,,,,,,,,,
532,s55dnfm9,,0,0,18,,,,0,,,0.0,,,,,,,,,,,,,,czcerakw,,,,,0,Experiment_1_Persistence,https://app.prolific.com/submissions/complete?cc=C1BTHULB,0.0,1.0,532,,0.0,,1,1,532,,0.0,,,,,,,,,,,,,,,1,1,532,,0.0,,,,,,,,,,1,1,532,,0.0,,,,,,,,,,,,,,,,,,1,1,532,,0.0,,,,,,,,,,,,,1,1,532,,0.0,0,0,0,0,0,0,0,0,0,,,,,1,1,,,,,,,,,,,,,,,,,,,,,,,,,,,,,,,,,,,,,,,,,,,,,,,,,,,,,,,,,,,,,,,,,,,,,,,,,,,,,,,,,,,,,,,,,,,,,,,,,,,,,,,,,,,,,,,,,,,,,,,,,,,,,,,,,,,,,,,,,,,,,,,,,,,,,,,,,,,,,,,,,,,,,,,,,,,,,,,,,,,,,,,,,,,,,,,,,,,,,,,,,,,,,,,,,,,,,,,,,,,,,,,,,,,,,,,,,,,,,,,,,,,,,,,,,,,,,,,,,,,,,,,,,,,,,,,,,,,,,,,,,,,,,,,,,,,,,,,,,,,,,,,,,,,,,,,,,,,
533,npnmfo0s,,0,0,18,,,,0,,,0.0,,,,,,,,,,,,,,czcerakw,,,,,0,Experiment_1_Persistence,https://app.prolific.com/submissions/complete?cc=C1BTHULB,0.0,1.0,533,,0.0,,1,1,533,,0.0,,,,,,,,,,,,,,,1,1,533,,0.0,,,,,,,,,,1,1,533,,0.0,,,,,,,,,,,,,,,,,,1,1,533,,0.0,,,,,,,,,,,,,1,1,533,,0.0,0,0,0,0,0,0,0,0,0,,,,,1,1,,,,,,,,,,,,,,,,,,,,,,,,,,,,,,,,,,,,,,,,,,,,,,,,,,,,,,,,,,,,,,,,,,,,,,,,,,,,,,,,,,,,,,,,,,,,,,,,,,,,,,,,,,,,,,,,,,,,,,,,,,,,,,,,,,,,,,,,,,,,,,,,,,,,,,,,,,,,,,,,,,,,,,,,,,,,,,,,,,,,,,,,,,,,,,,,,,,,,,,,,,,,,,,,,,,,,,,,,,,,,,,,,,,,,,,,,,,,,,,,,,,,,,,,,,,,,,,,,,,,,,,,,,,,,,,,,,,,,,,,,,,,,,,,,,,,,,,,,,,,,,,,,,,,,,,,,,,
534,0if6wfdq,,0,0,18,,,,0,,,0.0,,,,,,,,,,,,,,czcerakw,,,,,0,Experiment_1_Persistence,https://app.prolific.com/submissions/complete?cc=C1BTHULB,0.0,1.0,534,,0.0,,1,1,534,,0.0,,,,,,,,,,,,,,,1,1,534,,0.0,,,,,,,,,,1,1,534,,0.0,,,,,,,,,,,,,,,,,,1,1,534,,0.0,,,,,,,,,,,,,1,1,534,,0.0,0,0,0,0,0,0,0,0,0,,,,,1,1,,,,,,,,,,,,,,,,,,,,,,,,,,,,,,,,,,,,,,,,,,,,,,,,,,,,,,,,,,,,,,,,,,,,,,,,,,,,,,,,,,,,,,,,,,,,,,,,,,,,,,,,,,,,,,,,,,,,,,,,,,,,,,,,,,,,,,,,,,,,,,,,,,,,,,,,,,,,,,,,,,,,,,,,,,,,,,,,,,,,,,,,,,,,,,,,,,,,,,,,,,,,,,,,,,,,,,,,,,,,,,,,,,,,,,,,,,,,,,,,,,,,,,,,,,,,,,,,,,,,,,,,,,,,,,,,,,,,,,,,,,,,,,,,,,,,,,,,,,,,,,,,,,,,,,,,,,,
535,w9vhrsit,,0,0,18,,,,0,,,0.0,,,,,,,,,,,,,,czcerakw,,,,,0,Experiment_1_Persistence,https://app.prolific.com/submissions/complete?cc=C1BTHULB,0.0,1.0,535,,0.0,,1,1,535,,0.0,,,,,,,,,,,,,,,1,1,535,,0.0,,,,,,,,,,1,1,535,,0.0,,,,,,,,,,,,,,,,,,1,1,535,,0.0,,,,,,,,,,,,,1,1,535,,0.0,0,0,0,0,0,0,0,0,0,,,,,1,1,,,,,,,,,,,,,,,,,,,,,,,,,,,,,,,,,,,,,,,,,,,,,,,,,,,,,,,,,,,,,,,,,,,,,,,,,,,,,,,,,,,,,,,,,,,,,,,,,,,,,,,,,,,,,,,,,,,,,,,,,,,,,,,,,,,,,,,,,,,,,,,,,,,,,,,,,,,,,,,,,,,,,,,,,,,,,,,,,,,,,,,,,,,,,,,,,,,,,,,,,,,,,,,,,,,,,,,,,,,,,,,,,,,,,,,,,,,,,,,,,,,,,,,,,,,,,,,,,,,,,,,,,,,,,,,,,,,,,,,,,,,,,,,,,,,,,,,,,,,,,,,,,,,,,,,,,,,
536,5lap77dn,,0,0,18,,,,0,,,0.0,,,,,,,,,,,,,,czcerakw,,,,,0,Experiment_1_Persistence,https://app.prolific.com/submissions/complete?cc=C1BTHULB,0.0,1.0,536,,0.0,,1,1,536,,0.0,,,,,,,,,,,,,,,1,1,536,,0.0,,,,,,,,,,1,1,536,,0.0,,,,,,,,,,,,,,,,,,1,1,536,,0.0,,,,,,,,,,,,,1,1,536,,0.0,0,0,0,0,0,0,0,0,0,,,,,1,1,,,,,,,,,,,,,,,,,,,,,,,,,,,,,,,,,,,,,,,,,,,,,,,,,,,,,,,,,,,,,,,,,,,,,,,,,,,,,,,,,,,,,,,,,,,,,,,,,,,,,,,,,,,,,,,,,,,,,,,,,,,,,,,,,,,,,,,,,,,,,,,,,,,,,,,,,,,,,,,,,,,,,,,,,,,,,,,,,,,,,,,,,,,,,,,,,,,,,,,,,,,,,,,,,,,,,,,,,,,,,,,,,,,,,,,,,,,,,,,,,,,,,,,,,,,,,,,,,,,,,,,,,,,,,,,,,,,,,,,,,,,,,,,,,,,,,,,,,,,,,,,,,,,,,,,,,,,
537,gydbi42e,,0,0,18,,,,0,,,0.0,,,,,,,,,,,,,,czcerakw,,,,,0,Experiment_1_Persistence,https://app.prolific.com/submissions/complete?cc=C1BTHULB,0.0,1.0,537,,0.0,,1,1,537,,0.0,,,,,,,,,,,,,,,1,1,537,,0.0,,,,,,,,,,1,1,537,,0.0,,,,,,,,,,,,,,,,,,1,1,537,,0.0,,,,,,,,,,,,,1,1,537,,0.0,0,0,0,0,0,0,0,0,0,,,,,1,1,,,,,,,,,,,,,,,,,,,,,,,,,,,,,,,,,,,,,,,,,,,,,,,,,,,,,,,,,,,,,,,,,,,,,,,,,,,,,,,,,,,,,,,,,,,,,,,,,,,,,,,,,,,,,,,,,,,,,,,,,,,,,,,,,,,,,,,,,,,,,,,,,,,,,,,,,,,,,,,,,,,,,,,,,,,,,,,,,,,,,,,,,,,,,,,,,,,,,,,,,,,,,,,,,,,,,,,,,,,,,,,,,,,,,,,,,,,,,,,,,,,,,,,,,,,,,,,,,,,,,,,,,,,,,,,,,,,,,,,,,,,,,,,,,,,,,,,,,,,,,,,,,,,,,,,,,,,
538,cdah0v82,,0,0,18,,,,0,,,0.0,,,,,,,,,,,,,,czcerakw,,,,,0,Experiment_1_Persistence,https://app.prolific.com/submissions/complete?cc=C1BTHULB,0.0,1.0,538,,0.0,,1,1,538,,0.0,,,,,,,,,,,,,,,1,1,538,,0.0,,,,,,,,,,1,1,538,,0.0,,,,,,,,,,,,,,,,,,1,1,538,,0.0,,,,,,,,,,,,,1,1,538,,0.0,0,0,0,0,0,0,0,0,0,,,,,1,1,,,,,,,,,,,,,,,,,,,,,,,,,,,,,,,,,,,,,,,,,,,,,,,,,,,,,,,,,,,,,,,,,,,,,,,,,,,,,,,,,,,,,,,,,,,,,,,,,,,,,,,,,,,,,,,,,,,,,,,,,,,,,,,,,,,,,,,,,,,,,,,,,,,,,,,,,,,,,,,,,,,,,,,,,,,,,,,,,,,,,,,,,,,,,,,,,,,,,,,,,,,,,,,,,,,,,,,,,,,,,,,,,,,,,,,,,,,,,,,,,,,,,,,,,,,,,,,,,,,,,,,,,,,,,,,,,,,,,,,,,,,,,,,,,,,,,,,,,,,,,,,,,,,,,,,,,,,
539,q4aqhyk9,,0,0,18,,,,0,,,0.0,,,,,,,,,,,,,,czcerakw,,,,,0,Experiment_1_Persistence,https://app.prolific.com/submissions/complete?cc=C1BTHULB,0.0,1.0,539,,0.0,,1,1,539,,0.0,,,,,,,,,,,,,,,1,1,539,,0.0,,,,,,,,,,1,1,539,,0.0,,,,,,,,,,,,,,,,,,1,1,539,,0.0,,,,,,,,,,,,,1,1,539,,0.0,0,0,0,0,0,0,0,0,0,,,,,1,1,,,,,,,,,,,,,,,,,,,,,,,,,,,,,,,,,,,,,,,,,,,,,,,,,,,,,,,,,,,,,,,,,,,,,,,,,,,,,,,,,,,,,,,,,,,,,,,,,,,,,,,,,,,,,,,,,,,,,,,,,,,,,,,,,,,,,,,,,,,,,,,,,,,,,,,,,,,,,,,,,,,,,,,,,,,,,,,,,,,,,,,,,,,,,,,,,,,,,,,,,,,,,,,,,,,,,,,,,,,,,,,,,,,,,,,,,,,,,,,,,,,,,,,,,,,,,,,,,,,,,,,,,,,,,,,,,,,,,,,,,,,,,,,,,,,,,,,,,,,,,,,,,,,,,,,,,,,
540,jj4jmg1g,,0,0,18,,,,0,,,0.0,,,,,,,,,,,,,,czcerakw,,,,,0,Experiment_1_Persistence,https://app.prolific.com/submissions/complete?cc=C1BTHULB,0.0,1.0,540,,0.0,,1,1,540,,0.0,,,,,,,,,,,,,,,1,1,540,,0.0,,,,,,,,,,1,1,540,,0.0,,,,,,,,,,,,,,,,,,1,1,540,,0.0,,,,,,,,,,,,,1,1,540,,0.0,0,0,0,0,0,0,0,0,0,,,,,1,1,,,,,,,,,,,,,,,,,,,,,,,,,,,,,,,,,,,,,,,,,,,,,,,,,,,,,,,,,,,,,,,,,,,,,,,,,,,,,,,,,,,,,,,,,,,,,,,,,,,,,,,,,,,,,,,,,,,,,,,,,,,,,,,,,,,,,,,,,,,,,,,,,,,,,,,,,,,,,,,,,,,,,,,,,,,,,,,,,,,,,,,,,,,,,,,,,,,,,,,,,,,,,,,,,,,,,,,,,,,,,,,,,,,,,,,,,,,,,,,,,,,,,,,,,,,,,,,,,,,,,,,,,,,,,,,,,,,,,,,,,,,,,,,,,,,,,,,,,,,,,,,,,,,,,,,,,,,
541,mt84rdfj,,0,0,18,,,,0,,,0.0,,,,,,,,,,,,,,czcerakw,,,,,0,Experiment_1_Persistence,https://app.prolific.com/submissions/complete?cc=C1BTHULB,0.0,1.0,541,,0.0,,1,1,541,,0.0,,,,,,,,,,,,,,,1,1,541,,0.0,,,,,,,,,,1,1,541,,0.0,,,,,,,,,,,,,,,,,,1,1,541,,0.0,,,,,,,,,,,,,1,1,541,,0.0,0,0,0,0,0,0,0,0,0,,,,,1,1,,,,,,,,,,,,,,,,,,,,,,,,,,,,,,,,,,,,,,,,,,,,,,,,,,,,,,,,,,,,,,,,,,,,,,,,,,,,,,,,,,,,,,,,,,,,,,,,,,,,,,,,,,,,,,,,,,,,,,,,,,,,,,,,,,,,,,,,,,,,,,,,,,,,,,,,,,,,,,,,,,,,,,,,,,,,,,,,,,,,,,,,,,,,,,,,,,,,,,,,,,,,,,,,,,,,,,,,,,,,,,,,,,,,,,,,,,,,,,,,,,,,,,,,,,,,,,,,,,,,,,,,,,,,,,,,,,,,,,,,,,,,,,,,,,,,,,,,,,,,,,,,,,,,,,,,,,,
542,bkowjdyn,,0,0,18,,,,0,,,0.0,,,,,,,,,,,,,,czcerakw,,,,,0,Experiment_1_Persistence,https://app.prolific.com/submissions/complete?cc=C1BTHULB,0.0,1.0,542,,0.0,,1,1,542,,0.0,,,,,,,,,,,,,,,1,1,542,,0.0,,,,,,,,,,1,1,542,,0.0,,,,,,,,,,,,,,,,,,1,1,542,,0.0,,,,,,,,,,,,,1,1,542,,0.0,0,0,0,0,0,0,0,0,0,,,,,1,1,,,,,,,,,,,,,,,,,,,,,,,,,,,,,,,,,,,,,,,,,,,,,,,,,,,,,,,,,,,,,,,,,,,,,,,,,,,,,,,,,,,,,,,,,,,,,,,,,,,,,,,,,,,,,,,,,,,,,,,,,,,,,,,,,,,,,,,,,,,,,,,,,,,,,,,,,,,,,,,,,,,,,,,,,,,,,,,,,,,,,,,,,,,,,,,,,,,,,,,,,,,,,,,,,,,,,,,,,,,,,,,,,,,,,,,,,,,,,,,,,,,,,,,,,,,,,,,,,,,,,,,,,,,,,,,,,,,,,,,,,,,,,,,,,,,,,,,,,,,,,,,,,,,,,,,,,,,
543,ak8fcfdy,,0,0,18,,,,0,,,0.0,,,,,,,,,,,,,,czcerakw,,,,,0,Experiment_1_Persistence,https://app.prolific.com/submissions/complete?cc=C1BTHULB,0.0,1.0,543,,0.0,,1,1,543,,0.0,,,,,,,,,,,,,,,1,1,543,,0.0,,,,,,,,,,1,1,543,,0.0,,,,,,,,,,,,,,,,,,1,1,543,,0.0,,,,,,,,,,,,,1,1,543,,0.0,0,0,0,0,0,0,0,0,0,,,,,1,1,,,,,,,,,,,,,,,,,,,,,,,,,,,,,,,,,,,,,,,,,,,,,,,,,,,,,,,,,,,,,,,,,,,,,,,,,,,,,,,,,,,,,,,,,,,,,,,,,,,,,,,,,,,,,,,,,,,,,,,,,,,,,,,,,,,,,,,,,,,,,,,,,,,,,,,,,,,,,,,,,,,,,,,,,,,,,,,,,,,,,,,,,,,,,,,,,,,,,,,,,,,,,,,,,,,,,,,,,,,,,,,,,,,,,,,,,,,,,,,,,,,,,,,,,,,,,,,,,,,,,,,,,,,,,,,,,,,,,,,,,,,,,,,,,,,,,,,,,,,,,,,,,,,,,,,,,,,
544,y48v8xda,,0,0,18,,,,0,,,0.0,,,,,,,,,,,,,,czcerakw,,,,,0,Experiment_1_Persistence,https://app.prolific.com/submissions/complete?cc=C1BTHULB,0.0,1.0,544,,0.0,,1,1,544,,0.0,,,,,,,,,,,,,,,1,1,544,,0.0,,,,,,,,,,1,1,544,,0.0,,,,,,,,,,,,,,,,,,1,1,544,,0.0,,,,,,,,,,,,,1,1,544,,0.0,0,0,0,0,0,0,0,0,0,,,,,1,1,,,,,,,,,,,,,,,,,,,,,,,,,,,,,,,,,,,,,,,,,,,,,,,,,,,,,,,,,,,,,,,,,,,,,,,,,,,,,,,,,,,,,,,,,,,,,,,,,,,,,,,,,,,,,,,,,,,,,,,,,,,,,,,,,,,,,,,,,,,,,,,,,,,,,,,,,,,,,,,,,,,,,,,,,,,,,,,,,,,,,,,,,,,,,,,,,,,,,,,,,,,,,,,,,,,,,,,,,,,,,,,,,,,,,,,,,,,,,,,,,,,,,,,,,,,,,,,,,,,,,,,,,,,,,,,,,,,,,,,,,,,,,,,,,,,,,,,,,,,,,,,,,,,,,,,,,,,
545,qhrbdpo3,,0,0,18,,,,0,,,0.0,,,,,,,,,,,,,,czcerakw,,,,,0,Experiment_1_Persistence,https://app.prolific.com/submissions/complete?cc=C1BTHULB,0.0,1.0,545,,0.0,,1,1,545,,0.0,,,,,,,,,,,,,,,1,1,545,,0.0,,,,,,,,,,1,1,545,,0.0,,,,,,,,,,,,,,,,,,1,1,545,,0.0,,,,,,,,,,,,,1,1,545,,0.0,0,0,0,0,0,0,0,0,0,,,,,1,1,,,,,,,,,,,,,,,,,,,,,,,,,,,,,,,,,,,,,,,,,,,,,,,,,,,,,,,,,,,,,,,,,,,,,,,,,,,,,,,,,,,,,,,,,,,,,,,,,,,,,,,,,,,,,,,,,,,,,,,,,,,,,,,,,,,,,,,,,,,,,,,,,,,,,,,,,,,,,,,,,,,,,,,,,,,,,,,,,,,,,,,,,,,,,,,,,,,,,,,,,,,,,,,,,,,,,,,,,,,,,,,,,,,,,,,,,,,,,,,,,,,,,,,,,,,,,,,,,,,,,,,,,,,,,,,,,,,,,,,,,,,,,,,,,,,,,,,,,,,,,,,,,,,,,,,,,,,
546,p39a069i,,0,0,18,,,,0,,,0.0,,,,,,,,,,,,,,czcerakw,,,,,0,Experiment_1_Persistence,https://app.prolific.com/submissions/complete?cc=C1BTHULB,0.0,1.0,546,,0.0,,1,1,546,,0.0,,,,,,,,,,,,,,,1,1,546,,0.0,,,,,,,,,,1,1,546,,0.0,,,,,,,,,,,,,,,,,,1,1,546,,0.0,,,,,,,,,,,,,1,1,546,,0.0,0,0,0,0,0,0,0,0,0,,,,,1,1,,,,,,,,,,,,,,,,,,,,,,,,,,,,,,,,,,,,,,,,,,,,,,,,,,,,,,,,,,,,,,,,,,,,,,,,,,,,,,,,,,,,,,,,,,,,,,,,,,,,,,,,,,,,,,,,,,,,,,,,,,,,,,,,,,,,,,,,,,,,,,,,,,,,,,,,,,,,,,,,,,,,,,,,,,,,,,,,,,,,,,,,,,,,,,,,,,,,,,,,,,,,,,,,,,,,,,,,,,,,,,,,,,,,,,,,,,,,,,,,,,,,,,,,,,,,,,,,,,,,,,,,,,,,,,,,,,,,,,,,,,,,,,,,,,,,,,,,,,,,,,,,,,,,,,,,,,,
547,cb8lapl3,,0,0,18,,,,0,,,0.0,,,,,,,,,,,,,,czcerakw,,,,,0,Experiment_1_Persistence,https://app.prolific.com/submissions/complete?cc=C1BTHULB,0.0,1.0,547,,0.0,,1,1,547,,0.0,,,,,,,,,,,,,,,1,1,547,,0.0,,,,,,,,,,1,1,547,,0.0,,,,,,,,,,,,,,,,,,1,1,547,,0.0,,,,,,,,,,,,,1,1,547,,0.0,0,0,0,0,0,0,0,0,0,,,,,1,1,,,,,,,,,,,,,,,,,,,,,,,,,,,,,,,,,,,,,,,,,,,,,,,,,,,,,,,,,,,,,,,,,,,,,,,,,,,,,,,,,,,,,,,,,,,,,,,,,,,,,,,,,,,,,,,,,,,,,,,,,,,,,,,,,,,,,,,,,,,,,,,,,,,,,,,,,,,,,,,,,,,,,,,,,,,,,,,,,,,,,,,,,,,,,,,,,,,,,,,,,,,,,,,,,,,,,,,,,,,,,,,,,,,,,,,,,,,,,,,,,,,,,,,,,,,,,,,,,,,,,,,,,,,,,,,,,,,,,,,,,,,,,,,,,,,,,,,,,,,,,,,,,,,,,,,,,,,
548,trkbs5h8,,0,0,18,,,,0,,,0.0,,,,,,,,,,,,,,czcerakw,,,,,0,Experiment_1_Persistence,https://app.prolific.com/submissions/complete?cc=C1BTHULB,0.0,1.0,548,,0.0,,1,1,548,,0.0,,,,,,,,,,,,,,,1,1,548,,0.0,,,,,,,,,,1,1,548,,0.0,,,,,,,,,,,,,,,,,,1,1,548,,0.0,,,,,,,,,,,,,1,1,548,,0.0,0,0,0,0,0,0,0,0,0,,,,,1,1,,,,,,,,,,,,,,,,,,,,,,,,,,,,,,,,,,,,,,,,,,,,,,,,,,,,,,,,,,,,,,,,,,,,,,,,,,,,,,,,,,,,,,,,,,,,,,,,,,,,,,,,,,,,,,,,,,,,,,,,,,,,,,,,,,,,,,,,,,,,,,,,,,,,,,,,,,,,,,,,,,,,,,,,,,,,,,,,,,,,,,,,,,,,,,,,,,,,,,,,,,,,,,,,,,,,,,,,,,,,,,,,,,,,,,,,,,,,,,,,,,,,,,,,,,,,,,,,,,,,,,,,,,,,,,,,,,,,,,,,,,,,,,,,,,,,,,,,,,,,,,,,,,,,,,,,,,,
549,ykzwage6,,0,0,18,,,,0,,,0.0,,,,,,,,,,,,,,czcerakw,,,,,0,Experiment_1_Persistence,https://app.prolific.com/submissions/complete?cc=C1BTHULB,0.0,1.0,549,,0.0,,1,1,549,,0.0,,,,,,,,,,,,,,,1,1,549,,0.0,,,,,,,,,,1,1,549,,0.0,,,,,,,,,,,,,,,,,,1,1,549,,0.0,,,,,,,,,,,,,1,1,549,,0.0,0,0,0,0,0,0,0,0,0,,,,,1,1,,,,,,,,,,,,,,,,,,,,,,,,,,,,,,,,,,,,,,,,,,,,,,,,,,,,,,,,,,,,,,,,,,,,,,,,,,,,,,,,,,,,,,,,,,,,,,,,,,,,,,,,,,,,,,,,,,,,,,,,,,,,,,,,,,,,,,,,,,,,,,,,,,,,,,,,,,,,,,,,,,,,,,,,,,,,,,,,,,,,,,,,,,,,,,,,,,,,,,,,,,,,,,,,,,,,,,,,,,,,,,,,,,,,,,,,,,,,,,,,,,,,,,,,,,,,,,,,,,,,,,,,,,,,,,,,,,,,,,,,,,,,,,,,,,,,,,,,,,,,,,,,,,,,,,,,,,,
550,t39cyycm,,0,0,18,,,,0,,,0.0,,,,,,,,,,,,,,czcerakw,,,,,0,Experiment_1_Persistence,https://app.prolific.com/submissions/complete?cc=C1BTHULB,0.0,1.0,550,,0.0,,1,1,550,,0.0,,,,,,,,,,,,,,,1,1,550,,0.0,,,,,,,,,,1,1,550,,0.0,,,,,,,,,,,,,,,,,,1,1,550,,0.0,,,,,,,,,,,,,1,1,550,,0.0,0,0,0,0,0,0,0,0,0,,,,,1,1,,,,,,,,,,,,,,,,,,,,,,,,,,,,,,,,,,,,,,,,,,,,,,,,,,,,,,,,,,,,,,,,,,,,,,,,,,,,,,,,,,,,,,,,,,,,,,,,,,,,,,,,,,,,,,,,,,,,,,,,,,,,,,,,,,,,,,,,,,,,,,,,,,,,,,,,,,,,,,,,,,,,,,,,,,,,,,,,,,,,,,,,,,,,,,,,,,,,,,,,,,,,,,,,,,,,,,,,,,,,,,,,,,,,,,,,,,,,,,,,,,,,,,,,,,,,,,,,,,,,,,,,,,,,,,,,,,,,,,,,,,,,,,,,,,,,,,,,,,,,,,,,,,,,,,,,,,,
551,4m1dijq7,,0,0,18,,,,0,,,0.0,,,,,,,,,,,,,,czcerakw,,,,,0,Experiment_1_Persistence,https://app.prolific.com/submissions/complete?cc=C1BTHULB,0.0,1.0,551,,0.0,,1,1,551,,0.0,,,,,,,,,,,,,,,1,1,551,,0.0,,,,,,,,,,1,1,551,,0.0,,,,,,,,,,,,,,,,,,1,1,551,,0.0,,,,,,,,,,,,,1,1,551,,0.0,0,0,0,0,0,0,0,0,0,,,,,1,1,,,,,,,,,,,,,,,,,,,,,,,,,,,,,,,,,,,,,,,,,,,,,,,,,,,,,,,,,,,,,,,,,,,,,,,,,,,,,,,,,,,,,,,,,,,,,,,,,,,,,,,,,,,,,,,,,,,,,,,,,,,,,,,,,,,,,,,,,,,,,,,,,,,,,,,,,,,,,,,,,,,,,,,,,,,,,,,,,,,,,,,,,,,,,,,,,,,,,,,,,,,,,,,,,,,,,,,,,,,,,,,,,,,,,,,,,,,,,,,,,,,,,,,,,,,,,,,,,,,,,,,,,,,,,,,,,,,,,,,,,,,,,,,,,,,,,,,,,,,,,,,,,,,,,,,,,,,
552,zwti7403,,0,0,18,,,,0,,,0.0,,,,,,,,,,,,,,czcerakw,,,,,0,Experiment_1_Persistence,https://app.prolific.com/submissions/complete?cc=C1BTHULB,0.0,1.0,552,,0.0,,1,1,552,,0.0,,,,,,,,,,,,,,,1,1,552,,0.0,,,,,,,,,,1,1,552,,0.0,,,,,,,,,,,,,,,,,,1,1,552,,0.0,,,,,,,,,,,,,1,1,552,,0.0,0,0,0,0,0,0,0,0,0,,,,,1,1,,,,,,,,,,,,,,,,,,,,,,,,,,,,,,,,,,,,,,,,,,,,,,,,,,,,,,,,,,,,,,,,,,,,,,,,,,,,,,,,,,,,,,,,,,,,,,,,,,,,,,,,,,,,,,,,,,,,,,,,,,,,,,,,,,,,,,,,,,,,,,,,,,,,,,,,,,,,,,,,,,,,,,,,,,,,,,,,,,,,,,,,,,,,,,,,,,,,,,,,,,,,,,,,,,,,,,,,,,,,,,,,,,,,,,,,,,,,,,,,,,,,,,,,,,,,,,,,,,,,,,,,,,,,,,,,,,,,,,,,,,,,,,,,,,,,,,,,,,,,,,,,,,,,,,,,,,,
553,thpd8eek,,0,0,18,,,,0,,,0.0,,,,,,,,,,,,,,czcerakw,,,,,0,Experiment_1_Persistence,https://app.prolific.com/submissions/complete?cc=C1BTHULB,0.0,1.0,553,,0.0,,1,1,553,,0.0,,,,,,,,,,,,,,,1,1,553,,0.0,,,,,,,,,,1,1,553,,0.0,,,,,,,,,,,,,,,,,,1,1,553,,0.0,,,,,,,,,,,,,1,1,553,,0.0,0,0,0,0,0,0,0,0,0,,,,,1,1,,,,,,,,,,,,,,,,,,,,,,,,,,,,,,,,,,,,,,,,,,,,,,,,,,,,,,,,,,,,,,,,,,,,,,,,,,,,,,,,,,,,,,,,,,,,,,,,,,,,,,,,,,,,,,,,,,,,,,,,,,,,,,,,,,,,,,,,,,,,,,,,,,,,,,,,,,,,,,,,,,,,,,,,,,,,,,,,,,,,,,,,,,,,,,,,,,,,,,,,,,,,,,,,,,,,,,,,,,,,,,,,,,,,,,,,,,,,,,,,,,,,,,,,,,,,,,,,,,,,,,,,,,,,,,,,,,,,,,,,,,,,,,,,,,,,,,,,,,,,,,,,,,,,,,,,,,,
554,wezqeu6a,,0,0,18,,,,0,,,0.0,,,,,,,,,,,,,,czcerakw,,,,,0,Experiment_1_Persistence,https://app.prolific.com/submissions/complete?cc=C1BTHULB,0.0,1.0,554,,0.0,,1,1,554,,0.0,,,,,,,,,,,,,,,1,1,554,,0.0,,,,,,,,,,1,1,554,,0.0,,,,,,,,,,,,,,,,,,1,1,554,,0.0,,,,,,,,,,,,,1,1,554,,0.0,0,0,0,0,0,0,0,0,0,,,,,1,1,,,,,,,,,,,,,,,,,,,,,,,,,,,,,,,,,,,,,,,,,,,,,,,,,,,,,,,,,,,,,,,,,,,,,,,,,,,,,,,,,,,,,,,,,,,,,,,,,,,,,,,,,,,,,,,,,,,,,,,,,,,,,,,,,,,,,,,,,,,,,,,,,,,,,,,,,,,,,,,,,,,,,,,,,,,,,,,,,,,,,,,,,,,,,,,,,,,,,,,,,,,,,,,,,,,,,,,,,,,,,,,,,,,,,,,,,,,,,,,,,,,,,,,,,,,,,,,,,,,,,,,,,,,,,,,,,,,,,,,,,,,,,,,,,,,,,,,,,,,,,,,,,,,,,,,,,,,
555,bx0tpngn,,0,0,18,,,,0,,,0.0,,,,,,,,,,,,,,czcerakw,,,,,0,Experiment_1_Persistence,https://app.prolific.com/submissions/complete?cc=C1BTHULB,0.0,1.0,555,,0.0,,1,1,555,,0.0,,,,,,,,,,,,,,,1,1,555,,0.0,,,,,,,,,,1,1,555,,0.0,,,,,,,,,,,,,,,,,,1,1,555,,0.0,,,,,,,,,,,,,1,1,555,,0.0,0,0,0,0,0,0,0,0,0,,,,,1,1,,,,,,,,,,,,,,,,,,,,,,,,,,,,,,,,,,,,,,,,,,,,,,,,,,,,,,,,,,,,,,,,,,,,,,,,,,,,,,,,,,,,,,,,,,,,,,,,,,,,,,,,,,,,,,,,,,,,,,,,,,,,,,,,,,,,,,,,,,,,,,,,,,,,,,,,,,,,,,,,,,,,,,,,,,,,,,,,,,,,,,,,,,,,,,,,,,,,,,,,,,,,,,,,,,,,,,,,,,,,,,,,,,,,,,,,,,,,,,,,,,,,,,,,,,,,,,,,,,,,,,,,,,,,,,,,,,,,,,,,,,,,,,,,,,,,,,,,,,,,,,,,,,,,,,,,,,,
556,qv7gfbev,,0,0,18,,,,0,,,0.0,,,,,,,,,,,,,,czcerakw,,,,,0,Experiment_1_Persistence,https://app.prolific.com/submissions/complete?cc=C1BTHULB,0.0,1.0,556,,0.0,,1,1,556,,0.0,,,,,,,,,,,,,,,1,1,556,,0.0,,,,,,,,,,1,1,556,,0.0,,,,,,,,,,,,,,,,,,1,1,556,,0.0,,,,,,,,,,,,,1,1,556,,0.0,0,0,0,0,0,0,0,0,0,,,,,1,1,,,,,,,,,,,,,,,,,,,,,,,,,,,,,,,,,,,,,,,,,,,,,,,,,,,,,,,,,,,,,,,,,,,,,,,,,,,,,,,,,,,,,,,,,,,,,,,,,,,,,,,,,,,,,,,,,,,,,,,,,,,,,,,,,,,,,,,,,,,,,,,,,,,,,,,,,,,,,,,,,,,,,,,,,,,,,,,,,,,,,,,,,,,,,,,,,,,,,,,,,,,,,,,,,,,,,,,,,,,,,,,,,,,,,,,,,,,,,,,,,,,,,,,,,,,,,,,,,,,,,,,,,,,,,,,,,,,,,,,,,,,,,,,,,,,,,,,,,,,,,,,,,,,,,,,,,,,
557,qii24m87,,0,0,18,,,,0,,,0.0,,,,,,,,,,,,,,czcerakw,,,,,0,Experiment_1_Persistence,https://app.prolific.com/submissions/complete?cc=C1BTHULB,0.0,1.0,557,,0.0,,1,1,557,,0.0,,,,,,,,,,,,,,,1,1,557,,0.0,,,,,,,,,,1,1,557,,0.0,,,,,,,,,,,,,,,,,,1,1,557,,0.0,,,,,,,,,,,,,1,1,557,,0.0,0,0,0,0,0,0,0,0,0,,,,,1,1,,,,,,,,,,,,,,,,,,,,,,,,,,,,,,,,,,,,,,,,,,,,,,,,,,,,,,,,,,,,,,,,,,,,,,,,,,,,,,,,,,,,,,,,,,,,,,,,,,,,,,,,,,,,,,,,,,,,,,,,,,,,,,,,,,,,,,,,,,,,,,,,,,,,,,,,,,,,,,,,,,,,,,,,,,,,,,,,,,,,,,,,,,,,,,,,,,,,,,,,,,,,,,,,,,,,,,,,,,,,,,,,,,,,,,,,,,,,,,,,,,,,,,,,,,,,,,,,,,,,,,,,,,,,,,,,,,,,,,,,,,,,,,,,,,,,,,,,,,,,,,,,,,,,,,,,,,,
558,mb2mt4pw,,0,0,18,,,,0,,,0.0,,,,,,,,,,,,,,czcerakw,,,,,0,Experiment_1_Persistence,https://app.prolific.com/submissions/complete?cc=C1BTHULB,0.0,1.0,558,,0.0,,1,1,558,,0.0,,,,,,,,,,,,,,,1,1,558,,0.0,,,,,,,,,,1,1,558,,0.0,,,,,,,,,,,,,,,,,,1,1,558,,0.0,,,,,,,,,,,,,1,1,558,,0.0,0,0,0,0,0,0,0,0,0,,,,,1,1,,,,,,,,,,,,,,,,,,,,,,,,,,,,,,,,,,,,,,,,,,,,,,,,,,,,,,,,,,,,,,,,,,,,,,,,,,,,,,,,,,,,,,,,,,,,,,,,,,,,,,,,,,,,,,,,,,,,,,,,,,,,,,,,,,,,,,,,,,,,,,,,,,,,,,,,,,,,,,,,,,,,,,,,,,,,,,,,,,,,,,,,,,,,,,,,,,,,,,,,,,,,,,,,,,,,,,,,,,,,,,,,,,,,,,,,,,,,,,,,,,,,,,,,,,,,,,,,,,,,,,,,,,,,,,,,,,,,,,,,,,,,,,,,,,,,,,,,,,,,,,,,,,,,,,,,,,,
559,bcho9u0q,,0,0,18,,,,0,,,0.0,,,,,,,,,,,,,,czcerakw,,,,,0,Experiment_1_Persistence,https://app.prolific.com/submissions/complete?cc=C1BTHULB,0.0,1.0,559,,0.0,,1,1,559,,0.0,,,,,,,,,,,,,,,1,1,559,,0.0,,,,,,,,,,1,1,559,,0.0,,,,,,,,,,,,,,,,,,1,1,559,,0.0,,,,,,,,,,,,,1,1,559,,0.0,0,0,0,0,0,0,0,0,0,,,,,1,1,,,,,,,,,,,,,,,,,,,,,,,,,,,,,,,,,,,,,,,,,,,,,,,,,,,,,,,,,,,,,,,,,,,,,,,,,,,,,,,,,,,,,,,,,,,,,,,,,,,,,,,,,,,,,,,,,,,,,,,,,,,,,,,,,,,,,,,,,,,,,,,,,,,,,,,,,,,,,,,,,,,,,,,,,,,,,,,,,,,,,,,,,,,,,,,,,,,,,,,,,,,,,,,,,,,,,,,,,,,,,,,,,,,,,,,,,,,,,,,,,,,,,,,,,,,,,,,,,,,,,,,,,,,,,,,,,,,,,,,,,,,,,,,,,,,,,,,,,,,,,,,,,,,,,,,,,,,
560,uk21ny08,,0,0,18,,,,0,,,0.0,,,,,,,,,,,,,,czcerakw,,,,,0,Experiment_1_Persistence,https://app.prolific.com/submissions/complete?cc=C1BTHULB,0.0,1.0,560,,0.0,,1,1,560,,0.0,,,,,,,,,,,,,,,1,1,560,,0.0,,,,,,,,,,1,1,560,,0.0,,,,,,,,,,,,,,,,,,1,1,560,,0.0,,,,,,,,,,,,,1,1,560,,0.0,0,0,0,0,0,0,0,0,0,,,,,1,1,,,,,,,,,,,,,,,,,,,,,,,,,,,,,,,,,,,,,,,,,,,,,,,,,,,,,,,,,,,,,,,,,,,,,,,,,,,,,,,,,,,,,,,,,,,,,,,,,,,,,,,,,,,,,,,,,,,,,,,,,,,,,,,,,,,,,,,,,,,,,,,,,,,,,,,,,,,,,,,,,,,,,,,,,,,,,,,,,,,,,,,,,,,,,,,,,,,,,,,,,,,,,,,,,,,,,,,,,,,,,,,,,,,,,,,,,,,,,,,,,,,,,,,,,,,,,,,,,,,,,,,,,,,,,,,,,,,,,,,,,,,,,,,,,,,,,,,,,,,,,,,,,,,,,,,,,,,
561,9zmb3xah,,0,0,18,,,,0,,,0.0,,,,,,,,,,,,,,czcerakw,,,,,0,Experiment_1_Persistence,https://app.prolific.com/submissions/complete?cc=C1BTHULB,0.0,1.0,561,,0.0,,1,1,561,,0.0,,,,,,,,,,,,,,,1,1,561,,0.0,,,,,,,,,,1,1,561,,0.0,,,,,,,,,,,,,,,,,,1,1,561,,0.0,,,,,,,,,,,,,1,1,561,,0.0,0,0,0,0,0,0,0,0,0,,,,,1,1,,,,,,,,,,,,,,,,,,,,,,,,,,,,,,,,,,,,,,,,,,,,,,,,,,,,,,,,,,,,,,,,,,,,,,,,,,,,,,,,,,,,,,,,,,,,,,,,,,,,,,,,,,,,,,,,,,,,,,,,,,,,,,,,,,,,,,,,,,,,,,,,,,,,,,,,,,,,,,,,,,,,,,,,,,,,,,,,,,,,,,,,,,,,,,,,,,,,,,,,,,,,,,,,,,,,,,,,,,,,,,,,,,,,,,,,,,,,,,,,,,,,,,,,,,,,,,,,,,,,,,,,,,,,,,,,,,,,,,,,,,,,,,,,,,,,,,,,,,,,,,,,,,,,,,,,,,,
562,yh3i1w8u,,0,0,18,,,,0,,,0.0,,,,,,,,,,,,,,czcerakw,,,,,0,Experiment_1_Persistence,https://app.prolific.com/submissions/complete?cc=C1BTHULB,0.0,1.0,562,,0.0,,1,1,562,,0.0,,,,,,,,,,,,,,,1,1,562,,0.0,,,,,,,,,,1,1,562,,0.0,,,,,,,,,,,,,,,,,,1,1,562,,0.0,,,,,,,,,,,,,1,1,562,,0.0,0,0,0,0,0,0,0,0,0,,,,,1,1,,,,,,,,,,,,,,,,,,,,,,,,,,,,,,,,,,,,,,,,,,,,,,,,,,,,,,,,,,,,,,,,,,,,,,,,,,,,,,,,,,,,,,,,,,,,,,,,,,,,,,,,,,,,,,,,,,,,,,,,,,,,,,,,,,,,,,,,,,,,,,,,,,,,,,,,,,,,,,,,,,,,,,,,,,,,,,,,,,,,,,,,,,,,,,,,,,,,,,,,,,,,,,,,,,,,,,,,,,,,,,,,,,,,,,,,,,,,,,,,,,,,,,,,,,,,,,,,,,,,,,,,,,,,,,,,,,,,,,,,,,,,,,,,,,,,,,,,,,,,,,,,,,,,,,,,,,,
563,bh1cyknz,,0,0,18,,,,0,,,0.0,,,,,,,,,,,,,,czcerakw,,,,,0,Experiment_1_Persistence,https://app.prolific.com/submissions/complete?cc=C1BTHULB,0.0,1.0,563,,0.0,,1,1,563,,0.0,,,,,,,,,,,,,,,1,1,563,,0.0,,,,,,,,,,1,1,563,,0.0,,,,,,,,,,,,,,,,,,1,1,563,,0.0,,,,,,,,,,,,,1,1,563,,0.0,0,0,0,0,0,0,0,0,0,,,,,1,1,,,,,,,,,,,,,,,,,,,,,,,,,,,,,,,,,,,,,,,,,,,,,,,,,,,,,,,,,,,,,,,,,,,,,,,,,,,,,,,,,,,,,,,,,,,,,,,,,,,,,,,,,,,,,,,,,,,,,,,,,,,,,,,,,,,,,,,,,,,,,,,,,,,,,,,,,,,,,,,,,,,,,,,,,,,,,,,,,,,,,,,,,,,,,,,,,,,,,,,,,,,,,,,,,,,,,,,,,,,,,,,,,,,,,,,,,,,,,,,,,,,,,,,,,,,,,,,,,,,,,,,,,,,,,,,,,,,,,,,,,,,,,,,,,,,,,,,,,,,,,,,,,,,,,,,,,,,
564,7fj9zv6n,,0,0,18,,,,0,,,0.0,,,,,,,,,,,,,,czcerakw,,,,,0,Experiment_1_Persistence,https://app.prolific.com/submissions/complete?cc=C1BTHULB,0.0,1.0,564,,0.0,,1,1,564,,0.0,,,,,,,,,,,,,,,1,1,564,,0.0,,,,,,,,,,1,1,564,,0.0,,,,,,,,,,,,,,,,,,1,1,564,,0.0,,,,,,,,,,,,,1,1,564,,0.0,0,0,0,0,0,0,0,0,0,,,,,1,1,,,,,,,,,,,,,,,,,,,,,,,,,,,,,,,,,,,,,,,,,,,,,,,,,,,,,,,,,,,,,,,,,,,,,,,,,,,,,,,,,,,,,,,,,,,,,,,,,,,,,,,,,,,,,,,,,,,,,,,,,,,,,,,,,,,,,,,,,,,,,,,,,,,,,,,,,,,,,,,,,,,,,,,,,,,,,,,,,,,,,,,,,,,,,,,,,,,,,,,,,,,,,,,,,,,,,,,,,,,,,,,,,,,,,,,,,,,,,,,,,,,,,,,,,,,,,,,,,,,,,,,,,,,,,,,,,,,,,,,,,,,,,,,,,,,,,,,,,,,,,,,,,,,,,,,,,,,
565,06g6dlr5,,0,0,18,,,,0,,,0.0,,,,,,,,,,,,,,czcerakw,,,,,0,Experiment_1_Persistence,https://app.prolific.com/submissions/complete?cc=C1BTHULB,0.0,1.0,565,,0.0,,1,1,565,,0.0,,,,,,,,,,,,,,,1,1,565,,0.0,,,,,,,,,,1,1,565,,0.0,,,,,,,,,,,,,,,,,,1,1,565,,0.0,,,,,,,,,,,,,1,1,565,,0.0,0,0,0,0,0,0,0,0,0,,,,,1,1,,,,,,,,,,,,,,,,,,,,,,,,,,,,,,,,,,,,,,,,,,,,,,,,,,,,,,,,,,,,,,,,,,,,,,,,,,,,,,,,,,,,,,,,,,,,,,,,,,,,,,,,,,,,,,,,,,,,,,,,,,,,,,,,,,,,,,,,,,,,,,,,,,,,,,,,,,,,,,,,,,,,,,,,,,,,,,,,,,,,,,,,,,,,,,,,,,,,,,,,,,,,,,,,,,,,,,,,,,,,,,,,,,,,,,,,,,,,,,,,,,,,,,,,,,,,,,,,,,,,,,,,,,,,,,,,,,,,,,,,,,,,,,,,,,,,,,,,,,,,,,,,,,,,,,,,,,,
566,g2fso54q,,0,0,18,,,,0,,,0.0,,,,,,,,,,,,,,czcerakw,,,,,0,Experiment_1_Persistence,https://app.prolific.com/submissions/complete?cc=C1BTHULB,0.0,1.0,566,,0.0,,1,1,566,,0.0,,,,,,,,,,,,,,,1,1,566,,0.0,,,,,,,,,,1,1,566,,0.0,,,,,,,,,,,,,,,,,,1,1,566,,0.0,,,,,,,,,,,,,1,1,566,,0.0,0,0,0,0,0,0,0,0,0,,,,,1,1,,,,,,,,,,,,,,,,,,,,,,,,,,,,,,,,,,,,,,,,,,,,,,,,,,,,,,,,,,,,,,,,,,,,,,,,,,,,,,,,,,,,,,,,,,,,,,,,,,,,,,,,,,,,,,,,,,,,,,,,,,,,,,,,,,,,,,,,,,,,,,,,,,,,,,,,,,,,,,,,,,,,,,,,,,,,,,,,,,,,,,,,,,,,,,,,,,,,,,,,,,,,,,,,,,,,,,,,,,,,,,,,,,,,,,,,,,,,,,,,,,,,,,,,,,,,,,,,,,,,,,,,,,,,,,,,,,,,,,,,,,,,,,,,,,,,,,,,,,,,,,,,,,,,,,,,,,,
567,vn6amx7m,,0,0,18,,,,0,,,0.0,,,,,,,,,,,,,,czcerakw,,,,,0,Experiment_1_Persistence,https://app.prolific.com/submissions/complete?cc=C1BTHULB,0.0,1.0,567,,0.0,,1,1,567,,0.0,,,,,,,,,,,,,,,1,1,567,,0.0,,,,,,,,,,1,1,567,,0.0,,,,,,,,,,,,,,,,,,1,1,567,,0.0,,,,,,,,,,,,,1,1,567,,0.0,0,0,0,0,0,0,0,0,0,,,,,1,1,,,,,,,,,,,,,,,,,,,,,,,,,,,,,,,,,,,,,,,,,,,,,,,,,,,,,,,,,,,,,,,,,,,,,,,,,,,,,,,,,,,,,,,,,,,,,,,,,,,,,,,,,,,,,,,,,,,,,,,,,,,,,,,,,,,,,,,,,,,,,,,,,,,,,,,,,,,,,,,,,,,,,,,,,,,,,,,,,,,,,,,,,,,,,,,,,,,,,,,,,,,,,,,,,,,,,,,,,,,,,,,,,,,,,,,,,,,,,,,,,,,,,,,,,,,,,,,,,,,,,,,,,,,,,,,,,,,,,,,,,,,,,,,,,,,,,,,,,,,,,,,,,,,,,,,,,,,
568,ylxkhq3b,,0,0,18,,,,0,,,0.0,,,,,,,,,,,,,,czcerakw,,,,,0,Experiment_1_Persistence,https://app.prolific.com/submissions/complete?cc=C1BTHULB,0.0,1.0,568,,0.0,,1,1,568,,0.0,,,,,,,,,,,,,,,1,1,568,,0.0,,,,,,,,,,1,1,568,,0.0,,,,,,,,,,,,,,,,,,1,1,568,,0.0,,,,,,,,,,,,,1,1,568,,0.0,0,0,0,0,0,0,0,0,0,,,,,1,1,,,,,,,,,,,,,,,,,,,,,,,,,,,,,,,,,,,,,,,,,,,,,,,,,,,,,,,,,,,,,,,,,,,,,,,,,,,,,,,,,,,,,,,,,,,,,,,,,,,,,,,,,,,,,,,,,,,,,,,,,,,,,,,,,,,,,,,,,,,,,,,,,,,,,,,,,,,,,,,,,,,,,,,,,,,,,,,,,,,,,,,,,,,,,,,,,,,,,,,,,,,,,,,,,,,,,,,,,,,,,,,,,,,,,,,,,,,,,,,,,,,,,,,,,,,,,,,,,,,,,,,,,,,,,,,,,,,,,,,,,,,,,,,,,,,,,,,,,,,,,,,,,,,,,,,,,,,
569,z0ckncfe,,0,0,18,,,,0,,,0.0,,,,,,,,,,,,,,czcerakw,,,,,0,Experiment_1_Persistence,https://app.prolific.com/submissions/complete?cc=C1BTHULB,0.0,1.0,569,,0.0,,1,1,569,,0.0,,,,,,,,,,,,,,,1,1,569,,0.0,,,,,,,,,,1,1,569,,0.0,,,,,,,,,,,,,,,,,,1,1,569,,0.0,,,,,,,,,,,,,1,1,569,,0.0,0,0,0,0,0,0,0,0,0,,,,,1,1,,,,,,,,,,,,,,,,,,,,,,,,,,,,,,,,,,,,,,,,,,,,,,,,,,,,,,,,,,,,,,,,,,,,,,,,,,,,,,,,,,,,,,,,,,,,,,,,,,,,,,,,,,,,,,,,,,,,,,,,,,,,,,,,,,,,,,,,,,,,,,,,,,,,,,,,,,,,,,,,,,,,,,,,,,,,,,,,,,,,,,,,,,,,,,,,,,,,,,,,,,,,,,,,,,,,,,,,,,,,,,,,,,,,,,,,,,,,,,,,,,,,,,,,,,,,,,,,,,,,,,,,,,,,,,,,,,,,,,,,,,,,,,,,,,,,,,,,,,,,,,,,,,,,,,,,,,,
570,481jxydg,,0,0,18,,,,0,,,0.0,,,,,,,,,,,,,,czcerakw,,,,,0,Experiment_1_Persistence,https://app.prolific.com/submissions/complete?cc=C1BTHULB,0.0,1.0,570,,0.0,,1,1,570,,0.0,,,,,,,,,,,,,,,1,1,570,,0.0,,,,,,,,,,1,1,570,,0.0,,,,,,,,,,,,,,,,,,1,1,570,,0.0,,,,,,,,,,,,,1,1,570,,0.0,0,0,0,0,0,0,0,0,0,,,,,1,1,,,,,,,,,,,,,,,,,,,,,,,,,,,,,,,,,,,,,,,,,,,,,,,,,,,,,,,,,,,,,,,,,,,,,,,,,,,,,,,,,,,,,,,,,,,,,,,,,,,,,,,,,,,,,,,,,,,,,,,,,,,,,,,,,,,,,,,,,,,,,,,,,,,,,,,,,,,,,,,,,,,,,,,,,,,,,,,,,,,,,,,,,,,,,,,,,,,,,,,,,,,,,,,,,,,,,,,,,,,,,,,,,,,,,,,,,,,,,,,,,,,,,,,,,,,,,,,,,,,,,,,,,,,,,,,,,,,,,,,,,,,,,,,,,,,,,,,,,,,,,,,,,,,,,,,,,,,
571,llliz4yk,,0,0,18,,,,0,,,0.0,,,,,,,,,,,,,,czcerakw,,,,,0,Experiment_1_Persistence,https://app.prolific.com/submissions/complete?cc=C1BTHULB,0.0,1.0,571,,0.0,,1,1,571,,0.0,,,,,,,,,,,,,,,1,1,571,,0.0,,,,,,,,,,1,1,571,,0.0,,,,,,,,,,,,,,,,,,1,1,571,,0.0,,,,,,,,,,,,,1,1,571,,0.0,0,0,0,0,0,0,0,0,0,,,,,1,1,,,,,,,,,,,,,,,,,,,,,,,,,,,,,,,,,,,,,,,,,,,,,,,,,,,,,,,,,,,,,,,,,,,,,,,,,,,,,,,,,,,,,,,,,,,,,,,,,,,,,,,,,,,,,,,,,,,,,,,,,,,,,,,,,,,,,,,,,,,,,,,,,,,,,,,,,,,,,,,,,,,,,,,,,,,,,,,,,,,,,,,,,,,,,,,,,,,,,,,,,,,,,,,,,,,,,,,,,,,,,,,,,,,,,,,,,,,,,,,,,,,,,,,,,,,,,,,,,,,,,,,,,,,,,,,,,,,,,,,,,,,,,,,,,,,,,,,,,,,,,,,,,,,,,,,,,,,
572,7ziuxka6,,0,0,18,,,,0,,,0.0,,,,,,,,,,,,,,czcerakw,,,,,0,Experiment_1_Persistence,https://app.prolific.com/submissions/complete?cc=C1BTHULB,0.0,1.0,572,,0.0,,1,1,572,,0.0,,,,,,,,,,,,,,,1,1,572,,0.0,,,,,,,,,,1,1,572,,0.0,,,,,,,,,,,,,,,,,,1,1,572,,0.0,,,,,,,,,,,,,1,1,572,,0.0,0,0,0,0,0,0,0,0,0,,,,,1,1,,,,,,,,,,,,,,,,,,,,,,,,,,,,,,,,,,,,,,,,,,,,,,,,,,,,,,,,,,,,,,,,,,,,,,,,,,,,,,,,,,,,,,,,,,,,,,,,,,,,,,,,,,,,,,,,,,,,,,,,,,,,,,,,,,,,,,,,,,,,,,,,,,,,,,,,,,,,,,,,,,,,,,,,,,,,,,,,,,,,,,,,,,,,,,,,,,,,,,,,,,,,,,,,,,,,,,,,,,,,,,,,,,,,,,,,,,,,,,,,,,,,,,,,,,,,,,,,,,,,,,,,,,,,,,,,,,,,,,,,,,,,,,,,,,,,,,,,,,,,,,,,,,,,,,,,,,,
573,oesjpbi3,,0,0,18,,,,0,,,0.0,,,,,,,,,,,,,,czcerakw,,,,,0,Experiment_1_Persistence,https://app.prolific.com/submissions/complete?cc=C1BTHULB,0.0,1.0,573,,0.0,,1,1,573,,0.0,,,,,,,,,,,,,,,1,1,573,,0.0,,,,,,,,,,1,1,573,,0.0,,,,,,,,,,,,,,,,,,1,1,573,,0.0,,,,,,,,,,,,,1,1,573,,0.0,0,0,0,0,0,0,0,0,0,,,,,1,1,,,,,,,,,,,,,,,,,,,,,,,,,,,,,,,,,,,,,,,,,,,,,,,,,,,,,,,,,,,,,,,,,,,,,,,,,,,,,,,,,,,,,,,,,,,,,,,,,,,,,,,,,,,,,,,,,,,,,,,,,,,,,,,,,,,,,,,,,,,,,,,,,,,,,,,,,,,,,,,,,,,,,,,,,,,,,,,,,,,,,,,,,,,,,,,,,,,,,,,,,,,,,,,,,,,,,,,,,,,,,,,,,,,,,,,,,,,,,,,,,,,,,,,,,,,,,,,,,,,,,,,,,,,,,,,,,,,,,,,,,,,,,,,,,,,,,,,,,,,,,,,,,,,,,,,,,,,
574,hlqk9bme,,0,0,18,,,,0,,,0.0,,,,,,,,,,,,,,czcerakw,,,,,0,Experiment_1_Persistence,https://app.prolific.com/submissions/complete?cc=C1BTHULB,0.0,1.0,574,,0.0,,1,1,574,,0.0,,,,,,,,,,,,,,,1,1,574,,0.0,,,,,,,,,,1,1,574,,0.0,,,,,,,,,,,,,,,,,,1,1,574,,0.0,,,,,,,,,,,,,1,1,574,,0.0,0,0,0,0,0,0,0,0,0,,,,,1,1,,,,,,,,,,,,,,,,,,,,,,,,,,,,,,,,,,,,,,,,,,,,,,,,,,,,,,,,,,,,,,,,,,,,,,,,,,,,,,,,,,,,,,,,,,,,,,,,,,,,,,,,,,,,,,,,,,,,,,,,,,,,,,,,,,,,,,,,,,,,,,,,,,,,,,,,,,,,,,,,,,,,,,,,,,,,,,,,,,,,,,,,,,,,,,,,,,,,,,,,,,,,,,,,,,,,,,,,,,,,,,,,,,,,,,,,,,,,,,,,,,,,,,,,,,,,,,,,,,,,,,,,,,,,,,,,,,,,,,,,,,,,,,,,,,,,,,,,,,,,,,,,,,,,,,,,,,,
575,ify0gkl4,,0,0,18,,,,0,,,0.0,,,,,,,,,,,,,,czcerakw,,,,,0,Experiment_1_Persistence,https://app.prolific.com/submissions/complete?cc=C1BTHULB,0.0,1.0,575,,0.0,,1,1,575,,0.0,,,,,,,,,,,,,,,1,1,575,,0.0,,,,,,,,,,1,1,575,,0.0,,,,,,,,,,,,,,,,,,1,1,575,,0.0,,,,,,,,,,,,,1,1,575,,0.0,0,0,0,0,0,0,0,0,0,,,,,1,1,,,,,,,,,,,,,,,,,,,,,,,,,,,,,,,,,,,,,,,,,,,,,,,,,,,,,,,,,,,,,,,,,,,,,,,,,,,,,,,,,,,,,,,,,,,,,,,,,,,,,,,,,,,,,,,,,,,,,,,,,,,,,,,,,,,,,,,,,,,,,,,,,,,,,,,,,,,,,,,,,,,,,,,,,,,,,,,,,,,,,,,,,,,,,,,,,,,,,,,,,,,,,,,,,,,,,,,,,,,,,,,,,,,,,,,,,,,,,,,,,,,,,,,,,,,,,,,,,,,,,,,,,,,,,,,,,,,,,,,,,,,,,,,,,,,,,,,,,,,,,,,,,,,,,,,,,,,
576,t0q1jcf3,,0,0,18,,,,0,,,0.0,,,,,,,,,,,,,,czcerakw,,,,,0,Experiment_1_Persistence,https://app.prolific.com/submissions/complete?cc=C1BTHULB,0.0,1.0,576,,0.0,,1,1,576,,0.0,,,,,,,,,,,,,,,1,1,576,,0.0,,,,,,,,,,1,1,576,,0.0,,,,,,,,,,,,,,,,,,1,1,576,,0.0,,,,,,,,,,,,,1,1,576,,0.0,0,0,0,0,0,0,0,0,0,,,,,1,1,,,,,,,,,,,,,,,,,,,,,,,,,,,,,,,,,,,,,,,,,,,,,,,,,,,,,,,,,,,,,,,,,,,,,,,,,,,,,,,,,,,,,,,,,,,,,,,,,,,,,,,,,,,,,,,,,,,,,,,,,,,,,,,,,,,,,,,,,,,,,,,,,,,,,,,,,,,,,,,,,,,,,,,,,,,,,,,,,,,,,,,,,,,,,,,,,,,,,,,,,,,,,,,,,,,,,,,,,,,,,,,,,,,,,,,,,,,,,,,,,,,,,,,,,,,,,,,,,,,,,,,,,,,,,,,,,,,,,,,,,,,,,,,,,,,,,,,,,,,,,,,,,,,,,,,,,,,
577,1ydabod8,,0,0,18,,,,0,,,0.0,,,,,,,,,,,,,,czcerakw,,,,,0,Experiment_1_Persistence,https://app.prolific.com/submissions/complete?cc=C1BTHULB,0.0,1.0,577,,0.0,,1,1,577,,0.0,,,,,,,,,,,,,,,1,1,577,,0.0,,,,,,,,,,1,1,577,,0.0,,,,,,,,,,,,,,,,,,1,1,577,,0.0,,,,,,,,,,,,,1,1,577,,0.0,0,0,0,0,0,0,0,0,0,,,,,1,1,,,,,,,,,,,,,,,,,,,,,,,,,,,,,,,,,,,,,,,,,,,,,,,,,,,,,,,,,,,,,,,,,,,,,,,,,,,,,,,,,,,,,,,,,,,,,,,,,,,,,,,,,,,,,,,,,,,,,,,,,,,,,,,,,,,,,,,,,,,,,,,,,,,,,,,,,,,,,,,,,,,,,,,,,,,,,,,,,,,,,,,,,,,,,,,,,,,,,,,,,,,,,,,,,,,,,,,,,,,,,,,,,,,,,,,,,,,,,,,,,,,,,,,,,,,,,,,,,,,,,,,,,,,,,,,,,,,,,,,,,,,,,,,,,,,,,,,,,,,,,,,,,,,,,,,,,,,
578,3nko88ou,,0,0,18,,,,0,,,0.0,,,,,,,,,,,,,,czcerakw,,,,,0,Experiment_1_Persistence,https://app.prolific.com/submissions/complete?cc=C1BTHULB,0.0,1.0,578,,0.0,,1,1,578,,0.0,,,,,,,,,,,,,,,1,1,578,,0.0,,,,,,,,,,1,1,578,,0.0,,,,,,,,,,,,,,,,,,1,1,578,,0.0,,,,,,,,,,,,,1,1,578,,0.0,0,0,0,0,0,0,0,0,0,,,,,1,1,,,,,,,,,,,,,,,,,,,,,,,,,,,,,,,,,,,,,,,,,,,,,,,,,,,,,,,,,,,,,,,,,,,,,,,,,,,,,,,,,,,,,,,,,,,,,,,,,,,,,,,,,,,,,,,,,,,,,,,,,,,,,,,,,,,,,,,,,,,,,,,,,,,,,,,,,,,,,,,,,,,,,,,,,,,,,,,,,,,,,,,,,,,,,,,,,,,,,,,,,,,,,,,,,,,,,,,,,,,,,,,,,,,,,,,,,,,,,,,,,,,,,,,,,,,,,,,,,,,,,,,,,,,,,,,,,,,,,,,,,,,,,,,,,,,,,,,,,,,,,,,,,,,,,,,,,,,
579,ayc4jj8u,,0,0,18,,,,0,,,0.0,,,,,,,,,,,,,,czcerakw,,,,,0,Experiment_1_Persistence,https://app.prolific.com/submissions/complete?cc=C1BTHULB,0.0,1.0,579,,0.0,,1,1,579,,0.0,,,,,,,,,,,,,,,1,1,579,,0.0,,,,,,,,,,1,1,579,,0.0,,,,,,,,,,,,,,,,,,1,1,579,,0.0,,,,,,,,,,,,,1,1,579,,0.0,0,0,0,0,0,0,0,0,0,,,,,1,1,,,,,,,,,,,,,,,,,,,,,,,,,,,,,,,,,,,,,,,,,,,,,,,,,,,,,,,,,,,,,,,,,,,,,,,,,,,,,,,,,,,,,,,,,,,,,,,,,,,,,,,,,,,,,,,,,,,,,,,,,,,,,,,,,,,,,,,,,,,,,,,,,,,,,,,,,,,,,,,,,,,,,,,,,,,,,,,,,,,,,,,,,,,,,,,,,,,,,,,,,,,,,,,,,,,,,,,,,,,,,,,,,,,,,,,,,,,,,,,,,,,,,,,,,,,,,,,,,,,,,,,,,,,,,,,,,,,,,,,,,,,,,,,,,,,,,,,,,,,,,,,,,,,,,,,,,,,
580,ift34dv2,,0,0,18,,,,0,,,0.0,,,,,,,,,,,,,,czcerakw,,,,,0,Experiment_1_Persistence,https://app.prolific.com/submissions/complete?cc=C1BTHULB,0.0,1.0,580,,0.0,,1,1,580,,0.0,,,,,,,,,,,,,,,1,1,580,,0.0,,,,,,,,,,1,1,580,,0.0,,,,,,,,,,,,,,,,,,1,1,580,,0.0,,,,,,,,,,,,,1,1,580,,0.0,0,0,0,0,0,0,0,0,0,,,,,1,1,,,,,,,,,,,,,,,,,,,,,,,,,,,,,,,,,,,,,,,,,,,,,,,,,,,,,,,,,,,,,,,,,,,,,,,,,,,,,,,,,,,,,,,,,,,,,,,,,,,,,,,,,,,,,,,,,,,,,,,,,,,,,,,,,,,,,,,,,,,,,,,,,,,,,,,,,,,,,,,,,,,,,,,,,,,,,,,,,,,,,,,,,,,,,,,,,,,,,,,,,,,,,,,,,,,,,,,,,,,,,,,,,,,,,,,,,,,,,,,,,,,,,,,,,,,,,,,,,,,,,,,,,,,,,,,,,,,,,,,,,,,,,,,,,,,,,,,,,,,,,,,,,,,,,,,,,,,
581,ifdho8b9,,0,0,18,,,,0,,,0.0,,,,,,,,,,,,,,czcerakw,,,,,0,Experiment_1_Persistence,https://app.prolific.com/submissions/complete?cc=C1BTHULB,0.0,1.0,581,,0.0,,1,1,581,,0.0,,,,,,,,,,,,,,,1,1,581,,0.0,,,,,,,,,,1,1,581,,0.0,,,,,,,,,,,,,,,,,,1,1,581,,0.0,,,,,,,,,,,,,1,1,581,,0.0,0,0,0,0,0,0,0,0,0,,,,,1,1,,,,,,,,,,,,,,,,,,,,,,,,,,,,,,,,,,,,,,,,,,,,,,,,,,,,,,,,,,,,,,,,,,,,,,,,,,,,,,,,,,,,,,,,,,,,,,,,,,,,,,,,,,,,,,,,,,,,,,,,,,,,,,,,,,,,,,,,,,,,,,,,,,,,,,,,,,,,,,,,,,,,,,,,,,,,,,,,,,,,,,,,,,,,,,,,,,,,,,,,,,,,,,,,,,,,,,,,,,,,,,,,,,,,,,,,,,,,,,,,,,,,,,,,,,,,,,,,,,,,,,,,,,,,,,,,,,,,,,,,,,,,,,,,,,,,,,,,,,,,,,,,,,,,,,,,,,,
582,m1a819hu,,0,0,18,,,,0,,,0.0,,,,,,,,,,,,,,czcerakw,,,,,0,Experiment_1_Persistence,https://app.prolific.com/submissions/complete?cc=C1BTHULB,0.0,1.0,582,,0.0,,1,1,582,,0.0,,,,,,,,,,,,,,,1,1,582,,0.0,,,,,,,,,,1,1,582,,0.0,,,,,,,,,,,,,,,,,,1,1,582,,0.0,,,,,,,,,,,,,1,1,582,,0.0,0,0,0,0,0,0,0,0,0,,,,,1,1,,,,,,,,,,,,,,,,,,,,,,,,,,,,,,,,,,,,,,,,,,,,,,,,,,,,,,,,,,,,,,,,,,,,,,,,,,,,,,,,,,,,,,,,,,,,,,,,,,,,,,,,,,,,,,,,,,,,,,,,,,,,,,,,,,,,,,,,,,,,,,,,,,,,,,,,,,,,,,,,,,,,,,,,,,,,,,,,,,,,,,,,,,,,,,,,,,,,,,,,,,,,,,,,,,,,,,,,,,,,,,,,,,,,,,,,,,,,,,,,,,,,,,,,,,,,,,,,,,,,,,,,,,,,,,,,,,,,,,,,,,,,,,,,,,,,,,,,,,,,,,,,,,,,,,,,,,,
583,1kudvzl2,,0,0,18,,,,0,,,0.0,,,,,,,,,,,,,,czcerakw,,,,,0,Experiment_1_Persistence,https://app.prolific.com/submissions/complete?cc=C1BTHULB,0.0,1.0,583,,0.0,,1,1,583,,0.0,,,,,,,,,,,,,,,1,1,583,,0.0,,,,,,,,,,1,1,583,,0.0,,,,,,,,,,,,,,,,,,1,1,583,,0.0,,,,,,,,,,,,,1,1,583,,0.0,0,0,0,0,0,0,0,0,0,,,,,1,1,,,,,,,,,,,,,,,,,,,,,,,,,,,,,,,,,,,,,,,,,,,,,,,,,,,,,,,,,,,,,,,,,,,,,,,,,,,,,,,,,,,,,,,,,,,,,,,,,,,,,,,,,,,,,,,,,,,,,,,,,,,,,,,,,,,,,,,,,,,,,,,,,,,,,,,,,,,,,,,,,,,,,,,,,,,,,,,,,,,,,,,,,,,,,,,,,,,,,,,,,,,,,,,,,,,,,,,,,,,,,,,,,,,,,,,,,,,,,,,,,,,,,,,,,,,,,,,,,,,,,,,,,,,,,,,,,,,,,,,,,,,,,,,,,,,,,,,,,,,,,,,,,,,,,,,,,,,
584,so69dqpn,,0,0,18,,,,0,,,0.0,,,,,,,,,,,,,,czcerakw,,,,,0,Experiment_1_Persistence,https://app.prolific.com/submissions/complete?cc=C1BTHULB,0.0,1.0,584,,0.0,,1,1,584,,0.0,,,,,,,,,,,,,,,1,1,584,,0.0,,,,,,,,,,1,1,584,,0.0,,,,,,,,,,,,,,,,,,1,1,584,,0.0,,,,,,,,,,,,,1,1,584,,0.0,0,0,0,0,0,0,0,0,0,,,,,1,1,,,,,,,,,,,,,,,,,,,,,,,,,,,,,,,,,,,,,,,,,,,,,,,,,,,,,,,,,,,,,,,,,,,,,,,,,,,,,,,,,,,,,,,,,,,,,,,,,,,,,,,,,,,,,,,,,,,,,,,,,,,,,,,,,,,,,,,,,,,,,,,,,,,,,,,,,,,,,,,,,,,,,,,,,,,,,,,,,,,,,,,,,,,,,,,,,,,,,,,,,,,,,,,,,,,,,,,,,,,,,,,,,,,,,,,,,,,,,,,,,,,,,,,,,,,,,,,,,,,,,,,,,,,,,,,,,,,,,,,,,,,,,,,,,,,,,,,,,,,,,,,,,,,,,,,,,,,
585,2oqqj967,,0,0,18,,,,0,,,0.0,,,,,,,,,,,,,,czcerakw,,,,,0,Experiment_1_Persistence,https://app.prolific.com/submissions/complete?cc=C1BTHULB,0.0,1.0,585,,0.0,,1,1,585,,0.0,,,,,,,,,,,,,,,1,1,585,,0.0,,,,,,,,,,1,1,585,,0.0,,,,,,,,,,,,,,,,,,1,1,585,,0.0,,,,,,,,,,,,,1,1,585,,0.0,0,0,0,0,0,0,0,0,0,,,,,1,1,,,,,,,,,,,,,,,,,,,,,,,,,,,,,,,,,,,,,,,,,,,,,,,,,,,,,,,,,,,,,,,,,,,,,,,,,,,,,,,,,,,,,,,,,,,,,,,,,,,,,,,,,,,,,,,,,,,,,,,,,,,,,,,,,,,,,,,,,,,,,,,,,,,,,,,,,,,,,,,,,,,,,,,,,,,,,,,,,,,,,,,,,,,,,,,,,,,,,,,,,,,,,,,,,,,,,,,,,,,,,,,,,,,,,,,,,,,,,,,,,,,,,,,,,,,,,,,,,,,,,,,,,,,,,,,,,,,,,,,,,,,,,,,,,,,,,,,,,,,,,,,,,,,,,,,,,,,
586,us1nayl4,,0,0,18,,,,0,,,0.0,,,,,,,,,,,,,,czcerakw,,,,,0,Experiment_1_Persistence,https://app.prolific.com/submissions/complete?cc=C1BTHULB,0.0,1.0,586,,0.0,,1,1,586,,0.0,,,,,,,,,,,,,,,1,1,586,,0.0,,,,,,,,,,1,1,586,,0.0,,,,,,,,,,,,,,,,,,1,1,586,,0.0,,,,,,,,,,,,,1,1,586,,0.0,0,0,0,0,0,0,0,0,0,,,,,1,1,,,,,,,,,,,,,,,,,,,,,,,,,,,,,,,,,,,,,,,,,,,,,,,,,,,,,,,,,,,,,,,,,,,,,,,,,,,,,,,,,,,,,,,,,,,,,,,,,,,,,,,,,,,,,,,,,,,,,,,,,,,,,,,,,,,,,,,,,,,,,,,,,,,,,,,,,,,,,,,,,,,,,,,,,,,,,,,,,,,,,,,,,,,,,,,,,,,,,,,,,,,,,,,,,,,,,,,,,,,,,,,,,,,,,,,,,,,,,,,,,,,,,,,,,,,,,,,,,,,,,,,,,,,,,,,,,,,,,,,,,,,,,,,,,,,,,,,,,,,,,,,,,,,,,,,,,,,
587,r1sbuk8p,,0,0,18,,,,0,,,0.0,,,,,,,,,,,,,,czcerakw,,,,,0,Experiment_1_Persistence,https://app.prolific.com/submissions/complete?cc=C1BTHULB,0.0,1.0,587,,0.0,,1,1,587,,0.0,,,,,,,,,,,,,,,1,1,587,,0.0,,,,,,,,,,1,1,587,,0.0,,,,,,,,,,,,,,,,,,1,1,587,,0.0,,,,,,,,,,,,,1,1,587,,0.0,0,0,0,0,0,0,0,0,0,,,,,1,1,,,,,,,,,,,,,,,,,,,,,,,,,,,,,,,,,,,,,,,,,,,,,,,,,,,,,,,,,,,,,,,,,,,,,,,,,,,,,,,,,,,,,,,,,,,,,,,,,,,,,,,,,,,,,,,,,,,,,,,,,,,,,,,,,,,,,,,,,,,,,,,,,,,,,,,,,,,,,,,,,,,,,,,,,,,,,,,,,,,,,,,,,,,,,,,,,,,,,,,,,,,,,,,,,,,,,,,,,,,,,,,,,,,,,,,,,,,,,,,,,,,,,,,,,,,,,,,,,,,,,,,,,,,,,,,,,,,,,,,,,,,,,,,,,,,,,,,,,,,,,,,,,,,,,,,,,,,
588,cne2qar0,,0,0,18,,,,0,,,0.0,,,,,,,,,,,,,,czcerakw,,,,,0,Experiment_1_Persistence,https://app.prolific.com/submissions/complete?cc=C1BTHULB,0.0,1.0,588,,0.0,,1,1,588,,0.0,,,,,,,,,,,,,,,1,1,588,,0.0,,,,,,,,,,1,1,588,,0.0,,,,,,,,,,,,,,,,,,1,1,588,,0.0,,,,,,,,,,,,,1,1,588,,0.0,0,0,0,0,0,0,0,0,0,,,,,1,1,,,,,,,,,,,,,,,,,,,,,,,,,,,,,,,,,,,,,,,,,,,,,,,,,,,,,,,,,,,,,,,,,,,,,,,,,,,,,,,,,,,,,,,,,,,,,,,,,,,,,,,,,,,,,,,,,,,,,,,,,,,,,,,,,,,,,,,,,,,,,,,,,,,,,,,,,,,,,,,,,,,,,,,,,,,,,,,,,,,,,,,,,,,,,,,,,,,,,,,,,,,,,,,,,,,,,,,,,,,,,,,,,,,,,,,,,,,,,,,,,,,,,,,,,,,,,,,,,,,,,,,,,,,,,,,,,,,,,,,,,,,,,,,,,,,,,,,,,,,,,,,,,,,,,,,,,,,
589,3s9lp4eo,,0,0,18,,,,0,,,0.0,,,,,,,,,,,,,,czcerakw,,,,,0,Experiment_1_Persistence,https://app.prolific.com/submissions/complete?cc=C1BTHULB,0.0,1.0,589,,0.0,,1,1,589,,0.0,,,,,,,,,,,,,,,1,1,589,,0.0,,,,,,,,,,1,1,589,,0.0,,,,,,,,,,,,,,,,,,1,1,589,,0.0,,,,,,,,,,,,,1,1,589,,0.0,0,0,0,0,0,0,0,0,0,,,,,1,1,,,,,,,,,,,,,,,,,,,,,,,,,,,,,,,,,,,,,,,,,,,,,,,,,,,,,,,,,,,,,,,,,,,,,,,,,,,,,,,,,,,,,,,,,,,,,,,,,,,,,,,,,,,,,,,,,,,,,,,,,,,,,,,,,,,,,,,,,,,,,,,,,,,,,,,,,,,,,,,,,,,,,,,,,,,,,,,,,,,,,,,,,,,,,,,,,,,,,,,,,,,,,,,,,,,,,,,,,,,,,,,,,,,,,,,,,,,,,,,,,,,,,,,,,,,,,,,,,,,,,,,,,,,,,,,,,,,,,,,,,,,,,,,,,,,,,,,,,,,,,,,,,,,,,,,,,,,
590,8fetlpti,,0,0,18,,,,0,,,0.0,,,,,,,,,,,,,,czcerakw,,,,,0,Experiment_1_Persistence,https://app.prolific.com/submissions/complete?cc=C1BTHULB,0.0,1.0,590,,0.0,,1,1,590,,0.0,,,,,,,,,,,,,,,1,1,590,,0.0,,,,,,,,,,1,1,590,,0.0,,,,,,,,,,,,,,,,,,1,1,590,,0.0,,,,,,,,,,,,,1,1,590,,0.0,0,0,0,0,0,0,0,0,0,,,,,1,1,,,,,,,,,,,,,,,,,,,,,,,,,,,,,,,,,,,,,,,,,,,,,,,,,,,,,,,,,,,,,,,,,,,,,,,,,,,,,,,,,,,,,,,,,,,,,,,,,,,,,,,,,,,,,,,,,,,,,,,,,,,,,,,,,,,,,,,,,,,,,,,,,,,,,,,,,,,,,,,,,,,,,,,,,,,,,,,,,,,,,,,,,,,,,,,,,,,,,,,,,,,,,,,,,,,,,,,,,,,,,,,,,,,,,,,,,,,,,,,,,,,,,,,,,,,,,,,,,,,,,,,,,,,,,,,,,,,,,,,,,,,,,,,,,,,,,,,,,,,,,,,,,,,,,,,,,,,
591,ee3giqyw,,0,0,18,,,,0,,,0.0,,,,,,,,,,,,,,czcerakw,,,,,0,Experiment_1_Persistence,https://app.prolific.com/submissions/complete?cc=C1BTHULB,0.0,1.0,591,,0.0,,1,1,591,,0.0,,,,,,,,,,,,,,,1,1,591,,0.0,,,,,,,,,,1,1,591,,0.0,,,,,,,,,,,,,,,,,,1,1,591,,0.0,,,,,,,,,,,,,1,1,591,,0.0,0,0,0,0,0,0,0,0,0,,,,,1,1,,,,,,,,,,,,,,,,,,,,,,,,,,,,,,,,,,,,,,,,,,,,,,,,,,,,,,,,,,,,,,,,,,,,,,,,,,,,,,,,,,,,,,,,,,,,,,,,,,,,,,,,,,,,,,,,,,,,,,,,,,,,,,,,,,,,,,,,,,,,,,,,,,,,,,,,,,,,,,,,,,,,,,,,,,,,,,,,,,,,,,,,,,,,,,,,,,,,,,,,,,,,,,,,,,,,,,,,,,,,,,,,,,,,,,,,,,,,,,,,,,,,,,,,,,,,,,,,,,,,,,,,,,,,,,,,,,,,,,,,,,,,,,,,,,,,,,,,,,,,,,,,,,,,,,,,,,,
592,kjvx0koi,,0,0,18,,,,0,,,0.0,,,,,,,,,,,,,,czcerakw,,,,,0,Experiment_1_Persistence,https://app.prolific.com/submissions/complete?cc=C1BTHULB,0.0,1.0,592,,0.0,,1,1,592,,0.0,,,,,,,,,,,,,,,1,1,592,,0.0,,,,,,,,,,1,1,592,,0.0,,,,,,,,,,,,,,,,,,1,1,592,,0.0,,,,,,,,,,,,,1,1,592,,0.0,0,0,0,0,0,0,0,0,0,,,,,1,1,,,,,,,,,,,,,,,,,,,,,,,,,,,,,,,,,,,,,,,,,,,,,,,,,,,,,,,,,,,,,,,,,,,,,,,,,,,,,,,,,,,,,,,,,,,,,,,,,,,,,,,,,,,,,,,,,,,,,,,,,,,,,,,,,,,,,,,,,,,,,,,,,,,,,,,,,,,,,,,,,,,,,,,,,,,,,,,,,,,,,,,,,,,,,,,,,,,,,,,,,,,,,,,,,,,,,,,,,,,,,,,,,,,,,,,,,,,,,,,,,,,,,,,,,,,,,,,,,,,,,,,,,,,,,,,,,,,,,,,,,,,,,,,,,,,,,,,,,,,,,,,,,,,,,,,,,,,
593,mctwyxc9,,0,0,18,,,,0,,,0.0,,,,,,,,,,,,,,czcerakw,,,,,0,Experiment_1_Persistence,https://app.prolific.com/submissions/complete?cc=C1BTHULB,0.0,1.0,593,,0.0,,1,1,593,,0.0,,,,,,,,,,,,,,,1,1,593,,0.0,,,,,,,,,,1,1,593,,0.0,,,,,,,,,,,,,,,,,,1,1,593,,0.0,,,,,,,,,,,,,1,1,593,,0.0,0,0,0,0,0,0,0,0,0,,,,,1,1,,,,,,,,,,,,,,,,,,,,,,,,,,,,,,,,,,,,,,,,,,,,,,,,,,,,,,,,,,,,,,,,,,,,,,,,,,,,,,,,,,,,,,,,,,,,,,,,,,,,,,,,,,,,,,,,,,,,,,,,,,,,,,,,,,,,,,,,,,,,,,,,,,,,,,,,,,,,,,,,,,,,,,,,,,,,,,,,,,,,,,,,,,,,,,,,,,,,,,,,,,,,,,,,,,,,,,,,,,,,,,,,,,,,,,,,,,,,,,,,,,,,,,,,,,,,,,,,,,,,,,,,,,,,,,,,,,,,,,,,,,,,,,,,,,,,,,,,,,,,,,,,,,,,,,,,,,,
594,2rdqk92l,,0,0,18,,,,0,,,0.0,,,,,,,,,,,,,,czcerakw,,,,,0,Experiment_1_Persistence,https://app.prolific.com/submissions/complete?cc=C1BTHULB,0.0,1.0,594,,0.0,,1,1,594,,0.0,,,,,,,,,,,,,,,1,1,594,,0.0,,,,,,,,,,1,1,594,,0.0,,,,,,,,,,,,,,,,,,1,1,594,,0.0,,,,,,,,,,,,,1,1,594,,0.0,0,0,0,0,0,0,0,0,0,,,,,1,1,,,,,,,,,,,,,,,,,,,,,,,,,,,,,,,,,,,,,,,,,,,,,,,,,,,,,,,,,,,,,,,,,,,,,,,,,,,,,,,,,,,,,,,,,,,,,,,,,,,,,,,,,,,,,,,,,,,,,,,,,,,,,,,,,,,,,,,,,,,,,,,,,,,,,,,,,,,,,,,,,,,,,,,,,,,,,,,,,,,,,,,,,,,,,,,,,,,,,,,,,,,,,,,,,,,,,,,,,,,,,,,,,,,,,,,,,,,,,,,,,,,,,,,,,,,,,,,,,,,,,,,,,,,,,,,,,,,,,,,,,,,,,,,,,,,,,,,,,,,,,,,,,,,,,,,,,,,
595,xk55ee7k,,0,0,18,,,,0,,,0.0,,,,,,,,,,,,,,czcerakw,,,,,0,Experiment_1_Persistence,https://app.prolific.com/submissions/complete?cc=C1BTHULB,0.0,1.0,595,,0.0,,1,1,595,,0.0,,,,,,,,,,,,,,,1,1,595,,0.0,,,,,,,,,,1,1,595,,0.0,,,,,,,,,,,,,,,,,,1,1,595,,0.0,,,,,,,,,,,,,1,1,595,,0.0,0,0,0,0,0,0,0,0,0,,,,,1,1,,,,,,,,,,,,,,,,,,,,,,,,,,,,,,,,,,,,,,,,,,,,,,,,,,,,,,,,,,,,,,,,,,,,,,,,,,,,,,,,,,,,,,,,,,,,,,,,,,,,,,,,,,,,,,,,,,,,,,,,,,,,,,,,,,,,,,,,,,,,,,,,,,,,,,,,,,,,,,,,,,,,,,,,,,,,,,,,,,,,,,,,,,,,,,,,,,,,,,,,,,,,,,,,,,,,,,,,,,,,,,,,,,,,,,,,,,,,,,,,,,,,,,,,,,,,,,,,,,,,,,,,,,,,,,,,,,,,,,,,,,,,,,,,,,,,,,,,,,,,,,,,,,,,,,,,,,,
596,iaez7kng,,0,0,18,,,,0,,,0.0,,,,,,,,,,,,,,czcerakw,,,,,0,Experiment_1_Persistence,https://app.prolific.com/submissions/complete?cc=C1BTHULB,0.0,1.0,596,,0.0,,1,1,596,,0.0,,,,,,,,,,,,,,,1,1,596,,0.0,,,,,,,,,,1,1,596,,0.0,,,,,,,,,,,,,,,,,,1,1,596,,0.0,,,,,,,,,,,,,1,1,596,,0.0,0,0,0,0,0,0,0,0,0,,,,,1,1,,,,,,,,,,,,,,,,,,,,,,,,,,,,,,,,,,,,,,,,,,,,,,,,,,,,,,,,,,,,,,,,,,,,,,,,,,,,,,,,,,,,,,,,,,,,,,,,,,,,,,,,,,,,,,,,,,,,,,,,,,,,,,,,,,,,,,,,,,,,,,,,,,,,,,,,,,,,,,,,,,,,,,,,,,,,,,,,,,,,,,,,,,,,,,,,,,,,,,,,,,,,,,,,,,,,,,,,,,,,,,,,,,,,,,,,,,,,,,,,,,,,,,,,,,,,,,,,,,,,,,,,,,,,,,,,,,,,,,,,,,,,,,,,,,,,,,,,,,,,,,,,,,,,,,,,,,,
597,4yythzt9,,0,0,18,,,,0,,,0.0,,,,,,,,,,,,,,czcerakw,,,,,0,Experiment_1_Persistence,https://app.prolific.com/submissions/complete?cc=C1BTHULB,0.0,1.0,597,,0.0,,1,1,597,,0.0,,,,,,,,,,,,,,,1,1,597,,0.0,,,,,,,,,,1,1,597,,0.0,,,,,,,,,,,,,,,,,,1,1,597,,0.0,,,,,,,,,,,,,1,1,597,,0.0,0,0,0,0,0,0,0,0,0,,,,,1,1,,,,,,,,,,,,,,,,,,,,,,,,,,,,,,,,,,,,,,,,,,,,,,,,,,,,,,,,,,,,,,,,,,,,,,,,,,,,,,,,,,,,,,,,,,,,,,,,,,,,,,,,,,,,,,,,,,,,,,,,,,,,,,,,,,,,,,,,,,,,,,,,,,,,,,,,,,,,,,,,,,,,,,,,,,,,,,,,,,,,,,,,,,,,,,,,,,,,,,,,,,,,,,,,,,,,,,,,,,,,,,,,,,,,,,,,,,,,,,,,,,,,,,,,,,,,,,,,,,,,,,,,,,,,,,,,,,,,,,,,,,,,,,,,,,,,,,,,,,,,,,,,,,,,,,,,,,,
598,evqf1fq9,,0,0,18,,,,0,,,0.0,,,,,,,,,,,,,,czcerakw,,,,,0,Experiment_1_Persistence,https://app.prolific.com/submissions/complete?cc=C1BTHULB,0.0,1.0,598,,0.0,,1,1,598,,0.0,,,,,,,,,,,,,,,1,1,598,,0.0,,,,,,,,,,1,1,598,,0.0,,,,,,,,,,,,,,,,,,1,1,598,,0.0,,,,,,,,,,,,,1,1,598,,0.0,0,0,0,0,0,0,0,0,0,,,,,1,1,,,,,,,,,,,,,,,,,,,,,,,,,,,,,,,,,,,,,,,,,,,,,,,,,,,,,,,,,,,,,,,,,,,,,,,,,,,,,,,,,,,,,,,,,,,,,,,,,,,,,,,,,,,,,,,,,,,,,,,,,,,,,,,,,,,,,,,,,,,,,,,,,,,,,,,,,,,,,,,,,,,,,,,,,,,,,,,,,,,,,,,,,,,,,,,,,,,,,,,,,,,,,,,,,,,,,,,,,,,,,,,,,,,,,,,,,,,,,,,,,,,,,,,,,,,,,,,,,,,,,,,,,,,,,,,,,,,,,,,,,,,,,,,,,,,,,,,,,,,,,,,,,,,,,,,,,,,
599,a218xvs5,,0,0,18,,,,0,,,0.0,,,,,,,,,,,,,,czcerakw,,,,,0,Experiment_1_Persistence,https://app.prolific.com/submissions/complete?cc=C1BTHULB,0.0,1.0,599,,0.0,,1,1,599,,0.0,,,,,,,,,,,,,,,1,1,599,,0.0,,,,,,,,,,1,1,599,,0.0,,,,,,,,,,,,,,,,,,1,1,599,,0.0,,,,,,,,,,,,,1,1,599,,0.0,0,0,0,0,0,0,0,0,0,,,,,1,1,,,,,,,,,,,,,,,,,,,,,,,,,,,,,,,,,,,,,,,,,,,,,,,,,,,,,,,,,,,,,,,,,,,,,,,,,,,,,,,,,,,,,,,,,,,,,,,,,,,,,,,,,,,,,,,,,,,,,,,,,,,,,,,,,,,,,,,,,,,,,,,,,,,,,,,,,,,,,,,,,,,,,,,,,,,,,,,,,,,,,,,,,,,,,,,,,,,,,,,,,,,,,,,,,,,,,,,,,,,,,,,,,,,,,,,,,,,,,,,,,,,,,,,,,,,,,,,,,,,,,,,,,,,,,,,,,,,,,,,,,,,,,,,,,,,,,,,,,,,,,,,,,,,,,,,,,,,
600,vn1qjnjg,,0,0,18,,,,0,,,0.0,,,,,,,,,,,,,,czcerakw,,,,,0,Experiment_1_Persistence,https://app.prolific.com/submissions/complete?cc=C1BTHULB,0.0,1.0,600,,0.0,,1,1,600,,0.0,,,,,,,,,,,,,,,1,1,600,,0.0,,,,,,,,,,1,1,600,,0.0,,,,,,,,,,,,,,,,,,1,1,600,,0.0,,,,,,,,,,,,,1,1,600,,0.0,0,0,0,0,0,0,0,0,0,,,,,1,1,,,,,,,,,,,,,,,,,,,,,,,,,,,,,,,,,,,,,,,,,,,,,,,,,,,,,,,,,,,,,,,,,,,,,,,,,,,,,,,,,,,,,,,,,,,,,,,,,,,,,,,,,,,,,,,,,,,,,,,,,,,,,,,,,,,,,,,,,,,,,,,,,,,,,,,,,,,,,,,,,,,,,,,,,,,,,,,,,,,,,,,,,,,,,,,,,,,,,,,,,,,,,,,,,,,,,,,,,,,,,,,,,,,,,,,,,,,,,,,,,,,,,,,,,,,,,,,,,,,,,,,,,,,,,,,,,,,,,,,,,,,,,,,,,,,,,,,,,,,,,,,,,,,,,,,,,,,