,participant.id_in_session,participant.code,participant.label,participant._is_bot,participant._index_in_pages,participant._max_page_index,participant._current_app_name,participant._current_page_name,participant.time_started_utc,participant.visited,participant.mturk_worker_id,participant.mturk_assignment_id,participant.payoff,participant.drop,participant.single,participant.page_number,participant.oppo_list,participant.payoffs_list,participant.oppo_payoffs_list,participant.nodes_list,participant.oppo_nodes_list,participant.takes_list,participant.oppo_takes_list,participant.order,participant.finished,participant.prolificID,session.code,session.label,session.mturk_HITId,session.mturk_HITGroupId,session.comment,session.is_demo,session.config.name,session.config.return_url,session.config.participation_fee,session.config.real_world_currency_per_point,Intro.1.player.id_in_group,Intro.1.player.role,Intro.1.player.payoff,Intro.1.player.prolific_id,Intro.1.group.id_in_subsession,Intro.1.subsession.round_number,Section_1.1.player.id_in_group,Section_1.1.player.role,Section_1.1.player.payoff,Section_1.1.player.question1,Section_1.1.player.question2,Section_1.1.player.question3,Section_1.1.player.question4,Section_1.1.player.question5,Section_1.1.player.question6,Section_1.1.player.question7,Section_1.1.player.question8,Section_1.1.player.question9,Section_1.1.player.question10,Section_1.1.player.stem_quiz_1_answers,Section_1.1.player.stem_quiz_1_score,Section_1.1.player.num_tab_switches_in_section_1,Section_1.1.player.total_time_hidden_in_section_1,Section_1.1.group.id_in_subsession,Section_1.1.subsession.round_number,Section_2_3.1.player.id_in_group,Section_2_3.1.player.role,Section_2_3.1.player.payoff,Section_2_3.1.player.track,Section_2_3.1.player.path,Section_2_3.1.player.info_structure,Section_2_3.1.player.performance,Section_2_3.1.player.ball_color,Section_2_3.1.player.overplacement,Section_2_3.1.player.overestimation,Section_2_3.1.player.passing_threshold,Section_2_3.1.player.ball_origin_estimation,Section_2_3.1.group.id_in_subsession,Section_2_3.1.subsession.round_number,Section_4_5.1.player.id_in_group,Section_4_5.1.player.role,Section_4_5.1.player.payoff,Section_4_5.1.player.question1,Section_4_5.1.player.question2,Section_4_5.1.player.question3,Section_4_5.1.player.question4,Section_4_5.1.player.question5,Section_4_5.1.player.question6,Section_4_5.1.player.question7,Section_4_5.1.player.question8,Section_4_5.1.player.question9,Section_4_5.1.player.question10,Section_4_5.1.player.quiz_2_answers,Section_4_5.1.player.quiz_2_score,Section_4_5.1.player.preferred_second_survey,Section_4_5.1.player.parsed_questions,Section_4_5.1.player.num_tab_switches_in_section_5,Section_4_5.1.player.total_time_hidden_in_section_5,Section_4_5.1.player.passing_threshold,Section_4_5.1.group.id_in_subsession,Section_4_5.1.subsession.round_number,Section_6.1.player.id_in_group,Section_6.1.player.role,Section_6.1.player.payoff,Section_6.1.player.question1,Section_6.1.player.question2,Section_6.1.player.question3,Section_6.1.player.question4,Section_6.1.player.question5,Section_6.1.player.question6,Section_6.1.player.question7,Section_6.1.player.question8,Section_6.1.player.question9,Section_6.1.player.question10,Section_6.1.player.question11,Section_6.1.player.risk_tolerance_answers,Section_6.1.group.id_in_subsession,Section_6.1.subsession.round_number,Section_7.1.player.id_in_group,Section_7.1.player.role,Section_7.1.player.payoff,Section_7.1.player.schools_private_independent,Section_7.1.player.schools_private_religious,Section_7.1.player.schools_public_school,Section_7.1.player.schools_homeschool,Section_7.1.player.schools_online_school,Section_7.1.player.schools_charter_school,Section_7.1.player.schools_all_girls_school,Section_7.1.player.schools_all_boys_school,Section_7.1.player.schools_stem_oriented_school,Section_7.1.player.track_decision,Section_7.1.player.subjects,Section_7.1.player.experience,Section_7.1.player.preferred_second_survey,Section_7.1.group.id_in_subsession,Section_7.1.subsession.round_number,Exp2_Intro.1.player.id_in_group,Exp2_Intro.1.player.role,Exp2_Intro.1.player.payoff,Exp2_Intro.1.player.prolific_id,Exp2_Intro.1.group.id_in_subsession,Exp2_Intro.1.subsession.round_number,Exp2_Section_1.1.player.id_in_group,Exp2_Section_1.1.player.role,Exp2_Section_1.1.player.payoff,Exp2_Section_1.1.player.question1,Exp2_Section_1.1.player.question2,Exp2_Section_1.1.player.question3,Exp2_Section_1.1.player.question4,Exp2_Section_1.1.player.question5,Exp2_Section_1.1.player.question6,Exp2_Section_1.1.player.question7,Exp2_Section_1.1.player.question8,Exp2_Section_1.1.player.question9,Exp2_Section_1.1.player.question10,Exp2_Section_1.1.player.stem_quiz_1_answers,Exp2_Section_1.1.player.stem_quiz_1_score,Exp2_Section_1.1.player.num_tab_switches_in_section_1,Exp2_Section_1.1.player.total_time_hidden_in_section_1,Exp2_Section_1.1.group.id_in_subsession,Exp2_Section_1.1.subsession.round_number,Exp2_Section_2_3.1.player.id_in_group,Exp2_Section_2_3.1.player.role,Exp2_Section_2_3.1.player.payoff,Exp2_Section_2_3.1.player.track,Exp2_Section_2_3.1.player.path,Exp2_Section_2_3.1.player.preferred_info_structure,Exp2_Section_2_3.1.player.performance,Exp2_Section_2_3.1.player.ball_color,Exp2_Section_2_3.1.player.overplacement,Exp2_Section_2_3.1.player.overestimation,Exp2_Section_2_3.1.player.passing_threshold,Exp2_Section_2_3.1.player.ball_origin_estimation,Exp2_Section_2_3.1.group.id_in_subsession,Exp2_Section_2_3.1.subsession.round_number,Exp2_Section_4.1.player.id_in_group,Exp2_Section_4.1.player.role,Exp2_Section_4.1.player.payoff,Exp2_Section_4.1.player.schools_private_independent,Exp2_Section_4.1.player.schools_private_religious,Exp2_Section_4.1.player.schools_public_school,Exp2_Section_4.1.player.schools_homeschool,Exp2_Section_4.1.player.schools_online_school,Exp2_Section_4.1.player.schools_charter_school,Exp2_Section_4.1.player.schools_all_girls_school,Exp2_Section_4.1.player.schools_all_boys_school,Exp2_Section_4.1.player.schools_stem_oriented_school,Exp2_Section_4.1.player.subjects,Exp2_Section_4.1.player.experience,Exp2_Section_4.1.group.id_in_subsession,Exp2_Section_4.1.subsession.round_number,Submission id,Participant id,Status,Custom study tncs accepted at,Started at,Completed at,Reviewed at,Archived at,Time taken,Completion code,Total approvals,Ethnicity,Highest education level completed,Age,Sex,Ethnicity simplified,Country of birth,Country of residence,Nationality,Language,Student status,Employment status
0,4,7s7414hb,,0,18,18,Section_7,EndSurvey,2024-09-25 19:59:53.223225,1,,,0.0,,,,,,,,,,,,,,ryu6snyq,,,,,0,Experiment_1_Persistence,https://app.prolific.com/submissions/complete?cc=C1BTHULB,0.0,1.0,4,,0.0,5c8541b79c5a3000016b2597,1,1,4,,0.0,D,D,C,B,C,A,C,B,C,D,DDCBCACBCD,0.3,0.0,0.0,1,1,4,,0.0,noisy,random,positive,Fail,red,50.0,3.0,5.0,Fail Box,1,1,4,,0.0,D,B,A,C,B,D,A,B,C,D,DBACBDABCD,1.0,Non-STEM Track,,0.0,0.0,5.0,1,1,4,,0.0,R,R,R,C,C,C,C,C,C,C,C,RRRCCCCCCCC,1,1,4,,0.0,0,0,1,0,0,0,0,0,0,Much easier,STEM,,Non-STEM Track,1,1,,,,,,,,,,,,,,,,,,,,,,,,,,,,,,,,,,,,,,,,,,,,,,,,,,,,,,,,66f46bb0067495a48be128db,5c8541b79c5a3000016b2597,APPROVED,Not Applicable,2024-09-25T19:59:49.652000Z,2024-09-25T20:06:41.978000Z,2024-09-25T20:06:44.986000Z,2024-09-25T20:06:43.985925Z,413.0,C1BTHULB,6058,White,Undergraduate degree (BA/BSc/other),51,Male,White,Germany,United States,United States,English,No,Full-Time
1,5,he0crsrn,,0,18,18,Section_7,EndSurvey,2024-09-25 19:59:58.571506,1,,,0.0,,,,,,,,,,,,,,ryu6snyq,,,,,0,Experiment_1_Persistence,https://app.prolific.com/submissions/complete?cc=C1BTHULB,0.0,1.0,5,,0.0,652a68b774692c0a5cceba01,1,1,5,,0.0,D,A,B,C,D,B,C,A,B,B,DABCDBCABB,0.3,0.0,0.0,1,1,5,,0.0,noisy,random,positive,Fail,red,25.0,3.0,4.0,Fail Box,1,1,5,,0.0,D,B,A,C,B,D,A,B,C,D,DBACBDABCD,1.0,Non-STEM Track,,0.0,0.0,4.0,1,1,5,,0.0,R,R,R,R,R,R,R,C,C,C,C,RRRRRRRCCCC,1,1,5,,0.0,0,0,1,0,0,0,0,0,0,"I have not taken math since I was 16 years old, and the first quiz confirmed I am absolutely not a mathematician. I love reading and writing, so gravitate towards non-STEM disciplines. ",I studied International Relations for undergrad and Urban Studies for my postgraduate degree. I have worked in law and city governance. ,"I am worse at math than I remembered, that's for sure! But, it was fun to try to force my brain to try to remember how to work it out.",Non-STEM Track,1,1,,,,,,,,,,,,,,,,,,,,,,,,,,,,,,,,,,,,,,,,,,,,,,,,,,,,,,,,66f46bb52f4f12c0cae62351,652a68b774692c0a5cceba01,APPROVED,Not Applicable,2024-09-25T19:59:55.804000Z,2024-09-25T20:14:25.550000Z,2024-09-25T20:19:22.348000Z,2024-09-25T20:15:36.870622Z,870.0,C1BTHULB,138,White,Graduate degree (MA/MSc/MPhil/other),27,Female,White,United States,United States,United States,English,No,DATA_EXPIRED
2,6,jabozepy,,0,18,18,Section_7,EndSurvey,2024-09-25 20:00:12.918443,1,,,0.0,,,,,,,,,,,,,,ryu6snyq,,,,,0,Experiment_1_Persistence,https://app.prolific.com/submissions/complete?cc=C1BTHULB,0.0,1.0,6,,0.0,5d8a65fe43543b0001a33e4b,1,1,6,,0.0,B,C,A,C,B,A,C,A,D,A,BCACBACADA,0.1,0.0,0.0,1,1,6,,0.0,noisy,random,positive,Fail,red,25.0,3.0,2.0,Fail Box,1,1,6,,0.0,D,B,A,C,B,D,A,B,C,D,DBACBDABCD,1.0,Non-STEM Track,,0.0,0.0,2.0,1,1,6,,0.0,R,R,R,C,C,C,C,C,C,C,C,RRRCCCCCCCC,1,1,6,,0.0,0,0,1,0,0,0,0,0,0,"I don't have a strong stem background, so I hoped that I would perform better in an alternate task.","English, literacy, and curriculum development. ",Fun! ,Non-STEM Track,1,1,,,,,,,,,,,,,,,,,,,,,,,,,,,,,,,,,,,,,,,,,,,,,,,,,,,,,,,,66f46bc1e0a441d0dfa86eb8,5d8a65fe43543b0001a33e4b,APPROVED,Not Applicable,2024-09-25T20:00:08.691000Z,2024-09-25T20:12:58.154000Z,2024-09-25T21:19:00.794000Z,2024-09-25T20:15:10.486108Z,770.0,C1BTHULB,424,White,Undergraduate degree (BA/BSc/other),48,Female,White,United States,United States,United States,English,No,Part-Time
3,7,y360x6uq,,0,18,18,Section_7,EndSurvey,2024-09-25 20:00:13.081510,1,,,0.0,,,,,,,,,,,,,,ryu6snyq,,,,,0,Experiment_1_Persistence,https://app.prolific.com/submissions/complete?cc=C1BTHULB,0.0,1.0,7,,0.0,66f45672aa769deaf0cc6417,1,1,7,,0.0,D,D,D,C,B,B,A,D,C,B,DDDCBBADCB,0.4,0.0,0.0,1,1,7,,0.0,noisy,random,positive,Pass,red,10.0,0.0,0.0,Pass Box,1,1,7,,0.0,D,D,A,C,B,D,A,B,C,D,DDACBDABCD,0.9,Non-STEM Track,,0.0,0.0,0.0,1,1,7,,0.0,R,R,R,R,R,C,C,C,C,C,C,RRRRRCCCCCC,1,1,7,,0.0,0,0,1,0,0,0,0,0,0,I chose the non-stem track because I do not perform well regarding stem related tasks. Stem is not a strong suit of mine.,"I studied marketing, fashion history, and retail management.",My experience was great! I think the study went smoothly!,Non-STEM Track,1,1,,,,,,,,,,,,,,,,,,,,,,,,,,,,,,,,,,,,,,,,,,,,,,,,,,,,,,,,66f46bc4d69118a065268872,66f45672aa769deaf0cc6417,APPROVED,Not Applicable,2024-09-25T20:00:09.853000Z,2024-09-25T20:15:10.853000Z,2024-09-25T20:19:33.996000Z,2024-09-25T20:16:20.437905Z,901.0,C1BTHULB,3,White,Undergraduate degree (BA/BSc/other),22,Female,White,United States,United States,United States,English,No,DATA_EXPIRED
4,8,5oo4tgqg,,0,18,18,Section_7,EndSurvey,2024-09-25 20:00:22.771341,1,,,0.0,,,,,,,,,,,,,,ryu6snyq,,,,,0,Experiment_1_Persistence,https://app.prolific.com/submissions/complete?cc=C1BTHULB,0.0,1.0,8,,0.0,66e2e4974bf2eb1a77116882,1,1,8,,0.0,D,A,D,B,D,B,D,C,A,B,DADBDBDCAB,0.6,0.0,0.0,1,1,8,,0.0,noisy,random,positive,Pass,red,0.0,6.0,4.0,Pass Box,1,1,8,,0.0,B,A,C,A,C,D,C,A,B,A,BACACDCABA,0.8,STEM Track,,0.0,0.0,4.0,1,1,8,,0.0,R,R,C,C,C,C,C,C,C,C,C,RRCCCCCCCCC,1,1,8,,0.0,1,0,1,0,0,0,0,0,0,I am good at it since my school days.,Maths,,STEM Track,1,1,,,,,,,,,,,,,,,,,,,,,,,,,,,,,,,,,,,,,,,,,,,,,,,,,,,,,,,,66f46bca53c822294ecc6949,66e2e4974bf2eb1a77116882,APPROVED,Not Applicable,2024-09-25T20:00:18.173000Z,2024-09-25T20:20:24.020000Z,2024-09-25T20:20:26.828000Z,2024-09-25T20:20:25.063923Z,1206.0,C1BTHULB,5,Black/African American,Undergraduate degree (BA/BSc/other),27,Male,White,United States,United States,United States,English,No,Unemployed (and job seeking)
5,9,cvrktzx2,,0,18,18,Section_7,EndSurvey,2024-09-25 20:00:49.384526,1,,,0.0,,,,,,,,,,,,,,ryu6snyq,,,,,0,Experiment_1_Persistence,https://app.prolific.com/submissions/complete?cc=C1BTHULB,0.0,1.0,9,,0.0,66e53659bbbd7070ab7a6a3b,1,1,9,,0.0,B,B,B,C,D,A,C,C,A,D,BBBCDACCAD,0.1,0.0,0.0,1,1,9,,0.0,noisy,random,positive,Fail,red,20.0,4.0,2.0,Pass Box,1,1,9,,0.0,D,B,A,B,B,D,B,B,C,D,DBABBDBBCD,0.8,Non-STEM Track,,0.0,0.0,2.0,1,1,9,,0.0,R,C,C,C,C,R,C,R,C,R,R,RCCCCRCRCRR,1,1,9,,0.0,0,1,0,0,0,0,0,0,0,It was more flexible,"Science, technology",,Non-STEM Track,1,1,,,,,,,,,,,,,,,,,,,,,,,,,,,,,,,,,,,,,,,,,,,,,,,,,,,,,,,,66f46bda99cdc8dae7a742b6,66e53659bbbd7070ab7a6a3b,APPROVED,Not Applicable,2024-09-25T20:00:42.008000Z,2024-09-25T20:17:05.426000Z,2024-09-25T20:19:25.565000Z,2024-09-25T20:17:18.440213Z,984.0,C1BTHULB,16,White,Graduate degree (MA/MSc/MPhil/other),47,Female,Other,United States,United States,United States,English,Yes,Full-Time
6,10,7di1z5u1,,0,18,18,Section_7,EndSurvey,2024-09-25 20:01:12.579500,1,,,0.0,,,,,,,,,,,,,,ryu6snyq,,,,,0,Experiment_1_Persistence,https://app.prolific.com/submissions/complete?cc=C1BTHULB,0.0,1.0,10,,0.0,66f46179fa81f408915abaaa,1,1,10,,0.0,B,A,A,C,A,A,A,C,B,B,BAACAAACBB,0.3,0.0,0.0,1,1,10,,0.0,noisy,random,ground,Pass,red,50.0,1.0,3.0,Pass Box,1,1,10,,0.0,D,B,A,C,B,D,A,B,C,D,DBACBDABCD,1.0,Non-STEM Track,,0.0,0.0,3.0,1,1,10,,0.0,R,R,R,R,R,C,C,C,C,C,C,RRRRRCCCCCC,1,1,10,,0.0,0,0,1,0,0,0,0,0,0,I feel that I am better at non-STEM questions.,Mortgages and Communication,Great experience!,Non-STEM Track,1,1,,,,,,,,,,,,,,,,,,,,,,,,,,,,,,,,,,,,,,,,,,,,,,,,,,,,,,,,66f46bf068f1957776f80aab,66f46179fa81f408915abaaa,APPROVED,Not Applicable,2024-09-25T20:01:08.952000Z,2024-09-25T20:10:00.503000Z,2024-09-25T20:10:09.501000Z,2024-09-25T20:10:07.309804Z,532.0,C1BTHULB,0,White,High school diploma/A-levels,33,Female,White,United States,United States,United States,English,No,"Not in paid work (e.g. homemaker', 'retired or disabled)"
7,11,lsvj2vn9,,0,18,18,Section_7,EndSurvey,2024-09-25 20:01:31.393340,1,,,0.0,,,,,,,,,,,,,,ryu6snyq,,,,,0,Experiment_1_Persistence,https://app.prolific.com/submissions/complete?cc=C1BTHULB,0.0,1.0,11,,0.0,66720b609998ec67e708dfb0,1,1,11,,0.0,A,D,B,B,D,A,A,C,B,D,ADBBDAACBD,0.3,1.0,5.042,1,1,11,,0.0,noisy,random,negative,Pass,red,10.0,1.0,1.0,Fail Box,1,1,11,,0.0,D,B,A,C,B,D,A,B,C,D,DBACBDABCD,1.0,Non-STEM Track,,0.0,0.0,1.0,1,1,11,,0.0,R,R,R,R,C,C,C,C,C,C,C,RRRRCCCCCCC,1,1,11,,0.0,0,0,1,0,0,0,0,0,0,im not a math girly ,art in school  and i have worked in pet care for the last 15 years ,it was fine,Non-STEM Track,1,1,,,,,,,,,,,,,,,,,,,,,,,,,,,,,,,,,,,,,,,,,,,,,,,,,,,,,,,,66f46c14e9d49119686c4095,66720b609998ec67e708dfb0,APPROVED,Not Applicable,2024-09-25T20:01:28.677000Z,2024-09-25T20:08:20.158000Z,2024-09-25T20:08:21.061000Z,2024-09-25T20:08:20.969696Z,412.0,C1BTHULB,448,White,High school diploma/A-levels,32,Female,White,United States,United States,United States,English,No,Part-Time
8,12,wk66qu4o,,0,18,18,Section_7,EndSurvey,2024-09-25 20:01:36.269016,1,,,0.0,,,,,,,,,,,,,,ryu6snyq,,,,,0,Experiment_1_Persistence,https://app.prolific.com/submissions/complete?cc=C1BTHULB,0.0,1.0,12,,0.0,66d5bccce3bc16e181051a0d,1,1,12,,0.0,B,C,A,C,C,C,C,C,C,C,BCACCCCCCC,0.2,0.0,0.0,1,1,12,,0.0,noisy,random,ground,Pass,red,0.0,0.0,0.0,Pass Box,1,1,12,,0.0,C,B,C,C,C,D,C,C,B,B,CBCCCDCCBB,0.4,STEM Track,,0.0,0.0,0.0,1,1,12,,0.0,R,R,R,R,R,C,C,C,C,C,C,RRRRRCCCCCC,1,1,12,,0.0,0,0,1,0,0,0,0,0,0,do not really know,"business and accounting, Worked in manufacturing, sales, ",It was stressful. ,STEM Track,1,1,,,,,,,,,,,,,,,,,,,,,,,,,,,,,,,,,,,,,,,,,,,,,,,,,,,,,,,,66f46c17ae62f1e40de7f37f,66d5bccce3bc16e181051a0d,APPROVED,Not Applicable,2024-09-25T20:01:32.430000Z,2024-09-25T20:11:41.798000Z,2024-09-25T21:14:35.656000Z,2024-09-25T20:14:29.272899Z,610.0,C1BTHULB,5,White Sephardic Jew,Undergraduate degree (BA/BSc/other),63,Female,White,United States,United States,United States,English,No,Part-Time
9,13,7pgzlfd1,,0,18,18,Section_7,EndSurvey,2024-09-25 20:02:07.331618,1,,,0.0,,,,,,,,,,,,,,ryu6snyq,,,,,0,Experiment_1_Persistence,https://app.prolific.com/submissions/complete?cc=C1BTHULB,0.0,1.0,13,,0.0,600fbe707a1fdb1a423f1cda,1,1,13,,0.0,D,C,C,C,C,C,C,B,A,D,DCCCCCCBAD,0.1,0.0,0.0,1,1,13,,0.0,noisy,random,ground,Pass,red,20.0,2.0,1.0,Pass Box,1,1,13,,0.0,D,B,A,C,B,D,A,B,C,D,DBACBDABCD,1.0,Non-STEM Track,,0.0,0.0,1.0,1,1,13,,0.0,R,R,R,R,R,R,C,C,C,C,C,RRRRRRCCCCC,1,1,13,,0.0,0,0,1,0,0,0,0,0,0,"I am better versed in literature, language, and the arts.","Literature, English, History",Its been so long since I've had to do math problems that I felt out of my element in that area.,Non-STEM Track,1,1,,,,,,,,,,,,,,,,,,,,,,,,,,,,,,,,,,,,,,,,,,,,,,,,,,,,,,,,66f46c22d904b188e090ad73,600fbe707a1fdb1a423f1cda,APPROVED,Not Applicable,2024-09-25T20:02:01.155000Z,2024-09-25T20:16:18.579000Z,2024-09-25T20:19:19.469000Z,2024-09-25T20:17:02.187297Z,858.0,C1BTHULB,6,Other (please feel free to let us know your ethnicity via email),Technical/community college,30,Male,Mixed,United States,United States,United States,English,No,Part-Time
12,16,vqxb3hd2,,0,18,18,Section_7,EndSurvey,2024-09-25 20:03:16.772504,1,,,0.0,,,,,,,,,,,,,,ryu6snyq,,,,,0,Experiment_1_Persistence,https://app.prolific.com/submissions/complete?cc=C1BTHULB,0.0,1.0,16,,0.0,5d47292b4bfe1600016925ac,1,1,16,,0.0,D,A,A,C,B,B,A,C,C,B,DAACBBACCB,0.6,0.0,0.0,1,1,16,,0.0,noisy,random,negative,Pass,red,60.0,4.0,5.0,Pass Box,1,1,16,,0.0,D,B,A,C,B,D,A,B,C,D,DBACBDABCD,1.0,Non-STEM Track,,0.0,0.0,5.0,1,1,16,,0.0,R,R,R,R,R,C,C,C,C,C,C,RRRRRCCCCCC,1,1,16,,0.0,0,0,1,0,0,0,0,0,0,"I did more non-stem course in college, so I feel a little more confident in them.","Political Science, I work in research compliance",It was a fun study ,Non-STEM Track,1,1,,,,,,,,,,,,,,,,,,,,,,,,,,,,,,,,,,,,,,,,,,,,,,,,,,,,,,,,66f46c7928313fdcdde0c848,5d47292b4bfe1600016925ac,APPROVED,Not Applicable,2024-09-25T20:03:09.765000Z,2024-09-25T20:15:55.372000Z,2024-09-25T20:19:18.512000Z,2024-09-25T20:16:52.078061Z,766.0,C1BTHULB,1293,White,Undergraduate degree (BA/BSc/other),31,Male,White,United States,United States,United States,English,No,Full-Time
13,17,g8kodbzy,,0,18,18,Section_7,EndSurvey,2024-09-25 20:03:22.291839,1,,,0.0,,,,,,,,,,,,,,ryu6snyq,,,,,0,Experiment_1_Persistence,https://app.prolific.com/submissions/complete?cc=C1BTHULB,0.0,1.0,17,,0.0,61267e282a445af9eb95beae,1,1,17,,0.0,A,B,D,B,A,D,B,C,A,A,ABDBADBCAA,0.3,0.0,0.0,1,1,17,,0.0,noisy,random,ground,Pass,red,50.0,1.0,1.0,Pass Box,1,1,17,,0.0,C,D,A,A,D,A,C,C,B,D,CDAADACCBD,0.3,STEM Track,,0.0,0.0,1.0,1,1,17,,0.0,R,R,R,C,C,C,C,C,C,C,C,RRRCCCCCCCC,1,1,17,,0.0,0,0,1,0,0,0,0,0,0,"Because I figured I could at least get one question right, where the non-STEM one I would lose out.","I was studying to become a computer programmer in college, but didn't have enough fund to finish.",It was hard to remember some of the equations for most of the questions since I haven't done these since I was in school.,STEM Track,1,1,,,,,,,,,,,,,,,,,,,,,,,,,,,,,,,,,,,,,,,,,,,,,,,,,,,,,,,,66f46c83141f57e82eb1c9cc,61267e282a445af9eb95beae,APPROVED,Not Applicable,2024-09-25T20:03:19.596000Z,2024-09-25T20:18:05.670000Z,2024-09-25T20:19:23.375000Z,2024-09-25T20:18:06.235223Z,887.0,C1BTHULB,1626,White,High school diploma/A-levels,37,Female,White,United States,United States,United States,English,No,"Not in paid work (e.g. homemaker', 'retired or disabled)"
14,18,k7kwqzyg,,0,18,18,Section_7,EndSurvey,2024-09-25 20:03:24.239069,1,,,0.0,,,,,,,,,,,,,,ryu6snyq,,,,,0,Experiment_1_Persistence,https://app.prolific.com/submissions/complete?cc=C1BTHULB,0.0,1.0,18,,0.0,6549876fa2301d20c2c9f79c,1,1,18,,0.0,D,A,C,C,D,B,A,C,C,B,DACCDBACCB,0.6,0.0,0.0,1,1,18,,0.0,noisy,random,ground,Pass,red,50.0,6.0,5.0,Pass Box,1,1,18,,0.0,D,B,A,C,B,D,A,B,C,D,DBACBDABCD,1.0,Non-STEM Track,,0.0,0.0,5.0,1,1,18,,0.0,R,R,R,C,C,C,C,C,C,C,C,RRRCCCCCCCC,1,1,18,,0.0,0,0,1,0,0,0,0,0,0,"Because I would need scratch paper and a pencil to work out some of the problems, and I didn't know whether that was allowed, and I kind of didn't feel like doing it. I am well-read, so I figured I would probably do better on the non-STEM questions, and I was much more confident on those and found them to be a *lot* easier. I am a word-nerd and writer and once worked as an editor, and my questions on the second part were all vocabulary questions.","I studied a lot of different things in school and I was good at all of them. I took a lot of chemistry, math, and physics in college, but I did not finish college. My math is rusty, especially for math in my head. I worked mostly office jobs, but did some tech support for Lotus Notes in the late 90's. Most of my jobs have not been technical, but just general office stuff. Still, I did some visual basic scripting in Excel at my last job to make things easier on me and my coworkers. It was optional and not a required part of my job - it just relieved a lot of tedium.","I think a lot of the questions are just too complex. I didn't have the mental wherewithal to do precise calculations on the bonus calculation stuff, so I just approximated. Of course I do want a bonus, but I also am a person who doesn't like risk, so I tend to just ""take what I can get"" as it were, even if it's not 100% the optimal chance for a bonus. The amounts here are relatively small, but I suppose if it were a huge bonus, I would put in more effort to try to maximize my chances. I did the best answers that I could think of, but I didn't try to calculate precisely in my head (the bonus stuff, I mean).",Non-STEM Track,1,1,,,,,,,,,,,,,,,,,,,,,,,,,,,,,,,,,,,,,,,,,,,,,,,,,,,,,,,,66f46c7e7bf0919a72813ff9,6549876fa2301d20c2c9f79c,APPROVED,Not Applicable,2024-09-25T20:03:16.118000Z,2024-09-25T20:18:09.251000Z,2024-09-25T21:18:55.739000Z,2024-09-25T20:18:09.883777Z,894.0,C1BTHULB,383,White,High school diploma/A-levels,52,Female,White,United States,United States,United States,English,No,"Not in paid work (e.g. homemaker', 'retired or disabled)"
15,19,ij3vd523,,0,18,18,Section_7,EndSurvey,2024-09-25 20:03:27.090367,1,,,0.0,,,,,,,,,,,,,,ryu6snyq,,,,,0,Experiment_1_Persistence,https://app.prolific.com/submissions/complete?cc=C1BTHULB,0.0,1.0,19,,0.0,5d3700db048a4f001767b040,1,1,19,,0.0,D,D,C,C,B,A,B,B,A,A,DDCCBABBAA,0.2,0.0,0.0,1,1,19,,0.0,noisy,random,negative,Pass,red,10.0,3.0,2.0,Fail Box,1,1,19,,0.0,D,B,A,C,B,D,A,B,C,D,DBACBDABCD,1.0,Non-STEM Track,,0.0,0.0,2.0,1,1,19,,0.0,R,R,R,R,C,C,C,C,C,C,C,RRRRCCCCCCC,1,1,19,,0.0,0,0,1,0,0,0,0,0,0,I am a writer,"I earned my Associate's in English and my Bachelor of Arts in Technical Communications.    I've worked in these fields: Journalism,  Communications/Marketing","I loved this test, though I found the STEM questions difficult.",Non-STEM Track,1,1,,,,,,,,,,,,,,,,,,,,,,,,,,,,,,,,,,,,,,,,,,,,,,,,,,,,,,,,66f46c8739a18098edc89a96,5d3700db048a4f001767b040,APPROVED,Not Applicable,2024-09-25T20:03:24.370000Z,2024-09-25T20:11:04.022000Z,2024-09-25T20:14:01.889000Z,2024-09-25T20:14:01.854279Z,460.0,C1BTHULB,778,White,Undergraduate degree (BA/BSc/other),26,Female,White,United States,United States,United States,English,Yes,Full-Time
17,21,z4s5nl59,,0,18,18,Section_7,EndSurvey,2024-09-25 20:04:00.175680,1,,,0.0,,,,,,,,,,,,,,ryu6snyq,,,,,0,Experiment_1_Persistence,https://app.prolific.com/submissions/complete?cc=C1BTHULB,0.0,1.0,21,,0.0,6607112e33d4fd1fb766d2e2,1,1,21,,0.0,C,A,C,B,A,B,D,C,A,D,CACBABDCAD,0.6,0.0,0.0,1,1,21,,0.0,noisy,random,positive,Pass,black,70.0,7.0,6.0,Pass Box,1,1,21,,0.0,A,B,A,D,B,D,A,A,C,B,ABADBDAACB,0.6,Non-STEM Track,,0.0,0.0,6.0,1,1,21,,0.0,R,R,R,R,R,C,C,C,C,C,C,RRRRRCCCCCC,1,1,21,,0.0,0,0,1,0,0,0,0,0,0,To skipped the quizzes,Marketing. I have worked in the sales industry,,Non-STEM Track,1,1,,,,,,,,,,,,,,,,,,,,,,,,,,,,,,,,,,,,,,,,,,,,,,,,,,,,,,,,66f46ca0bf50e9c784c4b415,6607112e33d4fd1fb766d2e2,APPROVED,Not Applicable,2024-09-25T20:03:50.972000Z,2024-09-25T20:23:32.839000Z,2024-09-25T20:23:33.770000Z,2024-09-25T20:23:33.663453Z,1182.0,C1BTHULB,213,Black/African American,Undergraduate degree (BA/BSc/other),24,Male,Black,United States,United States,United States,English,DATA_EXPIRED,Full-Time
18,22,5kybcxs7,,0,18,18,Section_7,EndSurvey,2024-09-25 20:04:00.479766,1,,,0.0,,,,,,,,,,,,,,ryu6snyq,,,,,0,Experiment_1_Persistence,https://app.prolific.com/submissions/complete?cc=C1BTHULB,0.0,1.0,22,,0.0,652396e2b5323ae8517c4ec9,1,1,22,,0.0,D,A,C,C,D,B,C,D,C,C,DACCDBCDCC,0.4,0.0,0.0,1,1,22,,0.0,noisy,random,negative,Pass,red,15.0,2.0,2.0,Fail Box,1,1,22,,0.0,D,B,A,C,B,D,A,B,C,D,DBACBDABCD,1.0,Non-STEM Track,,0.0,0.0,2.0,1,1,22,,0.0,R,R,R,R,C,C,C,C,C,C,C,RRRRCCCCCCC,1,1,22,,0.0,0,0,1,0,1,0,0,0,0,I'm not good at STEM,"Sociology, Photography, Writing",It was good,Non-STEM Track,1,1,,,,,,,,,,,,,,,,,,,,,,,,,,,,,,,,,,,,,,,,,,,,,,,,,,,,,,,,66f46c93e26d53a4c16c0134,652396e2b5323ae8517c4ec9,APPROVED,Not Applicable,2024-09-25T20:03:48.146000Z,2024-09-25T20:10:51.611000Z,2024-09-25T20:10:55.587000Z,2024-09-25T20:10:52.350520Z,424.0,C1BTHULB,230,White,Technical/community college,27,Female,Other,Canada,United States,United States,English,Yes,DATA_EXPIRED
19,23,i4orfs8k,,0,18,18,Section_7,EndSurvey,2024-09-25 20:04:09.539913,1,,,0.0,,,,,,,,,,,,,,ryu6snyq,,,,,0,Experiment_1_Persistence,https://app.prolific.com/submissions/complete?cc=C1BTHULB,0.0,1.0,23,,0.0,66ce2f9a9a9402052c85abb6,1,1,23,,0.0,A,A,C,B,B,B,D,C,,,AACBBBDC__,0.8,0.0,0.0,1,1,23,,0.0,noisy,random,positive,Pass,red,80.0,8.0,8.0,Pass Box,1,1,23,,0.0,B,A,C,A,A,D,C,A,,,BACAADCA__,0.8,STEM Track,,0.0,0.0,8.0,1,1,23,,0.0,R,R,R,R,R,R,C,C,C,C,C,RRRRRRCCCCC,1,1,23,,0.0,0,1,1,0,0,0,0,0,0,Because it was a fun challenge,Managemen and Finance,,STEM Track,1,1,,,,,,,,,,,,,,,,,,,,,,,,,,,,,,,,,,,,,,,,,,,,,,,,,,,,,,,,66f46caeadaa632234b18d10,66ce2f9a9a9402052c85abb6,APPROVED,Not Applicable,2024-09-25T20:04:06.056000Z,2024-09-25T20:27:54.282000Z,2024-09-25T20:27:57.512000Z,2024-09-25T20:27:57.244586Z,1429.0,C1BTHULB,75,Other (please feel free to let us know your ethnicity via email),Graduate degree (MA/MSc/MPhil/other),50,Male,Other,Poland,United States,United States,Polish,No,Full-Time
20,24,7hr3alpu,,0,18,18,Section_7,EndSurvey,2024-09-25 20:04:21.955326,1,,,0.0,,,,,,,,,,,,,,ryu6snyq,,,,,0,Experiment_1_Persistence,https://app.prolific.com/submissions/complete?cc=C1BTHULB,0.0,1.0,24,,0.0,60cab9dd5a974695b32eb2ab,1,1,24,,0.0,B,A,A,C,C,C,D,C,B,A,BAACCCDCBA,0.3,0.0,0.0,1,1,24,,0.0,noisy,random,ground,Fail,black,80.0,2.0,6.0,Fail Box,1,1,24,,0.0,D,B,A,C,B,D,A,B,C,D,DBACBDABCD,1.0,Non-STEM Track,,0.0,0.0,6.0,1,1,24,,0.0,R,R,R,C,C,C,C,C,C,C,C,RRRCCCCCCCC,1,1,24,,0.0,0,0,1,0,0,0,0,0,0,"I am horrible at math. Not to mention, I don't use equations in everyday life. ","Public health and policy. While I did study basic math, I mostly studied biology, history of disease, public policy and planning ",It was fun! Kept me on my toes. ,Non-STEM Track,1,1,,,,,,,,,,,,,,,,,,,,,,,,,,,,,,,,,,,,,,,,,,,,,,,,,,,,,,,,66f46cbc016b5ccf98399b90,60cab9dd5a974695b32eb2ab,APPROVED,Not Applicable,2024-09-25T20:04:17.912000Z,2024-09-25T20:17:37.632000Z,2024-09-25T20:19:16.609000Z,2024-09-25T20:17:39.667235Z,800.0,C1BTHULB,921,White Sephardic Jew,Graduate degree (MA/MSc/MPhil/other),28,Female,Mixed,United States,United States,United States,English,Yes,DATA_EXPIRED
23,27,bqfgb8r8,,0,18,18,Section_7,EndSurvey,2024-09-25 20:05:44.497451,1,,,0.0,,,,,,,,,,,,,,ryu6snyq,,,,,0,Experiment_1_Persistence,https://app.prolific.com/submissions/complete?cc=C1BTHULB,0.0,1.0,27,,0.0,66f3beed5ca742d8eaeca673,1,1,27,,0.0,D,A,B,A,C,A,C,C,B,A,DABACACCBA,0.2,0.0,0.0,1,1,27,,0.0,noisy,random,negative,Fail,red,30.0,4.0,4.0,Pass Box,1,1,27,,0.0,D,B,A,C,B,D,A,B,C,D,DBACBDABCD,1.0,Non-STEM Track,,0.0,0.0,4.0,1,1,27,,0.0,R,R,R,C,C,C,C,C,C,C,C,RRRCCCCCCCC,1,1,27,,0.0,0,0,1,0,0,0,0,0,0,More confidence in those abilities ,social sciences,it was stressful ,Non-STEM Track,1,1,,,,,,,,,,,,,,,,,,,,,,,,,,,,,,,,,,,,,,,,,,,,,,,,,,,,,,,,66f46d0ef65b13b9cda1a10f,66f3beed5ca742d8eaeca673,APPROVED,Not Applicable,2024-09-25T20:05:41.007000Z,2024-09-25T20:15:40.856000Z,2024-09-25T20:19:35.110000Z,2024-09-25T20:16:43.642681Z,600.0,C1BTHULB,7,White,Undergraduate degree (BA/BSc/other),24,Male,White,United States,United States,United States,English,Yes,"Not in paid work (e.g. homemaker', 'retired or disabled)"
24,28,x5zzyi6j,,0,18,18,Section_7,EndSurvey,2024-09-25 20:06:11.508699,1,,,0.0,,,,,,,,,,,,,,ryu6snyq,,,,,0,Experiment_1_Persistence,https://app.prolific.com/submissions/complete?cc=C1BTHULB,0.0,1.0,28,,0.0,66043185681ea0b36d451b01,1,1,28,,0.0,B,C,A,C,B,C,B,D,B,C,BCACBCBDBC,0.1,0.0,0.0,1,1,28,,0.0,noisy,random,positive,Fail,red,0.0,0.0,10.0,Fail Box,1,1,28,,0.0,D,B,A,C,B,D,A,B,C,D,DBACBDABCD,1.0,Non-STEM Track,,0.0,0.0,10.0,1,1,28,,0.0,R,R,R,R,R,R,C,C,C,C,C,RRRRRRCCCCC,1,1,28,,0.0,0,0,1,0,0,0,0,0,0,The math questions were outside of my area of expertise ,"Social Studies, English, Management, Leadership, Community Creation ","The math questions were difficult.  Otherwise, thank you for the opportunity to participate and much success in your future endeavors. ",Non-STEM Track,1,1,,,,,,,,,,,,,,,,,,,,,,,,,,,,,,,,,,,,,,,,,,,,,,,,,,,,,,,,66f46d28a5538168ae7732d3,66043185681ea0b36d451b01,APPROVED,Not Applicable,2024-09-25T20:06:05.467000Z,2024-09-25T20:16:21.515000Z,2024-09-25T20:19:17.990000Z,2024-09-25T20:17:03.659026Z,617.0,C1BTHULB,337,Black/African American,Undergraduate degree (BA/BSc/other),35,Female,Black,United States,United States,United States,English,DATA_EXPIRED,DATA_EXPIRED
25,29,359a5e0u,,0,18,18,Section_7,EndSurvey,2024-09-25 20:06:14.614486,1,,,0.0,,,,,,,,,,,,,,ryu6snyq,,,,,0,Experiment_1_Persistence,https://app.prolific.com/submissions/complete?cc=C1BTHULB,0.0,1.0,29,,0.0,5d1bd1bd998087001c623a73,1,1,29,,0.0,A,B,A,C,B,B,A,A,C,A,ABACBBAACA,0.4,0.0,0.0,1,1,29,,0.0,noisy,random,positive,Fail,red,50.0,3.0,5.0,Fail Box,1,1,29,,0.0,D,B,A,C,B,D,A,B,C,D,DBACBDABCD,1.0,Non-STEM Track,,0.0,0.0,5.0,1,1,29,,0.0,R,R,R,R,R,C,C,C,C,C,C,RRRRRCCCCCC,1,1,29,,0.0,0,0,0,1,0,0,0,0,0,Faster,Humanities,No,Non-STEM Track,1,1,,,,,,,,,,,,,,,,,,,,,,,,,,,,,,,,,,,,,,,,,,,,,,,,,,,,,,,,66f46d2d22be0fe2ffd8671b,5d1bd1bd998087001c623a73,APPROVED,Not Applicable,2024-09-25T20:06:11.690000Z,2024-09-25T20:22:31.875000Z,2024-09-25T20:22:32.673000Z,2024-09-25T20:22:32.567111Z,981.0,C1BTHULB,738,White,Undergraduate degree (BA/BSc/other),33,Male,White,United States,United States,United States,English,No,Full-Time
26,30,7inl7o08,,0,18,18,Section_7,EndSurvey,2024-09-25 20:06:38.308275,1,,,0.0,,,,,,,,,,,,,,ryu6snyq,,,,,0,Experiment_1_Persistence,https://app.prolific.com/submissions/complete?cc=C1BTHULB,0.0,1.0,30,,0.0,66e916a67081975f3b28341b,1,1,30,,0.0,B,D,A,D,C,C,B,D,B,C,BDADCCBDBC,0.0,0.0,0.0,1,1,30,,0.0,noisy,random,ground,Fail,black,30.0,2.0,3.0,Fail Box,1,1,30,,0.0,D,B,A,C,B,D,A,B,C,D,DBACBDABCD,1.0,Non-STEM Track,,0.0,0.0,3.0,1,1,30,,0.0,R,R,R,R,R,C,C,C,C,C,C,RRRRRCCCCCC,1,1,30,,0.0,0,0,0,1,0,0,0,0,0,I haven't taken math in a long time,I was a biology major and I work in a hosptial,it was fine,Non-STEM Track,1,1,,,,,,,,,,,,,,,,,,,,,,,,,,,,,,,,,,,,,,,,,,,,,,,,,,,,,,,,66f46d44673e2dc5279f46ba,66e916a67081975f3b28341b,APPROVED,Not Applicable,2024-09-25T20:06:35.329000Z,2024-09-25T20:13:45.914000Z,2024-09-25T20:19:24.580000Z,2024-09-25T20:15:17.890939Z,431.0,C1BTHULB,8,East Asian,Undergraduate degree (BA/BSc/other),24,Female,Asian,United States,United States,United States,English,Yes,Unemployed (and job seeking)
27,31,zbpa0he7,,0,18,18,Section_7,EndSurvey,2024-09-25 20:07:16.622933,1,,,0.0,,,,,,,,,,,,,,ryu6snyq,,,,,0,Experiment_1_Persistence,https://app.prolific.com/submissions/complete?cc=C1BTHULB,0.0,1.0,31,,0.0,5dd0d2f02b033b190687eaee,1,1,31,,0.0,D,A,D,C,D,B,D,B,B,,DADCDBDBB_,0.3,0.0,0.0,1,1,31,,0.0,noisy,random,positive,Fail,red,50.0,4.0,5.0,Pass Box,1,1,31,,0.0,D,B,A,C,B,D,A,B,C,D,DBACBDABCD,1.0,Non-STEM Track,,0.0,0.0,5.0,1,1,31,,0.0,R,R,R,R,C,C,C,C,C,C,C,RRRRCCCCCCC,1,1,31,,0.0,0,0,1,0,0,0,0,0,0,I'm almost 50 years out of college and I'm rusty on math theory and processes. I could've done these questions easily about 40 years ago.,"political science, anthropology, computer science","challenging on the math stuff, very easy on the non-STEM stuff.",Non-STEM Track,1,1,,,,,,,,,,,,,,,,,,,,,,,,,,,,,,,,,,,,,,,,,,,,,,,,,,,,,,,,66f46d6a2863bff100eddc9d,5dd0d2f02b033b190687eaee,APPROVED,Not Applicable,2024-09-25T20:07:12.406000Z,2024-09-25T20:22:02.197000Z,2024-09-25T20:22:04.592000Z,2024-09-25T20:22:03.102074Z,890.0,C1BTHULB,1348,Other (please feel free to let us know your ethnicity via email),Undergraduate degree (BA/BSc/other),70,Male,White,United States,United States,United States,English,No,"Not in paid work (e.g. homemaker', 'retired or disabled)"
29,33,66dx943f,,0,18,18,Section_7,EndSurvey,2024-09-25 20:07:51.334949,1,,,0.0,,,,,,,,,,,,,,ryu6snyq,,,,,0,Experiment_1_Persistence,https://app.prolific.com/submissions/complete?cc=C1BTHULB,0.0,1.0,33,,0.0,61412d50c1d83f94e448c0f3,1,1,33,,0.0,D,D,C,B,A,A,D,C,B,C,DDCBAADCBC,0.4,0.0,0.0,1,1,33,,0.0,noisy,random,negative,Fail,red,100.0,8.0,8.0,Not Sure,1,1,33,,0.0,D,B,A,C,B,D,A,B,C,D,DBACBDABCD,1.0,Non-STEM Track,,0.0,0.0,8.0,1,1,33,,0.0,R,R,R,R,R,R,R,C,C,C,C,RRRRRRRCCCC,1,1,33,,0.0,0,0,1,0,1,0,0,0,0,It was much easier and faster to answer.,System engineering IT,It was great,Non-STEM Track,1,1,,,,,,,,,,,,,,,,,,,,,,,,,,,,,,,,,,,,,,,,,,,,,,,,,,,,,,,,66f46d8e68c525690be62b28,61412d50c1d83f94e448c0f3,APPROVED,Not Applicable,2024-09-25T20:07:48.024000Z,2024-09-25T20:22:53.809000Z,2024-09-25T20:22:54.585000Z,2024-09-25T20:22:54.478245Z,906.0,C1BTHULB,2048,Black/African American,Graduate degree (MA/MSc/MPhil/other),23,Male,Black,United States,United States,United States,English,No,Part-Time
31,35,z6jya8hb,,0,18,18,Section_7,EndSurvey,2024-09-25 20:08:17.555534,1,,,0.0,,,,,,,,,,,,,,ryu6snyq,,,,,0,Experiment_1_Persistence,https://app.prolific.com/submissions/complete?cc=C1BTHULB,0.0,1.0,35,,0.0,654d71ed0f6cf09a1436d4fd,1,1,35,,0.0,D,C,A,C,C,B,C,B,C,B,DCACCBCBCB,0.3,0.0,0.0,1,1,35,,0.0,noisy,random,positive,Pass,red,50.0,1.0,1.0,Fail Box,1,1,35,,0.0,D,B,A,C,B,D,A,B,C,D,DBACBDABCD,1.0,Non-STEM Track,,0.0,0.0,1.0,1,1,35,,0.0,R,R,R,R,R,R,C,C,C,C,C,RRRRRRCCCCC,1,1,35,,0.0,0,0,1,0,0,0,0,0,0,"Because I don’t use any advanced math in my daily life, and I don’t remember how to do that type of math. ","English, history, sociology","The math questions were too difficult from the outset, which made the process of navigating the questions frustrating. Paired with the timer, I just chose things at random. ",Non-STEM Track,1,1,,,,,,,,,,,,,,,,,,,,,,,,,,,,,,,,,,,,,,,,,,,,,,,,,,,,,,,,66f46d9f7bf0919a72814040,654d71ed0f6cf09a1436d4fd,APPROVED,Not Applicable,2024-09-25T20:08:06.535000Z,2024-09-25T20:18:15.746000Z,2024-09-25T20:19:17.212000Z,2024-09-25T20:18:16.782075Z,610.0,C1BTHULB,375,Mixed,Graduate degree (MA/MSc/MPhil/other),45,Female,White,United States,United States,United States,English,No,Unemployed (and job seeking)
32,36,uj1xsfdt,,0,18,18,Section_7,EndSurvey,2024-09-25 20:08:37.825582,1,,,0.0,,,,,,,,,,,,,,ryu6snyq,,,,,0,Experiment_1_Persistence,https://app.prolific.com/submissions/complete?cc=C1BTHULB,0.0,1.0,36,,0.0,6669d8d5d67867239ed2e85c,1,1,36,,0.0,B,D,C,A,A,C,D,A,B,D,BDCAACDABD,0.2,0.0,0.0,1,1,36,,0.0,noisy,random,positive,Pass,red,0.0,1.0,1.0,Fail Box,1,1,36,,0.0,D,B,A,C,B,D,A,B,C,D,DBACBDABCD,1.0,Non-STEM Track,,0.0,0.0,1.0,1,1,36,,0.0,R,R,R,R,R,C,C,C,C,C,C,RRRRRCCCCCC,1,1,36,,0.0,0,0,1,0,0,0,0,0,0,It really wasn't popular when I went to school so it wasn't talked about.,Writing  Analysis  Human Relations,It was great minus the math.,Non-STEM Track,1,1,,,,,,,,,,,,,,,,,,,,,,,,,,,,,,,,,,,,,,,,,,,,,,,,,,,,,,,,66f46dbefe9a853f0934bdb5,6669d8d5d67867239ed2e85c,APPROVED,Not Applicable,2024-09-25T20:08:35.225000Z,2024-09-25T20:16:44.162000Z,2024-09-25T20:19:20.370000Z,2024-09-25T20:17:09.609269Z,489.0,C1BTHULB,364,White,Technical/community college,48,Female,White,United States,United States,United States,English,No,Full-Time
33,37,k4qohpxa,,0,18,18,Section_7,EndSurvey,2024-09-25 20:09:11.343192,1,,,0.0,,,,,,,,,,,,,,ryu6snyq,,,,,0,Experiment_1_Persistence,https://app.prolific.com/submissions/complete?cc=C1BTHULB,0.0,1.0,37,,0.0,601b9e9372f5e856dc3edf8b,1,1,37,,0.0,D,A,B,B,A,,,C,B,C,DABBA__CBC,0.3,0.0,0.0,1,1,37,,0.0,noisy,random,ground,Pass,red,1.0,0.0,0.0,Pass Box,1,1,37,,0.0,D,B,A,C,B,D,A,B,C,D,DBACBDABCD,1.0,Non-STEM Track,,0.0,0.0,0.0,1,1,37,,0.0,R,R,R,R,C,C,C,C,C,C,C,RRRRCCCCCCC,1,1,37,,0.0,0,0,1,0,0,0,0,0,0,"I was never good at Stem subjects in school, I was always better at english class",I studied marketing and business ,My experience was a bit hectic as I was not prepared to start doing some math ,Non-STEM Track,1,1,,,,,,,,,,,,,,,,,,,,,,,,,,,,,,,,,,,,,,,,,,,,,,,,,,,,,,,,66f46dd93ece1cca9a261e17,601b9e9372f5e856dc3edf8b,APPROVED,Not Applicable,2024-09-25T20:09:03.579000Z,2024-09-25T20:23:27.719000Z,2024-09-25T20:23:29.588000Z,2024-09-25T20:23:29.465082Z,865.0,C1BTHULB,67,White,Undergraduate degree (BA/BSc/other),23,Female,White,United States,United States,United States,English,Yes,Unemployed (and job seeking)
34,38,8bb5naf2,,0,18,18,Section_7,EndSurvey,2024-09-25 20:09:13.042348,1,,,0.0,,,,,,,,,,,,,,ryu6snyq,,,,,0,Experiment_1_Persistence,https://app.prolific.com/submissions/complete?cc=C1BTHULB,0.0,1.0,38,,0.0,6616965da366a89dbc8086fa,1,1,38,,0.0,A,D,A,B,D,D,C,D,B,C,ADABDDCDBC,0.2,0.0,0.0,1,1,38,,0.0,noisy,random,positive,Fail,red,75.0,7.0,4.0,Fail Box,1,1,38,,0.0,D,B,A,C,B,D,A,B,C,D,DBACBDABCD,1.0,Non-STEM Track,,0.0,0.0,4.0,1,1,38,,0.0,R,R,R,R,R,R,C,C,C,C,C,RRRRRRCCCCC,1,1,38,,0.0,0,0,1,0,1,0,0,0,0,seemed to be the better route in terms of my time,computer science and programming,make so much more of these I love being able to use my mind and relax with no pressure,Non-STEM Track,1,1,,,,,,,,,,,,,,,,,,,,,,,,,,,,,,,,,,,,,,,,,,,,,,,,,,,,,,,,66f46dcacf945ecfadd1f3ba,6616965da366a89dbc8086fa,APPROVED,Not Applicable,2024-09-25T20:09:09.503000Z,2024-09-25T20:19:20.788000Z,2024-09-25T20:19:21.821000Z,2024-09-25T20:19:21.725954Z,612.0,C1BTHULB,85,Latino/Hispanic,High school diploma/A-levels,36,Male,Mixed,United States,United States,United States,English,No,Unemployed (and job seeking)
35,39,neitxiuz,,0,18,18,Section_7,EndSurvey,2024-09-25 20:09:13.528336,1,,,0.0,,,,,,,,,,,,,,ryu6snyq,,,,,0,Experiment_1_Persistence,https://app.prolific.com/submissions/complete?cc=C1BTHULB,0.0,1.0,39,,0.0,659485a70452c534a91718ee,1,1,39,,0.0,C,C,D,C,B,A,B,C,C,B,CCDCBABCCB,0.4,0.0,0.0,1,1,39,,0.0,noisy,random,negative,Pass,red,20.0,2.0,2.0,Fail Box,1,1,39,,0.0,D,B,A,C,B,D,A,B,C,D,DBACBDABCD,1.0,Non-STEM Track,,0.0,0.0,2.0,1,1,39,,0.0,R,R,R,R,R,R,R,C,C,C,C,RRRRRRRCCCC,1,1,39,,0.0,0,0,1,0,0,0,0,0,0,math is hard,health care,warn people they have to do math,Non-STEM Track,1,1,,,,,,,,,,,,,,,,,,,,,,,,,,,,,,,,,,,,,,,,,,,,,,,,,,,,,,,,66f46dd80f5e9958a3bfab84,659485a70452c534a91718ee,APPROVED,Not Applicable,2024-09-25T20:09:07.915000Z,2024-09-25T20:19:27.170000Z,2024-09-25T20:19:29.733000Z,2024-09-25T20:19:27.817790Z,620.0,C1BTHULB,160,Latino/Hispanic,High school diploma/A-levels,43,Female,Other,United States,United States,United States,English,No,Full-Time
36,40,2jn5nr2p,,0,18,18,Section_7,EndSurvey,2024-09-25 20:09:44.626396,1,,,0.0,,,,,,,,,,,,,,ryu6snyq,,,,,0,Experiment_1_Persistence,https://app.prolific.com/submissions/complete?cc=C1BTHULB,0.0,1.0,40,,0.0,614e07461fd23406f92023c7,1,1,40,,0.0,C,A,B,C,B,B,D,C,B,D,CABCBBDCBD,0.5,0.0,0.0,1,1,40,,0.0,noisy,random,ground,Pass,red,50.0,5.0,5.0,Not Sure,1,1,40,,0.0,D,B,A,C,B,D,A,B,C,D,DBACBDABCD,1.0,Non-STEM Track,,0.0,0.0,5.0,1,1,40,,0.0,R,R,R,R,R,C,C,C,C,C,C,RRRRRCCCCCC,1,1,40,,0.0,0,0,1,0,0,0,0,0,0,I am egregiously bad at math and didn't want to potentially do more.,"School: French, Russian, and Psychology  Industries: Mental health",Good luck with your research,Non-STEM Track,1,1,,,,,,,,,,,,,,,,,,,,,,,,,,,,,,,,,,,,,,,,,,,,,,,,,,,,,,,,66f46e016247b36288941563,614e07461fd23406f92023c7,APPROVED,Not Applicable,2024-09-25T20:09:41.960000Z,2024-09-25T20:21:52.508000Z,2024-09-25T20:21:53.352000Z,2024-09-25T20:21:53.259164Z,731.0,C1BTHULB,832,White,Graduate degree (MA/MSc/MPhil/other),36,Female,White,United States,United States,United States,English,Yes,Full-Time
37,41,ltz5z5zr,,0,18,18,Section_7,EndSurvey,2024-09-25 20:09:56.313871,1,,,0.0,,,,,,,,,,,,,,ryu6snyq,,,,,0,Experiment_1_Persistence,https://app.prolific.com/submissions/complete?cc=C1BTHULB,0.0,1.0,41,,0.0,665bb3facf3b60004a908818,1,1,41,,0.0,B,C,D,C,C,D,A,A,C,C,BCDCCDAACC,0.1,0.0,0.0,1,1,41,,0.0,noisy,random,negative,Fail,red,50.0,1.0,2.0,Fail Box,1,1,41,,0.0,D,B,A,C,B,D,A,B,C,D,DBACBDABCD,1.0,Non-STEM Track,,0.0,0.0,2.0,1,1,41,,0.0,R,R,R,C,C,C,C,C,C,C,C,RRRCCCCCCCC,1,1,41,,0.0,0,0,1,0,0,0,0,0,0,I am not good at math,agaculture,the stem questions were hard,Non-STEM Track,1,1,,,,,,,,,,,,,,,,,,,,,,,,,,,,,,,,,,,,,,,,,,,,,,,,,,,,,,,,66f46e0c7b738e78e818d309,665bb3facf3b60004a908818,APPROVED,Not Applicable,2024-09-25T20:09:53.176000Z,2024-09-25T20:18:51.246000Z,2024-09-25T20:19:27.456000Z,2024-09-25T20:18:52.149218Z,539.0,C1BTHULB,573,White,Undergraduate degree (BA/BSc/other),32,Male,White,United States,United States,United States,English,Yes,Full-Time
39,44,ckyz31xx,,0,18,18,Section_7,EndSurvey,2024-09-25 20:10:08.022481,1,,,0.0,,,,,,,,,,,,,,ryu6snyq,,,,,0,Experiment_1_Persistence,https://app.prolific.com/submissions/complete?cc=C1BTHULB,0.0,1.0,44,,0.0,66491b44f08238d03d4395f0,1,1,44,,0.0,B,A,A,C,B,B,C,A,D,C,BAACBBCADC,0.3,0.0,0.0,1,1,44,,0.0,noisy,random,negative,Pass,red,20.0,2.0,2.0,Pass Box,1,1,44,,0.0,D,B,A,C,B,D,A,B,C,D,DBACBDABCD,1.0,Non-STEM Track,,0.0,0.0,2.0,1,1,44,,0.0,R,R,R,R,R,R,C,C,C,C,C,RRRRRRCCCCC,1,1,44,,0.0,0,0,1,0,0,0,0,0,0,Because that topic is difficult for me,English,It was hard and made me anxious ,Non-STEM Track,1,1,,,,,,,,,,,,,,,,,,,,,,,,,,,,,,,,,,,,,,,,,,,,,,,,,,,,,,,,66f46e132965a3b43100439e,66491b44f08238d03d4395f0,APPROVED,Not Applicable,2024-09-25T20:10:01.780000Z,2024-09-25T20:16:21.902000Z,2024-09-25T20:19:32.654000Z,2024-09-25T20:17:03.562850Z,381.0,C1BTHULB,219,White,Technical/community college,35,Female,White,United States,United States,United States,English,No,Part-Time
41,46,z6206g2n,,0,18,18,Section_7,EndSurvey,2024-09-25 20:10:27.703719,1,,,0.0,,,,,,,,,,,,,,ryu6snyq,,,,,0,Experiment_1_Persistence,https://app.prolific.com/submissions/complete?cc=C1BTHULB,0.0,1.0,46,,0.0,662a71616a36b54eb97191eb,1,1,46,,0.0,D,A,,,,,,,,,DA________,0.1,0.0,0.0,1,1,46,,0.0,noisy,random,ground,Fail,black,30.0,5.0,2.0,Fail Box,1,1,46,,0.0,D,B,A,C,B,D,A,B,C,D,DBACBDABCD,1.0,Non-STEM Track,,0.0,0.0,2.0,1,1,46,,0.0,R,R,R,R,C,C,C,C,C,C,C,RRRRCCCCCCC,1,1,46,,0.0,0,0,1,0,0,0,0,0,0,Because I assumed it would be quicker since the test is timed. ,Most subjects were in the physical and biological sciences.,I felt rushed on the timed tests,Non-STEM Track,1,1,,,,,,,,,,,,,,,,,,,,,,,,,,,,,,,,,,,,,,,,,,,,,,,,,,,,,,,,66f46e27653fb6c18396e1af,662a71616a36b54eb97191eb,APPROVED,Not Applicable,2024-09-25T20:10:23.389000Z,2024-09-25T20:29:46.663000Z,2024-09-25T20:29:47.463000Z,2024-09-25T20:29:48.295792Z,1164.0,C1BTHULB,51,White,Doctorate degree (PhD/other),72,Female,White,United States,United States,United States,English,No,Part-Time
42,47,lw72fuy6,,0,18,18,Section_7,EndSurvey,2024-09-25 20:10:29.049105,1,,,0.0,,,,,,,,,,,,,,ryu6snyq,,,,,0,Experiment_1_Persistence,https://app.prolific.com/submissions/complete?cc=C1BTHULB,0.0,1.0,47,,0.0,65daf1e5e45ada925fab406d,1,1,47,,0.0,A,D,B,A,C,B,A,B,D,B,ADBACBABDB,0.3,0.0,0.0,1,1,47,,0.0,noisy,random,ground,Pass,red,40.0,2.0,2.0,Pass Box,1,1,47,,0.0,D,B,A,C,B,D,A,B,C,D,DBACBDABCD,1.0,Non-STEM Track,,0.0,0.0,2.0,1,1,47,,0.0,R,C,C,C,C,C,C,C,C,C,C,RCCCCCCCCCC,1,1,47,,0.0,0,0,1,0,0,0,0,0,0,I have a humanities background,languages,no,Non-STEM Track,1,1,,,,,,,,,,,,,,,,,,,,,,,,,,,,,,,,,,,,,,,,,,,,,,,,,,,,,,,,66f46e2c9309723d67f6602e,65daf1e5e45ada925fab406d,APPROVED,Not Applicable,2024-09-25T20:10:26.640000Z,2024-09-25T20:19:55.649000Z,2024-09-25T20:19:56.434000Z,2024-09-25T20:19:56.293333Z,570.0,C1BTHULB,89,South East Asian,Graduate degree (MA/MSc/MPhil/other),37,Female,Asian,United States,United States,United States,English,No,Full-Time
43,48,7c34run0,,0,18,18,Section_7,EndSurvey,2024-09-25 20:10:51.402892,1,,,0.0,,,,,,,,,,,,,,ryu6snyq,,,,,0,Experiment_1_Persistence,https://app.prolific.com/submissions/complete?cc=C1BTHULB,0.0,1.0,48,,0.0,610888fa9082bb5758d4f7d8,1,1,48,,0.0,B,A,C,D,B,A,D,B,D,B,BACDBADBDB,0.5,0.0,0.0,1,1,48,,0.0,noisy,random,negative,Fail,black,42.0,2.0,7.0,Fail Box,1,1,48,,0.0,D,A,A,C,B,D,A,B,C,D,DAACBDABCD,0.9,Non-STEM Track,,0.0,0.0,7.0,1,1,48,,0.0,R,R,R,R,R,R,R,R,R,R,C,RRRRRRRRRRC,1,1,48,,0.0,0,0,1,0,0,0,0,0,0,I'm terrible at math.,English and education ,I don't think I did well on the math questions ,Non-STEM Track,1,1,,,,,,,,,,,,,,,,,,,,,,,,,,,,,,,,,,,,,,,,,,,,,,,,,,,,,,,,66f46e4268c525690be62b55,610888fa9082bb5758d4f7d8,APPROVED,Not Applicable,2024-09-25T20:10:46.013000Z,2024-09-25T20:21:43.233000Z,2024-09-25T20:21:45.082000Z,2024-09-25T20:21:43.907290Z,658.0,C1BTHULB,177,White,Technical/community college,22,Female,White,United States,United States,United States,English,Yes,DATA_EXPIRED
46,51,34u8j5kx,,0,18,18,Section_7,EndSurvey,2024-09-25 20:12:25.582831,1,,,0.0,,,,,,,,,,,,,,ryu6snyq,,,,,0,Experiment_1_Persistence,https://app.prolific.com/submissions/complete?cc=C1BTHULB,0.0,1.0,51,,0.0,66513ed9e6ee0568b12ce18c,1,1,51,,0.0,D,C,B,A,C,D,D,B,A,C,DCBACDDBAC,0.1,0.0,0.0,1,1,51,,0.0,noisy,random,ground,Fail,black,100.0,10.0,10.0,Pass Box,1,1,51,,0.0,D,B,A,C,B,D,A,B,C,D,DBACBDABCD,1.0,Non-STEM Track,,0.0,0.0,10.0,1,1,51,,0.0,R,R,R,R,R,C,C,C,C,C,C,RRRRRCCCCCC,1,1,51,,0.0,0,0,0,1,0,0,0,0,0,My brain was tired fro the first set of math questions. ,general education,"no feedback, good experience. ",Non-STEM Track,1,1,,,,,,,,,,,,,,,,,,,,,,,,,,,,,,,,,,,,,,,,,,,,,,,,,,,,,,,,66f46e829dba62a66945a458,66513ed9e6ee0568b12ce18c,APPROVED,Not Applicable,2024-09-25T20:12:14.668000Z,2024-09-25T20:27:09.159000Z,2024-09-25T20:27:10.518000Z,2024-09-25T20:27:10.431772Z,895.0,C1BTHULB,84,White,High school diploma/A-levels,35,Female,White,United States,United States,United States,English,No,"Not in paid work (e.g. homemaker', 'retired or disabled)"
47,52,9cme4nwh,,0,18,18,Section_7,EndSurvey,2024-09-25 20:12:26.137339,1,,,0.0,,,,,,,,,,,,,,ryu6snyq,,,,,0,Experiment_1_Persistence,https://app.prolific.com/submissions/complete?cc=C1BTHULB,0.0,1.0,52,,0.0,66f3ecd883793141904a00b3,1,1,52,,0.0,C,A,B,B,B,C,C,C,A,B,CABBBCCCAB,0.5,1.0,4.623,1,1,52,,0.0,noisy,random,positive,Pass,red,3.0,2.0,2.0,Pass Box,1,1,52,,0.0,D,A,A,C,B,D,A,B,C,D,DAACBDABCD,0.9,Non-STEM Track,,0.0,0.0,2.0,1,1,52,,0.0,R,R,R,R,R,C,C,C,C,C,C,RRRRRCCCCCC,1,1,52,,0.0,0,0,0,1,0,0,0,0,0,im not very good at math,normal highschool studdies,it was good no feed back ,Non-STEM Track,1,1,,,,,,,,,,,,,,,,,,,,,,,,,,,,,,,,,,,,,,,,,,,,,,,,,,,,,,,,66f46ea1bfdb2ca44b6bf631,66f3ecd883793141904a00b3,APPROVED,Not Applicable,2024-09-25T20:12:22.945000Z,2024-09-25T20:25:59.592000Z,2024-09-25T20:26:00.786000Z,2024-09-25T20:26:00.401481Z,817.0,C1BTHULB,5,White,High school diploma/A-levels,21,Female,White,United States,United States,United States,English,No,DATA_EXPIRED
48,53,sp5dn7x9,,0,18,18,Section_7,EndSurvey,2024-09-25 20:12:51.125050,1,,,0.0,,,,,,,,,,,,,,ryu6snyq,,,,,0,Experiment_1_Persistence,https://app.prolific.com/submissions/complete?cc=C1BTHULB,0.0,1.0,53,,0.0,65b114038111be8590d8e184,1,1,53,,0.0,D,A,C,D,A,B,C,A,C,A,DACDABCACA,0.4,0.0,0.0,1,1,53,,0.0,noisy,random,negative,Pass,red,10.0,1.0,3.0,Fail Box,1,1,53,,0.0,D,B,A,C,B,D,A,B,C,D,DBACBDABCD,1.0,Non-STEM Track,,0.0,0.0,3.0,1,1,53,,0.0,R,R,R,R,R,C,C,C,C,C,C,RRRRRCCCCCC,1,1,53,,0.0,0,0,1,0,0,0,0,0,0,"My background is in language. I have a degree in French linguistics and am a certified English teacher. I am not strong in math, so I was certain that I would do better on the non-STEM track.",I studied French linguistics. I've worked in education and tourism. ,The first section was stressful as I honestly did not know how to answer most of the math problems. ,Non-STEM Track,1,1,,,,,,,,,,,,,,,,,,,,,,,,,,,,,,,,,,,,,,,,,,,,,,,,,,,,,,,,66f46ebafb19af3b799cdb87,65b114038111be8590d8e184,APPROVED,Not Applicable,2024-09-25T20:12:48.651000Z,2024-09-25T20:22:09.682000Z,2024-09-25T20:22:10.573000Z,2024-09-25T20:22:10.459983Z,562.0,C1BTHULB,563,White,Undergraduate degree (BA/BSc/other),36,Female,White,United States,United States,United States,English,No,Full-Time
49,54,wx5qs5k6,,0,18,18,Section_7,EndSurvey,2024-09-25 20:12:57.259434,1,,,0.0,,,,,,,,,,,,,,ryu6snyq,,,,,0,Experiment_1_Persistence,https://app.prolific.com/submissions/complete?cc=C1BTHULB,0.0,1.0,54,,0.0,6664a1bc5d0140d6c3570178,1,1,54,,0.0,A,A,D,B,D,B,C,C,,,AADBDBCC__,0.5,0.0,0.0,1,1,54,,0.0,noisy,random,positive,Fail,red,80.0,10.0,10.0,Pass Box,1,1,54,,0.0,D,B,A,C,B,D,A,B,C,D,DBACBDABCD,1.0,Non-STEM Track,,0.0,0.0,10.0,1,1,54,,0.0,R,R,C,C,C,C,C,C,R,R,C,RRCCCCCCRRC,1,1,54,,0.0,0,0,1,0,0,0,0,0,0,I decided this because i didn't know rather to continue or not. I didn't know if I would still receive money for the other assignment completed.,The main studies is criminal justice. I study science and math for the main part. I love to figure things out to the best of my ability.,My experience was great. I enjoyed solve problems and being challenged. ,Non-STEM Track,1,1,,,,,,,,,,,,,,,,,,,,,,,,,,,,,,,,,,,,,,,,,,,,,,,,,,,,,,,,66f46ebe38247de007270186,6664a1bc5d0140d6c3570178,APPROVED,Not Applicable,2024-09-25T20:12:53.651000Z,2024-09-25T20:35:02.053000Z,2024-09-25T20:36:24.096000Z,2024-09-25T20:35:38.229627Z,1329.0,C1BTHULB,177,Black/African American,Undergraduate degree (BA/BSc/other),37,Female,Mixed,United States,United States,United States,English,Yes,Other
50,55,z0kpt5ju,,0,18,18,Section_7,EndSurvey,2024-09-25 20:13:26.169483,1,,,0.0,,,,,,,,,,,,,,ryu6snyq,,,,,0,Experiment_1_Persistence,https://app.prolific.com/submissions/complete?cc=C1BTHULB,0.0,1.0,55,,0.0,66abd7d501b21036f9f9994a,1,1,55,,0.0,D,C,B,C,D,A,B,B,A,B,DCBCDABBAB,0.1,0.0,0.0,1,1,55,,0.0,noisy,random,negative,Fail,black,40.0,4.0,4.0,Fail Box,1,1,55,,0.0,D,B,A,C,B,D,A,B,C,D,DBACBDABCD,1.0,Non-STEM Track,,0.0,0.0,4.0,1,1,55,,0.0,R,R,R,R,C,C,C,C,C,C,C,RRRRCCCCCCC,1,1,55,,0.0,0,0,1,0,0,0,0,0,0,I am not good with math at all.,German Language and Literature,"I found the STEM section stressful, but I enjoyed the non-STEM section.",Non-STEM Track,1,1,,,,,,,,,,,,,,,,,,,,,,,,,,,,,,,,,,,,,,,,,,,,,,,,,,,,,,,,66f46edde1d24a6f76983be0,66abd7d501b21036f9f9994a,APPROVED,Not Applicable,2024-09-25T20:13:22.395000Z,2024-09-25T20:25:51.606000Z,2024-09-25T20:25:56.311000Z,2024-09-25T20:25:52.927780Z,750.0,C1BTHULB,13,White,Undergraduate degree (BA/BSc/other),54,Female,White,United States,United States,United States,English,No,Unemployed (and job seeking)
51,56,ph96s9j8,,0,18,18,Section_7,EndSurvey,2024-09-25 20:13:27.566072,1,,,0.0,,,,,,,,,,,,,,ryu6snyq,,,,,0,Experiment_1_Persistence,https://app.prolific.com/submissions/complete?cc=C1BTHULB,0.0,1.0,56,,0.0,62c37638a93211ca8441aadb,1,1,56,,0.0,B,A,D,B,B,B,B,B,C,B,BADBBBBBCB,0.6,0.0,0.0,1,1,56,,0.0,noisy,random,positive,Pass,black,75.0,5.0,4.0,Pass Box,1,1,56,,0.0,D,B,A,C,B,D,A,B,C,D,DBACBDABCD,1.0,Non-STEM Track,,0.0,0.0,4.0,1,1,56,,0.0,R,R,R,R,R,C,C,C,C,C,C,RRRRRCCCCCC,1,1,56,,0.0,0,0,1,0,0,0,0,0,0,im more of a social sciences guy,"im a public policy major, if that tells you anything",no feedback,Non-STEM Track,1,1,,,,,,,,,,,,,,,,,,,,,,,,,,,,,,,,,,,,,,,,,,,,,,,,,,,,,,,,66f46ede9f67400e32cb2488,62c37638a93211ca8441aadb,APPROVED,Not Applicable,2024-09-25T20:13:23.352000Z,2024-09-25T20:29:00.851000Z,2024-09-25T20:29:01.675000Z,2024-09-25T20:29:01.578768Z,938.0,C1BTHULB,207,Middle Eastern,Secondary education (e.g. GED/GCSE),21,Male,White,United States,United States,United States,English,Yes,Unemployed (and job seeking)
52,57,u7w3fo8i,,0,18,18,Section_7,EndSurvey,2024-09-25 20:13:29.427248,1,,,0.0,,,,,,,,,,,,,,ryu6snyq,,,,,0,Experiment_1_Persistence,https://app.prolific.com/submissions/complete?cc=C1BTHULB,0.0,1.0,57,,0.0,655f82f3b777e4c757101326,1,1,57,,0.0,D,A,B,C,C,B,A,C,C,A,DABCCBACCA,0.4,0.0,0.0,1,1,57,,0.0,noisy,random,positive,Pass,black,38.0,0.0,4.0,Fail Box,1,1,57,,0.0,D,B,A,C,B,D,A,B,C,D,DBACBDABCD,1.0,Non-STEM Track,,0.0,0.0,4.0,1,1,57,,0.0,R,R,C,R,C,C,C,C,C,C,C,RRCRCCCCCCC,1,1,57,,0.0,0,0,1,0,0,0,0,0,0,easier,"math,reading, writing, advance placement classes",,Non-STEM Track,1,1,,,,,,,,,,,,,,,,,,,,,,,,,,,,,,,,,,,,,,,,,,,,,,,,,,,,,,,,66f46ed274f2afc581c42f45,655f82f3b777e4c757101326,APPROVED,Not Applicable,2024-09-25T20:13:23.768000Z,2024-09-25T20:28:52.078000Z,2024-09-25T20:28:53.682000Z,2024-09-25T20:28:52.837470Z,929.0,C1BTHULB,279,Black/African American,Undergraduate degree (BA/BSc/other),45,Female,Black,United States,United States,United States,English,Yes,Full-Time
53,58,t3r3njck,,0,18,18,Section_7,EndSurvey,2024-09-25 20:13:30.281899,1,,,0.0,,,,,,,,,,,,,,ryu6snyq,,,,,0,Experiment_1_Persistence,https://app.prolific.com/submissions/complete?cc=C1BTHULB,0.0,1.0,58,,0.0,668edc4e7f59ae2c7858032f,1,1,58,,0.0,B,D,A,D,B,C,A,B,A,C,BDADBCABAC,0.1,0.0,0.0,1,1,58,,0.0,noisy,random,ground,Fail,black,10.0,2.0,5.0,Fail Box,1,1,58,,0.0,D,B,A,C,B,D,A,B,C,D,DBACBDABCD,1.0,Non-STEM Track,,0.0,0.0,5.0,1,1,58,,0.0,R,R,R,C,C,C,C,C,C,C,C,RRRCCCCCCCC,1,1,58,,0.0,0,0,1,0,0,0,0,0,0,I can't solve the math problems fast enough and I haven't learned those equations.,"In public school, it was all basic stuff. Most of what I studied in college is IT, but I have yet to get an IT job. ","It was a bit anxiety-inducing because I wasn't expecting the math questions. However, I loved the non-STEM, I'm good with words.",Non-STEM Track,1,1,,,,,,,,,,,,,,,,,,,,,,,,,,,,,,,,,,,,,,,,,,,,,,,,,,,,,,,,66f46ecc61abcd76139a1059,668edc4e7f59ae2c7858032f,APPROVED,Not Applicable,2024-09-25T20:13:24.347000Z,2024-09-25T20:32:18.609000Z,2024-09-25T20:32:20.610000Z,2024-09-25T20:32:26.976590Z,1135.0,C1BTHULB,272,Black/African American,Undergraduate degree (BA/BSc/other),32,Female,Black,United States,United States,United States,English,Yes,Part-Time
54,59,7vgujsau,,0,18,18,Section_7,EndSurvey,2024-09-25 20:13:32.560160,1,,,0.0,,,,,,,,,,,,,,ryu6snyq,,,,,0,Experiment_1_Persistence,https://app.prolific.com/submissions/complete?cc=C1BTHULB,0.0,1.0,59,,0.0,5f330bfd7109cd0e649566b6,1,1,59,,0.0,B,D,B,C,B,B,B,D,A,C,BDBCBBBDAC,0.2,0.0,0.0,1,1,59,,0.0,noisy,random,positive,Pass,red,23.0,1.0,1.0,Fail Box,1,1,59,,0.0,D,B,A,C,B,D,A,B,C,D,DBACBDABCD,1.0,Non-STEM Track,,0.0,0.0,1.0,1,1,59,,0.0,R,R,R,C,C,C,C,C,C,C,C,RRRCCCCCCCC,1,1,59,,0.0,0,0,1,0,1,0,0,0,0,Because college math is ridiculously difficult.,Just got my associate's degree in science in May.  I mostly studied biology and psychology and took 7 math classes (had to repeat some).,I was only able to read through the first 6 math questions.  I just randomly selected answers to the rest.,Non-STEM Track,1,1,,,,,,,,,,,,,,,,,,,,,,,,,,,,,,,,,,,,,,,,,,,,,,,,,,,,,,,,66f46ede351604dc642687ad,5f330bfd7109cd0e649566b6,APPROVED,Not Applicable,2024-09-25T20:13:24.352000Z,2024-09-25T20:29:04.573000Z,2024-09-25T20:29:08.957000Z,2024-09-25T20:29:06.111060Z,941.0,C1BTHULB,2421,White,Technical/community college,53,Female,White,United States,United States,United States,English,No,Other
55,60,mdcm4704,,0,18,18,Section_7,EndSurvey,2024-09-25 20:13:41.224762,1,,,0.0,,,,,,,,,,,,,,ryu6snyq,,,,,0,Experiment_1_Persistence,https://app.prolific.com/submissions/complete?cc=C1BTHULB,0.0,1.0,60,,0.0,667d4322e59995857a56e1d3,1,1,60,,0.0,C,B,D,A,C,D,B,C,B,B,CBDACDBCBB,0.2,0.0,0.0,1,1,60,,0.0,noisy,random,ground,Fail,black,80.0,6.0,7.0,Pass Box,1,1,60,,0.0,C,B,D,A,C,C,A,C,B,B,CBDACCACBB,0.2,STEM Track,,0.0,0.0,7.0,1,1,60,,0.0,R,C,R,C,R,C,C,R,R,C,R,RCRCRCCRRCR,1,1,60,,0.0,0,0,1,0,0,1,0,0,0,Very great,Nice idea,Brilliant submission,STEM Track,1,1,,,,,,,,,,,,,,,,,,,,,,,,,,,,,,,,,,,,,,,,,,,,,,,,,,,,,,,,66f46eea086ee607ebd3f3cd,667d4322e59995857a56e1d3,APPROVED,Not Applicable,2024-09-25T20:13:37.051000Z,2024-09-25T20:20:02.977000Z,2024-09-25T20:20:03.741000Z,2024-09-25T20:20:03.642150Z,386.0,C1BTHULB,344,Mixed,Undergraduate degree (BA/BSc/other),21,Female,Mixed,Ghana,United States,United States,English,No,Full-Time
56,61,qhlrs5hj,,0,18,18,Section_7,EndSurvey,2024-09-25 20:13:41.591574,1,,,0.0,,,,,,,,,,,,,,ryu6snyq,,,,,0,Experiment_1_Persistence,https://app.prolific.com/submissions/complete?cc=C1BTHULB,0.0,1.0,61,,0.0,66370a20a4b5b1a460904760,1,1,61,,0.0,B,A,A,D,B,B,,C,B,A,BAADBB_CBA,0.4,0.0,0.0,1,1,61,,0.0,noisy,random,negative,Pass,red,50.0,3.0,3.0,Pass Box,1,1,61,,0.0,B,A,C,,C,C,C,A,B,A,BAC_CCCABA,0.6,STEM Track,,0.0,0.0,3.0,1,1,61,,0.0,R,R,R,R,C,C,C,C,C,C,C,RRRRCCCCCCC,1,1,61,,0.0,0,0,1,0,0,0,0,0,0,I thought i could get at least 3 correct. ,"I would say an equal amount of science, history, math, art, social sciences etc. ",Somewhat time consuming and stressful,STEM Track,1,1,,,,,,,,,,,,,,,,,,,,,,,,,,,,,,,,,,,,,,,,,,,,,,,,,,,,,,,,66f46eee33ab5f2e569a1066,66370a20a4b5b1a460904760,APPROVED,Not Applicable,2024-09-25T20:13:39.069000Z,2024-09-25T20:36:54.709000Z,2024-09-25T20:36:55.916000Z,2024-09-25T20:36:55.904944Z,1396.0,C1BTHULB,335,White,Technical/community college,28,Male,White,United States,United States,United States,English,No,Unemployed (and job seeking)
57,62,hz3cq09c,,0,18,18,Section_7,EndSurvey,2024-09-25 20:14:00.962084,1,,,0.0,,,,,,,,,,,,,,ryu6snyq,,,,,0,Experiment_1_Persistence,https://app.prolific.com/submissions/complete?cc=C1BTHULB,0.0,1.0,62,,0.0,5f4859d23306481f0f0dd2a5,1,1,62,,0.0,D,D,D,A,D,C,D,C,B,A,DDDADCDCBA,0.2,0.0,0.0,1,1,62,,0.0,noisy,random,ground,Fail,black,32.0,4.0,6.0,Fail Box,1,1,62,,0.0,D,B,A,C,B,D,A,B,C,D,DBACBDABCD,1.0,Non-STEM Track,,0.0,0.0,6.0,1,1,62,,0.0,R,R,R,R,R,R,R,C,C,C,C,RRRRRRRCCCC,1,1,62,,0.0,1,1,0,0,0,0,0,0,0,Because I'm tired and I don't math well then,"Anthropology, Russian and Nursing",Interesting but a bit confusing,Non-STEM Track,1,1,,,,,,,,,,,,,,,,,,,,,,,,,,,,,,,,,,,,,,,,,,,,,,,,,,,,,,,,66f46f002e4e0c8e0c0022a4,5f4859d23306481f0f0dd2a5,APPROVED,Not Applicable,2024-09-25T20:13:58.014000Z,2024-09-25T20:24:26.410000Z,2024-09-25T20:24:27.068000Z,2024-09-25T20:24:26.944698Z,629.0,C1BTHULB,3071,Native American or Alaskan Native,Undergraduate degree (BA/BSc/other),39,Male,White,United States,United States,United States,English,DATA_EXPIRED,Full-Time
58,63,hniaporh,,0,18,18,Section_7,EndSurvey,2024-09-25 20:14:31.741150,1,,,0.0,,,,,,,,,,,,,,ryu6snyq,,,,,0,Experiment_1_Persistence,https://app.prolific.com/submissions/complete?cc=C1BTHULB,0.0,1.0,63,,0.0,614dece04ee1516045ed298d,1,1,63,,0.0,D,A,A,C,D,B,D,C,D,B,DAACDBDCDB,0.5,0.0,0.0,1,1,63,,0.0,noisy,random,positive,Fail,red,75.0,6.0,6.0,Not Sure,1,1,63,,0.0,D,B,A,C,B,D,A,B,C,D,DBACBDABCD,1.0,Non-STEM Track,,0.0,0.0,6.0,1,1,63,,0.0,R,R,R,R,C,C,C,C,C,C,C,RRRRCCCCCCC,1,1,63,,0.0,0,1,0,0,0,0,0,0,0,THe STEM questions from the prior sampling were fairly challenging.  Figured I'd take the chance on a different subject ,"Finance, mixed industries ",positive - didn't quite fully understand the box ball drop quiz ,Non-STEM Track,1,1,,,,,,,,,,,,,,,,,,,,,,,,,,,,,,,,,,,,,,,,,,,,,,,,,,,,,,,,66f46f1cbfdbbc7faf9791a5,614dece04ee1516045ed298d,APPROVED,Not Applicable,2024-09-25T20:14:27.731000Z,2024-09-25T20:26:52.469000Z,2024-09-25T20:26:56.120000Z,2024-09-25T20:26:56.395266Z,745.0,C1BTHULB,1923,White,Graduate degree (MA/MSc/MPhil/other),51,Male,White,United States,United States,United States,English,No,Full-Time
59,64,qfkdycq3,,0,18,18,Section_7,EndSurvey,2024-09-25 20:14:34.090257,1,,,0.0,,,,,,,,,,,,,,ryu6snyq,,,,,0,Experiment_1_Persistence,https://app.prolific.com/submissions/complete?cc=C1BTHULB,0.0,1.0,64,,0.0,5e428b48902afe117c45d261,1,1,64,,0.0,A,C,B,C,A,C,B,B,D,B,ACBCACBBDB,0.2,2.0,28.791,1,1,64,,0.0,noisy,random,positive,Fail,red,10.0,2.0,4.0,Fail Box,1,1,64,,0.0,D,B,A,C,B,D,A,B,C,D,DBACBDABCD,1.0,Non-STEM Track,,2.0,14.758,4.0,1,1,64,,0.0,R,R,R,R,R,C,C,C,C,C,C,RRRRRCCCCCC,1,1,64,,0.0,0,0,1,0,0,0,0,0,0,I didn’t want to do more math problems.,Psychology and finance.,It was fine. Really liked the “match word” part.,Non-STEM Track,1,1,,,,,,,,,,,,,,,,,,,,,,,,,,,,,,,,,,,,,,,,,,,,,,,,,,,,,,,,66f46f1a951a44fe7811eea3,5e428b48902afe117c45d261,APPROVED,Not Applicable,2024-09-25T20:14:27.352000Z,2024-09-25T20:25:51.380000Z,2024-09-25T20:25:52.558000Z,2024-09-25T20:25:52.455297Z,685.0,C1BTHULB,1989,White,Graduate degree (MA/MSc/MPhil/other),41,Male,White,United States,United States,United States,English,No,Full-Time
60,65,9cceoruz,,0,18,18,Section_7,EndSurvey,2024-09-25 20:14:35.981187,1,,,0.0,,,,,,,,,,,,,,ryu6snyq,,,,,0,Experiment_1_Persistence,https://app.prolific.com/submissions/complete?cc=C1BTHULB,0.0,1.0,65,,0.0,669dc0a58f347e772c21aea1,1,1,65,,0.0,A,C,D,C,A,B,C,A,C,C,ACDCABCACC,0.3,1.0,2.901,1,1,65,,0.0,noisy,random,negative,Pass,red,2.0,2.0,0.0,Pass Box,1,1,65,,0.0,D,B,A,C,B,A,A,D,C,D,DBACBAADCD,0.8,Non-STEM Track,,0.0,0.0,0.0,1,1,65,,0.0,C,C,C,C,C,C,R,R,R,R,R,CCCCCCRRRRR,1,1,65,,0.0,0,0,1,0,0,0,0,0,0,not good at it,none,aweful. totally unexpected,Non-STEM Track,1,1,,,,,,,,,,,,,,,,,,,,,,,,,,,,,,,,,,,,,,,,,,,,,,,,,,,,,,,,66f46f221d92908af3fccba8,669dc0a58f347e772c21aea1,APPROVED,Not Applicable,2024-09-25T20:14:31.716000Z,2024-09-25T20:26:19.146000Z,2024-09-25T20:26:22.790000Z,2024-09-25T20:26:24.030681Z,708.0,C1BTHULB,207,Black/African American,High school diploma/A-levels,21,Female,Black,United States,United States,United States,English,No,Other
63,68,z2emusgt,,0,18,18,Section_7,EndSurvey,2024-09-25 20:15:06.211146,1,,,0.0,,,,,,,,,,,,,,ryu6snyq,,,,,0,Experiment_1_Persistence,https://app.prolific.com/submissions/complete?cc=C1BTHULB,0.0,1.0,68,,0.0,5a3012083eff6600016f259c,1,1,68,,0.0,D,B,B,D,D,C,D,C,C,B,DBBDDCDCCB,0.4,0.0,0.0,1,1,68,,0.0,noisy,random,ground,Pass,red,30.0,2.0,1.0,Pass Box,1,1,68,,0.0,D,B,A,C,B,D,A,B,C,D,DBACBDABCD,1.0,Non-STEM Track,,0.0,0.0,1.0,1,1,68,,0.0,R,R,R,R,R,C,C,C,C,C,C,RRRRRCCCCCC,1,1,68,,0.0,0,0,1,0,0,0,0,0,0,I did not have much confidence in my STEM knowledge.,"Computer Science, Food Industry, and music.",,Non-STEM Track,1,1,,,,,,,,,,,,,,,,,,,,,,,,,,,,,,,,,,,,,,,,,,,,,,,,,,,,,,,,66f46f415fbc97e9d345a480,5a3012083eff6600016f259c,APPROVED,Not Applicable,2024-09-25T20:15:03.153000Z,2024-09-25T20:24:37.177000Z,2024-09-25T20:24:38.351000Z,2024-09-25T20:24:38.795964Z,575.0,C1BTHULB,285,White,High school diploma/A-levels,35,Male,White,United States,United States,United States,English,DATA_EXPIRED,Part-Time
64,69,c05hck8y,,0,18,18,Section_7,EndSurvey,2024-09-25 20:15:10.985052,1,,,0.0,,,,,,,,,,,,,,ryu6snyq,,,,,0,Experiment_1_Persistence,https://app.prolific.com/submissions/complete?cc=C1BTHULB,0.0,1.0,69,,0.0,669036ec04e2d3a5271a5c9d,1,1,69,,0.0,D,A,B,C,C,B,B,A,B,D,DABCCBBABD,0.2,0.0,0.0,1,1,69,,0.0,noisy,random,ground,Fail,black,50.0,4.0,7.0,Fail Box,1,1,69,,0.0,B,B,C,B,D,D,C,C,B,A,BBCBDDCCBA,0.5,STEM Track,,0.0,0.0,7.0,1,1,69,,0.0,R,R,R,R,R,R,C,C,C,C,C,RRRRRRCCCCC,1,1,69,,0.0,1,0,1,0,0,0,0,0,0,Because I enjoy math and I love a challenge to my brain.,A variety.,"I don't understand the purpose of the experiment necessarily, but I do want to relearn all the algebra that I've forgotten.",STEM Track,1,1,,,,,,,,,,,,,,,,,,,,,,,,,,,,,,,,,,,,,,,,,,,,,,,,,,,,,,,,66f46f383ece1cca9a261e58,669036ec04e2d3a5271a5c9d,APPROVED,Not Applicable,2024-09-25T20:15:05.096000Z,2024-09-25T20:36:08.723000Z,2024-09-25T20:36:30.228000Z,2024-09-25T20:36:33.337883Z,1264.0,C1BTHULB,283,Middle Eastern,Undergraduate degree (BA/BSc/other),43,Female,White,Turkey,United States,United States,English,No,Full-Time
65,70,3ohwrf9h,,0,18,18,Section_7,EndSurvey,2024-09-25 20:15:17.175239,1,,,0.0,,,,,,,,,,,,,,ryu6snyq,,,,,0,Experiment_1_Persistence,https://app.prolific.com/submissions/complete?cc=C1BTHULB,0.0,1.0,70,,0.0,60fe3068239127c9477e476c,1,1,70,,0.0,A,A,C,B,B,B,D,C,C,B,AACBBBDCCB,1.0,0.0,0.0,1,1,70,,0.0,noisy,random,ground,Pass,red,80.0,7.0,8.0,Pass Box,1,1,70,,0.0,B,B,C,A,A,D,C,A,D,C,BBCAADCADC,0.8,STEM Track,,0.0,0.0,8.0,1,1,70,,0.0,R,R,R,R,R,C,C,C,C,C,C,RRRRRCCCCCC,1,1,70,,0.0,0,0,1,0,0,0,0,0,0,"STEM major in college, always excelled in the STEM fields","Chemistry, math, physics",,STEM Track,1,1,,,,,,,,,,,,,,,,,,,,,,,,,,,,,,,,,,,,,,,,,,,,,,,,,,,,,,,,66f46f429cc80f433490a850,60fe3068239127c9477e476c,APPROVED,Not Applicable,2024-09-25T20:15:11.662000Z,2024-09-25T20:32:25.486000Z,2024-09-25T20:32:30.749000Z,2024-09-25T20:32:29.652504Z,1034.0,C1BTHULB,337,East Asian,High school diploma/A-levels,21,Female,Mixed,United States,United States,United States,English,DATA_EXPIRED,Unemployed (and job seeking)
67,72,y08im74i,,0,18,18,Section_7,EndSurvey,2024-09-25 20:15:31.069050,1,,,0.0,,,,,,,,,,,,,,ryu6snyq,,,,,0,Experiment_1_Persistence,https://app.prolific.com/submissions/complete?cc=C1BTHULB,0.0,1.0,72,,0.0,66f308db3bb07131500f1697,1,1,72,,0.0,B,C,B,B,C,B,C,B,B,A,BCBBCBCBBA,0.2,0.0,0.0,1,1,72,,0.0,noisy,random,negative,Fail,black,60.0,3.0,4.0,Fail Box,1,1,72,,0.0,D,B,A,C,B,D,A,B,C,D,DBACBDABCD,1.0,Non-STEM Track,,0.0,0.0,4.0,1,1,72,,0.0,R,R,R,R,R,C,C,C,C,C,C,RRRRRCCCCCC,1,1,72,,0.0,0,0,0,1,0,0,0,0,0,I’m smarter at questions not involving math & equations.,Business.,Good. No feedback.,Non-STEM Track,1,1,,,,,,,,,,,,,,,,,,,,,,,,,,,,,,,,,,,,,,,,,,,,,,,,,,,,,,,,66f46f58b3fa35d5201eadaa,66f308db3bb07131500f1697,APPROVED,Not Applicable,2024-09-25T20:15:27.564000Z,2024-09-25T20:21:30.619000Z,2024-09-25T20:21:31.402000Z,2024-09-25T20:21:31.283558Z,364.0,C1BTHULB,11,Mixed,High school diploma/A-levels,23,Female,Asian,United States,United States,United States,English,No,Full-Time
68,73,b6kz9a4s,,0,18,18,Section_7,EndSurvey,2024-09-25 20:15:40.242685,1,,,0.0,,,,,,,,,,,,,,ryu6snyq,,,,,0,Experiment_1_Persistence,https://app.prolific.com/submissions/complete?cc=C1BTHULB,0.0,1.0,73,,0.0,668472211016cb9f459f4cee,1,1,73,,0.0,D,A,A,C,B,C,A,A,C,B,DAACBCAACB,0.4,0.0,0.0,1,1,73,,0.0,noisy,random,ground,Pass,red,24.0,3.0,3.0,Pass Box,1,1,73,,0.0,D,A,A,C,B,D,A,B,C,D,DAACBDABCD,0.9,Non-STEM Track,,0.0,0.0,3.0,1,1,73,,0.0,R,R,R,R,R,C,C,C,C,C,C,RRRRRCCCCCC,1,1,73,,0.0,0,0,1,0,0,0,0,0,0,I'm not that good at math,History,none,Non-STEM Track,1,1,,,,,,,,,,,,,,,,,,,,,,,,,,,,,,,,,,,,,,,,,,,,,,,,,,,,,,,,66f46f66eb196c632d5257d4,668472211016cb9f459f4cee,APPROVED,Not Applicable,2024-09-25T20:15:37.913000Z,2024-09-25T20:21:52.394000Z,2024-09-25T20:21:58.534000Z,2024-09-25T20:21:53.411551Z,375.0,C1BTHULB,129,South Asian,High school diploma/A-levels,27,Male,Asian,United States,United States,United States,Punjabi,No,Unemployed (and job seeking)
69,74,lx2vog57,,0,18,18,Section_7,EndSurvey,2024-09-25 20:15:44.269439,1,,,0.0,,,,,,,,,,,,,,ryu6snyq,,,,,0,Experiment_1_Persistence,https://app.prolific.com/submissions/complete?cc=C1BTHULB,0.0,1.0,74,,0.0,611316bf2877819a0ec3e0a2,1,1,74,,0.0,D,C,B,B,A,C,A,A,D,A,DCBBACAADA,0.1,0.0,0.0,1,1,74,,0.0,noisy,random,positive,Fail,red,20.0,1.0,2.0,Fail Box,1,1,74,,0.0,D,B,A,C,B,D,A,B,C,D,DBACBDABCD,1.0,Non-STEM Track,,0.0,0.0,2.0,1,1,74,,0.0,R,R,R,R,C,C,C,C,C,C,C,RRRRCCCCCCC,1,1,74,,0.0,0,0,1,0,1,0,0,0,0,I don't love math,Medicine,No feedback currently,Non-STEM Track,1,1,,,,,,,,,,,,,,,,,,,,,,,,,,,,,,,,,,,,,,,,,,,,,,,,,,,,,,,,66f46f69ae062b2abff750da,611316bf2877819a0ec3e0a2,APPROVED,Not Applicable,2024-09-25T20:15:42.077000Z,2024-09-25T20:28:49.635000Z,2024-09-25T20:28:50.599000Z,2024-09-25T20:28:50.502498Z,788.0,C1BTHULB,1729,Latino/Hispanic,High school diploma/A-levels,32,Female,White,United States,United States,United States,English,Yes,Full-Time
70,75,l6y7puku,,0,18,18,Section_7,EndSurvey,2024-09-25 20:15:57.165906,1,,,0.0,,,,,,,,,,,,,,ryu6snyq,,,,,0,Experiment_1_Persistence,https://app.prolific.com/submissions/complete?cc=C1BTHULB,0.0,1.0,75,,0.0,65bfa2967c731d263eb29732,1,1,75,,0.0,D,A,A,B,D,D,B,B,C,A,DAABDDBBCA,0.3,0.0,0.0,1,1,75,,0.0,noisy,random,ground,Fail,black,10.0,2.0,4.0,Fail Box,1,1,75,,0.0,D,B,A,C,B,D,A,B,C,D,DBACBDABCD,1.0,Non-STEM Track,,0.0,0.0,4.0,1,1,75,,0.0,R,R,R,R,R,R,C,C,C,C,C,RRRRRRCCCCC,1,1,75,,0.0,0,0,1,0,0,1,0,0,0,Math isn't my strongsuit and the questions in the first part of the quiz were hard.,English and history.,I struggled quite a bit I think.,Non-STEM Track,1,1,,,,,,,,,,,,,,,,,,,,,,,,,,,,,,,,,,,,,,,,,,,,,,,,,,,,,,,,66f46f72bfbe7882ba821766,65bfa2967c731d263eb29732,APPROVED,Not Applicable,2024-09-25T20:15:54.462000Z,2024-09-25T20:24:55.535000Z,2024-09-25T20:24:57.047000Z,2024-09-25T20:24:58.300276Z,542.0,C1BTHULB,434,White,High school diploma/A-levels,28,Female,White,United States,United States,United States,English,No,DATA_EXPIRED
72,77,5jzixfh4,,0,18,18,Section_7,EndSurvey,2024-09-25 20:16:03.610146,1,,,0.0,,,,,,,,,,,,,,ryu6snyq,,,,,0,Experiment_1_Persistence,https://app.prolific.com/submissions/complete?cc=C1BTHULB,0.0,1.0,77,,0.0,661a574da7be5c13ab451572,1,1,77,,0.0,C,C,D,D,B,C,C,B,A,C,CCDDBCCBAC,0.1,0.0,0.0,1,1,77,,0.0,noisy,random,positive,Pass,red,10.0,2.0,1.0,Fail Box,1,1,77,,0.0,C,C,C,C,C,C,C,C,C,C,CCCCCCCCCC,0.3,STEM Track,,0.0,0.0,1.0,1,1,77,,0.0,R,R,C,C,C,C,C,C,C,C,C,RRCCCCCCCCC,1,1,77,,0.0,0,0,1,0,0,0,0,0,0,I thought it would be a better chance of winning a bonus,"General education and business management, and I worked in medical",I’ve never really been good at math and looking at the equation. It looks like a foreign language to me I’m pretty much had to take guesses on all of them.,STEM Track,1,1,,,,,,,,,,,,,,,,,,,,,,,,,,,,,,,,,,,,,,,,,,,,,,,,,,,,,,,,66f46f73a8cb60076e7462bf,661a574da7be5c13ab451572,APPROVED,Not Applicable,2024-09-25T20:15:57.131000Z,2024-09-25T20:27:49.386000Z,2024-09-25T20:27:52.623000Z,2024-09-25T20:27:52.429471Z,713.0,C1BTHULB,301,White Mexican,Undergraduate degree (BA/BSc/other),45,Female,White,United States,United States,United States,English,No,Part-Time
74,79,lnlinrf5,,0,18,18,Section_7,EndSurvey,2024-09-25 20:16:07.891231,1,,,0.0,,,,,,,,,,,,,,ryu6snyq,,,,,0,Experiment_1_Persistence,https://app.prolific.com/submissions/complete?cc=C1BTHULB,0.0,1.0,79,,0.0,66c5e8a3e7d09c15312ec9e9,1,1,79,,0.0,A,B,D,C,A,C,B,A,C,D,ABDCACBACD,0.2,0.0,0.0,1,1,79,,0.0,noisy,random,negative,Fail,black,20.0,3.0,5.0,Fail Box,1,1,79,,0.0,D,A,A,C,B,D,A,C,C,D,DAACBDACCD,0.8,Non-STEM Track,,0.0,0.0,5.0,1,1,79,,0.0,R,C,C,C,C,C,C,C,C,C,C,RCCCCCCCCCC,1,1,79,,0.0,0,0,1,0,0,0,0,0,0,"After doing the Stem one, and feeling like i got them all wrong, i figured the Non-STEM track had to be easier","medical, healthcare( math)",good,Non-STEM Track,1,1,,,,,,,,,,,,,,,,,,,,,,,,,,,,,,,,,,,,,,,,,,,,,,,,,,,,,,,,66f46f7d9c20355365b18c4b,66c5e8a3e7d09c15312ec9e9,APPROVED,Not Applicable,2024-09-25T20:16:03.854000Z,2024-09-25T20:27:56.544000Z,2024-09-25T20:27:59.415000Z,2024-09-25T20:27:59.328218Z,713.0,C1BTHULB,125,Black/African American,Technical/community college,34,Female,Black,United States,United States,United States,English,No,Unemployed (and job seeking)
75,80,49fzqaoj,,0,18,18,Section_7,EndSurvey,2024-09-25 20:16:21.979740,1,,,0.0,,,,,,,,,,,,,,ryu6snyq,,,,,0,Experiment_1_Persistence,https://app.prolific.com/submissions/complete?cc=C1BTHULB,0.0,1.0,80,,0.0,6622d9137685d20597e07347,1,1,80,,0.0,A,D,B,C,C,A,B,A,C,B,ADBCCABACB,0.3,0.0,0.0,1,1,80,,0.0,noisy,random,negative,Fail,black,60.0,5.0,5.0,Fail Box,1,1,80,,0.0,D,B,A,C,B,D,A,B,C,D,DBACBDABCD,1.0,Non-STEM Track,,0.0,0.0,5.0,1,1,80,,0.0,R,R,R,R,R,C,C,C,C,C,C,RRRRRCCCCCC,1,1,80,,0.0,0,0,0,1,1,0,0,0,0,I did better on English and History in high school.,"I'm in a STEM field but don't do much math, therefore I figured I should switch when the opportunity arose.",It was good! The math was difficult! ,Non-STEM Track,1,1,,,,,,,,,,,,,,,,,,,,,,,,,,,,,,,,,,,,,,,,,,,,,,,,,,,,,,,,66f46f8de0a441d0dfa86f84,6622d9137685d20597e07347,APPROVED,Not Applicable,2024-09-25T20:16:18.110000Z,2024-09-25T20:24:09.587000Z,2024-09-25T20:24:10.440000Z,2024-09-25T20:24:10.340849Z,472.0,C1BTHULB,181,Mixed,Undergraduate degree (BA/BSc/other),23,Male,Mixed,United States,United States,United States,English,Yes,Full-Time
76,81,yl1apsv9,,0,18,18,Section_7,EndSurvey,2024-09-25 20:16:24.862152,1,,,0.0,,,,,,,,,,,,,,ryu6snyq,,,,,0,Experiment_1_Persistence,https://app.prolific.com/submissions/complete?cc=C1BTHULB,0.0,1.0,81,,0.0,60ce4fceb13609a2c039248e,1,1,81,,0.0,A,A,C,B,B,B,D,B,B,D,AACBBBDBBD,0.7,0.0,0.0,1,1,81,,0.0,noisy,random,negative,Pass,red,90.0,6.0,1.0,Pass Box,1,1,81,,0.0,B,B,C,B,A,D,C,,,C,BBCBADC__C,0.6,STEM Track,,0.0,0.0,1.0,1,1,81,,0.0,R,R,C,C,C,C,C,C,C,C,C,RRCCCCCCCCC,1,1,81,,0.0,1,0,1,0,0,0,0,0,0,I knew I could at least answer 1 question correctly for the bonus. The non-STEM track I had no idea what the questions would be.,Geography. Hospitality industry and government.,Tense. I hate timed questionnaires.,STEM Track,1,1,,,,,,,,,,,,,,,,,,,,,,,,,,,,,,,,,,,,,,,,,,,,,,,,,,,,,,,,66f46f8f36c978e7869a3a06,60ce4fceb13609a2c039248e,APPROVED,Not Applicable,2024-09-25T20:16:21.935000Z,2024-09-25T20:42:35.076000Z,2024-09-25T20:42:37.666000Z,2024-09-25T20:42:55.220328Z,1574.0,C1BTHULB,1489,Latino/Hispanic,Undergraduate degree (BA/BSc/other),40,Male,White,United States,United States,United States,English,DATA_EXPIRED,DATA_EXPIRED
77,82,1cjzdc9g,,0,18,18,Section_7,EndSurvey,2024-09-25 20:16:39.021677,1,,,0.0,,,,,,,,,,,,,,ryu6snyq,,,,,0,Experiment_1_Persistence,https://app.prolific.com/submissions/complete?cc=C1BTHULB,0.0,1.0,82,,0.0,651ad403421d2fff5bb7df09,1,1,82,,0.0,D,C,B,C,A,B,A,A,A,A,DCBCABAAAA,0.1,0.0,0.0,1,1,82,,0.0,noisy,random,ground,Fail,black,50.0,5.0,2.0,Pass Box,1,1,82,,0.0,B,C,C,A,A,D,C,A,B,D,BCCAADCABD,0.8,STEM Track,,0.0,0.0,2.0,1,1,82,,0.0,R,R,R,R,R,R,R,C,R,C,C,RRRRRRRCRCC,1,1,82,,0.0,0,0,1,0,0,0,0,0,0,"It only required me to get two questions correct to pass. I'd rather take the chance, as I look at these math problems logically, and can usually narrow down the answer to one or two right ones. There were definitely a couple that were difficult, but the ones with orders of operation were pretty easy. Even the XY coordinate questions weren't bad. I felt like based on the first test I could do OK on the second test.",I mainly studied social sciences and have a degree in psychology. I went to college later in life and that required me to revisit math and algebra on the basic college level. It's amazing what you retain when you have a second go at it.,"At first, it felt excruciating, but once I got into it, I kind of enjoyed it. Math can be fun. I suspected we weren't measuring my math skills so much as how I take risks and chances, but I'm not sure.",STEM Track,1,1,,,,,,,,,,,,,,,,,,,,,,,,,,,,,,,,,,,,,,,,,,,,,,,,,,,,,,,,66f46f9dece9d873b7f81336,651ad403421d2fff5bb7df09,APPROVED,Not Applicable,2024-09-25T20:16:34.446000Z,2024-09-25T20:37:38.852000Z,2024-09-25T20:37:49.994000Z,2024-09-25T20:37:48.086181Z,1265.0,C1BTHULB,1345,White,Undergraduate degree (BA/BSc/other),47,Female,White,United States,United States,United States,English,No,Part-Time
78,83,2y6ez37z,,0,18,18,Section_7,EndSurvey,2024-09-25 20:16:42.887522,1,,,0.0,,,,,,,,,,,,,,ryu6snyq,,,,,0,Experiment_1_Persistence,https://app.prolific.com/submissions/complete?cc=C1BTHULB,0.0,1.0,83,,0.0,62ce6179fe6f8ec7e399cea0,1,1,83,,0.0,D,B,A,B,D,C,B,C,A,D,DBABDCBCAD,0.2,1.0,0.656,1,1,83,,0.0,noisy,random,negative,Fail,red,50.0,4.0,7.0,Fail Box,1,1,83,,0.0,D,B,A,C,B,D,A,B,C,D,DBACBDABCD,1.0,Non-STEM Track,,0.0,0.0,7.0,1,1,83,,0.0,R,R,R,R,R,C,C,C,C,C,C,RRRRRCCCCCC,1,1,83,,0.0,0,0,1,0,0,0,0,0,0,I was not confident in my ability to answer 7 STEM questions correctly,I majored in History and work in Employee Benefits & Insurance. Makes sense right?,,Non-STEM Track,1,1,,,,,,,,,,,,,,,,,,,,,,,,,,,,,,,,,,,,,,,,,,,,,,,,,,,,,,,,66f46fa4b5445953f7888ffa,62ce6179fe6f8ec7e399cea0,APPROVED,Not Applicable,2024-09-25T20:16:40.583000Z,2024-09-25T20:32:21.801000Z,2024-09-25T20:32:26.309000Z,2024-09-25T20:32:28.015546Z,942.0,C1BTHULB,3097,White,Undergraduate degree (BA/BSc/other),33,Male,White,United States,United States,United States,English,No,Full-Time
79,84,eo7f5xsd,,0,18,18,Section_7,EndSurvey,2024-09-25 20:16:44.409653,1,,,0.0,,,,,,,,,,,,,,ryu6snyq,,,,,0,Experiment_1_Persistence,https://app.prolific.com/submissions/complete?cc=C1BTHULB,0.0,1.0,84,,0.0,66d1561ce0504aa0fbb33ce7,1,1,84,,0.0,D,B,B,B,A,B,A,B,B,C,DBBBABABBC,0.2,0.0,0.0,1,1,84,,0.0,noisy,random,negative,Pass,red,30.0,1.0,1.0,Pass Box,1,1,84,,0.0,A,B,C,B,C,D,B,B,D,B,ABCBCDBBDB,0.2,STEM Track,,0.0,0.0,1.0,1,1,84,,0.0,R,R,R,R,R,R,R,R,R,R,R,RRRRRRRRRRR,1,1,84,,0.0,0,0,1,0,0,0,0,0,0,I didn't ,Home economics  Science   History   ,No,STEM Track,1,1,,,,,,,,,,,,,,,,,,,,,,,,,,,,,,,,,,,,,,,,,,,,,,,,,,,,,,,,66f46f9496e75036cb8c09d1,66d1561ce0504aa0fbb33ce7,APPROVED,Not Applicable,2024-09-25T20:16:34.308000Z,2024-09-25T20:35:00.212000Z,2024-09-25T20:36:18.789000Z,2024-09-25T20:35:30.748978Z,1106.0,C1BTHULB,60,Black/African American,High school diploma/A-levels,59,Female,Black,United States,United States,United States,English,No,Unemployed (and job seeking)
80,85,gzuw12nj,,0,18,18,Section_7,EndSurvey,2024-09-25 20:17:00.599193,1,,,0.0,,,,,,,,,,,,,,ryu6snyq,,,,,0,Experiment_1_Persistence,https://app.prolific.com/submissions/complete?cc=C1BTHULB,0.0,1.0,85,,0.0,5e9746fb1eed951eed404015,1,1,85,,0.0,B,B,C,D,C,C,B,D,A,D,BBCDCCBDAD,0.1,0.0,0.0,1,1,85,,0.0,noisy,random,positive,Fail,red,50.0,3.0,5.0,Fail Box,1,1,85,,0.0,D,B,A,C,B,D,A,B,C,D,DBACBDABCD,1.0,Non-STEM Track,,0.0,0.0,5.0,1,1,85,,0.0,R,R,R,R,R,C,C,C,C,C,C,RRRRRCCCCCC,1,1,85,,0.0,0,1,1,0,0,0,0,0,0,Because I have a better chance at passing with those set of questions.,english and media,It was interesting.,Non-STEM Track,1,1,,,,,,,,,,,,,,,,,,,,,,,,,,,,,,,,,,,,,,,,,,,,,,,,,,,,,,,,66f46e7ee94d7bd620871208,5e9746fb1eed951eed404015,APPROVED,Not Applicable,2024-09-25T20:16:57.466000Z,2024-09-25T20:23:08.521000Z,2024-09-25T20:23:11.551000Z,2024-09-25T20:23:09.158798Z,372.0,C1BTHULB,5887,Other (please feel free to let us know your ethnicity via email),Undergraduate degree (BA/BSc/other),32,Female,Other,United States,United States,United States,English,DATA_EXPIRED,Full-Time
82,87,z28764l3,,0,18,18,Section_7,EndSurvey,2024-09-25 20:17:40.076291,1,,,0.0,,,,,,,,,,,,,,ryu6snyq,,,,,0,Experiment_1_Persistence,https://app.prolific.com/submissions/complete?cc=C1BTHULB,0.0,1.0,87,,0.0,662942298bc71e33a4250e33,1,1,87,,0.0,D,A,A,C,B,A,A,B,C,A,DAACBAABCA,0.3,0.0,0.0,1,1,87,,0.0,noisy,random,positive,Pass,black,10.0,1.0,3.0,Fail Box,1,1,87,,0.0,D,B,A,C,B,D,A,B,C,D,DBACBDABCD,1.0,Non-STEM Track,,0.0,0.0,3.0,1,1,87,,0.0,R,R,R,R,R,C,C,C,C,C,C,RRRRRCCCCCC,1,1,87,,0.0,0,1,1,0,0,0,0,0,0,Because I had no idea how to do the STEM ones.,I majored in Psychology in college and I've mainly worked in sales and marketing. ,The STEM part was hard! ,Non-STEM Track,1,1,,,,,,,,,,,,,,,,,,,,,,,,,,,,,,,,,,,,,,,,,,,,,,,,,,,,,,,,66f46fd92182e6c029871480,662942298bc71e33a4250e33,APPROVED,Not Applicable,2024-09-25T20:17:35.081000Z,2024-09-25T20:27:14.987000Z,2024-09-25T20:27:16.430000Z,2024-09-25T20:27:15.672910Z,580.0,C1BTHULB,82,White,Undergraduate degree (BA/BSc/other),53,Female,White,United States,United States,United States,English,No,Part-Time
84,89,1uaw6et7,,0,18,18,Section_7,EndSurvey,2024-09-25 20:18:13.622025,1,,,0.0,,,,,,,,,,,,,,ryu6snyq,,,,,0,Experiment_1_Persistence,https://app.prolific.com/submissions/complete?cc=C1BTHULB,0.0,1.0,89,,0.0,652977232f395d3a7ca54bf9,1,1,89,,0.0,B,A,B,C,B,C,C,C,B,C,BABCBCCCBC,0.3,0.0,0.0,1,1,89,,0.0,noisy,random,ground,Pass,red,5.0,3.0,2.0,Pass Box,1,1,89,,0.0,D,B,A,C,B,D,A,B,C,B,DBACBDABCB,0.9,Non-STEM Track,,0.0,0.0,2.0,1,1,89,,0.0,R,R,R,R,C,C,C,C,C,C,C,RRRRCCCCCCC,1,1,89,,0.0,0,0,1,0,0,0,0,0,0,I have forgotten everything about math.,The main subjects I studied were music and English language. ,The STEM quiz was terrible for me. I am not very fond of this process. ,Non-STEM Track,1,1,,,,,,,,,,,,,,,,,,,,,,,,,,,,,,,,,,,,,,,,,,,,,,,,,,,,,,,,66f46ffa01fe3b3ef83629c6,652977232f395d3a7ca54bf9,APPROVED,Not Applicable,2024-09-25T20:18:11.211000Z,2024-09-25T20:27:58.466000Z,2024-09-25T20:28:00.848000Z,2024-09-25T20:28:01.647162Z,588.0,C1BTHULB,176,Latino/Hispanic,High school diploma/A-levels,19,Female,Other,United States,United States,Dominican Republic,English,Yes,Part-Time
85,90,nxxzu2dc,,0,18,18,Section_7,EndSurvey,2024-09-25 20:18:27.263481,1,,,0.0,,,,,,,,,,,,,,ryu6snyq,,,,,0,Experiment_1_Persistence,https://app.prolific.com/submissions/complete?cc=C1BTHULB,0.0,1.0,90,,0.0,5de32329b5bed7350391666c,1,1,90,,0.0,B,C,B,B,C,A,B,B,C,B,BCBBCABBCB,0.3,0.0,0.0,1,1,90,,0.0,noisy,random,ground,Fail,black,60.0,6.0,6.0,Fail Box,1,1,90,,0.0,D,B,A,C,B,D,A,B,C,D,DBACBDABCD,1.0,Non-STEM Track,,0.0,0.0,6.0,1,1,90,,0.0,R,R,R,R,C,C,C,C,C,C,C,RRRRCCCCCCC,1,1,90,,0.0,0,0,1,0,0,0,0,0,0,I liked the bonus structure more,Computer Science / Programming,"Very pleasant, everything loaded very quickly.  ",Non-STEM Track,1,1,,,,,,,,,,,,,,,,,,,,,,,,,,,,,,,,,,,,,,,,,,,,,,,,,,,,,,,,66f4700b468aab97e09d8ea9,5de32329b5bed7350391666c,APPROVED,Not Applicable,2024-09-25T20:18:24.912000Z,2024-09-25T20:25:00.962000Z,2024-09-25T20:25:04.772000Z,2024-09-25T20:25:04.523310Z,397.0,C1BTHULB,5306,White,Technical/community college,33,Male,White,United States,United States,United States,English,DATA_EXPIRED,Full-Time
87,92,uccw2jyd,,0,18,18,Section_7,EndSurvey,2024-09-25 20:18:38.224438,1,,,0.0,,,,,,,,,,,,,,ryu6snyq,,,,,0,Experiment_1_Persistence,https://app.prolific.com/submissions/complete?cc=C1BTHULB,0.0,1.0,92,,0.0,66c3b7035a46fdbb0859d0ab,1,1,92,,0.0,D,D,B,C,B,C,A,B,C,A,DDBCBCABCA,0.2,0.0,0.0,1,1,92,,0.0,noisy,random,ground,Fail,black,50.0,1.0,10.0,Fail Box,1,1,92,,0.0,D,B,A,C,B,D,A,B,C,D,DBACBDABCD,1.0,Non-STEM Track,,0.0,0.0,10.0,1,1,92,,0.0,R,R,R,R,R,C,C,C,C,C,C,RRRRRCCCCCC,1,1,92,,0.0,0,0,1,0,0,0,0,0,0,Not confident in my abilities,"Finances, bookkeeping",Very fun and thought provoking,Non-STEM Track,1,1,,,,,,,,,,,,,,,,,,,,,,,,,,,,,,,,,,,,,,,,,,,,,,,,,,,,,,,,66f470147bf0919a728140b6,66c3b7035a46fdbb0859d0ab,APPROVED,Not Applicable,2024-09-25T20:18:33.693000Z,2024-09-25T20:28:21.741000Z,2024-09-25T20:28:23.499000Z,2024-09-25T20:28:22.337373Z,589.0,C1BTHULB,182,White,Undergraduate degree (BA/BSc/other),67,Male,White,United States,United States,United States,English,No,"Not in paid work (e.g. homemaker', 'retired or disabled)"
88,93,4ho4kz92,,0,18,18,Section_7,EndSurvey,2024-09-25 20:18:44.408452,1,,,0.0,,,,,,,,,,,,,,ryu6snyq,,,,,0,Experiment_1_Persistence,https://app.prolific.com/submissions/complete?cc=C1BTHULB,0.0,1.0,93,,0.0,5fbc1e05d509f10a309e796b,1,1,93,,0.0,A,B,C,B,B,B,D,C,B,A,ABCBBBDCBA,0.7,0.0,0.0,1,1,93,,0.0,noisy,random,negative,Pass,red,30.0,4.0,4.0,Pass Box,1,1,93,,0.0,B,A,C,B,A,D,C,C,B,C,BACBADCCBC,0.8,STEM Track,,0.0,0.0,4.0,1,1,93,,0.0,C,R,C,C,C,R,C,R,R,R,R,CRCCCRCRRRR,1,1,93,,0.0,0,0,1,0,0,0,0,0,0,I wanted to challenge myself and see if I was able to do it.,"Biology, chemistry, anatomy and physiology.",It was fun! I wish I saw the timer as you scroll as well. ,STEM Track,1,1,,,,,,,,,,,,,,,,,,,,,,,,,,,,,,,,,,,,,,,,,,,,,,,,,,,,,,,,66f4701a8f074b8942352932,5fbc1e05d509f10a309e796b,APPROVED,Not Applicable,2024-09-25T20:18:38.950000Z,2024-09-25T20:39:10.377000Z,2024-09-25T20:39:14.138000Z,2024-09-25T20:39:11.724069Z,1232.0,C1BTHULB,573,South Asian,Undergraduate degree (BA/BSc/other),24,Female,Asian,United States,United States,Vietnam,Vietnamese,Yes,Full-Time
89,94,7fvb5c7k,,0,18,18,Section_7,EndSurvey,2024-09-25 20:19:11.094310,1,,,0.0,,,,,,,,,,,,,,ryu6snyq,,,,,0,Experiment_1_Persistence,https://app.prolific.com/submissions/complete?cc=C1BTHULB,0.0,1.0,94,,0.0,5dd61dcccaee3e5c8b9141cf,1,1,94,,0.0,D,C,A,C,D,,,,,,DCACD_____,0.0,0.0,0.0,1,1,94,,0.0,noisy,random,positive,Fail,red,35.0,1.0,10.0,Not Sure,1,1,94,,0.0,D,A,A,C,B,D,A,B,C,D,DAACBDABCD,0.9,Non-STEM Track,,0.0,0.0,10.0,1,1,94,,0.0,R,R,R,R,R,C,C,C,C,C,C,RRRRRCCCCCC,1,1,94,,0.0,0,0,1,0,1,0,0,0,0,"Because I am not a ""math person,"" I am a language person! ",Paralegal. I'm an analytical person and a linguist. I do not do math very well. I have worked primarily in law firms and legal departments.,"It gave me a greater appreciation for my daughter, who studied applied mathematics in college.",Non-STEM Track,1,1,,,,,,,,,,,,,,,,,,,,,,,,,,,,,,,,,,,,,,,,,,,,,,,,,,,,,,,,66f470158d4893bd1a99e591,5dd61dcccaee3e5c8b9141cf,APPROVED,Not Applicable,2024-09-25T20:19:08.388000Z,2024-09-25T20:32:44.654000Z,2024-09-25T20:32:47.579000Z,2024-09-25T20:32:45.692272Z,817.0,C1BTHULB,1966,White,Technical/community college,62,Female,White,United States,United States,United States,English,No,Part-Time
91,96,e9grzwas,,0,18,18,Section_7,EndSurvey,2024-09-25 20:19:12.745173,1,,,0.0,,,,,,,,,,,,,,ryu6snyq,,,,,0,Experiment_1_Persistence,https://app.prolific.com/submissions/complete?cc=C1BTHULB,0.0,1.0,96,,0.0,666f2488909bc0331b8563e6,1,1,96,,0.0,B,A,,B,B,B,D,C,C,B,BA_BBBDCCB,0.8,0.0,0.0,1,1,96,,0.0,noisy,random,positive,Pass,black,50.0,6.0,6.0,Pass Box,1,1,96,,0.0,B,D,C,B,A,B,C,A,C,C,BDCBABCACC,0.6,STEM Track,,0.0,0.0,6.0,1,1,96,,0.0,R,R,R,R,R,C,C,C,C,C,C,RRRRRCCCCCC,1,1,96,,0.0,0,1,0,0,0,0,0,0,0,Because I am good at math,"Neuroscience, healthcare, medicine",It was good. I wasn't sure if I could use a pen and paper though so I was doing it all in my head. ,STEM Track,1,1,,,,,,,,,,,,,,,,,,,,,,,,,,,,,,,,,,,,,,,,,,,,,,,,,,,,,,,,66f4703bccf47d6a617c181b,666f2488909bc0331b8563e6,APPROVED,Not Applicable,2024-09-25T20:19:10.521000Z,2024-09-25T20:39:48.238000Z,2024-09-25T20:39:50.429000Z,2024-09-25T20:39:51.504577Z,1238.0,C1BTHULB,220,White,Undergraduate degree (BA/BSc/other),25,Female,White,United States,United States,United States,English,Yes,Other
92,97,n8z78asy,,0,18,18,Section_7,EndSurvey,2024-09-25 20:19:15.010445,1,,,0.0,,,,,,,,,,,,,,ryu6snyq,,,,,0,Experiment_1_Persistence,https://app.prolific.com/submissions/complete?cc=C1BTHULB,0.0,1.0,97,,0.0,6612a67ee493f43db1d23c08,1,1,97,,0.0,A,A,B,D,B,D,A,B,B,C,AABDBDABBC,0.3,0.0,0.0,1,1,97,,0.0,noisy,random,positive,Pass,black,50.0,2.0,3.0,Pass Box,1,1,97,,0.0,D,B,A,C,B,D,A,B,C,D,DBACBDABCD,1.0,Non-STEM Track,,0.0,0.0,3.0,1,1,97,,0.0,R,R,R,R,R,C,C,C,C,C,C,RRRRRCCCCCC,1,1,97,,0.0,0,0,1,0,0,0,0,0,0,based on the first quiz I was not confident I would answer many questions correctly,"math, science, and english",,Non-STEM Track,1,1,,,,,,,,,,,,,,,,,,,,,,,,,,,,,,,,,,,,,,,,,,,,,,,,,,,,,,,,66f4702ae94d7bd62087125d,6612a67ee493f43db1d23c08,APPROVED,Not Applicable,2024-09-25T20:19:08.599000Z,2024-09-25T20:33:38.446000Z,2024-09-25T20:36:14.080000Z,2024-09-25T20:34:02.765149Z,870.0,C1BTHULB,254,Mixed,Undergraduate degree (BA/BSc/other),26,Male,Mixed,United States,United States,United States,English,No,Full-Time
93,98,5d3f6wh1,,0,18,18,Section_7,EndSurvey,2024-09-25 20:19:20.600434,1,,,0.0,,,,,,,,,,,,,,ryu6snyq,,,,,0,Experiment_1_Persistence,https://app.prolific.com/submissions/complete?cc=C1BTHULB,0.0,1.0,98,,0.0,66c75d4ae3999dd3a6ebfb2b,1,1,98,,0.0,C,C,A,C,D,D,B,C,C,C,CCACDDBCCC,0.2,1.0,8.263,1,1,98,,0.0,noisy,random,ground,Fail,black,5.0,4.0,5.0,Fail Box,1,1,98,,0.0,B,A,D,C,C,B,D,B,B,A,BADCCBDBBA,0.3,STEM Track,,0.0,0.0,5.0,1,1,98,,0.0,R,C,C,C,C,C,C,C,C,C,C,RCCCCCCCCCC,1,1,98,,0.0,0,0,1,1,1,0,0,0,0,Wanted another or better chance ,"public health, general education, sales, retail",Scrambled egg brain but was interesting and different ,STEM Track,1,1,,,,,,,,,,,,,,,,,,,,,,,,,,,,,,,,,,,,,,,,,,,,,,,,,,,,,,,,66f4703e0de5ec83a7a86faa,66c75d4ae3999dd3a6ebfb2b,APPROVED,Not Applicable,2024-09-25T20:19:16.224000Z,2024-09-25T20:33:35.105000Z,2024-09-25T20:36:10.015000Z,2024-09-25T20:33:59.880781Z,859.0,C1BTHULB,59,White,Technical/community college,32,Female,White,United States,United States,United States,English,No,"Not in paid work (e.g. homemaker', 'retired or disabled)"
94,99,ro6wvyqt,,0,18,18,Section_7,EndSurvey,2024-09-25 20:19:33.224703,1,,,0.0,,,,,,,,,,,,,,ryu6snyq,,,,,0,Experiment_1_Persistence,https://app.prolific.com/submissions/complete?cc=C1BTHULB,0.0,1.0,99,,0.0,66f345d99f77fd011b0d1e10,1,1,99,,0.0,,,,,,,,,,,__________,0.0,0.0,0.0,1,1,99,,0.0,noisy,random,negative,Fail,black,40.0,6.0,7.0,Fail Box,1,1,99,,0.0,,,,,,,,,,,__________,0.0,STEM Track,,0.0,0.0,7.0,1,1,99,,0.0,R,R,R,C,C,C,C,C,C,C,C,RRRCCCCCCCC,1,1,99,,0.0,0,0,0,0,0,0,1,0,0,To try my luck,Computer Science.  ,stressed,STEM Track,1,1,,,,,,,,,,,,,,,,,,,,,,,,,,,,,,,,,,,,,,,,,,,,,,,,,,,,,,,,66f47033a04579c1b27c16d1,66f345d99f77fd011b0d1e10,APPROVED,Not Applicable,2024-09-25T20:19:19.521000Z,2024-09-25T20:45:24.757000Z,2024-09-25T20:45:47.962000Z,2024-09-25T20:47:08.614067Z,1566.0,C1BTHULB,6,White,Graduate degree (MA/MSc/MPhil/other),24,Female,White,United States,United States,United States,English,No,Full-Time
95,100,wdlbdife,,0,18,18,Section_7,EndSurvey,2024-09-25 20:19:37.173780,1,,,0.0,,,,,,,,,,,,,,ryu6snyq,,,,,0,Experiment_1_Persistence,https://app.prolific.com/submissions/complete?cc=C1BTHULB,0.0,1.0,100,,0.0,610971868fe9338237d6b193,1,1,100,,0.0,C,C,B,C,B,B,C,D,B,A,CCBCBBCDBA,0.2,1.0,1.224,1,1,100,,0.0,noisy,random,positive,Fail,red,50.0,5.0,6.0,Pass Box,1,1,100,,0.0,B,C,B,C,C,D,C,A,D,,BCBCCDCAD_,0.4,STEM Track,,0.0,0.0,6.0,1,1,100,,0.0,R,R,R,R,C,C,C,C,C,C,C,RRRRCCCCCCC,1,1,100,,0.0,0,0,1,0,0,0,0,0,0,I wanted another chance to try and get questions right,Art and history,I struggled because I haven't done a math problem since I was in school,STEM Track,1,1,,,,,,,,,,,,,,,,,,,,,,,,,,,,,,,,,,,,,,,,,,,,,,,,,,,,,,,,66f47050815a5098500fe568,610971868fe9338237d6b193,APPROVED,Not Applicable,2024-09-25T20:19:33.791000Z,2024-09-25T20:42:37.841000Z,2024-09-25T20:45:05.026000Z,2024-09-25T20:45:10.352240Z,1385.0,C1BTHULB,657,East Asian,Undergraduate degree (BA/BSc/other),38,Female,Asian,United States,United States,Philippines,English,DATA_EXPIRED,DATA_EXPIRED
97,102,kwbudm0x,,0,18,18,Section_7,EndSurvey,2024-09-25 20:20:11.319569,1,,,0.0,,,,,,,,,,,,,,ryu6snyq,,,,,0,Experiment_1_Persistence,https://app.prolific.com/submissions/complete?cc=C1BTHULB,0.0,1.0,102,,0.0,6598a694e91b332d5e90d9a6,1,1,102,,0.0,B,C,B,D,A,B,D,,,,BCBDABD___,0.2,0.0,0.0,1,1,102,,0.0,noisy,random,positive,Pass,black,5.0,1.0,0.0,Pass Box,1,1,102,,0.0,B,B,C,D,B,D,C,A,C,A,BBCDBDCACA,0.5,STEM Track,,0.0,0.0,0.0,1,1,102,,0.0,R,R,R,R,R,C,C,C,C,C,C,RRRRRCCCCCC,1,1,102,,0.0,0,1,0,0,0,0,0,0,0,Because the prompt stated that to pass and receive the $2 bonus I had to answer at least 0 questions correctly thus the bonus is guaranteed,Studied finance in college and worked in corporate finance for most of my career,"These math problems were extremely humbling. I oddly felt sharper the second STEM test, but still developing a headache...",STEM Track,1,1,,,,,,,,,,,,,,,,,,,,,,,,,,,,,,,,,,,,,,,,,,,,,,,,,,,,,,,,66f47072c5b3eecdd861f162,6598a694e91b332d5e90d9a6,APPROVED,Not Applicable,2024-09-25T20:20:08.682000Z,2024-09-25T20:44:24.623000Z,2024-09-25T20:45:31.389000Z,2024-09-25T20:46:27.843418Z,1456.0,C1BTHULB,73,White,Undergraduate degree (BA/BSc/other),72,Male,White,United States,United States,United States,English,DATA_EXPIRED,DATA_EXPIRED
98,103,gujiws6y,,0,18,18,Section_7,EndSurvey,2024-09-25 20:20:14.721437,1,,,0.0,,,,,,,,,,,,,,ryu6snyq,,,,,0,Experiment_1_Persistence,https://app.prolific.com/submissions/complete?cc=C1BTHULB,0.0,1.0,103,,0.0,5c7dcd11f066ff001568e56a,1,1,103,,0.0,A,A,C,B,B,B,D,C,C,B,AACBBBDCCB,1.0,0.0,0.0,1,1,103,,0.0,noisy,random,negative,Pass,red,75.0,6.0,6.0,Pass Box,1,1,103,,0.0,B,C,C,C,A,D,C,A,B,C,BCCCADCABC,0.8,STEM Track,,0.0,0.0,6.0,1,1,103,,0.0,R,R,R,R,R,C,C,C,C,C,C,RRRRRCCCCCC,1,1,103,,0.0,0,0,1,0,0,0,0,0,0,I just kinda like doing math problems and I wasn't sure what the other types of problems would be.,"I took a lot of math, science, computer science classes in school. I've mostly worked in customer service.",Everything went well.,STEM Track,1,1,,,,,,,,,,,,,,,,,,,,,,,,,,,,,,,,,,,,,,,,,,,,,,,,,,,,,,,,66f47072da3b30a6c26c0115,5c7dcd11f066ff001568e56a,APPROVED,Not Applicable,2024-09-25T20:20:11.015000Z,2024-09-25T20:36:34.408000Z,2024-09-25T20:36:41.845000Z,2024-09-25T20:36:49.358668Z,984.0,C1BTHULB,1385,White,Undergraduate degree (BA/BSc/other),31,Female,White,United States,United States,United States,English,No,Unemployed (and job seeking)
100,105,ndjm1fnz,,0,18,18,Section_7,EndSurvey,2024-09-25 20:20:22.411719,1,,,0.0,,,,,,,,,,,,,,ryu6snyq,,,,,0,Experiment_1_Persistence,https://app.prolific.com/submissions/complete?cc=C1BTHULB,0.0,1.0,105,,0.0,66ed4ad69a1dfd682aaa0fbd,1,1,105,,0.0,D,C,B,C,D,C,A,B,C,A,DCBCDCABCA,0.1,0.0,0.0,1,1,105,,0.0,noisy,random,negative,Fail,red,50.0,3.0,7.0,Pass Box,1,1,105,,0.0,A,A,A,B,A,A,D,B,B,A,AAABAADBBA,0.3,STEM Track,,0.0,0.0,7.0,1,1,105,,0.0,R,R,R,R,R,R,C,C,C,C,C,RRRRRRCCCCC,1,1,105,,0.0,0,0,1,1,1,0,0,0,0,To earn a bonus.,Regents classes. Healthcare.,I do not like math ,STEM Track,1,1,,,,,,,,,,,,,,,,,,,,,,,,,,,,,,,,,,,,,,,,,,,,,,,,,,,,,,,,66f47076c1d1fd223d1ead7e,66ed4ad69a1dfd682aaa0fbd,APPROVED,Not Applicable,2024-09-25T20:20:16.364000Z,2024-09-25T20:31:31.238000Z,2024-09-25T20:31:32.324000Z,2024-09-25T20:32:10.772474Z,675.0,C1BTHULB,3,White,Technical/community college,49,Female,White,United States,United States,United States,English,No,Part-Time
101,106,ju7r1sls,,0,18,18,Section_7,EndSurvey,2024-09-25 20:20:31.334492,1,,,0.0,,,,,,,,,,,,,,ryu6snyq,,,,,0,Experiment_1_Persistence,https://app.prolific.com/submissions/complete?cc=C1BTHULB,0.0,1.0,106,,0.0,66c4c510b1e6550705cf95fd,1,1,106,,0.0,A,A,A,B,B,B,D,C,C,A,AAABBBDCCA,0.8,0.0,0.0,1,1,106,,0.0,noisy,random,negative,Pass,red,70.0,7.0,6.0,Pass Box,1,1,106,,0.0,B,A,B,C,D,D,B,C,B,B,BABCDDBCBB,0.4,STEM Track,,0.0,0.0,6.0,1,1,106,,0.0,R,R,C,C,C,C,C,C,C,C,C,RRCCCCCCCCC,1,1,106,,0.0,0,0,1,1,1,0,0,0,0,"I thought it was interesting, and i wanted to try more.","Art, and Communications","Good? I thought that last part of asking if i wanted a 50% chance of winning $10, or a guarantee of $10 was funny.",STEM Track,1,1,,,,,,,,,,,,,,,,,,,,,,,,,,,,,,,,,,,,,,,,,,,,,,,,,,,,,,,,66f470886de18023d06e86a7,66c4c510b1e6550705cf95fd,APPROVED,Not Applicable,2024-09-25T20:20:28.045000Z,2024-09-25T20:36:44.203000Z,2024-09-25T20:36:48.407000Z,2024-09-25T20:36:53.137849Z,977.0,C1BTHULB,149,White,Undergraduate degree (BA/BSc/other),23,Female,White,United States,United States,United States,English,Yes,Unemployed (and job seeking)
102,107,teovjwy7,,0,18,18,Section_7,EndSurvey,2024-09-25 20:20:36.458313,1,,,0.0,,,,,,,,,,,,,,ryu6snyq,,,,,0,Experiment_1_Persistence,https://app.prolific.com/submissions/complete?cc=C1BTHULB,0.0,1.0,107,,0.0,5b87dd09019cf60001a115b3,1,1,107,,0.0,D,C,D,C,A,C,C,A,A,A,DCDCACCAAA,0.0,1.0,0.328,1,1,107,,0.0,noisy,random,negative,Fail,black,20.0,1.0,2.0,Fail Box,1,1,107,,0.0,C,B,C,B,C,D,C,C,B,B,CBCBCDCCBB,0.4,STEM Track,,0.0,0.0,2.0,1,1,107,,0.0,R,R,R,R,R,C,C,C,C,C,C,RRRRRCCCCCC,1,1,107,,0.0,0,0,1,0,0,0,0,0,0,I figured I'd try to earn the bonus,Massage Therapy,It made me think about how poor I am at math.,STEM Track,1,1,,,,,,,,,,,,,,,,,,,,,,,,,,,,,,,,,,,,,,,,,,,,,,,,,,,,,,,,66f4708ce85853aaba34c404,5b87dd09019cf60001a115b3,APPROVED,Not Applicable,2024-09-25T20:20:34.537000Z,2024-09-25T20:27:35.964000Z,2024-09-25T20:27:38.472000Z,2024-09-25T20:27:38.496397Z,422.0,C1BTHULB,3353,White,Undergraduate degree (BA/BSc/other),29,Male,White,United States,United States,United States,English,Yes,Full-Time
103,108,w0fgiirb,,0,18,18,Section_7,EndSurvey,2024-09-25 20:20:52.870063,1,,,0.0,,,,,,,,,,,,,,ryu6snyq,,,,,0,Experiment_1_Persistence,https://app.prolific.com/submissions/complete?cc=C1BTHULB,0.0,1.0,108,,0.0,66f1fcdc934638c50f5bdfc2,1,1,108,,0.0,D,A,B,C,B,B,,,,,DABCBB____,0.3,0.0,0.0,1,1,108,,0.0,noisy,random,negative,Fail,red,60.0,4.0,5.0,Fail Box,1,1,108,,0.0,D,B,A,C,B,D,A,B,C,D,DBACBDABCD,1.0,Non-STEM Track,,0.0,0.0,5.0,1,1,108,,0.0,R,R,R,R,C,C,C,C,C,C,C,RRRRCCCCCCC,1,1,108,,0.0,1,0,0,0,0,0,1,0,0,"I haven't completed math problems of the kind presented in part I in years, and I feel I need a refresher in order to do well on the STEM track.","Studied in school: Psychology, Statistics  Industries: Social service",It would be helpful to have more time for part I,Non-STEM Track,1,1,,,,,,,,,,,,,,,,,,,,,,,,,,,,,,,,,,,,,,,,,,,,,,,,,,,,,,,,66f47098bfdbbc7faf9791db,66f1fcdc934638c50f5bdfc2,APPROVED,Not Applicable,2024-09-25T20:20:47.282000Z,2024-09-25T20:35:43.857000Z,2024-09-25T20:36:27.286000Z,2024-09-25T20:36:17.364721Z,897.0,C1BTHULB,5,Black/African American,Graduate degree (MA/MSc/MPhil/other),48,Female,Black,United States,United States,United States,English,No,DATA_EXPIRED
104,109,tzisz956,,0,18,18,Section_7,EndSurvey,2024-09-25 20:20:54.748922,1,,,0.0,,,,,,,,,,,,,,ryu6snyq,,,,,0,Experiment_1_Persistence,https://app.prolific.com/submissions/complete?cc=C1BTHULB,0.0,1.0,109,,0.0,65fb35ee38c24ea27c017846,1,1,109,,0.0,D,C,C,A,B,A,B,B,A,B,DCCABABBAB,0.3,0.0,0.0,1,1,109,,0.0,noisy,random,negative,Pass,red,30.0,3.0,3.0,Pass Box,1,1,109,,0.0,D,B,A,C,B,D,A,B,C,D,DBACBDABCD,1.0,Non-STEM Track,,0.0,0.0,3.0,1,1,109,,0.0,R,R,R,R,R,R,C,C,C,C,C,RRRRRRCCCCC,1,1,109,,0.0,0,0,1,0,0,0,0,0,0,easier,"art, language",good,Non-STEM Track,1,1,,,,,,,,,,,,,,,,,,,,,,,,,,,,,,,,,,,,,,,,,,,,,,,,,,,,,,,,66f4709e88098c95479c5298,65fb35ee38c24ea27c017846,APPROVED,Not Applicable,2024-09-25T20:20:51.789000Z,2024-09-25T20:30:57.875000Z,2024-09-25T20:31:01.225000Z,2024-09-25T20:30:58.651271Z,607.0,C1BTHULB,390,Other (please feel free to let us know your ethnicity via email),Technical/community college,43,Female,Mixed,United States,United States,United States,English,No,Other
105,110,mvdtg1b4,,0,18,18,Section_7,EndSurvey,2024-09-25 20:21:00.562144,1,,,0.0,,,,,,,,,,,,,,ryu6snyq,,,,,0,Experiment_1_Persistence,https://app.prolific.com/submissions/complete?cc=C1BTHULB,0.0,1.0,110,,0.0,5bad4be8b712f30001b87947,1,1,110,,0.0,D,B,D,C,C,A,A,C,B,B,DBDCCAACBB,0.2,0.0,0.0,1,1,110,,0.0,noisy,random,positive,Pass,black,0.0,2.0,1.0,Pass Box,1,1,110,,0.0,B,C,D,B,B,B,C,C,,,BCDBBBCC__,0.2,STEM Track,,0.0,0.0,1.0,1,1,110,,0.0,R,R,R,R,C,C,C,C,C,C,C,RRRRCCCCCCC,1,1,110,,0.0,0,0,1,0,0,0,0,0,0,I got another chance at solving problems. ,Some Algebra and basic math.,Easy instructions.,STEM Track,1,1,,,,,,,,,,,,,,,,,,,,,,,,,,,,,,,,,,,,,,,,,,,,,,,,,,,,,,,,66f470a29195fd326ecb2667,5bad4be8b712f30001b87947,APPROVED,Not Applicable,2024-09-25T20:20:57.458000Z,2024-09-25T20:44:09.420000Z,2024-09-25T20:45:25.724000Z,2024-09-25T20:46:20.949766Z,1392.0,C1BTHULB,2073,White,High school diploma/A-levels,40,Male,White,United States,United States,United States,English,No,Full-Time
106,111,mds9kdng,,0,18,18,Section_7,EndSurvey,2024-09-25 20:21:05.633908,1,,,0.0,,,,,,,,,,,,,,ryu6snyq,,,,,0,Experiment_1_Persistence,https://app.prolific.com/submissions/complete?cc=C1BTHULB,0.0,1.0,111,,0.0,65591ffa6dea856e0bacff84,1,1,111,,0.0,B,C,A,A,B,B,D,B,C,C,BCAABBDBCC,0.4,0.0,0.0,1,1,111,,0.0,noisy,random,ground,Pass,red,10.0,2.0,2.0,Pass Box,1,1,111,,0.0,D,B,A,C,B,D,A,B,C,D,DBACBDABCD,1.0,Non-STEM Track,,0.0,0.0,2.0,1,1,111,,0.0,R,R,R,R,R,R,R,R,C,C,C,RRRRRRRRCCC,1,1,111,,0.0,0,0,1,0,0,0,0,0,0,I am much better in most subjects that aren't math,English and Business ,"It was cool, I enjoyed this survey a lot more than most to be honest.",Non-STEM Track,1,1,,,,,,,,,,,,,,,,,,,,,,,,,,,,,,,,,,,,,,,,,,,,,,,,,,,,,,,,66f470ab0dbad6c46e399bdf,65591ffa6dea856e0bacff84,APPROVED,Not Applicable,2024-09-25T20:21:03.629000Z,2024-09-25T20:31:38.370000Z,2024-09-25T20:31:40.387000Z,2024-09-25T20:32:13.584751Z,635.0,C1BTHULB,657,South East Asian,High school diploma/A-levels,27,Female,Asian,United States,United States,United States,English,No,Other
107,112,7d3s55ei,,0,18,18,Section_7,EndSurvey,2024-09-25 20:21:11.917755,1,,,0.0,,,,,,,,,,,,,,ryu6snyq,,,,,0,Experiment_1_Persistence,https://app.prolific.com/submissions/complete?cc=C1BTHULB,0.0,1.0,112,,0.0,5d321a7348bf98001646aeb2,1,1,112,,0.0,B,C,B,D,C,C,B,C,A,A,BCBDCCBCAA,0.1,0.0,0.0,1,1,112,,0.0,noisy,random,ground,Fail,black,50.0,0.0,5.0,Fail Box,1,1,112,,0.0,D,B,A,C,B,D,A,B,C,D,DBACBDABCD,1.0,Non-STEM Track,,0.0,0.0,5.0,1,1,112,,0.0,R,R,R,R,R,R,R,C,C,C,C,RRRRRRRCCCC,1,1,112,,0.0,0,0,1,0,0,0,0,0,0,I am horrible at math and don't remember any of that type math.,Just your basic high school classes,It was fine.,Non-STEM Track,1,1,,,,,,,,,,,,,,,,,,,,,,,,,,,,,,,,,,,,,,,,,,,,,,,,,,,,,,,,66f470aec4e69b1798df3526,5d321a7348bf98001646aeb2,APPROVED,Not Applicable,2024-09-25T20:21:08.588000Z,2024-09-25T20:43:13.986000Z,2024-09-25T20:45:16.424000Z,2024-09-25T20:45:44.083689Z,1326.0,C1BTHULB,5162,White,High school diploma/A-levels,63,Female,White,United States,United States,United States,English,No,"Not in paid work (e.g. homemaker', 'retired or disabled)"
108,113,jxzwl2u2,,0,18,18,Section_7,EndSurvey,2024-09-25 20:21:22.678145,1,,,0.0,,,,,,,,,,,,,,ryu6snyq,,,,,0,Experiment_1_Persistence,https://app.prolific.com/submissions/complete?cc=C1BTHULB,0.0,1.0,113,,0.0,6629a194aff94667d3c1cee5,1,1,113,,0.0,D,A,B,C,D,B,B,C,C,C,DABCDBBCCC,0.4,0.0,0.0,1,1,113,,0.0,noisy,random,positive,Pass,red,2.0,2.0,2.0,Fail Box,1,1,113,,0.0,D,B,A,C,B,D,A,B,C,D,DBACBDABCD,1.0,Non-STEM Track,,0.0,0.0,2.0,1,1,113,,0.0,R,R,R,R,C,C,C,C,C,C,C,RRRRCCCCCCC,1,1,113,,0.0,0,1,0,0,0,0,0,0,0,"I am not good at STEM, and I don't enjoy it.  ","math, science, ela, history.  I worked in education.",The math questions stressed me out.  ,Non-STEM Track,1,1,,,,,,,,,,,,,,,,,,,,,,,,,,,,,,,,,,,,,,,,,,,,,,,,,,,,,,,,66f470b99f161147d42b1dac,6629a194aff94667d3c1cee5,APPROVED,Not Applicable,2024-09-25T20:21:18.943000Z,2024-09-25T20:31:19.361000Z,2024-09-25T20:31:20.248000Z,2024-09-25T20:31:20.091220Z,601.0,C1BTHULB,831,White,Undergraduate degree (BA/BSc/other),39,Female,White,United States,United States,United States,English,No,DATA_EXPIRED
109,114,yded3vl8,,0,18,18,Section_7,EndSurvey,2024-09-25 20:21:36.666454,1,,,0.0,,,,,,,,,,,,,,ryu6snyq,,,,,0,Experiment_1_Persistence,https://app.prolific.com/submissions/complete?cc=C1BTHULB,0.0,1.0,114,,0.0,66c6d6e031937c73ad6848b3,1,1,114,,0.0,B,A,C,B,C,B,A,D,B,B,BACBCBADBB,0.5,0.0,0.0,1,1,114,,0.0,noisy,random,positive,Pass,black,1.0,1.0,2.0,Pass Box,1,1,114,,0.0,D,B,A,C,B,D,A,B,C,D,DBACBDABCD,1.0,Non-STEM Track,,0.0,0.0,2.0,1,1,114,,0.0,R,R,R,R,R,R,C,C,C,C,C,RRRRRRCCCCC,1,1,114,,0.0,0,0,1,0,0,0,0,0,0,Because I know I didn't do well on the math questions.,Computer code and database administration.,I haven't done math in years and it was completely foreign to me!,Non-STEM Track,1,1,,,,,,,,,,,,,,,,,,,,,,,,,,,,,,,,,,,,,,,,,,,,,,,,,,,,,,,,66f470c62e4e0c8e0c0022ff,66c6d6e031937c73ad6848b3,APPROVED,Not Applicable,2024-09-25T20:21:30.722000Z,2024-09-25T20:31:05.381000Z,2024-09-25T20:31:06.533000Z,2024-09-25T20:31:06.765929Z,575.0,C1BTHULB,92,East Asian,Technical/community college,58,Male,Asian,United States,United States,United States,English,No,Full-Time
110,115,ivzli1z4,,0,18,18,Section_7,EndSurvey,2024-09-25 20:21:39.534645,1,,,0.0,,,,,,,,,,,,,,ryu6snyq,,,,,0,Experiment_1_Persistence,https://app.prolific.com/submissions/complete?cc=C1BTHULB,0.0,1.0,115,,0.0,6632e29a99699a0b259f5cdb,1,1,115,,0.0,B,C,D,A,C,D,C,A,C,C,BCDACDCACC,0.1,0.0,0.0,1,1,115,,0.0,noisy,random,positive,Pass,red,40.0,0.0,1.0,Fail Box,1,1,115,,0.0,D,B,A,C,B,D,A,B,C,D,DBACBDABCD,1.0,Non-STEM Track,,0.0,0.0,1.0,1,1,115,,0.0,R,R,R,R,C,C,C,C,C,C,C,RRRRCCCCCCC,1,1,115,,0.0,0,0,1,0,0,0,0,0,0,I am not good at math,psychology,the stem questions were hard,Non-STEM Track,1,1,,,,,,,,,,,,,,,,,,,,,,,,,,,,,,,,,,,,,,,,,,,,,,,,,,,,,,,,66f470ce0a18a86e39f65f4c,6632e29a99699a0b259f5cdb,APPROVED,Not Applicable,2024-09-25T20:21:36.914000Z,2024-09-25T20:25:00.057000Z,2024-09-25T23:19:31.491000Z,2024-09-25T20:25:01.157995Z,204.0,C1BTHULB,686,White,Undergraduate degree (BA/BSc/other),29,Female,White,United States,United States,United States,English,Yes,"Not in paid work (e.g. homemaker', 'retired or disabled)"
111,116,kn7t2ixv,,0,18,18,Section_7,EndSurvey,2024-09-25 20:21:44.924340,1,,,0.0,,,,,,,,,,,,,,ryu6snyq,,,,,0,Experiment_1_Persistence,https://app.prolific.com/submissions/complete?cc=C1BTHULB,0.0,1.0,116,,0.0,5f6d434b44cd121bbb5179dc,1,1,116,,0.0,D,A,A,C,D,A,D,A,B,B,DAACDADABB,0.3,0.0,0.0,1,1,116,,0.0,noisy,random,ground,Pass,red,56.0,3.0,3.0,Pass Box,1,1,116,,0.0,B,D,D,A,A,D,C,A,C,C,BDDAADCACC,0.7,STEM Track,,0.0,0.0,3.0,1,1,116,,0.0,R,R,R,R,R,C,C,C,C,C,C,RRRRRCCCCCC,1,1,116,,0.0,0,0,1,0,0,0,0,0,0,"I enjoy more technical subjects, but not necessarily doing this type of math in my head.",Music/Architecture/IT,Frustrating but good.,STEM Track,1,1,,,,,,,,,,,,,,,,,,,,,,,,,,,,,,,,,,,,,,,,,,,,,,,,,,,,,,,,66f470d2e85853aaba34c41b,5f6d434b44cd121bbb5179dc,APPROVED,Not Applicable,2024-09-25T20:21:42.465000Z,2024-09-25T20:37:06.983000Z,2024-09-25T20:37:09.437000Z,2024-09-25T20:37:08.973558Z,925.0,C1BTHULB,1824,Latino/Hispanic,Graduate degree (MA/MSc/MPhil/other),39,Female,Mixed,United States,United States,United States,English,No,Part-Time
112,117,9qko2jzw,,0,18,18,Section_7,EndSurvey,2024-09-25 20:21:54.436205,1,,,0.0,,,,,,,,,,,,,,ryu6snyq,,,,,0,Experiment_1_Persistence,https://app.prolific.com/submissions/complete?cc=C1BTHULB,0.0,1.0,117,,0.0,66cabbb148729ce025dac559,1,1,117,,0.0,B,C,B,A,A,C,A,D,A,B,BCBAACADAB,0.1,0.0,0.0,1,1,117,,0.0,noisy,random,positive,Fail,red,50.0,3.0,2.0,Fail Box,1,1,117,,0.0,B,B,B,C,A,B,B,C,C,B,BBBCABBCCB,0.2,STEM Track,,0.0,0.0,2.0,1,1,117,,0.0,R,R,R,R,R,R,R,C,C,C,C,RRRRRRRCCCC,1,1,117,,0.0,0,0,1,0,0,0,0,0,0,To get the opportunity to try more questions and gauge my memory.,Biological science  Zoology  Botany,I am happy to carry out the task it has reminded me some of the mathematics questions.,STEM Track,1,1,,,,,,,,,,,,,,,,,,,,,,,,,,,,,,,,,,,,,,,,,,,,,,,,,,,,,,,,66f470bc2863bff100eddd55,66cabbb148729ce025dac559,APPROVED,Not Applicable,2024-09-25T20:21:42.273000Z,2024-09-25T20:59:42.594000Z,2024-09-25T20:59:43.776000Z,2024-09-25T21:00:11.483453Z,2281.0,C1BTHULB,27,White,Graduate degree (MA/MSc/MPhil/other),33,Female,White,United States,United States,United States,English,DATA_EXPIRED,DATA_EXPIRED
113,118,favvc4mf,,0,18,18,Section_7,EndSurvey,2024-09-25 20:22:11.138710,1,,,0.0,,,,,,,,,,,,,,ryu6snyq,,,,,0,Experiment_1_Persistence,https://app.prolific.com/submissions/complete?cc=C1BTHULB,0.0,1.0,118,,0.0,66eb689a046e6268ffd125a9,1,1,118,,0.0,C,A,B,C,B,B,D,B,C,A,CABCBBDBCA,0.5,0.0,0.0,1,1,118,,0.0,noisy,random,ground,Fail,black,62.0,4.0,7.0,Fail Box,1,1,118,,0.0,D,B,A,C,D,D,A,B,C,C,DBACDDABCC,0.8,Non-STEM Track,,0.0,0.0,7.0,1,1,118,,0.0,R,R,R,R,R,C,C,C,C,C,C,RRRRRCCCCCC,1,1,118,,0.0,0,0,1,0,0,0,0,0,0,"i didnt feel confident in my stem answers in a short period of time, given more time i would feel confident with the stem questions",mechanical engineering ,"i liked it, being out of college for a couple years, my stem skills definitely went lower ",Non-STEM Track,1,1,,,,,,,,,,,,,,,,,,,,,,,,,,,,,,,,,,,,,,,,,,,,,,,,,,,,,,,,66f470e42e4e0c8e0c00230a,66eb689a046e6268ffd125a9,APPROVED,Not Applicable,2024-09-25T20:22:03.635000Z,2024-09-25T20:38:44.235000Z,2024-09-25T20:38:45.155000Z,2024-09-25T20:38:45.048025Z,1001.0,C1BTHULB,9,White,Undergraduate degree (BA/BSc/other),28,Male,White,United States,United States,United States,English,No,Full-Time
114,119,mq9juvyj,,0,18,18,Section_7,EndSurvey,2024-09-25 20:22:31.373268,1,,,0.0,,,,,,,,,,,,,,ryu6snyq,,,,,0,Experiment_1_Persistence,https://app.prolific.com/submissions/complete?cc=C1BTHULB,0.0,1.0,119,,0.0,66798b8a34a8b245d6641de9,1,1,119,,0.0,,,,,,,,,,,__________,0.0,0.0,0.0,1,1,119,,0.0,noisy,random,positive,Fail,red,25.0,2.0,4.0,Fail Box,1,1,119,,0.0,D,B,A,C,B,A,A,C,C,B,DBACBAACCB,0.7,Non-STEM Track,,0.0,0.0,4.0,1,1,119,,0.0,R,R,R,R,R,R,R,R,R,R,R,RRRRRRRRRRR,1,1,119,,0.0,0,0,1,0,0,0,0,0,0,It has been a while since I have been to college.,Biology. I took calculus but I do not use it in my current career. ,I liked it. It showed me I need to go back and study up my math. ,Non-STEM Track,1,1,,,,,,,,,,,,,,,,,,,,,,,,,,,,,,,,,,,,,,,,,,,,,,,,,,,,,,,,66f470fb5de2c9e61121068b,66798b8a34a8b245d6641de9,APPROVED,Not Applicable,2024-09-25T20:22:24.604000Z,2024-09-25T20:38:41.751000Z,2024-09-25T20:38:42.641000Z,2024-09-25T20:38:42.535708Z,978.0,C1BTHULB,172,Latino/Hispanic,Undergraduate degree (BA/BSc/other),28,Male,Other,United States,United States,United States,Spanish,Yes,Full-Time
115,120,uck7qfqf,,0,18,18,Section_7,EndSurvey,2024-09-25 20:22:38.073641,1,,,0.0,,,,,,,,,,,,,,ryu6snyq,,,,,0,Experiment_1_Persistence,https://app.prolific.com/submissions/complete?cc=C1BTHULB,0.0,1.0,120,,0.0,668d1fa802c28e6b55fd9467,1,1,120,,0.0,C,B,A,B,D,C,C,A,B,A,CBABDCCABA,0.1,0.0,0.0,1,1,120,,0.0,noisy,random,negative,Pass,red,10.0,1.0,1.0,Fail Box,1,1,120,,0.0,D,B,A,C,B,D,A,B,C,D,DBACBDABCD,1.0,Non-STEM Track,,0.0,0.0,1.0,1,1,120,,0.0,R,R,R,R,R,C,C,C,C,C,C,RRRRRCCCCCC,1,1,120,,0.0,0,0,0,1,0,0,0,0,0,I figured I would have a better chance at getting more questions right ,I studied a lot of health courses ,,Non-STEM Track,1,1,,,,,,,,,,,,,,,,,,,,,,,,,,,,,,,,,,,,,,,,,,,,,,,,,,,,,,,,66f47102ae62f1e40de7f46a,668d1fa802c28e6b55fd9467,APPROVED,Not Applicable,2024-09-25T20:22:34.708000Z,2024-09-25T20:42:49.234000Z,2024-09-25T20:45:06.454000Z,2024-09-25T20:45:20.072213Z,1215.0,C1BTHULB,162,White,High school diploma/A-levels,23,Female,White,United States,United States,United States,English,Yes,Unemployed (and job seeking)
116,121,sqojgsoe,,0,18,18,Section_7,EndSurvey,2024-09-25 20:22:42.239222,1,,,0.0,,,,,,,,,,,,,,ryu6snyq,,,,,0,Experiment_1_Persistence,https://app.prolific.com/submissions/complete?cc=C1BTHULB,0.0,1.0,121,,0.0,638d038b8d32d51c219a5aa2,1,1,121,,0.0,B,C,B,A,D,A,C,B,C,C,BCBADACBCC,0.1,0.0,0.0,1,1,121,,0.0,noisy,random,positive,Pass,black,0.0,1.0,0.0,Pass Box,1,1,121,,0.0,D,B,A,C,B,D,A,B,C,D,DBACBDABCD,1.0,Non-STEM Track,,0.0,0.0,0.0,1,1,121,,0.0,R,R,R,R,R,R,C,C,C,C,C,RRRRRRCCCCC,1,1,121,,0.0,0,0,1,0,0,0,0,0,0,I hate math,"psychology, political science    sales/marketing",The first (STEM) section was torture,Non-STEM Track,1,1,,,,,,,,,,,,,,,,,,,,,,,,,,,,,,,,,,,,,,,,,,,,,,,,,,,,,,,,66f471056294542a8548721d,638d038b8d32d51c219a5aa2,APPROVED,Not Applicable,2024-09-25T20:22:37.078000Z,2024-09-25T20:35:29.891000Z,2024-09-25T20:36:26.544000Z,2024-09-25T20:36:09.241679Z,773.0,C1BTHULB,967,White,Undergraduate degree (BA/BSc/other),68,Female,White,United States,United States,United States,English,No,Part-Time
117,122,si15l2a2,,0,18,18,Section_7,EndSurvey,2024-09-25 20:22:47.340276,1,,,0.0,,,,,,,,,,,,,,ryu6snyq,,,,,0,Experiment_1_Persistence,https://app.prolific.com/submissions/complete?cc=C1BTHULB,0.0,1.0,122,,0.0,5e4edb7e14f95b000dd563d9,1,1,122,,0.0,D,A,B,C,A,D,D,A,B,C,DABCADDABC,0.2,1.0,44.933,1,1,122,,0.0,noisy,random,ground,Pass,red,15.0,3.0,2.0,Pass Box,1,1,122,,0.0,B,B,C,D,A,D,C,A,A,C,BBCDADCAAC,0.7,STEM Track,,0.0,0.0,2.0,1,1,122,,0.0,R,R,R,R,R,C,C,C,C,C,C,RRRRRCCCCCC,1,1,122,,0.0,0,0,1,0,0,0,0,0,0,"After Section 1, I realized that I was decent enough at math to at least work through some of the algebraic problems. Also, the reward seemed more enticing.",I majored in Geology in college and mainly focused on environmental data.,My experience was good. I have no feedback.,STEM Track,1,1,,,,,,,,,,,,,,,,,,,,,,,,,,,,,,,,,,,,,,,,,,,,,,,,,,,,,,,,66f471115684a9ff1f52585f,5e4edb7e14f95b000dd563d9,APPROVED,Not Applicable,2024-09-25T20:22:45.138000Z,2024-09-25T20:39:54.123000Z,2024-09-25T20:39:55.148000Z,2024-09-25T20:40:02.265196Z,1029.0,C1BTHULB,320,Latino/Hispanic,Undergraduate degree (BA/BSc/other),23,Male,Other,United States,United States,United States,Spanish,Yes,Full-Time
118,123,2jjj20fj,,0,18,18,Section_7,EndSurvey,2024-09-25 20:22:59.302410,1,,,0.0,,,,,,,,,,,,,,ryu6snyq,,,,,0,Experiment_1_Persistence,https://app.prolific.com/submissions/complete?cc=C1BTHULB,0.0,1.0,123,,0.0,663faf257d50f1ec92e1568a,1,1,123,,0.0,D,A,B,C,C,A,D,C,C,D,DABCCADCCD,0.4,0.0,0.0,1,1,123,,0.0,noisy,random,ground,Pass,red,10.0,2.0,1.0,Fail Box,1,1,123,,0.0,D,B,A,C,B,D,A,B,C,D,DBACBDABCD,1.0,Non-STEM Track,,1.0,1.442,1.0,1,1,123,,0.0,R,R,R,R,R,C,C,C,C,C,C,RRRRRCCCCCC,1,1,123,,0.0,0,1,1,0,0,0,0,0,0,because I did not feel the study provided enough time to solve the first set of questions considering I haven't taken math courses in several years,"Business Management, Supply Chain",,Non-STEM Track,1,1,,,,,,,,,,,,,,,,,,,,,,,,,,,,,,,,,,,,,,,,,,,,,,,,,,,,,,,,66f46f55eaee5e6c379f466a,663faf257d50f1ec92e1568a,APPROVED,Not Applicable,2024-09-25T20:22:55.588000Z,2024-09-25T20:37:43.982000Z,2024-09-25T20:37:52.866000Z,2024-09-25T20:37:52.714283Z,889.0,C1BTHULB,353,Latino/Hispanic,Undergraduate degree (BA/BSc/other),42,Male,Other,United States,United States,Puerto Rico,Spanish,No,Full-Time
119,124,fa9gzi0l,,0,18,18,Section_7,EndSurvey,2024-09-25 20:23:12.160649,1,,,0.0,,,,,,,,,,,,,,ryu6snyq,,,,,0,Experiment_1_Persistence,https://app.prolific.com/submissions/complete?cc=C1BTHULB,0.0,1.0,124,,0.0,5f21d57a48386f1550a2e7c2,1,1,124,,0.0,A,A,A,A,A,A,A,A,A,A,AAAAAAAAAA,0.2,0.0,0.0,1,1,124,,0.0,noisy,random,ground,Pass,red,10.0,2.0,2.0,Pass Box,1,1,124,,0.0,A,A,A,A,A,A,A,A,A,A,AAAAAAAAAA,0.4,STEM Track,,0.0,0.0,2.0,1,1,124,,0.0,R,R,R,R,C,C,C,C,C,C,C,RRRRCCCCCCC,1,1,124,,0.0,0,1,1,0,0,0,0,0,0,Statistically the odds were better.,"History, statistics and data analysis","I had ZERO idea how to do any of those math problems, so I statistically chose answer A for all 10 of them on the probability that I would be correct at least some percentage of the time.",STEM Track,1,1,,,,,,,,,,,,,,,,,,,,,,,,,,,,,,,,,,,,,,,,,,,,,,,,,,,,,,,,66f4712737bf15c75e3d784e,5f21d57a48386f1550a2e7c2,APPROVED,Not Applicable,2024-09-25T20:23:08.905000Z,2024-09-25T20:28:47.014000Z,2024-09-25T20:28:48.518000Z,2024-09-25T20:28:48.416388Z,339.0,C1BTHULB,1715,White,Undergraduate degree (BA/BSc/other),52,Male,White,United States,United States,United States,English,No,Full-Time
120,125,qkrj0v1s,,0,18,18,Section_7,EndSurvey,2024-09-25 20:23:35.793171,1,,,0.0,,,,,,,,,,,,,,ryu6snyq,,,,,0,Experiment_1_Persistence,https://app.prolific.com/submissions/complete?cc=C1BTHULB,0.0,1.0,125,,0.0,669a8a113c058df5b00aa6df,1,1,125,,0.0,C,B,C,A,A,C,D,A,B,C,CBCAACDABC,0.2,0.0,0.0,1,1,125,,0.0,noisy,random,positive,Fail,red,1.0,1.0,5.0,Fail Box,1,1,125,,0.0,D,B,A,C,B,D,A,D,C,B,DBACBDADCB,0.8,Non-STEM Track,,0.0,0.0,5.0,1,1,125,,0.0,R,R,R,R,R,R,R,C,C,C,C,RRRRRRRCCCC,1,1,125,,0.0,0,0,1,0,0,0,0,0,0,I did not want to take another quiz,"psychology, sociology, marketing ",no,Non-STEM Track,1,1,,,,,,,,,,,,,,,,,,,,,,,,,,,,,,,,,,,,,,,,,,,,,,,,,,,,,,,,66f47140bfbe7882ba8217cb,669a8a113c058df5b00aa6df,APPROVED,Not Applicable,2024-09-25T20:23:32.991000Z,2024-09-25T20:30:31.591000Z,2024-09-25T20:30:32.550000Z,2024-09-25T20:30:32.463617Z,419.0,C1BTHULB,265,White,Undergraduate degree (BA/BSc/other),33,Male,White,United States,United States,Turkey,English,No,Full-Time
121,126,j3vzlpbg,,0,18,18,Section_7,EndSurvey,2024-09-25 20:23:40.900525,1,,,0.0,,,,,,,,,,,,,,ryu6snyq,,,,,0,Experiment_1_Persistence,https://app.prolific.com/submissions/complete?cc=C1BTHULB,0.0,1.0,126,,0.0,65ca69b55784b4308a73a2e5,1,1,126,,0.0,D,C,B,C,D,B,B,B,B,A,DCBCDBBBBA,0.1,0.0,0.0,1,1,126,,0.0,noisy,random,positive,Fail,red,50.0,0.0,5.0,Pass Box,1,1,126,,0.0,C,A,C,C,A,B,B,C,C,A,CACCABBCCA,0.3,STEM Track,,0.0,0.0,5.0,1,1,126,,0.0,R,R,R,C,C,C,C,C,C,C,C,RRRCCCCCCCC,1,1,126,,0.0,0,0,1,0,0,0,0,0,0,I don't know,"Math, science, language arts",I honestly didn't understand this whole survey. I did not understand the math questions and chance/probability. ,STEM Track,1,1,,,,,,,,,,,,,,,,,,,,,,,,,,,,,,,,,,,,,,,,,,,,,,,,,,,,,,,,66f4714358e3624670535c6b,65ca69b55784b4308a73a2e5,APPROVED,Not Applicable,2024-09-25T20:23:38.369000Z,2024-09-25T20:45:03.526000Z,2024-09-25T20:45:41.545000Z,2024-09-25T20:46:47.559709Z,1286.0,C1BTHULB,87,Black/African American,Undergraduate degree (BA/BSc/other),36,Female,Black,United States,United States,United States,English,No,"Not in paid work (e.g. homemaker', 'retired or disabled)"
122,127,j9vvvn02,,0,18,18,Section_7,EndSurvey,2024-09-25 20:23:47.761569,1,,,0.0,,,,,,,,,,,,,,ryu6snyq,,,,,0,Experiment_1_Persistence,https://app.prolific.com/submissions/complete?cc=C1BTHULB,0.0,1.0,127,,0.0,66f368eca0ea5ba3a2a06436,1,1,127,,0.0,B,D,B,A,C,D,A,B,C,C,BDBACDABCC,0.1,0.0,0.0,1,1,127,,0.0,noisy,random,negative,Fail,black,50.0,2.0,5.0,Fail Box,1,1,127,,0.0,D,A,A,C,B,D,A,B,C,B,DAACBDABCB,0.8,Non-STEM Track,,0.0,0.0,5.0,1,1,127,,0.0,R,R,R,R,R,C,C,C,C,C,C,RRRRRCCCCCC,1,1,127,,0.0,0,1,1,0,0,0,0,0,0,I don't like math,I have an associates degree in arts and humanities and also a certificate in vocational nursing. I currently work as a licensed vocational nurse. ,"It was interesting. I didn't enjoy the math test, but the test afterwards was quite enjoyable. ",Non-STEM Track,1,1,,,,,,,,,,,,,,,,,,,,,,,,,,,,,,,,,,,,,,,,,,,,,,,,,,,,,,,,66f47147a5538168ae7733c7,66f368eca0ea5ba3a2a06436,APPROVED,Not Applicable,2024-09-25T20:23:43.888000Z,2024-09-25T20:36:46.710000Z,2024-09-25T20:36:50.123000Z,2024-09-25T20:36:54.203823Z,783.0,C1BTHULB,9,South East Asian,Technical/community college,33,Female,Asian,Philippines,United States,United States,English,No,"Not in paid work (e.g. homemaker', 'retired or disabled)"
124,129,sxnm5pnf,,0,18,18,Section_7,EndSurvey,2024-09-25 20:24:00.678307,1,,,0.0,,,,,,,,,,,,,,ryu6snyq,,,,,0,Experiment_1_Persistence,https://app.prolific.com/submissions/complete?cc=C1BTHULB,0.0,1.0,129,,0.0,5be8dd56d153f500019ab3cf,1,1,129,,0.0,D,A,,D,C,B,B,C,,,DA_DCBBC__,0.3,0.0,0.0,1,1,129,,0.0,noisy,random,negative,Pass,red,50.0,2.0,2.0,Fail Box,1,1,129,,0.0,C,,D,,A,A,C,A,,,C_D_AACA__,0.3,STEM Track,,0.0,0.0,2.0,1,1,129,,0.0,R,R,C,R,R,R,C,C,C,C,C,RRCRRRCCCCC,1,1,129,,0.0,0,0,1,0,0,0,0,0,0,I've always enjoyed STEM although I'm not strong in math skills.,Biology,I needed more time to think about the questions. ,STEM Track,1,1,,,,,,,,,,,,,,,,,,,,,,,,,,,,,,,,,,,,,,,,,,,,,,,,,,,,,,,,66f47156aa06ddc606ef972f,5be8dd56d153f500019ab3cf,APPROVED,Not Applicable,2024-09-25T20:23:56.854000Z,2024-09-25T20:50:06.457000Z,2024-09-25T20:50:08.920000Z,2024-09-25T20:50:07.309819Z,1570.0,C1BTHULB,2655,White,Doctorate degree (PhD/other),60,Female,White,United States,United States,United States,English,No,"Not in paid work (e.g. homemaker', 'retired or disabled)"
125,130,2b1bafv0,,0,18,18,Section_7,EndSurvey,2024-09-25 20:24:12.390736,1,,,0.0,,,,,,,,,,,,,,ryu6snyq,,,,,0,Experiment_1_Persistence,https://app.prolific.com/submissions/complete?cc=C1BTHULB,0.0,1.0,130,,0.0,5f529547b9922d574a77db04,1,1,130,,0.0,D,A,A,B,D,A,D,B,B,C,DAABDADBBC,0.3,3.0,46.837,1,1,130,,0.0,noisy,random,ground,Pass,red,30.0,2.0,2.0,Pass Box,1,1,130,,0.0,D,B,A,C,B,D,A,B,C,D,DBACBDABCD,1.0,Non-STEM Track,,0.0,0.0,2.0,1,1,130,,0.0,R,R,R,R,R,C,C,C,C,C,C,RRRRRCCCCCC,1,1,130,,0.0,0,0,1,0,0,0,0,0,0,I'm much stronger in the humanities subjects.,English and Environmental Studies.,The math part was hard!,Non-STEM Track,1,1,,,,,,,,,,,,,,,,,,,,,,,,,,,,,,,,,,,,,,,,,,,,,,,,,,,,,,,,66f47164c21aa9b4100fe29e,5f529547b9922d574a77db04,APPROVED,Not Applicable,2024-09-25T20:24:09.989000Z,2024-09-25T20:28:52.656000Z,2024-09-25T23:19:32.123000Z,2024-09-25T20:28:53.469156Z,283.0,C1BTHULB,855,White,Undergraduate degree (BA/BSc/other),33,Female,White,United States,United States,United States,English,No,Full-Time
126,131,iy90ldfw,,0,18,18,Section_7,EndSurvey,2024-09-25 20:24:21.520139,1,,,0.0,,,,,,,,,,,,,,ryu6snyq,,,,,0,Experiment_1_Persistence,https://app.prolific.com/submissions/complete?cc=C1BTHULB,0.0,1.0,131,,0.0,615a0d3f2f3c6dac605c34c0,1,1,131,,0.0,D,C,B,C,B,C,D,A,B,B,DCBCBCDABB,0.3,0.0,0.0,1,1,131,,0.0,noisy,random,negative,Pass,red,5.0,2.0,2.0,Pass Box,1,1,131,,0.0,D,B,A,C,B,D,A,B,C,D,DBACBDABCD,1.0,Non-STEM Track,,0.0,0.0,2.0,1,1,131,,0.0,R,C,C,R,R,R,R,R,R,R,R,RCCRRRRRRRR,1,1,131,,0.0,0,0,1,0,0,0,0,0,0,"While I can solve the math problems, I've never been fast at math and the timer heightened my math anxiety.","English language & literature, foreign languages & literature. Worked in IT and then non-profits, museums",,Non-STEM Track,1,1,,,,,,,,,,,,,,,,,,,,,,,,,,,,,,,,,,,,,,,,,,,,,,,,,,,,,,,,66f4716c9dba62a66945a4e2,615a0d3f2f3c6dac605c34c0,APPROVED,Not Applicable,2024-09-25T20:24:18.131000Z,2024-09-25T20:29:45.151000Z,2024-09-25T20:29:46.348000Z,2024-09-25T20:29:46.612301Z,328.0,C1BTHULB,432,White,Graduate degree (MA/MSc/MPhil/other),49,Female,White,United States,United States,United States,English,No,Part-Time
127,132,8l0axode,,0,18,18,Section_7,EndSurvey,2024-09-25 20:24:36.485154,1,,,0.0,,,,,,,,,,,,,,ryu6snyq,,,,,0,Experiment_1_Persistence,https://app.prolific.com/submissions/complete?cc=C1BTHULB,0.0,1.0,132,,0.0,66293a05b562a4ed52474172,1,1,132,,0.0,D,D,C,B,A,B,A,D,C,A,DDCBABADCA,0.4,0.0,0.0,1,1,132,,0.0,noisy,random,positive,Pass,red,50.0,2.0,2.0,Fail Box,1,1,132,,0.0,B,A,C,C,A,D,C,C,C,B,BACCADCCCB,0.6,STEM Track,,0.0,0.0,2.0,1,1,132,,0.0,R,R,R,R,R,C,C,C,C,C,C,RRRRRCCCCCC,1,1,132,,0.0,0,1,0,0,0,0,0,1,0,I thought it was going to include science or tech questions. ,"English, Technology, and Math ",Good ,STEM Track,1,1,,,,,,,,,,,,,,,,,,,,,,,,,,,,,,,,,,,,,,,,,,,,,,,,,,,,,,,,66f471761e1fd04c2e52c68f,66293a05b562a4ed52474172,APPROVED,Not Applicable,2024-09-25T20:24:28.335000Z,2024-09-25T20:43:33.048000Z,2024-09-25T20:45:15.465000Z,2024-09-25T20:45:54.002340Z,1145.0,C1BTHULB,329,Latino/Hispanic,Graduate degree (MA/MSc/MPhil/other),48,Male,White,United States,United States,United States,English,No,Full-Time
128,133,bmuugjpk,,0,18,18,Section_7,EndSurvey,2024-09-25 20:24:50.905926,1,,,0.0,,,,,,,,,,,,,,ryu6snyq,,,,,0,Experiment_1_Persistence,https://app.prolific.com/submissions/complete?cc=C1BTHULB,0.0,1.0,133,,0.0,5b0a01a9bd9c3100015611ce,1,1,133,,0.0,D,A,A,C,C,B,B,,,,DAACCBB___,0.2,0.0,0.0,1,1,133,,0.0,noisy,random,positive,Pass,black,50.0,2.0,2.0,Pass Box,1,1,133,,0.0,D,B,A,C,B,D,A,B,C,D,DBACBDABCD,1.0,Non-STEM Track,,0.0,0.0,2.0,1,1,133,,0.0,R,R,R,R,R,R,C,C,C,C,C,RRRRRRCCCCC,1,1,133,,0.0,0,0,1,0,0,0,0,0,0,"I have not done the kind of math in the STEM quiz for ages, so this proved too difficult for me.","The main subjects through high school were the normal math, language arts, science, and social studies.  In college I studied computer programming.  I have worked in the tech industry as well as in child care.",It was an interesting experience.  I enjoyed the second language-related quiz much more than the first quiz.,Non-STEM Track,1,1,,,,,,,,,,,,,,,,,,,,,,,,,,,,,,,,,,,,,,,,,,,,,,,,,,,,,,,,66f47182e85853aaba34c43f,5b0a01a9bd9c3100015611ce,APPROVED,Not Applicable,2024-09-25T20:24:46.872000Z,2024-09-25T20:42:13.183000Z,2024-09-25T20:42:14.020000Z,2024-09-25T20:42:36.185409Z,1047.0,C1BTHULB,432,White,Technical/community college,44,Female,White,United States,United States,United States,English,No,"Not in paid work (e.g. homemaker', 'retired or disabled)"
129,134,ph38l5zm,,0,18,18,Section_7,EndSurvey,2024-09-25 20:24:52.633148,1,,,0.0,,,,,,,,,,,,,,ryu6snyq,,,,,0,Experiment_1_Persistence,https://app.prolific.com/submissions/complete?cc=C1BTHULB,0.0,1.0,134,,0.0,63d1787e133386074516c177,1,1,134,,0.0,B,C,B,C,C,D,A,C,B,D,BCBCCDACBD,0.1,0.0,0.0,1,1,134,,0.0,noisy,random,positive,Fail,red,1.0,3.0,2.0,Fail Box,1,1,134,,0.0,D,B,A,C,B,D,A,A,C,D,DBACBDAACD,0.9,Non-STEM Track,,0.0,0.0,2.0,1,1,134,,0.0,R,R,R,R,R,R,R,R,R,C,C,RRRRRRRRRCC,1,1,134,,0.0,0,0,1,0,0,0,0,0,0,"Anything math, science, etc related cause me anxiety and stress. It puts me right back into that part of school which caused me to cry all the time. So as soon as I see those type of questions or problem-solving, my brain shuts down.","Art, public relations, journalism, fashion; product development, design, business, textiles.",It was traumatizing at first. Then I felt relaxed towards the end. It's great that it was challenging even if I did not enjoy the challenge.,Non-STEM Track,1,1,,,,,,,,,,,,,,,,,,,,,,,,,,,,,,,,,,,,,,,,,,,,,,,,,,,,,,,,66f47184fe897fa04b5f8ebe,63d1787e133386074516c177,APPROVED,Not Applicable,2024-09-25T20:24:43.784000Z,2024-09-25T20:33:01.644000Z,2024-09-25T20:36:00.038000Z,2024-09-25T20:33:02.386613Z,498.0,C1BTHULB,1533,Mixed,Undergraduate degree (BA/BSc/other),35,Female,Other,United States,United States,United States,English,No,Part-Time
130,135,qi282esi,,0,18,18,Section_7,EndSurvey,2024-09-25 20:24:56.071380,1,,,0.0,,,,,,,,,,,,,,ryu6snyq,,,,,0,Experiment_1_Persistence,https://app.prolific.com/submissions/complete?cc=C1BTHULB,0.0,1.0,135,,0.0,6108781e0d1dd936d2b75432,1,1,135,,0.0,D,C,B,B,D,C,A,B,C,D,DCBBDCABCD,0.2,0.0,0.0,1,1,135,,0.0,noisy,random,positive,Fail,red,20.0,2.0,5.0,Fail Box,1,1,135,,0.0,D,B,A,C,B,D,A,B,C,D,DBACBDABCD,1.0,Non-STEM Track,,0.0,0.0,5.0,1,1,135,,0.0,R,R,R,R,R,C,C,C,C,C,C,RRRRRCCCCCC,1,1,135,,0.0,0,0,1,0,0,0,0,0,0,I had a feeling I would be able to answer them with more confidence.,"Math, history, science, English, communications",,Non-STEM Track,1,1,,,,,,,,,,,,,,,,,,,,,,,,,,,,,,,,,,,,,,,,,,,,,,,,,,,,,,,,66f47191fe55b21fec261ec2,6108781e0d1dd936d2b75432,APPROVED,Not Applicable,2024-09-25T20:24:53.188000Z,2024-09-25T20:36:45.414000Z,2024-09-25T20:36:49.496000Z,2024-09-25T20:36:53.876203Z,713.0,C1BTHULB,4904,White,Technical/community college,33,Female,White,United States,United States,United States,English,No,Part-Time
131,136,kymzsgjj,,0,18,18,Section_7,EndSurvey,2024-09-25 20:25:17.137753,1,,,0.0,,,,,,,,,,,,,,ryu6snyq,,,,,0,Experiment_1_Persistence,https://app.prolific.com/submissions/complete?cc=C1BTHULB,0.0,1.0,136,,0.0,66afa64501dab5fc8e5af98c,1,1,136,,0.0,B,C,A,B,C,A,C,B,B,C,BCABCACBBC,0.1,3.0,29.975,1,1,136,,0.0,noisy,random,negative,Fail,red,60.0,5.0,8.0,Pass Box,1,1,136,,0.0,B,C,B,A,D,B,C,A,B,D,BCBADBCABD,0.5,STEM Track,,0.0,0.0,8.0,1,1,136,,0.0,R,R,C,C,C,R,R,C,C,C,C,RRCCCRRCCCC,1,1,136,,0.0,0,0,1,0,0,0,0,0,0, I chose the STEM track because of my passion for problem-solving and innovation in technology.," I studied engineering and computer science, and I've worked in the tech and healthcare industries.",it was good,STEM Track,1,1,,,,,,,,,,,,,,,,,,,,,,,,,,,,,,,,,,,,,,,,,,,,,,,,,,,,,,,,66f4703fd69118a065268953,66afa64501dab5fc8e5af98c,APPROVED,Not Applicable,2024-09-25T20:19:17.525000Z,2024-09-25T20:37:28.076000Z,2024-09-25T20:37:28.908000Z,2024-09-25T20:37:28.790740Z,1091.0,C1BTHULB,11,Black/African American,Graduate degree (MA/MSc/MPhil/other),29,Male,Black,United States,United States,United States,English,Yes,Full-Time
132,137,6a98pcjp,,0,18,18,Section_7,EndSurvey,2024-09-25 20:25:32.102312,1,,,0.0,,,,,,,,,,,,,,ryu6snyq,,,,,0,Experiment_1_Persistence,https://app.prolific.com/submissions/complete?cc=C1BTHULB,0.0,1.0,137,,0.0,5fd298b32f6cb7062fd9aea0,1,1,137,,0.0,D,A,C,B,A,D,B,A,B,C,DACBADBABC,0.3,0.0,0.0,1,1,137,,0.0,noisy,random,ground,Pass,red,0.0,1.0,2.0,Pass Box,1,1,137,,0.0,D,B,A,C,B,D,A,B,C,D,DBACBDABCD,1.0,Non-STEM Track,,0.0,0.0,2.0,1,1,137,,0.0,R,R,R,R,C,C,C,C,C,C,C,RRRRCCCCCCC,1,1,137,,0.0,0,0,1,0,0,0,0,0,0,I have a learning disability that makes doing math hard and all the questions were math I didn't know how to do.,Graphic commuincations,I almost gave up when I saw the math at the beginning but it was an interesting survey.,Non-STEM Track,1,1,,,,,,,,,,,,,,,,,,,,,,,,,,,,,,,,,,,,,,,,,,,,,,,,,,,,,,,,66f471b31d92908af3fccc2e,5fd298b32f6cb7062fd9aea0,APPROVED,Not Applicable,2024-09-25T20:25:28.072000Z,2024-09-25T20:33:29.111000Z,2024-09-25T20:36:08.524000Z,2024-09-25T20:33:53.004063Z,482.0,C1BTHULB,1077,White,High school diploma/A-levels,40,Female,White,United States,United States,United States,English,No,Full-Time
133,138,1k3lbyyl,,0,18,18,Section_7,EndSurvey,2024-09-25 20:25:32.575015,1,,,0.0,,,,,,,,,,,,,,ryu6snyq,,,,,0,Experiment_1_Persistence,https://app.prolific.com/submissions/complete?cc=C1BTHULB,0.0,1.0,138,,0.0,66463fe42ca49efed3412fdf,1,1,138,,0.0,D,A,B,C,B,B,D,C,B,A,DABCBBDCBA,0.5,0.0,0.0,1,1,138,,0.0,noisy,random,ground,Fail,black,50.0,6.0,6.0,Fail Box,1,1,138,,0.0,D,B,A,C,B,D,A,B,C,D,DBACBDABCD,1.0,Non-STEM Track,,0.0,0.0,6.0,1,1,138,,0.0,R,R,R,R,R,C,C,C,C,C,C,RRRRRCCCCCC,1,1,138,,0.0,1,0,1,0,0,0,0,0,0,I'm better with words than with numbers,"Communications and journalism, working in finance",It was hard but enjoyable to try and remember some of the math equations,Non-STEM Track,1,1,,,,,,,,,,,,,,,,,,,,,,,,,,,,,,,,,,,,,,,,,,,,,,,,,,,,,,,,66f471a815fd10777e983d2e,66463fe42ca49efed3412fdf,APPROVED,Not Applicable,2024-09-25T20:25:27.817000Z,2024-09-25T20:35:39.431000Z,2024-09-25T20:36:21.800000Z,2024-09-25T20:36:14.376394Z,612.0,C1BTHULB,504,White,Undergraduate degree (BA/BSc/other),33,Male,White,United States,United States,United States,English,No,Full-Time
134,139,nwhpujzq,,0,18,18,Section_7,EndSurvey,2024-09-25 20:25:36.033582,1,,,0.0,,,,,,,,,,,,,,ryu6snyq,,,,,0,Experiment_1_Persistence,https://app.prolific.com/submissions/complete?cc=C1BTHULB,0.0,1.0,139,,0.0,66df32a1d3e539edfe5a25c8,1,1,139,,0.0,B,D,A,B,B,C,A,B,A,A,BDABBCABAA,0.2,0.0,0.0,1,1,139,,0.0,noisy,random,negative,Fail,black,25.0,3.0,4.0,Fail Box,1,1,139,,0.0,A,D,D,B,C,D,C,C,B,C,ADDBCDCCBC,0.4,STEM Track,,0.0,0.0,4.0,1,1,139,,0.0,R,R,R,R,C,R,C,C,C,C,C,RRRRCRCCCCC,1,1,139,,0.0,0,1,1,1,1,0,0,0,0,"Terrible with math, but wanted to try anyway.","Science, Math, Social Studies, Language Arts  Retail ",,STEM Track,1,1,,,,,,,,,,,,,,,,,,,,,,,,,,,,,,,,,,,,,,,,,,,,,,,,,,,,,,,,66f471b4653fb6c18396e261,66df32a1d3e539edfe5a25c8,APPROVED,Not Applicable,2024-09-25T20:25:31.222000Z,2024-09-25T20:49:09.649000Z,2024-09-25T20:49:11.818000Z,2024-09-25T20:49:10.324003Z,1419.0,C1BTHULB,24,Rather not say,Secondary education (e.g. GED/GCSE),22,Female,White,United States,United States,United States,English,Yes,Unemployed (and job seeking)
135,140,vlknuy2k,,0,18,18,Section_7,EndSurvey,2024-09-25 20:25:43.361317,1,,,0.0,,,,,,,,,,,,,,ryu6snyq,,,,,0,Experiment_1_Persistence,https://app.prolific.com/submissions/complete?cc=C1BTHULB,0.0,1.0,140,,0.0,5b393581c49ecb00010a6693,1,1,140,,0.0,D,A,B,C,D,B,C,A,A,A,DABCDBCAAA,0.2,0.0,0.0,1,1,140,,0.0,noisy,random,positive,Fail,red,50.0,3.0,4.0,Fail Box,1,1,140,,0.0,D,B,A,C,B,D,A,B,C,D,DBACBDABCD,1.0,Non-STEM Track,,0.0,0.0,4.0,1,1,140,,0.0,R,R,R,C,C,C,C,C,C,C,C,RRRCCCCCCCC,1,1,140,,0.0,0,0,1,0,1,0,0,0,0,I don't remember much from my STEM study days.,English and sales.,It was fun! I definitely need to take some courses in my free time though!,Non-STEM Track,1,1,,,,,,,,,,,,,,,,,,,,,,,,,,,,,,,,,,,,,,,,,,,,,,,,,,,,,,,,66f471ba8d727548d83527cd,5b393581c49ecb00010a6693,APPROVED,Not Applicable,2024-09-25T20:25:39.510000Z,2024-09-25T20:35:58.974000Z,2024-09-25T20:36:32.186000Z,2024-09-25T20:36:27.071732Z,620.0,C1BTHULB,1395,Latino/Hispanic,High school diploma/A-levels,24,Male,White,United States,United States,United States,English,DATA_EXPIRED,DATA_EXPIRED
136,141,wnvxdang,,0,18,18,Section_7,EndSurvey,2024-09-25 20:25:47.230461,1,,,0.0,,,,,,,,,,,,,,ryu6snyq,,,,,0,Experiment_1_Persistence,https://app.prolific.com/submissions/complete?cc=C1BTHULB,0.0,1.0,141,,0.0,5cfb459229a6c2001764e10d,1,1,141,,0.0,B,A,B,A,C,B,B,C,B,B,BABACBBCBB,0.4,1.0,2.301,1,1,141,,0.0,noisy,random,negative,Pass,red,50.0,4.0,4.0,Pass Box,1,1,141,,0.0,D,B,A,C,B,D,A,B,C,C,DBACBDABCC,0.9,Non-STEM Track,,0.0,0.0,4.0,1,1,141,,0.0,R,R,R,R,R,R,C,C,C,C,C,RRRRRRCCCCC,1,1,141,,0.0,0,0,0,0,1,1,0,0,0,"I generally suck at math, especially compared to subjects like English and other non-STEM fields.","Political science, history, sociology, english, psychology",Good.,Non-STEM Track,1,1,,,,,,,,,,,,,,,,,,,,,,,,,,,,,,,,,,,,,,,,,,,,,,,,,,,,,,,,66f471bd73dd50570779113b,5cfb459229a6c2001764e10d,APPROVED,Not Applicable,2024-09-25T20:25:40.808000Z,2024-09-25T20:35:30.796000Z,2024-09-25T20:36:31.645000Z,2024-09-25T20:36:09.457845Z,590.0,C1BTHULB,826,White Sephardic Jew,Technical/community college,24,Male,White,United States,United States,United States,English,Yes,Other
137,142,0ogi1xit,,0,18,18,Section_7,EndSurvey,2024-09-25 20:25:48.833240,1,,,0.0,,,,,,,,,,,,,,ryu6snyq,,,,,0,Experiment_1_Persistence,https://app.prolific.com/submissions/complete?cc=C1BTHULB,0.0,1.0,142,,0.0,664439645a9a29be43d5bf5a,1,1,142,,0.0,D,A,B,C,A,D,B,A,C,B,DABCADBACB,0.3,0.0,0.0,1,1,142,,0.0,noisy,random,ground,Pass,red,0.0,3.0,3.0,Pass Box,1,1,142,,0.0,D,B,A,C,B,D,A,B,C,D,DBACBDABCD,1.0,Non-STEM Track,,0.0,0.0,3.0,1,1,142,,0.0,R,R,R,R,R,C,C,C,C,C,C,RRRRRCCCCCC,1,1,142,,0.0,0,0,1,0,0,0,0,0,0,"not interested, didnt feel capable","History, vocational studies. Worked in logistics.",no feedback,Non-STEM Track,1,1,,,,,,,,,,,,,,,,,,,,,,,,,,,,,,,,,,,,,,,,,,,,,,,,,,,,,,,,66f471c2e0a441d0dfa8700f,664439645a9a29be43d5bf5a,APPROVED,Not Applicable,2024-09-25T20:25:44.995000Z,2024-09-25T20:35:17.571000Z,2024-09-25T21:36:23.234000Z,2024-09-25T20:36:03.121023Z,573.0,C1BTHULB,600,White,Technical/community college,41,Male,White,United States,United States,United States,English,No,"Not in paid work (e.g. homemaker', 'retired or disabled)"
138,143,hpw458ao,,0,18,18,Section_7,EndSurvey,2024-09-25 20:25:49.196604,1,,,0.0,,,,,,,,,,,,,,ryu6snyq,,,,,0,Experiment_1_Persistence,https://app.prolific.com/submissions/complete?cc=C1BTHULB,0.0,1.0,143,,0.0,65a34aebff22f2a843566830,1,1,143,,0.0,D,B,B,C,D,D,D,C,B,A,DBBCDDDCBA,0.2,1.0,2.027,1,1,143,,0.0,noisy,random,ground,Pass,red,25.0,2.0,2.0,Pass Box,1,1,143,,0.0,D,B,A,C,B,D,A,B,C,D,DBACBDABCD,1.0,Non-STEM Track,,0.0,0.0,2.0,1,1,143,,0.0,R,R,R,C,C,C,C,C,C,C,C,RRRCCCCCCCC,1,1,143,,0.0,0,0,1,0,0,0,0,0,0,Did not know the first set of questions. Majored in a primarily non stem major in college.,"education, sports, psychology, child development","good, first part was extremely difficult",Non-STEM Track,1,1,,,,,,,,,,,,,,,,,,,,,,,,,,,,,,,,,,,,,,,,,,,,,,,,,,,,,,,,66f471c5fe897fa04b5f8ed0,65a34aebff22f2a843566830,APPROVED,Not Applicable,2024-09-25T20:25:45.119000Z,2024-09-25T20:34:42.497000Z,2024-09-25T20:36:17.636000Z,2024-09-25T20:35:12.420009Z,538.0,C1BTHULB,456,White,Undergraduate degree (BA/BSc/other),23,Female,White,United States,United States,United States,English,No,DATA_EXPIRED
139,144,hz84hrd6,,0,18,18,Section_7,EndSurvey,2024-09-25 20:25:49.831582,1,,,0.0,,,,,,,,,,,,,,ryu6snyq,,,,,0,Experiment_1_Persistence,https://app.prolific.com/submissions/complete?cc=C1BTHULB,0.0,1.0,144,,0.0,6633cc63d968983a40e40db1,1,1,144,,0.0,C,B,B,C,A,D,B,D,A,C,CBBCADBDAC,0.0,0.0,0.0,1,1,144,,0.0,noisy,random,ground,Fail,black,10.0,3.0,2.0,Fail Box,1,1,144,,0.0,D,B,A,C,B,B,A,B,C,D,DBACBBABCD,0.9,Non-STEM Track,,0.0,0.0,2.0,1,1,144,,0.0,R,R,R,C,C,C,C,C,C,C,C,RRRCCCCCCCC,1,1,144,,0.0,0,0,1,0,0,0,0,0,0,i wasn't positive i would pass it,all public studies ,no,Non-STEM Track,1,1,,,,,,,,,,,,,,,,,,,,,,,,,,,,,,,,,,,,,,,,,,,,,,,,,,,,,,,,66f471c658e3624670535c96,6633cc63d968983a40e40db1,APPROVED,Not Applicable,2024-09-25T20:25:47.006000Z,2024-09-25T20:33:03.186000Z,2024-09-25T20:36:20.398000Z,2024-09-25T20:33:04.471220Z,437.0,C1BTHULB,177,Latino/Hispanic,High school diploma/A-levels,29,Female,Other,United States,United States,United States,English,No,Part-Time
141,146,lggjewll,,0,18,18,Section_7,EndSurvey,2024-09-25 20:25:56.506355,1,,,0.0,,,,,,,,,,,,,,ryu6snyq,,,,,0,Experiment_1_Persistence,https://app.prolific.com/submissions/complete?cc=C1BTHULB,0.0,1.0,146,,0.0,661a98854b5b5e468aaa5295,1,1,146,,0.0,B,C,A,B,A,A,B,C,A,D,BCABAABCAD,0.2,0.0,0.0,1,1,146,,0.0,noisy,random,negative,Pass,red,50.0,1.0,0.0,Fail Box,1,1,146,,0.0,D,D,A,C,B,D,A,B,C,B,DDACBDABCB,0.8,Non-STEM Track,,0.0,0.0,0.0,1,1,146,,0.0,R,R,R,R,R,R,R,R,R,R,C,RRRRRRRRRRC,1,1,146,,0.0,0,0,0,1,0,0,0,0,0,just cause ,arts,not great,Non-STEM Track,1,1,,,,,,,,,,,,,,,,,,,,,,,,,,,,,,,,,,,,,,,,,,,,,,,,,,,,,,,,66f471c66de18023d06e86e9,661a98854b5b5e468aaa5295,APPROVED,Not Applicable,2024-09-25T20:25:48.137000Z,2024-09-25T20:32:19.777000Z,2024-09-25T20:32:24.423000Z,2024-09-25T20:32:27.709334Z,392.0,C1BTHULB,195,Latino/Hispanic,High school diploma/A-levels,26,Male,Mixed,United States,United States,United States,English,Yes,DATA_EXPIRED
142,147,e6thrrrs,,0,18,18,Section_7,EndSurvey,2024-09-25 20:26:00.109617,1,,,0.0,,,,,,,,,,,,,,ryu6snyq,,,,,0,Experiment_1_Persistence,https://app.prolific.com/submissions/complete?cc=C1BTHULB,0.0,1.0,147,,0.0,66c396ad1fd21de8d95c3921,1,1,147,,0.0,C,B,C,B,D,A,C,A,C,A,CBCBDACACA,0.3,0.0,0.0,1,1,147,,0.0,noisy,random,negative,Fail,black,10.0,2.0,4.0,Fail Box,1,1,147,,0.0,D,B,A,C,B,D,A,B,C,D,DBACBDABCD,1.0,Non-STEM Track,,0.0,0.0,4.0,1,1,147,,0.0,R,R,R,R,C,C,C,C,C,R,C,RRRRCCCCCRC,1,1,147,,0.0,0,0,1,0,0,0,0,0,0,stronger abilities in that,"english, political science",none,Non-STEM Track,1,1,,,,,,,,,,,,,,,,,,,,,,,,,,,,,,,,,,,,,,,,,,,,,,,,,,,,,,,,66f471ce59f88e0665813d6d,66c396ad1fd21de8d95c3921,APPROVED,Not Applicable,2024-09-25T20:25:56.333000Z,2024-09-25T20:31:18.621000Z,2024-09-25T20:31:19.743000Z,2024-09-25T20:31:19.625918Z,323.0,C1BTHULB,146,East Asian,Undergraduate degree (BA/BSc/other),23,Male,Asian,United States,United States,United States,English,Yes,Unemployed (and job seeking)
143,148,qmb92qgv,,0,18,18,Section_7,EndSurvey,2024-09-25 20:26:17.670952,1,,,0.0,,,,,,,,,,,,,,ryu6snyq,,,,,0,Experiment_1_Persistence,https://app.prolific.com/submissions/complete?cc=C1BTHULB,0.0,1.0,148,,0.0,6643bb2edd8c6657e9bc57f1,1,1,148,,0.0,D,C,B,D,A,C,B,A,C,C,DCBDACBACC,0.1,0.0,0.0,1,1,148,,0.0,noisy,random,ground,Fail,black,45.0,3.0,2.0,Fail Box,1,1,148,,0.0,A,A,C,C,A,D,C,A,D,C,AACCADCADC,0.7,STEM Track,,0.0,0.0,2.0,1,1,148,,0.0,R,R,R,R,R,C,C,C,C,C,C,RRRRRCCCCCC,1,1,148,,0.0,0,0,1,0,0,0,0,0,0,I was unsure what the other track would be and I was scared.,"Early childhood development, retail, small business",It was a little stressful. I felt like I was doing a math test in school.,STEM Track,1,1,,,,,,,,,,,,,,,,,,,,,,,,,,,,,,,,,,,,,,,,,,,,,,,,,,,,,,,,66f471a87b738e78e818d3eb,6643bb2edd8c6657e9bc57f1,APPROVED,Not Applicable,2024-09-25T20:26:13.584000Z,2024-09-25T20:42:22.076000Z,2024-09-25T20:42:23.201000Z,2024-09-25T20:42:41.134511Z,969.0,C1BTHULB,3,White,Technical/community college,32,Female,White,United States,United States,United States,English,Yes,Full-Time
144,149,9qvo074f,,0,18,18,Section_7,EndSurvey,2024-09-25 20:26:19.368780,1,,,0.0,,,,,,,,,,,,,,ryu6snyq,,,,,0,Experiment_1_Persistence,https://app.prolific.com/submissions/complete?cc=C1BTHULB,0.0,1.0,149,,0.0,6672e8e609169272b5e82910,1,1,149,,0.0,B,C,D,B,C,C,C,B,B,D,BCDBCCCBBD,0.1,0.0,0.0,1,1,149,,0.0,noisy,random,negative,Fail,black,30.0,3.0,4.0,Fail Box,1,1,149,,0.0,D,B,A,C,B,D,A,B,C,D,DBACBDABCD,1.0,Non-STEM Track,,0.0,0.0,4.0,1,1,149,,0.0,R,R,R,R,R,R,R,R,C,C,C,RRRRRRRRCCC,1,1,149,,0.0,0,0,1,1,0,0,0,0,0,I never learned that kind of stuff in school,"Math, Science, English, History, I have worked in the import/export industry",,Non-STEM Track,1,1,,,,,,,,,,,,,,,,,,,,,,,,,,,,,,,,,,,,,,,,,,,,,,,,,,,,,,,,66f471cd2e4e0c8e0c00234a,6672e8e609169272b5e82910,APPROVED,Not Applicable,2024-09-25T20:25:55.680000Z,2024-09-25T20:43:38.506000Z,2024-09-25T20:45:22.208000Z,2024-09-25T20:45:56.704577Z,1063.0,C1BTHULB,47,Black/African American,No formal qualifications,24,Male,Black,United States,United States,United States,English,No,Unemployed (and job seeking)
146,151,3cj6uopl,,0,18,18,Section_7,EndSurvey,2024-09-25 20:26:20.661332,1,,,0.0,,,,,,,,,,,,,,ryu6snyq,,,,,0,Experiment_1_Persistence,https://app.prolific.com/submissions/complete?cc=C1BTHULB,0.0,1.0,151,,0.0,63ed2515d3fe6335b2c11094,1,1,151,,0.0,C,D,B,B,C,D,C,B,B,A,CDBBCDCBBA,0.1,0.0,0.0,1,1,151,,0.0,noisy,random,negative,Pass,red,50.0,1.0,1.0,Fail Box,1,1,151,,0.0,A,B,C,B,C,B,A,C,B,C,ABCBCBACBC,0.3,STEM Track,,0.0,0.0,1.0,1,1,151,,0.0,C,C,C,C,C,C,C,C,R,R,R,CCCCCCCCRRR,1,1,151,,0.0,0,0,1,0,0,0,0,0,0,i needed a second chance,science reading,it was hard,STEM Track,1,1,,,,,,,,,,,,,,,,,,,,,,,,,,,,,,,,,,,,,,,,,,,,,,,,,,,,,,,,66f471dc9d10941b09561581,63ed2515d3fe6335b2c11094,APPROVED,Not Applicable,2024-09-25T20:26:15.956000Z,2024-09-25T20:35:29.718000Z,2024-09-25T20:36:21.403000Z,2024-09-25T20:36:08.876131Z,554.0,C1BTHULB,2860,Latino/Hispanic,High school diploma/A-levels,50,Female,White,United States,United States,United States,English,DATA_EXPIRED,Part-Time
147,152,35z28nm2,,0,18,18,Section_7,EndSurvey,2024-09-25 20:26:24.424109,1,,,0.0,,,,,,,,,,,,,,ryu6snyq,,,,,0,Experiment_1_Persistence,https://app.prolific.com/submissions/complete?cc=C1BTHULB,0.0,1.0,152,,0.0,666d9406189d162d36686be9,1,1,152,,0.0,D,D,B,B,D,D,A,C,B,C,DDBBDDACBC,0.2,0.0,0.0,1,1,152,,0.0,noisy,random,positive,Fail,red,50.0,4.0,4.0,Pass Box,1,1,152,,0.0,D,B,C,C,D,D,C,C,C,C,DBCCDDCCCC,0.4,STEM Track,,0.0,0.0,4.0,1,1,152,,0.0,R,C,C,C,C,C,C,C,C,C,C,RCCCCCCCCCC,1,1,152,,0.0,0,1,0,0,0,0,0,0,0,I work in a STEM career,Computer Science,It was fine,STEM Track,1,1,,,,,,,,,,,,,,,,,,,,,,,,,,,,,,,,,,,,,,,,,,,,,,,,,,,,,,,,66f471e8c30f88f87a821247,666d9406189d162d36686be9,APPROVED,Not Applicable,2024-09-25T20:26:21.486000Z,2024-09-25T20:33:33.761000Z,2024-09-25T20:36:09.630000Z,2024-09-25T20:33:58.375219Z,433.0,C1BTHULB,244,White,Undergraduate degree (BA/BSc/other),37,Male,White,United States,United States,United States,English,No,Full-Time
148,153,otavkn7z,,0,18,18,Section_7,EndSurvey,2024-09-25 20:26:34.779542,1,,,0.0,,,,,,,,,,,,,,ryu6snyq,,,,,0,Experiment_1_Persistence,https://app.prolific.com/submissions/complete?cc=C1BTHULB,0.0,1.0,153,,0.0,62a1ee789484077eb466542f,1,1,153,,0.0,A,B,B,D,B,C,B,A,A,A,ABBDBCBAAA,0.2,0.0,0.0,1,1,153,,0.0,noisy,random,ground,Pass,red,10.0,2.0,1.0,Fail Box,1,1,153,,0.0,D,B,A,C,B,D,A,B,C,D,DBACBDABCD,1.0,Non-STEM Track,,0.0,0.0,1.0,1,1,153,,0.0,R,R,R,R,C,C,C,C,C,C,C,RRRRCCCCCCC,1,1,153,,0.0,0,0,1,0,0,0,0,0,0,I'm not great at math.,"I did better in science, grammar, writing and didn't take advanced math courses. I work in construction.",No feedback,Non-STEM Track,1,1,,,,,,,,,,,,,,,,,,,,,,,,,,,,,,,,,,,,,,,,,,,,,,,,,,,,,,,,66f471f2fe897fa04b5f8eda,62a1ee789484077eb466542f,APPROVED,Not Applicable,2024-09-25T20:26:31.210000Z,2024-09-25T20:42:10.866000Z,2024-09-25T20:42:11.970000Z,2024-09-25T20:42:33.946217Z,940.0,C1BTHULB,1207,White,High school diploma/A-levels,42,Male,White,United States,United States,United States,English,DATA_EXPIRED,DATA_EXPIRED
150,155,hv2jwrx5,,0,18,18,Section_7,EndSurvey,2024-09-25 20:26:43.183617,1,,,0.0,,,,,,,,,,,,,,ryu6snyq,,,,,0,Experiment_1_Persistence,https://app.prolific.com/submissions/complete?cc=C1BTHULB,0.0,1.0,155,,0.0,66985059ff08abc91b78325b,1,1,155,,0.0,D,A,D,C,D,B,A,B,,,DADCDBAB__,0.2,0.0,0.0,1,1,155,,0.0,noisy,random,positive,Pass,red,70.0,3.0,2.0,Pass Box,1,1,155,,0.0,B,A,C,B,A,D,C,A,B,,BACBADCAB_,0.8,STEM Track,,0.0,0.0,2.0,1,1,155,,0.0,R,R,R,C,C,C,C,C,C,C,C,RRRCCCCCCCC,1,1,155,,0.0,0,1,1,0,0,0,0,0,0,I am a logic thinker.,"Office and internet applications, business. Finance industry",I felt I forgot a lot.,STEM Track,1,1,,,,,,,,,,,,,,,,,,,,,,,,,,,,,,,,,,,,,,,,,,,,,,,,,,,,,,,,66f471f9dad08803bd2898e9,66985059ff08abc91b78325b,APPROVED,Not Applicable,2024-09-25T20:26:39.369000Z,2024-09-25T20:50:27.004000Z,2024-09-25T20:50:33.279000Z,2024-09-25T20:50:28.651256Z,1428.0,C1BTHULB,285,White,Technical/community college,42,Female,White,United States,United States,United States,English,No,DATA_EXPIRED
151,156,p65gmg13,,0,18,18,Section_7,EndSurvey,2024-09-25 20:26:58.973197,1,,,0.0,,,,,,,,,,,,,,ryu6snyq,,,,,0,Experiment_1_Persistence,https://app.prolific.com/submissions/complete?cc=C1BTHULB,0.0,1.0,156,,0.0,60e9e639ca992b3ffc3dee53,1,1,156,,0.0,C,C,A,C,B,D,C,A,B,C,CCACBDCABC,0.1,0.0,0.0,1,1,156,,0.0,noisy,random,positive,Fail,red,6.0,3.0,2.0,Fail Box,1,1,156,,0.0,D,B,A,D,B,D,A,B,C,A,DBADBDABCA,0.8,Non-STEM Track,,0.0,0.0,2.0,1,1,156,,0.0,R,R,R,R,C,C,C,C,C,C,C,RRRRCCCCCCC,1,1,156,,0.0,0,0,1,0,0,0,0,0,0,Because the fists STEM track that I had was quite difficult for me.,Information technology.,"I enjoyed it, thank you for having me!",Non-STEM Track,1,1,,,,,,,,,,,,,,,,,,,,,,,,,,,,,,,,,,,,,,,,,,,,,,,,,,,,,,,,66f47207f88efee239a82733,60e9e639ca992b3ffc3dee53,APPROVED,Not Applicable,2024-09-25T20:26:53.508000Z,2024-09-25T20:43:10.094000Z,2024-09-25T20:45:10.489000Z,2024-09-25T20:45:42.831991Z,977.0,C1BTHULB,2073,Latino/Hispanic,Undergraduate degree (BA/BSc/other),35,Male,Mixed,United States,United States,United States,English,DATA_EXPIRED,Full-Time
152,157,ivp65kok,,0,18,18,Section_7,EndSurvey,2024-09-25 20:27:00.516509,1,,,0.0,,,,,,,,,,,,,,ryu6snyq,,,,,0,Experiment_1_Persistence,https://app.prolific.com/submissions/complete?cc=C1BTHULB,0.0,1.0,157,,0.0,66d761ecb471fd4fc04e5d68,1,1,157,,0.0,D,A,B,C,B,D,C,C,C,B,DABCBDCCCB,0.5,0.0,0.0,1,1,157,,0.0,noisy,random,ground,Pass,red,50.0,3.0,5.0,Fail Box,1,1,157,,0.0,D,B,A,C,B,D,A,B,C,D,DBACBDABCD,1.0,Non-STEM Track,,0.0,0.0,5.0,1,1,157,,0.0,R,R,R,R,R,C,C,C,C,C,C,RRRRRCCCCCC,1,1,157,,0.0,1,0,0,0,0,0,0,0,0,I'm better at non-stem questions,I studied law,Good! Enjoyed it,Non-STEM Track,1,1,,,,,,,,,,,,,,,,,,,,,,,,,,,,,,,,,,,,,,,,,,,,,,,,,,,,,,,,66f471a29309723d67f660fe,66d761ecb471fd4fc04e5d68,APPROVED,Not Applicable,2024-09-25T20:25:14.512000Z,2024-09-25T20:31:15.563000Z,2024-09-25T20:31:18.383000Z,2024-09-25T20:31:16.369584Z,362.0,C1BTHULB,26,Latino/Hispanic,Doctorate degree (PhD/other),43,Male,Mixed,United States,United States,United States,English,No,Part-Time
153,158,w7o4j2ub,,0,18,18,Section_7,EndSurvey,2024-09-25 20:27:13.242614,1,,,0.0,,,,,,,,,,,,,,ryu6snyq,,,,,0,Experiment_1_Persistence,https://app.prolific.com/submissions/complete?cc=C1BTHULB,0.0,1.0,158,,0.0,65ec050240cb115908f6b9f4,1,1,158,,0.0,B,D,A,C,A,C,C,D,B,A,BDACACCDBA,0.0,0.0,0.0,1,1,158,,0.0,noisy,random,positive,Fail,red,60.0,5.0,4.0,Fail Box,1,1,158,,0.0,D,B,A,C,B,D,A,B,C,D,DBACBDABCD,1.0,Non-STEM Track,,0.0,0.0,4.0,1,1,158,,0.0,R,R,R,R,R,C,C,C,C,C,C,RRRRRCCCCCC,1,1,158,,0.0,0,0,1,0,0,0,0,0,0,I wasn't sure how much more time I would have to spend on this and if it was really worth the little money,Psychology,No comment,Non-STEM Track,1,1,,,,,,,,,,,,,,,,,,,,,,,,,,,,,,,,,,,,,,,,,,,,,,,,,,,,,,,,66f4720fb5e4c523c241950e,65ec050240cb115908f6b9f4,APPROVED,Not Applicable,2024-09-25T20:27:02.375000Z,2024-09-25T20:44:55.369000Z,2024-09-25T20:45:39.403000Z,2024-09-25T20:46:41.442891Z,1073.0,C1BTHULB,398,Black/African American,Undergraduate degree (BA/BSc/other),39,Male,Black,United States,United States,United States,English,DATA_EXPIRED,DATA_EXPIRED
154,159,xm0an6qe,,0,18,18,Section_7,EndSurvey,2024-09-25 20:27:47.455702,1,,,0.0,,,,,,,,,,,,,,ryu6snyq,,,,,0,Experiment_1_Persistence,https://app.prolific.com/submissions/complete?cc=C1BTHULB,0.0,1.0,159,,0.0,56b57cc50759c90008c0271a,1,1,159,,0.0,C,D,A,C,C,C,C,D,C,C,CDACCCCDCC,0.1,0.0,0.0,1,1,159,,0.0,noisy,random,positive,Fail,red,20.0,2.0,3.0,Fail Box,1,1,159,,0.0,D,B,A,C,B,D,A,B,C,D,DBACBDABCD,1.0,Non-STEM Track,,0.0,0.0,3.0,1,1,159,,0.0,R,R,R,R,C,C,C,C,C,C,C,RRRRCCCCCCC,1,1,159,,0.0,0,0,1,0,0,0,0,0,0,Because I was more confident in my ability to answer non stem questions on my own without any help and I feel strong on my ability to answer those types of questions under time constraints,"Science, Math and English, Accounting",it was interesting,Non-STEM Track,1,1,,,,,,,,,,,,,,,,,,,,,,,,,,,,,,,,,,,,,,,,,,,,,,,,,,,,,,,,66f47232fb19af3b799cdc3d,56b57cc50759c90008c0271a,APPROVED,Not Applicable,2024-09-25T20:27:38.615000Z,2024-09-25T20:39:09.938000Z,2024-09-25T21:39:54.941000Z,2024-09-25T20:39:11.211467Z,692.0,C1BTHULB,115,Black/African American,Undergraduate degree (BA/BSc/other),40,Female,Black,United States,United States,United States,English,No,Part-Time
156,161,bynk7y3b,,0,18,18,Section_7,EndSurvey,2024-09-25 20:28:05.706019,1,,,0.0,,,,,,,,,,,,,,ryu6snyq,,,,,0,Experiment_1_Persistence,https://app.prolific.com/submissions/complete?cc=C1BTHULB,0.0,1.0,161,,0.0,662fb3c5e1820641167cb02a,1,1,161,,0.0,D,A,A,C,B,B,B,A,A,A,DAACBBBAAA,0.3,1.0,4.54,1,1,161,,0.0,noisy,random,negative,Pass,red,50.0,2.0,2.0,Fail Box,1,1,161,,0.0,D,B,A,C,B,D,A,B,C,D,DBACBDABCD,1.0,Non-STEM Track,,2.0,3.948,2.0,1,1,161,,0.0,R,R,R,R,C,C,C,C,C,C,C,RRRRCCCCCCC,1,1,161,,0.0,0,0,1,0,0,0,0,0,0,Math is hard for me,science,I hate math so it wasn't pleasent,Non-STEM Track,1,1,,,,,,,,,,,,,,,,,,,,,,,,,,,,,,,,,,,,,,,,,,,,,,,,,,,,,,,,66f4724e7bf0919a72814149,662fb3c5e1820641167cb02a,APPROVED,Not Applicable,2024-09-25T20:28:02.894000Z,2024-09-25T20:40:38.151000Z,2024-09-25T20:40:39.058000Z,2024-09-25T20:40:38.965332Z,756.0,C1BTHULB,294,White,Undergraduate degree (BA/BSc/other),39,Female,White,United States,United States,United States,English,No,Part-Time
157,162,ao4wcark,,0,18,18,Section_7,EndSurvey,2024-09-25 20:28:30.264216,1,,,0.0,,,,,,,,,,,,,,ryu6snyq,,,,,0,Experiment_1_Persistence,https://app.prolific.com/submissions/complete?cc=C1BTHULB,0.0,1.0,162,,0.0,666c88b9d74e89acb4f92aaf,1,1,162,,0.0,D,A,A,C,B,A,D,C,B,C,DAACBADCBC,0.4,0.0,0.0,1,1,162,,0.0,noisy,random,positive,Fail,red,50.0,4.0,5.0,Fail Box,1,1,162,,0.0,D,B,A,C,B,D,A,B,C,D,DBACBDABCD,1.0,Non-STEM Track,,0.0,0.0,5.0,1,1,162,,0.0,R,R,R,R,R,R,R,R,C,C,C,RRRRRRRRCCC,1,1,162,,0.0,0,0,1,0,0,0,0,0,0,"The math questions were so tough, I decided to try a different route.",I mainly studied medical subjects in college and so far have worked in the medical administration industry.,It would be nice to know which questions I answered correctly.,Non-STEM Track,1,1,,,,,,,,,,,,,,,,,,,,,,,,,,,,,,,,,,,,,,,,,,,,,,,,,,,,,,,,66f4724c9dba62a66945a50d,666c88b9d74e89acb4f92aaf,APPROVED,Not Applicable,2024-09-25T20:28:26.144000Z,2024-09-25T20:41:39.624000Z,2024-09-25T20:41:40.767000Z,2024-09-25T20:41:57.640326Z,794.0,C1BTHULB,427,White,Technical/community college,41,Female,White,United States,United States,United States,English,No,"Not in paid work (e.g. homemaker', 'retired or disabled)"
158,163,bmo9ioks,,0,18,18,Section_7,EndSurvey,2024-09-25 20:28:36.729750,1,,,0.0,,,,,,,,,,,,,,ryu6snyq,,,,,0,Experiment_1_Persistence,https://app.prolific.com/submissions/complete?cc=C1BTHULB,0.0,1.0,163,,0.0,5f04b7a99b50ac10df3a9eac,1,1,163,,0.0,D,A,A,C,C,A,A,B,A,B,DAACCAABAB,0.2,0.0,0.0,1,1,163,,0.0,noisy,random,negative,Fail,black,10.0,1.0,5.0,Fail Box,1,1,163,,0.0,D,B,A,C,B,D,A,B,C,D,DBACBDABCD,1.0,Non-STEM Track,,0.0,0.0,5.0,1,1,163,,0.0,R,R,R,C,C,C,C,C,C,C,C,RRRCCCCCCCC,1,1,163,,0.0,0,0,1,0,0,0,0,0,0,I'm terrible at math! ,"English/literature, music, psychology",The math test was so hard!,Non-STEM Track,1,1,,,,,,,,,,,,,,,,,,,,,,,,,,,,,,,,,,,,,,,,,,,,,,,,,,,,,,,,66f4726dc4e69b1798df357c,5f04b7a99b50ac10df3a9eac,APPROVED,Not Applicable,2024-09-25T20:28:34.321000Z,2024-09-25T20:37:44.072000Z,2024-09-25T20:37:52.401000Z,2024-09-25T20:37:52.291600Z,550.0,C1BTHULB,495,White,Undergraduate degree (BA/BSc/other),42,Female,White,United States,United States,United States,English,No,"Not in paid work (e.g. homemaker', 'retired or disabled)"
161,166,9rf9mx7u,,0,18,18,Section_7,EndSurvey,2024-09-25 20:29:03.019076,1,,,0.0,,,,,,,,,,,,,,ryu6snyq,,,,,0,Experiment_1_Persistence,https://app.prolific.com/submissions/complete?cc=C1BTHULB,0.0,1.0,166,,0.0,5e1c138a2bf9514062e4de6b,1,1,166,,0.0,D,B,D,A,B,D,B,D,B,A,DBDABDBDBA,0.1,0.0,0.0,1,1,166,,0.0,noisy,random,positive,Pass,black,1.0,1.0,1.0,Pass Box,1,1,166,,0.0,B,C,A,B,B,D,C,C,C,A,BCABBDCCCA,0.3,STEM Track,,0.0,0.0,1.0,1,1,166,,0.0,R,R,R,R,R,C,C,C,C,C,C,RRRRRCCCCCC,1,1,166,,0.0,0,0,1,0,0,0,0,0,0,To challenge myself.,Computer Science,Thank you.,STEM Track,1,1,,,,,,,,,,,,,,,,,,,,,,,,,,,,,,,,,,,,,,,,,,,,,,,,,,,,,,,,66f47289de115fb541614fcf,5e1c138a2bf9514062e4de6b,APPROVED,Not Applicable,2024-09-25T20:29:00.928000Z,2024-09-25T20:36:56.776000Z,2024-09-25T20:36:59.180000Z,2024-09-25T20:36:57.514405Z,476.0,C1BTHULB,5908,White,Technical/community college,38,Male,White,United States,United States,United States,English,No,Full-Time
162,167,k1hojhzy,,0,18,18,Section_7,EndSurvey,2024-09-25 20:29:03.348868,1,,,0.0,,,,,,,,,,,,,,ryu6snyq,,,,,0,Experiment_1_Persistence,https://app.prolific.com/submissions/complete?cc=C1BTHULB,0.0,1.0,167,,0.0,666521a72d980c779a45cbbd,1,1,167,,0.0,D,B,B,C,A,A,C,B,C,B,DBBCAACBCB,0.2,0.0,0.0,1,1,167,,0.0,noisy,random,negative,Pass,red,50.0,2.0,2.0,Pass Box,1,1,167,,0.0,C,C,A,D,D,B,C,C,D,A,CCADDBCCDA,0.1,STEM Track,,0.0,0.0,2.0,1,1,167,,0.0,R,R,R,R,R,C,C,C,C,C,C,RRRRRCCCCCC,1,1,167,,0.0,0,0,1,0,0,0,0,0,0,I wanted the higher bonus,healthcare,the math was hard ,STEM Track,1,1,,,,,,,,,,,,,,,,,,,,,,,,,,,,,,,,,,,,,,,,,,,,,,,,,,,,,,,,66f472852f4f12c0cae62499,666521a72d980c779a45cbbd,APPROVED,Not Applicable,2024-09-25T20:28:59.879000Z,2024-09-25T20:43:58.598000Z,2024-09-25T20:45:23.043000Z,2024-09-25T20:46:16.261134Z,899.0,C1BTHULB,144,White,Technical/community college,44,Female,White,United States,United States,United States,English,No,Part-Time
163,168,jm0iy97l,,0,18,18,Section_7,EndSurvey,2024-09-25 20:29:11.860152,1,,,0.0,,,,,,,,,,,,,,ryu6snyq,,,,,0,Experiment_1_Persistence,https://app.prolific.com/submissions/complete?cc=C1BTHULB,0.0,1.0,168,,0.0,5c7f17223eaee4001614f4b1,1,1,168,,0.0,A,A,B,B,D,B,D,A,C,C,AABBDBDACC,0.6,0.0,0.0,1,1,168,,0.0,noisy,random,negative,Fail,red,90.0,6.0,7.0,Pass Box,1,1,168,,0.0,D,B,A,C,B,D,A,B,C,D,DBACBDABCD,1.0,Non-STEM Track,,0.0,0.0,7.0,1,1,168,,0.0,R,R,R,R,R,C,C,C,C,C,C,RRRRRCCCCCC,1,1,168,,0.0,0,0,1,0,0,0,0,0,0,I decided to choose the Non-STEM track because the questions that I were given previously were rather hard to solve. I didn't know if the next STEM track would be even harder so I decided to play it safe.,"I studied Finance and Management in college. Since I'm a recent college graduate, I do not have industry experience.",I think it was a very interesting experience since I wasnt prepared for STEM questions but it was also a nice change of pace.,Non-STEM Track,1,1,,,,,,,,,,,,,,,,,,,,,,,,,,,,,,,,,,,,,,,,,,,,,,,,,,,,,,,,66f4728e155589c852ffd979,5c7f17223eaee4001614f4b1,APPROVED,Not Applicable,2024-09-25T20:29:09.771000Z,2024-09-25T20:42:05.172000Z,2024-09-25T20:42:11.199000Z,2024-09-25T20:42:27.160844Z,776.0,C1BTHULB,603,Black/African American,Undergraduate degree (BA/BSc/other),23,Male,Black,United States,United States,United States,English,No,Unemployed (and job seeking)
164,169,0w0gz4cu,,0,18,18,Section_7,EndSurvey,2024-09-25 20:29:13.050403,1,,,0.0,,,,,,,,,,,,,,ryu6snyq,,,,,0,Experiment_1_Persistence,https://app.prolific.com/submissions/complete?cc=C1BTHULB,0.0,1.0,169,,0.0,607254cd31c9aa4682a4672c,1,1,169,,0.0,B,A,D,C,C,B,C,B,A,C,BADCCBCBAC,0.2,0.0,1727296215.475,1,1,169,,0.0,noisy,random,positive,Fail,red,19.0,2.0,3.0,Fail Box,1,1,169,,0.0,D,B,A,C,B,D,A,B,C,D,DBACBDABCD,1.0,Non-STEM Track,,0.0,0.0,3.0,1,1,169,,0.0,R,C,C,C,C,C,C,C,C,C,C,RCCCCCCCCCC,1,1,169,,0.0,0,0,1,0,0,0,0,0,0,"I thought it was safer to get a bonus per question rather than pass or fail. Also, I hate math.","Biology, English, Humanities, Public Relations",I was frustrated with the math section.,Non-STEM Track,1,1,,,,,,,,,,,,,,,,,,,,,,,,,,,,,,,,,,,,,,,,,,,,,,,,,,,,,,,,66f4728bc937fb6b8e8a533d,607254cd31c9aa4682a4672c,APPROVED,Not Applicable,2024-09-25T20:29:09.456000Z,2024-09-25T20:38:44.325000Z,2024-09-25T20:38:46.217000Z,2024-09-25T20:38:46.120902Z,575.0,C1BTHULB,1410,White,Graduate degree (MA/MSc/MPhil/other),26,Female,White,United States,United States,United States,English,No,Full-Time
165,170,8wtvg2yf,,0,18,18,Section_7,EndSurvey,2024-09-25 20:29:31.612357,1,,,0.0,,,,,,,,,,,,,,ryu6snyq,,,,,0,Experiment_1_Persistence,https://app.prolific.com/submissions/complete?cc=C1BTHULB,0.0,1.0,170,,0.0,6637ab726b91eaf9e6582b89,1,1,170,,0.0,D,D,B,C,B,B,C,D,C,A,DDBCBBCDCA,0.3,0.0,0.0,1,1,170,,0.0,noisy,random,positive,Pass,black,0.0,2.0,2.0,Pass Box,1,1,170,,0.0,D,B,A,C,B,D,A,B,C,D,DBACBDABCD,1.0,Non-STEM Track,,0.0,0.0,2.0,1,1,170,,0.0,R,R,R,R,R,C,C,C,C,C,C,RRRRRCCCCCC,1,1,170,,0.0,0,0,0,1,1,0,0,0,0,Math is not my best subjects. ,"IT, Marketing. ","Experience was good, no feedback! ",Non-STEM Track,1,1,,,,,,,,,,,,,,,,,,,,,,,,,,,,,,,,,,,,,,,,,,,,,,,,,,,,,,,,66f4729f5684a9ff1f5258be,6637ab726b91eaf9e6582b89,APPROVED,Not Applicable,2024-09-25T20:29:26.516000Z,2024-09-25T20:35:48.117000Z,2024-09-25T20:36:37.439000Z,2024-09-25T20:36:19.434709Z,382.0,C1BTHULB,17,White,Technical/community college,31,Female,White,United States,United States,United States,English,No,Part-Time
166,171,13k7v4sz,,0,18,18,Section_7,EndSurvey,2024-09-25 20:29:34.260315,1,,,0.0,,,,,,,,,,,,,,ryu6snyq,,,,,0,Experiment_1_Persistence,https://app.prolific.com/submissions/complete?cc=C1BTHULB,0.0,1.0,171,,0.0,66c49506c24e39d11f5d89fc,1,1,171,,0.0,D,D,B,B,B,A,D,C,A,B,DDBBBADCAB,0.5,0.0,0.0,1,1,171,,0.0,noisy,random,ground,Pass,red,50.0,4.0,4.0,Pass Box,1,1,171,,0.0,D,B,A,C,B,D,A,B,C,D,DBACBDABCD,1.0,Non-STEM Track,,0.0,0.0,4.0,1,1,171,,0.0,R,R,R,R,R,C,C,C,C,C,C,RRRRRCCCCCC,1,1,171,,0.0,0,0,1,0,0,0,0,0,0,guaranteed money and seemed less confusing,"I studied psychology and have worked in education, childcare, and private assistance.","It was a little confusing but alot of fun, thank you!",Non-STEM Track,1,1,,,,,,,,,,,,,,,,,,,,,,,,,,,,,,,,,,,,,,,,,,,,,,,,,,,,,,,,66f472a515fd10777e983d5e,66c49506c24e39d11f5d89fc,APPROVED,Not Applicable,2024-09-25T20:29:31.313000Z,2024-09-25T20:42:17.847000Z,2024-09-25T20:42:18.703000Z,2024-09-25T20:42:39.128748Z,767.0,C1BTHULB,168,White,Undergraduate degree (BA/BSc/other),37,Female,White,United States,United States,United States,English,No,Part-Time
167,172,bpvt5eut,,0,18,18,Section_7,EndSurvey,2024-09-25 20:29:35.369135,1,,,0.0,,,,,,,,,,,,,,ryu6snyq,,,,,0,Experiment_1_Persistence,https://app.prolific.com/submissions/complete?cc=C1BTHULB,0.0,1.0,172,,0.0,666e6fdc0d4a47213fa8722a,1,1,172,,0.0,D,C,C,D,C,A,B,B,C,C,DCCDCABBCC,0.2,0.0,0.0,1,1,172,,0.0,noisy,random,ground,Fail,black,60.0,4.0,5.0,Fail Box,1,1,172,,0.0,D,B,A,C,B,A,A,B,C,D,DBACBAABCD,0.9,Non-STEM Track,,0.0,0.0,5.0,1,1,172,,0.0,R,R,R,R,C,C,C,R,C,C,C,RRRRCCCRCCC,1,1,172,,0.0,0,0,1,0,0,0,0,0,0,I had stem teachers that didn't encourage or teach properly. Didn't really learn.,"English, social studies, and math. ",Na,Non-STEM Track,1,1,,,,,,,,,,,,,,,,,,,,,,,,,,,,,,,,,,,,,,,,,,,,,,,,,,,,,,,,66f4727342e7e78c4cf74736,666e6fdc0d4a47213fa8722a,APPROVED,Not Applicable,2024-09-25T20:29:07.241000Z,2024-09-25T20:44:00.481000Z,2024-09-25T20:45:23.721000Z,2024-09-25T20:46:16.928179Z,894.0,C1BTHULB,42,Latino/Hispanic,High school diploma/A-levels,25,Female,Other,United States,United States,Guatemala,English,No,Part-Time
168,173,06w8v0m5,,0,18,18,Section_7,EndSurvey,2024-09-25 20:29:35.469852,1,,,0.0,,,,,,,,,,,,,,ryu6snyq,,,,,0,Experiment_1_Persistence,https://app.prolific.com/submissions/complete?cc=C1BTHULB,0.0,1.0,173,,0.0,58be2fc3bfc0f4000179f3c5,1,1,173,,0.0,,,,,,,,,,,__________,0.0,0.0,0.0,1,1,173,,0.0,noisy,random,negative,Fail,red,64.0,6.0,5.0,Pass Box,1,1,173,,0.0,B,C,C,B,A,D,C,A,C,C,BCCBADCACC,0.7,STEM Track,,0.0,0.0,5.0,1,1,173,,0.0,R,R,R,R,R,C,C,C,C,C,C,RRRRRCCCCCC,1,1,173,,0.0,0,0,1,0,0,0,0,0,1,I thought science was the basis of reality.,"math, computer science, philosophy, education","I had no paper handy. If I had scratch paper I would likely have done much better. As it was, on the second set I just guessed on the last few after I knew I had gottern five or six right.",STEM Track,1,1,,,,,,,,,,,,,,,,,,,,,,,,,,,,,,,,,,,,,,,,,,,,,,,,,,,,,,,,66f472a674f2afc581c4301b,58be2fc3bfc0f4000179f3c5,APPROVED,Not Applicable,2024-09-25T20:29:31.244000Z,2024-09-25T20:50:49.917000Z,2024-09-25T20:50:53.382000Z,2024-09-25T20:50:51.076894Z,1279.0,C1BTHULB,5025,White,Doctorate degree (PhD/other),53,Male,White,United States,United States,United States,English,No,Unemployed (and job seeking)
169,174,u39hqbov,,0,18,18,Section_7,EndSurvey,2024-09-25 20:29:48.970564,1,,,0.0,,,,,,,,,,,,,,ryu6snyq,,,,,0,Experiment_1_Persistence,https://app.prolific.com/submissions/complete?cc=C1BTHULB,0.0,1.0,174,,0.0,5f4fe426bc50f511ff591125,1,1,174,,0.0,D,C,B,B,A,B,B,B,A,A,DCBBABBBAA,0.2,0.0,0.0,1,1,174,,0.0,noisy,random,negative,Pass,red,5.0,1.0,1.0,Pass Box,1,1,174,,0.0,A,A,A,A,A,A,A,A,A,A,AAAAAAAAAA,0.4,STEM Track,,0.0,0.0,1.0,1,1,174,,0.0,R,R,R,R,R,R,C,C,C,C,C,RRRRRRCCCCC,1,1,174,,0.0,0,0,1,0,0,0,0,0,0,more chance of more money,"English, personal finance",,STEM Track,1,1,,,,,,,,,,,,,,,,,,,,,,,,,,,,,,,,,,,,,,,,,,,,,,,,,,,,,,,,66f472ac346320096079122a,5f4fe426bc50f511ff591125,APPROVED,Not Applicable,2024-09-25T20:29:39.700000Z,2024-09-25T20:38:45.381000Z,2024-09-25T20:38:51.488000Z,2024-09-25T20:38:46.335514Z,546.0,C1BTHULB,965,Caribbean,High school diploma/A-levels,22,Male,Mixed,United States,United States,United States,English,Yes,Unemployed (and job seeking)
170,176,5ysgax4n,,0,18,18,Section_7,EndSurvey,2024-09-25 20:29:56.243927,1,,,0.0,,,,,,,,,,,,,,ryu6snyq,,,,,0,Experiment_1_Persistence,https://app.prolific.com/submissions/complete?cc=C1BTHULB,0.0,1.0,176,,0.0,668327594e2bd7a211c3fa6f,1,1,176,,0.0,D,D,D,D,D,D,D,D,D,D,DDDDDDDDDD,0.1,0.0,0.0,1,1,176,,0.0,noisy,random,negative,Fail,black,75.0,3.0,3.0,Fail Box,1,1,176,,0.0,D,B,A,C,B,D,A,B,C,D,DBACBDABCD,1.0,Non-STEM Track,,0.0,0.0,3.0,1,1,176,,0.0,R,R,R,R,R,C,C,C,C,C,C,RRRRRCCCCCC,1,1,176,,0.0,0,0,1,0,1,0,0,0,0,"Because I assumed the black ball indicated that I failed the first test, so I wanted to try something different. I felt pressured with the timer and hadn't done algebra in nearly 20 years.","Architecture, Accounting, Non-Profit, Human Services",Experience was enjoyable. No feedback.,Non-STEM Track,1,1,,,,,,,,,,,,,,,,,,,,,,,,,,,,,,,,,,,,,,,,,,,,,,,,,,,,,,,,66f472bb5448fc4513657d0c,668327594e2bd7a211c3fa6f,APPROVED,Not Applicable,2024-09-25T20:29:51.855000Z,2024-09-25T20:44:39.047000Z,2024-09-25T20:45:37.862000Z,2024-09-25T20:46:35.292760Z,888.0,C1BTHULB,310,White,Technical/community college,34,Female,White,United States,United States,United States,English,No,Full-Time
171,177,436yltt4,,0,18,18,Section_7,EndSurvey,2024-09-25 20:30:08.573464,1,,,0.0,,,,,,,,,,,,,,ryu6snyq,,,,,0,Experiment_1_Persistence,https://app.prolific.com/submissions/complete?cc=C1BTHULB,0.0,1.0,177,,0.0,66463b51bfb8084f4f45b602,1,1,177,,0.0,D,A,C,C,B,B,D,C,B,B,DACCBBDCBB,0.7,0.0,0.0,1,1,177,,0.0,noisy,random,positive,Fail,red,80.0,8.0,8.0,Pass Box,1,1,177,,0.0,B,B,C,C,A,D,C,A,D,C,BBCCADCADC,0.7,STEM Track,,0.0,0.0,8.0,1,1,177,,0.0,R,R,R,C,C,C,C,C,C,C,C,RRRCCCCCCCC,1,1,177,,0.0,1,0,0,0,0,0,0,0,0,It seemed like a less risky track given the previous questions,"English, Sociology, Communications",Everything went well,STEM Track,1,1,,,,,,,,,,,,,,,,,,,,,,,,,,,,,,,,,,,,,,,,,,,,,,,,,,,,,,,,66f470f00191b67e5f8290ab,66463b51bfb8084f4f45b602,APPROVED,Not Applicable,2024-09-25T20:30:04.317000Z,2024-09-25T20:51:02.130000Z,2024-09-25T20:51:03.663000Z,2024-09-25T20:51:03.207121Z,1258.0,C1BTHULB,697,Mixed,Undergraduate degree (BA/BSc/other),30,Female,Mixed,United States,United States,United States,English,No,Full-Time
172,178,gxl0phpu,,0,18,18,Section_7,EndSurvey,2024-09-25 20:30:10.830487,1,,,0.0,,,,,,,,,,,,,,ryu6snyq,,,,,0,Experiment_1_Persistence,https://app.prolific.com/submissions/complete?cc=C1BTHULB,0.0,1.0,178,,0.0,6134d9cf96a9c6192e24866d,1,1,178,,0.0,B,B,C,C,B,D,C,B,C,B,BBCCBDCBCB,0.4,1.0,8.717,1,1,178,,0.0,noisy,random,negative,Pass,red,50.0,4.0,4.0,Fail Box,1,1,178,,0.0,D,B,A,C,B,D,A,B,C,D,DBACBDABCD,1.0,Non-STEM Track,,0.0,0.0,4.0,1,1,178,,0.0,R,R,R,R,R,C,C,C,C,C,C,RRRRRCCCCCC,1,1,178,,0.0,0,0,1,0,0,0,0,0,0,I wanted to answer easier questions.  ,I only went to one year of college and took core classes.  I have worked in marketing and in sales.  ,The experience was good but the math was beyond my level of math skills.  ,Non-STEM Track,1,1,,,,,,,,,,,,,,,,,,,,,,,,,,,,,,,,,,,,,,,,,,,,,,,,,,,,,,,,66f472cb9cc80f433490a919,6134d9cf96a9c6192e24866d,APPROVED,Not Applicable,2024-09-25T20:30:07.808000Z,2024-09-25T20:45:08.636000Z,2024-09-25T20:45:42.576000Z,2024-09-25T20:46:54.626580Z,901.0,C1BTHULB,2560,White,High school diploma/A-levels,64,Female,White,United States,United States,United States,English,No,Full-Time
173,179,tsawlwd7,,0,18,18,Section_7,EndSurvey,2024-09-25 20:30:11.815712,1,,,0.0,,,,,,,,,,,,,,ryu6snyq,,,,,0,Experiment_1_Persistence,https://app.prolific.com/submissions/complete?cc=C1BTHULB,0.0,1.0,179,,0.0,61000d9f866cb789b6472c51,1,1,179,,0.0,D,D,D,D,C,B,B,C,C,A,DDDDCBBCCA,0.3,0.0,0.0,1,1,179,,0.0,noisy,random,positive,Pass,black,10.0,2.0,3.0,Pass Box,1,1,179,,0.0,C,A,C,D,A,C,B,D,A,A,CACDACBDAA,0.3,STEM Track,,0.0,0.0,3.0,1,1,179,,0.0,R,C,C,C,C,C,C,C,C,C,C,RCCCCCCCCCC,1,1,179,,0.0,0,0,1,0,0,0,0,0,0,I wasnt sure what stem vs non stem meant so i just chose stem,i studied art and worked in marketing.,it was very difficult to understand.,STEM Track,1,1,,,,,,,,,,,,,,,,,,,,,,,,,,,,,,,,,,,,,,,,,,,,,,,,,,,,,,,,66f472cc7b85e49fabd13fc2,61000d9f866cb789b6472c51,APPROVED,Not Applicable,2024-09-25T20:30:07.988000Z,2024-09-25T20:34:41.202000Z,2024-09-25T23:19:33.034000Z,2024-09-25T20:35:11.303328Z,274.0,C1BTHULB,849,White,Undergraduate degree (BA/BSc/other),31,Female,White,United States,United States,United States,English,No,Full-Time
174,180,m4ptq683,,0,18,18,Section_7,EndSurvey,2024-09-25 20:30:14.765923,1,,,0.0,,,,,,,,,,,,,,ryu6snyq,,,,,0,Experiment_1_Persistence,https://app.prolific.com/submissions/complete?cc=C1BTHULB,0.0,1.0,180,,0.0,60fcec5f448d6d34a22bcafb,1,1,180,,0.0,C,D,C,A,B,C,B,A,B,C,CDCABCBABC,0.2,0.0,0.0,1,1,180,,0.0,noisy,random,positive,Pass,red,0.0,0.0,0.0,Fail Box,1,1,180,,0.0,D,B,A,C,B,D,A,B,C,D,DBACBDABCD,1.0,Non-STEM Track,,0.0,0.0,0.0,1,1,180,,0.0,R,R,R,R,R,R,R,C,C,C,C,RRRRRRRCCCC,1,1,180,,0.0,0,0,1,0,0,0,0,0,0,I thought I would have a better chance of answering correctly.,I studied art and science in school. I work in banking.,Great. ,Non-STEM Track,1,1,,,,,,,,,,,,,,,,,,,,,,,,,,,,,,,,,,,,,,,,,,,,,,,,,,,,,,,,66f472bd13561a26da5ac06c,60fcec5f448d6d34a22bcafb,APPROVED,Not Applicable,2024-09-25T20:29:56.483000Z,2024-09-25T20:39:13.604000Z,2024-09-25T20:39:19.553000Z,2024-09-25T20:39:14.534855Z,558.0,C1BTHULB,2300,White,Technical/community college,38,Female,White,United States,United States,United States,English,No,Full-Time
175,181,1ble38wi,,0,18,18,Section_7,EndSurvey,2024-09-25 20:30:34.578186,1,,,0.0,,,,,,,,,,,,,,ryu6snyq,,,,,0,Experiment_1_Persistence,https://app.prolific.com/submissions/complete?cc=C1BTHULB,0.0,1.0,181,,0.0,5f5128c3aa1c4e30e4506d2c,1,1,181,,0.0,D,A,D,C,B,A,C,C,C,B,DADCBACCCB,0.5,0.0,0.0,1,1,181,,0.0,noisy,random,negative,Pass,red,50.0,5.0,4.0,Pass Box,1,1,181,,0.0,D,B,A,C,B,D,A,B,C,D,DBACBDABCD,1.0,Non-STEM Track,,0.0,0.0,4.0,1,1,181,,0.0,R,R,R,R,R,R,C,C,C,C,C,RRRRRRCCCCC,1,1,181,,0.0,0,0,1,0,0,0,0,0,0,"I expected another math test, which I wasn't confident in doing sufficiently well.",Economics and philosophy; sales and retail,It was very complex.  I spent a lot of time figuring out wat was being asked.,Non-STEM Track,1,1,,,,,,,,,,,,,,,,,,,,,,,,,,,,,,,,,,,,,,,,,,,,,,,,,,,,,,,,66f472df57b787effec12334,5f5128c3aa1c4e30e4506d2c,APPROVED,Not Applicable,2024-09-25T20:30:30.219000Z,2024-09-25T20:49:12.395000Z,2024-09-25T20:49:15.195000Z,2024-09-25T20:49:13.543312Z,1123.0,C1BTHULB,1214,White,Undergraduate degree (BA/BSc/other),79,Male,White,United States,United States,United States,English,DATA_EXPIRED,DATA_EXPIRED
176,182,23p7sx84,,0,18,18,Section_7,EndSurvey,2024-09-25 20:30:38.140189,1,,,0.0,,,,,,,,,,,,,,ryu6snyq,,,,,0,Experiment_1_Persistence,https://app.prolific.com/submissions/complete?cc=C1BTHULB,0.0,1.0,182,,0.0,666e78556e916cd782e9c41b,1,1,182,,0.0,D,A,D,C,B,C,A,A,B,B,DADCBCAABB,0.3,0.0,0.0,1,1,182,,0.0,noisy,random,ground,Fail,black,60.0,5.0,5.0,Fail Box,1,1,182,,0.0,B,D,C,A,B,D,C,A,B,D,BDCABDCABD,0.7,STEM Track,,0.0,0.0,5.0,1,1,182,,0.0,R,R,R,C,C,C,C,C,C,C,C,RRRCCCCCCCC,1,1,182,,0.0,0,0,1,0,1,0,0,0,0,"I decided to choose the STEM track, as I used to have a fascination with mathematics along with science. I had previously wanted to become a pediatric neurologist which, in turn, propelled me to do well in my studies. I have since taken a different route in finance & accounting, but I still enjoy mathematics.","The main subjects I have studied and am currently studying as a college student is primarily mathematics, finance, accounting, and management, as well as a few English & science classes in that mix.",My experience was great. I enjoyed the challenge of this study and hope to be able to participate in similar studies at a future date. Thank you for the opportunity. ,STEM Track,1,1,,,,,,,,,,,,,,,,,,,,,,,,,,,,,,,,,,,,,,,,,,,,,,,,,,,,,,,,66f472d241fb7f66f1b7c3a7,666e78556e916cd782e9c41b,APPROVED,Not Applicable,2024-09-25T20:30:34.258000Z,2024-09-25T20:55:32.075000Z,2024-09-25T20:56:15.615000Z,2024-09-25T20:55:42.558498Z,1498.0,C1BTHULB,187,Latino/Hispanic,Undergraduate degree (BA/BSc/other),22,Male,Mixed,United States,United States,United States,English,Yes,Part-Time
177,183,a54ur52n,,0,18,18,Section_7,EndSurvey,2024-09-25 20:30:42.501729,1,,,0.0,,,,,,,,,,,,,,ryu6snyq,,,,,0,Experiment_1_Persistence,https://app.prolific.com/submissions/complete?cc=C1BTHULB,0.0,1.0,183,,0.0,6595826f3295eff742fead3b,1,1,183,,0.0,D,A,,B,B,B,D,C,,B,DA_BBBDC_B,0.7,0.0,0.0,1,1,183,,0.0,noisy,random,positive,Pass,red,80.0,6.0,7.0,Not Sure,1,1,183,,0.0,B,D,C,A,A,D,C,A,B,C,BDCAADCABC,0.9,STEM Track,,0.0,0.0,7.0,1,1,183,,0.0,R,R,R,R,R,C,C,C,C,C,C,RRRRRCCCCCC,1,1,183,,0.0,0,0,1,0,0,0,0,0,1,I like math,"Studied math, work in advertising","Fine, no comments",STEM Track,1,1,,,,,,,,,,,,,,,,,,,,,,,,,,,,,,,,,,,,,,,,,,,,,,,,,,,,,,,,66f472ec0f5e9958a3bfacd3,6595826f3295eff742fead3b,APPROVED,Not Applicable,2024-09-25T20:30:39.577000Z,2024-09-25T20:49:21.045000Z,2024-09-25T20:49:22.622000Z,2024-09-25T20:49:21.817776Z,1122.0,C1BTHULB,835,East Asian,Graduate degree (MA/MSc/MPhil/other),32,Female,Asian,China,United States,United States,English,DATA_EXPIRED,DATA_EXPIRED
178,184,394dnex8,,0,18,18,Section_7,EndSurvey,2024-09-25 20:30:54.000514,1,,,0.0,,,,,,,,,,,,,,ryu6snyq,,,,,0,Experiment_1_Persistence,https://app.prolific.com/submissions/complete?cc=C1BTHULB,0.0,1.0,184,,0.0,66eefad599c98b63de307a56,1,1,184,,0.0,D,D,B,B,A,B,D,,,,DDBBABD___,0.3,1.0,146.339,1,1,184,,0.0,noisy,random,ground,Fail,black,60.0,7.0,7.0,Fail Box,1,1,184,,0.0,D,B,A,C,B,D,A,B,C,D,DBACBDABCD,1.0,Non-STEM Track,,0.0,0.0,7.0,1,1,184,,0.0,R,R,R,R,R,C,C,C,C,C,C,RRRRRCCCCCC,1,1,184,,0.0,0,0,1,0,0,0,0,0,0,time,science and healthcare,it was okay,Non-STEM Track,1,1,,,,,,,,,,,,,,,,,,,,,,,,,,,,,,,,,,,,,,,,,,,,,,,,,,,,,,,,66f472b37302c06705ae9dc4,66eefad599c98b63de307a56,APPROVED,Not Applicable,2024-09-25T20:30:48.109000Z,2024-09-25T20:50:58.601000Z,2024-09-25T20:50:59.682000Z,2024-09-25T20:50:59.352625Z,1211.0,C1BTHULB,14,Black/African American,Undergraduate degree (BA/BSc/other),22,Female,Black,United States,United States,United States,English,Yes,Full-Time
179,185,g35kptrz,,0,18,18,Section_7,EndSurvey,2024-09-25 20:30:54.868777,1,,,0.0,,,,,,,,,,,,,,ryu6snyq,,,,,0,Experiment_1_Persistence,https://app.prolific.com/submissions/complete?cc=C1BTHULB,0.0,1.0,185,,0.0,664bd0f088bcdd76b857ce24,1,1,185,,0.0,D,B,A,B,D,B,C,A,D,A,DBABDBCADA,0.2,0.0,0.0,1,1,185,,0.0,noisy,random,negative,Fail,black,30.0,1.0,3.0,Fail Box,1,1,185,,0.0,D,B,A,C,B,D,A,B,C,D,DBACBDABCD,1.0,Non-STEM Track,,0.0,0.0,3.0,1,1,185,,0.0,R,R,R,R,R,R,C,C,C,C,C,RRRRRRCCCCC,1,1,185,,0.0,0,1,0,0,0,0,0,0,0,I tend to do better with language than i do with math lately,"Main subjects i studied in highschool were the social sciences like psychology, goverment, history, and law. I also started in colletge in cybersecurity but switched to criminal justice major ",Pretty good tho im kinda sad with how bad i did on the first math portion,Non-STEM Track,1,1,,,,,,,,,,,,,,,,,,,,,,,,,,,,,,,,,,,,,,,,,,,,,,,,,,,,,,,,66f472f641fb7f66f1b7c3b8,664bd0f088bcdd76b857ce24,APPROVED,Not Applicable,2024-09-25T20:30:51.748000Z,2024-09-25T20:41:10.565000Z,2024-09-25T20:41:11.330000Z,2024-09-25T20:41:11.613473Z,619.0,C1BTHULB,401,White,Technical/community college,24,Male,White,United States,United States,United States,English,Yes,Unemployed (and job seeking)
180,186,0y4mbf75,,0,18,18,Section_7,EndSurvey,2024-09-25 20:30:55.939628,1,,,0.0,,,,,,,,,,,,,,ryu6snyq,,,,,0,Experiment_1_Persistence,https://app.prolific.com/submissions/complete?cc=C1BTHULB,0.0,1.0,186,,0.0,66d77183848780bed7462056,1,1,186,,0.0,D,A,A,A,D,A,A,A,A,A,DAAADAAAAA,0.1,0.0,0.0,1,1,186,,0.0,noisy,random,ground,Fail,black,50.0,1.0,3.0,Fail Box,1,1,186,,0.0,D,B,A,C,B,D,A,B,C,D,DBACBDABCD,1.0,Non-STEM Track,,0.0,0.0,3.0,1,1,186,,0.0,R,R,R,R,R,C,C,C,C,C,C,RRRRRCCCCCC,1,1,186,,0.0,0,0,1,0,0,0,0,0,0,"My skills are more language oriented and less math and science oriented, so I would do better at non-STEM activities. ","English, writing, philosphy. I've mostly worked physical labor jobs. ",It'd be interesting to see if I guessed any of the math answers correctly. ,Non-STEM Track,1,1,,,,,,,,,,,,,,,,,,,,,,,,,,,,,,,,,,,,,,,,,,,,,,,,,,,,,,,,66f472ee067495a48be12a4e,66d77183848780bed7462056,APPROVED,Not Applicable,2024-09-25T20:30:48.777000Z,2024-09-25T20:46:18.631000Z,2024-09-25T20:46:20.056000Z,2024-09-25T20:47:48.101771Z,930.0,C1BTHULB,60,White,Undergraduate degree (BA/BSc/other),63,Female,White,United States,United States,United States,English,No,Part-Time
181,187,4g6kdy3d,,0,18,18,Section_7,EndSurvey,2024-09-25 20:30:59.918349,1,,,0.0,,,,,,,,,,,,,,ryu6snyq,,,,,0,Experiment_1_Persistence,https://app.prolific.com/submissions/complete?cc=C1BTHULB,0.0,1.0,187,,0.0,66783438ca6ccf63acf349d8,1,1,187,,0.0,B,B,A,C,A,C,B,A,B,D,BBACACBABD,0.0,0.0,0.0,1,1,187,,0.0,noisy,random,ground,Fail,black,100.0,2.0,1.0,Pass Box,1,1,187,,0.0,C,C,C,C,C,C,C,C,C,C,CCCCCCCCCC,0.3,STEM Track,,0.0,0.0,1.0,1,1,187,,0.0,R,R,C,R,R,R,R,R,R,R,R,RRCRRRRRRRR,1,1,187,,0.0,0,0,0,0,1,0,0,0,0,The chance,History,Good,STEM Track,1,1,,,,,,,,,,,,,,,,,,,,,,,,,,,,,,,,,,,,,,,,,,,,,,,,,,,,,,,,66f472f9abb477d8b8d1f48f,66783438ca6ccf63acf349d8,APPROVED,Not Applicable,2024-09-25T20:30:55.885000Z,2024-09-25T20:38:24.830000Z,2024-09-25T20:38:27.008000Z,2024-09-25T20:38:25.529744Z,449.0,C1BTHULB,151,Mixed,Undergraduate degree (BA/BSc/other),31,Male,White,United States,United States,United States,English,No,Full-Time
182,188,3f0r4kyr,,0,18,18,Section_7,EndSurvey,2024-09-25 20:31:01.231452,1,,,0.0,,,,,,,,,,,,,,ryu6snyq,,,,,0,Experiment_1_Persistence,https://app.prolific.com/submissions/complete?cc=C1BTHULB,0.0,1.0,188,,0.0,60873d2ab16643e5a08cafd2,1,1,188,,0.0,D,A,B,D,C,A,B,D,B,C,DABDCABDBC,0.1,0.0,0.0,1,1,188,,0.0,noisy,random,positive,Fail,red,50.0,4.0,3.0,Fail Box,1,1,188,,0.0,D,B,A,C,B,D,A,B,C,D,DBACBDABCD,1.0,Non-STEM Track,,0.0,0.0,3.0,1,1,188,,0.0,R,R,R,R,R,C,C,C,C,C,C,RRRRRCCCCCC,1,1,188,,0.0,0,0,1,0,0,0,0,0,0,I felt like I wanted payment for each question I answered.,I studied STEM in high school. I have worked in corrections and court services.,I enjoyed the task. The math was very difficult.,Non-STEM Track,1,1,,,,,,,,,,,,,,,,,,,,,,,,,,,,,,,,,,,,,,,,,,,,,,,,,,,,,,,,66f472f7abd48122b98a5419,60873d2ab16643e5a08cafd2,APPROVED,Not Applicable,2024-09-25T20:30:53.500000Z,2024-09-25T20:47:12.450000Z,2024-09-25T20:47:13.333000Z,2024-09-25T20:48:07.751761Z,979.0,C1BTHULB,2231,White,Undergraduate degree (BA/BSc/other),32,Male,White,United States,United States,United States,English,No,Full-Time
183,189,pvar9nni,,0,18,18,Section_7,EndSurvey,2024-09-25 20:31:02.213231,1,,,0.0,,,,,,,,,,,,,,ryu6snyq,,,,,0,Experiment_1_Persistence,https://app.prolific.com/submissions/complete?cc=C1BTHULB,0.0,1.0,189,,0.0,66b838839480f958acce79d0,1,1,189,,0.0,B,C,A,A,D,B,A,A,C,B,BCAADBAACB,0.3,0.0,0.0,1,1,189,,0.0,noisy,random,positive,Fail,red,5.0,2.0,5.0,Pass Box,1,1,189,,0.0,B,A,C,D,A,A,B,C,B,A,BACDAABCBA,0.5,STEM Track,,0.0,0.0,5.0,1,1,189,,0.0,R,R,R,R,R,C,R,C,C,C,C,RRRRRCRCCCC,1,1,189,,0.0,1,0,0,0,0,0,0,0,0,Extra money ,Math ,It was okay hope I got the bonus the survey was buggy when clicking my choices ,STEM Track,1,1,,,,,,,,,,,,,,,,,,,,,,,,,,,,,,,,,,,,,,,,,,,,,,,,,,,,,,,,66f472fd653fb6c18396e2a3,66b838839480f958acce79d0,APPROVED,Not Applicable,2024-09-25T20:30:58.426000Z,2024-09-25T20:37:47.795000Z,2024-09-25T20:38:00.318000Z,2024-09-25T20:37:57.493901Z,410.0,C1BTHULB,184,White,High school diploma/A-levels,27,Male,White,United States,United States,United States,English,No,Full-Time
184,190,6zdxcwyr,,0,18,18,Section_7,EndSurvey,2024-09-25 20:31:05.483970,1,,,0.0,,,,,,,,,,,,,,ryu6snyq,,,,,0,Experiment_1_Persistence,https://app.prolific.com/submissions/complete?cc=C1BTHULB,0.0,1.0,190,,0.0,65c3f7ea5a1dc70da3d465e9,1,1,190,,0.0,D,B,A,C,A,B,A,A,A,B,DBACABAAAB,0.2,0.0,0.0,1,1,190,,0.0,noisy,random,ground,Pass,red,10.0,0.0,1.0,Pass Box,1,1,190,,0.0,D,B,A,C,B,D,A,B,C,D,DBACBDABCD,1.0,Non-STEM Track,,0.0,0.0,1.0,1,1,190,,0.0,R,R,R,R,R,R,R,C,C,C,C,RRRRRRRCCCC,1,1,190,,0.0,0,0,1,0,0,0,0,0,0,"I'm not very good with numbers or math. I wasn't sure what the non-STEM track would test me on, but I knew I had a better chance with that option than the STEM track.",I mainly focused on linguistics and art classes. I chose to do less math classes because I didn't thrive in them.,"The first test without any warning was really hard! It definitely was a challenge, I don't think I have ever seen math like that. It's impressive that people can solve those problems like it's nothing. It's really fascinating that people have their distinct strengths and weaknesses. No feedback, thank you.",Non-STEM Track,1,1,,,,,,,,,,,,,,,,,,,,,,,,,,,,,,,,,,,,,,,,,,,,,,,,,,,,,,,,66f4730195b572c0d9261b5f,65c3f7ea5a1dc70da3d465e9,APPROVED,Not Applicable,2024-09-25T20:31:03.093000Z,2024-09-25T20:43:12.762000Z,2024-09-25T20:45:10.976000Z,2024-09-25T20:45:43.169247Z,730.0,C1BTHULB,220,White,High school diploma/A-levels,21,Female,White,United States,United States,United States,English,No,Full-Time
185,191,f5u6m02v,,0,18,18,Section_7,EndSurvey,2024-09-25 20:31:10.882410,1,,,0.0,,,,,,,,,,,,,,ryu6snyq,,,,,0,Experiment_1_Persistence,https://app.prolific.com/submissions/complete?cc=C1BTHULB,0.0,1.0,191,,0.0,6653b92cc7f248306bafe316,1,1,191,,0.0,D,A,B,C,D,B,,,,,DABCDB____,0.2,1.0,1.916,1,1,191,,0.0,noisy,random,ground,Fail,black,55.0,2.0,3.0,Fail Box,1,1,191,,0.0,D,B,A,C,B,D,A,B,C,D,DBACBDABCD,1.0,Non-STEM Track,,0.0,0.0,3.0,1,1,191,,0.0,R,R,R,R,C,C,C,C,C,C,C,RRRRCCCCCCC,1,1,191,,0.0,0,0,1,0,0,0,0,0,0,I have always referred to math as black magic. It is sinful to practice lol,"I went to a technology-focused high school and focused primarily on medical and biology topic. I've worked in very different, unrelated fields over the years.",It was fun.,Non-STEM Track,1,1,,,,,,,,,,,,,,,,,,,,,,,,,,,,,,,,,,,,,,,,,,,,,,,,,,,,,,,,66f472d58bdfe05babf05baf,6653b92cc7f248306bafe316,APPROVED,Not Applicable,2024-09-25T20:31:05.726000Z,2024-09-25T20:48:46.041000Z,2024-09-25T20:48:47.886000Z,2024-09-25T20:48:46.931578Z,1061.0,C1BTHULB,194,Black/African American,High school diploma/A-levels,32,Male,Black,United States,United States,United States,English,No,Other
187,193,7i7axza4,,0,18,18,Section_7,EndSurvey,2024-09-25 20:31:26.807242,1,,,0.0,,,,,,,,,,,,,,ryu6snyq,,,,,0,Experiment_1_Persistence,https://app.prolific.com/submissions/complete?cc=C1BTHULB,0.0,1.0,193,,0.0,60fce077c28a6e5608c284e6,1,1,193,,0.0,D,A,B,B,D,B,C,C,A,B,DABBDBCCAB,0.5,0.0,0.0,1,1,193,,0.0,noisy,random,positive,Pass,black,30.0,1.0,2.0,Pass Box,1,1,193,,0.0,B,B,C,C,A,B,C,D,A,C,BBCCABCDAC,0.5,STEM Track,,0.0,0.0,2.0,1,1,193,,0.0,R,R,R,R,C,C,C,C,C,C,C,RRRRCCCCCCC,1,1,193,,0.0,0,0,1,0,0,0,0,0,0,It gave the most money ,Art,,STEM Track,1,1,,,,,,,,,,,,,,,,,,,,,,,,,,,,,,,,,,,,,,,,,,,,,,,,,,,,,,,,66f47316e26d53a4c16c02e5,60fce077c28a6e5608c284e6,APPROVED,Not Applicable,2024-09-25T20:31:23.682000Z,2024-09-25T20:47:02.217000Z,2024-09-25T20:47:09.457000Z,2024-09-25T20:48:07.208129Z,939.0,C1BTHULB,268,Black/African American,High school diploma/A-levels,26,Female,Black,United States,United States,United States,English,Yes,Unemployed (and job seeking)
188,194,ys0r8zma,,0,18,18,Section_7,EndSurvey,2024-09-25 20:32:14.834871,1,,,0.0,,,,,,,,,,,,,,ryu6snyq,,,,,0,Experiment_1_Persistence,https://app.prolific.com/submissions/complete?cc=C1BTHULB,0.0,1.0,194,,0.0,5b6c72f29dc5550001f8a514,1,1,194,,0.0,D,A,C,B,B,D,C,A,A,C,DACBBDCAAC,0.4,0.0,0.0,1,1,194,,0.0,noisy,random,negative,Fail,black,20.0,4.0,5.0,Fail Box,1,1,194,,0.0,D,B,A,C,B,D,A,B,C,D,DBACBDABCD,1.0,Non-STEM Track,,0.0,0.0,5.0,1,1,194,,0.0,R,R,R,R,C,C,C,C,C,C,C,RRRRCCCCCCC,1,1,194,,0.0,0,0,1,0,0,0,0,0,0,I do not enjoy answering math questions.,studied: geography / city & regional planning  worked: public utilities / aviation,"it was good, no feedback.",Non-STEM Track,1,1,,,,,,,,,,,,,,,,,,,,,,,,,,,,,,,,,,,,,,,,,,,,,,,,,,,,,,,,66f473480c207d5dedf84da6,5b6c72f29dc5550001f8a514,APPROVED,Not Applicable,2024-09-25T20:32:12.034000Z,2024-09-25T20:39:12.812000Z,2024-09-25T20:39:14.863000Z,2024-09-25T20:39:15.580549Z,421.0,C1BTHULB,5261,White,Undergraduate degree (BA/BSc/other),39,Male,White,United States,United States,United States,English,No,DATA_EXPIRED
189,195,knr7jgy8,,0,18,18,Section_7,EndSurvey,2024-09-25 20:32:18.087165,1,,,0.0,,,,,,,,,,,,,,ryu6snyq,,,,,0,Experiment_1_Persistence,https://app.prolific.com/submissions/complete?cc=C1BTHULB,0.0,1.0,195,,0.0,667ff6d2bd193b9a57cbb7cc,1,1,195,,0.0,C,A,C,C,B,C,C,A,C,B,CACCBCCACB,0.5,0.0,0.0,1,1,195,,0.0,noisy,random,ground,Pass,red,20.0,2.0,5.0,Fail Box,1,1,195,,0.0,D,B,A,C,B,D,A,B,C,D,DBACBDABCD,1.0,Non-STEM Track,,0.0,0.0,5.0,1,1,195,,0.0,R,R,R,R,R,C,C,C,C,C,C,RRRRRCCCCCC,1,1,195,,0.0,0,0,1,0,0,0,0,0,0,Because I suck at math. ,biology  history,the math was ridiculous,Non-STEM Track,1,1,,,,,,,,,,,,,,,,,,,,,,,,,,,,,,,,,,,,,,,,,,,,,,,,,,,,,,,,66f47341c1b8420ace12aad7,667ff6d2bd193b9a57cbb7cc,APPROVED,Not Applicable,2024-09-25T20:32:12.312000Z,2024-09-25T20:42:04.338000Z,2024-09-25T20:42:05.514000Z,2024-09-25T20:42:26.909605Z,593.0,C1BTHULB,236,Black/African American,Technical/community college,48,Male,Black,United States,United States,United States,English,No,Full-Time
190,196,if5a3f55,,0,18,18,Section_7,EndSurvey,2024-09-25 20:32:19.212028,1,,,0.0,,,,,,,,,,,,,,ryu6snyq,,,,,0,Experiment_1_Persistence,https://app.prolific.com/submissions/complete?cc=C1BTHULB,0.0,1.0,196,,0.0,616d6463aa6ae2ee832b3804,1,1,196,,0.0,C,C,B,A,D,C,C,A,D,C,CCBADCCADC,0.0,0.0,0.0,1,1,196,,0.0,noisy,random,ground,Fail,black,40.0,2.0,2.0,Fail Box,1,1,196,,0.0,B,C,C,C,C,D,C,C,C,C,BCCCCDCCCC,0.5,STEM Track,,0.0,0.0,2.0,1,1,196,,0.0,R,R,R,R,C,C,C,C,C,C,C,RRRRCCCCCCC,1,1,196,,0.0,0,1,1,0,0,0,0,0,0,could get a bonus IF I got 2 questions rigt,technology,it all worked,STEM Track,1,1,,,,,,,,,,,,,,,,,,,,,,,,,,,,,,,,,,,,,,,,,,,,,,,,,,,,,,,,66f4734ab5445953f78890c1,616d6463aa6ae2ee832b3804,APPROVED,Not Applicable,2024-09-25T20:32:16.677000Z,2024-09-25T20:48:03.434000Z,2024-09-25T20:48:04.308000Z,2024-09-25T20:48:16.482369Z,947.0,C1BTHULB,3462,White,Undergraduate degree (BA/BSc/other),35,Male,White,United States,United States,United States,English,No,Other
192,198,ip345p3g,,0,18,18,Section_7,EndSurvey,2024-09-25 20:32:37.706717,1,,,0.0,,,,,,,,,,,,,,ryu6snyq,,,,,0,Experiment_1_Persistence,https://app.prolific.com/submissions/complete?cc=C1BTHULB,0.0,1.0,198,,0.0,60c154002491061548587ff5,1,1,198,,0.0,D,A,B,C,D,C,A,A,C,B,DABCDCAACB,0.3,0.0,0.0,1,1,198,,0.0,noisy,random,positive,Fail,red,95.0,7.0,9.0,Pass Box,1,1,198,,0.0,B,A,C,B,B,D,C,A,C,B,BACBBDCACB,0.6,STEM Track,,0.0,0.0,9.0,1,1,198,,0.0,R,R,R,R,R,C,C,C,C,C,C,RRRRRCCCCCC,1,1,198,,0.0,0,0,1,0,0,0,0,0,0,I like a challenge,"Finance, finance",A little tedious ,STEM Track,1,1,,,,,,,,,,,,,,,,,,,,,,,,,,,,,,,,,,,,,,,,,,,,,,,,,,,,,,,,66f4735e22be0fe2ffd86850,60c154002491061548587ff5,APPROVED,Not Applicable,2024-09-25T20:32:35.106000Z,2024-09-25T20:46:40.883000Z,2024-09-25T20:46:41.620000Z,2024-09-25T20:47:58.936661Z,846.0,C1BTHULB,328,Latino/Hispanic,Graduate degree (MA/MSc/MPhil/other),38,Male,Mixed,United States,United States,United States,English,No,Full-Time
193,200,o4khbzpb,,0,18,18,Section_7,EndSurvey,2024-09-25 20:32:41.090580,1,,,0.0,,,,,,,,,,,,,,ryu6snyq,,,,,0,Experiment_1_Persistence,https://app.prolific.com/submissions/complete?cc=C1BTHULB,0.0,1.0,200,,0.0,5783e984160201000103ece2,1,1,200,,0.0,B,A,C,B,D,A,B,B,D,B,BACBDABBDB,0.4,0.0,0.0,1,1,200,,0.0,noisy,random,ground,Pass,red,55.0,3.0,3.0,Pass Box,1,1,200,,0.0,B,D,C,C,A,D,C,B,B,C,BDCCADCBBC,0.7,STEM Track,,0.0,0.0,3.0,1,1,200,,0.0,R,R,R,R,R,C,C,C,C,C,C,RRRRRCCCCCC,1,1,200,,0.0,0,0,1,0,0,0,0,0,0,I thought I had reasonably good chance of getting at least 3 right.,Biology,I suck at math!,STEM Track,1,1,,,,,,,,,,,,,,,,,,,,,,,,,,,,,,,,,,,,,,,,,,,,,,,,,,,,,,,,66f4735dd73f6108aeaa2041,5783e984160201000103ece2,APPROVED,Not Applicable,2024-09-25T20:32:36.755000Z,2024-09-25T20:46:38.375000Z,2024-09-25T20:46:39.369000Z,2024-09-25T20:47:58.406554Z,842.0,C1BTHULB,1102,Other (please feel free to let us know your ethnicity via email),Undergraduate degree (BA/BSc/other),44,Male,White,United States,United States,United States,English,DATA_EXPIRED,DATA_EXPIRED
194,201,wz6rqtqg,,0,18,18,Section_7,EndSurvey,2024-09-25 20:32:45.239367,1,,,0.0,,,,,,,,,,,,,,ryu6snyq,,,,,0,Experiment_1_Persistence,https://app.prolific.com/submissions/complete?cc=C1BTHULB,0.0,1.0,201,,0.0,66735e86343dec85410151d0,1,1,201,,0.0,C,A,A,B,B,C,A,C,B,B,CAABBCACBB,0.5,0.0,0.0,1,1,201,,0.0,noisy,random,ground,Pass,red,50.0,6.0,4.0,Fail Box,1,1,201,,0.0,D,B,A,C,B,D,A,B,C,D,DBACBDABCD,1.0,Non-STEM Track,,0.0,0.0,4.0,1,1,201,,0.0,R,R,R,C,C,C,C,C,C,C,C,RRRCCCCCCCC,1,1,201,,0.0,0,0,1,0,0,0,0,0,0,Because I felt like I had a better chance and whatever the second portion of the test was,I've worked in sales and business development for moving and hauling. Main subjects literature geopolitics and other political science courses.,I enjoyed the test,Non-STEM Track,1,1,,,,,,,,,,,,,,,,,,,,,,,,,,,,,,,,,,,,,,,,,,,,,,,,,,,,,,,,66f47363f7716f557f0c07b5,66735e86343dec85410151d0,APPROVED,Not Applicable,2024-09-25T20:32:41.638000Z,2024-09-25T20:41:04.234000Z,2024-09-25T20:41:05.225000Z,2024-09-25T20:41:05.550061Z,503.0,C1BTHULB,88,White,Undergraduate degree (BA/BSc/other),40,Male,White,United States,United States,United States,English,Yes,Part-Time
195,202,qb2bd8rw,,0,18,18,Section_7,EndSurvey,2024-09-25 20:32:56.730281,1,,,0.0,,,,,,,,,,,,,,ryu6snyq,,,,,0,Experiment_1_Persistence,https://app.prolific.com/submissions/complete?cc=C1BTHULB,0.0,1.0,202,,0.0,636ac3f10d9f3b6a0eb54eeb,1,1,202,,0.0,A,B,C,C,A,B,C,A,B,B,ABCCABCABB,0.4,0.0,0.0,1,1,202,,0.0,noisy,random,positive,Fail,red,70.0,7.0,5.0,Fail Box,1,1,202,,0.0,B,C,D,A,C,D,B,C,B,A,BCDACDBCBA,0.4,STEM Track,,0.0,0.0,5.0,1,1,202,,0.0,C,C,C,C,C,C,C,C,C,C,C,CCCCCCCCCCC,1,1,202,,0.0,0,0,1,0,0,0,0,0,0,"Choosing the STEM track is often motivated by a passion for science, technology, engineering, and mathematics, and a desire to solve real-world problems.",marketing,no,STEM Track,1,1,,,,,,,,,,,,,,,,,,,,,,,,,,,,,,,,,,,,,,,,,,,,,,,,,,,,,,,,66f4736a25a2aa058233ba01,636ac3f10d9f3b6a0eb54eeb,APPROVED,Not Applicable,2024-09-25T20:32:50.874000Z,2024-09-25T20:56:53.783000Z,2024-09-25T20:56:56.465000Z,2024-09-25T20:56:54.351186Z,1443.0,C1BTHULB,1463,White,Graduate degree (MA/MSc/MPhil/other),69,Male,White,United States,United States,United States,English,No,Part-Time
196,203,2amxq0io,,0,18,18,Section_7,EndSurvey,2024-09-25 20:32:58.669854,1,,,0.0,,,,,,,,,,,,,,ryu6snyq,,,,,0,Experiment_1_Persistence,https://app.prolific.com/submissions/complete?cc=C1BTHULB,0.0,1.0,203,,0.0,5b79bd77c4e6ad0001d2f312,1,1,203,,0.0,C,C,B,B,C,B,A,C,B,C,CCBBCBACBC,0.3,0.0,0.0,1,1,203,,0.0,noisy,random,positive,Pass,black,2.0,1.0,1.0,Pass Box,1,1,203,,0.0,B,A,C,B,D,D,C,B,B,B,BACBDDCBBB,0.6,STEM Track,,0.0,0.0,1.0,1,1,203,,0.0,R,R,R,R,R,C,C,C,C,C,C,RRRRRCCCCCC,1,1,203,,0.0,0,0,1,0,0,0,0,0,0,for the bonus,law and political science,it was fun,STEM Track,1,1,,,,,,,,,,,,,,,,,,,,,,,,,,,,,,,,,,,,,,,,,,,,,,,,,,,,,,,,66f47321f65b13b9cda1a24c,5b79bd77c4e6ad0001d2f312,APPROVED,Not Applicable,2024-09-25T20:32:53.017000Z,2024-09-25T20:38:10.398000Z,2024-09-25T20:38:12.908000Z,2024-09-25T20:38:11.127898Z,318.0,C1BTHULB,2509,White Sephardic Jew,Doctorate degree (PhD/other),77,Male,White,United States,United States,United States,English,No,"Not in paid work (e.g. homemaker', 'retired or disabled)"
197,204,2yqe4i9j,,0,18,18,Section_7,EndSurvey,2024-09-25 20:33:03.673086,1,,,0.0,,,,,,,,,,,,,,ryu6snyq,,,,,0,Experiment_1_Persistence,https://app.prolific.com/submissions/complete?cc=C1BTHULB,0.0,1.0,204,,0.0,609a5974625e18ab158c9a3e,1,1,204,,0.0,D,A,C,C,B,B,B,D,C,B,DACCBBBDCB,0.6,0.0,0.0,1,1,204,,0.0,noisy,random,ground,Pass,red,50.0,5.0,5.0,Pass Box,1,1,204,,0.0,D,B,A,C,B,D,A,B,C,D,DBACBDABCD,1.0,Non-STEM Track,,0.0,0.0,5.0,1,1,204,,0.0,R,R,R,R,R,R,C,C,C,C,C,RRRRRRCCCCC,1,1,204,,0.0,0,0,1,0,0,0,0,0,0,It seemed easier.,Accounting and computer science.,,Non-STEM Track,1,1,,,,,,,,,,,,,,,,,,,,,,,,,,,,,,,,,,,,,,,,,,,,,,,,,,,,,,,,66f47375e7e682bd5b6e53cb,609a5974625e18ab158c9a3e,APPROVED,Not Applicable,2024-09-25T20:33:00.416000Z,2024-09-25T20:44:50.690000Z,2024-09-25T20:45:40.754000Z,2024-09-25T20:46:43.580565Z,711.0,C1BTHULB,8160,White,Undergraduate degree (BA/BSc/other),63,Male,White,United States,United States,United States,English,No,Full-Time
198,205,gr6toooi,,0,18,18,Section_7,EndSurvey,2024-09-25 20:34:11.666289,1,,,0.0,,,,,,,,,,,,,,ryu6snyq,,,,,0,Experiment_1_Persistence,https://app.prolific.com/submissions/complete?cc=C1BTHULB,0.0,1.0,205,,0.0,606bbaff0237383d72ae9381,1,1,205,,0.0,D,B,B,C,D,A,D,A,,,DBBCDADA__,0.1,3.0,96.25,1,1,205,,0.0,noisy,random,positive,Pass,red,0.0,0.0,0.0,Fail Box,1,1,205,,0.0,B,C,B,D,C,C,C,B,A,C,BCBDCCCBAC,0.3,STEM Track,,2.0,98.605,0.0,1,1,205,,0.0,R,R,R,R,R,C,C,C,C,C,C,RRRRRCCCCCC,1,1,205,,0.0,0,0,1,0,1,0,0,0,0,My odds felt better in it.,Just the basics really.,I suck at math so I wont lie this was pretty tough. ,STEM Track,1,1,,,,,,,,,,,,,,,,,,,,,,,,,,,,,,,,,,,,,,,,,,,,,,,,,,,,,,,,66f47395d92bfd746963b8a8,606bbaff0237383d72ae9381,APPROVED,Not Applicable,2024-09-25T20:33:32.792000Z,2024-09-25T21:02:41.217000Z,2024-09-25T21:02:42.205000Z,2024-09-25T21:02:42.108415Z,1749.0,C1BTHULB,393,White,High school diploma/A-levels,21,Male,White,United States,United States,United States,English,No,Unemployed (and job seeking)
199,206,bnm446sd,,0,18,18,Section_7,EndSurvey,2024-09-25 20:34:48.298480,1,,,0.0,,,,,,,,,,,,,,ryu6snyq,,,,,0,Experiment_1_Persistence,https://app.prolific.com/submissions/complete?cc=C1BTHULB,0.0,1.0,206,,0.0,66ae7826a1df4204b1b27aab,1,1,206,,0.0,B,A,C,C,C,B,C,C,A,A,BACCCBCCAA,0.4,1.0,1.115,1,1,206,,0.0,noisy,random,positive,Fail,red,10.0,1.0,5.0,Fail Box,1,1,206,,0.0,D,B,A,C,B,D,A,B,C,D,DBACBDABCD,1.0,Non-STEM Track,,0.0,0.0,5.0,1,1,206,,0.0,R,R,R,R,R,C,C,R,C,C,C,RRRRRCCRCCC,1,1,206,,0.0,1,0,0,0,0,0,0,1,0,I was never good at STEM subjects. The questio s in the first part were like another language. ,I am a drivers education instructor and I primarily studied music. ,It was great. Easy to understand questions. ,Non-STEM Track,1,1,,,,,,,,,,,,,,,,,,,,,,,,,,,,,,,,,,,,,,,,,,,,,,,,,,,,,,,,66f473dfb650b6c39e80f9f1,66ae7826a1df4204b1b27aab,APPROVED,Not Applicable,2024-09-25T20:34:44.699000Z,2024-09-25T20:42:30.169000Z,2024-09-25T20:42:30.942000Z,2024-09-25T20:42:47.461410Z,466.0,C1BTHULB,98,White,High school diploma/A-levels,38,Male,White,United States,United States,United States,English,No,Full-Time
200,207,qy4qa14z,,0,18,18,Section_7,EndSurvey,2024-09-25 20:34:52.985534,1,,,0.0,,,,,,,,,,,,,,ryu6snyq,,,,,0,Experiment_1_Persistence,https://app.prolific.com/submissions/complete?cc=C1BTHULB,0.0,1.0,207,,0.0,5fd85ea88b7f1919bf0e5546,1,1,207,,0.0,A,C,D,B,B,C,D,C,,,ACDBBCDC__,0.5,1.0,2.283,1,1,207,,0.0,noisy,random,negative,Pass,red,60.0,6.0,5.0,Pass Box,1,1,207,,0.0,D,B,A,C,B,D,A,B,C,B,DBACBDABCB,0.9,Non-STEM Track,,1.0,2.506,5.0,1,1,207,,0.0,R,R,R,R,C,C,C,C,C,C,C,RRRRCCCCCCC,1,1,207,,0.0,0,0,1,0,0,0,0,0,0,"I was not trying to do another math test at this moment in time, I did not expect this survey to be like this.","I studied Computer Science, i train AI models to code via prompting and editing the results.",The experience was fine.,Non-STEM Track,1,1,,,,,,,,,,,,,,,,,,,,,,,,,,,,,,,,,,,,,,,,,,,,,,,,,,,,,,,,66f473e52182e6c029871571,5fd85ea88b7f1919bf0e5546,APPROVED,Not Applicable,2024-09-25T20:34:50.536000Z,2024-09-25T20:47:28.457000Z,2024-09-25T20:47:29.206000Z,2024-09-25T20:48:10.162543Z,758.0,C1BTHULB,742,White,Technical/community college,25,Male,White,United States,United States,United States,English,Yes,Part-Time
202,209,9cym0c0c,,0,18,18,Section_7,EndSurvey,2024-09-25 20:35:50.691776,1,,,0.0,,,,,,,,,,,,,,ryu6snyq,,,,,0,Experiment_1_Persistence,https://app.prolific.com/submissions/complete?cc=C1BTHULB,0.0,1.0,209,,0.0,60fe07f8bf59907b6249b488,1,1,209,,0.0,D,C,B,C,A,B,B,D,B,B,DCBCABBDBB,0.2,0.0,0.0,1,1,209,,0.0,noisy,random,ground,Fail,black,30.0,2.0,3.0,Fail Box,1,1,209,,0.0,D,B,A,C,B,D,A,B,C,D,DBACBDABCD,1.0,Non-STEM Track,,0.0,0.0,3.0,1,1,209,,0.0,R,R,C,C,C,C,C,C,C,C,C,RRCCCCCCCCC,1,1,209,,0.0,0,0,1,0,0,0,0,0,0,I don't like math,"Labor relations, Law. I've worked in sales and law",It was fine,Non-STEM Track,1,1,,,,,,,,,,,,,,,,,,,,,,,,,,,,,,,,,,,,,,,,,,,,,,,,,,,,,,,,66f4741c49a3af8ba97fd9db,60fe07f8bf59907b6249b488,APPROVED,Not Applicable,2024-09-25T20:35:46.132000Z,2024-09-25T20:41:27.888000Z,2024-09-25T20:41:28.676000Z,2024-09-25T20:41:36.213984Z,342.0,C1BTHULB,327,Black/African American,Doctorate degree (PhD/other),29,Male,Black,United States,United States,United States,English,No,Other
203,210,gn4l8gfe,,0,18,18,Section_7,EndSurvey,2024-09-25 20:35:51.297843,1,,,0.0,,,,,,,,,,,,,,ryu6snyq,,,,,0,Experiment_1_Persistence,https://app.prolific.com/submissions/complete?cc=C1BTHULB,0.0,1.0,210,,0.0,6644b6b44b6e997b3b2f3e6a,1,1,210,,0.0,,,,,,,,,,,__________,0.0,0.0,0.0,1,1,210,,0.0,noisy,random,negative,Fail,red,50.0,5.0,5.0,Pass Box,1,1,210,,0.0,D,B,A,C,B,D,A,B,C,D,DBACBDABCD,1.0,Non-STEM Track,,0.0,0.0,5.0,1,1,210,,0.0,R,R,R,R,R,C,C,C,C,C,C,RRRRRCCCCCC,1,1,210,,0.0,0,0,1,0,0,0,0,0,0,no specific reason,the general subjects reading math history core classes,youu need to have an option to be able to look away from the study page. not for cheating but i had to make sure i had enough time to finish the study on prolifics end with out being timed out,Non-STEM Track,1,1,,,,,,,,,,,,,,,,,,,,,,,,,,,,,,,,,,,,,,,,,,,,,,,,,,,,,,,,66f47411c4e69b1798df35b9,6644b6b44b6e997b3b2f3e6a,APPROVED,Not Applicable,2024-09-25T20:35:44.838000Z,2024-09-25T21:14:52.960000Z,2024-09-25T21:14:56.068000Z,2024-09-25T21:14:53.774651Z,2349.0,C1BTHULB,478,Black/African American,High school diploma/A-levels,38,Male,Black,United States,United States,United States,English,No,Full-Time
204,211,agjwng7p,,0,18,18,Section_7,EndSurvey,2024-09-25 20:35:53.218815,1,,,0.0,,,,,,,,,,,,,,ryu6snyq,,,,,0,Experiment_1_Persistence,https://app.prolific.com/submissions/complete?cc=C1BTHULB,0.0,1.0,211,,0.0,662c271f0e6fc408b5b8c07c,1,1,211,,0.0,D,D,A,C,D,B,C,C,C,C,DDACDBCCCC,0.3,0.0,0.0,1,1,211,,0.0,noisy,random,positive,Pass,black,50.0,2.0,2.0,Pass Box,1,1,211,,0.0,D,B,A,C,B,D,A,B,C,D,DBACBDABCD,1.0,Non-STEM Track,,0.0,0.0,2.0,1,1,211,,0.0,R,R,R,C,C,C,C,C,C,C,C,RRRCCCCCCCC,1,1,211,,0.0,0,0,1,0,0,0,0,0,0,i thought it would be more complicated math/pre calculous or geometry questions,Just basic education graduated high school,I'd like to know what I got right. I do like math but those seemed more complicated than usual. I'm even wondering if there was really a correct answer provided in the multiple choice.,Non-STEM Track,1,1,,,,,,,,,,,,,,,,,,,,,,,,,,,,,,,,,,,,,,,,,,,,,,,,,,,,,,,,66f4742025a2aa058233ba28,662c271f0e6fc408b5b8c07c,APPROVED,Not Applicable,2024-09-25T20:35:50.219000Z,2024-09-25T20:46:18.081000Z,2024-09-25T20:46:19.049000Z,2024-09-25T20:47:47.585713Z,628.0,C1BTHULB,256,White,High school diploma/A-levels,43,Male,White,United States,United States,United States,English,No,Part-Time
205,212,utpaodk2,,0,18,18,Section_7,EndSurvey,2024-09-25 20:36:16.380135,1,,,0.0,,,,,,,,,,,,,,ryu6snyq,,,,,0,Experiment_1_Persistence,https://app.prolific.com/submissions/complete?cc=C1BTHULB,0.0,1.0,212,,0.0,5f547ac6c2e4fb7f2ae0e6fc,1,1,212,,0.0,A,D,B,C,C,C,B,C,D,B,ADBCCCBCDB,0.3,1.0,1.479,1,1,212,,0.0,noisy,random,negative,Pass,red,20.0,2.0,2.0,Pass Box,1,1,212,,0.0,D,B,A,C,B,D,A,B,C,D,DBACBDABCD,1.0,Non-STEM Track,,0.0,0.0,2.0,1,1,212,,0.0,R,R,R,R,C,C,C,C,C,C,C,RRRRCCCCCCC,1,1,212,,0.0,0,0,1,0,0,0,0,0,0,It was better,Basic,,Non-STEM Track,1,1,,,,,,,,,,,,,,,,,,,,,,,,,,,,,,,,,,,,,,,,,,,,,,,,,,,,,,,,66f47437d90d9a4f2dc112cd,5f547ac6c2e4fb7f2ae0e6fc,APPROVED,Not Applicable,2024-09-25T20:36:12.658000Z,2024-09-25T20:48:05.487000Z,2024-09-25T20:48:06.366000Z,2024-09-25T20:48:17.562079Z,713.0,C1BTHULB,1266,Latino/Hispanic,Technical/community college,23,Male,White,United States,United States,United States,Spanish,Yes,Full-Time
206,213,ovizd062,,0,18,18,Section_7,EndSurvey,2024-09-25 20:36:33.285136,1,,,0.0,,,,,,,,,,,,,,ryu6snyq,,,,,0,Experiment_1_Persistence,https://app.prolific.com/submissions/complete?cc=C1BTHULB,0.0,1.0,213,,0.0,66c4d4954d4f9967f543cd97,1,1,213,,0.0,B,A,D,B,D,C,C,A,B,D,BADBDCCABD,0.2,3.0,7.89,1,1,213,,0.0,noisy,random,ground,Fail,black,50.0,5.0,7.0,Fail Box,1,1,213,,0.0,A,B,C,C,A,A,B,D,A,A,ABCCAABDAA,0.2,STEM Track,,1.0,12.177,7.0,1,1,213,,0.0,R,C,R,R,R,C,R,C,C,C,C,RCRRRCRCCCC,1,1,213,,0.0,0,0,1,1,1,0,0,0,0,it emphasizes critical thinking,,no ,STEM Track,1,1,,,,,,,,,,,,,,,,,,,,,,,,,,,,,,,,,,,,,,,,,,,,,,,,,,,,,,,,66f4730a4950e19a3eece611,66c4d4954d4f9967f543cd97,APPROVED,Not Applicable,2024-09-25T20:36:18.107000Z,2024-09-25T20:48:14.836000Z,2024-09-25T20:48:15.807000Z,2024-09-25T20:48:18.504509Z,717.0,C1BTHULB,41,Black/African American,High school diploma/A-levels,29,Male,Black,United States,United States,United States,English,No,Unemployed (and job seeking)
207,214,owlqu0ow,,0,18,18,Section_7,EndSurvey,2024-09-25 20:36:31.944760,1,,,0.0,,,,,,,,,,,,,,ryu6snyq,,,,,0,Experiment_1_Persistence,https://app.prolific.com/submissions/complete?cc=C1BTHULB,0.0,1.0,214,,0.0,60de61dea4354d456dd1039d,1,1,214,,0.0,C,C,C,C,C,C,C,C,C,C,CCCCCCCCCC,0.3,0.0,0.0,1,1,214,,0.0,noisy,random,ground,Pass,red,0.0,2.0,2.0,Pass Box,1,1,214,,0.0,D,B,A,C,B,D,A,B,C,D,DBACBDABCD,1.0,Non-STEM Track,,0.0,0.0,2.0,1,1,214,,0.0,R,R,C,C,C,C,C,C,C,C,C,RRCCCCCCCCC,1,1,214,,0.0,0,0,1,0,0,0,0,0,0,I have completely forgotten how to work algebra other than very basic,"General studies and information technology, I work in the technology field",Great,Non-STEM Track,1,1,,,,,,,,,,,,,,,,,,,,,,,,,,,,,,,,,,,,,,,,,,,,,,,,,,,,,,,,66f4744642e7e78c4cf74779,60de61dea4354d456dd1039d,APPROVED,Not Applicable,2024-09-25T20:36:28.968000Z,2024-09-25T20:46:13.999000Z,2024-09-25T20:46:15.390000Z,2024-09-25T20:47:45.123053Z,586.0,C1BTHULB,1258,Mixed,Technical/community college,53,Male,Mixed,United States,United States,United States,English,No,Full-Time
208,215,01vq594o,,0,18,18,Section_7,EndSurvey,2024-09-25 20:36:45.574682,1,,,0.0,,,,,,,,,,,,,,ryu6snyq,,,,,0,Experiment_1_Persistence,https://app.prolific.com/submissions/complete?cc=C1BTHULB,0.0,1.0,215,,0.0,5f73f37ed13ce303cc14ae35,1,1,215,,0.0,A,A,C,B,A,D,C,C,B,D,AACBADCCBD,0.5,0.0,0.0,1,1,215,,0.0,noisy,random,positive,Pass,red,56.0,3.0,5.0,Fail Box,1,1,215,,0.0,D,B,A,C,B,D,A,B,C,D,DBACBDABCD,1.0,Non-STEM Track,,0.0,0.0,5.0,1,1,215,,0.0,R,R,R,R,R,R,C,C,C,C,C,RRRRRRCCCCC,1,1,215,,0.0,0,0,1,0,0,0,0,0,0,I chose the Non-STEM track because I am not good at STEM subjects.,"I studied the main basic ones such as English, Math, Science, History, Physical Education.",The process was challenging but not too difficult.,Non-STEM Track,1,1,,,,,,,,,,,,,,,,,,,,,,,,,,,,,,,,,,,,,,,,,,,,,,,,,,,,,,,,66f47456e7e682bd5b6e5402,5f73f37ed13ce303cc14ae35,APPROVED,Not Applicable,2024-09-25T20:36:42.204000Z,2024-09-25T20:42:33.523000Z,2024-09-25T20:42:34.641000Z,2024-09-25T20:42:52.423792Z,352.0,C1BTHULB,4148,East Asian,Undergraduate degree (BA/BSc/other),32,Male,Asian,United States,United States,United States,English,No,Full-Time
209,216,l2rvhxm4,,0,18,18,Section_7,EndSurvey,2024-09-25 20:36:51.727738,1,,,0.0,,,,,,,,,,,,,,ryu6snyq,,,,,0,Experiment_1_Persistence,https://app.prolific.com/submissions/complete?cc=C1BTHULB,0.0,1.0,216,,0.0,6672d7c8f27a75aa9998abab,1,1,216,,0.0,B,C,B,B,D,A,C,B,D,A,BCBBDACBDA,0.1,0.0,0.0,1,1,216,,0.0,noisy,random,positive,Fail,red,25.0,3.0,5.0,Fail Box,1,1,216,,0.0,D,B,A,C,B,D,A,B,C,D,DBACBDABCD,1.0,Non-STEM Track,,0.0,0.0,5.0,1,1,216,,0.0,R,R,C,C,C,C,C,C,C,C,C,RRCCCCCCCCC,1,1,216,,0.0,0,1,1,0,1,0,0,0,0,Easier qeustions,Math and science ,Good experience ,Non-STEM Track,1,1,,,,,,,,,,,,,,,,,,,,,,,,,,,,,,,,,,,,,,,,,,,,,,,,,,,,,,,,66f4745960b35394cb6043ab,6672d7c8f27a75aa9998abab,APPROVED,Not Applicable,2024-09-25T20:36:48.219000Z,2024-09-25T20:44:02.351000Z,2024-09-25T20:45:24.208000Z,2024-09-25T20:46:31.147327Z,435.0,C1BTHULB,269,White,High school diploma/A-levels,23,Male,White,United States,United States,United States,English,No,Full-Time
210,217,ym8t2h1g,,0,18,18,Section_7,EndSurvey,2024-09-25 20:36:59.057252,1,,,0.0,,,,,,,,,,,,,,ryu6snyq,,,,,0,Experiment_1_Persistence,https://app.prolific.com/submissions/complete?cc=C1BTHULB,0.0,1.0,217,,0.0,662190146ef67bab626e48cb,1,1,217,,0.0,B,A,B,C,D,A,B,C,D,A,BABCDABCDA,0.2,0.0,0.0,1,1,217,,0.0,noisy,random,negative,Fail,red,10.0,1.0,4.0,Pass Box,1,1,217,,0.0,D,B,A,C,B,D,A,B,C,D,DBACBDABCD,1.0,Non-STEM Track,,0.0,0.0,4.0,1,1,217,,0.0,R,R,R,R,R,C,C,C,C,C,C,RRRRRCCCCCC,1,1,217,,0.0,0,0,1,0,0,0,0,0,0,Im better at it.,Everything but stem.,all good,Non-STEM Track,1,1,,,,,,,,,,,,,,,,,,,,,,,,,,,,,,,,,,,,,,,,,,,,,,,,,,,,,,,,66f47449d92bfd746963b8d3,662190146ef67bab626e48cb,APPROVED,Not Applicable,2024-09-25T20:36:33.457000Z,2024-09-25T20:43:35.485000Z,2024-09-25T20:45:15.972000Z,2024-09-25T20:45:54.885097Z,423.0,C1BTHULB,953,White,High school diploma/A-levels,44,Male,White,United States,United States,United States,English,No,Part-Time
211,218,0opiazhe,,0,18,18,Section_7,EndSurvey,2024-09-25 20:37:03.989105,1,,,0.0,,,,,,,,,,,,,,ryu6snyq,,,,,0,Experiment_1_Persistence,https://app.prolific.com/submissions/complete?cc=C1BTHULB,0.0,1.0,218,,0.0,66e738df937b233c0ad3427e,1,1,218,,0.0,D,A,D,,,,,,,,DAD_______,0.1,0.0,0.0,1,1,218,,0.0,noisy,random,ground,Fail,black,50.0,1.0,2.0,Fail Box,1,1,218,,0.0,D,B,A,C,B,D,A,B,C,D,DBACBDABCD,1.0,Non-STEM Track,,0.0,0.0,2.0,1,1,218,,0.0,R,C,C,C,C,C,C,C,C,C,C,RCCCCCCCCCC,1,1,218,,0.0,0,0,1,0,0,0,0,0,0,The STEM questions were very difficult for me.,"Statistics, Biology",Very difficult!,Non-STEM Track,1,1,,,,,,,,,,,,,,,,,,,,,,,,,,,,,,,,,,,,,,,,,,,,,,,,,,,,,,,,66f47468199cae0310747e24,66e738df937b233c0ad3427e,APPROVED,Not Applicable,2024-09-25T20:37:01.731000Z,2024-09-25T20:49:53.793000Z,2024-09-25T20:49:55.967000Z,2024-09-25T20:49:54.985895Z,773.0,C1BTHULB,42,East Asian,Graduate degree (MA/MSc/MPhil/other),43,Male,Mixed,United States,United States,United States,English,No,Unemployed (and job seeking)
212,219,vysstdi4,,0,18,18,Section_7,EndSurvey,2024-09-25 20:38:05.619932,1,,,0.0,,,,,,,,,,,,,,ryu6snyq,,,,,0,Experiment_1_Persistence,https://app.prolific.com/submissions/complete?cc=C1BTHULB,0.0,1.0,219,,0.0,66e998697bd6ac455eef101b,1,1,219,,0.0,A,C,C,A,D,B,A,D,D,B,ACCADBADDB,0.4,0.0,0.0,1,1,219,,0.0,noisy,random,ground,Fail,black,25.0,4.0,5.0,Fail Box,1,1,219,,0.0,C,B,B,A,D,A,C,C,B,A,CBBADACCBA,0.3,STEM Track,,0.0,0.0,5.0,1,1,219,,0.0,R,R,R,R,R,C,C,C,C,C,C,RRRRRCCCCCC,1,1,219,,0.0,0,0,1,0,0,0,0,0,0,opportunity for more money,"math, history, english",it was fun,STEM Track,1,1,,,,,,,,,,,,,,,,,,,,,,,,,,,,,,,,,,,,,,,,,,,,,,,,,,,,,,,,66f474a7815a5098500fe642,66e998697bd6ac455eef101b,APPROVED,Not Applicable,2024-09-25T20:38:02.885000Z,2024-09-25T20:44:01.473000Z,2024-09-25T20:45:43.055000Z,2024-09-25T20:46:17.536502Z,359.0,C1BTHULB,54,White,High school diploma/A-levels,29,Male,White,United States,United States,United States,English,No,Full-Time
213,220,y37pchxk,,0,18,18,Section_7,EndSurvey,2024-09-25 20:38:11.186069,1,,,0.0,,,,,,,,,,,,,,ryu6snyq,,,,,0,Experiment_1_Persistence,https://app.prolific.com/submissions/complete?cc=C1BTHULB,0.0,1.0,220,,0.0,660fe8b910d0f16114179923,1,1,220,,0.0,B,C,C,B,B,D,B,B,D,B,BCCBBDBBDB,0.4,0.0,0.0,1,1,220,,0.0,noisy,random,negative,Pass,red,0.0,3.0,3.0,Pass Box,1,1,220,,0.0,D,B,A,C,B,D,A,B,C,D,DBACBDABCD,1.0,Non-STEM Track,,0.0,0.0,3.0,1,1,220,,0.0,R,R,R,R,R,C,C,C,C,C,C,RRRRRCCCCCC,1,1,220,,0.0,0,0,1,0,0,0,0,0,0,Better fit for my skill set,English ,,Non-STEM Track,1,1,,,,,,,,,,,,,,,,,,,,,,,,,,,,,,,,,,,,,,,,,,,,,,,,,,,,,,,,66f47490c2602e2477cc328e,660fe8b910d0f16114179923,APPROVED,Not Applicable,2024-09-25T20:38:08.079000Z,2024-09-25T20:44:06.252000Z,2024-09-25T20:45:24.961000Z,2024-09-25T20:46:19.232901Z,359.0,C1BTHULB,571,White,Technical/community college,62,Male,White,United States,United States,United States,English,No,Full-Time
214,221,15u2kiij,,0,18,18,Section_7,EndSurvey,2024-09-25 20:38:31.140078,1,,,0.0,,,,,,,,,,,,,,ryu6snyq,,,,,0,Experiment_1_Persistence,https://app.prolific.com/submissions/complete?cc=C1BTHULB,0.0,1.0,221,,0.0,66b61425c6abfeabcdc8c958,1,1,221,,0.0,D,A,C,C,D,A,A,A,B,B,DACCDAAABB,0.3,0.0,0.0,1,1,221,,0.0,noisy,random,ground,Fail,black,75.0,6.0,4.0,Fail Box,1,1,221,,0.0,B,B,B,A,A,D,C,A,A,D,BBBAADCAAD,0.6,STEM Track,,0.0,0.0,4.0,1,1,221,,0.0,R,R,R,R,R,C,C,C,C,C,C,RRRRRCCCCCC,1,1,221,,0.0,0,0,1,0,0,0,0,0,0,"i like math, but it has been a long time since i did math like this","psychology, computers",it was difficult!,STEM Track,1,1,,,,,,,,,,,,,,,,,,,,,,,,,,,,,,,,,,,,,,,,,,,,,,,,,,,,,,,,66f4734eb48ed79252a88a26,66b61425c6abfeabcdc8c958,APPROVED,Not Applicable,2024-09-25T20:38:14.378000Z,2024-09-25T21:13:34.977000Z,2024-09-25T21:13:38.243000Z,2024-09-25T21:13:35.847142Z,2121.0,C1BTHULB,157,White,Graduate degree (MA/MSc/MPhil/other),36,Male,White,United States,United States,United States,English,No,"Not in paid work (e.g. homemaker', 'retired or disabled)"
216,223,lb1jmrdl,,0,18,18,Section_7,EndSurvey,2024-09-25 20:39:16.852038,1,,,0.0,,,,,,,,,,,,,,ryu6snyq,,,,,0,Experiment_1_Persistence,https://app.prolific.com/submissions/complete?cc=C1BTHULB,0.0,1.0,223,,0.0,5e8b9c7054a5cc07dd6e174d,1,1,223,,0.0,D,A,C,A,C,D,A,D,A,C,DACACDADAC,0.2,0.0,0.0,1,1,223,,0.0,noisy,random,ground,Fail,black,50.0,3.0,5.0,Fail Box,1,1,223,,0.0,D,B,A,C,B,D,A,B,C,D,DBACBDABCD,1.0,Non-STEM Track,,0.0,0.0,5.0,1,1,223,,0.0,R,R,R,R,C,C,C,C,C,C,C,RRRRCCCCCCC,1,1,223,,0.0,0,0,1,0,0,0,0,0,0,I really did not enjoy the math questions.  They were irritating.,Communications...which is why I nailed the vocab quiz.,"I felt like I was in school again, and school is for kids.  Real learning doesn't actually happen until you're an adult in the real world.",Non-STEM Track,1,1,,,,,,,,,,,,,,,,,,,,,,,,,,,,,,,,,,,,,,,,,,,,,,,,,,,,,,,,66f474abb3891338de6e5557,5e8b9c7054a5cc07dd6e174d,APPROVED,Not Applicable,2024-09-25T20:39:13.099000Z,2024-09-25T20:47:45.398000Z,2024-09-25T20:47:46.344000Z,2024-09-25T20:48:13.371275Z,513.0,C1BTHULB,2495,White,Technical/community college,51,Male,White,United States,United States,United States,English,DATA_EXPIRED,DATA_EXPIRED
217,224,7fxzpi1h,,0,18,18,Section_7,EndSurvey,2024-09-25 20:39:40.061540,1,,,0.0,,,,,,,,,,,,,,ryu6snyq,,,,,0,Experiment_1_Persistence,https://app.prolific.com/submissions/complete?cc=C1BTHULB,0.0,1.0,224,,0.0,66798db816f49af0a6c7f6e2,1,1,224,,0.0,A,A,C,B,C,B,D,C,C,B,AACBCBDCCB,0.9,0.0,0.0,1,1,224,,0.0,noisy,random,ground,Pass,red,100.0,9.0,9.0,Pass Box,1,1,224,,0.0,B,B,C,A,A,D,C,A,,,BBCAADCA__,0.7,STEM Track,,0.0,0.0,9.0,1,1,224,,0.0,R,R,R,R,R,C,C,C,C,C,C,RRRRRCCCCCC,1,1,224,,0.0,0,0,1,0,0,0,0,0,0,I thought I would have more STEM knowledge.,Medicine,The experiment went smoothly.,STEM Track,1,1,,,,,,,,,,,,,,,,,,,,,,,,,,,,,,,,,,,,,,,,,,,,,,,,,,,,,,,,66f475022965a3b431004515,66798db816f49af0a6c7f6e2,APPROVED,Not Applicable,2024-09-25T20:39:37.156000Z,2024-09-25T21:02:01.561000Z,2024-09-25T21:02:02.583000Z,2024-09-25T21:02:02.467032Z,1345.0,C1BTHULB,392,East Asian,Doctorate degree (PhD/other),25,Male,Asian,United States,United States,United States,English,No,Full-Time
218,225,ppsou96q,,0,18,18,Section_7,EndSurvey,2024-09-25 20:39:42.801964,1,,,0.0,,,,,,,,,,,,,,ryu6snyq,,,,,0,Experiment_1_Persistence,https://app.prolific.com/submissions/complete?cc=C1BTHULB,0.0,1.0,225,,0.0,5f1b84872171f838a8a3cfa9,1,1,225,,0.0,C,C,B,C,C,B,B,B,A,D,CCBCCBBBAD,0.1,0.0,0.0,1,1,225,,0.0,noisy,random,ground,Fail,black,50.0,4.0,4.0,Fail Box,1,1,225,,0.0,D,B,A,C,B,D,A,B,C,D,DBACBDABCD,1.0,Non-STEM Track,,0.0,0.0,4.0,1,1,225,,0.0,R,R,R,R,R,C,C,C,C,C,C,RRRRRCCCCCC,1,1,225,,0.0,0,0,0,1,0,0,0,0,0,,,,Non-STEM Track,1,1,,,,,,,,,,,,,,,,,,,,,,,,,,,,,,,,,,,,,,,,,,,,,,,,,,,,,,,,66f474129c20355365b18d5d,5f1b84872171f838a8a3cfa9,APPROVED,Not Applicable,2024-09-25T20:39:33.545000Z,2024-09-25T20:56:54.377000Z,2024-09-25T20:57:00.574000Z,2024-09-25T20:56:55.277911Z,1041.0,C1BTHULB,1400,White,Undergraduate degree (BA/BSc/other),43,Male,White,United States,United States,United States,English,No,DATA_EXPIRED
219,226,z9h6clpp,,0,18,18,Section_7,EndSurvey,2024-09-25 20:39:49.785577,1,,,0.0,,,,,,,,,,,,,,ryu6snyq,,,,,0,Experiment_1_Persistence,https://app.prolific.com/submissions/complete?cc=C1BTHULB,0.0,1.0,226,,0.0,61506367db75b2669d9d2d72,1,1,226,,0.0,A,A,D,B,C,B,B,B,A,C,AADBCBBBAC,0.4,0.0,0.0,1,1,226,,0.0,noisy,random,positive,Pass,black,30.0,3.0,3.0,Pass Box,1,1,226,,0.0,B,B,C,B,B,B,B,B,A,A,BBCBBBBBAA,0.2,STEM Track,,0.0,0.0,3.0,1,1,226,,0.0,R,R,R,R,R,R,R,C,C,C,C,RRRRRRRCCCC,1,1,226,,0.0,0,0,1,0,0,0,0,0,0,Because I wanted to see how challenging the questions were,"English, Language ARTs, Legal Studies; Information Technology, Library Science",I am a bit rusty on these old math problems! Interesting survey and best of luck with your research,STEM Track,1,1,,,,,,,,,,,,,,,,,,,,,,,,,,,,,,,,,,,,,,,,,,,,,,,,,,,,,,,,66f4750d23b3af8561bc3b2e,61506367db75b2669d9d2d72,APPROVED,Not Applicable,2024-09-25T20:39:46.742000Z,2024-09-25T20:53:38.153000Z,2024-09-25T20:55:55.453000Z,2024-09-25T20:55:28.425345Z,832.0,C1BTHULB,1569,White,Undergraduate degree (BA/BSc/other),44,Male,White,United States,United States,United States,English,No,Full-Time
220,227,o47bwd6s,,0,18,18,Section_7,EndSurvey,2024-09-25 20:43:15.248490,1,,,0.0,,,,,,,,,,,,,,ryu6snyq,,,,,0,Experiment_1_Persistence,https://app.prolific.com/submissions/complete?cc=C1BTHULB,0.0,1.0,227,,0.0,646d98275114aaaa1c776bae,1,1,227,,0.0,B,A,A,B,A,B,A,B,C,D,BAABABABCD,0.4,0.0,0.0,1,1,227,,0.0,noisy,random,ground,Pass,red,40.0,4.0,4.0,Pass Box,1,1,227,,0.0,,,,,,,,,,,__________,0.0,STEM Track,,0.0,0.0,4.0,1,1,227,,0.0,R,C,C,C,C,C,C,C,C,C,C,RCCCCCCCCCC,1,1,227,,0.0,1,0,1,0,1,0,0,0,0,I like math,IT   Tech and Finance,,STEM Track,1,1,,,,,,,,,,,,,,,,,,,,,,,,,,,,,,,,,,,,,,,,,,,,,,,,,,,,,,,,66f475d35fbc97e9d345a62f,646d98275114aaaa1c776bae,APPROVED,Not Applicable,2024-09-25T20:43:10.349000Z,2024-09-25T21:07:42.835000Z,2024-09-25T21:08:15.479000Z,2024-09-25T21:07:43.641114Z,1473.0,C1BTHULB,736,Black/African American,Undergraduate degree (BA/BSc/other),58,Male,White,United States,United States,United States,English,Yes,DATA_EXPIRED
221,228,lq5oklk7,,0,18,18,Section_7,EndSurvey,2024-09-25 20:43:30.055192,1,,,0.0,,,,,,,,,,,,,,ryu6snyq,,,,,0,Experiment_1_Persistence,https://app.prolific.com/submissions/complete?cc=C1BTHULB,0.0,1.0,228,,0.0,5ce753de5434fd001b47e9fc,1,1,228,,0.0,C,A,A,D,A,D,C,C,B,C,CAADADCCBC,0.2,0.0,0.0,1,1,228,,0.0,noisy,random,ground,Fail,black,50.0,2.0,3.0,Fail Box,1,1,228,,0.0,D,B,A,C,B,D,A,B,C,C,DBACBDABCC,0.9,Non-STEM Track,,0.0,0.0,3.0,1,1,228,,0.0,R,R,R,R,R,R,C,C,C,C,C,RRRRRRCCCCC,1,1,228,,0.0,0,1,0,0,0,0,0,0,0,I did not know the formulas needed in the STEM track.,"Math, English, Science, History",,Non-STEM Track,1,1,,,,,,,,,,,,,,,,,,,,,,,,,,,,,,,,,,,,,,,,,,,,,,,,,,,,,,,,66f4728d7e4045b86e74df77,5ce753de5434fd001b47e9fc,APPROVED,Not Applicable,2024-09-25T20:34:27.895000Z,2024-09-25T20:52:34.112000Z,2024-09-25T20:55:41.657000Z,2024-09-25T20:55:13.814473Z,1087.0,C1BTHULB,706,Black/African American,High school diploma/A-levels,28,Male,Black,United States,United States,United States,English,No,Part-Time
223,230,19vc6cp7,,0,18,18,Section_7,EndSurvey,2024-09-25 20:44:30.258211,1,,,0.0,,,,,,,,,,,,,,ryu6snyq,,,,,0,Experiment_1_Persistence,https://app.prolific.com/submissions/complete?cc=C1BTHULB,0.0,1.0,230,,0.0,5e6482c9142c3c204d56baa0,1,1,230,,0.0,B,C,B,A,B,B,D,C,B,B,BCBABBDCBB,0.5,0.0,0.0,1,1,230,,0.0,noisy,random,positive,Pass,black,25.0,7.0,4.0,Pass Box,1,1,230,,0.0,D,B,A,C,B,D,A,B,C,D,DBACBDABCD,1.0,Non-STEM Track,,0.0,0.0,4.0,1,1,230,,0.0,R,R,R,R,R,C,C,C,C,C,C,RRRRRCCCCCC,1,1,230,,0.0,0,0,1,0,0,0,0,0,0,Im not good at math,Writing/art,Good,Non-STEM Track,1,1,,,,,,,,,,,,,,,,,,,,,,,,,,,,,,,,,,,,,,,,,,,,,,,,,,,,,,,,66f4761946b728f1c34ed8b4,5e6482c9142c3c204d56baa0,APPROVED,Not Applicable,2024-09-25T20:44:27.284000Z,2024-09-25T20:53:16.514000Z,2024-09-25T20:55:50.243000Z,2024-09-25T20:55:23.813270Z,530.0,C1BTHULB,3234,Mixed,Technical/community college,36,Male,Mixed,United States,United States,United States,English,No,Unemployed (and job seeking)
224,231,60jxsctd,,0,18,18,Section_7,EndSurvey,2024-09-25 20:45:18.212723,1,,,0.0,,,,,,,,,,,,,,ryu6snyq,,,,,0,Experiment_1_Persistence,https://app.prolific.com/submissions/complete?cc=C1BTHULB,0.0,1.0,231,,0.0,663154d3db316e62c35e16ae,1,1,231,,0.0,B,D,C,A,B,B,C,C,B,B,BDCABBCCBB,0.5,0.0,0.0,1,1,231,,0.0,noisy,random,negative,Pass,red,1.0,1.0,1.0,Fail Box,1,1,231,,0.0,A,B,B,B,C,A,B,C,B,D,ABBBCABCBD,0.1,STEM Track,,0.0,0.0,1.0,1,1,231,,0.0,C,C,R,R,R,R,R,R,R,R,R,CCRRRRRRRRR,1,1,231,,0.0,0,0,1,0,0,0,0,0,0,Because That made the most sense,"Arts, Motion Pictures",Weird test kind of...not sure of a few things,STEM Track,1,1,,,,,,,,,,,,,,,,,,,,,,,,,,,,,,,,,,,,,,,,,,,,,,,,,,,,,,,,66f47655fb892125a1772866,663154d3db316e62c35e16ae,APPROVED,Not Applicable,2024-09-25T20:45:15.396000Z,2024-09-25T20:53:43.932000Z,2024-09-25T20:55:56.319000Z,2024-09-25T20:55:28.862165Z,509.0,C1BTHULB,156,Black/African American,High school diploma/A-levels,38,Male,Black,United States,United States,United States,English,No,Full-Time
225,232,uf3047zk,,0,18,18,Section_7,EndSurvey,2024-09-25 20:45:50.983867,1,,,0.0,,,,,,,,,,,,,,ryu6snyq,,,,,0,Experiment_1_Persistence,https://app.prolific.com/submissions/complete?cc=C1BTHULB,0.0,1.0,232,,0.0,5c4d5328889752000156a11d,1,1,232,,0.0,D,A,A,B,,,B,A,C,D,DAAB__BACD,0.3,0.0,0.0,1,1,232,,0.0,noisy,random,negative,Pass,red,22.0,2.0,2.0,Pass Box,1,1,232,,0.0,D,B,A,C,B,D,A,B,C,D,DBACBDABCD,1.0,Non-STEM Track,,0.0,0.0,2.0,1,1,232,,0.0,R,R,C,C,C,C,C,C,C,C,C,RRCCCCCCCCC,1,1,232,,0.0,1,0,1,0,0,0,0,0,0,"I am bad at math to begin with, and I am quite tired today as well, so I was unlikely to be reliable in a math context. Even though, if I recall, the bar was set low for the STEM track, the stress level associated with taking that option would have been high, as it had been to some extent the first time. I wanted to get some exposure to challenges at which I thought likely I would have a better chance of doing better and of finding the material more approachable and maybe more interesting. ","I majored in psychology in college. Prior to that I focused on English and history. I am more of a humanities and social sciences person, but less so the quantitative aspects of social science. My work has been primarily in administrative support roles, with some creative and analytical elements in one of my current jobs. ",I think things were mostly pretty straightforward. I liked that there were multiple pauses between sections and ongoing instructions. ,Non-STEM Track,1,1,,,,,,,,,,,,,,,,,,,,,,,,,,,,,,,,,,,,,,,,,,,,,,,,,,,,,,,,66f47450280092c073df3514,5c4d5328889752000156a11d,APPROVED,Not Applicable,2024-09-25T20:45:44.619000Z,2024-09-25T21:06:26.813000Z,2024-09-25T21:07:03.539000Z,2024-09-25T21:06:36.544227Z,1243.0,C1BTHULB,4899,White,Undergraduate degree (BA/BSc/other),52,Male,White,United States,United States,United States,English,DATA_EXPIRED,DATA_EXPIRED
226,233,r07vui0l,,0,18,18,Section_7,EndSurvey,2024-09-25 20:55:32.614098,1,,,0.0,,,,,,,,,,,,,,ryu6snyq,,,,,0,Experiment_1_Persistence,https://app.prolific.com/submissions/complete?cc=C1BTHULB,0.0,1.0,233,,0.0,5f5ab115b8e6411bcb5dadf1,1,1,233,,0.0,D,A,D,C,B,,,,,C,DADCB____C,0.2,0.0,0.0,1,1,233,,0.0,noisy,random,negative,Fail,black,30.0,3.0,4.0,Fail Box,1,1,233,,0.0,D,B,A,C,B,D,A,B,C,D,DBACBDABCD,1.0,Non-STEM Track,,0.0,0.0,4.0,1,1,233,,0.0,R,R,R,R,R,C,C,C,C,C,C,RRRRRCCCCCC,1,1,233,,0.0,0,0,1,0,0,0,0,0,0,"Because I'm not good at STEM, particularly math",Information science/computer science,"Everything was good, thanks!",Non-STEM Track,1,1,,,,,,,,,,,,,,,,,,,,,,,,,,,,,,,,,,,,,,,,,,,,,,,,,,,,,,,,66f47268329d60a37afcc403,5f5ab115b8e6411bcb5dadf1,APPROVED,Not Applicable,2024-09-25T20:28:29.964000Z,2024-09-25T21:07:51.822000Z,2024-09-25T21:08:19.098000Z,2024-09-25T21:07:52.680413Z,2362.0,C1BTHULB,3543,Black/African American,Undergraduate degree (BA/BSc/other),25,Male,Black,United States,United States,United States,English,No,Full-Time
227,234,9w82brgv,,0,18,18,Section_7,EndSurvey,2024-09-25 20:57:33.751574,1,,,0.0,,,,,,,,,,,,,,ryu6snyq,,,,,0,Experiment_1_Persistence,https://app.prolific.com/submissions/complete?cc=C1BTHULB,0.0,1.0,234,,0.0,5fc531028afba30009cb3234,1,1,234,,0.0,D,A,C,C,,,,A,,,DACC___A__,0.2,1.0,3.448,1,1,234,,0.0,noisy,random,ground,Fail,black,70.0,3.0,6.0,Fail Box,1,1,234,,0.0,D,B,A,C,B,D,A,B,C,D,DBACBDABCD,1.0,Non-STEM Track,,0.0,0.0,6.0,1,1,234,,0.0,R,R,R,R,R,C,C,C,C,C,C,RRRRRCCCCCC,1,1,234,,0.0,0,0,1,0,0,0,0,0,0,"STEM subjects, Math in particular is my weak point.","Went to trade school for audio engineering. I've worked in manufacturing, logistics, and the entertainment industry.","Challenging, at least the math quiz section. No, the study was well written clearly and instructions easy to understand.",Non-STEM Track,1,1,,,,,,,,,,,,,,,,,,,,,,,,,,,,,,,,,,,,,,,,,,,,,,,,,,,,,,,,66f47937e58b8605f852ca67,5fc531028afba30009cb3234,APPROVED,Not Applicable,2024-09-25T20:57:31.695000Z,2024-09-25T21:13:31.487000Z,2024-09-25T21:13:33.894000Z,2024-09-25T21:13:32.212768Z,960.0,C1BTHULB,201,White,Technical/community college,30,Male,White,United States,United States,United States,English,No,Other
229,236,5ndkqwrw,,0,18,18,Section_7,EndSurvey,2024-09-25 21:00:54.180477,1,,,0.0,,,,,,,,,,,,,,ryu6snyq,,,,,0,Experiment_1_Persistence,https://app.prolific.com/submissions/complete?cc=C1BTHULB,0.0,1.0,236,,0.0,628ecc32276d54517f4c004d,1,1,236,,0.0,B,C,A,C,B,B,C,A,C,A,BCACBBCACA,0.3,0.0,0.0,1,1,236,,0.0,noisy,random,positive,Pass,black,50.0,2.0,3.0,Not Sure,1,1,236,,0.0,D,B,A,C,B,D,A,B,C,D,DBACBDABCD,1.0,Non-STEM Track,,0.0,0.0,3.0,1,1,236,,0.0,R,R,R,R,R,R,C,C,C,C,C,RRRRRRCCCCC,1,1,236,,0.0,0,0,1,0,0,0,0,0,0,"Because I'm atrocious at math, especially after graduating a decade ago. ",My best subjects were always History and English,Have a nice day.,Non-STEM Track,1,1,,,,,,,,,,,,,,,,,,,,,,,,,,,,,,,,,,,,,,,,,,,,,,,,,,,,,,,,66f479fd9dba62a66945a666,628ecc32276d54517f4c004d,APPROVED,Not Applicable,2024-09-25T21:00:51.636000Z,2024-09-25T21:13:49.521000Z,2024-09-25T21:13:50.433000Z,2024-09-25T21:13:50.339428Z,778.0,C1BTHULB,1366,Black/African American,Technical/community college,27,Male,Black,United States,United States,United States,English,Yes,Full-Time
230,237,m39nj8za,,0,18,18,Section_7,EndSurvey,2024-09-25 21:02:15.910221,1,,,0.0,,,,,,,,,,,,,,ryu6snyq,,,,,0,Experiment_1_Persistence,https://app.prolific.com/submissions/complete?cc=C1BTHULB,0.0,1.0,237,,0.0,66a51bbce6016ac7f7686885,1,1,237,,0.0,B,C,A,C,D,B,A,B,B,B,BCACDBABBB,0.2,2.0,36.029,1,1,237,,0.0,noisy,random,negative,Fail,red,50.0,5.0,5.0,Pass Box,1,1,237,,0.0,D,B,A,C,B,D,A,B,C,D,DBACBDABCD,1.0,Non-STEM Track,,1.0,3.699,5.0,1,1,237,,0.0,R,R,R,R,R,R,C,R,C,C,C,RRRRRRCRCCC,1,1,237,,0.0,0,0,1,0,0,0,0,0,0,I did not like the STEM,"Biology,chemistry",,Non-STEM Track,1,1,,,,,,,,,,,,,,,,,,,,,,,,,,,,,,,,,,,,,,,,,,,,,,,,,,,,,,,,66f47a2a2863bff100eddf6c,66a51bbce6016ac7f7686885,APPROVED,Not Applicable,2024-09-25T21:02:07.302000Z,2024-09-25T21:17:33.475000Z,2024-09-25T21:20:11.169000Z,2024-09-25T21:20:10.189864Z,927.0,C1BTHULB,132,Black/African American,Graduate degree (MA/MSc/MPhil/other),25,Female,Black,Ghana,United States,United States,English,No,Full-Time
231,238,u59j9e3x,,0,18,18,Section_7,EndSurvey,2024-09-25 21:11:07.352285,1,,,0.0,,,,,,,,,,,,,,ryu6snyq,,,,,0,Experiment_1_Persistence,https://app.prolific.com/submissions/complete?cc=C1BTHULB,0.0,1.0,238,,0.0,66059fef7d2576212925f9f9,1,1,238,,0.0,D,A,B,B,B,B,D,C,B,C,DABBBBDCBC,0.6,0.0,0.0,1,1,238,,0.0,noisy,random,positive,Pass,red,80.0,5.0,5.0,Pass Box,1,1,238,,0.0,B,D,C,B,A,D,C,A,B,C,BDCBADCABC,0.8,STEM Track,,0.0,0.0,5.0,1,1,238,,0.0,R,R,R,R,R,C,C,C,C,C,C,RRRRRCCCCCC,1,1,238,,0.0,0,0,1,0,0,0,0,0,0,I like it,Software Engineer and Mostly business,I liked it. ,STEM Track,1,1,,,,,,,,,,,,,,,,,,,,,,,,,,,,,,,,,,,,,,,,,,,,,,,,,,,,,,,,66f4741b38247de0072702cb,66059fef7d2576212925f9f9,APPROVED,Not Applicable,2024-09-25T20:44:05.445000Z,2024-09-25T21:25:44.434000Z,2024-09-25T21:25:45.354000Z,2024-09-25T21:25:45.258837Z,2499.0,C1BTHULB,501,White,Undergraduate degree (BA/BSc/other),37,Male,White,United States,United States,United States,English,No,Full-Time
232,239,4g3ky12z,,0,18,18,Section_7,EndSurvey,2024-09-25 21:15:31.490089,1,,,0.0,,,,,,,,,,,,,,ryu6snyq,,,,,0,Experiment_1_Persistence,https://app.prolific.com/submissions/complete?cc=C1BTHULB,0.0,1.0,239,,0.0,5ffe235ea848b74a3b3ccd07,1,1,239,,0.0,D,C,D,D,D,C,D,B,A,C,DCDDDCDBAC,0.1,0.0,0.0,1,1,239,,0.0,noisy,random,negative,Fail,black,10.0,2.0,2.0,Fail Box,1,1,239,,0.0,D,B,A,C,B,D,A,B,C,D,DBACBDABCD,1.0,Non-STEM Track,,0.0,0.0,2.0,1,1,239,,0.0,R,R,R,C,C,C,C,C,C,C,C,RRRCCCCCCCC,1,1,239,,0.0,0,0,1,0,0,0,0,0,0,Because the questions on the first test were ridiculous given I haven't used the type of math required for them in over a decade. And that's coming from someone who works in STEM. Very few fields use that type of algebra on a day to day basis.,"computer science, software development",Giving people a big algebra-style test without telling them to get pen and paper out or a basic calculator to begin with is pretty poor survey design if you actually want to them to answer the questions properly. I'm 40 and they allowed graphing calculators at the bare minimum since middle school for me.,Non-STEM Track,1,1,,,,,,,,,,,,,,,,,,,,,,,,,,,,,,,,,,,,,,,,,,,,,,,,,,,,,,,,66f47d6df7716f557f0c09e4,5ffe235ea848b74a3b3ccd07,APPROVED,Not Applicable,2024-09-25T21:15:28.797000Z,2024-09-25T21:37:52.627000Z,2024-09-25T21:37:54.270000Z,2024-09-25T21:37:53.533957Z,1344.0,C1BTHULB,5870,White,Undergraduate degree (BA/BSc/other),40,Male,White,United States,United States,United States,English,No,DATA_EXPIRED
234,241,5mfq7puv,,0,18,18,Section_7,EndSurvey,2024-09-25 21:19:13.143866,1,,,0.0,,,,,,,,,,,,,,ryu6snyq,,,,,0,Experiment_1_Persistence,https://app.prolific.com/submissions/complete?cc=C1BTHULB,0.0,1.0,241,,0.0,6544ff9e0fb2eaaf83e2de5c,1,1,241,,0.0,D,B,C,C,A,B,D,C,A,A,DBCCABDCAA,0.4,1.0,2.895,1,1,241,,0.0,noisy,random,negative,Pass,red,5.0,1.0,3.0,Fail Box,1,1,241,,0.0,D,B,A,C,B,D,A,B,C,D,DBACBDABCD,1.0,Non-STEM Track,,0.0,0.0,3.0,1,1,241,,0.0,R,R,R,C,C,C,C,C,C,C,C,RRRCCCCCCCC,1,1,241,,0.0,0,1,0,0,0,0,1,0,0,I thought it may be less challenging.,"Economics and Business, Beauty, Media",It was interesting!,Non-STEM Track,1,1,,,,,,,,,,,,,,,,,,,,,,,,,,,,,,,,,,,,,,,,,,,,,,,,,,,,,,,,66f47e48f820875c45d215e0,6544ff9e0fb2eaaf83e2de5c,APPROVED,Not Applicable,2024-09-25T21:19:10.272000Z,2024-09-25T21:29:18.400000Z,2024-09-25T21:29:30.194000Z,2024-09-25T21:29:19.059028Z,609.0,C1BTHULB,1709,White,Undergraduate degree (BA/BSc/other),62,Female,White,United States,United States,United States,English,No,Other
