participant.id_in_session,participant.code,participant.label,participant._is_bot,participant._index_in_pages,participant._max_page_index,participant._current_app_name,participant._current_page_name,participant.time_started_utc,participant.visited,participant.mturk_worker_id,participant.mturk_assignment_id,participant.payoff,participant.drop,participant.single,participant.page_number,participant.oppo_list,participant.payoffs_list,participant.oppo_payoffs_list,participant.nodes_list,participant.oppo_nodes_list,participant.takes_list,participant.oppo_takes_list,participant.order,participant.finished,participant.prolificID,session.code,session.label,session.mturk_HITId,session.mturk_HITGroupId,session.comment,session.is_demo,session.config.name,session.config.return_url,session.config.participation_fee,session.config.real_world_currency_per_point,Intro.1.player.id_in_group,Intro.1.player.role,Intro.1.player.payoff,Intro.1.player.prolific_id,Intro.1.group.id_in_subsession,Intro.1.subsession.round_number,Section_1.1.player.id_in_group,Section_1.1.player.role,Section_1.1.player.payoff,Section_1.1.player.question1,Section_1.1.player.question2,Section_1.1.player.question3,Section_1.1.player.question4,Section_1.1.player.question5,Section_1.1.player.question6,Section_1.1.player.question7,Section_1.1.player.question8,Section_1.1.player.question9,Section_1.1.player.question10,Section_1.1.player.stem_quiz_1_answers,Section_1.1.player.stem_quiz_1_score,Section_1.1.player.num_tab_switches_in_section_1,Section_1.1.player.total_time_hidden_in_section_1,Section_1.1.group.id_in_subsession,Section_1.1.subsession.round_number,Section_2_3.1.player.id_in_group,Section_2_3.1.player.role,Section_2_3.1.player.payoff,Section_2_3.1.player.track,Section_2_3.1.player.path,Section_2_3.1.player.info_structure,Section_2_3.1.player.performance,Section_2_3.1.player.ball_color,Section_2_3.1.player.overplacement,Section_2_3.1.player.overestimation,Section_2_3.1.player.passing_threshold,Section_2_3.1.player.ball_origin_estimation,Section_2_3.1.group.id_in_subsession,Section_2_3.1.subsession.round_number,Section_4_5.1.player.id_in_group,Section_4_5.1.player.role,Section_4_5.1.player.payoff,Section_4_5.1.player.question1,Section_4_5.1.player.question2,Section_4_5.1.player.question3,Section_4_5.1.player.question4,Section_4_5.1.player.question5,Section_4_5.1.player.question6,Section_4_5.1.player.question7,Section_4_5.1.player.question8,Section_4_5.1.player.question9,Section_4_5.1.player.question10,Section_4_5.1.player.quiz_2_answers,Section_4_5.1.player.quiz_2_score,Section_4_5.1.player.preferred_second_survey,Section_4_5.1.player.parsed_questions,Section_4_5.1.player.num_tab_switches_in_section_5,Section_4_5.1.player.total_time_hidden_in_section_5,Section_4_5.1.player.passing_threshold,Section_4_5.1.group.id_in_subsession,Section_4_5.1.subsession.round_number,Section_6.1.player.id_in_group,Section_6.1.player.role,Section_6.1.player.payoff,Section_6.1.player.question1,Section_6.1.player.question2,Section_6.1.player.question3,Section_6.1.player.question4,Section_6.1.player.question5,Section_6.1.player.question6,Section_6.1.player.question7,Section_6.1.player.question8,Section_6.1.player.question9,Section_6.1.player.question10,Section_6.1.player.question11,Section_6.1.player.risk_tolerance_answers,Section_6.1.group.id_in_subsession,Section_6.1.subsession.round_number,Section_7.1.player.id_in_group,Section_7.1.player.role,Section_7.1.player.payoff,Section_7.1.player.schools_private_independent,Section_7.1.player.schools_private_religious,Section_7.1.player.schools_public_school,Section_7.1.player.schools_homeschool,Section_7.1.player.schools_online_school,Section_7.1.player.schools_charter_school,Section_7.1.player.schools_all_girls_school,Section_7.1.player.schools_all_boys_school,Section_7.1.player.schools_stem_oriented_school,Section_7.1.player.track_decision,Section_7.1.player.subjects,Section_7.1.player.experience,Section_7.1.player.preferred_second_survey,Section_7.1.group.id_in_subsession,Section_7.1.subsession.round_number,Exp2_Intro.1.player.id_in_group,Exp2_Intro.1.player.role,Exp2_Intro.1.player.payoff,Exp2_Intro.1.player.prolific_id,Exp2_Intro.1.group.id_in_subsession,Exp2_Intro.1.subsession.round_number,Exp2_Section_1.1.player.id_in_group,Exp2_Section_1.1.player.role,Exp2_Section_1.1.player.payoff,Exp2_Section_1.1.player.question1,Exp2_Section_1.1.player.question2,Exp2_Section_1.1.player.question3,Exp2_Section_1.1.player.question4,Exp2_Section_1.1.player.question5,Exp2_Section_1.1.player.question6,Exp2_Section_1.1.player.question7,Exp2_Section_1.1.player.question8,Exp2_Section_1.1.player.question9,Exp2_Section_1.1.player.question10,Exp2_Section_1.1.player.stem_quiz_1_answers,Exp2_Section_1.1.player.stem_quiz_1_score,Exp2_Section_1.1.player.num_tab_switches_in_section_1,Exp2_Section_1.1.player.total_time_hidden_in_section_1,Exp2_Section_1.1.group.id_in_subsession,Exp2_Section_1.1.subsession.round_number,Exp2_Section_2_3.1.player.id_in_group,Exp2_Section_2_3.1.player.role,Exp2_Section_2_3.1.player.payoff,Exp2_Section_2_3.1.player.track,Exp2_Section_2_3.1.player.path,Exp2_Section_2_3.1.player.preferred_info_structure,Exp2_Section_2_3.1.player.performance,Exp2_Section_2_3.1.player.ball_color,Exp2_Section_2_3.1.player.overplacement,Exp2_Section_2_3.1.player.overestimation,Exp2_Section_2_3.1.player.passing_threshold,Exp2_Section_2_3.1.player.ball_origin_estimation,Exp2_Section_2_3.1.group.id_in_subsession,Exp2_Section_2_3.1.subsession.round_number,Exp2_Section_4.1.player.id_in_group,Exp2_Section_4.1.player.role,Exp2_Section_4.1.player.payoff,Exp2_Section_4.1.player.schools_private_independent,Exp2_Section_4.1.player.schools_private_religious,Exp2_Section_4.1.player.schools_public_school,Exp2_Section_4.1.player.schools_homeschool,Exp2_Section_4.1.player.schools_online_school,Exp2_Section_4.1.player.schools_charter_school,Exp2_Section_4.1.player.schools_all_girls_school,Exp2_Section_4.1.player.schools_all_boys_school,Exp2_Section_4.1.player.schools_stem_oriented_school,Exp2_Section_4.1.player.subjects,Exp2_Section_4.1.player.experience,Exp2_Section_4.1.group.id_in_subsession,Exp2_Section_4.1.subsession.round_number,pg_discounting3.1.player.id_in_group,pg_discounting3.1.player.role,pg_discounting3.1.player.payoff,pg_discounting3.1.player.ps_token_value,pg_discounting3.1.player.token_value,pg_discounting3.1.player.spending,pg_discounting3.1.player.results_clicked,pg_discounting3.1.player.potential_payoff,pg_discounting3.1.player.moved_in_current_period,pg_discounting3.1.group.id_in_subsession,pg_discounting3.1.group.ps_num_moves_made,pg_discounting3.1.group.ps_num_tokens_spent,pg_discounting3.1.group.num_moves_made,pg_discounting3.1.group.num_tokens_spent,pg_discounting3.1.group.current_period,pg_discounting3.1.group.stopped,pg_discounting3.1.subsession.round_number,pg_discounting3.1.subsession.L,pg_discounting3.1.subsession.K,pg_discounting3.1.subsession.public_goods_value,pg_discounting3.1.subsession.tokens_needed,pg_discounting3.1.subsession.num_paid_rounds,pg_discounting3.1.subsession.stopping_probability,pg_discounting3.1.subsession.period_batch_size,pg_discounting3.1.subsession.final_period,pg_discounting3.1.subsession.paid_period,pg_discounting3.2.player.id_in_group,pg_discounting3.2.player.role,pg_discounting3.2.player.payoff,pg_discounting3.2.player.ps_token_value,pg_discounting3.2.player.token_value,pg_discounting3.2.player.spending,pg_discounting3.2.player.results_clicked,pg_discounting3.2.player.potential_payoff,pg_discounting3.2.player.moved_in_current_period,pg_discounting3.2.group.id_in_subsession,pg_discounting3.2.group.ps_num_moves_made,pg_discounting3.2.group.ps_num_tokens_spent,pg_discounting3.2.group.num_moves_made,pg_discounting3.2.group.num_tokens_spent,pg_discounting3.2.group.current_period,pg_discounting3.2.group.stopped,pg_discounting3.2.subsession.round_number,pg_discounting3.2.subsession.L,pg_discounting3.2.subsession.K,pg_discounting3.2.subsession.public_goods_value,pg_discounting3.2.subsession.tokens_needed,pg_discounting3.2.subsession.num_paid_rounds,pg_discounting3.2.subsession.stopping_probability,pg_discounting3.2.subsession.period_batch_size,pg_discounting3.2.subsession.final_period,pg_discounting3.2.subsession.paid_period,pg_discounting3.3.player.id_in_group,pg_discounting3.3.player.role,pg_discounting3.3.player.payoff,pg_discounting3.3.player.ps_token_value,pg_discounting3.3.player.token_value,pg_discounting3.3.player.spending,pg_discounting3.3.player.results_clicked,pg_discounting3.3.player.potential_payoff,pg_discounting3.3.player.moved_in_current_period,pg_discounting3.3.group.id_in_subsession,pg_discounting3.3.group.ps_num_moves_made,pg_discounting3.3.group.ps_num_tokens_spent,pg_discounting3.3.group.num_moves_made,pg_discounting3.3.group.num_tokens_spent,pg_discounting3.3.group.current_period,pg_discounting3.3.group.stopped,pg_discounting3.3.subsession.round_number,pg_discounting3.3.subsession.L,pg_discounting3.3.subsession.K,pg_discounting3.3.subsession.public_goods_value,pg_discounting3.3.subsession.tokens_needed,pg_discounting3.3.subsession.num_paid_rounds,pg_discounting3.3.subsession.stopping_probability,pg_discounting3.3.subsession.period_batch_size,pg_discounting3.3.subsession.final_period,pg_discounting3.3.subsession.paid_period,pg_discounting3.4.player.id_in_group,pg_discounting3.4.player.role,pg_discounting3.4.player.payoff,pg_discounting3.4.player.ps_token_value,pg_discounting3.4.player.token_value,pg_discounting3.4.player.spending,pg_discounting3.4.player.results_clicked,pg_discounting3.4.player.potential_payoff,pg_discounting3.4.player.moved_in_current_period,pg_discounting3.4.group.id_in_subsession,pg_discounting3.4.group.ps_num_moves_made,pg_discounting3.4.group.ps_num_tokens_spent,pg_discounting3.4.group.num_moves_made,pg_discounting3.4.group.num_tokens_spent,pg_discounting3.4.group.current_period,pg_discounting3.4.group.stopped,pg_discounting3.4.subsession.round_number,pg_discounting3.4.subsession.L,pg_discounting3.4.subsession.K,pg_discounting3.4.subsession.public_goods_value,pg_discounting3.4.subsession.tokens_needed,pg_discounting3.4.subsession.num_paid_rounds,pg_discounting3.4.subsession.stopping_probability,pg_discounting3.4.subsession.period_batch_size,pg_discounting3.4.subsession.final_period,pg_discounting3.4.subsession.paid_period,pg_discounting3.5.player.id_in_group,pg_discounting3.5.player.role,pg_discounting3.5.player.payoff,pg_discounting3.5.player.ps_token_value,pg_discounting3.5.player.token_value,pg_discounting3.5.player.spending,pg_discounting3.5.player.results_clicked,pg_discounting3.5.player.potential_payoff,pg_discounting3.5.player.moved_in_current_period,pg_discounting3.5.group.id_in_subsession,pg_discounting3.5.group.ps_num_moves_made,pg_discounting3.5.group.ps_num_tokens_spent,pg_discounting3.5.group.num_moves_made,pg_discounting3.5.group.num_tokens_spent,pg_discounting3.5.group.current_period,pg_discounting3.5.group.stopped,pg_discounting3.5.subsession.round_number,pg_discounting3.5.subsession.L,pg_discounting3.5.subsession.K,pg_discounting3.5.subsession.public_goods_value,pg_discounting3.5.subsession.tokens_needed,pg_discounting3.5.subsession.num_paid_rounds,pg_discounting3.5.subsession.stopping_probability,pg_discounting3.5.subsession.period_batch_size,pg_discounting3.5.subsession.final_period,pg_discounting3.5.subsession.paid_period,pg_discounting3.6.player.id_in_group,pg_discounting3.6.player.role,pg_discounting3.6.player.payoff,pg_discounting3.6.player.ps_token_value,pg_discounting3.6.player.token_value,pg_discounting3.6.player.spending,pg_discounting3.6.player.results_clicked,pg_discounting3.6.player.potential_payoff,pg_discounting3.6.player.moved_in_current_period,pg_discounting3.6.group.id_in_subsession,pg_discounting3.6.group.ps_num_moves_made,pg_discounting3.6.group.ps_num_tokens_spent,pg_discounting3.6.group.num_moves_made,pg_discounting3.6.group.num_tokens_spent,pg_discounting3.6.group.current_period,pg_discounting3.6.group.stopped,pg_discounting3.6.subsession.round_number,pg_discounting3.6.subsession.L,pg_discounting3.6.subsession.K,pg_discounting3.6.subsession.public_goods_value,pg_discounting3.6.subsession.tokens_needed,pg_discounting3.6.subsession.num_paid_rounds,pg_discounting3.6.subsession.stopping_probability,pg_discounting3.6.subsession.period_batch_size,pg_discounting3.6.subsession.final_period,pg_discounting3.6.subsession.paid_period,pg_discounting3.7.player.id_in_group,pg_discounting3.7.player.role,pg_discounting3.7.player.payoff,pg_discounting3.7.player.ps_token_value,pg_discounting3.7.player.token_value,pg_discounting3.7.player.spending,pg_discounting3.7.player.results_clicked,pg_discounting3.7.player.potential_payoff,pg_discounting3.7.player.moved_in_current_period,pg_discounting3.7.group.id_in_subsession,pg_discounting3.7.group.ps_num_moves_made,pg_discounting3.7.group.ps_num_tokens_spent,pg_discounting3.7.group.num_moves_made,pg_discounting3.7.group.num_tokens_spent,pg_discounting3.7.group.current_period,pg_discounting3.7.group.stopped,pg_discounting3.7.subsession.round_number,pg_discounting3.7.subsession.L,pg_discounting3.7.subsession.K,pg_discounting3.7.subsession.public_goods_value,pg_discounting3.7.subsession.tokens_needed,pg_discounting3.7.subsession.num_paid_rounds,pg_discounting3.7.subsession.stopping_probability,pg_discounting3.7.subsession.period_batch_size,pg_discounting3.7.subsession.final_period,pg_discounting3.7.subsession.paid_period,pg_discounting3.8.player.id_in_group,pg_discounting3.8.player.role,pg_discounting3.8.player.payoff,pg_discounting3.8.player.ps_token_value,pg_discounting3.8.player.token_value,pg_discounting3.8.player.spending,pg_discounting3.8.player.results_clicked,pg_discounting3.8.player.potential_payoff,pg_discounting3.8.player.moved_in_current_period,pg_discounting3.8.group.id_in_subsession,pg_discounting3.8.group.ps_num_moves_made,pg_discounting3.8.group.ps_num_tokens_spent,pg_discounting3.8.group.num_moves_made,pg_discounting3.8.group.num_tokens_spent,pg_discounting3.8.group.current_period,pg_discounting3.8.group.stopped,pg_discounting3.8.subsession.round_number,pg_discounting3.8.subsession.L,pg_discounting3.8.subsession.K,pg_discounting3.8.subsession.public_goods_value,pg_discounting3.8.subsession.tokens_needed,pg_discounting3.8.subsession.num_paid_rounds,pg_discounting3.8.subsession.stopping_probability,pg_discounting3.8.subsession.period_batch_size,pg_discounting3.8.subsession.final_period,pg_discounting3.8.subsession.paid_period,pg_discounting3.9.player.id_in_group,pg_discounting3.9.player.role,pg_discounting3.9.player.payoff,pg_discounting3.9.player.ps_token_value,pg_discounting3.9.player.token_value,pg_discounting3.9.player.spending,pg_discounting3.9.player.results_clicked,pg_discounting3.9.player.potential_payoff,pg_discounting3.9.player.moved_in_current_period,pg_discounting3.9.group.id_in_subsession,pg_discounting3.9.group.ps_num_moves_made,pg_discounting3.9.group.ps_num_tokens_spent,pg_discounting3.9.group.num_moves_made,pg_discounting3.9.group.num_tokens_spent,pg_discounting3.9.group.current_period,pg_discounting3.9.group.stopped,pg_discounting3.9.subsession.round_number,pg_discounting3.9.subsession.L,pg_discounting3.9.subsession.K,pg_discounting3.9.subsession.public_goods_value,pg_discounting3.9.subsession.tokens_needed,pg_discounting3.9.subsession.num_paid_rounds,pg_discounting3.9.subsession.stopping_probability,pg_discounting3.9.subsession.period_batch_size,pg_discounting3.9.subsession.final_period,pg_discounting3.9.subsession.paid_period,pg_discounting3.10.player.id_in_group,pg_discounting3.10.player.role,pg_discounting3.10.player.payoff,pg_discounting3.10.player.ps_token_value,pg_discounting3.10.player.token_value,pg_discounting3.10.player.spending,pg_discounting3.10.player.results_clicked,pg_discounting3.10.player.potential_payoff,pg_discounting3.10.player.moved_in_current_period,pg_discounting3.10.group.id_in_subsession,pg_discounting3.10.group.ps_num_moves_made,pg_discounting3.10.group.ps_num_tokens_spent,pg_discounting3.10.group.num_moves_made,pg_discounting3.10.group.num_tokens_spent,pg_discounting3.10.group.current_period,pg_discounting3.10.group.stopped,pg_discounting3.10.subsession.round_number,pg_discounting3.10.subsession.L,pg_discounting3.10.subsession.K,pg_discounting3.10.subsession.public_goods_value,pg_discounting3.10.subsession.tokens_needed,pg_discounting3.10.subsession.num_paid_rounds,pg_discounting3.10.subsession.stopping_probability,pg_discounting3.10.subsession.period_batch_size,pg_discounting3.10.subsession.final_period,pg_discounting3.10.subsession.paid_period
1,k1884s85,,0,18,18,Section_7,EndSurvey,2024-09-25 18:34:23.281220,1,,,0.0,,,,,,,,,,,,,,ryu6snyq,,,,,0,Experiment_1_Persistence,https://app.prolific.com/submissions/complete?cc=C1BTHULB,0.0,1.0,1,,0.0,mila -test,1,1,1,,0.0,,C,,B,,C,,B,D,,_C_B_C_BD_,0.1,1,0.0,1,1,1,,0.0,noisy,random,ground,Fail,black,50,5,5,Fail Box,1,1,1,,0.0,A,A,A,A,A,A,A,A,A,A,AAAAAAAAAA,0.4,STEM Track,,0,0.0,5,1,1,1,,0.0,R,R,R,R,R,R,R,R,R,R,R,RRRRRRRRRRR,1,1,1,,0.0,1,1,0,0,0,0,0,0,0,test,test,test,STEM Track,1,1,,,,,,,,,,,,,,,,,,,,,,,,,,,,,,,,,,,,,,,,,,,,,,,,,,,,,,,,,,,,,,,,,,,,,,,,,,,,,,,,,,,,,,,,,,,,,,,,,,,,,,,,,,,,,,,,,,,,,,,,,,,,,,,,,,,,,,,,,,,,,,,,,,,,,,,,,,,,,,,,,,,,,,,,,,,,,,,,,,,,,,,,,,,,,,,,,,,,,,,,,,,,,,,,,,,,,,,,,,,,,,,,,,,,,,,,,,,,,,,,,,,,,,,,,,,,,,,,,,,,,,,,,,,,,,,,,,,,,,,,,,,,,,,,,,,,,,,,,,,,,,,,,,,,,,,,,,,
2,wmwo7f26,,0,18,18,Section_7,EndSurvey,2024-09-25 18:50:11.010369,1,,,0.0,,,,,,,,,,,,,,ryu6snyq,,,,,0,Experiment_1_Persistence,https://app.prolific.com/submissions/complete?cc=C1BTHULB,0.0,1.0,2,,0.0,mila - test 2,1,1,2,,0.0,A,A,A,A,A,A,A,A,A,A,AAAAAAAAAA,0.2,0,0.0,1,1,2,,0.0,noisy,random,positive,Fail,red,50,5,5,Fail Box,1,1,2,,0.0,A,A,A,A,A,A,A,A,A,A,AAAAAAAAAA,0.4,STEM Track,,0,0.0,5,1,1,2,,0.0,R,R,R,R,R,R,R,R,R,R,R,RRRRRRRRRRR,1,1,2,,0.0,0,0,0,0,0,0,0,0,0,,,,STEM Track,1,1,,,,,,,,,,,,,,,,,,,,,,,,,,,,,,,,,,,,,,,,,,,,,,,,,,,,,,,,,,,,,,,,,,,,,,,,,,,,,,,,,,,,,,,,,,,,,,,,,,,,,,,,,,,,,,,,,,,,,,,,,,,,,,,,,,,,,,,,,,,,,,,,,,,,,,,,,,,,,,,,,,,,,,,,,,,,,,,,,,,,,,,,,,,,,,,,,,,,,,,,,,,,,,,,,,,,,,,,,,,,,,,,,,,,,,,,,,,,,,,,,,,,,,,,,,,,,,,,,,,,,,,,,,,,,,,,,,,,,,,,,,,,,,,,,,,,,,,,,,,,,,,,,,,,,,,,,,,
3,yuv542bd,,0,18,18,Section_7,EndSurvey,2024-09-25 18:56:26.601274,1,,,0.0,,,,,,,,,,,,,,ryu6snyq,,,,,0,Experiment_1_Persistence,https://app.prolific.com/submissions/complete?cc=C1BTHULB,0.0,1.0,3,,0.0,mila - test 3,1,1,3,,0.0,,B,C,D,D,B,,,A,,_BCDDB__A_,0.2,1,6.152,1,1,3,,0.0,noisy,random,negative,Fail,black,50,5,5,Fail Box,1,1,3,,0.0,A,A,A,A,A,A,A,A,A,A,AAAAAAAAAA,0.2,Non-STEM Track,,0,0.0,5,1,1,3,,0.0,R,R,R,R,R,R,R,R,R,R,R,RRRRRRRRRRR,1,1,3,,0.0,1,1,0,0,0,0,0,0,0,,,,Non-STEM Track,1,1,,,,,,,,,,,,,,,,,,,,,,,,,,,,,,,,,,,,,,,,,,,,,,,,,,,,,,,,,,,,,,,,,,,,,,,,,,,,,,,,,,,,,,,,,,,,,,,,,,,,,,,,,,,,,,,,,,,,,,,,,,,,,,,,,,,,,,,,,,,,,,,,,,,,,,,,,,,,,,,,,,,,,,,,,,,,,,,,,,,,,,,,,,,,,,,,,,,,,,,,,,,,,,,,,,,,,,,,,,,,,,,,,,,,,,,,,,,,,,,,,,,,,,,,,,,,,,,,,,,,,,,,,,,,,,,,,,,,,,,,,,,,,,,,,,,,,,,,,,,,,,,,,,,,,,,,,,,
4,7s7414hb,,0,18,18,Section_7,EndSurvey,2024-09-25 19:59:53.223225,1,,,0.0,,,,,,,,,,,,,,ryu6snyq,,,,,0,Experiment_1_Persistence,https://app.prolific.com/submissions/complete?cc=C1BTHULB,0.0,1.0,4,,0.0,5c8541b79c5a3000016b2597,1,1,4,,0.0,D,D,C,B,C,A,C,B,C,D,DDCBCACBCD,0.3,0,0.0,1,1,4,,0.0,noisy,random,positive,Fail,red,50,3,5,Fail Box,1,1,4,,0.0,D,B,A,C,B,D,A,B,C,D,DBACBDABCD,1.0,Non-STEM Track,,0,0.0,5,1,1,4,,0.0,R,R,R,C,C,C,C,C,C,C,C,RRRCCCCCCCC,1,1,4,,0.0,0,0,1,0,0,0,0,0,0,Much easier,STEM,n/a,Non-STEM Track,1,1,,,,,,,,,,,,,,,,,,,,,,,,,,,,,,,,,,,,,,,,,,,,,,,,,,,,,,,,,,,,,,,,,,,,,,,,,,,,,,,,,,,,,,,,,,,,,,,,,,,,,,,,,,,,,,,,,,,,,,,,,,,,,,,,,,,,,,,,,,,,,,,,,,,,,,,,,,,,,,,,,,,,,,,,,,,,,,,,,,,,,,,,,,,,,,,,,,,,,,,,,,,,,,,,,,,,,,,,,,,,,,,,,,,,,,,,,,,,,,,,,,,,,,,,,,,,,,,,,,,,,,,,,,,,,,,,,,,,,,,,,,,,,,,,,,,,,,,,,,,,,,,,,,,,,,,,,,,
5,he0crsrn,,0,18,18,Section_7,EndSurvey,2024-09-25 19:59:58.571506,1,,,0.0,,,,,,,,,,,,,,ryu6snyq,,,,,0,Experiment_1_Persistence,https://app.prolific.com/submissions/complete?cc=C1BTHULB,0.0,1.0,5,,0.0,652a68b774692c0a5cceba01,1,1,5,,0.0,D,A,B,C,D,B,C,A,B,B,DABCDBCABB,0.3,0,0.0,1,1,5,,0.0,noisy,random,positive,Fail,red,25,3,4,Fail Box,1,1,5,,0.0,D,B,A,C,B,D,A,B,C,D,DBACBDABCD,1.0,Non-STEM Track,,0,0.0,4,1,1,5,,0.0,R,R,R,R,R,R,R,C,C,C,C,RRRRRRRCCCC,1,1,5,,0.0,0,0,1,0,0,0,0,0,0,"I have not taken math since I was 16 years old, and the first quiz confirmed I am absolutely not a mathematician. I love reading and writing, so gravitate towards non-STEM disciplines. ",I studied International Relations for undergrad and Urban Studies for my postgraduate degree. I have worked in law and city governance. ,"I am worse at math than I remembered, that's for sure! But, it was fun to try to force my brain to try to remember how to work it out.",Non-STEM Track,1,1,,,,,,,,,,,,,,,,,,,,,,,,,,,,,,,,,,,,,,,,,,,,,,,,,,,,,,,,,,,,,,,,,,,,,,,,,,,,,,,,,,,,,,,,,,,,,,,,,,,,,,,,,,,,,,,,,,,,,,,,,,,,,,,,,,,,,,,,,,,,,,,,,,,,,,,,,,,,,,,,,,,,,,,,,,,,,,,,,,,,,,,,,,,,,,,,,,,,,,,,,,,,,,,,,,,,,,,,,,,,,,,,,,,,,,,,,,,,,,,,,,,,,,,,,,,,,,,,,,,,,,,,,,,,,,,,,,,,,,,,,,,,,,,,,,,,,,,,,,,,,,,,,,,,,,,,,,,
6,jabozepy,,0,18,18,Section_7,EndSurvey,2024-09-25 20:00:12.918443,1,,,0.0,,,,,,,,,,,,,,ryu6snyq,,,,,0,Experiment_1_Persistence,https://app.prolific.com/submissions/complete?cc=C1BTHULB,0.0,1.0,6,,0.0,5d8a65fe43543b0001a33e4b,1,1,6,,0.0,B,C,A,C,B,A,C,A,D,A,BCACBACADA,0.1,0,0.0,1,1,6,,0.0,noisy,random,positive,Fail,red,25,3,2,Fail Box,1,1,6,,0.0,D,B,A,C,B,D,A,B,C,D,DBACBDABCD,1.0,Non-STEM Track,,0,0.0,2,1,1,6,,0.0,R,R,R,C,C,C,C,C,C,C,C,RRRCCCCCCCC,1,1,6,,0.0,0,0,1,0,0,0,0,0,0,"I don't have a strong stem background, so I hoped that I would perform better in an alternate task.","English, literacy, and curriculum development. ",Fun! ,Non-STEM Track,1,1,,,,,,,,,,,,,,,,,,,,,,,,,,,,,,,,,,,,,,,,,,,,,,,,,,,,,,,,,,,,,,,,,,,,,,,,,,,,,,,,,,,,,,,,,,,,,,,,,,,,,,,,,,,,,,,,,,,,,,,,,,,,,,,,,,,,,,,,,,,,,,,,,,,,,,,,,,,,,,,,,,,,,,,,,,,,,,,,,,,,,,,,,,,,,,,,,,,,,,,,,,,,,,,,,,,,,,,,,,,,,,,,,,,,,,,,,,,,,,,,,,,,,,,,,,,,,,,,,,,,,,,,,,,,,,,,,,,,,,,,,,,,,,,,,,,,,,,,,,,,,,,,,,,,,,,,,,,
7,y360x6uq,,0,18,18,Section_7,EndSurvey,2024-09-25 20:00:13.081510,1,,,0.0,,,,,,,,,,,,,,ryu6snyq,,,,,0,Experiment_1_Persistence,https://app.prolific.com/submissions/complete?cc=C1BTHULB,0.0,1.0,7,,0.0,66f45672aa769deaf0cc6417,1,1,7,,0.0,D,D,D,C,B,B,A,D,C,B,DDDCBBADCB,0.4,0,0.0,1,1,7,,0.0,noisy,random,positive,Pass,red,10,0,0,Pass Box,1,1,7,,0.0,D,D,A,C,B,D,A,B,C,D,DDACBDABCD,0.9,Non-STEM Track,,0,0.0,0,1,1,7,,0.0,R,R,R,R,R,C,C,C,C,C,C,RRRRRCCCCCC,1,1,7,,0.0,0,0,1,0,0,0,0,0,0,I chose the non-stem track because I do not perform well regarding stem related tasks. Stem is not a strong suit of mine.,"I studied marketing, fashion history, and retail management.",My experience was great! I think the study went smoothly!,Non-STEM Track,1,1,,,,,,,,,,,,,,,,,,,,,,,,,,,,,,,,,,,,,,,,,,,,,,,,,,,,,,,,,,,,,,,,,,,,,,,,,,,,,,,,,,,,,,,,,,,,,,,,,,,,,,,,,,,,,,,,,,,,,,,,,,,,,,,,,,,,,,,,,,,,,,,,,,,,,,,,,,,,,,,,,,,,,,,,,,,,,,,,,,,,,,,,,,,,,,,,,,,,,,,,,,,,,,,,,,,,,,,,,,,,,,,,,,,,,,,,,,,,,,,,,,,,,,,,,,,,,,,,,,,,,,,,,,,,,,,,,,,,,,,,,,,,,,,,,,,,,,,,,,,,,,,,,,,,,,,,,,,
8,5oo4tgqg,,0,18,18,Section_7,EndSurvey,2024-09-25 20:00:22.771341,1,,,0.0,,,,,,,,,,,,,,ryu6snyq,,,,,0,Experiment_1_Persistence,https://app.prolific.com/submissions/complete?cc=C1BTHULB,0.0,1.0,8,,0.0,66e2e4974bf2eb1a77116882,1,1,8,,0.0,D,A,D,B,D,B,D,C,A,B,DADBDBDCAB,0.6,0,0.0,1,1,8,,0.0,noisy,random,positive,Pass,red,0,6,4,Pass Box,1,1,8,,0.0,B,A,C,A,C,D,C,A,B,A,BACACDCABA,0.8,STEM Track,,0,0.0,4,1,1,8,,0.0,R,R,C,C,C,C,C,C,C,C,C,RRCCCCCCCCC,1,1,8,,0.0,1,0,1,0,0,0,0,0,0,I am good at it since my school days.,Maths,,STEM Track,1,1,,,,,,,,,,,,,,,,,,,,,,,,,,,,,,,,,,,,,,,,,,,,,,,,,,,,,,,,,,,,,,,,,,,,,,,,,,,,,,,,,,,,,,,,,,,,,,,,,,,,,,,,,,,,,,,,,,,,,,,,,,,,,,,,,,,,,,,,,,,,,,,,,,,,,,,,,,,,,,,,,,,,,,,,,,,,,,,,,,,,,,,,,,,,,,,,,,,,,,,,,,,,,,,,,,,,,,,,,,,,,,,,,,,,,,,,,,,,,,,,,,,,,,,,,,,,,,,,,,,,,,,,,,,,,,,,,,,,,,,,,,,,,,,,,,,,,,,,,,,,,,,,,,,,,,,,,,,
9,cvrktzx2,,0,18,18,Section_7,EndSurvey,2024-09-25 20:00:49.384526,1,,,0.0,,,,,,,,,,,,,,ryu6snyq,,,,,0,Experiment_1_Persistence,https://app.prolific.com/submissions/complete?cc=C1BTHULB,0.0,1.0,9,,0.0,66e53659bbbd7070ab7a6a3b,1,1,9,,0.0,B,B,B,C,D,A,C,C,A,D,BBBCDACCAD,0.1,0,0.0,1,1,9,,0.0,noisy,random,positive,Fail,red,20,4,2,Pass Box,1,1,9,,0.0,D,B,A,B,B,D,B,B,C,D,DBABBDBBCD,0.8,Non-STEM Track,,0,0.0,2,1,1,9,,0.0,R,C,C,C,C,R,C,R,C,R,R,RCCCCRCRCRR,1,1,9,,0.0,0,1,0,0,0,0,0,0,0,It was more flexible,"Science, technology",,Non-STEM Track,1,1,,,,,,,,,,,,,,,,,,,,,,,,,,,,,,,,,,,,,,,,,,,,,,,,,,,,,,,,,,,,,,,,,,,,,,,,,,,,,,,,,,,,,,,,,,,,,,,,,,,,,,,,,,,,,,,,,,,,,,,,,,,,,,,,,,,,,,,,,,,,,,,,,,,,,,,,,,,,,,,,,,,,,,,,,,,,,,,,,,,,,,,,,,,,,,,,,,,,,,,,,,,,,,,,,,,,,,,,,,,,,,,,,,,,,,,,,,,,,,,,,,,,,,,,,,,,,,,,,,,,,,,,,,,,,,,,,,,,,,,,,,,,,,,,,,,,,,,,,,,,,,,,,,,,,,,,,,,
10,7di1z5u1,,0,18,18,Section_7,EndSurvey,2024-09-25 20:01:12.579500,1,,,0.0,,,,,,,,,,,,,,ryu6snyq,,,,,0,Experiment_1_Persistence,https://app.prolific.com/submissions/complete?cc=C1BTHULB,0.0,1.0,10,,0.0,66f46179fa81f408915abaaa,1,1,10,,0.0,B,A,A,C,A,A,A,C,B,B,BAACAAACBB,0.3,0,0.0,1,1,10,,0.0,noisy,random,ground,Pass,red,50,1,3,Pass Box,1,1,10,,0.0,D,B,A,C,B,D,A,B,C,D,DBACBDABCD,1.0,Non-STEM Track,,0,0.0,3,1,1,10,,0.0,R,R,R,R,R,C,C,C,C,C,C,RRRRRCCCCCC,1,1,10,,0.0,0,0,1,0,0,0,0,0,0,I feel that I am better at non-STEM questions.,Mortgages and Communication,Great experience!,Non-STEM Track,1,1,,,,,,,,,,,,,,,,,,,,,,,,,,,,,,,,,,,,,,,,,,,,,,,,,,,,,,,,,,,,,,,,,,,,,,,,,,,,,,,,,,,,,,,,,,,,,,,,,,,,,,,,,,,,,,,,,,,,,,,,,,,,,,,,,,,,,,,,,,,,,,,,,,,,,,,,,,,,,,,,,,,,,,,,,,,,,,,,,,,,,,,,,,,,,,,,,,,,,,,,,,,,,,,,,,,,,,,,,,,,,,,,,,,,,,,,,,,,,,,,,,,,,,,,,,,,,,,,,,,,,,,,,,,,,,,,,,,,,,,,,,,,,,,,,,,,,,,,,,,,,,,,,,,,,,,,,,,
11,lsvj2vn9,,0,18,18,Section_7,EndSurvey,2024-09-25 20:01:31.393340,1,,,0.0,,,,,,,,,,,,,,ryu6snyq,,,,,0,Experiment_1_Persistence,https://app.prolific.com/submissions/complete?cc=C1BTHULB,0.0,1.0,11,,0.0,66720b609998ec67e708dfb0,1,1,11,,0.0,A,D,B,B,D,A,A,C,B,D,ADBBDAACBD,0.3,1,5.042,1,1,11,,0.0,noisy,random,negative,Pass,red,10,1,1,Fail Box,1,1,11,,0.0,D,B,A,C,B,D,A,B,C,D,DBACBDABCD,1.0,Non-STEM Track,,0,0.0,1,1,1,11,,0.0,R,R,R,R,C,C,C,C,C,C,C,RRRRCCCCCCC,1,1,11,,0.0,0,0,1,0,0,0,0,0,0,im not a math girly ,art in school  and i have worked in pet care for the last 15 years ,it was fine,Non-STEM Track,1,1,,,,,,,,,,,,,,,,,,,,,,,,,,,,,,,,,,,,,,,,,,,,,,,,,,,,,,,,,,,,,,,,,,,,,,,,,,,,,,,,,,,,,,,,,,,,,,,,,,,,,,,,,,,,,,,,,,,,,,,,,,,,,,,,,,,,,,,,,,,,,,,,,,,,,,,,,,,,,,,,,,,,,,,,,,,,,,,,,,,,,,,,,,,,,,,,,,,,,,,,,,,,,,,,,,,,,,,,,,,,,,,,,,,,,,,,,,,,,,,,,,,,,,,,,,,,,,,,,,,,,,,,,,,,,,,,,,,,,,,,,,,,,,,,,,,,,,,,,,,,,,,,,,,,,,,,,,,
12,wk66qu4o,,0,18,18,Section_7,EndSurvey,2024-09-25 20:01:36.269016,1,,,0.0,,,,,,,,,,,,,,ryu6snyq,,,,,0,Experiment_1_Persistence,https://app.prolific.com/submissions/complete?cc=C1BTHULB,0.0,1.0,12,,0.0,66d5bccce3bc16e181051a0d,1,1,12,,0.0,B,C,A,C,C,C,C,C,C,C,BCACCCCCCC,0.2,0,0.0,1,1,12,,0.0,noisy,random,ground,Pass,red,0,0,0,Pass Box,1,1,12,,0.0,C,B,C,C,C,D,C,C,B,B,CBCCCDCCBB,0.4,STEM Track,,0,0.0,0,1,1,12,,0.0,R,R,R,R,R,C,C,C,C,C,C,RRRRRCCCCCC,1,1,12,,0.0,0,0,1,0,0,0,0,0,0,do not really know,"business and accounting, Worked in manufacturing, sales, ",It was stressful. ,STEM Track,1,1,,,,,,,,,,,,,,,,,,,,,,,,,,,,,,,,,,,,,,,,,,,,,,,,,,,,,,,,,,,,,,,,,,,,,,,,,,,,,,,,,,,,,,,,,,,,,,,,,,,,,,,,,,,,,,,,,,,,,,,,,,,,,,,,,,,,,,,,,,,,,,,,,,,,,,,,,,,,,,,,,,,,,,,,,,,,,,,,,,,,,,,,,,,,,,,,,,,,,,,,,,,,,,,,,,,,,,,,,,,,,,,,,,,,,,,,,,,,,,,,,,,,,,,,,,,,,,,,,,,,,,,,,,,,,,,,,,,,,,,,,,,,,,,,,,,,,,,,,,,,,,,,,,,,,,,,,,,
13,7pgzlfd1,,0,18,18,Section_7,EndSurvey,2024-09-25 20:02:07.331618,1,,,0.0,,,,,,,,,,,,,,ryu6snyq,,,,,0,Experiment_1_Persistence,https://app.prolific.com/submissions/complete?cc=C1BTHULB,0.0,1.0,13,,0.0,600fbe707a1fdb1a423f1cda,1,1,13,,0.0,D,C,C,C,C,C,C,B,A,D,DCCCCCCBAD,0.1,0,0.0,1,1,13,,0.0,noisy,random,ground,Pass,red,20,2,1,Pass Box,1,1,13,,0.0,D,B,A,C,B,D,A,B,C,D,DBACBDABCD,1.0,Non-STEM Track,,0,0.0,1,1,1,13,,0.0,R,R,R,R,R,R,C,C,C,C,C,RRRRRRCCCCC,1,1,13,,0.0,0,0,1,0,0,0,0,0,0,"I am better versed in literature, language, and the arts.","Literature, English, History",Its been so long since I've had to do math problems that I felt out of my element in that area.,Non-STEM Track,1,1,,,,,,,,,,,,,,,,,,,,,,,,,,,,,,,,,,,,,,,,,,,,,,,,,,,,,,,,,,,,,,,,,,,,,,,,,,,,,,,,,,,,,,,,,,,,,,,,,,,,,,,,,,,,,,,,,,,,,,,,,,,,,,,,,,,,,,,,,,,,,,,,,,,,,,,,,,,,,,,,,,,,,,,,,,,,,,,,,,,,,,,,,,,,,,,,,,,,,,,,,,,,,,,,,,,,,,,,,,,,,,,,,,,,,,,,,,,,,,,,,,,,,,,,,,,,,,,,,,,,,,,,,,,,,,,,,,,,,,,,,,,,,,,,,,,,,,,,,,,,,,,,,,,,,,,,,,,
14,5o5438mj,,0,4,18,Section_1,Conclusion,2024-09-25 20:02:25.305202,1,,,0.0,,,,,,,,,,,,,,ryu6snyq,,,,,0,Experiment_1_Persistence,https://app.prolific.com/submissions/complete?cc=C1BTHULB,0.0,1.0,14,,0.0,5ca7c830cb9480001985f997,1,1,14,,0.0,,,,,,,,,,,__________,0.0,0,0.0,1,1,14,,0.0,,,,,,,,,,1,1,14,,0.0,,,,,,,,,,,,,,,,,,1,1,14,,0.0,,,,,,,,,,,,,1,1,14,,0.0,0,0,0,0,0,0,0,0,0,,,,,1,1,,,,,,,,,,,,,,,,,,,,,,,,,,,,,,,,,,,,,,,,,,,,,,,,,,,,,,,,,,,,,,,,,,,,,,,,,,,,,,,,,,,,,,,,,,,,,,,,,,,,,,,,,,,,,,,,,,,,,,,,,,,,,,,,,,,,,,,,,,,,,,,,,,,,,,,,,,,,,,,,,,,,,,,,,,,,,,,,,,,,,,,,,,,,,,,,,,,,,,,,,,,,,,,,,,,,,,,,,,,,,,,,,,,,,,,,,,,,,,,,,,,,,,,,,,,,,,,,,,,,,,,,,,,,,,,,,,,,,,,,,,,,,,,,,,,,,,,,,,,,,,,,,,,,,,,,,,,
15,0ucb84mr,,0,4,18,Section_1,Conclusion,2024-09-25 20:02:27.868515,1,,,0.0,,,,,,,,,,,,,,ryu6snyq,,,,,0,Experiment_1_Persistence,https://app.prolific.com/submissions/complete?cc=C1BTHULB,0.0,1.0,15,,0.0,6171bbd074b630c87f2ab0f3,1,1,15,,0.0,,,,,,,,,,,__________,0.0,0,0.0,1,1,15,,0.0,,,,,,,,,,1,1,15,,0.0,,,,,,,,,,,,,,,,,,1,1,15,,0.0,,,,,,,,,,,,,1,1,15,,0.0,0,0,0,0,0,0,0,0,0,,,,,1,1,,,,,,,,,,,,,,,,,,,,,,,,,,,,,,,,,,,,,,,,,,,,,,,,,,,,,,,,,,,,,,,,,,,,,,,,,,,,,,,,,,,,,,,,,,,,,,,,,,,,,,,,,,,,,,,,,,,,,,,,,,,,,,,,,,,,,,,,,,,,,,,,,,,,,,,,,,,,,,,,,,,,,,,,,,,,,,,,,,,,,,,,,,,,,,,,,,,,,,,,,,,,,,,,,,,,,,,,,,,,,,,,,,,,,,,,,,,,,,,,,,,,,,,,,,,,,,,,,,,,,,,,,,,,,,,,,,,,,,,,,,,,,,,,,,,,,,,,,,,,,,,,,,,,,,,,,,,
16,vqxb3hd2,,0,18,18,Section_7,EndSurvey,2024-09-25 20:03:16.772504,1,,,0.0,,,,,,,,,,,,,,ryu6snyq,,,,,0,Experiment_1_Persistence,https://app.prolific.com/submissions/complete?cc=C1BTHULB,0.0,1.0,16,,0.0,5d47292b4bfe1600016925ac,1,1,16,,0.0,D,A,A,C,B,B,A,C,C,B,DAACBBACCB,0.6,0,0.0,1,1,16,,0.0,noisy,random,negative,Pass,red,60,4,5,Pass Box,1,1,16,,0.0,D,B,A,C,B,D,A,B,C,D,DBACBDABCD,1.0,Non-STEM Track,,0,0.0,5,1,1,16,,0.0,R,R,R,R,R,C,C,C,C,C,C,RRRRRCCCCCC,1,1,16,,0.0,0,0,1,0,0,0,0,0,0,"I did more non-stem course in college, so I feel a little more confident in them.","Political Science, I work in research compliance",It was a fun study ,Non-STEM Track,1,1,,,,,,,,,,,,,,,,,,,,,,,,,,,,,,,,,,,,,,,,,,,,,,,,,,,,,,,,,,,,,,,,,,,,,,,,,,,,,,,,,,,,,,,,,,,,,,,,,,,,,,,,,,,,,,,,,,,,,,,,,,,,,,,,,,,,,,,,,,,,,,,,,,,,,,,,,,,,,,,,,,,,,,,,,,,,,,,,,,,,,,,,,,,,,,,,,,,,,,,,,,,,,,,,,,,,,,,,,,,,,,,,,,,,,,,,,,,,,,,,,,,,,,,,,,,,,,,,,,,,,,,,,,,,,,,,,,,,,,,,,,,,,,,,,,,,,,,,,,,,,,,,,,,,,,,,,,,
17,g8kodbzy,,0,18,18,Section_7,EndSurvey,2024-09-25 20:03:22.291839,1,,,0.0,,,,,,,,,,,,,,ryu6snyq,,,,,0,Experiment_1_Persistence,https://app.prolific.com/submissions/complete?cc=C1BTHULB,0.0,1.0,17,,0.0,61267e282a445af9eb95beae,1,1,17,,0.0,A,B,D,B,A,D,B,C,A,A,ABDBADBCAA,0.3,0,0.0,1,1,17,,0.0,noisy,random,ground,Pass,red,50,1,1,Pass Box,1,1,17,,0.0,C,D,A,A,D,A,C,C,B,D,CDAADACCBD,0.3,STEM Track,,0,0.0,1,1,1,17,,0.0,R,R,R,C,C,C,C,C,C,C,C,RRRCCCCCCCC,1,1,17,,0.0,0,0,1,0,0,0,0,0,0,"Because I figured I could at least get one question right, where the non-STEM one I would lose out.","I was studying to become a computer programmer in college, but didn't have enough fund to finish.",It was hard to remember some of the equations for most of the questions since I haven't done these since I was in school.,STEM Track,1,1,,,,,,,,,,,,,,,,,,,,,,,,,,,,,,,,,,,,,,,,,,,,,,,,,,,,,,,,,,,,,,,,,,,,,,,,,,,,,,,,,,,,,,,,,,,,,,,,,,,,,,,,,,,,,,,,,,,,,,,,,,,,,,,,,,,,,,,,,,,,,,,,,,,,,,,,,,,,,,,,,,,,,,,,,,,,,,,,,,,,,,,,,,,,,,,,,,,,,,,,,,,,,,,,,,,,,,,,,,,,,,,,,,,,,,,,,,,,,,,,,,,,,,,,,,,,,,,,,,,,,,,,,,,,,,,,,,,,,,,,,,,,,,,,,,,,,,,,,,,,,,,,,,,,,,,,,,,
18,k7kwqzyg,,0,18,18,Section_7,EndSurvey,2024-09-25 20:03:24.239069,1,,,0.0,,,,,,,,,,,,,,ryu6snyq,,,,,0,Experiment_1_Persistence,https://app.prolific.com/submissions/complete?cc=C1BTHULB,0.0,1.0,18,,0.0,6549876fa2301d20c2c9f79c,1,1,18,,0.0,D,A,C,C,D,B,A,C,C,B,DACCDBACCB,0.6,0,0.0,1,1,18,,0.0,noisy,random,ground,Pass,red,50,6,5,Pass Box,1,1,18,,0.0,D,B,A,C,B,D,A,B,C,D,DBACBDABCD,1.0,Non-STEM Track,,0,0.0,5,1,1,18,,0.0,R,R,R,C,C,C,C,C,C,C,C,RRRCCCCCCCC,1,1,18,,0.0,0,0,1,0,0,0,0,0,0,"Because I would need scratch paper and a pencil to work out some of the problems, and I didn't know whether that was allowed, and I kind of didn't feel like doing it. I am well-read, so I figured I would probably do better on the non-STEM questions, and I was much more confident on those and found them to be a *lot* easier. I am a word-nerd and writer and once worked as an editor, and my questions on the second part were all vocabulary questions.","I studied a lot of different things in school and I was good at all of them. I took a lot of chemistry, math, and physics in college, but I did not finish college. My math is rusty, especially for math in my head. I worked mostly office jobs, but did some tech support for Lotus Notes in the late 90's. Most of my jobs have not been technical, but just general office stuff. Still, I did some visual basic scripting in Excel at my last job to make things easier on me and my coworkers. It was optional and not a required part of my job - it just relieved a lot of tedium.","I think a lot of the questions are just too complex. I didn't have the mental wherewithal to do precise calculations on the bonus calculation stuff, so I just approximated. Of course I do want a bonus, but I also am a person who doesn't like risk, so I tend to just ""take what I can get"" as it were, even if it's not 100% the optimal chance for a bonus. The amounts here are relatively small, but I suppose if it were a huge bonus, I would put in more effort to try to maximize my chances. I did the best answers that I could think of, but I didn't try to calculate precisely in my head (the bonus stuff, I mean).",Non-STEM Track,1,1,,,,,,,,,,,,,,,,,,,,,,,,,,,,,,,,,,,,,,,,,,,,,,,,,,,,,,,,,,,,,,,,,,,,,,,,,,,,,,,,,,,,,,,,,,,,,,,,,,,,,,,,,,,,,,,,,,,,,,,,,,,,,,,,,,,,,,,,,,,,,,,,,,,,,,,,,,,,,,,,,,,,,,,,,,,,,,,,,,,,,,,,,,,,,,,,,,,,,,,,,,,,,,,,,,,,,,,,,,,,,,,,,,,,,,,,,,,,,,,,,,,,,,,,,,,,,,,,,,,,,,,,,,,,,,,,,,,,,,,,,,,,,,,,,,,,,,,,,,,,,,,,,,,,,,,,,,,
19,ij3vd523,,0,18,18,Section_7,EndSurvey,2024-09-25 20:03:27.090367,1,,,0.0,,,,,,,,,,,,,,ryu6snyq,,,,,0,Experiment_1_Persistence,https://app.prolific.com/submissions/complete?cc=C1BTHULB,0.0,1.0,19,,0.0,5d3700db048a4f001767b040,1,1,19,,0.0,D,D,C,C,B,A,B,B,A,A,DDCCBABBAA,0.2,0,0.0,1,1,19,,0.0,noisy,random,negative,Pass,red,10,3,2,Fail Box,1,1,19,,0.0,D,B,A,C,B,D,A,B,C,D,DBACBDABCD,1.0,Non-STEM Track,,0,0.0,2,1,1,19,,0.0,R,R,R,R,C,C,C,C,C,C,C,RRRRCCCCCCC,1,1,19,,0.0,0,0,1,0,0,0,0,0,0,I am a writer,"I earned my Associate's in English and my Bachelor of Arts in Technical Communications.    I've worked in these fields: Journalism,  Communications/Marketing","I loved this test, though I found the STEM questions difficult.",Non-STEM Track,1,1,,,,,,,,,,,,,,,,,,,,,,,,,,,,,,,,,,,,,,,,,,,,,,,,,,,,,,,,,,,,,,,,,,,,,,,,,,,,,,,,,,,,,,,,,,,,,,,,,,,,,,,,,,,,,,,,,,,,,,,,,,,,,,,,,,,,,,,,,,,,,,,,,,,,,,,,,,,,,,,,,,,,,,,,,,,,,,,,,,,,,,,,,,,,,,,,,,,,,,,,,,,,,,,,,,,,,,,,,,,,,,,,,,,,,,,,,,,,,,,,,,,,,,,,,,,,,,,,,,,,,,,,,,,,,,,,,,,,,,,,,,,,,,,,,,,,,,,,,,,,,,,,,,,,,,,,,,,
20,3ni7icbv,,0,4,18,Section_1,Conclusion,2024-09-25 20:03:36.437473,1,,,0.0,,,,,,,,,,,,,,ryu6snyq,,,,,0,Experiment_1_Persistence,https://app.prolific.com/submissions/complete?cc=C1BTHULB,0.0,1.0,20,,0.0,6682e7ade48a5b1915f6f783,1,1,20,,0.0,,,,,,,,,,,__________,0.0,0,0.0,1,1,20,,0.0,,,,,,,,,,1,1,20,,0.0,,,,,,,,,,,,,,,,,,1,1,20,,0.0,,,,,,,,,,,,,1,1,20,,0.0,0,0,0,0,0,0,0,0,0,,,,,1,1,,,,,,,,,,,,,,,,,,,,,,,,,,,,,,,,,,,,,,,,,,,,,,,,,,,,,,,,,,,,,,,,,,,,,,,,,,,,,,,,,,,,,,,,,,,,,,,,,,,,,,,,,,,,,,,,,,,,,,,,,,,,,,,,,,,,,,,,,,,,,,,,,,,,,,,,,,,,,,,,,,,,,,,,,,,,,,,,,,,,,,,,,,,,,,,,,,,,,,,,,,,,,,,,,,,,,,,,,,,,,,,,,,,,,,,,,,,,,,,,,,,,,,,,,,,,,,,,,,,,,,,,,,,,,,,,,,,,,,,,,,,,,,,,,,,,,,,,,,,,,,,,,,,,,,,,,,,
21,z4s5nl59,,0,18,18,Section_7,EndSurvey,2024-09-25 20:04:00.175680,1,,,0.0,,,,,,,,,,,,,,ryu6snyq,,,,,0,Experiment_1_Persistence,https://app.prolific.com/submissions/complete?cc=C1BTHULB,0.0,1.0,21,,0.0,6607112e33d4fd1fb766d2e2,1,1,21,,0.0,C,A,C,B,A,B,D,C,A,D,CACBABDCAD,0.6,0,0.0,1,1,21,,0.0,noisy,random,positive,Pass,black,70,7,6,Pass Box,1,1,21,,0.0,A,B,A,D,B,D,A,A,C,B,ABADBDAACB,0.6,Non-STEM Track,,0,0.0,6,1,1,21,,0.0,R,R,R,R,R,C,C,C,C,C,C,RRRRRCCCCCC,1,1,21,,0.0,0,0,1,0,0,0,0,0,0,To skipped the quizzes,Marketing. I have worked in the sales industry,,Non-STEM Track,1,1,,,,,,,,,,,,,,,,,,,,,,,,,,,,,,,,,,,,,,,,,,,,,,,,,,,,,,,,,,,,,,,,,,,,,,,,,,,,,,,,,,,,,,,,,,,,,,,,,,,,,,,,,,,,,,,,,,,,,,,,,,,,,,,,,,,,,,,,,,,,,,,,,,,,,,,,,,,,,,,,,,,,,,,,,,,,,,,,,,,,,,,,,,,,,,,,,,,,,,,,,,,,,,,,,,,,,,,,,,,,,,,,,,,,,,,,,,,,,,,,,,,,,,,,,,,,,,,,,,,,,,,,,,,,,,,,,,,,,,,,,,,,,,,,,,,,,,,,,,,,,,,,,,,,,,,,,,,
22,5kybcxs7,,0,18,18,Section_7,EndSurvey,2024-09-25 20:04:00.479766,1,,,0.0,,,,,,,,,,,,,,ryu6snyq,,,,,0,Experiment_1_Persistence,https://app.prolific.com/submissions/complete?cc=C1BTHULB,0.0,1.0,22,,0.0,652396e2b5323ae8517c4ec9,1,1,22,,0.0,D,A,C,C,D,B,C,D,C,C,DACCDBCDCC,0.4,0,0.0,1,1,22,,0.0,noisy,random,negative,Pass,red,15,2,2,Fail Box,1,1,22,,0.0,D,B,A,C,B,D,A,B,C,D,DBACBDABCD,1.0,Non-STEM Track,,0,0.0,2,1,1,22,,0.0,R,R,R,R,C,C,C,C,C,C,C,RRRRCCCCCCC,1,1,22,,0.0,0,0,1,0,1,0,0,0,0,I'm not good at STEM,"Sociology, Photography, Writing",It was good,Non-STEM Track,1,1,,,,,,,,,,,,,,,,,,,,,,,,,,,,,,,,,,,,,,,,,,,,,,,,,,,,,,,,,,,,,,,,,,,,,,,,,,,,,,,,,,,,,,,,,,,,,,,,,,,,,,,,,,,,,,,,,,,,,,,,,,,,,,,,,,,,,,,,,,,,,,,,,,,,,,,,,,,,,,,,,,,,,,,,,,,,,,,,,,,,,,,,,,,,,,,,,,,,,,,,,,,,,,,,,,,,,,,,,,,,,,,,,,,,,,,,,,,,,,,,,,,,,,,,,,,,,,,,,,,,,,,,,,,,,,,,,,,,,,,,,,,,,,,,,,,,,,,,,,,,,,,,,,,,,,,,,,,
23,i4orfs8k,,0,18,18,Section_7,EndSurvey,2024-09-25 20:04:09.539913,1,,,0.0,,,,,,,,,,,,,,ryu6snyq,,,,,0,Experiment_1_Persistence,https://app.prolific.com/submissions/complete?cc=C1BTHULB,0.0,1.0,23,,0.0,66ce2f9a9a9402052c85abb6,1,1,23,,0.0,A,A,C,B,B,B,D,C,,,AACBBBDC__,0.8,0,0.0,1,1,23,,0.0,noisy,random,positive,Pass,red,80,8,8,Pass Box,1,1,23,,0.0,B,A,C,A,A,D,C,A,,,BACAADCA__,0.8,STEM Track,,0,0.0,8,1,1,23,,0.0,R,R,R,R,R,R,C,C,C,C,C,RRRRRRCCCCC,1,1,23,,0.0,0,1,1,0,0,0,0,0,0,Because it was a fun challenge,Managemen and Finance,,STEM Track,1,1,,,,,,,,,,,,,,,,,,,,,,,,,,,,,,,,,,,,,,,,,,,,,,,,,,,,,,,,,,,,,,,,,,,,,,,,,,,,,,,,,,,,,,,,,,,,,,,,,,,,,,,,,,,,,,,,,,,,,,,,,,,,,,,,,,,,,,,,,,,,,,,,,,,,,,,,,,,,,,,,,,,,,,,,,,,,,,,,,,,,,,,,,,,,,,,,,,,,,,,,,,,,,,,,,,,,,,,,,,,,,,,,,,,,,,,,,,,,,,,,,,,,,,,,,,,,,,,,,,,,,,,,,,,,,,,,,,,,,,,,,,,,,,,,,,,,,,,,,,,,,,,,,,,,,,,,,,,
24,7hr3alpu,,0,18,18,Section_7,EndSurvey,2024-09-25 20:04:21.955326,1,,,0.0,,,,,,,,,,,,,,ryu6snyq,,,,,0,Experiment_1_Persistence,https://app.prolific.com/submissions/complete?cc=C1BTHULB,0.0,1.0,24,,0.0,60cab9dd5a974695b32eb2ab,1,1,24,,0.0,B,A,A,C,C,C,D,C,B,A,BAACCCDCBA,0.3,0,0.0,1,1,24,,0.0,noisy,random,ground,Fail,black,80,2,6,Fail Box,1,1,24,,0.0,D,B,A,C,B,D,A,B,C,D,DBACBDABCD,1.0,Non-STEM Track,,0,0.0,6,1,1,24,,0.0,R,R,R,C,C,C,C,C,C,C,C,RRRCCCCCCCC,1,1,24,,0.0,0,0,1,0,0,0,0,0,0,"I am horrible at math. Not to mention, I don't use equations in everyday life. ","Public health and policy. While I did study basic math, I mostly studied biology, history of disease, public policy and planning ",It was fun! Kept me on my toes. ,Non-STEM Track,1,1,,,,,,,,,,,,,,,,,,,,,,,,,,,,,,,,,,,,,,,,,,,,,,,,,,,,,,,,,,,,,,,,,,,,,,,,,,,,,,,,,,,,,,,,,,,,,,,,,,,,,,,,,,,,,,,,,,,,,,,,,,,,,,,,,,,,,,,,,,,,,,,,,,,,,,,,,,,,,,,,,,,,,,,,,,,,,,,,,,,,,,,,,,,,,,,,,,,,,,,,,,,,,,,,,,,,,,,,,,,,,,,,,,,,,,,,,,,,,,,,,,,,,,,,,,,,,,,,,,,,,,,,,,,,,,,,,,,,,,,,,,,,,,,,,,,,,,,,,,,,,,,,,,,,,,,,,,,
25,1se1rrth,,0,4,18,Section_1,Conclusion,2024-09-25 20:04:57.765753,1,,,0.0,,,,,,,,,,,,,,ryu6snyq,,,,,0,Experiment_1_Persistence,https://app.prolific.com/submissions/complete?cc=C1BTHULB,0.0,1.0,25,,0.0,663cb982130f1384c9988214,1,1,25,,0.0,,,,,,,,,,,__________,0.0,0,0.0,1,1,25,,0.0,,,,,,,,,,1,1,25,,0.0,,,,,,,,,,,,,,,,,,1,1,25,,0.0,,,,,,,,,,,,,1,1,25,,0.0,0,0,0,0,0,0,0,0,0,,,,,1,1,,,,,,,,,,,,,,,,,,,,,,,,,,,,,,,,,,,,,,,,,,,,,,,,,,,,,,,,,,,,,,,,,,,,,,,,,,,,,,,,,,,,,,,,,,,,,,,,,,,,,,,,,,,,,,,,,,,,,,,,,,,,,,,,,,,,,,,,,,,,,,,,,,,,,,,,,,,,,,,,,,,,,,,,,,,,,,,,,,,,,,,,,,,,,,,,,,,,,,,,,,,,,,,,,,,,,,,,,,,,,,,,,,,,,,,,,,,,,,,,,,,,,,,,,,,,,,,,,,,,,,,,,,,,,,,,,,,,,,,,,,,,,,,,,,,,,,,,,,,,,,,,,,,,,,,,,,,
26,zahbiiom,,0,4,18,Section_1,Conclusion,2024-09-25 20:05:02.035879,1,,,0.0,,,,,,,,,,,,,,ryu6snyq,,,,,0,Experiment_1_Persistence,https://app.prolific.com/submissions/complete?cc=C1BTHULB,0.0,1.0,26,,0.0,6631300c50bd0ffe1e8cd586,1,1,26,,0.0,,,,,,,,,,,__________,0.0,0,0.0,1,1,26,,0.0,,,,,,,,,,1,1,26,,0.0,,,,,,,,,,,,,,,,,,1,1,26,,0.0,,,,,,,,,,,,,1,1,26,,0.0,0,0,0,0,0,0,0,0,0,,,,,1,1,,,,,,,,,,,,,,,,,,,,,,,,,,,,,,,,,,,,,,,,,,,,,,,,,,,,,,,,,,,,,,,,,,,,,,,,,,,,,,,,,,,,,,,,,,,,,,,,,,,,,,,,,,,,,,,,,,,,,,,,,,,,,,,,,,,,,,,,,,,,,,,,,,,,,,,,,,,,,,,,,,,,,,,,,,,,,,,,,,,,,,,,,,,,,,,,,,,,,,,,,,,,,,,,,,,,,,,,,,,,,,,,,,,,,,,,,,,,,,,,,,,,,,,,,,,,,,,,,,,,,,,,,,,,,,,,,,,,,,,,,,,,,,,,,,,,,,,,,,,,,,,,,,,,,,,,,,,
27,bqfgb8r8,,0,18,18,Section_7,EndSurvey,2024-09-25 20:05:44.497451,1,,,0.0,,,,,,,,,,,,,,ryu6snyq,,,,,0,Experiment_1_Persistence,https://app.prolific.com/submissions/complete?cc=C1BTHULB,0.0,1.0,27,,0.0,66f3beed5ca742d8eaeca673,1,1,27,,0.0,D,A,B,A,C,A,C,C,B,A,DABACACCBA,0.2,0,0.0,1,1,27,,0.0,noisy,random,negative,Fail,red,30,4,4,Pass Box,1,1,27,,0.0,D,B,A,C,B,D,A,B,C,D,DBACBDABCD,1.0,Non-STEM Track,,0,0.0,4,1,1,27,,0.0,R,R,R,C,C,C,C,C,C,C,C,RRRCCCCCCCC,1,1,27,,0.0,0,0,1,0,0,0,0,0,0,More confidence in those abilities ,social sciences,it was stressful ,Non-STEM Track,1,1,,,,,,,,,,,,,,,,,,,,,,,,,,,,,,,,,,,,,,,,,,,,,,,,,,,,,,,,,,,,,,,,,,,,,,,,,,,,,,,,,,,,,,,,,,,,,,,,,,,,,,,,,,,,,,,,,,,,,,,,,,,,,,,,,,,,,,,,,,,,,,,,,,,,,,,,,,,,,,,,,,,,,,,,,,,,,,,,,,,,,,,,,,,,,,,,,,,,,,,,,,,,,,,,,,,,,,,,,,,,,,,,,,,,,,,,,,,,,,,,,,,,,,,,,,,,,,,,,,,,,,,,,,,,,,,,,,,,,,,,,,,,,,,,,,,,,,,,,,,,,,,,,,,,,,,,,,,
28,x5zzyi6j,,0,18,18,Section_7,EndSurvey,2024-09-25 20:06:11.508699,1,,,0.0,,,,,,,,,,,,,,ryu6snyq,,,,,0,Experiment_1_Persistence,https://app.prolific.com/submissions/complete?cc=C1BTHULB,0.0,1.0,28,,0.0,66043185681ea0b36d451b01,1,1,28,,0.0,B,C,A,C,B,C,B,D,B,C,BCACBCBDBC,0.1,0,0.0,1,1,28,,0.0,noisy,random,positive,Fail,red,0,0,10,Fail Box,1,1,28,,0.0,D,B,A,C,B,D,A,B,C,D,DBACBDABCD,1.0,Non-STEM Track,,0,0.0,10,1,1,28,,0.0,R,R,R,R,R,R,C,C,C,C,C,RRRRRRCCCCC,1,1,28,,0.0,0,0,1,0,0,0,0,0,0,The math questions were outside of my area of expertise ,"Social Studies, English, Management, Leadership, Community Creation ","The math questions were difficult.  Otherwise, thank you for the opportunity to participate and much success in your future endeavors. ",Non-STEM Track,1,1,,,,,,,,,,,,,,,,,,,,,,,,,,,,,,,,,,,,,,,,,,,,,,,,,,,,,,,,,,,,,,,,,,,,,,,,,,,,,,,,,,,,,,,,,,,,,,,,,,,,,,,,,,,,,,,,,,,,,,,,,,,,,,,,,,,,,,,,,,,,,,,,,,,,,,,,,,,,,,,,,,,,,,,,,,,,,,,,,,,,,,,,,,,,,,,,,,,,,,,,,,,,,,,,,,,,,,,,,,,,,,,,,,,,,,,,,,,,,,,,,,,,,,,,,,,,,,,,,,,,,,,,,,,,,,,,,,,,,,,,,,,,,,,,,,,,,,,,,,,,,,,,,,,,,,,,,,,
29,359a5e0u,,0,18,18,Section_7,EndSurvey,2024-09-25 20:06:14.614486,1,,,0.0,,,,,,,,,,,,,,ryu6snyq,,,,,0,Experiment_1_Persistence,https://app.prolific.com/submissions/complete?cc=C1BTHULB,0.0,1.0,29,,0.0,5d1bd1bd998087001c623a73,1,1,29,,0.0,A,B,A,C,B,B,A,A,C,A,ABACBBAACA,0.4,0,0.0,1,1,29,,0.0,noisy,random,positive,Fail,red,50,3,5,Fail Box,1,1,29,,0.0,D,B,A,C,B,D,A,B,C,D,DBACBDABCD,1.0,Non-STEM Track,,0,0.0,5,1,1,29,,0.0,R,R,R,R,R,C,C,C,C,C,C,RRRRRCCCCCC,1,1,29,,0.0,0,0,0,1,0,0,0,0,0,Faster,Humanities,No,Non-STEM Track,1,1,,,,,,,,,,,,,,,,,,,,,,,,,,,,,,,,,,,,,,,,,,,,,,,,,,,,,,,,,,,,,,,,,,,,,,,,,,,,,,,,,,,,,,,,,,,,,,,,,,,,,,,,,,,,,,,,,,,,,,,,,,,,,,,,,,,,,,,,,,,,,,,,,,,,,,,,,,,,,,,,,,,,,,,,,,,,,,,,,,,,,,,,,,,,,,,,,,,,,,,,,,,,,,,,,,,,,,,,,,,,,,,,,,,,,,,,,,,,,,,,,,,,,,,,,,,,,,,,,,,,,,,,,,,,,,,,,,,,,,,,,,,,,,,,,,,,,,,,,,,,,,,,,,,,,,,,,,,
30,7inl7o08,,0,18,18,Section_7,EndSurvey,2024-09-25 20:06:38.308275,1,,,0.0,,,,,,,,,,,,,,ryu6snyq,,,,,0,Experiment_1_Persistence,https://app.prolific.com/submissions/complete?cc=C1BTHULB,0.0,1.0,30,,0.0,66e916a67081975f3b28341b,1,1,30,,0.0,B,D,A,D,C,C,B,D,B,C,BDADCCBDBC,0.0,0,0.0,1,1,30,,0.0,noisy,random,ground,Fail,black,30,2,3,Fail Box,1,1,30,,0.0,D,B,A,C,B,D,A,B,C,D,DBACBDABCD,1.0,Non-STEM Track,,0,0.0,3,1,1,30,,0.0,R,R,R,R,R,C,C,C,C,C,C,RRRRRCCCCCC,1,1,30,,0.0,0,0,0,1,0,0,0,0,0,I haven't taken math in a long time,I was a biology major and I work in a hosptial,it was fine,Non-STEM Track,1,1,,,,,,,,,,,,,,,,,,,,,,,,,,,,,,,,,,,,,,,,,,,,,,,,,,,,,,,,,,,,,,,,,,,,,,,,,,,,,,,,,,,,,,,,,,,,,,,,,,,,,,,,,,,,,,,,,,,,,,,,,,,,,,,,,,,,,,,,,,,,,,,,,,,,,,,,,,,,,,,,,,,,,,,,,,,,,,,,,,,,,,,,,,,,,,,,,,,,,,,,,,,,,,,,,,,,,,,,,,,,,,,,,,,,,,,,,,,,,,,,,,,,,,,,,,,,,,,,,,,,,,,,,,,,,,,,,,,,,,,,,,,,,,,,,,,,,,,,,,,,,,,,,,,,,,,,,,,
31,zbpa0he7,,0,18,18,Section_7,EndSurvey,2024-09-25 20:07:16.622933,1,,,0.0,,,,,,,,,,,,,,ryu6snyq,,,,,0,Experiment_1_Persistence,https://app.prolific.com/submissions/complete?cc=C1BTHULB,0.0,1.0,31,,0.0,5dd0d2f02b033b190687eaee,1,1,31,,0.0,D,A,D,C,D,B,D,B,B,,DADCDBDBB_,0.3,0,0.0,1,1,31,,0.0,noisy,random,positive,Fail,red,50,4,5,Pass Box,1,1,31,,0.0,D,B,A,C,B,D,A,B,C,D,DBACBDABCD,1.0,Non-STEM Track,,0,0.0,5,1,1,31,,0.0,R,R,R,R,C,C,C,C,C,C,C,RRRRCCCCCCC,1,1,31,,0.0,0,0,1,0,0,0,0,0,0,I'm almost 50 years out of college and I'm rusty on math theory and processes. I could've done these questions easily about 40 years ago.,"political science, anthropology, computer science","challenging on the math stuff, very easy on the non-STEM stuff.",Non-STEM Track,1,1,,,,,,,,,,,,,,,,,,,,,,,,,,,,,,,,,,,,,,,,,,,,,,,,,,,,,,,,,,,,,,,,,,,,,,,,,,,,,,,,,,,,,,,,,,,,,,,,,,,,,,,,,,,,,,,,,,,,,,,,,,,,,,,,,,,,,,,,,,,,,,,,,,,,,,,,,,,,,,,,,,,,,,,,,,,,,,,,,,,,,,,,,,,,,,,,,,,,,,,,,,,,,,,,,,,,,,,,,,,,,,,,,,,,,,,,,,,,,,,,,,,,,,,,,,,,,,,,,,,,,,,,,,,,,,,,,,,,,,,,,,,,,,,,,,,,,,,,,,,,,,,,,,,,,,,,,,,
32,bhx9ioly,,0,4,18,Section_1,Conclusion,2024-09-25 20:07:34.763960,1,,,0.0,,,,,,,,,,,,,,ryu6snyq,,,,,0,Experiment_1_Persistence,https://app.prolific.com/submissions/complete?cc=C1BTHULB,0.0,1.0,32,,0.0,60da75d30050514a61594bc7,1,1,32,,0.0,,,,,,,,,,,__________,0.0,0,0.0,1,1,32,,0.0,,,,,,,,,,1,1,32,,0.0,,,,,,,,,,,,,,,,,,1,1,32,,0.0,,,,,,,,,,,,,1,1,32,,0.0,0,0,0,0,0,0,0,0,0,,,,,1,1,,,,,,,,,,,,,,,,,,,,,,,,,,,,,,,,,,,,,,,,,,,,,,,,,,,,,,,,,,,,,,,,,,,,,,,,,,,,,,,,,,,,,,,,,,,,,,,,,,,,,,,,,,,,,,,,,,,,,,,,,,,,,,,,,,,,,,,,,,,,,,,,,,,,,,,,,,,,,,,,,,,,,,,,,,,,,,,,,,,,,,,,,,,,,,,,,,,,,,,,,,,,,,,,,,,,,,,,,,,,,,,,,,,,,,,,,,,,,,,,,,,,,,,,,,,,,,,,,,,,,,,,,,,,,,,,,,,,,,,,,,,,,,,,,,,,,,,,,,,,,,,,,,,,,,,,,,,
33,66dx943f,,0,18,18,Section_7,EndSurvey,2024-09-25 20:07:51.334949,1,,,0.0,,,,,,,,,,,,,,ryu6snyq,,,,,0,Experiment_1_Persistence,https://app.prolific.com/submissions/complete?cc=C1BTHULB,0.0,1.0,33,,0.0,61412d50c1d83f94e448c0f3,1,1,33,,0.0,D,D,C,B,A,A,D,C,B,C,DDCBAADCBC,0.4,0,0.0,1,1,33,,0.0,noisy,random,negative,Fail,red,100,8,8,Not Sure,1,1,33,,0.0,D,B,A,C,B,D,A,B,C,D,DBACBDABCD,1.0,Non-STEM Track,,0,0.0,8,1,1,33,,0.0,R,R,R,R,R,R,R,C,C,C,C,RRRRRRRCCCC,1,1,33,,0.0,0,0,1,0,1,0,0,0,0,It was much easier and faster to answer.,System engineering IT,It was great,Non-STEM Track,1,1,,,,,,,,,,,,,,,,,,,,,,,,,,,,,,,,,,,,,,,,,,,,,,,,,,,,,,,,,,,,,,,,,,,,,,,,,,,,,,,,,,,,,,,,,,,,,,,,,,,,,,,,,,,,,,,,,,,,,,,,,,,,,,,,,,,,,,,,,,,,,,,,,,,,,,,,,,,,,,,,,,,,,,,,,,,,,,,,,,,,,,,,,,,,,,,,,,,,,,,,,,,,,,,,,,,,,,,,,,,,,,,,,,,,,,,,,,,,,,,,,,,,,,,,,,,,,,,,,,,,,,,,,,,,,,,,,,,,,,,,,,,,,,,,,,,,,,,,,,,,,,,,,,,,,,,,,,,
34,odfyxb2t,,0,4,18,Section_1,Conclusion,2024-09-25 20:08:07.741923,1,,,0.0,,,,,,,,,,,,,,ryu6snyq,,,,,0,Experiment_1_Persistence,https://app.prolific.com/submissions/complete?cc=C1BTHULB,0.0,1.0,34,,0.0,65d0cb72ab9f1aa3eae5c877,1,1,34,,0.0,,,,,,,,,,,__________,0.0,0,0.0,1,1,34,,0.0,,,,,,,,,,1,1,34,,0.0,,,,,,,,,,,,,,,,,,1,1,34,,0.0,,,,,,,,,,,,,1,1,34,,0.0,0,0,0,0,0,0,0,0,0,,,,,1,1,,,,,,,,,,,,,,,,,,,,,,,,,,,,,,,,,,,,,,,,,,,,,,,,,,,,,,,,,,,,,,,,,,,,,,,,,,,,,,,,,,,,,,,,,,,,,,,,,,,,,,,,,,,,,,,,,,,,,,,,,,,,,,,,,,,,,,,,,,,,,,,,,,,,,,,,,,,,,,,,,,,,,,,,,,,,,,,,,,,,,,,,,,,,,,,,,,,,,,,,,,,,,,,,,,,,,,,,,,,,,,,,,,,,,,,,,,,,,,,,,,,,,,,,,,,,,,,,,,,,,,,,,,,,,,,,,,,,,,,,,,,,,,,,,,,,,,,,,,,,,,,,,,,,,,,,,,,
35,z6jya8hb,,0,18,18,Section_7,EndSurvey,2024-09-25 20:08:17.555534,1,,,0.0,,,,,,,,,,,,,,ryu6snyq,,,,,0,Experiment_1_Persistence,https://app.prolific.com/submissions/complete?cc=C1BTHULB,0.0,1.0,35,,0.0,654d71ed0f6cf09a1436d4fd,1,1,35,,0.0,D,C,A,C,C,B,C,B,C,B,DCACCBCBCB,0.3,0,0.0,1,1,35,,0.0,noisy,random,positive,Pass,red,50,1,1,Fail Box,1,1,35,,0.0,D,B,A,C,B,D,A,B,C,D,DBACBDABCD,1.0,Non-STEM Track,,0,0.0,1,1,1,35,,0.0,R,R,R,R,R,R,C,C,C,C,C,RRRRRRCCCCC,1,1,35,,0.0,0,0,1,0,0,0,0,0,0,"Because I don’t use any advanced math in my daily life, and I don’t remember how to do that type of math. ","English, history, sociology","The math questions were too difficult from the outset, which made the process of navigating the questions frustrating. Paired with the timer, I just chose things at random. ",Non-STEM Track,1,1,,,,,,,,,,,,,,,,,,,,,,,,,,,,,,,,,,,,,,,,,,,,,,,,,,,,,,,,,,,,,,,,,,,,,,,,,,,,,,,,,,,,,,,,,,,,,,,,,,,,,,,,,,,,,,,,,,,,,,,,,,,,,,,,,,,,,,,,,,,,,,,,,,,,,,,,,,,,,,,,,,,,,,,,,,,,,,,,,,,,,,,,,,,,,,,,,,,,,,,,,,,,,,,,,,,,,,,,,,,,,,,,,,,,,,,,,,,,,,,,,,,,,,,,,,,,,,,,,,,,,,,,,,,,,,,,,,,,,,,,,,,,,,,,,,,,,,,,,,,,,,,,,,,,,,,,,,,
36,uj1xsfdt,,0,18,18,Section_7,EndSurvey,2024-09-25 20:08:37.825582,1,,,0.0,,,,,,,,,,,,,,ryu6snyq,,,,,0,Experiment_1_Persistence,https://app.prolific.com/submissions/complete?cc=C1BTHULB,0.0,1.0,36,,0.0,6669d8d5d67867239ed2e85c,1,1,36,,0.0,B,D,C,A,A,C,D,A,B,D,BDCAACDABD,0.2,0,0.0,1,1,36,,0.0,noisy,random,positive,Pass,red,0,1,1,Fail Box,1,1,36,,0.0,D,B,A,C,B,D,A,B,C,D,DBACBDABCD,1.0,Non-STEM Track,,0,0.0,1,1,1,36,,0.0,R,R,R,R,R,C,C,C,C,C,C,RRRRRCCCCCC,1,1,36,,0.0,0,0,1,0,0,0,0,0,0,It really wasn't popular when I went to school so it wasn't talked about.,Writing  Analysis  Human Relations,It was great minus the math.,Non-STEM Track,1,1,,,,,,,,,,,,,,,,,,,,,,,,,,,,,,,,,,,,,,,,,,,,,,,,,,,,,,,,,,,,,,,,,,,,,,,,,,,,,,,,,,,,,,,,,,,,,,,,,,,,,,,,,,,,,,,,,,,,,,,,,,,,,,,,,,,,,,,,,,,,,,,,,,,,,,,,,,,,,,,,,,,,,,,,,,,,,,,,,,,,,,,,,,,,,,,,,,,,,,,,,,,,,,,,,,,,,,,,,,,,,,,,,,,,,,,,,,,,,,,,,,,,,,,,,,,,,,,,,,,,,,,,,,,,,,,,,,,,,,,,,,,,,,,,,,,,,,,,,,,,,,,,,,,,,,,,,,,
37,k4qohpxa,,0,18,18,Section_7,EndSurvey,2024-09-25 20:09:11.343192,1,,,0.0,,,,,,,,,,,,,,ryu6snyq,,,,,0,Experiment_1_Persistence,https://app.prolific.com/submissions/complete?cc=C1BTHULB,0.0,1.0,37,,0.0,601b9e9372f5e856dc3edf8b,1,1,37,,0.0,D,A,B,B,A,,,C,B,C,DABBA__CBC,0.3,0,0.0,1,1,37,,0.0,noisy,random,ground,Pass,red,1,0,0,Pass Box,1,1,37,,0.0,D,B,A,C,B,D,A,B,C,D,DBACBDABCD,1.0,Non-STEM Track,,0,0.0,0,1,1,37,,0.0,R,R,R,R,C,C,C,C,C,C,C,RRRRCCCCCCC,1,1,37,,0.0,0,0,1,0,0,0,0,0,0,"I was never good at Stem subjects in school, I was always better at english class",I studied marketing and business ,My experience was a bit hectic as I was not prepared to start doing some math ,Non-STEM Track,1,1,,,,,,,,,,,,,,,,,,,,,,,,,,,,,,,,,,,,,,,,,,,,,,,,,,,,,,,,,,,,,,,,,,,,,,,,,,,,,,,,,,,,,,,,,,,,,,,,,,,,,,,,,,,,,,,,,,,,,,,,,,,,,,,,,,,,,,,,,,,,,,,,,,,,,,,,,,,,,,,,,,,,,,,,,,,,,,,,,,,,,,,,,,,,,,,,,,,,,,,,,,,,,,,,,,,,,,,,,,,,,,,,,,,,,,,,,,,,,,,,,,,,,,,,,,,,,,,,,,,,,,,,,,,,,,,,,,,,,,,,,,,,,,,,,,,,,,,,,,,,,,,,,,,,,,,,,,,
38,8bb5naf2,,0,18,18,Section_7,EndSurvey,2024-09-25 20:09:13.042348,1,,,0.0,,,,,,,,,,,,,,ryu6snyq,,,,,0,Experiment_1_Persistence,https://app.prolific.com/submissions/complete?cc=C1BTHULB,0.0,1.0,38,,0.0,6616965da366a89dbc8086fa,1,1,38,,0.0,A,D,A,B,D,D,C,D,B,C,ADABDDCDBC,0.2,0,0.0,1,1,38,,0.0,noisy,random,positive,Fail,red,75,7,4,Fail Box,1,1,38,,0.0,D,B,A,C,B,D,A,B,C,D,DBACBDABCD,1.0,Non-STEM Track,,0,0.0,4,1,1,38,,0.0,R,R,R,R,R,R,C,C,C,C,C,RRRRRRCCCCC,1,1,38,,0.0,0,0,1,0,1,0,0,0,0,seemed to be the better route in terms of my time,computer science and programming,make so much more of these I love being able to use my mind and relax with no pressure,Non-STEM Track,1,1,,,,,,,,,,,,,,,,,,,,,,,,,,,,,,,,,,,,,,,,,,,,,,,,,,,,,,,,,,,,,,,,,,,,,,,,,,,,,,,,,,,,,,,,,,,,,,,,,,,,,,,,,,,,,,,,,,,,,,,,,,,,,,,,,,,,,,,,,,,,,,,,,,,,,,,,,,,,,,,,,,,,,,,,,,,,,,,,,,,,,,,,,,,,,,,,,,,,,,,,,,,,,,,,,,,,,,,,,,,,,,,,,,,,,,,,,,,,,,,,,,,,,,,,,,,,,,,,,,,,,,,,,,,,,,,,,,,,,,,,,,,,,,,,,,,,,,,,,,,,,,,,,,,,,,,,,,,
39,neitxiuz,,0,18,18,Section_7,EndSurvey,2024-09-25 20:09:13.528336,1,,,0.0,,,,,,,,,,,,,,ryu6snyq,,,,,0,Experiment_1_Persistence,https://app.prolific.com/submissions/complete?cc=C1BTHULB,0.0,1.0,39,,0.0,659485a70452c534a91718ee,1,1,39,,0.0,C,C,D,C,B,A,B,C,C,B,CCDCBABCCB,0.4,0,0.0,1,1,39,,0.0,noisy,random,negative,Pass,red,20,2,2,Fail Box,1,1,39,,0.0,D,B,A,C,B,D,A,B,C,D,DBACBDABCD,1.0,Non-STEM Track,,0,0.0,2,1,1,39,,0.0,R,R,R,R,R,R,R,C,C,C,C,RRRRRRRCCCC,1,1,39,,0.0,0,0,1,0,0,0,0,0,0,math is hard,health care,warn people they have to do math,Non-STEM Track,1,1,,,,,,,,,,,,,,,,,,,,,,,,,,,,,,,,,,,,,,,,,,,,,,,,,,,,,,,,,,,,,,,,,,,,,,,,,,,,,,,,,,,,,,,,,,,,,,,,,,,,,,,,,,,,,,,,,,,,,,,,,,,,,,,,,,,,,,,,,,,,,,,,,,,,,,,,,,,,,,,,,,,,,,,,,,,,,,,,,,,,,,,,,,,,,,,,,,,,,,,,,,,,,,,,,,,,,,,,,,,,,,,,,,,,,,,,,,,,,,,,,,,,,,,,,,,,,,,,,,,,,,,,,,,,,,,,,,,,,,,,,,,,,,,,,,,,,,,,,,,,,,,,,,,,,,,,,,,
40,2jn5nr2p,,0,18,18,Section_7,EndSurvey,2024-09-25 20:09:44.626396,1,,,0.0,,,,,,,,,,,,,,ryu6snyq,,,,,0,Experiment_1_Persistence,https://app.prolific.com/submissions/complete?cc=C1BTHULB,0.0,1.0,40,,0.0,614e07461fd23406f92023c7,1,1,40,,0.0,C,A,B,C,B,B,D,C,B,D,CABCBBDCBD,0.5,0,0.0,1,1,40,,0.0,noisy,random,ground,Pass,red,50,5,5,Not Sure,1,1,40,,0.0,D,B,A,C,B,D,A,B,C,D,DBACBDABCD,1.0,Non-STEM Track,,0,0.0,5,1,1,40,,0.0,R,R,R,R,R,C,C,C,C,C,C,RRRRRCCCCCC,1,1,40,,0.0,0,0,1,0,0,0,0,0,0,I am egregiously bad at math and didn't want to potentially do more.,"School: French, Russian, and Psychology  Industries: Mental health",Good luck with your research,Non-STEM Track,1,1,,,,,,,,,,,,,,,,,,,,,,,,,,,,,,,,,,,,,,,,,,,,,,,,,,,,,,,,,,,,,,,,,,,,,,,,,,,,,,,,,,,,,,,,,,,,,,,,,,,,,,,,,,,,,,,,,,,,,,,,,,,,,,,,,,,,,,,,,,,,,,,,,,,,,,,,,,,,,,,,,,,,,,,,,,,,,,,,,,,,,,,,,,,,,,,,,,,,,,,,,,,,,,,,,,,,,,,,,,,,,,,,,,,,,,,,,,,,,,,,,,,,,,,,,,,,,,,,,,,,,,,,,,,,,,,,,,,,,,,,,,,,,,,,,,,,,,,,,,,,,,,,,,,,,,,,,,,
41,ltz5z5zr,,0,18,18,Section_7,EndSurvey,2024-09-25 20:09:56.313871,1,,,0.0,,,,,,,,,,,,,,ryu6snyq,,,,,0,Experiment_1_Persistence,https://app.prolific.com/submissions/complete?cc=C1BTHULB,0.0,1.0,41,,0.0,665bb3facf3b60004a908818,1,1,41,,0.0,B,C,D,C,C,D,A,A,C,C,BCDCCDAACC,0.1,0,0.0,1,1,41,,0.0,noisy,random,negative,Fail,red,50,1,2,Fail Box,1,1,41,,0.0,D,B,A,C,B,D,A,B,C,D,DBACBDABCD,1.0,Non-STEM Track,,0,0.0,2,1,1,41,,0.0,R,R,R,C,C,C,C,C,C,C,C,RRRCCCCCCCC,1,1,41,,0.0,0,0,1,0,0,0,0,0,0,I am not good at math,agaculture,the stem questions were hard,Non-STEM Track,1,1,,,,,,,,,,,,,,,,,,,,,,,,,,,,,,,,,,,,,,,,,,,,,,,,,,,,,,,,,,,,,,,,,,,,,,,,,,,,,,,,,,,,,,,,,,,,,,,,,,,,,,,,,,,,,,,,,,,,,,,,,,,,,,,,,,,,,,,,,,,,,,,,,,,,,,,,,,,,,,,,,,,,,,,,,,,,,,,,,,,,,,,,,,,,,,,,,,,,,,,,,,,,,,,,,,,,,,,,,,,,,,,,,,,,,,,,,,,,,,,,,,,,,,,,,,,,,,,,,,,,,,,,,,,,,,,,,,,,,,,,,,,,,,,,,,,,,,,,,,,,,,,,,,,,,,,,,,,
42,8zlsbrex,,0,4,18,Section_1,Conclusion,2024-09-25 20:10:01.314199,1,,,0.0,,,,,,,,,,,,,,ryu6snyq,,,,,0,Experiment_1_Persistence,https://app.prolific.com/submissions/complete?cc=C1BTHULB,0.0,1.0,42,,0.0,664f93432a6259c27fc4c306,1,1,42,,0.0,,,,,,,,,,,__________,0.0,0,0.0,1,1,42,,0.0,,,,,,,,,,1,1,42,,0.0,,,,,,,,,,,,,,,,,,1,1,42,,0.0,,,,,,,,,,,,,1,1,42,,0.0,0,0,0,0,0,0,0,0,0,,,,,1,1,,,,,,,,,,,,,,,,,,,,,,,,,,,,,,,,,,,,,,,,,,,,,,,,,,,,,,,,,,,,,,,,,,,,,,,,,,,,,,,,,,,,,,,,,,,,,,,,,,,,,,,,,,,,,,,,,,,,,,,,,,,,,,,,,,,,,,,,,,,,,,,,,,,,,,,,,,,,,,,,,,,,,,,,,,,,,,,,,,,,,,,,,,,,,,,,,,,,,,,,,,,,,,,,,,,,,,,,,,,,,,,,,,,,,,,,,,,,,,,,,,,,,,,,,,,,,,,,,,,,,,,,,,,,,,,,,,,,,,,,,,,,,,,,,,,,,,,,,,,,,,,,,,,,,,,,,,,
43,09vrk65c,,0,1,18,Intro,Intro,2024-09-25 20:10:06.863443,1,,,0.0,,,,,,,,,,,,,,ryu6snyq,,,,,0,Experiment_1_Persistence,https://app.prolific.com/submissions/complete?cc=C1BTHULB,0.0,1.0,43,,0.0,,1,1,43,,0.0,,,,,,,,,,,,,,,1,1,43,,0.0,,,,,,,,,,1,1,43,,0.0,,,,,,,,,,,,,,,,,,1,1,43,,0.0,,,,,,,,,,,,,1,1,43,,0.0,0,0,0,0,0,0,0,0,0,,,,,1,1,,,,,,,,,,,,,,,,,,,,,,,,,,,,,,,,,,,,,,,,,,,,,,,,,,,,,,,,,,,,,,,,,,,,,,,,,,,,,,,,,,,,,,,,,,,,,,,,,,,,,,,,,,,,,,,,,,,,,,,,,,,,,,,,,,,,,,,,,,,,,,,,,,,,,,,,,,,,,,,,,,,,,,,,,,,,,,,,,,,,,,,,,,,,,,,,,,,,,,,,,,,,,,,,,,,,,,,,,,,,,,,,,,,,,,,,,,,,,,,,,,,,,,,,,,,,,,,,,,,,,,,,,,,,,,,,,,,,,,,,,,,,,,,,,,,,,,,,,,,,,,,,,,,,,,,,,,,
44,ckyz31xx,,0,18,18,Section_7,EndSurvey,2024-09-25 20:10:08.022481,1,,,0.0,,,,,,,,,,,,,,ryu6snyq,,,,,0,Experiment_1_Persistence,https://app.prolific.com/submissions/complete?cc=C1BTHULB,0.0,1.0,44,,0.0,66491b44f08238d03d4395f0,1,1,44,,0.0,B,A,A,C,B,B,C,A,D,C,BAACBBCADC,0.3,0,0.0,1,1,44,,0.0,noisy,random,negative,Pass,red,20,2,2,Pass Box,1,1,44,,0.0,D,B,A,C,B,D,A,B,C,D,DBACBDABCD,1.0,Non-STEM Track,,0,0.0,2,1,1,44,,0.0,R,R,R,R,R,R,C,C,C,C,C,RRRRRRCCCCC,1,1,44,,0.0,0,0,1,0,0,0,0,0,0,Because that topic is difficult for me,English,It was hard and made me anxious ,Non-STEM Track,1,1,,,,,,,,,,,,,,,,,,,,,,,,,,,,,,,,,,,,,,,,,,,,,,,,,,,,,,,,,,,,,,,,,,,,,,,,,,,,,,,,,,,,,,,,,,,,,,,,,,,,,,,,,,,,,,,,,,,,,,,,,,,,,,,,,,,,,,,,,,,,,,,,,,,,,,,,,,,,,,,,,,,,,,,,,,,,,,,,,,,,,,,,,,,,,,,,,,,,,,,,,,,,,,,,,,,,,,,,,,,,,,,,,,,,,,,,,,,,,,,,,,,,,,,,,,,,,,,,,,,,,,,,,,,,,,,,,,,,,,,,,,,,,,,,,,,,,,,,,,,,,,,,,,,,,,,,,,,
45,c92b3gf3,,0,4,18,Section_1,Conclusion,2024-09-25 20:10:27.379214,1,,,0.0,,,,,,,,,,,,,,ryu6snyq,,,,,0,Experiment_1_Persistence,https://app.prolific.com/submissions/complete?cc=C1BTHULB,0.0,1.0,45,,0.0,6679927e2952f0c534ae92ef,1,1,45,,0.0,,,,,,,,,,,__________,0.0,0,0.0,1,1,45,,0.0,,,,,,,,,,1,1,45,,0.0,,,,,,,,,,,,,,,,,,1,1,45,,0.0,,,,,,,,,,,,,1,1,45,,0.0,0,0,0,0,0,0,0,0,0,,,,,1,1,,,,,,,,,,,,,,,,,,,,,,,,,,,,,,,,,,,,,,,,,,,,,,,,,,,,,,,,,,,,,,,,,,,,,,,,,,,,,,,,,,,,,,,,,,,,,,,,,,,,,,,,,,,,,,,,,,,,,,,,,,,,,,,,,,,,,,,,,,,,,,,,,,,,,,,,,,,,,,,,,,,,,,,,,,,,,,,,,,,,,,,,,,,,,,,,,,,,,,,,,,,,,,,,,,,,,,,,,,,,,,,,,,,,,,,,,,,,,,,,,,,,,,,,,,,,,,,,,,,,,,,,,,,,,,,,,,,,,,,,,,,,,,,,,,,,,,,,,,,,,,,,,,,,,,,,,,,
46,z6206g2n,,0,18,18,Section_7,EndSurvey,2024-09-25 20:10:27.703719,1,,,0.0,,,,,,,,,,,,,,ryu6snyq,,,,,0,Experiment_1_Persistence,https://app.prolific.com/submissions/complete?cc=C1BTHULB,0.0,1.0,46,,0.0,662a71616a36b54eb97191eb,1,1,46,,0.0,D,A,,,,,,,,,DA________,0.1,0,0.0,1,1,46,,0.0,noisy,random,ground,Fail,black,30,5,2,Fail Box,1,1,46,,0.0,D,B,A,C,B,D,A,B,C,D,DBACBDABCD,1.0,Non-STEM Track,,0,0.0,2,1,1,46,,0.0,R,R,R,R,C,C,C,C,C,C,C,RRRRCCCCCCC,1,1,46,,0.0,0,0,1,0,0,0,0,0,0,Because I assumed it would be quicker since the test is timed. ,Most subjects were in the physical and biological sciences.,I felt rushed on the timed tests,Non-STEM Track,1,1,,,,,,,,,,,,,,,,,,,,,,,,,,,,,,,,,,,,,,,,,,,,,,,,,,,,,,,,,,,,,,,,,,,,,,,,,,,,,,,,,,,,,,,,,,,,,,,,,,,,,,,,,,,,,,,,,,,,,,,,,,,,,,,,,,,,,,,,,,,,,,,,,,,,,,,,,,,,,,,,,,,,,,,,,,,,,,,,,,,,,,,,,,,,,,,,,,,,,,,,,,,,,,,,,,,,,,,,,,,,,,,,,,,,,,,,,,,,,,,,,,,,,,,,,,,,,,,,,,,,,,,,,,,,,,,,,,,,,,,,,,,,,,,,,,,,,,,,,,,,,,,,,,,,,,,,,,,
47,lw72fuy6,,0,18,18,Section_7,EndSurvey,2024-09-25 20:10:29.049105,1,,,0.0,,,,,,,,,,,,,,ryu6snyq,,,,,0,Experiment_1_Persistence,https://app.prolific.com/submissions/complete?cc=C1BTHULB,0.0,1.0,47,,0.0,65daf1e5e45ada925fab406d,1,1,47,,0.0,A,D,B,A,C,B,A,B,D,B,ADBACBABDB,0.3,0,0.0,1,1,47,,0.0,noisy,random,ground,Pass,red,40,2,2,Pass Box,1,1,47,,0.0,D,B,A,C,B,D,A,B,C,D,DBACBDABCD,1.0,Non-STEM Track,,0,0.0,2,1,1,47,,0.0,R,C,C,C,C,C,C,C,C,C,C,RCCCCCCCCCC,1,1,47,,0.0,0,0,1,0,0,0,0,0,0,I have a humanities background,languages,no,Non-STEM Track,1,1,,,,,,,,,,,,,,,,,,,,,,,,,,,,,,,,,,,,,,,,,,,,,,,,,,,,,,,,,,,,,,,,,,,,,,,,,,,,,,,,,,,,,,,,,,,,,,,,,,,,,,,,,,,,,,,,,,,,,,,,,,,,,,,,,,,,,,,,,,,,,,,,,,,,,,,,,,,,,,,,,,,,,,,,,,,,,,,,,,,,,,,,,,,,,,,,,,,,,,,,,,,,,,,,,,,,,,,,,,,,,,,,,,,,,,,,,,,,,,,,,,,,,,,,,,,,,,,,,,,,,,,,,,,,,,,,,,,,,,,,,,,,,,,,,,,,,,,,,,,,,,,,,,,,,,,,,,,
48,7c34run0,,0,18,18,Section_7,EndSurvey,2024-09-25 20:10:51.402892,1,,,0.0,,,,,,,,,,,,,,ryu6snyq,,,,,0,Experiment_1_Persistence,https://app.prolific.com/submissions/complete?cc=C1BTHULB,0.0,1.0,48,,0.0,610888fa9082bb5758d4f7d8,1,1,48,,0.0,B,A,C,D,B,A,D,B,D,B,BACDBADBDB,0.5,0,0.0,1,1,48,,0.0,noisy,random,negative,Fail,black,42,2,7,Fail Box,1,1,48,,0.0,D,A,A,C,B,D,A,B,C,D,DAACBDABCD,0.9,Non-STEM Track,,0,0.0,7,1,1,48,,0.0,R,R,R,R,R,R,R,R,R,R,C,RRRRRRRRRRC,1,1,48,,0.0,0,0,1,0,0,0,0,0,0,I'm terrible at math.,English and education ,I don't think I did well on the math questions ,Non-STEM Track,1,1,,,,,,,,,,,,,,,,,,,,,,,,,,,,,,,,,,,,,,,,,,,,,,,,,,,,,,,,,,,,,,,,,,,,,,,,,,,,,,,,,,,,,,,,,,,,,,,,,,,,,,,,,,,,,,,,,,,,,,,,,,,,,,,,,,,,,,,,,,,,,,,,,,,,,,,,,,,,,,,,,,,,,,,,,,,,,,,,,,,,,,,,,,,,,,,,,,,,,,,,,,,,,,,,,,,,,,,,,,,,,,,,,,,,,,,,,,,,,,,,,,,,,,,,,,,,,,,,,,,,,,,,,,,,,,,,,,,,,,,,,,,,,,,,,,,,,,,,,,,,,,,,,,,,,,,,,,,
49,vlcqimmr,,0,4,18,Section_1,Conclusion,2024-09-25 20:11:02.596566,1,,,0.0,,,,,,,,,,,,,,ryu6snyq,,,,,0,Experiment_1_Persistence,https://app.prolific.com/submissions/complete?cc=C1BTHULB,0.0,1.0,49,,0.0,5f95290d3f11f238ab3159df,1,1,49,,0.0,,,,,,,,,,,__________,0.0,0,0.0,1,1,49,,0.0,,,,,,,,,,1,1,49,,0.0,,,,,,,,,,,,,,,,,,1,1,49,,0.0,,,,,,,,,,,,,1,1,49,,0.0,0,0,0,0,0,0,0,0,0,,,,,1,1,,,,,,,,,,,,,,,,,,,,,,,,,,,,,,,,,,,,,,,,,,,,,,,,,,,,,,,,,,,,,,,,,,,,,,,,,,,,,,,,,,,,,,,,,,,,,,,,,,,,,,,,,,,,,,,,,,,,,,,,,,,,,,,,,,,,,,,,,,,,,,,,,,,,,,,,,,,,,,,,,,,,,,,,,,,,,,,,,,,,,,,,,,,,,,,,,,,,,,,,,,,,,,,,,,,,,,,,,,,,,,,,,,,,,,,,,,,,,,,,,,,,,,,,,,,,,,,,,,,,,,,,,,,,,,,,,,,,,,,,,,,,,,,,,,,,,,,,,,,,,,,,,,,,,,,,,,,
50,9v9rtsnc,,0,4,18,Section_1,Conclusion,2024-09-25 20:11:33.069659,1,,,0.0,,,,,,,,,,,,,,ryu6snyq,,,,,0,Experiment_1_Persistence,https://app.prolific.com/submissions/complete?cc=C1BTHULB,0.0,1.0,50,,0.0,6646cdbd7a8e4d39556e459b,1,1,50,,0.0,,,,,,,,,,,__________,0.0,0,0.0,1,1,50,,0.0,,,,,,,,,,1,1,50,,0.0,,,,,,,,,,,,,,,,,,1,1,50,,0.0,,,,,,,,,,,,,1,1,50,,0.0,0,0,0,0,0,0,0,0,0,,,,,1,1,,,,,,,,,,,,,,,,,,,,,,,,,,,,,,,,,,,,,,,,,,,,,,,,,,,,,,,,,,,,,,,,,,,,,,,,,,,,,,,,,,,,,,,,,,,,,,,,,,,,,,,,,,,,,,,,,,,,,,,,,,,,,,,,,,,,,,,,,,,,,,,,,,,,,,,,,,,,,,,,,,,,,,,,,,,,,,,,,,,,,,,,,,,,,,,,,,,,,,,,,,,,,,,,,,,,,,,,,,,,,,,,,,,,,,,,,,,,,,,,,,,,,,,,,,,,,,,,,,,,,,,,,,,,,,,,,,,,,,,,,,,,,,,,,,,,,,,,,,,,,,,,,,,,,,,,,,,
51,34u8j5kx,,0,18,18,Section_7,EndSurvey,2024-09-25 20:12:25.582831,1,,,0.0,,,,,,,,,,,,,,ryu6snyq,,,,,0,Experiment_1_Persistence,https://app.prolific.com/submissions/complete?cc=C1BTHULB,0.0,1.0,51,,0.0,66513ed9e6ee0568b12ce18c,1,1,51,,0.0,D,C,B,A,C,D,D,B,A,C,DCBACDDBAC,0.1,0,0.0,1,1,51,,0.0,noisy,random,ground,Fail,black,100,10,10,Pass Box,1,1,51,,0.0,D,B,A,C,B,D,A,B,C,D,DBACBDABCD,1.0,Non-STEM Track,,0,0.0,10,1,1,51,,0.0,R,R,R,R,R,C,C,C,C,C,C,RRRRRCCCCCC,1,1,51,,0.0,0,0,0,1,0,0,0,0,0,My brain was tired fro the first set of math questions. ,general education,"no feedback, good experience. ",Non-STEM Track,1,1,,,,,,,,,,,,,,,,,,,,,,,,,,,,,,,,,,,,,,,,,,,,,,,,,,,,,,,,,,,,,,,,,,,,,,,,,,,,,,,,,,,,,,,,,,,,,,,,,,,,,,,,,,,,,,,,,,,,,,,,,,,,,,,,,,,,,,,,,,,,,,,,,,,,,,,,,,,,,,,,,,,,,,,,,,,,,,,,,,,,,,,,,,,,,,,,,,,,,,,,,,,,,,,,,,,,,,,,,,,,,,,,,,,,,,,,,,,,,,,,,,,,,,,,,,,,,,,,,,,,,,,,,,,,,,,,,,,,,,,,,,,,,,,,,,,,,,,,,,,,,,,,,,,,,,,,,,,
52,9cme4nwh,,0,18,18,Section_7,EndSurvey,2024-09-25 20:12:26.137339,1,,,0.0,,,,,,,,,,,,,,ryu6snyq,,,,,0,Experiment_1_Persistence,https://app.prolific.com/submissions/complete?cc=C1BTHULB,0.0,1.0,52,,0.0,66f3ecd883793141904a00b3,1,1,52,,0.0,C,A,B,B,B,C,C,C,A,B,CABBBCCCAB,0.5,1,4.623,1,1,52,,0.0,noisy,random,positive,Pass,red,3,2,2,Pass Box,1,1,52,,0.0,D,A,A,C,B,D,A,B,C,D,DAACBDABCD,0.9,Non-STEM Track,,0,0.0,2,1,1,52,,0.0,R,R,R,R,R,C,C,C,C,C,C,RRRRRCCCCCC,1,1,52,,0.0,0,0,0,1,0,0,0,0,0,im not very good at math,normal highschool studdies,it was good no feed back ,Non-STEM Track,1,1,,,,,,,,,,,,,,,,,,,,,,,,,,,,,,,,,,,,,,,,,,,,,,,,,,,,,,,,,,,,,,,,,,,,,,,,,,,,,,,,,,,,,,,,,,,,,,,,,,,,,,,,,,,,,,,,,,,,,,,,,,,,,,,,,,,,,,,,,,,,,,,,,,,,,,,,,,,,,,,,,,,,,,,,,,,,,,,,,,,,,,,,,,,,,,,,,,,,,,,,,,,,,,,,,,,,,,,,,,,,,,,,,,,,,,,,,,,,,,,,,,,,,,,,,,,,,,,,,,,,,,,,,,,,,,,,,,,,,,,,,,,,,,,,,,,,,,,,,,,,,,,,,,,,,,,,,,,
53,sp5dn7x9,,0,18,18,Section_7,EndSurvey,2024-09-25 20:12:51.125050,1,,,0.0,,,,,,,,,,,,,,ryu6snyq,,,,,0,Experiment_1_Persistence,https://app.prolific.com/submissions/complete?cc=C1BTHULB,0.0,1.0,53,,0.0,65b114038111be8590d8e184,1,1,53,,0.0,D,A,C,D,A,B,C,A,C,A,DACDABCACA,0.4,0,0.0,1,1,53,,0.0,noisy,random,negative,Pass,red,10,1,3,Fail Box,1,1,53,,0.0,D,B,A,C,B,D,A,B,C,D,DBACBDABCD,1.0,Non-STEM Track,,0,0.0,3,1,1,53,,0.0,R,R,R,R,R,C,C,C,C,C,C,RRRRRCCCCCC,1,1,53,,0.0,0,0,1,0,0,0,0,0,0,"My background is in language. I have a degree in French linguistics and am a certified English teacher. I am not strong in math, so I was certain that I would do better on the non-STEM track.",I studied French linguistics. I've worked in education and tourism. ,The first section was stressful as I honestly did not know how to answer most of the math problems. ,Non-STEM Track,1,1,,,,,,,,,,,,,,,,,,,,,,,,,,,,,,,,,,,,,,,,,,,,,,,,,,,,,,,,,,,,,,,,,,,,,,,,,,,,,,,,,,,,,,,,,,,,,,,,,,,,,,,,,,,,,,,,,,,,,,,,,,,,,,,,,,,,,,,,,,,,,,,,,,,,,,,,,,,,,,,,,,,,,,,,,,,,,,,,,,,,,,,,,,,,,,,,,,,,,,,,,,,,,,,,,,,,,,,,,,,,,,,,,,,,,,,,,,,,,,,,,,,,,,,,,,,,,,,,,,,,,,,,,,,,,,,,,,,,,,,,,,,,,,,,,,,,,,,,,,,,,,,,,,,,,,,,,,,
54,wx5qs5k6,,0,18,18,Section_7,EndSurvey,2024-09-25 20:12:57.259434,1,,,0.0,,,,,,,,,,,,,,ryu6snyq,,,,,0,Experiment_1_Persistence,https://app.prolific.com/submissions/complete?cc=C1BTHULB,0.0,1.0,54,,0.0,6664a1bc5d0140d6c3570178,1,1,54,,0.0,A,A,D,B,D,B,C,C,,,AADBDBCC__,0.5,0,0.0,1,1,54,,0.0,noisy,random,positive,Fail,red,80,10,10,Pass Box,1,1,54,,0.0,D,B,A,C,B,D,A,B,C,D,DBACBDABCD,1.0,Non-STEM Track,,0,0.0,10,1,1,54,,0.0,R,R,C,C,C,C,C,C,R,R,C,RRCCCCCCRRC,1,1,54,,0.0,0,0,1,0,0,0,0,0,0,I decided this because i didn't know rather to continue or not. I didn't know if I would still receive money for the other assignment completed.,The main studies is criminal justice. I study science and math for the main part. I love to figure things out to the best of my ability.,My experience was great. I enjoyed solve problems and being challenged. ,Non-STEM Track,1,1,,,,,,,,,,,,,,,,,,,,,,,,,,,,,,,,,,,,,,,,,,,,,,,,,,,,,,,,,,,,,,,,,,,,,,,,,,,,,,,,,,,,,,,,,,,,,,,,,,,,,,,,,,,,,,,,,,,,,,,,,,,,,,,,,,,,,,,,,,,,,,,,,,,,,,,,,,,,,,,,,,,,,,,,,,,,,,,,,,,,,,,,,,,,,,,,,,,,,,,,,,,,,,,,,,,,,,,,,,,,,,,,,,,,,,,,,,,,,,,,,,,,,,,,,,,,,,,,,,,,,,,,,,,,,,,,,,,,,,,,,,,,,,,,,,,,,,,,,,,,,,,,,,,,,,,,,,,
55,z0kpt5ju,,0,18,18,Section_7,EndSurvey,2024-09-25 20:13:26.169483,1,,,0.0,,,,,,,,,,,,,,ryu6snyq,,,,,0,Experiment_1_Persistence,https://app.prolific.com/submissions/complete?cc=C1BTHULB,0.0,1.0,55,,0.0,66abd7d501b21036f9f9994a,1,1,55,,0.0,D,C,B,C,D,A,B,B,A,B,DCBCDABBAB,0.1,0,0.0,1,1,55,,0.0,noisy,random,negative,Fail,black,40,4,4,Fail Box,1,1,55,,0.0,D,B,A,C,B,D,A,B,C,D,DBACBDABCD,1.0,Non-STEM Track,,0,0.0,4,1,1,55,,0.0,R,R,R,R,C,C,C,C,C,C,C,RRRRCCCCCCC,1,1,55,,0.0,0,0,1,0,0,0,0,0,0,I am not good with math at all.,German Language and Literature,"I found the STEM section stressful, but I enjoyed the non-STEM section.",Non-STEM Track,1,1,,,,,,,,,,,,,,,,,,,,,,,,,,,,,,,,,,,,,,,,,,,,,,,,,,,,,,,,,,,,,,,,,,,,,,,,,,,,,,,,,,,,,,,,,,,,,,,,,,,,,,,,,,,,,,,,,,,,,,,,,,,,,,,,,,,,,,,,,,,,,,,,,,,,,,,,,,,,,,,,,,,,,,,,,,,,,,,,,,,,,,,,,,,,,,,,,,,,,,,,,,,,,,,,,,,,,,,,,,,,,,,,,,,,,,,,,,,,,,,,,,,,,,,,,,,,,,,,,,,,,,,,,,,,,,,,,,,,,,,,,,,,,,,,,,,,,,,,,,,,,,,,,,,,,,,,,,,
56,ph96s9j8,,0,18,18,Section_7,EndSurvey,2024-09-25 20:13:27.566072,1,,,0.0,,,,,,,,,,,,,,ryu6snyq,,,,,0,Experiment_1_Persistence,https://app.prolific.com/submissions/complete?cc=C1BTHULB,0.0,1.0,56,,0.0,62c37638a93211ca8441aadb,1,1,56,,0.0,B,A,D,B,B,B,B,B,C,B,BADBBBBBCB,0.6,0,0.0,1,1,56,,0.0,noisy,random,positive,Pass,black,75,5,4,Pass Box,1,1,56,,0.0,D,B,A,C,B,D,A,B,C,D,DBACBDABCD,1.0,Non-STEM Track,,0,0.0,4,1,1,56,,0.0,R,R,R,R,R,C,C,C,C,C,C,RRRRRCCCCCC,1,1,56,,0.0,0,0,1,0,0,0,0,0,0,im more of a social sciences guy,"im a public policy major, if that tells you anything",no feedback,Non-STEM Track,1,1,,,,,,,,,,,,,,,,,,,,,,,,,,,,,,,,,,,,,,,,,,,,,,,,,,,,,,,,,,,,,,,,,,,,,,,,,,,,,,,,,,,,,,,,,,,,,,,,,,,,,,,,,,,,,,,,,,,,,,,,,,,,,,,,,,,,,,,,,,,,,,,,,,,,,,,,,,,,,,,,,,,,,,,,,,,,,,,,,,,,,,,,,,,,,,,,,,,,,,,,,,,,,,,,,,,,,,,,,,,,,,,,,,,,,,,,,,,,,,,,,,,,,,,,,,,,,,,,,,,,,,,,,,,,,,,,,,,,,,,,,,,,,,,,,,,,,,,,,,,,,,,,,,,,,,,,,,,
57,u7w3fo8i,,0,18,18,Section_7,EndSurvey,2024-09-25 20:13:29.427248,1,,,0.0,,,,,,,,,,,,,,ryu6snyq,,,,,0,Experiment_1_Persistence,https://app.prolific.com/submissions/complete?cc=C1BTHULB,0.0,1.0,57,,0.0,655f82f3b777e4c757101326,1,1,57,,0.0,D,A,B,C,C,B,A,C,C,A,DABCCBACCA,0.4,0,0.0,1,1,57,,0.0,noisy,random,positive,Pass,black,38,0,4,Fail Box,1,1,57,,0.0,D,B,A,C,B,D,A,B,C,D,DBACBDABCD,1.0,Non-STEM Track,,0,0.0,4,1,1,57,,0.0,R,R,C,R,C,C,C,C,C,C,C,RRCRCCCCCCC,1,1,57,,0.0,0,0,1,0,0,0,0,0,0,easier,"math,reading, writing, advance placement classes",,Non-STEM Track,1,1,,,,,,,,,,,,,,,,,,,,,,,,,,,,,,,,,,,,,,,,,,,,,,,,,,,,,,,,,,,,,,,,,,,,,,,,,,,,,,,,,,,,,,,,,,,,,,,,,,,,,,,,,,,,,,,,,,,,,,,,,,,,,,,,,,,,,,,,,,,,,,,,,,,,,,,,,,,,,,,,,,,,,,,,,,,,,,,,,,,,,,,,,,,,,,,,,,,,,,,,,,,,,,,,,,,,,,,,,,,,,,,,,,,,,,,,,,,,,,,,,,,,,,,,,,,,,,,,,,,,,,,,,,,,,,,,,,,,,,,,,,,,,,,,,,,,,,,,,,,,,,,,,,,,,,,,,,,
58,t3r3njck,,0,18,18,Section_7,EndSurvey,2024-09-25 20:13:30.281899,1,,,0.0,,,,,,,,,,,,,,ryu6snyq,,,,,0,Experiment_1_Persistence,https://app.prolific.com/submissions/complete?cc=C1BTHULB,0.0,1.0,58,,0.0,668edc4e7f59ae2c7858032f,1,1,58,,0.0,B,D,A,D,B,C,A,B,A,C,BDADBCABAC,0.1,0,0.0,1,1,58,,0.0,noisy,random,ground,Fail,black,10,2,5,Fail Box,1,1,58,,0.0,D,B,A,C,B,D,A,B,C,D,DBACBDABCD,1.0,Non-STEM Track,,0,0.0,5,1,1,58,,0.0,R,R,R,C,C,C,C,C,C,C,C,RRRCCCCCCCC,1,1,58,,0.0,0,0,1,0,0,0,0,0,0,I can't solve the math problems fast enough and I haven't learned those equations.,"In public school, it was all basic stuff. Most of what I studied in college is IT, but I have yet to get an IT job. ","It was a bit anxiety-inducing because I wasn't expecting the math questions. However, I loved the non-STEM, I'm good with words.",Non-STEM Track,1,1,,,,,,,,,,,,,,,,,,,,,,,,,,,,,,,,,,,,,,,,,,,,,,,,,,,,,,,,,,,,,,,,,,,,,,,,,,,,,,,,,,,,,,,,,,,,,,,,,,,,,,,,,,,,,,,,,,,,,,,,,,,,,,,,,,,,,,,,,,,,,,,,,,,,,,,,,,,,,,,,,,,,,,,,,,,,,,,,,,,,,,,,,,,,,,,,,,,,,,,,,,,,,,,,,,,,,,,,,,,,,,,,,,,,,,,,,,,,,,,,,,,,,,,,,,,,,,,,,,,,,,,,,,,,,,,,,,,,,,,,,,,,,,,,,,,,,,,,,,,,,,,,,,,,,,,,,,,
59,7vgujsau,,0,18,18,Section_7,EndSurvey,2024-09-25 20:13:32.560160,1,,,0.0,,,,,,,,,,,,,,ryu6snyq,,,,,0,Experiment_1_Persistence,https://app.prolific.com/submissions/complete?cc=C1BTHULB,0.0,1.0,59,,0.0,5f330bfd7109cd0e649566b6,1,1,59,,0.0,B,D,B,C,B,B,B,D,A,C,BDBCBBBDAC,0.2,0,0.0,1,1,59,,0.0,noisy,random,positive,Pass,red,23,1,1,Fail Box,1,1,59,,0.0,D,B,A,C,B,D,A,B,C,D,DBACBDABCD,1.0,Non-STEM Track,,0,0.0,1,1,1,59,,0.0,R,R,R,C,C,C,C,C,C,C,C,RRRCCCCCCCC,1,1,59,,0.0,0,0,1,0,1,0,0,0,0,Because college math is ridiculously difficult.,Just got my associate's degree in science in May.  I mostly studied biology and psychology and took 7 math classes (had to repeat some).,I was only able to read through the first 6 math questions.  I just randomly selected answers to the rest.,Non-STEM Track,1,1,,,,,,,,,,,,,,,,,,,,,,,,,,,,,,,,,,,,,,,,,,,,,,,,,,,,,,,,,,,,,,,,,,,,,,,,,,,,,,,,,,,,,,,,,,,,,,,,,,,,,,,,,,,,,,,,,,,,,,,,,,,,,,,,,,,,,,,,,,,,,,,,,,,,,,,,,,,,,,,,,,,,,,,,,,,,,,,,,,,,,,,,,,,,,,,,,,,,,,,,,,,,,,,,,,,,,,,,,,,,,,,,,,,,,,,,,,,,,,,,,,,,,,,,,,,,,,,,,,,,,,,,,,,,,,,,,,,,,,,,,,,,,,,,,,,,,,,,,,,,,,,,,,,,,,,,,,,
60,mdcm4704,,0,18,18,Section_7,EndSurvey,2024-09-25 20:13:41.224762,1,,,0.0,,,,,,,,,,,,,,ryu6snyq,,,,,0,Experiment_1_Persistence,https://app.prolific.com/submissions/complete?cc=C1BTHULB,0.0,1.0,60,,0.0,667d4322e59995857a56e1d3,1,1,60,,0.0,C,B,D,A,C,D,B,C,B,B,CBDACDBCBB,0.2,0,0.0,1,1,60,,0.0,noisy,random,ground,Fail,black,80,6,7,Pass Box,1,1,60,,0.0,C,B,D,A,C,C,A,C,B,B,CBDACCACBB,0.2,STEM Track,,0,0.0,7,1,1,60,,0.0,R,C,R,C,R,C,C,R,R,C,R,RCRCRCCRRCR,1,1,60,,0.0,0,0,1,0,0,1,0,0,0,Very great,Nice idea,Brilliant submission,STEM Track,1,1,,,,,,,,,,,,,,,,,,,,,,,,,,,,,,,,,,,,,,,,,,,,,,,,,,,,,,,,,,,,,,,,,,,,,,,,,,,,,,,,,,,,,,,,,,,,,,,,,,,,,,,,,,,,,,,,,,,,,,,,,,,,,,,,,,,,,,,,,,,,,,,,,,,,,,,,,,,,,,,,,,,,,,,,,,,,,,,,,,,,,,,,,,,,,,,,,,,,,,,,,,,,,,,,,,,,,,,,,,,,,,,,,,,,,,,,,,,,,,,,,,,,,,,,,,,,,,,,,,,,,,,,,,,,,,,,,,,,,,,,,,,,,,,,,,,,,,,,,,,,,,,,,,,,,,,,,,,
61,qhlrs5hj,,0,18,18,Section_7,EndSurvey,2024-09-25 20:13:41.591574,1,,,0.0,,,,,,,,,,,,,,ryu6snyq,,,,,0,Experiment_1_Persistence,https://app.prolific.com/submissions/complete?cc=C1BTHULB,0.0,1.0,61,,0.0,66370a20a4b5b1a460904760,1,1,61,,0.0,B,A,A,D,B,B,,C,B,A,BAADBB_CBA,0.4,0,0.0,1,1,61,,0.0,noisy,random,negative,Pass,red,50,3,3,Pass Box,1,1,61,,0.0,B,A,C,,C,C,C,A,B,A,BAC_CCCABA,0.6,STEM Track,,0,0.0,3,1,1,61,,0.0,R,R,R,R,C,C,C,C,C,C,C,RRRRCCCCCCC,1,1,61,,0.0,0,0,1,0,0,0,0,0,0,I thought i could get at least 3 correct. ,"I would say an equal amount of science, history, math, art, social sciences etc. ",Somewhat time consuming and stressful,STEM Track,1,1,,,,,,,,,,,,,,,,,,,,,,,,,,,,,,,,,,,,,,,,,,,,,,,,,,,,,,,,,,,,,,,,,,,,,,,,,,,,,,,,,,,,,,,,,,,,,,,,,,,,,,,,,,,,,,,,,,,,,,,,,,,,,,,,,,,,,,,,,,,,,,,,,,,,,,,,,,,,,,,,,,,,,,,,,,,,,,,,,,,,,,,,,,,,,,,,,,,,,,,,,,,,,,,,,,,,,,,,,,,,,,,,,,,,,,,,,,,,,,,,,,,,,,,,,,,,,,,,,,,,,,,,,,,,,,,,,,,,,,,,,,,,,,,,,,,,,,,,,,,,,,,,,,,,,,,,,,,
62,hz3cq09c,,0,18,18,Section_7,EndSurvey,2024-09-25 20:14:00.962084,1,,,0.0,,,,,,,,,,,,,,ryu6snyq,,,,,0,Experiment_1_Persistence,https://app.prolific.com/submissions/complete?cc=C1BTHULB,0.0,1.0,62,,0.0,5f4859d23306481f0f0dd2a5,1,1,62,,0.0,D,D,D,A,D,C,D,C,B,A,DDDADCDCBA,0.2,0,0.0,1,1,62,,0.0,noisy,random,ground,Fail,black,32,4,6,Fail Box,1,1,62,,0.0,D,B,A,C,B,D,A,B,C,D,DBACBDABCD,1.0,Non-STEM Track,,0,0.0,6,1,1,62,,0.0,R,R,R,R,R,R,R,C,C,C,C,RRRRRRRCCCC,1,1,62,,0.0,1,1,0,0,0,0,0,0,0,Because I'm tired and I don't math well then,"Anthropology, Russian and Nursing",Interesting but a bit confusing,Non-STEM Track,1,1,,,,,,,,,,,,,,,,,,,,,,,,,,,,,,,,,,,,,,,,,,,,,,,,,,,,,,,,,,,,,,,,,,,,,,,,,,,,,,,,,,,,,,,,,,,,,,,,,,,,,,,,,,,,,,,,,,,,,,,,,,,,,,,,,,,,,,,,,,,,,,,,,,,,,,,,,,,,,,,,,,,,,,,,,,,,,,,,,,,,,,,,,,,,,,,,,,,,,,,,,,,,,,,,,,,,,,,,,,,,,,,,,,,,,,,,,,,,,,,,,,,,,,,,,,,,,,,,,,,,,,,,,,,,,,,,,,,,,,,,,,,,,,,,,,,,,,,,,,,,,,,,,,,,,,,,,,,
63,hniaporh,,0,18,18,Section_7,EndSurvey,2024-09-25 20:14:31.741150,1,,,0.0,,,,,,,,,,,,,,ryu6snyq,,,,,0,Experiment_1_Persistence,https://app.prolific.com/submissions/complete?cc=C1BTHULB,0.0,1.0,63,,0.0,614dece04ee1516045ed298d,1,1,63,,0.0,D,A,A,C,D,B,D,C,D,B,DAACDBDCDB,0.5,0,0.0,1,1,63,,0.0,noisy,random,positive,Fail,red,75,6,6,Not Sure,1,1,63,,0.0,D,B,A,C,B,D,A,B,C,D,DBACBDABCD,1.0,Non-STEM Track,,0,0.0,6,1,1,63,,0.0,R,R,R,R,C,C,C,C,C,C,C,RRRRCCCCCCC,1,1,63,,0.0,0,1,0,0,0,0,0,0,0,THe STEM questions from the prior sampling were fairly challenging.  Figured I'd take the chance on a different subject ,"Finance, mixed industries ",positive - didn't quite fully understand the box ball drop quiz ,Non-STEM Track,1,1,,,,,,,,,,,,,,,,,,,,,,,,,,,,,,,,,,,,,,,,,,,,,,,,,,,,,,,,,,,,,,,,,,,,,,,,,,,,,,,,,,,,,,,,,,,,,,,,,,,,,,,,,,,,,,,,,,,,,,,,,,,,,,,,,,,,,,,,,,,,,,,,,,,,,,,,,,,,,,,,,,,,,,,,,,,,,,,,,,,,,,,,,,,,,,,,,,,,,,,,,,,,,,,,,,,,,,,,,,,,,,,,,,,,,,,,,,,,,,,,,,,,,,,,,,,,,,,,,,,,,,,,,,,,,,,,,,,,,,,,,,,,,,,,,,,,,,,,,,,,,,,,,,,,,,,,,,,
64,qfkdycq3,,0,18,18,Section_7,EndSurvey,2024-09-25 20:14:34.090257,1,,,0.0,,,,,,,,,,,,,,ryu6snyq,,,,,0,Experiment_1_Persistence,https://app.prolific.com/submissions/complete?cc=C1BTHULB,0.0,1.0,64,,0.0,5e428b48902afe117c45d261,1,1,64,,0.0,A,C,B,C,A,C,B,B,D,B,ACBCACBBDB,0.2,2,28.791,1,1,64,,0.0,noisy,random,positive,Fail,red,10,2,4,Fail Box,1,1,64,,0.0,D,B,A,C,B,D,A,B,C,D,DBACBDABCD,1.0,Non-STEM Track,,2,14.758,4,1,1,64,,0.0,R,R,R,R,R,C,C,C,C,C,C,RRRRRCCCCCC,1,1,64,,0.0,0,0,1,0,0,0,0,0,0,I didn’t want to do more math problems.,Psychology and finance.,It was fine. Really liked the “match word” part.,Non-STEM Track,1,1,,,,,,,,,,,,,,,,,,,,,,,,,,,,,,,,,,,,,,,,,,,,,,,,,,,,,,,,,,,,,,,,,,,,,,,,,,,,,,,,,,,,,,,,,,,,,,,,,,,,,,,,,,,,,,,,,,,,,,,,,,,,,,,,,,,,,,,,,,,,,,,,,,,,,,,,,,,,,,,,,,,,,,,,,,,,,,,,,,,,,,,,,,,,,,,,,,,,,,,,,,,,,,,,,,,,,,,,,,,,,,,,,,,,,,,,,,,,,,,,,,,,,,,,,,,,,,,,,,,,,,,,,,,,,,,,,,,,,,,,,,,,,,,,,,,,,,,,,,,,,,,,,,,,,,,,,,,
65,9cceoruz,,0,18,18,Section_7,EndSurvey,2024-09-25 20:14:35.981187,1,,,0.0,,,,,,,,,,,,,,ryu6snyq,,,,,0,Experiment_1_Persistence,https://app.prolific.com/submissions/complete?cc=C1BTHULB,0.0,1.0,65,,0.0,669dc0a58f347e772c21aea1,1,1,65,,0.0,A,C,D,C,A,B,C,A,C,C,ACDCABCACC,0.3,1,2.901,1,1,65,,0.0,noisy,random,negative,Pass,red,2,2,0,Pass Box,1,1,65,,0.0,D,B,A,C,B,A,A,D,C,D,DBACBAADCD,0.8,Non-STEM Track,,0,0.0,0,1,1,65,,0.0,C,C,C,C,C,C,R,R,R,R,R,CCCCCCRRRRR,1,1,65,,0.0,0,0,1,0,0,0,0,0,0,not good at it,none,aweful. totally unexpected,Non-STEM Track,1,1,,,,,,,,,,,,,,,,,,,,,,,,,,,,,,,,,,,,,,,,,,,,,,,,,,,,,,,,,,,,,,,,,,,,,,,,,,,,,,,,,,,,,,,,,,,,,,,,,,,,,,,,,,,,,,,,,,,,,,,,,,,,,,,,,,,,,,,,,,,,,,,,,,,,,,,,,,,,,,,,,,,,,,,,,,,,,,,,,,,,,,,,,,,,,,,,,,,,,,,,,,,,,,,,,,,,,,,,,,,,,,,,,,,,,,,,,,,,,,,,,,,,,,,,,,,,,,,,,,,,,,,,,,,,,,,,,,,,,,,,,,,,,,,,,,,,,,,,,,,,,,,,,,,,,,,,,,,
66,frc2dsbs,,0,4,18,Section_1,Conclusion,2024-09-25 20:14:56.094683,1,,,0.0,,,,,,,,,,,,,,ryu6snyq,,,,,0,Experiment_1_Persistence,https://app.prolific.com/submissions/complete?cc=C1BTHULB,0.0,1.0,66,,0.0,5617203c5c62cf0005822f0c,1,1,66,,0.0,,,,,,,,,,,__________,0.0,0,0.0,1,1,66,,0.0,,,,,,,,,,1,1,66,,0.0,,,,,,,,,,,,,,,,,,1,1,66,,0.0,,,,,,,,,,,,,1,1,66,,0.0,0,0,0,0,0,0,0,0,0,,,,,1,1,,,,,,,,,,,,,,,,,,,,,,,,,,,,,,,,,,,,,,,,,,,,,,,,,,,,,,,,,,,,,,,,,,,,,,,,,,,,,,,,,,,,,,,,,,,,,,,,,,,,,,,,,,,,,,,,,,,,,,,,,,,,,,,,,,,,,,,,,,,,,,,,,,,,,,,,,,,,,,,,,,,,,,,,,,,,,,,,,,,,,,,,,,,,,,,,,,,,,,,,,,,,,,,,,,,,,,,,,,,,,,,,,,,,,,,,,,,,,,,,,,,,,,,,,,,,,,,,,,,,,,,,,,,,,,,,,,,,,,,,,,,,,,,,,,,,,,,,,,,,,,,,,,,,,,,,,,,
67,6lfij3ek,,0,4,18,Section_1,Conclusion,2024-09-25 20:14:57.182114,1,,,0.0,,,,,,,,,,,,,,ryu6snyq,,,,,0,Experiment_1_Persistence,https://app.prolific.com/submissions/complete?cc=C1BTHULB,0.0,1.0,67,,0.0,610803b9ce5f71efbd6e1722,1,1,67,,0.0,,,,,,,,,,,__________,0.0,0,0.0,1,1,67,,0.0,,,,,,,,,,1,1,67,,0.0,,,,,,,,,,,,,,,,,,1,1,67,,0.0,,,,,,,,,,,,,1,1,67,,0.0,0,0,0,0,0,0,0,0,0,,,,,1,1,,,,,,,,,,,,,,,,,,,,,,,,,,,,,,,,,,,,,,,,,,,,,,,,,,,,,,,,,,,,,,,,,,,,,,,,,,,,,,,,,,,,,,,,,,,,,,,,,,,,,,,,,,,,,,,,,,,,,,,,,,,,,,,,,,,,,,,,,,,,,,,,,,,,,,,,,,,,,,,,,,,,,,,,,,,,,,,,,,,,,,,,,,,,,,,,,,,,,,,,,,,,,,,,,,,,,,,,,,,,,,,,,,,,,,,,,,,,,,,,,,,,,,,,,,,,,,,,,,,,,,,,,,,,,,,,,,,,,,,,,,,,,,,,,,,,,,,,,,,,,,,,,,,,,,,,,,,
68,z2emusgt,,0,18,18,Section_7,EndSurvey,2024-09-25 20:15:06.211146,1,,,0.0,,,,,,,,,,,,,,ryu6snyq,,,,,0,Experiment_1_Persistence,https://app.prolific.com/submissions/complete?cc=C1BTHULB,0.0,1.0,68,,0.0,5a3012083eff6600016f259c,1,1,68,,0.0,D,B,B,D,D,C,D,C,C,B,DBBDDCDCCB,0.4,0,0.0,1,1,68,,0.0,noisy,random,ground,Pass,red,30,2,1,Pass Box,1,1,68,,0.0,D,B,A,C,B,D,A,B,C,D,DBACBDABCD,1.0,Non-STEM Track,,0,0.0,1,1,1,68,,0.0,R,R,R,R,R,C,C,C,C,C,C,RRRRRCCCCCC,1,1,68,,0.0,0,0,1,0,0,0,0,0,0,I did not have much confidence in my STEM knowledge.,"Computer Science, Food Industry, and music.",N/A,Non-STEM Track,1,1,,,,,,,,,,,,,,,,,,,,,,,,,,,,,,,,,,,,,,,,,,,,,,,,,,,,,,,,,,,,,,,,,,,,,,,,,,,,,,,,,,,,,,,,,,,,,,,,,,,,,,,,,,,,,,,,,,,,,,,,,,,,,,,,,,,,,,,,,,,,,,,,,,,,,,,,,,,,,,,,,,,,,,,,,,,,,,,,,,,,,,,,,,,,,,,,,,,,,,,,,,,,,,,,,,,,,,,,,,,,,,,,,,,,,,,,,,,,,,,,,,,,,,,,,,,,,,,,,,,,,,,,,,,,,,,,,,,,,,,,,,,,,,,,,,,,,,,,,,,,,,,,,,,,,,,,,,,
69,c05hck8y,,0,18,18,Section_7,EndSurvey,2024-09-25 20:15:10.985052,1,,,0.0,,,,,,,,,,,,,,ryu6snyq,,,,,0,Experiment_1_Persistence,https://app.prolific.com/submissions/complete?cc=C1BTHULB,0.0,1.0,69,,0.0,669036ec04e2d3a5271a5c9d,1,1,69,,0.0,D,A,B,C,C,B,B,A,B,D,DABCCBBABD,0.2,0,0.0,1,1,69,,0.0,noisy,random,ground,Fail,black,50,4,7,Fail Box,1,1,69,,0.0,B,B,C,B,D,D,C,C,B,A,BBCBDDCCBA,0.5,STEM Track,,0,0.0,7,1,1,69,,0.0,R,R,R,R,R,R,C,C,C,C,C,RRRRRRCCCCC,1,1,69,,0.0,1,0,1,0,0,0,0,0,0,Because I enjoy math and I love a challenge to my brain.,A variety.,"I don't understand the purpose of the experiment necessarily, but I do want to relearn all the algebra that I've forgotten.",STEM Track,1,1,,,,,,,,,,,,,,,,,,,,,,,,,,,,,,,,,,,,,,,,,,,,,,,,,,,,,,,,,,,,,,,,,,,,,,,,,,,,,,,,,,,,,,,,,,,,,,,,,,,,,,,,,,,,,,,,,,,,,,,,,,,,,,,,,,,,,,,,,,,,,,,,,,,,,,,,,,,,,,,,,,,,,,,,,,,,,,,,,,,,,,,,,,,,,,,,,,,,,,,,,,,,,,,,,,,,,,,,,,,,,,,,,,,,,,,,,,,,,,,,,,,,,,,,,,,,,,,,,,,,,,,,,,,,,,,,,,,,,,,,,,,,,,,,,,,,,,,,,,,,,,,,,,,,,,,,,,,
70,3ohwrf9h,,0,18,18,Section_7,EndSurvey,2024-09-25 20:15:17.175239,1,,,0.0,,,,,,,,,,,,,,ryu6snyq,,,,,0,Experiment_1_Persistence,https://app.prolific.com/submissions/complete?cc=C1BTHULB,0.0,1.0,70,,0.0,60fe3068239127c9477e476c,1,1,70,,0.0,A,A,C,B,B,B,D,C,C,B,AACBBBDCCB,1.0,0,0.0,1,1,70,,0.0,noisy,random,ground,Pass,red,80,7,8,Pass Box,1,1,70,,0.0,B,B,C,A,A,D,C,A,D,C,BBCAADCADC,0.8,STEM Track,,0,0.0,8,1,1,70,,0.0,R,R,R,R,R,C,C,C,C,C,C,RRRRRCCCCCC,1,1,70,,0.0,0,0,1,0,0,0,0,0,0,"STEM major in college, always excelled in the STEM fields","Chemistry, math, physics",,STEM Track,1,1,,,,,,,,,,,,,,,,,,,,,,,,,,,,,,,,,,,,,,,,,,,,,,,,,,,,,,,,,,,,,,,,,,,,,,,,,,,,,,,,,,,,,,,,,,,,,,,,,,,,,,,,,,,,,,,,,,,,,,,,,,,,,,,,,,,,,,,,,,,,,,,,,,,,,,,,,,,,,,,,,,,,,,,,,,,,,,,,,,,,,,,,,,,,,,,,,,,,,,,,,,,,,,,,,,,,,,,,,,,,,,,,,,,,,,,,,,,,,,,,,,,,,,,,,,,,,,,,,,,,,,,,,,,,,,,,,,,,,,,,,,,,,,,,,,,,,,,,,,,,,,,,,,,,,,,,,,,
71,n6xmw47w,,0,5,18,Section_2_3,Section_2,2024-09-25 20:15:18.067660,1,,,0.0,,,,,,,,,,,,,,ryu6snyq,,,,,0,Experiment_1_Persistence,https://app.prolific.com/submissions/complete?cc=C1BTHULB,0.0,1.0,71,,0.0,664679735b0cd981f6f2e01e,1,1,71,,0.0,D,B,C,B,D,B,C,C,A,A,DBCBDBCCAA,0.4,0,0.0,1,1,71,,0.0,,,,,,,,,,1,1,71,,0.0,,,,,,,,,,,,,,,,,,1,1,71,,0.0,,,,,,,,,,,,,1,1,71,,0.0,0,0,0,0,0,0,0,0,0,,,,,1,1,,,,,,,,,,,,,,,,,,,,,,,,,,,,,,,,,,,,,,,,,,,,,,,,,,,,,,,,,,,,,,,,,,,,,,,,,,,,,,,,,,,,,,,,,,,,,,,,,,,,,,,,,,,,,,,,,,,,,,,,,,,,,,,,,,,,,,,,,,,,,,,,,,,,,,,,,,,,,,,,,,,,,,,,,,,,,,,,,,,,,,,,,,,,,,,,,,,,,,,,,,,,,,,,,,,,,,,,,,,,,,,,,,,,,,,,,,,,,,,,,,,,,,,,,,,,,,,,,,,,,,,,,,,,,,,,,,,,,,,,,,,,,,,,,,,,,,,,,,,,,,,,,,,,,,,,,,,
72,y08im74i,,0,18,18,Section_7,EndSurvey,2024-09-25 20:15:31.069050,1,,,0.0,,,,,,,,,,,,,,ryu6snyq,,,,,0,Experiment_1_Persistence,https://app.prolific.com/submissions/complete?cc=C1BTHULB,0.0,1.0,72,,0.0,66f308db3bb07131500f1697,1,1,72,,0.0,B,C,B,B,C,B,C,B,B,A,BCBBCBCBBA,0.2,0,0.0,1,1,72,,0.0,noisy,random,negative,Fail,black,60,3,4,Fail Box,1,1,72,,0.0,D,B,A,C,B,D,A,B,C,D,DBACBDABCD,1.0,Non-STEM Track,,0,0.0,4,1,1,72,,0.0,R,R,R,R,R,C,C,C,C,C,C,RRRRRCCCCCC,1,1,72,,0.0,0,0,0,1,0,0,0,0,0,I’m smarter at questions not involving math & equations.,Business.,Good. No feedback.,Non-STEM Track,1,1,,,,,,,,,,,,,,,,,,,,,,,,,,,,,,,,,,,,,,,,,,,,,,,,,,,,,,,,,,,,,,,,,,,,,,,,,,,,,,,,,,,,,,,,,,,,,,,,,,,,,,,,,,,,,,,,,,,,,,,,,,,,,,,,,,,,,,,,,,,,,,,,,,,,,,,,,,,,,,,,,,,,,,,,,,,,,,,,,,,,,,,,,,,,,,,,,,,,,,,,,,,,,,,,,,,,,,,,,,,,,,,,,,,,,,,,,,,,,,,,,,,,,,,,,,,,,,,,,,,,,,,,,,,,,,,,,,,,,,,,,,,,,,,,,,,,,,,,,,,,,,,,,,,,,,,,,,,
73,b6kz9a4s,,0,18,18,Section_7,EndSurvey,2024-09-25 20:15:40.242685,1,,,0.0,,,,,,,,,,,,,,ryu6snyq,,,,,0,Experiment_1_Persistence,https://app.prolific.com/submissions/complete?cc=C1BTHULB,0.0,1.0,73,,0.0,668472211016cb9f459f4cee,1,1,73,,0.0,D,A,A,C,B,C,A,A,C,B,DAACBCAACB,0.4,0,0.0,1,1,73,,0.0,noisy,random,ground,Pass,red,24,3,3,Pass Box,1,1,73,,0.0,D,A,A,C,B,D,A,B,C,D,DAACBDABCD,0.9,Non-STEM Track,,0,0.0,3,1,1,73,,0.0,R,R,R,R,R,C,C,C,C,C,C,RRRRRCCCCCC,1,1,73,,0.0,0,0,1,0,0,0,0,0,0,I'm not that good at math,History,none,Non-STEM Track,1,1,,,,,,,,,,,,,,,,,,,,,,,,,,,,,,,,,,,,,,,,,,,,,,,,,,,,,,,,,,,,,,,,,,,,,,,,,,,,,,,,,,,,,,,,,,,,,,,,,,,,,,,,,,,,,,,,,,,,,,,,,,,,,,,,,,,,,,,,,,,,,,,,,,,,,,,,,,,,,,,,,,,,,,,,,,,,,,,,,,,,,,,,,,,,,,,,,,,,,,,,,,,,,,,,,,,,,,,,,,,,,,,,,,,,,,,,,,,,,,,,,,,,,,,,,,,,,,,,,,,,,,,,,,,,,,,,,,,,,,,,,,,,,,,,,,,,,,,,,,,,,,,,,,,,,,,,,,,
74,lx2vog57,,0,18,18,Section_7,EndSurvey,2024-09-25 20:15:44.269439,1,,,0.0,,,,,,,,,,,,,,ryu6snyq,,,,,0,Experiment_1_Persistence,https://app.prolific.com/submissions/complete?cc=C1BTHULB,0.0,1.0,74,,0.0,611316bf2877819a0ec3e0a2,1,1,74,,0.0,D,C,B,B,A,C,A,A,D,A,DCBBACAADA,0.1,0,0.0,1,1,74,,0.0,noisy,random,positive,Fail,red,20,1,2,Fail Box,1,1,74,,0.0,D,B,A,C,B,D,A,B,C,D,DBACBDABCD,1.0,Non-STEM Track,,0,0.0,2,1,1,74,,0.0,R,R,R,R,C,C,C,C,C,C,C,RRRRCCCCCCC,1,1,74,,0.0,0,0,1,0,1,0,0,0,0,I don't love math,Medicine,No feedback currently,Non-STEM Track,1,1,,,,,,,,,,,,,,,,,,,,,,,,,,,,,,,,,,,,,,,,,,,,,,,,,,,,,,,,,,,,,,,,,,,,,,,,,,,,,,,,,,,,,,,,,,,,,,,,,,,,,,,,,,,,,,,,,,,,,,,,,,,,,,,,,,,,,,,,,,,,,,,,,,,,,,,,,,,,,,,,,,,,,,,,,,,,,,,,,,,,,,,,,,,,,,,,,,,,,,,,,,,,,,,,,,,,,,,,,,,,,,,,,,,,,,,,,,,,,,,,,,,,,,,,,,,,,,,,,,,,,,,,,,,,,,,,,,,,,,,,,,,,,,,,,,,,,,,,,,,,,,,,,,,,,,,,,,,
75,l6y7puku,,0,18,18,Section_7,EndSurvey,2024-09-25 20:15:57.165906,1,,,0.0,,,,,,,,,,,,,,ryu6snyq,,,,,0,Experiment_1_Persistence,https://app.prolific.com/submissions/complete?cc=C1BTHULB,0.0,1.0,75,,0.0,65bfa2967c731d263eb29732,1,1,75,,0.0,D,A,A,B,D,D,B,B,C,A,DAABDDBBCA,0.3,0,0.0,1,1,75,,0.0,noisy,random,ground,Fail,black,10,2,4,Fail Box,1,1,75,,0.0,D,B,A,C,B,D,A,B,C,D,DBACBDABCD,1.0,Non-STEM Track,,0,0.0,4,1,1,75,,0.0,R,R,R,R,R,R,C,C,C,C,C,RRRRRRCCCCC,1,1,75,,0.0,0,0,1,0,0,1,0,0,0,Math isn't my strongsuit and the questions in the first part of the quiz were hard.,English and history.,I struggled quite a bit I think.,Non-STEM Track,1,1,,,,,,,,,,,,,,,,,,,,,,,,,,,,,,,,,,,,,,,,,,,,,,,,,,,,,,,,,,,,,,,,,,,,,,,,,,,,,,,,,,,,,,,,,,,,,,,,,,,,,,,,,,,,,,,,,,,,,,,,,,,,,,,,,,,,,,,,,,,,,,,,,,,,,,,,,,,,,,,,,,,,,,,,,,,,,,,,,,,,,,,,,,,,,,,,,,,,,,,,,,,,,,,,,,,,,,,,,,,,,,,,,,,,,,,,,,,,,,,,,,,,,,,,,,,,,,,,,,,,,,,,,,,,,,,,,,,,,,,,,,,,,,,,,,,,,,,,,,,,,,,,,,,,,,,,,,,
76,r78aqra8,,0,4,18,Section_1,Conclusion,2024-09-25 20:16:01.802588,1,,,0.0,,,,,,,,,,,,,,ryu6snyq,,,,,0,Experiment_1_Persistence,https://app.prolific.com/submissions/complete?cc=C1BTHULB,0.0,1.0,76,,0.0,664637dac7b2ad14e2c5f063,1,1,76,,0.0,,,,,,,,,,,__________,0.0,0,0.0,1,1,76,,0.0,,,,,,,,,,1,1,76,,0.0,,,,,,,,,,,,,,,,,,1,1,76,,0.0,,,,,,,,,,,,,1,1,76,,0.0,0,0,0,0,0,0,0,0,0,,,,,1,1,,,,,,,,,,,,,,,,,,,,,,,,,,,,,,,,,,,,,,,,,,,,,,,,,,,,,,,,,,,,,,,,,,,,,,,,,,,,,,,,,,,,,,,,,,,,,,,,,,,,,,,,,,,,,,,,,,,,,,,,,,,,,,,,,,,,,,,,,,,,,,,,,,,,,,,,,,,,,,,,,,,,,,,,,,,,,,,,,,,,,,,,,,,,,,,,,,,,,,,,,,,,,,,,,,,,,,,,,,,,,,,,,,,,,,,,,,,,,,,,,,,,,,,,,,,,,,,,,,,,,,,,,,,,,,,,,,,,,,,,,,,,,,,,,,,,,,,,,,,,,,,,,,,,,,,,,,,
77,5jzixfh4,,0,18,18,Section_7,EndSurvey,2024-09-25 20:16:03.610146,1,,,0.0,,,,,,,,,,,,,,ryu6snyq,,,,,0,Experiment_1_Persistence,https://app.prolific.com/submissions/complete?cc=C1BTHULB,0.0,1.0,77,,0.0,661a574da7be5c13ab451572,1,1,77,,0.0,C,C,D,D,B,C,C,B,A,C,CCDDBCCBAC,0.1,0,0.0,1,1,77,,0.0,noisy,random,positive,Pass,red,10,2,1,Fail Box,1,1,77,,0.0,C,C,C,C,C,C,C,C,C,C,CCCCCCCCCC,0.3,STEM Track,,0,0.0,1,1,1,77,,0.0,R,R,C,C,C,C,C,C,C,C,C,RRCCCCCCCCC,1,1,77,,0.0,0,0,1,0,0,0,0,0,0,I thought it would be a better chance of winning a bonus,"General education and business management, and I worked in medical",I’ve never really been good at math and looking at the equation. It looks like a foreign language to me I’m pretty much had to take guesses on all of them.,STEM Track,1,1,,,,,,,,,,,,,,,,,,,,,,,,,,,,,,,,,,,,,,,,,,,,,,,,,,,,,,,,,,,,,,,,,,,,,,,,,,,,,,,,,,,,,,,,,,,,,,,,,,,,,,,,,,,,,,,,,,,,,,,,,,,,,,,,,,,,,,,,,,,,,,,,,,,,,,,,,,,,,,,,,,,,,,,,,,,,,,,,,,,,,,,,,,,,,,,,,,,,,,,,,,,,,,,,,,,,,,,,,,,,,,,,,,,,,,,,,,,,,,,,,,,,,,,,,,,,,,,,,,,,,,,,,,,,,,,,,,,,,,,,,,,,,,,,,,,,,,,,,,,,,,,,,,,,,,,,,,,
78,a83d90aw,,0,4,18,Section_1,Conclusion,2024-09-25 20:16:05.818837,1,,,0.0,,,,,,,,,,,,,,ryu6snyq,,,,,0,Experiment_1_Persistence,https://app.prolific.com/submissions/complete?cc=C1BTHULB,0.0,1.0,78,,0.0,66a1365b7f04e2900e671c6b,1,1,78,,0.0,,,,,,,,,,,__________,0.0,0,0.0,1,1,78,,0.0,,,,,,,,,,1,1,78,,0.0,,,,,,,,,,,,,,,,,,1,1,78,,0.0,,,,,,,,,,,,,1,1,78,,0.0,0,0,0,0,0,0,0,0,0,,,,,1,1,,,,,,,,,,,,,,,,,,,,,,,,,,,,,,,,,,,,,,,,,,,,,,,,,,,,,,,,,,,,,,,,,,,,,,,,,,,,,,,,,,,,,,,,,,,,,,,,,,,,,,,,,,,,,,,,,,,,,,,,,,,,,,,,,,,,,,,,,,,,,,,,,,,,,,,,,,,,,,,,,,,,,,,,,,,,,,,,,,,,,,,,,,,,,,,,,,,,,,,,,,,,,,,,,,,,,,,,,,,,,,,,,,,,,,,,,,,,,,,,,,,,,,,,,,,,,,,,,,,,,,,,,,,,,,,,,,,,,,,,,,,,,,,,,,,,,,,,,,,,,,,,,,,,,,,,,,,
79,lnlinrf5,,0,18,18,Section_7,EndSurvey,2024-09-25 20:16:07.891231,1,,,0.0,,,,,,,,,,,,,,ryu6snyq,,,,,0,Experiment_1_Persistence,https://app.prolific.com/submissions/complete?cc=C1BTHULB,0.0,1.0,79,,0.0,66c5e8a3e7d09c15312ec9e9,1,1,79,,0.0,A,B,D,C,A,C,B,A,C,D,ABDCACBACD,0.2,0,0.0,1,1,79,,0.0,noisy,random,negative,Fail,black,20,3,5,Fail Box,1,1,79,,0.0,D,A,A,C,B,D,A,C,C,D,DAACBDACCD,0.8,Non-STEM Track,,0,0.0,5,1,1,79,,0.0,R,C,C,C,C,C,C,C,C,C,C,RCCCCCCCCCC,1,1,79,,0.0,0,0,1,0,0,0,0,0,0,"After doing the Stem one, and feeling like i got them all wrong, i figured the Non-STEM track had to be easier","medical, healthcare( math)",good,Non-STEM Track,1,1,,,,,,,,,,,,,,,,,,,,,,,,,,,,,,,,,,,,,,,,,,,,,,,,,,,,,,,,,,,,,,,,,,,,,,,,,,,,,,,,,,,,,,,,,,,,,,,,,,,,,,,,,,,,,,,,,,,,,,,,,,,,,,,,,,,,,,,,,,,,,,,,,,,,,,,,,,,,,,,,,,,,,,,,,,,,,,,,,,,,,,,,,,,,,,,,,,,,,,,,,,,,,,,,,,,,,,,,,,,,,,,,,,,,,,,,,,,,,,,,,,,,,,,,,,,,,,,,,,,,,,,,,,,,,,,,,,,,,,,,,,,,,,,,,,,,,,,,,,,,,,,,,,,,,,,,,,,
80,49fzqaoj,,0,18,18,Section_7,EndSurvey,2024-09-25 20:16:21.979740,1,,,0.0,,,,,,,,,,,,,,ryu6snyq,,,,,0,Experiment_1_Persistence,https://app.prolific.com/submissions/complete?cc=C1BTHULB,0.0,1.0,80,,0.0,6622d9137685d20597e07347,1,1,80,,0.0,A,D,B,C,C,A,B,A,C,B,ADBCCABACB,0.3,0,0.0,1,1,80,,0.0,noisy,random,negative,Fail,black,60,5,5,Fail Box,1,1,80,,0.0,D,B,A,C,B,D,A,B,C,D,DBACBDABCD,1.0,Non-STEM Track,,0,0.0,5,1,1,80,,0.0,R,R,R,R,R,C,C,C,C,C,C,RRRRRCCCCCC,1,1,80,,0.0,0,0,0,1,1,0,0,0,0,I did better on English and History in high school.,"I'm in a STEM field but don't do much math, therefore I figured I should switch when the opportunity arose.",It was good! The math was difficult! ,Non-STEM Track,1,1,,,,,,,,,,,,,,,,,,,,,,,,,,,,,,,,,,,,,,,,,,,,,,,,,,,,,,,,,,,,,,,,,,,,,,,,,,,,,,,,,,,,,,,,,,,,,,,,,,,,,,,,,,,,,,,,,,,,,,,,,,,,,,,,,,,,,,,,,,,,,,,,,,,,,,,,,,,,,,,,,,,,,,,,,,,,,,,,,,,,,,,,,,,,,,,,,,,,,,,,,,,,,,,,,,,,,,,,,,,,,,,,,,,,,,,,,,,,,,,,,,,,,,,,,,,,,,,,,,,,,,,,,,,,,,,,,,,,,,,,,,,,,,,,,,,,,,,,,,,,,,,,,,,,,,,,,,,
81,yl1apsv9,,0,18,18,Section_7,EndSurvey,2024-09-25 20:16:24.862152,1,,,0.0,,,,,,,,,,,,,,ryu6snyq,,,,,0,Experiment_1_Persistence,https://app.prolific.com/submissions/complete?cc=C1BTHULB,0.0,1.0,81,,0.0,60ce4fceb13609a2c039248e,1,1,81,,0.0,A,A,C,B,B,B,D,B,B,D,AACBBBDBBD,0.7,0,0.0,1,1,81,,0.0,noisy,random,negative,Pass,red,90,6,1,Pass Box,1,1,81,,0.0,B,B,C,B,A,D,C,,,C,BBCBADC__C,0.6,STEM Track,,0,0.0,1,1,1,81,,0.0,R,R,C,C,C,C,C,C,C,C,C,RRCCCCCCCCC,1,1,81,,0.0,1,0,1,0,0,0,0,0,0,I knew I could at least answer 1 question correctly for the bonus. The non-STEM track I had no idea what the questions would be.,Geography. Hospitality industry and government.,Tense. I hate timed questionnaires.,STEM Track,1,1,,,,,,,,,,,,,,,,,,,,,,,,,,,,,,,,,,,,,,,,,,,,,,,,,,,,,,,,,,,,,,,,,,,,,,,,,,,,,,,,,,,,,,,,,,,,,,,,,,,,,,,,,,,,,,,,,,,,,,,,,,,,,,,,,,,,,,,,,,,,,,,,,,,,,,,,,,,,,,,,,,,,,,,,,,,,,,,,,,,,,,,,,,,,,,,,,,,,,,,,,,,,,,,,,,,,,,,,,,,,,,,,,,,,,,,,,,,,,,,,,,,,,,,,,,,,,,,,,,,,,,,,,,,,,,,,,,,,,,,,,,,,,,,,,,,,,,,,,,,,,,,,,,,,,,,,,,,
82,1cjzdc9g,,0,18,18,Section_7,EndSurvey,2024-09-25 20:16:39.021677,1,,,0.0,,,,,,,,,,,,,,ryu6snyq,,,,,0,Experiment_1_Persistence,https://app.prolific.com/submissions/complete?cc=C1BTHULB,0.0,1.0,82,,0.0,651ad403421d2fff5bb7df09,1,1,82,,0.0,D,C,B,C,A,B,A,A,A,A,DCBCABAAAA,0.1,0,0.0,1,1,82,,0.0,noisy,random,ground,Fail,black,50,5,2,Pass Box,1,1,82,,0.0,B,C,C,A,A,D,C,A,B,D,BCCAADCABD,0.8,STEM Track,,0,0.0,2,1,1,82,,0.0,R,R,R,R,R,R,R,C,R,C,C,RRRRRRRCRCC,1,1,82,,0.0,0,0,1,0,0,0,0,0,0,"It only required me to get two questions correct to pass. I'd rather take the chance, as I look at these math problems logically, and can usually narrow down the answer to one or two right ones. There were definitely a couple that were difficult, but the ones with orders of operation were pretty easy. Even the XY coordinate questions weren't bad. I felt like based on the first test I could do OK on the second test.",I mainly studied social sciences and have a degree in psychology. I went to college later in life and that required me to revisit math and algebra on the basic college level. It's amazing what you retain when you have a second go at it.,"At first, it felt excruciating, but once I got into it, I kind of enjoyed it. Math can be fun. I suspected we weren't measuring my math skills so much as how I take risks and chances, but I'm not sure.",STEM Track,1,1,,,,,,,,,,,,,,,,,,,,,,,,,,,,,,,,,,,,,,,,,,,,,,,,,,,,,,,,,,,,,,,,,,,,,,,,,,,,,,,,,,,,,,,,,,,,,,,,,,,,,,,,,,,,,,,,,,,,,,,,,,,,,,,,,,,,,,,,,,,,,,,,,,,,,,,,,,,,,,,,,,,,,,,,,,,,,,,,,,,,,,,,,,,,,,,,,,,,,,,,,,,,,,,,,,,,,,,,,,,,,,,,,,,,,,,,,,,,,,,,,,,,,,,,,,,,,,,,,,,,,,,,,,,,,,,,,,,,,,,,,,,,,,,,,,,,,,,,,,,,,,,,,,,,,,,,,,,
83,2y6ez37z,,0,18,18,Section_7,EndSurvey,2024-09-25 20:16:42.887522,1,,,0.0,,,,,,,,,,,,,,ryu6snyq,,,,,0,Experiment_1_Persistence,https://app.prolific.com/submissions/complete?cc=C1BTHULB,0.0,1.0,83,,0.0,62ce6179fe6f8ec7e399cea0,1,1,83,,0.0,D,B,A,B,D,C,B,C,A,D,DBABDCBCAD,0.2,1,0.656,1,1,83,,0.0,noisy,random,negative,Fail,red,50,4,7,Fail Box,1,1,83,,0.0,D,B,A,C,B,D,A,B,C,D,DBACBDABCD,1.0,Non-STEM Track,,0,0.0,7,1,1,83,,0.0,R,R,R,R,R,C,C,C,C,C,C,RRRRRCCCCCC,1,1,83,,0.0,0,0,1,0,0,0,0,0,0,I was not confident in my ability to answer 7 STEM questions correctly,I majored in History and work in Employee Benefits & Insurance. Makes sense right?,N/A,Non-STEM Track,1,1,,,,,,,,,,,,,,,,,,,,,,,,,,,,,,,,,,,,,,,,,,,,,,,,,,,,,,,,,,,,,,,,,,,,,,,,,,,,,,,,,,,,,,,,,,,,,,,,,,,,,,,,,,,,,,,,,,,,,,,,,,,,,,,,,,,,,,,,,,,,,,,,,,,,,,,,,,,,,,,,,,,,,,,,,,,,,,,,,,,,,,,,,,,,,,,,,,,,,,,,,,,,,,,,,,,,,,,,,,,,,,,,,,,,,,,,,,,,,,,,,,,,,,,,,,,,,,,,,,,,,,,,,,,,,,,,,,,,,,,,,,,,,,,,,,,,,,,,,,,,,,,,,,,,,,,,,,,
84,eo7f5xsd,,0,18,18,Section_7,EndSurvey,2024-09-25 20:16:44.409653,1,,,0.0,,,,,,,,,,,,,,ryu6snyq,,,,,0,Experiment_1_Persistence,https://app.prolific.com/submissions/complete?cc=C1BTHULB,0.0,1.0,84,,0.0,66d1561ce0504aa0fbb33ce7,1,1,84,,0.0,D,B,B,B,A,B,A,B,B,C,DBBBABABBC,0.2,0,0.0,1,1,84,,0.0,noisy,random,negative,Pass,red,30,1,1,Pass Box,1,1,84,,0.0,A,B,C,B,C,D,B,B,D,B,ABCBCDBBDB,0.2,STEM Track,,0,0.0,1,1,1,84,,0.0,R,R,R,R,R,R,R,R,R,R,R,RRRRRRRRRRR,1,1,84,,0.0,0,0,1,0,0,0,0,0,0,I didn't ,Home economics  Science   History   ,No,STEM Track,1,1,,,,,,,,,,,,,,,,,,,,,,,,,,,,,,,,,,,,,,,,,,,,,,,,,,,,,,,,,,,,,,,,,,,,,,,,,,,,,,,,,,,,,,,,,,,,,,,,,,,,,,,,,,,,,,,,,,,,,,,,,,,,,,,,,,,,,,,,,,,,,,,,,,,,,,,,,,,,,,,,,,,,,,,,,,,,,,,,,,,,,,,,,,,,,,,,,,,,,,,,,,,,,,,,,,,,,,,,,,,,,,,,,,,,,,,,,,,,,,,,,,,,,,,,,,,,,,,,,,,,,,,,,,,,,,,,,,,,,,,,,,,,,,,,,,,,,,,,,,,,,,,,,,,,,,,,,,,
85,gzuw12nj,,0,18,18,Section_7,EndSurvey,2024-09-25 20:17:00.599193,1,,,0.0,,,,,,,,,,,,,,ryu6snyq,,,,,0,Experiment_1_Persistence,https://app.prolific.com/submissions/complete?cc=C1BTHULB,0.0,1.0,85,,0.0,5e9746fb1eed951eed404015,1,1,85,,0.0,B,B,C,D,C,C,B,D,A,D,BBCDCCBDAD,0.1,0,0.0,1,1,85,,0.0,noisy,random,positive,Fail,red,50,3,5,Fail Box,1,1,85,,0.0,D,B,A,C,B,D,A,B,C,D,DBACBDABCD,1.0,Non-STEM Track,,0,0.0,5,1,1,85,,0.0,R,R,R,R,R,C,C,C,C,C,C,RRRRRCCCCCC,1,1,85,,0.0,0,1,1,0,0,0,0,0,0,Because I have a better chance at passing with those set of questions.,english and media,It was interesting.,Non-STEM Track,1,1,,,,,,,,,,,,,,,,,,,,,,,,,,,,,,,,,,,,,,,,,,,,,,,,,,,,,,,,,,,,,,,,,,,,,,,,,,,,,,,,,,,,,,,,,,,,,,,,,,,,,,,,,,,,,,,,,,,,,,,,,,,,,,,,,,,,,,,,,,,,,,,,,,,,,,,,,,,,,,,,,,,,,,,,,,,,,,,,,,,,,,,,,,,,,,,,,,,,,,,,,,,,,,,,,,,,,,,,,,,,,,,,,,,,,,,,,,,,,,,,,,,,,,,,,,,,,,,,,,,,,,,,,,,,,,,,,,,,,,,,,,,,,,,,,,,,,,,,,,,,,,,,,,,,,,,,,,,
86,zmpzvuh7,,0,4,18,Section_1,Conclusion,2024-09-25 20:17:21.821087,1,,,0.0,,,,,,,,,,,,,,ryu6snyq,,,,,0,Experiment_1_Persistence,https://app.prolific.com/submissions/complete?cc=C1BTHULB,0.0,1.0,86,,0.0,6473ddd093826f8af4192abb,1,1,86,,0.0,,,,,,,,,,,__________,0.0,0,0.0,1,1,86,,0.0,,,,,,,,,,1,1,86,,0.0,,,,,,,,,,,,,,,,,,1,1,86,,0.0,,,,,,,,,,,,,1,1,86,,0.0,0,0,0,0,0,0,0,0,0,,,,,1,1,,,,,,,,,,,,,,,,,,,,,,,,,,,,,,,,,,,,,,,,,,,,,,,,,,,,,,,,,,,,,,,,,,,,,,,,,,,,,,,,,,,,,,,,,,,,,,,,,,,,,,,,,,,,,,,,,,,,,,,,,,,,,,,,,,,,,,,,,,,,,,,,,,,,,,,,,,,,,,,,,,,,,,,,,,,,,,,,,,,,,,,,,,,,,,,,,,,,,,,,,,,,,,,,,,,,,,,,,,,,,,,,,,,,,,,,,,,,,,,,,,,,,,,,,,,,,,,,,,,,,,,,,,,,,,,,,,,,,,,,,,,,,,,,,,,,,,,,,,,,,,,,,,,,,,,,,,,
87,z28764l3,,0,18,18,Section_7,EndSurvey,2024-09-25 20:17:40.076291,1,,,0.0,,,,,,,,,,,,,,ryu6snyq,,,,,0,Experiment_1_Persistence,https://app.prolific.com/submissions/complete?cc=C1BTHULB,0.0,1.0,87,,0.0,662942298bc71e33a4250e33,1,1,87,,0.0,D,A,A,C,B,A,A,B,C,A,DAACBAABCA,0.3,0,0.0,1,1,87,,0.0,noisy,random,positive,Pass,black,10,1,3,Fail Box,1,1,87,,0.0,D,B,A,C,B,D,A,B,C,D,DBACBDABCD,1.0,Non-STEM Track,,0,0.0,3,1,1,87,,0.0,R,R,R,R,R,C,C,C,C,C,C,RRRRRCCCCCC,1,1,87,,0.0,0,1,1,0,0,0,0,0,0,Because I had no idea how to do the STEM ones.,I majored in Psychology in college and I've mainly worked in sales and marketing. ,The STEM part was hard! ,Non-STEM Track,1,1,,,,,,,,,,,,,,,,,,,,,,,,,,,,,,,,,,,,,,,,,,,,,,,,,,,,,,,,,,,,,,,,,,,,,,,,,,,,,,,,,,,,,,,,,,,,,,,,,,,,,,,,,,,,,,,,,,,,,,,,,,,,,,,,,,,,,,,,,,,,,,,,,,,,,,,,,,,,,,,,,,,,,,,,,,,,,,,,,,,,,,,,,,,,,,,,,,,,,,,,,,,,,,,,,,,,,,,,,,,,,,,,,,,,,,,,,,,,,,,,,,,,,,,,,,,,,,,,,,,,,,,,,,,,,,,,,,,,,,,,,,,,,,,,,,,,,,,,,,,,,,,,,,,,,,,,,,,
88,ma45zx7u,,0,4,18,Section_1,Conclusion,2024-09-25 20:18:12.665223,1,,,0.0,,,,,,,,,,,,,,ryu6snyq,,,,,0,Experiment_1_Persistence,https://app.prolific.com/submissions/complete?cc=C1BTHULB,0.0,1.0,88,,0.0,5e064785e297d502d4f2b15f,1,1,88,,0.0,,,,,,,,,,,__________,0.0,0,0.0,1,1,88,,0.0,,,,,,,,,,1,1,88,,0.0,,,,,,,,,,,,,,,,,,1,1,88,,0.0,,,,,,,,,,,,,1,1,88,,0.0,0,0,0,0,0,0,0,0,0,,,,,1,1,,,,,,,,,,,,,,,,,,,,,,,,,,,,,,,,,,,,,,,,,,,,,,,,,,,,,,,,,,,,,,,,,,,,,,,,,,,,,,,,,,,,,,,,,,,,,,,,,,,,,,,,,,,,,,,,,,,,,,,,,,,,,,,,,,,,,,,,,,,,,,,,,,,,,,,,,,,,,,,,,,,,,,,,,,,,,,,,,,,,,,,,,,,,,,,,,,,,,,,,,,,,,,,,,,,,,,,,,,,,,,,,,,,,,,,,,,,,,,,,,,,,,,,,,,,,,,,,,,,,,,,,,,,,,,,,,,,,,,,,,,,,,,,,,,,,,,,,,,,,,,,,,,,,,,,,,,,
89,1uaw6et7,,0,18,18,Section_7,EndSurvey,2024-09-25 20:18:13.622025,1,,,0.0,,,,,,,,,,,,,,ryu6snyq,,,,,0,Experiment_1_Persistence,https://app.prolific.com/submissions/complete?cc=C1BTHULB,0.0,1.0,89,,0.0,652977232f395d3a7ca54bf9,1,1,89,,0.0,B,A,B,C,B,C,C,C,B,C,BABCBCCCBC,0.3,0,0.0,1,1,89,,0.0,noisy,random,ground,Pass,red,5,3,2,Pass Box,1,1,89,,0.0,D,B,A,C,B,D,A,B,C,B,DBACBDABCB,0.9,Non-STEM Track,,0,0.0,2,1,1,89,,0.0,R,R,R,R,C,C,C,C,C,C,C,RRRRCCCCCCC,1,1,89,,0.0,0,0,1,0,0,0,0,0,0,I have forgotten everything about math.,The main subjects I studied were music and English language. ,The STEM quiz was terrible for me. I am not very fond of this process. ,Non-STEM Track,1,1,,,,,,,,,,,,,,,,,,,,,,,,,,,,,,,,,,,,,,,,,,,,,,,,,,,,,,,,,,,,,,,,,,,,,,,,,,,,,,,,,,,,,,,,,,,,,,,,,,,,,,,,,,,,,,,,,,,,,,,,,,,,,,,,,,,,,,,,,,,,,,,,,,,,,,,,,,,,,,,,,,,,,,,,,,,,,,,,,,,,,,,,,,,,,,,,,,,,,,,,,,,,,,,,,,,,,,,,,,,,,,,,,,,,,,,,,,,,,,,,,,,,,,,,,,,,,,,,,,,,,,,,,,,,,,,,,,,,,,,,,,,,,,,,,,,,,,,,,,,,,,,,,,,,,,,,,,,
90,nxxzu2dc,,0,18,18,Section_7,EndSurvey,2024-09-25 20:18:27.263481,1,,,0.0,,,,,,,,,,,,,,ryu6snyq,,,,,0,Experiment_1_Persistence,https://app.prolific.com/submissions/complete?cc=C1BTHULB,0.0,1.0,90,,0.0,5de32329b5bed7350391666c,1,1,90,,0.0,B,C,B,B,C,A,B,B,C,B,BCBBCABBCB,0.3,0,0.0,1,1,90,,0.0,noisy,random,ground,Fail,black,60,6,6,Fail Box,1,1,90,,0.0,D,B,A,C,B,D,A,B,C,D,DBACBDABCD,1.0,Non-STEM Track,,0,0.0,6,1,1,90,,0.0,R,R,R,R,C,C,C,C,C,C,C,RRRRCCCCCCC,1,1,90,,0.0,0,0,1,0,0,0,0,0,0,I liked the bonus structure more,Computer Science / Programming,"Very pleasant, everything loaded very quickly.  ",Non-STEM Track,1,1,,,,,,,,,,,,,,,,,,,,,,,,,,,,,,,,,,,,,,,,,,,,,,,,,,,,,,,,,,,,,,,,,,,,,,,,,,,,,,,,,,,,,,,,,,,,,,,,,,,,,,,,,,,,,,,,,,,,,,,,,,,,,,,,,,,,,,,,,,,,,,,,,,,,,,,,,,,,,,,,,,,,,,,,,,,,,,,,,,,,,,,,,,,,,,,,,,,,,,,,,,,,,,,,,,,,,,,,,,,,,,,,,,,,,,,,,,,,,,,,,,,,,,,,,,,,,,,,,,,,,,,,,,,,,,,,,,,,,,,,,,,,,,,,,,,,,,,,,,,,,,,,,,,,,,,,,,,
91,q70vku3n,,0,4,18,Section_1,Conclusion,2024-09-25 20:18:31.282377,1,,,0.0,,,,,,,,,,,,,,ryu6snyq,,,,,0,Experiment_1_Persistence,https://app.prolific.com/submissions/complete?cc=C1BTHULB,0.0,1.0,91,,0.0,663e993b9f97231ad74aec17,1,1,91,,0.0,,,,,,,,,,,__________,0.0,0,0.0,1,1,91,,0.0,,,,,,,,,,1,1,91,,0.0,,,,,,,,,,,,,,,,,,1,1,91,,0.0,,,,,,,,,,,,,1,1,91,,0.0,0,0,0,0,0,0,0,0,0,,,,,1,1,,,,,,,,,,,,,,,,,,,,,,,,,,,,,,,,,,,,,,,,,,,,,,,,,,,,,,,,,,,,,,,,,,,,,,,,,,,,,,,,,,,,,,,,,,,,,,,,,,,,,,,,,,,,,,,,,,,,,,,,,,,,,,,,,,,,,,,,,,,,,,,,,,,,,,,,,,,,,,,,,,,,,,,,,,,,,,,,,,,,,,,,,,,,,,,,,,,,,,,,,,,,,,,,,,,,,,,,,,,,,,,,,,,,,,,,,,,,,,,,,,,,,,,,,,,,,,,,,,,,,,,,,,,,,,,,,,,,,,,,,,,,,,,,,,,,,,,,,,,,,,,,,,,,,,,,,,,
92,uccw2jyd,,0,18,18,Section_7,EndSurvey,2024-09-25 20:18:38.224438,1,,,0.0,,,,,,,,,,,,,,ryu6snyq,,,,,0,Experiment_1_Persistence,https://app.prolific.com/submissions/complete?cc=C1BTHULB,0.0,1.0,92,,0.0,66c3b7035a46fdbb0859d0ab,1,1,92,,0.0,D,D,B,C,B,C,A,B,C,A,DDBCBCABCA,0.2,0,0.0,1,1,92,,0.0,noisy,random,ground,Fail,black,50,1,10,Fail Box,1,1,92,,0.0,D,B,A,C,B,D,A,B,C,D,DBACBDABCD,1.0,Non-STEM Track,,0,0.0,10,1,1,92,,0.0,R,R,R,R,R,C,C,C,C,C,C,RRRRRCCCCCC,1,1,92,,0.0,0,0,1,0,0,0,0,0,0,Not confident in my abilities,"Finances, bookkeeping",Very fun and thought provoking,Non-STEM Track,1,1,,,,,,,,,,,,,,,,,,,,,,,,,,,,,,,,,,,,,,,,,,,,,,,,,,,,,,,,,,,,,,,,,,,,,,,,,,,,,,,,,,,,,,,,,,,,,,,,,,,,,,,,,,,,,,,,,,,,,,,,,,,,,,,,,,,,,,,,,,,,,,,,,,,,,,,,,,,,,,,,,,,,,,,,,,,,,,,,,,,,,,,,,,,,,,,,,,,,,,,,,,,,,,,,,,,,,,,,,,,,,,,,,,,,,,,,,,,,,,,,,,,,,,,,,,,,,,,,,,,,,,,,,,,,,,,,,,,,,,,,,,,,,,,,,,,,,,,,,,,,,,,,,,,,,,,,,,,
93,4ho4kz92,,0,18,18,Section_7,EndSurvey,2024-09-25 20:18:44.408452,1,,,0.0,,,,,,,,,,,,,,ryu6snyq,,,,,0,Experiment_1_Persistence,https://app.prolific.com/submissions/complete?cc=C1BTHULB,0.0,1.0,93,,0.0,5fbc1e05d509f10a309e796b,1,1,93,,0.0,A,B,C,B,B,B,D,C,B,A,ABCBBBDCBA,0.7,0,0.0,1,1,93,,0.0,noisy,random,negative,Pass,red,30,4,4,Pass Box,1,1,93,,0.0,B,A,C,B,A,D,C,C,B,C,BACBADCCBC,0.8,STEM Track,,0,0.0,4,1,1,93,,0.0,C,R,C,C,C,R,C,R,R,R,R,CRCCCRCRRRR,1,1,93,,0.0,0,0,1,0,0,0,0,0,0,I wanted to challenge myself and see if I was able to do it.,"Biology, chemistry, anatomy and physiology.",It was fun! I wish I saw the timer as you scroll as well. ,STEM Track,1,1,,,,,,,,,,,,,,,,,,,,,,,,,,,,,,,,,,,,,,,,,,,,,,,,,,,,,,,,,,,,,,,,,,,,,,,,,,,,,,,,,,,,,,,,,,,,,,,,,,,,,,,,,,,,,,,,,,,,,,,,,,,,,,,,,,,,,,,,,,,,,,,,,,,,,,,,,,,,,,,,,,,,,,,,,,,,,,,,,,,,,,,,,,,,,,,,,,,,,,,,,,,,,,,,,,,,,,,,,,,,,,,,,,,,,,,,,,,,,,,,,,,,,,,,,,,,,,,,,,,,,,,,,,,,,,,,,,,,,,,,,,,,,,,,,,,,,,,,,,,,,,,,,,,,,,,,,,,
94,7fvb5c7k,,0,18,18,Section_7,EndSurvey,2024-09-25 20:19:11.094310,1,,,0.0,,,,,,,,,,,,,,ryu6snyq,,,,,0,Experiment_1_Persistence,https://app.prolific.com/submissions/complete?cc=C1BTHULB,0.0,1.0,94,,0.0,5dd61dcccaee3e5c8b9141cf,1,1,94,,0.0,D,C,A,C,D,,,,,,DCACD_____,0.0,0,0.0,1,1,94,,0.0,noisy,random,positive,Fail,red,35,1,10,Not Sure,1,1,94,,0.0,D,A,A,C,B,D,A,B,C,D,DAACBDABCD,0.9,Non-STEM Track,,0,0.0,10,1,1,94,,0.0,R,R,R,R,R,C,C,C,C,C,C,RRRRRCCCCCC,1,1,94,,0.0,0,0,1,0,1,0,0,0,0,"Because I am not a ""math person,"" I am a language person! ",Paralegal. I'm an analytical person and a linguist. I do not do math very well. I have worked primarily in law firms and legal departments.,"It gave me a greater appreciation for my daughter, who studied applied mathematics in college.",Non-STEM Track,1,1,,,,,,,,,,,,,,,,,,,,,,,,,,,,,,,,,,,,,,,,,,,,,,,,,,,,,,,,,,,,,,,,,,,,,,,,,,,,,,,,,,,,,,,,,,,,,,,,,,,,,,,,,,,,,,,,,,,,,,,,,,,,,,,,,,,,,,,,,,,,,,,,,,,,,,,,,,,,,,,,,,,,,,,,,,,,,,,,,,,,,,,,,,,,,,,,,,,,,,,,,,,,,,,,,,,,,,,,,,,,,,,,,,,,,,,,,,,,,,,,,,,,,,,,,,,,,,,,,,,,,,,,,,,,,,,,,,,,,,,,,,,,,,,,,,,,,,,,,,,,,,,,,,,,,,,,,,,
95,uv1yhwdg,,0,4,18,Section_1,Conclusion,2024-09-25 20:19:11.317349,1,,,0.0,,,,,,,,,,,,,,ryu6snyq,,,,,0,Experiment_1_Persistence,https://app.prolific.com/submissions/complete?cc=C1BTHULB,0.0,1.0,95,,0.0,5d4252914733ca0018ff29d7,1,1,95,,0.0,,,,,,,,,,,__________,0.0,0,0.0,1,1,95,,0.0,,,,,,,,,,1,1,95,,0.0,,,,,,,,,,,,,,,,,,1,1,95,,0.0,,,,,,,,,,,,,1,1,95,,0.0,0,0,0,0,0,0,0,0,0,,,,,1,1,,,,,,,,,,,,,,,,,,,,,,,,,,,,,,,,,,,,,,,,,,,,,,,,,,,,,,,,,,,,,,,,,,,,,,,,,,,,,,,,,,,,,,,,,,,,,,,,,,,,,,,,,,,,,,,,,,,,,,,,,,,,,,,,,,,,,,,,,,,,,,,,,,,,,,,,,,,,,,,,,,,,,,,,,,,,,,,,,,,,,,,,,,,,,,,,,,,,,,,,,,,,,,,,,,,,,,,,,,,,,,,,,,,,,,,,,,,,,,,,,,,,,,,,,,,,,,,,,,,,,,,,,,,,,,,,,,,,,,,,,,,,,,,,,,,,,,,,,,,,,,,,,,,,,,,,,,,
96,e9grzwas,,0,18,18,Section_7,EndSurvey,2024-09-25 20:19:12.745173,1,,,0.0,,,,,,,,,,,,,,ryu6snyq,,,,,0,Experiment_1_Persistence,https://app.prolific.com/submissions/complete?cc=C1BTHULB,0.0,1.0,96,,0.0,666f2488909bc0331b8563e6,1,1,96,,0.0,B,A,,B,B,B,D,C,C,B,BA_BBBDCCB,0.8,0,0.0,1,1,96,,0.0,noisy,random,positive,Pass,black,50,6,6,Pass Box,1,1,96,,0.0,B,D,C,B,A,B,C,A,C,C,BDCBABCACC,0.6,STEM Track,,0,0.0,6,1,1,96,,0.0,R,R,R,R,R,C,C,C,C,C,C,RRRRRCCCCCC,1,1,96,,0.0,0,1,0,0,0,0,0,0,0,Because I am good at math,"Neuroscience, healthcare, medicine",It was good. I wasn't sure if I could use a pen and paper though so I was doing it all in my head. ,STEM Track,1,1,,,,,,,,,,,,,,,,,,,,,,,,,,,,,,,,,,,,,,,,,,,,,,,,,,,,,,,,,,,,,,,,,,,,,,,,,,,,,,,,,,,,,,,,,,,,,,,,,,,,,,,,,,,,,,,,,,,,,,,,,,,,,,,,,,,,,,,,,,,,,,,,,,,,,,,,,,,,,,,,,,,,,,,,,,,,,,,,,,,,,,,,,,,,,,,,,,,,,,,,,,,,,,,,,,,,,,,,,,,,,,,,,,,,,,,,,,,,,,,,,,,,,,,,,,,,,,,,,,,,,,,,,,,,,,,,,,,,,,,,,,,,,,,,,,,,,,,,,,,,,,,,,,,,,,,,,,,
97,n8z78asy,,0,18,18,Section_7,EndSurvey,2024-09-25 20:19:15.010445,1,,,0.0,,,,,,,,,,,,,,ryu6snyq,,,,,0,Experiment_1_Persistence,https://app.prolific.com/submissions/complete?cc=C1BTHULB,0.0,1.0,97,,0.0,6612a67ee493f43db1d23c08,1,1,97,,0.0,A,A,B,D,B,D,A,B,B,C,AABDBDABBC,0.3,0,0.0,1,1,97,,0.0,noisy,random,positive,Pass,black,50,2,3,Pass Box,1,1,97,,0.0,D,B,A,C,B,D,A,B,C,D,DBACBDABCD,1.0,Non-STEM Track,,0,0.0,3,1,1,97,,0.0,R,R,R,R,R,C,C,C,C,C,C,RRRRRCCCCCC,1,1,97,,0.0,0,0,1,0,0,0,0,0,0,based on the first quiz I was not confident I would answer many questions correctly,"math, science, and english",,Non-STEM Track,1,1,,,,,,,,,,,,,,,,,,,,,,,,,,,,,,,,,,,,,,,,,,,,,,,,,,,,,,,,,,,,,,,,,,,,,,,,,,,,,,,,,,,,,,,,,,,,,,,,,,,,,,,,,,,,,,,,,,,,,,,,,,,,,,,,,,,,,,,,,,,,,,,,,,,,,,,,,,,,,,,,,,,,,,,,,,,,,,,,,,,,,,,,,,,,,,,,,,,,,,,,,,,,,,,,,,,,,,,,,,,,,,,,,,,,,,,,,,,,,,,,,,,,,,,,,,,,,,,,,,,,,,,,,,,,,,,,,,,,,,,,,,,,,,,,,,,,,,,,,,,,,,,,,,,,,,,,,,,
98,5d3f6wh1,,0,18,18,Section_7,EndSurvey,2024-09-25 20:19:20.600434,1,,,0.0,,,,,,,,,,,,,,ryu6snyq,,,,,0,Experiment_1_Persistence,https://app.prolific.com/submissions/complete?cc=C1BTHULB,0.0,1.0,98,,0.0,66c75d4ae3999dd3a6ebfb2b,1,1,98,,0.0,C,C,A,C,D,D,B,C,C,C,CCACDDBCCC,0.2,1,8.263,1,1,98,,0.0,noisy,random,ground,Fail,black,5,4,5,Fail Box,1,1,98,,0.0,B,A,D,C,C,B,D,B,B,A,BADCCBDBBA,0.3,STEM Track,,0,0.0,5,1,1,98,,0.0,R,C,C,C,C,C,C,C,C,C,C,RCCCCCCCCCC,1,1,98,,0.0,0,0,1,1,1,0,0,0,0,Wanted another or better chance ,"public health, general education, sales, retail",Scrambled egg brain but was interesting and different ,STEM Track,1,1,,,,,,,,,,,,,,,,,,,,,,,,,,,,,,,,,,,,,,,,,,,,,,,,,,,,,,,,,,,,,,,,,,,,,,,,,,,,,,,,,,,,,,,,,,,,,,,,,,,,,,,,,,,,,,,,,,,,,,,,,,,,,,,,,,,,,,,,,,,,,,,,,,,,,,,,,,,,,,,,,,,,,,,,,,,,,,,,,,,,,,,,,,,,,,,,,,,,,,,,,,,,,,,,,,,,,,,,,,,,,,,,,,,,,,,,,,,,,,,,,,,,,,,,,,,,,,,,,,,,,,,,,,,,,,,,,,,,,,,,,,,,,,,,,,,,,,,,,,,,,,,,,,,,,,,,,,,
99,ro6wvyqt,,0,18,18,Section_7,EndSurvey,2024-09-25 20:19:33.224703,1,,,0.0,,,,,,,,,,,,,,ryu6snyq,,,,,0,Experiment_1_Persistence,https://app.prolific.com/submissions/complete?cc=C1BTHULB,0.0,1.0,99,,0.0,66f345d99f77fd011b0d1e10,1,1,99,,0.0,,,,,,,,,,,__________,0.0,0,0.0,1,1,99,,0.0,noisy,random,negative,Fail,black,40,6,7,Fail Box,1,1,99,,0.0,,,,,,,,,,,__________,0.0,STEM Track,,0,0.0,7,1,1,99,,0.0,R,R,R,C,C,C,C,C,C,C,C,RRRCCCCCCCC,1,1,99,,0.0,0,0,0,0,0,0,1,0,0,To try my luck,Computer Science.  ,stressed,STEM Track,1,1,,,,,,,,,,,,,,,,,,,,,,,,,,,,,,,,,,,,,,,,,,,,,,,,,,,,,,,,,,,,,,,,,,,,,,,,,,,,,,,,,,,,,,,,,,,,,,,,,,,,,,,,,,,,,,,,,,,,,,,,,,,,,,,,,,,,,,,,,,,,,,,,,,,,,,,,,,,,,,,,,,,,,,,,,,,,,,,,,,,,,,,,,,,,,,,,,,,,,,,,,,,,,,,,,,,,,,,,,,,,,,,,,,,,,,,,,,,,,,,,,,,,,,,,,,,,,,,,,,,,,,,,,,,,,,,,,,,,,,,,,,,,,,,,,,,,,,,,,,,,,,,,,,,,,,,,,,,
100,wdlbdife,,0,18,18,Section_7,EndSurvey,2024-09-25 20:19:37.173780,1,,,0.0,,,,,,,,,,,,,,ryu6snyq,,,,,0,Experiment_1_Persistence,https://app.prolific.com/submissions/complete?cc=C1BTHULB,0.0,1.0,100,,0.0,610971868fe9338237d6b193,1,1,100,,0.0,C,C,B,C,B,B,C,D,B,A,CCBCBBCDBA,0.2,1,1.224,1,1,100,,0.0,noisy,random,positive,Fail,red,50,5,6,Pass Box,1,1,100,,0.0,B,C,B,C,C,D,C,A,D,,BCBCCDCAD_,0.4,STEM Track,,0,0.0,6,1,1,100,,0.0,R,R,R,R,C,C,C,C,C,C,C,RRRRCCCCCCC,1,1,100,,0.0,0,0,1,0,0,0,0,0,0,I wanted another chance to try and get questions right,Art and history,I struggled because I haven't done a math problem since I was in school,STEM Track,1,1,,,,,,,,,,,,,,,,,,,,,,,,,,,,,,,,,,,,,,,,,,,,,,,,,,,,,,,,,,,,,,,,,,,,,,,,,,,,,,,,,,,,,,,,,,,,,,,,,,,,,,,,,,,,,,,,,,,,,,,,,,,,,,,,,,,,,,,,,,,,,,,,,,,,,,,,,,,,,,,,,,,,,,,,,,,,,,,,,,,,,,,,,,,,,,,,,,,,,,,,,,,,,,,,,,,,,,,,,,,,,,,,,,,,,,,,,,,,,,,,,,,,,,,,,,,,,,,,,,,,,,,,,,,,,,,,,,,,,,,,,,,,,,,,,,,,,,,,,,,,,,,,,,,,,,,,,,,
101,bvxicn3y,,0,4,18,Section_1,Conclusion,2024-09-25 20:19:48.399559,1,,,0.0,,,,,,,,,,,,,,ryu6snyq,,,,,0,Experiment_1_Persistence,https://app.prolific.com/submissions/complete?cc=C1BTHULB,0.0,1.0,101,,0.0,5da2797f2e89480012ef40cb,1,1,101,,0.0,,,,,,,,,,,__________,0.0,0,0.0,1,1,101,,0.0,,,,,,,,,,1,1,101,,0.0,,,,,,,,,,,,,,,,,,1,1,101,,0.0,,,,,,,,,,,,,1,1,101,,0.0,0,0,0,0,0,0,0,0,0,,,,,1,1,,,,,,,,,,,,,,,,,,,,,,,,,,,,,,,,,,,,,,,,,,,,,,,,,,,,,,,,,,,,,,,,,,,,,,,,,,,,,,,,,,,,,,,,,,,,,,,,,,,,,,,,,,,,,,,,,,,,,,,,,,,,,,,,,,,,,,,,,,,,,,,,,,,,,,,,,,,,,,,,,,,,,,,,,,,,,,,,,,,,,,,,,,,,,,,,,,,,,,,,,,,,,,,,,,,,,,,,,,,,,,,,,,,,,,,,,,,,,,,,,,,,,,,,,,,,,,,,,,,,,,,,,,,,,,,,,,,,,,,,,,,,,,,,,,,,,,,,,,,,,,,,,,,,,,,,,,,
102,kwbudm0x,,0,18,18,Section_7,EndSurvey,2024-09-25 20:20:11.319569,1,,,0.0,,,,,,,,,,,,,,ryu6snyq,,,,,0,Experiment_1_Persistence,https://app.prolific.com/submissions/complete?cc=C1BTHULB,0.0,1.0,102,,0.0,6598a694e91b332d5e90d9a6,1,1,102,,0.0,B,C,B,D,A,B,D,,,,BCBDABD___,0.2,0,0.0,1,1,102,,0.0,noisy,random,positive,Pass,black,5,1,0,Pass Box,1,1,102,,0.0,B,B,C,D,B,D,C,A,C,A,BBCDBDCACA,0.5,STEM Track,,0,0.0,0,1,1,102,,0.0,R,R,R,R,R,C,C,C,C,C,C,RRRRRCCCCCC,1,1,102,,0.0,0,1,0,0,0,0,0,0,0,Because the prompt stated that to pass and receive the $2 bonus I had to answer at least 0 questions correctly thus the bonus is guaranteed,Studied finance in college and worked in corporate finance for most of my career,"These math problems were extremely humbling. I oddly felt sharper the second STEM test, but still developing a headache...",STEM Track,1,1,,,,,,,,,,,,,,,,,,,,,,,,,,,,,,,,,,,,,,,,,,,,,,,,,,,,,,,,,,,,,,,,,,,,,,,,,,,,,,,,,,,,,,,,,,,,,,,,,,,,,,,,,,,,,,,,,,,,,,,,,,,,,,,,,,,,,,,,,,,,,,,,,,,,,,,,,,,,,,,,,,,,,,,,,,,,,,,,,,,,,,,,,,,,,,,,,,,,,,,,,,,,,,,,,,,,,,,,,,,,,,,,,,,,,,,,,,,,,,,,,,,,,,,,,,,,,,,,,,,,,,,,,,,,,,,,,,,,,,,,,,,,,,,,,,,,,,,,,,,,,,,,,,,,,,,,,,,
103,gujiws6y,,0,18,18,Section_7,EndSurvey,2024-09-25 20:20:14.721437,1,,,0.0,,,,,,,,,,,,,,ryu6snyq,,,,,0,Experiment_1_Persistence,https://app.prolific.com/submissions/complete?cc=C1BTHULB,0.0,1.0,103,,0.0,5c7dcd11f066ff001568e56a,1,1,103,,0.0,A,A,C,B,B,B,D,C,C,B,AACBBBDCCB,1.0,0,0.0,1,1,103,,0.0,noisy,random,negative,Pass,red,75,6,6,Pass Box,1,1,103,,0.0,B,C,C,C,A,D,C,A,B,C,BCCCADCABC,0.8,STEM Track,,0,0.0,6,1,1,103,,0.0,R,R,R,R,R,C,C,C,C,C,C,RRRRRCCCCCC,1,1,103,,0.0,0,0,1,0,0,0,0,0,0,I just kinda like doing math problems and I wasn't sure what the other types of problems would be.,"I took a lot of math, science, computer science classes in school. I've mostly worked in customer service.",Everything went well.,STEM Track,1,1,,,,,,,,,,,,,,,,,,,,,,,,,,,,,,,,,,,,,,,,,,,,,,,,,,,,,,,,,,,,,,,,,,,,,,,,,,,,,,,,,,,,,,,,,,,,,,,,,,,,,,,,,,,,,,,,,,,,,,,,,,,,,,,,,,,,,,,,,,,,,,,,,,,,,,,,,,,,,,,,,,,,,,,,,,,,,,,,,,,,,,,,,,,,,,,,,,,,,,,,,,,,,,,,,,,,,,,,,,,,,,,,,,,,,,,,,,,,,,,,,,,,,,,,,,,,,,,,,,,,,,,,,,,,,,,,,,,,,,,,,,,,,,,,,,,,,,,,,,,,,,,,,,,,,,,,,,,
104,577oqaan,,0,4,18,Section_1,Conclusion,2024-09-25 20:20:17.521058,1,,,0.0,,,,,,,,,,,,,,ryu6snyq,,,,,0,Experiment_1_Persistence,https://app.prolific.com/submissions/complete?cc=C1BTHULB,0.0,1.0,104,,0.0,6616e7d71436c14dcd9f764d,1,1,104,,0.0,A,B,B,C,C,D,,,,,ABBCCD____,0.1,0,0.0,1,1,104,,0.0,,,,,,,,,,1,1,104,,0.0,,,,,,,,,,,,,,,,,,1,1,104,,0.0,,,,,,,,,,,,,1,1,104,,0.0,0,0,0,0,0,0,0,0,0,,,,,1,1,,,,,,,,,,,,,,,,,,,,,,,,,,,,,,,,,,,,,,,,,,,,,,,,,,,,,,,,,,,,,,,,,,,,,,,,,,,,,,,,,,,,,,,,,,,,,,,,,,,,,,,,,,,,,,,,,,,,,,,,,,,,,,,,,,,,,,,,,,,,,,,,,,,,,,,,,,,,,,,,,,,,,,,,,,,,,,,,,,,,,,,,,,,,,,,,,,,,,,,,,,,,,,,,,,,,,,,,,,,,,,,,,,,,,,,,,,,,,,,,,,,,,,,,,,,,,,,,,,,,,,,,,,,,,,,,,,,,,,,,,,,,,,,,,,,,,,,,,,,,,,,,,,,,,,,,,,,
105,ndjm1fnz,,0,18,18,Section_7,EndSurvey,2024-09-25 20:20:22.411719,1,,,0.0,,,,,,,,,,,,,,ryu6snyq,,,,,0,Experiment_1_Persistence,https://app.prolific.com/submissions/complete?cc=C1BTHULB,0.0,1.0,105,,0.0,66ed4ad69a1dfd682aaa0fbd,1,1,105,,0.0,D,C,B,C,D,C,A,B,C,A,DCBCDCABCA,0.1,0,0.0,1,1,105,,0.0,noisy,random,negative,Fail,red,50,3,7,Pass Box,1,1,105,,0.0,A,A,A,B,A,A,D,B,B,A,AAABAADBBA,0.3,STEM Track,,0,0.0,7,1,1,105,,0.0,R,R,R,R,R,R,C,C,C,C,C,RRRRRRCCCCC,1,1,105,,0.0,0,0,1,1,1,0,0,0,0,To earn a bonus.,Regents classes. Healthcare.,I do not like math ,STEM Track,1,1,,,,,,,,,,,,,,,,,,,,,,,,,,,,,,,,,,,,,,,,,,,,,,,,,,,,,,,,,,,,,,,,,,,,,,,,,,,,,,,,,,,,,,,,,,,,,,,,,,,,,,,,,,,,,,,,,,,,,,,,,,,,,,,,,,,,,,,,,,,,,,,,,,,,,,,,,,,,,,,,,,,,,,,,,,,,,,,,,,,,,,,,,,,,,,,,,,,,,,,,,,,,,,,,,,,,,,,,,,,,,,,,,,,,,,,,,,,,,,,,,,,,,,,,,,,,,,,,,,,,,,,,,,,,,,,,,,,,,,,,,,,,,,,,,,,,,,,,,,,,,,,,,,,,,,,,,,,
106,ju7r1sls,,0,18,18,Section_7,EndSurvey,2024-09-25 20:20:31.334492,1,,,0.0,,,,,,,,,,,,,,ryu6snyq,,,,,0,Experiment_1_Persistence,https://app.prolific.com/submissions/complete?cc=C1BTHULB,0.0,1.0,106,,0.0,66c4c510b1e6550705cf95fd,1,1,106,,0.0,A,A,A,B,B,B,D,C,C,A,AAABBBDCCA,0.8,0,0.0,1,1,106,,0.0,noisy,random,negative,Pass,red,70,7,6,Pass Box,1,1,106,,0.0,B,A,B,C,D,D,B,C,B,B,BABCDDBCBB,0.4,STEM Track,,0,0.0,6,1,1,106,,0.0,R,R,C,C,C,C,C,C,C,C,C,RRCCCCCCCCC,1,1,106,,0.0,0,0,1,1,1,0,0,0,0,"I thought it was interesting, and i wanted to try more.","Art, and Communications","Good? I thought that last part of asking if i wanted a 50% chance of winning $10, or a guarantee of $10 was funny.",STEM Track,1,1,,,,,,,,,,,,,,,,,,,,,,,,,,,,,,,,,,,,,,,,,,,,,,,,,,,,,,,,,,,,,,,,,,,,,,,,,,,,,,,,,,,,,,,,,,,,,,,,,,,,,,,,,,,,,,,,,,,,,,,,,,,,,,,,,,,,,,,,,,,,,,,,,,,,,,,,,,,,,,,,,,,,,,,,,,,,,,,,,,,,,,,,,,,,,,,,,,,,,,,,,,,,,,,,,,,,,,,,,,,,,,,,,,,,,,,,,,,,,,,,,,,,,,,,,,,,,,,,,,,,,,,,,,,,,,,,,,,,,,,,,,,,,,,,,,,,,,,,,,,,,,,,,,,,,,,,,,,
107,teovjwy7,,0,18,18,Section_7,EndSurvey,2024-09-25 20:20:36.458313,1,,,0.0,,,,,,,,,,,,,,ryu6snyq,,,,,0,Experiment_1_Persistence,https://app.prolific.com/submissions/complete?cc=C1BTHULB,0.0,1.0,107,,0.0,5b87dd09019cf60001a115b3,1,1,107,,0.0,D,C,D,C,A,C,C,A,A,A,DCDCACCAAA,0.0,1,0.328,1,1,107,,0.0,noisy,random,negative,Fail,black,20,1,2,Fail Box,1,1,107,,0.0,C,B,C,B,C,D,C,C,B,B,CBCBCDCCBB,0.4,STEM Track,,0,0.0,2,1,1,107,,0.0,R,R,R,R,R,C,C,C,C,C,C,RRRRRCCCCCC,1,1,107,,0.0,0,0,1,0,0,0,0,0,0,I figured I'd try to earn the bonus,Massage Therapy,It made me think about how poor I am at math.,STEM Track,1,1,,,,,,,,,,,,,,,,,,,,,,,,,,,,,,,,,,,,,,,,,,,,,,,,,,,,,,,,,,,,,,,,,,,,,,,,,,,,,,,,,,,,,,,,,,,,,,,,,,,,,,,,,,,,,,,,,,,,,,,,,,,,,,,,,,,,,,,,,,,,,,,,,,,,,,,,,,,,,,,,,,,,,,,,,,,,,,,,,,,,,,,,,,,,,,,,,,,,,,,,,,,,,,,,,,,,,,,,,,,,,,,,,,,,,,,,,,,,,,,,,,,,,,,,,,,,,,,,,,,,,,,,,,,,,,,,,,,,,,,,,,,,,,,,,,,,,,,,,,,,,,,,,,,,,,,,,,,
108,w0fgiirb,,0,18,18,Section_7,EndSurvey,2024-09-25 20:20:52.870063,1,,,0.0,,,,,,,,,,,,,,ryu6snyq,,,,,0,Experiment_1_Persistence,https://app.prolific.com/submissions/complete?cc=C1BTHULB,0.0,1.0,108,,0.0,66f1fcdc934638c50f5bdfc2,1,1,108,,0.0,D,A,B,C,B,B,,,,,DABCBB____,0.3,0,0.0,1,1,108,,0.0,noisy,random,negative,Fail,red,60,4,5,Fail Box,1,1,108,,0.0,D,B,A,C,B,D,A,B,C,D,DBACBDABCD,1.0,Non-STEM Track,,0,0.0,5,1,1,108,,0.0,R,R,R,R,C,C,C,C,C,C,C,RRRRCCCCCCC,1,1,108,,0.0,1,0,0,0,0,0,1,0,0,"I haven't completed math problems of the kind presented in part I in years, and I feel I need a refresher in order to do well on the STEM track.","Studied in school: Psychology, Statistics  Industries: Social service",It would be helpful to have more time for part I,Non-STEM Track,1,1,,,,,,,,,,,,,,,,,,,,,,,,,,,,,,,,,,,,,,,,,,,,,,,,,,,,,,,,,,,,,,,,,,,,,,,,,,,,,,,,,,,,,,,,,,,,,,,,,,,,,,,,,,,,,,,,,,,,,,,,,,,,,,,,,,,,,,,,,,,,,,,,,,,,,,,,,,,,,,,,,,,,,,,,,,,,,,,,,,,,,,,,,,,,,,,,,,,,,,,,,,,,,,,,,,,,,,,,,,,,,,,,,,,,,,,,,,,,,,,,,,,,,,,,,,,,,,,,,,,,,,,,,,,,,,,,,,,,,,,,,,,,,,,,,,,,,,,,,,,,,,,,,,,,,,,,,,,
109,tzisz956,,0,18,18,Section_7,EndSurvey,2024-09-25 20:20:54.748922,1,,,0.0,,,,,,,,,,,,,,ryu6snyq,,,,,0,Experiment_1_Persistence,https://app.prolific.com/submissions/complete?cc=C1BTHULB,0.0,1.0,109,,0.0,65fb35ee38c24ea27c017846,1,1,109,,0.0,D,C,C,A,B,A,B,B,A,B,DCCABABBAB,0.3,0,0.0,1,1,109,,0.0,noisy,random,negative,Pass,red,30,3,3,Pass Box,1,1,109,,0.0,D,B,A,C,B,D,A,B,C,D,DBACBDABCD,1.0,Non-STEM Track,,0,0.0,3,1,1,109,,0.0,R,R,R,R,R,R,C,C,C,C,C,RRRRRRCCCCC,1,1,109,,0.0,0,0,1,0,0,0,0,0,0,easier,"art, language",good,Non-STEM Track,1,1,,,,,,,,,,,,,,,,,,,,,,,,,,,,,,,,,,,,,,,,,,,,,,,,,,,,,,,,,,,,,,,,,,,,,,,,,,,,,,,,,,,,,,,,,,,,,,,,,,,,,,,,,,,,,,,,,,,,,,,,,,,,,,,,,,,,,,,,,,,,,,,,,,,,,,,,,,,,,,,,,,,,,,,,,,,,,,,,,,,,,,,,,,,,,,,,,,,,,,,,,,,,,,,,,,,,,,,,,,,,,,,,,,,,,,,,,,,,,,,,,,,,,,,,,,,,,,,,,,,,,,,,,,,,,,,,,,,,,,,,,,,,,,,,,,,,,,,,,,,,,,,,,,,,,,,,,,,
110,mvdtg1b4,,0,18,18,Section_7,EndSurvey,2024-09-25 20:21:00.562144,1,,,0.0,,,,,,,,,,,,,,ryu6snyq,,,,,0,Experiment_1_Persistence,https://app.prolific.com/submissions/complete?cc=C1BTHULB,0.0,1.0,110,,0.0,5bad4be8b712f30001b87947,1,1,110,,0.0,D,B,D,C,C,A,A,C,B,B,DBDCCAACBB,0.2,0,0.0,1,1,110,,0.0,noisy,random,positive,Pass,black,0,2,1,Pass Box,1,1,110,,0.0,B,C,D,B,B,B,C,C,,,BCDBBBCC__,0.2,STEM Track,,0,0.0,1,1,1,110,,0.0,R,R,R,R,C,C,C,C,C,C,C,RRRRCCCCCCC,1,1,110,,0.0,0,0,1,0,0,0,0,0,0,I got another chance at solving problems. ,Some Algebra and basic math.,Easy instructions.,STEM Track,1,1,,,,,,,,,,,,,,,,,,,,,,,,,,,,,,,,,,,,,,,,,,,,,,,,,,,,,,,,,,,,,,,,,,,,,,,,,,,,,,,,,,,,,,,,,,,,,,,,,,,,,,,,,,,,,,,,,,,,,,,,,,,,,,,,,,,,,,,,,,,,,,,,,,,,,,,,,,,,,,,,,,,,,,,,,,,,,,,,,,,,,,,,,,,,,,,,,,,,,,,,,,,,,,,,,,,,,,,,,,,,,,,,,,,,,,,,,,,,,,,,,,,,,,,,,,,,,,,,,,,,,,,,,,,,,,,,,,,,,,,,,,,,,,,,,,,,,,,,,,,,,,,,,,,,,,,,,,,
111,mds9kdng,,0,18,18,Section_7,EndSurvey,2024-09-25 20:21:05.633908,1,,,0.0,,,,,,,,,,,,,,ryu6snyq,,,,,0,Experiment_1_Persistence,https://app.prolific.com/submissions/complete?cc=C1BTHULB,0.0,1.0,111,,0.0,65591ffa6dea856e0bacff84,1,1,111,,0.0,B,C,A,A,B,B,D,B,C,C,BCAABBDBCC,0.4,0,0.0,1,1,111,,0.0,noisy,random,ground,Pass,red,10,2,2,Pass Box,1,1,111,,0.0,D,B,A,C,B,D,A,B,C,D,DBACBDABCD,1.0,Non-STEM Track,,0,0.0,2,1,1,111,,0.0,R,R,R,R,R,R,R,R,C,C,C,RRRRRRRRCCC,1,1,111,,0.0,0,0,1,0,0,0,0,0,0,I am much better in most subjects that aren't math,English and Business ,"It was cool, I enjoyed this survey a lot more than most to be honest.",Non-STEM Track,1,1,,,,,,,,,,,,,,,,,,,,,,,,,,,,,,,,,,,,,,,,,,,,,,,,,,,,,,,,,,,,,,,,,,,,,,,,,,,,,,,,,,,,,,,,,,,,,,,,,,,,,,,,,,,,,,,,,,,,,,,,,,,,,,,,,,,,,,,,,,,,,,,,,,,,,,,,,,,,,,,,,,,,,,,,,,,,,,,,,,,,,,,,,,,,,,,,,,,,,,,,,,,,,,,,,,,,,,,,,,,,,,,,,,,,,,,,,,,,,,,,,,,,,,,,,,,,,,,,,,,,,,,,,,,,,,,,,,,,,,,,,,,,,,,,,,,,,,,,,,,,,,,,,,,,,,,,,,,
112,7d3s55ei,,0,18,18,Section_7,EndSurvey,2024-09-25 20:21:11.917755,1,,,0.0,,,,,,,,,,,,,,ryu6snyq,,,,,0,Experiment_1_Persistence,https://app.prolific.com/submissions/complete?cc=C1BTHULB,0.0,1.0,112,,0.0,5d321a7348bf98001646aeb2,1,1,112,,0.0,B,C,B,D,C,C,B,C,A,A,BCBDCCBCAA,0.1,0,0.0,1,1,112,,0.0,noisy,random,ground,Fail,black,50,0,5,Fail Box,1,1,112,,0.0,D,B,A,C,B,D,A,B,C,D,DBACBDABCD,1.0,Non-STEM Track,,0,0.0,5,1,1,112,,0.0,R,R,R,R,R,R,R,C,C,C,C,RRRRRRRCCCC,1,1,112,,0.0,0,0,1,0,0,0,0,0,0,I am horrible at math and don't remember any of that type math.,Just your basic high school classes,It was fine.,Non-STEM Track,1,1,,,,,,,,,,,,,,,,,,,,,,,,,,,,,,,,,,,,,,,,,,,,,,,,,,,,,,,,,,,,,,,,,,,,,,,,,,,,,,,,,,,,,,,,,,,,,,,,,,,,,,,,,,,,,,,,,,,,,,,,,,,,,,,,,,,,,,,,,,,,,,,,,,,,,,,,,,,,,,,,,,,,,,,,,,,,,,,,,,,,,,,,,,,,,,,,,,,,,,,,,,,,,,,,,,,,,,,,,,,,,,,,,,,,,,,,,,,,,,,,,,,,,,,,,,,,,,,,,,,,,,,,,,,,,,,,,,,,,,,,,,,,,,,,,,,,,,,,,,,,,,,,,,,,,,,,,,,
113,jxzwl2u2,,0,18,18,Section_7,EndSurvey,2024-09-25 20:21:22.678145,1,,,0.0,,,,,,,,,,,,,,ryu6snyq,,,,,0,Experiment_1_Persistence,https://app.prolific.com/submissions/complete?cc=C1BTHULB,0.0,1.0,113,,0.0,6629a194aff94667d3c1cee5,1,1,113,,0.0,D,A,B,C,D,B,B,C,C,C,DABCDBBCCC,0.4,0,0.0,1,1,113,,0.0,noisy,random,positive,Pass,red,2,2,2,Fail Box,1,1,113,,0.0,D,B,A,C,B,D,A,B,C,D,DBACBDABCD,1.0,Non-STEM Track,,0,0.0,2,1,1,113,,0.0,R,R,R,R,C,C,C,C,C,C,C,RRRRCCCCCCC,1,1,113,,0.0,0,1,0,0,0,0,0,0,0,"I am not good at STEM, and I don't enjoy it.  ","math, science, ela, history.  I worked in education.",The math questions stressed me out.  ,Non-STEM Track,1,1,,,,,,,,,,,,,,,,,,,,,,,,,,,,,,,,,,,,,,,,,,,,,,,,,,,,,,,,,,,,,,,,,,,,,,,,,,,,,,,,,,,,,,,,,,,,,,,,,,,,,,,,,,,,,,,,,,,,,,,,,,,,,,,,,,,,,,,,,,,,,,,,,,,,,,,,,,,,,,,,,,,,,,,,,,,,,,,,,,,,,,,,,,,,,,,,,,,,,,,,,,,,,,,,,,,,,,,,,,,,,,,,,,,,,,,,,,,,,,,,,,,,,,,,,,,,,,,,,,,,,,,,,,,,,,,,,,,,,,,,,,,,,,,,,,,,,,,,,,,,,,,,,,,,,,,,,,,
114,yded3vl8,,0,18,18,Section_7,EndSurvey,2024-09-25 20:21:36.666454,1,,,0.0,,,,,,,,,,,,,,ryu6snyq,,,,,0,Experiment_1_Persistence,https://app.prolific.com/submissions/complete?cc=C1BTHULB,0.0,1.0,114,,0.0,66c6d6e031937c73ad6848b3,1,1,114,,0.0,B,A,C,B,C,B,A,D,B,B,BACBCBADBB,0.5,0,0.0,1,1,114,,0.0,noisy,random,positive,Pass,black,1,1,2,Pass Box,1,1,114,,0.0,D,B,A,C,B,D,A,B,C,D,DBACBDABCD,1.0,Non-STEM Track,,0,0.0,2,1,1,114,,0.0,R,R,R,R,R,R,C,C,C,C,C,RRRRRRCCCCC,1,1,114,,0.0,0,0,1,0,0,0,0,0,0,Because I know I didn't do well on the math questions.,Computer code and database administration.,I haven't done math in years and it was completely foreign to me!,Non-STEM Track,1,1,,,,,,,,,,,,,,,,,,,,,,,,,,,,,,,,,,,,,,,,,,,,,,,,,,,,,,,,,,,,,,,,,,,,,,,,,,,,,,,,,,,,,,,,,,,,,,,,,,,,,,,,,,,,,,,,,,,,,,,,,,,,,,,,,,,,,,,,,,,,,,,,,,,,,,,,,,,,,,,,,,,,,,,,,,,,,,,,,,,,,,,,,,,,,,,,,,,,,,,,,,,,,,,,,,,,,,,,,,,,,,,,,,,,,,,,,,,,,,,,,,,,,,,,,,,,,,,,,,,,,,,,,,,,,,,,,,,,,,,,,,,,,,,,,,,,,,,,,,,,,,,,,,,,,,,,,,,
115,ivzli1z4,,0,18,18,Section_7,EndSurvey,2024-09-25 20:21:39.534645,1,,,0.0,,,,,,,,,,,,,,ryu6snyq,,,,,0,Experiment_1_Persistence,https://app.prolific.com/submissions/complete?cc=C1BTHULB,0.0,1.0,115,,0.0,6632e29a99699a0b259f5cdb,1,1,115,,0.0,B,C,D,A,C,D,C,A,C,C,BCDACDCACC,0.1,0,0.0,1,1,115,,0.0,noisy,random,positive,Pass,red,40,0,1,Fail Box,1,1,115,,0.0,D,B,A,C,B,D,A,B,C,D,DBACBDABCD,1.0,Non-STEM Track,,0,0.0,1,1,1,115,,0.0,R,R,R,R,C,C,C,C,C,C,C,RRRRCCCCCCC,1,1,115,,0.0,0,0,1,0,0,0,0,0,0,I am not good at math,psychology,the stem questions were hard,Non-STEM Track,1,1,,,,,,,,,,,,,,,,,,,,,,,,,,,,,,,,,,,,,,,,,,,,,,,,,,,,,,,,,,,,,,,,,,,,,,,,,,,,,,,,,,,,,,,,,,,,,,,,,,,,,,,,,,,,,,,,,,,,,,,,,,,,,,,,,,,,,,,,,,,,,,,,,,,,,,,,,,,,,,,,,,,,,,,,,,,,,,,,,,,,,,,,,,,,,,,,,,,,,,,,,,,,,,,,,,,,,,,,,,,,,,,,,,,,,,,,,,,,,,,,,,,,,,,,,,,,,,,,,,,,,,,,,,,,,,,,,,,,,,,,,,,,,,,,,,,,,,,,,,,,,,,,,,,,,,,,,,,
116,kn7t2ixv,,0,18,18,Section_7,EndSurvey,2024-09-25 20:21:44.924340,1,,,0.0,,,,,,,,,,,,,,ryu6snyq,,,,,0,Experiment_1_Persistence,https://app.prolific.com/submissions/complete?cc=C1BTHULB,0.0,1.0,116,,0.0,5f6d434b44cd121bbb5179dc,1,1,116,,0.0,D,A,A,C,D,A,D,A,B,B,DAACDADABB,0.3,0,0.0,1,1,116,,0.0,noisy,random,ground,Pass,red,56,3,3,Pass Box,1,1,116,,0.0,B,D,D,A,A,D,C,A,C,C,BDDAADCACC,0.7,STEM Track,,0,0.0,3,1,1,116,,0.0,R,R,R,R,R,C,C,C,C,C,C,RRRRRCCCCCC,1,1,116,,0.0,0,0,1,0,0,0,0,0,0,"I enjoy more technical subjects, but not necessarily doing this type of math in my head.",Music/Architecture/IT,Frustrating but good.,STEM Track,1,1,,,,,,,,,,,,,,,,,,,,,,,,,,,,,,,,,,,,,,,,,,,,,,,,,,,,,,,,,,,,,,,,,,,,,,,,,,,,,,,,,,,,,,,,,,,,,,,,,,,,,,,,,,,,,,,,,,,,,,,,,,,,,,,,,,,,,,,,,,,,,,,,,,,,,,,,,,,,,,,,,,,,,,,,,,,,,,,,,,,,,,,,,,,,,,,,,,,,,,,,,,,,,,,,,,,,,,,,,,,,,,,,,,,,,,,,,,,,,,,,,,,,,,,,,,,,,,,,,,,,,,,,,,,,,,,,,,,,,,,,,,,,,,,,,,,,,,,,,,,,,,,,,,,,,,,,,,,
117,9qko2jzw,,0,18,18,Section_7,EndSurvey,2024-09-25 20:21:54.436205,1,,,0.0,,,,,,,,,,,,,,ryu6snyq,,,,,0,Experiment_1_Persistence,https://app.prolific.com/submissions/complete?cc=C1BTHULB,0.0,1.0,117,,0.0,66cabbb148729ce025dac559,1,1,117,,0.0,B,C,B,A,A,C,A,D,A,B,BCBAACADAB,0.1,0,0.0,1,1,117,,0.0,noisy,random,positive,Fail,red,50,3,2,Fail Box,1,1,117,,0.0,B,B,B,C,A,B,B,C,C,B,BBBCABBCCB,0.2,STEM Track,,0,0.0,2,1,1,117,,0.0,R,R,R,R,R,R,R,C,C,C,C,RRRRRRRCCCC,1,1,117,,0.0,0,0,1,0,0,0,0,0,0,To get the opportunity to try more questions and gauge my memory.,Biological science  Zoology  Botany,I am happy to carry out the task it has reminded me some of the mathematics questions.,STEM Track,1,1,,,,,,,,,,,,,,,,,,,,,,,,,,,,,,,,,,,,,,,,,,,,,,,,,,,,,,,,,,,,,,,,,,,,,,,,,,,,,,,,,,,,,,,,,,,,,,,,,,,,,,,,,,,,,,,,,,,,,,,,,,,,,,,,,,,,,,,,,,,,,,,,,,,,,,,,,,,,,,,,,,,,,,,,,,,,,,,,,,,,,,,,,,,,,,,,,,,,,,,,,,,,,,,,,,,,,,,,,,,,,,,,,,,,,,,,,,,,,,,,,,,,,,,,,,,,,,,,,,,,,,,,,,,,,,,,,,,,,,,,,,,,,,,,,,,,,,,,,,,,,,,,,,,,,,,,,,,
118,favvc4mf,,0,18,18,Section_7,EndSurvey,2024-09-25 20:22:11.138710,1,,,0.0,,,,,,,,,,,,,,ryu6snyq,,,,,0,Experiment_1_Persistence,https://app.prolific.com/submissions/complete?cc=C1BTHULB,0.0,1.0,118,,0.0,66eb689a046e6268ffd125a9,1,1,118,,0.0,C,A,B,C,B,B,D,B,C,A,CABCBBDBCA,0.5,0,0.0,1,1,118,,0.0,noisy,random,ground,Fail,black,62,4,7,Fail Box,1,1,118,,0.0,D,B,A,C,D,D,A,B,C,C,DBACDDABCC,0.8,Non-STEM Track,,0,0.0,7,1,1,118,,0.0,R,R,R,R,R,C,C,C,C,C,C,RRRRRCCCCCC,1,1,118,,0.0,0,0,1,0,0,0,0,0,0,"i didnt feel confident in my stem answers in a short period of time, given more time i would feel confident with the stem questions",mechanical engineering ,"i liked it, being out of college for a couple years, my stem skills definitely went lower ",Non-STEM Track,1,1,,,,,,,,,,,,,,,,,,,,,,,,,,,,,,,,,,,,,,,,,,,,,,,,,,,,,,,,,,,,,,,,,,,,,,,,,,,,,,,,,,,,,,,,,,,,,,,,,,,,,,,,,,,,,,,,,,,,,,,,,,,,,,,,,,,,,,,,,,,,,,,,,,,,,,,,,,,,,,,,,,,,,,,,,,,,,,,,,,,,,,,,,,,,,,,,,,,,,,,,,,,,,,,,,,,,,,,,,,,,,,,,,,,,,,,,,,,,,,,,,,,,,,,,,,,,,,,,,,,,,,,,,,,,,,,,,,,,,,,,,,,,,,,,,,,,,,,,,,,,,,,,,,,,,,,,,,,
119,mq9juvyj,,0,18,18,Section_7,EndSurvey,2024-09-25 20:22:31.373268,1,,,0.0,,,,,,,,,,,,,,ryu6snyq,,,,,0,Experiment_1_Persistence,https://app.prolific.com/submissions/complete?cc=C1BTHULB,0.0,1.0,119,,0.0,66798b8a34a8b245d6641de9,1,1,119,,0.0,,,,,,,,,,,__________,0.0,0,0.0,1,1,119,,0.0,noisy,random,positive,Fail,red,25,2,4,Fail Box,1,1,119,,0.0,D,B,A,C,B,A,A,C,C,B,DBACBAACCB,0.7,Non-STEM Track,,0,0.0,4,1,1,119,,0.0,R,R,R,R,R,R,R,R,R,R,R,RRRRRRRRRRR,1,1,119,,0.0,0,0,1,0,0,0,0,0,0,It has been a while since I have been to college.,Biology. I took calculus but I do not use it in my current career. ,I liked it. It showed me I need to go back and study up my math. ,Non-STEM Track,1,1,,,,,,,,,,,,,,,,,,,,,,,,,,,,,,,,,,,,,,,,,,,,,,,,,,,,,,,,,,,,,,,,,,,,,,,,,,,,,,,,,,,,,,,,,,,,,,,,,,,,,,,,,,,,,,,,,,,,,,,,,,,,,,,,,,,,,,,,,,,,,,,,,,,,,,,,,,,,,,,,,,,,,,,,,,,,,,,,,,,,,,,,,,,,,,,,,,,,,,,,,,,,,,,,,,,,,,,,,,,,,,,,,,,,,,,,,,,,,,,,,,,,,,,,,,,,,,,,,,,,,,,,,,,,,,,,,,,,,,,,,,,,,,,,,,,,,,,,,,,,,,,,,,,,,,,,,,,
120,uck7qfqf,,0,18,18,Section_7,EndSurvey,2024-09-25 20:22:38.073641,1,,,0.0,,,,,,,,,,,,,,ryu6snyq,,,,,0,Experiment_1_Persistence,https://app.prolific.com/submissions/complete?cc=C1BTHULB,0.0,1.0,120,,0.0,668d1fa802c28e6b55fd9467,1,1,120,,0.0,C,B,A,B,D,C,C,A,B,A,CBABDCCABA,0.1,0,0.0,1,1,120,,0.0,noisy,random,negative,Pass,red,10,1,1,Fail Box,1,1,120,,0.0,D,B,A,C,B,D,A,B,C,D,DBACBDABCD,1.0,Non-STEM Track,,0,0.0,1,1,1,120,,0.0,R,R,R,R,R,C,C,C,C,C,C,RRRRRCCCCCC,1,1,120,,0.0,0,0,0,1,0,0,0,0,0,I figured I would have a better chance at getting more questions right ,I studied a lot of health courses ,,Non-STEM Track,1,1,,,,,,,,,,,,,,,,,,,,,,,,,,,,,,,,,,,,,,,,,,,,,,,,,,,,,,,,,,,,,,,,,,,,,,,,,,,,,,,,,,,,,,,,,,,,,,,,,,,,,,,,,,,,,,,,,,,,,,,,,,,,,,,,,,,,,,,,,,,,,,,,,,,,,,,,,,,,,,,,,,,,,,,,,,,,,,,,,,,,,,,,,,,,,,,,,,,,,,,,,,,,,,,,,,,,,,,,,,,,,,,,,,,,,,,,,,,,,,,,,,,,,,,,,,,,,,,,,,,,,,,,,,,,,,,,,,,,,,,,,,,,,,,,,,,,,,,,,,,,,,,,,,,,,,,,,,,
121,sqojgsoe,,0,18,18,Section_7,EndSurvey,2024-09-25 20:22:42.239222,1,,,0.0,,,,,,,,,,,,,,ryu6snyq,,,,,0,Experiment_1_Persistence,https://app.prolific.com/submissions/complete?cc=C1BTHULB,0.0,1.0,121,,0.0,638d038b8d32d51c219a5aa2,1,1,121,,0.0,B,C,B,A,D,A,C,B,C,C,BCBADACBCC,0.1,0,0.0,1,1,121,,0.0,noisy,random,positive,Pass,black,0,1,0,Pass Box,1,1,121,,0.0,D,B,A,C,B,D,A,B,C,D,DBACBDABCD,1.0,Non-STEM Track,,0,0.0,0,1,1,121,,0.0,R,R,R,R,R,R,C,C,C,C,C,RRRRRRCCCCC,1,1,121,,0.0,0,0,1,0,0,0,0,0,0,I hate math,"psychology, political science    sales/marketing",The first (STEM) section was torture,Non-STEM Track,1,1,,,,,,,,,,,,,,,,,,,,,,,,,,,,,,,,,,,,,,,,,,,,,,,,,,,,,,,,,,,,,,,,,,,,,,,,,,,,,,,,,,,,,,,,,,,,,,,,,,,,,,,,,,,,,,,,,,,,,,,,,,,,,,,,,,,,,,,,,,,,,,,,,,,,,,,,,,,,,,,,,,,,,,,,,,,,,,,,,,,,,,,,,,,,,,,,,,,,,,,,,,,,,,,,,,,,,,,,,,,,,,,,,,,,,,,,,,,,,,,,,,,,,,,,,,,,,,,,,,,,,,,,,,,,,,,,,,,,,,,,,,,,,,,,,,,,,,,,,,,,,,,,,,,,,,,,,,,
122,si15l2a2,,0,18,18,Section_7,EndSurvey,2024-09-25 20:22:47.340276,1,,,0.0,,,,,,,,,,,,,,ryu6snyq,,,,,0,Experiment_1_Persistence,https://app.prolific.com/submissions/complete?cc=C1BTHULB,0.0,1.0,122,,0.0,5e4edb7e14f95b000dd563d9,1,1,122,,0.0,D,A,B,C,A,D,D,A,B,C,DABCADDABC,0.2,1,44.933,1,1,122,,0.0,noisy,random,ground,Pass,red,15,3,2,Pass Box,1,1,122,,0.0,B,B,C,D,A,D,C,A,A,C,BBCDADCAAC,0.7,STEM Track,,0,0.0,2,1,1,122,,0.0,R,R,R,R,R,C,C,C,C,C,C,RRRRRCCCCCC,1,1,122,,0.0,0,0,1,0,0,0,0,0,0,"After Section 1, I realized that I was decent enough at math to at least work through some of the algebraic problems. Also, the reward seemed more enticing.",I majored in Geology in college and mainly focused on environmental data.,My experience was good. I have no feedback.,STEM Track,1,1,,,,,,,,,,,,,,,,,,,,,,,,,,,,,,,,,,,,,,,,,,,,,,,,,,,,,,,,,,,,,,,,,,,,,,,,,,,,,,,,,,,,,,,,,,,,,,,,,,,,,,,,,,,,,,,,,,,,,,,,,,,,,,,,,,,,,,,,,,,,,,,,,,,,,,,,,,,,,,,,,,,,,,,,,,,,,,,,,,,,,,,,,,,,,,,,,,,,,,,,,,,,,,,,,,,,,,,,,,,,,,,,,,,,,,,,,,,,,,,,,,,,,,,,,,,,,,,,,,,,,,,,,,,,,,,,,,,,,,,,,,,,,,,,,,,,,,,,,,,,,,,,,,,,,,,,,,,
123,2jjj20fj,,0,18,18,Section_7,EndSurvey,2024-09-25 20:22:59.302410,1,,,0.0,,,,,,,,,,,,,,ryu6snyq,,,,,0,Experiment_1_Persistence,https://app.prolific.com/submissions/complete?cc=C1BTHULB,0.0,1.0,123,,0.0,663faf257d50f1ec92e1568a,1,1,123,,0.0,D,A,B,C,C,A,D,C,C,D,DABCCADCCD,0.4,0,0.0,1,1,123,,0.0,noisy,random,ground,Pass,red,10,2,1,Fail Box,1,1,123,,0.0,D,B,A,C,B,D,A,B,C,D,DBACBDABCD,1.0,Non-STEM Track,,1,1.442,1,1,1,123,,0.0,R,R,R,R,R,C,C,C,C,C,C,RRRRRCCCCCC,1,1,123,,0.0,0,1,1,0,0,0,0,0,0,because I did not feel the study provided enough time to solve the first set of questions considering I haven't taken math courses in several years,"Business Management, Supply Chain",n/a,Non-STEM Track,1,1,,,,,,,,,,,,,,,,,,,,,,,,,,,,,,,,,,,,,,,,,,,,,,,,,,,,,,,,,,,,,,,,,,,,,,,,,,,,,,,,,,,,,,,,,,,,,,,,,,,,,,,,,,,,,,,,,,,,,,,,,,,,,,,,,,,,,,,,,,,,,,,,,,,,,,,,,,,,,,,,,,,,,,,,,,,,,,,,,,,,,,,,,,,,,,,,,,,,,,,,,,,,,,,,,,,,,,,,,,,,,,,,,,,,,,,,,,,,,,,,,,,,,,,,,,,,,,,,,,,,,,,,,,,,,,,,,,,,,,,,,,,,,,,,,,,,,,,,,,,,,,,,,,,,,,,,,,,
124,fa9gzi0l,,0,18,18,Section_7,EndSurvey,2024-09-25 20:23:12.160649,1,,,0.0,,,,,,,,,,,,,,ryu6snyq,,,,,0,Experiment_1_Persistence,https://app.prolific.com/submissions/complete?cc=C1BTHULB,0.0,1.0,124,,0.0,5f21d57a48386f1550a2e7c2,1,1,124,,0.0,A,A,A,A,A,A,A,A,A,A,AAAAAAAAAA,0.2,0,0.0,1,1,124,,0.0,noisy,random,ground,Pass,red,10,2,2,Pass Box,1,1,124,,0.0,A,A,A,A,A,A,A,A,A,A,AAAAAAAAAA,0.4,STEM Track,,0,0.0,2,1,1,124,,0.0,R,R,R,R,C,C,C,C,C,C,C,RRRRCCCCCCC,1,1,124,,0.0,0,1,1,0,0,0,0,0,0,Statistically the odds were better.,"History, statistics and data analysis","I had ZERO idea how to do any of those math problems, so I statistically chose answer A for all 10 of them on the probability that I would be correct at least some percentage of the time.",STEM Track,1,1,,,,,,,,,,,,,,,,,,,,,,,,,,,,,,,,,,,,,,,,,,,,,,,,,,,,,,,,,,,,,,,,,,,,,,,,,,,,,,,,,,,,,,,,,,,,,,,,,,,,,,,,,,,,,,,,,,,,,,,,,,,,,,,,,,,,,,,,,,,,,,,,,,,,,,,,,,,,,,,,,,,,,,,,,,,,,,,,,,,,,,,,,,,,,,,,,,,,,,,,,,,,,,,,,,,,,,,,,,,,,,,,,,,,,,,,,,,,,,,,,,,,,,,,,,,,,,,,,,,,,,,,,,,,,,,,,,,,,,,,,,,,,,,,,,,,,,,,,,,,,,,,,,,,,,,,,,,
125,qkrj0v1s,,0,18,18,Section_7,EndSurvey,2024-09-25 20:23:35.793171,1,,,0.0,,,,,,,,,,,,,,ryu6snyq,,,,,0,Experiment_1_Persistence,https://app.prolific.com/submissions/complete?cc=C1BTHULB,0.0,1.0,125,,0.0,669a8a113c058df5b00aa6df,1,1,125,,0.0,C,B,C,A,A,C,D,A,B,C,CBCAACDABC,0.2,0,0.0,1,1,125,,0.0,noisy,random,positive,Fail,red,1,1,5,Fail Box,1,1,125,,0.0,D,B,A,C,B,D,A,D,C,B,DBACBDADCB,0.8,Non-STEM Track,,0,0.0,5,1,1,125,,0.0,R,R,R,R,R,R,R,C,C,C,C,RRRRRRRCCCC,1,1,125,,0.0,0,0,1,0,0,0,0,0,0,I did not want to take another quiz,"psychology, sociology, marketing ",no,Non-STEM Track,1,1,,,,,,,,,,,,,,,,,,,,,,,,,,,,,,,,,,,,,,,,,,,,,,,,,,,,,,,,,,,,,,,,,,,,,,,,,,,,,,,,,,,,,,,,,,,,,,,,,,,,,,,,,,,,,,,,,,,,,,,,,,,,,,,,,,,,,,,,,,,,,,,,,,,,,,,,,,,,,,,,,,,,,,,,,,,,,,,,,,,,,,,,,,,,,,,,,,,,,,,,,,,,,,,,,,,,,,,,,,,,,,,,,,,,,,,,,,,,,,,,,,,,,,,,,,,,,,,,,,,,,,,,,,,,,,,,,,,,,,,,,,,,,,,,,,,,,,,,,,,,,,,,,,,,,,,,,,,
126,j3vzlpbg,,0,18,18,Section_7,EndSurvey,2024-09-25 20:23:40.900525,1,,,0.0,,,,,,,,,,,,,,ryu6snyq,,,,,0,Experiment_1_Persistence,https://app.prolific.com/submissions/complete?cc=C1BTHULB,0.0,1.0,126,,0.0,65ca69b55784b4308a73a2e5,1,1,126,,0.0,D,C,B,C,D,B,B,B,B,A,DCBCDBBBBA,0.1,0,0.0,1,1,126,,0.0,noisy,random,positive,Fail,red,50,0,5,Pass Box,1,1,126,,0.0,C,A,C,C,A,B,B,C,C,A,CACCABBCCA,0.3,STEM Track,,0,0.0,5,1,1,126,,0.0,R,R,R,C,C,C,C,C,C,C,C,RRRCCCCCCCC,1,1,126,,0.0,0,0,1,0,0,0,0,0,0,I don't know,"Math, science, language arts",I honestly didn't understand this whole survey. I did not understand the math questions and chance/probability. ,STEM Track,1,1,,,,,,,,,,,,,,,,,,,,,,,,,,,,,,,,,,,,,,,,,,,,,,,,,,,,,,,,,,,,,,,,,,,,,,,,,,,,,,,,,,,,,,,,,,,,,,,,,,,,,,,,,,,,,,,,,,,,,,,,,,,,,,,,,,,,,,,,,,,,,,,,,,,,,,,,,,,,,,,,,,,,,,,,,,,,,,,,,,,,,,,,,,,,,,,,,,,,,,,,,,,,,,,,,,,,,,,,,,,,,,,,,,,,,,,,,,,,,,,,,,,,,,,,,,,,,,,,,,,,,,,,,,,,,,,,,,,,,,,,,,,,,,,,,,,,,,,,,,,,,,,,,,,,,,,,,,,
127,j9vvvn02,,0,18,18,Section_7,EndSurvey,2024-09-25 20:23:47.761569,1,,,0.0,,,,,,,,,,,,,,ryu6snyq,,,,,0,Experiment_1_Persistence,https://app.prolific.com/submissions/complete?cc=C1BTHULB,0.0,1.0,127,,0.0,66f368eca0ea5ba3a2a06436,1,1,127,,0.0,B,D,B,A,C,D,A,B,C,C,BDBACDABCC,0.1,0,0.0,1,1,127,,0.0,noisy,random,negative,Fail,black,50,2,5,Fail Box,1,1,127,,0.0,D,A,A,C,B,D,A,B,C,B,DAACBDABCB,0.8,Non-STEM Track,,0,0.0,5,1,1,127,,0.0,R,R,R,R,R,C,C,C,C,C,C,RRRRRCCCCCC,1,1,127,,0.0,0,1,1,0,0,0,0,0,0,I don't like math,I have an associates degree in arts and humanities and also a certificate in vocational nursing. I currently work as a licensed vocational nurse. ,"It was interesting. I didn't enjoy the math test, but the test afterwards was quite enjoyable. ",Non-STEM Track,1,1,,,,,,,,,,,,,,,,,,,,,,,,,,,,,,,,,,,,,,,,,,,,,,,,,,,,,,,,,,,,,,,,,,,,,,,,,,,,,,,,,,,,,,,,,,,,,,,,,,,,,,,,,,,,,,,,,,,,,,,,,,,,,,,,,,,,,,,,,,,,,,,,,,,,,,,,,,,,,,,,,,,,,,,,,,,,,,,,,,,,,,,,,,,,,,,,,,,,,,,,,,,,,,,,,,,,,,,,,,,,,,,,,,,,,,,,,,,,,,,,,,,,,,,,,,,,,,,,,,,,,,,,,,,,,,,,,,,,,,,,,,,,,,,,,,,,,,,,,,,,,,,,,,,,,,,,,,,
128,hlp3xgus,,0,4,18,Section_1,Conclusion,2024-09-25 20:23:54.017106,1,,,0.0,,,,,,,,,,,,,,ryu6snyq,,,,,0,Experiment_1_Persistence,https://app.prolific.com/submissions/complete?cc=C1BTHULB,0.0,1.0,128,,0.0,5c97d5bb41502a0017b3aadf,1,1,128,,0.0,,,,,,,,,,,__________,0.0,0,0.0,1,1,128,,0.0,,,,,,,,,,1,1,128,,0.0,,,,,,,,,,,,,,,,,,1,1,128,,0.0,,,,,,,,,,,,,1,1,128,,0.0,0,0,0,0,0,0,0,0,0,,,,,1,1,,,,,,,,,,,,,,,,,,,,,,,,,,,,,,,,,,,,,,,,,,,,,,,,,,,,,,,,,,,,,,,,,,,,,,,,,,,,,,,,,,,,,,,,,,,,,,,,,,,,,,,,,,,,,,,,,,,,,,,,,,,,,,,,,,,,,,,,,,,,,,,,,,,,,,,,,,,,,,,,,,,,,,,,,,,,,,,,,,,,,,,,,,,,,,,,,,,,,,,,,,,,,,,,,,,,,,,,,,,,,,,,,,,,,,,,,,,,,,,,,,,,,,,,,,,,,,,,,,,,,,,,,,,,,,,,,,,,,,,,,,,,,,,,,,,,,,,,,,,,,,,,,,,,,,,,,,,
129,sxnm5pnf,,0,18,18,Section_7,EndSurvey,2024-09-25 20:24:00.678307,1,,,0.0,,,,,,,,,,,,,,ryu6snyq,,,,,0,Experiment_1_Persistence,https://app.prolific.com/submissions/complete?cc=C1BTHULB,0.0,1.0,129,,0.0,5be8dd56d153f500019ab3cf,1,1,129,,0.0,D,A,,D,C,B,B,C,,,DA_DCBBC__,0.3,0,0.0,1,1,129,,0.0,noisy,random,negative,Pass,red,50,2,2,Fail Box,1,1,129,,0.0,C,,D,,A,A,C,A,,,C_D_AACA__,0.3,STEM Track,,0,0.0,2,1,1,129,,0.0,R,R,C,R,R,R,C,C,C,C,C,RRCRRRCCCCC,1,1,129,,0.0,0,0,1,0,0,0,0,0,0,I've always enjoyed STEM although I'm not strong in math skills.,Biology,I needed more time to think about the questions. ,STEM Track,1,1,,,,,,,,,,,,,,,,,,,,,,,,,,,,,,,,,,,,,,,,,,,,,,,,,,,,,,,,,,,,,,,,,,,,,,,,,,,,,,,,,,,,,,,,,,,,,,,,,,,,,,,,,,,,,,,,,,,,,,,,,,,,,,,,,,,,,,,,,,,,,,,,,,,,,,,,,,,,,,,,,,,,,,,,,,,,,,,,,,,,,,,,,,,,,,,,,,,,,,,,,,,,,,,,,,,,,,,,,,,,,,,,,,,,,,,,,,,,,,,,,,,,,,,,,,,,,,,,,,,,,,,,,,,,,,,,,,,,,,,,,,,,,,,,,,,,,,,,,,,,,,,,,,,,,,,,,,,
130,2b1bafv0,,0,18,18,Section_7,EndSurvey,2024-09-25 20:24:12.390736,1,,,0.0,,,,,,,,,,,,,,ryu6snyq,,,,,0,Experiment_1_Persistence,https://app.prolific.com/submissions/complete?cc=C1BTHULB,0.0,1.0,130,,0.0,5f529547b9922d574a77db04,1,1,130,,0.0,D,A,A,B,D,A,D,B,B,C,DAABDADBBC,0.3,3,46.837,1,1,130,,0.0,noisy,random,ground,Pass,red,30,2,2,Pass Box,1,1,130,,0.0,D,B,A,C,B,D,A,B,C,D,DBACBDABCD,1.0,Non-STEM Track,,0,0.0,2,1,1,130,,0.0,R,R,R,R,R,C,C,C,C,C,C,RRRRRCCCCCC,1,1,130,,0.0,0,0,1,0,0,0,0,0,0,I'm much stronger in the humanities subjects.,English and Environmental Studies.,The math part was hard!,Non-STEM Track,1,1,,,,,,,,,,,,,,,,,,,,,,,,,,,,,,,,,,,,,,,,,,,,,,,,,,,,,,,,,,,,,,,,,,,,,,,,,,,,,,,,,,,,,,,,,,,,,,,,,,,,,,,,,,,,,,,,,,,,,,,,,,,,,,,,,,,,,,,,,,,,,,,,,,,,,,,,,,,,,,,,,,,,,,,,,,,,,,,,,,,,,,,,,,,,,,,,,,,,,,,,,,,,,,,,,,,,,,,,,,,,,,,,,,,,,,,,,,,,,,,,,,,,,,,,,,,,,,,,,,,,,,,,,,,,,,,,,,,,,,,,,,,,,,,,,,,,,,,,,,,,,,,,,,,,,,,,,,,
131,iy90ldfw,,0,18,18,Section_7,EndSurvey,2024-09-25 20:24:21.520139,1,,,0.0,,,,,,,,,,,,,,ryu6snyq,,,,,0,Experiment_1_Persistence,https://app.prolific.com/submissions/complete?cc=C1BTHULB,0.0,1.0,131,,0.0,615a0d3f2f3c6dac605c34c0,1,1,131,,0.0,D,C,B,C,B,C,D,A,B,B,DCBCBCDABB,0.3,0,0.0,1,1,131,,0.0,noisy,random,negative,Pass,red,5,2,2,Pass Box,1,1,131,,0.0,D,B,A,C,B,D,A,B,C,D,DBACBDABCD,1.0,Non-STEM Track,,0,0.0,2,1,1,131,,0.0,R,C,C,R,R,R,R,R,R,R,R,RCCRRRRRRRR,1,1,131,,0.0,0,0,1,0,0,0,0,0,0,"While I can solve the math problems, I've never been fast at math and the timer heightened my math anxiety.","English language & literature, foreign languages & literature. Worked in IT and then non-profits, museums",None,Non-STEM Track,1,1,,,,,,,,,,,,,,,,,,,,,,,,,,,,,,,,,,,,,,,,,,,,,,,,,,,,,,,,,,,,,,,,,,,,,,,,,,,,,,,,,,,,,,,,,,,,,,,,,,,,,,,,,,,,,,,,,,,,,,,,,,,,,,,,,,,,,,,,,,,,,,,,,,,,,,,,,,,,,,,,,,,,,,,,,,,,,,,,,,,,,,,,,,,,,,,,,,,,,,,,,,,,,,,,,,,,,,,,,,,,,,,,,,,,,,,,,,,,,,,,,,,,,,,,,,,,,,,,,,,,,,,,,,,,,,,,,,,,,,,,,,,,,,,,,,,,,,,,,,,,,,,,,,,,,,,,,,,
132,8l0axode,,0,18,18,Section_7,EndSurvey,2024-09-25 20:24:36.485154,1,,,0.0,,,,,,,,,,,,,,ryu6snyq,,,,,0,Experiment_1_Persistence,https://app.prolific.com/submissions/complete?cc=C1BTHULB,0.0,1.0,132,,0.0,66293a05b562a4ed52474172,1,1,132,,0.0,D,D,C,B,A,B,A,D,C,A,DDCBABADCA,0.4,0,0.0,1,1,132,,0.0,noisy,random,positive,Pass,red,50,2,2,Fail Box,1,1,132,,0.0,B,A,C,C,A,D,C,C,C,B,BACCADCCCB,0.6,STEM Track,,0,0.0,2,1,1,132,,0.0,R,R,R,R,R,C,C,C,C,C,C,RRRRRCCCCCC,1,1,132,,0.0,0,1,0,0,0,0,0,1,0,I thought it was going to include science or tech questions. ,"English, Technology, and Math ",Good ,STEM Track,1,1,,,,,,,,,,,,,,,,,,,,,,,,,,,,,,,,,,,,,,,,,,,,,,,,,,,,,,,,,,,,,,,,,,,,,,,,,,,,,,,,,,,,,,,,,,,,,,,,,,,,,,,,,,,,,,,,,,,,,,,,,,,,,,,,,,,,,,,,,,,,,,,,,,,,,,,,,,,,,,,,,,,,,,,,,,,,,,,,,,,,,,,,,,,,,,,,,,,,,,,,,,,,,,,,,,,,,,,,,,,,,,,,,,,,,,,,,,,,,,,,,,,,,,,,,,,,,,,,,,,,,,,,,,,,,,,,,,,,,,,,,,,,,,,,,,,,,,,,,,,,,,,,,,,,,,,,,,,
133,bmuugjpk,,0,18,18,Section_7,EndSurvey,2024-09-25 20:24:50.905926,1,,,0.0,,,,,,,,,,,,,,ryu6snyq,,,,,0,Experiment_1_Persistence,https://app.prolific.com/submissions/complete?cc=C1BTHULB,0.0,1.0,133,,0.0,5b0a01a9bd9c3100015611ce,1,1,133,,0.0,D,A,A,C,C,B,B,,,,DAACCBB___,0.2,0,0.0,1,1,133,,0.0,noisy,random,positive,Pass,black,50,2,2,Pass Box,1,1,133,,0.0,D,B,A,C,B,D,A,B,C,D,DBACBDABCD,1.0,Non-STEM Track,,0,0.0,2,1,1,133,,0.0,R,R,R,R,R,R,C,C,C,C,C,RRRRRRCCCCC,1,1,133,,0.0,0,0,1,0,0,0,0,0,0,"I have not done the kind of math in the STEM quiz for ages, so this proved too difficult for me.","The main subjects through high school were the normal math, language arts, science, and social studies.  In college I studied computer programming.  I have worked in the tech industry as well as in child care.",It was an interesting experience.  I enjoyed the second language-related quiz much more than the first quiz.,Non-STEM Track,1,1,,,,,,,,,,,,,,,,,,,,,,,,,,,,,,,,,,,,,,,,,,,,,,,,,,,,,,,,,,,,,,,,,,,,,,,,,,,,,,,,,,,,,,,,,,,,,,,,,,,,,,,,,,,,,,,,,,,,,,,,,,,,,,,,,,,,,,,,,,,,,,,,,,,,,,,,,,,,,,,,,,,,,,,,,,,,,,,,,,,,,,,,,,,,,,,,,,,,,,,,,,,,,,,,,,,,,,,,,,,,,,,,,,,,,,,,,,,,,,,,,,,,,,,,,,,,,,,,,,,,,,,,,,,,,,,,,,,,,,,,,,,,,,,,,,,,,,,,,,,,,,,,,,,,,,,,,,,
134,ph38l5zm,,0,18,18,Section_7,EndSurvey,2024-09-25 20:24:52.633148,1,,,0.0,,,,,,,,,,,,,,ryu6snyq,,,,,0,Experiment_1_Persistence,https://app.prolific.com/submissions/complete?cc=C1BTHULB,0.0,1.0,134,,0.0,63d1787e133386074516c177,1,1,134,,0.0,B,C,B,C,C,D,A,C,B,D,BCBCCDACBD,0.1,0,0.0,1,1,134,,0.0,noisy,random,positive,Fail,red,1,3,2,Fail Box,1,1,134,,0.0,D,B,A,C,B,D,A,A,C,D,DBACBDAACD,0.9,Non-STEM Track,,0,0.0,2,1,1,134,,0.0,R,R,R,R,R,R,R,R,R,C,C,RRRRRRRRRCC,1,1,134,,0.0,0,0,1,0,0,0,0,0,0,"Anything math, science, etc related cause me anxiety and stress. It puts me right back into that part of school which caused me to cry all the time. So as soon as I see those type of questions or problem-solving, my brain shuts down.","Art, public relations, journalism, fashion; product development, design, business, textiles.",It was traumatizing at first. Then I felt relaxed towards the end. It's great that it was challenging even if I did not enjoy the challenge.,Non-STEM Track,1,1,,,,,,,,,,,,,,,,,,,,,,,,,,,,,,,,,,,,,,,,,,,,,,,,,,,,,,,,,,,,,,,,,,,,,,,,,,,,,,,,,,,,,,,,,,,,,,,,,,,,,,,,,,,,,,,,,,,,,,,,,,,,,,,,,,,,,,,,,,,,,,,,,,,,,,,,,,,,,,,,,,,,,,,,,,,,,,,,,,,,,,,,,,,,,,,,,,,,,,,,,,,,,,,,,,,,,,,,,,,,,,,,,,,,,,,,,,,,,,,,,,,,,,,,,,,,,,,,,,,,,,,,,,,,,,,,,,,,,,,,,,,,,,,,,,,,,,,,,,,,,,,,,,,,,,,,,,,
135,qi282esi,,0,18,18,Section_7,EndSurvey,2024-09-25 20:24:56.071380,1,,,0.0,,,,,,,,,,,,,,ryu6snyq,,,,,0,Experiment_1_Persistence,https://app.prolific.com/submissions/complete?cc=C1BTHULB,0.0,1.0,135,,0.0,6108781e0d1dd936d2b75432,1,1,135,,0.0,D,C,B,B,D,C,A,B,C,D,DCBBDCABCD,0.2,0,0.0,1,1,135,,0.0,noisy,random,positive,Fail,red,20,2,5,Fail Box,1,1,135,,0.0,D,B,A,C,B,D,A,B,C,D,DBACBDABCD,1.0,Non-STEM Track,,0,0.0,5,1,1,135,,0.0,R,R,R,R,R,C,C,C,C,C,C,RRRRRCCCCCC,1,1,135,,0.0,0,0,1,0,0,0,0,0,0,I had a feeling I would be able to answer them with more confidence.,"Math, history, science, English, communications",N/A,Non-STEM Track,1,1,,,,,,,,,,,,,,,,,,,,,,,,,,,,,,,,,,,,,,,,,,,,,,,,,,,,,,,,,,,,,,,,,,,,,,,,,,,,,,,,,,,,,,,,,,,,,,,,,,,,,,,,,,,,,,,,,,,,,,,,,,,,,,,,,,,,,,,,,,,,,,,,,,,,,,,,,,,,,,,,,,,,,,,,,,,,,,,,,,,,,,,,,,,,,,,,,,,,,,,,,,,,,,,,,,,,,,,,,,,,,,,,,,,,,,,,,,,,,,,,,,,,,,,,,,,,,,,,,,,,,,,,,,,,,,,,,,,,,,,,,,,,,,,,,,,,,,,,,,,,,,,,,,,,,,,,,,,
136,kymzsgjj,,0,18,18,Section_7,EndSurvey,2024-09-25 20:25:17.137753,1,,,0.0,,,,,,,,,,,,,,ryu6snyq,,,,,0,Experiment_1_Persistence,https://app.prolific.com/submissions/complete?cc=C1BTHULB,0.0,1.0,136,,0.0,66afa64501dab5fc8e5af98c,1,1,136,,0.0,B,C,A,B,C,A,C,B,B,C,BCABCACBBC,0.1,3,29.975,1,1,136,,0.0,noisy,random,negative,Fail,red,60,5,8,Pass Box,1,1,136,,0.0,B,C,B,A,D,B,C,A,B,D,BCBADBCABD,0.5,STEM Track,,0,0.0,8,1,1,136,,0.0,R,R,C,C,C,R,R,C,C,C,C,RRCCCRRCCCC,1,1,136,,0.0,0,0,1,0,0,0,0,0,0, I chose the STEM track because of my passion for problem-solving and innovation in technology.," I studied engineering and computer science, and I've worked in the tech and healthcare industries.",it was good,STEM Track,1,1,,,,,,,,,,,,,,,,,,,,,,,,,,,,,,,,,,,,,,,,,,,,,,,,,,,,,,,,,,,,,,,,,,,,,,,,,,,,,,,,,,,,,,,,,,,,,,,,,,,,,,,,,,,,,,,,,,,,,,,,,,,,,,,,,,,,,,,,,,,,,,,,,,,,,,,,,,,,,,,,,,,,,,,,,,,,,,,,,,,,,,,,,,,,,,,,,,,,,,,,,,,,,,,,,,,,,,,,,,,,,,,,,,,,,,,,,,,,,,,,,,,,,,,,,,,,,,,,,,,,,,,,,,,,,,,,,,,,,,,,,,,,,,,,,,,,,,,,,,,,,,,,,,,,,,,,,,,
137,6a98pcjp,,0,18,18,Section_7,EndSurvey,2024-09-25 20:25:32.102312,1,,,0.0,,,,,,,,,,,,,,ryu6snyq,,,,,0,Experiment_1_Persistence,https://app.prolific.com/submissions/complete?cc=C1BTHULB,0.0,1.0,137,,0.0,5fd298b32f6cb7062fd9aea0,1,1,137,,0.0,D,A,C,B,A,D,B,A,B,C,DACBADBABC,0.3,0,0.0,1,1,137,,0.0,noisy,random,ground,Pass,red,0,1,2,Pass Box,1,1,137,,0.0,D,B,A,C,B,D,A,B,C,D,DBACBDABCD,1.0,Non-STEM Track,,0,0.0,2,1,1,137,,0.0,R,R,R,R,C,C,C,C,C,C,C,RRRRCCCCCCC,1,1,137,,0.0,0,0,1,0,0,0,0,0,0,I have a learning disability that makes doing math hard and all the questions were math I didn't know how to do.,Graphic commuincations,I almost gave up when I saw the math at the beginning but it was an interesting survey.,Non-STEM Track,1,1,,,,,,,,,,,,,,,,,,,,,,,,,,,,,,,,,,,,,,,,,,,,,,,,,,,,,,,,,,,,,,,,,,,,,,,,,,,,,,,,,,,,,,,,,,,,,,,,,,,,,,,,,,,,,,,,,,,,,,,,,,,,,,,,,,,,,,,,,,,,,,,,,,,,,,,,,,,,,,,,,,,,,,,,,,,,,,,,,,,,,,,,,,,,,,,,,,,,,,,,,,,,,,,,,,,,,,,,,,,,,,,,,,,,,,,,,,,,,,,,,,,,,,,,,,,,,,,,,,,,,,,,,,,,,,,,,,,,,,,,,,,,,,,,,,,,,,,,,,,,,,,,,,,,,,,,,,,
138,1k3lbyyl,,0,18,18,Section_7,EndSurvey,2024-09-25 20:25:32.575015,1,,,0.0,,,,,,,,,,,,,,ryu6snyq,,,,,0,Experiment_1_Persistence,https://app.prolific.com/submissions/complete?cc=C1BTHULB,0.0,1.0,138,,0.0,66463fe42ca49efed3412fdf,1,1,138,,0.0,D,A,B,C,B,B,D,C,B,A,DABCBBDCBA,0.5,0,0.0,1,1,138,,0.0,noisy,random,ground,Fail,black,50,6,6,Fail Box,1,1,138,,0.0,D,B,A,C,B,D,A,B,C,D,DBACBDABCD,1.0,Non-STEM Track,,0,0.0,6,1,1,138,,0.0,R,R,R,R,R,C,C,C,C,C,C,RRRRRCCCCCC,1,1,138,,0.0,1,0,1,0,0,0,0,0,0,I'm better with words than with numbers,"Communications and journalism, working in finance",It was hard but enjoyable to try and remember some of the math equations,Non-STEM Track,1,1,,,,,,,,,,,,,,,,,,,,,,,,,,,,,,,,,,,,,,,,,,,,,,,,,,,,,,,,,,,,,,,,,,,,,,,,,,,,,,,,,,,,,,,,,,,,,,,,,,,,,,,,,,,,,,,,,,,,,,,,,,,,,,,,,,,,,,,,,,,,,,,,,,,,,,,,,,,,,,,,,,,,,,,,,,,,,,,,,,,,,,,,,,,,,,,,,,,,,,,,,,,,,,,,,,,,,,,,,,,,,,,,,,,,,,,,,,,,,,,,,,,,,,,,,,,,,,,,,,,,,,,,,,,,,,,,,,,,,,,,,,,,,,,,,,,,,,,,,,,,,,,,,,,,,,,,,,,
139,nwhpujzq,,0,18,18,Section_7,EndSurvey,2024-09-25 20:25:36.033582,1,,,0.0,,,,,,,,,,,,,,ryu6snyq,,,,,0,Experiment_1_Persistence,https://app.prolific.com/submissions/complete?cc=C1BTHULB,0.0,1.0,139,,0.0,66df32a1d3e539edfe5a25c8,1,1,139,,0.0,B,D,A,B,B,C,A,B,A,A,BDABBCABAA,0.2,0,0.0,1,1,139,,0.0,noisy,random,negative,Fail,black,25,3,4,Fail Box,1,1,139,,0.0,A,D,D,B,C,D,C,C,B,C,ADDBCDCCBC,0.4,STEM Track,,0,0.0,4,1,1,139,,0.0,R,R,R,R,C,R,C,C,C,C,C,RRRRCRCCCCC,1,1,139,,0.0,0,1,1,1,1,0,0,0,0,"Terrible with math, but wanted to try anyway.","Science, Math, Social Studies, Language Arts  Retail ",,STEM Track,1,1,,,,,,,,,,,,,,,,,,,,,,,,,,,,,,,,,,,,,,,,,,,,,,,,,,,,,,,,,,,,,,,,,,,,,,,,,,,,,,,,,,,,,,,,,,,,,,,,,,,,,,,,,,,,,,,,,,,,,,,,,,,,,,,,,,,,,,,,,,,,,,,,,,,,,,,,,,,,,,,,,,,,,,,,,,,,,,,,,,,,,,,,,,,,,,,,,,,,,,,,,,,,,,,,,,,,,,,,,,,,,,,,,,,,,,,,,,,,,,,,,,,,,,,,,,,,,,,,,,,,,,,,,,,,,,,,,,,,,,,,,,,,,,,,,,,,,,,,,,,,,,,,,,,,,,,,,,,
140,vlknuy2k,,0,18,18,Section_7,EndSurvey,2024-09-25 20:25:43.361317,1,,,0.0,,,,,,,,,,,,,,ryu6snyq,,,,,0,Experiment_1_Persistence,https://app.prolific.com/submissions/complete?cc=C1BTHULB,0.0,1.0,140,,0.0,5b393581c49ecb00010a6693,1,1,140,,0.0,D,A,B,C,D,B,C,A,A,A,DABCDBCAAA,0.2,0,0.0,1,1,140,,0.0,noisy,random,positive,Fail,red,50,3,4,Fail Box,1,1,140,,0.0,D,B,A,C,B,D,A,B,C,D,DBACBDABCD,1.0,Non-STEM Track,,0,0.0,4,1,1,140,,0.0,R,R,R,C,C,C,C,C,C,C,C,RRRCCCCCCCC,1,1,140,,0.0,0,0,1,0,1,0,0,0,0,I don't remember much from my STEM study days.,English and sales.,It was fun! I definitely need to take some courses in my free time though!,Non-STEM Track,1,1,,,,,,,,,,,,,,,,,,,,,,,,,,,,,,,,,,,,,,,,,,,,,,,,,,,,,,,,,,,,,,,,,,,,,,,,,,,,,,,,,,,,,,,,,,,,,,,,,,,,,,,,,,,,,,,,,,,,,,,,,,,,,,,,,,,,,,,,,,,,,,,,,,,,,,,,,,,,,,,,,,,,,,,,,,,,,,,,,,,,,,,,,,,,,,,,,,,,,,,,,,,,,,,,,,,,,,,,,,,,,,,,,,,,,,,,,,,,,,,,,,,,,,,,,,,,,,,,,,,,,,,,,,,,,,,,,,,,,,,,,,,,,,,,,,,,,,,,,,,,,,,,,,,,,,,,,,,
141,wnvxdang,,0,18,18,Section_7,EndSurvey,2024-09-25 20:25:47.230461,1,,,0.0,,,,,,,,,,,,,,ryu6snyq,,,,,0,Experiment_1_Persistence,https://app.prolific.com/submissions/complete?cc=C1BTHULB,0.0,1.0,141,,0.0,5cfb459229a6c2001764e10d,1,1,141,,0.0,B,A,B,A,C,B,B,C,B,B,BABACBBCBB,0.4,1,2.301,1,1,141,,0.0,noisy,random,negative,Pass,red,50,4,4,Pass Box,1,1,141,,0.0,D,B,A,C,B,D,A,B,C,C,DBACBDABCC,0.9,Non-STEM Track,,0,0.0,4,1,1,141,,0.0,R,R,R,R,R,R,C,C,C,C,C,RRRRRRCCCCC,1,1,141,,0.0,0,0,0,0,1,1,0,0,0,"I generally suck at math, especially compared to subjects like English and other non-STEM fields.","Political science, history, sociology, english, psychology",Good.,Non-STEM Track,1,1,,,,,,,,,,,,,,,,,,,,,,,,,,,,,,,,,,,,,,,,,,,,,,,,,,,,,,,,,,,,,,,,,,,,,,,,,,,,,,,,,,,,,,,,,,,,,,,,,,,,,,,,,,,,,,,,,,,,,,,,,,,,,,,,,,,,,,,,,,,,,,,,,,,,,,,,,,,,,,,,,,,,,,,,,,,,,,,,,,,,,,,,,,,,,,,,,,,,,,,,,,,,,,,,,,,,,,,,,,,,,,,,,,,,,,,,,,,,,,,,,,,,,,,,,,,,,,,,,,,,,,,,,,,,,,,,,,,,,,,,,,,,,,,,,,,,,,,,,,,,,,,,,,,,,,,,,,,
142,0ogi1xit,,0,18,18,Section_7,EndSurvey,2024-09-25 20:25:48.833240,1,,,0.0,,,,,,,,,,,,,,ryu6snyq,,,,,0,Experiment_1_Persistence,https://app.prolific.com/submissions/complete?cc=C1BTHULB,0.0,1.0,142,,0.0,664439645a9a29be43d5bf5a,1,1,142,,0.0,D,A,B,C,A,D,B,A,C,B,DABCADBACB,0.3,0,0.0,1,1,142,,0.0,noisy,random,ground,Pass,red,0,3,3,Pass Box,1,1,142,,0.0,D,B,A,C,B,D,A,B,C,D,DBACBDABCD,1.0,Non-STEM Track,,0,0.0,3,1,1,142,,0.0,R,R,R,R,R,C,C,C,C,C,C,RRRRRCCCCCC,1,1,142,,0.0,0,0,1,0,0,0,0,0,0,"not interested, didnt feel capable","History, vocational studies. Worked in logistics.",no feedback,Non-STEM Track,1,1,,,,,,,,,,,,,,,,,,,,,,,,,,,,,,,,,,,,,,,,,,,,,,,,,,,,,,,,,,,,,,,,,,,,,,,,,,,,,,,,,,,,,,,,,,,,,,,,,,,,,,,,,,,,,,,,,,,,,,,,,,,,,,,,,,,,,,,,,,,,,,,,,,,,,,,,,,,,,,,,,,,,,,,,,,,,,,,,,,,,,,,,,,,,,,,,,,,,,,,,,,,,,,,,,,,,,,,,,,,,,,,,,,,,,,,,,,,,,,,,,,,,,,,,,,,,,,,,,,,,,,,,,,,,,,,,,,,,,,,,,,,,,,,,,,,,,,,,,,,,,,,,,,,,,,,,,,,
143,hpw458ao,,0,18,18,Section_7,EndSurvey,2024-09-25 20:25:49.196604,1,,,0.0,,,,,,,,,,,,,,ryu6snyq,,,,,0,Experiment_1_Persistence,https://app.prolific.com/submissions/complete?cc=C1BTHULB,0.0,1.0,143,,0.0,65a34aebff22f2a843566830,1,1,143,,0.0,D,B,B,C,D,D,D,C,B,A,DBBCDDDCBA,0.2,1,2.027,1,1,143,,0.0,noisy,random,ground,Pass,red,25,2,2,Pass Box,1,1,143,,0.0,D,B,A,C,B,D,A,B,C,D,DBACBDABCD,1.0,Non-STEM Track,,0,0.0,2,1,1,143,,0.0,R,R,R,C,C,C,C,C,C,C,C,RRRCCCCCCCC,1,1,143,,0.0,0,0,1,0,0,0,0,0,0,Did not know the first set of questions. Majored in a primarily non stem major in college.,"education, sports, psychology, child development","good, first part was extremely difficult",Non-STEM Track,1,1,,,,,,,,,,,,,,,,,,,,,,,,,,,,,,,,,,,,,,,,,,,,,,,,,,,,,,,,,,,,,,,,,,,,,,,,,,,,,,,,,,,,,,,,,,,,,,,,,,,,,,,,,,,,,,,,,,,,,,,,,,,,,,,,,,,,,,,,,,,,,,,,,,,,,,,,,,,,,,,,,,,,,,,,,,,,,,,,,,,,,,,,,,,,,,,,,,,,,,,,,,,,,,,,,,,,,,,,,,,,,,,,,,,,,,,,,,,,,,,,,,,,,,,,,,,,,,,,,,,,,,,,,,,,,,,,,,,,,,,,,,,,,,,,,,,,,,,,,,,,,,,,,,,,,,,,,,,
144,hz84hrd6,,0,18,18,Section_7,EndSurvey,2024-09-25 20:25:49.831582,1,,,0.0,,,,,,,,,,,,,,ryu6snyq,,,,,0,Experiment_1_Persistence,https://app.prolific.com/submissions/complete?cc=C1BTHULB,0.0,1.0,144,,0.0,6633cc63d968983a40e40db1,1,1,144,,0.0,C,B,B,C,A,D,B,D,A,C,CBBCADBDAC,0.0,0,0.0,1,1,144,,0.0,noisy,random,ground,Fail,black,10,3,2,Fail Box,1,1,144,,0.0,D,B,A,C,B,B,A,B,C,D,DBACBBABCD,0.9,Non-STEM Track,,0,0.0,2,1,1,144,,0.0,R,R,R,C,C,C,C,C,C,C,C,RRRCCCCCCCC,1,1,144,,0.0,0,0,1,0,0,0,0,0,0,i wasn't positive i would pass it,all public studies ,no,Non-STEM Track,1,1,,,,,,,,,,,,,,,,,,,,,,,,,,,,,,,,,,,,,,,,,,,,,,,,,,,,,,,,,,,,,,,,,,,,,,,,,,,,,,,,,,,,,,,,,,,,,,,,,,,,,,,,,,,,,,,,,,,,,,,,,,,,,,,,,,,,,,,,,,,,,,,,,,,,,,,,,,,,,,,,,,,,,,,,,,,,,,,,,,,,,,,,,,,,,,,,,,,,,,,,,,,,,,,,,,,,,,,,,,,,,,,,,,,,,,,,,,,,,,,,,,,,,,,,,,,,,,,,,,,,,,,,,,,,,,,,,,,,,,,,,,,,,,,,,,,,,,,,,,,,,,,,,,,,,,,,,,,
145,1vxnb9rn,,0,4,18,Section_1,Conclusion,2024-09-25 20:25:51.444259,1,,,0.0,,,,,,,,,,,,,,ryu6snyq,,,,,0,Experiment_1_Persistence,https://app.prolific.com/submissions/complete?cc=C1BTHULB,0.0,1.0,145,,0.0,61fa904ed42cb19beec490d9,1,1,145,,0.0,,,,,,,,,,,__________,0.0,0,0.0,1,1,145,,0.0,,,,,,,,,,1,1,145,,0.0,,,,,,,,,,,,,,,,,,1,1,145,,0.0,,,,,,,,,,,,,1,1,145,,0.0,0,0,0,0,0,0,0,0,0,,,,,1,1,,,,,,,,,,,,,,,,,,,,,,,,,,,,,,,,,,,,,,,,,,,,,,,,,,,,,,,,,,,,,,,,,,,,,,,,,,,,,,,,,,,,,,,,,,,,,,,,,,,,,,,,,,,,,,,,,,,,,,,,,,,,,,,,,,,,,,,,,,,,,,,,,,,,,,,,,,,,,,,,,,,,,,,,,,,,,,,,,,,,,,,,,,,,,,,,,,,,,,,,,,,,,,,,,,,,,,,,,,,,,,,,,,,,,,,,,,,,,,,,,,,,,,,,,,,,,,,,,,,,,,,,,,,,,,,,,,,,,,,,,,,,,,,,,,,,,,,,,,,,,,,,,,,,,,,,,,,
146,lggjewll,,0,18,18,Section_7,EndSurvey,2024-09-25 20:25:56.506355,1,,,0.0,,,,,,,,,,,,,,ryu6snyq,,,,,0,Experiment_1_Persistence,https://app.prolific.com/submissions/complete?cc=C1BTHULB,0.0,1.0,146,,0.0,661a98854b5b5e468aaa5295,1,1,146,,0.0,B,C,A,B,A,A,B,C,A,D,BCABAABCAD,0.2,0,0.0,1,1,146,,0.0,noisy,random,negative,Pass,red,50,1,0,Fail Box,1,1,146,,0.0,D,D,A,C,B,D,A,B,C,B,DDACBDABCB,0.8,Non-STEM Track,,0,0.0,0,1,1,146,,0.0,R,R,R,R,R,R,R,R,R,R,C,RRRRRRRRRRC,1,1,146,,0.0,0,0,0,1,0,0,0,0,0,just cause ,arts,not great,Non-STEM Track,1,1,,,,,,,,,,,,,,,,,,,,,,,,,,,,,,,,,,,,,,,,,,,,,,,,,,,,,,,,,,,,,,,,,,,,,,,,,,,,,,,,,,,,,,,,,,,,,,,,,,,,,,,,,,,,,,,,,,,,,,,,,,,,,,,,,,,,,,,,,,,,,,,,,,,,,,,,,,,,,,,,,,,,,,,,,,,,,,,,,,,,,,,,,,,,,,,,,,,,,,,,,,,,,,,,,,,,,,,,,,,,,,,,,,,,,,,,,,,,,,,,,,,,,,,,,,,,,,,,,,,,,,,,,,,,,,,,,,,,,,,,,,,,,,,,,,,,,,,,,,,,,,,,,,,,,,,,,,,
147,e6thrrrs,,0,18,18,Section_7,EndSurvey,2024-09-25 20:26:00.109617,1,,,0.0,,,,,,,,,,,,,,ryu6snyq,,,,,0,Experiment_1_Persistence,https://app.prolific.com/submissions/complete?cc=C1BTHULB,0.0,1.0,147,,0.0,66c396ad1fd21de8d95c3921,1,1,147,,0.0,C,B,C,B,D,A,C,A,C,A,CBCBDACACA,0.3,0,0.0,1,1,147,,0.0,noisy,random,negative,Fail,black,10,2,4,Fail Box,1,1,147,,0.0,D,B,A,C,B,D,A,B,C,D,DBACBDABCD,1.0,Non-STEM Track,,0,0.0,4,1,1,147,,0.0,R,R,R,R,C,C,C,C,C,R,C,RRRRCCCCCRC,1,1,147,,0.0,0,0,1,0,0,0,0,0,0,stronger abilities in that,"english, political science",none,Non-STEM Track,1,1,,,,,,,,,,,,,,,,,,,,,,,,,,,,,,,,,,,,,,,,,,,,,,,,,,,,,,,,,,,,,,,,,,,,,,,,,,,,,,,,,,,,,,,,,,,,,,,,,,,,,,,,,,,,,,,,,,,,,,,,,,,,,,,,,,,,,,,,,,,,,,,,,,,,,,,,,,,,,,,,,,,,,,,,,,,,,,,,,,,,,,,,,,,,,,,,,,,,,,,,,,,,,,,,,,,,,,,,,,,,,,,,,,,,,,,,,,,,,,,,,,,,,,,,,,,,,,,,,,,,,,,,,,,,,,,,,,,,,,,,,,,,,,,,,,,,,,,,,,,,,,,,,,,,,,,,,,,
148,qmb92qgv,,0,18,18,Section_7,EndSurvey,2024-09-25 20:26:17.670952,1,,,0.0,,,,,,,,,,,,,,ryu6snyq,,,,,0,Experiment_1_Persistence,https://app.prolific.com/submissions/complete?cc=C1BTHULB,0.0,1.0,148,,0.0,6643bb2edd8c6657e9bc57f1,1,1,148,,0.0,D,C,B,D,A,C,B,A,C,C,DCBDACBACC,0.1,0,0.0,1,1,148,,0.0,noisy,random,ground,Fail,black,45,3,2,Fail Box,1,1,148,,0.0,A,A,C,C,A,D,C,A,D,C,AACCADCADC,0.7,STEM Track,,0,0.0,2,1,1,148,,0.0,R,R,R,R,R,C,C,C,C,C,C,RRRRRCCCCCC,1,1,148,,0.0,0,0,1,0,0,0,0,0,0,I was unsure what the other track would be and I was scared.,"Early childhood development, retail, small business",It was a little stressful. I felt like I was doing a math test in school.,STEM Track,1,1,,,,,,,,,,,,,,,,,,,,,,,,,,,,,,,,,,,,,,,,,,,,,,,,,,,,,,,,,,,,,,,,,,,,,,,,,,,,,,,,,,,,,,,,,,,,,,,,,,,,,,,,,,,,,,,,,,,,,,,,,,,,,,,,,,,,,,,,,,,,,,,,,,,,,,,,,,,,,,,,,,,,,,,,,,,,,,,,,,,,,,,,,,,,,,,,,,,,,,,,,,,,,,,,,,,,,,,,,,,,,,,,,,,,,,,,,,,,,,,,,,,,,,,,,,,,,,,,,,,,,,,,,,,,,,,,,,,,,,,,,,,,,,,,,,,,,,,,,,,,,,,,,,,,,,,,,,,
149,9qvo074f,,0,18,18,Section_7,EndSurvey,2024-09-25 20:26:19.368780,1,,,0.0,,,,,,,,,,,,,,ryu6snyq,,,,,0,Experiment_1_Persistence,https://app.prolific.com/submissions/complete?cc=C1BTHULB,0.0,1.0,149,,0.0,6672e8e609169272b5e82910,1,1,149,,0.0,B,C,D,B,C,C,C,B,B,D,BCDBCCCBBD,0.1,0,0.0,1,1,149,,0.0,noisy,random,negative,Fail,black,30,3,4,Fail Box,1,1,149,,0.0,D,B,A,C,B,D,A,B,C,D,DBACBDABCD,1.0,Non-STEM Track,,0,0.0,4,1,1,149,,0.0,R,R,R,R,R,R,R,R,C,C,C,RRRRRRRRCCC,1,1,149,,0.0,0,0,1,1,0,0,0,0,0,I never learned that kind of stuff in school,"Math, Science, English, History, I have worked in the import/export industry",,Non-STEM Track,1,1,,,,,,,,,,,,,,,,,,,,,,,,,,,,,,,,,,,,,,,,,,,,,,,,,,,,,,,,,,,,,,,,,,,,,,,,,,,,,,,,,,,,,,,,,,,,,,,,,,,,,,,,,,,,,,,,,,,,,,,,,,,,,,,,,,,,,,,,,,,,,,,,,,,,,,,,,,,,,,,,,,,,,,,,,,,,,,,,,,,,,,,,,,,,,,,,,,,,,,,,,,,,,,,,,,,,,,,,,,,,,,,,,,,,,,,,,,,,,,,,,,,,,,,,,,,,,,,,,,,,,,,,,,,,,,,,,,,,,,,,,,,,,,,,,,,,,,,,,,,,,,,,,,,,,,,,,,,
150,ushlwbjm,,0,4,18,Section_1,Conclusion,2024-09-25 20:26:19.571559,1,,,0.0,,,,,,,,,,,,,,ryu6snyq,,,,,0,Experiment_1_Persistence,https://app.prolific.com/submissions/complete?cc=C1BTHULB,0.0,1.0,150,,0.0,660f40de1ae7e5dd62256cdd,1,1,150,,0.0,,,,,,,,,,,__________,0.0,0,0.0,1,1,150,,0.0,,,,,,,,,,1,1,150,,0.0,,,,,,,,,,,,,,,,,,1,1,150,,0.0,,,,,,,,,,,,,1,1,150,,0.0,0,0,0,0,0,0,0,0,0,,,,,1,1,,,,,,,,,,,,,,,,,,,,,,,,,,,,,,,,,,,,,,,,,,,,,,,,,,,,,,,,,,,,,,,,,,,,,,,,,,,,,,,,,,,,,,,,,,,,,,,,,,,,,,,,,,,,,,,,,,,,,,,,,,,,,,,,,,,,,,,,,,,,,,,,,,,,,,,,,,,,,,,,,,,,,,,,,,,,,,,,,,,,,,,,,,,,,,,,,,,,,,,,,,,,,,,,,,,,,,,,,,,,,,,,,,,,,,,,,,,,,,,,,,,,,,,,,,,,,,,,,,,,,,,,,,,,,,,,,,,,,,,,,,,,,,,,,,,,,,,,,,,,,,,,,,,,,,,,,,,
151,3cj6uopl,,0,18,18,Section_7,EndSurvey,2024-09-25 20:26:20.661332,1,,,0.0,,,,,,,,,,,,,,ryu6snyq,,,,,0,Experiment_1_Persistence,https://app.prolific.com/submissions/complete?cc=C1BTHULB,0.0,1.0,151,,0.0,63ed2515d3fe6335b2c11094,1,1,151,,0.0,C,D,B,B,C,D,C,B,B,A,CDBBCDCBBA,0.1,0,0.0,1,1,151,,0.0,noisy,random,negative,Pass,red,50,1,1,Fail Box,1,1,151,,0.0,A,B,C,B,C,B,A,C,B,C,ABCBCBACBC,0.3,STEM Track,,0,0.0,1,1,1,151,,0.0,C,C,C,C,C,C,C,C,R,R,R,CCCCCCCCRRR,1,1,151,,0.0,0,0,1,0,0,0,0,0,0,i needed a second chance,science reading,it was hard,STEM Track,1,1,,,,,,,,,,,,,,,,,,,,,,,,,,,,,,,,,,,,,,,,,,,,,,,,,,,,,,,,,,,,,,,,,,,,,,,,,,,,,,,,,,,,,,,,,,,,,,,,,,,,,,,,,,,,,,,,,,,,,,,,,,,,,,,,,,,,,,,,,,,,,,,,,,,,,,,,,,,,,,,,,,,,,,,,,,,,,,,,,,,,,,,,,,,,,,,,,,,,,,,,,,,,,,,,,,,,,,,,,,,,,,,,,,,,,,,,,,,,,,,,,,,,,,,,,,,,,,,,,,,,,,,,,,,,,,,,,,,,,,,,,,,,,,,,,,,,,,,,,,,,,,,,,,,,,,,,,,,
152,35z28nm2,,0,18,18,Section_7,EndSurvey,2024-09-25 20:26:24.424109,1,,,0.0,,,,,,,,,,,,,,ryu6snyq,,,,,0,Experiment_1_Persistence,https://app.prolific.com/submissions/complete?cc=C1BTHULB,0.0,1.0,152,,0.0,666d9406189d162d36686be9,1,1,152,,0.0,D,D,B,B,D,D,A,C,B,C,DDBBDDACBC,0.2,0,0.0,1,1,152,,0.0,noisy,random,positive,Fail,red,50,4,4,Pass Box,1,1,152,,0.0,D,B,C,C,D,D,C,C,C,C,DBCCDDCCCC,0.4,STEM Track,,0,0.0,4,1,1,152,,0.0,R,C,C,C,C,C,C,C,C,C,C,RCCCCCCCCCC,1,1,152,,0.0,0,1,0,0,0,0,0,0,0,I work in a STEM career,Computer Science,It was fine,STEM Track,1,1,,,,,,,,,,,,,,,,,,,,,,,,,,,,,,,,,,,,,,,,,,,,,,,,,,,,,,,,,,,,,,,,,,,,,,,,,,,,,,,,,,,,,,,,,,,,,,,,,,,,,,,,,,,,,,,,,,,,,,,,,,,,,,,,,,,,,,,,,,,,,,,,,,,,,,,,,,,,,,,,,,,,,,,,,,,,,,,,,,,,,,,,,,,,,,,,,,,,,,,,,,,,,,,,,,,,,,,,,,,,,,,,,,,,,,,,,,,,,,,,,,,,,,,,,,,,,,,,,,,,,,,,,,,,,,,,,,,,,,,,,,,,,,,,,,,,,,,,,,,,,,,,,,,,,,,,,,,
153,otavkn7z,,0,18,18,Section_7,EndSurvey,2024-09-25 20:26:34.779542,1,,,0.0,,,,,,,,,,,,,,ryu6snyq,,,,,0,Experiment_1_Persistence,https://app.prolific.com/submissions/complete?cc=C1BTHULB,0.0,1.0,153,,0.0,62a1ee789484077eb466542f,1,1,153,,0.0,A,B,B,D,B,C,B,A,A,A,ABBDBCBAAA,0.2,0,0.0,1,1,153,,0.0,noisy,random,ground,Pass,red,10,2,1,Fail Box,1,1,153,,0.0,D,B,A,C,B,D,A,B,C,D,DBACBDABCD,1.0,Non-STEM Track,,0,0.0,1,1,1,153,,0.0,R,R,R,R,C,C,C,C,C,C,C,RRRRCCCCCCC,1,1,153,,0.0,0,0,1,0,0,0,0,0,0,I'm not great at math.,"I did better in science, grammar, writing and didn't take advanced math courses. I work in construction.",No feedback,Non-STEM Track,1,1,,,,,,,,,,,,,,,,,,,,,,,,,,,,,,,,,,,,,,,,,,,,,,,,,,,,,,,,,,,,,,,,,,,,,,,,,,,,,,,,,,,,,,,,,,,,,,,,,,,,,,,,,,,,,,,,,,,,,,,,,,,,,,,,,,,,,,,,,,,,,,,,,,,,,,,,,,,,,,,,,,,,,,,,,,,,,,,,,,,,,,,,,,,,,,,,,,,,,,,,,,,,,,,,,,,,,,,,,,,,,,,,,,,,,,,,,,,,,,,,,,,,,,,,,,,,,,,,,,,,,,,,,,,,,,,,,,,,,,,,,,,,,,,,,,,,,,,,,,,,,,,,,,,,,,,,,,,
154,2nzsvjtp,,0,4,18,Section_1,Conclusion,2024-09-25 20:26:37.718792,1,,,0.0,,,,,,,,,,,,,,ryu6snyq,,,,,0,Experiment_1_Persistence,https://app.prolific.com/submissions/complete?cc=C1BTHULB,0.0,1.0,154,,0.0,5e21deb5cf46ff4bb693fe85,1,1,154,,0.0,,,,,,,,,,,__________,0.0,0,0.0,1,1,154,,0.0,,,,,,,,,,1,1,154,,0.0,,,,,,,,,,,,,,,,,,1,1,154,,0.0,,,,,,,,,,,,,1,1,154,,0.0,0,0,0,0,0,0,0,0,0,,,,,1,1,,,,,,,,,,,,,,,,,,,,,,,,,,,,,,,,,,,,,,,,,,,,,,,,,,,,,,,,,,,,,,,,,,,,,,,,,,,,,,,,,,,,,,,,,,,,,,,,,,,,,,,,,,,,,,,,,,,,,,,,,,,,,,,,,,,,,,,,,,,,,,,,,,,,,,,,,,,,,,,,,,,,,,,,,,,,,,,,,,,,,,,,,,,,,,,,,,,,,,,,,,,,,,,,,,,,,,,,,,,,,,,,,,,,,,,,,,,,,,,,,,,,,,,,,,,,,,,,,,,,,,,,,,,,,,,,,,,,,,,,,,,,,,,,,,,,,,,,,,,,,,,,,,,,,,,,,,,
155,hv2jwrx5,,0,18,18,Section_7,EndSurvey,2024-09-25 20:26:43.183617,1,,,0.0,,,,,,,,,,,,,,ryu6snyq,,,,,0,Experiment_1_Persistence,https://app.prolific.com/submissions/complete?cc=C1BTHULB,0.0,1.0,155,,0.0,66985059ff08abc91b78325b,1,1,155,,0.0,D,A,D,C,D,B,A,B,,,DADCDBAB__,0.2,0,0.0,1,1,155,,0.0,noisy,random,positive,Pass,red,70,3,2,Pass Box,1,1,155,,0.0,B,A,C,B,A,D,C,A,B,,BACBADCAB_,0.8,STEM Track,,0,0.0,2,1,1,155,,0.0,R,R,R,C,C,C,C,C,C,C,C,RRRCCCCCCCC,1,1,155,,0.0,0,1,1,0,0,0,0,0,0,I am a logic thinker.,"Office and internet applications, business. Finance industry",I felt I forgot a lot.,STEM Track,1,1,,,,,,,,,,,,,,,,,,,,,,,,,,,,,,,,,,,,,,,,,,,,,,,,,,,,,,,,,,,,,,,,,,,,,,,,,,,,,,,,,,,,,,,,,,,,,,,,,,,,,,,,,,,,,,,,,,,,,,,,,,,,,,,,,,,,,,,,,,,,,,,,,,,,,,,,,,,,,,,,,,,,,,,,,,,,,,,,,,,,,,,,,,,,,,,,,,,,,,,,,,,,,,,,,,,,,,,,,,,,,,,,,,,,,,,,,,,,,,,,,,,,,,,,,,,,,,,,,,,,,,,,,,,,,,,,,,,,,,,,,,,,,,,,,,,,,,,,,,,,,,,,,,,,,,,,,,,
156,p65gmg13,,0,18,18,Section_7,EndSurvey,2024-09-25 20:26:58.973197,1,,,0.0,,,,,,,,,,,,,,ryu6snyq,,,,,0,Experiment_1_Persistence,https://app.prolific.com/submissions/complete?cc=C1BTHULB,0.0,1.0,156,,0.0,60e9e639ca992b3ffc3dee53,1,1,156,,0.0,C,C,A,C,B,D,C,A,B,C,CCACBDCABC,0.1,0,0.0,1,1,156,,0.0,noisy,random,positive,Fail,red,6,3,2,Fail Box,1,1,156,,0.0,D,B,A,D,B,D,A,B,C,A,DBADBDABCA,0.8,Non-STEM Track,,0,0.0,2,1,1,156,,0.0,R,R,R,R,C,C,C,C,C,C,C,RRRRCCCCCCC,1,1,156,,0.0,0,0,1,0,0,0,0,0,0,Because the fists STEM track that I had was quite difficult for me.,Information technology.,"I enjoyed it, thank you for having me!",Non-STEM Track,1,1,,,,,,,,,,,,,,,,,,,,,,,,,,,,,,,,,,,,,,,,,,,,,,,,,,,,,,,,,,,,,,,,,,,,,,,,,,,,,,,,,,,,,,,,,,,,,,,,,,,,,,,,,,,,,,,,,,,,,,,,,,,,,,,,,,,,,,,,,,,,,,,,,,,,,,,,,,,,,,,,,,,,,,,,,,,,,,,,,,,,,,,,,,,,,,,,,,,,,,,,,,,,,,,,,,,,,,,,,,,,,,,,,,,,,,,,,,,,,,,,,,,,,,,,,,,,,,,,,,,,,,,,,,,,,,,,,,,,,,,,,,,,,,,,,,,,,,,,,,,,,,,,,,,,,,,,,,,
157,ivp65kok,,0,18,18,Section_7,EndSurvey,2024-09-25 20:27:00.516509,1,,,0.0,,,,,,,,,,,,,,ryu6snyq,,,,,0,Experiment_1_Persistence,https://app.prolific.com/submissions/complete?cc=C1BTHULB,0.0,1.0,157,,0.0,66d761ecb471fd4fc04e5d68,1,1,157,,0.0,D,A,B,C,B,D,C,C,C,B,DABCBDCCCB,0.5,0,0.0,1,1,157,,0.0,noisy,random,ground,Pass,red,50,3,5,Fail Box,1,1,157,,0.0,D,B,A,C,B,D,A,B,C,D,DBACBDABCD,1.0,Non-STEM Track,,0,0.0,5,1,1,157,,0.0,R,R,R,R,R,C,C,C,C,C,C,RRRRRCCCCCC,1,1,157,,0.0,1,0,0,0,0,0,0,0,0,I'm better at non-stem questions,I studied law,Good! Enjoyed it,Non-STEM Track,1,1,,,,,,,,,,,,,,,,,,,,,,,,,,,,,,,,,,,,,,,,,,,,,,,,,,,,,,,,,,,,,,,,,,,,,,,,,,,,,,,,,,,,,,,,,,,,,,,,,,,,,,,,,,,,,,,,,,,,,,,,,,,,,,,,,,,,,,,,,,,,,,,,,,,,,,,,,,,,,,,,,,,,,,,,,,,,,,,,,,,,,,,,,,,,,,,,,,,,,,,,,,,,,,,,,,,,,,,,,,,,,,,,,,,,,,,,,,,,,,,,,,,,,,,,,,,,,,,,,,,,,,,,,,,,,,,,,,,,,,,,,,,,,,,,,,,,,,,,,,,,,,,,,,,,,,,,,,,
158,w7o4j2ub,,0,18,18,Section_7,EndSurvey,2024-09-25 20:27:13.242614,1,,,0.0,,,,,,,,,,,,,,ryu6snyq,,,,,0,Experiment_1_Persistence,https://app.prolific.com/submissions/complete?cc=C1BTHULB,0.0,1.0,158,,0.0,65ec050240cb115908f6b9f4,1,1,158,,0.0,B,D,A,C,A,C,C,D,B,A,BDACACCDBA,0.0,0,0.0,1,1,158,,0.0,noisy,random,positive,Fail,red,60,5,4,Fail Box,1,1,158,,0.0,D,B,A,C,B,D,A,B,C,D,DBACBDABCD,1.0,Non-STEM Track,,0,0.0,4,1,1,158,,0.0,R,R,R,R,R,C,C,C,C,C,C,RRRRRCCCCCC,1,1,158,,0.0,0,0,1,0,0,0,0,0,0,I wasn't sure how much more time I would have to spend on this and if it was really worth the little money,Psychology,No comment,Non-STEM Track,1,1,,,,,,,,,,,,,,,,,,,,,,,,,,,,,,,,,,,,,,,,,,,,,,,,,,,,,,,,,,,,,,,,,,,,,,,,,,,,,,,,,,,,,,,,,,,,,,,,,,,,,,,,,,,,,,,,,,,,,,,,,,,,,,,,,,,,,,,,,,,,,,,,,,,,,,,,,,,,,,,,,,,,,,,,,,,,,,,,,,,,,,,,,,,,,,,,,,,,,,,,,,,,,,,,,,,,,,,,,,,,,,,,,,,,,,,,,,,,,,,,,,,,,,,,,,,,,,,,,,,,,,,,,,,,,,,,,,,,,,,,,,,,,,,,,,,,,,,,,,,,,,,,,,,,,,,,,,,
159,xm0an6qe,,0,18,18,Section_7,EndSurvey,2024-09-25 20:27:47.455702,1,,,0.0,,,,,,,,,,,,,,ryu6snyq,,,,,0,Experiment_1_Persistence,https://app.prolific.com/submissions/complete?cc=C1BTHULB,0.0,1.0,159,,0.0,56b57cc50759c90008c0271a,1,1,159,,0.0,C,D,A,C,C,C,C,D,C,C,CDACCCCDCC,0.1,0,0.0,1,1,159,,0.0,noisy,random,positive,Fail,red,20,2,3,Fail Box,1,1,159,,0.0,D,B,A,C,B,D,A,B,C,D,DBACBDABCD,1.0,Non-STEM Track,,0,0.0,3,1,1,159,,0.0,R,R,R,R,C,C,C,C,C,C,C,RRRRCCCCCCC,1,1,159,,0.0,0,0,1,0,0,0,0,0,0,Because I was more confident in my ability to answer non stem questions on my own without any help and I feel strong on my ability to answer those types of questions under time constraints,"Science, Math and English, Accounting",it was interesting,Non-STEM Track,1,1,,,,,,,,,,,,,,,,,,,,,,,,,,,,,,,,,,,,,,,,,,,,,,,,,,,,,,,,,,,,,,,,,,,,,,,,,,,,,,,,,,,,,,,,,,,,,,,,,,,,,,,,,,,,,,,,,,,,,,,,,,,,,,,,,,,,,,,,,,,,,,,,,,,,,,,,,,,,,,,,,,,,,,,,,,,,,,,,,,,,,,,,,,,,,,,,,,,,,,,,,,,,,,,,,,,,,,,,,,,,,,,,,,,,,,,,,,,,,,,,,,,,,,,,,,,,,,,,,,,,,,,,,,,,,,,,,,,,,,,,,,,,,,,,,,,,,,,,,,,,,,,,,,,,,,,,,,,
160,qy5gnpr6,,0,5,18,Section_2_3,Section_2,2024-09-25 20:28:00.551914,1,,,0.0,,,,,,,,,,,,,,ryu6snyq,,,,,0,Experiment_1_Persistence,https://app.prolific.com/submissions/complete?cc=C1BTHULB,0.0,1.0,160,,0.0,662a602682165705134cca0a,1,1,160,,0.0,,,,,,,,,,,__________,0.0,0,0.0,1,1,160,,0.0,,,,,,,,,,1,1,160,,0.0,,,,,,,,,,,,,,,,,,1,1,160,,0.0,,,,,,,,,,,,,1,1,160,,0.0,0,0,0,0,0,0,0,0,0,,,,,1,1,,,,,,,,,,,,,,,,,,,,,,,,,,,,,,,,,,,,,,,,,,,,,,,,,,,,,,,,,,,,,,,,,,,,,,,,,,,,,,,,,,,,,,,,,,,,,,,,,,,,,,,,,,,,,,,,,,,,,,,,,,,,,,,,,,,,,,,,,,,,,,,,,,,,,,,,,,,,,,,,,,,,,,,,,,,,,,,,,,,,,,,,,,,,,,,,,,,,,,,,,,,,,,,,,,,,,,,,,,,,,,,,,,,,,,,,,,,,,,,,,,,,,,,,,,,,,,,,,,,,,,,,,,,,,,,,,,,,,,,,,,,,,,,,,,,,,,,,,,,,,,,,,,,,,,,,,,,
161,bynk7y3b,,0,18,18,Section_7,EndSurvey,2024-09-25 20:28:05.706019,1,,,0.0,,,,,,,,,,,,,,ryu6snyq,,,,,0,Experiment_1_Persistence,https://app.prolific.com/submissions/complete?cc=C1BTHULB,0.0,1.0,161,,0.0,662fb3c5e1820641167cb02a,1,1,161,,0.0,D,A,A,C,B,B,B,A,A,A,DAACBBBAAA,0.3,1,4.54,1,1,161,,0.0,noisy,random,negative,Pass,red,50,2,2,Fail Box,1,1,161,,0.0,D,B,A,C,B,D,A,B,C,D,DBACBDABCD,1.0,Non-STEM Track,,2,3.948,2,1,1,161,,0.0,R,R,R,R,C,C,C,C,C,C,C,RRRRCCCCCCC,1,1,161,,0.0,0,0,1,0,0,0,0,0,0,Math is hard for me,science,I hate math so it wasn't pleasent,Non-STEM Track,1,1,,,,,,,,,,,,,,,,,,,,,,,,,,,,,,,,,,,,,,,,,,,,,,,,,,,,,,,,,,,,,,,,,,,,,,,,,,,,,,,,,,,,,,,,,,,,,,,,,,,,,,,,,,,,,,,,,,,,,,,,,,,,,,,,,,,,,,,,,,,,,,,,,,,,,,,,,,,,,,,,,,,,,,,,,,,,,,,,,,,,,,,,,,,,,,,,,,,,,,,,,,,,,,,,,,,,,,,,,,,,,,,,,,,,,,,,,,,,,,,,,,,,,,,,,,,,,,,,,,,,,,,,,,,,,,,,,,,,,,,,,,,,,,,,,,,,,,,,,,,,,,,,,,,,,,,,,,,
162,ao4wcark,,0,18,18,Section_7,EndSurvey,2024-09-25 20:28:30.264216,1,,,0.0,,,,,,,,,,,,,,ryu6snyq,,,,,0,Experiment_1_Persistence,https://app.prolific.com/submissions/complete?cc=C1BTHULB,0.0,1.0,162,,0.0,666c88b9d74e89acb4f92aaf,1,1,162,,0.0,D,A,A,C,B,A,D,C,B,C,DAACBADCBC,0.4,0,0.0,1,1,162,,0.0,noisy,random,positive,Fail,red,50,4,5,Fail Box,1,1,162,,0.0,D,B,A,C,B,D,A,B,C,D,DBACBDABCD,1.0,Non-STEM Track,,0,0.0,5,1,1,162,,0.0,R,R,R,R,R,R,R,R,C,C,C,RRRRRRRRCCC,1,1,162,,0.0,0,0,1,0,0,0,0,0,0,"The math questions were so tough, I decided to try a different route.",I mainly studied medical subjects in college and so far have worked in the medical administration industry.,It would be nice to know which questions I answered correctly.,Non-STEM Track,1,1,,,,,,,,,,,,,,,,,,,,,,,,,,,,,,,,,,,,,,,,,,,,,,,,,,,,,,,,,,,,,,,,,,,,,,,,,,,,,,,,,,,,,,,,,,,,,,,,,,,,,,,,,,,,,,,,,,,,,,,,,,,,,,,,,,,,,,,,,,,,,,,,,,,,,,,,,,,,,,,,,,,,,,,,,,,,,,,,,,,,,,,,,,,,,,,,,,,,,,,,,,,,,,,,,,,,,,,,,,,,,,,,,,,,,,,,,,,,,,,,,,,,,,,,,,,,,,,,,,,,,,,,,,,,,,,,,,,,,,,,,,,,,,,,,,,,,,,,,,,,,,,,,,,,,,,,,,,
163,bmo9ioks,,0,18,18,Section_7,EndSurvey,2024-09-25 20:28:36.729750,1,,,0.0,,,,,,,,,,,,,,ryu6snyq,,,,,0,Experiment_1_Persistence,https://app.prolific.com/submissions/complete?cc=C1BTHULB,0.0,1.0,163,,0.0,5f04b7a99b50ac10df3a9eac,1,1,163,,0.0,D,A,A,C,C,A,A,B,A,B,DAACCAABAB,0.2,0,0.0,1,1,163,,0.0,noisy,random,negative,Fail,black,10,1,5,Fail Box,1,1,163,,0.0,D,B,A,C,B,D,A,B,C,D,DBACBDABCD,1.0,Non-STEM Track,,0,0.0,5,1,1,163,,0.0,R,R,R,C,C,C,C,C,C,C,C,RRRCCCCCCCC,1,1,163,,0.0,0,0,1,0,0,0,0,0,0,I'm terrible at math! ,"English/literature, music, psychology",The math test was so hard!,Non-STEM Track,1,1,,,,,,,,,,,,,,,,,,,,,,,,,,,,,,,,,,,,,,,,,,,,,,,,,,,,,,,,,,,,,,,,,,,,,,,,,,,,,,,,,,,,,,,,,,,,,,,,,,,,,,,,,,,,,,,,,,,,,,,,,,,,,,,,,,,,,,,,,,,,,,,,,,,,,,,,,,,,,,,,,,,,,,,,,,,,,,,,,,,,,,,,,,,,,,,,,,,,,,,,,,,,,,,,,,,,,,,,,,,,,,,,,,,,,,,,,,,,,,,,,,,,,,,,,,,,,,,,,,,,,,,,,,,,,,,,,,,,,,,,,,,,,,,,,,,,,,,,,,,,,,,,,,,,,,,,,,,
164,ux336rrf,,0,4,18,Section_1,Conclusion,2024-09-25 20:28:49.099155,1,,,0.0,,,,,,,,,,,,,,ryu6snyq,,,,,0,Experiment_1_Persistence,https://app.prolific.com/submissions/complete?cc=C1BTHULB,0.0,1.0,164,,0.0,668587758fca61955b45e1fe,1,1,164,,0.0,,,,,,,,,,,__________,0.0,0,0.0,1,1,164,,0.0,,,,,,,,,,1,1,164,,0.0,,,,,,,,,,,,,,,,,,1,1,164,,0.0,,,,,,,,,,,,,1,1,164,,0.0,0,0,0,0,0,0,0,0,0,,,,,1,1,,,,,,,,,,,,,,,,,,,,,,,,,,,,,,,,,,,,,,,,,,,,,,,,,,,,,,,,,,,,,,,,,,,,,,,,,,,,,,,,,,,,,,,,,,,,,,,,,,,,,,,,,,,,,,,,,,,,,,,,,,,,,,,,,,,,,,,,,,,,,,,,,,,,,,,,,,,,,,,,,,,,,,,,,,,,,,,,,,,,,,,,,,,,,,,,,,,,,,,,,,,,,,,,,,,,,,,,,,,,,,,,,,,,,,,,,,,,,,,,,,,,,,,,,,,,,,,,,,,,,,,,,,,,,,,,,,,,,,,,,,,,,,,,,,,,,,,,,,,,,,,,,,,,,,,,,,,
165,eqyn07rz,,0,4,18,Section_1,Conclusion,2024-09-25 20:28:54.775059,1,,,0.0,,,,,,,,,,,,,,ryu6snyq,,,,,0,Experiment_1_Persistence,https://app.prolific.com/submissions/complete?cc=C1BTHULB,0.0,1.0,165,,0.0,66908eecc135ec77905c2810,1,1,165,,0.0,,,,,,,,,,,__________,0.0,0,0.0,1,1,165,,0.0,,,,,,,,,,1,1,165,,0.0,,,,,,,,,,,,,,,,,,1,1,165,,0.0,,,,,,,,,,,,,1,1,165,,0.0,0,0,0,0,0,0,0,0,0,,,,,1,1,,,,,,,,,,,,,,,,,,,,,,,,,,,,,,,,,,,,,,,,,,,,,,,,,,,,,,,,,,,,,,,,,,,,,,,,,,,,,,,,,,,,,,,,,,,,,,,,,,,,,,,,,,,,,,,,,,,,,,,,,,,,,,,,,,,,,,,,,,,,,,,,,,,,,,,,,,,,,,,,,,,,,,,,,,,,,,,,,,,,,,,,,,,,,,,,,,,,,,,,,,,,,,,,,,,,,,,,,,,,,,,,,,,,,,,,,,,,,,,,,,,,,,,,,,,,,,,,,,,,,,,,,,,,,,,,,,,,,,,,,,,,,,,,,,,,,,,,,,,,,,,,,,,,,,,,,,,
166,9rf9mx7u,,0,18,18,Section_7,EndSurvey,2024-09-25 20:29:03.019076,1,,,0.0,,,,,,,,,,,,,,ryu6snyq,,,,,0,Experiment_1_Persistence,https://app.prolific.com/submissions/complete?cc=C1BTHULB,0.0,1.0,166,,0.0,5e1c138a2bf9514062e4de6b,1,1,166,,0.0,D,B,D,A,B,D,B,D,B,A,DBDABDBDBA,0.1,0,0.0,1,1,166,,0.0,noisy,random,positive,Pass,black,1,1,1,Pass Box,1,1,166,,0.0,B,C,A,B,B,D,C,C,C,A,BCABBDCCCA,0.3,STEM Track,,0,0.0,1,1,1,166,,0.0,R,R,R,R,R,C,C,C,C,C,C,RRRRRCCCCCC,1,1,166,,0.0,0,0,1,0,0,0,0,0,0,To challenge myself.,Computer Science,Thank you.,STEM Track,1,1,,,,,,,,,,,,,,,,,,,,,,,,,,,,,,,,,,,,,,,,,,,,,,,,,,,,,,,,,,,,,,,,,,,,,,,,,,,,,,,,,,,,,,,,,,,,,,,,,,,,,,,,,,,,,,,,,,,,,,,,,,,,,,,,,,,,,,,,,,,,,,,,,,,,,,,,,,,,,,,,,,,,,,,,,,,,,,,,,,,,,,,,,,,,,,,,,,,,,,,,,,,,,,,,,,,,,,,,,,,,,,,,,,,,,,,,,,,,,,,,,,,,,,,,,,,,,,,,,,,,,,,,,,,,,,,,,,,,,,,,,,,,,,,,,,,,,,,,,,,,,,,,,,,,,,,,,,,
167,k1hojhzy,,0,18,18,Section_7,EndSurvey,2024-09-25 20:29:03.348868,1,,,0.0,,,,,,,,,,,,,,ryu6snyq,,,,,0,Experiment_1_Persistence,https://app.prolific.com/submissions/complete?cc=C1BTHULB,0.0,1.0,167,,0.0,666521a72d980c779a45cbbd,1,1,167,,0.0,D,B,B,C,A,A,C,B,C,B,DBBCAACBCB,0.2,0,0.0,1,1,167,,0.0,noisy,random,negative,Pass,red,50,2,2,Pass Box,1,1,167,,0.0,C,C,A,D,D,B,C,C,D,A,CCADDBCCDA,0.1,STEM Track,,0,0.0,2,1,1,167,,0.0,R,R,R,R,R,C,C,C,C,C,C,RRRRRCCCCCC,1,1,167,,0.0,0,0,1,0,0,0,0,0,0,I wanted the higher bonus,healthcare,the math was hard ,STEM Track,1,1,,,,,,,,,,,,,,,,,,,,,,,,,,,,,,,,,,,,,,,,,,,,,,,,,,,,,,,,,,,,,,,,,,,,,,,,,,,,,,,,,,,,,,,,,,,,,,,,,,,,,,,,,,,,,,,,,,,,,,,,,,,,,,,,,,,,,,,,,,,,,,,,,,,,,,,,,,,,,,,,,,,,,,,,,,,,,,,,,,,,,,,,,,,,,,,,,,,,,,,,,,,,,,,,,,,,,,,,,,,,,,,,,,,,,,,,,,,,,,,,,,,,,,,,,,,,,,,,,,,,,,,,,,,,,,,,,,,,,,,,,,,,,,,,,,,,,,,,,,,,,,,,,,,,,,,,,,,
168,jm0iy97l,,0,18,18,Section_7,EndSurvey,2024-09-25 20:29:11.860152,1,,,0.0,,,,,,,,,,,,,,ryu6snyq,,,,,0,Experiment_1_Persistence,https://app.prolific.com/submissions/complete?cc=C1BTHULB,0.0,1.0,168,,0.0,5c7f17223eaee4001614f4b1,1,1,168,,0.0,A,A,B,B,D,B,D,A,C,C,AABBDBDACC,0.6,0,0.0,1,1,168,,0.0,noisy,random,negative,Fail,red,90,6,7,Pass Box,1,1,168,,0.0,D,B,A,C,B,D,A,B,C,D,DBACBDABCD,1.0,Non-STEM Track,,0,0.0,7,1,1,168,,0.0,R,R,R,R,R,C,C,C,C,C,C,RRRRRCCCCCC,1,1,168,,0.0,0,0,1,0,0,0,0,0,0,I decided to choose the Non-STEM track because the questions that I were given previously were rather hard to solve. I didn't know if the next STEM track would be even harder so I decided to play it safe.,"I studied Finance and Management in college. Since I'm a recent college graduate, I do not have industry experience.",I think it was a very interesting experience since I wasnt prepared for STEM questions but it was also a nice change of pace.,Non-STEM Track,1,1,,,,,,,,,,,,,,,,,,,,,,,,,,,,,,,,,,,,,,,,,,,,,,,,,,,,,,,,,,,,,,,,,,,,,,,,,,,,,,,,,,,,,,,,,,,,,,,,,,,,,,,,,,,,,,,,,,,,,,,,,,,,,,,,,,,,,,,,,,,,,,,,,,,,,,,,,,,,,,,,,,,,,,,,,,,,,,,,,,,,,,,,,,,,,,,,,,,,,,,,,,,,,,,,,,,,,,,,,,,,,,,,,,,,,,,,,,,,,,,,,,,,,,,,,,,,,,,,,,,,,,,,,,,,,,,,,,,,,,,,,,,,,,,,,,,,,,,,,,,,,,,,,,,,,,,,,,,
169,0w0gz4cu,,0,18,18,Section_7,EndSurvey,2024-09-25 20:29:13.050403,1,,,0.0,,,,,,,,,,,,,,ryu6snyq,,,,,0,Experiment_1_Persistence,https://app.prolific.com/submissions/complete?cc=C1BTHULB,0.0,1.0,169,,0.0,607254cd31c9aa4682a4672c,1,1,169,,0.0,B,A,D,C,C,B,C,B,A,C,BADCCBCBAC,0.2,0,1727296215.475,1,1,169,,0.0,noisy,random,positive,Fail,red,19,2,3,Fail Box,1,1,169,,0.0,D,B,A,C,B,D,A,B,C,D,DBACBDABCD,1.0,Non-STEM Track,,0,0.0,3,1,1,169,,0.0,R,C,C,C,C,C,C,C,C,C,C,RCCCCCCCCCC,1,1,169,,0.0,0,0,1,0,0,0,0,0,0,"I thought it was safer to get a bonus per question rather than pass or fail. Also, I hate math.","Biology, English, Humanities, Public Relations",I was frustrated with the math section.,Non-STEM Track,1,1,,,,,,,,,,,,,,,,,,,,,,,,,,,,,,,,,,,,,,,,,,,,,,,,,,,,,,,,,,,,,,,,,,,,,,,,,,,,,,,,,,,,,,,,,,,,,,,,,,,,,,,,,,,,,,,,,,,,,,,,,,,,,,,,,,,,,,,,,,,,,,,,,,,,,,,,,,,,,,,,,,,,,,,,,,,,,,,,,,,,,,,,,,,,,,,,,,,,,,,,,,,,,,,,,,,,,,,,,,,,,,,,,,,,,,,,,,,,,,,,,,,,,,,,,,,,,,,,,,,,,,,,,,,,,,,,,,,,,,,,,,,,,,,,,,,,,,,,,,,,,,,,,,,,,,,,,,,
170,8wtvg2yf,,0,18,18,Section_7,EndSurvey,2024-09-25 20:29:31.612357,1,,,0.0,,,,,,,,,,,,,,ryu6snyq,,,,,0,Experiment_1_Persistence,https://app.prolific.com/submissions/complete?cc=C1BTHULB,0.0,1.0,170,,0.0,6637ab726b91eaf9e6582b89,1,1,170,,0.0,D,D,B,C,B,B,C,D,C,A,DDBCBBCDCA,0.3,0,0.0,1,1,170,,0.0,noisy,random,positive,Pass,black,0,2,2,Pass Box,1,1,170,,0.0,D,B,A,C,B,D,A,B,C,D,DBACBDABCD,1.0,Non-STEM Track,,0,0.0,2,1,1,170,,0.0,R,R,R,R,R,C,C,C,C,C,C,RRRRRCCCCCC,1,1,170,,0.0,0,0,0,1,1,0,0,0,0,Math is not my best subjects. ,"IT, Marketing. ","Experience was good, no feedback! ",Non-STEM Track,1,1,,,,,,,,,,,,,,,,,,,,,,,,,,,,,,,,,,,,,,,,,,,,,,,,,,,,,,,,,,,,,,,,,,,,,,,,,,,,,,,,,,,,,,,,,,,,,,,,,,,,,,,,,,,,,,,,,,,,,,,,,,,,,,,,,,,,,,,,,,,,,,,,,,,,,,,,,,,,,,,,,,,,,,,,,,,,,,,,,,,,,,,,,,,,,,,,,,,,,,,,,,,,,,,,,,,,,,,,,,,,,,,,,,,,,,,,,,,,,,,,,,,,,,,,,,,,,,,,,,,,,,,,,,,,,,,,,,,,,,,,,,,,,,,,,,,,,,,,,,,,,,,,,,,,,,,,,,,
171,13k7v4sz,,0,18,18,Section_7,EndSurvey,2024-09-25 20:29:34.260315,1,,,0.0,,,,,,,,,,,,,,ryu6snyq,,,,,0,Experiment_1_Persistence,https://app.prolific.com/submissions/complete?cc=C1BTHULB,0.0,1.0,171,,0.0,66c49506c24e39d11f5d89fc,1,1,171,,0.0,D,D,B,B,B,A,D,C,A,B,DDBBBADCAB,0.5,0,0.0,1,1,171,,0.0,noisy,random,ground,Pass,red,50,4,4,Pass Box,1,1,171,,0.0,D,B,A,C,B,D,A,B,C,D,DBACBDABCD,1.0,Non-STEM Track,,0,0.0,4,1,1,171,,0.0,R,R,R,R,R,C,C,C,C,C,C,RRRRRCCCCCC,1,1,171,,0.0,0,0,1,0,0,0,0,0,0,guaranteed money and seemed less confusing,"I studied psychology and have worked in education, childcare, and private assistance.","It was a little confusing but alot of fun, thank you!",Non-STEM Track,1,1,,,,,,,,,,,,,,,,,,,,,,,,,,,,,,,,,,,,,,,,,,,,,,,,,,,,,,,,,,,,,,,,,,,,,,,,,,,,,,,,,,,,,,,,,,,,,,,,,,,,,,,,,,,,,,,,,,,,,,,,,,,,,,,,,,,,,,,,,,,,,,,,,,,,,,,,,,,,,,,,,,,,,,,,,,,,,,,,,,,,,,,,,,,,,,,,,,,,,,,,,,,,,,,,,,,,,,,,,,,,,,,,,,,,,,,,,,,,,,,,,,,,,,,,,,,,,,,,,,,,,,,,,,,,,,,,,,,,,,,,,,,,,,,,,,,,,,,,,,,,,,,,,,,,,,,,,,,
172,bpvt5eut,,0,18,18,Section_7,EndSurvey,2024-09-25 20:29:35.369135,1,,,0.0,,,,,,,,,,,,,,ryu6snyq,,,,,0,Experiment_1_Persistence,https://app.prolific.com/submissions/complete?cc=C1BTHULB,0.0,1.0,172,,0.0,666e6fdc0d4a47213fa8722a,1,1,172,,0.0,D,C,C,D,C,A,B,B,C,C,DCCDCABBCC,0.2,0,0.0,1,1,172,,0.0,noisy,random,ground,Fail,black,60,4,5,Fail Box,1,1,172,,0.0,D,B,A,C,B,A,A,B,C,D,DBACBAABCD,0.9,Non-STEM Track,,0,0.0,5,1,1,172,,0.0,R,R,R,R,C,C,C,R,C,C,C,RRRRCCCRCCC,1,1,172,,0.0,0,0,1,0,0,0,0,0,0,I had stem teachers that didn't encourage or teach properly. Didn't really learn.,"English, social studies, and math. ",Na,Non-STEM Track,1,1,,,,,,,,,,,,,,,,,,,,,,,,,,,,,,,,,,,,,,,,,,,,,,,,,,,,,,,,,,,,,,,,,,,,,,,,,,,,,,,,,,,,,,,,,,,,,,,,,,,,,,,,,,,,,,,,,,,,,,,,,,,,,,,,,,,,,,,,,,,,,,,,,,,,,,,,,,,,,,,,,,,,,,,,,,,,,,,,,,,,,,,,,,,,,,,,,,,,,,,,,,,,,,,,,,,,,,,,,,,,,,,,,,,,,,,,,,,,,,,,,,,,,,,,,,,,,,,,,,,,,,,,,,,,,,,,,,,,,,,,,,,,,,,,,,,,,,,,,,,,,,,,,,,,,,,,,,,
173,06w8v0m5,,0,18,18,Section_7,EndSurvey,2024-09-25 20:29:35.469852,1,,,0.0,,,,,,,,,,,,,,ryu6snyq,,,,,0,Experiment_1_Persistence,https://app.prolific.com/submissions/complete?cc=C1BTHULB,0.0,1.0,173,,0.0,58be2fc3bfc0f4000179f3c5,1,1,173,,0.0,,,,,,,,,,,__________,0.0,0,0.0,1,1,173,,0.0,noisy,random,negative,Fail,red,64,6,5,Pass Box,1,1,173,,0.0,B,C,C,B,A,D,C,A,C,C,BCCBADCACC,0.7,STEM Track,,0,0.0,5,1,1,173,,0.0,R,R,R,R,R,C,C,C,C,C,C,RRRRRCCCCCC,1,1,173,,0.0,0,0,1,0,0,0,0,0,1,I thought science was the basis of reality.,"math, computer science, philosophy, education","I had no paper handy. If I had scratch paper I would likely have done much better. As it was, on the second set I just guessed on the last few after I knew I had gottern five or six right.",STEM Track,1,1,,,,,,,,,,,,,,,,,,,,,,,,,,,,,,,,,,,,,,,,,,,,,,,,,,,,,,,,,,,,,,,,,,,,,,,,,,,,,,,,,,,,,,,,,,,,,,,,,,,,,,,,,,,,,,,,,,,,,,,,,,,,,,,,,,,,,,,,,,,,,,,,,,,,,,,,,,,,,,,,,,,,,,,,,,,,,,,,,,,,,,,,,,,,,,,,,,,,,,,,,,,,,,,,,,,,,,,,,,,,,,,,,,,,,,,,,,,,,,,,,,,,,,,,,,,,,,,,,,,,,,,,,,,,,,,,,,,,,,,,,,,,,,,,,,,,,,,,,,,,,,,,,,,,,,,,,,,
174,u39hqbov,,0,18,18,Section_7,EndSurvey,2024-09-25 20:29:48.970564,1,,,0.0,,,,,,,,,,,,,,ryu6snyq,,,,,0,Experiment_1_Persistence,https://app.prolific.com/submissions/complete?cc=C1BTHULB,0.0,1.0,174,,0.0,5f4fe426bc50f511ff591125,1,1,174,,0.0,D,C,B,B,A,B,B,B,A,A,DCBBABBBAA,0.2,0,0.0,1,1,174,,0.0,noisy,random,negative,Pass,red,5,1,1,Pass Box,1,1,174,,0.0,A,A,A,A,A,A,A,A,A,A,AAAAAAAAAA,0.4,STEM Track,,0,0.0,1,1,1,174,,0.0,R,R,R,R,R,R,C,C,C,C,C,RRRRRRCCCCC,1,1,174,,0.0,0,0,1,0,0,0,0,0,0,more chance of more money,"English, personal finance",,STEM Track,1,1,,,,,,,,,,,,,,,,,,,,,,,,,,,,,,,,,,,,,,,,,,,,,,,,,,,,,,,,,,,,,,,,,,,,,,,,,,,,,,,,,,,,,,,,,,,,,,,,,,,,,,,,,,,,,,,,,,,,,,,,,,,,,,,,,,,,,,,,,,,,,,,,,,,,,,,,,,,,,,,,,,,,,,,,,,,,,,,,,,,,,,,,,,,,,,,,,,,,,,,,,,,,,,,,,,,,,,,,,,,,,,,,,,,,,,,,,,,,,,,,,,,,,,,,,,,,,,,,,,,,,,,,,,,,,,,,,,,,,,,,,,,,,,,,,,,,,,,,,,,,,,,,,,,,,,,,,,,
175,lte0qq23,,0,1,18,Intro,Intro,2024-09-25 20:29:49.508570,1,,,0.0,,,,,,,,,,,,,,ryu6snyq,,,,,0,Experiment_1_Persistence,https://app.prolific.com/submissions/complete?cc=C1BTHULB,0.0,1.0,175,,0.0,,1,1,175,,0.0,,,,,,,,,,,,,,,1,1,175,,0.0,,,,,,,,,,1,1,175,,0.0,,,,,,,,,,,,,,,,,,1,1,175,,0.0,,,,,,,,,,,,,1,1,175,,0.0,0,0,0,0,0,0,0,0,0,,,,,1,1,,,,,,,,,,,,,,,,,,,,,,,,,,,,,,,,,,,,,,,,,,,,,,,,,,,,,,,,,,,,,,,,,,,,,,,,,,,,,,,,,,,,,,,,,,,,,,,,,,,,,,,,,,,,,,,,,,,,,,,,,,,,,,,,,,,,,,,,,,,,,,,,,,,,,,,,,,,,,,,,,,,,,,,,,,,,,,,,,,,,,,,,,,,,,,,,,,,,,,,,,,,,,,,,,,,,,,,,,,,,,,,,,,,,,,,,,,,,,,,,,,,,,,,,,,,,,,,,,,,,,,,,,,,,,,,,,,,,,,,,,,,,,,,,,,,,,,,,,,,,,,,,,,,,,,,,,,,
176,5ysgax4n,,0,18,18,Section_7,EndSurvey,2024-09-25 20:29:56.243927,1,,,0.0,,,,,,,,,,,,,,ryu6snyq,,,,,0,Experiment_1_Persistence,https://app.prolific.com/submissions/complete?cc=C1BTHULB,0.0,1.0,176,,0.0,668327594e2bd7a211c3fa6f,1,1,176,,0.0,D,D,D,D,D,D,D,D,D,D,DDDDDDDDDD,0.1,0,0.0,1,1,176,,0.0,noisy,random,negative,Fail,black,75,3,3,Fail Box,1,1,176,,0.0,D,B,A,C,B,D,A,B,C,D,DBACBDABCD,1.0,Non-STEM Track,,0,0.0,3,1,1,176,,0.0,R,R,R,R,R,C,C,C,C,C,C,RRRRRCCCCCC,1,1,176,,0.0,0,0,1,0,1,0,0,0,0,"Because I assumed the black ball indicated that I failed the first test, so I wanted to try something different. I felt pressured with the timer and hadn't done algebra in nearly 20 years.","Architecture, Accounting, Non-Profit, Human Services",Experience was enjoyable. No feedback.,Non-STEM Track,1,1,,,,,,,,,,,,,,,,,,,,,,,,,,,,,,,,,,,,,,,,,,,,,,,,,,,,,,,,,,,,,,,,,,,,,,,,,,,,,,,,,,,,,,,,,,,,,,,,,,,,,,,,,,,,,,,,,,,,,,,,,,,,,,,,,,,,,,,,,,,,,,,,,,,,,,,,,,,,,,,,,,,,,,,,,,,,,,,,,,,,,,,,,,,,,,,,,,,,,,,,,,,,,,,,,,,,,,,,,,,,,,,,,,,,,,,,,,,,,,,,,,,,,,,,,,,,,,,,,,,,,,,,,,,,,,,,,,,,,,,,,,,,,,,,,,,,,,,,,,,,,,,,,,,,,,,,,,,
177,436yltt4,,0,18,18,Section_7,EndSurvey,2024-09-25 20:30:08.573464,1,,,0.0,,,,,,,,,,,,,,ryu6snyq,,,,,0,Experiment_1_Persistence,https://app.prolific.com/submissions/complete?cc=C1BTHULB,0.0,1.0,177,,0.0,66463b51bfb8084f4f45b602,1,1,177,,0.0,D,A,C,C,B,B,D,C,B,B,DACCBBDCBB,0.7,0,0.0,1,1,177,,0.0,noisy,random,positive,Fail,red,80,8,8,Pass Box,1,1,177,,0.0,B,B,C,C,A,D,C,A,D,C,BBCCADCADC,0.7,STEM Track,,0,0.0,8,1,1,177,,0.0,R,R,R,C,C,C,C,C,C,C,C,RRRCCCCCCCC,1,1,177,,0.0,1,0,0,0,0,0,0,0,0,It seemed like a less risky track given the previous questions,"English, Sociology, Communications",Everything went well,STEM Track,1,1,,,,,,,,,,,,,,,,,,,,,,,,,,,,,,,,,,,,,,,,,,,,,,,,,,,,,,,,,,,,,,,,,,,,,,,,,,,,,,,,,,,,,,,,,,,,,,,,,,,,,,,,,,,,,,,,,,,,,,,,,,,,,,,,,,,,,,,,,,,,,,,,,,,,,,,,,,,,,,,,,,,,,,,,,,,,,,,,,,,,,,,,,,,,,,,,,,,,,,,,,,,,,,,,,,,,,,,,,,,,,,,,,,,,,,,,,,,,,,,,,,,,,,,,,,,,,,,,,,,,,,,,,,,,,,,,,,,,,,,,,,,,,,,,,,,,,,,,,,,,,,,,,,,,,,,,,,,
178,gxl0phpu,,0,18,18,Section_7,EndSurvey,2024-09-25 20:30:10.830487,1,,,0.0,,,,,,,,,,,,,,ryu6snyq,,,,,0,Experiment_1_Persistence,https://app.prolific.com/submissions/complete?cc=C1BTHULB,0.0,1.0,178,,0.0,6134d9cf96a9c6192e24866d,1,1,178,,0.0,B,B,C,C,B,D,C,B,C,B,BBCCBDCBCB,0.4,1,8.717,1,1,178,,0.0,noisy,random,negative,Pass,red,50,4,4,Fail Box,1,1,178,,0.0,D,B,A,C,B,D,A,B,C,D,DBACBDABCD,1.0,Non-STEM Track,,0,0.0,4,1,1,178,,0.0,R,R,R,R,R,C,C,C,C,C,C,RRRRRCCCCCC,1,1,178,,0.0,0,0,1,0,0,0,0,0,0,I wanted to answer easier questions.  ,I only went to one year of college and took core classes.  I have worked in marketing and in sales.  ,The experience was good but the math was beyond my level of math skills.  ,Non-STEM Track,1,1,,,,,,,,,,,,,,,,,,,,,,,,,,,,,,,,,,,,,,,,,,,,,,,,,,,,,,,,,,,,,,,,,,,,,,,,,,,,,,,,,,,,,,,,,,,,,,,,,,,,,,,,,,,,,,,,,,,,,,,,,,,,,,,,,,,,,,,,,,,,,,,,,,,,,,,,,,,,,,,,,,,,,,,,,,,,,,,,,,,,,,,,,,,,,,,,,,,,,,,,,,,,,,,,,,,,,,,,,,,,,,,,,,,,,,,,,,,,,,,,,,,,,,,,,,,,,,,,,,,,,,,,,,,,,,,,,,,,,,,,,,,,,,,,,,,,,,,,,,,,,,,,,,,,,,,,,,,
179,tsawlwd7,,0,18,18,Section_7,EndSurvey,2024-09-25 20:30:11.815712,1,,,0.0,,,,,,,,,,,,,,ryu6snyq,,,,,0,Experiment_1_Persistence,https://app.prolific.com/submissions/complete?cc=C1BTHULB,0.0,1.0,179,,0.0,61000d9f866cb789b6472c51,1,1,179,,0.0,D,D,D,D,C,B,B,C,C,A,DDDDCBBCCA,0.3,0,0.0,1,1,179,,0.0,noisy,random,positive,Pass,black,10,2,3,Pass Box,1,1,179,,0.0,C,A,C,D,A,C,B,D,A,A,CACDACBDAA,0.3,STEM Track,,0,0.0,3,1,1,179,,0.0,R,C,C,C,C,C,C,C,C,C,C,RCCCCCCCCCC,1,1,179,,0.0,0,0,1,0,0,0,0,0,0,I wasnt sure what stem vs non stem meant so i just chose stem,i studied art and worked in marketing.,it was very difficult to understand.,STEM Track,1,1,,,,,,,,,,,,,,,,,,,,,,,,,,,,,,,,,,,,,,,,,,,,,,,,,,,,,,,,,,,,,,,,,,,,,,,,,,,,,,,,,,,,,,,,,,,,,,,,,,,,,,,,,,,,,,,,,,,,,,,,,,,,,,,,,,,,,,,,,,,,,,,,,,,,,,,,,,,,,,,,,,,,,,,,,,,,,,,,,,,,,,,,,,,,,,,,,,,,,,,,,,,,,,,,,,,,,,,,,,,,,,,,,,,,,,,,,,,,,,,,,,,,,,,,,,,,,,,,,,,,,,,,,,,,,,,,,,,,,,,,,,,,,,,,,,,,,,,,,,,,,,,,,,,,,,,,,,,
180,m4ptq683,,0,18,18,Section_7,EndSurvey,2024-09-25 20:30:14.765923,1,,,0.0,,,,,,,,,,,,,,ryu6snyq,,,,,0,Experiment_1_Persistence,https://app.prolific.com/submissions/complete?cc=C1BTHULB,0.0,1.0,180,,0.0,60fcec5f448d6d34a22bcafb,1,1,180,,0.0,C,D,C,A,B,C,B,A,B,C,CDCABCBABC,0.2,0,0.0,1,1,180,,0.0,noisy,random,positive,Pass,red,0,0,0,Fail Box,1,1,180,,0.0,D,B,A,C,B,D,A,B,C,D,DBACBDABCD,1.0,Non-STEM Track,,0,0.0,0,1,1,180,,0.0,R,R,R,R,R,R,R,C,C,C,C,RRRRRRRCCCC,1,1,180,,0.0,0,0,1,0,0,0,0,0,0,I thought I would have a better chance of answering correctly.,I studied art and science in school. I work in banking.,Great. ,Non-STEM Track,1,1,,,,,,,,,,,,,,,,,,,,,,,,,,,,,,,,,,,,,,,,,,,,,,,,,,,,,,,,,,,,,,,,,,,,,,,,,,,,,,,,,,,,,,,,,,,,,,,,,,,,,,,,,,,,,,,,,,,,,,,,,,,,,,,,,,,,,,,,,,,,,,,,,,,,,,,,,,,,,,,,,,,,,,,,,,,,,,,,,,,,,,,,,,,,,,,,,,,,,,,,,,,,,,,,,,,,,,,,,,,,,,,,,,,,,,,,,,,,,,,,,,,,,,,,,,,,,,,,,,,,,,,,,,,,,,,,,,,,,,,,,,,,,,,,,,,,,,,,,,,,,,,,,,,,,,,,,,,
181,1ble38wi,,0,18,18,Section_7,EndSurvey,2024-09-25 20:30:34.578186,1,,,0.0,,,,,,,,,,,,,,ryu6snyq,,,,,0,Experiment_1_Persistence,https://app.prolific.com/submissions/complete?cc=C1BTHULB,0.0,1.0,181,,0.0,5f5128c3aa1c4e30e4506d2c,1,1,181,,0.0,D,A,D,C,B,A,C,C,C,B,DADCBACCCB,0.5,0,0.0,1,1,181,,0.0,noisy,random,negative,Pass,red,50,5,4,Pass Box,1,1,181,,0.0,D,B,A,C,B,D,A,B,C,D,DBACBDABCD,1.0,Non-STEM Track,,0,0.0,4,1,1,181,,0.0,R,R,R,R,R,R,C,C,C,C,C,RRRRRRCCCCC,1,1,181,,0.0,0,0,1,0,0,0,0,0,0,"I expected another math test, which I wasn't confident in doing sufficiently well.",Economics and philosophy; sales and retail,It was very complex.  I spent a lot of time figuring out wat was being asked.,Non-STEM Track,1,1,,,,,,,,,,,,,,,,,,,,,,,,,,,,,,,,,,,,,,,,,,,,,,,,,,,,,,,,,,,,,,,,,,,,,,,,,,,,,,,,,,,,,,,,,,,,,,,,,,,,,,,,,,,,,,,,,,,,,,,,,,,,,,,,,,,,,,,,,,,,,,,,,,,,,,,,,,,,,,,,,,,,,,,,,,,,,,,,,,,,,,,,,,,,,,,,,,,,,,,,,,,,,,,,,,,,,,,,,,,,,,,,,,,,,,,,,,,,,,,,,,,,,,,,,,,,,,,,,,,,,,,,,,,,,,,,,,,,,,,,,,,,,,,,,,,,,,,,,,,,,,,,,,,,,,,,,,,
182,23p7sx84,,0,18,18,Section_7,EndSurvey,2024-09-25 20:30:38.140189,1,,,0.0,,,,,,,,,,,,,,ryu6snyq,,,,,0,Experiment_1_Persistence,https://app.prolific.com/submissions/complete?cc=C1BTHULB,0.0,1.0,182,,0.0,666e78556e916cd782e9c41b,1,1,182,,0.0,D,A,D,C,B,C,A,A,B,B,DADCBCAABB,0.3,0,0.0,1,1,182,,0.0,noisy,random,ground,Fail,black,60,5,5,Fail Box,1,1,182,,0.0,B,D,C,A,B,D,C,A,B,D,BDCABDCABD,0.7,STEM Track,,0,0.0,5,1,1,182,,0.0,R,R,R,C,C,C,C,C,C,C,C,RRRCCCCCCCC,1,1,182,,0.0,0,0,1,0,1,0,0,0,0,"I decided to choose the STEM track, as I used to have a fascination with mathematics along with science. I had previously wanted to become a pediatric neurologist which, in turn, propelled me to do well in my studies. I have since taken a different route in finance & accounting, but I still enjoy mathematics.","The main subjects I have studied and am currently studying as a college student is primarily mathematics, finance, accounting, and management, as well as a few English & science classes in that mix.",My experience was great. I enjoyed the challenge of this study and hope to be able to participate in similar studies at a future date. Thank you for the opportunity. ,STEM Track,1,1,,,,,,,,,,,,,,,,,,,,,,,,,,,,,,,,,,,,,,,,,,,,,,,,,,,,,,,,,,,,,,,,,,,,,,,,,,,,,,,,,,,,,,,,,,,,,,,,,,,,,,,,,,,,,,,,,,,,,,,,,,,,,,,,,,,,,,,,,,,,,,,,,,,,,,,,,,,,,,,,,,,,,,,,,,,,,,,,,,,,,,,,,,,,,,,,,,,,,,,,,,,,,,,,,,,,,,,,,,,,,,,,,,,,,,,,,,,,,,,,,,,,,,,,,,,,,,,,,,,,,,,,,,,,,,,,,,,,,,,,,,,,,,,,,,,,,,,,,,,,,,,,,,,,,,,,,,,
183,a54ur52n,,0,18,18,Section_7,EndSurvey,2024-09-25 20:30:42.501729,1,,,0.0,,,,,,,,,,,,,,ryu6snyq,,,,,0,Experiment_1_Persistence,https://app.prolific.com/submissions/complete?cc=C1BTHULB,0.0,1.0,183,,0.0,6595826f3295eff742fead3b,1,1,183,,0.0,D,A,,B,B,B,D,C,,B,DA_BBBDC_B,0.7,0,0.0,1,1,183,,0.0,noisy,random,positive,Pass,red,80,6,7,Not Sure,1,1,183,,0.0,B,D,C,A,A,D,C,A,B,C,BDCAADCABC,0.9,STEM Track,,0,0.0,7,1,1,183,,0.0,R,R,R,R,R,C,C,C,C,C,C,RRRRRCCCCCC,1,1,183,,0.0,0,0,1,0,0,0,0,0,1,I like math,"Studied math, work in advertising","Fine, no comments",STEM Track,1,1,,,,,,,,,,,,,,,,,,,,,,,,,,,,,,,,,,,,,,,,,,,,,,,,,,,,,,,,,,,,,,,,,,,,,,,,,,,,,,,,,,,,,,,,,,,,,,,,,,,,,,,,,,,,,,,,,,,,,,,,,,,,,,,,,,,,,,,,,,,,,,,,,,,,,,,,,,,,,,,,,,,,,,,,,,,,,,,,,,,,,,,,,,,,,,,,,,,,,,,,,,,,,,,,,,,,,,,,,,,,,,,,,,,,,,,,,,,,,,,,,,,,,,,,,,,,,,,,,,,,,,,,,,,,,,,,,,,,,,,,,,,,,,,,,,,,,,,,,,,,,,,,,,,,,,,,,,,
184,394dnex8,,0,18,18,Section_7,EndSurvey,2024-09-25 20:30:54.000514,1,,,0.0,,,,,,,,,,,,,,ryu6snyq,,,,,0,Experiment_1_Persistence,https://app.prolific.com/submissions/complete?cc=C1BTHULB,0.0,1.0,184,,0.0,66eefad599c98b63de307a56,1,1,184,,0.0,D,D,B,B,A,B,D,,,,DDBBABD___,0.3,1,146.339,1,1,184,,0.0,noisy,random,ground,Fail,black,60,7,7,Fail Box,1,1,184,,0.0,D,B,A,C,B,D,A,B,C,D,DBACBDABCD,1.0,Non-STEM Track,,0,0.0,7,1,1,184,,0.0,R,R,R,R,R,C,C,C,C,C,C,RRRRRCCCCCC,1,1,184,,0.0,0,0,1,0,0,0,0,0,0,time,science and healthcare,it was okay,Non-STEM Track,1,1,,,,,,,,,,,,,,,,,,,,,,,,,,,,,,,,,,,,,,,,,,,,,,,,,,,,,,,,,,,,,,,,,,,,,,,,,,,,,,,,,,,,,,,,,,,,,,,,,,,,,,,,,,,,,,,,,,,,,,,,,,,,,,,,,,,,,,,,,,,,,,,,,,,,,,,,,,,,,,,,,,,,,,,,,,,,,,,,,,,,,,,,,,,,,,,,,,,,,,,,,,,,,,,,,,,,,,,,,,,,,,,,,,,,,,,,,,,,,,,,,,,,,,,,,,,,,,,,,,,,,,,,,,,,,,,,,,,,,,,,,,,,,,,,,,,,,,,,,,,,,,,,,,,,,,,,,,,
185,g35kptrz,,0,18,18,Section_7,EndSurvey,2024-09-25 20:30:54.868777,1,,,0.0,,,,,,,,,,,,,,ryu6snyq,,,,,0,Experiment_1_Persistence,https://app.prolific.com/submissions/complete?cc=C1BTHULB,0.0,1.0,185,,0.0,664bd0f088bcdd76b857ce24,1,1,185,,0.0,D,B,A,B,D,B,C,A,D,A,DBABDBCADA,0.2,0,0.0,1,1,185,,0.0,noisy,random,negative,Fail,black,30,1,3,Fail Box,1,1,185,,0.0,D,B,A,C,B,D,A,B,C,D,DBACBDABCD,1.0,Non-STEM Track,,0,0.0,3,1,1,185,,0.0,R,R,R,R,R,R,C,C,C,C,C,RRRRRRCCCCC,1,1,185,,0.0,0,1,0,0,0,0,0,0,0,I tend to do better with language than i do with math lately,"Main subjects i studied in highschool were the social sciences like psychology, goverment, history, and law. I also started in colletge in cybersecurity but switched to criminal justice major ",Pretty good tho im kinda sad with how bad i did on the first math portion,Non-STEM Track,1,1,,,,,,,,,,,,,,,,,,,,,,,,,,,,,,,,,,,,,,,,,,,,,,,,,,,,,,,,,,,,,,,,,,,,,,,,,,,,,,,,,,,,,,,,,,,,,,,,,,,,,,,,,,,,,,,,,,,,,,,,,,,,,,,,,,,,,,,,,,,,,,,,,,,,,,,,,,,,,,,,,,,,,,,,,,,,,,,,,,,,,,,,,,,,,,,,,,,,,,,,,,,,,,,,,,,,,,,,,,,,,,,,,,,,,,,,,,,,,,,,,,,,,,,,,,,,,,,,,,,,,,,,,,,,,,,,,,,,,,,,,,,,,,,,,,,,,,,,,,,,,,,,,,,,,,,,,,,
186,0y4mbf75,,0,18,18,Section_7,EndSurvey,2024-09-25 20:30:55.939628,1,,,0.0,,,,,,,,,,,,,,ryu6snyq,,,,,0,Experiment_1_Persistence,https://app.prolific.com/submissions/complete?cc=C1BTHULB,0.0,1.0,186,,0.0,66d77183848780bed7462056,1,1,186,,0.0,D,A,A,A,D,A,A,A,A,A,DAAADAAAAA,0.1,0,0.0,1,1,186,,0.0,noisy,random,ground,Fail,black,50,1,3,Fail Box,1,1,186,,0.0,D,B,A,C,B,D,A,B,C,D,DBACBDABCD,1.0,Non-STEM Track,,0,0.0,3,1,1,186,,0.0,R,R,R,R,R,C,C,C,C,C,C,RRRRRCCCCCC,1,1,186,,0.0,0,0,1,0,0,0,0,0,0,"My skills are more language oriented and less math and science oriented, so I would do better at non-STEM activities. ","English, writing, philosphy. I've mostly worked physical labor jobs. ",It'd be interesting to see if I guessed any of the math answers correctly. ,Non-STEM Track,1,1,,,,,,,,,,,,,,,,,,,,,,,,,,,,,,,,,,,,,,,,,,,,,,,,,,,,,,,,,,,,,,,,,,,,,,,,,,,,,,,,,,,,,,,,,,,,,,,,,,,,,,,,,,,,,,,,,,,,,,,,,,,,,,,,,,,,,,,,,,,,,,,,,,,,,,,,,,,,,,,,,,,,,,,,,,,,,,,,,,,,,,,,,,,,,,,,,,,,,,,,,,,,,,,,,,,,,,,,,,,,,,,,,,,,,,,,,,,,,,,,,,,,,,,,,,,,,,,,,,,,,,,,,,,,,,,,,,,,,,,,,,,,,,,,,,,,,,,,,,,,,,,,,,,,,,,,,,,
187,4g6kdy3d,,0,18,18,Section_7,EndSurvey,2024-09-25 20:30:59.918349,1,,,0.0,,,,,,,,,,,,,,ryu6snyq,,,,,0,Experiment_1_Persistence,https://app.prolific.com/submissions/complete?cc=C1BTHULB,0.0,1.0,187,,0.0,66783438ca6ccf63acf349d8,1,1,187,,0.0,B,B,A,C,A,C,B,A,B,D,BBACACBABD,0.0,0,0.0,1,1,187,,0.0,noisy,random,ground,Fail,black,100,2,1,Pass Box,1,1,187,,0.0,C,C,C,C,C,C,C,C,C,C,CCCCCCCCCC,0.3,STEM Track,,0,0.0,1,1,1,187,,0.0,R,R,C,R,R,R,R,R,R,R,R,RRCRRRRRRRR,1,1,187,,0.0,0,0,0,0,1,0,0,0,0,The chance,History,Good,STEM Track,1,1,,,,,,,,,,,,,,,,,,,,,,,,,,,,,,,,,,,,,,,,,,,,,,,,,,,,,,,,,,,,,,,,,,,,,,,,,,,,,,,,,,,,,,,,,,,,,,,,,,,,,,,,,,,,,,,,,,,,,,,,,,,,,,,,,,,,,,,,,,,,,,,,,,,,,,,,,,,,,,,,,,,,,,,,,,,,,,,,,,,,,,,,,,,,,,,,,,,,,,,,,,,,,,,,,,,,,,,,,,,,,,,,,,,,,,,,,,,,,,,,,,,,,,,,,,,,,,,,,,,,,,,,,,,,,,,,,,,,,,,,,,,,,,,,,,,,,,,,,,,,,,,,,,,,,,,,,,,
188,3f0r4kyr,,0,18,18,Section_7,EndSurvey,2024-09-25 20:31:01.231452,1,,,0.0,,,,,,,,,,,,,,ryu6snyq,,,,,0,Experiment_1_Persistence,https://app.prolific.com/submissions/complete?cc=C1BTHULB,0.0,1.0,188,,0.0,60873d2ab16643e5a08cafd2,1,1,188,,0.0,D,A,B,D,C,A,B,D,B,C,DABDCABDBC,0.1,0,0.0,1,1,188,,0.0,noisy,random,positive,Fail,red,50,4,3,Fail Box,1,1,188,,0.0,D,B,A,C,B,D,A,B,C,D,DBACBDABCD,1.0,Non-STEM Track,,0,0.0,3,1,1,188,,0.0,R,R,R,R,R,C,C,C,C,C,C,RRRRRCCCCCC,1,1,188,,0.0,0,0,1,0,0,0,0,0,0,I felt like I wanted payment for each question I answered.,I studied STEM in high school. I have worked in corrections and court services.,I enjoyed the task. The math was very difficult.,Non-STEM Track,1,1,,,,,,,,,,,,,,,,,,,,,,,,,,,,,,,,,,,,,,,,,,,,,,,,,,,,,,,,,,,,,,,,,,,,,,,,,,,,,,,,,,,,,,,,,,,,,,,,,,,,,,,,,,,,,,,,,,,,,,,,,,,,,,,,,,,,,,,,,,,,,,,,,,,,,,,,,,,,,,,,,,,,,,,,,,,,,,,,,,,,,,,,,,,,,,,,,,,,,,,,,,,,,,,,,,,,,,,,,,,,,,,,,,,,,,,,,,,,,,,,,,,,,,,,,,,,,,,,,,,,,,,,,,,,,,,,,,,,,,,,,,,,,,,,,,,,,,,,,,,,,,,,,,,,,,,,,,,
189,pvar9nni,,0,18,18,Section_7,EndSurvey,2024-09-25 20:31:02.213231,1,,,0.0,,,,,,,,,,,,,,ryu6snyq,,,,,0,Experiment_1_Persistence,https://app.prolific.com/submissions/complete?cc=C1BTHULB,0.0,1.0,189,,0.0,66b838839480f958acce79d0,1,1,189,,0.0,B,C,A,A,D,B,A,A,C,B,BCAADBAACB,0.3,0,0.0,1,1,189,,0.0,noisy,random,positive,Fail,red,5,2,5,Pass Box,1,1,189,,0.0,B,A,C,D,A,A,B,C,B,A,BACDAABCBA,0.5,STEM Track,,0,0.0,5,1,1,189,,0.0,R,R,R,R,R,C,R,C,C,C,C,RRRRRCRCCCC,1,1,189,,0.0,1,0,0,0,0,0,0,0,0,Extra money ,Math ,It was okay hope I got the bonus the survey was buggy when clicking my choices ,STEM Track,1,1,,,,,,,,,,,,,,,,,,,,,,,,,,,,,,,,,,,,,,,,,,,,,,,,,,,,,,,,,,,,,,,,,,,,,,,,,,,,,,,,,,,,,,,,,,,,,,,,,,,,,,,,,,,,,,,,,,,,,,,,,,,,,,,,,,,,,,,,,,,,,,,,,,,,,,,,,,,,,,,,,,,,,,,,,,,,,,,,,,,,,,,,,,,,,,,,,,,,,,,,,,,,,,,,,,,,,,,,,,,,,,,,,,,,,,,,,,,,,,,,,,,,,,,,,,,,,,,,,,,,,,,,,,,,,,,,,,,,,,,,,,,,,,,,,,,,,,,,,,,,,,,,,,,,,,,,,,,
190,6zdxcwyr,,0,18,18,Section_7,EndSurvey,2024-09-25 20:31:05.483970,1,,,0.0,,,,,,,,,,,,,,ryu6snyq,,,,,0,Experiment_1_Persistence,https://app.prolific.com/submissions/complete?cc=C1BTHULB,0.0,1.0,190,,0.0,65c3f7ea5a1dc70da3d465e9,1,1,190,,0.0,D,B,A,C,A,B,A,A,A,B,DBACABAAAB,0.2,0,0.0,1,1,190,,0.0,noisy,random,ground,Pass,red,10,0,1,Pass Box,1,1,190,,0.0,D,B,A,C,B,D,A,B,C,D,DBACBDABCD,1.0,Non-STEM Track,,0,0.0,1,1,1,190,,0.0,R,R,R,R,R,R,R,C,C,C,C,RRRRRRRCCCC,1,1,190,,0.0,0,0,1,0,0,0,0,0,0,"I'm not very good with numbers or math. I wasn't sure what the non-STEM track would test me on, but I knew I had a better chance with that option than the STEM track.",I mainly focused on linguistics and art classes. I chose to do less math classes because I didn't thrive in them.,"The first test without any warning was really hard! It definitely was a challenge, I don't think I have ever seen math like that. It's impressive that people can solve those problems like it's nothing. It's really fascinating that people have their distinct strengths and weaknesses. No feedback, thank you.",Non-STEM Track,1,1,,,,,,,,,,,,,,,,,,,,,,,,,,,,,,,,,,,,,,,,,,,,,,,,,,,,,,,,,,,,,,,,,,,,,,,,,,,,,,,,,,,,,,,,,,,,,,,,,,,,,,,,,,,,,,,,,,,,,,,,,,,,,,,,,,,,,,,,,,,,,,,,,,,,,,,,,,,,,,,,,,,,,,,,,,,,,,,,,,,,,,,,,,,,,,,,,,,,,,,,,,,,,,,,,,,,,,,,,,,,,,,,,,,,,,,,,,,,,,,,,,,,,,,,,,,,,,,,,,,,,,,,,,,,,,,,,,,,,,,,,,,,,,,,,,,,,,,,,,,,,,,,,,,,,,,,,,,
191,f5u6m02v,,0,18,18,Section_7,EndSurvey,2024-09-25 20:31:10.882410,1,,,0.0,,,,,,,,,,,,,,ryu6snyq,,,,,0,Experiment_1_Persistence,https://app.prolific.com/submissions/complete?cc=C1BTHULB,0.0,1.0,191,,0.0,6653b92cc7f248306bafe316,1,1,191,,0.0,D,A,B,C,D,B,,,,,DABCDB____,0.2,1,1.916,1,1,191,,0.0,noisy,random,ground,Fail,black,55,2,3,Fail Box,1,1,191,,0.0,D,B,A,C,B,D,A,B,C,D,DBACBDABCD,1.0,Non-STEM Track,,0,0.0,3,1,1,191,,0.0,R,R,R,R,C,C,C,C,C,C,C,RRRRCCCCCCC,1,1,191,,0.0,0,0,1,0,0,0,0,0,0,I have always referred to math as black magic. It is sinful to practice lol,"I went to a technology-focused high school and focused primarily on medical and biology topic. I've worked in very different, unrelated fields over the years.",It was fun.,Non-STEM Track,1,1,,,,,,,,,,,,,,,,,,,,,,,,,,,,,,,,,,,,,,,,,,,,,,,,,,,,,,,,,,,,,,,,,,,,,,,,,,,,,,,,,,,,,,,,,,,,,,,,,,,,,,,,,,,,,,,,,,,,,,,,,,,,,,,,,,,,,,,,,,,,,,,,,,,,,,,,,,,,,,,,,,,,,,,,,,,,,,,,,,,,,,,,,,,,,,,,,,,,,,,,,,,,,,,,,,,,,,,,,,,,,,,,,,,,,,,,,,,,,,,,,,,,,,,,,,,,,,,,,,,,,,,,,,,,,,,,,,,,,,,,,,,,,,,,,,,,,,,,,,,,,,,,,,,,,,,,,,,
192,2x5yx44m,,0,4,18,Section_1,Conclusion,2024-09-25 20:31:17.987319,1,,,0.0,,,,,,,,,,,,,,ryu6snyq,,,,,0,Experiment_1_Persistence,https://app.prolific.com/submissions/complete?cc=C1BTHULB,0.0,1.0,192,,0.0,5c4ea7c3889752000156ddc5,1,1,192,,0.0,C,A,B,,,,,,,,CAB_______,0.1,1,6.494,1,1,192,,0.0,,,,,,,,,,1,1,192,,0.0,,,,,,,,,,,,,,,,,,1,1,192,,0.0,,,,,,,,,,,,,1,1,192,,0.0,0,0,0,0,0,0,0,0,0,,,,,1,1,,,,,,,,,,,,,,,,,,,,,,,,,,,,,,,,,,,,,,,,,,,,,,,,,,,,,,,,,,,,,,,,,,,,,,,,,,,,,,,,,,,,,,,,,,,,,,,,,,,,,,,,,,,,,,,,,,,,,,,,,,,,,,,,,,,,,,,,,,,,,,,,,,,,,,,,,,,,,,,,,,,,,,,,,,,,,,,,,,,,,,,,,,,,,,,,,,,,,,,,,,,,,,,,,,,,,,,,,,,,,,,,,,,,,,,,,,,,,,,,,,,,,,,,,,,,,,,,,,,,,,,,,,,,,,,,,,,,,,,,,,,,,,,,,,,,,,,,,,,,,,,,,,,,,,,,,,,
193,7i7axza4,,0,18,18,Section_7,EndSurvey,2024-09-25 20:31:26.807242,1,,,0.0,,,,,,,,,,,,,,ryu6snyq,,,,,0,Experiment_1_Persistence,https://app.prolific.com/submissions/complete?cc=C1BTHULB,0.0,1.0,193,,0.0,60fce077c28a6e5608c284e6,1,1,193,,0.0,D,A,B,B,D,B,C,C,A,B,DABBDBCCAB,0.5,0,0.0,1,1,193,,0.0,noisy,random,positive,Pass,black,30,1,2,Pass Box,1,1,193,,0.0,B,B,C,C,A,B,C,D,A,C,BBCCABCDAC,0.5,STEM Track,,0,0.0,2,1,1,193,,0.0,R,R,R,R,C,C,C,C,C,C,C,RRRRCCCCCCC,1,1,193,,0.0,0,0,1,0,0,0,0,0,0,It gave the most money ,Art,N/A,STEM Track,1,1,,,,,,,,,,,,,,,,,,,,,,,,,,,,,,,,,,,,,,,,,,,,,,,,,,,,,,,,,,,,,,,,,,,,,,,,,,,,,,,,,,,,,,,,,,,,,,,,,,,,,,,,,,,,,,,,,,,,,,,,,,,,,,,,,,,,,,,,,,,,,,,,,,,,,,,,,,,,,,,,,,,,,,,,,,,,,,,,,,,,,,,,,,,,,,,,,,,,,,,,,,,,,,,,,,,,,,,,,,,,,,,,,,,,,,,,,,,,,,,,,,,,,,,,,,,,,,,,,,,,,,,,,,,,,,,,,,,,,,,,,,,,,,,,,,,,,,,,,,,,,,,,,,,,,,,,,,,
194,ys0r8zma,,0,18,18,Section_7,EndSurvey,2024-09-25 20:32:14.834871,1,,,0.0,,,,,,,,,,,,,,ryu6snyq,,,,,0,Experiment_1_Persistence,https://app.prolific.com/submissions/complete?cc=C1BTHULB,0.0,1.0,194,,0.0,5b6c72f29dc5550001f8a514,1,1,194,,0.0,D,A,C,B,B,D,C,A,A,C,DACBBDCAAC,0.4,0,0.0,1,1,194,,0.0,noisy,random,negative,Fail,black,20,4,5,Fail Box,1,1,194,,0.0,D,B,A,C,B,D,A,B,C,D,DBACBDABCD,1.0,Non-STEM Track,,0,0.0,5,1,1,194,,0.0,R,R,R,R,C,C,C,C,C,C,C,RRRRCCCCCCC,1,1,194,,0.0,0,0,1,0,0,0,0,0,0,I do not enjoy answering math questions.,studied: geography / city & regional planning  worked: public utilities / aviation,"it was good, no feedback.",Non-STEM Track,1,1,,,,,,,,,,,,,,,,,,,,,,,,,,,,,,,,,,,,,,,,,,,,,,,,,,,,,,,,,,,,,,,,,,,,,,,,,,,,,,,,,,,,,,,,,,,,,,,,,,,,,,,,,,,,,,,,,,,,,,,,,,,,,,,,,,,,,,,,,,,,,,,,,,,,,,,,,,,,,,,,,,,,,,,,,,,,,,,,,,,,,,,,,,,,,,,,,,,,,,,,,,,,,,,,,,,,,,,,,,,,,,,,,,,,,,,,,,,,,,,,,,,,,,,,,,,,,,,,,,,,,,,,,,,,,,,,,,,,,,,,,,,,,,,,,,,,,,,,,,,,,,,,,,,,,,,,,,,
195,knr7jgy8,,0,18,18,Section_7,EndSurvey,2024-09-25 20:32:18.087165,1,,,0.0,,,,,,,,,,,,,,ryu6snyq,,,,,0,Experiment_1_Persistence,https://app.prolific.com/submissions/complete?cc=C1BTHULB,0.0,1.0,195,,0.0,667ff6d2bd193b9a57cbb7cc,1,1,195,,0.0,C,A,C,C,B,C,C,A,C,B,CACCBCCACB,0.5,0,0.0,1,1,195,,0.0,noisy,random,ground,Pass,red,20,2,5,Fail Box,1,1,195,,0.0,D,B,A,C,B,D,A,B,C,D,DBACBDABCD,1.0,Non-STEM Track,,0,0.0,5,1,1,195,,0.0,R,R,R,R,R,C,C,C,C,C,C,RRRRRCCCCCC,1,1,195,,0.0,0,0,1,0,0,0,0,0,0,Because I suck at math. ,biology  history,the math was ridiculous,Non-STEM Track,1,1,,,,,,,,,,,,,,,,,,,,,,,,,,,,,,,,,,,,,,,,,,,,,,,,,,,,,,,,,,,,,,,,,,,,,,,,,,,,,,,,,,,,,,,,,,,,,,,,,,,,,,,,,,,,,,,,,,,,,,,,,,,,,,,,,,,,,,,,,,,,,,,,,,,,,,,,,,,,,,,,,,,,,,,,,,,,,,,,,,,,,,,,,,,,,,,,,,,,,,,,,,,,,,,,,,,,,,,,,,,,,,,,,,,,,,,,,,,,,,,,,,,,,,,,,,,,,,,,,,,,,,,,,,,,,,,,,,,,,,,,,,,,,,,,,,,,,,,,,,,,,,,,,,,,,,,,,,,
196,if5a3f55,,0,18,18,Section_7,EndSurvey,2024-09-25 20:32:19.212028,1,,,0.0,,,,,,,,,,,,,,ryu6snyq,,,,,0,Experiment_1_Persistence,https://app.prolific.com/submissions/complete?cc=C1BTHULB,0.0,1.0,196,,0.0,616d6463aa6ae2ee832b3804,1,1,196,,0.0,C,C,B,A,D,C,C,A,D,C,CCBADCCADC,0.0,0,0.0,1,1,196,,0.0,noisy,random,ground,Fail,black,40,2,2,Fail Box,1,1,196,,0.0,B,C,C,C,C,D,C,C,C,C,BCCCCDCCCC,0.5,STEM Track,,0,0.0,2,1,1,196,,0.0,R,R,R,R,C,C,C,C,C,C,C,RRRRCCCCCCC,1,1,196,,0.0,0,1,1,0,0,0,0,0,0,could get a bonus IF I got 2 questions rigt,technology,it all worked,STEM Track,1,1,,,,,,,,,,,,,,,,,,,,,,,,,,,,,,,,,,,,,,,,,,,,,,,,,,,,,,,,,,,,,,,,,,,,,,,,,,,,,,,,,,,,,,,,,,,,,,,,,,,,,,,,,,,,,,,,,,,,,,,,,,,,,,,,,,,,,,,,,,,,,,,,,,,,,,,,,,,,,,,,,,,,,,,,,,,,,,,,,,,,,,,,,,,,,,,,,,,,,,,,,,,,,,,,,,,,,,,,,,,,,,,,,,,,,,,,,,,,,,,,,,,,,,,,,,,,,,,,,,,,,,,,,,,,,,,,,,,,,,,,,,,,,,,,,,,,,,,,,,,,,,,,,,,,,,,,,,,
197,kp6o0ubr,,0,4,18,Section_1,Conclusion,2024-09-25 20:32:20.622633,1,,,0.0,,,,,,,,,,,,,,ryu6snyq,,,,,0,Experiment_1_Persistence,https://app.prolific.com/submissions/complete?cc=C1BTHULB,0.0,1.0,197,,0.0,5e29ed78eb557a05536b8442,1,1,197,,0.0,,,,,,,,,,,__________,0.0,0,0.0,1,1,197,,0.0,,,,,,,,,,1,1,197,,0.0,,,,,,,,,,,,,,,,,,1,1,197,,0.0,,,,,,,,,,,,,1,1,197,,0.0,0,0,0,0,0,0,0,0,0,,,,,1,1,,,,,,,,,,,,,,,,,,,,,,,,,,,,,,,,,,,,,,,,,,,,,,,,,,,,,,,,,,,,,,,,,,,,,,,,,,,,,,,,,,,,,,,,,,,,,,,,,,,,,,,,,,,,,,,,,,,,,,,,,,,,,,,,,,,,,,,,,,,,,,,,,,,,,,,,,,,,,,,,,,,,,,,,,,,,,,,,,,,,,,,,,,,,,,,,,,,,,,,,,,,,,,,,,,,,,,,,,,,,,,,,,,,,,,,,,,,,,,,,,,,,,,,,,,,,,,,,,,,,,,,,,,,,,,,,,,,,,,,,,,,,,,,,,,,,,,,,,,,,,,,,,,,,,,,,,,,
198,ip345p3g,,0,18,18,Section_7,EndSurvey,2024-09-25 20:32:37.706717,1,,,0.0,,,,,,,,,,,,,,ryu6snyq,,,,,0,Experiment_1_Persistence,https://app.prolific.com/submissions/complete?cc=C1BTHULB,0.0,1.0,198,,0.0,60c154002491061548587ff5,1,1,198,,0.0,D,A,B,C,D,C,A,A,C,B,DABCDCAACB,0.3,0,0.0,1,1,198,,0.0,noisy,random,positive,Fail,red,95,7,9,Pass Box,1,1,198,,0.0,B,A,C,B,B,D,C,A,C,B,BACBBDCACB,0.6,STEM Track,,0,0.0,9,1,1,198,,0.0,R,R,R,R,R,C,C,C,C,C,C,RRRRRCCCCCC,1,1,198,,0.0,0,0,1,0,0,0,0,0,0,I like a challenge,"Finance, finance",A little tedious ,STEM Track,1,1,,,,,,,,,,,,,,,,,,,,,,,,,,,,,,,,,,,,,,,,,,,,,,,,,,,,,,,,,,,,,,,,,,,,,,,,,,,,,,,,,,,,,,,,,,,,,,,,,,,,,,,,,,,,,,,,,,,,,,,,,,,,,,,,,,,,,,,,,,,,,,,,,,,,,,,,,,,,,,,,,,,,,,,,,,,,,,,,,,,,,,,,,,,,,,,,,,,,,,,,,,,,,,,,,,,,,,,,,,,,,,,,,,,,,,,,,,,,,,,,,,,,,,,,,,,,,,,,,,,,,,,,,,,,,,,,,,,,,,,,,,,,,,,,,,,,,,,,,,,,,,,,,,,,,,,,,,,
199,6wjyefry,,0,18,18,Section_7,EndSurvey,2024-09-25 20:32:40.063485,1,,,0.0,,,,,,,,,,,,,,ryu6snyq,,,,,0,Experiment_1_Persistence,https://app.prolific.com/submissions/complete?cc=C1BTHULB,0.0,1.0,199,,0.0,5a6f93f99cdd180001774f86,1,1,199,,0.0,D,A,B,A,C,B,C,A,D,C,DABACBCADC,0.2,0,0.0,1,1,199,,0.0,noisy,random,ground,Pass,red,25,2,1,Pass Box,1,1,199,,0.0,D,B,A,C,B,D,A,B,C,D,DBACBDABCD,1.0,Non-STEM Track,,0,0.0,1,1,1,199,,0.0,R,C,C,C,C,C,C,C,C,C,C,RCCCCCCCCCC,1,1,199,,0.0,0,0,1,0,0,0,0,0,0,I'm better at language arts,Football and I've worked mainly with neurodivergent people,,Non-STEM Track,1,1,,,,,,,,,,,,,,,,,,,,,,,,,,,,,,,,,,,,,,,,,,,,,,,,,,,,,,,,,,,,,,,,,,,,,,,,,,,,,,,,,,,,,,,,,,,,,,,,,,,,,,,,,,,,,,,,,,,,,,,,,,,,,,,,,,,,,,,,,,,,,,,,,,,,,,,,,,,,,,,,,,,,,,,,,,,,,,,,,,,,,,,,,,,,,,,,,,,,,,,,,,,,,,,,,,,,,,,,,,,,,,,,,,,,,,,,,,,,,,,,,,,,,,,,,,,,,,,,,,,,,,,,,,,,,,,,,,,,,,,,,,,,,,,,,,,,,,,,,,,,,,,,,,,,,,,,,,,
200,o4khbzpb,,0,18,18,Section_7,EndSurvey,2024-09-25 20:32:41.090580,1,,,0.0,,,,,,,,,,,,,,ryu6snyq,,,,,0,Experiment_1_Persistence,https://app.prolific.com/submissions/complete?cc=C1BTHULB,0.0,1.0,200,,0.0,5783e984160201000103ece2,1,1,200,,0.0,B,A,C,B,D,A,B,B,D,B,BACBDABBDB,0.4,0,0.0,1,1,200,,0.0,noisy,random,ground,Pass,red,55,3,3,Pass Box,1,1,200,,0.0,B,D,C,C,A,D,C,B,B,C,BDCCADCBBC,0.7,STEM Track,,0,0.0,3,1,1,200,,0.0,R,R,R,R,R,C,C,C,C,C,C,RRRRRCCCCCC,1,1,200,,0.0,0,0,1,0,0,0,0,0,0,I thought I had reasonably good chance of getting at least 3 right.,Biology,I suck at math!,STEM Track,1,1,,,,,,,,,,,,,,,,,,,,,,,,,,,,,,,,,,,,,,,,,,,,,,,,,,,,,,,,,,,,,,,,,,,,,,,,,,,,,,,,,,,,,,,,,,,,,,,,,,,,,,,,,,,,,,,,,,,,,,,,,,,,,,,,,,,,,,,,,,,,,,,,,,,,,,,,,,,,,,,,,,,,,,,,,,,,,,,,,,,,,,,,,,,,,,,,,,,,,,,,,,,,,,,,,,,,,,,,,,,,,,,,,,,,,,,,,,,,,,,,,,,,,,,,,,,,,,,,,,,,,,,,,,,,,,,,,,,,,,,,,,,,,,,,,,,,,,,,,,,,,,,,,,,,,,,,,,,
201,wz6rqtqg,,0,18,18,Section_7,EndSurvey,2024-09-25 20:32:45.239367,1,,,0.0,,,,,,,,,,,,,,ryu6snyq,,,,,0,Experiment_1_Persistence,https://app.prolific.com/submissions/complete?cc=C1BTHULB,0.0,1.0,201,,0.0,66735e86343dec85410151d0,1,1,201,,0.0,C,A,A,B,B,C,A,C,B,B,CAABBCACBB,0.5,0,0.0,1,1,201,,0.0,noisy,random,ground,Pass,red,50,6,4,Fail Box,1,1,201,,0.0,D,B,A,C,B,D,A,B,C,D,DBACBDABCD,1.0,Non-STEM Track,,0,0.0,4,1,1,201,,0.0,R,R,R,C,C,C,C,C,C,C,C,RRRCCCCCCCC,1,1,201,,0.0,0,0,1,0,0,0,0,0,0,Because I felt like I had a better chance and whatever the second portion of the test was,I've worked in sales and business development for moving and hauling. Main subjects literature geopolitics and other political science courses.,I enjoyed the test,Non-STEM Track,1,1,,,,,,,,,,,,,,,,,,,,,,,,,,,,,,,,,,,,,,,,,,,,,,,,,,,,,,,,,,,,,,,,,,,,,,,,,,,,,,,,,,,,,,,,,,,,,,,,,,,,,,,,,,,,,,,,,,,,,,,,,,,,,,,,,,,,,,,,,,,,,,,,,,,,,,,,,,,,,,,,,,,,,,,,,,,,,,,,,,,,,,,,,,,,,,,,,,,,,,,,,,,,,,,,,,,,,,,,,,,,,,,,,,,,,,,,,,,,,,,,,,,,,,,,,,,,,,,,,,,,,,,,,,,,,,,,,,,,,,,,,,,,,,,,,,,,,,,,,,,,,,,,,,,,,,,,,,,
202,qb2bd8rw,,0,18,18,Section_7,EndSurvey,2024-09-25 20:32:56.730281,1,,,0.0,,,,,,,,,,,,,,ryu6snyq,,,,,0,Experiment_1_Persistence,https://app.prolific.com/submissions/complete?cc=C1BTHULB,0.0,1.0,202,,0.0,636ac3f10d9f3b6a0eb54eeb,1,1,202,,0.0,A,B,C,C,A,B,C,A,B,B,ABCCABCABB,0.4,0,0.0,1,1,202,,0.0,noisy,random,positive,Fail,red,70,7,5,Fail Box,1,1,202,,0.0,B,C,D,A,C,D,B,C,B,A,BCDACDBCBA,0.4,STEM Track,,0,0.0,5,1,1,202,,0.0,C,C,C,C,C,C,C,C,C,C,C,CCCCCCCCCCC,1,1,202,,0.0,0,0,1,0,0,0,0,0,0,"Choosing the STEM track is often motivated by a passion for science, technology, engineering, and mathematics, and a desire to solve real-world problems.",marketing,no,STEM Track,1,1,,,,,,,,,,,,,,,,,,,,,,,,,,,,,,,,,,,,,,,,,,,,,,,,,,,,,,,,,,,,,,,,,,,,,,,,,,,,,,,,,,,,,,,,,,,,,,,,,,,,,,,,,,,,,,,,,,,,,,,,,,,,,,,,,,,,,,,,,,,,,,,,,,,,,,,,,,,,,,,,,,,,,,,,,,,,,,,,,,,,,,,,,,,,,,,,,,,,,,,,,,,,,,,,,,,,,,,,,,,,,,,,,,,,,,,,,,,,,,,,,,,,,,,,,,,,,,,,,,,,,,,,,,,,,,,,,,,,,,,,,,,,,,,,,,,,,,,,,,,,,,,,,,,,,,,,,,,
203,2amxq0io,,0,18,18,Section_7,EndSurvey,2024-09-25 20:32:58.669854,1,,,0.0,,,,,,,,,,,,,,ryu6snyq,,,,,0,Experiment_1_Persistence,https://app.prolific.com/submissions/complete?cc=C1BTHULB,0.0,1.0,203,,0.0,5b79bd77c4e6ad0001d2f312,1,1,203,,0.0,C,C,B,B,C,B,A,C,B,C,CCBBCBACBC,0.3,0,0.0,1,1,203,,0.0,noisy,random,positive,Pass,black,2,1,1,Pass Box,1,1,203,,0.0,B,A,C,B,D,D,C,B,B,B,BACBDDCBBB,0.6,STEM Track,,0,0.0,1,1,1,203,,0.0,R,R,R,R,R,C,C,C,C,C,C,RRRRRCCCCCC,1,1,203,,0.0,0,0,1,0,0,0,0,0,0,for the bonus,law and political science,it was fun,STEM Track,1,1,,,,,,,,,,,,,,,,,,,,,,,,,,,,,,,,,,,,,,,,,,,,,,,,,,,,,,,,,,,,,,,,,,,,,,,,,,,,,,,,,,,,,,,,,,,,,,,,,,,,,,,,,,,,,,,,,,,,,,,,,,,,,,,,,,,,,,,,,,,,,,,,,,,,,,,,,,,,,,,,,,,,,,,,,,,,,,,,,,,,,,,,,,,,,,,,,,,,,,,,,,,,,,,,,,,,,,,,,,,,,,,,,,,,,,,,,,,,,,,,,,,,,,,,,,,,,,,,,,,,,,,,,,,,,,,,,,,,,,,,,,,,,,,,,,,,,,,,,,,,,,,,,,,,,,,,,,,
204,2yqe4i9j,,0,18,18,Section_7,EndSurvey,2024-09-25 20:33:03.673086,1,,,0.0,,,,,,,,,,,,,,ryu6snyq,,,,,0,Experiment_1_Persistence,https://app.prolific.com/submissions/complete?cc=C1BTHULB,0.0,1.0,204,,0.0,609a5974625e18ab158c9a3e,1,1,204,,0.0,D,A,C,C,B,B,B,D,C,B,DACCBBBDCB,0.6,0,0.0,1,1,204,,0.0,noisy,random,ground,Pass,red,50,5,5,Pass Box,1,1,204,,0.0,D,B,A,C,B,D,A,B,C,D,DBACBDABCD,1.0,Non-STEM Track,,0,0.0,5,1,1,204,,0.0,R,R,R,R,R,R,C,C,C,C,C,RRRRRRCCCCC,1,1,204,,0.0,0,0,1,0,0,0,0,0,0,It seemed easier.,Accounting and computer science.,n/a,Non-STEM Track,1,1,,,,,,,,,,,,,,,,,,,,,,,,,,,,,,,,,,,,,,,,,,,,,,,,,,,,,,,,,,,,,,,,,,,,,,,,,,,,,,,,,,,,,,,,,,,,,,,,,,,,,,,,,,,,,,,,,,,,,,,,,,,,,,,,,,,,,,,,,,,,,,,,,,,,,,,,,,,,,,,,,,,,,,,,,,,,,,,,,,,,,,,,,,,,,,,,,,,,,,,,,,,,,,,,,,,,,,,,,,,,,,,,,,,,,,,,,,,,,,,,,,,,,,,,,,,,,,,,,,,,,,,,,,,,,,,,,,,,,,,,,,,,,,,,,,,,,,,,,,,,,,,,,,,,,,,,,,,
205,gr6toooi,,0,18,18,Section_7,EndSurvey,2024-09-25 20:34:11.666289,1,,,0.0,,,,,,,,,,,,,,ryu6snyq,,,,,0,Experiment_1_Persistence,https://app.prolific.com/submissions/complete?cc=C1BTHULB,0.0,1.0,205,,0.0,606bbaff0237383d72ae9381,1,1,205,,0.0,D,B,B,C,D,A,D,A,,,DBBCDADA__,0.1,3,96.25,1,1,205,,0.0,noisy,random,positive,Pass,red,0,0,0,Fail Box,1,1,205,,0.0,B,C,B,D,C,C,C,B,A,C,BCBDCCCBAC,0.3,STEM Track,,2,98.605,0,1,1,205,,0.0,R,R,R,R,R,C,C,C,C,C,C,RRRRRCCCCCC,1,1,205,,0.0,0,0,1,0,1,0,0,0,0,My odds felt better in it.,Just the basics really.,I suck at math so I wont lie this was pretty tough. ,STEM Track,1,1,,,,,,,,,,,,,,,,,,,,,,,,,,,,,,,,,,,,,,,,,,,,,,,,,,,,,,,,,,,,,,,,,,,,,,,,,,,,,,,,,,,,,,,,,,,,,,,,,,,,,,,,,,,,,,,,,,,,,,,,,,,,,,,,,,,,,,,,,,,,,,,,,,,,,,,,,,,,,,,,,,,,,,,,,,,,,,,,,,,,,,,,,,,,,,,,,,,,,,,,,,,,,,,,,,,,,,,,,,,,,,,,,,,,,,,,,,,,,,,,,,,,,,,,,,,,,,,,,,,,,,,,,,,,,,,,,,,,,,,,,,,,,,,,,,,,,,,,,,,,,,,,,,,,,,,,,,,
206,bnm446sd,,0,18,18,Section_7,EndSurvey,2024-09-25 20:34:48.298480,1,,,0.0,,,,,,,,,,,,,,ryu6snyq,,,,,0,Experiment_1_Persistence,https://app.prolific.com/submissions/complete?cc=C1BTHULB,0.0,1.0,206,,0.0,66ae7826a1df4204b1b27aab,1,1,206,,0.0,B,A,C,C,C,B,C,C,A,A,BACCCBCCAA,0.4,1,1.115,1,1,206,,0.0,noisy,random,positive,Fail,red,10,1,5,Fail Box,1,1,206,,0.0,D,B,A,C,B,D,A,B,C,D,DBACBDABCD,1.0,Non-STEM Track,,0,0.0,5,1,1,206,,0.0,R,R,R,R,R,C,C,R,C,C,C,RRRRRCCRCCC,1,1,206,,0.0,1,0,0,0,0,0,0,1,0,I was never good at STEM subjects. The questio s in the first part were like another language. ,I am a drivers education instructor and I primarily studied music. ,It was great. Easy to understand questions. ,Non-STEM Track,1,1,,,,,,,,,,,,,,,,,,,,,,,,,,,,,,,,,,,,,,,,,,,,,,,,,,,,,,,,,,,,,,,,,,,,,,,,,,,,,,,,,,,,,,,,,,,,,,,,,,,,,,,,,,,,,,,,,,,,,,,,,,,,,,,,,,,,,,,,,,,,,,,,,,,,,,,,,,,,,,,,,,,,,,,,,,,,,,,,,,,,,,,,,,,,,,,,,,,,,,,,,,,,,,,,,,,,,,,,,,,,,,,,,,,,,,,,,,,,,,,,,,,,,,,,,,,,,,,,,,,,,,,,,,,,,,,,,,,,,,,,,,,,,,,,,,,,,,,,,,,,,,,,,,,,,,,,,,,
207,qy4qa14z,,0,18,18,Section_7,EndSurvey,2024-09-25 20:34:52.985534,1,,,0.0,,,,,,,,,,,,,,ryu6snyq,,,,,0,Experiment_1_Persistence,https://app.prolific.com/submissions/complete?cc=C1BTHULB,0.0,1.0,207,,0.0,5fd85ea88b7f1919bf0e5546,1,1,207,,0.0,A,C,D,B,B,C,D,C,,,ACDBBCDC__,0.5,1,2.283,1,1,207,,0.0,noisy,random,negative,Pass,red,60,6,5,Pass Box,1,1,207,,0.0,D,B,A,C,B,D,A,B,C,B,DBACBDABCB,0.9,Non-STEM Track,,1,2.506,5,1,1,207,,0.0,R,R,R,R,C,C,C,C,C,C,C,RRRRCCCCCCC,1,1,207,,0.0,0,0,1,0,0,0,0,0,0,"I was not trying to do another math test at this moment in time, I did not expect this survey to be like this.","I studied Computer Science, i train AI models to code via prompting and editing the results.",The experience was fine.,Non-STEM Track,1,1,,,,,,,,,,,,,,,,,,,,,,,,,,,,,,,,,,,,,,,,,,,,,,,,,,,,,,,,,,,,,,,,,,,,,,,,,,,,,,,,,,,,,,,,,,,,,,,,,,,,,,,,,,,,,,,,,,,,,,,,,,,,,,,,,,,,,,,,,,,,,,,,,,,,,,,,,,,,,,,,,,,,,,,,,,,,,,,,,,,,,,,,,,,,,,,,,,,,,,,,,,,,,,,,,,,,,,,,,,,,,,,,,,,,,,,,,,,,,,,,,,,,,,,,,,,,,,,,,,,,,,,,,,,,,,,,,,,,,,,,,,,,,,,,,,,,,,,,,,,,,,,,,,,,,,,,,,,
208,kq95c5or,,0,5,18,Section_2_3,Section_2,2024-09-25 20:35:13.765804,1,,,0.0,,,,,,,,,,,,,,ryu6snyq,,,,,0,Experiment_1_Persistence,https://app.prolific.com/submissions/complete?cc=C1BTHULB,0.0,1.0,208,,0.0,5f483fcda023e1304ce86119,1,1,208,,0.0,D,D,B,D,D,D,D,,,,DDBDDDD___,0.1,1,1.453,1,1,208,,0.0,,,,,,,,,,1,1,208,,0.0,,,,,,,,,,,,,,,,,,1,1,208,,0.0,,,,,,,,,,,,,1,1,208,,0.0,0,0,0,0,0,0,0,0,0,,,,,1,1,,,,,,,,,,,,,,,,,,,,,,,,,,,,,,,,,,,,,,,,,,,,,,,,,,,,,,,,,,,,,,,,,,,,,,,,,,,,,,,,,,,,,,,,,,,,,,,,,,,,,,,,,,,,,,,,,,,,,,,,,,,,,,,,,,,,,,,,,,,,,,,,,,,,,,,,,,,,,,,,,,,,,,,,,,,,,,,,,,,,,,,,,,,,,,,,,,,,,,,,,,,,,,,,,,,,,,,,,,,,,,,,,,,,,,,,,,,,,,,,,,,,,,,,,,,,,,,,,,,,,,,,,,,,,,,,,,,,,,,,,,,,,,,,,,,,,,,,,,,,,,,,,,,,,,,,,,,
209,9cym0c0c,,0,18,18,Section_7,EndSurvey,2024-09-25 20:35:50.691776,1,,,0.0,,,,,,,,,,,,,,ryu6snyq,,,,,0,Experiment_1_Persistence,https://app.prolific.com/submissions/complete?cc=C1BTHULB,0.0,1.0,209,,0.0,60fe07f8bf59907b6249b488,1,1,209,,0.0,D,C,B,C,A,B,B,D,B,B,DCBCABBDBB,0.2,0,0.0,1,1,209,,0.0,noisy,random,ground,Fail,black,30,2,3,Fail Box,1,1,209,,0.0,D,B,A,C,B,D,A,B,C,D,DBACBDABCD,1.0,Non-STEM Track,,0,0.0,3,1,1,209,,0.0,R,R,C,C,C,C,C,C,C,C,C,RRCCCCCCCCC,1,1,209,,0.0,0,0,1,0,0,0,0,0,0,I don't like math,"Labor relations, Law. I've worked in sales and law",It was fine,Non-STEM Track,1,1,,,,,,,,,,,,,,,,,,,,,,,,,,,,,,,,,,,,,,,,,,,,,,,,,,,,,,,,,,,,,,,,,,,,,,,,,,,,,,,,,,,,,,,,,,,,,,,,,,,,,,,,,,,,,,,,,,,,,,,,,,,,,,,,,,,,,,,,,,,,,,,,,,,,,,,,,,,,,,,,,,,,,,,,,,,,,,,,,,,,,,,,,,,,,,,,,,,,,,,,,,,,,,,,,,,,,,,,,,,,,,,,,,,,,,,,,,,,,,,,,,,,,,,,,,,,,,,,,,,,,,,,,,,,,,,,,,,,,,,,,,,,,,,,,,,,,,,,,,,,,,,,,,,,,,,,,,,
210,gn4l8gfe,,0,18,18,Section_7,EndSurvey,2024-09-25 20:35:51.297843,1,,,0.0,,,,,,,,,,,,,,ryu6snyq,,,,,0,Experiment_1_Persistence,https://app.prolific.com/submissions/complete?cc=C1BTHULB,0.0,1.0,210,,0.0,6644b6b44b6e997b3b2f3e6a,1,1,210,,0.0,,,,,,,,,,,__________,0.0,0,0.0,1,1,210,,0.0,noisy,random,negative,Fail,red,50,5,5,Pass Box,1,1,210,,0.0,D,B,A,C,B,D,A,B,C,D,DBACBDABCD,1.0,Non-STEM Track,,0,0.0,5,1,1,210,,0.0,R,R,R,R,R,C,C,C,C,C,C,RRRRRCCCCCC,1,1,210,,0.0,0,0,1,0,0,0,0,0,0,no specific reason,the general subjects reading math history core classes,youu need to have an option to be able to look away from the study page. not for cheating but i had to make sure i had enough time to finish the study on prolifics end with out being timed out,Non-STEM Track,1,1,,,,,,,,,,,,,,,,,,,,,,,,,,,,,,,,,,,,,,,,,,,,,,,,,,,,,,,,,,,,,,,,,,,,,,,,,,,,,,,,,,,,,,,,,,,,,,,,,,,,,,,,,,,,,,,,,,,,,,,,,,,,,,,,,,,,,,,,,,,,,,,,,,,,,,,,,,,,,,,,,,,,,,,,,,,,,,,,,,,,,,,,,,,,,,,,,,,,,,,,,,,,,,,,,,,,,,,,,,,,,,,,,,,,,,,,,,,,,,,,,,,,,,,,,,,,,,,,,,,,,,,,,,,,,,,,,,,,,,,,,,,,,,,,,,,,,,,,,,,,,,,,,,,,,,,,,,,
211,agjwng7p,,0,18,18,Section_7,EndSurvey,2024-09-25 20:35:53.218815,1,,,0.0,,,,,,,,,,,,,,ryu6snyq,,,,,0,Experiment_1_Persistence,https://app.prolific.com/submissions/complete?cc=C1BTHULB,0.0,1.0,211,,0.0,662c271f0e6fc408b5b8c07c,1,1,211,,0.0,D,D,A,C,D,B,C,C,C,C,DDACDBCCCC,0.3,0,0.0,1,1,211,,0.0,noisy,random,positive,Pass,black,50,2,2,Pass Box,1,1,211,,0.0,D,B,A,C,B,D,A,B,C,D,DBACBDABCD,1.0,Non-STEM Track,,0,0.0,2,1,1,211,,0.0,R,R,R,C,C,C,C,C,C,C,C,RRRCCCCCCCC,1,1,211,,0.0,0,0,1,0,0,0,0,0,0,i thought it would be more complicated math/pre calculous or geometry questions,Just basic education graduated high school,I'd like to know what I got right. I do like math but those seemed more complicated than usual. I'm even wondering if there was really a correct answer provided in the multiple choice.,Non-STEM Track,1,1,,,,,,,,,,,,,,,,,,,,,,,,,,,,,,,,,,,,,,,,,,,,,,,,,,,,,,,,,,,,,,,,,,,,,,,,,,,,,,,,,,,,,,,,,,,,,,,,,,,,,,,,,,,,,,,,,,,,,,,,,,,,,,,,,,,,,,,,,,,,,,,,,,,,,,,,,,,,,,,,,,,,,,,,,,,,,,,,,,,,,,,,,,,,,,,,,,,,,,,,,,,,,,,,,,,,,,,,,,,,,,,,,,,,,,,,,,,,,,,,,,,,,,,,,,,,,,,,,,,,,,,,,,,,,,,,,,,,,,,,,,,,,,,,,,,,,,,,,,,,,,,,,,,,,,,,,,,
212,utpaodk2,,0,18,18,Section_7,EndSurvey,2024-09-25 20:36:16.380135,1,,,0.0,,,,,,,,,,,,,,ryu6snyq,,,,,0,Experiment_1_Persistence,https://app.prolific.com/submissions/complete?cc=C1BTHULB,0.0,1.0,212,,0.0,5f547ac6c2e4fb7f2ae0e6fc,1,1,212,,0.0,A,D,B,C,C,C,B,C,D,B,ADBCCCBCDB,0.3,1,1.479,1,1,212,,0.0,noisy,random,negative,Pass,red,20,2,2,Pass Box,1,1,212,,0.0,D,B,A,C,B,D,A,B,C,D,DBACBDABCD,1.0,Non-STEM Track,,0,0.0,2,1,1,212,,0.0,R,R,R,R,C,C,C,C,C,C,C,RRRRCCCCCCC,1,1,212,,0.0,0,0,1,0,0,0,0,0,0,It was better,Basic,,Non-STEM Track,1,1,,,,,,,,,,,,,,,,,,,,,,,,,,,,,,,,,,,,,,,,,,,,,,,,,,,,,,,,,,,,,,,,,,,,,,,,,,,,,,,,,,,,,,,,,,,,,,,,,,,,,,,,,,,,,,,,,,,,,,,,,,,,,,,,,,,,,,,,,,,,,,,,,,,,,,,,,,,,,,,,,,,,,,,,,,,,,,,,,,,,,,,,,,,,,,,,,,,,,,,,,,,,,,,,,,,,,,,,,,,,,,,,,,,,,,,,,,,,,,,,,,,,,,,,,,,,,,,,,,,,,,,,,,,,,,,,,,,,,,,,,,,,,,,,,,,,,,,,,,,,,,,,,,,,,,,,,,,
213,ovizd062,,0,18,18,Section_7,EndSurvey,2024-09-25 20:36:33.285136,1,,,0.0,,,,,,,,,,,,,,ryu6snyq,,,,,0,Experiment_1_Persistence,https://app.prolific.com/submissions/complete?cc=C1BTHULB,0.0,1.0,213,,0.0,66c4d4954d4f9967f543cd97,1,1,213,,0.0,B,A,D,B,D,C,C,A,B,D,BADBDCCABD,0.2,3,7.89,1,1,213,,0.0,noisy,random,ground,Fail,black,50,5,7,Fail Box,1,1,213,,0.0,A,B,C,C,A,A,B,D,A,A,ABCCAABDAA,0.2,STEM Track,,1,12.177,7,1,1,213,,0.0,R,C,R,R,R,C,R,C,C,C,C,RCRRRCRCCCC,1,1,213,,0.0,0,0,1,1,1,0,0,0,0,it emphasizes critical thinking,N/A,no ,STEM Track,1,1,,,,,,,,,,,,,,,,,,,,,,,,,,,,,,,,,,,,,,,,,,,,,,,,,,,,,,,,,,,,,,,,,,,,,,,,,,,,,,,,,,,,,,,,,,,,,,,,,,,,,,,,,,,,,,,,,,,,,,,,,,,,,,,,,,,,,,,,,,,,,,,,,,,,,,,,,,,,,,,,,,,,,,,,,,,,,,,,,,,,,,,,,,,,,,,,,,,,,,,,,,,,,,,,,,,,,,,,,,,,,,,,,,,,,,,,,,,,,,,,,,,,,,,,,,,,,,,,,,,,,,,,,,,,,,,,,,,,,,,,,,,,,,,,,,,,,,,,,,,,,,,,,,,,,,,,,,,
214,owlqu0ow,,0,18,18,Section_7,EndSurvey,2024-09-25 20:36:31.944760,1,,,0.0,,,,,,,,,,,,,,ryu6snyq,,,,,0,Experiment_1_Persistence,https://app.prolific.com/submissions/complete?cc=C1BTHULB,0.0,1.0,214,,0.0,60de61dea4354d456dd1039d,1,1,214,,0.0,C,C,C,C,C,C,C,C,C,C,CCCCCCCCCC,0.3,0,0.0,1,1,214,,0.0,noisy,random,ground,Pass,red,0,2,2,Pass Box,1,1,214,,0.0,D,B,A,C,B,D,A,B,C,D,DBACBDABCD,1.0,Non-STEM Track,,0,0.0,2,1,1,214,,0.0,R,R,C,C,C,C,C,C,C,C,C,RRCCCCCCCCC,1,1,214,,0.0,0,0,1,0,0,0,0,0,0,I have completely forgotten how to work algebra other than very basic,"General studies and information technology, I work in the technology field",Great,Non-STEM Track,1,1,,,,,,,,,,,,,,,,,,,,,,,,,,,,,,,,,,,,,,,,,,,,,,,,,,,,,,,,,,,,,,,,,,,,,,,,,,,,,,,,,,,,,,,,,,,,,,,,,,,,,,,,,,,,,,,,,,,,,,,,,,,,,,,,,,,,,,,,,,,,,,,,,,,,,,,,,,,,,,,,,,,,,,,,,,,,,,,,,,,,,,,,,,,,,,,,,,,,,,,,,,,,,,,,,,,,,,,,,,,,,,,,,,,,,,,,,,,,,,,,,,,,,,,,,,,,,,,,,,,,,,,,,,,,,,,,,,,,,,,,,,,,,,,,,,,,,,,,,,,,,,,,,,,,,,,,,,,
215,01vq594o,,0,18,18,Section_7,EndSurvey,2024-09-25 20:36:45.574682,1,,,0.0,,,,,,,,,,,,,,ryu6snyq,,,,,0,Experiment_1_Persistence,https://app.prolific.com/submissions/complete?cc=C1BTHULB,0.0,1.0,215,,0.0,5f73f37ed13ce303cc14ae35,1,1,215,,0.0,A,A,C,B,A,D,C,C,B,D,AACBADCCBD,0.5,0,0.0,1,1,215,,0.0,noisy,random,positive,Pass,red,56,3,5,Fail Box,1,1,215,,0.0,D,B,A,C,B,D,A,B,C,D,DBACBDABCD,1.0,Non-STEM Track,,0,0.0,5,1,1,215,,0.0,R,R,R,R,R,R,C,C,C,C,C,RRRRRRCCCCC,1,1,215,,0.0,0,0,1,0,0,0,0,0,0,I chose the Non-STEM track because I am not good at STEM subjects.,"I studied the main basic ones such as English, Math, Science, History, Physical Education.",The process was challenging but not too difficult.,Non-STEM Track,1,1,,,,,,,,,,,,,,,,,,,,,,,,,,,,,,,,,,,,,,,,,,,,,,,,,,,,,,,,,,,,,,,,,,,,,,,,,,,,,,,,,,,,,,,,,,,,,,,,,,,,,,,,,,,,,,,,,,,,,,,,,,,,,,,,,,,,,,,,,,,,,,,,,,,,,,,,,,,,,,,,,,,,,,,,,,,,,,,,,,,,,,,,,,,,,,,,,,,,,,,,,,,,,,,,,,,,,,,,,,,,,,,,,,,,,,,,,,,,,,,,,,,,,,,,,,,,,,,,,,,,,,,,,,,,,,,,,,,,,,,,,,,,,,,,,,,,,,,,,,,,,,,,,,,,,,,,,,,
216,l2rvhxm4,,0,18,18,Section_7,EndSurvey,2024-09-25 20:36:51.727738,1,,,0.0,,,,,,,,,,,,,,ryu6snyq,,,,,0,Experiment_1_Persistence,https://app.prolific.com/submissions/complete?cc=C1BTHULB,0.0,1.0,216,,0.0,6672d7c8f27a75aa9998abab,1,1,216,,0.0,B,C,B,B,D,A,C,B,D,A,BCBBDACBDA,0.1,0,0.0,1,1,216,,0.0,noisy,random,positive,Fail,red,25,3,5,Fail Box,1,1,216,,0.0,D,B,A,C,B,D,A,B,C,D,DBACBDABCD,1.0,Non-STEM Track,,0,0.0,5,1,1,216,,0.0,R,R,C,C,C,C,C,C,C,C,C,RRCCCCCCCCC,1,1,216,,0.0,0,1,1,0,1,0,0,0,0,Easier qeustions,Math and science ,Good experience ,Non-STEM Track,1,1,,,,,,,,,,,,,,,,,,,,,,,,,,,,,,,,,,,,,,,,,,,,,,,,,,,,,,,,,,,,,,,,,,,,,,,,,,,,,,,,,,,,,,,,,,,,,,,,,,,,,,,,,,,,,,,,,,,,,,,,,,,,,,,,,,,,,,,,,,,,,,,,,,,,,,,,,,,,,,,,,,,,,,,,,,,,,,,,,,,,,,,,,,,,,,,,,,,,,,,,,,,,,,,,,,,,,,,,,,,,,,,,,,,,,,,,,,,,,,,,,,,,,,,,,,,,,,,,,,,,,,,,,,,,,,,,,,,,,,,,,,,,,,,,,,,,,,,,,,,,,,,,,,,,,,,,,,,
217,ym8t2h1g,,0,18,18,Section_7,EndSurvey,2024-09-25 20:36:59.057252,1,,,0.0,,,,,,,,,,,,,,ryu6snyq,,,,,0,Experiment_1_Persistence,https://app.prolific.com/submissions/complete?cc=C1BTHULB,0.0,1.0,217,,0.0,662190146ef67bab626e48cb,1,1,217,,0.0,B,A,B,C,D,A,B,C,D,A,BABCDABCDA,0.2,0,0.0,1,1,217,,0.0,noisy,random,negative,Fail,red,10,1,4,Pass Box,1,1,217,,0.0,D,B,A,C,B,D,A,B,C,D,DBACBDABCD,1.0,Non-STEM Track,,0,0.0,4,1,1,217,,0.0,R,R,R,R,R,C,C,C,C,C,C,RRRRRCCCCCC,1,1,217,,0.0,0,0,1,0,0,0,0,0,0,Im better at it.,Everything but stem.,all good,Non-STEM Track,1,1,,,,,,,,,,,,,,,,,,,,,,,,,,,,,,,,,,,,,,,,,,,,,,,,,,,,,,,,,,,,,,,,,,,,,,,,,,,,,,,,,,,,,,,,,,,,,,,,,,,,,,,,,,,,,,,,,,,,,,,,,,,,,,,,,,,,,,,,,,,,,,,,,,,,,,,,,,,,,,,,,,,,,,,,,,,,,,,,,,,,,,,,,,,,,,,,,,,,,,,,,,,,,,,,,,,,,,,,,,,,,,,,,,,,,,,,,,,,,,,,,,,,,,,,,,,,,,,,,,,,,,,,,,,,,,,,,,,,,,,,,,,,,,,,,,,,,,,,,,,,,,,,,,,,,,,,,,,
218,0opiazhe,,0,18,18,Section_7,EndSurvey,2024-09-25 20:37:03.989105,1,,,0.0,,,,,,,,,,,,,,ryu6snyq,,,,,0,Experiment_1_Persistence,https://app.prolific.com/submissions/complete?cc=C1BTHULB,0.0,1.0,218,,0.0,66e738df937b233c0ad3427e,1,1,218,,0.0,D,A,D,,,,,,,,DAD_______,0.1,0,0.0,1,1,218,,0.0,noisy,random,ground,Fail,black,50,1,2,Fail Box,1,1,218,,0.0,D,B,A,C,B,D,A,B,C,D,DBACBDABCD,1.0,Non-STEM Track,,0,0.0,2,1,1,218,,0.0,R,C,C,C,C,C,C,C,C,C,C,RCCCCCCCCCC,1,1,218,,0.0,0,0,1,0,0,0,0,0,0,The STEM questions were very difficult for me.,"Statistics, Biology",Very difficult!,Non-STEM Track,1,1,,,,,,,,,,,,,,,,,,,,,,,,,,,,,,,,,,,,,,,,,,,,,,,,,,,,,,,,,,,,,,,,,,,,,,,,,,,,,,,,,,,,,,,,,,,,,,,,,,,,,,,,,,,,,,,,,,,,,,,,,,,,,,,,,,,,,,,,,,,,,,,,,,,,,,,,,,,,,,,,,,,,,,,,,,,,,,,,,,,,,,,,,,,,,,,,,,,,,,,,,,,,,,,,,,,,,,,,,,,,,,,,,,,,,,,,,,,,,,,,,,,,,,,,,,,,,,,,,,,,,,,,,,,,,,,,,,,,,,,,,,,,,,,,,,,,,,,,,,,,,,,,,,,,,,,,,,,
219,vysstdi4,,0,18,18,Section_7,EndSurvey,2024-09-25 20:38:05.619932,1,,,0.0,,,,,,,,,,,,,,ryu6snyq,,,,,0,Experiment_1_Persistence,https://app.prolific.com/submissions/complete?cc=C1BTHULB,0.0,1.0,219,,0.0,66e998697bd6ac455eef101b,1,1,219,,0.0,A,C,C,A,D,B,A,D,D,B,ACCADBADDB,0.4,0,0.0,1,1,219,,0.0,noisy,random,ground,Fail,black,25,4,5,Fail Box,1,1,219,,0.0,C,B,B,A,D,A,C,C,B,A,CBBADACCBA,0.3,STEM Track,,0,0.0,5,1,1,219,,0.0,R,R,R,R,R,C,C,C,C,C,C,RRRRRCCCCCC,1,1,219,,0.0,0,0,1,0,0,0,0,0,0,opportunity for more money,"math, history, english",it was fun,STEM Track,1,1,,,,,,,,,,,,,,,,,,,,,,,,,,,,,,,,,,,,,,,,,,,,,,,,,,,,,,,,,,,,,,,,,,,,,,,,,,,,,,,,,,,,,,,,,,,,,,,,,,,,,,,,,,,,,,,,,,,,,,,,,,,,,,,,,,,,,,,,,,,,,,,,,,,,,,,,,,,,,,,,,,,,,,,,,,,,,,,,,,,,,,,,,,,,,,,,,,,,,,,,,,,,,,,,,,,,,,,,,,,,,,,,,,,,,,,,,,,,,,,,,,,,,,,,,,,,,,,,,,,,,,,,,,,,,,,,,,,,,,,,,,,,,,,,,,,,,,,,,,,,,,,,,,,,,,,,,,,
220,y37pchxk,,0,18,18,Section_7,EndSurvey,2024-09-25 20:38:11.186069,1,,,0.0,,,,,,,,,,,,,,ryu6snyq,,,,,0,Experiment_1_Persistence,https://app.prolific.com/submissions/complete?cc=C1BTHULB,0.0,1.0,220,,0.0,660fe8b910d0f16114179923,1,1,220,,0.0,B,C,C,B,B,D,B,B,D,B,BCCBBDBBDB,0.4,0,0.0,1,1,220,,0.0,noisy,random,negative,Pass,red,0,3,3,Pass Box,1,1,220,,0.0,D,B,A,C,B,D,A,B,C,D,DBACBDABCD,1.0,Non-STEM Track,,0,0.0,3,1,1,220,,0.0,R,R,R,R,R,C,C,C,C,C,C,RRRRRCCCCCC,1,1,220,,0.0,0,0,1,0,0,0,0,0,0,Better fit for my skill set,English ,,Non-STEM Track,1,1,,,,,,,,,,,,,,,,,,,,,,,,,,,,,,,,,,,,,,,,,,,,,,,,,,,,,,,,,,,,,,,,,,,,,,,,,,,,,,,,,,,,,,,,,,,,,,,,,,,,,,,,,,,,,,,,,,,,,,,,,,,,,,,,,,,,,,,,,,,,,,,,,,,,,,,,,,,,,,,,,,,,,,,,,,,,,,,,,,,,,,,,,,,,,,,,,,,,,,,,,,,,,,,,,,,,,,,,,,,,,,,,,,,,,,,,,,,,,,,,,,,,,,,,,,,,,,,,,,,,,,,,,,,,,,,,,,,,,,,,,,,,,,,,,,,,,,,,,,,,,,,,,,,,,,,,,,,
221,15u2kiij,,0,18,18,Section_7,EndSurvey,2024-09-25 20:38:31.140078,1,,,0.0,,,,,,,,,,,,,,ryu6snyq,,,,,0,Experiment_1_Persistence,https://app.prolific.com/submissions/complete?cc=C1BTHULB,0.0,1.0,221,,0.0,66b61425c6abfeabcdc8c958,1,1,221,,0.0,D,A,C,C,D,A,A,A,B,B,DACCDAAABB,0.3,0,0.0,1,1,221,,0.0,noisy,random,ground,Fail,black,75,6,4,Fail Box,1,1,221,,0.0,B,B,B,A,A,D,C,A,A,D,BBBAADCAAD,0.6,STEM Track,,0,0.0,4,1,1,221,,0.0,R,R,R,R,R,C,C,C,C,C,C,RRRRRCCCCCC,1,1,221,,0.0,0,0,1,0,0,0,0,0,0,"i like math, but it has been a long time since i did math like this","psychology, computers",it was difficult!,STEM Track,1,1,,,,,,,,,,,,,,,,,,,,,,,,,,,,,,,,,,,,,,,,,,,,,,,,,,,,,,,,,,,,,,,,,,,,,,,,,,,,,,,,,,,,,,,,,,,,,,,,,,,,,,,,,,,,,,,,,,,,,,,,,,,,,,,,,,,,,,,,,,,,,,,,,,,,,,,,,,,,,,,,,,,,,,,,,,,,,,,,,,,,,,,,,,,,,,,,,,,,,,,,,,,,,,,,,,,,,,,,,,,,,,,,,,,,,,,,,,,,,,,,,,,,,,,,,,,,,,,,,,,,,,,,,,,,,,,,,,,,,,,,,,,,,,,,,,,,,,,,,,,,,,,,,,,,,,,,,,,
222,sce88o06,,0,4,18,Section_1,Conclusion,2024-09-25 20:38:45.247857,1,,,0.0,,,,,,,,,,,,,,ryu6snyq,,,,,0,Experiment_1_Persistence,https://app.prolific.com/submissions/complete?cc=C1BTHULB,0.0,1.0,222,,0.0,60ddf4b3e6b47e907bd5e6b9,1,1,222,,0.0,,,,,,,,,,,__________,0.0,0,0.0,1,1,222,,0.0,,,,,,,,,,1,1,222,,0.0,,,,,,,,,,,,,,,,,,1,1,222,,0.0,,,,,,,,,,,,,1,1,222,,0.0,0,0,0,0,0,0,0,0,0,,,,,1,1,,,,,,,,,,,,,,,,,,,,,,,,,,,,,,,,,,,,,,,,,,,,,,,,,,,,,,,,,,,,,,,,,,,,,,,,,,,,,,,,,,,,,,,,,,,,,,,,,,,,,,,,,,,,,,,,,,,,,,,,,,,,,,,,,,,,,,,,,,,,,,,,,,,,,,,,,,,,,,,,,,,,,,,,,,,,,,,,,,,,,,,,,,,,,,,,,,,,,,,,,,,,,,,,,,,,,,,,,,,,,,,,,,,,,,,,,,,,,,,,,,,,,,,,,,,,,,,,,,,,,,,,,,,,,,,,,,,,,,,,,,,,,,,,,,,,,,,,,,,,,,,,,,,,,,,,,,,
223,lb1jmrdl,,0,18,18,Section_7,EndSurvey,2024-09-25 20:39:16.852038,1,,,0.0,,,,,,,,,,,,,,ryu6snyq,,,,,0,Experiment_1_Persistence,https://app.prolific.com/submissions/complete?cc=C1BTHULB,0.0,1.0,223,,0.0,5e8b9c7054a5cc07dd6e174d,1,1,223,,0.0,D,A,C,A,C,D,A,D,A,C,DACACDADAC,0.2,0,0.0,1,1,223,,0.0,noisy,random,ground,Fail,black,50,3,5,Fail Box,1,1,223,,0.0,D,B,A,C,B,D,A,B,C,D,DBACBDABCD,1.0,Non-STEM Track,,0,0.0,5,1,1,223,,0.0,R,R,R,R,C,C,C,C,C,C,C,RRRRCCCCCCC,1,1,223,,0.0,0,0,1,0,0,0,0,0,0,I really did not enjoy the math questions.  They were irritating.,Communications...which is why I nailed the vocab quiz.,"I felt like I was in school again, and school is for kids.  Real learning doesn't actually happen until you're an adult in the real world.",Non-STEM Track,1,1,,,,,,,,,,,,,,,,,,,,,,,,,,,,,,,,,,,,,,,,,,,,,,,,,,,,,,,,,,,,,,,,,,,,,,,,,,,,,,,,,,,,,,,,,,,,,,,,,,,,,,,,,,,,,,,,,,,,,,,,,,,,,,,,,,,,,,,,,,,,,,,,,,,,,,,,,,,,,,,,,,,,,,,,,,,,,,,,,,,,,,,,,,,,,,,,,,,,,,,,,,,,,,,,,,,,,,,,,,,,,,,,,,,,,,,,,,,,,,,,,,,,,,,,,,,,,,,,,,,,,,,,,,,,,,,,,,,,,,,,,,,,,,,,,,,,,,,,,,,,,,,,,,,,,,,,,,,
224,7fxzpi1h,,0,18,18,Section_7,EndSurvey,2024-09-25 20:39:40.061540,1,,,0.0,,,,,,,,,,,,,,ryu6snyq,,,,,0,Experiment_1_Persistence,https://app.prolific.com/submissions/complete?cc=C1BTHULB,0.0,1.0,224,,0.0,66798db816f49af0a6c7f6e2,1,1,224,,0.0,A,A,C,B,C,B,D,C,C,B,AACBCBDCCB,0.9,0,0.0,1,1,224,,0.0,noisy,random,ground,Pass,red,100,9,9,Pass Box,1,1,224,,0.0,B,B,C,A,A,D,C,A,,,BBCAADCA__,0.7,STEM Track,,0,0.0,9,1,1,224,,0.0,R,R,R,R,R,C,C,C,C,C,C,RRRRRCCCCCC,1,1,224,,0.0,0,0,1,0,0,0,0,0,0,I thought I would have more STEM knowledge.,Medicine,The experiment went smoothly.,STEM Track,1,1,,,,,,,,,,,,,,,,,,,,,,,,,,,,,,,,,,,,,,,,,,,,,,,,,,,,,,,,,,,,,,,,,,,,,,,,,,,,,,,,,,,,,,,,,,,,,,,,,,,,,,,,,,,,,,,,,,,,,,,,,,,,,,,,,,,,,,,,,,,,,,,,,,,,,,,,,,,,,,,,,,,,,,,,,,,,,,,,,,,,,,,,,,,,,,,,,,,,,,,,,,,,,,,,,,,,,,,,,,,,,,,,,,,,,,,,,,,,,,,,,,,,,,,,,,,,,,,,,,,,,,,,,,,,,,,,,,,,,,,,,,,,,,,,,,,,,,,,,,,,,,,,,,,,,,,,,,,
225,ppsou96q,,0,18,18,Section_7,EndSurvey,2024-09-25 20:39:42.801964,1,,,0.0,,,,,,,,,,,,,,ryu6snyq,,,,,0,Experiment_1_Persistence,https://app.prolific.com/submissions/complete?cc=C1BTHULB,0.0,1.0,225,,0.0,5f1b84872171f838a8a3cfa9,1,1,225,,0.0,C,C,B,C,C,B,B,B,A,D,CCBCCBBBAD,0.1,0,0.0,1,1,225,,0.0,noisy,random,ground,Fail,black,50,4,4,Fail Box,1,1,225,,0.0,D,B,A,C,B,D,A,B,C,D,DBACBDABCD,1.0,Non-STEM Track,,0,0.0,4,1,1,225,,0.0,R,R,R,R,R,C,C,C,C,C,C,RRRRRCCCCCC,1,1,225,,0.0,0,0,0,1,0,0,0,0,0,,,,Non-STEM Track,1,1,,,,,,,,,,,,,,,,,,,,,,,,,,,,,,,,,,,,,,,,,,,,,,,,,,,,,,,,,,,,,,,,,,,,,,,,,,,,,,,,,,,,,,,,,,,,,,,,,,,,,,,,,,,,,,,,,,,,,,,,,,,,,,,,,,,,,,,,,,,,,,,,,,,,,,,,,,,,,,,,,,,,,,,,,,,,,,,,,,,,,,,,,,,,,,,,,,,,,,,,,,,,,,,,,,,,,,,,,,,,,,,,,,,,,,,,,,,,,,,,,,,,,,,,,,,,,,,,,,,,,,,,,,,,,,,,,,,,,,,,,,,,,,,,,,,,,,,,,,,,,,,,,,,,,,,,,,,
226,z9h6clpp,,0,18,18,Section_7,EndSurvey,2024-09-25 20:39:49.785577,1,,,0.0,,,,,,,,,,,,,,ryu6snyq,,,,,0,Experiment_1_Persistence,https://app.prolific.com/submissions/complete?cc=C1BTHULB,0.0,1.0,226,,0.0,61506367db75b2669d9d2d72,1,1,226,,0.0,A,A,D,B,C,B,B,B,A,C,AADBCBBBAC,0.4,0,0.0,1,1,226,,0.0,noisy,random,positive,Pass,black,30,3,3,Pass Box,1,1,226,,0.0,B,B,C,B,B,B,B,B,A,A,BBCBBBBBAA,0.2,STEM Track,,0,0.0,3,1,1,226,,0.0,R,R,R,R,R,R,R,C,C,C,C,RRRRRRRCCCC,1,1,226,,0.0,0,0,1,0,0,0,0,0,0,Because I wanted to see how challenging the questions were,"English, Language ARTs, Legal Studies; Information Technology, Library Science",I am a bit rusty on these old math problems! Interesting survey and best of luck with your research,STEM Track,1,1,,,,,,,,,,,,,,,,,,,,,,,,,,,,,,,,,,,,,,,,,,,,,,,,,,,,,,,,,,,,,,,,,,,,,,,,,,,,,,,,,,,,,,,,,,,,,,,,,,,,,,,,,,,,,,,,,,,,,,,,,,,,,,,,,,,,,,,,,,,,,,,,,,,,,,,,,,,,,,,,,,,,,,,,,,,,,,,,,,,,,,,,,,,,,,,,,,,,,,,,,,,,,,,,,,,,,,,,,,,,,,,,,,,,,,,,,,,,,,,,,,,,,,,,,,,,,,,,,,,,,,,,,,,,,,,,,,,,,,,,,,,,,,,,,,,,,,,,,,,,,,,,,,,,,,,,,,,
227,o47bwd6s,,0,18,18,Section_7,EndSurvey,2024-09-25 20:43:15.248490,1,,,0.0,,,,,,,,,,,,,,ryu6snyq,,,,,0,Experiment_1_Persistence,https://app.prolific.com/submissions/complete?cc=C1BTHULB,0.0,1.0,227,,0.0,646d98275114aaaa1c776bae,1,1,227,,0.0,B,A,A,B,A,B,A,B,C,D,BAABABABCD,0.4,0,0.0,1,1,227,,0.0,noisy,random,ground,Pass,red,40,4,4,Pass Box,1,1,227,,0.0,,,,,,,,,,,__________,0.0,STEM Track,,0,0.0,4,1,1,227,,0.0,R,C,C,C,C,C,C,C,C,C,C,RCCCCCCCCCC,1,1,227,,0.0,1,0,1,0,1,0,0,0,0,I like math,IT   Tech and Finance,,STEM Track,1,1,,,,,,,,,,,,,,,,,,,,,,,,,,,,,,,,,,,,,,,,,,,,,,,,,,,,,,,,,,,,,,,,,,,,,,,,,,,,,,,,,,,,,,,,,,,,,,,,,,,,,,,,,,,,,,,,,,,,,,,,,,,,,,,,,,,,,,,,,,,,,,,,,,,,,,,,,,,,,,,,,,,,,,,,,,,,,,,,,,,,,,,,,,,,,,,,,,,,,,,,,,,,,,,,,,,,,,,,,,,,,,,,,,,,,,,,,,,,,,,,,,,,,,,,,,,,,,,,,,,,,,,,,,,,,,,,,,,,,,,,,,,,,,,,,,,,,,,,,,,,,,,,,,,,,,,,,,,
228,lq5oklk7,,0,18,18,Section_7,EndSurvey,2024-09-25 20:43:30.055192,1,,,0.0,,,,,,,,,,,,,,ryu6snyq,,,,,0,Experiment_1_Persistence,https://app.prolific.com/submissions/complete?cc=C1BTHULB,0.0,1.0,228,,0.0,5ce753de5434fd001b47e9fc,1,1,228,,0.0,C,A,A,D,A,D,C,C,B,C,CAADADCCBC,0.2,0,0.0,1,1,228,,0.0,noisy,random,ground,Fail,black,50,2,3,Fail Box,1,1,228,,0.0,D,B,A,C,B,D,A,B,C,C,DBACBDABCC,0.9,Non-STEM Track,,0,0.0,3,1,1,228,,0.0,R,R,R,R,R,R,C,C,C,C,C,RRRRRRCCCCC,1,1,228,,0.0,0,1,0,0,0,0,0,0,0,I did not know the formulas needed in the STEM track.,"Math, English, Science, History",N/A,Non-STEM Track,1,1,,,,,,,,,,,,,,,,,,,,,,,,,,,,,,,,,,,,,,,,,,,,,,,,,,,,,,,,,,,,,,,,,,,,,,,,,,,,,,,,,,,,,,,,,,,,,,,,,,,,,,,,,,,,,,,,,,,,,,,,,,,,,,,,,,,,,,,,,,,,,,,,,,,,,,,,,,,,,,,,,,,,,,,,,,,,,,,,,,,,,,,,,,,,,,,,,,,,,,,,,,,,,,,,,,,,,,,,,,,,,,,,,,,,,,,,,,,,,,,,,,,,,,,,,,,,,,,,,,,,,,,,,,,,,,,,,,,,,,,,,,,,,,,,,,,,,,,,,,,,,,,,,,,,,,,,,,,
229,e6i1ifoi,,0,4,18,Section_1,Conclusion,2024-09-25 20:44:10.937733,1,,,0.0,,,,,,,,,,,,,,ryu6snyq,,,,,0,Experiment_1_Persistence,https://app.prolific.com/submissions/complete?cc=C1BTHULB,0.0,1.0,229,,0.0,601a2908d4210b238f755fed,1,1,229,,0.0,,,,,,,,,,,__________,0.0,0,0.0,1,1,229,,0.0,,,,,,,,,,1,1,229,,0.0,,,,,,,,,,,,,,,,,,1,1,229,,0.0,,,,,,,,,,,,,1,1,229,,0.0,0,0,0,0,0,0,0,0,0,,,,,1,1,,,,,,,,,,,,,,,,,,,,,,,,,,,,,,,,,,,,,,,,,,,,,,,,,,,,,,,,,,,,,,,,,,,,,,,,,,,,,,,,,,,,,,,,,,,,,,,,,,,,,,,,,,,,,,,,,,,,,,,,,,,,,,,,,,,,,,,,,,,,,,,,,,,,,,,,,,,,,,,,,,,,,,,,,,,,,,,,,,,,,,,,,,,,,,,,,,,,,,,,,,,,,,,,,,,,,,,,,,,,,,,,,,,,,,,,,,,,,,,,,,,,,,,,,,,,,,,,,,,,,,,,,,,,,,,,,,,,,,,,,,,,,,,,,,,,,,,,,,,,,,,,,,,,,,,,,,,
230,19vc6cp7,,0,18,18,Section_7,EndSurvey,2024-09-25 20:44:30.258211,1,,,0.0,,,,,,,,,,,,,,ryu6snyq,,,,,0,Experiment_1_Persistence,https://app.prolific.com/submissions/complete?cc=C1BTHULB,0.0,1.0,230,,0.0,5e6482c9142c3c204d56baa0,1,1,230,,0.0,B,C,B,A,B,B,D,C,B,B,BCBABBDCBB,0.5,0,0.0,1,1,230,,0.0,noisy,random,positive,Pass,black,25,7,4,Pass Box,1,1,230,,0.0,D,B,A,C,B,D,A,B,C,D,DBACBDABCD,1.0,Non-STEM Track,,0,0.0,4,1,1,230,,0.0,R,R,R,R,R,C,C,C,C,C,C,RRRRRCCCCCC,1,1,230,,0.0,0,0,1,0,0,0,0,0,0,Im not good at math,Writing/art,Good,Non-STEM Track,1,1,,,,,,,,,,,,,,,,,,,,,,,,,,,,,,,,,,,,,,,,,,,,,,,,,,,,,,,,,,,,,,,,,,,,,,,,,,,,,,,,,,,,,,,,,,,,,,,,,,,,,,,,,,,,,,,,,,,,,,,,,,,,,,,,,,,,,,,,,,,,,,,,,,,,,,,,,,,,,,,,,,,,,,,,,,,,,,,,,,,,,,,,,,,,,,,,,,,,,,,,,,,,,,,,,,,,,,,,,,,,,,,,,,,,,,,,,,,,,,,,,,,,,,,,,,,,,,,,,,,,,,,,,,,,,,,,,,,,,,,,,,,,,,,,,,,,,,,,,,,,,,,,,,,,,,,,,,,
231,60jxsctd,,0,18,18,Section_7,EndSurvey,2024-09-25 20:45:18.212723,1,,,0.0,,,,,,,,,,,,,,ryu6snyq,,,,,0,Experiment_1_Persistence,https://app.prolific.com/submissions/complete?cc=C1BTHULB,0.0,1.0,231,,0.0,663154d3db316e62c35e16ae,1,1,231,,0.0,B,D,C,A,B,B,C,C,B,B,BDCABBCCBB,0.5,0,0.0,1,1,231,,0.0,noisy,random,negative,Pass,red,1,1,1,Fail Box,1,1,231,,0.0,A,B,B,B,C,A,B,C,B,D,ABBBCABCBD,0.1,STEM Track,,0,0.0,1,1,1,231,,0.0,C,C,R,R,R,R,R,R,R,R,R,CCRRRRRRRRR,1,1,231,,0.0,0,0,1,0,0,0,0,0,0,Because That made the most sense,"Arts, Motion Pictures",Weird test kind of...not sure of a few things,STEM Track,1,1,,,,,,,,,,,,,,,,,,,,,,,,,,,,,,,,,,,,,,,,,,,,,,,,,,,,,,,,,,,,,,,,,,,,,,,,,,,,,,,,,,,,,,,,,,,,,,,,,,,,,,,,,,,,,,,,,,,,,,,,,,,,,,,,,,,,,,,,,,,,,,,,,,,,,,,,,,,,,,,,,,,,,,,,,,,,,,,,,,,,,,,,,,,,,,,,,,,,,,,,,,,,,,,,,,,,,,,,,,,,,,,,,,,,,,,,,,,,,,,,,,,,,,,,,,,,,,,,,,,,,,,,,,,,,,,,,,,,,,,,,,,,,,,,,,,,,,,,,,,,,,,,,,,,,,,,,,,
232,uf3047zk,,0,18,18,Section_7,EndSurvey,2024-09-25 20:45:50.983867,1,,,0.0,,,,,,,,,,,,,,ryu6snyq,,,,,0,Experiment_1_Persistence,https://app.prolific.com/submissions/complete?cc=C1BTHULB,0.0,1.0,232,,0.0,5c4d5328889752000156a11d,1,1,232,,0.0,D,A,A,B,,,B,A,C,D,DAAB__BACD,0.3,0,0.0,1,1,232,,0.0,noisy,random,negative,Pass,red,22,2,2,Pass Box,1,1,232,,0.0,D,B,A,C,B,D,A,B,C,D,DBACBDABCD,1.0,Non-STEM Track,,0,0.0,2,1,1,232,,0.0,R,R,C,C,C,C,C,C,C,C,C,RRCCCCCCCCC,1,1,232,,0.0,1,0,1,0,0,0,0,0,0,"I am bad at math to begin with, and I am quite tired today as well, so I was unlikely to be reliable in a math context. Even though, if I recall, the bar was set low for the STEM track, the stress level associated with taking that option would have been high, as it had been to some extent the first time. I wanted to get some exposure to challenges at which I thought likely I would have a better chance of doing better and of finding the material more approachable and maybe more interesting. ","I majored in psychology in college. Prior to that I focused on English and history. I am more of a humanities and social sciences person, but less so the quantitative aspects of social science. My work has been primarily in administrative support roles, with some creative and analytical elements in one of my current jobs. ",I think things were mostly pretty straightforward. I liked that there were multiple pauses between sections and ongoing instructions. ,Non-STEM Track,1,1,,,,,,,,,,,,,,,,,,,,,,,,,,,,,,,,,,,,,,,,,,,,,,,,,,,,,,,,,,,,,,,,,,,,,,,,,,,,,,,,,,,,,,,,,,,,,,,,,,,,,,,,,,,,,,,,,,,,,,,,,,,,,,,,,,,,,,,,,,,,,,,,,,,,,,,,,,,,,,,,,,,,,,,,,,,,,,,,,,,,,,,,,,,,,,,,,,,,,,,,,,,,,,,,,,,,,,,,,,,,,,,,,,,,,,,,,,,,,,,,,,,,,,,,,,,,,,,,,,,,,,,,,,,,,,,,,,,,,,,,,,,,,,,,,,,,,,,,,,,,,,,,,,,,,,,,,,,
233,r07vui0l,,0,18,18,Section_7,EndSurvey,2024-09-25 20:55:32.614098,1,,,0.0,,,,,,,,,,,,,,ryu6snyq,,,,,0,Experiment_1_Persistence,https://app.prolific.com/submissions/complete?cc=C1BTHULB,0.0,1.0,233,,0.0,5f5ab115b8e6411bcb5dadf1,1,1,233,,0.0,D,A,D,C,B,,,,,C,DADCB____C,0.2,0,0.0,1,1,233,,0.0,noisy,random,negative,Fail,black,30,3,4,Fail Box,1,1,233,,0.0,D,B,A,C,B,D,A,B,C,D,DBACBDABCD,1.0,Non-STEM Track,,0,0.0,4,1,1,233,,0.0,R,R,R,R,R,C,C,C,C,C,C,RRRRRCCCCCC,1,1,233,,0.0,0,0,1,0,0,0,0,0,0,"Because I'm not good at STEM, particularly math",Information science/computer science,"Everything was good, thanks!",Non-STEM Track,1,1,,,,,,,,,,,,,,,,,,,,,,,,,,,,,,,,,,,,,,,,,,,,,,,,,,,,,,,,,,,,,,,,,,,,,,,,,,,,,,,,,,,,,,,,,,,,,,,,,,,,,,,,,,,,,,,,,,,,,,,,,,,,,,,,,,,,,,,,,,,,,,,,,,,,,,,,,,,,,,,,,,,,,,,,,,,,,,,,,,,,,,,,,,,,,,,,,,,,,,,,,,,,,,,,,,,,,,,,,,,,,,,,,,,,,,,,,,,,,,,,,,,,,,,,,,,,,,,,,,,,,,,,,,,,,,,,,,,,,,,,,,,,,,,,,,,,,,,,,,,,,,,,,,,,,,,,,,,
234,9w82brgv,,0,18,18,Section_7,EndSurvey,2024-09-25 20:57:33.751574,1,,,0.0,,,,,,,,,,,,,,ryu6snyq,,,,,0,Experiment_1_Persistence,https://app.prolific.com/submissions/complete?cc=C1BTHULB,0.0,1.0,234,,0.0,5fc531028afba30009cb3234,1,1,234,,0.0,D,A,C,C,,,,A,,,DACC___A__,0.2,1,3.448,1,1,234,,0.0,noisy,random,ground,Fail,black,70,3,6,Fail Box,1,1,234,,0.0,D,B,A,C,B,D,A,B,C,D,DBACBDABCD,1.0,Non-STEM Track,,0,0.0,6,1,1,234,,0.0,R,R,R,R,R,C,C,C,C,C,C,RRRRRCCCCCC,1,1,234,,0.0,0,0,1,0,0,0,0,0,0,"STEM subjects, Math in particular is my weak point.","Went to trade school for audio engineering. I've worked in manufacturing, logistics, and the entertainment industry.","Challenging, at least the math quiz section. No, the study was well written clearly and instructions easy to understand.",Non-STEM Track,1,1,,,,,,,,,,,,,,,,,,,,,,,,,,,,,,,,,,,,,,,,,,,,,,,,,,,,,,,,,,,,,,,,,,,,,,,,,,,,,,,,,,,,,,,,,,,,,,,,,,,,,,,,,,,,,,,,,,,,,,,,,,,,,,,,,,,,,,,,,,,,,,,,,,,,,,,,,,,,,,,,,,,,,,,,,,,,,,,,,,,,,,,,,,,,,,,,,,,,,,,,,,,,,,,,,,,,,,,,,,,,,,,,,,,,,,,,,,,,,,,,,,,,,,,,,,,,,,,,,,,,,,,,,,,,,,,,,,,,,,,,,,,,,,,,,,,,,,,,,,,,,,,,,,,,,,,,,,,
235,ijq5uy8x,,0,4,18,Section_1,Conclusion,2024-09-25 21:00:48.106290,1,,,0.0,,,,,,,,,,,,,,ryu6snyq,,,,,0,Experiment_1_Persistence,https://app.prolific.com/submissions/complete?cc=C1BTHULB,0.0,1.0,235,,0.0,6664a1634453306b040667c8,1,1,235,,0.0,,,,,,,,,,,__________,0.0,0,0.0,1,1,235,,0.0,,,,,,,,,,1,1,235,,0.0,,,,,,,,,,,,,,,,,,1,1,235,,0.0,,,,,,,,,,,,,1,1,235,,0.0,0,0,0,0,0,0,0,0,0,,,,,1,1,,,,,,,,,,,,,,,,,,,,,,,,,,,,,,,,,,,,,,,,,,,,,,,,,,,,,,,,,,,,,,,,,,,,,,,,,,,,,,,,,,,,,,,,,,,,,,,,,,,,,,,,,,,,,,,,,,,,,,,,,,,,,,,,,,,,,,,,,,,,,,,,,,,,,,,,,,,,,,,,,,,,,,,,,,,,,,,,,,,,,,,,,,,,,,,,,,,,,,,,,,,,,,,,,,,,,,,,,,,,,,,,,,,,,,,,,,,,,,,,,,,,,,,,,,,,,,,,,,,,,,,,,,,,,,,,,,,,,,,,,,,,,,,,,,,,,,,,,,,,,,,,,,,,,,,,,,,
236,5ndkqwrw,,0,18,18,Section_7,EndSurvey,2024-09-25 21:00:54.180477,1,,,0.0,,,,,,,,,,,,,,ryu6snyq,,,,,0,Experiment_1_Persistence,https://app.prolific.com/submissions/complete?cc=C1BTHULB,0.0,1.0,236,,0.0,628ecc32276d54517f4c004d,1,1,236,,0.0,B,C,A,C,B,B,C,A,C,A,BCACBBCACA,0.3,0,0.0,1,1,236,,0.0,noisy,random,positive,Pass,black,50,2,3,Not Sure,1,1,236,,0.0,D,B,A,C,B,D,A,B,C,D,DBACBDABCD,1.0,Non-STEM Track,,0,0.0,3,1,1,236,,0.0,R,R,R,R,R,R,C,C,C,C,C,RRRRRRCCCCC,1,1,236,,0.0,0,0,1,0,0,0,0,0,0,"Because I'm atrocious at math, especially after graduating a decade ago. ",My best subjects were always History and English,Have a nice day.,Non-STEM Track,1,1,,,,,,,,,,,,,,,,,,,,,,,,,,,,,,,,,,,,,,,,,,,,,,,,,,,,,,,,,,,,,,,,,,,,,,,,,,,,,,,,,,,,,,,,,,,,,,,,,,,,,,,,,,,,,,,,,,,,,,,,,,,,,,,,,,,,,,,,,,,,,,,,,,,,,,,,,,,,,,,,,,,,,,,,,,,,,,,,,,,,,,,,,,,,,,,,,,,,,,,,,,,,,,,,,,,,,,,,,,,,,,,,,,,,,,,,,,,,,,,,,,,,,,,,,,,,,,,,,,,,,,,,,,,,,,,,,,,,,,,,,,,,,,,,,,,,,,,,,,,,,,,,,,,,,,,,,,,
237,m39nj8za,,0,18,18,Section_7,EndSurvey,2024-09-25 21:02:15.910221,1,,,0.0,,,,,,,,,,,,,,ryu6snyq,,,,,0,Experiment_1_Persistence,https://app.prolific.com/submissions/complete?cc=C1BTHULB,0.0,1.0,237,,0.0,66a51bbce6016ac7f7686885,1,1,237,,0.0,B,C,A,C,D,B,A,B,B,B,BCACDBABBB,0.2,2,36.029,1,1,237,,0.0,noisy,random,negative,Fail,red,50,5,5,Pass Box,1,1,237,,0.0,D,B,A,C,B,D,A,B,C,D,DBACBDABCD,1.0,Non-STEM Track,,1,3.699,5,1,1,237,,0.0,R,R,R,R,R,R,C,R,C,C,C,RRRRRRCRCCC,1,1,237,,0.0,0,0,1,0,0,0,0,0,0,I did not like the STEM,"Biology,chemistry",,Non-STEM Track,1,1,,,,,,,,,,,,,,,,,,,,,,,,,,,,,,,,,,,,,,,,,,,,,,,,,,,,,,,,,,,,,,,,,,,,,,,,,,,,,,,,,,,,,,,,,,,,,,,,,,,,,,,,,,,,,,,,,,,,,,,,,,,,,,,,,,,,,,,,,,,,,,,,,,,,,,,,,,,,,,,,,,,,,,,,,,,,,,,,,,,,,,,,,,,,,,,,,,,,,,,,,,,,,,,,,,,,,,,,,,,,,,,,,,,,,,,,,,,,,,,,,,,,,,,,,,,,,,,,,,,,,,,,,,,,,,,,,,,,,,,,,,,,,,,,,,,,,,,,,,,,,,,,,,,,,,,,,,,
238,u59j9e3x,,0,18,18,Section_7,EndSurvey,2024-09-25 21:11:07.352285,1,,,0.0,,,,,,,,,,,,,,ryu6snyq,,,,,0,Experiment_1_Persistence,https://app.prolific.com/submissions/complete?cc=C1BTHULB,0.0,1.0,238,,0.0,66059fef7d2576212925f9f9,1,1,238,,0.0,D,A,B,B,B,B,D,C,B,C,DABBBBDCBC,0.6,0,0.0,1,1,238,,0.0,noisy,random,positive,Pass,red,80,5,5,Pass Box,1,1,238,,0.0,B,D,C,B,A,D,C,A,B,C,BDCBADCABC,0.8,STEM Track,,0,0.0,5,1,1,238,,0.0,R,R,R,R,R,C,C,C,C,C,C,RRRRRCCCCCC,1,1,238,,0.0,0,0,1,0,0,0,0,0,0,I like it,Software Engineer and Mostly business,I liked it. ,STEM Track,1,1,,,,,,,,,,,,,,,,,,,,,,,,,,,,,,,,,,,,,,,,,,,,,,,,,,,,,,,,,,,,,,,,,,,,,,,,,,,,,,,,,,,,,,,,,,,,,,,,,,,,,,,,,,,,,,,,,,,,,,,,,,,,,,,,,,,,,,,,,,,,,,,,,,,,,,,,,,,,,,,,,,,,,,,,,,,,,,,,,,,,,,,,,,,,,,,,,,,,,,,,,,,,,,,,,,,,,,,,,,,,,,,,,,,,,,,,,,,,,,,,,,,,,,,,,,,,,,,,,,,,,,,,,,,,,,,,,,,,,,,,,,,,,,,,,,,,,,,,,,,,,,,,,,,,,,,,,,,
239,4g3ky12z,,0,18,18,Section_7,EndSurvey,2024-09-25 21:15:31.490089,1,,,0.0,,,,,,,,,,,,,,ryu6snyq,,,,,0,Experiment_1_Persistence,https://app.prolific.com/submissions/complete?cc=C1BTHULB,0.0,1.0,239,,0.0,5ffe235ea848b74a3b3ccd07,1,1,239,,0.0,D,C,D,D,D,C,D,B,A,C,DCDDDCDBAC,0.1,0,0.0,1,1,239,,0.0,noisy,random,negative,Fail,black,10,2,2,Fail Box,1,1,239,,0.0,D,B,A,C,B,D,A,B,C,D,DBACBDABCD,1.0,Non-STEM Track,,0,0.0,2,1,1,239,,0.0,R,R,R,C,C,C,C,C,C,C,C,RRRCCCCCCCC,1,1,239,,0.0,0,0,1,0,0,0,0,0,0,Because the questions on the first test were ridiculous given I haven't used the type of math required for them in over a decade. And that's coming from someone who works in STEM. Very few fields use that type of algebra on a day to day basis.,"computer science, software development",Giving people a big algebra-style test without telling them to get pen and paper out or a basic calculator to begin with is pretty poor survey design if you actually want to them to answer the questions properly. I'm 40 and they allowed graphing calculators at the bare minimum since middle school for me.,Non-STEM Track,1,1,,,,,,,,,,,,,,,,,,,,,,,,,,,,,,,,,,,,,,,,,,,,,,,,,,,,,,,,,,,,,,,,,,,,,,,,,,,,,,,,,,,,,,,,,,,,,,,,,,,,,,,,,,,,,,,,,,,,,,,,,,,,,,,,,,,,,,,,,,,,,,,,,,,,,,,,,,,,,,,,,,,,,,,,,,,,,,,,,,,,,,,,,,,,,,,,,,,,,,,,,,,,,,,,,,,,,,,,,,,,,,,,,,,,,,,,,,,,,,,,,,,,,,,,,,,,,,,,,,,,,,,,,,,,,,,,,,,,,,,,,,,,,,,,,,,,,,,,,,,,,,,,,,,,,,,,,,,
240,zz5u7j2m,,0,4,18,Section_1,Conclusion,2024-09-25 21:15:36.404639,1,,,0.0,,,,,,,,,,,,,,ryu6snyq,,,,,0,Experiment_1_Persistence,https://app.prolific.com/submissions/complete?cc=C1BTHULB,0.0,1.0,240,,0.0,5d114b7a90c5a6001bcb9cc4,1,1,240,,0.0,,,,,,,,,,,__________,0.0,0,0.0,1,1,240,,0.0,,,,,,,,,,1,1,240,,0.0,,,,,,,,,,,,,,,,,,1,1,240,,0.0,,,,,,,,,,,,,1,1,240,,0.0,0,0,0,0,0,0,0,0,0,,,,,1,1,,,,,,,,,,,,,,,,,,,,,,,,,,,,,,,,,,,,,,,,,,,,,,,,,,,,,,,,,,,,,,,,,,,,,,,,,,,,,,,,,,,,,,,,,,,,,,,,,,,,,,,,,,,,,,,,,,,,,,,,,,,,,,,,,,,,,,,,,,,,,,,,,,,,,,,,,,,,,,,,,,,,,,,,,,,,,,,,,,,,,,,,,,,,,,,,,,,,,,,,,,,,,,,,,,,,,,,,,,,,,,,,,,,,,,,,,,,,,,,,,,,,,,,,,,,,,,,,,,,,,,,,,,,,,,,,,,,,,,,,,,,,,,,,,,,,,,,,,,,,,,,,,,,,,,,,,,,
241,5mfq7puv,,0,18,18,Section_7,EndSurvey,2024-09-25 21:19:13.143866,1,,,0.0,,,,,,,,,,,,,,ryu6snyq,,,,,0,Experiment_1_Persistence,https://app.prolific.com/submissions/complete?cc=C1BTHULB,0.0,1.0,241,,0.0,6544ff9e0fb2eaaf83e2de5c,1,1,241,,0.0,D,B,C,C,A,B,D,C,A,A,DBCCABDCAA,0.4,1,2.895,1,1,241,,0.0,noisy,random,negative,Pass,red,5,1,3,Fail Box,1,1,241,,0.0,D,B,A,C,B,D,A,B,C,D,DBACBDABCD,1.0,Non-STEM Track,,0,0.0,3,1,1,241,,0.0,R,R,R,C,C,C,C,C,C,C,C,RRRCCCCCCCC,1,1,241,,0.0,0,1,0,0,0,0,1,0,0,I thought it may be less challenging.,"Economics and Business, Beauty, Media",It was interesting!,Non-STEM Track,1,1,,,,,,,,,,,,,,,,,,,,,,,,,,,,,,,,,,,,,,,,,,,,,,,,,,,,,,,,,,,,,,,,,,,,,,,,,,,,,,,,,,,,,,,,,,,,,,,,,,,,,,,,,,,,,,,,,,,,,,,,,,,,,,,,,,,,,,,,,,,,,,,,,,,,,,,,,,,,,,,,,,,,,,,,,,,,,,,,,,,,,,,,,,,,,,,,,,,,,,,,,,,,,,,,,,,,,,,,,,,,,,,,,,,,,,,,,,,,,,,,,,,,,,,,,,,,,,,,,,,,,,,,,,,,,,,,,,,,,,,,,,,,,,,,,,,,,,,,,,,,,,,,,,,,,,,,,,,
242,nnqhwmiq,,0,1,18,Intro,Intro,2024-09-28 01:31:17.838520,1,,,0.0,,,,,,,,,,,,,,ryu6snyq,,,,,0,Experiment_1_Persistence,https://app.prolific.com/submissions/complete?cc=C1BTHULB,0.0,1.0,242,,0.0,,1,1,242,,0.0,,,,,,,,,,,,,,,1,1,242,,0.0,,,,,,,,,,1,1,242,,0.0,,,,,,,,,,,,,,,,,,1,1,242,,0.0,,,,,,,,,,,,,1,1,242,,0.0,0,0,0,0,0,0,0,0,0,,,,,1,1,,,,,,,,,,,,,,,,,,,,,,,,,,,,,,,,,,,,,,,,,,,,,,,,,,,,,,,,,,,,,,,,,,,,,,,,,,,,,,,,,,,,,,,,,,,,,,,,,,,,,,,,,,,,,,,,,,,,,,,,,,,,,,,,,,,,,,,,,,,,,,,,,,,,,,,,,,,,,,,,,,,,,,,,,,,,,,,,,,,,,,,,,,,,,,,,,,,,,,,,,,,,,,,,,,,,,,,,,,,,,,,,,,,,,,,,,,,,,,,,,,,,,,,,,,,,,,,,,,,,,,,,,,,,,,,,,,,,,,,,,,,,,,,,,,,,,,,,,,,,,,,,,,,,,,,,,,,
243,vj00iivq,,0,0,18,,,,0,,,0.0,,,,,,,,,,,,,,ryu6snyq,,,,,0,Experiment_1_Persistence,https://app.prolific.com/submissions/complete?cc=C1BTHULB,0.0,1.0,243,,0.0,,1,1,243,,0.0,,,,,,,,,,,,,,,1,1,243,,0.0,,,,,,,,,,1,1,243,,0.0,,,,,,,,,,,,,,,,,,1,1,243,,0.0,,,,,,,,,,,,,1,1,243,,0.0,0,0,0,0,0,0,0,0,0,,,,,1,1,,,,,,,,,,,,,,,,,,,,,,,,,,,,,,,,,,,,,,,,,,,,,,,,,,,,,,,,,,,,,,,,,,,,,,,,,,,,,,,,,,,,,,,,,,,,,,,,,,,,,,,,,,,,,,,,,,,,,,,,,,,,,,,,,,,,,,,,,,,,,,,,,,,,,,,,,,,,,,,,,,,,,,,,,,,,,,,,,,,,,,,,,,,,,,,,,,,,,,,,,,,,,,,,,,,,,,,,,,,,,,,,,,,,,,,,,,,,,,,,,,,,,,,,,,,,,,,,,,,,,,,,,,,,,,,,,,,,,,,,,,,,,,,,,,,,,,,,,,,,,,,,,,,,,,,,,,,
244,ukz052v5,,0,0,18,,,,0,,,0.0,,,,,,,,,,,,,,ryu6snyq,,,,,0,Experiment_1_Persistence,https://app.prolific.com/submissions/complete?cc=C1BTHULB,0.0,1.0,244,,0.0,,1,1,244,,0.0,,,,,,,,,,,,,,,1,1,244,,0.0,,,,,,,,,,1,1,244,,0.0,,,,,,,,,,,,,,,,,,1,1,244,,0.0,,,,,,,,,,,,,1,1,244,,0.0,0,0,0,0,0,0,0,0,0,,,,,1,1,,,,,,,,,,,,,,,,,,,,,,,,,,,,,,,,,,,,,,,,,,,,,,,,,,,,,,,,,,,,,,,,,,,,,,,,,,,,,,,,,,,,,,,,,,,,,,,,,,,,,,,,,,,,,,,,,,,,,,,,,,,,,,,,,,,,,,,,,,,,,,,,,,,,,,,,,,,,,,,,,,,,,,,,,,,,,,,,,,,,,,,,,,,,,,,,,,,,,,,,,,,,,,,,,,,,,,,,,,,,,,,,,,,,,,,,,,,,,,,,,,,,,,,,,,,,,,,,,,,,,,,,,,,,,,,,,,,,,,,,,,,,,,,,,,,,,,,,,,,,,,,,,,,,,,,,,,,
245,wmnzvb7k,,0,0,18,,,,0,,,0.0,,,,,,,,,,,,,,ryu6snyq,,,,,0,Experiment_1_Persistence,https://app.prolific.com/submissions/complete?cc=C1BTHULB,0.0,1.0,245,,0.0,,1,1,245,,0.0,,,,,,,,,,,,,,,1,1,245,,0.0,,,,,,,,,,1,1,245,,0.0,,,,,,,,,,,,,,,,,,1,1,245,,0.0,,,,,,,,,,,,,1,1,245,,0.0,0,0,0,0,0,0,0,0,0,,,,,1,1,,,,,,,,,,,,,,,,,,,,,,,,,,,,,,,,,,,,,,,,,,,,,,,,,,,,,,,,,,,,,,,,,,,,,,,,,,,,,,,,,,,,,,,,,,,,,,,,,,,,,,,,,,,,,,,,,,,,,,,,,,,,,,,,,,,,,,,,,,,,,,,,,,,,,,,,,,,,,,,,,,,,,,,,,,,,,,,,,,,,,,,,,,,,,,,,,,,,,,,,,,,,,,,,,,,,,,,,,,,,,,,,,,,,,,,,,,,,,,,,,,,,,,,,,,,,,,,,,,,,,,,,,,,,,,,,,,,,,,,,,,,,,,,,,,,,,,,,,,,,,,,,,,,,,,,,,,,
246,hx1noxzi,,0,0,18,,,,0,,,0.0,,,,,,,,,,,,,,ryu6snyq,,,,,0,Experiment_1_Persistence,https://app.prolific.com/submissions/complete?cc=C1BTHULB,0.0,1.0,246,,0.0,,1,1,246,,0.0,,,,,,,,,,,,,,,1,1,246,,0.0,,,,,,,,,,1,1,246,,0.0,,,,,,,,,,,,,,,,,,1,1,246,,0.0,,,,,,,,,,,,,1,1,246,,0.0,0,0,0,0,0,0,0,0,0,,,,,1,1,,,,,,,,,,,,,,,,,,,,,,,,,,,,,,,,,,,,,,,,,,,,,,,,,,,,,,,,,,,,,,,,,,,,,,,,,,,,,,,,,,,,,,,,,,,,,,,,,,,,,,,,,,,,,,,,,,,,,,,,,,,,,,,,,,,,,,,,,,,,,,,,,,,,,,,,,,,,,,,,,,,,,,,,,,,,,,,,,,,,,,,,,,,,,,,,,,,,,,,,,,,,,,,,,,,,,,,,,,,,,,,,,,,,,,,,,,,,,,,,,,,,,,,,,,,,,,,,,,,,,,,,,,,,,,,,,,,,,,,,,,,,,,,,,,,,,,,,,,,,,,,,,,,,,,,,,,,
247,teu1imt1,,0,0,18,,,,0,,,0.0,,,,,,,,,,,,,,ryu6snyq,,,,,0,Experiment_1_Persistence,https://app.prolific.com/submissions/complete?cc=C1BTHULB,0.0,1.0,247,,0.0,,1,1,247,,0.0,,,,,,,,,,,,,,,1,1,247,,0.0,,,,,,,,,,1,1,247,,0.0,,,,,,,,,,,,,,,,,,1,1,247,,0.0,,,,,,,,,,,,,1,1,247,,0.0,0,0,0,0,0,0,0,0,0,,,,,1,1,,,,,,,,,,,,,,,,,,,,,,,,,,,,,,,,,,,,,,,,,,,,,,,,,,,,,,,,,,,,,,,,,,,,,,,,,,,,,,,,,,,,,,,,,,,,,,,,,,,,,,,,,,,,,,,,,,,,,,,,,,,,,,,,,,,,,,,,,,,,,,,,,,,,,,,,,,,,,,,,,,,,,,,,,,,,,,,,,,,,,,,,,,,,,,,,,,,,,,,,,,,,,,,,,,,,,,,,,,,,,,,,,,,,,,,,,,,,,,,,,,,,,,,,,,,,,,,,,,,,,,,,,,,,,,,,,,,,,,,,,,,,,,,,,,,,,,,,,,,,,,,,,,,,,,,,,,,
248,ghxie2fg,,0,0,18,,,,0,,,0.0,,,,,,,,,,,,,,ryu6snyq,,,,,0,Experiment_1_Persistence,https://app.prolific.com/submissions/complete?cc=C1BTHULB,0.0,1.0,248,,0.0,,1,1,248,,0.0,,,,,,,,,,,,,,,1,1,248,,0.0,,,,,,,,,,1,1,248,,0.0,,,,,,,,,,,,,,,,,,1,1,248,,0.0,,,,,,,,,,,,,1,1,248,,0.0,0,0,0,0,0,0,0,0,0,,,,,1,1,,,,,,,,,,,,,,,,,,,,,,,,,,,,,,,,,,,,,,,,,,,,,,,,,,,,,,,,,,,,,,,,,,,,,,,,,,,,,,,,,,,,,,,,,,,,,,,,,,,,,,,,,,,,,,,,,,,,,,,,,,,,,,,,,,,,,,,,,,,,,,,,,,,,,,,,,,,,,,,,,,,,,,,,,,,,,,,,,,,,,,,,,,,,,,,,,,,,,,,,,,,,,,,,,,,,,,,,,,,,,,,,,,,,,,,,,,,,,,,,,,,,,,,,,,,,,,,,,,,,,,,,,,,,,,,,,,,,,,,,,,,,,,,,,,,,,,,,,,,,,,,,,,,,,,,,,,,
249,p2mtdqqs,,0,0,18,,,,0,,,0.0,,,,,,,,,,,,,,ryu6snyq,,,,,0,Experiment_1_Persistence,https://app.prolific.com/submissions/complete?cc=C1BTHULB,0.0,1.0,249,,0.0,,1,1,249,,0.0,,,,,,,,,,,,,,,1,1,249,,0.0,,,,,,,,,,1,1,249,,0.0,,,,,,,,,,,,,,,,,,1,1,249,,0.0,,,,,,,,,,,,,1,1,249,,0.0,0,0,0,0,0,0,0,0,0,,,,,1,1,,,,,,,,,,,,,,,,,,,,,,,,,,,,,,,,,,,,,,,,,,,,,,,,,,,,,,,,,,,,,,,,,,,,,,,,,,,,,,,,,,,,,,,,,,,,,,,,,,,,,,,,,,,,,,,,,,,,,,,,,,,,,,,,,,,,,,,,,,,,,,,,,,,,,,,,,,,,,,,,,,,,,,,,,,,,,,,,,,,,,,,,,,,,,,,,,,,,,,,,,,,,,,,,,,,,,,,,,,,,,,,,,,,,,,,,,,,,,,,,,,,,,,,,,,,,,,,,,,,,,,,,,,,,,,,,,,,,,,,,,,,,,,,,,,,,,,,,,,,,,,,,,,,,,,,,,,,
250,sy7u35am,,0,0,18,,,,0,,,0.0,,,,,,,,,,,,,,ryu6snyq,,,,,0,Experiment_1_Persistence,https://app.prolific.com/submissions/complete?cc=C1BTHULB,0.0,1.0,250,,0.0,,1,1,250,,0.0,,,,,,,,,,,,,,,1,1,250,,0.0,,,,,,,,,,1,1,250,,0.0,,,,,,,,,,,,,,,,,,1,1,250,,0.0,,,,,,,,,,,,,1,1,250,,0.0,0,0,0,0,0,0,0,0,0,,,,,1,1,,,,,,,,,,,,,,,,,,,,,,,,,,,,,,,,,,,,,,,,,,,,,,,,,,,,,,,,,,,,,,,,,,,,,,,,,,,,,,,,,,,,,,,,,,,,,,,,,,,,,,,,,,,,,,,,,,,,,,,,,,,,,,,,,,,,,,,,,,,,,,,,,,,,,,,,,,,,,,,,,,,,,,,,,,,,,,,,,,,,,,,,,,,,,,,,,,,,,,,,,,,,,,,,,,,,,,,,,,,,,,,,,,,,,,,,,,,,,,,,,,,,,,,,,,,,,,,,,,,,,,,,,,,,,,,,,,,,,,,,,,,,,,,,,,,,,,,,,,,,,,,,,,,,,,,,,,,
251,gdw8jlu5,,0,0,18,,,,0,,,0.0,,,,,,,,,,,,,,ryu6snyq,,,,,0,Experiment_1_Persistence,https://app.prolific.com/submissions/complete?cc=C1BTHULB,0.0,1.0,251,,0.0,,1,1,251,,0.0,,,,,,,,,,,,,,,1,1,251,,0.0,,,,,,,,,,1,1,251,,0.0,,,,,,,,,,,,,,,,,,1,1,251,,0.0,,,,,,,,,,,,,1,1,251,,0.0,0,0,0,0,0,0,0,0,0,,,,,1,1,,,,,,,,,,,,,,,,,,,,,,,,,,,,,,,,,,,,,,,,,,,,,,,,,,,,,,,,,,,,,,,,,,,,,,,,,,,,,,,,,,,,,,,,,,,,,,,,,,,,,,,,,,,,,,,,,,,,,,,,,,,,,,,,,,,,,,,,,,,,,,,,,,,,,,,,,,,,,,,,,,,,,,,,,,,,,,,,,,,,,,,,,,,,,,,,,,,,,,,,,,,,,,,,,,,,,,,,,,,,,,,,,,,,,,,,,,,,,,,,,,,,,,,,,,,,,,,,,,,,,,,,,,,,,,,,,,,,,,,,,,,,,,,,,,,,,,,,,,,,,,,,,,,,,,,,,,,
252,1kpim6lf,,0,0,18,,,,0,,,0.0,,,,,,,,,,,,,,ryu6snyq,,,,,0,Experiment_1_Persistence,https://app.prolific.com/submissions/complete?cc=C1BTHULB,0.0,1.0,252,,0.0,,1,1,252,,0.0,,,,,,,,,,,,,,,1,1,252,,0.0,,,,,,,,,,1,1,252,,0.0,,,,,,,,,,,,,,,,,,1,1,252,,0.0,,,,,,,,,,,,,1,1,252,,0.0,0,0,0,0,0,0,0,0,0,,,,,1,1,,,,,,,,,,,,,,,,,,,,,,,,,,,,,,,,,,,,,,,,,,,,,,,,,,,,,,,,,,,,,,,,,,,,,,,,,,,,,,,,,,,,,,,,,,,,,,,,,,,,,,,,,,,,,,,,,,,,,,,,,,,,,,,,,,,,,,,,,,,,,,,,,,,,,,,,,,,,,,,,,,,,,,,,,,,,,,,,,,,,,,,,,,,,,,,,,,,,,,,,,,,,,,,,,,,,,,,,,,,,,,,,,,,,,,,,,,,,,,,,,,,,,,,,,,,,,,,,,,,,,,,,,,,,,,,,,,,,,,,,,,,,,,,,,,,,,,,,,,,,,,,,,,,,,,,,,,,
253,9dc041xb,,0,0,18,,,,0,,,0.0,,,,,,,,,,,,,,ryu6snyq,,,,,0,Experiment_1_Persistence,https://app.prolific.com/submissions/complete?cc=C1BTHULB,0.0,1.0,253,,0.0,,1,1,253,,0.0,,,,,,,,,,,,,,,1,1,253,,0.0,,,,,,,,,,1,1,253,,0.0,,,,,,,,,,,,,,,,,,1,1,253,,0.0,,,,,,,,,,,,,1,1,253,,0.0,0,0,0,0,0,0,0,0,0,,,,,1,1,,,,,,,,,,,,,,,,,,,,,,,,,,,,,,,,,,,,,,,,,,,,,,,,,,,,,,,,,,,,,,,,,,,,,,,,,,,,,,,,,,,,,,,,,,,,,,,,,,,,,,,,,,,,,,,,,,,,,,,,,,,,,,,,,,,,,,,,,,,,,,,,,,,,,,,,,,,,,,,,,,,,,,,,,,,,,,,,,,,,,,,,,,,,,,,,,,,,,,,,,,,,,,,,,,,,,,,,,,,,,,,,,,,,,,,,,,,,,,,,,,,,,,,,,,,,,,,,,,,,,,,,,,,,,,,,,,,,,,,,,,,,,,,,,,,,,,,,,,,,,,,,,,,,,,,,,,,
254,6jtprop5,,0,0,18,,,,0,,,0.0,,,,,,,,,,,,,,ryu6snyq,,,,,0,Experiment_1_Persistence,https://app.prolific.com/submissions/complete?cc=C1BTHULB,0.0,1.0,254,,0.0,,1,1,254,,0.0,,,,,,,,,,,,,,,1,1,254,,0.0,,,,,,,,,,1,1,254,,0.0,,,,,,,,,,,,,,,,,,1,1,254,,0.0,,,,,,,,,,,,,1,1,254,,0.0,0,0,0,0,0,0,0,0,0,,,,,1,1,,,,,,,,,,,,,,,,,,,,,,,,,,,,,,,,,,,,,,,,,,,,,,,,,,,,,,,,,,,,,,,,,,,,,,,,,,,,,,,,,,,,,,,,,,,,,,,,,,,,,,,,,,,,,,,,,,,,,,,,,,,,,,,,,,,,,,,,,,,,,,,,,,,,,,,,,,,,,,,,,,,,,,,,,,,,,,,,,,,,,,,,,,,,,,,,,,,,,,,,,,,,,,,,,,,,,,,,,,,,,,,,,,,,,,,,,,,,,,,,,,,,,,,,,,,,,,,,,,,,,,,,,,,,,,,,,,,,,,,,,,,,,,,,,,,,,,,,,,,,,,,,,,,,,,,,,,,
255,znpol05d,,0,0,18,,,,0,,,0.0,,,,,,,,,,,,,,ryu6snyq,,,,,0,Experiment_1_Persistence,https://app.prolific.com/submissions/complete?cc=C1BTHULB,0.0,1.0,255,,0.0,,1,1,255,,0.0,,,,,,,,,,,,,,,1,1,255,,0.0,,,,,,,,,,1,1,255,,0.0,,,,,,,,,,,,,,,,,,1,1,255,,0.0,,,,,,,,,,,,,1,1,255,,0.0,0,0,0,0,0,0,0,0,0,,,,,1,1,,,,,,,,,,,,,,,,,,,,,,,,,,,,,,,,,,,,,,,,,,,,,,,,,,,,,,,,,,,,,,,,,,,,,,,,,,,,,,,,,,,,,,,,,,,,,,,,,,,,,,,,,,,,,,,,,,,,,,,,,,,,,,,,,,,,,,,,,,,,,,,,,,,,,,,,,,,,,,,,,,,,,,,,,,,,,,,,,,,,,,,,,,,,,,,,,,,,,,,,,,,,,,,,,,,,,,,,,,,,,,,,,,,,,,,,,,,,,,,,,,,,,,,,,,,,,,,,,,,,,,,,,,,,,,,,,,,,,,,,,,,,,,,,,,,,,,,,,,,,,,,,,,,,,,,,,,,
256,5rvty137,,0,0,18,,,,0,,,0.0,,,,,,,,,,,,,,ryu6snyq,,,,,0,Experiment_1_Persistence,https://app.prolific.com/submissions/complete?cc=C1BTHULB,0.0,1.0,256,,0.0,,1,1,256,,0.0,,,,,,,,,,,,,,,1,1,256,,0.0,,,,,,,,,,1,1,256,,0.0,,,,,,,,,,,,,,,,,,1,1,256,,0.0,,,,,,,,,,,,,1,1,256,,0.0,0,0,0,0,0,0,0,0,0,,,,,1,1,,,,,,,,,,,,,,,,,,,,,,,,,,,,,,,,,,,,,,,,,,,,,,,,,,,,,,,,,,,,,,,,,,,,,,,,,,,,,,,,,,,,,,,,,,,,,,,,,,,,,,,,,,,,,,,,,,,,,,,,,,,,,,,,,,,,,,,,,,,,,,,,,,,,,,,,,,,,,,,,,,,,,,,,,,,,,,,,,,,,,,,,,,,,,,,,,,,,,,,,,,,,,,,,,,,,,,,,,,,,,,,,,,,,,,,,,,,,,,,,,,,,,,,,,,,,,,,,,,,,,,,,,,,,,,,,,,,,,,,,,,,,,,,,,,,,,,,,,,,,,,,,,,,,,,,,,,,
257,rbtom8wh,,0,0,18,,,,0,,,0.0,,,,,,,,,,,,,,ryu6snyq,,,,,0,Experiment_1_Persistence,https://app.prolific.com/submissions/complete?cc=C1BTHULB,0.0,1.0,257,,0.0,,1,1,257,,0.0,,,,,,,,,,,,,,,1,1,257,,0.0,,,,,,,,,,1,1,257,,0.0,,,,,,,,,,,,,,,,,,1,1,257,,0.0,,,,,,,,,,,,,1,1,257,,0.0,0,0,0,0,0,0,0,0,0,,,,,1,1,,,,,,,,,,,,,,,,,,,,,,,,,,,,,,,,,,,,,,,,,,,,,,,,,,,,,,,,,,,,,,,,,,,,,,,,,,,,,,,,,,,,,,,,,,,,,,,,,,,,,,,,,,,,,,,,,,,,,,,,,,,,,,,,,,,,,,,,,,,,,,,,,,,,,,,,,,,,,,,,,,,,,,,,,,,,,,,,,,,,,,,,,,,,,,,,,,,,,,,,,,,,,,,,,,,,,,,,,,,,,,,,,,,,,,,,,,,,,,,,,,,,,,,,,,,,,,,,,,,,,,,,,,,,,,,,,,,,,,,,,,,,,,,,,,,,,,,,,,,,,,,,,,,,,,,,,,,
258,x9w3nihq,,0,0,18,,,,0,,,0.0,,,,,,,,,,,,,,ryu6snyq,,,,,0,Experiment_1_Persistence,https://app.prolific.com/submissions/complete?cc=C1BTHULB,0.0,1.0,258,,0.0,,1,1,258,,0.0,,,,,,,,,,,,,,,1,1,258,,0.0,,,,,,,,,,1,1,258,,0.0,,,,,,,,,,,,,,,,,,1,1,258,,0.0,,,,,,,,,,,,,1,1,258,,0.0,0,0,0,0,0,0,0,0,0,,,,,1,1,,,,,,,,,,,,,,,,,,,,,,,,,,,,,,,,,,,,,,,,,,,,,,,,,,,,,,,,,,,,,,,,,,,,,,,,,,,,,,,,,,,,,,,,,,,,,,,,,,,,,,,,,,,,,,,,,,,,,,,,,,,,,,,,,,,,,,,,,,,,,,,,,,,,,,,,,,,,,,,,,,,,,,,,,,,,,,,,,,,,,,,,,,,,,,,,,,,,,,,,,,,,,,,,,,,,,,,,,,,,,,,,,,,,,,,,,,,,,,,,,,,,,,,,,,,,,,,,,,,,,,,,,,,,,,,,,,,,,,,,,,,,,,,,,,,,,,,,,,,,,,,,,,,,,,,,,,,
259,g2kvkybo,,0,0,18,,,,0,,,0.0,,,,,,,,,,,,,,ryu6snyq,,,,,0,Experiment_1_Persistence,https://app.prolific.com/submissions/complete?cc=C1BTHULB,0.0,1.0,259,,0.0,,1,1,259,,0.0,,,,,,,,,,,,,,,1,1,259,,0.0,,,,,,,,,,1,1,259,,0.0,,,,,,,,,,,,,,,,,,1,1,259,,0.0,,,,,,,,,,,,,1,1,259,,0.0,0,0,0,0,0,0,0,0,0,,,,,1,1,,,,,,,,,,,,,,,,,,,,,,,,,,,,,,,,,,,,,,,,,,,,,,,,,,,,,,,,,,,,,,,,,,,,,,,,,,,,,,,,,,,,,,,,,,,,,,,,,,,,,,,,,,,,,,,,,,,,,,,,,,,,,,,,,,,,,,,,,,,,,,,,,,,,,,,,,,,,,,,,,,,,,,,,,,,,,,,,,,,,,,,,,,,,,,,,,,,,,,,,,,,,,,,,,,,,,,,,,,,,,,,,,,,,,,,,,,,,,,,,,,,,,,,,,,,,,,,,,,,,,,,,,,,,,,,,,,,,,,,,,,,,,,,,,,,,,,,,,,,,,,,,,,,,,,,,,,,
260,y0pdei0i,,0,0,18,,,,0,,,0.0,,,,,,,,,,,,,,ryu6snyq,,,,,0,Experiment_1_Persistence,https://app.prolific.com/submissions/complete?cc=C1BTHULB,0.0,1.0,260,,0.0,,1,1,260,,0.0,,,,,,,,,,,,,,,1,1,260,,0.0,,,,,,,,,,1,1,260,,0.0,,,,,,,,,,,,,,,,,,1,1,260,,0.0,,,,,,,,,,,,,1,1,260,,0.0,0,0,0,0,0,0,0,0,0,,,,,1,1,,,,,,,,,,,,,,,,,,,,,,,,,,,,,,,,,,,,,,,,,,,,,,,,,,,,,,,,,,,,,,,,,,,,,,,,,,,,,,,,,,,,,,,,,,,,,,,,,,,,,,,,,,,,,,,,,,,,,,,,,,,,,,,,,,,,,,,,,,,,,,,,,,,,,,,,,,,,,,,,,,,,,,,,,,,,,,,,,,,,,,,,,,,,,,,,,,,,,,,,,,,,,,,,,,,,,,,,,,,,,,,,,,,,,,,,,,,,,,,,,,,,,,,,,,,,,,,,,,,,,,,,,,,,,,,,,,,,,,,,,,,,,,,,,,,,,,,,,,,,,,,,,,,,,,,,,,,
261,1zgafjoe,,0,0,18,,,,0,,,0.0,,,,,,,,,,,,,,ryu6snyq,,,,,0,Experiment_1_Persistence,https://app.prolific.com/submissions/complete?cc=C1BTHULB,0.0,1.0,261,,0.0,,1,1,261,,0.0,,,,,,,,,,,,,,,1,1,261,,0.0,,,,,,,,,,1,1,261,,0.0,,,,,,,,,,,,,,,,,,1,1,261,,0.0,,,,,,,,,,,,,1,1,261,,0.0,0,0,0,0,0,0,0,0,0,,,,,1,1,,,,,,,,,,,,,,,,,,,,,,,,,,,,,,,,,,,,,,,,,,,,,,,,,,,,,,,,,,,,,,,,,,,,,,,,,,,,,,,,,,,,,,,,,,,,,,,,,,,,,,,,,,,,,,,,,,,,,,,,,,,,,,,,,,,,,,,,,,,,,,,,,,,,,,,,,,,,,,,,,,,,,,,,,,,,,,,,,,,,,,,,,,,,,,,,,,,,,,,,,,,,,,,,,,,,,,,,,,,,,,,,,,,,,,,,,,,,,,,,,,,,,,,,,,,,,,,,,,,,,,,,,,,,,,,,,,,,,,,,,,,,,,,,,,,,,,,,,,,,,,,,,,,,,,,,,,,
262,jiksg44f,,0,0,18,,,,0,,,0.0,,,,,,,,,,,,,,ryu6snyq,,,,,0,Experiment_1_Persistence,https://app.prolific.com/submissions/complete?cc=C1BTHULB,0.0,1.0,262,,0.0,,1,1,262,,0.0,,,,,,,,,,,,,,,1,1,262,,0.0,,,,,,,,,,1,1,262,,0.0,,,,,,,,,,,,,,,,,,1,1,262,,0.0,,,,,,,,,,,,,1,1,262,,0.0,0,0,0,0,0,0,0,0,0,,,,,1,1,,,,,,,,,,,,,,,,,,,,,,,,,,,,,,,,,,,,,,,,,,,,,,,,,,,,,,,,,,,,,,,,,,,,,,,,,,,,,,,,,,,,,,,,,,,,,,,,,,,,,,,,,,,,,,,,,,,,,,,,,,,,,,,,,,,,,,,,,,,,,,,,,,,,,,,,,,,,,,,,,,,,,,,,,,,,,,,,,,,,,,,,,,,,,,,,,,,,,,,,,,,,,,,,,,,,,,,,,,,,,,,,,,,,,,,,,,,,,,,,,,,,,,,,,,,,,,,,,,,,,,,,,,,,,,,,,,,,,,,,,,,,,,,,,,,,,,,,,,,,,,,,,,,,,,,,,,,
263,za49ecnv,,0,0,18,,,,0,,,0.0,,,,,,,,,,,,,,ryu6snyq,,,,,0,Experiment_1_Persistence,https://app.prolific.com/submissions/complete?cc=C1BTHULB,0.0,1.0,263,,0.0,,1,1,263,,0.0,,,,,,,,,,,,,,,1,1,263,,0.0,,,,,,,,,,1,1,263,,0.0,,,,,,,,,,,,,,,,,,1,1,263,,0.0,,,,,,,,,,,,,1,1,263,,0.0,0,0,0,0,0,0,0,0,0,,,,,1,1,,,,,,,,,,,,,,,,,,,,,,,,,,,,,,,,,,,,,,,,,,,,,,,,,,,,,,,,,,,,,,,,,,,,,,,,,,,,,,,,,,,,,,,,,,,,,,,,,,,,,,,,,,,,,,,,,,,,,,,,,,,,,,,,,,,,,,,,,,,,,,,,,,,,,,,,,,,,,,,,,,,,,,,,,,,,,,,,,,,,,,,,,,,,,,,,,,,,,,,,,,,,,,,,,,,,,,,,,,,,,,,,,,,,,,,,,,,,,,,,,,,,,,,,,,,,,,,,,,,,,,,,,,,,,,,,,,,,,,,,,,,,,,,,,,,,,,,,,,,,,,,,,,,,,,,,,,,
264,retqrnf4,,0,0,18,,,,0,,,0.0,,,,,,,,,,,,,,ryu6snyq,,,,,0,Experiment_1_Persistence,https://app.prolific.com/submissions/complete?cc=C1BTHULB,0.0,1.0,264,,0.0,,1,1,264,,0.0,,,,,,,,,,,,,,,1,1,264,,0.0,,,,,,,,,,1,1,264,,0.0,,,,,,,,,,,,,,,,,,1,1,264,,0.0,,,,,,,,,,,,,1,1,264,,0.0,0,0,0,0,0,0,0,0,0,,,,,1,1,,,,,,,,,,,,,,,,,,,,,,,,,,,,,,,,,,,,,,,,,,,,,,,,,,,,,,,,,,,,,,,,,,,,,,,,,,,,,,,,,,,,,,,,,,,,,,,,,,,,,,,,,,,,,,,,,,,,,,,,,,,,,,,,,,,,,,,,,,,,,,,,,,,,,,,,,,,,,,,,,,,,,,,,,,,,,,,,,,,,,,,,,,,,,,,,,,,,,,,,,,,,,,,,,,,,,,,,,,,,,,,,,,,,,,,,,,,,,,,,,,,,,,,,,,,,,,,,,,,,,,,,,,,,,,,,,,,,,,,,,,,,,,,,,,,,,,,,,,,,,,,,,,,,,,,,,,,
265,e3vkj5uu,,0,0,18,,,,0,,,0.0,,,,,,,,,,,,,,ryu6snyq,,,,,0,Experiment_1_Persistence,https://app.prolific.com/submissions/complete?cc=C1BTHULB,0.0,1.0,265,,0.0,,1,1,265,,0.0,,,,,,,,,,,,,,,1,1,265,,0.0,,,,,,,,,,1,1,265,,0.0,,,,,,,,,,,,,,,,,,1,1,265,,0.0,,,,,,,,,,,,,1,1,265,,0.0,0,0,0,0,0,0,0,0,0,,,,,1,1,,,,,,,,,,,,,,,,,,,,,,,,,,,,,,,,,,,,,,,,,,,,,,,,,,,,,,,,,,,,,,,,,,,,,,,,,,,,,,,,,,,,,,,,,,,,,,,,,,,,,,,,,,,,,,,,,,,,,,,,,,,,,,,,,,,,,,,,,,,,,,,,,,,,,,,,,,,,,,,,,,,,,,,,,,,,,,,,,,,,,,,,,,,,,,,,,,,,,,,,,,,,,,,,,,,,,,,,,,,,,,,,,,,,,,,,,,,,,,,,,,,,,,,,,,,,,,,,,,,,,,,,,,,,,,,,,,,,,,,,,,,,,,,,,,,,,,,,,,,,,,,,,,,,,,,,,,,
266,aa92n4e3,,0,0,18,,,,0,,,0.0,,,,,,,,,,,,,,ryu6snyq,,,,,0,Experiment_1_Persistence,https://app.prolific.com/submissions/complete?cc=C1BTHULB,0.0,1.0,266,,0.0,,1,1,266,,0.0,,,,,,,,,,,,,,,1,1,266,,0.0,,,,,,,,,,1,1,266,,0.0,,,,,,,,,,,,,,,,,,1,1,266,,0.0,,,,,,,,,,,,,1,1,266,,0.0,0,0,0,0,0,0,0,0,0,,,,,1,1,,,,,,,,,,,,,,,,,,,,,,,,,,,,,,,,,,,,,,,,,,,,,,,,,,,,,,,,,,,,,,,,,,,,,,,,,,,,,,,,,,,,,,,,,,,,,,,,,,,,,,,,,,,,,,,,,,,,,,,,,,,,,,,,,,,,,,,,,,,,,,,,,,,,,,,,,,,,,,,,,,,,,,,,,,,,,,,,,,,,,,,,,,,,,,,,,,,,,,,,,,,,,,,,,,,,,,,,,,,,,,,,,,,,,,,,,,,,,,,,,,,,,,,,,,,,,,,,,,,,,,,,,,,,,,,,,,,,,,,,,,,,,,,,,,,,,,,,,,,,,,,,,,,,,,,,,,,
267,tc3i8q0v,,0,0,18,,,,0,,,0.0,,,,,,,,,,,,,,ryu6snyq,,,,,0,Experiment_1_Persistence,https://app.prolific.com/submissions/complete?cc=C1BTHULB,0.0,1.0,267,,0.0,,1,1,267,,0.0,,,,,,,,,,,,,,,1,1,267,,0.0,,,,,,,,,,1,1,267,,0.0,,,,,,,,,,,,,,,,,,1,1,267,,0.0,,,,,,,,,,,,,1,1,267,,0.0,0,0,0,0,0,0,0,0,0,,,,,1,1,,,,,,,,,,,,,,,,,,,,,,,,,,,,,,,,,,,,,,,,,,,,,,,,,,,,,,,,,,,,,,,,,,,,,,,,,,,,,,,,,,,,,,,,,,,,,,,,,,,,,,,,,,,,,,,,,,,,,,,,,,,,,,,,,,,,,,,,,,,,,,,,,,,,,,,,,,,,,,,,,,,,,,,,,,,,,,,,,,,,,,,,,,,,,,,,,,,,,,,,,,,,,,,,,,,,,,,,,,,,,,,,,,,,,,,,,,,,,,,,,,,,,,,,,,,,,,,,,,,,,,,,,,,,,,,,,,,,,,,,,,,,,,,,,,,,,,,,,,,,,,,,,,,,,,,,,,,
268,0fkcslq7,,0,0,18,,,,0,,,0.0,,,,,,,,,,,,,,ryu6snyq,,,,,0,Experiment_1_Persistence,https://app.prolific.com/submissions/complete?cc=C1BTHULB,0.0,1.0,268,,0.0,,1,1,268,,0.0,,,,,,,,,,,,,,,1,1,268,,0.0,,,,,,,,,,1,1,268,,0.0,,,,,,,,,,,,,,,,,,1,1,268,,0.0,,,,,,,,,,,,,1,1,268,,0.0,0,0,0,0,0,0,0,0,0,,,,,1,1,,,,,,,,,,,,,,,,,,,,,,,,,,,,,,,,,,,,,,,,,,,,,,,,,,,,,,,,,,,,,,,,,,,,,,,,,,,,,,,,,,,,,,,,,,,,,,,,,,,,,,,,,,,,,,,,,,,,,,,,,,,,,,,,,,,,,,,,,,,,,,,,,,,,,,,,,,,,,,,,,,,,,,,,,,,,,,,,,,,,,,,,,,,,,,,,,,,,,,,,,,,,,,,,,,,,,,,,,,,,,,,,,,,,,,,,,,,,,,,,,,,,,,,,,,,,,,,,,,,,,,,,,,,,,,,,,,,,,,,,,,,,,,,,,,,,,,,,,,,,,,,,,,,,,,,,,,,
269,mdq829m5,,0,0,18,,,,0,,,0.0,,,,,,,,,,,,,,ryu6snyq,,,,,0,Experiment_1_Persistence,https://app.prolific.com/submissions/complete?cc=C1BTHULB,0.0,1.0,269,,0.0,,1,1,269,,0.0,,,,,,,,,,,,,,,1,1,269,,0.0,,,,,,,,,,1,1,269,,0.0,,,,,,,,,,,,,,,,,,1,1,269,,0.0,,,,,,,,,,,,,1,1,269,,0.0,0,0,0,0,0,0,0,0,0,,,,,1,1,,,,,,,,,,,,,,,,,,,,,,,,,,,,,,,,,,,,,,,,,,,,,,,,,,,,,,,,,,,,,,,,,,,,,,,,,,,,,,,,,,,,,,,,,,,,,,,,,,,,,,,,,,,,,,,,,,,,,,,,,,,,,,,,,,,,,,,,,,,,,,,,,,,,,,,,,,,,,,,,,,,,,,,,,,,,,,,,,,,,,,,,,,,,,,,,,,,,,,,,,,,,,,,,,,,,,,,,,,,,,,,,,,,,,,,,,,,,,,,,,,,,,,,,,,,,,,,,,,,,,,,,,,,,,,,,,,,,,,,,,,,,,,,,,,,,,,,,,,,,,,,,,,,,,,,,,,,
270,tcepvgjv,,0,0,18,,,,0,,,0.0,,,,,,,,,,,,,,ryu6snyq,,,,,0,Experiment_1_Persistence,https://app.prolific.com/submissions/complete?cc=C1BTHULB,0.0,1.0,270,,0.0,,1,1,270,,0.0,,,,,,,,,,,,,,,1,1,270,,0.0,,,,,,,,,,1,1,270,,0.0,,,,,,,,,,,,,,,,,,1,1,270,,0.0,,,,,,,,,,,,,1,1,270,,0.0,0,0,0,0,0,0,0,0,0,,,,,1,1,,,,,,,,,,,,,,,,,,,,,,,,,,,,,,,,,,,,,,,,,,,,,,,,,,,,,,,,,,,,,,,,,,,,,,,,,,,,,,,,,,,,,,,,,,,,,,,,,,,,,,,,,,,,,,,,,,,,,,,,,,,,,,,,,,,,,,,,,,,,,,,,,,,,,,,,,,,,,,,,,,,,,,,,,,,,,,,,,,,,,,,,,,,,,,,,,,,,,,,,,,,,,,,,,,,,,,,,,,,,,,,,,,,,,,,,,,,,,,,,,,,,,,,,,,,,,,,,,,,,,,,,,,,,,,,,,,,,,,,,,,,,,,,,,,,,,,,,,,,,,,,,,,,,,,,,,,,
271,qrcinfw6,,0,0,18,,,,0,,,0.0,,,,,,,,,,,,,,ryu6snyq,,,,,0,Experiment_1_Persistence,https://app.prolific.com/submissions/complete?cc=C1BTHULB,0.0,1.0,271,,0.0,,1,1,271,,0.0,,,,,,,,,,,,,,,1,1,271,,0.0,,,,,,,,,,1,1,271,,0.0,,,,,,,,,,,,,,,,,,1,1,271,,0.0,,,,,,,,,,,,,1,1,271,,0.0,0,0,0,0,0,0,0,0,0,,,,,1,1,,,,,,,,,,,,,,,,,,,,,,,,,,,,,,,,,,,,,,,,,,,,,,,,,,,,,,,,,,,,,,,,,,,,,,,,,,,,,,,,,,,,,,,,,,,,,,,,,,,,,,,,,,,,,,,,,,,,,,,,,,,,,,,,,,,,,,,,,,,,,,,,,,,,,,,,,,,,,,,,,,,,,,,,,,,,,,,,,,,,,,,,,,,,,,,,,,,,,,,,,,,,,,,,,,,,,,,,,,,,,,,,,,,,,,,,,,,,,,,,,,,,,,,,,,,,,,,,,,,,,,,,,,,,,,,,,,,,,,,,,,,,,,,,,,,,,,,,,,,,,,,,,,,,,,,,,,,
272,lewea5kn,,0,0,18,,,,0,,,0.0,,,,,,,,,,,,,,ryu6snyq,,,,,0,Experiment_1_Persistence,https://app.prolific.com/submissions/complete?cc=C1BTHULB,0.0,1.0,272,,0.0,,1,1,272,,0.0,,,,,,,,,,,,,,,1,1,272,,0.0,,,,,,,,,,1,1,272,,0.0,,,,,,,,,,,,,,,,,,1,1,272,,0.0,,,,,,,,,,,,,1,1,272,,0.0,0,0,0,0,0,0,0,0,0,,,,,1,1,,,,,,,,,,,,,,,,,,,,,,,,,,,,,,,,,,,,,,,,,,,,,,,,,,,,,,,,,,,,,,,,,,,,,,,,,,,,,,,,,,,,,,,,,,,,,,,,,,,,,,,,,,,,,,,,,,,,,,,,,,,,,,,,,,,,,,,,,,,,,,,,,,,,,,,,,,,,,,,,,,,,,,,,,,,,,,,,,,,,,,,,,,,,,,,,,,,,,,,,,,,,,,,,,,,,,,,,,,,,,,,,,,,,,,,,,,,,,,,,,,,,,,,,,,,,,,,,,,,,,,,,,,,,,,,,,,,,,,,,,,,,,,,,,,,,,,,,,,,,,,,,,,,,,,,,,,,
273,bou4qf2x,,0,0,18,,,,0,,,0.0,,,,,,,,,,,,,,ryu6snyq,,,,,0,Experiment_1_Persistence,https://app.prolific.com/submissions/complete?cc=C1BTHULB,0.0,1.0,273,,0.0,,1,1,273,,0.0,,,,,,,,,,,,,,,1,1,273,,0.0,,,,,,,,,,1,1,273,,0.0,,,,,,,,,,,,,,,,,,1,1,273,,0.0,,,,,,,,,,,,,1,1,273,,0.0,0,0,0,0,0,0,0,0,0,,,,,1,1,,,,,,,,,,,,,,,,,,,,,,,,,,,,,,,,,,,,,,,,,,,,,,,,,,,,,,,,,,,,,,,,,,,,,,,,,,,,,,,,,,,,,,,,,,,,,,,,,,,,,,,,,,,,,,,,,,,,,,,,,,,,,,,,,,,,,,,,,,,,,,,,,,,,,,,,,,,,,,,,,,,,,,,,,,,,,,,,,,,,,,,,,,,,,,,,,,,,,,,,,,,,,,,,,,,,,,,,,,,,,,,,,,,,,,,,,,,,,,,,,,,,,,,,,,,,,,,,,,,,,,,,,,,,,,,,,,,,,,,,,,,,,,,,,,,,,,,,,,,,,,,,,,,,,,,,,,,
274,5h53bliq,,0,0,18,,,,0,,,0.0,,,,,,,,,,,,,,ryu6snyq,,,,,0,Experiment_1_Persistence,https://app.prolific.com/submissions/complete?cc=C1BTHULB,0.0,1.0,274,,0.0,,1,1,274,,0.0,,,,,,,,,,,,,,,1,1,274,,0.0,,,,,,,,,,1,1,274,,0.0,,,,,,,,,,,,,,,,,,1,1,274,,0.0,,,,,,,,,,,,,1,1,274,,0.0,0,0,0,0,0,0,0,0,0,,,,,1,1,,,,,,,,,,,,,,,,,,,,,,,,,,,,,,,,,,,,,,,,,,,,,,,,,,,,,,,,,,,,,,,,,,,,,,,,,,,,,,,,,,,,,,,,,,,,,,,,,,,,,,,,,,,,,,,,,,,,,,,,,,,,,,,,,,,,,,,,,,,,,,,,,,,,,,,,,,,,,,,,,,,,,,,,,,,,,,,,,,,,,,,,,,,,,,,,,,,,,,,,,,,,,,,,,,,,,,,,,,,,,,,,,,,,,,,,,,,,,,,,,,,,,,,,,,,,,,,,,,,,,,,,,,,,,,,,,,,,,,,,,,,,,,,,,,,,,,,,,,,,,,,,,,,,,,,,,,,
275,va7b7h1q,,0,0,18,,,,0,,,0.0,,,,,,,,,,,,,,ryu6snyq,,,,,0,Experiment_1_Persistence,https://app.prolific.com/submissions/complete?cc=C1BTHULB,0.0,1.0,275,,0.0,,1,1,275,,0.0,,,,,,,,,,,,,,,1,1,275,,0.0,,,,,,,,,,1,1,275,,0.0,,,,,,,,,,,,,,,,,,1,1,275,,0.0,,,,,,,,,,,,,1,1,275,,0.0,0,0,0,0,0,0,0,0,0,,,,,1,1,,,,,,,,,,,,,,,,,,,,,,,,,,,,,,,,,,,,,,,,,,,,,,,,,,,,,,,,,,,,,,,,,,,,,,,,,,,,,,,,,,,,,,,,,,,,,,,,,,,,,,,,,,,,,,,,,,,,,,,,,,,,,,,,,,,,,,,,,,,,,,,,,,,,,,,,,,,,,,,,,,,,,,,,,,,,,,,,,,,,,,,,,,,,,,,,,,,,,,,,,,,,,,,,,,,,,,,,,,,,,,,,,,,,,,,,,,,,,,,,,,,,,,,,,,,,,,,,,,,,,,,,,,,,,,,,,,,,,,,,,,,,,,,,,,,,,,,,,,,,,,,,,,,,,,,,,,,
276,bb46dqal,,0,0,18,,,,0,,,0.0,,,,,,,,,,,,,,ryu6snyq,,,,,0,Experiment_1_Persistence,https://app.prolific.com/submissions/complete?cc=C1BTHULB,0.0,1.0,276,,0.0,,1,1,276,,0.0,,,,,,,,,,,,,,,1,1,276,,0.0,,,,,,,,,,1,1,276,,0.0,,,,,,,,,,,,,,,,,,1,1,276,,0.0,,,,,,,,,,,,,1,1,276,,0.0,0,0,0,0,0,0,0,0,0,,,,,1,1,,,,,,,,,,,,,,,,,,,,,,,,,,,,,,,,,,,,,,,,,,,,,,,,,,,,,,,,,,,,,,,,,,,,,,,,,,,,,,,,,,,,,,,,,,,,,,,,,,,,,,,,,,,,,,,,,,,,,,,,,,,,,,,,,,,,,,,,,,,,,,,,,,,,,,,,,,,,,,,,,,,,,,,,,,,,,,,,,,,,,,,,,,,,,,,,,,,,,,,,,,,,,,,,,,,,,,,,,,,,,,,,,,,,,,,,,,,,,,,,,,,,,,,,,,,,,,,,,,,,,,,,,,,,,,,,,,,,,,,,,,,,,,,,,,,,,,,,,,,,,,,,,,,,,,,,,,,
277,kemv9kus,,0,0,18,,,,0,,,0.0,,,,,,,,,,,,,,ryu6snyq,,,,,0,Experiment_1_Persistence,https://app.prolific.com/submissions/complete?cc=C1BTHULB,0.0,1.0,277,,0.0,,1,1,277,,0.0,,,,,,,,,,,,,,,1,1,277,,0.0,,,,,,,,,,1,1,277,,0.0,,,,,,,,,,,,,,,,,,1,1,277,,0.0,,,,,,,,,,,,,1,1,277,,0.0,0,0,0,0,0,0,0,0,0,,,,,1,1,,,,,,,,,,,,,,,,,,,,,,,,,,,,,,,,,,,,,,,,,,,,,,,,,,,,,,,,,,,,,,,,,,,,,,,,,,,,,,,,,,,,,,,,,,,,,,,,,,,,,,,,,,,,,,,,,,,,,,,,,,,,,,,,,,,,,,,,,,,,,,,,,,,,,,,,,,,,,,,,,,,,,,,,,,,,,,,,,,,,,,,,,,,,,,,,,,,,,,,,,,,,,,,,,,,,,,,,,,,,,,,,,,,,,,,,,,,,,,,,,,,,,,,,,,,,,,,,,,,,,,,,,,,,,,,,,,,,,,,,,,,,,,,,,,,,,,,,,,,,,,,,,,,,,,,,,,,
278,bb7xq3el,,0,0,18,,,,0,,,0.0,,,,,,,,,,,,,,ryu6snyq,,,,,0,Experiment_1_Persistence,https://app.prolific.com/submissions/complete?cc=C1BTHULB,0.0,1.0,278,,0.0,,1,1,278,,0.0,,,,,,,,,,,,,,,1,1,278,,0.0,,,,,,,,,,1,1,278,,0.0,,,,,,,,,,,,,,,,,,1,1,278,,0.0,,,,,,,,,,,,,1,1,278,,0.0,0,0,0,0,0,0,0,0,0,,,,,1,1,,,,,,,,,,,,,,,,,,,,,,,,,,,,,,,,,,,,,,,,,,,,,,,,,,,,,,,,,,,,,,,,,,,,,,,,,,,,,,,,,,,,,,,,,,,,,,,,,,,,,,,,,,,,,,,,,,,,,,,,,,,,,,,,,,,,,,,,,,,,,,,,,,,,,,,,,,,,,,,,,,,,,,,,,,,,,,,,,,,,,,,,,,,,,,,,,,,,,,,,,,,,,,,,,,,,,,,,,,,,,,,,,,,,,,,,,,,,,,,,,,,,,,,,,,,,,,,,,,,,,,,,,,,,,,,,,,,,,,,,,,,,,,,,,,,,,,,,,,,,,,,,,,,,,,,,,,,
279,osh65w1s,,0,0,18,,,,0,,,0.0,,,,,,,,,,,,,,ryu6snyq,,,,,0,Experiment_1_Persistence,https://app.prolific.com/submissions/complete?cc=C1BTHULB,0.0,1.0,279,,0.0,,1,1,279,,0.0,,,,,,,,,,,,,,,1,1,279,,0.0,,,,,,,,,,1,1,279,,0.0,,,,,,,,,,,,,,,,,,1,1,279,,0.0,,,,,,,,,,,,,1,1,279,,0.0,0,0,0,0,0,0,0,0,0,,,,,1,1,,,,,,,,,,,,,,,,,,,,,,,,,,,,,,,,,,,,,,,,,,,,,,,,,,,,,,,,,,,,,,,,,,,,,,,,,,,,,,,,,,,,,,,,,,,,,,,,,,,,,,,,,,,,,,,,,,,,,,,,,,,,,,,,,,,,,,,,,,,,,,,,,,,,,,,,,,,,,,,,,,,,,,,,,,,,,,,,,,,,,,,,,,,,,,,,,,,,,,,,,,,,,,,,,,,,,,,,,,,,,,,,,,,,,,,,,,,,,,,,,,,,,,,,,,,,,,,,,,,,,,,,,,,,,,,,,,,,,,,,,,,,,,,,,,,,,,,,,,,,,,,,,,,,,,,,,,,
280,lcmabvei,,0,0,18,,,,0,,,0.0,,,,,,,,,,,,,,ryu6snyq,,,,,0,Experiment_1_Persistence,https://app.prolific.com/submissions/complete?cc=C1BTHULB,0.0,1.0,280,,0.0,,1,1,280,,0.0,,,,,,,,,,,,,,,1,1,280,,0.0,,,,,,,,,,1,1,280,,0.0,,,,,,,,,,,,,,,,,,1,1,280,,0.0,,,,,,,,,,,,,1,1,280,,0.0,0,0,0,0,0,0,0,0,0,,,,,1,1,,,,,,,,,,,,,,,,,,,,,,,,,,,,,,,,,,,,,,,,,,,,,,,,,,,,,,,,,,,,,,,,,,,,,,,,,,,,,,,,,,,,,,,,,,,,,,,,,,,,,,,,,,,,,,,,,,,,,,,,,,,,,,,,,,,,,,,,,,,,,,,,,,,,,,,,,,,,,,,,,,,,,,,,,,,,,,,,,,,,,,,,,,,,,,,,,,,,,,,,,,,,,,,,,,,,,,,,,,,,,,,,,,,,,,,,,,,,,,,,,,,,,,,,,,,,,,,,,,,,,,,,,,,,,,,,,,,,,,,,,,,,,,,,,,,,,,,,,,,,,,,,,,,,,,,,,,,
281,g31w3sra,,0,0,18,,,,0,,,0.0,,,,,,,,,,,,,,ryu6snyq,,,,,0,Experiment_1_Persistence,https://app.prolific.com/submissions/complete?cc=C1BTHULB,0.0,1.0,281,,0.0,,1,1,281,,0.0,,,,,,,,,,,,,,,1,1,281,,0.0,,,,,,,,,,1,1,281,,0.0,,,,,,,,,,,,,,,,,,1,1,281,,0.0,,,,,,,,,,,,,1,1,281,,0.0,0,0,0,0,0,0,0,0,0,,,,,1,1,,,,,,,,,,,,,,,,,,,,,,,,,,,,,,,,,,,,,,,,,,,,,,,,,,,,,,,,,,,,,,,,,,,,,,,,,,,,,,,,,,,,,,,,,,,,,,,,,,,,,,,,,,,,,,,,,,,,,,,,,,,,,,,,,,,,,,,,,,,,,,,,,,,,,,,,,,,,,,,,,,,,,,,,,,,,,,,,,,,,,,,,,,,,,,,,,,,,,,,,,,,,,,,,,,,,,,,,,,,,,,,,,,,,,,,,,,,,,,,,,,,,,,,,,,,,,,,,,,,,,,,,,,,,,,,,,,,,,,,,,,,,,,,,,,,,,,,,,,,,,,,,,,,,,,,,,,,
282,2hpjpwh7,,0,0,18,,,,0,,,0.0,,,,,,,,,,,,,,ryu6snyq,,,,,0,Experiment_1_Persistence,https://app.prolific.com/submissions/complete?cc=C1BTHULB,0.0,1.0,282,,0.0,,1,1,282,,0.0,,,,,,,,,,,,,,,1,1,282,,0.0,,,,,,,,,,1,1,282,,0.0,,,,,,,,,,,,,,,,,,1,1,282,,0.0,,,,,,,,,,,,,1,1,282,,0.0,0,0,0,0,0,0,0,0,0,,,,,1,1,,,,,,,,,,,,,,,,,,,,,,,,,,,,,,,,,,,,,,,,,,,,,,,,,,,,,,,,,,,,,,,,,,,,,,,,,,,,,,,,,,,,,,,,,,,,,,,,,,,,,,,,,,,,,,,,,,,,,,,,,,,,,,,,,,,,,,,,,,,,,,,,,,,,,,,,,,,,,,,,,,,,,,,,,,,,,,,,,,,,,,,,,,,,,,,,,,,,,,,,,,,,,,,,,,,,,,,,,,,,,,,,,,,,,,,,,,,,,,,,,,,,,,,,,,,,,,,,,,,,,,,,,,,,,,,,,,,,,,,,,,,,,,,,,,,,,,,,,,,,,,,,,,,,,,,,,,,
283,ybmm3pzg,,0,0,18,,,,0,,,0.0,,,,,,,,,,,,,,ryu6snyq,,,,,0,Experiment_1_Persistence,https://app.prolific.com/submissions/complete?cc=C1BTHULB,0.0,1.0,283,,0.0,,1,1,283,,0.0,,,,,,,,,,,,,,,1,1,283,,0.0,,,,,,,,,,1,1,283,,0.0,,,,,,,,,,,,,,,,,,1,1,283,,0.0,,,,,,,,,,,,,1,1,283,,0.0,0,0,0,0,0,0,0,0,0,,,,,1,1,,,,,,,,,,,,,,,,,,,,,,,,,,,,,,,,,,,,,,,,,,,,,,,,,,,,,,,,,,,,,,,,,,,,,,,,,,,,,,,,,,,,,,,,,,,,,,,,,,,,,,,,,,,,,,,,,,,,,,,,,,,,,,,,,,,,,,,,,,,,,,,,,,,,,,,,,,,,,,,,,,,,,,,,,,,,,,,,,,,,,,,,,,,,,,,,,,,,,,,,,,,,,,,,,,,,,,,,,,,,,,,,,,,,,,,,,,,,,,,,,,,,,,,,,,,,,,,,,,,,,,,,,,,,,,,,,,,,,,,,,,,,,,,,,,,,,,,,,,,,,,,,,,,,,,,,,,,
284,8icnrb72,,0,0,18,,,,0,,,0.0,,,,,,,,,,,,,,ryu6snyq,,,,,0,Experiment_1_Persistence,https://app.prolific.com/submissions/complete?cc=C1BTHULB,0.0,1.0,284,,0.0,,1,1,284,,0.0,,,,,,,,,,,,,,,1,1,284,,0.0,,,,,,,,,,1,1,284,,0.0,,,,,,,,,,,,,,,,,,1,1,284,,0.0,,,,,,,,,,,,,1,1,284,,0.0,0,0,0,0,0,0,0,0,0,,,,,1,1,,,,,,,,,,,,,,,,,,,,,,,,,,,,,,,,,,,,,,,,,,,,,,,,,,,,,,,,,,,,,,,,,,,,,,,,,,,,,,,,,,,,,,,,,,,,,,,,,,,,,,,,,,,,,,,,,,,,,,,,,,,,,,,,,,,,,,,,,,,,,,,,,,,,,,,,,,,,,,,,,,,,,,,,,,,,,,,,,,,,,,,,,,,,,,,,,,,,,,,,,,,,,,,,,,,,,,,,,,,,,,,,,,,,,,,,,,,,,,,,,,,,,,,,,,,,,,,,,,,,,,,,,,,,,,,,,,,,,,,,,,,,,,,,,,,,,,,,,,,,,,,,,,,,,,,,,,,
285,12zcxshu,,0,0,18,,,,0,,,0.0,,,,,,,,,,,,,,ryu6snyq,,,,,0,Experiment_1_Persistence,https://app.prolific.com/submissions/complete?cc=C1BTHULB,0.0,1.0,285,,0.0,,1,1,285,,0.0,,,,,,,,,,,,,,,1,1,285,,0.0,,,,,,,,,,1,1,285,,0.0,,,,,,,,,,,,,,,,,,1,1,285,,0.0,,,,,,,,,,,,,1,1,285,,0.0,0,0,0,0,0,0,0,0,0,,,,,1,1,,,,,,,,,,,,,,,,,,,,,,,,,,,,,,,,,,,,,,,,,,,,,,,,,,,,,,,,,,,,,,,,,,,,,,,,,,,,,,,,,,,,,,,,,,,,,,,,,,,,,,,,,,,,,,,,,,,,,,,,,,,,,,,,,,,,,,,,,,,,,,,,,,,,,,,,,,,,,,,,,,,,,,,,,,,,,,,,,,,,,,,,,,,,,,,,,,,,,,,,,,,,,,,,,,,,,,,,,,,,,,,,,,,,,,,,,,,,,,,,,,,,,,,,,,,,,,,,,,,,,,,,,,,,,,,,,,,,,,,,,,,,,,,,,,,,,,,,,,,,,,,,,,,,,,,,,,,
286,oeeodnbl,,0,0,18,,,,0,,,0.0,,,,,,,,,,,,,,ryu6snyq,,,,,0,Experiment_1_Persistence,https://app.prolific.com/submissions/complete?cc=C1BTHULB,0.0,1.0,286,,0.0,,1,1,286,,0.0,,,,,,,,,,,,,,,1,1,286,,0.0,,,,,,,,,,1,1,286,,0.0,,,,,,,,,,,,,,,,,,1,1,286,,0.0,,,,,,,,,,,,,1,1,286,,0.0,0,0,0,0,0,0,0,0,0,,,,,1,1,,,,,,,,,,,,,,,,,,,,,,,,,,,,,,,,,,,,,,,,,,,,,,,,,,,,,,,,,,,,,,,,,,,,,,,,,,,,,,,,,,,,,,,,,,,,,,,,,,,,,,,,,,,,,,,,,,,,,,,,,,,,,,,,,,,,,,,,,,,,,,,,,,,,,,,,,,,,,,,,,,,,,,,,,,,,,,,,,,,,,,,,,,,,,,,,,,,,,,,,,,,,,,,,,,,,,,,,,,,,,,,,,,,,,,,,,,,,,,,,,,,,,,,,,,,,,,,,,,,,,,,,,,,,,,,,,,,,,,,,,,,,,,,,,,,,,,,,,,,,,,,,,,,,,,,,,,,
287,6e7j3e3q,,0,0,18,,,,0,,,0.0,,,,,,,,,,,,,,ryu6snyq,,,,,0,Experiment_1_Persistence,https://app.prolific.com/submissions/complete?cc=C1BTHULB,0.0,1.0,287,,0.0,,1,1,287,,0.0,,,,,,,,,,,,,,,1,1,287,,0.0,,,,,,,,,,1,1,287,,0.0,,,,,,,,,,,,,,,,,,1,1,287,,0.0,,,,,,,,,,,,,1,1,287,,0.0,0,0,0,0,0,0,0,0,0,,,,,1,1,,,,,,,,,,,,,,,,,,,,,,,,,,,,,,,,,,,,,,,,,,,,,,,,,,,,,,,,,,,,,,,,,,,,,,,,,,,,,,,,,,,,,,,,,,,,,,,,,,,,,,,,,,,,,,,,,,,,,,,,,,,,,,,,,,,,,,,,,,,,,,,,,,,,,,,,,,,,,,,,,,,,,,,,,,,,,,,,,,,,,,,,,,,,,,,,,,,,,,,,,,,,,,,,,,,,,,,,,,,,,,,,,,,,,,,,,,,,,,,,,,,,,,,,,,,,,,,,,,,,,,,,,,,,,,,,,,,,,,,,,,,,,,,,,,,,,,,,,,,,,,,,,,,,,,,,,,,
288,m0dp4644,,0,0,18,,,,0,,,0.0,,,,,,,,,,,,,,ryu6snyq,,,,,0,Experiment_1_Persistence,https://app.prolific.com/submissions/complete?cc=C1BTHULB,0.0,1.0,288,,0.0,,1,1,288,,0.0,,,,,,,,,,,,,,,1,1,288,,0.0,,,,,,,,,,1,1,288,,0.0,,,,,,,,,,,,,,,,,,1,1,288,,0.0,,,,,,,,,,,,,1,1,288,,0.0,0,0,0,0,0,0,0,0,0,,,,,1,1,,,,,,,,,,,,,,,,,,,,,,,,,,,,,,,,,,,,,,,,,,,,,,,,,,,,,,,,,,,,,,,,,,,,,,,,,,,,,,,,,,,,,,,,,,,,,,,,,,,,,,,,,,,,,,,,,,,,,,,,,,,,,,,,,,,,,,,,,,,,,,,,,,,,,,,,,,,,,,,,,,,,,,,,,,,,,,,,,,,,,,,,,,,,,,,,,,,,,,,,,,,,,,,,,,,,,,,,,,,,,,,,,,,,,,,,,,,,,,,,,,,,,,,,,,,,,,,,,,,,,,,,,,,,,,,,,,,,,,,,,,,,,,,,,,,,,,,,,,,,,,,,,,,,,,,,,,,
289,mvtcfcpy,,0,0,18,,,,0,,,0.0,,,,,,,,,,,,,,ryu6snyq,,,,,0,Experiment_1_Persistence,https://app.prolific.com/submissions/complete?cc=C1BTHULB,0.0,1.0,289,,0.0,,1,1,289,,0.0,,,,,,,,,,,,,,,1,1,289,,0.0,,,,,,,,,,1,1,289,,0.0,,,,,,,,,,,,,,,,,,1,1,289,,0.0,,,,,,,,,,,,,1,1,289,,0.0,0,0,0,0,0,0,0,0,0,,,,,1,1,,,,,,,,,,,,,,,,,,,,,,,,,,,,,,,,,,,,,,,,,,,,,,,,,,,,,,,,,,,,,,,,,,,,,,,,,,,,,,,,,,,,,,,,,,,,,,,,,,,,,,,,,,,,,,,,,,,,,,,,,,,,,,,,,,,,,,,,,,,,,,,,,,,,,,,,,,,,,,,,,,,,,,,,,,,,,,,,,,,,,,,,,,,,,,,,,,,,,,,,,,,,,,,,,,,,,,,,,,,,,,,,,,,,,,,,,,,,,,,,,,,,,,,,,,,,,,,,,,,,,,,,,,,,,,,,,,,,,,,,,,,,,,,,,,,,,,,,,,,,,,,,,,,,,,,,,,,
290,ra1zt4nr,,0,0,18,,,,0,,,0.0,,,,,,,,,,,,,,ryu6snyq,,,,,0,Experiment_1_Persistence,https://app.prolific.com/submissions/complete?cc=C1BTHULB,0.0,1.0,290,,0.0,,1,1,290,,0.0,,,,,,,,,,,,,,,1,1,290,,0.0,,,,,,,,,,1,1,290,,0.0,,,,,,,,,,,,,,,,,,1,1,290,,0.0,,,,,,,,,,,,,1,1,290,,0.0,0,0,0,0,0,0,0,0,0,,,,,1,1,,,,,,,,,,,,,,,,,,,,,,,,,,,,,,,,,,,,,,,,,,,,,,,,,,,,,,,,,,,,,,,,,,,,,,,,,,,,,,,,,,,,,,,,,,,,,,,,,,,,,,,,,,,,,,,,,,,,,,,,,,,,,,,,,,,,,,,,,,,,,,,,,,,,,,,,,,,,,,,,,,,,,,,,,,,,,,,,,,,,,,,,,,,,,,,,,,,,,,,,,,,,,,,,,,,,,,,,,,,,,,,,,,,,,,,,,,,,,,,,,,,,,,,,,,,,,,,,,,,,,,,,,,,,,,,,,,,,,,,,,,,,,,,,,,,,,,,,,,,,,,,,,,,,,,,,,,,
291,yov71l74,,0,0,18,,,,0,,,0.0,,,,,,,,,,,,,,ryu6snyq,,,,,0,Experiment_1_Persistence,https://app.prolific.com/submissions/complete?cc=C1BTHULB,0.0,1.0,291,,0.0,,1,1,291,,0.0,,,,,,,,,,,,,,,1,1,291,,0.0,,,,,,,,,,1,1,291,,0.0,,,,,,,,,,,,,,,,,,1,1,291,,0.0,,,,,,,,,,,,,1,1,291,,0.0,0,0,0,0,0,0,0,0,0,,,,,1,1,,,,,,,,,,,,,,,,,,,,,,,,,,,,,,,,,,,,,,,,,,,,,,,,,,,,,,,,,,,,,,,,,,,,,,,,,,,,,,,,,,,,,,,,,,,,,,,,,,,,,,,,,,,,,,,,,,,,,,,,,,,,,,,,,,,,,,,,,,,,,,,,,,,,,,,,,,,,,,,,,,,,,,,,,,,,,,,,,,,,,,,,,,,,,,,,,,,,,,,,,,,,,,,,,,,,,,,,,,,,,,,,,,,,,,,,,,,,,,,,,,,,,,,,,,,,,,,,,,,,,,,,,,,,,,,,,,,,,,,,,,,,,,,,,,,,,,,,,,,,,,,,,,,,,,,,,,,
292,axhbz66n,,0,0,18,,,,0,,,0.0,,,,,,,,,,,,,,ryu6snyq,,,,,0,Experiment_1_Persistence,https://app.prolific.com/submissions/complete?cc=C1BTHULB,0.0,1.0,292,,0.0,,1,1,292,,0.0,,,,,,,,,,,,,,,1,1,292,,0.0,,,,,,,,,,1,1,292,,0.0,,,,,,,,,,,,,,,,,,1,1,292,,0.0,,,,,,,,,,,,,1,1,292,,0.0,0,0,0,0,0,0,0,0,0,,,,,1,1,,,,,,,,,,,,,,,,,,,,,,,,,,,,,,,,,,,,,,,,,,,,,,,,,,,,,,,,,,,,,,,,,,,,,,,,,,,,,,,,,,,,,,,,,,,,,,,,,,,,,,,,,,,,,,,,,,,,,,,,,,,,,,,,,,,,,,,,,,,,,,,,,,,,,,,,,,,,,,,,,,,,,,,,,,,,,,,,,,,,,,,,,,,,,,,,,,,,,,,,,,,,,,,,,,,,,,,,,,,,,,,,,,,,,,,,,,,,,,,,,,,,,,,,,,,,,,,,,,,,,,,,,,,,,,,,,,,,,,,,,,,,,,,,,,,,,,,,,,,,,,,,,,,,,,,,,,,
293,qxtipo0k,,0,0,18,,,,0,,,0.0,,,,,,,,,,,,,,ryu6snyq,,,,,0,Experiment_1_Persistence,https://app.prolific.com/submissions/complete?cc=C1BTHULB,0.0,1.0,293,,0.0,,1,1,293,,0.0,,,,,,,,,,,,,,,1,1,293,,0.0,,,,,,,,,,1,1,293,,0.0,,,,,,,,,,,,,,,,,,1,1,293,,0.0,,,,,,,,,,,,,1,1,293,,0.0,0,0,0,0,0,0,0,0,0,,,,,1,1,,,,,,,,,,,,,,,,,,,,,,,,,,,,,,,,,,,,,,,,,,,,,,,,,,,,,,,,,,,,,,,,,,,,,,,,,,,,,,,,,,,,,,,,,,,,,,,,,,,,,,,,,,,,,,,,,,,,,,,,,,,,,,,,,,,,,,,,,,,,,,,,,,,,,,,,,,,,,,,,,,,,,,,,,,,,,,,,,,,,,,,,,,,,,,,,,,,,,,,,,,,,,,,,,,,,,,,,,,,,,,,,,,,,,,,,,,,,,,,,,,,,,,,,,,,,,,,,,,,,,,,,,,,,,,,,,,,,,,,,,,,,,,,,,,,,,,,,,,,,,,,,,,,,,,,,,,,
294,qhw43q0f,,0,0,18,,,,0,,,0.0,,,,,,,,,,,,,,ryu6snyq,,,,,0,Experiment_1_Persistence,https://app.prolific.com/submissions/complete?cc=C1BTHULB,0.0,1.0,294,,0.0,,1,1,294,,0.0,,,,,,,,,,,,,,,1,1,294,,0.0,,,,,,,,,,1,1,294,,0.0,,,,,,,,,,,,,,,,,,1,1,294,,0.0,,,,,,,,,,,,,1,1,294,,0.0,0,0,0,0,0,0,0,0,0,,,,,1,1,,,,,,,,,,,,,,,,,,,,,,,,,,,,,,,,,,,,,,,,,,,,,,,,,,,,,,,,,,,,,,,,,,,,,,,,,,,,,,,,,,,,,,,,,,,,,,,,,,,,,,,,,,,,,,,,,,,,,,,,,,,,,,,,,,,,,,,,,,,,,,,,,,,,,,,,,,,,,,,,,,,,,,,,,,,,,,,,,,,,,,,,,,,,,,,,,,,,,,,,,,,,,,,,,,,,,,,,,,,,,,,,,,,,,,,,,,,,,,,,,,,,,,,,,,,,,,,,,,,,,,,,,,,,,,,,,,,,,,,,,,,,,,,,,,,,,,,,,,,,,,,,,,,,,,,,,,,
295,8qe9phor,,0,0,18,,,,0,,,0.0,,,,,,,,,,,,,,ryu6snyq,,,,,0,Experiment_1_Persistence,https://app.prolific.com/submissions/complete?cc=C1BTHULB,0.0,1.0,295,,0.0,,1,1,295,,0.0,,,,,,,,,,,,,,,1,1,295,,0.0,,,,,,,,,,1,1,295,,0.0,,,,,,,,,,,,,,,,,,1,1,295,,0.0,,,,,,,,,,,,,1,1,295,,0.0,0,0,0,0,0,0,0,0,0,,,,,1,1,,,,,,,,,,,,,,,,,,,,,,,,,,,,,,,,,,,,,,,,,,,,,,,,,,,,,,,,,,,,,,,,,,,,,,,,,,,,,,,,,,,,,,,,,,,,,,,,,,,,,,,,,,,,,,,,,,,,,,,,,,,,,,,,,,,,,,,,,,,,,,,,,,,,,,,,,,,,,,,,,,,,,,,,,,,,,,,,,,,,,,,,,,,,,,,,,,,,,,,,,,,,,,,,,,,,,,,,,,,,,,,,,,,,,,,,,,,,,,,,,,,,,,,,,,,,,,,,,,,,,,,,,,,,,,,,,,,,,,,,,,,,,,,,,,,,,,,,,,,,,,,,,,,,,,,,,,,
296,7y0nzi2s,,0,0,18,,,,0,,,0.0,,,,,,,,,,,,,,ryu6snyq,,,,,0,Experiment_1_Persistence,https://app.prolific.com/submissions/complete?cc=C1BTHULB,0.0,1.0,296,,0.0,,1,1,296,,0.0,,,,,,,,,,,,,,,1,1,296,,0.0,,,,,,,,,,1,1,296,,0.0,,,,,,,,,,,,,,,,,,1,1,296,,0.0,,,,,,,,,,,,,1,1,296,,0.0,0,0,0,0,0,0,0,0,0,,,,,1,1,,,,,,,,,,,,,,,,,,,,,,,,,,,,,,,,,,,,,,,,,,,,,,,,,,,,,,,,,,,,,,,,,,,,,,,,,,,,,,,,,,,,,,,,,,,,,,,,,,,,,,,,,,,,,,,,,,,,,,,,,,,,,,,,,,,,,,,,,,,,,,,,,,,,,,,,,,,,,,,,,,,,,,,,,,,,,,,,,,,,,,,,,,,,,,,,,,,,,,,,,,,,,,,,,,,,,,,,,,,,,,,,,,,,,,,,,,,,,,,,,,,,,,,,,,,,,,,,,,,,,,,,,,,,,,,,,,,,,,,,,,,,,,,,,,,,,,,,,,,,,,,,,,,,,,,,,,,
297,9dlp9w4x,,0,0,18,,,,0,,,0.0,,,,,,,,,,,,,,ryu6snyq,,,,,0,Experiment_1_Persistence,https://app.prolific.com/submissions/complete?cc=C1BTHULB,0.0,1.0,297,,0.0,,1,1,297,,0.0,,,,,,,,,,,,,,,1,1,297,,0.0,,,,,,,,,,1,1,297,,0.0,,,,,,,,,,,,,,,,,,1,1,297,,0.0,,,,,,,,,,,,,1,1,297,,0.0,0,0,0,0,0,0,0,0,0,,,,,1,1,,,,,,,,,,,,,,,,,,,,,,,,,,,,,,,,,,,,,,,,,,,,,,,,,,,,,,,,,,,,,,,,,,,,,,,,,,,,,,,,,,,,,,,,,,,,,,,,,,,,,,,,,,,,,,,,,,,,,,,,,,,,,,,,,,,,,,,,,,,,,,,,,,,,,,,,,,,,,,,,,,,,,,,,,,,,,,,,,,,,,,,,,,,,,,,,,,,,,,,,,,,,,,,,,,,,,,,,,,,,,,,,,,,,,,,,,,,,,,,,,,,,,,,,,,,,,,,,,,,,,,,,,,,,,,,,,,,,,,,,,,,,,,,,,,,,,,,,,,,,,,,,,,,,,,,,,,,
298,ewar1r0i,,0,0,18,,,,0,,,0.0,,,,,,,,,,,,,,ryu6snyq,,,,,0,Experiment_1_Persistence,https://app.prolific.com/submissions/complete?cc=C1BTHULB,0.0,1.0,298,,0.0,,1,1,298,,0.0,,,,,,,,,,,,,,,1,1,298,,0.0,,,,,,,,,,1,1,298,,0.0,,,,,,,,,,,,,,,,,,1,1,298,,0.0,,,,,,,,,,,,,1,1,298,,0.0,0,0,0,0,0,0,0,0,0,,,,,1,1,,,,,,,,,,,,,,,,,,,,,,,,,,,,,,,,,,,,,,,,,,,,,,,,,,,,,,,,,,,,,,,,,,,,,,,,,,,,,,,,,,,,,,,,,,,,,,,,,,,,,,,,,,,,,,,,,,,,,,,,,,,,,,,,,,,,,,,,,,,,,,,,,,,,,,,,,,,,,,,,,,,,,,,,,,,,,,,,,,,,,,,,,,,,,,,,,,,,,,,,,,,,,,,,,,,,,,,,,,,,,,,,,,,,,,,,,,,,,,,,,,,,,,,,,,,,,,,,,,,,,,,,,,,,,,,,,,,,,,,,,,,,,,,,,,,,,,,,,,,,,,,,,,,,,,,,,,,
299,frraxwaq,,0,0,18,,,,0,,,0.0,,,,,,,,,,,,,,ryu6snyq,,,,,0,Experiment_1_Persistence,https://app.prolific.com/submissions/complete?cc=C1BTHULB,0.0,1.0,299,,0.0,,1,1,299,,0.0,,,,,,,,,,,,,,,1,1,299,,0.0,,,,,,,,,,1,1,299,,0.0,,,,,,,,,,,,,,,,,,1,1,299,,0.0,,,,,,,,,,,,,1,1,299,,0.0,0,0,0,0,0,0,0,0,0,,,,,1,1,,,,,,,,,,,,,,,,,,,,,,,,,,,,,,,,,,,,,,,,,,,,,,,,,,,,,,,,,,,,,,,,,,,,,,,,,,,,,,,,,,,,,,,,,,,,,,,,,,,,,,,,,,,,,,,,,,,,,,,,,,,,,,,,,,,,,,,,,,,,,,,,,,,,,,,,,,,,,,,,,,,,,,,,,,,,,,,,,,,,,,,,,,,,,,,,,,,,,,,,,,,,,,,,,,,,,,,,,,,,,,,,,,,,,,,,,,,,,,,,,,,,,,,,,,,,,,,,,,,,,,,,,,,,,,,,,,,,,,,,,,,,,,,,,,,,,,,,,,,,,,,,,,,,,,,,,,,
300,y34qncqy,,0,0,18,,,,0,,,0.0,,,,,,,,,,,,,,ryu6snyq,,,,,0,Experiment_1_Persistence,https://app.prolific.com/submissions/complete?cc=C1BTHULB,0.0,1.0,300,,0.0,,1,1,300,,0.0,,,,,,,,,,,,,,,1,1,300,,0.0,,,,,,,,,,1,1,300,,0.0,,,,,,,,,,,,,,,,,,1,1,300,,0.0,,,,,,,,,,,,,1,1,300,,0.0,0,0,0,0,0,0,0,0,0,,,,,1,1,,,,,,,,,,,,,,,,,,,,,,,,,,,,,,,,,,,,,,,,,,,,,,,,,,,,,,,,,,,,,,,,,,,,,,,,,,,,,,,,,,,,,,,,,,,,,,,,,,,,,,,,,,,,,,,,,,,,,,,,,,,,,,,,,,,,,,,,,,,,,,,,,,,,,,,,,,,,,,,,,,,,,,,,,,,,,,,,,,,,,,,,,,,,,,,,,,,,,,,,,,,,,,,,,,,,,,,,,,,,,,,,,,,,,,,,,,,,,,,,,,,,,,,,,,,,,,,,,,,,,,,,,,,,,,,,,,,,,,,,,,,,,,,,,,,,,,,,,,,,,,,,,,,,,,,,,,,
301,llot5p1c,,0,0,18,,,,0,,,0.0,,,,,,,,,,,,,,ryu6snyq,,,,,0,Experiment_1_Persistence,https://app.prolific.com/submissions/complete?cc=C1BTHULB,0.0,1.0,301,,0.0,,1,1,301,,0.0,,,,,,,,,,,,,,,1,1,301,,0.0,,,,,,,,,,1,1,301,,0.0,,,,,,,,,,,,,,,,,,1,1,301,,0.0,,,,,,,,,,,,,1,1,301,,0.0,0,0,0,0,0,0,0,0,0,,,,,1,1,,,,,,,,,,,,,,,,,,,,,,,,,,,,,,,,,,,,,,,,,,,,,,,,,,,,,,,,,,,,,,,,,,,,,,,,,,,,,,,,,,,,,,,,,,,,,,,,,,,,,,,,,,,,,,,,,,,,,,,,,,,,,,,,,,,,,,,,,,,,,,,,,,,,,,,,,,,,,,,,,,,,,,,,,,,,,,,,,,,,,,,,,,,,,,,,,,,,,,,,,,,,,,,,,,,,,,,,,,,,,,,,,,,,,,,,,,,,,,,,,,,,,,,,,,,,,,,,,,,,,,,,,,,,,,,,,,,,,,,,,,,,,,,,,,,,,,,,,,,,,,,,,,,,,,,,,,,
302,v1q9x5st,,0,0,18,,,,0,,,0.0,,,,,,,,,,,,,,ryu6snyq,,,,,0,Experiment_1_Persistence,https://app.prolific.com/submissions/complete?cc=C1BTHULB,0.0,1.0,302,,0.0,,1,1,302,,0.0,,,,,,,,,,,,,,,1,1,302,,0.0,,,,,,,,,,1,1,302,,0.0,,,,,,,,,,,,,,,,,,1,1,302,,0.0,,,,,,,,,,,,,1,1,302,,0.0,0,0,0,0,0,0,0,0,0,,,,,1,1,,,,,,,,,,,,,,,,,,,,,,,,,,,,,,,,,,,,,,,,,,,,,,,,,,,,,,,,,,,,,,,,,,,,,,,,,,,,,,,,,,,,,,,,,,,,,,,,,,,,,,,,,,,,,,,,,,,,,,,,,,,,,,,,,,,,,,,,,,,,,,,,,,,,,,,,,,,,,,,,,,,,,,,,,,,,,,,,,,,,,,,,,,,,,,,,,,,,,,,,,,,,,,,,,,,,,,,,,,,,,,,,,,,,,,,,,,,,,,,,,,,,,,,,,,,,,,,,,,,,,,,,,,,,,,,,,,,,,,,,,,,,,,,,,,,,,,,,,,,,,,,,,,,,,,,,,,,
303,1w73ze9x,,0,0,18,,,,0,,,0.0,,,,,,,,,,,,,,ryu6snyq,,,,,0,Experiment_1_Persistence,https://app.prolific.com/submissions/complete?cc=C1BTHULB,0.0,1.0,303,,0.0,,1,1,303,,0.0,,,,,,,,,,,,,,,1,1,303,,0.0,,,,,,,,,,1,1,303,,0.0,,,,,,,,,,,,,,,,,,1,1,303,,0.0,,,,,,,,,,,,,1,1,303,,0.0,0,0,0,0,0,0,0,0,0,,,,,1,1,,,,,,,,,,,,,,,,,,,,,,,,,,,,,,,,,,,,,,,,,,,,,,,,,,,,,,,,,,,,,,,,,,,,,,,,,,,,,,,,,,,,,,,,,,,,,,,,,,,,,,,,,,,,,,,,,,,,,,,,,,,,,,,,,,,,,,,,,,,,,,,,,,,,,,,,,,,,,,,,,,,,,,,,,,,,,,,,,,,,,,,,,,,,,,,,,,,,,,,,,,,,,,,,,,,,,,,,,,,,,,,,,,,,,,,,,,,,,,,,,,,,,,,,,,,,,,,,,,,,,,,,,,,,,,,,,,,,,,,,,,,,,,,,,,,,,,,,,,,,,,,,,,,,,,,,,,,
304,ucs4qsyv,,0,0,18,,,,0,,,0.0,,,,,,,,,,,,,,ryu6snyq,,,,,0,Experiment_1_Persistence,https://app.prolific.com/submissions/complete?cc=C1BTHULB,0.0,1.0,304,,0.0,,1,1,304,,0.0,,,,,,,,,,,,,,,1,1,304,,0.0,,,,,,,,,,1,1,304,,0.0,,,,,,,,,,,,,,,,,,1,1,304,,0.0,,,,,,,,,,,,,1,1,304,,0.0,0,0,0,0,0,0,0,0,0,,,,,1,1,,,,,,,,,,,,,,,,,,,,,,,,,,,,,,,,,,,,,,,,,,,,,,,,,,,,,,,,,,,,,,,,,,,,,,,,,,,,,,,,,,,,,,,,,,,,,,,,,,,,,,,,,,,,,,,,,,,,,,,,,,,,,,,,,,,,,,,,,,,,,,,,,,,,,,,,,,,,,,,,,,,,,,,,,,,,,,,,,,,,,,,,,,,,,,,,,,,,,,,,,,,,,,,,,,,,,,,,,,,,,,,,,,,,,,,,,,,,,,,,,,,,,,,,,,,,,,,,,,,,,,,,,,,,,,,,,,,,,,,,,,,,,,,,,,,,,,,,,,,,,,,,,,,,,,,,,,,
305,0r08sbsx,,0,0,18,,,,0,,,0.0,,,,,,,,,,,,,,ryu6snyq,,,,,0,Experiment_1_Persistence,https://app.prolific.com/submissions/complete?cc=C1BTHULB,0.0,1.0,305,,0.0,,1,1,305,,0.0,,,,,,,,,,,,,,,1,1,305,,0.0,,,,,,,,,,1,1,305,,0.0,,,,,,,,,,,,,,,,,,1,1,305,,0.0,,,,,,,,,,,,,1,1,305,,0.0,0,0,0,0,0,0,0,0,0,,,,,1,1,,,,,,,,,,,,,,,,,,,,,,,,,,,,,,,,,,,,,,,,,,,,,,,,,,,,,,,,,,,,,,,,,,,,,,,,,,,,,,,,,,,,,,,,,,,,,,,,,,,,,,,,,,,,,,,,,,,,,,,,,,,,,,,,,,,,,,,,,,,,,,,,,,,,,,,,,,,,,,,,,,,,,,,,,,,,,,,,,,,,,,,,,,,,,,,,,,,,,,,,,,,,,,,,,,,,,,,,,,,,,,,,,,,,,,,,,,,,,,,,,,,,,,,,,,,,,,,,,,,,,,,,,,,,,,,,,,,,,,,,,,,,,,,,,,,,,,,,,,,,,,,,,,,,,,,,,,,
306,ugeo52xq,,0,0,18,,,,0,,,0.0,,,,,,,,,,,,,,ryu6snyq,,,,,0,Experiment_1_Persistence,https://app.prolific.com/submissions/complete?cc=C1BTHULB,0.0,1.0,306,,0.0,,1,1,306,,0.0,,,,,,,,,,,,,,,1,1,306,,0.0,,,,,,,,,,1,1,306,,0.0,,,,,,,,,,,,,,,,,,1,1,306,,0.0,,,,,,,,,,,,,1,1,306,,0.0,0,0,0,0,0,0,0,0,0,,,,,1,1,,,,,,,,,,,,,,,,,,,,,,,,,,,,,,,,,,,,,,,,,,,,,,,,,,,,,,,,,,,,,,,,,,,,,,,,,,,,,,,,,,,,,,,,,,,,,,,,,,,,,,,,,,,,,,,,,,,,,,,,,,,,,,,,,,,,,,,,,,,,,,,,,,,,,,,,,,,,,,,,,,,,,,,,,,,,,,,,,,,,,,,,,,,,,,,,,,,,,,,,,,,,,,,,,,,,,,,,,,,,,,,,,,,,,,,,,,,,,,,,,,,,,,,,,,,,,,,,,,,,,,,,,,,,,,,,,,,,,,,,,,,,,,,,,,,,,,,,,,,,,,,,,,,,,,,,,,,
307,7hmvj556,,0,0,18,,,,0,,,0.0,,,,,,,,,,,,,,ryu6snyq,,,,,0,Experiment_1_Persistence,https://app.prolific.com/submissions/complete?cc=C1BTHULB,0.0,1.0,307,,0.0,,1,1,307,,0.0,,,,,,,,,,,,,,,1,1,307,,0.0,,,,,,,,,,1,1,307,,0.0,,,,,,,,,,,,,,,,,,1,1,307,,0.0,,,,,,,,,,,,,1,1,307,,0.0,0,0,0,0,0,0,0,0,0,,,,,1,1,,,,,,,,,,,,,,,,,,,,,,,,,,,,,,,,,,,,,,,,,,,,,,,,,,,,,,,,,,,,,,,,,,,,,,,,,,,,,,,,,,,,,,,,,,,,,,,,,,,,,,,,,,,,,,,,,,,,,,,,,,,,,,,,,,,,,,,,,,,,,,,,,,,,,,,,,,,,,,,,,,,,,,,,,,,,,,,,,,,,,,,,,,,,,,,,,,,,,,,,,,,,,,,,,,,,,,,,,,,,,,,,,,,,,,,,,,,,,,,,,,,,,,,,,,,,,,,,,,,,,,,,,,,,,,,,,,,,,,,,,,,,,,,,,,,,,,,,,,,,,,,,,,,,,,,,,,,
308,8pvbcbwb,,0,0,18,,,,0,,,0.0,,,,,,,,,,,,,,ryu6snyq,,,,,0,Experiment_1_Persistence,https://app.prolific.com/submissions/complete?cc=C1BTHULB,0.0,1.0,308,,0.0,,1,1,308,,0.0,,,,,,,,,,,,,,,1,1,308,,0.0,,,,,,,,,,1,1,308,,0.0,,,,,,,,,,,,,,,,,,1,1,308,,0.0,,,,,,,,,,,,,1,1,308,,0.0,0,0,0,0,0,0,0,0,0,,,,,1,1,,,,,,,,,,,,,,,,,,,,,,,,,,,,,,,,,,,,,,,,,,,,,,,,,,,,,,,,,,,,,,,,,,,,,,,,,,,,,,,,,,,,,,,,,,,,,,,,,,,,,,,,,,,,,,,,,,,,,,,,,,,,,,,,,,,,,,,,,,,,,,,,,,,,,,,,,,,,,,,,,,,,,,,,,,,,,,,,,,,,,,,,,,,,,,,,,,,,,,,,,,,,,,,,,,,,,,,,,,,,,,,,,,,,,,,,,,,,,,,,,,,,,,,,,,,,,,,,,,,,,,,,,,,,,,,,,,,,,,,,,,,,,,,,,,,,,,,,,,,,,,,,,,,,,,,,,,,
309,ky9zuo1k,,0,0,18,,,,0,,,0.0,,,,,,,,,,,,,,ryu6snyq,,,,,0,Experiment_1_Persistence,https://app.prolific.com/submissions/complete?cc=C1BTHULB,0.0,1.0,309,,0.0,,1,1,309,,0.0,,,,,,,,,,,,,,,1,1,309,,0.0,,,,,,,,,,1,1,309,,0.0,,,,,,,,,,,,,,,,,,1,1,309,,0.0,,,,,,,,,,,,,1,1,309,,0.0,0,0,0,0,0,0,0,0,0,,,,,1,1,,,,,,,,,,,,,,,,,,,,,,,,,,,,,,,,,,,,,,,,,,,,,,,,,,,,,,,,,,,,,,,,,,,,,,,,,,,,,,,,,,,,,,,,,,,,,,,,,,,,,,,,,,,,,,,,,,,,,,,,,,,,,,,,,,,,,,,,,,,,,,,,,,,,,,,,,,,,,,,,,,,,,,,,,,,,,,,,,,,,,,,,,,,,,,,,,,,,,,,,,,,,,,,,,,,,,,,,,,,,,,,,,,,,,,,,,,,,,,,,,,,,,,,,,,,,,,,,,,,,,,,,,,,,,,,,,,,,,,,,,,,,,,,,,,,,,,,,,,,,,,,,,,,,,,,,,,,
310,rxl308n0,,0,0,18,,,,0,,,0.0,,,,,,,,,,,,,,ryu6snyq,,,,,0,Experiment_1_Persistence,https://app.prolific.com/submissions/complete?cc=C1BTHULB,0.0,1.0,310,,0.0,,1,1,310,,0.0,,,,,,,,,,,,,,,1,1,310,,0.0,,,,,,,,,,1,1,310,,0.0,,,,,,,,,,,,,,,,,,1,1,310,,0.0,,,,,,,,,,,,,1,1,310,,0.0,0,0,0,0,0,0,0,0,0,,,,,1,1,,,,,,,,,,,,,,,,,,,,,,,,,,,,,,,,,,,,,,,,,,,,,,,,,,,,,,,,,,,,,,,,,,,,,,,,,,,,,,,,,,,,,,,,,,,,,,,,,,,,,,,,,,,,,,,,,,,,,,,,,,,,,,,,,,,,,,,,,,,,,,,,,,,,,,,,,,,,,,,,,,,,,,,,,,,,,,,,,,,,,,,,,,,,,,,,,,,,,,,,,,,,,,,,,,,,,,,,,,,,,,,,,,,,,,,,,,,,,,,,,,,,,,,,,,,,,,,,,,,,,,,,,,,,,,,,,,,,,,,,,,,,,,,,,,,,,,,,,,,,,,,,,,,,,,,,,,,
311,vd4152pi,,0,0,18,,,,0,,,0.0,,,,,,,,,,,,,,ryu6snyq,,,,,0,Experiment_1_Persistence,https://app.prolific.com/submissions/complete?cc=C1BTHULB,0.0,1.0,311,,0.0,,1,1,311,,0.0,,,,,,,,,,,,,,,1,1,311,,0.0,,,,,,,,,,1,1,311,,0.0,,,,,,,,,,,,,,,,,,1,1,311,,0.0,,,,,,,,,,,,,1,1,311,,0.0,0,0,0,0,0,0,0,0,0,,,,,1,1,,,,,,,,,,,,,,,,,,,,,,,,,,,,,,,,,,,,,,,,,,,,,,,,,,,,,,,,,,,,,,,,,,,,,,,,,,,,,,,,,,,,,,,,,,,,,,,,,,,,,,,,,,,,,,,,,,,,,,,,,,,,,,,,,,,,,,,,,,,,,,,,,,,,,,,,,,,,,,,,,,,,,,,,,,,,,,,,,,,,,,,,,,,,,,,,,,,,,,,,,,,,,,,,,,,,,,,,,,,,,,,,,,,,,,,,,,,,,,,,,,,,,,,,,,,,,,,,,,,,,,,,,,,,,,,,,,,,,,,,,,,,,,,,,,,,,,,,,,,,,,,,,,,,,,,,,,,
312,r8ozp35r,,0,0,18,,,,0,,,0.0,,,,,,,,,,,,,,ryu6snyq,,,,,0,Experiment_1_Persistence,https://app.prolific.com/submissions/complete?cc=C1BTHULB,0.0,1.0,312,,0.0,,1,1,312,,0.0,,,,,,,,,,,,,,,1,1,312,,0.0,,,,,,,,,,1,1,312,,0.0,,,,,,,,,,,,,,,,,,1,1,312,,0.0,,,,,,,,,,,,,1,1,312,,0.0,0,0,0,0,0,0,0,0,0,,,,,1,1,,,,,,,,,,,,,,,,,,,,,,,,,,,,,,,,,,,,,,,,,,,,,,,,,,,,,,,,,,,,,,,,,,,,,,,,,,,,,,,,,,,,,,,,,,,,,,,,,,,,,,,,,,,,,,,,,,,,,,,,,,,,,,,,,,,,,,,,,,,,,,,,,,,,,,,,,,,,,,,,,,,,,,,,,,,,,,,,,,,,,,,,,,,,,,,,,,,,,,,,,,,,,,,,,,,,,,,,,,,,,,,,,,,,,,,,,,,,,,,,,,,,,,,,,,,,,,,,,,,,,,,,,,,,,,,,,,,,,,,,,,,,,,,,,,,,,,,,,,,,,,,,,,,,,,,,,,,
313,vome29ym,,0,0,18,,,,0,,,0.0,,,,,,,,,,,,,,ryu6snyq,,,,,0,Experiment_1_Persistence,https://app.prolific.com/submissions/complete?cc=C1BTHULB,0.0,1.0,313,,0.0,,1,1,313,,0.0,,,,,,,,,,,,,,,1,1,313,,0.0,,,,,,,,,,1,1,313,,0.0,,,,,,,,,,,,,,,,,,1,1,313,,0.0,,,,,,,,,,,,,1,1,313,,0.0,0,0,0,0,0,0,0,0,0,,,,,1,1,,,,,,,,,,,,,,,,,,,,,,,,,,,,,,,,,,,,,,,,,,,,,,,,,,,,,,,,,,,,,,,,,,,,,,,,,,,,,,,,,,,,,,,,,,,,,,,,,,,,,,,,,,,,,,,,,,,,,,,,,,,,,,,,,,,,,,,,,,,,,,,,,,,,,,,,,,,,,,,,,,,,,,,,,,,,,,,,,,,,,,,,,,,,,,,,,,,,,,,,,,,,,,,,,,,,,,,,,,,,,,,,,,,,,,,,,,,,,,,,,,,,,,,,,,,,,,,,,,,,,,,,,,,,,,,,,,,,,,,,,,,,,,,,,,,,,,,,,,,,,,,,,,,,,,,,,,,
314,6u9xvfvf,,0,0,18,,,,0,,,0.0,,,,,,,,,,,,,,ryu6snyq,,,,,0,Experiment_1_Persistence,https://app.prolific.com/submissions/complete?cc=C1BTHULB,0.0,1.0,314,,0.0,,1,1,314,,0.0,,,,,,,,,,,,,,,1,1,314,,0.0,,,,,,,,,,1,1,314,,0.0,,,,,,,,,,,,,,,,,,1,1,314,,0.0,,,,,,,,,,,,,1,1,314,,0.0,0,0,0,0,0,0,0,0,0,,,,,1,1,,,,,,,,,,,,,,,,,,,,,,,,,,,,,,,,,,,,,,,,,,,,,,,,,,,,,,,,,,,,,,,,,,,,,,,,,,,,,,,,,,,,,,,,,,,,,,,,,,,,,,,,,,,,,,,,,,,,,,,,,,,,,,,,,,,,,,,,,,,,,,,,,,,,,,,,,,,,,,,,,,,,,,,,,,,,,,,,,,,,,,,,,,,,,,,,,,,,,,,,,,,,,,,,,,,,,,,,,,,,,,,,,,,,,,,,,,,,,,,,,,,,,,,,,,,,,,,,,,,,,,,,,,,,,,,,,,,,,,,,,,,,,,,,,,,,,,,,,,,,,,,,,,,,,,,,,,,
315,2x0ewkv6,,0,0,18,,,,0,,,0.0,,,,,,,,,,,,,,ryu6snyq,,,,,0,Experiment_1_Persistence,https://app.prolific.com/submissions/complete?cc=C1BTHULB,0.0,1.0,315,,0.0,,1,1,315,,0.0,,,,,,,,,,,,,,,1,1,315,,0.0,,,,,,,,,,1,1,315,,0.0,,,,,,,,,,,,,,,,,,1,1,315,,0.0,,,,,,,,,,,,,1,1,315,,0.0,0,0,0,0,0,0,0,0,0,,,,,1,1,,,,,,,,,,,,,,,,,,,,,,,,,,,,,,,,,,,,,,,,,,,,,,,,,,,,,,,,,,,,,,,,,,,,,,,,,,,,,,,,,,,,,,,,,,,,,,,,,,,,,,,,,,,,,,,,,,,,,,,,,,,,,,,,,,,,,,,,,,,,,,,,,,,,,,,,,,,,,,,,,,,,,,,,,,,,,,,,,,,,,,,,,,,,,,,,,,,,,,,,,,,,,,,,,,,,,,,,,,,,,,,,,,,,,,,,,,,,,,,,,,,,,,,,,,,,,,,,,,,,,,,,,,,,,,,,,,,,,,,,,,,,,,,,,,,,,,,,,,,,,,,,,,,,,,,,,,,
316,2t5rtfvr,,0,0,18,,,,0,,,0.0,,,,,,,,,,,,,,ryu6snyq,,,,,0,Experiment_1_Persistence,https://app.prolific.com/submissions/complete?cc=C1BTHULB,0.0,1.0,316,,0.0,,1,1,316,,0.0,,,,,,,,,,,,,,,1,1,316,,0.0,,,,,,,,,,1,1,316,,0.0,,,,,,,,,,,,,,,,,,1,1,316,,0.0,,,,,,,,,,,,,1,1,316,,0.0,0,0,0,0,0,0,0,0,0,,,,,1,1,,,,,,,,,,,,,,,,,,,,,,,,,,,,,,,,,,,,,,,,,,,,,,,,,,,,,,,,,,,,,,,,,,,,,,,,,,,,,,,,,,,,,,,,,,,,,,,,,,,,,,,,,,,,,,,,,,,,,,,,,,,,,,,,,,,,,,,,,,,,,,,,,,,,,,,,,,,,,,,,,,,,,,,,,,,,,,,,,,,,,,,,,,,,,,,,,,,,,,,,,,,,,,,,,,,,,,,,,,,,,,,,,,,,,,,,,,,,,,,,,,,,,,,,,,,,,,,,,,,,,,,,,,,,,,,,,,,,,,,,,,,,,,,,,,,,,,,,,,,,,,,,,,,,,,,,,,,
317,o2q4qw1n,,0,0,18,,,,0,,,0.0,,,,,,,,,,,,,,ryu6snyq,,,,,0,Experiment_1_Persistence,https://app.prolific.com/submissions/complete?cc=C1BTHULB,0.0,1.0,317,,0.0,,1,1,317,,0.0,,,,,,,,,,,,,,,1,1,317,,0.0,,,,,,,,,,1,1,317,,0.0,,,,,,,,,,,,,,,,,,1,1,317,,0.0,,,,,,,,,,,,,1,1,317,,0.0,0,0,0,0,0,0,0,0,0,,,,,1,1,,,,,,,,,,,,,,,,,,,,,,,,,,,,,,,,,,,,,,,,,,,,,,,,,,,,,,,,,,,,,,,,,,,,,,,,,,,,,,,,,,,,,,,,,,,,,,,,,,,,,,,,,,,,,,,,,,,,,,,,,,,,,,,,,,,,,,,,,,,,,,,,,,,,,,,,,,,,,,,,,,,,,,,,,,,,,,,,,,,,,,,,,,,,,,,,,,,,,,,,,,,,,,,,,,,,,,,,,,,,,,,,,,,,,,,,,,,,,,,,,,,,,,,,,,,,,,,,,,,,,,,,,,,,,,,,,,,,,,,,,,,,,,,,,,,,,,,,,,,,,,,,,,,,,,,,,,,
318,h4x1hbd4,,0,0,18,,,,0,,,0.0,,,,,,,,,,,,,,ryu6snyq,,,,,0,Experiment_1_Persistence,https://app.prolific.com/submissions/complete?cc=C1BTHULB,0.0,1.0,318,,0.0,,1,1,318,,0.0,,,,,,,,,,,,,,,1,1,318,,0.0,,,,,,,,,,1,1,318,,0.0,,,,,,,,,,,,,,,,,,1,1,318,,0.0,,,,,,,,,,,,,1,1,318,,0.0,0,0,0,0,0,0,0,0,0,,,,,1,1,,,,,,,,,,,,,,,,,,,,,,,,,,,,,,,,,,,,,,,,,,,,,,,,,,,,,,,,,,,,,,,,,,,,,,,,,,,,,,,,,,,,,,,,,,,,,,,,,,,,,,,,,,,,,,,,,,,,,,,,,,,,,,,,,,,,,,,,,,,,,,,,,,,,,,,,,,,,,,,,,,,,,,,,,,,,,,,,,,,,,,,,,,,,,,,,,,,,,,,,,,,,,,,,,,,,,,,,,,,,,,,,,,,,,,,,,,,,,,,,,,,,,,,,,,,,,,,,,,,,,,,,,,,,,,,,,,,,,,,,,,,,,,,,,,,,,,,,,,,,,,,,,,,,,,,,,,,
319,w82jsn3j,,0,0,18,,,,0,,,0.0,,,,,,,,,,,,,,ryu6snyq,,,,,0,Experiment_1_Persistence,https://app.prolific.com/submissions/complete?cc=C1BTHULB,0.0,1.0,319,,0.0,,1,1,319,,0.0,,,,,,,,,,,,,,,1,1,319,,0.0,,,,,,,,,,1,1,319,,0.0,,,,,,,,,,,,,,,,,,1,1,319,,0.0,,,,,,,,,,,,,1,1,319,,0.0,0,0,0,0,0,0,0,0,0,,,,,1,1,,,,,,,,,,,,,,,,,,,,,,,,,,,,,,,,,,,,,,,,,,,,,,,,,,,,,,,,,,,,,,,,,,,,,,,,,,,,,,,,,,,,,,,,,,,,,,,,,,,,,,,,,,,,,,,,,,,,,,,,,,,,,,,,,,,,,,,,,,,,,,,,,,,,,,,,,,,,,,,,,,,,,,,,,,,,,,,,,,,,,,,,,,,,,,,,,,,,,,,,,,,,,,,,,,,,,,,,,,,,,,,,,,,,,,,,,,,,,,,,,,,,,,,,,,,,,,,,,,,,,,,,,,,,,,,,,,,,,,,,,,,,,,,,,,,,,,,,,,,,,,,,,,,,,,,,,,,
320,l324ro9j,,0,0,18,,,,0,,,0.0,,,,,,,,,,,,,,ryu6snyq,,,,,0,Experiment_1_Persistence,https://app.prolific.com/submissions/complete?cc=C1BTHULB,0.0,1.0,320,,0.0,,1,1,320,,0.0,,,,,,,,,,,,,,,1,1,320,,0.0,,,,,,,,,,1,1,320,,0.0,,,,,,,,,,,,,,,,,,1,1,320,,0.0,,,,,,,,,,,,,1,1,320,,0.0,0,0,0,0,0,0,0,0,0,,,,,1,1,,,,,,,,,,,,,,,,,,,,,,,,,,,,,,,,,,,,,,,,,,,,,,,,,,,,,,,,,,,,,,,,,,,,,,,,,,,,,,,,,,,,,,,,,,,,,,,,,,,,,,,,,,,,,,,,,,,,,,,,,,,,,,,,,,,,,,,,,,,,,,,,,,,,,,,,,,,,,,,,,,,,,,,,,,,,,,,,,,,,,,,,,,,,,,,,,,,,,,,,,,,,,,,,,,,,,,,,,,,,,,,,,,,,,,,,,,,,,,,,,,,,,,,,,,,,,,,,,,,,,,,,,,,,,,,,,,,,,,,,,,,,,,,,,,,,,,,,,,,,,,,,,,,,,,,,,,,
321,wo40daht,,0,0,18,,,,0,,,0.0,,,,,,,,,,,,,,ryu6snyq,,,,,0,Experiment_1_Persistence,https://app.prolific.com/submissions/complete?cc=C1BTHULB,0.0,1.0,321,,0.0,,1,1,321,,0.0,,,,,,,,,,,,,,,1,1,321,,0.0,,,,,,,,,,1,1,321,,0.0,,,,,,,,,,,,,,,,,,1,1,321,,0.0,,,,,,,,,,,,,1,1,321,,0.0,0,0,0,0,0,0,0,0,0,,,,,1,1,,,,,,,,,,,,,,,,,,,,,,,,,,,,,,,,,,,,,,,,,,,,,,,,,,,,,,,,,,,,,,,,,,,,,,,,,,,,,,,,,,,,,,,,,,,,,,,,,,,,,,,,,,,,,,,,,,,,,,,,,,,,,,,,,,,,,,,,,,,,,,,,,,,,,,,,,,,,,,,,,,,,,,,,,,,,,,,,,,,,,,,,,,,,,,,,,,,,,,,,,,,,,,,,,,,,,,,,,,,,,,,,,,,,,,,,,,,,,,,,,,,,,,,,,,,,,,,,,,,,,,,,,,,,,,,,,,,,,,,,,,,,,,,,,,,,,,,,,,,,,,,,,,,,,,,,,,,
322,ubgpn4uo,,0,0,18,,,,0,,,0.0,,,,,,,,,,,,,,ryu6snyq,,,,,0,Experiment_1_Persistence,https://app.prolific.com/submissions/complete?cc=C1BTHULB,0.0,1.0,322,,0.0,,1,1,322,,0.0,,,,,,,,,,,,,,,1,1,322,,0.0,,,,,,,,,,1,1,322,,0.0,,,,,,,,,,,,,,,,,,1,1,322,,0.0,,,,,,,,,,,,,1,1,322,,0.0,0,0,0,0,0,0,0,0,0,,,,,1,1,,,,,,,,,,,,,,,,,,,,,,,,,,,,,,,,,,,,,,,,,,,,,,,,,,,,,,,,,,,,,,,,,,,,,,,,,,,,,,,,,,,,,,,,,,,,,,,,,,,,,,,,,,,,,,,,,,,,,,,,,,,,,,,,,,,,,,,,,,,,,,,,,,,,,,,,,,,,,,,,,,,,,,,,,,,,,,,,,,,,,,,,,,,,,,,,,,,,,,,,,,,,,,,,,,,,,,,,,,,,,,,,,,,,,,,,,,,,,,,,,,,,,,,,,,,,,,,,,,,,,,,,,,,,,,,,,,,,,,,,,,,,,,,,,,,,,,,,,,,,,,,,,,,,,,,,,,,
323,0srpwvag,,0,0,18,,,,0,,,0.0,,,,,,,,,,,,,,ryu6snyq,,,,,0,Experiment_1_Persistence,https://app.prolific.com/submissions/complete?cc=C1BTHULB,0.0,1.0,323,,0.0,,1,1,323,,0.0,,,,,,,,,,,,,,,1,1,323,,0.0,,,,,,,,,,1,1,323,,0.0,,,,,,,,,,,,,,,,,,1,1,323,,0.0,,,,,,,,,,,,,1,1,323,,0.0,0,0,0,0,0,0,0,0,0,,,,,1,1,,,,,,,,,,,,,,,,,,,,,,,,,,,,,,,,,,,,,,,,,,,,,,,,,,,,,,,,,,,,,,,,,,,,,,,,,,,,,,,,,,,,,,,,,,,,,,,,,,,,,,,,,,,,,,,,,,,,,,,,,,,,,,,,,,,,,,,,,,,,,,,,,,,,,,,,,,,,,,,,,,,,,,,,,,,,,,,,,,,,,,,,,,,,,,,,,,,,,,,,,,,,,,,,,,,,,,,,,,,,,,,,,,,,,,,,,,,,,,,,,,,,,,,,,,,,,,,,,,,,,,,,,,,,,,,,,,,,,,,,,,,,,,,,,,,,,,,,,,,,,,,,,,,,,,,,,,,
324,5okygjwm,,0,0,18,,,,0,,,0.0,,,,,,,,,,,,,,ryu6snyq,,,,,0,Experiment_1_Persistence,https://app.prolific.com/submissions/complete?cc=C1BTHULB,0.0,1.0,324,,0.0,,1,1,324,,0.0,,,,,,,,,,,,,,,1,1,324,,0.0,,,,,,,,,,1,1,324,,0.0,,,,,,,,,,,,,,,,,,1,1,324,,0.0,,,,,,,,,,,,,1,1,324,,0.0,0,0,0,0,0,0,0,0,0,,,,,1,1,,,,,,,,,,,,,,,,,,,,,,,,,,,,,,,,,,,,,,,,,,,,,,,,,,,,,,,,,,,,,,,,,,,,,,,,,,,,,,,,,,,,,,,,,,,,,,,,,,,,,,,,,,,,,,,,,,,,,,,,,,,,,,,,,,,,,,,,,,,,,,,,,,,,,,,,,,,,,,,,,,,,,,,,,,,,,,,,,,,,,,,,,,,,,,,,,,,,,,,,,,,,,,,,,,,,,,,,,,,,,,,,,,,,,,,,,,,,,,,,,,,,,,,,,,,,,,,,,,,,,,,,,,,,,,,,,,,,,,,,,,,,,,,,,,,,,,,,,,,,,,,,,,,,,,,,,,,
325,vnr2ljnb,,0,0,18,,,,0,,,0.0,,,,,,,,,,,,,,ryu6snyq,,,,,0,Experiment_1_Persistence,https://app.prolific.com/submissions/complete?cc=C1BTHULB,0.0,1.0,325,,0.0,,1,1,325,,0.0,,,,,,,,,,,,,,,1,1,325,,0.0,,,,,,,,,,1,1,325,,0.0,,,,,,,,,,,,,,,,,,1,1,325,,0.0,,,,,,,,,,,,,1,1,325,,0.0,0,0,0,0,0,0,0,0,0,,,,,1,1,,,,,,,,,,,,,,,,,,,,,,,,,,,,,,,,,,,,,,,,,,,,,,,,,,,,,,,,,,,,,,,,,,,,,,,,,,,,,,,,,,,,,,,,,,,,,,,,,,,,,,,,,,,,,,,,,,,,,,,,,,,,,,,,,,,,,,,,,,,,,,,,,,,,,,,,,,,,,,,,,,,,,,,,,,,,,,,,,,,,,,,,,,,,,,,,,,,,,,,,,,,,,,,,,,,,,,,,,,,,,,,,,,,,,,,,,,,,,,,,,,,,,,,,,,,,,,,,,,,,,,,,,,,,,,,,,,,,,,,,,,,,,,,,,,,,,,,,,,,,,,,,,,,,,,,,,,,
326,5i1l7f8r,,0,0,18,,,,0,,,0.0,,,,,,,,,,,,,,ryu6snyq,,,,,0,Experiment_1_Persistence,https://app.prolific.com/submissions/complete?cc=C1BTHULB,0.0,1.0,326,,0.0,,1,1,326,,0.0,,,,,,,,,,,,,,,1,1,326,,0.0,,,,,,,,,,1,1,326,,0.0,,,,,,,,,,,,,,,,,,1,1,326,,0.0,,,,,,,,,,,,,1,1,326,,0.0,0,0,0,0,0,0,0,0,0,,,,,1,1,,,,,,,,,,,,,,,,,,,,,,,,,,,,,,,,,,,,,,,,,,,,,,,,,,,,,,,,,,,,,,,,,,,,,,,,,,,,,,,,,,,,,,,,,,,,,,,,,,,,,,,,,,,,,,,,,,,,,,,,,,,,,,,,,,,,,,,,,,,,,,,,,,,,,,,,,,,,,,,,,,,,,,,,,,,,,,,,,,,,,,,,,,,,,,,,,,,,,,,,,,,,,,,,,,,,,,,,,,,,,,,,,,,,,,,,,,,,,,,,,,,,,,,,,,,,,,,,,,,,,,,,,,,,,,,,,,,,,,,,,,,,,,,,,,,,,,,,,,,,,,,,,,,,,,,,,,,
327,lbsk9gcb,,0,0,18,,,,0,,,0.0,,,,,,,,,,,,,,ryu6snyq,,,,,0,Experiment_1_Persistence,https://app.prolific.com/submissions/complete?cc=C1BTHULB,0.0,1.0,327,,0.0,,1,1,327,,0.0,,,,,,,,,,,,,,,1,1,327,,0.0,,,,,,,,,,1,1,327,,0.0,,,,,,,,,,,,,,,,,,1,1,327,,0.0,,,,,,,,,,,,,1,1,327,,0.0,0,0,0,0,0,0,0,0,0,,,,,1,1,,,,,,,,,,,,,,,,,,,,,,,,,,,,,,,,,,,,,,,,,,,,,,,,,,,,,,,,,,,,,,,,,,,,,,,,,,,,,,,,,,,,,,,,,,,,,,,,,,,,,,,,,,,,,,,,,,,,,,,,,,,,,,,,,,,,,,,,,,,,,,,,,,,,,,,,,,,,,,,,,,,,,,,,,,,,,,,,,,,,,,,,,,,,,,,,,,,,,,,,,,,,,,,,,,,,,,,,,,,,,,,,,,,,,,,,,,,,,,,,,,,,,,,,,,,,,,,,,,,,,,,,,,,,,,,,,,,,,,,,,,,,,,,,,,,,,,,,,,,,,,,,,,,,,,,,,,,
328,oscux2no,,0,0,18,,,,0,,,0.0,,,,,,,,,,,,,,ryu6snyq,,,,,0,Experiment_1_Persistence,https://app.prolific.com/submissions/complete?cc=C1BTHULB,0.0,1.0,328,,0.0,,1,1,328,,0.0,,,,,,,,,,,,,,,1,1,328,,0.0,,,,,,,,,,1,1,328,,0.0,,,,,,,,,,,,,,,,,,1,1,328,,0.0,,,,,,,,,,,,,1,1,328,,0.0,0,0,0,0,0,0,0,0,0,,,,,1,1,,,,,,,,,,,,,,,,,,,,,,,,,,,,,,,,,,,,,,,,,,,,,,,,,,,,,,,,,,,,,,,,,,,,,,,,,,,,,,,,,,,,,,,,,,,,,,,,,,,,,,,,,,,,,,,,,,,,,,,,,,,,,,,,,,,,,,,,,,,,,,,,,,,,,,,,,,,,,,,,,,,,,,,,,,,,,,,,,,,,,,,,,,,,,,,,,,,,,,,,,,,,,,,,,,,,,,,,,,,,,,,,,,,,,,,,,,,,,,,,,,,,,,,,,,,,,,,,,,,,,,,,,,,,,,,,,,,,,,,,,,,,,,,,,,,,,,,,,,,,,,,,,,,,,,,,,,,
329,rju0vt3b,,0,0,18,,,,0,,,0.0,,,,,,,,,,,,,,ryu6snyq,,,,,0,Experiment_1_Persistence,https://app.prolific.com/submissions/complete?cc=C1BTHULB,0.0,1.0,329,,0.0,,1,1,329,,0.0,,,,,,,,,,,,,,,1,1,329,,0.0,,,,,,,,,,1,1,329,,0.0,,,,,,,,,,,,,,,,,,1,1,329,,0.0,,,,,,,,,,,,,1,1,329,,0.0,0,0,0,0,0,0,0,0,0,,,,,1,1,,,,,,,,,,,,,,,,,,,,,,,,,,,,,,,,,,,,,,,,,,,,,,,,,,,,,,,,,,,,,,,,,,,,,,,,,,,,,,,,,,,,,,,,,,,,,,,,,,,,,,,,,,,,,,,,,,,,,,,,,,,,,,,,,,,,,,,,,,,,,,,,,,,,,,,,,,,,,,,,,,,,,,,,,,,,,,,,,,,,,,,,,,,,,,,,,,,,,,,,,,,,,,,,,,,,,,,,,,,,,,,,,,,,,,,,,,,,,,,,,,,,,,,,,,,,,,,,,,,,,,,,,,,,,,,,,,,,,,,,,,,,,,,,,,,,,,,,,,,,,,,,,,,,,,,,,,,
330,yyrmfkin,,0,0,18,,,,0,,,0.0,,,,,,,,,,,,,,ryu6snyq,,,,,0,Experiment_1_Persistence,https://app.prolific.com/submissions/complete?cc=C1BTHULB,0.0,1.0,330,,0.0,,1,1,330,,0.0,,,,,,,,,,,,,,,1,1,330,,0.0,,,,,,,,,,1,1,330,,0.0,,,,,,,,,,,,,,,,,,1,1,330,,0.0,,,,,,,,,,,,,1,1,330,,0.0,0,0,0,0,0,0,0,0,0,,,,,1,1,,,,,,,,,,,,,,,,,,,,,,,,,,,,,,,,,,,,,,,,,,,,,,,,,,,,,,,,,,,,,,,,,,,,,,,,,,,,,,,,,,,,,,,,,,,,,,,,,,,,,,,,,,,,,,,,,,,,,,,,,,,,,,,,,,,,,,,,,,,,,,,,,,,,,,,,,,,,,,,,,,,,,,,,,,,,,,,,,,,,,,,,,,,,,,,,,,,,,,,,,,,,,,,,,,,,,,,,,,,,,,,,,,,,,,,,,,,,,,,,,,,,,,,,,,,,,,,,,,,,,,,,,,,,,,,,,,,,,,,,,,,,,,,,,,,,,,,,,,,,,,,,,,,,,,,,,,,
331,s8kemsu8,,0,0,18,,,,0,,,0.0,,,,,,,,,,,,,,ryu6snyq,,,,,0,Experiment_1_Persistence,https://app.prolific.com/submissions/complete?cc=C1BTHULB,0.0,1.0,331,,0.0,,1,1,331,,0.0,,,,,,,,,,,,,,,1,1,331,,0.0,,,,,,,,,,1,1,331,,0.0,,,,,,,,,,,,,,,,,,1,1,331,,0.0,,,,,,,,,,,,,1,1,331,,0.0,0,0,0,0,0,0,0,0,0,,,,,1,1,,,,,,,,,,,,,,,,,,,,,,,,,,,,,,,,,,,,,,,,,,,,,,,,,,,,,,,,,,,,,,,,,,,,,,,,,,,,,,,,,,,,,,,,,,,,,,,,,,,,,,,,,,,,,,,,,,,,,,,,,,,,,,,,,,,,,,,,,,,,,,,,,,,,,,,,,,,,,,,,,,,,,,,,,,,,,,,,,,,,,,,,,,,,,,,,,,,,,,,,,,,,,,,,,,,,,,,,,,,,,,,,,,,,,,,,,,,,,,,,,,,,,,,,,,,,,,,,,,,,,,,,,,,,,,,,,,,,,,,,,,,,,,,,,,,,,,,,,,,,,,,,,,,,,,,,,,,
332,gxsws71f,,0,0,18,,,,0,,,0.0,,,,,,,,,,,,,,ryu6snyq,,,,,0,Experiment_1_Persistence,https://app.prolific.com/submissions/complete?cc=C1BTHULB,0.0,1.0,332,,0.0,,1,1,332,,0.0,,,,,,,,,,,,,,,1,1,332,,0.0,,,,,,,,,,1,1,332,,0.0,,,,,,,,,,,,,,,,,,1,1,332,,0.0,,,,,,,,,,,,,1,1,332,,0.0,0,0,0,0,0,0,0,0,0,,,,,1,1,,,,,,,,,,,,,,,,,,,,,,,,,,,,,,,,,,,,,,,,,,,,,,,,,,,,,,,,,,,,,,,,,,,,,,,,,,,,,,,,,,,,,,,,,,,,,,,,,,,,,,,,,,,,,,,,,,,,,,,,,,,,,,,,,,,,,,,,,,,,,,,,,,,,,,,,,,,,,,,,,,,,,,,,,,,,,,,,,,,,,,,,,,,,,,,,,,,,,,,,,,,,,,,,,,,,,,,,,,,,,,,,,,,,,,,,,,,,,,,,,,,,,,,,,,,,,,,,,,,,,,,,,,,,,,,,,,,,,,,,,,,,,,,,,,,,,,,,,,,,,,,,,,,,,,,,,,,
333,tapisbc1,,0,0,18,,,,0,,,0.0,,,,,,,,,,,,,,ryu6snyq,,,,,0,Experiment_1_Persistence,https://app.prolific.com/submissions/complete?cc=C1BTHULB,0.0,1.0,333,,0.0,,1,1,333,,0.0,,,,,,,,,,,,,,,1,1,333,,0.0,,,,,,,,,,1,1,333,,0.0,,,,,,,,,,,,,,,,,,1,1,333,,0.0,,,,,,,,,,,,,1,1,333,,0.0,0,0,0,0,0,0,0,0,0,,,,,1,1,,,,,,,,,,,,,,,,,,,,,,,,,,,,,,,,,,,,,,,,,,,,,,,,,,,,,,,,,,,,,,,,,,,,,,,,,,,,,,,,,,,,,,,,,,,,,,,,,,,,,,,,,,,,,,,,,,,,,,,,,,,,,,,,,,,,,,,,,,,,,,,,,,,,,,,,,,,,,,,,,,,,,,,,,,,,,,,,,,,,,,,,,,,,,,,,,,,,,,,,,,,,,,,,,,,,,,,,,,,,,,,,,,,,,,,,,,,,,,,,,,,,,,,,,,,,,,,,,,,,,,,,,,,,,,,,,,,,,,,,,,,,,,,,,,,,,,,,,,,,,,,,,,,,,,,,,,,
334,pl5wotbb,,0,0,18,,,,0,,,0.0,,,,,,,,,,,,,,ryu6snyq,,,,,0,Experiment_1_Persistence,https://app.prolific.com/submissions/complete?cc=C1BTHULB,0.0,1.0,334,,0.0,,1,1,334,,0.0,,,,,,,,,,,,,,,1,1,334,,0.0,,,,,,,,,,1,1,334,,0.0,,,,,,,,,,,,,,,,,,1,1,334,,0.0,,,,,,,,,,,,,1,1,334,,0.0,0,0,0,0,0,0,0,0,0,,,,,1,1,,,,,,,,,,,,,,,,,,,,,,,,,,,,,,,,,,,,,,,,,,,,,,,,,,,,,,,,,,,,,,,,,,,,,,,,,,,,,,,,,,,,,,,,,,,,,,,,,,,,,,,,,,,,,,,,,,,,,,,,,,,,,,,,,,,,,,,,,,,,,,,,,,,,,,,,,,,,,,,,,,,,,,,,,,,,,,,,,,,,,,,,,,,,,,,,,,,,,,,,,,,,,,,,,,,,,,,,,,,,,,,,,,,,,,,,,,,,,,,,,,,,,,,,,,,,,,,,,,,,,,,,,,,,,,,,,,,,,,,,,,,,,,,,,,,,,,,,,,,,,,,,,,,,,,,,,,,
335,by8wemux,,0,0,18,,,,0,,,0.0,,,,,,,,,,,,,,ryu6snyq,,,,,0,Experiment_1_Persistence,https://app.prolific.com/submissions/complete?cc=C1BTHULB,0.0,1.0,335,,0.0,,1,1,335,,0.0,,,,,,,,,,,,,,,1,1,335,,0.0,,,,,,,,,,1,1,335,,0.0,,,,,,,,,,,,,,,,,,1,1,335,,0.0,,,,,,,,,,,,,1,1,335,,0.0,0,0,0,0,0,0,0,0,0,,,,,1,1,,,,,,,,,,,,,,,,,,,,,,,,,,,,,,,,,,,,,,,,,,,,,,,,,,,,,,,,,,,,,,,,,,,,,,,,,,,,,,,,,,,,,,,,,,,,,,,,,,,,,,,,,,,,,,,,,,,,,,,,,,,,,,,,,,,,,,,,,,,,,,,,,,,,,,,,,,,,,,,,,,,,,,,,,,,,,,,,,,,,,,,,,,,,,,,,,,,,,,,,,,,,,,,,,,,,,,,,,,,,,,,,,,,,,,,,,,,,,,,,,,,,,,,,,,,,,,,,,,,,,,,,,,,,,,,,,,,,,,,,,,,,,,,,,,,,,,,,,,,,,,,,,,,,,,,,,,,
336,i8rkqm58,,0,0,18,,,,0,,,0.0,,,,,,,,,,,,,,ryu6snyq,,,,,0,Experiment_1_Persistence,https://app.prolific.com/submissions/complete?cc=C1BTHULB,0.0,1.0,336,,0.0,,1,1,336,,0.0,,,,,,,,,,,,,,,1,1,336,,0.0,,,,,,,,,,1,1,336,,0.0,,,,,,,,,,,,,,,,,,1,1,336,,0.0,,,,,,,,,,,,,1,1,336,,0.0,0,0,0,0,0,0,0,0,0,,,,,1,1,,,,,,,,,,,,,,,,,,,,,,,,,,,,,,,,,,,,,,,,,,,,,,,,,,,,,,,,,,,,,,,,,,,,,,,,,,,,,,,,,,,,,,,,,,,,,,,,,,,,,,,,,,,,,,,,,,,,,,,,,,,,,,,,,,,,,,,,,,,,,,,,,,,,,,,,,,,,,,,,,,,,,,,,,,,,,,,,,,,,,,,,,,,,,,,,,,,,,,,,,,,,,,,,,,,,,,,,,,,,,,,,,,,,,,,,,,,,,,,,,,,,,,,,,,,,,,,,,,,,,,,,,,,,,,,,,,,,,,,,,,,,,,,,,,,,,,,,,,,,,,,,,,,,,,,,,,,
337,anh8nssh,,0,0,18,,,,0,,,0.0,,,,,,,,,,,,,,ryu6snyq,,,,,0,Experiment_1_Persistence,https://app.prolific.com/submissions/complete?cc=C1BTHULB,0.0,1.0,337,,0.0,,1,1,337,,0.0,,,,,,,,,,,,,,,1,1,337,,0.0,,,,,,,,,,1,1,337,,0.0,,,,,,,,,,,,,,,,,,1,1,337,,0.0,,,,,,,,,,,,,1,1,337,,0.0,0,0,0,0,0,0,0,0,0,,,,,1,1,,,,,,,,,,,,,,,,,,,,,,,,,,,,,,,,,,,,,,,,,,,,,,,,,,,,,,,,,,,,,,,,,,,,,,,,,,,,,,,,,,,,,,,,,,,,,,,,,,,,,,,,,,,,,,,,,,,,,,,,,,,,,,,,,,,,,,,,,,,,,,,,,,,,,,,,,,,,,,,,,,,,,,,,,,,,,,,,,,,,,,,,,,,,,,,,,,,,,,,,,,,,,,,,,,,,,,,,,,,,,,,,,,,,,,,,,,,,,,,,,,,,,,,,,,,,,,,,,,,,,,,,,,,,,,,,,,,,,,,,,,,,,,,,,,,,,,,,,,,,,,,,,,,,,,,,,,,
338,8oea3kil,,0,0,18,,,,0,,,0.0,,,,,,,,,,,,,,ryu6snyq,,,,,0,Experiment_1_Persistence,https://app.prolific.com/submissions/complete?cc=C1BTHULB,0.0,1.0,338,,0.0,,1,1,338,,0.0,,,,,,,,,,,,,,,1,1,338,,0.0,,,,,,,,,,1,1,338,,0.0,,,,,,,,,,,,,,,,,,1,1,338,,0.0,,,,,,,,,,,,,1,1,338,,0.0,0,0,0,0,0,0,0,0,0,,,,,1,1,,,,,,,,,,,,,,,,,,,,,,,,,,,,,,,,,,,,,,,,,,,,,,,,,,,,,,,,,,,,,,,,,,,,,,,,,,,,,,,,,,,,,,,,,,,,,,,,,,,,,,,,,,,,,,,,,,,,,,,,,,,,,,,,,,,,,,,,,,,,,,,,,,,,,,,,,,,,,,,,,,,,,,,,,,,,,,,,,,,,,,,,,,,,,,,,,,,,,,,,,,,,,,,,,,,,,,,,,,,,,,,,,,,,,,,,,,,,,,,,,,,,,,,,,,,,,,,,,,,,,,,,,,,,,,,,,,,,,,,,,,,,,,,,,,,,,,,,,,,,,,,,,,,,,,,,,,,
339,g7t0tmx8,,0,0,18,,,,0,,,0.0,,,,,,,,,,,,,,ryu6snyq,,,,,0,Experiment_1_Persistence,https://app.prolific.com/submissions/complete?cc=C1BTHULB,0.0,1.0,339,,0.0,,1,1,339,,0.0,,,,,,,,,,,,,,,1,1,339,,0.0,,,,,,,,,,1,1,339,,0.0,,,,,,,,,,,,,,,,,,1,1,339,,0.0,,,,,,,,,,,,,1,1,339,,0.0,0,0,0,0,0,0,0,0,0,,,,,1,1,,,,,,,,,,,,,,,,,,,,,,,,,,,,,,,,,,,,,,,,,,,,,,,,,,,,,,,,,,,,,,,,,,,,,,,,,,,,,,,,,,,,,,,,,,,,,,,,,,,,,,,,,,,,,,,,,,,,,,,,,,,,,,,,,,,,,,,,,,,,,,,,,,,,,,,,,,,,,,,,,,,,,,,,,,,,,,,,,,,,,,,,,,,,,,,,,,,,,,,,,,,,,,,,,,,,,,,,,,,,,,,,,,,,,,,,,,,,,,,,,,,,,,,,,,,,,,,,,,,,,,,,,,,,,,,,,,,,,,,,,,,,,,,,,,,,,,,,,,,,,,,,,,,,,,,,,,,
340,1cw30jvs,,0,0,18,,,,0,,,0.0,,,,,,,,,,,,,,ryu6snyq,,,,,0,Experiment_1_Persistence,https://app.prolific.com/submissions/complete?cc=C1BTHULB,0.0,1.0,340,,0.0,,1,1,340,,0.0,,,,,,,,,,,,,,,1,1,340,,0.0,,,,,,,,,,1,1,340,,0.0,,,,,,,,,,,,,,,,,,1,1,340,,0.0,,,,,,,,,,,,,1,1,340,,0.0,0,0,0,0,0,0,0,0,0,,,,,1,1,,,,,,,,,,,,,,,,,,,,,,,,,,,,,,,,,,,,,,,,,,,,,,,,,,,,,,,,,,,,,,,,,,,,,,,,,,,,,,,,,,,,,,,,,,,,,,,,,,,,,,,,,,,,,,,,,,,,,,,,,,,,,,,,,,,,,,,,,,,,,,,,,,,,,,,,,,,,,,,,,,,,,,,,,,,,,,,,,,,,,,,,,,,,,,,,,,,,,,,,,,,,,,,,,,,,,,,,,,,,,,,,,,,,,,,,,,,,,,,,,,,,,,,,,,,,,,,,,,,,,,,,,,,,,,,,,,,,,,,,,,,,,,,,,,,,,,,,,,,,,,,,,,,,,,,,,,,
341,dqpzjvpq,,0,0,18,,,,0,,,0.0,,,,,,,,,,,,,,ryu6snyq,,,,,0,Experiment_1_Persistence,https://app.prolific.com/submissions/complete?cc=C1BTHULB,0.0,1.0,341,,0.0,,1,1,341,,0.0,,,,,,,,,,,,,,,1,1,341,,0.0,,,,,,,,,,1,1,341,,0.0,,,,,,,,,,,,,,,,,,1,1,341,,0.0,,,,,,,,,,,,,1,1,341,,0.0,0,0,0,0,0,0,0,0,0,,,,,1,1,,,,,,,,,,,,,,,,,,,,,,,,,,,,,,,,,,,,,,,,,,,,,,,,,,,,,,,,,,,,,,,,,,,,,,,,,,,,,,,,,,,,,,,,,,,,,,,,,,,,,,,,,,,,,,,,,,,,,,,,,,,,,,,,,,,,,,,,,,,,,,,,,,,,,,,,,,,,,,,,,,,,,,,,,,,,,,,,,,,,,,,,,,,,,,,,,,,,,,,,,,,,,,,,,,,,,,,,,,,,,,,,,,,,,,,,,,,,,,,,,,,,,,,,,,,,,,,,,,,,,,,,,,,,,,,,,,,,,,,,,,,,,,,,,,,,,,,,,,,,,,,,,,,,,,,,,,,
342,5a5rspi8,,0,0,18,,,,0,,,0.0,,,,,,,,,,,,,,ryu6snyq,,,,,0,Experiment_1_Persistence,https://app.prolific.com/submissions/complete?cc=C1BTHULB,0.0,1.0,342,,0.0,,1,1,342,,0.0,,,,,,,,,,,,,,,1,1,342,,0.0,,,,,,,,,,1,1,342,,0.0,,,,,,,,,,,,,,,,,,1,1,342,,0.0,,,,,,,,,,,,,1,1,342,,0.0,0,0,0,0,0,0,0,0,0,,,,,1,1,,,,,,,,,,,,,,,,,,,,,,,,,,,,,,,,,,,,,,,,,,,,,,,,,,,,,,,,,,,,,,,,,,,,,,,,,,,,,,,,,,,,,,,,,,,,,,,,,,,,,,,,,,,,,,,,,,,,,,,,,,,,,,,,,,,,,,,,,,,,,,,,,,,,,,,,,,,,,,,,,,,,,,,,,,,,,,,,,,,,,,,,,,,,,,,,,,,,,,,,,,,,,,,,,,,,,,,,,,,,,,,,,,,,,,,,,,,,,,,,,,,,,,,,,,,,,,,,,,,,,,,,,,,,,,,,,,,,,,,,,,,,,,,,,,,,,,,,,,,,,,,,,,,,,,,,,,,
343,olsxc1xj,,0,0,18,,,,0,,,0.0,,,,,,,,,,,,,,ryu6snyq,,,,,0,Experiment_1_Persistence,https://app.prolific.com/submissions/complete?cc=C1BTHULB,0.0,1.0,343,,0.0,,1,1,343,,0.0,,,,,,,,,,,,,,,1,1,343,,0.0,,,,,,,,,,1,1,343,,0.0,,,,,,,,,,,,,,,,,,1,1,343,,0.0,,,,,,,,,,,,,1,1,343,,0.0,0,0,0,0,0,0,0,0,0,,,,,1,1,,,,,,,,,,,,,,,,,,,,,,,,,,,,,,,,,,,,,,,,,,,,,,,,,,,,,,,,,,,,,,,,,,,,,,,,,,,,,,,,,,,,,,,,,,,,,,,,,,,,,,,,,,,,,,,,,,,,,,,,,,,,,,,,,,,,,,,,,,,,,,,,,,,,,,,,,,,,,,,,,,,,,,,,,,,,,,,,,,,,,,,,,,,,,,,,,,,,,,,,,,,,,,,,,,,,,,,,,,,,,,,,,,,,,,,,,,,,,,,,,,,,,,,,,,,,,,,,,,,,,,,,,,,,,,,,,,,,,,,,,,,,,,,,,,,,,,,,,,,,,,,,,,,,,,,,,,,
344,zdquplqr,,0,0,18,,,,0,,,0.0,,,,,,,,,,,,,,ryu6snyq,,,,,0,Experiment_1_Persistence,https://app.prolific.com/submissions/complete?cc=C1BTHULB,0.0,1.0,344,,0.0,,1,1,344,,0.0,,,,,,,,,,,,,,,1,1,344,,0.0,,,,,,,,,,1,1,344,,0.0,,,,,,,,,,,,,,,,,,1,1,344,,0.0,,,,,,,,,,,,,1,1,344,,0.0,0,0,0,0,0,0,0,0,0,,,,,1,1,,,,,,,,,,,,,,,,,,,,,,,,,,,,,,,,,,,,,,,,,,,,,,,,,,,,,,,,,,,,,,,,,,,,,,,,,,,,,,,,,,,,,,,,,,,,,,,,,,,,,,,,,,,,,,,,,,,,,,,,,,,,,,,,,,,,,,,,,,,,,,,,,,,,,,,,,,,,,,,,,,,,,,,,,,,,,,,,,,,,,,,,,,,,,,,,,,,,,,,,,,,,,,,,,,,,,,,,,,,,,,,,,,,,,,,,,,,,,,,,,,,,,,,,,,,,,,,,,,,,,,,,,,,,,,,,,,,,,,,,,,,,,,,,,,,,,,,,,,,,,,,,,,,,,,,,,,,
345,y1aucwhp,,0,0,18,,,,0,,,0.0,,,,,,,,,,,,,,ryu6snyq,,,,,0,Experiment_1_Persistence,https://app.prolific.com/submissions/complete?cc=C1BTHULB,0.0,1.0,345,,0.0,,1,1,345,,0.0,,,,,,,,,,,,,,,1,1,345,,0.0,,,,,,,,,,1,1,345,,0.0,,,,,,,,,,,,,,,,,,1,1,345,,0.0,,,,,,,,,,,,,1,1,345,,0.0,0,0,0,0,0,0,0,0,0,,,,,1,1,,,,,,,,,,,,,,,,,,,,,,,,,,,,,,,,,,,,,,,,,,,,,,,,,,,,,,,,,,,,,,,,,,,,,,,,,,,,,,,,,,,,,,,,,,,,,,,,,,,,,,,,,,,,,,,,,,,,,,,,,,,,,,,,,,,,,,,,,,,,,,,,,,,,,,,,,,,,,,,,,,,,,,,,,,,,,,,,,,,,,,,,,,,,,,,,,,,,,,,,,,,,,,,,,,,,,,,,,,,,,,,,,,,,,,,,,,,,,,,,,,,,,,,,,,,,,,,,,,,,,,,,,,,,,,,,,,,,,,,,,,,,,,,,,,,,,,,,,,,,,,,,,,,,,,,,,,,
346,25krjuxv,,0,0,18,,,,0,,,0.0,,,,,,,,,,,,,,ryu6snyq,,,,,0,Experiment_1_Persistence,https://app.prolific.com/submissions/complete?cc=C1BTHULB,0.0,1.0,346,,0.0,,1,1,346,,0.0,,,,,,,,,,,,,,,1,1,346,,0.0,,,,,,,,,,1,1,346,,0.0,,,,,,,,,,,,,,,,,,1,1,346,,0.0,,,,,,,,,,,,,1,1,346,,0.0,0,0,0,0,0,0,0,0,0,,,,,1,1,,,,,,,,,,,,,,,,,,,,,,,,,,,,,,,,,,,,,,,,,,,,,,,,,,,,,,,,,,,,,,,,,,,,,,,,,,,,,,,,,,,,,,,,,,,,,,,,,,,,,,,,,,,,,,,,,,,,,,,,,,,,,,,,,,,,,,,,,,,,,,,,,,,,,,,,,,,,,,,,,,,,,,,,,,,,,,,,,,,,,,,,,,,,,,,,,,,,,,,,,,,,,,,,,,,,,,,,,,,,,,,,,,,,,,,,,,,,,,,,,,,,,,,,,,,,,,,,,,,,,,,,,,,,,,,,,,,,,,,,,,,,,,,,,,,,,,,,,,,,,,,,,,,,,,,,,,,
347,ehtqtjwt,,0,0,18,,,,0,,,0.0,,,,,,,,,,,,,,ryu6snyq,,,,,0,Experiment_1_Persistence,https://app.prolific.com/submissions/complete?cc=C1BTHULB,0.0,1.0,347,,0.0,,1,1,347,,0.0,,,,,,,,,,,,,,,1,1,347,,0.0,,,,,,,,,,1,1,347,,0.0,,,,,,,,,,,,,,,,,,1,1,347,,0.0,,,,,,,,,,,,,1,1,347,,0.0,0,0,0,0,0,0,0,0,0,,,,,1,1,,,,,,,,,,,,,,,,,,,,,,,,,,,,,,,,,,,,,,,,,,,,,,,,,,,,,,,,,,,,,,,,,,,,,,,,,,,,,,,,,,,,,,,,,,,,,,,,,,,,,,,,,,,,,,,,,,,,,,,,,,,,,,,,,,,,,,,,,,,,,,,,,,,,,,,,,,,,,,,,,,,,,,,,,,,,,,,,,,,,,,,,,,,,,,,,,,,,,,,,,,,,,,,,,,,,,,,,,,,,,,,,,,,,,,,,,,,,,,,,,,,,,,,,,,,,,,,,,,,,,,,,,,,,,,,,,,,,,,,,,,,,,,,,,,,,,,,,,,,,,,,,,,,,,,,,,,,
348,hcf27t79,,0,0,18,,,,0,,,0.0,,,,,,,,,,,,,,ryu6snyq,,,,,0,Experiment_1_Persistence,https://app.prolific.com/submissions/complete?cc=C1BTHULB,0.0,1.0,348,,0.0,,1,1,348,,0.0,,,,,,,,,,,,,,,1,1,348,,0.0,,,,,,,,,,1,1,348,,0.0,,,,,,,,,,,,,,,,,,1,1,348,,0.0,,,,,,,,,,,,,1,1,348,,0.0,0,0,0,0,0,0,0,0,0,,,,,1,1,,,,,,,,,,,,,,,,,,,,,,,,,,,,,,,,,,,,,,,,,,,,,,,,,,,,,,,,,,,,,,,,,,,,,,,,,,,,,,,,,,,,,,,,,,,,,,,,,,,,,,,,,,,,,,,,,,,,,,,,,,,,,,,,,,,,,,,,,,,,,,,,,,,,,,,,,,,,,,,,,,,,,,,,,,,,,,,,,,,,,,,,,,,,,,,,,,,,,,,,,,,,,,,,,,,,,,,,,,,,,,,,,,,,,,,,,,,,,,,,,,,,,,,,,,,,,,,,,,,,,,,,,,,,,,,,,,,,,,,,,,,,,,,,,,,,,,,,,,,,,,,,,,,,,,,,,,,
349,uq5lky2w,,0,0,18,,,,0,,,0.0,,,,,,,,,,,,,,ryu6snyq,,,,,0,Experiment_1_Persistence,https://app.prolific.com/submissions/complete?cc=C1BTHULB,0.0,1.0,349,,0.0,,1,1,349,,0.0,,,,,,,,,,,,,,,1,1,349,,0.0,,,,,,,,,,1,1,349,,0.0,,,,,,,,,,,,,,,,,,1,1,349,,0.0,,,,,,,,,,,,,1,1,349,,0.0,0,0,0,0,0,0,0,0,0,,,,,1,1,,,,,,,,,,,,,,,,,,,,,,,,,,,,,,,,,,,,,,,,,,,,,,,,,,,,,,,,,,,,,,,,,,,,,,,,,,,,,,,,,,,,,,,,,,,,,,,,,,,,,,,,,,,,,,,,,,,,,,,,,,,,,,,,,,,,,,,,,,,,,,,,,,,,,,,,,,,,,,,,,,,,,,,,,,,,,,,,,,,,,,,,,,,,,,,,,,,,,,,,,,,,,,,,,,,,,,,,,,,,,,,,,,,,,,,,,,,,,,,,,,,,,,,,,,,,,,,,,,,,,,,,,,,,,,,,,,,,,,,,,,,,,,,,,,,,,,,,,,,,,,,,,,,,,,,,,,,
350,h0waxusi,,0,0,18,,,,0,,,0.0,,,,,,,,,,,,,,ryu6snyq,,,,,0,Experiment_1_Persistence,https://app.prolific.com/submissions/complete?cc=C1BTHULB,0.0,1.0,350,,0.0,,1,1,350,,0.0,,,,,,,,,,,,,,,1,1,350,,0.0,,,,,,,,,,1,1,350,,0.0,,,,,,,,,,,,,,,,,,1,1,350,,0.0,,,,,,,,,,,,,1,1,350,,0.0,0,0,0,0,0,0,0,0,0,,,,,1,1,,,,,,,,,,,,,,,,,,,,,,,,,,,,,,,,,,,,,,,,,,,,,,,,,,,,,,,,,,,,,,,,,,,,,,,,,,,,,,,,,,,,,,,,,,,,,,,,,,,,,,,,,,,,,,,,,,,,,,,,,,,,,,,,,,,,,,,,,,,,,,,,,,,,,,,,,,,,,,,,,,,,,,,,,,,,,,,,,,,,,,,,,,,,,,,,,,,,,,,,,,,,,,,,,,,,,,,,,,,,,,,,,,,,,,,,,,,,,,,,,,,,,,,,,,,,,,,,,,,,,,,,,,,,,,,,,,,,,,,,,,,,,,,,,,,,,,,,,,,,,,,,,,,,,,,,,,,
351,rt0nh5z7,,0,0,18,,,,0,,,0.0,,,,,,,,,,,,,,ryu6snyq,,,,,0,Experiment_1_Persistence,https://app.prolific.com/submissions/complete?cc=C1BTHULB,0.0,1.0,351,,0.0,,1,1,351,,0.0,,,,,,,,,,,,,,,1,1,351,,0.0,,,,,,,,,,1,1,351,,0.0,,,,,,,,,,,,,,,,,,1,1,351,,0.0,,,,,,,,,,,,,1,1,351,,0.0,0,0,0,0,0,0,0,0,0,,,,,1,1,,,,,,,,,,,,,,,,,,,,,,,,,,,,,,,,,,,,,,,,,,,,,,,,,,,,,,,,,,,,,,,,,,,,,,,,,,,,,,,,,,,,,,,,,,,,,,,,,,,,,,,,,,,,,,,,,,,,,,,,,,,,,,,,,,,,,,,,,,,,,,,,,,,,,,,,,,,,,,,,,,,,,,,,,,,,,,,,,,,,,,,,,,,,,,,,,,,,,,,,,,,,,,,,,,,,,,,,,,,,,,,,,,,,,,,,,,,,,,,,,,,,,,,,,,,,,,,,,,,,,,,,,,,,,,,,,,,,,,,,,,,,,,,,,,,,,,,,,,,,,,,,,,,,,,,,,,,
352,ey5mh0zu,,0,0,18,,,,0,,,0.0,,,,,,,,,,,,,,ryu6snyq,,,,,0,Experiment_1_Persistence,https://app.prolific.com/submissions/complete?cc=C1BTHULB,0.0,1.0,352,,0.0,,1,1,352,,0.0,,,,,,,,,,,,,,,1,1,352,,0.0,,,,,,,,,,1,1,352,,0.0,,,,,,,,,,,,,,,,,,1,1,352,,0.0,,,,,,,,,,,,,1,1,352,,0.0,0,0,0,0,0,0,0,0,0,,,,,1,1,,,,,,,,,,,,,,,,,,,,,,,,,,,,,,,,,,,,,,,,,,,,,,,,,,,,,,,,,,,,,,,,,,,,,,,,,,,,,,,,,,,,,,,,,,,,,,,,,,,,,,,,,,,,,,,,,,,,,,,,,,,,,,,,,,,,,,,,,,,,,,,,,,,,,,,,,,,,,,,,,,,,,,,,,,,,,,,,,,,,,,,,,,,,,,,,,,,,,,,,,,,,,,,,,,,,,,,,,,,,,,,,,,,,,,,,,,,,,,,,,,,,,,,,,,,,,,,,,,,,,,,,,,,,,,,,,,,,,,,,,,,,,,,,,,,,,,,,,,,,,,,,,,,,,,,,,,,
353,u0shf7kj,,0,0,18,,,,0,,,0.0,,,,,,,,,,,,,,ryu6snyq,,,,,0,Experiment_1_Persistence,https://app.prolific.com/submissions/complete?cc=C1BTHULB,0.0,1.0,353,,0.0,,1,1,353,,0.0,,,,,,,,,,,,,,,1,1,353,,0.0,,,,,,,,,,1,1,353,,0.0,,,,,,,,,,,,,,,,,,1,1,353,,0.0,,,,,,,,,,,,,1,1,353,,0.0,0,0,0,0,0,0,0,0,0,,,,,1,1,,,,,,,,,,,,,,,,,,,,,,,,,,,,,,,,,,,,,,,,,,,,,,,,,,,,,,,,,,,,,,,,,,,,,,,,,,,,,,,,,,,,,,,,,,,,,,,,,,,,,,,,,,,,,,,,,,,,,,,,,,,,,,,,,,,,,,,,,,,,,,,,,,,,,,,,,,,,,,,,,,,,,,,,,,,,,,,,,,,,,,,,,,,,,,,,,,,,,,,,,,,,,,,,,,,,,,,,,,,,,,,,,,,,,,,,,,,,,,,,,,,,,,,,,,,,,,,,,,,,,,,,,,,,,,,,,,,,,,,,,,,,,,,,,,,,,,,,,,,,,,,,,,,,,,,,,,,
354,xzoe3e6f,,0,0,18,,,,0,,,0.0,,,,,,,,,,,,,,ryu6snyq,,,,,0,Experiment_1_Persistence,https://app.prolific.com/submissions/complete?cc=C1BTHULB,0.0,1.0,354,,0.0,,1,1,354,,0.0,,,,,,,,,,,,,,,1,1,354,,0.0,,,,,,,,,,1,1,354,,0.0,,,,,,,,,,,,,,,,,,1,1,354,,0.0,,,,,,,,,,,,,1,1,354,,0.0,0,0,0,0,0,0,0,0,0,,,,,1,1,,,,,,,,,,,,,,,,,,,,,,,,,,,,,,,,,,,,,,,,,,,,,,,,,,,,,,,,,,,,,,,,,,,,,,,,,,,,,,,,,,,,,,,,,,,,,,,,,,,,,,,,,,,,,,,,,,,,,,,,,,,,,,,,,,,,,,,,,,,,,,,,,,,,,,,,,,,,,,,,,,,,,,,,,,,,,,,,,,,,,,,,,,,,,,,,,,,,,,,,,,,,,,,,,,,,,,,,,,,,,,,,,,,,,,,,,,,,,,,,,,,,,,,,,,,,,,,,,,,,,,,,,,,,,,,,,,,,,,,,,,,,,,,,,,,,,,,,,,,,,,,,,,,,,,,,,,,
355,r8hm13hz,,0,0,18,,,,0,,,0.0,,,,,,,,,,,,,,ryu6snyq,,,,,0,Experiment_1_Persistence,https://app.prolific.com/submissions/complete?cc=C1BTHULB,0.0,1.0,355,,0.0,,1,1,355,,0.0,,,,,,,,,,,,,,,1,1,355,,0.0,,,,,,,,,,1,1,355,,0.0,,,,,,,,,,,,,,,,,,1,1,355,,0.0,,,,,,,,,,,,,1,1,355,,0.0,0,0,0,0,0,0,0,0,0,,,,,1,1,,,,,,,,,,,,,,,,,,,,,,,,,,,,,,,,,,,,,,,,,,,,,,,,,,,,,,,,,,,,,,,,,,,,,,,,,,,,,,,,,,,,,,,,,,,,,,,,,,,,,,,,,,,,,,,,,,,,,,,,,,,,,,,,,,,,,,,,,,,,,,,,,,,,,,,,,,,,,,,,,,,,,,,,,,,,,,,,,,,,,,,,,,,,,,,,,,,,,,,,,,,,,,,,,,,,,,,,,,,,,,,,,,,,,,,,,,,,,,,,,,,,,,,,,,,,,,,,,,,,,,,,,,,,,,,,,,,,,,,,,,,,,,,,,,,,,,,,,,,,,,,,,,,,,,,,,,,
356,7hqszfa8,,0,0,18,,,,0,,,0.0,,,,,,,,,,,,,,ryu6snyq,,,,,0,Experiment_1_Persistence,https://app.prolific.com/submissions/complete?cc=C1BTHULB,0.0,1.0,356,,0.0,,1,1,356,,0.0,,,,,,,,,,,,,,,1,1,356,,0.0,,,,,,,,,,1,1,356,,0.0,,,,,,,,,,,,,,,,,,1,1,356,,0.0,,,,,,,,,,,,,1,1,356,,0.0,0,0,0,0,0,0,0,0,0,,,,,1,1,,,,,,,,,,,,,,,,,,,,,,,,,,,,,,,,,,,,,,,,,,,,,,,,,,,,,,,,,,,,,,,,,,,,,,,,,,,,,,,,,,,,,,,,,,,,,,,,,,,,,,,,,,,,,,,,,,,,,,,,,,,,,,,,,,,,,,,,,,,,,,,,,,,,,,,,,,,,,,,,,,,,,,,,,,,,,,,,,,,,,,,,,,,,,,,,,,,,,,,,,,,,,,,,,,,,,,,,,,,,,,,,,,,,,,,,,,,,,,,,,,,,,,,,,,,,,,,,,,,,,,,,,,,,,,,,,,,,,,,,,,,,,,,,,,,,,,,,,,,,,,,,,,,,,,,,,,,
357,umlbmjyt,,0,0,18,,,,0,,,0.0,,,,,,,,,,,,,,ryu6snyq,,,,,0,Experiment_1_Persistence,https://app.prolific.com/submissions/complete?cc=C1BTHULB,0.0,1.0,357,,0.0,,1,1,357,,0.0,,,,,,,,,,,,,,,1,1,357,,0.0,,,,,,,,,,1,1,357,,0.0,,,,,,,,,,,,,,,,,,1,1,357,,0.0,,,,,,,,,,,,,1,1,357,,0.0,0,0,0,0,0,0,0,0,0,,,,,1,1,,,,,,,,,,,,,,,,,,,,,,,,,,,,,,,,,,,,,,,,,,,,,,,,,,,,,,,,,,,,,,,,,,,,,,,,,,,,,,,,,,,,,,,,,,,,,,,,,,,,,,,,,,,,,,,,,,,,,,,,,,,,,,,,,,,,,,,,,,,,,,,,,,,,,,,,,,,,,,,,,,,,,,,,,,,,,,,,,,,,,,,,,,,,,,,,,,,,,,,,,,,,,,,,,,,,,,,,,,,,,,,,,,,,,,,,,,,,,,,,,,,,,,,,,,,,,,,,,,,,,,,,,,,,,,,,,,,,,,,,,,,,,,,,,,,,,,,,,,,,,,,,,,,,,,,,,,,
358,9rtq7uq7,,0,0,18,,,,0,,,0.0,,,,,,,,,,,,,,ryu6snyq,,,,,0,Experiment_1_Persistence,https://app.prolific.com/submissions/complete?cc=C1BTHULB,0.0,1.0,358,,0.0,,1,1,358,,0.0,,,,,,,,,,,,,,,1,1,358,,0.0,,,,,,,,,,1,1,358,,0.0,,,,,,,,,,,,,,,,,,1,1,358,,0.0,,,,,,,,,,,,,1,1,358,,0.0,0,0,0,0,0,0,0,0,0,,,,,1,1,,,,,,,,,,,,,,,,,,,,,,,,,,,,,,,,,,,,,,,,,,,,,,,,,,,,,,,,,,,,,,,,,,,,,,,,,,,,,,,,,,,,,,,,,,,,,,,,,,,,,,,,,,,,,,,,,,,,,,,,,,,,,,,,,,,,,,,,,,,,,,,,,,,,,,,,,,,,,,,,,,,,,,,,,,,,,,,,,,,,,,,,,,,,,,,,,,,,,,,,,,,,,,,,,,,,,,,,,,,,,,,,,,,,,,,,,,,,,,,,,,,,,,,,,,,,,,,,,,,,,,,,,,,,,,,,,,,,,,,,,,,,,,,,,,,,,,,,,,,,,,,,,,,,,,,,,,,
359,6v4dc4to,,0,0,18,,,,0,,,0.0,,,,,,,,,,,,,,ryu6snyq,,,,,0,Experiment_1_Persistence,https://app.prolific.com/submissions/complete?cc=C1BTHULB,0.0,1.0,359,,0.0,,1,1,359,,0.0,,,,,,,,,,,,,,,1,1,359,,0.0,,,,,,,,,,1,1,359,,0.0,,,,,,,,,,,,,,,,,,1,1,359,,0.0,,,,,,,,,,,,,1,1,359,,0.0,0,0,0,0,0,0,0,0,0,,,,,1,1,,,,,,,,,,,,,,,,,,,,,,,,,,,,,,,,,,,,,,,,,,,,,,,,,,,,,,,,,,,,,,,,,,,,,,,,,,,,,,,,,,,,,,,,,,,,,,,,,,,,,,,,,,,,,,,,,,,,,,,,,,,,,,,,,,,,,,,,,,,,,,,,,,,,,,,,,,,,,,,,,,,,,,,,,,,,,,,,,,,,,,,,,,,,,,,,,,,,,,,,,,,,,,,,,,,,,,,,,,,,,,,,,,,,,,,,,,,,,,,,,,,,,,,,,,,,,,,,,,,,,,,,,,,,,,,,,,,,,,,,,,,,,,,,,,,,,,,,,,,,,,,,,,,,,,,,,,,
360,vjnldfeh,,0,0,18,,,,0,,,0.0,,,,,,,,,,,,,,ryu6snyq,,,,,0,Experiment_1_Persistence,https://app.prolific.com/submissions/complete?cc=C1BTHULB,0.0,1.0,360,,0.0,,1,1,360,,0.0,,,,,,,,,,,,,,,1,1,360,,0.0,,,,,,,,,,1,1,360,,0.0,,,,,,,,,,,,,,,,,,1,1,360,,0.0,,,,,,,,,,,,,1,1,360,,0.0,0,0,0,0,0,0,0,0,0,,,,,1,1,,,,,,,,,,,,,,,,,,,,,,,,,,,,,,,,,,,,,,,,,,,,,,,,,,,,,,,,,,,,,,,,,,,,,,,,,,,,,,,,,,,,,,,,,,,,,,,,,,,,,,,,,,,,,,,,,,,,,,,,,,,,,,,,,,,,,,,,,,,,,,,,,,,,,,,,,,,,,,,,,,,,,,,,,,,,,,,,,,,,,,,,,,,,,,,,,,,,,,,,,,,,,,,,,,,,,,,,,,,,,,,,,,,,,,,,,,,,,,,,,,,,,,,,,,,,,,,,,,,,,,,,,,,,,,,,,,,,,,,,,,,,,,,,,,,,,,,,,,,,,,,,,,,,,,,,,,,
361,k8g4mr8c,,0,0,18,,,,0,,,0.0,,,,,,,,,,,,,,ryu6snyq,,,,,0,Experiment_1_Persistence,https://app.prolific.com/submissions/complete?cc=C1BTHULB,0.0,1.0,361,,0.0,,1,1,361,,0.0,,,,,,,,,,,,,,,1,1,361,,0.0,,,,,,,,,,1,1,361,,0.0,,,,,,,,,,,,,,,,,,1,1,361,,0.0,,,,,,,,,,,,,1,1,361,,0.0,0,0,0,0,0,0,0,0,0,,,,,1,1,,,,,,,,,,,,,,,,,,,,,,,,,,,,,,,,,,,,,,,,,,,,,,,,,,,,,,,,,,,,,,,,,,,,,,,,,,,,,,,,,,,,,,,,,,,,,,,,,,,,,,,,,,,,,,,,,,,,,,,,,,,,,,,,,,,,,,,,,,,,,,,,,,,,,,,,,,,,,,,,,,,,,,,,,,,,,,,,,,,,,,,,,,,,,,,,,,,,,,,,,,,,,,,,,,,,,,,,,,,,,,,,,,,,,,,,,,,,,,,,,,,,,,,,,,,,,,,,,,,,,,,,,,,,,,,,,,,,,,,,,,,,,,,,,,,,,,,,,,,,,,,,,,,,,,,,,,,
362,b2bganb4,,0,0,18,,,,0,,,0.0,,,,,,,,,,,,,,ryu6snyq,,,,,0,Experiment_1_Persistence,https://app.prolific.com/submissions/complete?cc=C1BTHULB,0.0,1.0,362,,0.0,,1,1,362,,0.0,,,,,,,,,,,,,,,1,1,362,,0.0,,,,,,,,,,1,1,362,,0.0,,,,,,,,,,,,,,,,,,1,1,362,,0.0,,,,,,,,,,,,,1,1,362,,0.0,0,0,0,0,0,0,0,0,0,,,,,1,1,,,,,,,,,,,,,,,,,,,,,,,,,,,,,,,,,,,,,,,,,,,,,,,,,,,,,,,,,,,,,,,,,,,,,,,,,,,,,,,,,,,,,,,,,,,,,,,,,,,,,,,,,,,,,,,,,,,,,,,,,,,,,,,,,,,,,,,,,,,,,,,,,,,,,,,,,,,,,,,,,,,,,,,,,,,,,,,,,,,,,,,,,,,,,,,,,,,,,,,,,,,,,,,,,,,,,,,,,,,,,,,,,,,,,,,,,,,,,,,,,,,,,,,,,,,,,,,,,,,,,,,,,,,,,,,,,,,,,,,,,,,,,,,,,,,,,,,,,,,,,,,,,,,,,,,,,,,
363,saqxj04m,,0,0,18,,,,0,,,0.0,,,,,,,,,,,,,,ryu6snyq,,,,,0,Experiment_1_Persistence,https://app.prolific.com/submissions/complete?cc=C1BTHULB,0.0,1.0,363,,0.0,,1,1,363,,0.0,,,,,,,,,,,,,,,1,1,363,,0.0,,,,,,,,,,1,1,363,,0.0,,,,,,,,,,,,,,,,,,1,1,363,,0.0,,,,,,,,,,,,,1,1,363,,0.0,0,0,0,0,0,0,0,0,0,,,,,1,1,,,,,,,,,,,,,,,,,,,,,,,,,,,,,,,,,,,,,,,,,,,,,,,,,,,,,,,,,,,,,,,,,,,,,,,,,,,,,,,,,,,,,,,,,,,,,,,,,,,,,,,,,,,,,,,,,,,,,,,,,,,,,,,,,,,,,,,,,,,,,,,,,,,,,,,,,,,,,,,,,,,,,,,,,,,,,,,,,,,,,,,,,,,,,,,,,,,,,,,,,,,,,,,,,,,,,,,,,,,,,,,,,,,,,,,,,,,,,,,,,,,,,,,,,,,,,,,,,,,,,,,,,,,,,,,,,,,,,,,,,,,,,,,,,,,,,,,,,,,,,,,,,,,,,,,,,,,
364,dp5guwtn,,0,0,18,,,,0,,,0.0,,,,,,,,,,,,,,ryu6snyq,,,,,0,Experiment_1_Persistence,https://app.prolific.com/submissions/complete?cc=C1BTHULB,0.0,1.0,364,,0.0,,1,1,364,,0.0,,,,,,,,,,,,,,,1,1,364,,0.0,,,,,,,,,,1,1,364,,0.0,,,,,,,,,,,,,,,,,,1,1,364,,0.0,,,,,,,,,,,,,1,1,364,,0.0,0,0,0,0,0,0,0,0,0,,,,,1,1,,,,,,,,,,,,,,,,,,,,,,,,,,,,,,,,,,,,,,,,,,,,,,,,,,,,,,,,,,,,,,,,,,,,,,,,,,,,,,,,,,,,,,,,,,,,,,,,,,,,,,,,,,,,,,,,,,,,,,,,,,,,,,,,,,,,,,,,,,,,,,,,,,,,,,,,,,,,,,,,,,,,,,,,,,,,,,,,,,,,,,,,,,,,,,,,,,,,,,,,,,,,,,,,,,,,,,,,,,,,,,,,,,,,,,,,,,,,,,,,,,,,,,,,,,,,,,,,,,,,,,,,,,,,,,,,,,,,,,,,,,,,,,,,,,,,,,,,,,,,,,,,,,,,,,,,,,,
365,bsm6f1ak,,0,0,18,,,,0,,,0.0,,,,,,,,,,,,,,ryu6snyq,,,,,0,Experiment_1_Persistence,https://app.prolific.com/submissions/complete?cc=C1BTHULB,0.0,1.0,365,,0.0,,1,1,365,,0.0,,,,,,,,,,,,,,,1,1,365,,0.0,,,,,,,,,,1,1,365,,0.0,,,,,,,,,,,,,,,,,,1,1,365,,0.0,,,,,,,,,,,,,1,1,365,,0.0,0,0,0,0,0,0,0,0,0,,,,,1,1,,,,,,,,,,,,,,,,,,,,,,,,,,,,,,,,,,,,,,,,,,,,,,,,,,,,,,,,,,,,,,,,,,,,,,,,,,,,,,,,,,,,,,,,,,,,,,,,,,,,,,,,,,,,,,,,,,,,,,,,,,,,,,,,,,,,,,,,,,,,,,,,,,,,,,,,,,,,,,,,,,,,,,,,,,,,,,,,,,,,,,,,,,,,,,,,,,,,,,,,,,,,,,,,,,,,,,,,,,,,,,,,,,,,,,,,,,,,,,,,,,,,,,,,,,,,,,,,,,,,,,,,,,,,,,,,,,,,,,,,,,,,,,,,,,,,,,,,,,,,,,,,,,,,,,,,,,,
366,bgjoqtdo,,0,0,18,,,,0,,,0.0,,,,,,,,,,,,,,ryu6snyq,,,,,0,Experiment_1_Persistence,https://app.prolific.com/submissions/complete?cc=C1BTHULB,0.0,1.0,366,,0.0,,1,1,366,,0.0,,,,,,,,,,,,,,,1,1,366,,0.0,,,,,,,,,,1,1,366,,0.0,,,,,,,,,,,,,,,,,,1,1,366,,0.0,,,,,,,,,,,,,1,1,366,,0.0,0,0,0,0,0,0,0,0,0,,,,,1,1,,,,,,,,,,,,,,,,,,,,,,,,,,,,,,,,,,,,,,,,,,,,,,,,,,,,,,,,,,,,,,,,,,,,,,,,,,,,,,,,,,,,,,,,,,,,,,,,,,,,,,,,,,,,,,,,,,,,,,,,,,,,,,,,,,,,,,,,,,,,,,,,,,,,,,,,,,,,,,,,,,,,,,,,,,,,,,,,,,,,,,,,,,,,,,,,,,,,,,,,,,,,,,,,,,,,,,,,,,,,,,,,,,,,,,,,,,,,,,,,,,,,,,,,,,,,,,,,,,,,,,,,,,,,,,,,,,,,,,,,,,,,,,,,,,,,,,,,,,,,,,,,,,,,,,,,,,,
367,jrfohqim,,0,0,18,,,,0,,,0.0,,,,,,,,,,,,,,ryu6snyq,,,,,0,Experiment_1_Persistence,https://app.prolific.com/submissions/complete?cc=C1BTHULB,0.0,1.0,367,,0.0,,1,1,367,,0.0,,,,,,,,,,,,,,,1,1,367,,0.0,,,,,,,,,,1,1,367,,0.0,,,,,,,,,,,,,,,,,,1,1,367,,0.0,,,,,,,,,,,,,1,1,367,,0.0,0,0,0,0,0,0,0,0,0,,,,,1,1,,,,,,,,,,,,,,,,,,,,,,,,,,,,,,,,,,,,,,,,,,,,,,,,,,,,,,,,,,,,,,,,,,,,,,,,,,,,,,,,,,,,,,,,,,,,,,,,,,,,,,,,,,,,,,,,,,,,,,,,,,,,,,,,,,,,,,,,,,,,,,,,,,,,,,,,,,,,,,,,,,,,,,,,,,,,,,,,,,,,,,,,,,,,,,,,,,,,,,,,,,,,,,,,,,,,,,,,,,,,,,,,,,,,,,,,,,,,,,,,,,,,,,,,,,,,,,,,,,,,,,,,,,,,,,,,,,,,,,,,,,,,,,,,,,,,,,,,,,,,,,,,,,,,,,,,,,,
368,qwld1mqb,,0,0,18,,,,0,,,0.0,,,,,,,,,,,,,,ryu6snyq,,,,,0,Experiment_1_Persistence,https://app.prolific.com/submissions/complete?cc=C1BTHULB,0.0,1.0,368,,0.0,,1,1,368,,0.0,,,,,,,,,,,,,,,1,1,368,,0.0,,,,,,,,,,1,1,368,,0.0,,,,,,,,,,,,,,,,,,1,1,368,,0.0,,,,,,,,,,,,,1,1,368,,0.0,0,0,0,0,0,0,0,0,0,,,,,1,1,,,,,,,,,,,,,,,,,,,,,,,,,,,,,,,,,,,,,,,,,,,,,,,,,,,,,,,,,,,,,,,,,,,,,,,,,,,,,,,,,,,,,,,,,,,,,,,,,,,,,,,,,,,,,,,,,,,,,,,,,,,,,,,,,,,,,,,,,,,,,,,,,,,,,,,,,,,,,,,,,,,,,,,,,,,,,,,,,,,,,,,,,,,,,,,,,,,,,,,,,,,,,,,,,,,,,,,,,,,,,,,,,,,,,,,,,,,,,,,,,,,,,,,,,,,,,,,,,,,,,,,,,,,,,,,,,,,,,,,,,,,,,,,,,,,,,,,,,,,,,,,,,,,,,,,,,,,
369,p2so45xq,,0,0,18,,,,0,,,0.0,,,,,,,,,,,,,,ryu6snyq,,,,,0,Experiment_1_Persistence,https://app.prolific.com/submissions/complete?cc=C1BTHULB,0.0,1.0,369,,0.0,,1,1,369,,0.0,,,,,,,,,,,,,,,1,1,369,,0.0,,,,,,,,,,1,1,369,,0.0,,,,,,,,,,,,,,,,,,1,1,369,,0.0,,,,,,,,,,,,,1,1,369,,0.0,0,0,0,0,0,0,0,0,0,,,,,1,1,,,,,,,,,,,,,,,,,,,,,,,,,,,,,,,,,,,,,,,,,,,,,,,,,,,,,,,,,,,,,,,,,,,,,,,,,,,,,,,,,,,,,,,,,,,,,,,,,,,,,,,,,,,,,,,,,,,,,,,,,,,,,,,,,,,,,,,,,,,,,,,,,,,,,,,,,,,,,,,,,,,,,,,,,,,,,,,,,,,,,,,,,,,,,,,,,,,,,,,,,,,,,,,,,,,,,,,,,,,,,,,,,,,,,,,,,,,,,,,,,,,,,,,,,,,,,,,,,,,,,,,,,,,,,,,,,,,,,,,,,,,,,,,,,,,,,,,,,,,,,,,,,,,,,,,,,,,
370,8dtt2bfe,,0,0,18,,,,0,,,0.0,,,,,,,,,,,,,,ryu6snyq,,,,,0,Experiment_1_Persistence,https://app.prolific.com/submissions/complete?cc=C1BTHULB,0.0,1.0,370,,0.0,,1,1,370,,0.0,,,,,,,,,,,,,,,1,1,370,,0.0,,,,,,,,,,1,1,370,,0.0,,,,,,,,,,,,,,,,,,1,1,370,,0.0,,,,,,,,,,,,,1,1,370,,0.0,0,0,0,0,0,0,0,0,0,,,,,1,1,,,,,,,,,,,,,,,,,,,,,,,,,,,,,,,,,,,,,,,,,,,,,,,,,,,,,,,,,,,,,,,,,,,,,,,,,,,,,,,,,,,,,,,,,,,,,,,,,,,,,,,,,,,,,,,,,,,,,,,,,,,,,,,,,,,,,,,,,,,,,,,,,,,,,,,,,,,,,,,,,,,,,,,,,,,,,,,,,,,,,,,,,,,,,,,,,,,,,,,,,,,,,,,,,,,,,,,,,,,,,,,,,,,,,,,,,,,,,,,,,,,,,,,,,,,,,,,,,,,,,,,,,,,,,,,,,,,,,,,,,,,,,,,,,,,,,,,,,,,,,,,,,,,,,,,,,,,
371,u2f1m5nd,,0,0,18,,,,0,,,0.0,,,,,,,,,,,,,,ryu6snyq,,,,,0,Experiment_1_Persistence,https://app.prolific.com/submissions/complete?cc=C1BTHULB,0.0,1.0,371,,0.0,,1,1,371,,0.0,,,,,,,,,,,,,,,1,1,371,,0.0,,,,,,,,,,1,1,371,,0.0,,,,,,,,,,,,,,,,,,1,1,371,,0.0,,,,,,,,,,,,,1,1,371,,0.0,0,0,0,0,0,0,0,0,0,,,,,1,1,,,,,,,,,,,,,,,,,,,,,,,,,,,,,,,,,,,,,,,,,,,,,,,,,,,,,,,,,,,,,,,,,,,,,,,,,,,,,,,,,,,,,,,,,,,,,,,,,,,,,,,,,,,,,,,,,,,,,,,,,,,,,,,,,,,,,,,,,,,,,,,,,,,,,,,,,,,,,,,,,,,,,,,,,,,,,,,,,,,,,,,,,,,,,,,,,,,,,,,,,,,,,,,,,,,,,,,,,,,,,,,,,,,,,,,,,,,,,,,,,,,,,,,,,,,,,,,,,,,,,,,,,,,,,,,,,,,,,,,,,,,,,,,,,,,,,,,,,,,,,,,,,,,,,,,,,,,
372,ffsqv0es,,0,0,18,,,,0,,,0.0,,,,,,,,,,,,,,ryu6snyq,,,,,0,Experiment_1_Persistence,https://app.prolific.com/submissions/complete?cc=C1BTHULB,0.0,1.0,372,,0.0,,1,1,372,,0.0,,,,,,,,,,,,,,,1,1,372,,0.0,,,,,,,,,,1,1,372,,0.0,,,,,,,,,,,,,,,,,,1,1,372,,0.0,,,,,,,,,,,,,1,1,372,,0.0,0,0,0,0,0,0,0,0,0,,,,,1,1,,,,,,,,,,,,,,,,,,,,,,,,,,,,,,,,,,,,,,,,,,,,,,,,,,,,,,,,,,,,,,,,,,,,,,,,,,,,,,,,,,,,,,,,,,,,,,,,,,,,,,,,,,,,,,,,,,,,,,,,,,,,,,,,,,,,,,,,,,,,,,,,,,,,,,,,,,,,,,,,,,,,,,,,,,,,,,,,,,,,,,,,,,,,,,,,,,,,,,,,,,,,,,,,,,,,,,,,,,,,,,,,,,,,,,,,,,,,,,,,,,,,,,,,,,,,,,,,,,,,,,,,,,,,,,,,,,,,,,,,,,,,,,,,,,,,,,,,,,,,,,,,,,,,,,,,,,,
373,hu8r6ir3,,0,0,18,,,,0,,,0.0,,,,,,,,,,,,,,ryu6snyq,,,,,0,Experiment_1_Persistence,https://app.prolific.com/submissions/complete?cc=C1BTHULB,0.0,1.0,373,,0.0,,1,1,373,,0.0,,,,,,,,,,,,,,,1,1,373,,0.0,,,,,,,,,,1,1,373,,0.0,,,,,,,,,,,,,,,,,,1,1,373,,0.0,,,,,,,,,,,,,1,1,373,,0.0,0,0,0,0,0,0,0,0,0,,,,,1,1,,,,,,,,,,,,,,,,,,,,,,,,,,,,,,,,,,,,,,,,,,,,,,,,,,,,,,,,,,,,,,,,,,,,,,,,,,,,,,,,,,,,,,,,,,,,,,,,,,,,,,,,,,,,,,,,,,,,,,,,,,,,,,,,,,,,,,,,,,,,,,,,,,,,,,,,,,,,,,,,,,,,,,,,,,,,,,,,,,,,,,,,,,,,,,,,,,,,,,,,,,,,,,,,,,,,,,,,,,,,,,,,,,,,,,,,,,,,,,,,,,,,,,,,,,,,,,,,,,,,,,,,,,,,,,,,,,,,,,,,,,,,,,,,,,,,,,,,,,,,,,,,,,,,,,,,,,,
374,cyqvzobq,,0,0,18,,,,0,,,0.0,,,,,,,,,,,,,,ryu6snyq,,,,,0,Experiment_1_Persistence,https://app.prolific.com/submissions/complete?cc=C1BTHULB,0.0,1.0,374,,0.0,,1,1,374,,0.0,,,,,,,,,,,,,,,1,1,374,,0.0,,,,,,,,,,1,1,374,,0.0,,,,,,,,,,,,,,,,,,1,1,374,,0.0,,,,,,,,,,,,,1,1,374,,0.0,0,0,0,0,0,0,0,0,0,,,,,1,1,,,,,,,,,,,,,,,,,,,,,,,,,,,,,,,,,,,,,,,,,,,,,,,,,,,,,,,,,,,,,,,,,,,,,,,,,,,,,,,,,,,,,,,,,,,,,,,,,,,,,,,,,,,,,,,,,,,,,,,,,,,,,,,,,,,,,,,,,,,,,,,,,,,,,,,,,,,,,,,,,,,,,,,,,,,,,,,,,,,,,,,,,,,,,,,,,,,,,,,,,,,,,,,,,,,,,,,,,,,,,,,,,,,,,,,,,,,,,,,,,,,,,,,,,,,,,,,,,,,,,,,,,,,,,,,,,,,,,,,,,,,,,,,,,,,,,,,,,,,,,,,,,,,,,,,,,,,
375,h5e48lhx,,0,0,18,,,,0,,,0.0,,,,,,,,,,,,,,ryu6snyq,,,,,0,Experiment_1_Persistence,https://app.prolific.com/submissions/complete?cc=C1BTHULB,0.0,1.0,375,,0.0,,1,1,375,,0.0,,,,,,,,,,,,,,,1,1,375,,0.0,,,,,,,,,,1,1,375,,0.0,,,,,,,,,,,,,,,,,,1,1,375,,0.0,,,,,,,,,,,,,1,1,375,,0.0,0,0,0,0,0,0,0,0,0,,,,,1,1,,,,,,,,,,,,,,,,,,,,,,,,,,,,,,,,,,,,,,,,,,,,,,,,,,,,,,,,,,,,,,,,,,,,,,,,,,,,,,,,,,,,,,,,,,,,,,,,,,,,,,,,,,,,,,,,,,,,,,,,,,,,,,,,,,,,,,,,,,,,,,,,,,,,,,,,,,,,,,,,,,,,,,,,,,,,,,,,,,,,,,,,,,,,,,,,,,,,,,,,,,,,,,,,,,,,,,,,,,,,,,,,,,,,,,,,,,,,,,,,,,,,,,,,,,,,,,,,,,,,,,,,,,,,,,,,,,,,,,,,,,,,,,,,,,,,,,,,,,,,,,,,,,,,,,,,,,,
376,d9deh2im,,0,0,18,,,,0,,,0.0,,,,,,,,,,,,,,ryu6snyq,,,,,0,Experiment_1_Persistence,https://app.prolific.com/submissions/complete?cc=C1BTHULB,0.0,1.0,376,,0.0,,1,1,376,,0.0,,,,,,,,,,,,,,,1,1,376,,0.0,,,,,,,,,,1,1,376,,0.0,,,,,,,,,,,,,,,,,,1,1,376,,0.0,,,,,,,,,,,,,1,1,376,,0.0,0,0,0,0,0,0,0,0,0,,,,,1,1,,,,,,,,,,,,,,,,,,,,,,,,,,,,,,,,,,,,,,,,,,,,,,,,,,,,,,,,,,,,,,,,,,,,,,,,,,,,,,,,,,,,,,,,,,,,,,,,,,,,,,,,,,,,,,,,,,,,,,,,,,,,,,,,,,,,,,,,,,,,,,,,,,,,,,,,,,,,,,,,,,,,,,,,,,,,,,,,,,,,,,,,,,,,,,,,,,,,,,,,,,,,,,,,,,,,,,,,,,,,,,,,,,,,,,,,,,,,,,,,,,,,,,,,,,,,,,,,,,,,,,,,,,,,,,,,,,,,,,,,,,,,,,,,,,,,,,,,,,,,,,,,,,,,,,,,,,,
377,06fj2zvr,,0,0,18,,,,0,,,0.0,,,,,,,,,,,,,,ryu6snyq,,,,,0,Experiment_1_Persistence,https://app.prolific.com/submissions/complete?cc=C1BTHULB,0.0,1.0,377,,0.0,,1,1,377,,0.0,,,,,,,,,,,,,,,1,1,377,,0.0,,,,,,,,,,1,1,377,,0.0,,,,,,,,,,,,,,,,,,1,1,377,,0.0,,,,,,,,,,,,,1,1,377,,0.0,0,0,0,0,0,0,0,0,0,,,,,1,1,,,,,,,,,,,,,,,,,,,,,,,,,,,,,,,,,,,,,,,,,,,,,,,,,,,,,,,,,,,,,,,,,,,,,,,,,,,,,,,,,,,,,,,,,,,,,,,,,,,,,,,,,,,,,,,,,,,,,,,,,,,,,,,,,,,,,,,,,,,,,,,,,,,,,,,,,,,,,,,,,,,,,,,,,,,,,,,,,,,,,,,,,,,,,,,,,,,,,,,,,,,,,,,,,,,,,,,,,,,,,,,,,,,,,,,,,,,,,,,,,,,,,,,,,,,,,,,,,,,,,,,,,,,,,,,,,,,,,,,,,,,,,,,,,,,,,,,,,,,,,,,,,,,,,,,,,,,
378,uv55uci8,,0,0,18,,,,0,,,0.0,,,,,,,,,,,,,,ryu6snyq,,,,,0,Experiment_1_Persistence,https://app.prolific.com/submissions/complete?cc=C1BTHULB,0.0,1.0,378,,0.0,,1,1,378,,0.0,,,,,,,,,,,,,,,1,1,378,,0.0,,,,,,,,,,1,1,378,,0.0,,,,,,,,,,,,,,,,,,1,1,378,,0.0,,,,,,,,,,,,,1,1,378,,0.0,0,0,0,0,0,0,0,0,0,,,,,1,1,,,,,,,,,,,,,,,,,,,,,,,,,,,,,,,,,,,,,,,,,,,,,,,,,,,,,,,,,,,,,,,,,,,,,,,,,,,,,,,,,,,,,,,,,,,,,,,,,,,,,,,,,,,,,,,,,,,,,,,,,,,,,,,,,,,,,,,,,,,,,,,,,,,,,,,,,,,,,,,,,,,,,,,,,,,,,,,,,,,,,,,,,,,,,,,,,,,,,,,,,,,,,,,,,,,,,,,,,,,,,,,,,,,,,,,,,,,,,,,,,,,,,,,,,,,,,,,,,,,,,,,,,,,,,,,,,,,,,,,,,,,,,,,,,,,,,,,,,,,,,,,,,,,,,,,,,,,
379,kqotyvmu,,0,0,18,,,,0,,,0.0,,,,,,,,,,,,,,ryu6snyq,,,,,0,Experiment_1_Persistence,https://app.prolific.com/submissions/complete?cc=C1BTHULB,0.0,1.0,379,,0.0,,1,1,379,,0.0,,,,,,,,,,,,,,,1,1,379,,0.0,,,,,,,,,,1,1,379,,0.0,,,,,,,,,,,,,,,,,,1,1,379,,0.0,,,,,,,,,,,,,1,1,379,,0.0,0,0,0,0,0,0,0,0,0,,,,,1,1,,,,,,,,,,,,,,,,,,,,,,,,,,,,,,,,,,,,,,,,,,,,,,,,,,,,,,,,,,,,,,,,,,,,,,,,,,,,,,,,,,,,,,,,,,,,,,,,,,,,,,,,,,,,,,,,,,,,,,,,,,,,,,,,,,,,,,,,,,,,,,,,,,,,,,,,,,,,,,,,,,,,,,,,,,,,,,,,,,,,,,,,,,,,,,,,,,,,,,,,,,,,,,,,,,,,,,,,,,,,,,,,,,,,,,,,,,,,,,,,,,,,,,,,,,,,,,,,,,,,,,,,,,,,,,,,,,,,,,,,,,,,,,,,,,,,,,,,,,,,,,,,,,,,,,,,,,,
380,zc8g1lcr,,0,0,18,,,,0,,,0.0,,,,,,,,,,,,,,ryu6snyq,,,,,0,Experiment_1_Persistence,https://app.prolific.com/submissions/complete?cc=C1BTHULB,0.0,1.0,380,,0.0,,1,1,380,,0.0,,,,,,,,,,,,,,,1,1,380,,0.0,,,,,,,,,,1,1,380,,0.0,,,,,,,,,,,,,,,,,,1,1,380,,0.0,,,,,,,,,,,,,1,1,380,,0.0,0,0,0,0,0,0,0,0,0,,,,,1,1,,,,,,,,,,,,,,,,,,,,,,,,,,,,,,,,,,,,,,,,,,,,,,,,,,,,,,,,,,,,,,,,,,,,,,,,,,,,,,,,,,,,,,,,,,,,,,,,,,,,,,,,,,,,,,,,,,,,,,,,,,,,,,,,,,,,,,,,,,,,,,,,,,,,,,,,,,,,,,,,,,,,,,,,,,,,,,,,,,,,,,,,,,,,,,,,,,,,,,,,,,,,,,,,,,,,,,,,,,,,,,,,,,,,,,,,,,,,,,,,,,,,,,,,,,,,,,,,,,,,,,,,,,,,,,,,,,,,,,,,,,,,,,,,,,,,,,,,,,,,,,,,,,,,,,,,,,,
381,vn4ubebd,,0,0,18,,,,0,,,0.0,,,,,,,,,,,,,,ryu6snyq,,,,,0,Experiment_1_Persistence,https://app.prolific.com/submissions/complete?cc=C1BTHULB,0.0,1.0,381,,0.0,,1,1,381,,0.0,,,,,,,,,,,,,,,1,1,381,,0.0,,,,,,,,,,1,1,381,,0.0,,,,,,,,,,,,,,,,,,1,1,381,,0.0,,,,,,,,,,,,,1,1,381,,0.0,0,0,0,0,0,0,0,0,0,,,,,1,1,,,,,,,,,,,,,,,,,,,,,,,,,,,,,,,,,,,,,,,,,,,,,,,,,,,,,,,,,,,,,,,,,,,,,,,,,,,,,,,,,,,,,,,,,,,,,,,,,,,,,,,,,,,,,,,,,,,,,,,,,,,,,,,,,,,,,,,,,,,,,,,,,,,,,,,,,,,,,,,,,,,,,,,,,,,,,,,,,,,,,,,,,,,,,,,,,,,,,,,,,,,,,,,,,,,,,,,,,,,,,,,,,,,,,,,,,,,,,,,,,,,,,,,,,,,,,,,,,,,,,,,,,,,,,,,,,,,,,,,,,,,,,,,,,,,,,,,,,,,,,,,,,,,,,,,,,,,
382,2492h15e,,0,0,18,,,,0,,,0.0,,,,,,,,,,,,,,ryu6snyq,,,,,0,Experiment_1_Persistence,https://app.prolific.com/submissions/complete?cc=C1BTHULB,0.0,1.0,382,,0.0,,1,1,382,,0.0,,,,,,,,,,,,,,,1,1,382,,0.0,,,,,,,,,,1,1,382,,0.0,,,,,,,,,,,,,,,,,,1,1,382,,0.0,,,,,,,,,,,,,1,1,382,,0.0,0,0,0,0,0,0,0,0,0,,,,,1,1,,,,,,,,,,,,,,,,,,,,,,,,,,,,,,,,,,,,,,,,,,,,,,,,,,,,,,,,,,,,,,,,,,,,,,,,,,,,,,,,,,,,,,,,,,,,,,,,,,,,,,,,,,,,,,,,,,,,,,,,,,,,,,,,,,,,,,,,,,,,,,,,,,,,,,,,,,,,,,,,,,,,,,,,,,,,,,,,,,,,,,,,,,,,,,,,,,,,,,,,,,,,,,,,,,,,,,,,,,,,,,,,,,,,,,,,,,,,,,,,,,,,,,,,,,,,,,,,,,,,,,,,,,,,,,,,,,,,,,,,,,,,,,,,,,,,,,,,,,,,,,,,,,,,,,,,,,,
383,3frxejae,,0,0,18,,,,0,,,0.0,,,,,,,,,,,,,,ryu6snyq,,,,,0,Experiment_1_Persistence,https://app.prolific.com/submissions/complete?cc=C1BTHULB,0.0,1.0,383,,0.0,,1,1,383,,0.0,,,,,,,,,,,,,,,1,1,383,,0.0,,,,,,,,,,1,1,383,,0.0,,,,,,,,,,,,,,,,,,1,1,383,,0.0,,,,,,,,,,,,,1,1,383,,0.0,0,0,0,0,0,0,0,0,0,,,,,1,1,,,,,,,,,,,,,,,,,,,,,,,,,,,,,,,,,,,,,,,,,,,,,,,,,,,,,,,,,,,,,,,,,,,,,,,,,,,,,,,,,,,,,,,,,,,,,,,,,,,,,,,,,,,,,,,,,,,,,,,,,,,,,,,,,,,,,,,,,,,,,,,,,,,,,,,,,,,,,,,,,,,,,,,,,,,,,,,,,,,,,,,,,,,,,,,,,,,,,,,,,,,,,,,,,,,,,,,,,,,,,,,,,,,,,,,,,,,,,,,,,,,,,,,,,,,,,,,,,,,,,,,,,,,,,,,,,,,,,,,,,,,,,,,,,,,,,,,,,,,,,,,,,,,,,,,,,,,
384,2ik8wtsx,,0,0,18,,,,0,,,0.0,,,,,,,,,,,,,,ryu6snyq,,,,,0,Experiment_1_Persistence,https://app.prolific.com/submissions/complete?cc=C1BTHULB,0.0,1.0,384,,0.0,,1,1,384,,0.0,,,,,,,,,,,,,,,1,1,384,,0.0,,,,,,,,,,1,1,384,,0.0,,,,,,,,,,,,,,,,,,1,1,384,,0.0,,,,,,,,,,,,,1,1,384,,0.0,0,0,0,0,0,0,0,0,0,,,,,1,1,,,,,,,,,,,,,,,,,,,,,,,,,,,,,,,,,,,,,,,,,,,,,,,,,,,,,,,,,,,,,,,,,,,,,,,,,,,,,,,,,,,,,,,,,,,,,,,,,,,,,,,,,,,,,,,,,,,,,,,,,,,,,,,,,,,,,,,,,,,,,,,,,,,,,,,,,,,,,,,,,,,,,,,,,,,,,,,,,,,,,,,,,,,,,,,,,,,,,,,,,,,,,,,,,,,,,,,,,,,,,,,,,,,,,,,,,,,,,,,,,,,,,,,,,,,,,,,,,,,,,,,,,,,,,,,,,,,,,,,,,,,,,,,,,,,,,,,,,,,,,,,,,,,,,,,,,,,
385,ltxmh74o,,0,0,18,,,,0,,,0.0,,,,,,,,,,,,,,ryu6snyq,,,,,0,Experiment_1_Persistence,https://app.prolific.com/submissions/complete?cc=C1BTHULB,0.0,1.0,385,,0.0,,1,1,385,,0.0,,,,,,,,,,,,,,,1,1,385,,0.0,,,,,,,,,,1,1,385,,0.0,,,,,,,,,,,,,,,,,,1,1,385,,0.0,,,,,,,,,,,,,1,1,385,,0.0,0,0,0,0,0,0,0,0,0,,,,,1,1,,,,,,,,,,,,,,,,,,,,,,,,,,,,,,,,,,,,,,,,,,,,,,,,,,,,,,,,,,,,,,,,,,,,,,,,,,,,,,,,,,,,,,,,,,,,,,,,,,,,,,,,,,,,,,,,,,,,,,,,,,,,,,,,,,,,,,,,,,,,,,,,,,,,,,,,,,,,,,,,,,,,,,,,,,,,,,,,,,,,,,,,,,,,,,,,,,,,,,,,,,,,,,,,,,,,,,,,,,,,,,,,,,,,,,,,,,,,,,,,,,,,,,,,,,,,,,,,,,,,,,,,,,,,,,,,,,,,,,,,,,,,,,,,,,,,,,,,,,,,,,,,,,,,,,,,,,,
386,bvs1vj27,,0,0,18,,,,0,,,0.0,,,,,,,,,,,,,,ryu6snyq,,,,,0,Experiment_1_Persistence,https://app.prolific.com/submissions/complete?cc=C1BTHULB,0.0,1.0,386,,0.0,,1,1,386,,0.0,,,,,,,,,,,,,,,1,1,386,,0.0,,,,,,,,,,1,1,386,,0.0,,,,,,,,,,,,,,,,,,1,1,386,,0.0,,,,,,,,,,,,,1,1,386,,0.0,0,0,0,0,0,0,0,0,0,,,,,1,1,,,,,,,,,,,,,,,,,,,,,,,,,,,,,,,,,,,,,,,,,,,,,,,,,,,,,,,,,,,,,,,,,,,,,,,,,,,,,,,,,,,,,,,,,,,,,,,,,,,,,,,,,,,,,,,,,,,,,,,,,,,,,,,,,,,,,,,,,,,,,,,,,,,,,,,,,,,,,,,,,,,,,,,,,,,,,,,,,,,,,,,,,,,,,,,,,,,,,,,,,,,,,,,,,,,,,,,,,,,,,,,,,,,,,,,,,,,,,,,,,,,,,,,,,,,,,,,,,,,,,,,,,,,,,,,,,,,,,,,,,,,,,,,,,,,,,,,,,,,,,,,,,,,,,,,,,,,
387,9blhnnr3,,0,0,18,,,,0,,,0.0,,,,,,,,,,,,,,ryu6snyq,,,,,0,Experiment_1_Persistence,https://app.prolific.com/submissions/complete?cc=C1BTHULB,0.0,1.0,387,,0.0,,1,1,387,,0.0,,,,,,,,,,,,,,,1,1,387,,0.0,,,,,,,,,,1,1,387,,0.0,,,,,,,,,,,,,,,,,,1,1,387,,0.0,,,,,,,,,,,,,1,1,387,,0.0,0,0,0,0,0,0,0,0,0,,,,,1,1,,,,,,,,,,,,,,,,,,,,,,,,,,,,,,,,,,,,,,,,,,,,,,,,,,,,,,,,,,,,,,,,,,,,,,,,,,,,,,,,,,,,,,,,,,,,,,,,,,,,,,,,,,,,,,,,,,,,,,,,,,,,,,,,,,,,,,,,,,,,,,,,,,,,,,,,,,,,,,,,,,,,,,,,,,,,,,,,,,,,,,,,,,,,,,,,,,,,,,,,,,,,,,,,,,,,,,,,,,,,,,,,,,,,,,,,,,,,,,,,,,,,,,,,,,,,,,,,,,,,,,,,,,,,,,,,,,,,,,,,,,,,,,,,,,,,,,,,,,,,,,,,,,,,,,,,,,,
388,g0z6jp9v,,0,0,18,,,,0,,,0.0,,,,,,,,,,,,,,ryu6snyq,,,,,0,Experiment_1_Persistence,https://app.prolific.com/submissions/complete?cc=C1BTHULB,0.0,1.0,388,,0.0,,1,1,388,,0.0,,,,,,,,,,,,,,,1,1,388,,0.0,,,,,,,,,,1,1,388,,0.0,,,,,,,,,,,,,,,,,,1,1,388,,0.0,,,,,,,,,,,,,1,1,388,,0.0,0,0,0,0,0,0,0,0,0,,,,,1,1,,,,,,,,,,,,,,,,,,,,,,,,,,,,,,,,,,,,,,,,,,,,,,,,,,,,,,,,,,,,,,,,,,,,,,,,,,,,,,,,,,,,,,,,,,,,,,,,,,,,,,,,,,,,,,,,,,,,,,,,,,,,,,,,,,,,,,,,,,,,,,,,,,,,,,,,,,,,,,,,,,,,,,,,,,,,,,,,,,,,,,,,,,,,,,,,,,,,,,,,,,,,,,,,,,,,,,,,,,,,,,,,,,,,,,,,,,,,,,,,,,,,,,,,,,,,,,,,,,,,,,,,,,,,,,,,,,,,,,,,,,,,,,,,,,,,,,,,,,,,,,,,,,,,,,,,,,,
389,q4cdolku,,0,0,18,,,,0,,,0.0,,,,,,,,,,,,,,ryu6snyq,,,,,0,Experiment_1_Persistence,https://app.prolific.com/submissions/complete?cc=C1BTHULB,0.0,1.0,389,,0.0,,1,1,389,,0.0,,,,,,,,,,,,,,,1,1,389,,0.0,,,,,,,,,,1,1,389,,0.0,,,,,,,,,,,,,,,,,,1,1,389,,0.0,,,,,,,,,,,,,1,1,389,,0.0,0,0,0,0,0,0,0,0,0,,,,,1,1,,,,,,,,,,,,,,,,,,,,,,,,,,,,,,,,,,,,,,,,,,,,,,,,,,,,,,,,,,,,,,,,,,,,,,,,,,,,,,,,,,,,,,,,,,,,,,,,,,,,,,,,,,,,,,,,,,,,,,,,,,,,,,,,,,,,,,,,,,,,,,,,,,,,,,,,,,,,,,,,,,,,,,,,,,,,,,,,,,,,,,,,,,,,,,,,,,,,,,,,,,,,,,,,,,,,,,,,,,,,,,,,,,,,,,,,,,,,,,,,,,,,,,,,,,,,,,,,,,,,,,,,,,,,,,,,,,,,,,,,,,,,,,,,,,,,,,,,,,,,,,,,,,,,,,,,,,,
390,j8oa28sf,,0,0,18,,,,0,,,0.0,,,,,,,,,,,,,,ryu6snyq,,,,,0,Experiment_1_Persistence,https://app.prolific.com/submissions/complete?cc=C1BTHULB,0.0,1.0,390,,0.0,,1,1,390,,0.0,,,,,,,,,,,,,,,1,1,390,,0.0,,,,,,,,,,1,1,390,,0.0,,,,,,,,,,,,,,,,,,1,1,390,,0.0,,,,,,,,,,,,,1,1,390,,0.0,0,0,0,0,0,0,0,0,0,,,,,1,1,,,,,,,,,,,,,,,,,,,,,,,,,,,,,,,,,,,,,,,,,,,,,,,,,,,,,,,,,,,,,,,,,,,,,,,,,,,,,,,,,,,,,,,,,,,,,,,,,,,,,,,,,,,,,,,,,,,,,,,,,,,,,,,,,,,,,,,,,,,,,,,,,,,,,,,,,,,,,,,,,,,,,,,,,,,,,,,,,,,,,,,,,,,,,,,,,,,,,,,,,,,,,,,,,,,,,,,,,,,,,,,,,,,,,,,,,,,,,,,,,,,,,,,,,,,,,,,,,,,,,,,,,,,,,,,,,,,,,,,,,,,,,,,,,,,,,,,,,,,,,,,,,,,,,,,,,,,
391,58u8p4ry,,0,0,18,,,,0,,,0.0,,,,,,,,,,,,,,ryu6snyq,,,,,0,Experiment_1_Persistence,https://app.prolific.com/submissions/complete?cc=C1BTHULB,0.0,1.0,391,,0.0,,1,1,391,,0.0,,,,,,,,,,,,,,,1,1,391,,0.0,,,,,,,,,,1,1,391,,0.0,,,,,,,,,,,,,,,,,,1,1,391,,0.0,,,,,,,,,,,,,1,1,391,,0.0,0,0,0,0,0,0,0,0,0,,,,,1,1,,,,,,,,,,,,,,,,,,,,,,,,,,,,,,,,,,,,,,,,,,,,,,,,,,,,,,,,,,,,,,,,,,,,,,,,,,,,,,,,,,,,,,,,,,,,,,,,,,,,,,,,,,,,,,,,,,,,,,,,,,,,,,,,,,,,,,,,,,,,,,,,,,,,,,,,,,,,,,,,,,,,,,,,,,,,,,,,,,,,,,,,,,,,,,,,,,,,,,,,,,,,,,,,,,,,,,,,,,,,,,,,,,,,,,,,,,,,,,,,,,,,,,,,,,,,,,,,,,,,,,,,,,,,,,,,,,,,,,,,,,,,,,,,,,,,,,,,,,,,,,,,,,,,,,,,,,,
392,l5n27iz9,,0,0,18,,,,0,,,0.0,,,,,,,,,,,,,,ryu6snyq,,,,,0,Experiment_1_Persistence,https://app.prolific.com/submissions/complete?cc=C1BTHULB,0.0,1.0,392,,0.0,,1,1,392,,0.0,,,,,,,,,,,,,,,1,1,392,,0.0,,,,,,,,,,1,1,392,,0.0,,,,,,,,,,,,,,,,,,1,1,392,,0.0,,,,,,,,,,,,,1,1,392,,0.0,0,0,0,0,0,0,0,0,0,,,,,1,1,,,,,,,,,,,,,,,,,,,,,,,,,,,,,,,,,,,,,,,,,,,,,,,,,,,,,,,,,,,,,,,,,,,,,,,,,,,,,,,,,,,,,,,,,,,,,,,,,,,,,,,,,,,,,,,,,,,,,,,,,,,,,,,,,,,,,,,,,,,,,,,,,,,,,,,,,,,,,,,,,,,,,,,,,,,,,,,,,,,,,,,,,,,,,,,,,,,,,,,,,,,,,,,,,,,,,,,,,,,,,,,,,,,,,,,,,,,,,,,,,,,,,,,,,,,,,,,,,,,,,,,,,,,,,,,,,,,,,,,,,,,,,,,,,,,,,,,,,,,,,,,,,,,,,,,,,,,
393,jhob8vbx,,0,0,18,,,,0,,,0.0,,,,,,,,,,,,,,ryu6snyq,,,,,0,Experiment_1_Persistence,https://app.prolific.com/submissions/complete?cc=C1BTHULB,0.0,1.0,393,,0.0,,1,1,393,,0.0,,,,,,,,,,,,,,,1,1,393,,0.0,,,,,,,,,,1,1,393,,0.0,,,,,,,,,,,,,,,,,,1,1,393,,0.0,,,,,,,,,,,,,1,1,393,,0.0,0,0,0,0,0,0,0,0,0,,,,,1,1,,,,,,,,,,,,,,,,,,,,,,,,,,,,,,,,,,,,,,,,,,,,,,,,,,,,,,,,,,,,,,,,,,,,,,,,,,,,,,,,,,,,,,,,,,,,,,,,,,,,,,,,,,,,,,,,,,,,,,,,,,,,,,,,,,,,,,,,,,,,,,,,,,,,,,,,,,,,,,,,,,,,,,,,,,,,,,,,,,,,,,,,,,,,,,,,,,,,,,,,,,,,,,,,,,,,,,,,,,,,,,,,,,,,,,,,,,,,,,,,,,,,,,,,,,,,,,,,,,,,,,,,,,,,,,,,,,,,,,,,,,,,,,,,,,,,,,,,,,,,,,,,,,,,,,,,,,,
394,pmvquw2k,,0,0,18,,,,0,,,0.0,,,,,,,,,,,,,,ryu6snyq,,,,,0,Experiment_1_Persistence,https://app.prolific.com/submissions/complete?cc=C1BTHULB,0.0,1.0,394,,0.0,,1,1,394,,0.0,,,,,,,,,,,,,,,1,1,394,,0.0,,,,,,,,,,1,1,394,,0.0,,,,,,,,,,,,,,,,,,1,1,394,,0.0,,,,,,,,,,,,,1,1,394,,0.0,0,0,0,0,0,0,0,0,0,,,,,1,1,,,,,,,,,,,,,,,,,,,,,,,,,,,,,,,,,,,,,,,,,,,,,,,,,,,,,,,,,,,,,,,,,,,,,,,,,,,,,,,,,,,,,,,,,,,,,,,,,,,,,,,,,,,,,,,,,,,,,,,,,,,,,,,,,,,,,,,,,,,,,,,,,,,,,,,,,,,,,,,,,,,,,,,,,,,,,,,,,,,,,,,,,,,,,,,,,,,,,,,,,,,,,,,,,,,,,,,,,,,,,,,,,,,,,,,,,,,,,,,,,,,,,,,,,,,,,,,,,,,,,,,,,,,,,,,,,,,,,,,,,,,,,,,,,,,,,,,,,,,,,,,,,,,,,,,,,,,
395,qu07rhlq,,0,0,18,,,,0,,,0.0,,,,,,,,,,,,,,ryu6snyq,,,,,0,Experiment_1_Persistence,https://app.prolific.com/submissions/complete?cc=C1BTHULB,0.0,1.0,395,,0.0,,1,1,395,,0.0,,,,,,,,,,,,,,,1,1,395,,0.0,,,,,,,,,,1,1,395,,0.0,,,,,,,,,,,,,,,,,,1,1,395,,0.0,,,,,,,,,,,,,1,1,395,,0.0,0,0,0,0,0,0,0,0,0,,,,,1,1,,,,,,,,,,,,,,,,,,,,,,,,,,,,,,,,,,,,,,,,,,,,,,,,,,,,,,,,,,,,,,,,,,,,,,,,,,,,,,,,,,,,,,,,,,,,,,,,,,,,,,,,,,,,,,,,,,,,,,,,,,,,,,,,,,,,,,,,,,,,,,,,,,,,,,,,,,,,,,,,,,,,,,,,,,,,,,,,,,,,,,,,,,,,,,,,,,,,,,,,,,,,,,,,,,,,,,,,,,,,,,,,,,,,,,,,,,,,,,,,,,,,,,,,,,,,,,,,,,,,,,,,,,,,,,,,,,,,,,,,,,,,,,,,,,,,,,,,,,,,,,,,,,,,,,,,,,,
396,xb21k731,,0,0,18,,,,0,,,0.0,,,,,,,,,,,,,,ryu6snyq,,,,,0,Experiment_1_Persistence,https://app.prolific.com/submissions/complete?cc=C1BTHULB,0.0,1.0,396,,0.0,,1,1,396,,0.0,,,,,,,,,,,,,,,1,1,396,,0.0,,,,,,,,,,1,1,396,,0.0,,,,,,,,,,,,,,,,,,1,1,396,,0.0,,,,,,,,,,,,,1,1,396,,0.0,0,0,0,0,0,0,0,0,0,,,,,1,1,,,,,,,,,,,,,,,,,,,,,,,,,,,,,,,,,,,,,,,,,,,,,,,,,,,,,,,,,,,,,,,,,,,,,,,,,,,,,,,,,,,,,,,,,,,,,,,,,,,,,,,,,,,,,,,,,,,,,,,,,,,,,,,,,,,,,,,,,,,,,,,,,,,,,,,,,,,,,,,,,,,,,,,,,,,,,,,,,,,,,,,,,,,,,,,,,,,,,,,,,,,,,,,,,,,,,,,,,,,,,,,,,,,,,,,,,,,,,,,,,,,,,,,,,,,,,,,,,,,,,,,,,,,,,,,,,,,,,,,,,,,,,,,,,,,,,,,,,,,,,,,,,,,,,,,,,,,
397,movqs8p5,,0,0,18,,,,0,,,0.0,,,,,,,,,,,,,,ryu6snyq,,,,,0,Experiment_1_Persistence,https://app.prolific.com/submissions/complete?cc=C1BTHULB,0.0,1.0,397,,0.0,,1,1,397,,0.0,,,,,,,,,,,,,,,1,1,397,,0.0,,,,,,,,,,1,1,397,,0.0,,,,,,,,,,,,,,,,,,1,1,397,,0.0,,,,,,,,,,,,,1,1,397,,0.0,0,0,0,0,0,0,0,0,0,,,,,1,1,,,,,,,,,,,,,,,,,,,,,,,,,,,,,,,,,,,,,,,,,,,,,,,,,,,,,,,,,,,,,,,,,,,,,,,,,,,,,,,,,,,,,,,,,,,,,,,,,,,,,,,,,,,,,,,,,,,,,,,,,,,,,,,,,,,,,,,,,,,,,,,,,,,,,,,,,,,,,,,,,,,,,,,,,,,,,,,,,,,,,,,,,,,,,,,,,,,,,,,,,,,,,,,,,,,,,,,,,,,,,,,,,,,,,,,,,,,,,,,,,,,,,,,,,,,,,,,,,,,,,,,,,,,,,,,,,,,,,,,,,,,,,,,,,,,,,,,,,,,,,,,,,,,,,,,,,,,
398,xo2ia2ik,,0,0,18,,,,0,,,0.0,,,,,,,,,,,,,,ryu6snyq,,,,,0,Experiment_1_Persistence,https://app.prolific.com/submissions/complete?cc=C1BTHULB,0.0,1.0,398,,0.0,,1,1,398,,0.0,,,,,,,,,,,,,,,1,1,398,,0.0,,,,,,,,,,1,1,398,,0.0,,,,,,,,,,,,,,,,,,1,1,398,,0.0,,,,,,,,,,,,,1,1,398,,0.0,0,0,0,0,0,0,0,0,0,,,,,1,1,,,,,,,,,,,,,,,,,,,,,,,,,,,,,,,,,,,,,,,,,,,,,,,,,,,,,,,,,,,,,,,,,,,,,,,,,,,,,,,,,,,,,,,,,,,,,,,,,,,,,,,,,,,,,,,,,,,,,,,,,,,,,,,,,,,,,,,,,,,,,,,,,,,,,,,,,,,,,,,,,,,,,,,,,,,,,,,,,,,,,,,,,,,,,,,,,,,,,,,,,,,,,,,,,,,,,,,,,,,,,,,,,,,,,,,,,,,,,,,,,,,,,,,,,,,,,,,,,,,,,,,,,,,,,,,,,,,,,,,,,,,,,,,,,,,,,,,,,,,,,,,,,,,,,,,,,,,
399,828h0i75,,0,0,18,,,,0,,,0.0,,,,,,,,,,,,,,ryu6snyq,,,,,0,Experiment_1_Persistence,https://app.prolific.com/submissions/complete?cc=C1BTHULB,0.0,1.0,399,,0.0,,1,1,399,,0.0,,,,,,,,,,,,,,,1,1,399,,0.0,,,,,,,,,,1,1,399,,0.0,,,,,,,,,,,,,,,,,,1,1,399,,0.0,,,,,,,,,,,,,1,1,399,,0.0,0,0,0,0,0,0,0,0,0,,,,,1,1,,,,,,,,,,,,,,,,,,,,,,,,,,,,,,,,,,,,,,,,,,,,,,,,,,,,,,,,,,,,,,,,,,,,,,,,,,,,,,,,,,,,,,,,,,,,,,,,,,,,,,,,,,,,,,,,,,,,,,,,,,,,,,,,,,,,,,,,,,,,,,,,,,,,,,,,,,,,,,,,,,,,,,,,,,,,,,,,,,,,,,,,,,,,,,,,,,,,,,,,,,,,,,,,,,,,,,,,,,,,,,,,,,,,,,,,,,,,,,,,,,,,,,,,,,,,,,,,,,,,,,,,,,,,,,,,,,,,,,,,,,,,,,,,,,,,,,,,,,,,,,,,,,,,,,,,,,,
400,8r8oxqg3,,0,0,18,,,,0,,,0.0,,,,,,,,,,,,,,ryu6snyq,,,,,0,Experiment_1_Persistence,https://app.prolific.com/submissions/complete?cc=C1BTHULB,0.0,1.0,400,,0.0,,1,1,400,,0.0,,,,,,,,,,,,,,,1,1,400,,0.0,,,,,,,,,,1,1,400,,0.0,,,,,,,,,,,,,,,,,,1,1,400,,0.0,,,,,,,,,,,,,1,1,400,,0.0,0,0,0,0,0,0,0,0,0,,,,,1,1,,,,,,,,,,,,,,,,,,,,,,,,,,,,,,,,,,,,,,,,,,,,,,,,,,,,,,,,,,,,,,,,,,,,,,,,,,,,,,,,,,,,,,,,,,,,,,,,,,,,,,,,,,,,,,,,,,,,,,,,,,,,,,,,,,,,,,,,,,,,,,,,,,,,,,,,,,,,,,,,,,,,,,,,,,,,,,,,,,,,,,,,,,,,,,,,,,,,,,,,,,,,,,,,,,,,,,,,,,,,,,,,,,,,,,,,,,,,,,,,,,,,,,,,,,,,,,,,,,,,,,,,,,,,,,,,,,,,,,,,,,,,,,,,,,,,,,,,,,,,,,,,,,,,,,,,,,,
401,gfar2lf2,,0,0,18,,,,0,,,0.0,,,,,,,,,,,,,,ryu6snyq,,,,,0,Experiment_1_Persistence,https://app.prolific.com/submissions/complete?cc=C1BTHULB,0.0,1.0,401,,0.0,,1,1,401,,0.0,,,,,,,,,,,,,,,1,1,401,,0.0,,,,,,,,,,1,1,401,,0.0,,,,,,,,,,,,,,,,,,1,1,401,,0.0,,,,,,,,,,,,,1,1,401,,0.0,0,0,0,0,0,0,0,0,0,,,,,1,1,,,,,,,,,,,,,,,,,,,,,,,,,,,,,,,,,,,,,,,,,,,,,,,,,,,,,,,,,,,,,,,,,,,,,,,,,,,,,,,,,,,,,,,,,,,,,,,,,,,,,,,,,,,,,,,,,,,,,,,,,,,,,,,,,,,,,,,,,,,,,,,,,,,,,,,,,,,,,,,,,,,,,,,,,,,,,,,,,,,,,,,,,,,,,,,,,,,,,,,,,,,,,,,,,,,,,,,,,,,,,,,,,,,,,,,,,,,,,,,,,,,,,,,,,,,,,,,,,,,,,,,,,,,,,,,,,,,,,,,,,,,,,,,,,,,,,,,,,,,,,,,,,,,,,,,,,,,
402,e70bftvl,,0,0,18,,,,0,,,0.0,,,,,,,,,,,,,,ryu6snyq,,,,,0,Experiment_1_Persistence,https://app.prolific.com/submissions/complete?cc=C1BTHULB,0.0,1.0,402,,0.0,,1,1,402,,0.0,,,,,,,,,,,,,,,1,1,402,,0.0,,,,,,,,,,1,1,402,,0.0,,,,,,,,,,,,,,,,,,1,1,402,,0.0,,,,,,,,,,,,,1,1,402,,0.0,0,0,0,0,0,0,0,0,0,,,,,1,1,,,,,,,,,,,,,,,,,,,,,,,,,,,,,,,,,,,,,,,,,,,,,,,,,,,,,,,,,,,,,,,,,,,,,,,,,,,,,,,,,,,,,,,,,,,,,,,,,,,,,,,,,,,,,,,,,,,,,,,,,,,,,,,,,,,,,,,,,,,,,,,,,,,,,,,,,,,,,,,,,,,,,,,,,,,,,,,,,,,,,,,,,,,,,,,,,,,,,,,,,,,,,,,,,,,,,,,,,,,,,,,,,,,,,,,,,,,,,,,,,,,,,,,,,,,,,,,,,,,,,,,,,,,,,,,,,,,,,,,,,,,,,,,,,,,,,,,,,,,,,,,,,,,,,,,,,,,
403,z32hiwzq,,0,0,18,,,,0,,,0.0,,,,,,,,,,,,,,ryu6snyq,,,,,0,Experiment_1_Persistence,https://app.prolific.com/submissions/complete?cc=C1BTHULB,0.0,1.0,403,,0.0,,1,1,403,,0.0,,,,,,,,,,,,,,,1,1,403,,0.0,,,,,,,,,,1,1,403,,0.0,,,,,,,,,,,,,,,,,,1,1,403,,0.0,,,,,,,,,,,,,1,1,403,,0.0,0,0,0,0,0,0,0,0,0,,,,,1,1,,,,,,,,,,,,,,,,,,,,,,,,,,,,,,,,,,,,,,,,,,,,,,,,,,,,,,,,,,,,,,,,,,,,,,,,,,,,,,,,,,,,,,,,,,,,,,,,,,,,,,,,,,,,,,,,,,,,,,,,,,,,,,,,,,,,,,,,,,,,,,,,,,,,,,,,,,,,,,,,,,,,,,,,,,,,,,,,,,,,,,,,,,,,,,,,,,,,,,,,,,,,,,,,,,,,,,,,,,,,,,,,,,,,,,,,,,,,,,,,,,,,,,,,,,,,,,,,,,,,,,,,,,,,,,,,,,,,,,,,,,,,,,,,,,,,,,,,,,,,,,,,,,,,,,,,,,,
404,n4grqnvy,,0,0,18,,,,0,,,0.0,,,,,,,,,,,,,,ryu6snyq,,,,,0,Experiment_1_Persistence,https://app.prolific.com/submissions/complete?cc=C1BTHULB,0.0,1.0,404,,0.0,,1,1,404,,0.0,,,,,,,,,,,,,,,1,1,404,,0.0,,,,,,,,,,1,1,404,,0.0,,,,,,,,,,,,,,,,,,1,1,404,,0.0,,,,,,,,,,,,,1,1,404,,0.0,0,0,0,0,0,0,0,0,0,,,,,1,1,,,,,,,,,,,,,,,,,,,,,,,,,,,,,,,,,,,,,,,,,,,,,,,,,,,,,,,,,,,,,,,,,,,,,,,,,,,,,,,,,,,,,,,,,,,,,,,,,,,,,,,,,,,,,,,,,,,,,,,,,,,,,,,,,,,,,,,,,,,,,,,,,,,,,,,,,,,,,,,,,,,,,,,,,,,,,,,,,,,,,,,,,,,,,,,,,,,,,,,,,,,,,,,,,,,,,,,,,,,,,,,,,,,,,,,,,,,,,,,,,,,,,,,,,,,,,,,,,,,,,,,,,,,,,,,,,,,,,,,,,,,,,,,,,,,,,,,,,,,,,,,,,,,,,,,,,,,
405,sfrmpf2f,,0,0,18,,,,0,,,0.0,,,,,,,,,,,,,,ryu6snyq,,,,,0,Experiment_1_Persistence,https://app.prolific.com/submissions/complete?cc=C1BTHULB,0.0,1.0,405,,0.0,,1,1,405,,0.0,,,,,,,,,,,,,,,1,1,405,,0.0,,,,,,,,,,1,1,405,,0.0,,,,,,,,,,,,,,,,,,1,1,405,,0.0,,,,,,,,,,,,,1,1,405,,0.0,0,0,0,0,0,0,0,0,0,,,,,1,1,,,,,,,,,,,,,,,,,,,,,,,,,,,,,,,,,,,,,,,,,,,,,,,,,,,,,,,,,,,,,,,,,,,,,,,,,,,,,,,,,,,,,,,,,,,,,,,,,,,,,,,,,,,,,,,,,,,,,,,,,,,,,,,,,,,,,,,,,,,,,,,,,,,,,,,,,,,,,,,,,,,,,,,,,,,,,,,,,,,,,,,,,,,,,,,,,,,,,,,,,,,,,,,,,,,,,,,,,,,,,,,,,,,,,,,,,,,,,,,,,,,,,,,,,,,,,,,,,,,,,,,,,,,,,,,,,,,,,,,,,,,,,,,,,,,,,,,,,,,,,,,,,,,,,,,,,,,
406,k87csviq,,0,0,18,,,,0,,,0.0,,,,,,,,,,,,,,ryu6snyq,,,,,0,Experiment_1_Persistence,https://app.prolific.com/submissions/complete?cc=C1BTHULB,0.0,1.0,406,,0.0,,1,1,406,,0.0,,,,,,,,,,,,,,,1,1,406,,0.0,,,,,,,,,,1,1,406,,0.0,,,,,,,,,,,,,,,,,,1,1,406,,0.0,,,,,,,,,,,,,1,1,406,,0.0,0,0,0,0,0,0,0,0,0,,,,,1,1,,,,,,,,,,,,,,,,,,,,,,,,,,,,,,,,,,,,,,,,,,,,,,,,,,,,,,,,,,,,,,,,,,,,,,,,,,,,,,,,,,,,,,,,,,,,,,,,,,,,,,,,,,,,,,,,,,,,,,,,,,,,,,,,,,,,,,,,,,,,,,,,,,,,,,,,,,,,,,,,,,,,,,,,,,,,,,,,,,,,,,,,,,,,,,,,,,,,,,,,,,,,,,,,,,,,,,,,,,,,,,,,,,,,,,,,,,,,,,,,,,,,,,,,,,,,,,,,,,,,,,,,,,,,,,,,,,,,,,,,,,,,,,,,,,,,,,,,,,,,,,,,,,,,,,,,,,,
407,krb5jaco,,0,0,18,,,,0,,,0.0,,,,,,,,,,,,,,ryu6snyq,,,,,0,Experiment_1_Persistence,https://app.prolific.com/submissions/complete?cc=C1BTHULB,0.0,1.0,407,,0.0,,1,1,407,,0.0,,,,,,,,,,,,,,,1,1,407,,0.0,,,,,,,,,,1,1,407,,0.0,,,,,,,,,,,,,,,,,,1,1,407,,0.0,,,,,,,,,,,,,1,1,407,,0.0,0,0,0,0,0,0,0,0,0,,,,,1,1,,,,,,,,,,,,,,,,,,,,,,,,,,,,,,,,,,,,,,,,,,,,,,,,,,,,,,,,,,,,,,,,,,,,,,,,,,,,,,,,,,,,,,,,,,,,,,,,,,,,,,,,,,,,,,,,,,,,,,,,,,,,,,,,,,,,,,,,,,,,,,,,,,,,,,,,,,,,,,,,,,,,,,,,,,,,,,,,,,,,,,,,,,,,,,,,,,,,,,,,,,,,,,,,,,,,,,,,,,,,,,,,,,,,,,,,,,,,,,,,,,,,,,,,,,,,,,,,,,,,,,,,,,,,,,,,,,,,,,,,,,,,,,,,,,,,,,,,,,,,,,,,,,,,,,,,,,,
408,ovyh7jy7,,0,0,18,,,,0,,,0.0,,,,,,,,,,,,,,ryu6snyq,,,,,0,Experiment_1_Persistence,https://app.prolific.com/submissions/complete?cc=C1BTHULB,0.0,1.0,408,,0.0,,1,1,408,,0.0,,,,,,,,,,,,,,,1,1,408,,0.0,,,,,,,,,,1,1,408,,0.0,,,,,,,,,,,,,,,,,,1,1,408,,0.0,,,,,,,,,,,,,1,1,408,,0.0,0,0,0,0,0,0,0,0,0,,,,,1,1,,,,,,,,,,,,,,,,,,,,,,,,,,,,,,,,,,,,,,,,,,,,,,,,,,,,,,,,,,,,,,,,,,,,,,,,,,,,,,,,,,,,,,,,,,,,,,,,,,,,,,,,,,,,,,,,,,,,,,,,,,,,,,,,,,,,,,,,,,,,,,,,,,,,,,,,,,,,,,,,,,,,,,,,,,,,,,,,,,,,,,,,,,,,,,,,,,,,,,,,,,,,,,,,,,,,,,,,,,,,,,,,,,,,,,,,,,,,,,,,,,,,,,,,,,,,,,,,,,,,,,,,,,,,,,,,,,,,,,,,,,,,,,,,,,,,,,,,,,,,,,,,,,,,,,,,,,,
409,g4iilk2z,,0,0,18,,,,0,,,0.0,,,,,,,,,,,,,,ryu6snyq,,,,,0,Experiment_1_Persistence,https://app.prolific.com/submissions/complete?cc=C1BTHULB,0.0,1.0,409,,0.0,,1,1,409,,0.0,,,,,,,,,,,,,,,1,1,409,,0.0,,,,,,,,,,1,1,409,,0.0,,,,,,,,,,,,,,,,,,1,1,409,,0.0,,,,,,,,,,,,,1,1,409,,0.0,0,0,0,0,0,0,0,0,0,,,,,1,1,,,,,,,,,,,,,,,,,,,,,,,,,,,,,,,,,,,,,,,,,,,,,,,,,,,,,,,,,,,,,,,,,,,,,,,,,,,,,,,,,,,,,,,,,,,,,,,,,,,,,,,,,,,,,,,,,,,,,,,,,,,,,,,,,,,,,,,,,,,,,,,,,,,,,,,,,,,,,,,,,,,,,,,,,,,,,,,,,,,,,,,,,,,,,,,,,,,,,,,,,,,,,,,,,,,,,,,,,,,,,,,,,,,,,,,,,,,,,,,,,,,,,,,,,,,,,,,,,,,,,,,,,,,,,,,,,,,,,,,,,,,,,,,,,,,,,,,,,,,,,,,,,,,,,,,,,,,
410,908dkrk1,,0,0,18,,,,0,,,0.0,,,,,,,,,,,,,,ryu6snyq,,,,,0,Experiment_1_Persistence,https://app.prolific.com/submissions/complete?cc=C1BTHULB,0.0,1.0,410,,0.0,,1,1,410,,0.0,,,,,,,,,,,,,,,1,1,410,,0.0,,,,,,,,,,1,1,410,,0.0,,,,,,,,,,,,,,,,,,1,1,410,,0.0,,,,,,,,,,,,,1,1,410,,0.0,0,0,0,0,0,0,0,0,0,,,,,1,1,,,,,,,,,,,,,,,,,,,,,,,,,,,,,,,,,,,,,,,,,,,,,,,,,,,,,,,,,,,,,,,,,,,,,,,,,,,,,,,,,,,,,,,,,,,,,,,,,,,,,,,,,,,,,,,,,,,,,,,,,,,,,,,,,,,,,,,,,,,,,,,,,,,,,,,,,,,,,,,,,,,,,,,,,,,,,,,,,,,,,,,,,,,,,,,,,,,,,,,,,,,,,,,,,,,,,,,,,,,,,,,,,,,,,,,,,,,,,,,,,,,,,,,,,,,,,,,,,,,,,,,,,,,,,,,,,,,,,,,,,,,,,,,,,,,,,,,,,,,,,,,,,,,,,,,,,,,
411,vehr8l1k,,0,0,18,,,,0,,,0.0,,,,,,,,,,,,,,ryu6snyq,,,,,0,Experiment_1_Persistence,https://app.prolific.com/submissions/complete?cc=C1BTHULB,0.0,1.0,411,,0.0,,1,1,411,,0.0,,,,,,,,,,,,,,,1,1,411,,0.0,,,,,,,,,,1,1,411,,0.0,,,,,,,,,,,,,,,,,,1,1,411,,0.0,,,,,,,,,,,,,1,1,411,,0.0,0,0,0,0,0,0,0,0,0,,,,,1,1,,,,,,,,,,,,,,,,,,,,,,,,,,,,,,,,,,,,,,,,,,,,,,,,,,,,,,,,,,,,,,,,,,,,,,,,,,,,,,,,,,,,,,,,,,,,,,,,,,,,,,,,,,,,,,,,,,,,,,,,,,,,,,,,,,,,,,,,,,,,,,,,,,,,,,,,,,,,,,,,,,,,,,,,,,,,,,,,,,,,,,,,,,,,,,,,,,,,,,,,,,,,,,,,,,,,,,,,,,,,,,,,,,,,,,,,,,,,,,,,,,,,,,,,,,,,,,,,,,,,,,,,,,,,,,,,,,,,,,,,,,,,,,,,,,,,,,,,,,,,,,,,,,,,,,,,,,,
412,sx9c9cs7,,0,0,18,,,,0,,,0.0,,,,,,,,,,,,,,ryu6snyq,,,,,0,Experiment_1_Persistence,https://app.prolific.com/submissions/complete?cc=C1BTHULB,0.0,1.0,412,,0.0,,1,1,412,,0.0,,,,,,,,,,,,,,,1,1,412,,0.0,,,,,,,,,,1,1,412,,0.0,,,,,,,,,,,,,,,,,,1,1,412,,0.0,,,,,,,,,,,,,1,1,412,,0.0,0,0,0,0,0,0,0,0,0,,,,,1,1,,,,,,,,,,,,,,,,,,,,,,,,,,,,,,,,,,,,,,,,,,,,,,,,,,,,,,,,,,,,,,,,,,,,,,,,,,,,,,,,,,,,,,,,,,,,,,,,,,,,,,,,,,,,,,,,,,,,,,,,,,,,,,,,,,,,,,,,,,,,,,,,,,,,,,,,,,,,,,,,,,,,,,,,,,,,,,,,,,,,,,,,,,,,,,,,,,,,,,,,,,,,,,,,,,,,,,,,,,,,,,,,,,,,,,,,,,,,,,,,,,,,,,,,,,,,,,,,,,,,,,,,,,,,,,,,,,,,,,,,,,,,,,,,,,,,,,,,,,,,,,,,,,,,,,,,,,,
413,wraji7kg,,0,0,18,,,,0,,,0.0,,,,,,,,,,,,,,ryu6snyq,,,,,0,Experiment_1_Persistence,https://app.prolific.com/submissions/complete?cc=C1BTHULB,0.0,1.0,413,,0.0,,1,1,413,,0.0,,,,,,,,,,,,,,,1,1,413,,0.0,,,,,,,,,,1,1,413,,0.0,,,,,,,,,,,,,,,,,,1,1,413,,0.0,,,,,,,,,,,,,1,1,413,,0.0,0,0,0,0,0,0,0,0,0,,,,,1,1,,,,,,,,,,,,,,,,,,,,,,,,,,,,,,,,,,,,,,,,,,,,,,,,,,,,,,,,,,,,,,,,,,,,,,,,,,,,,,,,,,,,,,,,,,,,,,,,,,,,,,,,,,,,,,,,,,,,,,,,,,,,,,,,,,,,,,,,,,,,,,,,,,,,,,,,,,,,,,,,,,,,,,,,,,,,,,,,,,,,,,,,,,,,,,,,,,,,,,,,,,,,,,,,,,,,,,,,,,,,,,,,,,,,,,,,,,,,,,,,,,,,,,,,,,,,,,,,,,,,,,,,,,,,,,,,,,,,,,,,,,,,,,,,,,,,,,,,,,,,,,,,,,,,,,,,,,,
414,twhx4q0n,,0,0,18,,,,0,,,0.0,,,,,,,,,,,,,,ryu6snyq,,,,,0,Experiment_1_Persistence,https://app.prolific.com/submissions/complete?cc=C1BTHULB,0.0,1.0,414,,0.0,,1,1,414,,0.0,,,,,,,,,,,,,,,1,1,414,,0.0,,,,,,,,,,1,1,414,,0.0,,,,,,,,,,,,,,,,,,1,1,414,,0.0,,,,,,,,,,,,,1,1,414,,0.0,0,0,0,0,0,0,0,0,0,,,,,1,1,,,,,,,,,,,,,,,,,,,,,,,,,,,,,,,,,,,,,,,,,,,,,,,,,,,,,,,,,,,,,,,,,,,,,,,,,,,,,,,,,,,,,,,,,,,,,,,,,,,,,,,,,,,,,,,,,,,,,,,,,,,,,,,,,,,,,,,,,,,,,,,,,,,,,,,,,,,,,,,,,,,,,,,,,,,,,,,,,,,,,,,,,,,,,,,,,,,,,,,,,,,,,,,,,,,,,,,,,,,,,,,,,,,,,,,,,,,,,,,,,,,,,,,,,,,,,,,,,,,,,,,,,,,,,,,,,,,,,,,,,,,,,,,,,,,,,,,,,,,,,,,,,,,,,,,,,,,
415,baxsronl,,0,0,18,,,,0,,,0.0,,,,,,,,,,,,,,ryu6snyq,,,,,0,Experiment_1_Persistence,https://app.prolific.com/submissions/complete?cc=C1BTHULB,0.0,1.0,415,,0.0,,1,1,415,,0.0,,,,,,,,,,,,,,,1,1,415,,0.0,,,,,,,,,,1,1,415,,0.0,,,,,,,,,,,,,,,,,,1,1,415,,0.0,,,,,,,,,,,,,1,1,415,,0.0,0,0,0,0,0,0,0,0,0,,,,,1,1,,,,,,,,,,,,,,,,,,,,,,,,,,,,,,,,,,,,,,,,,,,,,,,,,,,,,,,,,,,,,,,,,,,,,,,,,,,,,,,,,,,,,,,,,,,,,,,,,,,,,,,,,,,,,,,,,,,,,,,,,,,,,,,,,,,,,,,,,,,,,,,,,,,,,,,,,,,,,,,,,,,,,,,,,,,,,,,,,,,,,,,,,,,,,,,,,,,,,,,,,,,,,,,,,,,,,,,,,,,,,,,,,,,,,,,,,,,,,,,,,,,,,,,,,,,,,,,,,,,,,,,,,,,,,,,,,,,,,,,,,,,,,,,,,,,,,,,,,,,,,,,,,,,,,,,,,,,
416,sb7y0iru,,0,0,18,,,,0,,,0.0,,,,,,,,,,,,,,ryu6snyq,,,,,0,Experiment_1_Persistence,https://app.prolific.com/submissions/complete?cc=C1BTHULB,0.0,1.0,416,,0.0,,1,1,416,,0.0,,,,,,,,,,,,,,,1,1,416,,0.0,,,,,,,,,,1,1,416,,0.0,,,,,,,,,,,,,,,,,,1,1,416,,0.0,,,,,,,,,,,,,1,1,416,,0.0,0,0,0,0,0,0,0,0,0,,,,,1,1,,,,,,,,,,,,,,,,,,,,,,,,,,,,,,,,,,,,,,,,,,,,,,,,,,,,,,,,,,,,,,,,,,,,,,,,,,,,,,,,,,,,,,,,,,,,,,,,,,,,,,,,,,,,,,,,,,,,,,,,,,,,,,,,,,,,,,,,,,,,,,,,,,,,,,,,,,,,,,,,,,,,,,,,,,,,,,,,,,,,,,,,,,,,,,,,,,,,,,,,,,,,,,,,,,,,,,,,,,,,,,,,,,,,,,,,,,,,,,,,,,,,,,,,,,,,,,,,,,,,,,,,,,,,,,,,,,,,,,,,,,,,,,,,,,,,,,,,,,,,,,,,,,,,,,,,,,,
417,7kyk2avq,,0,0,18,,,,0,,,0.0,,,,,,,,,,,,,,ryu6snyq,,,,,0,Experiment_1_Persistence,https://app.prolific.com/submissions/complete?cc=C1BTHULB,0.0,1.0,417,,0.0,,1,1,417,,0.0,,,,,,,,,,,,,,,1,1,417,,0.0,,,,,,,,,,1,1,417,,0.0,,,,,,,,,,,,,,,,,,1,1,417,,0.0,,,,,,,,,,,,,1,1,417,,0.0,0,0,0,0,0,0,0,0,0,,,,,1,1,,,,,,,,,,,,,,,,,,,,,,,,,,,,,,,,,,,,,,,,,,,,,,,,,,,,,,,,,,,,,,,,,,,,,,,,,,,,,,,,,,,,,,,,,,,,,,,,,,,,,,,,,,,,,,,,,,,,,,,,,,,,,,,,,,,,,,,,,,,,,,,,,,,,,,,,,,,,,,,,,,,,,,,,,,,,,,,,,,,,,,,,,,,,,,,,,,,,,,,,,,,,,,,,,,,,,,,,,,,,,,,,,,,,,,,,,,,,,,,,,,,,,,,,,,,,,,,,,,,,,,,,,,,,,,,,,,,,,,,,,,,,,,,,,,,,,,,,,,,,,,,,,,,,,,,,,,,
418,db1pmb4e,,0,0,18,,,,0,,,0.0,,,,,,,,,,,,,,ryu6snyq,,,,,0,Experiment_1_Persistence,https://app.prolific.com/submissions/complete?cc=C1BTHULB,0.0,1.0,418,,0.0,,1,1,418,,0.0,,,,,,,,,,,,,,,1,1,418,,0.0,,,,,,,,,,1,1,418,,0.0,,,,,,,,,,,,,,,,,,1,1,418,,0.0,,,,,,,,,,,,,1,1,418,,0.0,0,0,0,0,0,0,0,0,0,,,,,1,1,,,,,,,,,,,,,,,,,,,,,,,,,,,,,,,,,,,,,,,,,,,,,,,,,,,,,,,,,,,,,,,,,,,,,,,,,,,,,,,,,,,,,,,,,,,,,,,,,,,,,,,,,,,,,,,,,,,,,,,,,,,,,,,,,,,,,,,,,,,,,,,,,,,,,,,,,,,,,,,,,,,,,,,,,,,,,,,,,,,,,,,,,,,,,,,,,,,,,,,,,,,,,,,,,,,,,,,,,,,,,,,,,,,,,,,,,,,,,,,,,,,,,,,,,,,,,,,,,,,,,,,,,,,,,,,,,,,,,,,,,,,,,,,,,,,,,,,,,,,,,,,,,,,,,,,,,,,
419,qz0ci5xq,,0,0,18,,,,0,,,0.0,,,,,,,,,,,,,,ryu6snyq,,,,,0,Experiment_1_Persistence,https://app.prolific.com/submissions/complete?cc=C1BTHULB,0.0,1.0,419,,0.0,,1,1,419,,0.0,,,,,,,,,,,,,,,1,1,419,,0.0,,,,,,,,,,1,1,419,,0.0,,,,,,,,,,,,,,,,,,1,1,419,,0.0,,,,,,,,,,,,,1,1,419,,0.0,0,0,0,0,0,0,0,0,0,,,,,1,1,,,,,,,,,,,,,,,,,,,,,,,,,,,,,,,,,,,,,,,,,,,,,,,,,,,,,,,,,,,,,,,,,,,,,,,,,,,,,,,,,,,,,,,,,,,,,,,,,,,,,,,,,,,,,,,,,,,,,,,,,,,,,,,,,,,,,,,,,,,,,,,,,,,,,,,,,,,,,,,,,,,,,,,,,,,,,,,,,,,,,,,,,,,,,,,,,,,,,,,,,,,,,,,,,,,,,,,,,,,,,,,,,,,,,,,,,,,,,,,,,,,,,,,,,,,,,,,,,,,,,,,,,,,,,,,,,,,,,,,,,,,,,,,,,,,,,,,,,,,,,,,,,,,,,,,,,,,
420,rzxoni5e,,0,0,18,,,,0,,,0.0,,,,,,,,,,,,,,ryu6snyq,,,,,0,Experiment_1_Persistence,https://app.prolific.com/submissions/complete?cc=C1BTHULB,0.0,1.0,420,,0.0,,1,1,420,,0.0,,,,,,,,,,,,,,,1,1,420,,0.0,,,,,,,,,,1,1,420,,0.0,,,,,,,,,,,,,,,,,,1,1,420,,0.0,,,,,,,,,,,,,1,1,420,,0.0,0,0,0,0,0,0,0,0,0,,,,,1,1,,,,,,,,,,,,,,,,,,,,,,,,,,,,,,,,,,,,,,,,,,,,,,,,,,,,,,,,,,,,,,,,,,,,,,,,,,,,,,,,,,,,,,,,,,,,,,,,,,,,,,,,,,,,,,,,,,,,,,,,,,,,,,,,,,,,,,,,,,,,,,,,,,,,,,,,,,,,,,,,,,,,,,,,,,,,,,,,,,,,,,,,,,,,,,,,,,,,,,,,,,,,,,,,,,,,,,,,,,,,,,,,,,,,,,,,,,,,,,,,,,,,,,,,,,,,,,,,,,,,,,,,,,,,,,,,,,,,,,,,,,,,,,,,,,,,,,,,,,,,,,,,,,,,,,,,,,,
421,gi48mrbj,,0,0,18,,,,0,,,0.0,,,,,,,,,,,,,,ryu6snyq,,,,,0,Experiment_1_Persistence,https://app.prolific.com/submissions/complete?cc=C1BTHULB,0.0,1.0,421,,0.0,,1,1,421,,0.0,,,,,,,,,,,,,,,1,1,421,,0.0,,,,,,,,,,1,1,421,,0.0,,,,,,,,,,,,,,,,,,1,1,421,,0.0,,,,,,,,,,,,,1,1,421,,0.0,0,0,0,0,0,0,0,0,0,,,,,1,1,,,,,,,,,,,,,,,,,,,,,,,,,,,,,,,,,,,,,,,,,,,,,,,,,,,,,,,,,,,,,,,,,,,,,,,,,,,,,,,,,,,,,,,,,,,,,,,,,,,,,,,,,,,,,,,,,,,,,,,,,,,,,,,,,,,,,,,,,,,,,,,,,,,,,,,,,,,,,,,,,,,,,,,,,,,,,,,,,,,,,,,,,,,,,,,,,,,,,,,,,,,,,,,,,,,,,,,,,,,,,,,,,,,,,,,,,,,,,,,,,,,,,,,,,,,,,,,,,,,,,,,,,,,,,,,,,,,,,,,,,,,,,,,,,,,,,,,,,,,,,,,,,,,,,,,,,,,
422,kw7g9fu8,,0,0,18,,,,0,,,0.0,,,,,,,,,,,,,,ryu6snyq,,,,,0,Experiment_1_Persistence,https://app.prolific.com/submissions/complete?cc=C1BTHULB,0.0,1.0,422,,0.0,,1,1,422,,0.0,,,,,,,,,,,,,,,1,1,422,,0.0,,,,,,,,,,1,1,422,,0.0,,,,,,,,,,,,,,,,,,1,1,422,,0.0,,,,,,,,,,,,,1,1,422,,0.0,0,0,0,0,0,0,0,0,0,,,,,1,1,,,,,,,,,,,,,,,,,,,,,,,,,,,,,,,,,,,,,,,,,,,,,,,,,,,,,,,,,,,,,,,,,,,,,,,,,,,,,,,,,,,,,,,,,,,,,,,,,,,,,,,,,,,,,,,,,,,,,,,,,,,,,,,,,,,,,,,,,,,,,,,,,,,,,,,,,,,,,,,,,,,,,,,,,,,,,,,,,,,,,,,,,,,,,,,,,,,,,,,,,,,,,,,,,,,,,,,,,,,,,,,,,,,,,,,,,,,,,,,,,,,,,,,,,,,,,,,,,,,,,,,,,,,,,,,,,,,,,,,,,,,,,,,,,,,,,,,,,,,,,,,,,,,,,,,,,,,
423,yi6dsevv,,0,0,18,,,,0,,,0.0,,,,,,,,,,,,,,ryu6snyq,,,,,0,Experiment_1_Persistence,https://app.prolific.com/submissions/complete?cc=C1BTHULB,0.0,1.0,423,,0.0,,1,1,423,,0.0,,,,,,,,,,,,,,,1,1,423,,0.0,,,,,,,,,,1,1,423,,0.0,,,,,,,,,,,,,,,,,,1,1,423,,0.0,,,,,,,,,,,,,1,1,423,,0.0,0,0,0,0,0,0,0,0,0,,,,,1,1,,,,,,,,,,,,,,,,,,,,,,,,,,,,,,,,,,,,,,,,,,,,,,,,,,,,,,,,,,,,,,,,,,,,,,,,,,,,,,,,,,,,,,,,,,,,,,,,,,,,,,,,,,,,,,,,,,,,,,,,,,,,,,,,,,,,,,,,,,,,,,,,,,,,,,,,,,,,,,,,,,,,,,,,,,,,,,,,,,,,,,,,,,,,,,,,,,,,,,,,,,,,,,,,,,,,,,,,,,,,,,,,,,,,,,,,,,,,,,,,,,,,,,,,,,,,,,,,,,,,,,,,,,,,,,,,,,,,,,,,,,,,,,,,,,,,,,,,,,,,,,,,,,,,,,,,,,,
424,9jb9lvkr,,0,0,18,,,,0,,,0.0,,,,,,,,,,,,,,ryu6snyq,,,,,0,Experiment_1_Persistence,https://app.prolific.com/submissions/complete?cc=C1BTHULB,0.0,1.0,424,,0.0,,1,1,424,,0.0,,,,,,,,,,,,,,,1,1,424,,0.0,,,,,,,,,,1,1,424,,0.0,,,,,,,,,,,,,,,,,,1,1,424,,0.0,,,,,,,,,,,,,1,1,424,,0.0,0,0,0,0,0,0,0,0,0,,,,,1,1,,,,,,,,,,,,,,,,,,,,,,,,,,,,,,,,,,,,,,,,,,,,,,,,,,,,,,,,,,,,,,,,,,,,,,,,,,,,,,,,,,,,,,,,,,,,,,,,,,,,,,,,,,,,,,,,,,,,,,,,,,,,,,,,,,,,,,,,,,,,,,,,,,,,,,,,,,,,,,,,,,,,,,,,,,,,,,,,,,,,,,,,,,,,,,,,,,,,,,,,,,,,,,,,,,,,,,,,,,,,,,,,,,,,,,,,,,,,,,,,,,,,,,,,,,,,,,,,,,,,,,,,,,,,,,,,,,,,,,,,,,,,,,,,,,,,,,,,,,,,,,,,,,,,,,,,,,,
425,c7ucq0sp,,0,0,18,,,,0,,,0.0,,,,,,,,,,,,,,ryu6snyq,,,,,0,Experiment_1_Persistence,https://app.prolific.com/submissions/complete?cc=C1BTHULB,0.0,1.0,425,,0.0,,1,1,425,,0.0,,,,,,,,,,,,,,,1,1,425,,0.0,,,,,,,,,,1,1,425,,0.0,,,,,,,,,,,,,,,,,,1,1,425,,0.0,,,,,,,,,,,,,1,1,425,,0.0,0,0,0,0,0,0,0,0,0,,,,,1,1,,,,,,,,,,,,,,,,,,,,,,,,,,,,,,,,,,,,,,,,,,,,,,,,,,,,,,,,,,,,,,,,,,,,,,,,,,,,,,,,,,,,,,,,,,,,,,,,,,,,,,,,,,,,,,,,,,,,,,,,,,,,,,,,,,,,,,,,,,,,,,,,,,,,,,,,,,,,,,,,,,,,,,,,,,,,,,,,,,,,,,,,,,,,,,,,,,,,,,,,,,,,,,,,,,,,,,,,,,,,,,,,,,,,,,,,,,,,,,,,,,,,,,,,,,,,,,,,,,,,,,,,,,,,,,,,,,,,,,,,,,,,,,,,,,,,,,,,,,,,,,,,,,,,,,,,,,,
426,y4g12j2n,,0,0,18,,,,0,,,0.0,,,,,,,,,,,,,,ryu6snyq,,,,,0,Experiment_1_Persistence,https://app.prolific.com/submissions/complete?cc=C1BTHULB,0.0,1.0,426,,0.0,,1,1,426,,0.0,,,,,,,,,,,,,,,1,1,426,,0.0,,,,,,,,,,1,1,426,,0.0,,,,,,,,,,,,,,,,,,1,1,426,,0.0,,,,,,,,,,,,,1,1,426,,0.0,0,0,0,0,0,0,0,0,0,,,,,1,1,,,,,,,,,,,,,,,,,,,,,,,,,,,,,,,,,,,,,,,,,,,,,,,,,,,,,,,,,,,,,,,,,,,,,,,,,,,,,,,,,,,,,,,,,,,,,,,,,,,,,,,,,,,,,,,,,,,,,,,,,,,,,,,,,,,,,,,,,,,,,,,,,,,,,,,,,,,,,,,,,,,,,,,,,,,,,,,,,,,,,,,,,,,,,,,,,,,,,,,,,,,,,,,,,,,,,,,,,,,,,,,,,,,,,,,,,,,,,,,,,,,,,,,,,,,,,,,,,,,,,,,,,,,,,,,,,,,,,,,,,,,,,,,,,,,,,,,,,,,,,,,,,,,,,,,,,,,
427,tm8qk1di,,0,0,18,,,,0,,,0.0,,,,,,,,,,,,,,ryu6snyq,,,,,0,Experiment_1_Persistence,https://app.prolific.com/submissions/complete?cc=C1BTHULB,0.0,1.0,427,,0.0,,1,1,427,,0.0,,,,,,,,,,,,,,,1,1,427,,0.0,,,,,,,,,,1,1,427,,0.0,,,,,,,,,,,,,,,,,,1,1,427,,0.0,,,,,,,,,,,,,1,1,427,,0.0,0,0,0,0,0,0,0,0,0,,,,,1,1,,,,,,,,,,,,,,,,,,,,,,,,,,,,,,,,,,,,,,,,,,,,,,,,,,,,,,,,,,,,,,,,,,,,,,,,,,,,,,,,,,,,,,,,,,,,,,,,,,,,,,,,,,,,,,,,,,,,,,,,,,,,,,,,,,,,,,,,,,,,,,,,,,,,,,,,,,,,,,,,,,,,,,,,,,,,,,,,,,,,,,,,,,,,,,,,,,,,,,,,,,,,,,,,,,,,,,,,,,,,,,,,,,,,,,,,,,,,,,,,,,,,,,,,,,,,,,,,,,,,,,,,,,,,,,,,,,,,,,,,,,,,,,,,,,,,,,,,,,,,,,,,,,,,,,,,,,,
428,flu7d94m,,0,0,18,,,,0,,,0.0,,,,,,,,,,,,,,ryu6snyq,,,,,0,Experiment_1_Persistence,https://app.prolific.com/submissions/complete?cc=C1BTHULB,0.0,1.0,428,,0.0,,1,1,428,,0.0,,,,,,,,,,,,,,,1,1,428,,0.0,,,,,,,,,,1,1,428,,0.0,,,,,,,,,,,,,,,,,,1,1,428,,0.0,,,,,,,,,,,,,1,1,428,,0.0,0,0,0,0,0,0,0,0,0,,,,,1,1,,,,,,,,,,,,,,,,,,,,,,,,,,,,,,,,,,,,,,,,,,,,,,,,,,,,,,,,,,,,,,,,,,,,,,,,,,,,,,,,,,,,,,,,,,,,,,,,,,,,,,,,,,,,,,,,,,,,,,,,,,,,,,,,,,,,,,,,,,,,,,,,,,,,,,,,,,,,,,,,,,,,,,,,,,,,,,,,,,,,,,,,,,,,,,,,,,,,,,,,,,,,,,,,,,,,,,,,,,,,,,,,,,,,,,,,,,,,,,,,,,,,,,,,,,,,,,,,,,,,,,,,,,,,,,,,,,,,,,,,,,,,,,,,,,,,,,,,,,,,,,,,,,,,,,,,,,,
429,bapvy400,,0,0,18,,,,0,,,0.0,,,,,,,,,,,,,,ryu6snyq,,,,,0,Experiment_1_Persistence,https://app.prolific.com/submissions/complete?cc=C1BTHULB,0.0,1.0,429,,0.0,,1,1,429,,0.0,,,,,,,,,,,,,,,1,1,429,,0.0,,,,,,,,,,1,1,429,,0.0,,,,,,,,,,,,,,,,,,1,1,429,,0.0,,,,,,,,,,,,,1,1,429,,0.0,0,0,0,0,0,0,0,0,0,,,,,1,1,,,,,,,,,,,,,,,,,,,,,,,,,,,,,,,,,,,,,,,,,,,,,,,,,,,,,,,,,,,,,,,,,,,,,,,,,,,,,,,,,,,,,,,,,,,,,,,,,,,,,,,,,,,,,,,,,,,,,,,,,,,,,,,,,,,,,,,,,,,,,,,,,,,,,,,,,,,,,,,,,,,,,,,,,,,,,,,,,,,,,,,,,,,,,,,,,,,,,,,,,,,,,,,,,,,,,,,,,,,,,,,,,,,,,,,,,,,,,,,,,,,,,,,,,,,,,,,,,,,,,,,,,,,,,,,,,,,,,,,,,,,,,,,,,,,,,,,,,,,,,,,,,,,,,,,,,,,
430,b72enxmp,,0,0,18,,,,0,,,0.0,,,,,,,,,,,,,,ryu6snyq,,,,,0,Experiment_1_Persistence,https://app.prolific.com/submissions/complete?cc=C1BTHULB,0.0,1.0,430,,0.0,,1,1,430,,0.0,,,,,,,,,,,,,,,1,1,430,,0.0,,,,,,,,,,1,1,430,,0.0,,,,,,,,,,,,,,,,,,1,1,430,,0.0,,,,,,,,,,,,,1,1,430,,0.0,0,0,0,0,0,0,0,0,0,,,,,1,1,,,,,,,,,,,,,,,,,,,,,,,,,,,,,,,,,,,,,,,,,,,,,,,,,,,,,,,,,,,,,,,,,,,,,,,,,,,,,,,,,,,,,,,,,,,,,,,,,,,,,,,,,,,,,,,,,,,,,,,,,,,,,,,,,,,,,,,,,,,,,,,,,,,,,,,,,,,,,,,,,,,,,,,,,,,,,,,,,,,,,,,,,,,,,,,,,,,,,,,,,,,,,,,,,,,,,,,,,,,,,,,,,,,,,,,,,,,,,,,,,,,,,,,,,,,,,,,,,,,,,,,,,,,,,,,,,,,,,,,,,,,,,,,,,,,,,,,,,,,,,,,,,,,,,,,,,,,
431,r06rk88g,,0,0,18,,,,0,,,0.0,,,,,,,,,,,,,,ryu6snyq,,,,,0,Experiment_1_Persistence,https://app.prolific.com/submissions/complete?cc=C1BTHULB,0.0,1.0,431,,0.0,,1,1,431,,0.0,,,,,,,,,,,,,,,1,1,431,,0.0,,,,,,,,,,1,1,431,,0.0,,,,,,,,,,,,,,,,,,1,1,431,,0.0,,,,,,,,,,,,,1,1,431,,0.0,0,0,0,0,0,0,0,0,0,,,,,1,1,,,,,,,,,,,,,,,,,,,,,,,,,,,,,,,,,,,,,,,,,,,,,,,,,,,,,,,,,,,,,,,,,,,,,,,,,,,,,,,,,,,,,,,,,,,,,,,,,,,,,,,,,,,,,,,,,,,,,,,,,,,,,,,,,,,,,,,,,,,,,,,,,,,,,,,,,,,,,,,,,,,,,,,,,,,,,,,,,,,,,,,,,,,,,,,,,,,,,,,,,,,,,,,,,,,,,,,,,,,,,,,,,,,,,,,,,,,,,,,,,,,,,,,,,,,,,,,,,,,,,,,,,,,,,,,,,,,,,,,,,,,,,,,,,,,,,,,,,,,,,,,,,,,,,,,,,,,
432,t5khtpre,,0,0,18,,,,0,,,0.0,,,,,,,,,,,,,,ryu6snyq,,,,,0,Experiment_1_Persistence,https://app.prolific.com/submissions/complete?cc=C1BTHULB,0.0,1.0,432,,0.0,,1,1,432,,0.0,,,,,,,,,,,,,,,1,1,432,,0.0,,,,,,,,,,1,1,432,,0.0,,,,,,,,,,,,,,,,,,1,1,432,,0.0,,,,,,,,,,,,,1,1,432,,0.0,0,0,0,0,0,0,0,0,0,,,,,1,1,,,,,,,,,,,,,,,,,,,,,,,,,,,,,,,,,,,,,,,,,,,,,,,,,,,,,,,,,,,,,,,,,,,,,,,,,,,,,,,,,,,,,,,,,,,,,,,,,,,,,,,,,,,,,,,,,,,,,,,,,,,,,,,,,,,,,,,,,,,,,,,,,,,,,,,,,,,,,,,,,,,,,,,,,,,,,,,,,,,,,,,,,,,,,,,,,,,,,,,,,,,,,,,,,,,,,,,,,,,,,,,,,,,,,,,,,,,,,,,,,,,,,,,,,,,,,,,,,,,,,,,,,,,,,,,,,,,,,,,,,,,,,,,,,,,,,,,,,,,,,,,,,,,,,,,,,,,
433,jvofb5ne,,0,0,18,,,,0,,,0.0,,,,,,,,,,,,,,ryu6snyq,,,,,0,Experiment_1_Persistence,https://app.prolific.com/submissions/complete?cc=C1BTHULB,0.0,1.0,433,,0.0,,1,1,433,,0.0,,,,,,,,,,,,,,,1,1,433,,0.0,,,,,,,,,,1,1,433,,0.0,,,,,,,,,,,,,,,,,,1,1,433,,0.0,,,,,,,,,,,,,1,1,433,,0.0,0,0,0,0,0,0,0,0,0,,,,,1,1,,,,,,,,,,,,,,,,,,,,,,,,,,,,,,,,,,,,,,,,,,,,,,,,,,,,,,,,,,,,,,,,,,,,,,,,,,,,,,,,,,,,,,,,,,,,,,,,,,,,,,,,,,,,,,,,,,,,,,,,,,,,,,,,,,,,,,,,,,,,,,,,,,,,,,,,,,,,,,,,,,,,,,,,,,,,,,,,,,,,,,,,,,,,,,,,,,,,,,,,,,,,,,,,,,,,,,,,,,,,,,,,,,,,,,,,,,,,,,,,,,,,,,,,,,,,,,,,,,,,,,,,,,,,,,,,,,,,,,,,,,,,,,,,,,,,,,,,,,,,,,,,,,,,,,,,,,,
434,ipntqcze,,0,0,18,,,,0,,,0.0,,,,,,,,,,,,,,ryu6snyq,,,,,0,Experiment_1_Persistence,https://app.prolific.com/submissions/complete?cc=C1BTHULB,0.0,1.0,434,,0.0,,1,1,434,,0.0,,,,,,,,,,,,,,,1,1,434,,0.0,,,,,,,,,,1,1,434,,0.0,,,,,,,,,,,,,,,,,,1,1,434,,0.0,,,,,,,,,,,,,1,1,434,,0.0,0,0,0,0,0,0,0,0,0,,,,,1,1,,,,,,,,,,,,,,,,,,,,,,,,,,,,,,,,,,,,,,,,,,,,,,,,,,,,,,,,,,,,,,,,,,,,,,,,,,,,,,,,,,,,,,,,,,,,,,,,,,,,,,,,,,,,,,,,,,,,,,,,,,,,,,,,,,,,,,,,,,,,,,,,,,,,,,,,,,,,,,,,,,,,,,,,,,,,,,,,,,,,,,,,,,,,,,,,,,,,,,,,,,,,,,,,,,,,,,,,,,,,,,,,,,,,,,,,,,,,,,,,,,,,,,,,,,,,,,,,,,,,,,,,,,,,,,,,,,,,,,,,,,,,,,,,,,,,,,,,,,,,,,,,,,,,,,,,,,,
435,ur0c2ez3,,0,0,18,,,,0,,,0.0,,,,,,,,,,,,,,ryu6snyq,,,,,0,Experiment_1_Persistence,https://app.prolific.com/submissions/complete?cc=C1BTHULB,0.0,1.0,435,,0.0,,1,1,435,,0.0,,,,,,,,,,,,,,,1,1,435,,0.0,,,,,,,,,,1,1,435,,0.0,,,,,,,,,,,,,,,,,,1,1,435,,0.0,,,,,,,,,,,,,1,1,435,,0.0,0,0,0,0,0,0,0,0,0,,,,,1,1,,,,,,,,,,,,,,,,,,,,,,,,,,,,,,,,,,,,,,,,,,,,,,,,,,,,,,,,,,,,,,,,,,,,,,,,,,,,,,,,,,,,,,,,,,,,,,,,,,,,,,,,,,,,,,,,,,,,,,,,,,,,,,,,,,,,,,,,,,,,,,,,,,,,,,,,,,,,,,,,,,,,,,,,,,,,,,,,,,,,,,,,,,,,,,,,,,,,,,,,,,,,,,,,,,,,,,,,,,,,,,,,,,,,,,,,,,,,,,,,,,,,,,,,,,,,,,,,,,,,,,,,,,,,,,,,,,,,,,,,,,,,,,,,,,,,,,,,,,,,,,,,,,,,,,,,,,,
436,0msthbry,,0,0,18,,,,0,,,0.0,,,,,,,,,,,,,,ryu6snyq,,,,,0,Experiment_1_Persistence,https://app.prolific.com/submissions/complete?cc=C1BTHULB,0.0,1.0,436,,0.0,,1,1,436,,0.0,,,,,,,,,,,,,,,1,1,436,,0.0,,,,,,,,,,1,1,436,,0.0,,,,,,,,,,,,,,,,,,1,1,436,,0.0,,,,,,,,,,,,,1,1,436,,0.0,0,0,0,0,0,0,0,0,0,,,,,1,1,,,,,,,,,,,,,,,,,,,,,,,,,,,,,,,,,,,,,,,,,,,,,,,,,,,,,,,,,,,,,,,,,,,,,,,,,,,,,,,,,,,,,,,,,,,,,,,,,,,,,,,,,,,,,,,,,,,,,,,,,,,,,,,,,,,,,,,,,,,,,,,,,,,,,,,,,,,,,,,,,,,,,,,,,,,,,,,,,,,,,,,,,,,,,,,,,,,,,,,,,,,,,,,,,,,,,,,,,,,,,,,,,,,,,,,,,,,,,,,,,,,,,,,,,,,,,,,,,,,,,,,,,,,,,,,,,,,,,,,,,,,,,,,,,,,,,,,,,,,,,,,,,,,,,,,,,,,
437,pmpqiw0d,,0,0,18,,,,0,,,0.0,,,,,,,,,,,,,,ryu6snyq,,,,,0,Experiment_1_Persistence,https://app.prolific.com/submissions/complete?cc=C1BTHULB,0.0,1.0,437,,0.0,,1,1,437,,0.0,,,,,,,,,,,,,,,1,1,437,,0.0,,,,,,,,,,1,1,437,,0.0,,,,,,,,,,,,,,,,,,1,1,437,,0.0,,,,,,,,,,,,,1,1,437,,0.0,0,0,0,0,0,0,0,0,0,,,,,1,1,,,,,,,,,,,,,,,,,,,,,,,,,,,,,,,,,,,,,,,,,,,,,,,,,,,,,,,,,,,,,,,,,,,,,,,,,,,,,,,,,,,,,,,,,,,,,,,,,,,,,,,,,,,,,,,,,,,,,,,,,,,,,,,,,,,,,,,,,,,,,,,,,,,,,,,,,,,,,,,,,,,,,,,,,,,,,,,,,,,,,,,,,,,,,,,,,,,,,,,,,,,,,,,,,,,,,,,,,,,,,,,,,,,,,,,,,,,,,,,,,,,,,,,,,,,,,,,,,,,,,,,,,,,,,,,,,,,,,,,,,,,,,,,,,,,,,,,,,,,,,,,,,,,,,,,,,,,
438,5p1rd8iu,,0,0,18,,,,0,,,0.0,,,,,,,,,,,,,,ryu6snyq,,,,,0,Experiment_1_Persistence,https://app.prolific.com/submissions/complete?cc=C1BTHULB,0.0,1.0,438,,0.0,,1,1,438,,0.0,,,,,,,,,,,,,,,1,1,438,,0.0,,,,,,,,,,1,1,438,,0.0,,,,,,,,,,,,,,,,,,1,1,438,,0.0,,,,,,,,,,,,,1,1,438,,0.0,0,0,0,0,0,0,0,0,0,,,,,1,1,,,,,,,,,,,,,,,,,,,,,,,,,,,,,,,,,,,,,,,,,,,,,,,,,,,,,,,,,,,,,,,,,,,,,,,,,,,,,,,,,,,,,,,,,,,,,,,,,,,,,,,,,,,,,,,,,,,,,,,,,,,,,,,,,,,,,,,,,,,,,,,,,,,,,,,,,,,,,,,,,,,,,,,,,,,,,,,,,,,,,,,,,,,,,,,,,,,,,,,,,,,,,,,,,,,,,,,,,,,,,,,,,,,,,,,,,,,,,,,,,,,,,,,,,,,,,,,,,,,,,,,,,,,,,,,,,,,,,,,,,,,,,,,,,,,,,,,,,,,,,,,,,,,,,,,,,,,
439,d8z4n6eg,,0,0,18,,,,0,,,0.0,,,,,,,,,,,,,,ryu6snyq,,,,,0,Experiment_1_Persistence,https://app.prolific.com/submissions/complete?cc=C1BTHULB,0.0,1.0,439,,0.0,,1,1,439,,0.0,,,,,,,,,,,,,,,1,1,439,,0.0,,,,,,,,,,1,1,439,,0.0,,,,,,,,,,,,,,,,,,1,1,439,,0.0,,,,,,,,,,,,,1,1,439,,0.0,0,0,0,0,0,0,0,0,0,,,,,1,1,,,,,,,,,,,,,,,,,,,,,,,,,,,,,,,,,,,,,,,,,,,,,,,,,,,,,,,,,,,,,,,,,,,,,,,,,,,,,,,,,,,,,,,,,,,,,,,,,,,,,,,,,,,,,,,,,,,,,,,,,,,,,,,,,,,,,,,,,,,,,,,,,,,,,,,,,,,,,,,,,,,,,,,,,,,,,,,,,,,,,,,,,,,,,,,,,,,,,,,,,,,,,,,,,,,,,,,,,,,,,,,,,,,,,,,,,,,,,,,,,,,,,,,,,,,,,,,,,,,,,,,,,,,,,,,,,,,,,,,,,,,,,,,,,,,,,,,,,,,,,,,,,,,,,,,,,,,
440,4lx9kiq4,,0,0,18,,,,0,,,0.0,,,,,,,,,,,,,,ryu6snyq,,,,,0,Experiment_1_Persistence,https://app.prolific.com/submissions/complete?cc=C1BTHULB,0.0,1.0,440,,0.0,,1,1,440,,0.0,,,,,,,,,,,,,,,1,1,440,,0.0,,,,,,,,,,1,1,440,,0.0,,,,,,,,,,,,,,,,,,1,1,440,,0.0,,,,,,,,,,,,,1,1,440,,0.0,0,0,0,0,0,0,0,0,0,,,,,1,1,,,,,,,,,,,,,,,,,,,,,,,,,,,,,,,,,,,,,,,,,,,,,,,,,,,,,,,,,,,,,,,,,,,,,,,,,,,,,,,,,,,,,,,,,,,,,,,,,,,,,,,,,,,,,,,,,,,,,,,,,,,,,,,,,,,,,,,,,,,,,,,,,,,,,,,,,,,,,,,,,,,,,,,,,,,,,,,,,,,,,,,,,,,,,,,,,,,,,,,,,,,,,,,,,,,,,,,,,,,,,,,,,,,,,,,,,,,,,,,,,,,,,,,,,,,,,,,,,,,,,,,,,,,,,,,,,,,,,,,,,,,,,,,,,,,,,,,,,,,,,,,,,,,,,,,,,,,
441,roukcg3s,,0,0,18,,,,0,,,0.0,,,,,,,,,,,,,,ryu6snyq,,,,,0,Experiment_1_Persistence,https://app.prolific.com/submissions/complete?cc=C1BTHULB,0.0,1.0,441,,0.0,,1,1,441,,0.0,,,,,,,,,,,,,,,1,1,441,,0.0,,,,,,,,,,1,1,441,,0.0,,,,,,,,,,,,,,,,,,1,1,441,,0.0,,,,,,,,,,,,,1,1,441,,0.0,0,0,0,0,0,0,0,0,0,,,,,1,1,,,,,,,,,,,,,,,,,,,,,,,,,,,,,,,,,,,,,,,,,,,,,,,,,,,,,,,,,,,,,,,,,,,,,,,,,,,,,,,,,,,,,,,,,,,,,,,,,,,,,,,,,,,,,,,,,,,,,,,,,,,,,,,,,,,,,,,,,,,,,,,,,,,,,,,,,,,,,,,,,,,,,,,,,,,,,,,,,,,,,,,,,,,,,,,,,,,,,,,,,,,,,,,,,,,,,,,,,,,,,,,,,,,,,,,,,,,,,,,,,,,,,,,,,,,,,,,,,,,,,,,,,,,,,,,,,,,,,,,,,,,,,,,,,,,,,,,,,,,,,,,,,,,,,,,,,,,
442,91m8hwpl,,0,0,18,,,,0,,,0.0,,,,,,,,,,,,,,ryu6snyq,,,,,0,Experiment_1_Persistence,https://app.prolific.com/submissions/complete?cc=C1BTHULB,0.0,1.0,442,,0.0,,1,1,442,,0.0,,,,,,,,,,,,,,,1,1,442,,0.0,,,,,,,,,,1,1,442,,0.0,,,,,,,,,,,,,,,,,,1,1,442,,0.0,,,,,,,,,,,,,1,1,442,,0.0,0,0,0,0,0,0,0,0,0,,,,,1,1,,,,,,,,,,,,,,,,,,,,,,,,,,,,,,,,,,,,,,,,,,,,,,,,,,,,,,,,,,,,,,,,,,,,,,,,,,,,,,,,,,,,,,,,,,,,,,,,,,,,,,,,,,,,,,,,,,,,,,,,,,,,,,,,,,,,,,,,,,,,,,,,,,,,,,,,,,,,,,,,,,,,,,,,,,,,,,,,,,,,,,,,,,,,,,,,,,,,,,,,,,,,,,,,,,,,,,,,,,,,,,,,,,,,,,,,,,,,,,,,,,,,,,,,,,,,,,,,,,,,,,,,,,,,,,,,,,,,,,,,,,,,,,,,,,,,,,,,,,,,,,,,,,,,,,,,,,,
443,qw1uyard,,0,0,18,,,,0,,,0.0,,,,,,,,,,,,,,ryu6snyq,,,,,0,Experiment_1_Persistence,https://app.prolific.com/submissions/complete?cc=C1BTHULB,0.0,1.0,443,,0.0,,1,1,443,,0.0,,,,,,,,,,,,,,,1,1,443,,0.0,,,,,,,,,,1,1,443,,0.0,,,,,,,,,,,,,,,,,,1,1,443,,0.0,,,,,,,,,,,,,1,1,443,,0.0,0,0,0,0,0,0,0,0,0,,,,,1,1,,,,,,,,,,,,,,,,,,,,,,,,,,,,,,,,,,,,,,,,,,,,,,,,,,,,,,,,,,,,,,,,,,,,,,,,,,,,,,,,,,,,,,,,,,,,,,,,,,,,,,,,,,,,,,,,,,,,,,,,,,,,,,,,,,,,,,,,,,,,,,,,,,,,,,,,,,,,,,,,,,,,,,,,,,,,,,,,,,,,,,,,,,,,,,,,,,,,,,,,,,,,,,,,,,,,,,,,,,,,,,,,,,,,,,,,,,,,,,,,,,,,,,,,,,,,,,,,,,,,,,,,,,,,,,,,,,,,,,,,,,,,,,,,,,,,,,,,,,,,,,,,,,,,,,,,,,,
444,alty28v1,,0,0,18,,,,0,,,0.0,,,,,,,,,,,,,,ryu6snyq,,,,,0,Experiment_1_Persistence,https://app.prolific.com/submissions/complete?cc=C1BTHULB,0.0,1.0,444,,0.0,,1,1,444,,0.0,,,,,,,,,,,,,,,1,1,444,,0.0,,,,,,,,,,1,1,444,,0.0,,,,,,,,,,,,,,,,,,1,1,444,,0.0,,,,,,,,,,,,,1,1,444,,0.0,0,0,0,0,0,0,0,0,0,,,,,1,1,,,,,,,,,,,,,,,,,,,,,,,,,,,,,,,,,,,,,,,,,,,,,,,,,,,,,,,,,,,,,,,,,,,,,,,,,,,,,,,,,,,,,,,,,,,,,,,,,,,,,,,,,,,,,,,,,,,,,,,,,,,,,,,,,,,,,,,,,,,,,,,,,,,,,,,,,,,,,,,,,,,,,,,,,,,,,,,,,,,,,,,,,,,,,,,,,,,,,,,,,,,,,,,,,,,,,,,,,,,,,,,,,,,,,,,,,,,,,,,,,,,,,,,,,,,,,,,,,,,,,,,,,,,,,,,,,,,,,,,,,,,,,,,,,,,,,,,,,,,,,,,,,,,,,,,,,,,
445,m803qnfk,,0,0,18,,,,0,,,0.0,,,,,,,,,,,,,,ryu6snyq,,,,,0,Experiment_1_Persistence,https://app.prolific.com/submissions/complete?cc=C1BTHULB,0.0,1.0,445,,0.0,,1,1,445,,0.0,,,,,,,,,,,,,,,1,1,445,,0.0,,,,,,,,,,1,1,445,,0.0,,,,,,,,,,,,,,,,,,1,1,445,,0.0,,,,,,,,,,,,,1,1,445,,0.0,0,0,0,0,0,0,0,0,0,,,,,1,1,,,,,,,,,,,,,,,,,,,,,,,,,,,,,,,,,,,,,,,,,,,,,,,,,,,,,,,,,,,,,,,,,,,,,,,,,,,,,,,,,,,,,,,,,,,,,,,,,,,,,,,,,,,,,,,,,,,,,,,,,,,,,,,,,,,,,,,,,,,,,,,,,,,,,,,,,,,,,,,,,,,,,,,,,,,,,,,,,,,,,,,,,,,,,,,,,,,,,,,,,,,,,,,,,,,,,,,,,,,,,,,,,,,,,,,,,,,,,,,,,,,,,,,,,,,,,,,,,,,,,,,,,,,,,,,,,,,,,,,,,,,,,,,,,,,,,,,,,,,,,,,,,,,,,,,,,,,
446,k5opz36n,,0,0,18,,,,0,,,0.0,,,,,,,,,,,,,,ryu6snyq,,,,,0,Experiment_1_Persistence,https://app.prolific.com/submissions/complete?cc=C1BTHULB,0.0,1.0,446,,0.0,,1,1,446,,0.0,,,,,,,,,,,,,,,1,1,446,,0.0,,,,,,,,,,1,1,446,,0.0,,,,,,,,,,,,,,,,,,1,1,446,,0.0,,,,,,,,,,,,,1,1,446,,0.0,0,0,0,0,0,0,0,0,0,,,,,1,1,,,,,,,,,,,,,,,,,,,,,,,,,,,,,,,,,,,,,,,,,,,,,,,,,,,,,,,,,,,,,,,,,,,,,,,,,,,,,,,,,,,,,,,,,,,,,,,,,,,,,,,,,,,,,,,,,,,,,,,,,,,,,,,,,,,,,,,,,,,,,,,,,,,,,,,,,,,,,,,,,,,,,,,,,,,,,,,,,,,,,,,,,,,,,,,,,,,,,,,,,,,,,,,,,,,,,,,,,,,,,,,,,,,,,,,,,,,,,,,,,,,,,,,,,,,,,,,,,,,,,,,,,,,,,,,,,,,,,,,,,,,,,,,,,,,,,,,,,,,,,,,,,,,,,,,,,,,
447,xcaj4rfu,,0,0,18,,,,0,,,0.0,,,,,,,,,,,,,,ryu6snyq,,,,,0,Experiment_1_Persistence,https://app.prolific.com/submissions/complete?cc=C1BTHULB,0.0,1.0,447,,0.0,,1,1,447,,0.0,,,,,,,,,,,,,,,1,1,447,,0.0,,,,,,,,,,1,1,447,,0.0,,,,,,,,,,,,,,,,,,1,1,447,,0.0,,,,,,,,,,,,,1,1,447,,0.0,0,0,0,0,0,0,0,0,0,,,,,1,1,,,,,,,,,,,,,,,,,,,,,,,,,,,,,,,,,,,,,,,,,,,,,,,,,,,,,,,,,,,,,,,,,,,,,,,,,,,,,,,,,,,,,,,,,,,,,,,,,,,,,,,,,,,,,,,,,,,,,,,,,,,,,,,,,,,,,,,,,,,,,,,,,,,,,,,,,,,,,,,,,,,,,,,,,,,,,,,,,,,,,,,,,,,,,,,,,,,,,,,,,,,,,,,,,,,,,,,,,,,,,,,,,,,,,,,,,,,,,,,,,,,,,,,,,,,,,,,,,,,,,,,,,,,,,,,,,,,,,,,,,,,,,,,,,,,,,,,,,,,,,,,,,,,,,,,,,,,
448,dxewneu9,,0,0,18,,,,0,,,0.0,,,,,,,,,,,,,,ryu6snyq,,,,,0,Experiment_1_Persistence,https://app.prolific.com/submissions/complete?cc=C1BTHULB,0.0,1.0,448,,0.0,,1,1,448,,0.0,,,,,,,,,,,,,,,1,1,448,,0.0,,,,,,,,,,1,1,448,,0.0,,,,,,,,,,,,,,,,,,1,1,448,,0.0,,,,,,,,,,,,,1,1,448,,0.0,0,0,0,0,0,0,0,0,0,,,,,1,1,,,,,,,,,,,,,,,,,,,,,,,,,,,,,,,,,,,,,,,,,,,,,,,,,,,,,,,,,,,,,,,,,,,,,,,,,,,,,,,,,,,,,,,,,,,,,,,,,,,,,,,,,,,,,,,,,,,,,,,,,,,,,,,,,,,,,,,,,,,,,,,,,,,,,,,,,,,,,,,,,,,,,,,,,,,,,,,,,,,,,,,,,,,,,,,,,,,,,,,,,,,,,,,,,,,,,,,,,,,,,,,,,,,,,,,,,,,,,,,,,,,,,,,,,,,,,,,,,,,,,,,,,,,,,,,,,,,,,,,,,,,,,,,,,,,,,,,,,,,,,,,,,,,,,,,,,,,
449,c20s9xo0,,0,0,18,,,,0,,,0.0,,,,,,,,,,,,,,ryu6snyq,,,,,0,Experiment_1_Persistence,https://app.prolific.com/submissions/complete?cc=C1BTHULB,0.0,1.0,449,,0.0,,1,1,449,,0.0,,,,,,,,,,,,,,,1,1,449,,0.0,,,,,,,,,,1,1,449,,0.0,,,,,,,,,,,,,,,,,,1,1,449,,0.0,,,,,,,,,,,,,1,1,449,,0.0,0,0,0,0,0,0,0,0,0,,,,,1,1,,,,,,,,,,,,,,,,,,,,,,,,,,,,,,,,,,,,,,,,,,,,,,,,,,,,,,,,,,,,,,,,,,,,,,,,,,,,,,,,,,,,,,,,,,,,,,,,,,,,,,,,,,,,,,,,,,,,,,,,,,,,,,,,,,,,,,,,,,,,,,,,,,,,,,,,,,,,,,,,,,,,,,,,,,,,,,,,,,,,,,,,,,,,,,,,,,,,,,,,,,,,,,,,,,,,,,,,,,,,,,,,,,,,,,,,,,,,,,,,,,,,,,,,,,,,,,,,,,,,,,,,,,,,,,,,,,,,,,,,,,,,,,,,,,,,,,,,,,,,,,,,,,,,,,,,,,,
450,6dmo43f4,,0,0,18,,,,0,,,0.0,,,,,,,,,,,,,,ryu6snyq,,,,,0,Experiment_1_Persistence,https://app.prolific.com/submissions/complete?cc=C1BTHULB,0.0,1.0,450,,0.0,,1,1,450,,0.0,,,,,,,,,,,,,,,1,1,450,,0.0,,,,,,,,,,1,1,450,,0.0,,,,,,,,,,,,,,,,,,1,1,450,,0.0,,,,,,,,,,,,,1,1,450,,0.0,0,0,0,0,0,0,0,0,0,,,,,1,1,,,,,,,,,,,,,,,,,,,,,,,,,,,,,,,,,,,,,,,,,,,,,,,,,,,,,,,,,,,,,,,,,,,,,,,,,,,,,,,,,,,,,,,,,,,,,,,,,,,,,,,,,,,,,,,,,,,,,,,,,,,,,,,,,,,,,,,,,,,,,,,,,,,,,,,,,,,,,,,,,,,,,,,,,,,,,,,,,,,,,,,,,,,,,,,,,,,,,,,,,,,,,,,,,,,,,,,,,,,,,,,,,,,,,,,,,,,,,,,,,,,,,,,,,,,,,,,,,,,,,,,,,,,,,,,,,,,,,,,,,,,,,,,,,,,,,,,,,,,,,,,,,,,,,,,,,,,
451,lidrwuvz,,0,0,18,,,,0,,,0.0,,,,,,,,,,,,,,ryu6snyq,,,,,0,Experiment_1_Persistence,https://app.prolific.com/submissions/complete?cc=C1BTHULB,0.0,1.0,451,,0.0,,1,1,451,,0.0,,,,,,,,,,,,,,,1,1,451,,0.0,,,,,,,,,,1,1,451,,0.0,,,,,,,,,,,,,,,,,,1,1,451,,0.0,,,,,,,,,,,,,1,1,451,,0.0,0,0,0,0,0,0,0,0,0,,,,,1,1,,,,,,,,,,,,,,,,,,,,,,,,,,,,,,,,,,,,,,,,,,,,,,,,,,,,,,,,,,,,,,,,,,,,,,,,,,,,,,,,,,,,,,,,,,,,,,,,,,,,,,,,,,,,,,,,,,,,,,,,,,,,,,,,,,,,,,,,,,,,,,,,,,,,,,,,,,,,,,,,,,,,,,,,,,,,,,,,,,,,,,,,,,,,,,,,,,,,,,,,,,,,,,,,,,,,,,,,,,,,,,,,,,,,,,,,,,,,,,,,,,,,,,,,,,,,,,,,,,,,,,,,,,,,,,,,,,,,,,,,,,,,,,,,,,,,,,,,,,,,,,,,,,,,,,,,,,,
452,hvwy79oj,,0,0,18,,,,0,,,0.0,,,,,,,,,,,,,,ryu6snyq,,,,,0,Experiment_1_Persistence,https://app.prolific.com/submissions/complete?cc=C1BTHULB,0.0,1.0,452,,0.0,,1,1,452,,0.0,,,,,,,,,,,,,,,1,1,452,,0.0,,,,,,,,,,1,1,452,,0.0,,,,,,,,,,,,,,,,,,1,1,452,,0.0,,,,,,,,,,,,,1,1,452,,0.0,0,0,0,0,0,0,0,0,0,,,,,1,1,,,,,,,,,,,,,,,,,,,,,,,,,,,,,,,,,,,,,,,,,,,,,,,,,,,,,,,,,,,,,,,,,,,,,,,,,,,,,,,,,,,,,,,,,,,,,,,,,,,,,,,,,,,,,,,,,,,,,,,,,,,,,,,,,,,,,,,,,,,,,,,,,,,,,,,,,,,,,,,,,,,,,,,,,,,,,,,,,,,,,,,,,,,,,,,,,,,,,,,,,,,,,,,,,,,,,,,,,,,,,,,,,,,,,,,,,,,,,,,,,,,,,,,,,,,,,,,,,,,,,,,,,,,,,,,,,,,,,,,,,,,,,,,,,,,,,,,,,,,,,,,,,,,,,,,,,,,
453,4sj5mlxd,,0,0,18,,,,0,,,0.0,,,,,,,,,,,,,,ryu6snyq,,,,,0,Experiment_1_Persistence,https://app.prolific.com/submissions/complete?cc=C1BTHULB,0.0,1.0,453,,0.0,,1,1,453,,0.0,,,,,,,,,,,,,,,1,1,453,,0.0,,,,,,,,,,1,1,453,,0.0,,,,,,,,,,,,,,,,,,1,1,453,,0.0,,,,,,,,,,,,,1,1,453,,0.0,0,0,0,0,0,0,0,0,0,,,,,1,1,,,,,,,,,,,,,,,,,,,,,,,,,,,,,,,,,,,,,,,,,,,,,,,,,,,,,,,,,,,,,,,,,,,,,,,,,,,,,,,,,,,,,,,,,,,,,,,,,,,,,,,,,,,,,,,,,,,,,,,,,,,,,,,,,,,,,,,,,,,,,,,,,,,,,,,,,,,,,,,,,,,,,,,,,,,,,,,,,,,,,,,,,,,,,,,,,,,,,,,,,,,,,,,,,,,,,,,,,,,,,,,,,,,,,,,,,,,,,,,,,,,,,,,,,,,,,,,,,,,,,,,,,,,,,,,,,,,,,,,,,,,,,,,,,,,,,,,,,,,,,,,,,,,,,,,,,,,
454,8qaworlh,,0,0,18,,,,0,,,0.0,,,,,,,,,,,,,,ryu6snyq,,,,,0,Experiment_1_Persistence,https://app.prolific.com/submissions/complete?cc=C1BTHULB,0.0,1.0,454,,0.0,,1,1,454,,0.0,,,,,,,,,,,,,,,1,1,454,,0.0,,,,,,,,,,1,1,454,,0.0,,,,,,,,,,,,,,,,,,1,1,454,,0.0,,,,,,,,,,,,,1,1,454,,0.0,0,0,0,0,0,0,0,0,0,,,,,1,1,,,,,,,,,,,,,,,,,,,,,,,,,,,,,,,,,,,,,,,,,,,,,,,,,,,,,,,,,,,,,,,,,,,,,,,,,,,,,,,,,,,,,,,,,,,,,,,,,,,,,,,,,,,,,,,,,,,,,,,,,,,,,,,,,,,,,,,,,,,,,,,,,,,,,,,,,,,,,,,,,,,,,,,,,,,,,,,,,,,,,,,,,,,,,,,,,,,,,,,,,,,,,,,,,,,,,,,,,,,,,,,,,,,,,,,,,,,,,,,,,,,,,,,,,,,,,,,,,,,,,,,,,,,,,,,,,,,,,,,,,,,,,,,,,,,,,,,,,,,,,,,,,,,,,,,,,,,
455,7vx4seic,,0,0,18,,,,0,,,0.0,,,,,,,,,,,,,,ryu6snyq,,,,,0,Experiment_1_Persistence,https://app.prolific.com/submissions/complete?cc=C1BTHULB,0.0,1.0,455,,0.0,,1,1,455,,0.0,,,,,,,,,,,,,,,1,1,455,,0.0,,,,,,,,,,1,1,455,,0.0,,,,,,,,,,,,,,,,,,1,1,455,,0.0,,,,,,,,,,,,,1,1,455,,0.0,0,0,0,0,0,0,0,0,0,,,,,1,1,,,,,,,,,,,,,,,,,,,,,,,,,,,,,,,,,,,,,,,,,,,,,,,,,,,,,,,,,,,,,,,,,,,,,,,,,,,,,,,,,,,,,,,,,,,,,,,,,,,,,,,,,,,,,,,,,,,,,,,,,,,,,,,,,,,,,,,,,,,,,,,,,,,,,,,,,,,,,,,,,,,,,,,,,,,,,,,,,,,,,,,,,,,,,,,,,,,,,,,,,,,,,,,,,,,,,,,,,,,,,,,,,,,,,,,,,,,,,,,,,,,,,,,,,,,,,,,,,,,,,,,,,,,,,,,,,,,,,,,,,,,,,,,,,,,,,,,,,,,,,,,,,,,,,,,,,,,
456,qnnuc0nd,,0,0,18,,,,0,,,0.0,,,,,,,,,,,,,,ryu6snyq,,,,,0,Experiment_1_Persistence,https://app.prolific.com/submissions/complete?cc=C1BTHULB,0.0,1.0,456,,0.0,,1,1,456,,0.0,,,,,,,,,,,,,,,1,1,456,,0.0,,,,,,,,,,1,1,456,,0.0,,,,,,,,,,,,,,,,,,1,1,456,,0.0,,,,,,,,,,,,,1,1,456,,0.0,0,0,0,0,0,0,0,0,0,,,,,1,1,,,,,,,,,,,,,,,,,,,,,,,,,,,,,,,,,,,,,,,,,,,,,,,,,,,,,,,,,,,,,,,,,,,,,,,,,,,,,,,,,,,,,,,,,,,,,,,,,,,,,,,,,,,,,,,,,,,,,,,,,,,,,,,,,,,,,,,,,,,,,,,,,,,,,,,,,,,,,,,,,,,,,,,,,,,,,,,,,,,,,,,,,,,,,,,,,,,,,,,,,,,,,,,,,,,,,,,,,,,,,,,,,,,,,,,,,,,,,,,,,,,,,,,,,,,,,,,,,,,,,,,,,,,,,,,,,,,,,,,,,,,,,,,,,,,,,,,,,,,,,,,,,,,,,,,,,,,
457,9rltumuc,,0,0,18,,,,0,,,0.0,,,,,,,,,,,,,,ryu6snyq,,,,,0,Experiment_1_Persistence,https://app.prolific.com/submissions/complete?cc=C1BTHULB,0.0,1.0,457,,0.0,,1,1,457,,0.0,,,,,,,,,,,,,,,1,1,457,,0.0,,,,,,,,,,1,1,457,,0.0,,,,,,,,,,,,,,,,,,1,1,457,,0.0,,,,,,,,,,,,,1,1,457,,0.0,0,0,0,0,0,0,0,0,0,,,,,1,1,,,,,,,,,,,,,,,,,,,,,,,,,,,,,,,,,,,,,,,,,,,,,,,,,,,,,,,,,,,,,,,,,,,,,,,,,,,,,,,,,,,,,,,,,,,,,,,,,,,,,,,,,,,,,,,,,,,,,,,,,,,,,,,,,,,,,,,,,,,,,,,,,,,,,,,,,,,,,,,,,,,,,,,,,,,,,,,,,,,,,,,,,,,,,,,,,,,,,,,,,,,,,,,,,,,,,,,,,,,,,,,,,,,,,,,,,,,,,,,,,,,,,,,,,,,,,,,,,,,,,,,,,,,,,,,,,,,,,,,,,,,,,,,,,,,,,,,,,,,,,,,,,,,,,,,,,,,
458,mjza4sh9,,0,0,18,,,,0,,,0.0,,,,,,,,,,,,,,ryu6snyq,,,,,0,Experiment_1_Persistence,https://app.prolific.com/submissions/complete?cc=C1BTHULB,0.0,1.0,458,,0.0,,1,1,458,,0.0,,,,,,,,,,,,,,,1,1,458,,0.0,,,,,,,,,,1,1,458,,0.0,,,,,,,,,,,,,,,,,,1,1,458,,0.0,,,,,,,,,,,,,1,1,458,,0.0,0,0,0,0,0,0,0,0,0,,,,,1,1,,,,,,,,,,,,,,,,,,,,,,,,,,,,,,,,,,,,,,,,,,,,,,,,,,,,,,,,,,,,,,,,,,,,,,,,,,,,,,,,,,,,,,,,,,,,,,,,,,,,,,,,,,,,,,,,,,,,,,,,,,,,,,,,,,,,,,,,,,,,,,,,,,,,,,,,,,,,,,,,,,,,,,,,,,,,,,,,,,,,,,,,,,,,,,,,,,,,,,,,,,,,,,,,,,,,,,,,,,,,,,,,,,,,,,,,,,,,,,,,,,,,,,,,,,,,,,,,,,,,,,,,,,,,,,,,,,,,,,,,,,,,,,,,,,,,,,,,,,,,,,,,,,,,,,,,,,,
459,uqw7piz5,,0,0,18,,,,0,,,0.0,,,,,,,,,,,,,,ryu6snyq,,,,,0,Experiment_1_Persistence,https://app.prolific.com/submissions/complete?cc=C1BTHULB,0.0,1.0,459,,0.0,,1,1,459,,0.0,,,,,,,,,,,,,,,1,1,459,,0.0,,,,,,,,,,1,1,459,,0.0,,,,,,,,,,,,,,,,,,1,1,459,,0.0,,,,,,,,,,,,,1,1,459,,0.0,0,0,0,0,0,0,0,0,0,,,,,1,1,,,,,,,,,,,,,,,,,,,,,,,,,,,,,,,,,,,,,,,,,,,,,,,,,,,,,,,,,,,,,,,,,,,,,,,,,,,,,,,,,,,,,,,,,,,,,,,,,,,,,,,,,,,,,,,,,,,,,,,,,,,,,,,,,,,,,,,,,,,,,,,,,,,,,,,,,,,,,,,,,,,,,,,,,,,,,,,,,,,,,,,,,,,,,,,,,,,,,,,,,,,,,,,,,,,,,,,,,,,,,,,,,,,,,,,,,,,,,,,,,,,,,,,,,,,,,,,,,,,,,,,,,,,,,,,,,,,,,,,,,,,,,,,,,,,,,,,,,,,,,,,,,,,,,,,,,,,
460,im66hdva,,0,0,18,,,,0,,,0.0,,,,,,,,,,,,,,ryu6snyq,,,,,0,Experiment_1_Persistence,https://app.prolific.com/submissions/complete?cc=C1BTHULB,0.0,1.0,460,,0.0,,1,1,460,,0.0,,,,,,,,,,,,,,,1,1,460,,0.0,,,,,,,,,,1,1,460,,0.0,,,,,,,,,,,,,,,,,,1,1,460,,0.0,,,,,,,,,,,,,1,1,460,,0.0,0,0,0,0,0,0,0,0,0,,,,,1,1,,,,,,,,,,,,,,,,,,,,,,,,,,,,,,,,,,,,,,,,,,,,,,,,,,,,,,,,,,,,,,,,,,,,,,,,,,,,,,,,,,,,,,,,,,,,,,,,,,,,,,,,,,,,,,,,,,,,,,,,,,,,,,,,,,,,,,,,,,,,,,,,,,,,,,,,,,,,,,,,,,,,,,,,,,,,,,,,,,,,,,,,,,,,,,,,,,,,,,,,,,,,,,,,,,,,,,,,,,,,,,,,,,,,,,,,,,,,,,,,,,,,,,,,,,,,,,,,,,,,,,,,,,,,,,,,,,,,,,,,,,,,,,,,,,,,,,,,,,,,,,,,,,,,,,,,,,,
461,dapjit47,,0,0,18,,,,0,,,0.0,,,,,,,,,,,,,,ryu6snyq,,,,,0,Experiment_1_Persistence,https://app.prolific.com/submissions/complete?cc=C1BTHULB,0.0,1.0,461,,0.0,,1,1,461,,0.0,,,,,,,,,,,,,,,1,1,461,,0.0,,,,,,,,,,1,1,461,,0.0,,,,,,,,,,,,,,,,,,1,1,461,,0.0,,,,,,,,,,,,,1,1,461,,0.0,0,0,0,0,0,0,0,0,0,,,,,1,1,,,,,,,,,,,,,,,,,,,,,,,,,,,,,,,,,,,,,,,,,,,,,,,,,,,,,,,,,,,,,,,,,,,,,,,,,,,,,,,,,,,,,,,,,,,,,,,,,,,,,,,,,,,,,,,,,,,,,,,,,,,,,,,,,,,,,,,,,,,,,,,,,,,,,,,,,,,,,,,,,,,,,,,,,,,,,,,,,,,,,,,,,,,,,,,,,,,,,,,,,,,,,,,,,,,,,,,,,,,,,,,,,,,,,,,,,,,,,,,,,,,,,,,,,,,,,,,,,,,,,,,,,,,,,,,,,,,,,,,,,,,,,,,,,,,,,,,,,,,,,,,,,,,,,,,,,,,
462,50k9bp6z,,0,0,18,,,,0,,,0.0,,,,,,,,,,,,,,ryu6snyq,,,,,0,Experiment_1_Persistence,https://app.prolific.com/submissions/complete?cc=C1BTHULB,0.0,1.0,462,,0.0,,1,1,462,,0.0,,,,,,,,,,,,,,,1,1,462,,0.0,,,,,,,,,,1,1,462,,0.0,,,,,,,,,,,,,,,,,,1,1,462,,0.0,,,,,,,,,,,,,1,1,462,,0.0,0,0,0,0,0,0,0,0,0,,,,,1,1,,,,,,,,,,,,,,,,,,,,,,,,,,,,,,,,,,,,,,,,,,,,,,,,,,,,,,,,,,,,,,,,,,,,,,,,,,,,,,,,,,,,,,,,,,,,,,,,,,,,,,,,,,,,,,,,,,,,,,,,,,,,,,,,,,,,,,,,,,,,,,,,,,,,,,,,,,,,,,,,,,,,,,,,,,,,,,,,,,,,,,,,,,,,,,,,,,,,,,,,,,,,,,,,,,,,,,,,,,,,,,,,,,,,,,,,,,,,,,,,,,,,,,,,,,,,,,,,,,,,,,,,,,,,,,,,,,,,,,,,,,,,,,,,,,,,,,,,,,,,,,,,,,,,,,,,,,,
463,2adz7pt6,,0,0,18,,,,0,,,0.0,,,,,,,,,,,,,,ryu6snyq,,,,,0,Experiment_1_Persistence,https://app.prolific.com/submissions/complete?cc=C1BTHULB,0.0,1.0,463,,0.0,,1,1,463,,0.0,,,,,,,,,,,,,,,1,1,463,,0.0,,,,,,,,,,1,1,463,,0.0,,,,,,,,,,,,,,,,,,1,1,463,,0.0,,,,,,,,,,,,,1,1,463,,0.0,0,0,0,0,0,0,0,0,0,,,,,1,1,,,,,,,,,,,,,,,,,,,,,,,,,,,,,,,,,,,,,,,,,,,,,,,,,,,,,,,,,,,,,,,,,,,,,,,,,,,,,,,,,,,,,,,,,,,,,,,,,,,,,,,,,,,,,,,,,,,,,,,,,,,,,,,,,,,,,,,,,,,,,,,,,,,,,,,,,,,,,,,,,,,,,,,,,,,,,,,,,,,,,,,,,,,,,,,,,,,,,,,,,,,,,,,,,,,,,,,,,,,,,,,,,,,,,,,,,,,,,,,,,,,,,,,,,,,,,,,,,,,,,,,,,,,,,,,,,,,,,,,,,,,,,,,,,,,,,,,,,,,,,,,,,,,,,,,,,,,
464,9kvihpho,,0,0,18,,,,0,,,0.0,,,,,,,,,,,,,,ryu6snyq,,,,,0,Experiment_1_Persistence,https://app.prolific.com/submissions/complete?cc=C1BTHULB,0.0,1.0,464,,0.0,,1,1,464,,0.0,,,,,,,,,,,,,,,1,1,464,,0.0,,,,,,,,,,1,1,464,,0.0,,,,,,,,,,,,,,,,,,1,1,464,,0.0,,,,,,,,,,,,,1,1,464,,0.0,0,0,0,0,0,0,0,0,0,,,,,1,1,,,,,,,,,,,,,,,,,,,,,,,,,,,,,,,,,,,,,,,,,,,,,,,,,,,,,,,,,,,,,,,,,,,,,,,,,,,,,,,,,,,,,,,,,,,,,,,,,,,,,,,,,,,,,,,,,,,,,,,,,,,,,,,,,,,,,,,,,,,,,,,,,,,,,,,,,,,,,,,,,,,,,,,,,,,,,,,,,,,,,,,,,,,,,,,,,,,,,,,,,,,,,,,,,,,,,,,,,,,,,,,,,,,,,,,,,,,,,,,,,,,,,,,,,,,,,,,,,,,,,,,,,,,,,,,,,,,,,,,,,,,,,,,,,,,,,,,,,,,,,,,,,,,,,,,,,,,
465,sp226u9a,,0,0,18,,,,0,,,0.0,,,,,,,,,,,,,,ryu6snyq,,,,,0,Experiment_1_Persistence,https://app.prolific.com/submissions/complete?cc=C1BTHULB,0.0,1.0,465,,0.0,,1,1,465,,0.0,,,,,,,,,,,,,,,1,1,465,,0.0,,,,,,,,,,1,1,465,,0.0,,,,,,,,,,,,,,,,,,1,1,465,,0.0,,,,,,,,,,,,,1,1,465,,0.0,0,0,0,0,0,0,0,0,0,,,,,1,1,,,,,,,,,,,,,,,,,,,,,,,,,,,,,,,,,,,,,,,,,,,,,,,,,,,,,,,,,,,,,,,,,,,,,,,,,,,,,,,,,,,,,,,,,,,,,,,,,,,,,,,,,,,,,,,,,,,,,,,,,,,,,,,,,,,,,,,,,,,,,,,,,,,,,,,,,,,,,,,,,,,,,,,,,,,,,,,,,,,,,,,,,,,,,,,,,,,,,,,,,,,,,,,,,,,,,,,,,,,,,,,,,,,,,,,,,,,,,,,,,,,,,,,,,,,,,,,,,,,,,,,,,,,,,,,,,,,,,,,,,,,,,,,,,,,,,,,,,,,,,,,,,,,,,,,,,,,
466,wjsvw0ru,,0,0,18,,,,0,,,0.0,,,,,,,,,,,,,,ryu6snyq,,,,,0,Experiment_1_Persistence,https://app.prolific.com/submissions/complete?cc=C1BTHULB,0.0,1.0,466,,0.0,,1,1,466,,0.0,,,,,,,,,,,,,,,1,1,466,,0.0,,,,,,,,,,1,1,466,,0.0,,,,,,,,,,,,,,,,,,1,1,466,,0.0,,,,,,,,,,,,,1,1,466,,0.0,0,0,0,0,0,0,0,0,0,,,,,1,1,,,,,,,,,,,,,,,,,,,,,,,,,,,,,,,,,,,,,,,,,,,,,,,,,,,,,,,,,,,,,,,,,,,,,,,,,,,,,,,,,,,,,,,,,,,,,,,,,,,,,,,,,,,,,,,,,,,,,,,,,,,,,,,,,,,,,,,,,,,,,,,,,,,,,,,,,,,,,,,,,,,,,,,,,,,,,,,,,,,,,,,,,,,,,,,,,,,,,,,,,,,,,,,,,,,,,,,,,,,,,,,,,,,,,,,,,,,,,,,,,,,,,,,,,,,,,,,,,,,,,,,,,,,,,,,,,,,,,,,,,,,,,,,,,,,,,,,,,,,,,,,,,,,,,,,,,,,
467,v21cdftw,,0,0,18,,,,0,,,0.0,,,,,,,,,,,,,,ryu6snyq,,,,,0,Experiment_1_Persistence,https://app.prolific.com/submissions/complete?cc=C1BTHULB,0.0,1.0,467,,0.0,,1,1,467,,0.0,,,,,,,,,,,,,,,1,1,467,,0.0,,,,,,,,,,1,1,467,,0.0,,,,,,,,,,,,,,,,,,1,1,467,,0.0,,,,,,,,,,,,,1,1,467,,0.0,0,0,0,0,0,0,0,0,0,,,,,1,1,,,,,,,,,,,,,,,,,,,,,,,,,,,,,,,,,,,,,,,,,,,,,,,,,,,,,,,,,,,,,,,,,,,,,,,,,,,,,,,,,,,,,,,,,,,,,,,,,,,,,,,,,,,,,,,,,,,,,,,,,,,,,,,,,,,,,,,,,,,,,,,,,,,,,,,,,,,,,,,,,,,,,,,,,,,,,,,,,,,,,,,,,,,,,,,,,,,,,,,,,,,,,,,,,,,,,,,,,,,,,,,,,,,,,,,,,,,,,,,,,,,,,,,,,,,,,,,,,,,,,,,,,,,,,,,,,,,,,,,,,,,,,,,,,,,,,,,,,,,,,,,,,,,,,,,,,,,
468,noui4taz,,0,0,18,,,,0,,,0.0,,,,,,,,,,,,,,ryu6snyq,,,,,0,Experiment_1_Persistence,https://app.prolific.com/submissions/complete?cc=C1BTHULB,0.0,1.0,468,,0.0,,1,1,468,,0.0,,,,,,,,,,,,,,,1,1,468,,0.0,,,,,,,,,,1,1,468,,0.0,,,,,,,,,,,,,,,,,,1,1,468,,0.0,,,,,,,,,,,,,1,1,468,,0.0,0,0,0,0,0,0,0,0,0,,,,,1,1,,,,,,,,,,,,,,,,,,,,,,,,,,,,,,,,,,,,,,,,,,,,,,,,,,,,,,,,,,,,,,,,,,,,,,,,,,,,,,,,,,,,,,,,,,,,,,,,,,,,,,,,,,,,,,,,,,,,,,,,,,,,,,,,,,,,,,,,,,,,,,,,,,,,,,,,,,,,,,,,,,,,,,,,,,,,,,,,,,,,,,,,,,,,,,,,,,,,,,,,,,,,,,,,,,,,,,,,,,,,,,,,,,,,,,,,,,,,,,,,,,,,,,,,,,,,,,,,,,,,,,,,,,,,,,,,,,,,,,,,,,,,,,,,,,,,,,,,,,,,,,,,,,,,,,,,,,,
469,gqyxttt6,,0,0,18,,,,0,,,0.0,,,,,,,,,,,,,,ryu6snyq,,,,,0,Experiment_1_Persistence,https://app.prolific.com/submissions/complete?cc=C1BTHULB,0.0,1.0,469,,0.0,,1,1,469,,0.0,,,,,,,,,,,,,,,1,1,469,,0.0,,,,,,,,,,1,1,469,,0.0,,,,,,,,,,,,,,,,,,1,1,469,,0.0,,,,,,,,,,,,,1,1,469,,0.0,0,0,0,0,0,0,0,0,0,,,,,1,1,,,,,,,,,,,,,,,,,,,,,,,,,,,,,,,,,,,,,,,,,,,,,,,,,,,,,,,,,,,,,,,,,,,,,,,,,,,,,,,,,,,,,,,,,,,,,,,,,,,,,,,,,,,,,,,,,,,,,,,,,,,,,,,,,,,,,,,,,,,,,,,,,,,,,,,,,,,,,,,,,,,,,,,,,,,,,,,,,,,,,,,,,,,,,,,,,,,,,,,,,,,,,,,,,,,,,,,,,,,,,,,,,,,,,,,,,,,,,,,,,,,,,,,,,,,,,,,,,,,,,,,,,,,,,,,,,,,,,,,,,,,,,,,,,,,,,,,,,,,,,,,,,,,,,,,,,,,
470,s72f6z4v,,0,0,18,,,,0,,,0.0,,,,,,,,,,,,,,ryu6snyq,,,,,0,Experiment_1_Persistence,https://app.prolific.com/submissions/complete?cc=C1BTHULB,0.0,1.0,470,,0.0,,1,1,470,,0.0,,,,,,,,,,,,,,,1,1,470,,0.0,,,,,,,,,,1,1,470,,0.0,,,,,,,,,,,,,,,,,,1,1,470,,0.0,,,,,,,,,,,,,1,1,470,,0.0,0,0,0,0,0,0,0,0,0,,,,,1,1,,,,,,,,,,,,,,,,,,,,,,,,,,,,,,,,,,,,,,,,,,,,,,,,,,,,,,,,,,,,,,,,,,,,,,,,,,,,,,,,,,,,,,,,,,,,,,,,,,,,,,,,,,,,,,,,,,,,,,,,,,,,,,,,,,,,,,,,,,,,,,,,,,,,,,,,,,,,,,,,,,,,,,,,,,,,,,,,,,,,,,,,,,,,,,,,,,,,,,,,,,,,,,,,,,,,,,,,,,,,,,,,,,,,,,,,,,,,,,,,,,,,,,,,,,,,,,,,,,,,,,,,,,,,,,,,,,,,,,,,,,,,,,,,,,,,,,,,,,,,,,,,,,,,,,,,,,,
471,0wgknfs0,,0,0,18,,,,0,,,0.0,,,,,,,,,,,,,,ryu6snyq,,,,,0,Experiment_1_Persistence,https://app.prolific.com/submissions/complete?cc=C1BTHULB,0.0,1.0,471,,0.0,,1,1,471,,0.0,,,,,,,,,,,,,,,1,1,471,,0.0,,,,,,,,,,1,1,471,,0.0,,,,,,,,,,,,,,,,,,1,1,471,,0.0,,,,,,,,,,,,,1,1,471,,0.0,0,0,0,0,0,0,0,0,0,,,,,1,1,,,,,,,,,,,,,,,,,,,,,,,,,,,,,,,,,,,,,,,,,,,,,,,,,,,,,,,,,,,,,,,,,,,,,,,,,,,,,,,,,,,,,,,,,,,,,,,,,,,,,,,,,,,,,,,,,,,,,,,,,,,,,,,,,,,,,,,,,,,,,,,,,,,,,,,,,,,,,,,,,,,,,,,,,,,,,,,,,,,,,,,,,,,,,,,,,,,,,,,,,,,,,,,,,,,,,,,,,,,,,,,,,,,,,,,,,,,,,,,,,,,,,,,,,,,,,,,,,,,,,,,,,,,,,,,,,,,,,,,,,,,,,,,,,,,,,,,,,,,,,,,,,,,,,,,,,,,
472,cs2a2snj,,0,0,18,,,,0,,,0.0,,,,,,,,,,,,,,ryu6snyq,,,,,0,Experiment_1_Persistence,https://app.prolific.com/submissions/complete?cc=C1BTHULB,0.0,1.0,472,,0.0,,1,1,472,,0.0,,,,,,,,,,,,,,,1,1,472,,0.0,,,,,,,,,,1,1,472,,0.0,,,,,,,,,,,,,,,,,,1,1,472,,0.0,,,,,,,,,,,,,1,1,472,,0.0,0,0,0,0,0,0,0,0,0,,,,,1,1,,,,,,,,,,,,,,,,,,,,,,,,,,,,,,,,,,,,,,,,,,,,,,,,,,,,,,,,,,,,,,,,,,,,,,,,,,,,,,,,,,,,,,,,,,,,,,,,,,,,,,,,,,,,,,,,,,,,,,,,,,,,,,,,,,,,,,,,,,,,,,,,,,,,,,,,,,,,,,,,,,,,,,,,,,,,,,,,,,,,,,,,,,,,,,,,,,,,,,,,,,,,,,,,,,,,,,,,,,,,,,,,,,,,,,,,,,,,,,,,,,,,,,,,,,,,,,,,,,,,,,,,,,,,,,,,,,,,,,,,,,,,,,,,,,,,,,,,,,,,,,,,,,,,,,,,,,,
473,1lgud40v,,0,0,18,,,,0,,,0.0,,,,,,,,,,,,,,ryu6snyq,,,,,0,Experiment_1_Persistence,https://app.prolific.com/submissions/complete?cc=C1BTHULB,0.0,1.0,473,,0.0,,1,1,473,,0.0,,,,,,,,,,,,,,,1,1,473,,0.0,,,,,,,,,,1,1,473,,0.0,,,,,,,,,,,,,,,,,,1,1,473,,0.0,,,,,,,,,,,,,1,1,473,,0.0,0,0,0,0,0,0,0,0,0,,,,,1,1,,,,,,,,,,,,,,,,,,,,,,,,,,,,,,,,,,,,,,,,,,,,,,,,,,,,,,,,,,,,,,,,,,,,,,,,,,,,,,,,,,,,,,,,,,,,,,,,,,,,,,,,,,,,,,,,,,,,,,,,,,,,,,,,,,,,,,,,,,,,,,,,,,,,,,,,,,,,,,,,,,,,,,,,,,,,,,,,,,,,,,,,,,,,,,,,,,,,,,,,,,,,,,,,,,,,,,,,,,,,,,,,,,,,,,,,,,,,,,,,,,,,,,,,,,,,,,,,,,,,,,,,,,,,,,,,,,,,,,,,,,,,,,,,,,,,,,,,,,,,,,,,,,,,,,,,,,,
474,zxmov74n,,0,0,18,,,,0,,,0.0,,,,,,,,,,,,,,ryu6snyq,,,,,0,Experiment_1_Persistence,https://app.prolific.com/submissions/complete?cc=C1BTHULB,0.0,1.0,474,,0.0,,1,1,474,,0.0,,,,,,,,,,,,,,,1,1,474,,0.0,,,,,,,,,,1,1,474,,0.0,,,,,,,,,,,,,,,,,,1,1,474,,0.0,,,,,,,,,,,,,1,1,474,,0.0,0,0,0,0,0,0,0,0,0,,,,,1,1,,,,,,,,,,,,,,,,,,,,,,,,,,,,,,,,,,,,,,,,,,,,,,,,,,,,,,,,,,,,,,,,,,,,,,,,,,,,,,,,,,,,,,,,,,,,,,,,,,,,,,,,,,,,,,,,,,,,,,,,,,,,,,,,,,,,,,,,,,,,,,,,,,,,,,,,,,,,,,,,,,,,,,,,,,,,,,,,,,,,,,,,,,,,,,,,,,,,,,,,,,,,,,,,,,,,,,,,,,,,,,,,,,,,,,,,,,,,,,,,,,,,,,,,,,,,,,,,,,,,,,,,,,,,,,,,,,,,,,,,,,,,,,,,,,,,,,,,,,,,,,,,,,,,,,,,,,,
475,9wmubc30,,0,0,18,,,,0,,,0.0,,,,,,,,,,,,,,ryu6snyq,,,,,0,Experiment_1_Persistence,https://app.prolific.com/submissions/complete?cc=C1BTHULB,0.0,1.0,475,,0.0,,1,1,475,,0.0,,,,,,,,,,,,,,,1,1,475,,0.0,,,,,,,,,,1,1,475,,0.0,,,,,,,,,,,,,,,,,,1,1,475,,0.0,,,,,,,,,,,,,1,1,475,,0.0,0,0,0,0,0,0,0,0,0,,,,,1,1,,,,,,,,,,,,,,,,,,,,,,,,,,,,,,,,,,,,,,,,,,,,,,,,,,,,,,,,,,,,,,,,,,,,,,,,,,,,,,,,,,,,,,,,,,,,,,,,,,,,,,,,,,,,,,,,,,,,,,,,,,,,,,,,,,,,,,,,,,,,,,,,,,,,,,,,,,,,,,,,,,,,,,,,,,,,,,,,,,,,,,,,,,,,,,,,,,,,,,,,,,,,,,,,,,,,,,,,,,,,,,,,,,,,,,,,,,,,,,,,,,,,,,,,,,,,,,,,,,,,,,,,,,,,,,,,,,,,,,,,,,,,,,,,,,,,,,,,,,,,,,,,,,,,,,,,,,,
476,kr2tjkbr,,0,0,18,,,,0,,,0.0,,,,,,,,,,,,,,ryu6snyq,,,,,0,Experiment_1_Persistence,https://app.prolific.com/submissions/complete?cc=C1BTHULB,0.0,1.0,476,,0.0,,1,1,476,,0.0,,,,,,,,,,,,,,,1,1,476,,0.0,,,,,,,,,,1,1,476,,0.0,,,,,,,,,,,,,,,,,,1,1,476,,0.0,,,,,,,,,,,,,1,1,476,,0.0,0,0,0,0,0,0,0,0,0,,,,,1,1,,,,,,,,,,,,,,,,,,,,,,,,,,,,,,,,,,,,,,,,,,,,,,,,,,,,,,,,,,,,,,,,,,,,,,,,,,,,,,,,,,,,,,,,,,,,,,,,,,,,,,,,,,,,,,,,,,,,,,,,,,,,,,,,,,,,,,,,,,,,,,,,,,,,,,,,,,,,,,,,,,,,,,,,,,,,,,,,,,,,,,,,,,,,,,,,,,,,,,,,,,,,,,,,,,,,,,,,,,,,,,,,,,,,,,,,,,,,,,,,,,,,,,,,,,,,,,,,,,,,,,,,,,,,,,,,,,,,,,,,,,,,,,,,,,,,,,,,,,,,,,,,,,,,,,,,,,,
477,qbfjok0d,,0,0,18,,,,0,,,0.0,,,,,,,,,,,,,,ryu6snyq,,,,,0,Experiment_1_Persistence,https://app.prolific.com/submissions/complete?cc=C1BTHULB,0.0,1.0,477,,0.0,,1,1,477,,0.0,,,,,,,,,,,,,,,1,1,477,,0.0,,,,,,,,,,1,1,477,,0.0,,,,,,,,,,,,,,,,,,1,1,477,,0.0,,,,,,,,,,,,,1,1,477,,0.0,0,0,0,0,0,0,0,0,0,,,,,1,1,,,,,,,,,,,,,,,,,,,,,,,,,,,,,,,,,,,,,,,,,,,,,,,,,,,,,,,,,,,,,,,,,,,,,,,,,,,,,,,,,,,,,,,,,,,,,,,,,,,,,,,,,,,,,,,,,,,,,,,,,,,,,,,,,,,,,,,,,,,,,,,,,,,,,,,,,,,,,,,,,,,,,,,,,,,,,,,,,,,,,,,,,,,,,,,,,,,,,,,,,,,,,,,,,,,,,,,,,,,,,,,,,,,,,,,,,,,,,,,,,,,,,,,,,,,,,,,,,,,,,,,,,,,,,,,,,,,,,,,,,,,,,,,,,,,,,,,,,,,,,,,,,,,,,,,,,,,
478,g0852v4e,,0,0,18,,,,0,,,0.0,,,,,,,,,,,,,,ryu6snyq,,,,,0,Experiment_1_Persistence,https://app.prolific.com/submissions/complete?cc=C1BTHULB,0.0,1.0,478,,0.0,,1,1,478,,0.0,,,,,,,,,,,,,,,1,1,478,,0.0,,,,,,,,,,1,1,478,,0.0,,,,,,,,,,,,,,,,,,1,1,478,,0.0,,,,,,,,,,,,,1,1,478,,0.0,0,0,0,0,0,0,0,0,0,,,,,1,1,,,,,,,,,,,,,,,,,,,,,,,,,,,,,,,,,,,,,,,,,,,,,,,,,,,,,,,,,,,,,,,,,,,,,,,,,,,,,,,,,,,,,,,,,,,,,,,,,,,,,,,,,,,,,,,,,,,,,,,,,,,,,,,,,,,,,,,,,,,,,,,,,,,,,,,,,,,,,,,,,,,,,,,,,,,,,,,,,,,,,,,,,,,,,,,,,,,,,,,,,,,,,,,,,,,,,,,,,,,,,,,,,,,,,,,,,,,,,,,,,,,,,,,,,,,,,,,,,,,,,,,,,,,,,,,,,,,,,,,,,,,,,,,,,,,,,,,,,,,,,,,,,,,,,,,,,,,
479,cpt7f0fi,,0,0,18,,,,0,,,0.0,,,,,,,,,,,,,,ryu6snyq,,,,,0,Experiment_1_Persistence,https://app.prolific.com/submissions/complete?cc=C1BTHULB,0.0,1.0,479,,0.0,,1,1,479,,0.0,,,,,,,,,,,,,,,1,1,479,,0.0,,,,,,,,,,1,1,479,,0.0,,,,,,,,,,,,,,,,,,1,1,479,,0.0,,,,,,,,,,,,,1,1,479,,0.0,0,0,0,0,0,0,0,0,0,,,,,1,1,,,,,,,,,,,,,,,,,,,,,,,,,,,,,,,,,,,,,,,,,,,,,,,,,,,,,,,,,,,,,,,,,,,,,,,,,,,,,,,,,,,,,,,,,,,,,,,,,,,,,,,,,,,,,,,,,,,,,,,,,,,,,,,,,,,,,,,,,,,,,,,,,,,,,,,,,,,,,,,,,,,,,,,,,,,,,,,,,,,,,,,,,,,,,,,,,,,,,,,,,,,,,,,,,,,,,,,,,,,,,,,,,,,,,,,,,,,,,,,,,,,,,,,,,,,,,,,,,,,,,,,,,,,,,,,,,,,,,,,,,,,,,,,,,,,,,,,,,,,,,,,,,,,,,,,,,,,
480,lm0czi3t,,0,0,18,,,,0,,,0.0,,,,,,,,,,,,,,ryu6snyq,,,,,0,Experiment_1_Persistence,https://app.prolific.com/submissions/complete?cc=C1BTHULB,0.0,1.0,480,,0.0,,1,1,480,,0.0,,,,,,,,,,,,,,,1,1,480,,0.0,,,,,,,,,,1,1,480,,0.0,,,,,,,,,,,,,,,,,,1,1,480,,0.0,,,,,,,,,,,,,1,1,480,,0.0,0,0,0,0,0,0,0,0,0,,,,,1,1,,,,,,,,,,,,,,,,,,,,,,,,,,,,,,,,,,,,,,,,,,,,,,,,,,,,,,,,,,,,,,,,,,,,,,,,,,,,,,,,,,,,,,,,,,,,,,,,,,,,,,,,,,,,,,,,,,,,,,,,,,,,,,,,,,,,,,,,,,,,,,,,,,,,,,,,,,,,,,,,,,,,,,,,,,,,,,,,,,,,,,,,,,,,,,,,,,,,,,,,,,,,,,,,,,,,,,,,,,,,,,,,,,,,,,,,,,,,,,,,,,,,,,,,,,,,,,,,,,,,,,,,,,,,,,,,,,,,,,,,,,,,,,,,,,,,,,,,,,,,,,,,,,,,,,,,,,,
481,2vrq5xt1,,0,0,18,,,,0,,,0.0,,,,,,,,,,,,,,ryu6snyq,,,,,0,Experiment_1_Persistence,https://app.prolific.com/submissions/complete?cc=C1BTHULB,0.0,1.0,481,,0.0,,1,1,481,,0.0,,,,,,,,,,,,,,,1,1,481,,0.0,,,,,,,,,,1,1,481,,0.0,,,,,,,,,,,,,,,,,,1,1,481,,0.0,,,,,,,,,,,,,1,1,481,,0.0,0,0,0,0,0,0,0,0,0,,,,,1,1,,,,,,,,,,,,,,,,,,,,,,,,,,,,,,,,,,,,,,,,,,,,,,,,,,,,,,,,,,,,,,,,,,,,,,,,,,,,,,,,,,,,,,,,,,,,,,,,,,,,,,,,,,,,,,,,,,,,,,,,,,,,,,,,,,,,,,,,,,,,,,,,,,,,,,,,,,,,,,,,,,,,,,,,,,,,,,,,,,,,,,,,,,,,,,,,,,,,,,,,,,,,,,,,,,,,,,,,,,,,,,,,,,,,,,,,,,,,,,,,,,,,,,,,,,,,,,,,,,,,,,,,,,,,,,,,,,,,,,,,,,,,,,,,,,,,,,,,,,,,,,,,,,,,,,,,,,,
482,e338uyx3,,0,0,18,,,,0,,,0.0,,,,,,,,,,,,,,ryu6snyq,,,,,0,Experiment_1_Persistence,https://app.prolific.com/submissions/complete?cc=C1BTHULB,0.0,1.0,482,,0.0,,1,1,482,,0.0,,,,,,,,,,,,,,,1,1,482,,0.0,,,,,,,,,,1,1,482,,0.0,,,,,,,,,,,,,,,,,,1,1,482,,0.0,,,,,,,,,,,,,1,1,482,,0.0,0,0,0,0,0,0,0,0,0,,,,,1,1,,,,,,,,,,,,,,,,,,,,,,,,,,,,,,,,,,,,,,,,,,,,,,,,,,,,,,,,,,,,,,,,,,,,,,,,,,,,,,,,,,,,,,,,,,,,,,,,,,,,,,,,,,,,,,,,,,,,,,,,,,,,,,,,,,,,,,,,,,,,,,,,,,,,,,,,,,,,,,,,,,,,,,,,,,,,,,,,,,,,,,,,,,,,,,,,,,,,,,,,,,,,,,,,,,,,,,,,,,,,,,,,,,,,,,,,,,,,,,,,,,,,,,,,,,,,,,,,,,,,,,,,,,,,,,,,,,,,,,,,,,,,,,,,,,,,,,,,,,,,,,,,,,,,,,,,,,,
483,blcxjwpu,,0,0,18,,,,0,,,0.0,,,,,,,,,,,,,,ryu6snyq,,,,,0,Experiment_1_Persistence,https://app.prolific.com/submissions/complete?cc=C1BTHULB,0.0,1.0,483,,0.0,,1,1,483,,0.0,,,,,,,,,,,,,,,1,1,483,,0.0,,,,,,,,,,1,1,483,,0.0,,,,,,,,,,,,,,,,,,1,1,483,,0.0,,,,,,,,,,,,,1,1,483,,0.0,0,0,0,0,0,0,0,0,0,,,,,1,1,,,,,,,,,,,,,,,,,,,,,,,,,,,,,,,,,,,,,,,,,,,,,,,,,,,,,,,,,,,,,,,,,,,,,,,,,,,,,,,,,,,,,,,,,,,,,,,,,,,,,,,,,,,,,,,,,,,,,,,,,,,,,,,,,,,,,,,,,,,,,,,,,,,,,,,,,,,,,,,,,,,,,,,,,,,,,,,,,,,,,,,,,,,,,,,,,,,,,,,,,,,,,,,,,,,,,,,,,,,,,,,,,,,,,,,,,,,,,,,,,,,,,,,,,,,,,,,,,,,,,,,,,,,,,,,,,,,,,,,,,,,,,,,,,,,,,,,,,,,,,,,,,,,,,,,,,,,
484,3t19nar3,,0,0,18,,,,0,,,0.0,,,,,,,,,,,,,,ryu6snyq,,,,,0,Experiment_1_Persistence,https://app.prolific.com/submissions/complete?cc=C1BTHULB,0.0,1.0,484,,0.0,,1,1,484,,0.0,,,,,,,,,,,,,,,1,1,484,,0.0,,,,,,,,,,1,1,484,,0.0,,,,,,,,,,,,,,,,,,1,1,484,,0.0,,,,,,,,,,,,,1,1,484,,0.0,0,0,0,0,0,0,0,0,0,,,,,1,1,,,,,,,,,,,,,,,,,,,,,,,,,,,,,,,,,,,,,,,,,,,,,,,,,,,,,,,,,,,,,,,,,,,,,,,,,,,,,,,,,,,,,,,,,,,,,,,,,,,,,,,,,,,,,,,,,,,,,,,,,,,,,,,,,,,,,,,,,,,,,,,,,,,,,,,,,,,,,,,,,,,,,,,,,,,,,,,,,,,,,,,,,,,,,,,,,,,,,,,,,,,,,,,,,,,,,,,,,,,,,,,,,,,,,,,,,,,,,,,,,,,,,,,,,,,,,,,,,,,,,,,,,,,,,,,,,,,,,,,,,,,,,,,,,,,,,,,,,,,,,,,,,,,,,,,,,,,
485,8rhf5k7f,,0,0,18,,,,0,,,0.0,,,,,,,,,,,,,,ryu6snyq,,,,,0,Experiment_1_Persistence,https://app.prolific.com/submissions/complete?cc=C1BTHULB,0.0,1.0,485,,0.0,,1,1,485,,0.0,,,,,,,,,,,,,,,1,1,485,,0.0,,,,,,,,,,1,1,485,,0.0,,,,,,,,,,,,,,,,,,1,1,485,,0.0,,,,,,,,,,,,,1,1,485,,0.0,0,0,0,0,0,0,0,0,0,,,,,1,1,,,,,,,,,,,,,,,,,,,,,,,,,,,,,,,,,,,,,,,,,,,,,,,,,,,,,,,,,,,,,,,,,,,,,,,,,,,,,,,,,,,,,,,,,,,,,,,,,,,,,,,,,,,,,,,,,,,,,,,,,,,,,,,,,,,,,,,,,,,,,,,,,,,,,,,,,,,,,,,,,,,,,,,,,,,,,,,,,,,,,,,,,,,,,,,,,,,,,,,,,,,,,,,,,,,,,,,,,,,,,,,,,,,,,,,,,,,,,,,,,,,,,,,,,,,,,,,,,,,,,,,,,,,,,,,,,,,,,,,,,,,,,,,,,,,,,,,,,,,,,,,,,,,,,,,,,,,
486,r3dci8tl,,0,0,18,,,,0,,,0.0,,,,,,,,,,,,,,ryu6snyq,,,,,0,Experiment_1_Persistence,https://app.prolific.com/submissions/complete?cc=C1BTHULB,0.0,1.0,486,,0.0,,1,1,486,,0.0,,,,,,,,,,,,,,,1,1,486,,0.0,,,,,,,,,,1,1,486,,0.0,,,,,,,,,,,,,,,,,,1,1,486,,0.0,,,,,,,,,,,,,1,1,486,,0.0,0,0,0,0,0,0,0,0,0,,,,,1,1,,,,,,,,,,,,,,,,,,,,,,,,,,,,,,,,,,,,,,,,,,,,,,,,,,,,,,,,,,,,,,,,,,,,,,,,,,,,,,,,,,,,,,,,,,,,,,,,,,,,,,,,,,,,,,,,,,,,,,,,,,,,,,,,,,,,,,,,,,,,,,,,,,,,,,,,,,,,,,,,,,,,,,,,,,,,,,,,,,,,,,,,,,,,,,,,,,,,,,,,,,,,,,,,,,,,,,,,,,,,,,,,,,,,,,,,,,,,,,,,,,,,,,,,,,,,,,,,,,,,,,,,,,,,,,,,,,,,,,,,,,,,,,,,,,,,,,,,,,,,,,,,,,,,,,,,,,,
487,empoj3mr,,0,0,18,,,,0,,,0.0,,,,,,,,,,,,,,ryu6snyq,,,,,0,Experiment_1_Persistence,https://app.prolific.com/submissions/complete?cc=C1BTHULB,0.0,1.0,487,,0.0,,1,1,487,,0.0,,,,,,,,,,,,,,,1,1,487,,0.0,,,,,,,,,,1,1,487,,0.0,,,,,,,,,,,,,,,,,,1,1,487,,0.0,,,,,,,,,,,,,1,1,487,,0.0,0,0,0,0,0,0,0,0,0,,,,,1,1,,,,,,,,,,,,,,,,,,,,,,,,,,,,,,,,,,,,,,,,,,,,,,,,,,,,,,,,,,,,,,,,,,,,,,,,,,,,,,,,,,,,,,,,,,,,,,,,,,,,,,,,,,,,,,,,,,,,,,,,,,,,,,,,,,,,,,,,,,,,,,,,,,,,,,,,,,,,,,,,,,,,,,,,,,,,,,,,,,,,,,,,,,,,,,,,,,,,,,,,,,,,,,,,,,,,,,,,,,,,,,,,,,,,,,,,,,,,,,,,,,,,,,,,,,,,,,,,,,,,,,,,,,,,,,,,,,,,,,,,,,,,,,,,,,,,,,,,,,,,,,,,,,,,,,,,,,,
488,vtlfs58g,,0,0,18,,,,0,,,0.0,,,,,,,,,,,,,,ryu6snyq,,,,,0,Experiment_1_Persistence,https://app.prolific.com/submissions/complete?cc=C1BTHULB,0.0,1.0,488,,0.0,,1,1,488,,0.0,,,,,,,,,,,,,,,1,1,488,,0.0,,,,,,,,,,1,1,488,,0.0,,,,,,,,,,,,,,,,,,1,1,488,,0.0,,,,,,,,,,,,,1,1,488,,0.0,0,0,0,0,0,0,0,0,0,,,,,1,1,,,,,,,,,,,,,,,,,,,,,,,,,,,,,,,,,,,,,,,,,,,,,,,,,,,,,,,,,,,,,,,,,,,,,,,,,,,,,,,,,,,,,,,,,,,,,,,,,,,,,,,,,,,,,,,,,,,,,,,,,,,,,,,,,,,,,,,,,,,,,,,,,,,,,,,,,,,,,,,,,,,,,,,,,,,,,,,,,,,,,,,,,,,,,,,,,,,,,,,,,,,,,,,,,,,,,,,,,,,,,,,,,,,,,,,,,,,,,,,,,,,,,,,,,,,,,,,,,,,,,,,,,,,,,,,,,,,,,,,,,,,,,,,,,,,,,,,,,,,,,,,,,,,,,,,,,,,
489,mfx8l4re,,0,0,18,,,,0,,,0.0,,,,,,,,,,,,,,ryu6snyq,,,,,0,Experiment_1_Persistence,https://app.prolific.com/submissions/complete?cc=C1BTHULB,0.0,1.0,489,,0.0,,1,1,489,,0.0,,,,,,,,,,,,,,,1,1,489,,0.0,,,,,,,,,,1,1,489,,0.0,,,,,,,,,,,,,,,,,,1,1,489,,0.0,,,,,,,,,,,,,1,1,489,,0.0,0,0,0,0,0,0,0,0,0,,,,,1,1,,,,,,,,,,,,,,,,,,,,,,,,,,,,,,,,,,,,,,,,,,,,,,,,,,,,,,,,,,,,,,,,,,,,,,,,,,,,,,,,,,,,,,,,,,,,,,,,,,,,,,,,,,,,,,,,,,,,,,,,,,,,,,,,,,,,,,,,,,,,,,,,,,,,,,,,,,,,,,,,,,,,,,,,,,,,,,,,,,,,,,,,,,,,,,,,,,,,,,,,,,,,,,,,,,,,,,,,,,,,,,,,,,,,,,,,,,,,,,,,,,,,,,,,,,,,,,,,,,,,,,,,,,,,,,,,,,,,,,,,,,,,,,,,,,,,,,,,,,,,,,,,,,,,,,,,,,,
490,y4xpc72w,,0,0,18,,,,0,,,0.0,,,,,,,,,,,,,,ryu6snyq,,,,,0,Experiment_1_Persistence,https://app.prolific.com/submissions/complete?cc=C1BTHULB,0.0,1.0,490,,0.0,,1,1,490,,0.0,,,,,,,,,,,,,,,1,1,490,,0.0,,,,,,,,,,1,1,490,,0.0,,,,,,,,,,,,,,,,,,1,1,490,,0.0,,,,,,,,,,,,,1,1,490,,0.0,0,0,0,0,0,0,0,0,0,,,,,1,1,,,,,,,,,,,,,,,,,,,,,,,,,,,,,,,,,,,,,,,,,,,,,,,,,,,,,,,,,,,,,,,,,,,,,,,,,,,,,,,,,,,,,,,,,,,,,,,,,,,,,,,,,,,,,,,,,,,,,,,,,,,,,,,,,,,,,,,,,,,,,,,,,,,,,,,,,,,,,,,,,,,,,,,,,,,,,,,,,,,,,,,,,,,,,,,,,,,,,,,,,,,,,,,,,,,,,,,,,,,,,,,,,,,,,,,,,,,,,,,,,,,,,,,,,,,,,,,,,,,,,,,,,,,,,,,,,,,,,,,,,,,,,,,,,,,,,,,,,,,,,,,,,,,,,,,,,,,
491,vdcyxiqo,,0,0,18,,,,0,,,0.0,,,,,,,,,,,,,,ryu6snyq,,,,,0,Experiment_1_Persistence,https://app.prolific.com/submissions/complete?cc=C1BTHULB,0.0,1.0,491,,0.0,,1,1,491,,0.0,,,,,,,,,,,,,,,1,1,491,,0.0,,,,,,,,,,1,1,491,,0.0,,,,,,,,,,,,,,,,,,1,1,491,,0.0,,,,,,,,,,,,,1,1,491,,0.0,0,0,0,0,0,0,0,0,0,,,,,1,1,,,,,,,,,,,,,,,,,,,,,,,,,,,,,,,,,,,,,,,,,,,,,,,,,,,,,,,,,,,,,,,,,,,,,,,,,,,,,,,,,,,,,,,,,,,,,,,,,,,,,,,,,,,,,,,,,,,,,,,,,,,,,,,,,,,,,,,,,,,,,,,,,,,,,,,,,,,,,,,,,,,,,,,,,,,,,,,,,,,,,,,,,,,,,,,,,,,,,,,,,,,,,,,,,,,,,,,,,,,,,,,,,,,,,,,,,,,,,,,,,,,,,,,,,,,,,,,,,,,,,,,,,,,,,,,,,,,,,,,,,,,,,,,,,,,,,,,,,,,,,,,,,,,,,,,,,,,
492,xctf0zo9,,0,0,18,,,,0,,,0.0,,,,,,,,,,,,,,ryu6snyq,,,,,0,Experiment_1_Persistence,https://app.prolific.com/submissions/complete?cc=C1BTHULB,0.0,1.0,492,,0.0,,1,1,492,,0.0,,,,,,,,,,,,,,,1,1,492,,0.0,,,,,,,,,,1,1,492,,0.0,,,,,,,,,,,,,,,,,,1,1,492,,0.0,,,,,,,,,,,,,1,1,492,,0.0,0,0,0,0,0,0,0,0,0,,,,,1,1,,,,,,,,,,,,,,,,,,,,,,,,,,,,,,,,,,,,,,,,,,,,,,,,,,,,,,,,,,,,,,,,,,,,,,,,,,,,,,,,,,,,,,,,,,,,,,,,,,,,,,,,,,,,,,,,,,,,,,,,,,,,,,,,,,,,,,,,,,,,,,,,,,,,,,,,,,,,,,,,,,,,,,,,,,,,,,,,,,,,,,,,,,,,,,,,,,,,,,,,,,,,,,,,,,,,,,,,,,,,,,,,,,,,,,,,,,,,,,,,,,,,,,,,,,,,,,,,,,,,,,,,,,,,,,,,,,,,,,,,,,,,,,,,,,,,,,,,,,,,,,,,,,,,,,,,,,,
493,fpf1f01q,,0,0,18,,,,0,,,0.0,,,,,,,,,,,,,,ryu6snyq,,,,,0,Experiment_1_Persistence,https://app.prolific.com/submissions/complete?cc=C1BTHULB,0.0,1.0,493,,0.0,,1,1,493,,0.0,,,,,,,,,,,,,,,1,1,493,,0.0,,,,,,,,,,1,1,493,,0.0,,,,,,,,,,,,,,,,,,1,1,493,,0.0,,,,,,,,,,,,,1,1,493,,0.0,0,0,0,0,0,0,0,0,0,,,,,1,1,,,,,,,,,,,,,,,,,,,,,,,,,,,,,,,,,,,,,,,,,,,,,,,,,,,,,,,,,,,,,,,,,,,,,,,,,,,,,,,,,,,,,,,,,,,,,,,,,,,,,,,,,,,,,,,,,,,,,,,,,,,,,,,,,,,,,,,,,,,,,,,,,,,,,,,,,,,,,,,,,,,,,,,,,,,,,,,,,,,,,,,,,,,,,,,,,,,,,,,,,,,,,,,,,,,,,,,,,,,,,,,,,,,,,,,,,,,,,,,,,,,,,,,,,,,,,,,,,,,,,,,,,,,,,,,,,,,,,,,,,,,,,,,,,,,,,,,,,,,,,,,,,,,,,,,,,,,
494,5yym13m2,,0,0,18,,,,0,,,0.0,,,,,,,,,,,,,,ryu6snyq,,,,,0,Experiment_1_Persistence,https://app.prolific.com/submissions/complete?cc=C1BTHULB,0.0,1.0,494,,0.0,,1,1,494,,0.0,,,,,,,,,,,,,,,1,1,494,,0.0,,,,,,,,,,1,1,494,,0.0,,,,,,,,,,,,,,,,,,1,1,494,,0.0,,,,,,,,,,,,,1,1,494,,0.0,0,0,0,0,0,0,0,0,0,,,,,1,1,,,,,,,,,,,,,,,,,,,,,,,,,,,,,,,,,,,,,,,,,,,,,,,,,,,,,,,,,,,,,,,,,,,,,,,,,,,,,,,,,,,,,,,,,,,,,,,,,,,,,,,,,,,,,,,,,,,,,,,,,,,,,,,,,,,,,,,,,,,,,,,,,,,,,,,,,,,,,,,,,,,,,,,,,,,,,,,,,,,,,,,,,,,,,,,,,,,,,,,,,,,,,,,,,,,,,,,,,,,,,,,,,,,,,,,,,,,,,,,,,,,,,,,,,,,,,,,,,,,,,,,,,,,,,,,,,,,,,,,,,,,,,,,,,,,,,,,,,,,,,,,,,,,,,,,,,,,
495,4bvn3uat,,0,0,18,,,,0,,,0.0,,,,,,,,,,,,,,ryu6snyq,,,,,0,Experiment_1_Persistence,https://app.prolific.com/submissions/complete?cc=C1BTHULB,0.0,1.0,495,,0.0,,1,1,495,,0.0,,,,,,,,,,,,,,,1,1,495,,0.0,,,,,,,,,,1,1,495,,0.0,,,,,,,,,,,,,,,,,,1,1,495,,0.0,,,,,,,,,,,,,1,1,495,,0.0,0,0,0,0,0,0,0,0,0,,,,,1,1,,,,,,,,,,,,,,,,,,,,,,,,,,,,,,,,,,,,,,,,,,,,,,,,,,,,,,,,,,,,,,,,,,,,,,,,,,,,,,,,,,,,,,,,,,,,,,,,,,,,,,,,,,,,,,,,,,,,,,,,,,,,,,,,,,,,,,,,,,,,,,,,,,,,,,,,,,,,,,,,,,,,,,,,,,,,,,,,,,,,,,,,,,,,,,,,,,,,,,,,,,,,,,,,,,,,,,,,,,,,,,,,,,,,,,,,,,,,,,,,,,,,,,,,,,,,,,,,,,,,,,,,,,,,,,,,,,,,,,,,,,,,,,,,,,,,,,,,,,,,,,,,,,,,,,,,,,,
496,bufmqre2,,0,0,18,,,,0,,,0.0,,,,,,,,,,,,,,ryu6snyq,,,,,0,Experiment_1_Persistence,https://app.prolific.com/submissions/complete?cc=C1BTHULB,0.0,1.0,496,,0.0,,1,1,496,,0.0,,,,,,,,,,,,,,,1,1,496,,0.0,,,,,,,,,,1,1,496,,0.0,,,,,,,,,,,,,,,,,,1,1,496,,0.0,,,,,,,,,,,,,1,1,496,,0.0,0,0,0,0,0,0,0,0,0,,,,,1,1,,,,,,,,,,,,,,,,,,,,,,,,,,,,,,,,,,,,,,,,,,,,,,,,,,,,,,,,,,,,,,,,,,,,,,,,,,,,,,,,,,,,,,,,,,,,,,,,,,,,,,,,,,,,,,,,,,,,,,,,,,,,,,,,,,,,,,,,,,,,,,,,,,,,,,,,,,,,,,,,,,,,,,,,,,,,,,,,,,,,,,,,,,,,,,,,,,,,,,,,,,,,,,,,,,,,,,,,,,,,,,,,,,,,,,,,,,,,,,,,,,,,,,,,,,,,,,,,,,,,,,,,,,,,,,,,,,,,,,,,,,,,,,,,,,,,,,,,,,,,,,,,,,,,,,,,,,,
497,peqvpzo3,,0,0,18,,,,0,,,0.0,,,,,,,,,,,,,,ryu6snyq,,,,,0,Experiment_1_Persistence,https://app.prolific.com/submissions/complete?cc=C1BTHULB,0.0,1.0,497,,0.0,,1,1,497,,0.0,,,,,,,,,,,,,,,1,1,497,,0.0,,,,,,,,,,1,1,497,,0.0,,,,,,,,,,,,,,,,,,1,1,497,,0.0,,,,,,,,,,,,,1,1,497,,0.0,0,0,0,0,0,0,0,0,0,,,,,1,1,,,,,,,,,,,,,,,,,,,,,,,,,,,,,,,,,,,,,,,,,,,,,,,,,,,,,,,,,,,,,,,,,,,,,,,,,,,,,,,,,,,,,,,,,,,,,,,,,,,,,,,,,,,,,,,,,,,,,,,,,,,,,,,,,,,,,,,,,,,,,,,,,,,,,,,,,,,,,,,,,,,,,,,,,,,,,,,,,,,,,,,,,,,,,,,,,,,,,,,,,,,,,,,,,,,,,,,,,,,,,,,,,,,,,,,,,,,,,,,,,,,,,,,,,,,,,,,,,,,,,,,,,,,,,,,,,,,,,,,,,,,,,,,,,,,,,,,,,,,,,,,,,,,,,,,,,,,
498,0uah5oge,,0,0,18,,,,0,,,0.0,,,,,,,,,,,,,,ryu6snyq,,,,,0,Experiment_1_Persistence,https://app.prolific.com/submissions/complete?cc=C1BTHULB,0.0,1.0,498,,0.0,,1,1,498,,0.0,,,,,,,,,,,,,,,1,1,498,,0.0,,,,,,,,,,1,1,498,,0.0,,,,,,,,,,,,,,,,,,1,1,498,,0.0,,,,,,,,,,,,,1,1,498,,0.0,0,0,0,0,0,0,0,0,0,,,,,1,1,,,,,,,,,,,,,,,,,,,,,,,,,,,,,,,,,,,,,,,,,,,,,,,,,,,,,,,,,,,,,,,,,,,,,,,,,,,,,,,,,,,,,,,,,,,,,,,,,,,,,,,,,,,,,,,,,,,,,,,,,,,,,,,,,,,,,,,,,,,,,,,,,,,,,,,,,,,,,,,,,,,,,,,,,,,,,,,,,,,,,,,,,,,,,,,,,,,,,,,,,,,,,,,,,,,,,,,,,,,,,,,,,,,,,,,,,,,,,,,,,,,,,,,,,,,,,,,,,,,,,,,,,,,,,,,,,,,,,,,,,,,,,,,,,,,,,,,,,,,,,,,,,,,,,,,,,,,
499,2z236hn8,,0,0,18,,,,0,,,0.0,,,,,,,,,,,,,,ryu6snyq,,,,,0,Experiment_1_Persistence,https://app.prolific.com/submissions/complete?cc=C1BTHULB,0.0,1.0,499,,0.0,,1,1,499,,0.0,,,,,,,,,,,,,,,1,1,499,,0.0,,,,,,,,,,1,1,499,,0.0,,,,,,,,,,,,,,,,,,1,1,499,,0.0,,,,,,,,,,,,,1,1,499,,0.0,0,0,0,0,0,0,0,0,0,,,,,1,1,,,,,,,,,,,,,,,,,,,,,,,,,,,,,,,,,,,,,,,,,,,,,,,,,,,,,,,,,,,,,,,,,,,,,,,,,,,,,,,,,,,,,,,,,,,,,,,,,,,,,,,,,,,,,,,,,,,,,,,,,,,,,,,,,,,,,,,,,,,,,,,,,,,,,,,,,,,,,,,,,,,,,,,,,,,,,,,,,,,,,,,,,,,,,,,,,,,,,,,,,,,,,,,,,,,,,,,,,,,,,,,,,,,,,,,,,,,,,,,,,,,,,,,,,,,,,,,,,,,,,,,,,,,,,,,,,,,,,,,,,,,,,,,,,,,,,,,,,,,,,,,,,,,,,,,,,,,
500,nq4tdjlq,,0,0,18,,,,0,,,0.0,,,,,,,,,,,,,,ryu6snyq,,,,,0,Experiment_1_Persistence,https://app.prolific.com/submissions/complete?cc=C1BTHULB,0.0,1.0,500,,0.0,,1,1,500,,0.0,,,,,,,,,,,,,,,1,1,500,,0.0,,,,,,,,,,1,1,500,,0.0,,,,,,,,,,,,,,,,,,1,1,500,,0.0,,,,,,,,,,,,,1,1,500,,0.0,0,0,0,0,0,0,0,0,0,,,,,1,1,,,,,,,,,,,,,,,,,,,,,,,,,,,,,,,,,,,,,,,,,,,,,,,,,,,,,,,,,,,,,,,,,,,,,,,,,,,,,,,,,,,,,,,,,,,,,,,,,,,,,,,,,,,,,,,,,,,,,,,,,,,,,,,,,,,,,,,,,,,,,,,,,,,,,,,,,,,,,,,,,,,,,,,,,,,,,,,,,,,,,,,,,,,,,,,,,,,,,,,,,,,,,,,,,,,,,,,,,,,,,,,,,,,,,,,,,,,,,,,,,,,,,,,,,,,,,,,,,,,,,,,,,,,,,,,,,,,,,,,,,,,,,,,,,,,,,,,,,,,,,,,,,,,,,,,,,,,
501,te93ry04,,0,0,18,,,,0,,,0.0,,,,,,,,,,,,,,ryu6snyq,,,,,0,Experiment_1_Persistence,https://app.prolific.com/submissions/complete?cc=C1BTHULB,0.0,1.0,501,,0.0,,1,1,501,,0.0,,,,,,,,,,,,,,,1,1,501,,0.0,,,,,,,,,,1,1,501,,0.0,,,,,,,,,,,,,,,,,,1,1,501,,0.0,,,,,,,,,,,,,1,1,501,,0.0,0,0,0,0,0,0,0,0,0,,,,,1,1,,,,,,,,,,,,,,,,,,,,,,,,,,,,,,,,,,,,,,,,,,,,,,,,,,,,,,,,,,,,,,,,,,,,,,,,,,,,,,,,,,,,,,,,,,,,,,,,,,,,,,,,,,,,,,,,,,,,,,,,,,,,,,,,,,,,,,,,,,,,,,,,,,,,,,,,,,,,,,,,,,,,,,,,,,,,,,,,,,,,,,,,,,,,,,,,,,,,,,,,,,,,,,,,,,,,,,,,,,,,,,,,,,,,,,,,,,,,,,,,,,,,,,,,,,,,,,,,,,,,,,,,,,,,,,,,,,,,,,,,,,,,,,,,,,,,,,,,,,,,,,,,,,,,,,,,,,,
502,37ttmqed,,0,0,18,,,,0,,,0.0,,,,,,,,,,,,,,ryu6snyq,,,,,0,Experiment_1_Persistence,https://app.prolific.com/submissions/complete?cc=C1BTHULB,0.0,1.0,502,,0.0,,1,1,502,,0.0,,,,,,,,,,,,,,,1,1,502,,0.0,,,,,,,,,,1,1,502,,0.0,,,,,,,,,,,,,,,,,,1,1,502,,0.0,,,,,,,,,,,,,1,1,502,,0.0,0,0,0,0,0,0,0,0,0,,,,,1,1,,,,,,,,,,,,,,,,,,,,,,,,,,,,,,,,,,,,,,,,,,,,,,,,,,,,,,,,,,,,,,,,,,,,,,,,,,,,,,,,,,,,,,,,,,,,,,,,,,,,,,,,,,,,,,,,,,,,,,,,,,,,,,,,,,,,,,,,,,,,,,,,,,,,,,,,,,,,,,,,,,,,,,,,,,,,,,,,,,,,,,,,,,,,,,,,,,,,,,,,,,,,,,,,,,,,,,,,,,,,,,,,,,,,,,,,,,,,,,,,,,,,,,,,,,,,,,,,,,,,,,,,,,,,,,,,,,,,,,,,,,,,,,,,,,,,,,,,,,,,,,,,,,,,,,,,,,,
503,een6a73l,,0,0,18,,,,0,,,0.0,,,,,,,,,,,,,,ryu6snyq,,,,,0,Experiment_1_Persistence,https://app.prolific.com/submissions/complete?cc=C1BTHULB,0.0,1.0,503,,0.0,,1,1,503,,0.0,,,,,,,,,,,,,,,1,1,503,,0.0,,,,,,,,,,1,1,503,,0.0,,,,,,,,,,,,,,,,,,1,1,503,,0.0,,,,,,,,,,,,,1,1,503,,0.0,0,0,0,0,0,0,0,0,0,,,,,1,1,,,,,,,,,,,,,,,,,,,,,,,,,,,,,,,,,,,,,,,,,,,,,,,,,,,,,,,,,,,,,,,,,,,,,,,,,,,,,,,,,,,,,,,,,,,,,,,,,,,,,,,,,,,,,,,,,,,,,,,,,,,,,,,,,,,,,,,,,,,,,,,,,,,,,,,,,,,,,,,,,,,,,,,,,,,,,,,,,,,,,,,,,,,,,,,,,,,,,,,,,,,,,,,,,,,,,,,,,,,,,,,,,,,,,,,,,,,,,,,,,,,,,,,,,,,,,,,,,,,,,,,,,,,,,,,,,,,,,,,,,,,,,,,,,,,,,,,,,,,,,,,,,,,,,,,,,,,
504,2ug96vzv,,0,0,18,,,,0,,,0.0,,,,,,,,,,,,,,ryu6snyq,,,,,0,Experiment_1_Persistence,https://app.prolific.com/submissions/complete?cc=C1BTHULB,0.0,1.0,504,,0.0,,1,1,504,,0.0,,,,,,,,,,,,,,,1,1,504,,0.0,,,,,,,,,,1,1,504,,0.0,,,,,,,,,,,,,,,,,,1,1,504,,0.0,,,,,,,,,,,,,1,1,504,,0.0,0,0,0,0,0,0,0,0,0,,,,,1,1,,,,,,,,,,,,,,,,,,,,,,,,,,,,,,,,,,,,,,,,,,,,,,,,,,,,,,,,,,,,,,,,,,,,,,,,,,,,,,,,,,,,,,,,,,,,,,,,,,,,,,,,,,,,,,,,,,,,,,,,,,,,,,,,,,,,,,,,,,,,,,,,,,,,,,,,,,,,,,,,,,,,,,,,,,,,,,,,,,,,,,,,,,,,,,,,,,,,,,,,,,,,,,,,,,,,,,,,,,,,,,,,,,,,,,,,,,,,,,,,,,,,,,,,,,,,,,,,,,,,,,,,,,,,,,,,,,,,,,,,,,,,,,,,,,,,,,,,,,,,,,,,,,,,,,,,,,,
505,w8eatrkt,,0,0,18,,,,0,,,0.0,,,,,,,,,,,,,,ryu6snyq,,,,,0,Experiment_1_Persistence,https://app.prolific.com/submissions/complete?cc=C1BTHULB,0.0,1.0,505,,0.0,,1,1,505,,0.0,,,,,,,,,,,,,,,1,1,505,,0.0,,,,,,,,,,1,1,505,,0.0,,,,,,,,,,,,,,,,,,1,1,505,,0.0,,,,,,,,,,,,,1,1,505,,0.0,0,0,0,0,0,0,0,0,0,,,,,1,1,,,,,,,,,,,,,,,,,,,,,,,,,,,,,,,,,,,,,,,,,,,,,,,,,,,,,,,,,,,,,,,,,,,,,,,,,,,,,,,,,,,,,,,,,,,,,,,,,,,,,,,,,,,,,,,,,,,,,,,,,,,,,,,,,,,,,,,,,,,,,,,,,,,,,,,,,,,,,,,,,,,,,,,,,,,,,,,,,,,,,,,,,,,,,,,,,,,,,,,,,,,,,,,,,,,,,,,,,,,,,,,,,,,,,,,,,,,,,,,,,,,,,,,,,,,,,,,,,,,,,,,,,,,,,,,,,,,,,,,,,,,,,,,,,,,,,,,,,,,,,,,,,,,,,,,,,,,
506,i6fufwr0,,0,0,18,,,,0,,,0.0,,,,,,,,,,,,,,ryu6snyq,,,,,0,Experiment_1_Persistence,https://app.prolific.com/submissions/complete?cc=C1BTHULB,0.0,1.0,506,,0.0,,1,1,506,,0.0,,,,,,,,,,,,,,,1,1,506,,0.0,,,,,,,,,,1,1,506,,0.0,,,,,,,,,,,,,,,,,,1,1,506,,0.0,,,,,,,,,,,,,1,1,506,,0.0,0,0,0,0,0,0,0,0,0,,,,,1,1,,,,,,,,,,,,,,,,,,,,,,,,,,,,,,,,,,,,,,,,,,,,,,,,,,,,,,,,,,,,,,,,,,,,,,,,,,,,,,,,,,,,,,,,,,,,,,,,,,,,,,,,,,,,,,,,,,,,,,,,,,,,,,,,,,,,,,,,,,,,,,,,,,,,,,,,,,,,,,,,,,,,,,,,,,,,,,,,,,,,,,,,,,,,,,,,,,,,,,,,,,,,,,,,,,,,,,,,,,,,,,,,,,,,,,,,,,,,,,,,,,,,,,,,,,,,,,,,,,,,,,,,,,,,,,,,,,,,,,,,,,,,,,,,,,,,,,,,,,,,,,,,,,,,,,,,,,,
507,5r8fcmpd,,0,0,18,,,,0,,,0.0,,,,,,,,,,,,,,ryu6snyq,,,,,0,Experiment_1_Persistence,https://app.prolific.com/submissions/complete?cc=C1BTHULB,0.0,1.0,507,,0.0,,1,1,507,,0.0,,,,,,,,,,,,,,,1,1,507,,0.0,,,,,,,,,,1,1,507,,0.0,,,,,,,,,,,,,,,,,,1,1,507,,0.0,,,,,,,,,,,,,1,1,507,,0.0,0,0,0,0,0,0,0,0,0,,,,,1,1,,,,,,,,,,,,,,,,,,,,,,,,,,,,,,,,,,,,,,,,,,,,,,,,,,,,,,,,,,,,,,,,,,,,,,,,,,,,,,,,,,,,,,,,,,,,,,,,,,,,,,,,,,,,,,,,,,,,,,,,,,,,,,,,,,,,,,,,,,,,,,,,,,,,,,,,,,,,,,,,,,,,,,,,,,,,,,,,,,,,,,,,,,,,,,,,,,,,,,,,,,,,,,,,,,,,,,,,,,,,,,,,,,,,,,,,,,,,,,,,,,,,,,,,,,,,,,,,,,,,,,,,,,,,,,,,,,,,,,,,,,,,,,,,,,,,,,,,,,,,,,,,,,,,,,,,,,,
508,mosf1tgg,,0,0,18,,,,0,,,0.0,,,,,,,,,,,,,,ryu6snyq,,,,,0,Experiment_1_Persistence,https://app.prolific.com/submissions/complete?cc=C1BTHULB,0.0,1.0,508,,0.0,,1,1,508,,0.0,,,,,,,,,,,,,,,1,1,508,,0.0,,,,,,,,,,1,1,508,,0.0,,,,,,,,,,,,,,,,,,1,1,508,,0.0,,,,,,,,,,,,,1,1,508,,0.0,0,0,0,0,0,0,0,0,0,,,,,1,1,,,,,,,,,,,,,,,,,,,,,,,,,,,,,,,,,,,,,,,,,,,,,,,,,,,,,,,,,,,,,,,,,,,,,,,,,,,,,,,,,,,,,,,,,,,,,,,,,,,,,,,,,,,,,,,,,,,,,,,,,,,,,,,,,,,,,,,,,,,,,,,,,,,,,,,,,,,,,,,,,,,,,,,,,,,,,,,,,,,,,,,,,,,,,,,,,,,,,,,,,,,,,,,,,,,,,,,,,,,,,,,,,,,,,,,,,,,,,,,,,,,,,,,,,,,,,,,,,,,,,,,,,,,,,,,,,,,,,,,,,,,,,,,,,,,,,,,,,,,,,,,,,,,,,,,,,,,
509,osflrpa4,,0,0,18,,,,0,,,0.0,,,,,,,,,,,,,,ryu6snyq,,,,,0,Experiment_1_Persistence,https://app.prolific.com/submissions/complete?cc=C1BTHULB,0.0,1.0,509,,0.0,,1,1,509,,0.0,,,,,,,,,,,,,,,1,1,509,,0.0,,,,,,,,,,1,1,509,,0.0,,,,,,,,,,,,,,,,,,1,1,509,,0.0,,,,,,,,,,,,,1,1,509,,0.0,0,0,0,0,0,0,0,0,0,,,,,1,1,,,,,,,,,,,,,,,,,,,,,,,,,,,,,,,,,,,,,,,,,,,,,,,,,,,,,,,,,,,,,,,,,,,,,,,,,,,,,,,,,,,,,,,,,,,,,,,,,,,,,,,,,,,,,,,,,,,,,,,,,,,,,,,,,,,,,,,,,,,,,,,,,,,,,,,,,,,,,,,,,,,,,,,,,,,,,,,,,,,,,,,,,,,,,,,,,,,,,,,,,,,,,,,,,,,,,,,,,,,,,,,,,,,,,,,,,,,,,,,,,,,,,,,,,,,,,,,,,,,,,,,,,,,,,,,,,,,,,,,,,,,,,,,,,,,,,,,,,,,,,,,,,,,,,,,,,,,
510,qqdc7e6b,,0,0,18,,,,0,,,0.0,,,,,,,,,,,,,,ryu6snyq,,,,,0,Experiment_1_Persistence,https://app.prolific.com/submissions/complete?cc=C1BTHULB,0.0,1.0,510,,0.0,,1,1,510,,0.0,,,,,,,,,,,,,,,1,1,510,,0.0,,,,,,,,,,1,1,510,,0.0,,,,,,,,,,,,,,,,,,1,1,510,,0.0,,,,,,,,,,,,,1,1,510,,0.0,0,0,0,0,0,0,0,0,0,,,,,1,1,,,,,,,,,,,,,,,,,,,,,,,,,,,,,,,,,,,,,,,,,,,,,,,,,,,,,,,,,,,,,,,,,,,,,,,,,,,,,,,,,,,,,,,,,,,,,,,,,,,,,,,,,,,,,,,,,,,,,,,,,,,,,,,,,,,,,,,,,,,,,,,,,,,,,,,,,,,,,,,,,,,,,,,,,,,,,,,,,,,,,,,,,,,,,,,,,,,,,,,,,,,,,,,,,,,,,,,,,,,,,,,,,,,,,,,,,,,,,,,,,,,,,,,,,,,,,,,,,,,,,,,,,,,,,,,,,,,,,,,,,,,,,,,,,,,,,,,,,,,,,,,,,,,,,,,,,,,
511,w2wpzm5h,,0,0,18,,,,0,,,0.0,,,,,,,,,,,,,,ryu6snyq,,,,,0,Experiment_1_Persistence,https://app.prolific.com/submissions/complete?cc=C1BTHULB,0.0,1.0,511,,0.0,,1,1,511,,0.0,,,,,,,,,,,,,,,1,1,511,,0.0,,,,,,,,,,1,1,511,,0.0,,,,,,,,,,,,,,,,,,1,1,511,,0.0,,,,,,,,,,,,,1,1,511,,0.0,0,0,0,0,0,0,0,0,0,,,,,1,1,,,,,,,,,,,,,,,,,,,,,,,,,,,,,,,,,,,,,,,,,,,,,,,,,,,,,,,,,,,,,,,,,,,,,,,,,,,,,,,,,,,,,,,,,,,,,,,,,,,,,,,,,,,,,,,,,,,,,,,,,,,,,,,,,,,,,,,,,,,,,,,,,,,,,,,,,,,,,,,,,,,,,,,,,,,,,,,,,,,,,,,,,,,,,,,,,,,,,,,,,,,,,,,,,,,,,,,,,,,,,,,,,,,,,,,,,,,,,,,,,,,,,,,,,,,,,,,,,,,,,,,,,,,,,,,,,,,,,,,,,,,,,,,,,,,,,,,,,,,,,,,,,,,,,,,,,,,
512,ly9j4n4f,,0,0,18,,,,0,,,0.0,,,,,,,,,,,,,,ryu6snyq,,,,,0,Experiment_1_Persistence,https://app.prolific.com/submissions/complete?cc=C1BTHULB,0.0,1.0,512,,0.0,,1,1,512,,0.0,,,,,,,,,,,,,,,1,1,512,,0.0,,,,,,,,,,1,1,512,,0.0,,,,,,,,,,,,,,,,,,1,1,512,,0.0,,,,,,,,,,,,,1,1,512,,0.0,0,0,0,0,0,0,0,0,0,,,,,1,1,,,,,,,,,,,,,,,,,,,,,,,,,,,,,,,,,,,,,,,,,,,,,,,,,,,,,,,,,,,,,,,,,,,,,,,,,,,,,,,,,,,,,,,,,,,,,,,,,,,,,,,,,,,,,,,,,,,,,,,,,,,,,,,,,,,,,,,,,,,,,,,,,,,,,,,,,,,,,,,,,,,,,,,,,,,,,,,,,,,,,,,,,,,,,,,,,,,,,,,,,,,,,,,,,,,,,,,,,,,,,,,,,,,,,,,,,,,,,,,,,,,,,,,,,,,,,,,,,,,,,,,,,,,,,,,,,,,,,,,,,,,,,,,,,,,,,,,,,,,,,,,,,,,,,,,,,,,
513,wip39jfe,,0,0,18,,,,0,,,0.0,,,,,,,,,,,,,,ryu6snyq,,,,,0,Experiment_1_Persistence,https://app.prolific.com/submissions/complete?cc=C1BTHULB,0.0,1.0,513,,0.0,,1,1,513,,0.0,,,,,,,,,,,,,,,1,1,513,,0.0,,,,,,,,,,1,1,513,,0.0,,,,,,,,,,,,,,,,,,1,1,513,,0.0,,,,,,,,,,,,,1,1,513,,0.0,0,0,0,0,0,0,0,0,0,,,,,1,1,,,,,,,,,,,,,,,,,,,,,,,,,,,,,,,,,,,,,,,,,,,,,,,,,,,,,,,,,,,,,,,,,,,,,,,,,,,,,,,,,,,,,,,,,,,,,,,,,,,,,,,,,,,,,,,,,,,,,,,,,,,,,,,,,,,,,,,,,,,,,,,,,,,,,,,,,,,,,,,,,,,,,,,,,,,,,,,,,,,,,,,,,,,,,,,,,,,,,,,,,,,,,,,,,,,,,,,,,,,,,,,,,,,,,,,,,,,,,,,,,,,,,,,,,,,,,,,,,,,,,,,,,,,,,,,,,,,,,,,,,,,,,,,,,,,,,,,,,,,,,,,,,,,,,,,,,,,
514,bxjj7ilx,,0,0,18,,,,0,,,0.0,,,,,,,,,,,,,,ryu6snyq,,,,,0,Experiment_1_Persistence,https://app.prolific.com/submissions/complete?cc=C1BTHULB,0.0,1.0,514,,0.0,,1,1,514,,0.0,,,,,,,,,,,,,,,1,1,514,,0.0,,,,,,,,,,1,1,514,,0.0,,,,,,,,,,,,,,,,,,1,1,514,,0.0,,,,,,,,,,,,,1,1,514,,0.0,0,0,0,0,0,0,0,0,0,,,,,1,1,,,,,,,,,,,,,,,,,,,,,,,,,,,,,,,,,,,,,,,,,,,,,,,,,,,,,,,,,,,,,,,,,,,,,,,,,,,,,,,,,,,,,,,,,,,,,,,,,,,,,,,,,,,,,,,,,,,,,,,,,,,,,,,,,,,,,,,,,,,,,,,,,,,,,,,,,,,,,,,,,,,,,,,,,,,,,,,,,,,,,,,,,,,,,,,,,,,,,,,,,,,,,,,,,,,,,,,,,,,,,,,,,,,,,,,,,,,,,,,,,,,,,,,,,,,,,,,,,,,,,,,,,,,,,,,,,,,,,,,,,,,,,,,,,,,,,,,,,,,,,,,,,,,,,,,,,,,
515,j3nj8v0r,,0,0,18,,,,0,,,0.0,,,,,,,,,,,,,,ryu6snyq,,,,,0,Experiment_1_Persistence,https://app.prolific.com/submissions/complete?cc=C1BTHULB,0.0,1.0,515,,0.0,,1,1,515,,0.0,,,,,,,,,,,,,,,1,1,515,,0.0,,,,,,,,,,1,1,515,,0.0,,,,,,,,,,,,,,,,,,1,1,515,,0.0,,,,,,,,,,,,,1,1,515,,0.0,0,0,0,0,0,0,0,0,0,,,,,1,1,,,,,,,,,,,,,,,,,,,,,,,,,,,,,,,,,,,,,,,,,,,,,,,,,,,,,,,,,,,,,,,,,,,,,,,,,,,,,,,,,,,,,,,,,,,,,,,,,,,,,,,,,,,,,,,,,,,,,,,,,,,,,,,,,,,,,,,,,,,,,,,,,,,,,,,,,,,,,,,,,,,,,,,,,,,,,,,,,,,,,,,,,,,,,,,,,,,,,,,,,,,,,,,,,,,,,,,,,,,,,,,,,,,,,,,,,,,,,,,,,,,,,,,,,,,,,,,,,,,,,,,,,,,,,,,,,,,,,,,,,,,,,,,,,,,,,,,,,,,,,,,,,,,,,,,,,,,
516,jjhmnodp,,0,0,18,,,,0,,,0.0,,,,,,,,,,,,,,ryu6snyq,,,,,0,Experiment_1_Persistence,https://app.prolific.com/submissions/complete?cc=C1BTHULB,0.0,1.0,516,,0.0,,1,1,516,,0.0,,,,,,,,,,,,,,,1,1,516,,0.0,,,,,,,,,,1,1,516,,0.0,,,,,,,,,,,,,,,,,,1,1,516,,0.0,,,,,,,,,,,,,1,1,516,,0.0,0,0,0,0,0,0,0,0,0,,,,,1,1,,,,,,,,,,,,,,,,,,,,,,,,,,,,,,,,,,,,,,,,,,,,,,,,,,,,,,,,,,,,,,,,,,,,,,,,,,,,,,,,,,,,,,,,,,,,,,,,,,,,,,,,,,,,,,,,,,,,,,,,,,,,,,,,,,,,,,,,,,,,,,,,,,,,,,,,,,,,,,,,,,,,,,,,,,,,,,,,,,,,,,,,,,,,,,,,,,,,,,,,,,,,,,,,,,,,,,,,,,,,,,,,,,,,,,,,,,,,,,,,,,,,,,,,,,,,,,,,,,,,,,,,,,,,,,,,,,,,,,,,,,,,,,,,,,,,,,,,,,,,,,,,,,,,,,,,,,,
517,7hr6dscv,,0,0,18,,,,0,,,0.0,,,,,,,,,,,,,,ryu6snyq,,,,,0,Experiment_1_Persistence,https://app.prolific.com/submissions/complete?cc=C1BTHULB,0.0,1.0,517,,0.0,,1,1,517,,0.0,,,,,,,,,,,,,,,1,1,517,,0.0,,,,,,,,,,1,1,517,,0.0,,,,,,,,,,,,,,,,,,1,1,517,,0.0,,,,,,,,,,,,,1,1,517,,0.0,0,0,0,0,0,0,0,0,0,,,,,1,1,,,,,,,,,,,,,,,,,,,,,,,,,,,,,,,,,,,,,,,,,,,,,,,,,,,,,,,,,,,,,,,,,,,,,,,,,,,,,,,,,,,,,,,,,,,,,,,,,,,,,,,,,,,,,,,,,,,,,,,,,,,,,,,,,,,,,,,,,,,,,,,,,,,,,,,,,,,,,,,,,,,,,,,,,,,,,,,,,,,,,,,,,,,,,,,,,,,,,,,,,,,,,,,,,,,,,,,,,,,,,,,,,,,,,,,,,,,,,,,,,,,,,,,,,,,,,,,,,,,,,,,,,,,,,,,,,,,,,,,,,,,,,,,,,,,,,,,,,,,,,,,,,,,,,,,,,,,
518,jhatwc62,,0,0,18,,,,0,,,0.0,,,,,,,,,,,,,,ryu6snyq,,,,,0,Experiment_1_Persistence,https://app.prolific.com/submissions/complete?cc=C1BTHULB,0.0,1.0,518,,0.0,,1,1,518,,0.0,,,,,,,,,,,,,,,1,1,518,,0.0,,,,,,,,,,1,1,518,,0.0,,,,,,,,,,,,,,,,,,1,1,518,,0.0,,,,,,,,,,,,,1,1,518,,0.0,0,0,0,0,0,0,0,0,0,,,,,1,1,,,,,,,,,,,,,,,,,,,,,,,,,,,,,,,,,,,,,,,,,,,,,,,,,,,,,,,,,,,,,,,,,,,,,,,,,,,,,,,,,,,,,,,,,,,,,,,,,,,,,,,,,,,,,,,,,,,,,,,,,,,,,,,,,,,,,,,,,,,,,,,,,,,,,,,,,,,,,,,,,,,,,,,,,,,,,,,,,,,,,,,,,,,,,,,,,,,,,,,,,,,,,,,,,,,,,,,,,,,,,,,,,,,,,,,,,,,,,,,,,,,,,,,,,,,,,,,,,,,,,,,,,,,,,,,,,,,,,,,,,,,,,,,,,,,,,,,,,,,,,,,,,,,,,,,,,,,
519,14t55emb,,0,0,18,,,,0,,,0.0,,,,,,,,,,,,,,ryu6snyq,,,,,0,Experiment_1_Persistence,https://app.prolific.com/submissions/complete?cc=C1BTHULB,0.0,1.0,519,,0.0,,1,1,519,,0.0,,,,,,,,,,,,,,,1,1,519,,0.0,,,,,,,,,,1,1,519,,0.0,,,,,,,,,,,,,,,,,,1,1,519,,0.0,,,,,,,,,,,,,1,1,519,,0.0,0,0,0,0,0,0,0,0,0,,,,,1,1,,,,,,,,,,,,,,,,,,,,,,,,,,,,,,,,,,,,,,,,,,,,,,,,,,,,,,,,,,,,,,,,,,,,,,,,,,,,,,,,,,,,,,,,,,,,,,,,,,,,,,,,,,,,,,,,,,,,,,,,,,,,,,,,,,,,,,,,,,,,,,,,,,,,,,,,,,,,,,,,,,,,,,,,,,,,,,,,,,,,,,,,,,,,,,,,,,,,,,,,,,,,,,,,,,,,,,,,,,,,,,,,,,,,,,,,,,,,,,,,,,,,,,,,,,,,,,,,,,,,,,,,,,,,,,,,,,,,,,,,,,,,,,,,,,,,,,,,,,,,,,,,,,,,,,,,,,,
520,j9r7jxgu,,0,0,18,,,,0,,,0.0,,,,,,,,,,,,,,ryu6snyq,,,,,0,Experiment_1_Persistence,https://app.prolific.com/submissions/complete?cc=C1BTHULB,0.0,1.0,520,,0.0,,1,1,520,,0.0,,,,,,,,,,,,,,,1,1,520,,0.0,,,,,,,,,,1,1,520,,0.0,,,,,,,,,,,,,,,,,,1,1,520,,0.0,,,,,,,,,,,,,1,1,520,,0.0,0,0,0,0,0,0,0,0,0,,,,,1,1,,,,,,,,,,,,,,,,,,,,,,,,,,,,,,,,,,,,,,,,,,,,,,,,,,,,,,,,,,,,,,,,,,,,,,,,,,,,,,,,,,,,,,,,,,,,,,,,,,,,,,,,,,,,,,,,,,,,,,,,,,,,,,,,,,,,,,,,,,,,,,,,,,,,,,,,,,,,,,,,,,,,,,,,,,,,,,,,,,,,,,,,,,,,,,,,,,,,,,,,,,,,,,,,,,,,,,,,,,,,,,,,,,,,,,,,,,,,,,,,,,,,,,,,,,,,,,,,,,,,,,,,,,,,,,,,,,,,,,,,,,,,,,,,,,,,,,,,,,,,,,,,,,,,,,,,,,,
521,wvbl535c,,0,0,18,,,,0,,,0.0,,,,,,,,,,,,,,ryu6snyq,,,,,0,Experiment_1_Persistence,https://app.prolific.com/submissions/complete?cc=C1BTHULB,0.0,1.0,521,,0.0,,1,1,521,,0.0,,,,,,,,,,,,,,,1,1,521,,0.0,,,,,,,,,,1,1,521,,0.0,,,,,,,,,,,,,,,,,,1,1,521,,0.0,,,,,,,,,,,,,1,1,521,,0.0,0,0,0,0,0,0,0,0,0,,,,,1,1,,,,,,,,,,,,,,,,,,,,,,,,,,,,,,,,,,,,,,,,,,,,,,,,,,,,,,,,,,,,,,,,,,,,,,,,,,,,,,,,,,,,,,,,,,,,,,,,,,,,,,,,,,,,,,,,,,,,,,,,,,,,,,,,,,,,,,,,,,,,,,,,,,,,,,,,,,,,,,,,,,,,,,,,,,,,,,,,,,,,,,,,,,,,,,,,,,,,,,,,,,,,,,,,,,,,,,,,,,,,,,,,,,,,,,,,,,,,,,,,,,,,,,,,,,,,,,,,,,,,,,,,,,,,,,,,,,,,,,,,,,,,,,,,,,,,,,,,,,,,,,,,,,,,,,,,,,,
522,ic5znmjx,,0,0,18,,,,0,,,0.0,,,,,,,,,,,,,,ryu6snyq,,,,,0,Experiment_1_Persistence,https://app.prolific.com/submissions/complete?cc=C1BTHULB,0.0,1.0,522,,0.0,,1,1,522,,0.0,,,,,,,,,,,,,,,1,1,522,,0.0,,,,,,,,,,1,1,522,,0.0,,,,,,,,,,,,,,,,,,1,1,522,,0.0,,,,,,,,,,,,,1,1,522,,0.0,0,0,0,0,0,0,0,0,0,,,,,1,1,,,,,,,,,,,,,,,,,,,,,,,,,,,,,,,,,,,,,,,,,,,,,,,,,,,,,,,,,,,,,,,,,,,,,,,,,,,,,,,,,,,,,,,,,,,,,,,,,,,,,,,,,,,,,,,,,,,,,,,,,,,,,,,,,,,,,,,,,,,,,,,,,,,,,,,,,,,,,,,,,,,,,,,,,,,,,,,,,,,,,,,,,,,,,,,,,,,,,,,,,,,,,,,,,,,,,,,,,,,,,,,,,,,,,,,,,,,,,,,,,,,,,,,,,,,,,,,,,,,,,,,,,,,,,,,,,,,,,,,,,,,,,,,,,,,,,,,,,,,,,,,,,,,,,,,,,,,
523,ghk07dul,,0,0,18,,,,0,,,0.0,,,,,,,,,,,,,,ryu6snyq,,,,,0,Experiment_1_Persistence,https://app.prolific.com/submissions/complete?cc=C1BTHULB,0.0,1.0,523,,0.0,,1,1,523,,0.0,,,,,,,,,,,,,,,1,1,523,,0.0,,,,,,,,,,1,1,523,,0.0,,,,,,,,,,,,,,,,,,1,1,523,,0.0,,,,,,,,,,,,,1,1,523,,0.0,0,0,0,0,0,0,0,0,0,,,,,1,1,,,,,,,,,,,,,,,,,,,,,,,,,,,,,,,,,,,,,,,,,,,,,,,,,,,,,,,,,,,,,,,,,,,,,,,,,,,,,,,,,,,,,,,,,,,,,,,,,,,,,,,,,,,,,,,,,,,,,,,,,,,,,,,,,,,,,,,,,,,,,,,,,,,,,,,,,,,,,,,,,,,,,,,,,,,,,,,,,,,,,,,,,,,,,,,,,,,,,,,,,,,,,,,,,,,,,,,,,,,,,,,,,,,,,,,,,,,,,,,,,,,,,,,,,,,,,,,,,,,,,,,,,,,,,,,,,,,,,,,,,,,,,,,,,,,,,,,,,,,,,,,,,,,,,,,,,,,
524,b0ojnii6,,0,0,18,,,,0,,,0.0,,,,,,,,,,,,,,ryu6snyq,,,,,0,Experiment_1_Persistence,https://app.prolific.com/submissions/complete?cc=C1BTHULB,0.0,1.0,524,,0.0,,1,1,524,,0.0,,,,,,,,,,,,,,,1,1,524,,0.0,,,,,,,,,,1,1,524,,0.0,,,,,,,,,,,,,,,,,,1,1,524,,0.0,,,,,,,,,,,,,1,1,524,,0.0,0,0,0,0,0,0,0,0,0,,,,,1,1,,,,,,,,,,,,,,,,,,,,,,,,,,,,,,,,,,,,,,,,,,,,,,,,,,,,,,,,,,,,,,,,,,,,,,,,,,,,,,,,,,,,,,,,,,,,,,,,,,,,,,,,,,,,,,,,,,,,,,,,,,,,,,,,,,,,,,,,,,,,,,,,,,,,,,,,,,,,,,,,,,,,,,,,,,,,,,,,,,,,,,,,,,,,,,,,,,,,,,,,,,,,,,,,,,,,,,,,,,,,,,,,,,,,,,,,,,,,,,,,,,,,,,,,,,,,,,,,,,,,,,,,,,,,,,,,,,,,,,,,,,,,,,,,,,,,,,,,,,,,,,,,,,,,,,,,,,,
525,yq580cli,,0,0,18,,,,0,,,0.0,,,,,,,,,,,,,,ryu6snyq,,,,,0,Experiment_1_Persistence,https://app.prolific.com/submissions/complete?cc=C1BTHULB,0.0,1.0,525,,0.0,,1,1,525,,0.0,,,,,,,,,,,,,,,1,1,525,,0.0,,,,,,,,,,1,1,525,,0.0,,,,,,,,,,,,,,,,,,1,1,525,,0.0,,,,,,,,,,,,,1,1,525,,0.0,0,0,0,0,0,0,0,0,0,,,,,1,1,,,,,,,,,,,,,,,,,,,,,,,,,,,,,,,,,,,,,,,,,,,,,,,,,,,,,,,,,,,,,,,,,,,,,,,,,,,,,,,,,,,,,,,,,,,,,,,,,,,,,,,,,,,,,,,,,,,,,,,,,,,,,,,,,,,,,,,,,,,,,,,,,,,,,,,,,,,,,,,,,,,,,,,,,,,,,,,,,,,,,,,,,,,,,,,,,,,,,,,,,,,,,,,,,,,,,,,,,,,,,,,,,,,,,,,,,,,,,,,,,,,,,,,,,,,,,,,,,,,,,,,,,,,,,,,,,,,,,,,,,,,,,,,,,,,,,,,,,,,,,,,,,,,,,,,,,,,
526,whvsvhnv,,0,0,18,,,,0,,,0.0,,,,,,,,,,,,,,ryu6snyq,,,,,0,Experiment_1_Persistence,https://app.prolific.com/submissions/complete?cc=C1BTHULB,0.0,1.0,526,,0.0,,1,1,526,,0.0,,,,,,,,,,,,,,,1,1,526,,0.0,,,,,,,,,,1,1,526,,0.0,,,,,,,,,,,,,,,,,,1,1,526,,0.0,,,,,,,,,,,,,1,1,526,,0.0,0,0,0,0,0,0,0,0,0,,,,,1,1,,,,,,,,,,,,,,,,,,,,,,,,,,,,,,,,,,,,,,,,,,,,,,,,,,,,,,,,,,,,,,,,,,,,,,,,,,,,,,,,,,,,,,,,,,,,,,,,,,,,,,,,,,,,,,,,,,,,,,,,,,,,,,,,,,,,,,,,,,,,,,,,,,,,,,,,,,,,,,,,,,,,,,,,,,,,,,,,,,,,,,,,,,,,,,,,,,,,,,,,,,,,,,,,,,,,,,,,,,,,,,,,,,,,,,,,,,,,,,,,,,,,,,,,,,,,,,,,,,,,,,,,,,,,,,,,,,,,,,,,,,,,,,,,,,,,,,,,,,,,,,,,,,,,,,,,,,,
527,27sgyy3s,,0,0,18,,,,0,,,0.0,,,,,,,,,,,,,,ryu6snyq,,,,,0,Experiment_1_Persistence,https://app.prolific.com/submissions/complete?cc=C1BTHULB,0.0,1.0,527,,0.0,,1,1,527,,0.0,,,,,,,,,,,,,,,1,1,527,,0.0,,,,,,,,,,1,1,527,,0.0,,,,,,,,,,,,,,,,,,1,1,527,,0.0,,,,,,,,,,,,,1,1,527,,0.0,0,0,0,0,0,0,0,0,0,,,,,1,1,,,,,,,,,,,,,,,,,,,,,,,,,,,,,,,,,,,,,,,,,,,,,,,,,,,,,,,,,,,,,,,,,,,,,,,,,,,,,,,,,,,,,,,,,,,,,,,,,,,,,,,,,,,,,,,,,,,,,,,,,,,,,,,,,,,,,,,,,,,,,,,,,,,,,,,,,,,,,,,,,,,,,,,,,,,,,,,,,,,,,,,,,,,,,,,,,,,,,,,,,,,,,,,,,,,,,,,,,,,,,,,,,,,,,,,,,,,,,,,,,,,,,,,,,,,,,,,,,,,,,,,,,,,,,,,,,,,,,,,,,,,,,,,,,,,,,,,,,,,,,,,,,,,,,,,,,,,
528,t48xa3yn,,0,0,18,,,,0,,,0.0,,,,,,,,,,,,,,ryu6snyq,,,,,0,Experiment_1_Persistence,https://app.prolific.com/submissions/complete?cc=C1BTHULB,0.0,1.0,528,,0.0,,1,1,528,,0.0,,,,,,,,,,,,,,,1,1,528,,0.0,,,,,,,,,,1,1,528,,0.0,,,,,,,,,,,,,,,,,,1,1,528,,0.0,,,,,,,,,,,,,1,1,528,,0.0,0,0,0,0,0,0,0,0,0,,,,,1,1,,,,,,,,,,,,,,,,,,,,,,,,,,,,,,,,,,,,,,,,,,,,,,,,,,,,,,,,,,,,,,,,,,,,,,,,,,,,,,,,,,,,,,,,,,,,,,,,,,,,,,,,,,,,,,,,,,,,,,,,,,,,,,,,,,,,,,,,,,,,,,,,,,,,,,,,,,,,,,,,,,,,,,,,,,,,,,,,,,,,,,,,,,,,,,,,,,,,,,,,,,,,,,,,,,,,,,,,,,,,,,,,,,,,,,,,,,,,,,,,,,,,,,,,,,,,,,,,,,,,,,,,,,,,,,,,,,,,,,,,,,,,,,,,,,,,,,,,,,,,,,,,,,,,,,,,,,,
529,l1zlft28,,0,0,18,,,,0,,,0.0,,,,,,,,,,,,,,ryu6snyq,,,,,0,Experiment_1_Persistence,https://app.prolific.com/submissions/complete?cc=C1BTHULB,0.0,1.0,529,,0.0,,1,1,529,,0.0,,,,,,,,,,,,,,,1,1,529,,0.0,,,,,,,,,,1,1,529,,0.0,,,,,,,,,,,,,,,,,,1,1,529,,0.0,,,,,,,,,,,,,1,1,529,,0.0,0,0,0,0,0,0,0,0,0,,,,,1,1,,,,,,,,,,,,,,,,,,,,,,,,,,,,,,,,,,,,,,,,,,,,,,,,,,,,,,,,,,,,,,,,,,,,,,,,,,,,,,,,,,,,,,,,,,,,,,,,,,,,,,,,,,,,,,,,,,,,,,,,,,,,,,,,,,,,,,,,,,,,,,,,,,,,,,,,,,,,,,,,,,,,,,,,,,,,,,,,,,,,,,,,,,,,,,,,,,,,,,,,,,,,,,,,,,,,,,,,,,,,,,,,,,,,,,,,,,,,,,,,,,,,,,,,,,,,,,,,,,,,,,,,,,,,,,,,,,,,,,,,,,,,,,,,,,,,,,,,,,,,,,,,,,,,,,,,,,,
530,lsqdgb9r,,0,0,18,,,,0,,,0.0,,,,,,,,,,,,,,ryu6snyq,,,,,0,Experiment_1_Persistence,https://app.prolific.com/submissions/complete?cc=C1BTHULB,0.0,1.0,530,,0.0,,1,1,530,,0.0,,,,,,,,,,,,,,,1,1,530,,0.0,,,,,,,,,,1,1,530,,0.0,,,,,,,,,,,,,,,,,,1,1,530,,0.0,,,,,,,,,,,,,1,1,530,,0.0,0,0,0,0,0,0,0,0,0,,,,,1,1,,,,,,,,,,,,,,,,,,,,,,,,,,,,,,,,,,,,,,,,,,,,,,,,,,,,,,,,,,,,,,,,,,,,,,,,,,,,,,,,,,,,,,,,,,,,,,,,,,,,,,,,,,,,,,,,,,,,,,,,,,,,,,,,,,,,,,,,,,,,,,,,,,,,,,,,,,,,,,,,,,,,,,,,,,,,,,,,,,,,,,,,,,,,,,,,,,,,,,,,,,,,,,,,,,,,,,,,,,,,,,,,,,,,,,,,,,,,,,,,,,,,,,,,,,,,,,,,,,,,,,,,,,,,,,,,,,,,,,,,,,,,,,,,,,,,,,,,,,,,,,,,,,,,,,,,,,,
531,nrg4b5mp,,0,0,18,,,,0,,,0.0,,,,,,,,,,,,,,ryu6snyq,,,,,0,Experiment_1_Persistence,https://app.prolific.com/submissions/complete?cc=C1BTHULB,0.0,1.0,531,,0.0,,1,1,531,,0.0,,,,,,,,,,,,,,,1,1,531,,0.0,,,,,,,,,,1,1,531,,0.0,,,,,,,,,,,,,,,,,,1,1,531,,0.0,,,,,,,,,,,,,1,1,531,,0.0,0,0,0,0,0,0,0,0,0,,,,,1,1,,,,,,,,,,,,,,,,,,,,,,,,,,,,,,,,,,,,,,,,,,,,,,,,,,,,,,,,,,,,,,,,,,,,,,,,,,,,,,,,,,,,,,,,,,,,,,,,,,,,,,,,,,,,,,,,,,,,,,,,,,,,,,,,,,,,,,,,,,,,,,,,,,,,,,,,,,,,,,,,,,,,,,,,,,,,,,,,,,,,,,,,,,,,,,,,,,,,,,,,,,,,,,,,,,,,,,,,,,,,,,,,,,,,,,,,,,,,,,,,,,,,,,,,,,,,,,,,,,,,,,,,,,,,,,,,,,,,,,,,,,,,,,,,,,,,,,,,,,,,,,,,,,,,,,,,,,,
532,rh3l8ruq,,0,0,18,,,,0,,,0.0,,,,,,,,,,,,,,ryu6snyq,,,,,0,Experiment_1_Persistence,https://app.prolific.com/submissions/complete?cc=C1BTHULB,0.0,1.0,532,,0.0,,1,1,532,,0.0,,,,,,,,,,,,,,,1,1,532,,0.0,,,,,,,,,,1,1,532,,0.0,,,,,,,,,,,,,,,,,,1,1,532,,0.0,,,,,,,,,,,,,1,1,532,,0.0,0,0,0,0,0,0,0,0,0,,,,,1,1,,,,,,,,,,,,,,,,,,,,,,,,,,,,,,,,,,,,,,,,,,,,,,,,,,,,,,,,,,,,,,,,,,,,,,,,,,,,,,,,,,,,,,,,,,,,,,,,,,,,,,,,,,,,,,,,,,,,,,,,,,,,,,,,,,,,,,,,,,,,,,,,,,,,,,,,,,,,,,,,,,,,,,,,,,,,,,,,,,,,,,,,,,,,,,,,,,,,,,,,,,,,,,,,,,,,,,,,,,,,,,,,,,,,,,,,,,,,,,,,,,,,,,,,,,,,,,,,,,,,,,,,,,,,,,,,,,,,,,,,,,,,,,,,,,,,,,,,,,,,,,,,,,,,,,,,,,,
533,ep9xagya,,0,0,18,,,,0,,,0.0,,,,,,,,,,,,,,ryu6snyq,,,,,0,Experiment_1_Persistence,https://app.prolific.com/submissions/complete?cc=C1BTHULB,0.0,1.0,533,,0.0,,1,1,533,,0.0,,,,,,,,,,,,,,,1,1,533,,0.0,,,,,,,,,,1,1,533,,0.0,,,,,,,,,,,,,,,,,,1,1,533,,0.0,,,,,,,,,,,,,1,1,533,,0.0,0,0,0,0,0,0,0,0,0,,,,,1,1,,,,,,,,,,,,,,,,,,,,,,,,,,,,,,,,,,,,,,,,,,,,,,,,,,,,,,,,,,,,,,,,,,,,,,,,,,,,,,,,,,,,,,,,,,,,,,,,,,,,,,,,,,,,,,,,,,,,,,,,,,,,,,,,,,,,,,,,,,,,,,,,,,,,,,,,,,,,,,,,,,,,,,,,,,,,,,,,,,,,,,,,,,,,,,,,,,,,,,,,,,,,,,,,,,,,,,,,,,,,,,,,,,,,,,,,,,,,,,,,,,,,,,,,,,,,,,,,,,,,,,,,,,,,,,,,,,,,,,,,,,,,,,,,,,,,,,,,,,,,,,,,,,,,,,,,,,,
534,3pvkl42e,,0,0,18,,,,0,,,0.0,,,,,,,,,,,,,,ryu6snyq,,,,,0,Experiment_1_Persistence,https://app.prolific.com/submissions/complete?cc=C1BTHULB,0.0,1.0,534,,0.0,,1,1,534,,0.0,,,,,,,,,,,,,,,1,1,534,,0.0,,,,,,,,,,1,1,534,,0.0,,,,,,,,,,,,,,,,,,1,1,534,,0.0,,,,,,,,,,,,,1,1,534,,0.0,0,0,0,0,0,0,0,0,0,,,,,1,1,,,,,,,,,,,,,,,,,,,,,,,,,,,,,,,,,,,,,,,,,,,,,,,,,,,,,,,,,,,,,,,,,,,,,,,,,,,,,,,,,,,,,,,,,,,,,,,,,,,,,,,,,,,,,,,,,,,,,,,,,,,,,,,,,,,,,,,,,,,,,,,,,,,,,,,,,,,,,,,,,,,,,,,,,,,,,,,,,,,,,,,,,,,,,,,,,,,,,,,,,,,,,,,,,,,,,,,,,,,,,,,,,,,,,,,,,,,,,,,,,,,,,,,,,,,,,,,,,,,,,,,,,,,,,,,,,,,,,,,,,,,,,,,,,,,,,,,,,,,,,,,,,,,,,,,,,,,
535,9cqojhp4,,0,0,18,,,,0,,,0.0,,,,,,,,,,,,,,ryu6snyq,,,,,0,Experiment_1_Persistence,https://app.prolific.com/submissions/complete?cc=C1BTHULB,0.0,1.0,535,,0.0,,1,1,535,,0.0,,,,,,,,,,,,,,,1,1,535,,0.0,,,,,,,,,,1,1,535,,0.0,,,,,,,,,,,,,,,,,,1,1,535,,0.0,,,,,,,,,,,,,1,1,535,,0.0,0,0,0,0,0,0,0,0,0,,,,,1,1,,,,,,,,,,,,,,,,,,,,,,,,,,,,,,,,,,,,,,,,,,,,,,,,,,,,,,,,,,,,,,,,,,,,,,,,,,,,,,,,,,,,,,,,,,,,,,,,,,,,,,,,,,,,,,,,,,,,,,,,,,,,,,,,,,,,,,,,,,,,,,,,,,,,,,,,,,,,,,,,,,,,,,,,,,,,,,,,,,,,,,,,,,,,,,,,,,,,,,,,,,,,,,,,,,,,,,,,,,,,,,,,,,,,,,,,,,,,,,,,,,,,,,,,,,,,,,,,,,,,,,,,,,,,,,,,,,,,,,,,,,,,,,,,,,,,,,,,,,,,,,,,,,,,,,,,,,,
536,2ro5e36o,,0,0,18,,,,0,,,0.0,,,,,,,,,,,,,,ryu6snyq,,,,,0,Experiment_1_Persistence,https://app.prolific.com/submissions/complete?cc=C1BTHULB,0.0,1.0,536,,0.0,,1,1,536,,0.0,,,,,,,,,,,,,,,1,1,536,,0.0,,,,,,,,,,1,1,536,,0.0,,,,,,,,,,,,,,,,,,1,1,536,,0.0,,,,,,,,,,,,,1,1,536,,0.0,0,0,0,0,0,0,0,0,0,,,,,1,1,,,,,,,,,,,,,,,,,,,,,,,,,,,,,,,,,,,,,,,,,,,,,,,,,,,,,,,,,,,,,,,,,,,,,,,,,,,,,,,,,,,,,,,,,,,,,,,,,,,,,,,,,,,,,,,,,,,,,,,,,,,,,,,,,,,,,,,,,,,,,,,,,,,,,,,,,,,,,,,,,,,,,,,,,,,,,,,,,,,,,,,,,,,,,,,,,,,,,,,,,,,,,,,,,,,,,,,,,,,,,,,,,,,,,,,,,,,,,,,,,,,,,,,,,,,,,,,,,,,,,,,,,,,,,,,,,,,,,,,,,,,,,,,,,,,,,,,,,,,,,,,,,,,,,,,,,,,
537,pxn0r3kk,,0,0,18,,,,0,,,0.0,,,,,,,,,,,,,,ryu6snyq,,,,,0,Experiment_1_Persistence,https://app.prolific.com/submissions/complete?cc=C1BTHULB,0.0,1.0,537,,0.0,,1,1,537,,0.0,,,,,,,,,,,,,,,1,1,537,,0.0,,,,,,,,,,1,1,537,,0.0,,,,,,,,,,,,,,,,,,1,1,537,,0.0,,,,,,,,,,,,,1,1,537,,0.0,0,0,0,0,0,0,0,0,0,,,,,1,1,,,,,,,,,,,,,,,,,,,,,,,,,,,,,,,,,,,,,,,,,,,,,,,,,,,,,,,,,,,,,,,,,,,,,,,,,,,,,,,,,,,,,,,,,,,,,,,,,,,,,,,,,,,,,,,,,,,,,,,,,,,,,,,,,,,,,,,,,,,,,,,,,,,,,,,,,,,,,,,,,,,,,,,,,,,,,,,,,,,,,,,,,,,,,,,,,,,,,,,,,,,,,,,,,,,,,,,,,,,,,,,,,,,,,,,,,,,,,,,,,,,,,,,,,,,,,,,,,,,,,,,,,,,,,,,,,,,,,,,,,,,,,,,,,,,,,,,,,,,,,,,,,,,,,,,,,,,
538,xxc9wqvo,,0,0,18,,,,0,,,0.0,,,,,,,,,,,,,,ryu6snyq,,,,,0,Experiment_1_Persistence,https://app.prolific.com/submissions/complete?cc=C1BTHULB,0.0,1.0,538,,0.0,,1,1,538,,0.0,,,,,,,,,,,,,,,1,1,538,,0.0,,,,,,,,,,1,1,538,,0.0,,,,,,,,,,,,,,,,,,1,1,538,,0.0,,,,,,,,,,,,,1,1,538,,0.0,0,0,0,0,0,0,0,0,0,,,,,1,1,,,,,,,,,,,,,,,,,,,,,,,,,,,,,,,,,,,,,,,,,,,,,,,,,,,,,,,,,,,,,,,,,,,,,,,,,,,,,,,,,,,,,,,,,,,,,,,,,,,,,,,,,,,,,,,,,,,,,,,,,,,,,,,,,,,,,,,,,,,,,,,,,,,,,,,,,,,,,,,,,,,,,,,,,,,,,,,,,,,,,,,,,,,,,,,,,,,,,,,,,,,,,,,,,,,,,,,,,,,,,,,,,,,,,,,,,,,,,,,,,,,,,,,,,,,,,,,,,,,,,,,,,,,,,,,,,,,,,,,,,,,,,,,,,,,,,,,,,,,,,,,,,,,,,,,,,,,
539,ljnymiml,,0,0,18,,,,0,,,0.0,,,,,,,,,,,,,,ryu6snyq,,,,,0,Experiment_1_Persistence,https://app.prolific.com/submissions/complete?cc=C1BTHULB,0.0,1.0,539,,0.0,,1,1,539,,0.0,,,,,,,,,,,,,,,1,1,539,,0.0,,,,,,,,,,1,1,539,,0.0,,,,,,,,,,,,,,,,,,1,1,539,,0.0,,,,,,,,,,,,,1,1,539,,0.0,0,0,0,0,0,0,0,0,0,,,,,1,1,,,,,,,,,,,,,,,,,,,,,,,,,,,,,,,,,,,,,,,,,,,,,,,,,,,,,,,,,,,,,,,,,,,,,,,,,,,,,,,,,,,,,,,,,,,,,,,,,,,,,,,,,,,,,,,,,,,,,,,,,,,,,,,,,,,,,,,,,,,,,,,,,,,,,,,,,,,,,,,,,,,,,,,,,,,,,,,,,,,,,,,,,,,,,,,,,,,,,,,,,,,,,,,,,,,,,,,,,,,,,,,,,,,,,,,,,,,,,,,,,,,,,,,,,,,,,,,,,,,,,,,,,,,,,,,,,,,,,,,,,,,,,,,,,,,,,,,,,,,,,,,,,,,,,,,,,,,
540,q0hqs62k,,0,0,18,,,,0,,,0.0,,,,,,,,,,,,,,ryu6snyq,,,,,0,Experiment_1_Persistence,https://app.prolific.com/submissions/complete?cc=C1BTHULB,0.0,1.0,540,,0.0,,1,1,540,,0.0,,,,,,,,,,,,,,,1,1,540,,0.0,,,,,,,,,,1,1,540,,0.0,,,,,,,,,,,,,,,,,,1,1,540,,0.0,,,,,,,,,,,,,1,1,540,,0.0,0,0,0,0,0,0,0,0,0,,,,,1,1,,,,,,,,,,,,,,,,,,,,,,,,,,,,,,,,,,,,,,,,,,,,,,,,,,,,,,,,,,,,,,,,,,,,,,,,,,,,,,,,,,,,,,,,,,,,,,,,,,,,,,,,,,,,,,,,,,,,,,,,,,,,,,,,,,,,,,,,,,,,,,,,,,,,,,,,,,,,,,,,,,,,,,,,,,,,,,,,,,,,,,,,,,,,,,,,,,,,,,,,,,,,,,,,,,,,,,,,,,,,,,,,,,,,,,,,,,,,,,,,,,,,,,,,,,,,,,,,,,,,,,,,,,,,,,,,,,,,,,,,,,,,,,,,,,,,,,,,,,,,,,,,,,,,,,,,,,,
541,lfx3xz7m,,0,0,18,,,,0,,,0.0,,,,,,,,,,,,,,ryu6snyq,,,,,0,Experiment_1_Persistence,https://app.prolific.com/submissions/complete?cc=C1BTHULB,0.0,1.0,541,,0.0,,1,1,541,,0.0,,,,,,,,,,,,,,,1,1,541,,0.0,,,,,,,,,,1,1,541,,0.0,,,,,,,,,,,,,,,,,,1,1,541,,0.0,,,,,,,,,,,,,1,1,541,,0.0,0,0,0,0,0,0,0,0,0,,,,,1,1,,,,,,,,,,,,,,,,,,,,,,,,,,,,,,,,,,,,,,,,,,,,,,,,,,,,,,,,,,,,,,,,,,,,,,,,,,,,,,,,,,,,,,,,,,,,,,,,,,,,,,,,,,,,,,,,,,,,,,,,,,,,,,,,,,,,,,,,,,,,,,,,,,,,,,,,,,,,,,,,,,,,,,,,,,,,,,,,,,,,,,,,,,,,,,,,,,,,,,,,,,,,,,,,,,,,,,,,,,,,,,,,,,,,,,,,,,,,,,,,,,,,,,,,,,,,,,,,,,,,,,,,,,,,,,,,,,,,,,,,,,,,,,,,,,,,,,,,,,,,,,,,,,,,,,,,,,,
542,xgtzp43r,,0,0,18,,,,0,,,0.0,,,,,,,,,,,,,,ryu6snyq,,,,,0,Experiment_1_Persistence,https://app.prolific.com/submissions/complete?cc=C1BTHULB,0.0,1.0,542,,0.0,,1,1,542,,0.0,,,,,,,,,,,,,,,1,1,542,,0.0,,,,,,,,,,1,1,542,,0.0,,,,,,,,,,,,,,,,,,1,1,542,,0.0,,,,,,,,,,,,,1,1,542,,0.0,0,0,0,0,0,0,0,0,0,,,,,1,1,,,,,,,,,,,,,,,,,,,,,,,,,,,,,,,,,,,,,,,,,,,,,,,,,,,,,,,,,,,,,,,,,,,,,,,,,,,,,,,,,,,,,,,,,,,,,,,,,,,,,,,,,,,,,,,,,,,,,,,,,,,,,,,,,,,,,,,,,,,,,,,,,,,,,,,,,,,,,,,,,,,,,,,,,,,,,,,,,,,,,,,,,,,,,,,,,,,,,,,,,,,,,,,,,,,,,,,,,,,,,,,,,,,,,,,,,,,,,,,,,,,,,,,,,,,,,,,,,,,,,,,,,,,,,,,,,,,,,,,,,,,,,,,,,,,,,,,,,,,,,,,,,,,,,,,,,,,
543,5hzz056i,,0,0,18,,,,0,,,0.0,,,,,,,,,,,,,,ryu6snyq,,,,,0,Experiment_1_Persistence,https://app.prolific.com/submissions/complete?cc=C1BTHULB,0.0,1.0,543,,0.0,,1,1,543,,0.0,,,,,,,,,,,,,,,1,1,543,,0.0,,,,,,,,,,1,1,543,,0.0,,,,,,,,,,,,,,,,,,1,1,543,,0.0,,,,,,,,,,,,,1,1,543,,0.0,0,0,0,0,0,0,0,0,0,,,,,1,1,,,,,,,,,,,,,,,,,,,,,,,,,,,,,,,,,,,,,,,,,,,,,,,,,,,,,,,,,,,,,,,,,,,,,,,,,,,,,,,,,,,,,,,,,,,,,,,,,,,,,,,,,,,,,,,,,,,,,,,,,,,,,,,,,,,,,,,,,,,,,,,,,,,,,,,,,,,,,,,,,,,,,,,,,,,,,,,,,,,,,,,,,,,,,,,,,,,,,,,,,,,,,,,,,,,,,,,,,,,,,,,,,,,,,,,,,,,,,,,,,,,,,,,,,,,,,,,,,,,,,,,,,,,,,,,,,,,,,,,,,,,,,,,,,,,,,,,,,,,,,,,,,,,,,,,,,,,
544,23ex9olu,,0,0,18,,,,0,,,0.0,,,,,,,,,,,,,,ryu6snyq,,,,,0,Experiment_1_Persistence,https://app.prolific.com/submissions/complete?cc=C1BTHULB,0.0,1.0,544,,0.0,,1,1,544,,0.0,,,,,,,,,,,,,,,1,1,544,,0.0,,,,,,,,,,1,1,544,,0.0,,,,,,,,,,,,,,,,,,1,1,544,,0.0,,,,,,,,,,,,,1,1,544,,0.0,0,0,0,0,0,0,0,0,0,,,,,1,1,,,,,,,,,,,,,,,,,,,,,,,,,,,,,,,,,,,,,,,,,,,,,,,,,,,,,,,,,,,,,,,,,,,,,,,,,,,,,,,,,,,,,,,,,,,,,,,,,,,,,,,,,,,,,,,,,,,,,,,,,,,,,,,,,,,,,,,,,,,,,,,,,,,,,,,,,,,,,,,,,,,,,,,,,,,,,,,,,,,,,,,,,,,,,,,,,,,,,,,,,,,,,,,,,,,,,,,,,,,,,,,,,,,,,,,,,,,,,,,,,,,,,,,,,,,,,,,,,,,,,,,,,,,,,,,,,,,,,,,,,,,,,,,,,,,,,,,,,,,,,,,,,,,,,,,,,,,
545,bh1o7nfy,,0,0,18,,,,0,,,0.0,,,,,,,,,,,,,,ryu6snyq,,,,,0,Experiment_1_Persistence,https://app.prolific.com/submissions/complete?cc=C1BTHULB,0.0,1.0,545,,0.0,,1,1,545,,0.0,,,,,,,,,,,,,,,1,1,545,,0.0,,,,,,,,,,1,1,545,,0.0,,,,,,,,,,,,,,,,,,1,1,545,,0.0,,,,,,,,,,,,,1,1,545,,0.0,0,0,0,0,0,0,0,0,0,,,,,1,1,,,,,,,,,,,,,,,,,,,,,,,,,,,,,,,,,,,,,,,,,,,,,,,,,,,,,,,,,,,,,,,,,,,,,,,,,,,,,,,,,,,,,,,,,,,,,,,,,,,,,,,,,,,,,,,,,,,,,,,,,,,,,,,,,,,,,,,,,,,,,,,,,,,,,,,,,,,,,,,,,,,,,,,,,,,,,,,,,,,,,,,,,,,,,,,,,,,,,,,,,,,,,,,,,,,,,,,,,,,,,,,,,,,,,,,,,,,,,,,,,,,,,,,,,,,,,,,,,,,,,,,,,,,,,,,,,,,,,,,,,,,,,,,,,,,,,,,,,,,,,,,,,,,,,,,,,,,
546,cpjkj074,,0,0,18,,,,0,,,0.0,,,,,,,,,,,,,,ryu6snyq,,,,,0,Experiment_1_Persistence,https://app.prolific.com/submissions/complete?cc=C1BTHULB,0.0,1.0,546,,0.0,,1,1,546,,0.0,,,,,,,,,,,,,,,1,1,546,,0.0,,,,,,,,,,1,1,546,,0.0,,,,,,,,,,,,,,,,,,1,1,546,,0.0,,,,,,,,,,,,,1,1,546,,0.0,0,0,0,0,0,0,0,0,0,,,,,1,1,,,,,,,,,,,,,,,,,,,,,,,,,,,,,,,,,,,,,,,,,,,,,,,,,,,,,,,,,,,,,,,,,,,,,,,,,,,,,,,,,,,,,,,,,,,,,,,,,,,,,,,,,,,,,,,,,,,,,,,,,,,,,,,,,,,,,,,,,,,,,,,,,,,,,,,,,,,,,,,,,,,,,,,,,,,,,,,,,,,,,,,,,,,,,,,,,,,,,,,,,,,,,,,,,,,,,,,,,,,,,,,,,,,,,,,,,,,,,,,,,,,,,,,,,,,,,,,,,,,,,,,,,,,,,,,,,,,,,,,,,,,,,,,,,,,,,,,,,,,,,,,,,,,,,,,,,,,
547,xe9pxqif,,0,0,18,,,,0,,,0.0,,,,,,,,,,,,,,ryu6snyq,,,,,0,Experiment_1_Persistence,https://app.prolific.com/submissions/complete?cc=C1BTHULB,0.0,1.0,547,,0.0,,1,1,547,,0.0,,,,,,,,,,,,,,,1,1,547,,0.0,,,,,,,,,,1,1,547,,0.0,,,,,,,,,,,,,,,,,,1,1,547,,0.0,,,,,,,,,,,,,1,1,547,,0.0,0,0,0,0,0,0,0,0,0,,,,,1,1,,,,,,,,,,,,,,,,,,,,,,,,,,,,,,,,,,,,,,,,,,,,,,,,,,,,,,,,,,,,,,,,,,,,,,,,,,,,,,,,,,,,,,,,,,,,,,,,,,,,,,,,,,,,,,,,,,,,,,,,,,,,,,,,,,,,,,,,,,,,,,,,,,,,,,,,,,,,,,,,,,,,,,,,,,,,,,,,,,,,,,,,,,,,,,,,,,,,,,,,,,,,,,,,,,,,,,,,,,,,,,,,,,,,,,,,,,,,,,,,,,,,,,,,,,,,,,,,,,,,,,,,,,,,,,,,,,,,,,,,,,,,,,,,,,,,,,,,,,,,,,,,,,,,,,,,,,,
548,tkephlod,,0,0,18,,,,0,,,0.0,,,,,,,,,,,,,,ryu6snyq,,,,,0,Experiment_1_Persistence,https://app.prolific.com/submissions/complete?cc=C1BTHULB,0.0,1.0,548,,0.0,,1,1,548,,0.0,,,,,,,,,,,,,,,1,1,548,,0.0,,,,,,,,,,1,1,548,,0.0,,,,,,,,,,,,,,,,,,1,1,548,,0.0,,,,,,,,,,,,,1,1,548,,0.0,0,0,0,0,0,0,0,0,0,,,,,1,1,,,,,,,,,,,,,,,,,,,,,,,,,,,,,,,,,,,,,,,,,,,,,,,,,,,,,,,,,,,,,,,,,,,,,,,,,,,,,,,,,,,,,,,,,,,,,,,,,,,,,,,,,,,,,,,,,,,,,,,,,,,,,,,,,,,,,,,,,,,,,,,,,,,,,,,,,,,,,,,,,,,,,,,,,,,,,,,,,,,,,,,,,,,,,,,,,,,,,,,,,,,,,,,,,,,,,,,,,,,,,,,,,,,,,,,,,,,,,,,,,,,,,,,,,,,,,,,,,,,,,,,,,,,,,,,,,,,,,,,,,,,,,,,,,,,,,,,,,,,,,,,,,,,,,,,,,,,
549,lvexleae,,0,0,18,,,,0,,,0.0,,,,,,,,,,,,,,ryu6snyq,,,,,0,Experiment_1_Persistence,https://app.prolific.com/submissions/complete?cc=C1BTHULB,0.0,1.0,549,,0.0,,1,1,549,,0.0,,,,,,,,,,,,,,,1,1,549,,0.0,,,,,,,,,,1,1,549,,0.0,,,,,,,,,,,,,,,,,,1,1,549,,0.0,,,,,,,,,,,,,1,1,549,,0.0,0,0,0,0,0,0,0,0,0,,,,,1,1,,,,,,,,,,,,,,,,,,,,,,,,,,,,,,,,,,,,,,,,,,,,,,,,,,,,,,,,,,,,,,,,,,,,,,,,,,,,,,,,,,,,,,,,,,,,,,,,,,,,,,,,,,,,,,,,,,,,,,,,,,,,,,,,,,,,,,,,,,,,,,,,,,,,,,,,,,,,,,,,,,,,,,,,,,,,,,,,,,,,,,,,,,,,,,,,,,,,,,,,,,,,,,,,,,,,,,,,,,,,,,,,,,,,,,,,,,,,,,,,,,,,,,,,,,,,,,,,,,,,,,,,,,,,,,,,,,,,,,,,,,,,,,,,,,,,,,,,,,,,,,,,,,,,,,,,,,,
550,2322xpyt,,0,0,18,,,,0,,,0.0,,,,,,,,,,,,,,ryu6snyq,,,,,0,Experiment_1_Persistence,https://app.prolific.com/submissions/complete?cc=C1BTHULB,0.0,1.0,550,,0.0,,1,1,550,,0.0,,,,,,,,,,,,,,,1,1,550,,0.0,,,,,,,,,,1,1,550,,0.0,,,,,,,,,,,,,,,,,,1,1,550,,0.0,,,,,,,,,,,,,1,1,550,,0.0,0,0,0,0,0,0,0,0,0,,,,,1,1,,,,,,,,,,,,,,,,,,,,,,,,,,,,,,,,,,,,,,,,,,,,,,,,,,,,,,,,,,,,,,,,,,,,,,,,,,,,,,,,,,,,,,,,,,,,,,,,,,,,,,,,,,,,,,,,,,,,,,,,,,,,,,,,,,,,,,,,,,,,,,,,,,,,,,,,,,,,,,,,,,,,,,,,,,,,,,,,,,,,,,,,,,,,,,,,,,,,,,,,,,,,,,,,,,,,,,,,,,,,,,,,,,,,,,,,,,,,,,,,,,,,,,,,,,,,,,,,,,,,,,,,,,,,,,,,,,,,,,,,,,,,,,,,,,,,,,,,,,,,,,,,,,,,,,,,,,,
551,767s66u7,,0,0,18,,,,0,,,0.0,,,,,,,,,,,,,,ryu6snyq,,,,,0,Experiment_1_Persistence,https://app.prolific.com/submissions/complete?cc=C1BTHULB,0.0,1.0,551,,0.0,,1,1,551,,0.0,,,,,,,,,,,,,,,1,1,551,,0.0,,,,,,,,,,1,1,551,,0.0,,,,,,,,,,,,,,,,,,1,1,551,,0.0,,,,,,,,,,,,,1,1,551,,0.0,0,0,0,0,0,0,0,0,0,,,,,1,1,,,,,,,,,,,,,,,,,,,,,,,,,,,,,,,,,,,,,,,,,,,,,,,,,,,,,,,,,,,,,,,,,,,,,,,,,,,,,,,,,,,,,,,,,,,,,,,,,,,,,,,,,,,,,,,,,,,,,,,,,,,,,,,,,,,,,,,,,,,,,,,,,,,,,,,,,,,,,,,,,,,,,,,,,,,,,,,,,,,,,,,,,,,,,,,,,,,,,,,,,,,,,,,,,,,,,,,,,,,,,,,,,,,,,,,,,,,,,,,,,,,,,,,,,,,,,,,,,,,,,,,,,,,,,,,,,,,,,,,,,,,,,,,,,,,,,,,,,,,,,,,,,,,,,,,,,,,
552,k6yyr9cs,,0,0,18,,,,0,,,0.0,,,,,,,,,,,,,,ryu6snyq,,,,,0,Experiment_1_Persistence,https://app.prolific.com/submissions/complete?cc=C1BTHULB,0.0,1.0,552,,0.0,,1,1,552,,0.0,,,,,,,,,,,,,,,1,1,552,,0.0,,,,,,,,,,1,1,552,,0.0,,,,,,,,,,,,,,,,,,1,1,552,,0.0,,,,,,,,,,,,,1,1,552,,0.0,0,0,0,0,0,0,0,0,0,,,,,1,1,,,,,,,,,,,,,,,,,,,,,,,,,,,,,,,,,,,,,,,,,,,,,,,,,,,,,,,,,,,,,,,,,,,,,,,,,,,,,,,,,,,,,,,,,,,,,,,,,,,,,,,,,,,,,,,,,,,,,,,,,,,,,,,,,,,,,,,,,,,,,,,,,,,,,,,,,,,,,,,,,,,,,,,,,,,,,,,,,,,,,,,,,,,,,,,,,,,,,,,,,,,,,,,,,,,,,,,,,,,,,,,,,,,,,,,,,,,,,,,,,,,,,,,,,,,,,,,,,,,,,,,,,,,,,,,,,,,,,,,,,,,,,,,,,,,,,,,,,,,,,,,,,,,,,,,,,,,
553,v6boczg6,,0,0,18,,,,0,,,0.0,,,,,,,,,,,,,,ryu6snyq,,,,,0,Experiment_1_Persistence,https://app.prolific.com/submissions/complete?cc=C1BTHULB,0.0,1.0,553,,0.0,,1,1,553,,0.0,,,,,,,,,,,,,,,1,1,553,,0.0,,,,,,,,,,1,1,553,,0.0,,,,,,,,,,,,,,,,,,1,1,553,,0.0,,,,,,,,,,,,,1,1,553,,0.0,0,0,0,0,0,0,0,0,0,,,,,1,1,,,,,,,,,,,,,,,,,,,,,,,,,,,,,,,,,,,,,,,,,,,,,,,,,,,,,,,,,,,,,,,,,,,,,,,,,,,,,,,,,,,,,,,,,,,,,,,,,,,,,,,,,,,,,,,,,,,,,,,,,,,,,,,,,,,,,,,,,,,,,,,,,,,,,,,,,,,,,,,,,,,,,,,,,,,,,,,,,,,,,,,,,,,,,,,,,,,,,,,,,,,,,,,,,,,,,,,,,,,,,,,,,,,,,,,,,,,,,,,,,,,,,,,,,,,,,,,,,,,,,,,,,,,,,,,,,,,,,,,,,,,,,,,,,,,,,,,,,,,,,,,,,,,,,,,,,,,
554,mxa691qi,,0,0,18,,,,0,,,0.0,,,,,,,,,,,,,,ryu6snyq,,,,,0,Experiment_1_Persistence,https://app.prolific.com/submissions/complete?cc=C1BTHULB,0.0,1.0,554,,0.0,,1,1,554,,0.0,,,,,,,,,,,,,,,1,1,554,,0.0,,,,,,,,,,1,1,554,,0.0,,,,,,,,,,,,,,,,,,1,1,554,,0.0,,,,,,,,,,,,,1,1,554,,0.0,0,0,0,0,0,0,0,0,0,,,,,1,1,,,,,,,,,,,,,,,,,,,,,,,,,,,,,,,,,,,,,,,,,,,,,,,,,,,,,,,,,,,,,,,,,,,,,,,,,,,,,,,,,,,,,,,,,,,,,,,,,,,,,,,,,,,,,,,,,,,,,,,,,,,,,,,,,,,,,,,,,,,,,,,,,,,,,,,,,,,,,,,,,,,,,,,,,,,,,,,,,,,,,,,,,,,,,,,,,,,,,,,,,,,,,,,,,,,,,,,,,,,,,,,,,,,,,,,,,,,,,,,,,,,,,,,,,,,,,,,,,,,,,,,,,,,,,,,,,,,,,,,,,,,,,,,,,,,,,,,,,,,,,,,,,,,,,,,,,,,
555,j8hv0ep9,,0,0,18,,,,0,,,0.0,,,,,,,,,,,,,,ryu6snyq,,,,,0,Experiment_1_Persistence,https://app.prolific.com/submissions/complete?cc=C1BTHULB,0.0,1.0,555,,0.0,,1,1,555,,0.0,,,,,,,,,,,,,,,1,1,555,,0.0,,,,,,,,,,1,1,555,,0.0,,,,,,,,,,,,,,,,,,1,1,555,,0.0,,,,,,,,,,,,,1,1,555,,0.0,0,0,0,0,0,0,0,0,0,,,,,1,1,,,,,,,,,,,,,,,,,,,,,,,,,,,,,,,,,,,,,,,,,,,,,,,,,,,,,,,,,,,,,,,,,,,,,,,,,,,,,,,,,,,,,,,,,,,,,,,,,,,,,,,,,,,,,,,,,,,,,,,,,,,,,,,,,,,,,,,,,,,,,,,,,,,,,,,,,,,,,,,,,,,,,,,,,,,,,,,,,,,,,,,,,,,,,,,,,,,,,,,,,,,,,,,,,,,,,,,,,,,,,,,,,,,,,,,,,,,,,,,,,,,,,,,,,,,,,,,,,,,,,,,,,,,,,,,,,,,,,,,,,,,,,,,,,,,,,,,,,,,,,,,,,,,,,,,,,,,
556,iz52m6f9,,0,0,18,,,,0,,,0.0,,,,,,,,,,,,,,ryu6snyq,,,,,0,Experiment_1_Persistence,https://app.prolific.com/submissions/complete?cc=C1BTHULB,0.0,1.0,556,,0.0,,1,1,556,,0.0,,,,,,,,,,,,,,,1,1,556,,0.0,,,,,,,,,,1,1,556,,0.0,,,,,,,,,,,,,,,,,,1,1,556,,0.0,,,,,,,,,,,,,1,1,556,,0.0,0,0,0,0,0,0,0,0,0,,,,,1,1,,,,,,,,,,,,,,,,,,,,,,,,,,,,,,,,,,,,,,,,,,,,,,,,,,,,,,,,,,,,,,,,,,,,,,,,,,,,,,,,,,,,,,,,,,,,,,,,,,,,,,,,,,,,,,,,,,,,,,,,,,,,,,,,,,,,,,,,,,,,,,,,,,,,,,,,,,,,,,,,,,,,,,,,,,,,,,,,,,,,,,,,,,,,,,,,,,,,,,,,,,,,,,,,,,,,,,,,,,,,,,,,,,,,,,,,,,,,,,,,,,,,,,,,,,,,,,,,,,,,,,,,,,,,,,,,,,,,,,,,,,,,,,,,,,,,,,,,,,,,,,,,,,,,,,,,,,,
557,el1btspv,,0,0,18,,,,0,,,0.0,,,,,,,,,,,,,,ryu6snyq,,,,,0,Experiment_1_Persistence,https://app.prolific.com/submissions/complete?cc=C1BTHULB,0.0,1.0,557,,0.0,,1,1,557,,0.0,,,,,,,,,,,,,,,1,1,557,,0.0,,,,,,,,,,1,1,557,,0.0,,,,,,,,,,,,,,,,,,1,1,557,,0.0,,,,,,,,,,,,,1,1,557,,0.0,0,0,0,0,0,0,0,0,0,,,,,1,1,,,,,,,,,,,,,,,,,,,,,,,,,,,,,,,,,,,,,,,,,,,,,,,,,,,,,,,,,,,,,,,,,,,,,,,,,,,,,,,,,,,,,,,,,,,,,,,,,,,,,,,,,,,,,,,,,,,,,,,,,,,,,,,,,,,,,,,,,,,,,,,,,,,,,,,,,,,,,,,,,,,,,,,,,,,,,,,,,,,,,,,,,,,,,,,,,,,,,,,,,,,,,,,,,,,,,,,,,,,,,,,,,,,,,,,,,,,,,,,,,,,,,,,,,,,,,,,,,,,,,,,,,,,,,,,,,,,,,,,,,,,,,,,,,,,,,,,,,,,,,,,,,,,,,,,,,,,
558,kloxu55z,,0,0,18,,,,0,,,0.0,,,,,,,,,,,,,,ryu6snyq,,,,,0,Experiment_1_Persistence,https://app.prolific.com/submissions/complete?cc=C1BTHULB,0.0,1.0,558,,0.0,,1,1,558,,0.0,,,,,,,,,,,,,,,1,1,558,,0.0,,,,,,,,,,1,1,558,,0.0,,,,,,,,,,,,,,,,,,1,1,558,,0.0,,,,,,,,,,,,,1,1,558,,0.0,0,0,0,0,0,0,0,0,0,,,,,1,1,,,,,,,,,,,,,,,,,,,,,,,,,,,,,,,,,,,,,,,,,,,,,,,,,,,,,,,,,,,,,,,,,,,,,,,,,,,,,,,,,,,,,,,,,,,,,,,,,,,,,,,,,,,,,,,,,,,,,,,,,,,,,,,,,,,,,,,,,,,,,,,,,,,,,,,,,,,,,,,,,,,,,,,,,,,,,,,,,,,,,,,,,,,,,,,,,,,,,,,,,,,,,,,,,,,,,,,,,,,,,,,,,,,,,,,,,,,,,,,,,,,,,,,,,,,,,,,,,,,,,,,,,,,,,,,,,,,,,,,,,,,,,,,,,,,,,,,,,,,,,,,,,,,,,,,,,,,
559,4b2znqf1,,0,0,18,,,,0,,,0.0,,,,,,,,,,,,,,ryu6snyq,,,,,0,Experiment_1_Persistence,https://app.prolific.com/submissions/complete?cc=C1BTHULB,0.0,1.0,559,,0.0,,1,1,559,,0.0,,,,,,,,,,,,,,,1,1,559,,0.0,,,,,,,,,,1,1,559,,0.0,,,,,,,,,,,,,,,,,,1,1,559,,0.0,,,,,,,,,,,,,1,1,559,,0.0,0,0,0,0,0,0,0,0,0,,,,,1,1,,,,,,,,,,,,,,,,,,,,,,,,,,,,,,,,,,,,,,,,,,,,,,,,,,,,,,,,,,,,,,,,,,,,,,,,,,,,,,,,,,,,,,,,,,,,,,,,,,,,,,,,,,,,,,,,,,,,,,,,,,,,,,,,,,,,,,,,,,,,,,,,,,,,,,,,,,,,,,,,,,,,,,,,,,,,,,,,,,,,,,,,,,,,,,,,,,,,,,,,,,,,,,,,,,,,,,,,,,,,,,,,,,,,,,,,,,,,,,,,,,,,,,,,,,,,,,,,,,,,,,,,,,,,,,,,,,,,,,,,,,,,,,,,,,,,,,,,,,,,,,,,,,,,,,,,,,,
560,6wgct6fm,,0,0,18,,,,0,,,0.0,,,,,,,,,,,,,,ryu6snyq,,,,,0,Experiment_1_Persistence,https://app.prolific.com/submissions/complete?cc=C1BTHULB,0.0,1.0,560,,0.0,,1,1,560,,0.0,,,,,,,,,,,,,,,1,1,560,,0.0,,,,,,,,,,1,1,560,,0.0,,,,,,,,,,,,,,,,,,1,1,560,,0.0,,,,,,,,,,,,,1,1,560,,0.0,0,0,0,0,0,0,0,0,0,,,,,1,1,,,,,,,,,,,,,,,,,,,,,,,,,,,,,,,,,,,,,,,,,,,,,,,,,,,,,,,,,,,,,,,,,,,,,,,,,,,,,,,,,,,,,,,,,,,,,,,,,,,,,,,,,,,,,,,,,,,,,,,,,,,,,,,,,,,,,,,,,,,,,,,,,,,,,,,,,,,,,,,,,,,,,,,,,,,,,,,,,,,,,,,,,,,,,,,,,,,,,,,,,,,,,,,,,,,,,,,,,,,,,,,,,,,,,,,,,,,,,,,,,,,,,,,,,,,,,,,,,,,,,,,,,,,,,,,,,,,,,,,,,,,,,,,,,,,,,,,,,,,,,,,,,,,,,,,,,,,
561,ww2o7jcj,,0,0,18,,,,0,,,0.0,,,,,,,,,,,,,,ryu6snyq,,,,,0,Experiment_1_Persistence,https://app.prolific.com/submissions/complete?cc=C1BTHULB,0.0,1.0,561,,0.0,,1,1,561,,0.0,,,,,,,,,,,,,,,1,1,561,,0.0,,,,,,,,,,1,1,561,,0.0,,,,,,,,,,,,,,,,,,1,1,561,,0.0,,,,,,,,,,,,,1,1,561,,0.0,0,0,0,0,0,0,0,0,0,,,,,1,1,,,,,,,,,,,,,,,,,,,,,,,,,,,,,,,,,,,,,,,,,,,,,,,,,,,,,,,,,,,,,,,,,,,,,,,,,,,,,,,,,,,,,,,,,,,,,,,,,,,,,,,,,,,,,,,,,,,,,,,,,,,,,,,,,,,,,,,,,,,,,,,,,,,,,,,,,,,,,,,,,,,,,,,,,,,,,,,,,,,,,,,,,,,,,,,,,,,,,,,,,,,,,,,,,,,,,,,,,,,,,,,,,,,,,,,,,,,,,,,,,,,,,,,,,,,,,,,,,,,,,,,,,,,,,,,,,,,,,,,,,,,,,,,,,,,,,,,,,,,,,,,,,,,,,,,,,,,
562,omvhsqdr,,0,0,18,,,,0,,,0.0,,,,,,,,,,,,,,ryu6snyq,,,,,0,Experiment_1_Persistence,https://app.prolific.com/submissions/complete?cc=C1BTHULB,0.0,1.0,562,,0.0,,1,1,562,,0.0,,,,,,,,,,,,,,,1,1,562,,0.0,,,,,,,,,,1,1,562,,0.0,,,,,,,,,,,,,,,,,,1,1,562,,0.0,,,,,,,,,,,,,1,1,562,,0.0,0,0,0,0,0,0,0,0,0,,,,,1,1,,,,,,,,,,,,,,,,,,,,,,,,,,,,,,,,,,,,,,,,,,,,,,,,,,,,,,,,,,,,,,,,,,,,,,,,,,,,,,,,,,,,,,,,,,,,,,,,,,,,,,,,,,,,,,,,,,,,,,,,,,,,,,,,,,,,,,,,,,,,,,,,,,,,,,,,,,,,,,,,,,,,,,,,,,,,,,,,,,,,,,,,,,,,,,,,,,,,,,,,,,,,,,,,,,,,,,,,,,,,,,,,,,,,,,,,,,,,,,,,,,,,,,,,,,,,,,,,,,,,,,,,,,,,,,,,,,,,,,,,,,,,,,,,,,,,,,,,,,,,,,,,,,,,,,,,,,,
563,xxnr58t7,,0,0,18,,,,0,,,0.0,,,,,,,,,,,,,,ryu6snyq,,,,,0,Experiment_1_Persistence,https://app.prolific.com/submissions/complete?cc=C1BTHULB,0.0,1.0,563,,0.0,,1,1,563,,0.0,,,,,,,,,,,,,,,1,1,563,,0.0,,,,,,,,,,1,1,563,,0.0,,,,,,,,,,,,,,,,,,1,1,563,,0.0,,,,,,,,,,,,,1,1,563,,0.0,0,0,0,0,0,0,0,0,0,,,,,1,1,,,,,,,,,,,,,,,,,,,,,,,,,,,,,,,,,,,,,,,,,,,,,,,,,,,,,,,,,,,,,,,,,,,,,,,,,,,,,,,,,,,,,,,,,,,,,,,,,,,,,,,,,,,,,,,,,,,,,,,,,,,,,,,,,,,,,,,,,,,,,,,,,,,,,,,,,,,,,,,,,,,,,,,,,,,,,,,,,,,,,,,,,,,,,,,,,,,,,,,,,,,,,,,,,,,,,,,,,,,,,,,,,,,,,,,,,,,,,,,,,,,,,,,,,,,,,,,,,,,,,,,,,,,,,,,,,,,,,,,,,,,,,,,,,,,,,,,,,,,,,,,,,,,,,,,,,,,
564,a4l62ukn,,0,0,18,,,,0,,,0.0,,,,,,,,,,,,,,ryu6snyq,,,,,0,Experiment_1_Persistence,https://app.prolific.com/submissions/complete?cc=C1BTHULB,0.0,1.0,564,,0.0,,1,1,564,,0.0,,,,,,,,,,,,,,,1,1,564,,0.0,,,,,,,,,,1,1,564,,0.0,,,,,,,,,,,,,,,,,,1,1,564,,0.0,,,,,,,,,,,,,1,1,564,,0.0,0,0,0,0,0,0,0,0,0,,,,,1,1,,,,,,,,,,,,,,,,,,,,,,,,,,,,,,,,,,,,,,,,,,,,,,,,,,,,,,,,,,,,,,,,,,,,,,,,,,,,,,,,,,,,,,,,,,,,,,,,,,,,,,,,,,,,,,,,,,,,,,,,,,,,,,,,,,,,,,,,,,,,,,,,,,,,,,,,,,,,,,,,,,,,,,,,,,,,,,,,,,,,,,,,,,,,,,,,,,,,,,,,,,,,,,,,,,,,,,,,,,,,,,,,,,,,,,,,,,,,,,,,,,,,,,,,,,,,,,,,,,,,,,,,,,,,,,,,,,,,,,,,,,,,,,,,,,,,,,,,,,,,,,,,,,,,,,,,,,,
565,7s9fazsu,,0,0,18,,,,0,,,0.0,,,,,,,,,,,,,,ryu6snyq,,,,,0,Experiment_1_Persistence,https://app.prolific.com/submissions/complete?cc=C1BTHULB,0.0,1.0,565,,0.0,,1,1,565,,0.0,,,,,,,,,,,,,,,1,1,565,,0.0,,,,,,,,,,1,1,565,,0.0,,,,,,,,,,,,,,,,,,1,1,565,,0.0,,,,,,,,,,,,,1,1,565,,0.0,0,0,0,0,0,0,0,0,0,,,,,1,1,,,,,,,,,,,,,,,,,,,,,,,,,,,,,,,,,,,,,,,,,,,,,,,,,,,,,,,,,,,,,,,,,,,,,,,,,,,,,,,,,,,,,,,,,,,,,,,,,,,,,,,,,,,,,,,,,,,,,,,,,,,,,,,,,,,,,,,,,,,,,,,,,,,,,,,,,,,,,,,,,,,,,,,,,,,,,,,,,,,,,,,,,,,,,,,,,,,,,,,,,,,,,,,,,,,,,,,,,,,,,,,,,,,,,,,,,,,,,,,,,,,,,,,,,,,,,,,,,,,,,,,,,,,,,,,,,,,,,,,,,,,,,,,,,,,,,,,,,,,,,,,,,,,,,,,,,,,
566,sn4u8rwy,,0,0,18,,,,0,,,0.0,,,,,,,,,,,,,,ryu6snyq,,,,,0,Experiment_1_Persistence,https://app.prolific.com/submissions/complete?cc=C1BTHULB,0.0,1.0,566,,0.0,,1,1,566,,0.0,,,,,,,,,,,,,,,1,1,566,,0.0,,,,,,,,,,1,1,566,,0.0,,,,,,,,,,,,,,,,,,1,1,566,,0.0,,,,,,,,,,,,,1,1,566,,0.0,0,0,0,0,0,0,0,0,0,,,,,1,1,,,,,,,,,,,,,,,,,,,,,,,,,,,,,,,,,,,,,,,,,,,,,,,,,,,,,,,,,,,,,,,,,,,,,,,,,,,,,,,,,,,,,,,,,,,,,,,,,,,,,,,,,,,,,,,,,,,,,,,,,,,,,,,,,,,,,,,,,,,,,,,,,,,,,,,,,,,,,,,,,,,,,,,,,,,,,,,,,,,,,,,,,,,,,,,,,,,,,,,,,,,,,,,,,,,,,,,,,,,,,,,,,,,,,,,,,,,,,,,,,,,,,,,,,,,,,,,,,,,,,,,,,,,,,,,,,,,,,,,,,,,,,,,,,,,,,,,,,,,,,,,,,,,,,,,,,,,
567,s1tbpbfy,,0,0,18,,,,0,,,0.0,,,,,,,,,,,,,,ryu6snyq,,,,,0,Experiment_1_Persistence,https://app.prolific.com/submissions/complete?cc=C1BTHULB,0.0,1.0,567,,0.0,,1,1,567,,0.0,,,,,,,,,,,,,,,1,1,567,,0.0,,,,,,,,,,1,1,567,,0.0,,,,,,,,,,,,,,,,,,1,1,567,,0.0,,,,,,,,,,,,,1,1,567,,0.0,0,0,0,0,0,0,0,0,0,,,,,1,1,,,,,,,,,,,,,,,,,,,,,,,,,,,,,,,,,,,,,,,,,,,,,,,,,,,,,,,,,,,,,,,,,,,,,,,,,,,,,,,,,,,,,,,,,,,,,,,,,,,,,,,,,,,,,,,,,,,,,,,,,,,,,,,,,,,,,,,,,,,,,,,,,,,,,,,,,,,,,,,,,,,,,,,,,,,,,,,,,,,,,,,,,,,,,,,,,,,,,,,,,,,,,,,,,,,,,,,,,,,,,,,,,,,,,,,,,,,,,,,,,,,,,,,,,,,,,,,,,,,,,,,,,,,,,,,,,,,,,,,,,,,,,,,,,,,,,,,,,,,,,,,,,,,,,,,,,,,
568,2hfeq08h,,0,0,18,,,,0,,,0.0,,,,,,,,,,,,,,ryu6snyq,,,,,0,Experiment_1_Persistence,https://app.prolific.com/submissions/complete?cc=C1BTHULB,0.0,1.0,568,,0.0,,1,1,568,,0.0,,,,,,,,,,,,,,,1,1,568,,0.0,,,,,,,,,,1,1,568,,0.0,,,,,,,,,,,,,,,,,,1,1,568,,0.0,,,,,,,,,,,,,1,1,568,,0.0,0,0,0,0,0,0,0,0,0,,,,,1,1,,,,,,,,,,,,,,,,,,,,,,,,,,,,,,,,,,,,,,,,,,,,,,,,,,,,,,,,,,,,,,,,,,,,,,,,,,,,,,,,,,,,,,,,,,,,,,,,,,,,,,,,,,,,,,,,,,,,,,,,,,,,,,,,,,,,,,,,,,,,,,,,,,,,,,,,,,,,,,,,,,,,,,,,,,,,,,,,,,,,,,,,,,,,,,,,,,,,,,,,,,,,,,,,,,,,,,,,,,,,,,,,,,,,,,,,,,,,,,,,,,,,,,,,,,,,,,,,,,,,,,,,,,,,,,,,,,,,,,,,,,,,,,,,,,,,,,,,,,,,,,,,,,,,,,,,,,,
569,ccuvj458,,0,0,18,,,,0,,,0.0,,,,,,,,,,,,,,ryu6snyq,,,,,0,Experiment_1_Persistence,https://app.prolific.com/submissions/complete?cc=C1BTHULB,0.0,1.0,569,,0.0,,1,1,569,,0.0,,,,,,,,,,,,,,,1,1,569,,0.0,,,,,,,,,,1,1,569,,0.0,,,,,,,,,,,,,,,,,,1,1,569,,0.0,,,,,,,,,,,,,1,1,569,,0.0,0,0,0,0,0,0,0,0,0,,,,,1,1,,,,,,,,,,,,,,,,,,,,,,,,,,,,,,,,,,,,,,,,,,,,,,,,,,,,,,,,,,,,,,,,,,,,,,,,,,,,,,,,,,,,,,,,,,,,,,,,,,,,,,,,,,,,,,,,,,,,,,,,,,,,,,,,,,,,,,,,,,,,,,,,,,,,,,,,,,,,,,,,,,,,,,,,,,,,,,,,,,,,,,,,,,,,,,,,,,,,,,,,,,,,,,,,,,,,,,,,,,,,,,,,,,,,,,,,,,,,,,,,,,,,,,,,,,,,,,,,,,,,,,,,,,,,,,,,,,,,,,,,,,,,,,,,,,,,,,,,,,,,,,,,,,,,,,,,,,,
570,691p0bm6,,0,0,18,,,,0,,,0.0,,,,,,,,,,,,,,ryu6snyq,,,,,0,Experiment_1_Persistence,https://app.prolific.com/submissions/complete?cc=C1BTHULB,0.0,1.0,570,,0.0,,1,1,570,,0.0,,,,,,,,,,,,,,,1,1,570,,0.0,,,,,,,,,,1,1,570,,0.0,,,,,,,,,,,,,,,,,,1,1,570,,0.0,,,,,,,,,,,,,1,1,570,,0.0,0,0,0,0,0,0,0,0,0,,,,,1,1,,,,,,,,,,,,,,,,,,,,,,,,,,,,,,,,,,,,,,,,,,,,,,,,,,,,,,,,,,,,,,,,,,,,,,,,,,,,,,,,,,,,,,,,,,,,,,,,,,,,,,,,,,,,,,,,,,,,,,,,,,,,,,,,,,,,,,,,,,,,,,,,,,,,,,,,,,,,,,,,,,,,,,,,,,,,,,,,,,,,,,,,,,,,,,,,,,,,,,,,,,,,,,,,,,,,,,,,,,,,,,,,,,,,,,,,,,,,,,,,,,,,,,,,,,,,,,,,,,,,,,,,,,,,,,,,,,,,,,,,,,,,,,,,,,,,,,,,,,,,,,,,,,,,,,,,,,,
571,wxbgr46f,,0,0,18,,,,0,,,0.0,,,,,,,,,,,,,,ryu6snyq,,,,,0,Experiment_1_Persistence,https://app.prolific.com/submissions/complete?cc=C1BTHULB,0.0,1.0,571,,0.0,,1,1,571,,0.0,,,,,,,,,,,,,,,1,1,571,,0.0,,,,,,,,,,1,1,571,,0.0,,,,,,,,,,,,,,,,,,1,1,571,,0.0,,,,,,,,,,,,,1,1,571,,0.0,0,0,0,0,0,0,0,0,0,,,,,1,1,,,,,,,,,,,,,,,,,,,,,,,,,,,,,,,,,,,,,,,,,,,,,,,,,,,,,,,,,,,,,,,,,,,,,,,,,,,,,,,,,,,,,,,,,,,,,,,,,,,,,,,,,,,,,,,,,,,,,,,,,,,,,,,,,,,,,,,,,,,,,,,,,,,,,,,,,,,,,,,,,,,,,,,,,,,,,,,,,,,,,,,,,,,,,,,,,,,,,,,,,,,,,,,,,,,,,,,,,,,,,,,,,,,,,,,,,,,,,,,,,,,,,,,,,,,,,,,,,,,,,,,,,,,,,,,,,,,,,,,,,,,,,,,,,,,,,,,,,,,,,,,,,,,,,,,,,,,
572,kgjsdd6s,,0,0,18,,,,0,,,0.0,,,,,,,,,,,,,,ryu6snyq,,,,,0,Experiment_1_Persistence,https://app.prolific.com/submissions/complete?cc=C1BTHULB,0.0,1.0,572,,0.0,,1,1,572,,0.0,,,,,,,,,,,,,,,1,1,572,,0.0,,,,,,,,,,1,1,572,,0.0,,,,,,,,,,,,,,,,,,1,1,572,,0.0,,,,,,,,,,,,,1,1,572,,0.0,0,0,0,0,0,0,0,0,0,,,,,1,1,,,,,,,,,,,,,,,,,,,,,,,,,,,,,,,,,,,,,,,,,,,,,,,,,,,,,,,,,,,,,,,,,,,,,,,,,,,,,,,,,,,,,,,,,,,,,,,,,,,,,,,,,,,,,,,,,,,,,,,,,,,,,,,,,,,,,,,,,,,,,,,,,,,,,,,,,,,,,,,,,,,,,,,,,,,,,,,,,,,,,,,,,,,,,,,,,,,,,,,,,,,,,,,,,,,,,,,,,,,,,,,,,,,,,,,,,,,,,,,,,,,,,,,,,,,,,,,,,,,,,,,,,,,,,,,,,,,,,,,,,,,,,,,,,,,,,,,,,,,,,,,,,,,,,,,,,,,
573,n7fu8qon,,0,0,18,,,,0,,,0.0,,,,,,,,,,,,,,ryu6snyq,,,,,0,Experiment_1_Persistence,https://app.prolific.com/submissions/complete?cc=C1BTHULB,0.0,1.0,573,,0.0,,1,1,573,,0.0,,,,,,,,,,,,,,,1,1,573,,0.0,,,,,,,,,,1,1,573,,0.0,,,,,,,,,,,,,,,,,,1,1,573,,0.0,,,,,,,,,,,,,1,1,573,,0.0,0,0,0,0,0,0,0,0,0,,,,,1,1,,,,,,,,,,,,,,,,,,,,,,,,,,,,,,,,,,,,,,,,,,,,,,,,,,,,,,,,,,,,,,,,,,,,,,,,,,,,,,,,,,,,,,,,,,,,,,,,,,,,,,,,,,,,,,,,,,,,,,,,,,,,,,,,,,,,,,,,,,,,,,,,,,,,,,,,,,,,,,,,,,,,,,,,,,,,,,,,,,,,,,,,,,,,,,,,,,,,,,,,,,,,,,,,,,,,,,,,,,,,,,,,,,,,,,,,,,,,,,,,,,,,,,,,,,,,,,,,,,,,,,,,,,,,,,,,,,,,,,,,,,,,,,,,,,,,,,,,,,,,,,,,,,,,,,,,,,,
574,gt25u0hd,,0,0,18,,,,0,,,0.0,,,,,,,,,,,,,,ryu6snyq,,,,,0,Experiment_1_Persistence,https://app.prolific.com/submissions/complete?cc=C1BTHULB,0.0,1.0,574,,0.0,,1,1,574,,0.0,,,,,,,,,,,,,,,1,1,574,,0.0,,,,,,,,,,1,1,574,,0.0,,,,,,,,,,,,,,,,,,1,1,574,,0.0,,,,,,,,,,,,,1,1,574,,0.0,0,0,0,0,0,0,0,0,0,,,,,1,1,,,,,,,,,,,,,,,,,,,,,,,,,,,,,,,,,,,,,,,,,,,,,,,,,,,,,,,,,,,,,,,,,,,,,,,,,,,,,,,,,,,,,,,,,,,,,,,,,,,,,,,,,,,,,,,,,,,,,,,,,,,,,,,,,,,,,,,,,,,,,,,,,,,,,,,,,,,,,,,,,,,,,,,,,,,,,,,,,,,,,,,,,,,,,,,,,,,,,,,,,,,,,,,,,,,,,,,,,,,,,,,,,,,,,,,,,,,,,,,,,,,,,,,,,,,,,,,,,,,,,,,,,,,,,,,,,,,,,,,,,,,,,,,,,,,,,,,,,,,,,,,,,,,,,,,,,,,
575,5ssg7z6v,,0,0,18,,,,0,,,0.0,,,,,,,,,,,,,,ryu6snyq,,,,,0,Experiment_1_Persistence,https://app.prolific.com/submissions/complete?cc=C1BTHULB,0.0,1.0,575,,0.0,,1,1,575,,0.0,,,,,,,,,,,,,,,1,1,575,,0.0,,,,,,,,,,1,1,575,,0.0,,,,,,,,,,,,,,,,,,1,1,575,,0.0,,,,,,,,,,,,,1,1,575,,0.0,0,0,0,0,0,0,0,0,0,,,,,1,1,,,,,,,,,,,,,,,,,,,,,,,,,,,,,,,,,,,,,,,,,,,,,,,,,,,,,,,,,,,,,,,,,,,,,,,,,,,,,,,,,,,,,,,,,,,,,,,,,,,,,,,,,,,,,,,,,,,,,,,,,,,,,,,,,,,,,,,,,,,,,,,,,,,,,,,,,,,,,,,,,,,,,,,,,,,,,,,,,,,,,,,,,,,,,,,,,,,,,,,,,,,,,,,,,,,,,,,,,,,,,,,,,,,,,,,,,,,,,,,,,,,,,,,,,,,,,,,,,,,,,,,,,,,,,,,,,,,,,,,,,,,,,,,,,,,,,,,,,,,,,,,,,,,,,,,,,,,
576,gmbjofnw,,0,0,18,,,,0,,,0.0,,,,,,,,,,,,,,ryu6snyq,,,,,0,Experiment_1_Persistence,https://app.prolific.com/submissions/complete?cc=C1BTHULB,0.0,1.0,576,,0.0,,1,1,576,,0.0,,,,,,,,,,,,,,,1,1,576,,0.0,,,,,,,,,,1,1,576,,0.0,,,,,,,,,,,,,,,,,,1,1,576,,0.0,,,,,,,,,,,,,1,1,576,,0.0,0,0,0,0,0,0,0,0,0,,,,,1,1,,,,,,,,,,,,,,,,,,,,,,,,,,,,,,,,,,,,,,,,,,,,,,,,,,,,,,,,,,,,,,,,,,,,,,,,,,,,,,,,,,,,,,,,,,,,,,,,,,,,,,,,,,,,,,,,,,,,,,,,,,,,,,,,,,,,,,,,,,,,,,,,,,,,,,,,,,,,,,,,,,,,,,,,,,,,,,,,,,,,,,,,,,,,,,,,,,,,,,,,,,,,,,,,,,,,,,,,,,,,,,,,,,,,,,,,,,,,,,,,,,,,,,,,,,,,,,,,,,,,,,,,,,,,,,,,,,,,,,,,,,,,,,,,,,,,,,,,,,,,,,,,,,,,,,,,,,,
577,jepaeust,,0,0,18,,,,0,,,0.0,,,,,,,,,,,,,,ryu6snyq,,,,,0,Experiment_1_Persistence,https://app.prolific.com/submissions/complete?cc=C1BTHULB,0.0,1.0,577,,0.0,,1,1,577,,0.0,,,,,,,,,,,,,,,1,1,577,,0.0,,,,,,,,,,1,1,577,,0.0,,,,,,,,,,,,,,,,,,1,1,577,,0.0,,,,,,,,,,,,,1,1,577,,0.0,0,0,0,0,0,0,0,0,0,,,,,1,1,,,,,,,,,,,,,,,,,,,,,,,,,,,,,,,,,,,,,,,,,,,,,,,,,,,,,,,,,,,,,,,,,,,,,,,,,,,,,,,,,,,,,,,,,,,,,,,,,,,,,,,,,,,,,,,,,,,,,,,,,,,,,,,,,,,,,,,,,,,,,,,,,,,,,,,,,,,,,,,,,,,,,,,,,,,,,,,,,,,,,,,,,,,,,,,,,,,,,,,,,,,,,,,,,,,,,,,,,,,,,,,,,,,,,,,,,,,,,,,,,,,,,,,,,,,,,,,,,,,,,,,,,,,,,,,,,,,,,,,,,,,,,,,,,,,,,,,,,,,,,,,,,,,,,,,,,,,
578,ji0fpssy,,0,0,18,,,,0,,,0.0,,,,,,,,,,,,,,ryu6snyq,,,,,0,Experiment_1_Persistence,https://app.prolific.com/submissions/complete?cc=C1BTHULB,0.0,1.0,578,,0.0,,1,1,578,,0.0,,,,,,,,,,,,,,,1,1,578,,0.0,,,,,,,,,,1,1,578,,0.0,,,,,,,,,,,,,,,,,,1,1,578,,0.0,,,,,,,,,,,,,1,1,578,,0.0,0,0,0,0,0,0,0,0,0,,,,,1,1,,,,,,,,,,,,,,,,,,,,,,,,,,,,,,,,,,,,,,,,,,,,,,,,,,,,,,,,,,,,,,,,,,,,,,,,,,,,,,,,,,,,,,,,,,,,,,,,,,,,,,,,,,,,,,,,,,,,,,,,,,,,,,,,,,,,,,,,,,,,,,,,,,,,,,,,,,,,,,,,,,,,,,,,,,,,,,,,,,,,,,,,,,,,,,,,,,,,,,,,,,,,,,,,,,,,,,,,,,,,,,,,,,,,,,,,,,,,,,,,,,,,,,,,,,,,,,,,,,,,,,,,,,,,,,,,,,,,,,,,,,,,,,,,,,,,,,,,,,,,,,,,,,,,,,,,,,,
579,iuqs9o07,,0,0,18,,,,0,,,0.0,,,,,,,,,,,,,,ryu6snyq,,,,,0,Experiment_1_Persistence,https://app.prolific.com/submissions/complete?cc=C1BTHULB,0.0,1.0,579,,0.0,,1,1,579,,0.0,,,,,,,,,,,,,,,1,1,579,,0.0,,,,,,,,,,1,1,579,,0.0,,,,,,,,,,,,,,,,,,1,1,579,,0.0,,,,,,,,,,,,,1,1,579,,0.0,0,0,0,0,0,0,0,0,0,,,,,1,1,,,,,,,,,,,,,,,,,,,,,,,,,,,,,,,,,,,,,,,,,,,,,,,,,,,,,,,,,,,,,,,,,,,,,,,,,,,,,,,,,,,,,,,,,,,,,,,,,,,,,,,,,,,,,,,,,,,,,,,,,,,,,,,,,,,,,,,,,,,,,,,,,,,,,,,,,,,,,,,,,,,,,,,,,,,,,,,,,,,,,,,,,,,,,,,,,,,,,,,,,,,,,,,,,,,,,,,,,,,,,,,,,,,,,,,,,,,,,,,,,,,,,,,,,,,,,,,,,,,,,,,,,,,,,,,,,,,,,,,,,,,,,,,,,,,,,,,,,,,,,,,,,,,,,,,,,,,
580,18cfqftj,,0,0,18,,,,0,,,0.0,,,,,,,,,,,,,,ryu6snyq,,,,,0,Experiment_1_Persistence,https://app.prolific.com/submissions/complete?cc=C1BTHULB,0.0,1.0,580,,0.0,,1,1,580,,0.0,,,,,,,,,,,,,,,1,1,580,,0.0,,,,,,,,,,1,1,580,,0.0,,,,,,,,,,,,,,,,,,1,1,580,,0.0,,,,,,,,,,,,,1,1,580,,0.0,0,0,0,0,0,0,0,0,0,,,,,1,1,,,,,,,,,,,,,,,,,,,,,,,,,,,,,,,,,,,,,,,,,,,,,,,,,,,,,,,,,,,,,,,,,,,,,,,,,,,,,,,,,,,,,,,,,,,,,,,,,,,,,,,,,,,,,,,,,,,,,,,,,,,,,,,,,,,,,,,,,,,,,,,,,,,,,,,,,,,,,,,,,,,,,,,,,,,,,,,,,,,,,,,,,,,,,,,,,,,,,,,,,,,,,,,,,,,,,,,,,,,,,,,,,,,,,,,,,,,,,,,,,,,,,,,,,,,,,,,,,,,,,,,,,,,,,,,,,,,,,,,,,,,,,,,,,,,,,,,,,,,,,,,,,,,,,,,,,,,
581,hy32ujjb,,0,0,18,,,,0,,,0.0,,,,,,,,,,,,,,ryu6snyq,,,,,0,Experiment_1_Persistence,https://app.prolific.com/submissions/complete?cc=C1BTHULB,0.0,1.0,581,,0.0,,1,1,581,,0.0,,,,,,,,,,,,,,,1,1,581,,0.0,,,,,,,,,,1,1,581,,0.0,,,,,,,,,,,,,,,,,,1,1,581,,0.0,,,,,,,,,,,,,1,1,581,,0.0,0,0,0,0,0,0,0,0,0,,,,,1,1,,,,,,,,,,,,,,,,,,,,,,,,,,,,,,,,,,,,,,,,,,,,,,,,,,,,,,,,,,,,,,,,,,,,,,,,,,,,,,,,,,,,,,,,,,,,,,,,,,,,,,,,,,,,,,,,,,,,,,,,,,,,,,,,,,,,,,,,,,,,,,,,,,,,,,,,,,,,,,,,,,,,,,,,,,,,,,,,,,,,,,,,,,,,,,,,,,,,,,,,,,,,,,,,,,,,,,,,,,,,,,,,,,,,,,,,,,,,,,,,,,,,,,,,,,,,,,,,,,,,,,,,,,,,,,,,,,,,,,,,,,,,,,,,,,,,,,,,,,,,,,,,,,,,,,,,,,,
582,koixn04l,,0,0,18,,,,0,,,0.0,,,,,,,,,,,,,,ryu6snyq,,,,,0,Experiment_1_Persistence,https://app.prolific.com/submissions/complete?cc=C1BTHULB,0.0,1.0,582,,0.0,,1,1,582,,0.0,,,,,,,,,,,,,,,1,1,582,,0.0,,,,,,,,,,1,1,582,,0.0,,,,,,,,,,,,,,,,,,1,1,582,,0.0,,,,,,,,,,,,,1,1,582,,0.0,0,0,0,0,0,0,0,0,0,,,,,1,1,,,,,,,,,,,,,,,,,,,,,,,,,,,,,,,,,,,,,,,,,,,,,,,,,,,,,,,,,,,,,,,,,,,,,,,,,,,,,,,,,,,,,,,,,,,,,,,,,,,,,,,,,,,,,,,,,,,,,,,,,,,,,,,,,,,,,,,,,,,,,,,,,,,,,,,,,,,,,,,,,,,,,,,,,,,,,,,,,,,,,,,,,,,,,,,,,,,,,,,,,,,,,,,,,,,,,,,,,,,,,,,,,,,,,,,,,,,,,,,,,,,,,,,,,,,,,,,,,,,,,,,,,,,,,,,,,,,,,,,,,,,,,,,,,,,,,,,,,,,,,,,,,,,,,,,,,,,
583,2n3cmd0t,,0,0,18,,,,0,,,0.0,,,,,,,,,,,,,,ryu6snyq,,,,,0,Experiment_1_Persistence,https://app.prolific.com/submissions/complete?cc=C1BTHULB,0.0,1.0,583,,0.0,,1,1,583,,0.0,,,,,,,,,,,,,,,1,1,583,,0.0,,,,,,,,,,1,1,583,,0.0,,,,,,,,,,,,,,,,,,1,1,583,,0.0,,,,,,,,,,,,,1,1,583,,0.0,0,0,0,0,0,0,0,0,0,,,,,1,1,,,,,,,,,,,,,,,,,,,,,,,,,,,,,,,,,,,,,,,,,,,,,,,,,,,,,,,,,,,,,,,,,,,,,,,,,,,,,,,,,,,,,,,,,,,,,,,,,,,,,,,,,,,,,,,,,,,,,,,,,,,,,,,,,,,,,,,,,,,,,,,,,,,,,,,,,,,,,,,,,,,,,,,,,,,,,,,,,,,,,,,,,,,,,,,,,,,,,,,,,,,,,,,,,,,,,,,,,,,,,,,,,,,,,,,,,,,,,,,,,,,,,,,,,,,,,,,,,,,,,,,,,,,,,,,,,,,,,,,,,,,,,,,,,,,,,,,,,,,,,,,,,,,,,,,,,,,
584,6gvrf7ya,,0,0,18,,,,0,,,0.0,,,,,,,,,,,,,,ryu6snyq,,,,,0,Experiment_1_Persistence,https://app.prolific.com/submissions/complete?cc=C1BTHULB,0.0,1.0,584,,0.0,,1,1,584,,0.0,,,,,,,,,,,,,,,1,1,584,,0.0,,,,,,,,,,1,1,584,,0.0,,,,,,,,,,,,,,,,,,1,1,584,,0.0,,,,,,,,,,,,,1,1,584,,0.0,0,0,0,0,0,0,0,0,0,,,,,1,1,,,,,,,,,,,,,,,,,,,,,,,,,,,,,,,,,,,,,,,,,,,,,,,,,,,,,,,,,,,,,,,,,,,,,,,,,,,,,,,,,,,,,,,,,,,,,,,,,,,,,,,,,,,,,,,,,,,,,,,,,,,,,,,,,,,,,,,,,,,,,,,,,,,,,,,,,,,,,,,,,,,,,,,,,,,,,,,,,,,,,,,,,,,,,,,,,,,,,,,,,,,,,,,,,,,,,,,,,,,,,,,,,,,,,,,,,,,,,,,,,,,,,,,,,,,,,,,,,,,,,,,,,,,,,,,,,,,,,,,,,,,,,,,,,,,,,,,,,,,,,,,,,,,,,,,,,,,
585,hh7wj5ew,,0,0,18,,,,0,,,0.0,,,,,,,,,,,,,,ryu6snyq,,,,,0,Experiment_1_Persistence,https://app.prolific.com/submissions/complete?cc=C1BTHULB,0.0,1.0,585,,0.0,,1,1,585,,0.0,,,,,,,,,,,,,,,1,1,585,,0.0,,,,,,,,,,1,1,585,,0.0,,,,,,,,,,,,,,,,,,1,1,585,,0.0,,,,,,,,,,,,,1,1,585,,0.0,0,0,0,0,0,0,0,0,0,,,,,1,1,,,,,,,,,,,,,,,,,,,,,,,,,,,,,,,,,,,,,,,,,,,,,,,,,,,,,,,,,,,,,,,,,,,,,,,,,,,,,,,,,,,,,,,,,,,,,,,,,,,,,,,,,,,,,,,,,,,,,,,,,,,,,,,,,,,,,,,,,,,,,,,,,,,,,,,,,,,,,,,,,,,,,,,,,,,,,,,,,,,,,,,,,,,,,,,,,,,,,,,,,,,,,,,,,,,,,,,,,,,,,,,,,,,,,,,,,,,,,,,,,,,,,,,,,,,,,,,,,,,,,,,,,,,,,,,,,,,,,,,,,,,,,,,,,,,,,,,,,,,,,,,,,,,,,,,,,,,
586,s0ti80sv,,0,0,18,,,,0,,,0.0,,,,,,,,,,,,,,ryu6snyq,,,,,0,Experiment_1_Persistence,https://app.prolific.com/submissions/complete?cc=C1BTHULB,0.0,1.0,586,,0.0,,1,1,586,,0.0,,,,,,,,,,,,,,,1,1,586,,0.0,,,,,,,,,,1,1,586,,0.0,,,,,,,,,,,,,,,,,,1,1,586,,0.0,,,,,,,,,,,,,1,1,586,,0.0,0,0,0,0,0,0,0,0,0,,,,,1,1,,,,,,,,,,,,,,,,,,,,,,,,,,,,,,,,,,,,,,,,,,,,,,,,,,,,,,,,,,,,,,,,,,,,,,,,,,,,,,,,,,,,,,,,,,,,,,,,,,,,,,,,,,,,,,,,,,,,,,,,,,,,,,,,,,,,,,,,,,,,,,,,,,,,,,,,,,,,,,,,,,,,,,,,,,,,,,,,,,,,,,,,,,,,,,,,,,,,,,,,,,,,,,,,,,,,,,,,,,,,,,,,,,,,,,,,,,,,,,,,,,,,,,,,,,,,,,,,,,,,,,,,,,,,,,,,,,,,,,,,,,,,,,,,,,,,,,,,,,,,,,,,,,,,,,,,,,,
587,ukzbco82,,0,0,18,,,,0,,,0.0,,,,,,,,,,,,,,ryu6snyq,,,,,0,Experiment_1_Persistence,https://app.prolific.com/submissions/complete?cc=C1BTHULB,0.0,1.0,587,,0.0,,1,1,587,,0.0,,,,,,,,,,,,,,,1,1,587,,0.0,,,,,,,,,,1,1,587,,0.0,,,,,,,,,,,,,,,,,,1,1,587,,0.0,,,,,,,,,,,,,1,1,587,,0.0,0,0,0,0,0,0,0,0,0,,,,,1,1,,,,,,,,,,,,,,,,,,,,,,,,,,,,,,,,,,,,,,,,,,,,,,,,,,,,,,,,,,,,,,,,,,,,,,,,,,,,,,,,,,,,,,,,,,,,,,,,,,,,,,,,,,,,,,,,,,,,,,,,,,,,,,,,,,,,,,,,,,,,,,,,,,,,,,,,,,,,,,,,,,,,,,,,,,,,,,,,,,,,,,,,,,,,,,,,,,,,,,,,,,,,,,,,,,,,,,,,,,,,,,,,,,,,,,,,,,,,,,,,,,,,,,,,,,,,,,,,,,,,,,,,,,,,,,,,,,,,,,,,,,,,,,,,,,,,,,,,,,,,,,,,,,,,,,,,,,,
588,3ozl2ufa,,0,0,18,,,,0,,,0.0,,,,,,,,,,,,,,ryu6snyq,,,,,0,Experiment_1_Persistence,https://app.prolific.com/submissions/complete?cc=C1BTHULB,0.0,1.0,588,,0.0,,1,1,588,,0.0,,,,,,,,,,,,,,,1,1,588,,0.0,,,,,,,,,,1,1,588,,0.0,,,,,,,,,,,,,,,,,,1,1,588,,0.0,,,,,,,,,,,,,1,1,588,,0.0,0,0,0,0,0,0,0,0,0,,,,,1,1,,,,,,,,,,,,,,,,,,,,,,,,,,,,,,,,,,,,,,,,,,,,,,,,,,,,,,,,,,,,,,,,,,,,,,,,,,,,,,,,,,,,,,,,,,,,,,,,,,,,,,,,,,,,,,,,,,,,,,,,,,,,,,,,,,,,,,,,,,,,,,,,,,,,,,,,,,,,,,,,,,,,,,,,,,,,,,,,,,,,,,,,,,,,,,,,,,,,,,,,,,,,,,,,,,,,,,,,,,,,,,,,,,,,,,,,,,,,,,,,,,,,,,,,,,,,,,,,,,,,,,,,,,,,,,,,,,,,,,,,,,,,,,,,,,,,,,,,,,,,,,,,,,,,,,,,,,,
589,kd60gq4o,,0,0,18,,,,0,,,0.0,,,,,,,,,,,,,,ryu6snyq,,,,,0,Experiment_1_Persistence,https://app.prolific.com/submissions/complete?cc=C1BTHULB,0.0,1.0,589,,0.0,,1,1,589,,0.0,,,,,,,,,,,,,,,1,1,589,,0.0,,,,,,,,,,1,1,589,,0.0,,,,,,,,,,,,,,,,,,1,1,589,,0.0,,,,,,,,,,,,,1,1,589,,0.0,0,0,0,0,0,0,0,0,0,,,,,1,1,,,,,,,,,,,,,,,,,,,,,,,,,,,,,,,,,,,,,,,,,,,,,,,,,,,,,,,,,,,,,,,,,,,,,,,,,,,,,,,,,,,,,,,,,,,,,,,,,,,,,,,,,,,,,,,,,,,,,,,,,,,,,,,,,,,,,,,,,,,,,,,,,,,,,,,,,,,,,,,,,,,,,,,,,,,,,,,,,,,,,,,,,,,,,,,,,,,,,,,,,,,,,,,,,,,,,,,,,,,,,,,,,,,,,,,,,,,,,,,,,,,,,,,,,,,,,,,,,,,,,,,,,,,,,,,,,,,,,,,,,,,,,,,,,,,,,,,,,,,,,,,,,,,,,,,,,,,
590,sy43o7ek,,0,0,18,,,,0,,,0.0,,,,,,,,,,,,,,ryu6snyq,,,,,0,Experiment_1_Persistence,https://app.prolific.com/submissions/complete?cc=C1BTHULB,0.0,1.0,590,,0.0,,1,1,590,,0.0,,,,,,,,,,,,,,,1,1,590,,0.0,,,,,,,,,,1,1,590,,0.0,,,,,,,,,,,,,,,,,,1,1,590,,0.0,,,,,,,,,,,,,1,1,590,,0.0,0,0,0,0,0,0,0,0,0,,,,,1,1,,,,,,,,,,,,,,,,,,,,,,,,,,,,,,,,,,,,,,,,,,,,,,,,,,,,,,,,,,,,,,,,,,,,,,,,,,,,,,,,,,,,,,,,,,,,,,,,,,,,,,,,,,,,,,,,,,,,,,,,,,,,,,,,,,,,,,,,,,,,,,,,,,,,,,,,,,,,,,,,,,,,,,,,,,,,,,,,,,,,,,,,,,,,,,,,,,,,,,,,,,,,,,,,,,,,,,,,,,,,,,,,,,,,,,,,,,,,,,,,,,,,,,,,,,,,,,,,,,,,,,,,,,,,,,,,,,,,,,,,,,,,,,,,,,,,,,,,,,,,,,,,,,,,,,,,,,,
591,o5uboohm,,0,0,18,,,,0,,,0.0,,,,,,,,,,,,,,ryu6snyq,,,,,0,Experiment_1_Persistence,https://app.prolific.com/submissions/complete?cc=C1BTHULB,0.0,1.0,591,,0.0,,1,1,591,,0.0,,,,,,,,,,,,,,,1,1,591,,0.0,,,,,,,,,,1,1,591,,0.0,,,,,,,,,,,,,,,,,,1,1,591,,0.0,,,,,,,,,,,,,1,1,591,,0.0,0,0,0,0,0,0,0,0,0,,,,,1,1,,,,,,,,,,,,,,,,,,,,,,,,,,,,,,,,,,,,,,,,,,,,,,,,,,,,,,,,,,,,,,,,,,,,,,,,,,,,,,,,,,,,,,,,,,,,,,,,,,,,,,,,,,,,,,,,,,,,,,,,,,,,,,,,,,,,,,,,,,,,,,,,,,,,,,,,,,,,,,,,,,,,,,,,,,,,,,,,,,,,,,,,,,,,,,,,,,,,,,,,,,,,,,,,,,,,,,,,,,,,,,,,,,,,,,,,,,,,,,,,,,,,,,,,,,,,,,,,,,,,,,,,,,,,,,,,,,,,,,,,,,,,,,,,,,,,,,,,,,,,,,,,,,,,,,,,,,,
592,6f2bxoni,,0,0,18,,,,0,,,0.0,,,,,,,,,,,,,,ryu6snyq,,,,,0,Experiment_1_Persistence,https://app.prolific.com/submissions/complete?cc=C1BTHULB,0.0,1.0,592,,0.0,,1,1,592,,0.0,,,,,,,,,,,,,,,1,1,592,,0.0,,,,,,,,,,1,1,592,,0.0,,,,,,,,,,,,,,,,,,1,1,592,,0.0,,,,,,,,,,,,,1,1,592,,0.0,0,0,0,0,0,0,0,0,0,,,,,1,1,,,,,,,,,,,,,,,,,,,,,,,,,,,,,,,,,,,,,,,,,,,,,,,,,,,,,,,,,,,,,,,,,,,,,,,,,,,,,,,,,,,,,,,,,,,,,,,,,,,,,,,,,,,,,,,,,,,,,,,,,,,,,,,,,,,,,,,,,,,,,,,,,,,,,,,,,,,,,,,,,,,,,,,,,,,,,,,,,,,,,,,,,,,,,,,,,,,,,,,,,,,,,,,,,,,,,,,,,,,,,,,,,,,,,,,,,,,,,,,,,,,,,,,,,,,,,,,,,,,,,,,,,,,,,,,,,,,,,,,,,,,,,,,,,,,,,,,,,,,,,,,,,,,,,,,,,,,
593,uv7t4fnz,,0,0,18,,,,0,,,0.0,,,,,,,,,,,,,,ryu6snyq,,,,,0,Experiment_1_Persistence,https://app.prolific.com/submissions/complete?cc=C1BTHULB,0.0,1.0,593,,0.0,,1,1,593,,0.0,,,,,,,,,,,,,,,1,1,593,,0.0,,,,,,,,,,1,1,593,,0.0,,,,,,,,,,,,,,,,,,1,1,593,,0.0,,,,,,,,,,,,,1,1,593,,0.0,0,0,0,0,0,0,0,0,0,,,,,1,1,,,,,,,,,,,,,,,,,,,,,,,,,,,,,,,,,,,,,,,,,,,,,,,,,,,,,,,,,,,,,,,,,,,,,,,,,,,,,,,,,,,,,,,,,,,,,,,,,,,,,,,,,,,,,,,,,,,,,,,,,,,,,,,,,,,,,,,,,,,,,,,,,,,,,,,,,,,,,,,,,,,,,,,,,,,,,,,,,,,,,,,,,,,,,,,,,,,,,,,,,,,,,,,,,,,,,,,,,,,,,,,,,,,,,,,,,,,,,,,,,,,,,,,,,,,,,,,,,,,,,,,,,,,,,,,,,,,,,,,,,,,,,,,,,,,,,,,,,,,,,,,,,,,,,,,,,,,
594,i5lpl5hf,,0,0,18,,,,0,,,0.0,,,,,,,,,,,,,,ryu6snyq,,,,,0,Experiment_1_Persistence,https://app.prolific.com/submissions/complete?cc=C1BTHULB,0.0,1.0,594,,0.0,,1,1,594,,0.0,,,,,,,,,,,,,,,1,1,594,,0.0,,,,,,,,,,1,1,594,,0.0,,,,,,,,,,,,,,,,,,1,1,594,,0.0,,,,,,,,,,,,,1,1,594,,0.0,0,0,0,0,0,0,0,0,0,,,,,1,1,,,,,,,,,,,,,,,,,,,,,,,,,,,,,,,,,,,,,,,,,,,,,,,,,,,,,,,,,,,,,,,,,,,,,,,,,,,,,,,,,,,,,,,,,,,,,,,,,,,,,,,,,,,,,,,,,,,,,,,,,,,,,,,,,,,,,,,,,,,,,,,,,,,,,,,,,,,,,,,,,,,,,,,,,,,,,,,,,,,,,,,,,,,,,,,,,,,,,,,,,,,,,,,,,,,,,,,,,,,,,,,,,,,,,,,,,,,,,,,,,,,,,,,,,,,,,,,,,,,,,,,,,,,,,,,,,,,,,,,,,,,,,,,,,,,,,,,,,,,,,,,,,,,,,,,,,,,
595,3gnfmrom,,0,0,18,,,,0,,,0.0,,,,,,,,,,,,,,ryu6snyq,,,,,0,Experiment_1_Persistence,https://app.prolific.com/submissions/complete?cc=C1BTHULB,0.0,1.0,595,,0.0,,1,1,595,,0.0,,,,,,,,,,,,,,,1,1,595,,0.0,,,,,,,,,,1,1,595,,0.0,,,,,,,,,,,,,,,,,,1,1,595,,0.0,,,,,,,,,,,,,1,1,595,,0.0,0,0,0,0,0,0,0,0,0,,,,,1,1,,,,,,,,,,,,,,,,,,,,,,,,,,,,,,,,,,,,,,,,,,,,,,,,,,,,,,,,,,,,,,,,,,,,,,,,,,,,,,,,,,,,,,,,,,,,,,,,,,,,,,,,,,,,,,,,,,,,,,,,,,,,,,,,,,,,,,,,,,,,,,,,,,,,,,,,,,,,,,,,,,,,,,,,,,,,,,,,,,,,,,,,,,,,,,,,,,,,,,,,,,,,,,,,,,,,,,,,,,,,,,,,,,,,,,,,,,,,,,,,,,,,,,,,,,,,,,,,,,,,,,,,,,,,,,,,,,,,,,,,,,,,,,,,,,,,,,,,,,,,,,,,,,,,,,,,,,,
596,lh7gxl7n,,0,0,18,,,,0,,,0.0,,,,,,,,,,,,,,ryu6snyq,,,,,0,Experiment_1_Persistence,https://app.prolific.com/submissions/complete?cc=C1BTHULB,0.0,1.0,596,,0.0,,1,1,596,,0.0,,,,,,,,,,,,,,,1,1,596,,0.0,,,,,,,,,,1,1,596,,0.0,,,,,,,,,,,,,,,,,,1,1,596,,0.0,,,,,,,,,,,,,1,1,596,,0.0,0,0,0,0,0,0,0,0,0,,,,,1,1,,,,,,,,,,,,,,,,,,,,,,,,,,,,,,,,,,,,,,,,,,,,,,,,,,,,,,,,,,,,,,,,,,,,,,,,,,,,,,,,,,,,,,,,,,,,,,,,,,,,,,,,,,,,,,,,,,,,,,,,,,,,,,,,,,,,,,,,,,,,,,,,,,,,,,,,,,,,,,,,,,,,,,,,,,,,,,,,,,,,,,,,,,,,,,,,,,,,,,,,,,,,,,,,,,,,,,,,,,,,,,,,,,,,,,,,,,,,,,,,,,,,,,,,,,,,,,,,,,,,,,,,,,,,,,,,,,,,,,,,,,,,,,,,,,,,,,,,,,,,,,,,,,,,,,,,,,,
597,77tjkqrl,,0,0,18,,,,0,,,0.0,,,,,,,,,,,,,,ryu6snyq,,,,,0,Experiment_1_Persistence,https://app.prolific.com/submissions/complete?cc=C1BTHULB,0.0,1.0,597,,0.0,,1,1,597,,0.0,,,,,,,,,,,,,,,1,1,597,,0.0,,,,,,,,,,1,1,597,,0.0,,,,,,,,,,,,,,,,,,1,1,597,,0.0,,,,,,,,,,,,,1,1,597,,0.0,0,0,0,0,0,0,0,0,0,,,,,1,1,,,,,,,,,,,,,,,,,,,,,,,,,,,,,,,,,,,,,,,,,,,,,,,,,,,,,,,,,,,,,,,,,,,,,,,,,,,,,,,,,,,,,,,,,,,,,,,,,,,,,,,,,,,,,,,,,,,,,,,,,,,,,,,,,,,,,,,,,,,,,,,,,,,,,,,,,,,,,,,,,,,,,,,,,,,,,,,,,,,,,,,,,,,,,,,,,,,,,,,,,,,,,,,,,,,,,,,,,,,,,,,,,,,,,,,,,,,,,,,,,,,,,,,,,,,,,,,,,,,,,,,,,,,,,,,,,,,,,,,,,,,,,,,,,,,,,,,,,,,,,,,,,,,,,,,,,,,
598,1o98xm77,,0,0,18,,,,0,,,0.0,,,,,,,,,,,,,,ryu6snyq,,,,,0,Experiment_1_Persistence,https://app.prolific.com/submissions/complete?cc=C1BTHULB,0.0,1.0,598,,0.0,,1,1,598,,0.0,,,,,,,,,,,,,,,1,1,598,,0.0,,,,,,,,,,1,1,598,,0.0,,,,,,,,,,,,,,,,,,1,1,598,,0.0,,,,,,,,,,,,,1,1,598,,0.0,0,0,0,0,0,0,0,0,0,,,,,1,1,,,,,,,,,,,,,,,,,,,,,,,,,,,,,,,,,,,,,,,,,,,,,,,,,,,,,,,,,,,,,,,,,,,,,,,,,,,,,,,,,,,,,,,,,,,,,,,,,,,,,,,,,,,,,,,,,,,,,,,,,,,,,,,,,,,,,,,,,,,,,,,,,,,,,,,,,,,,,,,,,,,,,,,,,,,,,,,,,,,,,,,,,,,,,,,,,,,,,,,,,,,,,,,,,,,,,,,,,,,,,,,,,,,,,,,,,,,,,,,,,,,,,,,,,,,,,,,,,,,,,,,,,,,,,,,,,,,,,,,,,,,,,,,,,,,,,,,,,,,,,,,,,,,,,,,,,,,
599,3yd3pwyz,,0,0,18,,,,0,,,0.0,,,,,,,,,,,,,,ryu6snyq,,,,,0,Experiment_1_Persistence,https://app.prolific.com/submissions/complete?cc=C1BTHULB,0.0,1.0,599,,0.0,,1,1,599,,0.0,,,,,,,,,,,,,,,1,1,599,,0.0,,,,,,,,,,1,1,599,,0.0,,,,,,,,,,,,,,,,,,1,1,599,,0.0,,,,,,,,,,,,,1,1,599,,0.0,0,0,0,0,0,0,0,0,0,,,,,1,1,,,,,,,,,,,,,,,,,,,,,,,,,,,,,,,,,,,,,,,,,,,,,,,,,,,,,,,,,,,,,,,,,,,,,,,,,,,,,,,,,,,,,,,,,,,,,,,,,,,,,,,,,,,,,,,,,,,,,,,,,,,,,,,,,,,,,,,,,,,,,,,,,,,,,,,,,,,,,,,,,,,,,,,,,,,,,,,,,,,,,,,,,,,,,,,,,,,,,,,,,,,,,,,,,,,,,,,,,,,,,,,,,,,,,,,,,,,,,,,,,,,,,,,,,,,,,,,,,,,,,,,,,,,,,,,,,,,,,,,,,,,,,,,,,,,,,,,,,,,,,,,,,,,,,,,,,,,
600,kdaaipsq,,0,0,18,,,,0,,,0.0,,,,,,,,,,,,,,ryu6snyq,,,,,0,Experiment_1_Persistence,https://app.prolific.com/submissions/complete?cc=C1BTHULB,0.0,1.0,600,,0.0,,1,1,600,,0.0,,,,,,,,,,,,,,,1,1,600,,0.0,,,,,,,,,,1,1,600,,0.0,,,,,,,,,,,,,,,,,,1,1,600,,0.0,,,,,,,,,,,,,1,1,600,,0.0,0,0,0,0,0,0,0,0,0,,,,,1,1,,,,,,,,,,,,,,,,,,,,,,,,,,,,,,,,,,,,,,,,,,,,,,,,,,,,,,,,,,,,,,,,,,,,,,,,,,,,,,,,,,,,,,,,,,,,,,,,,,,,,,,,,,,,,,,,,,,,,,,,,,,,,,,,,,,,,,,,,,,,,,,,,,,,,,,,,,,,,,,,,,,,,,,,,,,,,,,,,,,,,,,,,,,,,,,,,,,,,,,,,,,,,,,,,,,,,,,,,,,,,,,,,,,,,,,,,,,,,,,,,,,,,,,,,,,,,,,,,,,,,,,,,,,,,,,,,,,,,,,,,,,,,,,,,,,,,,,,,,,,,,,,,,,,,,,,,,,
