participant.id_in_session,participant.code,participant.label,participant._is_bot,participant._index_in_pages,participant._max_page_index,participant._current_app_name,participant._current_page_name,participant.time_started_utc,participant.visited,participant.mturk_worker_id,participant.mturk_assignment_id,participant.payoff,participant.drop,participant.single,participant.page_number,participant.oppo_list,participant.payoffs_list,participant.oppo_payoffs_list,participant.nodes_list,participant.oppo_nodes_list,participant.takes_list,participant.oppo_takes_list,participant.order,participant.finished,participant.prolificID,session.code,session.label,session.mturk_HITId,session.mturk_HITGroupId,session.comment,session.is_demo,session.config.name,session.config.return_url,session.config.participation_fee,session.config.real_world_currency_per_point,Exp2_Intro.1.player.id_in_group,Exp2_Intro.1.player.role,Exp2_Intro.1.player.payoff,Exp2_Intro.1.player.prolific_id,Exp2_Intro.1.group.id_in_subsession,Exp2_Intro.1.subsession.round_number,Exp2_Section_1.1.player.id_in_group,Exp2_Section_1.1.player.role,Exp2_Section_1.1.player.payoff,Exp2_Section_1.1.player.question1,Exp2_Section_1.1.player.question2,Exp2_Section_1.1.player.question3,Exp2_Section_1.1.player.question4,Exp2_Section_1.1.player.question5,Exp2_Section_1.1.player.question6,Exp2_Section_1.1.player.question7,Exp2_Section_1.1.player.question8,Exp2_Section_1.1.player.question9,Exp2_Section_1.1.player.question10,Exp2_Section_1.1.player.stem_quiz_1_answers,Exp2_Section_1.1.player.stem_quiz_1_score,Exp2_Section_1.1.player.num_tab_switches_in_section_1,Exp2_Section_1.1.player.total_time_hidden_in_section_1,Exp2_Section_1.1.group.id_in_subsession,Exp2_Section_1.1.subsession.round_number,Exp2_Section_2_3.1.player.id_in_group,Exp2_Section_2_3.1.player.role,Exp2_Section_2_3.1.player.payoff,Exp2_Section_2_3.1.player.track,Exp2_Section_2_3.1.player.path,Exp2_Section_2_3.1.player.preferred_info_structure,Exp2_Section_2_3.1.player.performance,Exp2_Section_2_3.1.player.ball_color,Exp2_Section_2_3.1.player.overplacement,Exp2_Section_2_3.1.player.overestimation,Exp2_Section_2_3.1.player.passing_threshold,Exp2_Section_2_3.1.player.ball_origin_estimation,Exp2_Section_2_3.1.group.id_in_subsession,Exp2_Section_2_3.1.subsession.round_number,Exp2_Section_4.1.player.id_in_group,Exp2_Section_4.1.player.role,Exp2_Section_4.1.player.payoff,Exp2_Section_4.1.player.schools_private_independent,Exp2_Section_4.1.player.schools_private_religious,Exp2_Section_4.1.player.schools_public_school,Exp2_Section_4.1.player.schools_homeschool,Exp2_Section_4.1.player.schools_online_school,Exp2_Section_4.1.player.schools_charter_school,Exp2_Section_4.1.player.schools_all_girls_school,Exp2_Section_4.1.player.schools_all_boys_school,Exp2_Section_4.1.player.schools_stem_oriented_school,Exp2_Section_4.1.player.subjects,Exp2_Section_4.1.player.experience,Exp2_Section_4.1.group.id_in_subsession,Exp2_Section_4.1.subsession.round_number,Intro.1.player.id_in_group,Intro.1.player.role,Intro.1.player.payoff,Intro.1.player.prolific_id,Intro.1.group.id_in_subsession,Intro.1.subsession.round_number,Section_1.1.player.id_in_group,Section_1.1.player.role,Section_1.1.player.payoff,Section_1.1.player.question1,Section_1.1.player.question2,Section_1.1.player.question3,Section_1.1.player.question4,Section_1.1.player.question5,Section_1.1.player.question6,Section_1.1.player.question7,Section_1.1.player.question8,Section_1.1.player.question9,Section_1.1.player.question10,Section_1.1.player.stem_quiz_1_answers,Section_1.1.player.stem_quiz_1_score,Section_1.1.player.num_tab_switches_in_section_1,Section_1.1.player.total_time_hidden_in_section_1,Section_1.1.group.id_in_subsession,Section_1.1.subsession.round_number,Section_2_3.1.player.id_in_group,Section_2_3.1.player.role,Section_2_3.1.player.payoff,Section_2_3.1.player.track,Section_2_3.1.player.path,Section_2_3.1.player.info_structure,Section_2_3.1.player.performance,Section_2_3.1.player.ball_color,Section_2_3.1.player.overplacement,Section_2_3.1.player.overestimation,Section_2_3.1.player.passing_threshold,Section_2_3.1.player.ball_origin_estimation,Section_2_3.1.group.id_in_subsession,Section_2_3.1.subsession.round_number,Section_4_5.1.player.id_in_group,Section_4_5.1.player.role,Section_4_5.1.player.payoff,Section_4_5.1.player.question1,Section_4_5.1.player.question2,Section_4_5.1.player.question3,Section_4_5.1.player.question4,Section_4_5.1.player.question5,Section_4_5.1.player.question6,Section_4_5.1.player.question7,Section_4_5.1.player.question8,Section_4_5.1.player.question9,Section_4_5.1.player.question10,Section_4_5.1.player.quiz_2_answers,Section_4_5.1.player.quiz_2_score,Section_4_5.1.player.preferred_second_survey,Section_4_5.1.player.parsed_questions,Section_4_5.1.player.num_tab_switches_in_section_5,Section_4_5.1.player.total_time_hidden_in_section_5,Section_4_5.1.player.passing_threshold,Section_4_5.1.group.id_in_subsession,Section_4_5.1.subsession.round_number,Section_6.1.player.id_in_group,Section_6.1.player.role,Section_6.1.player.payoff,Section_6.1.player.question1,Section_6.1.player.question2,Section_6.1.player.question3,Section_6.1.player.question4,Section_6.1.player.question5,Section_6.1.player.question6,Section_6.1.player.question7,Section_6.1.player.question8,Section_6.1.player.question9,Section_6.1.player.question10,Section_6.1.player.question11,Section_6.1.player.risk_tolerance_answers,Section_6.1.group.id_in_subsession,Section_6.1.subsession.round_number,Section_7.1.player.id_in_group,Section_7.1.player.role,Section_7.1.player.payoff,Section_7.1.player.schools_private_independent,Section_7.1.player.schools_private_religious,Section_7.1.player.schools_public_school,Section_7.1.player.schools_homeschool,Section_7.1.player.schools_online_school,Section_7.1.player.schools_charter_school,Section_7.1.player.schools_all_girls_school,Section_7.1.player.schools_all_boys_school,Section_7.1.player.schools_stem_oriented_school,Section_7.1.player.track_decision,Section_7.1.player.subjects,Section_7.1.player.experience,Section_7.1.player.preferred_second_survey,Section_7.1.group.id_in_subsession,Section_7.1.subsession.round_number,pg_discounting3.1.player.id_in_group,pg_discounting3.1.player.role,pg_discounting3.1.player.payoff,pg_discounting3.1.player.ps_token_value,pg_discounting3.1.player.token_value,pg_discounting3.1.player.spending,pg_discounting3.1.player.results_clicked,pg_discounting3.1.player.potential_payoff,pg_discounting3.1.player.moved_in_current_period,pg_discounting3.1.group.id_in_subsession,pg_discounting3.1.group.ps_num_moves_made,pg_discounting3.1.group.ps_num_tokens_spent,pg_discounting3.1.group.num_moves_made,pg_discounting3.1.group.num_tokens_spent,pg_discounting3.1.group.current_period,pg_discounting3.1.group.stopped,pg_discounting3.1.subsession.round_number,pg_discounting3.1.subsession.L,pg_discounting3.1.subsession.K,pg_discounting3.1.subsession.public_goods_value,pg_discounting3.1.subsession.tokens_needed,pg_discounting3.1.subsession.num_paid_rounds,pg_discounting3.1.subsession.stopping_probability,pg_discounting3.1.subsession.period_batch_size,pg_discounting3.1.subsession.final_period,pg_discounting3.1.subsession.paid_period,pg_discounting3.2.player.id_in_group,pg_discounting3.2.player.role,pg_discounting3.2.player.payoff,pg_discounting3.2.player.ps_token_value,pg_discounting3.2.player.token_value,pg_discounting3.2.player.spending,pg_discounting3.2.player.results_clicked,pg_discounting3.2.player.potential_payoff,pg_discounting3.2.player.moved_in_current_period,pg_discounting3.2.group.id_in_subsession,pg_discounting3.2.group.ps_num_moves_made,pg_discounting3.2.group.ps_num_tokens_spent,pg_discounting3.2.group.num_moves_made,pg_discounting3.2.group.num_tokens_spent,pg_discounting3.2.group.current_period,pg_discounting3.2.group.stopped,pg_discounting3.2.subsession.round_number,pg_discounting3.2.subsession.L,pg_discounting3.2.subsession.K,pg_discounting3.2.subsession.public_goods_value,pg_discounting3.2.subsession.tokens_needed,pg_discounting3.2.subsession.num_paid_rounds,pg_discounting3.2.subsession.stopping_probability,pg_discounting3.2.subsession.period_batch_size,pg_discounting3.2.subsession.final_period,pg_discounting3.2.subsession.paid_period,pg_discounting3.3.player.id_in_group,pg_discounting3.3.player.role,pg_discounting3.3.player.payoff,pg_discounting3.3.player.ps_token_value,pg_discounting3.3.player.token_value,pg_discounting3.3.player.spending,pg_discounting3.3.player.results_clicked,pg_discounting3.3.player.potential_payoff,pg_discounting3.3.player.moved_in_current_period,pg_discounting3.3.group.id_in_subsession,pg_discounting3.3.group.ps_num_moves_made,pg_discounting3.3.group.ps_num_tokens_spent,pg_discounting3.3.group.num_moves_made,pg_discounting3.3.group.num_tokens_spent,pg_discounting3.3.group.current_period,pg_discounting3.3.group.stopped,pg_discounting3.3.subsession.round_number,pg_discounting3.3.subsession.L,pg_discounting3.3.subsession.K,pg_discounting3.3.subsession.public_goods_value,pg_discounting3.3.subsession.tokens_needed,pg_discounting3.3.subsession.num_paid_rounds,pg_discounting3.3.subsession.stopping_probability,pg_discounting3.3.subsession.period_batch_size,pg_discounting3.3.subsession.final_period,pg_discounting3.3.subsession.paid_period,pg_discounting3.4.player.id_in_group,pg_discounting3.4.player.role,pg_discounting3.4.player.payoff,pg_discounting3.4.player.ps_token_value,pg_discounting3.4.player.token_value,pg_discounting3.4.player.spending,pg_discounting3.4.player.results_clicked,pg_discounting3.4.player.potential_payoff,pg_discounting3.4.player.moved_in_current_period,pg_discounting3.4.group.id_in_subsession,pg_discounting3.4.group.ps_num_moves_made,pg_discounting3.4.group.ps_num_tokens_spent,pg_discounting3.4.group.num_moves_made,pg_discounting3.4.group.num_tokens_spent,pg_discounting3.4.group.current_period,pg_discounting3.4.group.stopped,pg_discounting3.4.subsession.round_number,pg_discounting3.4.subsession.L,pg_discounting3.4.subsession.K,pg_discounting3.4.subsession.public_goods_value,pg_discounting3.4.subsession.tokens_needed,pg_discounting3.4.subsession.num_paid_rounds,pg_discounting3.4.subsession.stopping_probability,pg_discounting3.4.subsession.period_batch_size,pg_discounting3.4.subsession.final_period,pg_discounting3.4.subsession.paid_period,pg_discounting3.5.player.id_in_group,pg_discounting3.5.player.role,pg_discounting3.5.player.payoff,pg_discounting3.5.player.ps_token_value,pg_discounting3.5.player.token_value,pg_discounting3.5.player.spending,pg_discounting3.5.player.results_clicked,pg_discounting3.5.player.potential_payoff,pg_discounting3.5.player.moved_in_current_period,pg_discounting3.5.group.id_in_subsession,pg_discounting3.5.group.ps_num_moves_made,pg_discounting3.5.group.ps_num_tokens_spent,pg_discounting3.5.group.num_moves_made,pg_discounting3.5.group.num_tokens_spent,pg_discounting3.5.group.current_period,pg_discounting3.5.group.stopped,pg_discounting3.5.subsession.round_number,pg_discounting3.5.subsession.L,pg_discounting3.5.subsession.K,pg_discounting3.5.subsession.public_goods_value,pg_discounting3.5.subsession.tokens_needed,pg_discounting3.5.subsession.num_paid_rounds,pg_discounting3.5.subsession.stopping_probability,pg_discounting3.5.subsession.period_batch_size,pg_discounting3.5.subsession.final_period,pg_discounting3.5.subsession.paid_period,pg_discounting3.6.player.id_in_group,pg_discounting3.6.player.role,pg_discounting3.6.player.payoff,pg_discounting3.6.player.ps_token_value,pg_discounting3.6.player.token_value,pg_discounting3.6.player.spending,pg_discounting3.6.player.results_clicked,pg_discounting3.6.player.potential_payoff,pg_discounting3.6.player.moved_in_current_period,pg_discounting3.6.group.id_in_subsession,pg_discounting3.6.group.ps_num_moves_made,pg_discounting3.6.group.ps_num_tokens_spent,pg_discounting3.6.group.num_moves_made,pg_discounting3.6.group.num_tokens_spent,pg_discounting3.6.group.current_period,pg_discounting3.6.group.stopped,pg_discounting3.6.subsession.round_number,pg_discounting3.6.subsession.L,pg_discounting3.6.subsession.K,pg_discounting3.6.subsession.public_goods_value,pg_discounting3.6.subsession.tokens_needed,pg_discounting3.6.subsession.num_paid_rounds,pg_discounting3.6.subsession.stopping_probability,pg_discounting3.6.subsession.period_batch_size,pg_discounting3.6.subsession.final_period,pg_discounting3.6.subsession.paid_period,pg_discounting3.7.player.id_in_group,pg_discounting3.7.player.role,pg_discounting3.7.player.payoff,pg_discounting3.7.player.ps_token_value,pg_discounting3.7.player.token_value,pg_discounting3.7.player.spending,pg_discounting3.7.player.results_clicked,pg_discounting3.7.player.potential_payoff,pg_discounting3.7.player.moved_in_current_period,pg_discounting3.7.group.id_in_subsession,pg_discounting3.7.group.ps_num_moves_made,pg_discounting3.7.group.ps_num_tokens_spent,pg_discounting3.7.group.num_moves_made,pg_discounting3.7.group.num_tokens_spent,pg_discounting3.7.group.current_period,pg_discounting3.7.group.stopped,pg_discounting3.7.subsession.round_number,pg_discounting3.7.subsession.L,pg_discounting3.7.subsession.K,pg_discounting3.7.subsession.public_goods_value,pg_discounting3.7.subsession.tokens_needed,pg_discounting3.7.subsession.num_paid_rounds,pg_discounting3.7.subsession.stopping_probability,pg_discounting3.7.subsession.period_batch_size,pg_discounting3.7.subsession.final_period,pg_discounting3.7.subsession.paid_period,pg_discounting3.8.player.id_in_group,pg_discounting3.8.player.role,pg_discounting3.8.player.payoff,pg_discounting3.8.player.ps_token_value,pg_discounting3.8.player.token_value,pg_discounting3.8.player.spending,pg_discounting3.8.player.results_clicked,pg_discounting3.8.player.potential_payoff,pg_discounting3.8.player.moved_in_current_period,pg_discounting3.8.group.id_in_subsession,pg_discounting3.8.group.ps_num_moves_made,pg_discounting3.8.group.ps_num_tokens_spent,pg_discounting3.8.group.num_moves_made,pg_discounting3.8.group.num_tokens_spent,pg_discounting3.8.group.current_period,pg_discounting3.8.group.stopped,pg_discounting3.8.subsession.round_number,pg_discounting3.8.subsession.L,pg_discounting3.8.subsession.K,pg_discounting3.8.subsession.public_goods_value,pg_discounting3.8.subsession.tokens_needed,pg_discounting3.8.subsession.num_paid_rounds,pg_discounting3.8.subsession.stopping_probability,pg_discounting3.8.subsession.period_batch_size,pg_discounting3.8.subsession.final_period,pg_discounting3.8.subsession.paid_period,pg_discounting3.9.player.id_in_group,pg_discounting3.9.player.role,pg_discounting3.9.player.payoff,pg_discounting3.9.player.ps_token_value,pg_discounting3.9.player.token_value,pg_discounting3.9.player.spending,pg_discounting3.9.player.results_clicked,pg_discounting3.9.player.potential_payoff,pg_discounting3.9.player.moved_in_current_period,pg_discounting3.9.group.id_in_subsession,pg_discounting3.9.group.ps_num_moves_made,pg_discounting3.9.group.ps_num_tokens_spent,pg_discounting3.9.group.num_moves_made,pg_discounting3.9.group.num_tokens_spent,pg_discounting3.9.group.current_period,pg_discounting3.9.group.stopped,pg_discounting3.9.subsession.round_number,pg_discounting3.9.subsession.L,pg_discounting3.9.subsession.K,pg_discounting3.9.subsession.public_goods_value,pg_discounting3.9.subsession.tokens_needed,pg_discounting3.9.subsession.num_paid_rounds,pg_discounting3.9.subsession.stopping_probability,pg_discounting3.9.subsession.period_batch_size,pg_discounting3.9.subsession.final_period,pg_discounting3.9.subsession.paid_period,pg_discounting3.10.player.id_in_group,pg_discounting3.10.player.role,pg_discounting3.10.player.payoff,pg_discounting3.10.player.ps_token_value,pg_discounting3.10.player.token_value,pg_discounting3.10.player.spending,pg_discounting3.10.player.results_clicked,pg_discounting3.10.player.potential_payoff,pg_discounting3.10.player.moved_in_current_period,pg_discounting3.10.group.id_in_subsession,pg_discounting3.10.group.ps_num_moves_made,pg_discounting3.10.group.ps_num_tokens_spent,pg_discounting3.10.group.num_moves_made,pg_discounting3.10.group.num_tokens_spent,pg_discounting3.10.group.current_period,pg_discounting3.10.group.stopped,pg_discounting3.10.subsession.round_number,pg_discounting3.10.subsession.L,pg_discounting3.10.subsession.K,pg_discounting3.10.subsession.public_goods_value,pg_discounting3.10.subsession.tokens_needed,pg_discounting3.10.subsession.num_paid_rounds,pg_discounting3.10.subsession.stopping_probability,pg_discounting3.10.subsession.period_batch_size,pg_discounting3.10.subsession.final_period,pg_discounting3.10.subsession.paid_period
1,dgg5o6g1,,0,12,12,Exp2_Section_4,EndSurvey,2024-09-25 18:35:09.543717,1,,,0.0,,,,,,,,,,,,,,519akakd,,,,,0,Experiment_2_Skewness_Preference,https://app.prolific.com/submissions/complete?cc=C1BTHULB,0.0,1.0,1,,0.0,mila -test ,1,1,1,,0.0,,,,,,,,,,,__________,0.0,0,0.0,1,1,1,,0.0,noisy,explanation,Choice A,Fail,red,50,5,5,Fail Box,1,1,1,,0.0,0,0,0,0,0,0,0,0,0,,,1,1,,,,,,,,,,,,,,,,,,,,,,,,,,,,,,,,,,,,,,,,,,,,,,,,,,,,,,,,,,,,,,,,,,,,,,,,,,,,,,,,,,,,,,,,,,,,,,,,,,,,,,,,,,,,,,,,,,,,,,,,,,,,,,,,,,,,,,,,,,,,,,,,,,,,,,,,,,,,,,,,,,,,,,,,,,,,,,,,,,,,,,,,,,,,,,,,,,,,,,,,,,,,,,,,,,,,,,,,,,,,,,,,,,,,,,,,,,,,,,,,,,,,,,,,,,,,,,,,,,,,,,,,,,,,,,,,,,,,,,,,,,,,,,,,,,,,,,,,,,,,,,,,,,,,,,,,,,,,,,,,,,,,,,,,,,,,,,,,,,,,,,,,,,,,,,,,,,,,
2,o821bzkm,,0,12,12,Exp2_Section_4,EndSurvey,2024-09-25 19:09:25.449778,1,,,0.0,,,,,,,,,,,,,,519akakd,,,,,0,Experiment_2_Skewness_Preference,https://app.prolific.com/submissions/complete?cc=C1BTHULB,0.0,1.0,2,,0.0,mila - test 3,1,1,2,,0.0,,D,C,B,,,A,C,,,_DCB__AC__,0.3,1,0.866,1,1,2,,0.0,noisy,explanation,Choice A,Fail,red,50,5,5,Fail Box,1,1,2,,0.0,1,1,0,0,0,0,0,0,0,,,1,1,,,,,,,,,,,,,,,,,,,,,,,,,,,,,,,,,,,,,,,,,,,,,,,,,,,,,,,,,,,,,,,,,,,,,,,,,,,,,,,,,,,,,,,,,,,,,,,,,,,,,,,,,,,,,,,,,,,,,,,,,,,,,,,,,,,,,,,,,,,,,,,,,,,,,,,,,,,,,,,,,,,,,,,,,,,,,,,,,,,,,,,,,,,,,,,,,,,,,,,,,,,,,,,,,,,,,,,,,,,,,,,,,,,,,,,,,,,,,,,,,,,,,,,,,,,,,,,,,,,,,,,,,,,,,,,,,,,,,,,,,,,,,,,,,,,,,,,,,,,,,,,,,,,,,,,,,,,,,,,,,,,,,,,,,,,,,,,,,,,,,,,,,,,,,,,,,,,,
3,fr9sstp6,,0,12,12,Exp2_Section_4,EndSurvey,2024-09-26 16:06:56.684508,1,,,0.0,,,,,,,,,,,,,,519akakd,,,,,0,Experiment_2_Skewness_Preference,https://app.prolific.com/submissions/complete?cc=C1BTHULB,0.0,1.0,3,,0.0,6290e064d34ecad7706ccb93,1,1,3,,0.0,C,C,A,D,A,A,C,C,C,C,CCADAACCCC,0.2,1,3.459,1,1,3,,0.0,noisy,explanation,Choice A,Fail,red,50,4,3,Pass Box,1,1,3,,0.0,0,0,1,0,0,1,0,0,0,General studies. I've worked in transportation and technology industries. ,Was an interesting and difficult process. ,1,1,,,,,,,,,,,,,,,,,,,,,,,,,,,,,,,,,,,,,,,,,,,,,,,,,,,,,,,,,,,,,,,,,,,,,,,,,,,,,,,,,,,,,,,,,,,,,,,,,,,,,,,,,,,,,,,,,,,,,,,,,,,,,,,,,,,,,,,,,,,,,,,,,,,,,,,,,,,,,,,,,,,,,,,,,,,,,,,,,,,,,,,,,,,,,,,,,,,,,,,,,,,,,,,,,,,,,,,,,,,,,,,,,,,,,,,,,,,,,,,,,,,,,,,,,,,,,,,,,,,,,,,,,,,,,,,,,,,,,,,,,,,,,,,,,,,,,,,,,,,,,,,,,,,,,,,,,,,,,,,,,,,,,,,,,,,,,,,,,,,,,,,,,,,,,,,,,,,,
4,t42lxzxa,,0,12,12,Exp2_Section_4,EndSurvey,2024-09-26 16:07:29.212766,1,,,0.0,,,,,,,,,,,,,,519akakd,,,,,0,Experiment_2_Skewness_Preference,https://app.prolific.com/submissions/complete?cc=C1BTHULB,0.0,1.0,4,,0.0,61644b17ec9f97f7485d5624,1,1,4,,0.0,A,A,B,B,C,C,B,C,A,C,AABBCCBCAC,0.4,0,0.0,1,1,4,,0.0,noisy,explanation,Choice B,Fail,black,70,7,8,Fail Box,1,1,4,,0.0,1,0,0,0,0,0,0,0,0,"Data structures, cyber security, elective maths",I had no issues with the study.,1,1,,,,,,,,,,,,,,,,,,,,,,,,,,,,,,,,,,,,,,,,,,,,,,,,,,,,,,,,,,,,,,,,,,,,,,,,,,,,,,,,,,,,,,,,,,,,,,,,,,,,,,,,,,,,,,,,,,,,,,,,,,,,,,,,,,,,,,,,,,,,,,,,,,,,,,,,,,,,,,,,,,,,,,,,,,,,,,,,,,,,,,,,,,,,,,,,,,,,,,,,,,,,,,,,,,,,,,,,,,,,,,,,,,,,,,,,,,,,,,,,,,,,,,,,,,,,,,,,,,,,,,,,,,,,,,,,,,,,,,,,,,,,,,,,,,,,,,,,,,,,,,,,,,,,,,,,,,,,,,,,,,,,,,,,,,,,,,,,,,,,,,,,,,,,,,,,,,,,
5,g883hh0f,,0,12,12,Exp2_Section_4,EndSurvey,2024-09-26 16:07:42.971077,1,,,0.0,,,,,,,,,,,,,,519akakd,,,,,0,Experiment_2_Skewness_Preference,https://app.prolific.com/submissions/complete?cc=C1BTHULB,0.0,1.0,5,,0.0,66549179a1cb5573cc49c790,1,1,5,,0.0,C,C,A,C,D,B,D,A,A,D,CCACDBDAAD,0.2,0,0.0,1,1,5,,0.0,noisy,explanation,Choice B,Pass,red,1,1,1,Fail Box,1,1,5,,0.0,0,0,1,0,0,0,0,0,0,Education,Terrible.  This stressed me because I have never been good at math and didn't understand most of the questions.,1,1,,,,,,,,,,,,,,,,,,,,,,,,,,,,,,,,,,,,,,,,,,,,,,,,,,,,,,,,,,,,,,,,,,,,,,,,,,,,,,,,,,,,,,,,,,,,,,,,,,,,,,,,,,,,,,,,,,,,,,,,,,,,,,,,,,,,,,,,,,,,,,,,,,,,,,,,,,,,,,,,,,,,,,,,,,,,,,,,,,,,,,,,,,,,,,,,,,,,,,,,,,,,,,,,,,,,,,,,,,,,,,,,,,,,,,,,,,,,,,,,,,,,,,,,,,,,,,,,,,,,,,,,,,,,,,,,,,,,,,,,,,,,,,,,,,,,,,,,,,,,,,,,,,,,,,,,,,,,,,,,,,,,,,,,,,,,,,,,,,,,,,,,,,,,,,,,,,,,
6,fln3v36e,,0,12,12,Exp2_Section_4,EndSurvey,2024-09-26 16:09:28.790684,1,,,0.0,,,,,,,,,,,,,,519akakd,,,,,0,Experiment_2_Skewness_Preference,https://app.prolific.com/submissions/complete?cc=C1BTHULB,0.0,1.0,6,,0.0,6659ef479b424681dc3f60ba,1,1,6,,0.0,D,C,A,B,D,A,A,B,B,A,DCABDAABBA,0.1,0,0.0,1,1,6,,0.0,noisy,explanation,Choice B,Fail,red,40,3,4,Not Sure,1,1,6,,0.0,0,1,0,0,0,0,0,0,0,"Latin, Economics, English","Somewhat confusing, but interesting nonetheless.",1,1,,,,,,,,,,,,,,,,,,,,,,,,,,,,,,,,,,,,,,,,,,,,,,,,,,,,,,,,,,,,,,,,,,,,,,,,,,,,,,,,,,,,,,,,,,,,,,,,,,,,,,,,,,,,,,,,,,,,,,,,,,,,,,,,,,,,,,,,,,,,,,,,,,,,,,,,,,,,,,,,,,,,,,,,,,,,,,,,,,,,,,,,,,,,,,,,,,,,,,,,,,,,,,,,,,,,,,,,,,,,,,,,,,,,,,,,,,,,,,,,,,,,,,,,,,,,,,,,,,,,,,,,,,,,,,,,,,,,,,,,,,,,,,,,,,,,,,,,,,,,,,,,,,,,,,,,,,,,,,,,,,,,,,,,,,,,,,,,,,,,,,,,,,,,,,,,,,,,
7,wxcod1eb,,0,12,12,Exp2_Section_4,EndSurvey,2024-09-26 16:09:34.037322,1,,,0.0,,,,,,,,,,,,,,519akakd,,,,,0,Experiment_2_Skewness_Preference,https://app.prolific.com/submissions/complete?cc=C1BTHULB,0.0,1.0,7,,0.0,63386db00f7528f25101593c,1,1,7,,0.0,D,A,B,C,D,A,C,B,C,C,DABCDACBCC,0.2,0,0.0,1,1,7,,0.0,noisy,explanation,Choice A,Fail,red,50,5,5,Fail Box,1,1,7,,0.0,0,0,1,0,0,0,0,0,0,Biology ,No,1,1,,,,,,,,,,,,,,,,,,,,,,,,,,,,,,,,,,,,,,,,,,,,,,,,,,,,,,,,,,,,,,,,,,,,,,,,,,,,,,,,,,,,,,,,,,,,,,,,,,,,,,,,,,,,,,,,,,,,,,,,,,,,,,,,,,,,,,,,,,,,,,,,,,,,,,,,,,,,,,,,,,,,,,,,,,,,,,,,,,,,,,,,,,,,,,,,,,,,,,,,,,,,,,,,,,,,,,,,,,,,,,,,,,,,,,,,,,,,,,,,,,,,,,,,,,,,,,,,,,,,,,,,,,,,,,,,,,,,,,,,,,,,,,,,,,,,,,,,,,,,,,,,,,,,,,,,,,,,,,,,,,,,,,,,,,,,,,,,,,,,,,,,,,,,,,,,,,,,
8,noteni1o,,0,12,12,Exp2_Section_4,EndSurvey,2024-09-26 16:10:17.396446,1,,,0.0,,,,,,,,,,,,,,519akakd,,,,,0,Experiment_2_Skewness_Preference,https://app.prolific.com/submissions/complete?cc=C1BTHULB,0.0,1.0,8,,0.0,664c96f5fdfc411c8d0cd939,1,1,8,,0.0,C,D,C,D,C,C,C,C,C,D,CDCDCCCCCD,0.3,0,0.0,1,1,8,,0.0,noisy,explanation,Choice A,Fail,red,20,4,5,Pass Box,1,1,8,,0.0,0,0,1,0,0,0,0,0,0,"Math, Science, English, Language Arts",The questions were very challenging for me.,1,1,,,,,,,,,,,,,,,,,,,,,,,,,,,,,,,,,,,,,,,,,,,,,,,,,,,,,,,,,,,,,,,,,,,,,,,,,,,,,,,,,,,,,,,,,,,,,,,,,,,,,,,,,,,,,,,,,,,,,,,,,,,,,,,,,,,,,,,,,,,,,,,,,,,,,,,,,,,,,,,,,,,,,,,,,,,,,,,,,,,,,,,,,,,,,,,,,,,,,,,,,,,,,,,,,,,,,,,,,,,,,,,,,,,,,,,,,,,,,,,,,,,,,,,,,,,,,,,,,,,,,,,,,,,,,,,,,,,,,,,,,,,,,,,,,,,,,,,,,,,,,,,,,,,,,,,,,,,,,,,,,,,,,,,,,,,,,,,,,,,,,,,,,,,,,,,,,,,,
9,apeihcak,,0,12,12,Exp2_Section_4,EndSurvey,2024-09-26 16:10:21.477667,1,,,0.0,,,,,,,,,,,,,,519akakd,,,,,0,Experiment_2_Skewness_Preference,https://app.prolific.com/submissions/complete?cc=C1BTHULB,0.0,1.0,9,,0.0,58c518d7b101a70001293900,1,1,9,,0.0,D,D,B,C,C,C,A,A,D,B,DDBCCCAADB,0.1,0,0.0,1,1,9,,0.0,noisy,explanation,Choice B,Fail,black,42,3,5,Fail Box,1,1,9,,0.0,0,0,1,0,0,0,0,0,0,accounting,i havent seen these maths in years and i feel very rusty.,1,1,,,,,,,,,,,,,,,,,,,,,,,,,,,,,,,,,,,,,,,,,,,,,,,,,,,,,,,,,,,,,,,,,,,,,,,,,,,,,,,,,,,,,,,,,,,,,,,,,,,,,,,,,,,,,,,,,,,,,,,,,,,,,,,,,,,,,,,,,,,,,,,,,,,,,,,,,,,,,,,,,,,,,,,,,,,,,,,,,,,,,,,,,,,,,,,,,,,,,,,,,,,,,,,,,,,,,,,,,,,,,,,,,,,,,,,,,,,,,,,,,,,,,,,,,,,,,,,,,,,,,,,,,,,,,,,,,,,,,,,,,,,,,,,,,,,,,,,,,,,,,,,,,,,,,,,,,,,,,,,,,,,,,,,,,,,,,,,,,,,,,,,,,,,,,,,,,,,,
10,t5g488lx,,0,4,12,Exp2_Section_1,Conclusion,2024-09-26 16:11:02.521196,1,,,0.0,,,,,,,,,,,,,,519akakd,,,,,0,Experiment_2_Skewness_Preference,https://app.prolific.com/submissions/complete?cc=C1BTHULB,0.0,1.0,10,,0.0,614f68fe19bd10bb768e5e3b,1,1,10,,0.0,,,,,,,,,,,__________,0.0,0,0.0,1,1,10,,0.0,,,,,,,,,,1,1,10,,0.0,0,0,0,0,0,0,0,0,0,FALSE,FALSE,1,1,,,,,,,,,,,,,,,,,,,,,,,,,,,,,,,,,,,,,,,,,,,,,,,,,,,,,,,,,,,,,,,,,,,,,,,,,,,,,,,,,,,,,,,,,,,,,,,,,,,,,,,,,,,,,,,,,,,,,,,,,,,,,,,,,,,,,,,,,,,,,,,,,,,,,,,,,,,,,,,,,,,,,,,,,,,,,,,,,,,,,,,,,,,,,,,,,,,,,,,,,,,,,,,,,,,,,,,,,,,,,,,,,,,,,,,,,,,,,,,,,,,,,,,,,,,,,,,,,,,,,,,,,,,,,,,,,,,,,,,,,,,,,,,,,,,,,,,,,,,,,,,,,,,,,,,,,,,,,,,,,,,,,,,,,,,,,,,,,,,,,,,,,,,,,,,,,,,,
11,q7zdsshb,,0,12,12,Exp2_Section_4,EndSurvey,2024-09-26 16:11:02.989899,1,,,0.0,,,,,,,,,,,,,,519akakd,,,,,0,Experiment_2_Skewness_Preference,https://app.prolific.com/submissions/complete?cc=C1BTHULB,0.0,1.0,11,,0.0,60fdef558b926ecb4de631cf,1,1,11,,0.0,D,D,A,B,D,B,D,C,B,B,DDABDBDCBB,0.5,0,0.0,1,1,11,,0.0,noisy,explanation,Choice B,Pass,red,50,4,5,Pass Box,1,1,11,,0.0,0,0,1,0,0,0,0,0,0,"I subjected just really basic general subjects, nothing specific to an industry ",I realized that I really don't have a lot of math skills ,1,1,,,,,,,,,,,,,,,,,,,,,,,,,,,,,,,,,,,,,,,,,,,,,,,,,,,,,,,,,,,,,,,,,,,,,,,,,,,,,,,,,,,,,,,,,,,,,,,,,,,,,,,,,,,,,,,,,,,,,,,,,,,,,,,,,,,,,,,,,,,,,,,,,,,,,,,,,,,,,,,,,,,,,,,,,,,,,,,,,,,,,,,,,,,,,,,,,,,,,,,,,,,,,,,,,,,,,,,,,,,,,,,,,,,,,,,,,,,,,,,,,,,,,,,,,,,,,,,,,,,,,,,,,,,,,,,,,,,,,,,,,,,,,,,,,,,,,,,,,,,,,,,,,,,,,,,,,,,,,,,,,,,,,,,,,,,,,,,,,,,,,,,,,,,,,,,,,,,,
12,n1h9r1bn,,0,12,12,Exp2_Section_4,EndSurvey,2024-09-26 16:11:38.240948,1,,,0.0,,,,,,,,,,,,,,519akakd,,,,,0,Experiment_2_Skewness_Preference,https://app.prolific.com/submissions/complete?cc=C1BTHULB,0.0,1.0,12,,0.0,611feee3fbf3a45d9af39eeb,1,1,12,,0.0,B,A,B,C,A,C,A,C,B,B,BABCACACBB,0.3,15,120.123,1,1,12,,0.0,noisy,explanation,Choice A,Pass,black,30,4,3,Pass Box,1,1,12,,0.0,0,0,1,0,0,0,0,0,0,Accounting related courses,It was great,1,1,,,,,,,,,,,,,,,,,,,,,,,,,,,,,,,,,,,,,,,,,,,,,,,,,,,,,,,,,,,,,,,,,,,,,,,,,,,,,,,,,,,,,,,,,,,,,,,,,,,,,,,,,,,,,,,,,,,,,,,,,,,,,,,,,,,,,,,,,,,,,,,,,,,,,,,,,,,,,,,,,,,,,,,,,,,,,,,,,,,,,,,,,,,,,,,,,,,,,,,,,,,,,,,,,,,,,,,,,,,,,,,,,,,,,,,,,,,,,,,,,,,,,,,,,,,,,,,,,,,,,,,,,,,,,,,,,,,,,,,,,,,,,,,,,,,,,,,,,,,,,,,,,,,,,,,,,,,,,,,,,,,,,,,,,,,,,,,,,,,,,,,,,,,,,,,,,,,,
13,8y781ih8,,0,12,12,Exp2_Section_4,EndSurvey,2024-09-26 16:11:46.484774,1,,,0.0,,,,,,,,,,,,,,519akakd,,,,,0,Experiment_2_Skewness_Preference,https://app.prolific.com/submissions/complete?cc=C1BTHULB,0.0,1.0,13,,0.0,5d654282986878001c2a5db7,1,1,13,,0.0,D,B,C,D,A,C,B,B,C,B,DBCDACBBCB,0.3,0,0.0,1,1,13,,0.0,noisy,explanation,Choice A,Pass,red,20,2,2,Pass Box,1,1,13,,0.0,0,0,1,0,0,0,0,0,0,"english, communications",n/a,1,1,,,,,,,,,,,,,,,,,,,,,,,,,,,,,,,,,,,,,,,,,,,,,,,,,,,,,,,,,,,,,,,,,,,,,,,,,,,,,,,,,,,,,,,,,,,,,,,,,,,,,,,,,,,,,,,,,,,,,,,,,,,,,,,,,,,,,,,,,,,,,,,,,,,,,,,,,,,,,,,,,,,,,,,,,,,,,,,,,,,,,,,,,,,,,,,,,,,,,,,,,,,,,,,,,,,,,,,,,,,,,,,,,,,,,,,,,,,,,,,,,,,,,,,,,,,,,,,,,,,,,,,,,,,,,,,,,,,,,,,,,,,,,,,,,,,,,,,,,,,,,,,,,,,,,,,,,,,,,,,,,,,,,,,,,,,,,,,,,,,,,,,,,,,,,,,,,,,,
14,dn2xd98h,,0,12,12,Exp2_Section_4,EndSurvey,2024-09-26 16:12:09.793957,1,,,0.0,,,,,,,,,,,,,,519akakd,,,,,0,Experiment_2_Skewness_Preference,https://app.prolific.com/submissions/complete?cc=C1BTHULB,0.0,1.0,14,,0.0,65cb7abb2785ea70576a8347,1,1,14,,0.0,D,A,A,B,B,B,A,C,B,D,DAABBBACBD,0.5,0,0.0,1,1,14,,0.0,noisy,explanation,Choice A,Pass,red,50,5,4,Fail Box,1,1,14,,0.0,0,0,1,0,0,0,0,0,0,"I studied a broad range of general subjects, but I enjoyed English the most. I've worked in various jobs and industries. ",It took a lot of concentration but it was fine. ,1,1,,,,,,,,,,,,,,,,,,,,,,,,,,,,,,,,,,,,,,,,,,,,,,,,,,,,,,,,,,,,,,,,,,,,,,,,,,,,,,,,,,,,,,,,,,,,,,,,,,,,,,,,,,,,,,,,,,,,,,,,,,,,,,,,,,,,,,,,,,,,,,,,,,,,,,,,,,,,,,,,,,,,,,,,,,,,,,,,,,,,,,,,,,,,,,,,,,,,,,,,,,,,,,,,,,,,,,,,,,,,,,,,,,,,,,,,,,,,,,,,,,,,,,,,,,,,,,,,,,,,,,,,,,,,,,,,,,,,,,,,,,,,,,,,,,,,,,,,,,,,,,,,,,,,,,,,,,,,,,,,,,,,,,,,,,,,,,,,,,,,,,,,,,,,,,,,,,,,
15,d1zl1psw,,0,12,12,Exp2_Section_4,EndSurvey,2024-09-26 16:12:11.028381,1,,,0.0,,,,,,,,,,,,,,519akakd,,,,,0,Experiment_2_Skewness_Preference,https://app.prolific.com/submissions/complete?cc=C1BTHULB,0.0,1.0,15,,0.0,663b842b57dff9e199c928db,1,1,15,,0.0,D,A,A,C,B,C,D,C,B,B,DAACBCDCBB,0.5,0,0.0,1,1,15,,0.0,noisy,explanation,Choice A,Fail,red,40,2,7,Fail Box,1,1,15,,0.0,0,0,1,0,0,0,0,0,0,Highschool was general studies. I attended nursing school afterwards and have worked in healthcare so I've studied a lot about the human body and medication.,It reminded me that I used to be really good at math and am rusty as heck. Thank you for the survey!,1,1,,,,,,,,,,,,,,,,,,,,,,,,,,,,,,,,,,,,,,,,,,,,,,,,,,,,,,,,,,,,,,,,,,,,,,,,,,,,,,,,,,,,,,,,,,,,,,,,,,,,,,,,,,,,,,,,,,,,,,,,,,,,,,,,,,,,,,,,,,,,,,,,,,,,,,,,,,,,,,,,,,,,,,,,,,,,,,,,,,,,,,,,,,,,,,,,,,,,,,,,,,,,,,,,,,,,,,,,,,,,,,,,,,,,,,,,,,,,,,,,,,,,,,,,,,,,,,,,,,,,,,,,,,,,,,,,,,,,,,,,,,,,,,,,,,,,,,,,,,,,,,,,,,,,,,,,,,,,,,,,,,,,,,,,,,,,,,,,,,,,,,,,,,,,,,,,,,,,
16,29f2lmc7,,0,12,12,Exp2_Section_4,EndSurvey,2024-09-26 16:12:45.311809,1,,,0.0,,,,,,,,,,,,,,519akakd,,,,,0,Experiment_2_Skewness_Preference,https://app.prolific.com/submissions/complete?cc=C1BTHULB,0.0,1.0,16,,0.0,665b223263a2144efc395bea,1,1,16,,0.0,D,D,D,D,D,B,D,C,D,D,DDDDDBDCDD,0.3,0,0.0,1,1,16,,0.0,noisy,explanation,Choice B,Fail,black,100,6,7,Fail Box,1,1,16,,0.0,0,0,1,0,0,0,0,0,1,"Science, Math, Psychology",It was good. No feedback.,1,1,,,,,,,,,,,,,,,,,,,,,,,,,,,,,,,,,,,,,,,,,,,,,,,,,,,,,,,,,,,,,,,,,,,,,,,,,,,,,,,,,,,,,,,,,,,,,,,,,,,,,,,,,,,,,,,,,,,,,,,,,,,,,,,,,,,,,,,,,,,,,,,,,,,,,,,,,,,,,,,,,,,,,,,,,,,,,,,,,,,,,,,,,,,,,,,,,,,,,,,,,,,,,,,,,,,,,,,,,,,,,,,,,,,,,,,,,,,,,,,,,,,,,,,,,,,,,,,,,,,,,,,,,,,,,,,,,,,,,,,,,,,,,,,,,,,,,,,,,,,,,,,,,,,,,,,,,,,,,,,,,,,,,,,,,,,,,,,,,,,,,,,,,,,,,,,,,,,,
17,iwh0uexq,,0,12,12,Exp2_Section_4,EndSurvey,2024-09-26 16:14:33.374140,1,,,0.0,,,,,,,,,,,,,,519akakd,,,,,0,Experiment_2_Skewness_Preference,https://app.prolific.com/submissions/complete?cc=C1BTHULB,0.0,1.0,17,,0.0,631f6e0b69d34cd131d923f8,1,1,17,,0.0,D,C,B,C,D,D,D,B,C,A,DCBCDDDBCA,0.2,0,0.0,1,1,17,,0.0,noisy,explanation,Choice A,Fail,red,0,3,3,Fail Box,1,1,17,,0.0,0,1,1,0,0,0,0,0,0,"Economics, history, fire science, medicine. ",I found answering some of the math questions difficult. ,1,1,,,,,,,,,,,,,,,,,,,,,,,,,,,,,,,,,,,,,,,,,,,,,,,,,,,,,,,,,,,,,,,,,,,,,,,,,,,,,,,,,,,,,,,,,,,,,,,,,,,,,,,,,,,,,,,,,,,,,,,,,,,,,,,,,,,,,,,,,,,,,,,,,,,,,,,,,,,,,,,,,,,,,,,,,,,,,,,,,,,,,,,,,,,,,,,,,,,,,,,,,,,,,,,,,,,,,,,,,,,,,,,,,,,,,,,,,,,,,,,,,,,,,,,,,,,,,,,,,,,,,,,,,,,,,,,,,,,,,,,,,,,,,,,,,,,,,,,,,,,,,,,,,,,,,,,,,,,,,,,,,,,,,,,,,,,,,,,,,,,,,,,,,,,,,,,,,,,,
18,mr8tgdgd,,0,12,12,Exp2_Section_4,EndSurvey,2024-09-26 16:15:23.456142,1,,,0.0,,,,,,,,,,,,,,519akakd,,,,,0,Experiment_2_Skewness_Preference,https://app.prolific.com/submissions/complete?cc=C1BTHULB,0.0,1.0,18,,0.0,6660d30221253395b7f16487,1,1,18,,0.0,D,A,A,B,B,B,D,C,C,B,DAABBBDCCB,0.8,0,0.0,1,1,18,,0.0,noisy,explanation,Choice B,Pass,red,65,6,6,Pass Box,1,1,18,,0.0,0,0,1,0,0,1,0,0,1,"Heavy STEM focus, Latin I, Latin II, Logic, Rhetoric, Ethics",Thank you for your research!,1,1,,,,,,,,,,,,,,,,,,,,,,,,,,,,,,,,,,,,,,,,,,,,,,,,,,,,,,,,,,,,,,,,,,,,,,,,,,,,,,,,,,,,,,,,,,,,,,,,,,,,,,,,,,,,,,,,,,,,,,,,,,,,,,,,,,,,,,,,,,,,,,,,,,,,,,,,,,,,,,,,,,,,,,,,,,,,,,,,,,,,,,,,,,,,,,,,,,,,,,,,,,,,,,,,,,,,,,,,,,,,,,,,,,,,,,,,,,,,,,,,,,,,,,,,,,,,,,,,,,,,,,,,,,,,,,,,,,,,,,,,,,,,,,,,,,,,,,,,,,,,,,,,,,,,,,,,,,,,,,,,,,,,,,,,,,,,,,,,,,,,,,,,,,,,,,,,,,,,
19,9149x0x3,,0,12,12,Exp2_Section_4,EndSurvey,2024-09-26 16:16:02.774379,1,,,0.0,,,,,,,,,,,,,,519akakd,,,,,0,Experiment_2_Skewness_Preference,https://app.prolific.com/submissions/complete?cc=C1BTHULB,0.0,1.0,19,,0.0,6598942c3d07928cc188ffdb,1,1,19,,0.0,D,C,B,B,D,B,C,B,B,C,DCBBDBCBBC,0.2,0,0.0,1,1,19,,0.0,noisy,explanation,Choice A,Pass,red,10,1,1,Fail Box,1,1,19,,0.0,0,0,1,0,1,0,0,0,0,health,hard questions,1,1,,,,,,,,,,,,,,,,,,,,,,,,,,,,,,,,,,,,,,,,,,,,,,,,,,,,,,,,,,,,,,,,,,,,,,,,,,,,,,,,,,,,,,,,,,,,,,,,,,,,,,,,,,,,,,,,,,,,,,,,,,,,,,,,,,,,,,,,,,,,,,,,,,,,,,,,,,,,,,,,,,,,,,,,,,,,,,,,,,,,,,,,,,,,,,,,,,,,,,,,,,,,,,,,,,,,,,,,,,,,,,,,,,,,,,,,,,,,,,,,,,,,,,,,,,,,,,,,,,,,,,,,,,,,,,,,,,,,,,,,,,,,,,,,,,,,,,,,,,,,,,,,,,,,,,,,,,,,,,,,,,,,,,,,,,,,,,,,,,,,,,,,,,,,,,,,,,,,
20,u2cairhp,,0,12,12,Exp2_Section_4,EndSurvey,2024-09-26 16:16:39.572464,1,,,0.0,,,,,,,,,,,,,,519akakd,,,,,0,Experiment_2_Skewness_Preference,https://app.prolific.com/submissions/complete?cc=C1BTHULB,0.0,1.0,20,,0.0,66218c8e08ca3c586108ec70,1,1,20,,0.0,D,D,A,C,B,C,A,A,D,B,DDACBCAADB,0.2,0,0.0,1,1,20,,0.0,noisy,explanation,Choice B,Fail,black,30,4,5,Fail Box,1,1,20,,0.0,0,0,1,0,0,0,0,0,0,Business/Psychology/Management,n/a,1,1,,,,,,,,,,,,,,,,,,,,,,,,,,,,,,,,,,,,,,,,,,,,,,,,,,,,,,,,,,,,,,,,,,,,,,,,,,,,,,,,,,,,,,,,,,,,,,,,,,,,,,,,,,,,,,,,,,,,,,,,,,,,,,,,,,,,,,,,,,,,,,,,,,,,,,,,,,,,,,,,,,,,,,,,,,,,,,,,,,,,,,,,,,,,,,,,,,,,,,,,,,,,,,,,,,,,,,,,,,,,,,,,,,,,,,,,,,,,,,,,,,,,,,,,,,,,,,,,,,,,,,,,,,,,,,,,,,,,,,,,,,,,,,,,,,,,,,,,,,,,,,,,,,,,,,,,,,,,,,,,,,,,,,,,,,,,,,,,,,,,,,,,,,,,,,,,,,,,
21,69b0e6zm,,0,4,12,Exp2_Section_1,Conclusion,2024-09-26 16:18:17.099437,1,,,0.0,,,,,,,,,,,,,,519akakd,,,,,0,Experiment_2_Skewness_Preference,https://app.prolific.com/submissions/complete?cc=C1BTHULB,0.0,1.0,21,,0.0,6630e3c433f462f96b23fe98,1,1,21,,0.0,,,,,,,,,,,__________,0.0,0,0.0,1,1,21,,0.0,,,,,,,,,,1,1,21,,0.0,0,0,0,0,0,0,0,0,0,FALSE,FALSE,1,1,,,,,,,,,,,,,,,,,,,,,,,,,,,,,,,,,,,,,,,,,,,,,,,,,,,,,,,,,,,,,,,,,,,,,,,,,,,,,,,,,,,,,,,,,,,,,,,,,,,,,,,,,,,,,,,,,,,,,,,,,,,,,,,,,,,,,,,,,,,,,,,,,,,,,,,,,,,,,,,,,,,,,,,,,,,,,,,,,,,,,,,,,,,,,,,,,,,,,,,,,,,,,,,,,,,,,,,,,,,,,,,,,,,,,,,,,,,,,,,,,,,,,,,,,,,,,,,,,,,,,,,,,,,,,,,,,,,,,,,,,,,,,,,,,,,,,,,,,,,,,,,,,,,,,,,,,,,,,,,,,,,,,,,,,,,,,,,,,,,,,,,,,,,,,,,,,,,,
22,bg7rq73y,,0,12,12,Exp2_Section_4,EndSurvey,2024-09-26 16:18:42.258017,1,,,0.0,,,,,,,,,,,,,,519akakd,,,,,0,Experiment_2_Skewness_Preference,https://app.prolific.com/submissions/complete?cc=C1BTHULB,0.0,1.0,22,,0.0,669d1e13adb50bc8c5501033,1,1,22,,0.0,A,A,D,,,,,C,,,AAD____C__,0.3,1,5.589,1,1,22,,0.0,noisy,explanation,Choice B,Pass,red,40,4,3,Pass Box,1,1,22,,0.0,1,0,1,0,0,0,0,0,0,"Computer Science, Nursing",I'm a bit disappointed because I spent a long time on question 1. It was hard to remember these math concepts.,1,1,,,,,,,,,,,,,,,,,,,,,,,,,,,,,,,,,,,,,,,,,,,,,,,,,,,,,,,,,,,,,,,,,,,,,,,,,,,,,,,,,,,,,,,,,,,,,,,,,,,,,,,,,,,,,,,,,,,,,,,,,,,,,,,,,,,,,,,,,,,,,,,,,,,,,,,,,,,,,,,,,,,,,,,,,,,,,,,,,,,,,,,,,,,,,,,,,,,,,,,,,,,,,,,,,,,,,,,,,,,,,,,,,,,,,,,,,,,,,,,,,,,,,,,,,,,,,,,,,,,,,,,,,,,,,,,,,,,,,,,,,,,,,,,,,,,,,,,,,,,,,,,,,,,,,,,,,,,,,,,,,,,,,,,,,,,,,,,,,,,,,,,,,,,,,,,,,,,,
23,ci5kr3th,,0,5,12,Exp2_Section_2_3,Section_2,2024-09-26 16:19:27.994752,1,,,0.0,,,,,,,,,,,,,,519akakd,,,,,0,Experiment_2_Skewness_Preference,https://app.prolific.com/submissions/complete?cc=C1BTHULB,0.0,1.0,23,,0.0,60faefcf667e07570bed9dcb,1,1,23,,0.0,D,D,A,C,B,C,B,A,C,B,DDACBCBACB,0.3,0,0.0,1,1,23,,0.0,,,,,,,,,,1,1,23,,0.0,0,0,0,0,0,0,0,0,0,FALSE,FALSE,1,1,,,,,,,,,,,,,,,,,,,,,,,,,,,,,,,,,,,,,,,,,,,,,,,,,,,,,,,,,,,,,,,,,,,,,,,,,,,,,,,,,,,,,,,,,,,,,,,,,,,,,,,,,,,,,,,,,,,,,,,,,,,,,,,,,,,,,,,,,,,,,,,,,,,,,,,,,,,,,,,,,,,,,,,,,,,,,,,,,,,,,,,,,,,,,,,,,,,,,,,,,,,,,,,,,,,,,,,,,,,,,,,,,,,,,,,,,,,,,,,,,,,,,,,,,,,,,,,,,,,,,,,,,,,,,,,,,,,,,,,,,,,,,,,,,,,,,,,,,,,,,,,,,,,,,,,,,,,,,,,,,,,,,,,,,,,,,,,,,,,,,,,,,,,,,,,,,,,,
24,k5a2amha,,0,12,12,Exp2_Section_4,EndSurvey,2024-09-26 16:20:03.501652,1,,,0.0,,,,,,,,,,,,,,519akakd,,,,,0,Experiment_2_Skewness_Preference,https://app.prolific.com/submissions/complete?cc=C1BTHULB,0.0,1.0,24,,0.0,5ffe14ac36fe8d4717e86985,1,1,24,,0.0,A,B,D,B,B,B,D,C,C,B,ABDBBBDCCB,0.8,0,0.0,1,1,24,,0.0,noisy,explanation,Choice B,Pass,red,60,5,6,Pass Box,1,1,24,,0.0,0,0,1,0,0,0,0,0,0,Biology,interesting experience,1,1,,,,,,,,,,,,,,,,,,,,,,,,,,,,,,,,,,,,,,,,,,,,,,,,,,,,,,,,,,,,,,,,,,,,,,,,,,,,,,,,,,,,,,,,,,,,,,,,,,,,,,,,,,,,,,,,,,,,,,,,,,,,,,,,,,,,,,,,,,,,,,,,,,,,,,,,,,,,,,,,,,,,,,,,,,,,,,,,,,,,,,,,,,,,,,,,,,,,,,,,,,,,,,,,,,,,,,,,,,,,,,,,,,,,,,,,,,,,,,,,,,,,,,,,,,,,,,,,,,,,,,,,,,,,,,,,,,,,,,,,,,,,,,,,,,,,,,,,,,,,,,,,,,,,,,,,,,,,,,,,,,,,,,,,,,,,,,,,,,,,,,,,,,,,,,,,,,,,
25,j20cufd3,,0,12,12,Exp2_Section_4,EndSurvey,2024-09-26 16:20:20.875024,1,,,0.0,,,,,,,,,,,,,,519akakd,,,,,0,Experiment_2_Skewness_Preference,https://app.prolific.com/submissions/complete?cc=C1BTHULB,0.0,1.0,25,,0.0,644c061ce861c17549323c00,1,1,25,,0.0,D,A,A,D,B,D,B,A,B,C,DAADBDBABC,0.2,0,0.0,1,1,25,,0.0,noisy,explanation,Choice A,Pass,black,0,0,0,Pass Box,1,1,25,,0.0,0,0,1,0,0,0,0,0,0,General.,Work on reducing the instructions to only the required information. Work on the readability of the instructions - aim for high school level. ,1,1,,,,,,,,,,,,,,,,,,,,,,,,,,,,,,,,,,,,,,,,,,,,,,,,,,,,,,,,,,,,,,,,,,,,,,,,,,,,,,,,,,,,,,,,,,,,,,,,,,,,,,,,,,,,,,,,,,,,,,,,,,,,,,,,,,,,,,,,,,,,,,,,,,,,,,,,,,,,,,,,,,,,,,,,,,,,,,,,,,,,,,,,,,,,,,,,,,,,,,,,,,,,,,,,,,,,,,,,,,,,,,,,,,,,,,,,,,,,,,,,,,,,,,,,,,,,,,,,,,,,,,,,,,,,,,,,,,,,,,,,,,,,,,,,,,,,,,,,,,,,,,,,,,,,,,,,,,,,,,,,,,,,,,,,,,,,,,,,,,,,,,,,,,,,,,,,,,,,
26,v3sgdac4,,0,12,12,Exp2_Section_4,EndSurvey,2024-09-26 16:20:35.131886,1,,,0.0,,,,,,,,,,,,,,519akakd,,,,,0,Experiment_2_Skewness_Preference,https://app.prolific.com/submissions/complete?cc=C1BTHULB,0.0,1.0,26,,0.0,659807fcc53622792be6d8bd,1,1,26,,0.0,C,C,A,D,C,D,B,D,B,A,CCADCDBDBA,0.0,0,0.0,1,1,26,,0.0,noisy,explanation,Choice A,Fail,red,7,1,5,Fail Box,1,1,26,,0.0,0,0,1,0,1,0,0,0,0,English Literature,"I'm absolutely terrible at math and did not understand a single question, so it was an awful task for me but kinda fun haha ",1,1,,,,,,,,,,,,,,,,,,,,,,,,,,,,,,,,,,,,,,,,,,,,,,,,,,,,,,,,,,,,,,,,,,,,,,,,,,,,,,,,,,,,,,,,,,,,,,,,,,,,,,,,,,,,,,,,,,,,,,,,,,,,,,,,,,,,,,,,,,,,,,,,,,,,,,,,,,,,,,,,,,,,,,,,,,,,,,,,,,,,,,,,,,,,,,,,,,,,,,,,,,,,,,,,,,,,,,,,,,,,,,,,,,,,,,,,,,,,,,,,,,,,,,,,,,,,,,,,,,,,,,,,,,,,,,,,,,,,,,,,,,,,,,,,,,,,,,,,,,,,,,,,,,,,,,,,,,,,,,,,,,,,,,,,,,,,,,,,,,,,,,,,,,,,,,,,,,,,
27,4ebv40g1,,0,12,12,Exp2_Section_4,EndSurvey,2024-09-26 16:21:06.108463,1,,,0.0,,,,,,,,,,,,,,519akakd,,,,,0,Experiment_2_Skewness_Preference,https://app.prolific.com/submissions/complete?cc=C1BTHULB,0.0,1.0,27,,0.0,6095a3cfda27eb98bb3b74f0,1,1,27,,0.0,D,D,C,B,D,B,A,D,C,A,DDCBDBADCA,0.4,0,0.0,1,1,27,,0.0,noisy,explanation,Choice B,Pass,red,30,3,4,Pass Box,1,1,27,,0.0,0,0,1,0,0,0,0,0,0,"I've worked in IT my whole life.  I didn't attend college, except for a couple classes I took after graduating high school.  In high school, I took computer classes but also enjoyed math and science.  I didn't really enjoy those math problems; they made me feel old and out of touch with math.",I would need some refresher courses before I were to take an exam like this again.  I feel defeated :-),1,1,,,,,,,,,,,,,,,,,,,,,,,,,,,,,,,,,,,,,,,,,,,,,,,,,,,,,,,,,,,,,,,,,,,,,,,,,,,,,,,,,,,,,,,,,,,,,,,,,,,,,,,,,,,,,,,,,,,,,,,,,,,,,,,,,,,,,,,,,,,,,,,,,,,,,,,,,,,,,,,,,,,,,,,,,,,,,,,,,,,,,,,,,,,,,,,,,,,,,,,,,,,,,,,,,,,,,,,,,,,,,,,,,,,,,,,,,,,,,,,,,,,,,,,,,,,,,,,,,,,,,,,,,,,,,,,,,,,,,,,,,,,,,,,,,,,,,,,,,,,,,,,,,,,,,,,,,,,,,,,,,,,,,,,,,,,,,,,,,,,,,,,,,,,,,,,,,,,,
28,vxv1fcp2,,0,4,12,Exp2_Section_1,Conclusion,2024-09-26 16:21:26.832199,1,,,0.0,,,,,,,,,,,,,,519akakd,,,,,0,Experiment_2_Skewness_Preference,https://app.prolific.com/submissions/complete?cc=C1BTHULB,0.0,1.0,28,,0.0,66045b35ba997b63f4604384,1,1,28,,0.0,,,,,,,,,,,__________,0.0,0,0.0,1,1,28,,0.0,,,,,,,,,,1,1,28,,0.0,0,0,0,0,0,0,0,0,0,FALSE,FALSE,1,1,,,,,,,,,,,,,,,,,,,,,,,,,,,,,,,,,,,,,,,,,,,,,,,,,,,,,,,,,,,,,,,,,,,,,,,,,,,,,,,,,,,,,,,,,,,,,,,,,,,,,,,,,,,,,,,,,,,,,,,,,,,,,,,,,,,,,,,,,,,,,,,,,,,,,,,,,,,,,,,,,,,,,,,,,,,,,,,,,,,,,,,,,,,,,,,,,,,,,,,,,,,,,,,,,,,,,,,,,,,,,,,,,,,,,,,,,,,,,,,,,,,,,,,,,,,,,,,,,,,,,,,,,,,,,,,,,,,,,,,,,,,,,,,,,,,,,,,,,,,,,,,,,,,,,,,,,,,,,,,,,,,,,,,,,,,,,,,,,,,,,,,,,,,,,,,,,,,,
29,fulqox1o,,0,12,12,Exp2_Section_4,EndSurvey,2024-09-26 16:21:48.288416,1,,,0.0,,,,,,,,,,,,,,519akakd,,,,,0,Experiment_2_Skewness_Preference,https://app.prolific.com/submissions/complete?cc=C1BTHULB,0.0,1.0,29,,0.0,62aa26c5843008383a1dd08a,1,1,29,,0.0,D,D,C,B,D,B,A,B,C,B,DDCBDBABCB,0.5,0,0.0,1,1,29,,0.0,noisy,explanation,Choice B,Pass,red,1,2,1,Not Sure,1,1,29,,0.0,0,0,1,0,0,0,0,0,0,Accounting,I felt stupid!,1,1,,,,,,,,,,,,,,,,,,,,,,,,,,,,,,,,,,,,,,,,,,,,,,,,,,,,,,,,,,,,,,,,,,,,,,,,,,,,,,,,,,,,,,,,,,,,,,,,,,,,,,,,,,,,,,,,,,,,,,,,,,,,,,,,,,,,,,,,,,,,,,,,,,,,,,,,,,,,,,,,,,,,,,,,,,,,,,,,,,,,,,,,,,,,,,,,,,,,,,,,,,,,,,,,,,,,,,,,,,,,,,,,,,,,,,,,,,,,,,,,,,,,,,,,,,,,,,,,,,,,,,,,,,,,,,,,,,,,,,,,,,,,,,,,,,,,,,,,,,,,,,,,,,,,,,,,,,,,,,,,,,,,,,,,,,,,,,,,,,,,,,,,,,,,,,,,,,,,
30,xg1zjo49,,0,12,12,Exp2_Section_4,EndSurvey,2024-09-26 16:22:16.775986,1,,,0.0,,,,,,,,,,,,,,519akakd,,,,,0,Experiment_2_Skewness_Preference,https://app.prolific.com/submissions/complete?cc=C1BTHULB,0.0,1.0,30,,0.0,61245769826057b69678987a,1,1,30,,0.0,C,C,B,D,A,A,C,C,B,A,CCBDAACCBA,0.1,4,15.82,1,1,30,,0.0,noisy,explanation,Choice A,Fail,red,30,2,4,Fail Box,1,1,30,,0.0,0,0,1,0,0,1,0,0,0,I studied primarily business protected classes. I have only worked in the food industry.,My experience was confusing but mind stimulating.,1,1,,,,,,,,,,,,,,,,,,,,,,,,,,,,,,,,,,,,,,,,,,,,,,,,,,,,,,,,,,,,,,,,,,,,,,,,,,,,,,,,,,,,,,,,,,,,,,,,,,,,,,,,,,,,,,,,,,,,,,,,,,,,,,,,,,,,,,,,,,,,,,,,,,,,,,,,,,,,,,,,,,,,,,,,,,,,,,,,,,,,,,,,,,,,,,,,,,,,,,,,,,,,,,,,,,,,,,,,,,,,,,,,,,,,,,,,,,,,,,,,,,,,,,,,,,,,,,,,,,,,,,,,,,,,,,,,,,,,,,,,,,,,,,,,,,,,,,,,,,,,,,,,,,,,,,,,,,,,,,,,,,,,,,,,,,,,,,,,,,,,,,,,,,,,,,,,,,,,
31,pr6jnoam,,0,4,12,Exp2_Section_1,Conclusion,2024-09-26 16:23:01.985919,1,,,0.0,,,,,,,,,,,,,,519akakd,,,,,0,Experiment_2_Skewness_Preference,https://app.prolific.com/submissions/complete?cc=C1BTHULB,0.0,1.0,31,,0.0,5c646fd5a6d35c00015e8f3b,1,1,31,,0.0,,,,,,,,,,,__________,0.0,0,0.0,1,1,31,,0.0,,,,,,,,,,1,1,31,,0.0,0,0,0,0,0,0,0,0,0,FALSE,FALSE,1,1,,,,,,,,,,,,,,,,,,,,,,,,,,,,,,,,,,,,,,,,,,,,,,,,,,,,,,,,,,,,,,,,,,,,,,,,,,,,,,,,,,,,,,,,,,,,,,,,,,,,,,,,,,,,,,,,,,,,,,,,,,,,,,,,,,,,,,,,,,,,,,,,,,,,,,,,,,,,,,,,,,,,,,,,,,,,,,,,,,,,,,,,,,,,,,,,,,,,,,,,,,,,,,,,,,,,,,,,,,,,,,,,,,,,,,,,,,,,,,,,,,,,,,,,,,,,,,,,,,,,,,,,,,,,,,,,,,,,,,,,,,,,,,,,,,,,,,,,,,,,,,,,,,,,,,,,,,,,,,,,,,,,,,,,,,,,,,,,,,,,,,,,,,,,,,,,,,,,
32,cofsmiv3,,0,12,12,Exp2_Section_4,EndSurvey,2024-09-26 16:23:15.416873,1,,,0.0,,,,,,,,,,,,,,519akakd,,,,,0,Experiment_2_Skewness_Preference,https://app.prolific.com/submissions/complete?cc=C1BTHULB,0.0,1.0,32,,0.0,66328fe9e8a976c326ab19e1,1,1,32,,0.0,D,C,D,C,D,C,B,D,B,D,DCDCDCBDBD,0.0,0,0.0,1,1,32,,0.0,noisy,explanation,Choice A,Fail,red,20,2,2,Fail Box,1,1,32,,0.0,0,0,0,0,0,0,0,0,1,Math and science,Good,1,1,,,,,,,,,,,,,,,,,,,,,,,,,,,,,,,,,,,,,,,,,,,,,,,,,,,,,,,,,,,,,,,,,,,,,,,,,,,,,,,,,,,,,,,,,,,,,,,,,,,,,,,,,,,,,,,,,,,,,,,,,,,,,,,,,,,,,,,,,,,,,,,,,,,,,,,,,,,,,,,,,,,,,,,,,,,,,,,,,,,,,,,,,,,,,,,,,,,,,,,,,,,,,,,,,,,,,,,,,,,,,,,,,,,,,,,,,,,,,,,,,,,,,,,,,,,,,,,,,,,,,,,,,,,,,,,,,,,,,,,,,,,,,,,,,,,,,,,,,,,,,,,,,,,,,,,,,,,,,,,,,,,,,,,,,,,,,,,,,,,,,,,,,,,,,,,,,,,,
33,8en3zy6p,,0,12,12,Exp2_Section_4,EndSurvey,2024-09-26 16:23:47.822003,1,,,0.0,,,,,,,,,,,,,,519akakd,,,,,0,Experiment_2_Skewness_Preference,https://app.prolific.com/submissions/complete?cc=C1BTHULB,0.0,1.0,33,,0.0,65c140b80efce0ed096216e3,1,1,33,,0.0,B,D,D,B,A,C,C,B,A,C,BDDBACCBAC,0.1,0,0.0,1,1,33,,0.0,noisy,explanation,Choice A,Fail,red,25,4,4,Pass Box,1,1,33,,0.0,0,0,1,0,0,0,0,0,0,Criminal Justice and creative writing. ,It was quick and fairly easy ,1,1,,,,,,,,,,,,,,,,,,,,,,,,,,,,,,,,,,,,,,,,,,,,,,,,,,,,,,,,,,,,,,,,,,,,,,,,,,,,,,,,,,,,,,,,,,,,,,,,,,,,,,,,,,,,,,,,,,,,,,,,,,,,,,,,,,,,,,,,,,,,,,,,,,,,,,,,,,,,,,,,,,,,,,,,,,,,,,,,,,,,,,,,,,,,,,,,,,,,,,,,,,,,,,,,,,,,,,,,,,,,,,,,,,,,,,,,,,,,,,,,,,,,,,,,,,,,,,,,,,,,,,,,,,,,,,,,,,,,,,,,,,,,,,,,,,,,,,,,,,,,,,,,,,,,,,,,,,,,,,,,,,,,,,,,,,,,,,,,,,,,,,,,,,,,,,,,,,,,
34,iavw1fly,,0,12,12,Exp2_Section_4,EndSurvey,2024-09-26 16:24:14.719190,1,,,0.0,,,,,,,,,,,,,,519akakd,,,,,0,Experiment_2_Skewness_Preference,https://app.prolific.com/submissions/complete?cc=C1BTHULB,0.0,1.0,34,,0.0,60430fc782b5752a7ae8d797,1,1,34,,0.0,D,A,B,B,B,B,B,D,C,B,DABBBBBDCB,0.6,0,0.0,1,1,34,,0.0,noisy,explanation,Choice B,Pass,red,70,6,5,Pass Box,1,1,34,,0.0,0,0,1,0,0,0,0,0,0,Social Sciences and I work in education,Good,1,1,,,,,,,,,,,,,,,,,,,,,,,,,,,,,,,,,,,,,,,,,,,,,,,,,,,,,,,,,,,,,,,,,,,,,,,,,,,,,,,,,,,,,,,,,,,,,,,,,,,,,,,,,,,,,,,,,,,,,,,,,,,,,,,,,,,,,,,,,,,,,,,,,,,,,,,,,,,,,,,,,,,,,,,,,,,,,,,,,,,,,,,,,,,,,,,,,,,,,,,,,,,,,,,,,,,,,,,,,,,,,,,,,,,,,,,,,,,,,,,,,,,,,,,,,,,,,,,,,,,,,,,,,,,,,,,,,,,,,,,,,,,,,,,,,,,,,,,,,,,,,,,,,,,,,,,,,,,,,,,,,,,,,,,,,,,,,,,,,,,,,,,,,,,,,,,,,,,,
35,k405s0e1,,0,12,12,Exp2_Section_4,EndSurvey,2024-09-26 16:24:23.745032,1,,,0.0,,,,,,,,,,,,,,519akakd,,,,,0,Experiment_2_Skewness_Preference,https://app.prolific.com/submissions/complete?cc=C1BTHULB,0.0,1.0,35,,0.0,6659fc5225ebd63b4f7f1d56,1,1,35,,0.0,B,C,B,B,C,D,D,C,B,D,BCBBCDDCBD,0.3,0,0.0,1,1,35,,0.0,noisy,explanation,Choice B,Pass,red,50,2,3,Pass Box,1,1,35,,0.0,0,0,1,0,0,0,0,0,0,Mostly math,None.,1,1,,,,,,,,,,,,,,,,,,,,,,,,,,,,,,,,,,,,,,,,,,,,,,,,,,,,,,,,,,,,,,,,,,,,,,,,,,,,,,,,,,,,,,,,,,,,,,,,,,,,,,,,,,,,,,,,,,,,,,,,,,,,,,,,,,,,,,,,,,,,,,,,,,,,,,,,,,,,,,,,,,,,,,,,,,,,,,,,,,,,,,,,,,,,,,,,,,,,,,,,,,,,,,,,,,,,,,,,,,,,,,,,,,,,,,,,,,,,,,,,,,,,,,,,,,,,,,,,,,,,,,,,,,,,,,,,,,,,,,,,,,,,,,,,,,,,,,,,,,,,,,,,,,,,,,,,,,,,,,,,,,,,,,,,,,,,,,,,,,,,,,,,,,,,,,,,,,,,
36,updaf3z1,,0,12,12,Exp2_Section_4,EndSurvey,2024-09-26 16:24:27.352848,1,,,0.0,,,,,,,,,,,,,,519akakd,,,,,0,Experiment_2_Skewness_Preference,https://app.prolific.com/submissions/complete?cc=C1BTHULB,0.0,1.0,36,,0.0,5fa322092858085f30d5b011,1,1,36,,0.0,D,A,A,B,B,B,D,C,A,D,DAABBBDCAD,0.6,1,1.184,1,1,36,,0.0,noisy,explanation,Choice A,Pass,black,75,7,6,Pass Box,1,1,36,,0.0,0,0,1,0,0,0,0,0,0,math - IT,"nice quiz, thanks, haven't seen anything like this for some time",1,1,,,,,,,,,,,,,,,,,,,,,,,,,,,,,,,,,,,,,,,,,,,,,,,,,,,,,,,,,,,,,,,,,,,,,,,,,,,,,,,,,,,,,,,,,,,,,,,,,,,,,,,,,,,,,,,,,,,,,,,,,,,,,,,,,,,,,,,,,,,,,,,,,,,,,,,,,,,,,,,,,,,,,,,,,,,,,,,,,,,,,,,,,,,,,,,,,,,,,,,,,,,,,,,,,,,,,,,,,,,,,,,,,,,,,,,,,,,,,,,,,,,,,,,,,,,,,,,,,,,,,,,,,,,,,,,,,,,,,,,,,,,,,,,,,,,,,,,,,,,,,,,,,,,,,,,,,,,,,,,,,,,,,,,,,,,,,,,,,,,,,,,,,,,,,,,,,,,,
37,aun5qsbk,,0,12,12,Exp2_Section_4,EndSurvey,2024-09-26 16:24:36.841690,1,,,0.0,,,,,,,,,,,,,,519akakd,,,,,0,Experiment_2_Skewness_Preference,https://app.prolific.com/submissions/complete?cc=C1BTHULB,0.0,1.0,37,,0.0,66f1d346461c7dd7cec5bbe4,1,1,37,,0.0,B,B,C,A,B,D,A,C,C,B,BBCABDACCB,0.5,0,0.0,1,1,37,,0.0,noisy,explanation,Choice A,Fail,red,20,5,9,Fail Box,1,1,37,,0.0,0,0,1,0,0,0,0,0,0,Ag,nope,1,1,,,,,,,,,,,,,,,,,,,,,,,,,,,,,,,,,,,,,,,,,,,,,,,,,,,,,,,,,,,,,,,,,,,,,,,,,,,,,,,,,,,,,,,,,,,,,,,,,,,,,,,,,,,,,,,,,,,,,,,,,,,,,,,,,,,,,,,,,,,,,,,,,,,,,,,,,,,,,,,,,,,,,,,,,,,,,,,,,,,,,,,,,,,,,,,,,,,,,,,,,,,,,,,,,,,,,,,,,,,,,,,,,,,,,,,,,,,,,,,,,,,,,,,,,,,,,,,,,,,,,,,,,,,,,,,,,,,,,,,,,,,,,,,,,,,,,,,,,,,,,,,,,,,,,,,,,,,,,,,,,,,,,,,,,,,,,,,,,,,,,,,,,,,,,,,,,,,,
38,s5wh8upw,,0,12,12,Exp2_Section_4,EndSurvey,2024-09-26 16:24:52.257545,1,,,0.0,,,,,,,,,,,,,,519akakd,,,,,0,Experiment_2_Skewness_Preference,https://app.prolific.com/submissions/complete?cc=C1BTHULB,0.0,1.0,38,,0.0,61531624b67f1ccd83e48d48,1,1,38,,0.0,D,A,C,D,A,C,C,C,B,A,DACDACCCBA,0.3,0,0.0,1,1,38,,0.0,noisy,explanation,Choice A,Pass,black,23,3,3,Pass Box,1,1,38,,0.0,0,0,1,0,0,0,0,0,0,"biology, chemistry  medical impplants",my math is very out of date,1,1,,,,,,,,,,,,,,,,,,,,,,,,,,,,,,,,,,,,,,,,,,,,,,,,,,,,,,,,,,,,,,,,,,,,,,,,,,,,,,,,,,,,,,,,,,,,,,,,,,,,,,,,,,,,,,,,,,,,,,,,,,,,,,,,,,,,,,,,,,,,,,,,,,,,,,,,,,,,,,,,,,,,,,,,,,,,,,,,,,,,,,,,,,,,,,,,,,,,,,,,,,,,,,,,,,,,,,,,,,,,,,,,,,,,,,,,,,,,,,,,,,,,,,,,,,,,,,,,,,,,,,,,,,,,,,,,,,,,,,,,,,,,,,,,,,,,,,,,,,,,,,,,,,,,,,,,,,,,,,,,,,,,,,,,,,,,,,,,,,,,,,,,,,,,,,,,,,,,
39,d10sekkw,,0,12,12,Exp2_Section_4,EndSurvey,2024-09-26 16:25:06.150436,1,,,0.0,,,,,,,,,,,,,,519akakd,,,,,0,Experiment_2_Skewness_Preference,https://app.prolific.com/submissions/complete?cc=C1BTHULB,0.0,1.0,39,,0.0,65e109ee06b278635a89cc19,1,1,39,,0.0,D,B,C,A,C,B,A,C,C,A,DBCACBACCA,0.4,1,0.119,1,1,39,,0.0,noisy,explanation,Choice B,Fail,red,25,3,5,Fail Box,1,1,39,,0.0,0,1,1,0,0,0,0,0,1,Chemistry and Biology,"Very interesting study, everything was clearly explained.",1,1,,,,,,,,,,,,,,,,,,,,,,,,,,,,,,,,,,,,,,,,,,,,,,,,,,,,,,,,,,,,,,,,,,,,,,,,,,,,,,,,,,,,,,,,,,,,,,,,,,,,,,,,,,,,,,,,,,,,,,,,,,,,,,,,,,,,,,,,,,,,,,,,,,,,,,,,,,,,,,,,,,,,,,,,,,,,,,,,,,,,,,,,,,,,,,,,,,,,,,,,,,,,,,,,,,,,,,,,,,,,,,,,,,,,,,,,,,,,,,,,,,,,,,,,,,,,,,,,,,,,,,,,,,,,,,,,,,,,,,,,,,,,,,,,,,,,,,,,,,,,,,,,,,,,,,,,,,,,,,,,,,,,,,,,,,,,,,,,,,,,,,,,,,,,,,,,,,,,
40,896f3mm2,,0,12,12,Exp2_Section_4,EndSurvey,2024-09-26 16:25:30.805215,1,,,0.0,,,,,,,,,,,,,,519akakd,,,,,0,Experiment_2_Skewness_Preference,https://app.prolific.com/submissions/complete?cc=C1BTHULB,0.0,1.0,40,,0.0,5deadb731aaabf212ed16016,1,1,40,,0.0,A,C,D,B,B,B,D,C,,,ACDBBBDC__,0.6,9,32.149,1,1,40,,0.0,noisy,explanation,Choice B,Fail,red,60,8,9,Pass Box,1,1,40,,0.0,0,1,0,0,0,0,0,0,0,Information Technology - Banking,,1,1,,,,,,,,,,,,,,,,,,,,,,,,,,,,,,,,,,,,,,,,,,,,,,,,,,,,,,,,,,,,,,,,,,,,,,,,,,,,,,,,,,,,,,,,,,,,,,,,,,,,,,,,,,,,,,,,,,,,,,,,,,,,,,,,,,,,,,,,,,,,,,,,,,,,,,,,,,,,,,,,,,,,,,,,,,,,,,,,,,,,,,,,,,,,,,,,,,,,,,,,,,,,,,,,,,,,,,,,,,,,,,,,,,,,,,,,,,,,,,,,,,,,,,,,,,,,,,,,,,,,,,,,,,,,,,,,,,,,,,,,,,,,,,,,,,,,,,,,,,,,,,,,,,,,,,,,,,,,,,,,,,,,,,,,,,,,,,,,,,,,,,,,,,,,,,,,,,,,
41,8f3886by,,0,12,12,Exp2_Section_4,EndSurvey,2024-09-26 16:25:31.748838,1,,,0.0,,,,,,,,,,,,,,519akakd,,,,,0,Experiment_2_Skewness_Preference,https://app.prolific.com/submissions/complete?cc=C1BTHULB,0.0,1.0,41,,0.0,636148d7c918791f6fc8d86c,1,1,41,,0.0,B,A,A,C,D,B,,,,,BAACDB____,0.2,0,0.0,1,1,41,,0.0,noisy,explanation,Choice A,Fail,red,25,4,3,Fail Box,1,1,41,,0.0,0,0,1,0,0,0,0,0,0,Whatever was taught. Cnc machining.,NA,1,1,,,,,,,,,,,,,,,,,,,,,,,,,,,,,,,,,,,,,,,,,,,,,,,,,,,,,,,,,,,,,,,,,,,,,,,,,,,,,,,,,,,,,,,,,,,,,,,,,,,,,,,,,,,,,,,,,,,,,,,,,,,,,,,,,,,,,,,,,,,,,,,,,,,,,,,,,,,,,,,,,,,,,,,,,,,,,,,,,,,,,,,,,,,,,,,,,,,,,,,,,,,,,,,,,,,,,,,,,,,,,,,,,,,,,,,,,,,,,,,,,,,,,,,,,,,,,,,,,,,,,,,,,,,,,,,,,,,,,,,,,,,,,,,,,,,,,,,,,,,,,,,,,,,,,,,,,,,,,,,,,,,,,,,,,,,,,,,,,,,,,,,,,,,,,,,,,,,,
42,qwr2pci4,,0,5,12,Exp2_Section_2_3,Section_2,2024-09-26 16:25:49.792806,1,,,0.0,,,,,,,,,,,,,,519akakd,,,,,0,Experiment_2_Skewness_Preference,https://app.prolific.com/submissions/complete?cc=C1BTHULB,0.0,1.0,42,,0.0,662939f62fc7f80623b3da36,1,1,42,,0.0,D,A,B,B,C,C,C,A,A,B,DABBCCCAAB,0.3,0,0.0,1,1,42,,0.0,,,,,,,,,,1,1,42,,0.0,0,0,0,0,0,0,0,0,0,FALSE,FALSE,1,1,,,,,,,,,,,,,,,,,,,,,,,,,,,,,,,,,,,,,,,,,,,,,,,,,,,,,,,,,,,,,,,,,,,,,,,,,,,,,,,,,,,,,,,,,,,,,,,,,,,,,,,,,,,,,,,,,,,,,,,,,,,,,,,,,,,,,,,,,,,,,,,,,,,,,,,,,,,,,,,,,,,,,,,,,,,,,,,,,,,,,,,,,,,,,,,,,,,,,,,,,,,,,,,,,,,,,,,,,,,,,,,,,,,,,,,,,,,,,,,,,,,,,,,,,,,,,,,,,,,,,,,,,,,,,,,,,,,,,,,,,,,,,,,,,,,,,,,,,,,,,,,,,,,,,,,,,,,,,,,,,,,,,,,,,,,,,,,,,,,,,,,,,,,,,,,,,,,,
43,5pd8qhp8,,0,12,12,Exp2_Section_4,EndSurvey,2024-09-26 16:26:05.044906,1,,,0.0,,,,,,,,,,,,,,519akakd,,,,,0,Experiment_2_Skewness_Preference,https://app.prolific.com/submissions/complete?cc=C1BTHULB,0.0,1.0,43,,0.0,5fa46c0a5fc245089e298c1d,1,1,43,,0.0,D,A,B,C,D,A,C,C,A,B,DABCDACCAB,0.3,0,0.0,1,1,43,,0.0,noisy,explanation,Choice B,Fail,black,100,4,5,Fail Box,1,1,43,,0.0,0,0,1,0,0,0,0,0,0,"Music, Art, Woodshop, Spanish",I really dislike math,1,1,,,,,,,,,,,,,,,,,,,,,,,,,,,,,,,,,,,,,,,,,,,,,,,,,,,,,,,,,,,,,,,,,,,,,,,,,,,,,,,,,,,,,,,,,,,,,,,,,,,,,,,,,,,,,,,,,,,,,,,,,,,,,,,,,,,,,,,,,,,,,,,,,,,,,,,,,,,,,,,,,,,,,,,,,,,,,,,,,,,,,,,,,,,,,,,,,,,,,,,,,,,,,,,,,,,,,,,,,,,,,,,,,,,,,,,,,,,,,,,,,,,,,,,,,,,,,,,,,,,,,,,,,,,,,,,,,,,,,,,,,,,,,,,,,,,,,,,,,,,,,,,,,,,,,,,,,,,,,,,,,,,,,,,,,,,,,,,,,,,,,,,,,,,,,,,,,,,,
44,uy22bvpu,,0,12,12,Exp2_Section_4,EndSurvey,2024-09-26 16:26:20.280999,1,,,0.0,,,,,,,,,,,,,,519akakd,,,,,0,Experiment_2_Skewness_Preference,https://app.prolific.com/submissions/complete?cc=C1BTHULB,0.0,1.0,44,,0.0,66b9a250c6a696f981b667cf,1,1,44,,0.0,D,A,B,C,D,B,B,B,B,,DABCDBBBB_,0.2,0,0.0,1,1,44,,0.0,noisy,explanation,Choice B,Pass,red,10,1,1,Pass Box,1,1,44,,0.0,0,0,1,0,0,0,0,0,0,"Administration, customer service, business, art",,1,1,,,,,,,,,,,,,,,,,,,,,,,,,,,,,,,,,,,,,,,,,,,,,,,,,,,,,,,,,,,,,,,,,,,,,,,,,,,,,,,,,,,,,,,,,,,,,,,,,,,,,,,,,,,,,,,,,,,,,,,,,,,,,,,,,,,,,,,,,,,,,,,,,,,,,,,,,,,,,,,,,,,,,,,,,,,,,,,,,,,,,,,,,,,,,,,,,,,,,,,,,,,,,,,,,,,,,,,,,,,,,,,,,,,,,,,,,,,,,,,,,,,,,,,,,,,,,,,,,,,,,,,,,,,,,,,,,,,,,,,,,,,,,,,,,,,,,,,,,,,,,,,,,,,,,,,,,,,,,,,,,,,,,,,,,,,,,,,,,,,,,,,,,,,,,,,,,,,,
45,dzm2modp,,0,12,12,Exp2_Section_4,EndSurvey,2024-09-26 16:26:23.714709,1,,,0.0,,,,,,,,,,,,,,519akakd,,,,,0,Experiment_2_Skewness_Preference,https://app.prolific.com/submissions/complete?cc=C1BTHULB,0.0,1.0,45,,0.0,60ec601b8525af507f06373d,1,1,45,,0.0,A,,,,B,,,C,,,A___B__C__,0.3,0,0.0,1,1,45,,0.0,noisy,explanation,Choice A,Pass,black,25,2,2,Pass Box,1,1,45,,0.0,0,0,1,0,0,0,0,0,0,Computers,Very difficult test,1,1,,,,,,,,,,,,,,,,,,,,,,,,,,,,,,,,,,,,,,,,,,,,,,,,,,,,,,,,,,,,,,,,,,,,,,,,,,,,,,,,,,,,,,,,,,,,,,,,,,,,,,,,,,,,,,,,,,,,,,,,,,,,,,,,,,,,,,,,,,,,,,,,,,,,,,,,,,,,,,,,,,,,,,,,,,,,,,,,,,,,,,,,,,,,,,,,,,,,,,,,,,,,,,,,,,,,,,,,,,,,,,,,,,,,,,,,,,,,,,,,,,,,,,,,,,,,,,,,,,,,,,,,,,,,,,,,,,,,,,,,,,,,,,,,,,,,,,,,,,,,,,,,,,,,,,,,,,,,,,,,,,,,,,,,,,,,,,,,,,,,,,,,,,,,,,,,,,,,
46,8i18m5yw,,0,12,12,Exp2_Section_4,EndSurvey,2024-09-26 16:26:29.888675,1,,,0.0,,,,,,,,,,,,,,519akakd,,,,,0,Experiment_2_Skewness_Preference,https://app.prolific.com/submissions/complete?cc=C1BTHULB,0.0,1.0,46,,0.0,61118cf8dd195d72acb7594a,1,1,46,,0.0,A,A,D,C,B,C,D,C,D,B,AADCBCDCDB,0.6,0,0.0,1,1,46,,0.0,noisy,explanation,Choice A,Pass,black,50,7,5,Pass Box,1,1,46,,0.0,0,0,1,0,0,0,0,0,0,social studies and education,stressful,1,1,,,,,,,,,,,,,,,,,,,,,,,,,,,,,,,,,,,,,,,,,,,,,,,,,,,,,,,,,,,,,,,,,,,,,,,,,,,,,,,,,,,,,,,,,,,,,,,,,,,,,,,,,,,,,,,,,,,,,,,,,,,,,,,,,,,,,,,,,,,,,,,,,,,,,,,,,,,,,,,,,,,,,,,,,,,,,,,,,,,,,,,,,,,,,,,,,,,,,,,,,,,,,,,,,,,,,,,,,,,,,,,,,,,,,,,,,,,,,,,,,,,,,,,,,,,,,,,,,,,,,,,,,,,,,,,,,,,,,,,,,,,,,,,,,,,,,,,,,,,,,,,,,,,,,,,,,,,,,,,,,,,,,,,,,,,,,,,,,,,,,,,,,,,,,,,,,,,,
47,rv6c2yl1,,0,12,12,Exp2_Section_4,EndSurvey,2024-09-26 16:26:38.891296,1,,,0.0,,,,,,,,,,,,,,519akakd,,,,,0,Experiment_2_Skewness_Preference,https://app.prolific.com/submissions/complete?cc=C1BTHULB,0.0,1.0,47,,0.0,6642308f20a1f9975ec7ad19,1,1,47,,0.0,D,C,C,B,C,A,D,C,B,A,DCCBCADCBA,0.4,0,0.0,1,1,47,,0.0,noisy,explanation,Choice B,Fail,black,60,6,8,Fail Box,1,1,47,,0.0,0,1,1,0,0,0,1,0,0,"Science, language, art",interesting yet confusing,1,1,,,,,,,,,,,,,,,,,,,,,,,,,,,,,,,,,,,,,,,,,,,,,,,,,,,,,,,,,,,,,,,,,,,,,,,,,,,,,,,,,,,,,,,,,,,,,,,,,,,,,,,,,,,,,,,,,,,,,,,,,,,,,,,,,,,,,,,,,,,,,,,,,,,,,,,,,,,,,,,,,,,,,,,,,,,,,,,,,,,,,,,,,,,,,,,,,,,,,,,,,,,,,,,,,,,,,,,,,,,,,,,,,,,,,,,,,,,,,,,,,,,,,,,,,,,,,,,,,,,,,,,,,,,,,,,,,,,,,,,,,,,,,,,,,,,,,,,,,,,,,,,,,,,,,,,,,,,,,,,,,,,,,,,,,,,,,,,,,,,,,,,,,,,,,,,,,,,,
48,qqbhn7w6,,0,12,12,Exp2_Section_4,EndSurvey,2024-09-26 16:27:57.581485,1,,,0.0,,,,,,,,,,,,,,519akakd,,,,,0,Experiment_2_Skewness_Preference,https://app.prolific.com/submissions/complete?cc=C1BTHULB,0.0,1.0,48,,0.0,6547c8a4e6c345f9da7d21ae,1,1,48,,0.0,A,A,B,C,D,B,C,A,B,B,AABCDBCABB,0.4,8,123.113,1,1,48,,0.0,noisy,explanation,Choice B,Pass,red,100,3,4,Fail Box,1,1,48,,0.0,0,0,1,0,0,0,0,0,0,"IT. Was never good at math, trigonometry, algebra or calculus.",How many people answer all questions correctly?,1,1,,,,,,,,,,,,,,,,,,,,,,,,,,,,,,,,,,,,,,,,,,,,,,,,,,,,,,,,,,,,,,,,,,,,,,,,,,,,,,,,,,,,,,,,,,,,,,,,,,,,,,,,,,,,,,,,,,,,,,,,,,,,,,,,,,,,,,,,,,,,,,,,,,,,,,,,,,,,,,,,,,,,,,,,,,,,,,,,,,,,,,,,,,,,,,,,,,,,,,,,,,,,,,,,,,,,,,,,,,,,,,,,,,,,,,,,,,,,,,,,,,,,,,,,,,,,,,,,,,,,,,,,,,,,,,,,,,,,,,,,,,,,,,,,,,,,,,,,,,,,,,,,,,,,,,,,,,,,,,,,,,,,,,,,,,,,,,,,,,,,,,,,,,,,,,,,,,,,
49,89uzq38y,,0,12,12,Exp2_Section_4,EndSurvey,2024-09-26 16:28:02.529395,1,,,0.0,,,,,,,,,,,,,,519akakd,,,,,0,Experiment_2_Skewness_Preference,https://app.prolific.com/submissions/complete?cc=C1BTHULB,0.0,1.0,49,,0.0,616de80c9d988b900e45e5d3,1,1,49,,0.0,C,A,C,C,B,B,A,C,C,C,CACCBBACCC,0.6,0,0.0,1,1,49,,0.0,noisy,explanation,Choice A,Pass,black,10,5,5,Fail Box,1,1,49,,0.0,0,0,1,0,0,0,0,0,0,Management was the subject I studied in school,It was good,1,1,,,,,,,,,,,,,,,,,,,,,,,,,,,,,,,,,,,,,,,,,,,,,,,,,,,,,,,,,,,,,,,,,,,,,,,,,,,,,,,,,,,,,,,,,,,,,,,,,,,,,,,,,,,,,,,,,,,,,,,,,,,,,,,,,,,,,,,,,,,,,,,,,,,,,,,,,,,,,,,,,,,,,,,,,,,,,,,,,,,,,,,,,,,,,,,,,,,,,,,,,,,,,,,,,,,,,,,,,,,,,,,,,,,,,,,,,,,,,,,,,,,,,,,,,,,,,,,,,,,,,,,,,,,,,,,,,,,,,,,,,,,,,,,,,,,,,,,,,,,,,,,,,,,,,,,,,,,,,,,,,,,,,,,,,,,,,,,,,,,,,,,,,,,,,,,,,,,,
50,337iyhzg,,0,12,12,Exp2_Section_4,EndSurvey,2024-09-26 16:28:29.901663,1,,,0.0,,,,,,,,,,,,,,519akakd,,,,,0,Experiment_2_Skewness_Preference,https://app.prolific.com/submissions/complete?cc=C1BTHULB,0.0,1.0,50,,0.0,5f13b237c08bc13e4ef2e760,1,1,50,,0.0,D,B,D,C,D,A,A,A,B,A,DBDCDAAABA,0.0,0,0.0,1,1,50,,0.0,noisy,explanation,Choice A,Fail,red,5,1,2,Not Sure,1,1,50,,0.0,0,0,1,0,0,0,0,0,0,math,nope,1,1,,,,,,,,,,,,,,,,,,,,,,,,,,,,,,,,,,,,,,,,,,,,,,,,,,,,,,,,,,,,,,,,,,,,,,,,,,,,,,,,,,,,,,,,,,,,,,,,,,,,,,,,,,,,,,,,,,,,,,,,,,,,,,,,,,,,,,,,,,,,,,,,,,,,,,,,,,,,,,,,,,,,,,,,,,,,,,,,,,,,,,,,,,,,,,,,,,,,,,,,,,,,,,,,,,,,,,,,,,,,,,,,,,,,,,,,,,,,,,,,,,,,,,,,,,,,,,,,,,,,,,,,,,,,,,,,,,,,,,,,,,,,,,,,,,,,,,,,,,,,,,,,,,,,,,,,,,,,,,,,,,,,,,,,,,,,,,,,,,,,,,,,,,,,,,,,,,,,
51,dybotpc2,,0,12,12,Exp2_Section_4,EndSurvey,2024-09-26 16:28:37.483959,1,,,0.0,,,,,,,,,,,,,,519akakd,,,,,0,Experiment_2_Skewness_Preference,https://app.prolific.com/submissions/complete?cc=C1BTHULB,0.0,1.0,51,,0.0,66f34136a8313908816fdcc3,1,1,51,,0.0,A,C,D,C,B,A,D,A,B,B,ACDCBADABB,0.4,0,0.0,1,1,51,,0.0,noisy,explanation,Choice A,Pass,black,20,0,0,Pass Box,1,1,51,,0.0,1,0,1,0,0,0,0,0,0,"Economics, Health Science, Public Policy, Political Science",Fine,1,1,,,,,,,,,,,,,,,,,,,,,,,,,,,,,,,,,,,,,,,,,,,,,,,,,,,,,,,,,,,,,,,,,,,,,,,,,,,,,,,,,,,,,,,,,,,,,,,,,,,,,,,,,,,,,,,,,,,,,,,,,,,,,,,,,,,,,,,,,,,,,,,,,,,,,,,,,,,,,,,,,,,,,,,,,,,,,,,,,,,,,,,,,,,,,,,,,,,,,,,,,,,,,,,,,,,,,,,,,,,,,,,,,,,,,,,,,,,,,,,,,,,,,,,,,,,,,,,,,,,,,,,,,,,,,,,,,,,,,,,,,,,,,,,,,,,,,,,,,,,,,,,,,,,,,,,,,,,,,,,,,,,,,,,,,,,,,,,,,,,,,,,,,,,,,,,,,,,,
52,3xjsx9qu,,0,12,12,Exp2_Section_4,EndSurvey,2024-09-26 16:28:50.402219,1,,,0.0,,,,,,,,,,,,,,519akakd,,,,,0,Experiment_2_Skewness_Preference,https://app.prolific.com/submissions/complete?cc=C1BTHULB,0.0,1.0,52,,0.0,60fdf104935a0ef0e93762b0,1,1,52,,0.0,B,C,A,A,C,D,D,B,C,A,BCAACDDBCA,0.2,0,0.0,1,1,52,,0.0,noisy,explanation,Choice A,Fail,red,60,2,3,Fail Box,1,1,52,,0.0,0,0,1,0,0,0,0,0,0,hospitality management,it was fun,1,1,,,,,,,,,,,,,,,,,,,,,,,,,,,,,,,,,,,,,,,,,,,,,,,,,,,,,,,,,,,,,,,,,,,,,,,,,,,,,,,,,,,,,,,,,,,,,,,,,,,,,,,,,,,,,,,,,,,,,,,,,,,,,,,,,,,,,,,,,,,,,,,,,,,,,,,,,,,,,,,,,,,,,,,,,,,,,,,,,,,,,,,,,,,,,,,,,,,,,,,,,,,,,,,,,,,,,,,,,,,,,,,,,,,,,,,,,,,,,,,,,,,,,,,,,,,,,,,,,,,,,,,,,,,,,,,,,,,,,,,,,,,,,,,,,,,,,,,,,,,,,,,,,,,,,,,,,,,,,,,,,,,,,,,,,,,,,,,,,,,,,,,,,,,,,,,,,,,,
53,xpjlbhak,,0,12,12,Exp2_Section_4,EndSurvey,2024-09-26 16:28:57.832022,1,,,0.0,,,,,,,,,,,,,,519akakd,,,,,0,Experiment_2_Skewness_Preference,https://app.prolific.com/submissions/complete?cc=C1BTHULB,0.0,1.0,53,,0.0,66eb8392a83124c440666fb1,1,1,53,,0.0,A,A,B,C,D,B,D,A,B,D,AABCDBDABD,0.4,0,0.0,1,1,53,,0.0,noisy,explanation,Choice A,Fail,red,10,5,5,Pass Box,1,1,53,,0.0,0,1,1,1,0,0,0,0,1,Religious studies!  Mathematics.  History.  Science.,It was a really tough quiz. I haven't done math like that in years. And I'm really curious what my actual score on the quiz was.,1,1,,,,,,,,,,,,,,,,,,,,,,,,,,,,,,,,,,,,,,,,,,,,,,,,,,,,,,,,,,,,,,,,,,,,,,,,,,,,,,,,,,,,,,,,,,,,,,,,,,,,,,,,,,,,,,,,,,,,,,,,,,,,,,,,,,,,,,,,,,,,,,,,,,,,,,,,,,,,,,,,,,,,,,,,,,,,,,,,,,,,,,,,,,,,,,,,,,,,,,,,,,,,,,,,,,,,,,,,,,,,,,,,,,,,,,,,,,,,,,,,,,,,,,,,,,,,,,,,,,,,,,,,,,,,,,,,,,,,,,,,,,,,,,,,,,,,,,,,,,,,,,,,,,,,,,,,,,,,,,,,,,,,,,,,,,,,,,,,,,,,,,,,,,,,,,,,,,,,
54,qyrf1hwh,,0,12,12,Exp2_Section_4,EndSurvey,2024-09-26 16:29:05.617683,1,,,0.0,,,,,,,,,,,,,,519akakd,,,,,0,Experiment_2_Skewness_Preference,https://app.prolific.com/submissions/complete?cc=C1BTHULB,0.0,1.0,54,,0.0,6644cd2538b07b2b6aaa4376,1,1,54,,0.0,B,B,A,B,D,B,A,C,B,A,BBABDBACBA,0.3,0,0.0,1,1,54,,0.0,noisy,explanation,Choice A,Pass,red,50,4,3,Pass Box,1,1,54,,0.0,0,0,1,1,0,0,0,0,0,Typical school courses until high school where I got to take an Arts class and Marine Biology. I've worked online jobs and in the public sector as well.,I didn't understand the whole balls in boxes situation. I guess it was supposed to be that way so I wouldn't know either way how I did on the test.,1,1,,,,,,,,,,,,,,,,,,,,,,,,,,,,,,,,,,,,,,,,,,,,,,,,,,,,,,,,,,,,,,,,,,,,,,,,,,,,,,,,,,,,,,,,,,,,,,,,,,,,,,,,,,,,,,,,,,,,,,,,,,,,,,,,,,,,,,,,,,,,,,,,,,,,,,,,,,,,,,,,,,,,,,,,,,,,,,,,,,,,,,,,,,,,,,,,,,,,,,,,,,,,,,,,,,,,,,,,,,,,,,,,,,,,,,,,,,,,,,,,,,,,,,,,,,,,,,,,,,,,,,,,,,,,,,,,,,,,,,,,,,,,,,,,,,,,,,,,,,,,,,,,,,,,,,,,,,,,,,,,,,,,,,,,,,,,,,,,,,,,,,,,,,,,,,,,,,,,
55,i4j6i5ml,,0,12,12,Exp2_Section_4,EndSurvey,2024-09-26 16:29:11.356035,1,,,0.0,,,,,,,,,,,,,,519akakd,,,,,0,Experiment_2_Skewness_Preference,https://app.prolific.com/submissions/complete?cc=C1BTHULB,0.0,1.0,55,,0.0,65d76ebb8291ac6b90e131a7,1,1,55,,0.0,A,A,A,B,B,B,D,C,C,B,AAABBBDCCB,0.9,0,0.0,1,1,55,,0.0,noisy,explanation,Choice B,Pass,red,80,6,6,Pass Box,1,1,55,,0.0,1,1,1,0,0,0,0,1,1,Engineering  Maths  CompSci  Construction,NA,1,1,,,,,,,,,,,,,,,,,,,,,,,,,,,,,,,,,,,,,,,,,,,,,,,,,,,,,,,,,,,,,,,,,,,,,,,,,,,,,,,,,,,,,,,,,,,,,,,,,,,,,,,,,,,,,,,,,,,,,,,,,,,,,,,,,,,,,,,,,,,,,,,,,,,,,,,,,,,,,,,,,,,,,,,,,,,,,,,,,,,,,,,,,,,,,,,,,,,,,,,,,,,,,,,,,,,,,,,,,,,,,,,,,,,,,,,,,,,,,,,,,,,,,,,,,,,,,,,,,,,,,,,,,,,,,,,,,,,,,,,,,,,,,,,,,,,,,,,,,,,,,,,,,,,,,,,,,,,,,,,,,,,,,,,,,,,,,,,,,,,,,,,,,,,,,,,,,,,,
56,8743t16n,,0,12,12,Exp2_Section_4,EndSurvey,2024-09-26 16:29:15.187947,1,,,0.0,,,,,,,,,,,,,,519akakd,,,,,0,Experiment_2_Skewness_Preference,https://app.prolific.com/submissions/complete?cc=C1BTHULB,0.0,1.0,56,,0.0,639f9c5df69bccc14bb598b7,1,1,56,,0.0,D,A,B,C,A,B,A,C,B,A,DABCABACBA,0.3,0,0.0,1,1,56,,0.0,noisy,explanation,Choice B,Pass,red,0,0,0,Pass Box,1,1,56,,0.0,0,0,1,0,0,0,0,0,0,"general education., was a diesel mechanic in the Navy ,then a welder for 30 yrs",hard questions im afraid it looked like greek to me..,1,1,,,,,,,,,,,,,,,,,,,,,,,,,,,,,,,,,,,,,,,,,,,,,,,,,,,,,,,,,,,,,,,,,,,,,,,,,,,,,,,,,,,,,,,,,,,,,,,,,,,,,,,,,,,,,,,,,,,,,,,,,,,,,,,,,,,,,,,,,,,,,,,,,,,,,,,,,,,,,,,,,,,,,,,,,,,,,,,,,,,,,,,,,,,,,,,,,,,,,,,,,,,,,,,,,,,,,,,,,,,,,,,,,,,,,,,,,,,,,,,,,,,,,,,,,,,,,,,,,,,,,,,,,,,,,,,,,,,,,,,,,,,,,,,,,,,,,,,,,,,,,,,,,,,,,,,,,,,,,,,,,,,,,,,,,,,,,,,,,,,,,,,,,,,,,,,,,,,,
57,1qgtkljs,,0,12,12,Exp2_Section_4,EndSurvey,2024-09-26 16:29:33.144559,1,,,0.0,,,,,,,,,,,,,,519akakd,,,,,0,Experiment_2_Skewness_Preference,https://app.prolific.com/submissions/complete?cc=C1BTHULB,0.0,1.0,57,,0.0,5e7fefe06c12706d47e35211,1,1,57,,0.0,B,A,D,C,D,B,D,C,D,B,BADCDBDCDB,0.5,0,0.0,1,1,57,,0.0,noisy,explanation,Choice A,Pass,black,50,6,5,Pass Box,1,1,57,,0.0,0,0,1,0,0,0,0,0,0,"I studied neuroscience, natural sciences, and psychology. I work in clinical research and data science.",I wish we knew beforehand if we could use scratch paper beforehand so I didn't waste time getting it ready.,1,1,,,,,,,,,,,,,,,,,,,,,,,,,,,,,,,,,,,,,,,,,,,,,,,,,,,,,,,,,,,,,,,,,,,,,,,,,,,,,,,,,,,,,,,,,,,,,,,,,,,,,,,,,,,,,,,,,,,,,,,,,,,,,,,,,,,,,,,,,,,,,,,,,,,,,,,,,,,,,,,,,,,,,,,,,,,,,,,,,,,,,,,,,,,,,,,,,,,,,,,,,,,,,,,,,,,,,,,,,,,,,,,,,,,,,,,,,,,,,,,,,,,,,,,,,,,,,,,,,,,,,,,,,,,,,,,,,,,,,,,,,,,,,,,,,,,,,,,,,,,,,,,,,,,,,,,,,,,,,,,,,,,,,,,,,,,,,,,,,,,,,,,,,,,,,,,,,,,,
58,gtctyz9f,,0,12,12,Exp2_Section_4,EndSurvey,2024-09-26 16:29:37.757517,1,,,0.0,,,,,,,,,,,,,,519akakd,,,,,0,Experiment_2_Skewness_Preference,https://app.prolific.com/submissions/complete?cc=C1BTHULB,0.0,1.0,58,,0.0,5fab34d5e971f1617667232e,1,1,58,,0.0,C,B,B,C,A,C,A,B,C,A,CBBCACABCA,0.1,0,0.0,1,1,58,,0.0,noisy,explanation,Choice B,Fail,black,3,1,4,Fail Box,1,1,58,,0.0,0,0,1,0,0,0,0,0,0,Kansas curriculum for high schoolers and I have worked as a CNA most of my working years other than 2 years that I worked as director of housekeeping for a large hotel.,It was hard because math was my absolute worst subject in school. Although I know I didn't do well at all on this it was an interesting study and a nice change of pace.,1,1,,,,,,,,,,,,,,,,,,,,,,,,,,,,,,,,,,,,,,,,,,,,,,,,,,,,,,,,,,,,,,,,,,,,,,,,,,,,,,,,,,,,,,,,,,,,,,,,,,,,,,,,,,,,,,,,,,,,,,,,,,,,,,,,,,,,,,,,,,,,,,,,,,,,,,,,,,,,,,,,,,,,,,,,,,,,,,,,,,,,,,,,,,,,,,,,,,,,,,,,,,,,,,,,,,,,,,,,,,,,,,,,,,,,,,,,,,,,,,,,,,,,,,,,,,,,,,,,,,,,,,,,,,,,,,,,,,,,,,,,,,,,,,,,,,,,,,,,,,,,,,,,,,,,,,,,,,,,,,,,,,,,,,,,,,,,,,,,,,,,,,,,,,,,,,,,,,,,
59,z1l1sw1b,,0,12,12,Exp2_Section_4,EndSurvey,2024-09-26 16:29:43.483343,1,,,0.0,,,,,,,,,,,,,,519akakd,,,,,0,Experiment_2_Skewness_Preference,https://app.prolific.com/submissions/complete?cc=C1BTHULB,0.0,1.0,59,,0.0,66d80c477561b038cd0e43b6,1,1,59,,0.0,A,A,B,B,B,,D,,,,AABBB_D___,0.5,0,0.0,1,1,59,,0.0,noisy,explanation,Choice B,Pass,red,60,6,4,Pass Box,1,1,59,,0.0,1,0,1,0,0,0,1,0,0,Programming languages,"My experience throughout this process was generally positive. The questions were clear and relevant, and I appreciated the structured format that guided me through each section. ",1,1,,,,,,,,,,,,,,,,,,,,,,,,,,,,,,,,,,,,,,,,,,,,,,,,,,,,,,,,,,,,,,,,,,,,,,,,,,,,,,,,,,,,,,,,,,,,,,,,,,,,,,,,,,,,,,,,,,,,,,,,,,,,,,,,,,,,,,,,,,,,,,,,,,,,,,,,,,,,,,,,,,,,,,,,,,,,,,,,,,,,,,,,,,,,,,,,,,,,,,,,,,,,,,,,,,,,,,,,,,,,,,,,,,,,,,,,,,,,,,,,,,,,,,,,,,,,,,,,,,,,,,,,,,,,,,,,,,,,,,,,,,,,,,,,,,,,,,,,,,,,,,,,,,,,,,,,,,,,,,,,,,,,,,,,,,,,,,,,,,,,,,,,,,,,,,,,,,,,
60,w0fnu5qa,,0,12,12,Exp2_Section_4,EndSurvey,2024-09-26 16:29:43.956951,1,,,0.0,,,,,,,,,,,,,,519akakd,,,,,0,Experiment_2_Skewness_Preference,https://app.prolific.com/submissions/complete?cc=C1BTHULB,0.0,1.0,60,,0.0,65c10d8000af1af81e3f42ec,1,1,60,,0.0,A,C,D,B,A,B,D,B,B,,ACDBABDBB_,0.4,1,0.183,1,1,60,,0.0,noisy,explanation,Choice B,Pass,red,62,5,3,Pass Box,1,1,60,,0.0,0,0,1,0,0,0,0,0,0,Human Resource Management  Accounting  Foreign Language,Good experience,1,1,,,,,,,,,,,,,,,,,,,,,,,,,,,,,,,,,,,,,,,,,,,,,,,,,,,,,,,,,,,,,,,,,,,,,,,,,,,,,,,,,,,,,,,,,,,,,,,,,,,,,,,,,,,,,,,,,,,,,,,,,,,,,,,,,,,,,,,,,,,,,,,,,,,,,,,,,,,,,,,,,,,,,,,,,,,,,,,,,,,,,,,,,,,,,,,,,,,,,,,,,,,,,,,,,,,,,,,,,,,,,,,,,,,,,,,,,,,,,,,,,,,,,,,,,,,,,,,,,,,,,,,,,,,,,,,,,,,,,,,,,,,,,,,,,,,,,,,,,,,,,,,,,,,,,,,,,,,,,,,,,,,,,,,,,,,,,,,,,,,,,,,,,,,,,,,,,,,,
61,m0bmo98f,,0,4,12,Exp2_Section_1,Conclusion,2024-09-26 16:29:46.436715,1,,,0.0,,,,,,,,,,,,,,519akakd,,,,,0,Experiment_2_Skewness_Preference,https://app.prolific.com/submissions/complete?cc=C1BTHULB,0.0,1.0,61,,0.0,65d665e4b69a7f1d3def028c,1,1,61,,0.0,,,,,,,,,,,__________,0.0,0,0.0,1,1,61,,0.0,,,,,,,,,,1,1,61,,0.0,0,0,0,0,0,0,0,0,0,FALSE,FALSE,1,1,,,,,,,,,,,,,,,,,,,,,,,,,,,,,,,,,,,,,,,,,,,,,,,,,,,,,,,,,,,,,,,,,,,,,,,,,,,,,,,,,,,,,,,,,,,,,,,,,,,,,,,,,,,,,,,,,,,,,,,,,,,,,,,,,,,,,,,,,,,,,,,,,,,,,,,,,,,,,,,,,,,,,,,,,,,,,,,,,,,,,,,,,,,,,,,,,,,,,,,,,,,,,,,,,,,,,,,,,,,,,,,,,,,,,,,,,,,,,,,,,,,,,,,,,,,,,,,,,,,,,,,,,,,,,,,,,,,,,,,,,,,,,,,,,,,,,,,,,,,,,,,,,,,,,,,,,,,,,,,,,,,,,,,,,,,,,,,,,,,,,,,,,,,,,,,,,,,,
62,j4ezn22d,,0,12,12,Exp2_Section_4,EndSurvey,2024-09-26 16:30:18.218172,1,,,0.0,,,,,,,,,,,,,,519akakd,,,,,0,Experiment_2_Skewness_Preference,https://app.prolific.com/submissions/complete?cc=C1BTHULB,0.0,1.0,62,,0.0,6100c3f0a1cd16bb87069625,1,1,62,,0.0,B,C,B,A,C,C,D,C,A,C,BCBACCDCAC,0.2,0,0.0,1,1,62,,0.0,noisy,explanation,Choice B,Fail,black,10,1,3,Fail Box,1,1,62,,0.0,0,0,1,0,0,0,0,0,0,"history, science, mathematics, english",no feedback,1,1,,,,,,,,,,,,,,,,,,,,,,,,,,,,,,,,,,,,,,,,,,,,,,,,,,,,,,,,,,,,,,,,,,,,,,,,,,,,,,,,,,,,,,,,,,,,,,,,,,,,,,,,,,,,,,,,,,,,,,,,,,,,,,,,,,,,,,,,,,,,,,,,,,,,,,,,,,,,,,,,,,,,,,,,,,,,,,,,,,,,,,,,,,,,,,,,,,,,,,,,,,,,,,,,,,,,,,,,,,,,,,,,,,,,,,,,,,,,,,,,,,,,,,,,,,,,,,,,,,,,,,,,,,,,,,,,,,,,,,,,,,,,,,,,,,,,,,,,,,,,,,,,,,,,,,,,,,,,,,,,,,,,,,,,,,,,,,,,,,,,,,,,,,,,,,,,,,,,
63,m7v4lhmc,,0,12,12,Exp2_Section_4,EndSurvey,2024-09-26 16:30:24.240118,1,,,0.0,,,,,,,,,,,,,,519akakd,,,,,0,Experiment_2_Skewness_Preference,https://app.prolific.com/submissions/complete?cc=C1BTHULB,0.0,1.0,63,,0.0,65ca870d5ec4d7d40b27c58d,1,1,63,,0.0,D,C,C,D,B,C,D,A,C,B,DCCDBCDACB,0.5,0,0.0,1,1,63,,0.0,noisy,explanation,Choice B,Pass,red,50,1,2,Pass Box,1,1,63,,0.0,0,1,1,1,0,0,0,0,0,I majored in sociology and i've worked in sales and tech ,Was not expecting the math,1,1,,,,,,,,,,,,,,,,,,,,,,,,,,,,,,,,,,,,,,,,,,,,,,,,,,,,,,,,,,,,,,,,,,,,,,,,,,,,,,,,,,,,,,,,,,,,,,,,,,,,,,,,,,,,,,,,,,,,,,,,,,,,,,,,,,,,,,,,,,,,,,,,,,,,,,,,,,,,,,,,,,,,,,,,,,,,,,,,,,,,,,,,,,,,,,,,,,,,,,,,,,,,,,,,,,,,,,,,,,,,,,,,,,,,,,,,,,,,,,,,,,,,,,,,,,,,,,,,,,,,,,,,,,,,,,,,,,,,,,,,,,,,,,,,,,,,,,,,,,,,,,,,,,,,,,,,,,,,,,,,,,,,,,,,,,,,,,,,,,,,,,,,,,,,,,,,,,,,
64,4zwhkzhf,,0,12,12,Exp2_Section_4,EndSurvey,2024-09-26 16:30:40.820400,1,,,0.0,,,,,,,,,,,,,,519akakd,,,,,0,Experiment_2_Skewness_Preference,https://app.prolific.com/submissions/complete?cc=C1BTHULB,0.0,1.0,64,,0.0,60fef0626d87d03fb002641e,1,1,64,,0.0,B,A,A,B,A,B,D,B,B,B,BAABABDBBB,0.5,0,0.0,1,1,64,,0.0,noisy,explanation,Choice B,Pass,red,60,4,5,Pass Box,1,1,64,,0.0,0,0,1,0,0,0,0,0,0,STEM and research industries,I am usually good at math but this made me feel bad lol. ,1,1,,,,,,,,,,,,,,,,,,,,,,,,,,,,,,,,,,,,,,,,,,,,,,,,,,,,,,,,,,,,,,,,,,,,,,,,,,,,,,,,,,,,,,,,,,,,,,,,,,,,,,,,,,,,,,,,,,,,,,,,,,,,,,,,,,,,,,,,,,,,,,,,,,,,,,,,,,,,,,,,,,,,,,,,,,,,,,,,,,,,,,,,,,,,,,,,,,,,,,,,,,,,,,,,,,,,,,,,,,,,,,,,,,,,,,,,,,,,,,,,,,,,,,,,,,,,,,,,,,,,,,,,,,,,,,,,,,,,,,,,,,,,,,,,,,,,,,,,,,,,,,,,,,,,,,,,,,,,,,,,,,,,,,,,,,,,,,,,,,,,,,,,,,,,,,,,,,,,
65,xee1cp37,,0,12,12,Exp2_Section_4,EndSurvey,2024-09-26 16:30:56.465830,1,,,0.0,,,,,,,,,,,,,,519akakd,,,,,0,Experiment_2_Skewness_Preference,https://app.prolific.com/submissions/complete?cc=C1BTHULB,0.0,1.0,65,,0.0,CK4SZC35,1,1,65,,0.0,D,A,C,A,D,A,B,D,B,A,DACADABDBA,0.2,0,0.0,1,1,65,,0.0,noisy,explanation,Choice B,Fail,black,20,3,5,Fail Box,1,1,65,,0.0,0,0,1,0,0,0,0,0,0,"English, Ecommerce Industries",It was very difficult to feel confident in my answers,1,1,,,,,,,,,,,,,,,,,,,,,,,,,,,,,,,,,,,,,,,,,,,,,,,,,,,,,,,,,,,,,,,,,,,,,,,,,,,,,,,,,,,,,,,,,,,,,,,,,,,,,,,,,,,,,,,,,,,,,,,,,,,,,,,,,,,,,,,,,,,,,,,,,,,,,,,,,,,,,,,,,,,,,,,,,,,,,,,,,,,,,,,,,,,,,,,,,,,,,,,,,,,,,,,,,,,,,,,,,,,,,,,,,,,,,,,,,,,,,,,,,,,,,,,,,,,,,,,,,,,,,,,,,,,,,,,,,,,,,,,,,,,,,,,,,,,,,,,,,,,,,,,,,,,,,,,,,,,,,,,,,,,,,,,,,,,,,,,,,,,,,,,,,,,,,,,,,,,,
66,u6h2j5lj,,0,12,12,Exp2_Section_4,EndSurvey,2024-09-26 16:31:08.577921,1,,,0.0,,,,,,,,,,,,,,519akakd,,,,,0,Experiment_2_Skewness_Preference,https://app.prolific.com/submissions/complete?cc=C1BTHULB,0.0,1.0,66,,0.0,655fa1d61a31921e732c6447,1,1,66,,0.0,D,A,C,,,,,,,,DAC_______,0.2,0,0.0,1,1,66,,0.0,noisy,explanation,Choice A,Pass,red,20,1,1,Fail Box,1,1,66,,0.0,0,0,1,0,0,1,0,0,0,"Humanities, Philosophy, Biology","It was difficult, but it is what it is",1,1,,,,,,,,,,,,,,,,,,,,,,,,,,,,,,,,,,,,,,,,,,,,,,,,,,,,,,,,,,,,,,,,,,,,,,,,,,,,,,,,,,,,,,,,,,,,,,,,,,,,,,,,,,,,,,,,,,,,,,,,,,,,,,,,,,,,,,,,,,,,,,,,,,,,,,,,,,,,,,,,,,,,,,,,,,,,,,,,,,,,,,,,,,,,,,,,,,,,,,,,,,,,,,,,,,,,,,,,,,,,,,,,,,,,,,,,,,,,,,,,,,,,,,,,,,,,,,,,,,,,,,,,,,,,,,,,,,,,,,,,,,,,,,,,,,,,,,,,,,,,,,,,,,,,,,,,,,,,,,,,,,,,,,,,,,,,,,,,,,,,,,,,,,,,,,,,,,,,
67,ep5jtudp,,0,12,12,Exp2_Section_4,EndSurvey,2024-09-26 16:31:18.336196,1,,,0.0,,,,,,,,,,,,,,519akakd,,,,,0,Experiment_2_Skewness_Preference,https://app.prolific.com/submissions/complete?cc=C1BTHULB,0.0,1.0,67,,0.0,66ac000a448a79dc74f99132,1,1,67,,0.0,B,C,C,D,B,C,C,C,B,D,BCCDBCCCBD,0.3,0,0.0,1,1,67,,0.0,noisy,explanation,Choice A,Fail,red,50,4,4,Fail Box,1,1,67,,0.0,0,0,1,0,0,0,0,0,0,"Biology, English ",Not at all,1,1,,,,,,,,,,,,,,,,,,,,,,,,,,,,,,,,,,,,,,,,,,,,,,,,,,,,,,,,,,,,,,,,,,,,,,,,,,,,,,,,,,,,,,,,,,,,,,,,,,,,,,,,,,,,,,,,,,,,,,,,,,,,,,,,,,,,,,,,,,,,,,,,,,,,,,,,,,,,,,,,,,,,,,,,,,,,,,,,,,,,,,,,,,,,,,,,,,,,,,,,,,,,,,,,,,,,,,,,,,,,,,,,,,,,,,,,,,,,,,,,,,,,,,,,,,,,,,,,,,,,,,,,,,,,,,,,,,,,,,,,,,,,,,,,,,,,,,,,,,,,,,,,,,,,,,,,,,,,,,,,,,,,,,,,,,,,,,,,,,,,,,,,,,,,,,,,,,,,
68,ja0096e3,,0,12,12,Exp2_Section_4,EndSurvey,2024-09-26 16:31:30.125322,1,,,0.0,,,,,,,,,,,,,,519akakd,,,,,0,Experiment_2_Skewness_Preference,https://app.prolific.com/submissions/complete?cc=C1BTHULB,0.0,1.0,68,,0.0,6647b89b36a2cd9d343fe7c1,1,1,68,,0.0,D,A,B,D,D,A,C,B,B,A,DABDDACBBA,0.1,0,0.0,1,1,68,,0.0,noisy,explanation,Choice B,Fail,red,70,4,4,Pass Box,1,1,68,,0.0,0,0,1,0,0,0,0,0,0,Psychology and merchandising ,Everything went well ,1,1,,,,,,,,,,,,,,,,,,,,,,,,,,,,,,,,,,,,,,,,,,,,,,,,,,,,,,,,,,,,,,,,,,,,,,,,,,,,,,,,,,,,,,,,,,,,,,,,,,,,,,,,,,,,,,,,,,,,,,,,,,,,,,,,,,,,,,,,,,,,,,,,,,,,,,,,,,,,,,,,,,,,,,,,,,,,,,,,,,,,,,,,,,,,,,,,,,,,,,,,,,,,,,,,,,,,,,,,,,,,,,,,,,,,,,,,,,,,,,,,,,,,,,,,,,,,,,,,,,,,,,,,,,,,,,,,,,,,,,,,,,,,,,,,,,,,,,,,,,,,,,,,,,,,,,,,,,,,,,,,,,,,,,,,,,,,,,,,,,,,,,,,,,,,,,,,,,,,
69,m81od9kc,,0,12,12,Exp2_Section_4,EndSurvey,2024-09-26 16:31:42.237090,1,,,0.0,,,,,,,,,,,,,,519akakd,,,,,0,Experiment_2_Skewness_Preference,https://app.prolific.com/submissions/complete?cc=C1BTHULB,0.0,1.0,69,,0.0,6542c81d37666b59c34d1b65,1,1,69,,0.0,B,A,A,C,A,B,B,B,A,D,BAACABBBAD,0.2,0,0.0,1,1,69,,0.0,noisy,explanation,Choice B,Fail,black,65,4,3,Fail Box,1,1,69,,0.0,0,0,1,1,0,0,0,0,0,"Math, science, history, and English. As far as what industries Iv worked in, I have worked in the medical industry as IT.",Experience was positive. I miss math and I have forgotten so much that I learned when I was actively learning. I need to focus on my studies again.,1,1,,,,,,,,,,,,,,,,,,,,,,,,,,,,,,,,,,,,,,,,,,,,,,,,,,,,,,,,,,,,,,,,,,,,,,,,,,,,,,,,,,,,,,,,,,,,,,,,,,,,,,,,,,,,,,,,,,,,,,,,,,,,,,,,,,,,,,,,,,,,,,,,,,,,,,,,,,,,,,,,,,,,,,,,,,,,,,,,,,,,,,,,,,,,,,,,,,,,,,,,,,,,,,,,,,,,,,,,,,,,,,,,,,,,,,,,,,,,,,,,,,,,,,,,,,,,,,,,,,,,,,,,,,,,,,,,,,,,,,,,,,,,,,,,,,,,,,,,,,,,,,,,,,,,,,,,,,,,,,,,,,,,,,,,,,,,,,,,,,,,,,,,,,,,,,,,,,,,
70,oei8oqc1,,0,12,12,Exp2_Section_4,EndSurvey,2024-09-26 16:31:55.349647,1,,,0.0,,,,,,,,,,,,,,519akakd,,,,,0,Experiment_2_Skewness_Preference,https://app.prolific.com/submissions/complete?cc=C1BTHULB,0.0,1.0,70,,0.0,65c9c32a972eb42dca3511ec,1,1,70,,0.0,D,A,C,A,C,A,D,C,B,D,DACACADCBD,0.4,0,0.0,1,1,70,,0.0,noisy,explanation,Choice A,Fail,red,50,6,5,Pass Box,1,1,70,,0.0,0,0,1,0,1,0,0,0,0,I studied construction and I work in the construction industry,no,1,1,,,,,,,,,,,,,,,,,,,,,,,,,,,,,,,,,,,,,,,,,,,,,,,,,,,,,,,,,,,,,,,,,,,,,,,,,,,,,,,,,,,,,,,,,,,,,,,,,,,,,,,,,,,,,,,,,,,,,,,,,,,,,,,,,,,,,,,,,,,,,,,,,,,,,,,,,,,,,,,,,,,,,,,,,,,,,,,,,,,,,,,,,,,,,,,,,,,,,,,,,,,,,,,,,,,,,,,,,,,,,,,,,,,,,,,,,,,,,,,,,,,,,,,,,,,,,,,,,,,,,,,,,,,,,,,,,,,,,,,,,,,,,,,,,,,,,,,,,,,,,,,,,,,,,,,,,,,,,,,,,,,,,,,,,,,,,,,,,,,,,,,,,,,,,,,,,,,,
71,5fwjv0gi,,0,12,12,Exp2_Section_4,EndSurvey,2024-09-26 16:32:09.847637,1,,,0.0,,,,,,,,,,,,,,519akakd,,,,,0,Experiment_2_Skewness_Preference,https://app.prolific.com/submissions/complete?cc=C1BTHULB,0.0,1.0,71,,0.0,66f566c89ef625f5c9be6c34,1,1,71,,0.0,D,C,A,D,D,B,,,,,DCADDB____,0.1,0,0.0,1,1,71,,0.0,noisy,explanation,Choice A,Fail,red,25,3,2,Not Sure,1,1,71,,0.0,0,0,1,0,0,0,0,0,0,College prep  Technical Support,It has been a long time since Algebra class.,1,1,,,,,,,,,,,,,,,,,,,,,,,,,,,,,,,,,,,,,,,,,,,,,,,,,,,,,,,,,,,,,,,,,,,,,,,,,,,,,,,,,,,,,,,,,,,,,,,,,,,,,,,,,,,,,,,,,,,,,,,,,,,,,,,,,,,,,,,,,,,,,,,,,,,,,,,,,,,,,,,,,,,,,,,,,,,,,,,,,,,,,,,,,,,,,,,,,,,,,,,,,,,,,,,,,,,,,,,,,,,,,,,,,,,,,,,,,,,,,,,,,,,,,,,,,,,,,,,,,,,,,,,,,,,,,,,,,,,,,,,,,,,,,,,,,,,,,,,,,,,,,,,,,,,,,,,,,,,,,,,,,,,,,,,,,,,,,,,,,,,,,,,,,,,,,,,,,,,,
72,uq5tdhmk,,0,12,12,Exp2_Section_4,EndSurvey,2024-09-26 16:32:14.287313,1,,,0.0,,,,,,,,,,,,,,519akakd,,,,,0,Experiment_2_Skewness_Preference,https://app.prolific.com/submissions/complete?cc=C1BTHULB,0.0,1.0,72,,0.0,66cc7c20675a846fdf80ef4e,1,1,72,,0.0,A,A,D,B,B,B,,,,,AADBBB____,0.5,0,0.0,1,1,72,,0.0,noisy,explanation,Choice B,Pass,red,50,5,5,Pass Box,1,1,72,,0.0,0,0,1,0,0,0,0,0,0,"Math, Science, History, Language. I've worked in retail, sales, service.",N/A,1,1,,,,,,,,,,,,,,,,,,,,,,,,,,,,,,,,,,,,,,,,,,,,,,,,,,,,,,,,,,,,,,,,,,,,,,,,,,,,,,,,,,,,,,,,,,,,,,,,,,,,,,,,,,,,,,,,,,,,,,,,,,,,,,,,,,,,,,,,,,,,,,,,,,,,,,,,,,,,,,,,,,,,,,,,,,,,,,,,,,,,,,,,,,,,,,,,,,,,,,,,,,,,,,,,,,,,,,,,,,,,,,,,,,,,,,,,,,,,,,,,,,,,,,,,,,,,,,,,,,,,,,,,,,,,,,,,,,,,,,,,,,,,,,,,,,,,,,,,,,,,,,,,,,,,,,,,,,,,,,,,,,,,,,,,,,,,,,,,,,,,,,,,,,,,,,,,,,,,
73,8177fd5q,,0,12,12,Exp2_Section_4,EndSurvey,2024-09-26 16:32:21.130741,1,,,0.0,,,,,,,,,,,,,,519akakd,,,,,0,Experiment_2_Skewness_Preference,https://app.prolific.com/submissions/complete?cc=C1BTHULB,0.0,1.0,73,,0.0,59565b1bbbb52400017ad4e1,1,1,73,,0.0,D,A,C,C,D,,,,,,DACCD_____,0.2,0,0.0,1,1,73,,0.0,noisy,explanation,Choice B,Fail,red,50,3,4,Pass Box,1,1,73,,0.0,0,0,1,0,0,0,0,0,0,Computer science,thanks and be well,1,1,,,,,,,,,,,,,,,,,,,,,,,,,,,,,,,,,,,,,,,,,,,,,,,,,,,,,,,,,,,,,,,,,,,,,,,,,,,,,,,,,,,,,,,,,,,,,,,,,,,,,,,,,,,,,,,,,,,,,,,,,,,,,,,,,,,,,,,,,,,,,,,,,,,,,,,,,,,,,,,,,,,,,,,,,,,,,,,,,,,,,,,,,,,,,,,,,,,,,,,,,,,,,,,,,,,,,,,,,,,,,,,,,,,,,,,,,,,,,,,,,,,,,,,,,,,,,,,,,,,,,,,,,,,,,,,,,,,,,,,,,,,,,,,,,,,,,,,,,,,,,,,,,,,,,,,,,,,,,,,,,,,,,,,,,,,,,,,,,,,,,,,,,,,,,,,,,,,,
74,tm25e0tx,,0,12,12,Exp2_Section_4,EndSurvey,2024-09-26 16:32:41.742704,1,,,0.0,,,,,,,,,,,,,,519akakd,,,,,0,Experiment_2_Skewness_Preference,https://app.prolific.com/submissions/complete?cc=C1BTHULB,0.0,1.0,74,,0.0,65526310670362796e40bcf3,1,1,74,,0.0,D,C,B,C,D,D,C,B,A,D,DCBCDDCBAD,0.0,0,0.0,1,1,74,,0.0,noisy,explanation,Choice B,Fail,black,0,2,3,Fail Box,1,1,74,,0.0,0,0,1,0,0,0,0,0,0,"Math, English, Science, Social Studies",,1,1,,,,,,,,,,,,,,,,,,,,,,,,,,,,,,,,,,,,,,,,,,,,,,,,,,,,,,,,,,,,,,,,,,,,,,,,,,,,,,,,,,,,,,,,,,,,,,,,,,,,,,,,,,,,,,,,,,,,,,,,,,,,,,,,,,,,,,,,,,,,,,,,,,,,,,,,,,,,,,,,,,,,,,,,,,,,,,,,,,,,,,,,,,,,,,,,,,,,,,,,,,,,,,,,,,,,,,,,,,,,,,,,,,,,,,,,,,,,,,,,,,,,,,,,,,,,,,,,,,,,,,,,,,,,,,,,,,,,,,,,,,,,,,,,,,,,,,,,,,,,,,,,,,,,,,,,,,,,,,,,,,,,,,,,,,,,,,,,,,,,,,,,,,,,,,,,,,,,
75,c12e3hhk,,0,12,12,Exp2_Section_4,EndSurvey,2024-09-26 16:32:55.418406,1,,,0.0,,,,,,,,,,,,,,519akakd,,,,,0,Experiment_2_Skewness_Preference,https://app.prolific.com/submissions/complete?cc=C1BTHULB,0.0,1.0,75,,0.0,5af36fff59229a0001d1bd6a,1,1,75,,0.0,D,C,C,C,C,C,C,C,C,C,DCCCCCCCCC,0.3,0,0.0,1,1,75,,0.0,noisy,explanation,Choice A,Pass,black,0,0,0,Pass Box,1,1,75,,0.0,0,0,1,0,0,0,0,0,0,General,,1,1,,,,,,,,,,,,,,,,,,,,,,,,,,,,,,,,,,,,,,,,,,,,,,,,,,,,,,,,,,,,,,,,,,,,,,,,,,,,,,,,,,,,,,,,,,,,,,,,,,,,,,,,,,,,,,,,,,,,,,,,,,,,,,,,,,,,,,,,,,,,,,,,,,,,,,,,,,,,,,,,,,,,,,,,,,,,,,,,,,,,,,,,,,,,,,,,,,,,,,,,,,,,,,,,,,,,,,,,,,,,,,,,,,,,,,,,,,,,,,,,,,,,,,,,,,,,,,,,,,,,,,,,,,,,,,,,,,,,,,,,,,,,,,,,,,,,,,,,,,,,,,,,,,,,,,,,,,,,,,,,,,,,,,,,,,,,,,,,,,,,,,,,,,,,,,,,,,,,
76,66la4baa,,0,12,12,Exp2_Section_4,EndSurvey,2024-09-26 16:33:02.869943,1,,,0.0,,,,,,,,,,,,,,519akakd,,,,,0,Experiment_2_Skewness_Preference,https://app.prolific.com/submissions/complete?cc=C1BTHULB,0.0,1.0,76,,0.0,5f24b0fc546c5a0c3c2e43b6,1,1,76,,0.0,D,A,B,B,C,B,D,C,B,B,DABBCBDCBB,0.6,0,0.0,1,1,76,,0.0,noisy,explanation,Choice B,Fail,red,75,6,7,Pass Box,1,1,76,,0.0,0,0,1,0,0,0,0,0,0,,,1,1,,,,,,,,,,,,,,,,,,,,,,,,,,,,,,,,,,,,,,,,,,,,,,,,,,,,,,,,,,,,,,,,,,,,,,,,,,,,,,,,,,,,,,,,,,,,,,,,,,,,,,,,,,,,,,,,,,,,,,,,,,,,,,,,,,,,,,,,,,,,,,,,,,,,,,,,,,,,,,,,,,,,,,,,,,,,,,,,,,,,,,,,,,,,,,,,,,,,,,,,,,,,,,,,,,,,,,,,,,,,,,,,,,,,,,,,,,,,,,,,,,,,,,,,,,,,,,,,,,,,,,,,,,,,,,,,,,,,,,,,,,,,,,,,,,,,,,,,,,,,,,,,,,,,,,,,,,,,,,,,,,,,,,,,,,,,,,,,,,,,,,,,,,,,,,,,,,,,
77,2h7qqtoy,,0,12,12,Exp2_Section_4,EndSurvey,2024-09-26 16:33:23.101484,1,,,0.0,,,,,,,,,,,,,,519akakd,,,,,0,Experiment_2_Skewness_Preference,https://app.prolific.com/submissions/complete?cc=C1BTHULB,0.0,1.0,77,,0.0,63b7992d848592c307fe1e49,1,1,77,,0.0,D,A,A,B,D,B,D,C,A,B,DAABDBDCAB,0.6,0,0.0,1,1,77,,0.0,noisy,explanation,Choice A,Pass,red,100,6,5,Pass Box,1,1,77,,0.0,0,0,1,0,0,0,0,0,0,"Languages, Economics, Finance",It would be great if the phrasing of the explanations was either simpler or more detailed - it feels fairly obfuscated as it is. ,1,1,,,,,,,,,,,,,,,,,,,,,,,,,,,,,,,,,,,,,,,,,,,,,,,,,,,,,,,,,,,,,,,,,,,,,,,,,,,,,,,,,,,,,,,,,,,,,,,,,,,,,,,,,,,,,,,,,,,,,,,,,,,,,,,,,,,,,,,,,,,,,,,,,,,,,,,,,,,,,,,,,,,,,,,,,,,,,,,,,,,,,,,,,,,,,,,,,,,,,,,,,,,,,,,,,,,,,,,,,,,,,,,,,,,,,,,,,,,,,,,,,,,,,,,,,,,,,,,,,,,,,,,,,,,,,,,,,,,,,,,,,,,,,,,,,,,,,,,,,,,,,,,,,,,,,,,,,,,,,,,,,,,,,,,,,,,,,,,,,,,,,,,,,,,,,,,,,,,,
78,sttwnfmb,,0,12,12,Exp2_Section_4,EndSurvey,2024-09-26 16:33:30.051660,1,,,0.0,,,,,,,,,,,,,,519akakd,,,,,0,Experiment_2_Skewness_Preference,https://app.prolific.com/submissions/complete?cc=C1BTHULB,0.0,1.0,78,,0.0,65f86dd636b165bbeb7d6f56,1,1,78,,0.0,D,A,D,B,B,B,D,C,B,C,DADBBBDCBC,0.6,2,11.319,1,1,78,,0.0,noisy,explanation,Choice B,Pass,red,50,6,5,Pass Box,1,1,78,,0.0,0,1,0,0,0,0,0,0,0,Aerospace,Difficult,1,1,,,,,,,,,,,,,,,,,,,,,,,,,,,,,,,,,,,,,,,,,,,,,,,,,,,,,,,,,,,,,,,,,,,,,,,,,,,,,,,,,,,,,,,,,,,,,,,,,,,,,,,,,,,,,,,,,,,,,,,,,,,,,,,,,,,,,,,,,,,,,,,,,,,,,,,,,,,,,,,,,,,,,,,,,,,,,,,,,,,,,,,,,,,,,,,,,,,,,,,,,,,,,,,,,,,,,,,,,,,,,,,,,,,,,,,,,,,,,,,,,,,,,,,,,,,,,,,,,,,,,,,,,,,,,,,,,,,,,,,,,,,,,,,,,,,,,,,,,,,,,,,,,,,,,,,,,,,,,,,,,,,,,,,,,,,,,,,,,,,,,,,,,,,,,,,,,,,,
79,eudlljp9,,0,12,12,Exp2_Section_4,EndSurvey,2024-09-26 16:33:30.688232,1,,,0.0,,,,,,,,,,,,,,519akakd,,,,,0,Experiment_2_Skewness_Preference,https://app.prolific.com/submissions/complete?cc=C1BTHULB,0.0,1.0,79,,0.0,644d50b6fe5bdb7e2bc629fa,1,1,79,,0.0,D,B,A,B,B,B,B,A,D,A,DBABBBBADA,0.3,0,0.0,1,1,79,,0.0,noisy,explanation,Choice A,Pass,black,0,2,2,Fail Box,1,1,79,,0.0,0,0,1,0,0,0,0,0,0,business and insurance,i was not really prepared for algebra as I have not experienced algebra in years,1,1,,,,,,,,,,,,,,,,,,,,,,,,,,,,,,,,,,,,,,,,,,,,,,,,,,,,,,,,,,,,,,,,,,,,,,,,,,,,,,,,,,,,,,,,,,,,,,,,,,,,,,,,,,,,,,,,,,,,,,,,,,,,,,,,,,,,,,,,,,,,,,,,,,,,,,,,,,,,,,,,,,,,,,,,,,,,,,,,,,,,,,,,,,,,,,,,,,,,,,,,,,,,,,,,,,,,,,,,,,,,,,,,,,,,,,,,,,,,,,,,,,,,,,,,,,,,,,,,,,,,,,,,,,,,,,,,,,,,,,,,,,,,,,,,,,,,,,,,,,,,,,,,,,,,,,,,,,,,,,,,,,,,,,,,,,,,,,,,,,,,,,,,,,,,,,,,,,,,
80,kelmivvr,,0,12,12,Exp2_Section_4,EndSurvey,2024-09-26 16:33:33.018642,1,,,0.0,,,,,,,,,,,,,,519akakd,,,,,0,Experiment_2_Skewness_Preference,https://app.prolific.com/submissions/complete?cc=C1BTHULB,0.0,1.0,80,,0.0,5ca4d7e75d545300110b7545,1,1,80,,0.0,D,A,D,B,B,C,B,A,,,DADBBCBA__,0.3,3,164.317,1,1,80,,0.0,noisy,explanation,Choice A,Fail,red,20,3,4,Fail Box,1,1,80,,0.0,0,0,1,0,0,0,0,0,0,"Chemistry, Biology",It was pretty challenging,1,1,,,,,,,,,,,,,,,,,,,,,,,,,,,,,,,,,,,,,,,,,,,,,,,,,,,,,,,,,,,,,,,,,,,,,,,,,,,,,,,,,,,,,,,,,,,,,,,,,,,,,,,,,,,,,,,,,,,,,,,,,,,,,,,,,,,,,,,,,,,,,,,,,,,,,,,,,,,,,,,,,,,,,,,,,,,,,,,,,,,,,,,,,,,,,,,,,,,,,,,,,,,,,,,,,,,,,,,,,,,,,,,,,,,,,,,,,,,,,,,,,,,,,,,,,,,,,,,,,,,,,,,,,,,,,,,,,,,,,,,,,,,,,,,,,,,,,,,,,,,,,,,,,,,,,,,,,,,,,,,,,,,,,,,,,,,,,,,,,,,,,,,,,,,,,,,,,,,,
81,lgs2mu3x,,0,4,12,Exp2_Section_1,Conclusion,2024-09-26 16:33:35.185486,1,,,0.0,,,,,,,,,,,,,,519akakd,,,,,0,Experiment_2_Skewness_Preference,https://app.prolific.com/submissions/complete?cc=C1BTHULB,0.0,1.0,81,,0.0,669f7423c9c40ff7e52f3c3a,1,1,81,,0.0,,,,,,,,,,,__________,0.0,0,0.0,1,1,81,,0.0,,,,,,,,,,1,1,81,,0.0,0,0,0,0,0,0,0,0,0,FALSE,FALSE,1,1,,,,,,,,,,,,,,,,,,,,,,,,,,,,,,,,,,,,,,,,,,,,,,,,,,,,,,,,,,,,,,,,,,,,,,,,,,,,,,,,,,,,,,,,,,,,,,,,,,,,,,,,,,,,,,,,,,,,,,,,,,,,,,,,,,,,,,,,,,,,,,,,,,,,,,,,,,,,,,,,,,,,,,,,,,,,,,,,,,,,,,,,,,,,,,,,,,,,,,,,,,,,,,,,,,,,,,,,,,,,,,,,,,,,,,,,,,,,,,,,,,,,,,,,,,,,,,,,,,,,,,,,,,,,,,,,,,,,,,,,,,,,,,,,,,,,,,,,,,,,,,,,,,,,,,,,,,,,,,,,,,,,,,,,,,,,,,,,,,,,,,,,,,,,,,,,,,,,
82,02r4xbbt,,0,12,12,Exp2_Section_4,EndSurvey,2024-09-26 16:33:54.432258,1,,,0.0,,,,,,,,,,,,,,519akakd,,,,,0,Experiment_2_Skewness_Preference,https://app.prolific.com/submissions/complete?cc=C1BTHULB,0.0,1.0,82,,0.0,5f3cdb1b1d75be5ac4ba7963,1,1,82,,0.0,B,D,A,B,C,C,D,A,B,A,BDABCCDABA,0.2,0,0.0,1,1,82,,0.0,noisy,explanation,Choice A,Fail,red,40,1,4,Fail Box,1,1,82,,0.0,0,0,1,0,1,0,0,0,0,Computer Science and Accounting,My experience was okay. Very hard to remember how to approach some of the section 1 material,1,1,,,,,,,,,,,,,,,,,,,,,,,,,,,,,,,,,,,,,,,,,,,,,,,,,,,,,,,,,,,,,,,,,,,,,,,,,,,,,,,,,,,,,,,,,,,,,,,,,,,,,,,,,,,,,,,,,,,,,,,,,,,,,,,,,,,,,,,,,,,,,,,,,,,,,,,,,,,,,,,,,,,,,,,,,,,,,,,,,,,,,,,,,,,,,,,,,,,,,,,,,,,,,,,,,,,,,,,,,,,,,,,,,,,,,,,,,,,,,,,,,,,,,,,,,,,,,,,,,,,,,,,,,,,,,,,,,,,,,,,,,,,,,,,,,,,,,,,,,,,,,,,,,,,,,,,,,,,,,,,,,,,,,,,,,,,,,,,,,,,,,,,,,,,,,,,,,,,,
83,o64y66ww,,0,12,12,Exp2_Section_4,EndSurvey,2024-09-26 16:34:11.074697,1,,,0.0,,,,,,,,,,,,,,519akakd,,,,,0,Experiment_2_Skewness_Preference,https://app.prolific.com/submissions/complete?cc=C1BTHULB,0.0,1.0,83,,0.0,668b37077c15ef8634f2121c,1,1,83,,0.0,D,A,D,C,,,,,,,DADC______,0.1,0,0.0,1,1,83,,0.0,noisy,explanation,Choice A,Fail,red,10,2,3,Fail Box,1,1,83,,0.0,0,0,1,0,1,0,0,0,0,Math,No,1,1,,,,,,,,,,,,,,,,,,,,,,,,,,,,,,,,,,,,,,,,,,,,,,,,,,,,,,,,,,,,,,,,,,,,,,,,,,,,,,,,,,,,,,,,,,,,,,,,,,,,,,,,,,,,,,,,,,,,,,,,,,,,,,,,,,,,,,,,,,,,,,,,,,,,,,,,,,,,,,,,,,,,,,,,,,,,,,,,,,,,,,,,,,,,,,,,,,,,,,,,,,,,,,,,,,,,,,,,,,,,,,,,,,,,,,,,,,,,,,,,,,,,,,,,,,,,,,,,,,,,,,,,,,,,,,,,,,,,,,,,,,,,,,,,,,,,,,,,,,,,,,,,,,,,,,,,,,,,,,,,,,,,,,,,,,,,,,,,,,,,,,,,,,,,,,,,,,,,
84,jef3d0y4,,0,12,12,Exp2_Section_4,EndSurvey,2024-09-26 16:34:40.721639,1,,,0.0,,,,,,,,,,,,,,519akakd,,,,,0,Experiment_2_Skewness_Preference,https://app.prolific.com/submissions/complete?cc=C1BTHULB,0.0,1.0,84,,0.0,600db78b56935a5dd8c759b3,1,1,84,,0.0,B,C,A,B,C,D,B,C,C,C,BCABCDBCCC,0.3,0,0.0,1,1,84,,0.0,noisy,explanation,Choice B,Pass,red,50,2,2,Pass Box,1,1,84,,0.0,0,0,1,0,0,0,0,0,0,Business,It was hard.,1,1,,,,,,,,,,,,,,,,,,,,,,,,,,,,,,,,,,,,,,,,,,,,,,,,,,,,,,,,,,,,,,,,,,,,,,,,,,,,,,,,,,,,,,,,,,,,,,,,,,,,,,,,,,,,,,,,,,,,,,,,,,,,,,,,,,,,,,,,,,,,,,,,,,,,,,,,,,,,,,,,,,,,,,,,,,,,,,,,,,,,,,,,,,,,,,,,,,,,,,,,,,,,,,,,,,,,,,,,,,,,,,,,,,,,,,,,,,,,,,,,,,,,,,,,,,,,,,,,,,,,,,,,,,,,,,,,,,,,,,,,,,,,,,,,,,,,,,,,,,,,,,,,,,,,,,,,,,,,,,,,,,,,,,,,,,,,,,,,,,,,,,,,,,,,,,,,,,,,
85,1bpanqxt,,0,12,12,Exp2_Section_4,EndSurvey,2024-09-26 16:34:58.007601,1,,,0.0,,,,,,,,,,,,,,519akakd,,,,,0,Experiment_2_Skewness_Preference,https://app.prolific.com/submissions/complete?cc=C1BTHULB,0.0,1.0,85,,0.0,65fc7d781c4722817f0463cd,1,1,85,,0.0,C,A,A,C,A,C,B,A,D,A,CAACACBADA,0.1,2,3.24,1,1,85,,0.0,noisy,explanation,Choice B,Fail,red,5,3,3,Fail Box,1,1,85,,0.0,0,0,1,0,0,0,0,0,0,"History, Information Technology","It made me realize I forgot basically everything I learned in high school math, which was never a strong subject for me. ",1,1,,,,,,,,,,,,,,,,,,,,,,,,,,,,,,,,,,,,,,,,,,,,,,,,,,,,,,,,,,,,,,,,,,,,,,,,,,,,,,,,,,,,,,,,,,,,,,,,,,,,,,,,,,,,,,,,,,,,,,,,,,,,,,,,,,,,,,,,,,,,,,,,,,,,,,,,,,,,,,,,,,,,,,,,,,,,,,,,,,,,,,,,,,,,,,,,,,,,,,,,,,,,,,,,,,,,,,,,,,,,,,,,,,,,,,,,,,,,,,,,,,,,,,,,,,,,,,,,,,,,,,,,,,,,,,,,,,,,,,,,,,,,,,,,,,,,,,,,,,,,,,,,,,,,,,,,,,,,,,,,,,,,,,,,,,,,,,,,,,,,,,,,,,,,,,,,,,,,
86,jrhqmg28,,0,12,12,Exp2_Section_4,EndSurvey,2024-09-26 16:35:02.211853,1,,,0.0,,,,,,,,,,,,,,519akakd,,,,,0,Experiment_2_Skewness_Preference,https://app.prolific.com/submissions/complete?cc=C1BTHULB,0.0,1.0,86,,0.0,6400f80179f04251a962fd22,1,1,86,,0.0,D,A,B,D,A,B,D,B,B,,DABDABDBB_,0.3,0,0.0,1,1,86,,0.0,noisy,explanation,Choice A,Pass,black,30,3,2,Pass Box,1,1,86,,0.0,0,0,1,1,0,0,0,0,0,Basic curriculum of my state.,It was mildly stressful but no feedback.,1,1,,,,,,,,,,,,,,,,,,,,,,,,,,,,,,,,,,,,,,,,,,,,,,,,,,,,,,,,,,,,,,,,,,,,,,,,,,,,,,,,,,,,,,,,,,,,,,,,,,,,,,,,,,,,,,,,,,,,,,,,,,,,,,,,,,,,,,,,,,,,,,,,,,,,,,,,,,,,,,,,,,,,,,,,,,,,,,,,,,,,,,,,,,,,,,,,,,,,,,,,,,,,,,,,,,,,,,,,,,,,,,,,,,,,,,,,,,,,,,,,,,,,,,,,,,,,,,,,,,,,,,,,,,,,,,,,,,,,,,,,,,,,,,,,,,,,,,,,,,,,,,,,,,,,,,,,,,,,,,,,,,,,,,,,,,,,,,,,,,,,,,,,,,,,,,,,,,,,
87,ql0qyl8d,,0,12,12,Exp2_Section_4,EndSurvey,2024-09-26 16:35:14.254873,1,,,0.0,,,,,,,,,,,,,,519akakd,,,,,0,Experiment_2_Skewness_Preference,https://app.prolific.com/submissions/complete?cc=C1BTHULB,0.0,1.0,87,,0.0,6677553ea33f06b57a5b651c,1,1,87,,0.0,C,A,B,C,C,B,A,A,B,C,CABCCBAABC,0.2,0,0.0,1,1,87,,0.0,noisy,explanation,Choice A,Fail,red,15,3,3,Pass Box,1,1,87,,0.0,1,0,1,0,0,0,0,0,0,mix,no,1,1,,,,,,,,,,,,,,,,,,,,,,,,,,,,,,,,,,,,,,,,,,,,,,,,,,,,,,,,,,,,,,,,,,,,,,,,,,,,,,,,,,,,,,,,,,,,,,,,,,,,,,,,,,,,,,,,,,,,,,,,,,,,,,,,,,,,,,,,,,,,,,,,,,,,,,,,,,,,,,,,,,,,,,,,,,,,,,,,,,,,,,,,,,,,,,,,,,,,,,,,,,,,,,,,,,,,,,,,,,,,,,,,,,,,,,,,,,,,,,,,,,,,,,,,,,,,,,,,,,,,,,,,,,,,,,,,,,,,,,,,,,,,,,,,,,,,,,,,,,,,,,,,,,,,,,,,,,,,,,,,,,,,,,,,,,,,,,,,,,,,,,,,,,,,,,,,,,,,
88,ckj7bcxc,,0,12,12,Exp2_Section_4,EndSurvey,2024-09-26 16:35:15.886175,1,,,0.0,,,,,,,,,,,,,,519akakd,,,,,0,Experiment_2_Skewness_Preference,https://app.prolific.com/submissions/complete?cc=C1BTHULB,0.0,1.0,88,,0.0,5849a04df1b9b3000192bd54,1,1,88,,0.0,D,A,,,,,D,C,C,B,DA____DCCB,0.5,4,50.699,1,1,88,,0.0,noisy,explanation,Choice A,Pass,red,50,5,4,Fail Box,1,1,88,,0.0,0,1,1,0,0,0,0,0,0,"Science, English",It was stressful and made me feel like my math skills need polishing,1,1,,,,,,,,,,,,,,,,,,,,,,,,,,,,,,,,,,,,,,,,,,,,,,,,,,,,,,,,,,,,,,,,,,,,,,,,,,,,,,,,,,,,,,,,,,,,,,,,,,,,,,,,,,,,,,,,,,,,,,,,,,,,,,,,,,,,,,,,,,,,,,,,,,,,,,,,,,,,,,,,,,,,,,,,,,,,,,,,,,,,,,,,,,,,,,,,,,,,,,,,,,,,,,,,,,,,,,,,,,,,,,,,,,,,,,,,,,,,,,,,,,,,,,,,,,,,,,,,,,,,,,,,,,,,,,,,,,,,,,,,,,,,,,,,,,,,,,,,,,,,,,,,,,,,,,,,,,,,,,,,,,,,,,,,,,,,,,,,,,,,,,,,,,,,,,,,,,,,
89,qcjpshi7,,0,12,12,Exp2_Section_4,EndSurvey,2024-09-26 16:35:32.383065,1,,,0.0,,,,,,,,,,,,,,519akakd,,,,,0,Experiment_2_Skewness_Preference,https://app.prolific.com/submissions/complete?cc=C1BTHULB,0.0,1.0,89,,0.0,5f4828f4dbc4a22d4c45910a,1,1,89,,0.0,C,B,C,C,C,C,C,B,C,B,CBCCCCCBCB,0.3,0,0.0,1,1,89,,0.0,noisy,explanation,Choice B,Pass,red,10,3,3,Pass Box,1,1,89,,0.0,0,0,1,0,0,0,0,0,0,"English, Professional Writing.  Non-profit Social Work/Education",It was very difficult and reminded me how bas I was at math.,1,1,,,,,,,,,,,,,,,,,,,,,,,,,,,,,,,,,,,,,,,,,,,,,,,,,,,,,,,,,,,,,,,,,,,,,,,,,,,,,,,,,,,,,,,,,,,,,,,,,,,,,,,,,,,,,,,,,,,,,,,,,,,,,,,,,,,,,,,,,,,,,,,,,,,,,,,,,,,,,,,,,,,,,,,,,,,,,,,,,,,,,,,,,,,,,,,,,,,,,,,,,,,,,,,,,,,,,,,,,,,,,,,,,,,,,,,,,,,,,,,,,,,,,,,,,,,,,,,,,,,,,,,,,,,,,,,,,,,,,,,,,,,,,,,,,,,,,,,,,,,,,,,,,,,,,,,,,,,,,,,,,,,,,,,,,,,,,,,,,,,,,,,,,,,,,,,,,,,,
90,69eekq68,,0,12,12,Exp2_Section_4,EndSurvey,2024-09-26 16:35:33.664004,1,,,0.0,,,,,,,,,,,,,,519akakd,,,,,0,Experiment_2_Skewness_Preference,https://app.prolific.com/submissions/complete?cc=C1BTHULB,0.0,1.0,90,,0.0,66c9da41266b99bdbbdad8e8,1,1,90,,0.0,D,D,A,B,B,A,B,B,C,B,DDABBABBCB,0.4,0,0.0,1,1,90,,0.0,noisy,explanation,Choice A,Pass,black,0,1,0,Fail Box,1,1,90,,0.0,0,0,0,1,0,0,0,0,0,biology related sciences,stressful   it was hard,1,1,,,,,,,,,,,,,,,,,,,,,,,,,,,,,,,,,,,,,,,,,,,,,,,,,,,,,,,,,,,,,,,,,,,,,,,,,,,,,,,,,,,,,,,,,,,,,,,,,,,,,,,,,,,,,,,,,,,,,,,,,,,,,,,,,,,,,,,,,,,,,,,,,,,,,,,,,,,,,,,,,,,,,,,,,,,,,,,,,,,,,,,,,,,,,,,,,,,,,,,,,,,,,,,,,,,,,,,,,,,,,,,,,,,,,,,,,,,,,,,,,,,,,,,,,,,,,,,,,,,,,,,,,,,,,,,,,,,,,,,,,,,,,,,,,,,,,,,,,,,,,,,,,,,,,,,,,,,,,,,,,,,,,,,,,,,,,,,,,,,,,,,,,,,,,,,,,,,,
91,uwuk0cg4,,0,12,12,Exp2_Section_4,EndSurvey,2024-09-26 16:35:35.448218,1,,,0.0,,,,,,,,,,,,,,519akakd,,,,,0,Experiment_2_Skewness_Preference,https://app.prolific.com/submissions/complete?cc=C1BTHULB,0.0,1.0,91,,0.0,5a9867476219a30001d3368e,1,1,91,,0.0,C,A,D,C,C,C,B,B,B,C,CADCCCBBBC,0.1,0,0.0,1,1,91,,0.0,noisy,explanation,Choice A,Pass,black,10,1,1,Pass Box,1,1,91,,0.0,0,0,1,0,0,0,0,0,0,Computer science,Hated it. I am friggin' old and don't remember much math.,1,1,,,,,,,,,,,,,,,,,,,,,,,,,,,,,,,,,,,,,,,,,,,,,,,,,,,,,,,,,,,,,,,,,,,,,,,,,,,,,,,,,,,,,,,,,,,,,,,,,,,,,,,,,,,,,,,,,,,,,,,,,,,,,,,,,,,,,,,,,,,,,,,,,,,,,,,,,,,,,,,,,,,,,,,,,,,,,,,,,,,,,,,,,,,,,,,,,,,,,,,,,,,,,,,,,,,,,,,,,,,,,,,,,,,,,,,,,,,,,,,,,,,,,,,,,,,,,,,,,,,,,,,,,,,,,,,,,,,,,,,,,,,,,,,,,,,,,,,,,,,,,,,,,,,,,,,,,,,,,,,,,,,,,,,,,,,,,,,,,,,,,,,,,,,,,,,,,,,,
92,hgpgybfq,,0,12,12,Exp2_Section_4,EndSurvey,2024-09-26 16:35:39.334251,1,,,0.0,,,,,,,,,,,,,,519akakd,,,,,0,Experiment_2_Skewness_Preference,https://app.prolific.com/submissions/complete?cc=C1BTHULB,0.0,1.0,92,,0.0,62fbd2c1d97aa039e9466d81,1,1,92,,0.0,D,A,C,C,D,C,D,B,B,D,DACCDCDBBD,0.3,0,0.0,1,1,92,,0.0,noisy,explanation,Choice B,Fail,red,50,3,5,Pass Box,1,1,92,,0.0,0,0,1,0,0,0,0,0,0,"Computers, Healthcare",Everything was clear and easy to follow,1,1,,,,,,,,,,,,,,,,,,,,,,,,,,,,,,,,,,,,,,,,,,,,,,,,,,,,,,,,,,,,,,,,,,,,,,,,,,,,,,,,,,,,,,,,,,,,,,,,,,,,,,,,,,,,,,,,,,,,,,,,,,,,,,,,,,,,,,,,,,,,,,,,,,,,,,,,,,,,,,,,,,,,,,,,,,,,,,,,,,,,,,,,,,,,,,,,,,,,,,,,,,,,,,,,,,,,,,,,,,,,,,,,,,,,,,,,,,,,,,,,,,,,,,,,,,,,,,,,,,,,,,,,,,,,,,,,,,,,,,,,,,,,,,,,,,,,,,,,,,,,,,,,,,,,,,,,,,,,,,,,,,,,,,,,,,,,,,,,,,,,,,,,,,,,,,,,,,,,
93,6vuj2htl,,0,12,12,Exp2_Section_4,EndSurvey,2024-09-26 16:35:41.031911,1,,,0.0,,,,,,,,,,,,,,519akakd,,,,,0,Experiment_2_Skewness_Preference,https://app.prolific.com/submissions/complete?cc=C1BTHULB,0.0,1.0,93,,0.0,654142b51c0cbebefa6f3ea0,1,1,93,,0.0,D,A,D,C,C,B,C,A,C,A,DADCCBCACA,0.3,0,0.0,1,1,93,,0.0,noisy,explanation,Choice B,Fail,red,20,2,5,Fail Box,1,1,93,,0.0,0,0,1,0,0,0,0,0,0,business and human resources,,1,1,,,,,,,,,,,,,,,,,,,,,,,,,,,,,,,,,,,,,,,,,,,,,,,,,,,,,,,,,,,,,,,,,,,,,,,,,,,,,,,,,,,,,,,,,,,,,,,,,,,,,,,,,,,,,,,,,,,,,,,,,,,,,,,,,,,,,,,,,,,,,,,,,,,,,,,,,,,,,,,,,,,,,,,,,,,,,,,,,,,,,,,,,,,,,,,,,,,,,,,,,,,,,,,,,,,,,,,,,,,,,,,,,,,,,,,,,,,,,,,,,,,,,,,,,,,,,,,,,,,,,,,,,,,,,,,,,,,,,,,,,,,,,,,,,,,,,,,,,,,,,,,,,,,,,,,,,,,,,,,,,,,,,,,,,,,,,,,,,,,,,,,,,,,,,,,,,,,,
94,qs485ain,,0,12,12,Exp2_Section_4,EndSurvey,2024-09-26 16:35:41.481411,1,,,0.0,,,,,,,,,,,,,,519akakd,,,,,0,Experiment_2_Skewness_Preference,https://app.prolific.com/submissions/complete?cc=C1BTHULB,0.0,1.0,94,,0.0,655f97cd4f1c17ae262fd0fa,1,1,94,,0.0,B,D,A,B,B,A,B,,,,BDABBAB___,0.2,0,0.0,1,1,94,,0.0,noisy,explanation,Choice B,Fail,red,45,2,5,Pass Box,1,1,94,,0.0,0,0,1,0,0,0,0,0,0,Reading and history. I work as a paralegal so lots of writing and research.,I thought the questions were difficult and some hints for solving the equations would've been nice. ,1,1,,,,,,,,,,,,,,,,,,,,,,,,,,,,,,,,,,,,,,,,,,,,,,,,,,,,,,,,,,,,,,,,,,,,,,,,,,,,,,,,,,,,,,,,,,,,,,,,,,,,,,,,,,,,,,,,,,,,,,,,,,,,,,,,,,,,,,,,,,,,,,,,,,,,,,,,,,,,,,,,,,,,,,,,,,,,,,,,,,,,,,,,,,,,,,,,,,,,,,,,,,,,,,,,,,,,,,,,,,,,,,,,,,,,,,,,,,,,,,,,,,,,,,,,,,,,,,,,,,,,,,,,,,,,,,,,,,,,,,,,,,,,,,,,,,,,,,,,,,,,,,,,,,,,,,,,,,,,,,,,,,,,,,,,,,,,,,,,,,,,,,,,,,,,,,,,,,,,
95,alj72guw,,0,12,12,Exp2_Section_4,EndSurvey,2024-09-26 16:35:43.169785,1,,,0.0,,,,,,,,,,,,,,519akakd,,,,,0,Experiment_2_Skewness_Preference,https://app.prolific.com/submissions/complete?cc=C1BTHULB,0.0,1.0,95,,0.0,6100587c08a78c1011fcce03,1,1,95,,0.0,D,A,A,B,B,B,D,C,C,B,DAABBBDCCB,0.8,0,0.0,1,1,95,,0.0,noisy,explanation,Choice B,Pass,red,70,7,6,Pass Box,1,1,95,,0.0,0,1,1,0,0,0,0,0,0,"I have mainly studied economics, math, and science.","I have no feedback, it was a good experience.",1,1,,,,,,,,,,,,,,,,,,,,,,,,,,,,,,,,,,,,,,,,,,,,,,,,,,,,,,,,,,,,,,,,,,,,,,,,,,,,,,,,,,,,,,,,,,,,,,,,,,,,,,,,,,,,,,,,,,,,,,,,,,,,,,,,,,,,,,,,,,,,,,,,,,,,,,,,,,,,,,,,,,,,,,,,,,,,,,,,,,,,,,,,,,,,,,,,,,,,,,,,,,,,,,,,,,,,,,,,,,,,,,,,,,,,,,,,,,,,,,,,,,,,,,,,,,,,,,,,,,,,,,,,,,,,,,,,,,,,,,,,,,,,,,,,,,,,,,,,,,,,,,,,,,,,,,,,,,,,,,,,,,,,,,,,,,,,,,,,,,,,,,,,,,,,,,,,,,,,
96,8rt6h7tk,,0,4,12,Exp2_Section_1,Conclusion,2024-09-26 16:35:53.679177,1,,,0.0,,,,,,,,,,,,,,519akakd,,,,,0,Experiment_2_Skewness_Preference,https://app.prolific.com/submissions/complete?cc=C1BTHULB,0.0,1.0,96,,0.0,5d70439c4605de001ac46d3a,1,1,96,,0.0,,,,,,,,,,,__________,0.0,0,0.0,1,1,96,,0.0,,,,,,,,,,1,1,96,,0.0,0,0,0,0,0,0,0,0,0,FALSE,FALSE,1,1,,,,,,,,,,,,,,,,,,,,,,,,,,,,,,,,,,,,,,,,,,,,,,,,,,,,,,,,,,,,,,,,,,,,,,,,,,,,,,,,,,,,,,,,,,,,,,,,,,,,,,,,,,,,,,,,,,,,,,,,,,,,,,,,,,,,,,,,,,,,,,,,,,,,,,,,,,,,,,,,,,,,,,,,,,,,,,,,,,,,,,,,,,,,,,,,,,,,,,,,,,,,,,,,,,,,,,,,,,,,,,,,,,,,,,,,,,,,,,,,,,,,,,,,,,,,,,,,,,,,,,,,,,,,,,,,,,,,,,,,,,,,,,,,,,,,,,,,,,,,,,,,,,,,,,,,,,,,,,,,,,,,,,,,,,,,,,,,,,,,,,,,,,,,,,,,,,,,
97,gbc23j9l,,0,12,12,Exp2_Section_4,EndSurvey,2024-09-26 16:36:00.542249,1,,,0.0,,,,,,,,,,,,,,519akakd,,,,,0,Experiment_2_Skewness_Preference,https://app.prolific.com/submissions/complete?cc=C1BTHULB,0.0,1.0,97,,0.0,65d21b0da5bc04f3723f6257,1,1,97,,0.0,D,C,B,B,C,C,C,A,B,A,DCBBCCCABA,0.1,0,0.0,1,1,97,,0.0,noisy,explanation,Choice A,Fail,red,75,7,6,Pass Box,1,1,97,,0.0,1,0,0,0,0,0,0,0,0,Mental Health Nursing  Community Health Nursing    Hospital settings,,1,1,,,,,,,,,,,,,,,,,,,,,,,,,,,,,,,,,,,,,,,,,,,,,,,,,,,,,,,,,,,,,,,,,,,,,,,,,,,,,,,,,,,,,,,,,,,,,,,,,,,,,,,,,,,,,,,,,,,,,,,,,,,,,,,,,,,,,,,,,,,,,,,,,,,,,,,,,,,,,,,,,,,,,,,,,,,,,,,,,,,,,,,,,,,,,,,,,,,,,,,,,,,,,,,,,,,,,,,,,,,,,,,,,,,,,,,,,,,,,,,,,,,,,,,,,,,,,,,,,,,,,,,,,,,,,,,,,,,,,,,,,,,,,,,,,,,,,,,,,,,,,,,,,,,,,,,,,,,,,,,,,,,,,,,,,,,,,,,,,,,,,,,,,,,,,,,,,,,,
98,52hijb4d,,0,12,12,Exp2_Section_4,EndSurvey,2024-09-26 16:36:00.615520,1,,,0.0,,,,,,,,,,,,,,519akakd,,,,,0,Experiment_2_Skewness_Preference,https://app.prolific.com/submissions/complete?cc=C1BTHULB,0.0,1.0,98,,0.0,642afc43c4ce339b0c2763d9,1,1,98,,0.0,D,D,B,C,A,C,A,D,B,A,DDBCACADBA,0.0,1,4.923,1,1,98,,0.0,noisy,explanation,Choice A,Fail,red,5,3,2,Fail Box,1,1,98,,0.0,0,0,1,0,0,0,0,0,0,English  HIstory  Science   Math,,1,1,,,,,,,,,,,,,,,,,,,,,,,,,,,,,,,,,,,,,,,,,,,,,,,,,,,,,,,,,,,,,,,,,,,,,,,,,,,,,,,,,,,,,,,,,,,,,,,,,,,,,,,,,,,,,,,,,,,,,,,,,,,,,,,,,,,,,,,,,,,,,,,,,,,,,,,,,,,,,,,,,,,,,,,,,,,,,,,,,,,,,,,,,,,,,,,,,,,,,,,,,,,,,,,,,,,,,,,,,,,,,,,,,,,,,,,,,,,,,,,,,,,,,,,,,,,,,,,,,,,,,,,,,,,,,,,,,,,,,,,,,,,,,,,,,,,,,,,,,,,,,,,,,,,,,,,,,,,,,,,,,,,,,,,,,,,,,,,,,,,,,,,,,,,,,,,,,,,,
99,q1jbcjqz,,0,12,12,Exp2_Section_4,EndSurvey,2024-09-26 16:36:06.897437,1,,,0.0,,,,,,,,,,,,,,519akakd,,,,,0,Experiment_2_Skewness_Preference,https://app.prolific.com/submissions/complete?cc=C1BTHULB,0.0,1.0,99,,0.0,65957a6b8a8209299cb98f3b,1,1,99,,0.0,D,A,C,C,B,B,C,B,D,B,DACCBBCBDB,0.5,0,0.0,1,1,99,,0.0,noisy,explanation,Choice A,Pass,black,50,4,4,Pass Box,1,1,99,,0.0,0,0,1,0,0,0,0,0,0,No,I wasn't expecting these questions and started to run out of time,1,1,,,,,,,,,,,,,,,,,,,,,,,,,,,,,,,,,,,,,,,,,,,,,,,,,,,,,,,,,,,,,,,,,,,,,,,,,,,,,,,,,,,,,,,,,,,,,,,,,,,,,,,,,,,,,,,,,,,,,,,,,,,,,,,,,,,,,,,,,,,,,,,,,,,,,,,,,,,,,,,,,,,,,,,,,,,,,,,,,,,,,,,,,,,,,,,,,,,,,,,,,,,,,,,,,,,,,,,,,,,,,,,,,,,,,,,,,,,,,,,,,,,,,,,,,,,,,,,,,,,,,,,,,,,,,,,,,,,,,,,,,,,,,,,,,,,,,,,,,,,,,,,,,,,,,,,,,,,,,,,,,,,,,,,,,,,,,,,,,,,,,,,,,,,,,,,,,,,,
100,pzfb5fa2,,0,12,12,Exp2_Section_4,EndSurvey,2024-09-26 16:36:13.707907,1,,,0.0,,,,,,,,,,,,,,519akakd,,,,,0,Experiment_2_Skewness_Preference,https://app.prolific.com/submissions/complete?cc=C1BTHULB,0.0,1.0,100,,0.0,5f1f2c053dd3620d41353827,1,1,100,,0.0,B,A,B,D,C,A,B,D,D,A,BABDCABDDA,0.1,0,0.0,1,1,100,,0.0,noisy,explanation,Choice B,Pass,red,5,2,1,Fail Box,1,1,100,,0.0,0,0,1,0,0,0,0,0,0,History  Science  Math  Social Studies,"I'm terrible at math which is funny to me. In school, math was one of my strongest subjects. Now, I can't remember how to do any algebra at all, so I figure I'm about 8th grade level in math.",1,1,,,,,,,,,,,,,,,,,,,,,,,,,,,,,,,,,,,,,,,,,,,,,,,,,,,,,,,,,,,,,,,,,,,,,,,,,,,,,,,,,,,,,,,,,,,,,,,,,,,,,,,,,,,,,,,,,,,,,,,,,,,,,,,,,,,,,,,,,,,,,,,,,,,,,,,,,,,,,,,,,,,,,,,,,,,,,,,,,,,,,,,,,,,,,,,,,,,,,,,,,,,,,,,,,,,,,,,,,,,,,,,,,,,,,,,,,,,,,,,,,,,,,,,,,,,,,,,,,,,,,,,,,,,,,,,,,,,,,,,,,,,,,,,,,,,,,,,,,,,,,,,,,,,,,,,,,,,,,,,,,,,,,,,,,,,,,,,,,,,,,,,,,,,,,,,,,,,,
101,jenr3nqb,,0,12,12,Exp2_Section_4,EndSurvey,2024-09-26 16:36:32.574367,1,,,0.0,,,,,,,,,,,,,,519akakd,,,,,0,Experiment_2_Skewness_Preference,https://app.prolific.com/submissions/complete?cc=C1BTHULB,0.0,1.0,101,,0.0,653d1fee3e8e1291c9fbd1b8,1,1,101,,0.0,B,D,A,D,D,,,,,,BDADD_____,0.0,0,0.0,1,1,101,,0.0,noisy,explanation,Choice B,Fail,red,35,3,5,Fail Box,1,1,101,,0.0,0,0,1,0,1,0,0,0,0,"Standard curriculum for 1-12th grade. My degree is not complete, but it was in computer science. I have worked in retail, construction, freelance web/graphic    design and Information Technology.",I found it interesting and it definitely made me think. It's not easy remembering algebra with a calculator in my pocket everywhere I go.,1,1,,,,,,,,,,,,,,,,,,,,,,,,,,,,,,,,,,,,,,,,,,,,,,,,,,,,,,,,,,,,,,,,,,,,,,,,,,,,,,,,,,,,,,,,,,,,,,,,,,,,,,,,,,,,,,,,,,,,,,,,,,,,,,,,,,,,,,,,,,,,,,,,,,,,,,,,,,,,,,,,,,,,,,,,,,,,,,,,,,,,,,,,,,,,,,,,,,,,,,,,,,,,,,,,,,,,,,,,,,,,,,,,,,,,,,,,,,,,,,,,,,,,,,,,,,,,,,,,,,,,,,,,,,,,,,,,,,,,,,,,,,,,,,,,,,,,,,,,,,,,,,,,,,,,,,,,,,,,,,,,,,,,,,,,,,,,,,,,,,,,,,,,,,,,,,,,,,,,
102,gx930lgx,,0,12,12,Exp2_Section_4,EndSurvey,2024-09-26 16:36:33.766275,1,,,0.0,,,,,,,,,,,,,,519akakd,,,,,0,Experiment_2_Skewness_Preference,https://app.prolific.com/submissions/complete?cc=C1BTHULB,0.0,1.0,102,,0.0,6629396552374517c5c62d8f,1,1,102,,0.0,,,,,,,,,,,__________,0.0,0,0.0,1,1,102,,0.0,noisy,explanation,Choice A,Fail,red,57,1,3,Fail Box,1,1,102,,0.0,0,0,1,0,0,0,0,0,0,General studies,"Good, nothing I can think of",1,1,,,,,,,,,,,,,,,,,,,,,,,,,,,,,,,,,,,,,,,,,,,,,,,,,,,,,,,,,,,,,,,,,,,,,,,,,,,,,,,,,,,,,,,,,,,,,,,,,,,,,,,,,,,,,,,,,,,,,,,,,,,,,,,,,,,,,,,,,,,,,,,,,,,,,,,,,,,,,,,,,,,,,,,,,,,,,,,,,,,,,,,,,,,,,,,,,,,,,,,,,,,,,,,,,,,,,,,,,,,,,,,,,,,,,,,,,,,,,,,,,,,,,,,,,,,,,,,,,,,,,,,,,,,,,,,,,,,,,,,,,,,,,,,,,,,,,,,,,,,,,,,,,,,,,,,,,,,,,,,,,,,,,,,,,,,,,,,,,,,,,,,,,,,,,,,,,,,,
103,gslrwyz6,,0,12,12,Exp2_Section_4,EndSurvey,2024-09-26 16:36:34.043243,1,,,0.0,,,,,,,,,,,,,,519akakd,,,,,0,Experiment_2_Skewness_Preference,https://app.prolific.com/submissions/complete?cc=C1BTHULB,0.0,1.0,103,,0.0,66b637cc9e9cfec2e6ae7aca,1,1,103,,0.0,D,D,D,C,B,C,C,C,C,C,DDDCBCCCCC,0.3,0,0.0,1,1,103,,0.0,noisy,explanation,Choice A,Fail,red,50,3,4,Not Sure,1,1,103,,0.0,0,0,1,0,0,0,0,0,0,"I majored in journalism and have a Master's in library science. I have worked in journalism, communications, and libraries. ",No feedback. ,1,1,,,,,,,,,,,,,,,,,,,,,,,,,,,,,,,,,,,,,,,,,,,,,,,,,,,,,,,,,,,,,,,,,,,,,,,,,,,,,,,,,,,,,,,,,,,,,,,,,,,,,,,,,,,,,,,,,,,,,,,,,,,,,,,,,,,,,,,,,,,,,,,,,,,,,,,,,,,,,,,,,,,,,,,,,,,,,,,,,,,,,,,,,,,,,,,,,,,,,,,,,,,,,,,,,,,,,,,,,,,,,,,,,,,,,,,,,,,,,,,,,,,,,,,,,,,,,,,,,,,,,,,,,,,,,,,,,,,,,,,,,,,,,,,,,,,,,,,,,,,,,,,,,,,,,,,,,,,,,,,,,,,,,,,,,,,,,,,,,,,,,,,,,,,,,,,,,,,,
104,vl5lgg41,,0,12,12,Exp2_Section_4,EndSurvey,2024-09-26 16:36:49.038589,1,,,0.0,,,,,,,,,,,,,,519akakd,,,,,0,Experiment_2_Skewness_Preference,https://app.prolific.com/submissions/complete?cc=C1BTHULB,0.0,1.0,104,,0.0,66573c811d17794993965781,1,1,104,,0.0,D,A,A,C,D,B,A,A,D,B,DAACDBAADB,0.3,0,0.0,1,1,104,,0.0,noisy,explanation,Choice A,Fail,red,30,3,4,Fail Box,1,1,104,,0.0,0,0,1,0,0,0,0,0,0,Science and basic math,It was super hard,1,1,,,,,,,,,,,,,,,,,,,,,,,,,,,,,,,,,,,,,,,,,,,,,,,,,,,,,,,,,,,,,,,,,,,,,,,,,,,,,,,,,,,,,,,,,,,,,,,,,,,,,,,,,,,,,,,,,,,,,,,,,,,,,,,,,,,,,,,,,,,,,,,,,,,,,,,,,,,,,,,,,,,,,,,,,,,,,,,,,,,,,,,,,,,,,,,,,,,,,,,,,,,,,,,,,,,,,,,,,,,,,,,,,,,,,,,,,,,,,,,,,,,,,,,,,,,,,,,,,,,,,,,,,,,,,,,,,,,,,,,,,,,,,,,,,,,,,,,,,,,,,,,,,,,,,,,,,,,,,,,,,,,,,,,,,,,,,,,,,,,,,,,,,,,,,,,,,,,,
105,tskc4pxb,,0,12,12,Exp2_Section_4,EndSurvey,2024-09-26 16:36:59.694963,1,,,0.0,,,,,,,,,,,,,,519akakd,,,,,0,Experiment_2_Skewness_Preference,https://app.prolific.com/submissions/complete?cc=C1BTHULB,0.0,1.0,105,,0.0,5a6032228e625900017657f4,1,1,105,,0.0,B,B,B,C,B,D,B,B,C,D,BBBCBDBBCD,0.2,0,0.0,1,1,105,,0.0,noisy,explanation,Choice A,Pass,red,20,2,2,Fail Box,1,1,105,,0.0,1,1,1,0,1,0,0,0,0,English / Philosophy,This math was too much work.,1,1,,,,,,,,,,,,,,,,,,,,,,,,,,,,,,,,,,,,,,,,,,,,,,,,,,,,,,,,,,,,,,,,,,,,,,,,,,,,,,,,,,,,,,,,,,,,,,,,,,,,,,,,,,,,,,,,,,,,,,,,,,,,,,,,,,,,,,,,,,,,,,,,,,,,,,,,,,,,,,,,,,,,,,,,,,,,,,,,,,,,,,,,,,,,,,,,,,,,,,,,,,,,,,,,,,,,,,,,,,,,,,,,,,,,,,,,,,,,,,,,,,,,,,,,,,,,,,,,,,,,,,,,,,,,,,,,,,,,,,,,,,,,,,,,,,,,,,,,,,,,,,,,,,,,,,,,,,,,,,,,,,,,,,,,,,,,,,,,,,,,,,,,,,,,,,,,,,,,
106,61vyklbr,,0,12,12,Exp2_Section_4,EndSurvey,2024-09-26 16:37:16.469042,1,,,0.0,,,,,,,,,,,,,,519akakd,,,,,0,Experiment_2_Skewness_Preference,https://app.prolific.com/submissions/complete?cc=C1BTHULB,0.0,1.0,106,,0.0,66d0ee6344c8d1ea0ac57e02,1,1,106,,0.0,C,D,B,C,B,A,D,C,B,A,CDBCBADCBA,0.3,0,0.0,1,1,106,,0.0,noisy,explanation,Choice B,Pass,red,50,3,2,Pass Box,1,1,106,,0.0,0,0,1,0,0,0,0,0,0,General Education,Good shows me how much I have forgot since being in school.,1,1,,,,,,,,,,,,,,,,,,,,,,,,,,,,,,,,,,,,,,,,,,,,,,,,,,,,,,,,,,,,,,,,,,,,,,,,,,,,,,,,,,,,,,,,,,,,,,,,,,,,,,,,,,,,,,,,,,,,,,,,,,,,,,,,,,,,,,,,,,,,,,,,,,,,,,,,,,,,,,,,,,,,,,,,,,,,,,,,,,,,,,,,,,,,,,,,,,,,,,,,,,,,,,,,,,,,,,,,,,,,,,,,,,,,,,,,,,,,,,,,,,,,,,,,,,,,,,,,,,,,,,,,,,,,,,,,,,,,,,,,,,,,,,,,,,,,,,,,,,,,,,,,,,,,,,,,,,,,,,,,,,,,,,,,,,,,,,,,,,,,,,,,,,,,,,,,,,,,
107,fk0z9a69,,0,4,12,Exp2_Section_1,Conclusion,2024-09-26 16:37:19.836708,1,,,0.0,,,,,,,,,,,,,,519akakd,,,,,0,Experiment_2_Skewness_Preference,https://app.prolific.com/submissions/complete?cc=C1BTHULB,0.0,1.0,107,,0.0,667f8f65629d2b1d2c7abd86,1,1,107,,0.0,,,,,,,,,,,__________,0.0,0,0.0,1,1,107,,0.0,,,,,,,,,,1,1,107,,0.0,0,0,0,0,0,0,0,0,0,FALSE,FALSE,1,1,,,,,,,,,,,,,,,,,,,,,,,,,,,,,,,,,,,,,,,,,,,,,,,,,,,,,,,,,,,,,,,,,,,,,,,,,,,,,,,,,,,,,,,,,,,,,,,,,,,,,,,,,,,,,,,,,,,,,,,,,,,,,,,,,,,,,,,,,,,,,,,,,,,,,,,,,,,,,,,,,,,,,,,,,,,,,,,,,,,,,,,,,,,,,,,,,,,,,,,,,,,,,,,,,,,,,,,,,,,,,,,,,,,,,,,,,,,,,,,,,,,,,,,,,,,,,,,,,,,,,,,,,,,,,,,,,,,,,,,,,,,,,,,,,,,,,,,,,,,,,,,,,,,,,,,,,,,,,,,,,,,,,,,,,,,,,,,,,,,,,,,,,,,,,,,,,,,,
108,wez9srvp,,0,12,12,Exp2_Section_4,EndSurvey,2024-09-26 16:37:22.067831,1,,,0.0,,,,,,,,,,,,,,519akakd,,,,,0,Experiment_2_Skewness_Preference,https://app.prolific.com/submissions/complete?cc=C1BTHULB,0.0,1.0,108,,0.0,66b3928d04f33f1bdbfd322f,1,1,108,,0.0,B,B,C,B,B,C,C,C,B,B,BBCBBCCCBB,0.5,0,0.0,1,1,108,,0.0,noisy,explanation,Choice A,Pass,red,50,2,5,Fail Box,1,1,108,,0.0,0,0,1,0,0,0,0,0,0,language arts,n/a,1,1,,,,,,,,,,,,,,,,,,,,,,,,,,,,,,,,,,,,,,,,,,,,,,,,,,,,,,,,,,,,,,,,,,,,,,,,,,,,,,,,,,,,,,,,,,,,,,,,,,,,,,,,,,,,,,,,,,,,,,,,,,,,,,,,,,,,,,,,,,,,,,,,,,,,,,,,,,,,,,,,,,,,,,,,,,,,,,,,,,,,,,,,,,,,,,,,,,,,,,,,,,,,,,,,,,,,,,,,,,,,,,,,,,,,,,,,,,,,,,,,,,,,,,,,,,,,,,,,,,,,,,,,,,,,,,,,,,,,,,,,,,,,,,,,,,,,,,,,,,,,,,,,,,,,,,,,,,,,,,,,,,,,,,,,,,,,,,,,,,,,,,,,,,,,,,,,,,,,
109,8a3aa5tm,,0,12,12,Exp2_Section_4,EndSurvey,2024-09-26 16:37:23.106229,1,,,0.0,,,,,,,,,,,,,,519akakd,,,,,0,Experiment_2_Skewness_Preference,https://app.prolific.com/submissions/complete?cc=C1BTHULB,0.0,1.0,109,,0.0,663ba8cfb0cabd4cfa5bf598,1,1,109,,0.0,D,A,C,C,B,C,B,B,B,D,DACCBCBBBD,0.3,0,0.0,1,1,109,,0.0,noisy,explanation,Choice A,Fail,red,60,4,6,Fail Box,1,1,109,,0.0,1,0,0,0,0,0,0,0,0,"English, Math, Science, Spanish","I had no time to finish, but it was good",1,1,,,,,,,,,,,,,,,,,,,,,,,,,,,,,,,,,,,,,,,,,,,,,,,,,,,,,,,,,,,,,,,,,,,,,,,,,,,,,,,,,,,,,,,,,,,,,,,,,,,,,,,,,,,,,,,,,,,,,,,,,,,,,,,,,,,,,,,,,,,,,,,,,,,,,,,,,,,,,,,,,,,,,,,,,,,,,,,,,,,,,,,,,,,,,,,,,,,,,,,,,,,,,,,,,,,,,,,,,,,,,,,,,,,,,,,,,,,,,,,,,,,,,,,,,,,,,,,,,,,,,,,,,,,,,,,,,,,,,,,,,,,,,,,,,,,,,,,,,,,,,,,,,,,,,,,,,,,,,,,,,,,,,,,,,,,,,,,,,,,,,,,,,,,,,,,,,,,,
110,fo9lwxyh,,0,12,12,Exp2_Section_4,EndSurvey,2024-09-26 16:37:31.705687,1,,,0.0,,,,,,,,,,,,,,519akakd,,,,,0,Experiment_2_Skewness_Preference,https://app.prolific.com/submissions/complete?cc=C1BTHULB,0.0,1.0,110,,0.0,667cde002014d32fb7e48297,1,1,110,,0.0,D,A,C,C,B,C,B,B,B,B,DACCBCBBBB,0.4,0,0.0,1,1,110,,0.0,noisy,explanation,Choice A,Fail,red,50,3,5,Fail Box,1,1,110,,0.0,0,0,1,0,1,0,0,0,0,I failed out of school and work in the food / hospitality industry.,I struggled with the math as I struggled in school.,1,1,,,,,,,,,,,,,,,,,,,,,,,,,,,,,,,,,,,,,,,,,,,,,,,,,,,,,,,,,,,,,,,,,,,,,,,,,,,,,,,,,,,,,,,,,,,,,,,,,,,,,,,,,,,,,,,,,,,,,,,,,,,,,,,,,,,,,,,,,,,,,,,,,,,,,,,,,,,,,,,,,,,,,,,,,,,,,,,,,,,,,,,,,,,,,,,,,,,,,,,,,,,,,,,,,,,,,,,,,,,,,,,,,,,,,,,,,,,,,,,,,,,,,,,,,,,,,,,,,,,,,,,,,,,,,,,,,,,,,,,,,,,,,,,,,,,,,,,,,,,,,,,,,,,,,,,,,,,,,,,,,,,,,,,,,,,,,,,,,,,,,,,,,,,,,,,,,,,,
111,smkkizlu,,0,12,12,Exp2_Section_4,EndSurvey,2024-09-26 16:37:32.092424,1,,,0.0,,,,,,,,,,,,,,519akakd,,,,,0,Experiment_2_Skewness_Preference,https://app.prolific.com/submissions/complete?cc=C1BTHULB,0.0,1.0,111,,0.0,63e53dc0bb780ac38cdcf77e,1,1,111,,0.0,B,B,B,C,D,C,C,A,A,A,BBBCDCCAAA,0.0,0,0.0,1,1,111,,0.0,noisy,explanation,Choice B,Fail,black,60,4,3,Fail Box,1,1,111,,0.0,0,0,1,0,1,0,0,0,0,6,It was very challenging but fun!,1,1,,,,,,,,,,,,,,,,,,,,,,,,,,,,,,,,,,,,,,,,,,,,,,,,,,,,,,,,,,,,,,,,,,,,,,,,,,,,,,,,,,,,,,,,,,,,,,,,,,,,,,,,,,,,,,,,,,,,,,,,,,,,,,,,,,,,,,,,,,,,,,,,,,,,,,,,,,,,,,,,,,,,,,,,,,,,,,,,,,,,,,,,,,,,,,,,,,,,,,,,,,,,,,,,,,,,,,,,,,,,,,,,,,,,,,,,,,,,,,,,,,,,,,,,,,,,,,,,,,,,,,,,,,,,,,,,,,,,,,,,,,,,,,,,,,,,,,,,,,,,,,,,,,,,,,,,,,,,,,,,,,,,,,,,,,,,,,,,,,,,,,,,,,,,,,,,,,,,
112,hp1z8b1v,,0,12,12,Exp2_Section_4,EndSurvey,2024-09-26 16:37:34.355100,1,,,0.0,,,,,,,,,,,,,,519akakd,,,,,0,Experiment_2_Skewness_Preference,https://app.prolific.com/submissions/complete?cc=C1BTHULB,0.0,1.0,112,,0.0,5ef98087540ce971a8fb4280,1,1,112,,0.0,D,B,D,B,B,C,B,C,A,A,DBDBBCBCAA,0.3,0,0.0,1,1,112,,0.0,noisy,explanation,Choice A,Fail,red,0,2,5,Fail Box,1,1,112,,0.0,0,0,1,0,0,0,0,0,0,None of the main subjects I had in school involve what I do for work.,Mainly guessing through the equations from the previous segments of this survey because math is my worst subject.,1,1,,,,,,,,,,,,,,,,,,,,,,,,,,,,,,,,,,,,,,,,,,,,,,,,,,,,,,,,,,,,,,,,,,,,,,,,,,,,,,,,,,,,,,,,,,,,,,,,,,,,,,,,,,,,,,,,,,,,,,,,,,,,,,,,,,,,,,,,,,,,,,,,,,,,,,,,,,,,,,,,,,,,,,,,,,,,,,,,,,,,,,,,,,,,,,,,,,,,,,,,,,,,,,,,,,,,,,,,,,,,,,,,,,,,,,,,,,,,,,,,,,,,,,,,,,,,,,,,,,,,,,,,,,,,,,,,,,,,,,,,,,,,,,,,,,,,,,,,,,,,,,,,,,,,,,,,,,,,,,,,,,,,,,,,,,,,,,,,,,,,,,,,,,,,,,,,,,,,
113,q2zga4da,,0,12,12,Exp2_Section_4,EndSurvey,2024-09-26 16:37:40.833629,1,,,0.0,,,,,,,,,,,,,,519akakd,,,,,0,Experiment_2_Skewness_Preference,https://app.prolific.com/submissions/complete?cc=C1BTHULB,0.0,1.0,113,,0.0,667c7af1dd68609d9bfe34ca,1,1,113,,0.0,C,A,A,C,C,B,D,C,B,C,CAACCBDCBC,0.4,0,0.0,1,1,113,,0.0,noisy,explanation,Choice A,Pass,red,50,3,4,Fail Box,1,1,113,,0.0,0,0,1,0,0,0,0,0,0,"CS, IT consulting","I did not love math so did not really love this, but it was at least a straightforward process.",1,1,,,,,,,,,,,,,,,,,,,,,,,,,,,,,,,,,,,,,,,,,,,,,,,,,,,,,,,,,,,,,,,,,,,,,,,,,,,,,,,,,,,,,,,,,,,,,,,,,,,,,,,,,,,,,,,,,,,,,,,,,,,,,,,,,,,,,,,,,,,,,,,,,,,,,,,,,,,,,,,,,,,,,,,,,,,,,,,,,,,,,,,,,,,,,,,,,,,,,,,,,,,,,,,,,,,,,,,,,,,,,,,,,,,,,,,,,,,,,,,,,,,,,,,,,,,,,,,,,,,,,,,,,,,,,,,,,,,,,,,,,,,,,,,,,,,,,,,,,,,,,,,,,,,,,,,,,,,,,,,,,,,,,,,,,,,,,,,,,,,,,,,,,,,,,,,,,,,,
114,q6k05hev,,0,12,12,Exp2_Section_4,EndSurvey,2024-09-26 16:37:50.560207,1,,,0.0,,,,,,,,,,,,,,519akakd,,,,,0,Experiment_2_Skewness_Preference,https://app.prolific.com/submissions/complete?cc=C1BTHULB,0.0,1.0,114,,0.0,6643a3d0ed868a9901a9d824,1,1,114,,0.0,C,D,A,C,C,C,C,C,C,C,CDACCCCCCC,0.2,0,0.0,1,1,114,,0.0,noisy,explanation,Choice A,Fail,red,50,0,4,Not Sure,1,1,114,,0.0,0,1,0,0,0,0,0,0,0,All subjects. Science and health are the main industries I've worked in.,,1,1,,,,,,,,,,,,,,,,,,,,,,,,,,,,,,,,,,,,,,,,,,,,,,,,,,,,,,,,,,,,,,,,,,,,,,,,,,,,,,,,,,,,,,,,,,,,,,,,,,,,,,,,,,,,,,,,,,,,,,,,,,,,,,,,,,,,,,,,,,,,,,,,,,,,,,,,,,,,,,,,,,,,,,,,,,,,,,,,,,,,,,,,,,,,,,,,,,,,,,,,,,,,,,,,,,,,,,,,,,,,,,,,,,,,,,,,,,,,,,,,,,,,,,,,,,,,,,,,,,,,,,,,,,,,,,,,,,,,,,,,,,,,,,,,,,,,,,,,,,,,,,,,,,,,,,,,,,,,,,,,,,,,,,,,,,,,,,,,,,,,,,,,,,,,,,,,,,,,
115,10087hrn,,0,12,12,Exp2_Section_4,EndSurvey,2024-09-26 16:37:57.051580,1,,,0.0,,,,,,,,,,,,,,519akakd,,,,,0,Experiment_2_Skewness_Preference,https://app.prolific.com/submissions/complete?cc=C1BTHULB,0.0,1.0,115,,0.0,65786e461f939d72a6f7ac7c,1,1,115,,0.0,A,D,D,B,D,C,D,A,C,D,ADDBDCDACD,0.4,0,0.0,1,1,115,,0.0,noisy,explanation,Choice B,Fail,red,50,4,6,Not Sure,1,1,115,,0.0,0,0,1,0,0,0,0,0,0,marketing,,1,1,,,,,,,,,,,,,,,,,,,,,,,,,,,,,,,,,,,,,,,,,,,,,,,,,,,,,,,,,,,,,,,,,,,,,,,,,,,,,,,,,,,,,,,,,,,,,,,,,,,,,,,,,,,,,,,,,,,,,,,,,,,,,,,,,,,,,,,,,,,,,,,,,,,,,,,,,,,,,,,,,,,,,,,,,,,,,,,,,,,,,,,,,,,,,,,,,,,,,,,,,,,,,,,,,,,,,,,,,,,,,,,,,,,,,,,,,,,,,,,,,,,,,,,,,,,,,,,,,,,,,,,,,,,,,,,,,,,,,,,,,,,,,,,,,,,,,,,,,,,,,,,,,,,,,,,,,,,,,,,,,,,,,,,,,,,,,,,,,,,,,,,,,,,,,,,,,,,,
116,pxaiyufu,,0,12,12,Exp2_Section_4,EndSurvey,2024-09-26 16:37:57.516113,1,,,0.0,,,,,,,,,,,,,,519akakd,,,,,0,Experiment_2_Skewness_Preference,https://app.prolific.com/submissions/complete?cc=C1BTHULB,0.0,1.0,116,,0.0,66aa67440532cf6ec644dee6,1,1,116,,0.0,B,A,C,C,A,B,C,D,D,B,BACCABCDDB,0.4,0,0.0,1,1,116,,0.0,noisy,explanation,Choice B,Pass,red,50,3,2,Pass Box,1,1,116,,0.0,0,0,1,0,0,0,0,0,0,"Reading, math, history, science, art at school and marketing in the industry I worked in.",Mostly confusion was my experience. I never had much of a handle on math so I tried to figure the problems but I mostly just guessed and used intuition.,1,1,,,,,,,,,,,,,,,,,,,,,,,,,,,,,,,,,,,,,,,,,,,,,,,,,,,,,,,,,,,,,,,,,,,,,,,,,,,,,,,,,,,,,,,,,,,,,,,,,,,,,,,,,,,,,,,,,,,,,,,,,,,,,,,,,,,,,,,,,,,,,,,,,,,,,,,,,,,,,,,,,,,,,,,,,,,,,,,,,,,,,,,,,,,,,,,,,,,,,,,,,,,,,,,,,,,,,,,,,,,,,,,,,,,,,,,,,,,,,,,,,,,,,,,,,,,,,,,,,,,,,,,,,,,,,,,,,,,,,,,,,,,,,,,,,,,,,,,,,,,,,,,,,,,,,,,,,,,,,,,,,,,,,,,,,,,,,,,,,,,,,,,,,,,,,,,,,,,,
117,v8bcbtq9,,0,12,12,Exp2_Section_4,EndSurvey,2024-09-26 16:38:01.000103,1,,,0.0,,,,,,,,,,,,,,519akakd,,,,,0,Experiment_2_Skewness_Preference,https://app.prolific.com/submissions/complete?cc=C1BTHULB,0.0,1.0,117,,0.0,66a2c4242da8d1f2b06ccc80,1,1,117,,0.0,D,A,B,C,D,D,D,B,B,B,DABCDDDBBB,0.3,0,0.0,1,1,117,,0.0,noisy,explanation,Choice A,Fail,red,75,6,5,Pass Box,1,1,117,,0.0,0,1,0,0,0,0,0,0,0,Normal subjects. Work as a lawyer,Nope,1,1,,,,,,,,,,,,,,,,,,,,,,,,,,,,,,,,,,,,,,,,,,,,,,,,,,,,,,,,,,,,,,,,,,,,,,,,,,,,,,,,,,,,,,,,,,,,,,,,,,,,,,,,,,,,,,,,,,,,,,,,,,,,,,,,,,,,,,,,,,,,,,,,,,,,,,,,,,,,,,,,,,,,,,,,,,,,,,,,,,,,,,,,,,,,,,,,,,,,,,,,,,,,,,,,,,,,,,,,,,,,,,,,,,,,,,,,,,,,,,,,,,,,,,,,,,,,,,,,,,,,,,,,,,,,,,,,,,,,,,,,,,,,,,,,,,,,,,,,,,,,,,,,,,,,,,,,,,,,,,,,,,,,,,,,,,,,,,,,,,,,,,,,,,,,,,,,,,,,
118,f145l7nc,,0,12,12,Exp2_Section_4,EndSurvey,2024-09-26 16:38:07.313107,1,,,0.0,,,,,,,,,,,,,,519akakd,,,,,0,Experiment_2_Skewness_Preference,https://app.prolific.com/submissions/complete?cc=C1BTHULB,0.0,1.0,118,,0.0,5cd34d42fe890a00174debb5,1,1,118,,0.0,D,B,C,B,C,A,B,B,A,C,DBCBCABBAC,0.2,0,0.0,1,1,118,,0.0,noisy,explanation,Choice A,Fail,red,10,2,3,Fail Box,1,1,118,,0.0,0,0,1,0,0,0,0,0,0,"Basics. So math, history, science, and english.",It was good.,1,1,,,,,,,,,,,,,,,,,,,,,,,,,,,,,,,,,,,,,,,,,,,,,,,,,,,,,,,,,,,,,,,,,,,,,,,,,,,,,,,,,,,,,,,,,,,,,,,,,,,,,,,,,,,,,,,,,,,,,,,,,,,,,,,,,,,,,,,,,,,,,,,,,,,,,,,,,,,,,,,,,,,,,,,,,,,,,,,,,,,,,,,,,,,,,,,,,,,,,,,,,,,,,,,,,,,,,,,,,,,,,,,,,,,,,,,,,,,,,,,,,,,,,,,,,,,,,,,,,,,,,,,,,,,,,,,,,,,,,,,,,,,,,,,,,,,,,,,,,,,,,,,,,,,,,,,,,,,,,,,,,,,,,,,,,,,,,,,,,,,,,,,,,,,,,,,,,,,,
119,yirpxite,,0,4,12,Exp2_Section_1,Conclusion,2024-09-26 16:38:08.073366,1,,,0.0,,,,,,,,,,,,,,519akakd,,,,,0,Experiment_2_Skewness_Preference,https://app.prolific.com/submissions/complete?cc=C1BTHULB,0.0,1.0,119,,0.0,656c0f1618254f26a3af602e,1,1,119,,0.0,,,,,,,,,,,__________,0.0,0,0.0,1,1,119,,0.0,,,,,,,,,,1,1,119,,0.0,0,0,0,0,0,0,0,0,0,FALSE,FALSE,1,1,,,,,,,,,,,,,,,,,,,,,,,,,,,,,,,,,,,,,,,,,,,,,,,,,,,,,,,,,,,,,,,,,,,,,,,,,,,,,,,,,,,,,,,,,,,,,,,,,,,,,,,,,,,,,,,,,,,,,,,,,,,,,,,,,,,,,,,,,,,,,,,,,,,,,,,,,,,,,,,,,,,,,,,,,,,,,,,,,,,,,,,,,,,,,,,,,,,,,,,,,,,,,,,,,,,,,,,,,,,,,,,,,,,,,,,,,,,,,,,,,,,,,,,,,,,,,,,,,,,,,,,,,,,,,,,,,,,,,,,,,,,,,,,,,,,,,,,,,,,,,,,,,,,,,,,,,,,,,,,,,,,,,,,,,,,,,,,,,,,,,,,,,,,,,,,,,,,,
120,sc6z882g,,0,12,12,Exp2_Section_4,EndSurvey,2024-09-26 16:38:08.531891,1,,,0.0,,,,,,,,,,,,,,519akakd,,,,,0,Experiment_2_Skewness_Preference,https://app.prolific.com/submissions/complete?cc=C1BTHULB,0.0,1.0,120,,0.0,6491a39672df9fcf4b91a952,1,1,120,,0.0,B,C,B,C,A,B,D,C,B,B,BCBCABDCBB,0.4,0,0.0,1,1,120,,0.0,noisy,explanation,Choice B,Pass,red,0,1,2,Pass Box,1,1,120,,0.0,0,1,1,0,0,0,0,0,0,I studied the regular high school courses.,Math was my worst subject.,1,1,,,,,,,,,,,,,,,,,,,,,,,,,,,,,,,,,,,,,,,,,,,,,,,,,,,,,,,,,,,,,,,,,,,,,,,,,,,,,,,,,,,,,,,,,,,,,,,,,,,,,,,,,,,,,,,,,,,,,,,,,,,,,,,,,,,,,,,,,,,,,,,,,,,,,,,,,,,,,,,,,,,,,,,,,,,,,,,,,,,,,,,,,,,,,,,,,,,,,,,,,,,,,,,,,,,,,,,,,,,,,,,,,,,,,,,,,,,,,,,,,,,,,,,,,,,,,,,,,,,,,,,,,,,,,,,,,,,,,,,,,,,,,,,,,,,,,,,,,,,,,,,,,,,,,,,,,,,,,,,,,,,,,,,,,,,,,,,,,,,,,,,,,,,,,,,,,,,,
121,18ow6z5d,,0,12,12,Exp2_Section_4,EndSurvey,2024-09-26 16:38:25.705186,1,,,0.0,,,,,,,,,,,,,,519akakd,,,,,0,Experiment_2_Skewness_Preference,https://app.prolific.com/submissions/complete?cc=C1BTHULB,0.0,1.0,121,,0.0,660edc577fe61f0ad5216ce4,1,1,121,,0.0,,,,,,,,,,,__________,0.0,0,0.0,1,1,121,,0.0,noisy,explanation,Choice B,Fail,black,50,3,5,Fail Box,1,1,121,,0.0,0,0,1,0,0,0,0,0,0,math english science history economics. worked in retail customer service secretary food service barista.,this was fun! ,1,1,,,,,,,,,,,,,,,,,,,,,,,,,,,,,,,,,,,,,,,,,,,,,,,,,,,,,,,,,,,,,,,,,,,,,,,,,,,,,,,,,,,,,,,,,,,,,,,,,,,,,,,,,,,,,,,,,,,,,,,,,,,,,,,,,,,,,,,,,,,,,,,,,,,,,,,,,,,,,,,,,,,,,,,,,,,,,,,,,,,,,,,,,,,,,,,,,,,,,,,,,,,,,,,,,,,,,,,,,,,,,,,,,,,,,,,,,,,,,,,,,,,,,,,,,,,,,,,,,,,,,,,,,,,,,,,,,,,,,,,,,,,,,,,,,,,,,,,,,,,,,,,,,,,,,,,,,,,,,,,,,,,,,,,,,,,,,,,,,,,,,,,,,,,,,,,,,,,,
122,5mhhana7,,0,12,12,Exp2_Section_4,EndSurvey,2024-09-26 16:38:30.784991,1,,,0.0,,,,,,,,,,,,,,519akakd,,,,,0,Experiment_2_Skewness_Preference,https://app.prolific.com/submissions/complete?cc=C1BTHULB,0.0,1.0,122,,0.0,5b49eba46a4f840001f77485,1,1,122,,0.0,C,B,C,D,B,A,C,B,B,B,CBCDBACBBB,0.3,0,0.0,1,1,122,,0.0,noisy,explanation,Choice B,Pass,red,5,1,1,Pass Box,1,1,122,,0.0,0,0,1,0,0,0,0,0,0,Required subjects ,I realized how horrible I am at math!,1,1,,,,,,,,,,,,,,,,,,,,,,,,,,,,,,,,,,,,,,,,,,,,,,,,,,,,,,,,,,,,,,,,,,,,,,,,,,,,,,,,,,,,,,,,,,,,,,,,,,,,,,,,,,,,,,,,,,,,,,,,,,,,,,,,,,,,,,,,,,,,,,,,,,,,,,,,,,,,,,,,,,,,,,,,,,,,,,,,,,,,,,,,,,,,,,,,,,,,,,,,,,,,,,,,,,,,,,,,,,,,,,,,,,,,,,,,,,,,,,,,,,,,,,,,,,,,,,,,,,,,,,,,,,,,,,,,,,,,,,,,,,,,,,,,,,,,,,,,,,,,,,,,,,,,,,,,,,,,,,,,,,,,,,,,,,,,,,,,,,,,,,,,,,,,,,,,,,,,
123,mx2htdg1,,0,1,12,Exp2_Intro,Intro,2024-09-26 16:38:31.844195,1,,,0.0,,,,,,,,,,,,,,519akakd,,,,,0,Experiment_2_Skewness_Preference,https://app.prolific.com/submissions/complete?cc=C1BTHULB,0.0,1.0,123,,0.0,,1,1,123,,0.0,,,,,,,,,,,,,,,1,1,123,,0.0,,,,,,,,,,1,1,123,,0.0,0,0,0,0,0,0,0,0,0,FALSE,FALSE,1,1,,,,,,,,,,,,,,,,,,,,,,,,,,,,,,,,,,,,,,,,,,,,,,,,,,,,,,,,,,,,,,,,,,,,,,,,,,,,,,,,,,,,,,,,,,,,,,,,,,,,,,,,,,,,,,,,,,,,,,,,,,,,,,,,,,,,,,,,,,,,,,,,,,,,,,,,,,,,,,,,,,,,,,,,,,,,,,,,,,,,,,,,,,,,,,,,,,,,,,,,,,,,,,,,,,,,,,,,,,,,,,,,,,,,,,,,,,,,,,,,,,,,,,,,,,,,,,,,,,,,,,,,,,,,,,,,,,,,,,,,,,,,,,,,,,,,,,,,,,,,,,,,,,,,,,,,,,,,,,,,,,,,,,,,,,,,,,,,,,,,,,,,,,,,,,,,,,,,
124,gggc940j,,0,12,12,Exp2_Section_4,EndSurvey,2024-09-26 16:38:33.667384,1,,,0.0,,,,,,,,,,,,,,519akakd,,,,,0,Experiment_2_Skewness_Preference,https://app.prolific.com/submissions/complete?cc=C1BTHULB,0.0,1.0,124,,0.0,668ad967fbcbcb0fe1d5952c,1,1,124,,0.0,D,A,B,C,D,B,D,C,C,C,DABCDBDCCC,0.5,0,0.0,1,1,124,,0.0,noisy,explanation,Choice B,Fail,red,69,7,7,Pass Box,1,1,124,,0.0,0,1,1,1,0,0,0,0,0,"Math, science, language, arts, social studies, geography, history",Thank you for including me in your research! ,1,1,,,,,,,,,,,,,,,,,,,,,,,,,,,,,,,,,,,,,,,,,,,,,,,,,,,,,,,,,,,,,,,,,,,,,,,,,,,,,,,,,,,,,,,,,,,,,,,,,,,,,,,,,,,,,,,,,,,,,,,,,,,,,,,,,,,,,,,,,,,,,,,,,,,,,,,,,,,,,,,,,,,,,,,,,,,,,,,,,,,,,,,,,,,,,,,,,,,,,,,,,,,,,,,,,,,,,,,,,,,,,,,,,,,,,,,,,,,,,,,,,,,,,,,,,,,,,,,,,,,,,,,,,,,,,,,,,,,,,,,,,,,,,,,,,,,,,,,,,,,,,,,,,,,,,,,,,,,,,,,,,,,,,,,,,,,,,,,,,,,,,,,,,,,,,,,,,,,,
125,prrutmy9,,0,12,12,Exp2_Section_4,EndSurvey,2024-09-26 16:38:38.458613,1,,,0.0,,,,,,,,,,,,,,519akakd,,,,,0,Experiment_2_Skewness_Preference,https://app.prolific.com/submissions/complete?cc=C1BTHULB,0.0,1.0,125,,0.0,606ca81043fc54382a7808fe,1,1,125,,0.0,D,D,C,C,B,B,C,A,B,B,DDCCBBCABB,0.4,0,0.0,1,1,125,,0.0,noisy,explanation,Choice B,Pass,red,75,2,3,Pass Box,1,1,125,,0.0,0,0,1,0,0,0,0,0,0,Spanish Education,It was difficult.,1,1,,,,,,,,,,,,,,,,,,,,,,,,,,,,,,,,,,,,,,,,,,,,,,,,,,,,,,,,,,,,,,,,,,,,,,,,,,,,,,,,,,,,,,,,,,,,,,,,,,,,,,,,,,,,,,,,,,,,,,,,,,,,,,,,,,,,,,,,,,,,,,,,,,,,,,,,,,,,,,,,,,,,,,,,,,,,,,,,,,,,,,,,,,,,,,,,,,,,,,,,,,,,,,,,,,,,,,,,,,,,,,,,,,,,,,,,,,,,,,,,,,,,,,,,,,,,,,,,,,,,,,,,,,,,,,,,,,,,,,,,,,,,,,,,,,,,,,,,,,,,,,,,,,,,,,,,,,,,,,,,,,,,,,,,,,,,,,,,,,,,,,,,,,,,,,,,,,,,
126,ax165g9h,,0,12,12,Exp2_Section_4,EndSurvey,2024-09-26 16:38:42.553953,1,,,0.0,,,,,,,,,,,,,,519akakd,,,,,0,Experiment_2_Skewness_Preference,https://app.prolific.com/submissions/complete?cc=C1BTHULB,0.0,1.0,126,,0.0,66f42e274c0e28275441dc22,1,1,126,,0.0,D,C,C,A,A,B,B,A,A,B,DCCAABBAAB,0.3,0,0.0,1,1,126,,0.0,noisy,explanation,Choice B,Pass,red,5,1,2,Pass Box,1,1,126,,0.0,0,0,1,0,0,0,0,0,0,Business; Accounting & Finance,Extremely difficult questions!  ,1,1,,,,,,,,,,,,,,,,,,,,,,,,,,,,,,,,,,,,,,,,,,,,,,,,,,,,,,,,,,,,,,,,,,,,,,,,,,,,,,,,,,,,,,,,,,,,,,,,,,,,,,,,,,,,,,,,,,,,,,,,,,,,,,,,,,,,,,,,,,,,,,,,,,,,,,,,,,,,,,,,,,,,,,,,,,,,,,,,,,,,,,,,,,,,,,,,,,,,,,,,,,,,,,,,,,,,,,,,,,,,,,,,,,,,,,,,,,,,,,,,,,,,,,,,,,,,,,,,,,,,,,,,,,,,,,,,,,,,,,,,,,,,,,,,,,,,,,,,,,,,,,,,,,,,,,,,,,,,,,,,,,,,,,,,,,,,,,,,,,,,,,,,,,,,,,,,,,,,
127,blaw7rh0,,0,12,12,Exp2_Section_4,EndSurvey,2024-09-26 16:38:55.726977,1,,,0.0,,,,,,,,,,,,,,519akakd,,,,,0,Experiment_2_Skewness_Preference,https://app.prolific.com/submissions/complete?cc=C1BTHULB,0.0,1.0,127,,0.0,64da47d734bd712c3a8289d0,1,1,127,,0.0,C,A,B,C,A,D,B,A,B,A,CABCADBABA,0.1,2,13.907,1,1,127,,0.0,noisy,explanation,Choice B,Fail,red,12,1,2,Fail Box,1,1,127,,0.0,0,0,1,0,0,0,0,0,0,Information Technology,Nothing to add at this time.,1,1,,,,,,,,,,,,,,,,,,,,,,,,,,,,,,,,,,,,,,,,,,,,,,,,,,,,,,,,,,,,,,,,,,,,,,,,,,,,,,,,,,,,,,,,,,,,,,,,,,,,,,,,,,,,,,,,,,,,,,,,,,,,,,,,,,,,,,,,,,,,,,,,,,,,,,,,,,,,,,,,,,,,,,,,,,,,,,,,,,,,,,,,,,,,,,,,,,,,,,,,,,,,,,,,,,,,,,,,,,,,,,,,,,,,,,,,,,,,,,,,,,,,,,,,,,,,,,,,,,,,,,,,,,,,,,,,,,,,,,,,,,,,,,,,,,,,,,,,,,,,,,,,,,,,,,,,,,,,,,,,,,,,,,,,,,,,,,,,,,,,,,,,,,,,,,,,,,,,
128,nopo86zk,,0,12,12,Exp2_Section_4,EndSurvey,2024-09-26 16:39:11.309596,1,,,0.0,,,,,,,,,,,,,,519akakd,,,,,0,Experiment_2_Skewness_Preference,https://app.prolific.com/submissions/complete?cc=C1BTHULB,0.0,1.0,128,,0.0,56f5866a736c79000d22df1e,1,1,128,,0.0,D,D,B,C,D,B,D,B,A,C,DDBCDBDBAC,0.2,0,0.0,1,1,128,,0.0,noisy,explanation,Choice B,Pass,red,0,1,1,Fail Box,1,1,128,,0.0,0,0,1,0,0,0,0,0,0,"english, history, social studies",Experience was ok.  ,1,1,,,,,,,,,,,,,,,,,,,,,,,,,,,,,,,,,,,,,,,,,,,,,,,,,,,,,,,,,,,,,,,,,,,,,,,,,,,,,,,,,,,,,,,,,,,,,,,,,,,,,,,,,,,,,,,,,,,,,,,,,,,,,,,,,,,,,,,,,,,,,,,,,,,,,,,,,,,,,,,,,,,,,,,,,,,,,,,,,,,,,,,,,,,,,,,,,,,,,,,,,,,,,,,,,,,,,,,,,,,,,,,,,,,,,,,,,,,,,,,,,,,,,,,,,,,,,,,,,,,,,,,,,,,,,,,,,,,,,,,,,,,,,,,,,,,,,,,,,,,,,,,,,,,,,,,,,,,,,,,,,,,,,,,,,,,,,,,,,,,,,,,,,,,,,,,,,,,,
129,pw4b0qba,,0,12,12,Exp2_Section_4,EndSurvey,2024-09-26 16:39:13.451430,1,,,0.0,,,,,,,,,,,,,,519akakd,,,,,0,Experiment_2_Skewness_Preference,https://app.prolific.com/submissions/complete?cc=C1BTHULB,0.0,1.0,129,,0.0,66a912176a9a68d2dc7c9ea3,1,1,129,,0.0,D,B,C,A,B,A,B,C,B,B,DBCABABCBB,0.4,0,0.0,1,1,129,,0.0,noisy,explanation,Choice B,Pass,red,0,0,0,Fail Box,1,1,129,,0.0,0,0,1,0,0,0,0,0,0,"English, science, math, history, social studies",I hate math,1,1,,,,,,,,,,,,,,,,,,,,,,,,,,,,,,,,,,,,,,,,,,,,,,,,,,,,,,,,,,,,,,,,,,,,,,,,,,,,,,,,,,,,,,,,,,,,,,,,,,,,,,,,,,,,,,,,,,,,,,,,,,,,,,,,,,,,,,,,,,,,,,,,,,,,,,,,,,,,,,,,,,,,,,,,,,,,,,,,,,,,,,,,,,,,,,,,,,,,,,,,,,,,,,,,,,,,,,,,,,,,,,,,,,,,,,,,,,,,,,,,,,,,,,,,,,,,,,,,,,,,,,,,,,,,,,,,,,,,,,,,,,,,,,,,,,,,,,,,,,,,,,,,,,,,,,,,,,,,,,,,,,,,,,,,,,,,,,,,,,,,,,,,,,,,,,,,,,,,
130,s3b36ab5,,0,12,12,Exp2_Section_4,EndSurvey,2024-09-26 16:39:15.814580,1,,,0.0,,,,,,,,,,,,,,519akakd,,,,,0,Experiment_2_Skewness_Preference,https://app.prolific.com/submissions/complete?cc=C1BTHULB,0.0,1.0,130,,0.0,65a5501d6e70df9084bdb5a1,1,1,130,,0.0,D,A,B,C,C,C,B,C,B,D,DABCCCBCBD,0.2,0,0.0,1,1,130,,0.0,noisy,explanation,Choice B,Pass,red,51,3,1,Pass Box,1,1,130,,0.0,0,0,1,0,0,0,0,0,0,Business and worked in Finance,The questions were not what I anticipated,1,1,,,,,,,,,,,,,,,,,,,,,,,,,,,,,,,,,,,,,,,,,,,,,,,,,,,,,,,,,,,,,,,,,,,,,,,,,,,,,,,,,,,,,,,,,,,,,,,,,,,,,,,,,,,,,,,,,,,,,,,,,,,,,,,,,,,,,,,,,,,,,,,,,,,,,,,,,,,,,,,,,,,,,,,,,,,,,,,,,,,,,,,,,,,,,,,,,,,,,,,,,,,,,,,,,,,,,,,,,,,,,,,,,,,,,,,,,,,,,,,,,,,,,,,,,,,,,,,,,,,,,,,,,,,,,,,,,,,,,,,,,,,,,,,,,,,,,,,,,,,,,,,,,,,,,,,,,,,,,,,,,,,,,,,,,,,,,,,,,,,,,,,,,,,,,,,,,,,,
131,8sxe093d,,0,12,12,Exp2_Section_4,EndSurvey,2024-09-26 16:39:16.019774,1,,,0.0,,,,,,,,,,,,,,519akakd,,,,,0,Experiment_2_Skewness_Preference,https://app.prolific.com/submissions/complete?cc=C1BTHULB,0.0,1.0,131,,0.0,6675b52e818364e2b83daf46,1,1,131,,0.0,B,B,A,C,C,D,A,A,C,A,BBACCDAACA,0.1,0,0.0,1,1,131,,0.0,noisy,explanation,Choice B,Fail,red,1,3,5,Fail Box,1,1,131,,0.0,0,0,1,0,0,0,0,0,0,Biology and Computer Science,The math questions were challenging because I am not good at standardized tests,1,1,,,,,,,,,,,,,,,,,,,,,,,,,,,,,,,,,,,,,,,,,,,,,,,,,,,,,,,,,,,,,,,,,,,,,,,,,,,,,,,,,,,,,,,,,,,,,,,,,,,,,,,,,,,,,,,,,,,,,,,,,,,,,,,,,,,,,,,,,,,,,,,,,,,,,,,,,,,,,,,,,,,,,,,,,,,,,,,,,,,,,,,,,,,,,,,,,,,,,,,,,,,,,,,,,,,,,,,,,,,,,,,,,,,,,,,,,,,,,,,,,,,,,,,,,,,,,,,,,,,,,,,,,,,,,,,,,,,,,,,,,,,,,,,,,,,,,,,,,,,,,,,,,,,,,,,,,,,,,,,,,,,,,,,,,,,,,,,,,,,,,,,,,,,,,,,,,,,,
132,d8k9qx5i,,0,12,12,Exp2_Section_4,EndSurvey,2024-09-26 16:39:20.427784,1,,,0.0,,,,,,,,,,,,,,519akakd,,,,,0,Experiment_2_Skewness_Preference,https://app.prolific.com/submissions/complete?cc=C1BTHULB,0.0,1.0,132,,0.0,601373dbd735b324b32818bd,1,1,132,,0.0,C,D,B,C,A,D,C,B,B,C,CDBCADCBBC,0.0,0,0.0,1,1,132,,0.0,noisy,explanation,Choice B,Pass,red,10,0,0,Fail Box,1,1,132,,0.0,0,1,1,1,0,0,0,0,0,"Associate of Arts degree, Veterinary tech, dog trainer and pet groomer",I cannot do that kind of math and I assume I got them all wrong.,1,1,,,,,,,,,,,,,,,,,,,,,,,,,,,,,,,,,,,,,,,,,,,,,,,,,,,,,,,,,,,,,,,,,,,,,,,,,,,,,,,,,,,,,,,,,,,,,,,,,,,,,,,,,,,,,,,,,,,,,,,,,,,,,,,,,,,,,,,,,,,,,,,,,,,,,,,,,,,,,,,,,,,,,,,,,,,,,,,,,,,,,,,,,,,,,,,,,,,,,,,,,,,,,,,,,,,,,,,,,,,,,,,,,,,,,,,,,,,,,,,,,,,,,,,,,,,,,,,,,,,,,,,,,,,,,,,,,,,,,,,,,,,,,,,,,,,,,,,,,,,,,,,,,,,,,,,,,,,,,,,,,,,,,,,,,,,,,,,,,,,,,,,,,,,,,,,,,,,,
133,bj88kr5e,,0,12,12,Exp2_Section_4,EndSurvey,2024-09-26 16:39:22.900256,1,,,0.0,,,,,,,,,,,,,,519akakd,,,,,0,Experiment_2_Skewness_Preference,https://app.prolific.com/submissions/complete?cc=C1BTHULB,0.0,1.0,133,,0.0,60e4fe072aa5db731051c240,1,1,133,,0.0,D,A,A,B,D,B,C,,,,DAABDBC___,0.3,0,0.0,1,1,133,,0.0,noisy,explanation,Choice A,Fail,red,22,3,7,Fail Box,1,1,133,,0.0,0,0,1,0,0,0,0,0,0,"Geography, music performance",I haven't used this math in ages. ,1,1,,,,,,,,,,,,,,,,,,,,,,,,,,,,,,,,,,,,,,,,,,,,,,,,,,,,,,,,,,,,,,,,,,,,,,,,,,,,,,,,,,,,,,,,,,,,,,,,,,,,,,,,,,,,,,,,,,,,,,,,,,,,,,,,,,,,,,,,,,,,,,,,,,,,,,,,,,,,,,,,,,,,,,,,,,,,,,,,,,,,,,,,,,,,,,,,,,,,,,,,,,,,,,,,,,,,,,,,,,,,,,,,,,,,,,,,,,,,,,,,,,,,,,,,,,,,,,,,,,,,,,,,,,,,,,,,,,,,,,,,,,,,,,,,,,,,,,,,,,,,,,,,,,,,,,,,,,,,,,,,,,,,,,,,,,,,,,,,,,,,,,,,,,,,,,,,,,,,
134,0ihz8eks,,0,12,12,Exp2_Section_4,EndSurvey,2024-09-26 16:39:27.305693,1,,,0.0,,,,,,,,,,,,,,519akakd,,,,,0,Experiment_2_Skewness_Preference,https://app.prolific.com/submissions/complete?cc=C1BTHULB,0.0,1.0,134,,0.0,66dc8041ae4dec497fab08b7,1,1,134,,0.0,A,C,A,A,C,B,A,B,B,C,ACAACBABBC,0.2,1,2.649,1,1,134,,0.0,noisy,explanation,Choice A,Fail,red,40,5,3,Pass Box,1,1,134,,0.0,0,1,0,0,0,0,0,0,0,marketing an d research ,no,1,1,,,,,,,,,,,,,,,,,,,,,,,,,,,,,,,,,,,,,,,,,,,,,,,,,,,,,,,,,,,,,,,,,,,,,,,,,,,,,,,,,,,,,,,,,,,,,,,,,,,,,,,,,,,,,,,,,,,,,,,,,,,,,,,,,,,,,,,,,,,,,,,,,,,,,,,,,,,,,,,,,,,,,,,,,,,,,,,,,,,,,,,,,,,,,,,,,,,,,,,,,,,,,,,,,,,,,,,,,,,,,,,,,,,,,,,,,,,,,,,,,,,,,,,,,,,,,,,,,,,,,,,,,,,,,,,,,,,,,,,,,,,,,,,,,,,,,,,,,,,,,,,,,,,,,,,,,,,,,,,,,,,,,,,,,,,,,,,,,,,,,,,,,,,,,,,,,,,,
135,19fq71gw,,0,12,12,Exp2_Section_4,EndSurvey,2024-09-26 16:39:28.257047,1,,,0.0,,,,,,,,,,,,,,519akakd,,,,,0,Experiment_2_Skewness_Preference,https://app.prolific.com/submissions/complete?cc=C1BTHULB,0.0,1.0,135,,0.0,66de13b7f64c7e3f307ea068,1,1,135,,0.0,D,A,D,C,B,B,D,C,C,B,DADCBBDCCB,0.7,0,0.0,1,1,135,,0.0,noisy,explanation,Choice B,Pass,red,50,6,5,Pass Box,1,1,135,,0.0,0,0,1,0,0,0,0,0,0,"Biology, Anthropology, Customer Service",The experience was fun and different although a bit confusing and difficult at times.,1,1,,,,,,,,,,,,,,,,,,,,,,,,,,,,,,,,,,,,,,,,,,,,,,,,,,,,,,,,,,,,,,,,,,,,,,,,,,,,,,,,,,,,,,,,,,,,,,,,,,,,,,,,,,,,,,,,,,,,,,,,,,,,,,,,,,,,,,,,,,,,,,,,,,,,,,,,,,,,,,,,,,,,,,,,,,,,,,,,,,,,,,,,,,,,,,,,,,,,,,,,,,,,,,,,,,,,,,,,,,,,,,,,,,,,,,,,,,,,,,,,,,,,,,,,,,,,,,,,,,,,,,,,,,,,,,,,,,,,,,,,,,,,,,,,,,,,,,,,,,,,,,,,,,,,,,,,,,,,,,,,,,,,,,,,,,,,,,,,,,,,,,,,,,,,,,,,,,,,
136,8nkpj6vt,,0,12,12,Exp2_Section_4,EndSurvey,2024-09-26 16:39:29.035436,1,,,0.0,,,,,,,,,,,,,,519akakd,,,,,0,Experiment_2_Skewness_Preference,https://app.prolific.com/submissions/complete?cc=C1BTHULB,0.0,1.0,136,,0.0,63d1401242635aaffe867c4c,1,1,136,,0.0,D,A,A,,D,B,D,,,,DAA_DBD___,0.3,0,0.0,1,1,136,,0.0,noisy,explanation,Choice A,Fail,red,60,5,5,Not Sure,1,1,136,,0.0,0,0,1,0,0,0,0,0,0,My degree is in elementary education but I worked as a data quality analyst after leaving the teaching profession,This was hard but fun to try and see if I knew how to solve these questions. Some of them were very difficult for me as I haven't done that type of math in a long time!,1,1,,,,,,,,,,,,,,,,,,,,,,,,,,,,,,,,,,,,,,,,,,,,,,,,,,,,,,,,,,,,,,,,,,,,,,,,,,,,,,,,,,,,,,,,,,,,,,,,,,,,,,,,,,,,,,,,,,,,,,,,,,,,,,,,,,,,,,,,,,,,,,,,,,,,,,,,,,,,,,,,,,,,,,,,,,,,,,,,,,,,,,,,,,,,,,,,,,,,,,,,,,,,,,,,,,,,,,,,,,,,,,,,,,,,,,,,,,,,,,,,,,,,,,,,,,,,,,,,,,,,,,,,,,,,,,,,,,,,,,,,,,,,,,,,,,,,,,,,,,,,,,,,,,,,,,,,,,,,,,,,,,,,,,,,,,,,,,,,,,,,,,,,,,,,,,,,,,,,
137,c7e3ur3t,,0,5,12,Exp2_Section_2_3,Section_2,2024-09-26 16:39:38.362693,1,,,0.0,,,,,,,,,,,,,,519akakd,,,,,0,Experiment_2_Skewness_Preference,https://app.prolific.com/submissions/complete?cc=C1BTHULB,0.0,1.0,137,,0.0,63acbf912d16917452e0bf4e,1,1,137,,0.0,C,A,C,D,B,D,B,C,B,C,CACDBDBCBC,0.4,0,0.0,1,1,137,,0.0,,,,,,,,,,1,1,137,,0.0,0,0,0,0,0,0,0,0,0,FALSE,FALSE,1,1,,,,,,,,,,,,,,,,,,,,,,,,,,,,,,,,,,,,,,,,,,,,,,,,,,,,,,,,,,,,,,,,,,,,,,,,,,,,,,,,,,,,,,,,,,,,,,,,,,,,,,,,,,,,,,,,,,,,,,,,,,,,,,,,,,,,,,,,,,,,,,,,,,,,,,,,,,,,,,,,,,,,,,,,,,,,,,,,,,,,,,,,,,,,,,,,,,,,,,,,,,,,,,,,,,,,,,,,,,,,,,,,,,,,,,,,,,,,,,,,,,,,,,,,,,,,,,,,,,,,,,,,,,,,,,,,,,,,,,,,,,,,,,,,,,,,,,,,,,,,,,,,,,,,,,,,,,,,,,,,,,,,,,,,,,,,,,,,,,,,,,,,,,,,,,,,,,,,
138,l0789uvi,,0,12,12,Exp2_Section_4,EndSurvey,2024-09-26 16:39:42.049755,1,,,0.0,,,,,,,,,,,,,,519akakd,,,,,0,Experiment_2_Skewness_Preference,https://app.prolific.com/submissions/complete?cc=C1BTHULB,0.0,1.0,138,,0.0,660c7427cb3a408efc628357,1,1,138,,0.0,C,A,B,C,D,B,C,A,C,B,CABCDBCACB,0.4,0,0.0,1,1,138,,0.0,noisy,explanation,Choice B,Fail,black,33,4,5,Fail Box,1,1,138,,0.0,0,0,1,0,0,0,0,0,0,Math and English were my main studies. I have mostly worked in warehouse work.,It was a straightforward survey.,1,1,,,,,,,,,,,,,,,,,,,,,,,,,,,,,,,,,,,,,,,,,,,,,,,,,,,,,,,,,,,,,,,,,,,,,,,,,,,,,,,,,,,,,,,,,,,,,,,,,,,,,,,,,,,,,,,,,,,,,,,,,,,,,,,,,,,,,,,,,,,,,,,,,,,,,,,,,,,,,,,,,,,,,,,,,,,,,,,,,,,,,,,,,,,,,,,,,,,,,,,,,,,,,,,,,,,,,,,,,,,,,,,,,,,,,,,,,,,,,,,,,,,,,,,,,,,,,,,,,,,,,,,,,,,,,,,,,,,,,,,,,,,,,,,,,,,,,,,,,,,,,,,,,,,,,,,,,,,,,,,,,,,,,,,,,,,,,,,,,,,,,,,,,,,,,,,,,,,,
139,9c92a0b1,,0,4,12,Exp2_Section_1,Conclusion,2024-09-26 16:39:45.670706,1,,,0.0,,,,,,,,,,,,,,519akakd,,,,,0,Experiment_2_Skewness_Preference,https://app.prolific.com/submissions/complete?cc=C1BTHULB,0.0,1.0,139,,0.0,5f5bf9beef06253d2b621fc3,1,1,139,,0.0,,,,,,,,,,,__________,0.0,0,0.0,1,1,139,,0.0,,,,,,,,,,1,1,139,,0.0,0,0,0,0,0,0,0,0,0,FALSE,FALSE,1,1,,,,,,,,,,,,,,,,,,,,,,,,,,,,,,,,,,,,,,,,,,,,,,,,,,,,,,,,,,,,,,,,,,,,,,,,,,,,,,,,,,,,,,,,,,,,,,,,,,,,,,,,,,,,,,,,,,,,,,,,,,,,,,,,,,,,,,,,,,,,,,,,,,,,,,,,,,,,,,,,,,,,,,,,,,,,,,,,,,,,,,,,,,,,,,,,,,,,,,,,,,,,,,,,,,,,,,,,,,,,,,,,,,,,,,,,,,,,,,,,,,,,,,,,,,,,,,,,,,,,,,,,,,,,,,,,,,,,,,,,,,,,,,,,,,,,,,,,,,,,,,,,,,,,,,,,,,,,,,,,,,,,,,,,,,,,,,,,,,,,,,,,,,,,,,,,,,,,
140,m1bdsfaw,,0,12,12,Exp2_Section_4,EndSurvey,2024-09-26 16:39:45.959328,1,,,0.0,,,,,,,,,,,,,,519akakd,,,,,0,Experiment_2_Skewness_Preference,https://app.prolific.com/submissions/complete?cc=C1BTHULB,0.0,1.0,140,,0.0,5725139865abf6001203adbe,1,1,140,,0.0,D,A,A,C,D,D,A,C,B,B,DAACDDACBB,0.3,3,39.115,1,1,140,,0.0,noisy,explanation,Choice A,Pass,black,1,1,1,Pass Box,1,1,140,,0.0,0,0,1,0,0,0,0,0,0,"English  Math    Healthcare, retail, insurance",I don't have many skills from school! Mostly from life experiences.,1,1,,,,,,,,,,,,,,,,,,,,,,,,,,,,,,,,,,,,,,,,,,,,,,,,,,,,,,,,,,,,,,,,,,,,,,,,,,,,,,,,,,,,,,,,,,,,,,,,,,,,,,,,,,,,,,,,,,,,,,,,,,,,,,,,,,,,,,,,,,,,,,,,,,,,,,,,,,,,,,,,,,,,,,,,,,,,,,,,,,,,,,,,,,,,,,,,,,,,,,,,,,,,,,,,,,,,,,,,,,,,,,,,,,,,,,,,,,,,,,,,,,,,,,,,,,,,,,,,,,,,,,,,,,,,,,,,,,,,,,,,,,,,,,,,,,,,,,,,,,,,,,,,,,,,,,,,,,,,,,,,,,,,,,,,,,,,,,,,,,,,,,,,,,,,,,,,,,,,
141,qmdrtle3,,0,12,12,Exp2_Section_4,EndSurvey,2024-09-26 16:39:47.335114,1,,,0.0,,,,,,,,,,,,,,519akakd,,,,,0,Experiment_2_Skewness_Preference,https://app.prolific.com/submissions/complete?cc=C1BTHULB,0.0,1.0,141,,0.0,62b14f89e9222d3aab48489b,1,1,141,,0.0,D,C,C,C,A,A,D,A,C,B,DCCCAADACB,0.4,0,0.0,1,1,141,,0.0,noisy,explanation,Choice A,Pass,red,100,2,3,Fail Box,1,1,141,,0.0,0,0,1,0,0,0,0,0,0,"I studied computer science and worked in software development (enterprise software), though I didn't finish school. Since about 2018 however I have been independently researching computer vision and human-computer interaction, with some of my open source work being cited! All the industries have been in tech, though I did this in the military and also in the private sector","It was interesting, my strategy for the first part was to first make guesses then go back and refine the answers. There was a tiny bit of anxiety haha (not real anxiety just unsure-excitement) as I wasn't sure if there would be a ""game over"" screen or something if I didn't get X many correct",1,1,,,,,,,,,,,,,,,,,,,,,,,,,,,,,,,,,,,,,,,,,,,,,,,,,,,,,,,,,,,,,,,,,,,,,,,,,,,,,,,,,,,,,,,,,,,,,,,,,,,,,,,,,,,,,,,,,,,,,,,,,,,,,,,,,,,,,,,,,,,,,,,,,,,,,,,,,,,,,,,,,,,,,,,,,,,,,,,,,,,,,,,,,,,,,,,,,,,,,,,,,,,,,,,,,,,,,,,,,,,,,,,,,,,,,,,,,,,,,,,,,,,,,,,,,,,,,,,,,,,,,,,,,,,,,,,,,,,,,,,,,,,,,,,,,,,,,,,,,,,,,,,,,,,,,,,,,,,,,,,,,,,,,,,,,,,,,,,,,,,,,,,,,,,,,,,,,,,,
142,688a8kab,,0,12,12,Exp2_Section_4,EndSurvey,2024-09-26 16:39:48.680474,1,,,0.0,,,,,,,,,,,,,,519akakd,,,,,0,Experiment_2_Skewness_Preference,https://app.prolific.com/submissions/complete?cc=C1BTHULB,0.0,1.0,142,,0.0,664111b80f16ecedfa33dc04,1,1,142,,0.0,C,B,B,C,A,C,B,A,D,C,CBBCACBADC,0.0,0,0.0,1,1,142,,0.0,noisy,explanation,Choice A,Fail,red,10,1,2,Fail Box,1,1,142,,0.0,0,0,1,0,0,0,0,0,0,Computer technology ,"Okay...no, but thank you.",1,1,,,,,,,,,,,,,,,,,,,,,,,,,,,,,,,,,,,,,,,,,,,,,,,,,,,,,,,,,,,,,,,,,,,,,,,,,,,,,,,,,,,,,,,,,,,,,,,,,,,,,,,,,,,,,,,,,,,,,,,,,,,,,,,,,,,,,,,,,,,,,,,,,,,,,,,,,,,,,,,,,,,,,,,,,,,,,,,,,,,,,,,,,,,,,,,,,,,,,,,,,,,,,,,,,,,,,,,,,,,,,,,,,,,,,,,,,,,,,,,,,,,,,,,,,,,,,,,,,,,,,,,,,,,,,,,,,,,,,,,,,,,,,,,,,,,,,,,,,,,,,,,,,,,,,,,,,,,,,,,,,,,,,,,,,,,,,,,,,,,,,,,,,,,,,,,,,,,,
143,xm2wc9q9,,0,12,12,Exp2_Section_4,EndSurvey,2024-09-26 16:39:49.930465,1,,,0.0,,,,,,,,,,,,,,519akakd,,,,,0,Experiment_2_Skewness_Preference,https://app.prolific.com/submissions/complete?cc=C1BTHULB,0.0,1.0,143,,0.0,66e207ef71e6cbef78615ca3,1,1,143,,0.0,A,C,B,C,B,C,C,D,B,D,ACBCBCCDBD,0.2,0,0.0,1,1,143,,0.0,noisy,explanation,Choice A,Fail,red,5,1,3,Fail Box,1,1,143,,0.0,0,0,1,0,0,0,0,0,0,English,Hard not good at math.,1,1,,,,,,,,,,,,,,,,,,,,,,,,,,,,,,,,,,,,,,,,,,,,,,,,,,,,,,,,,,,,,,,,,,,,,,,,,,,,,,,,,,,,,,,,,,,,,,,,,,,,,,,,,,,,,,,,,,,,,,,,,,,,,,,,,,,,,,,,,,,,,,,,,,,,,,,,,,,,,,,,,,,,,,,,,,,,,,,,,,,,,,,,,,,,,,,,,,,,,,,,,,,,,,,,,,,,,,,,,,,,,,,,,,,,,,,,,,,,,,,,,,,,,,,,,,,,,,,,,,,,,,,,,,,,,,,,,,,,,,,,,,,,,,,,,,,,,,,,,,,,,,,,,,,,,,,,,,,,,,,,,,,,,,,,,,,,,,,,,,,,,,,,,,,,,,,,,,,,
144,ebm7kiqt,,0,12,12,Exp2_Section_4,EndSurvey,2024-09-26 16:39:54.028629,1,,,0.0,,,,,,,,,,,,,,519akakd,,,,,0,Experiment_2_Skewness_Preference,https://app.prolific.com/submissions/complete?cc=C1BTHULB,0.0,1.0,144,,0.0,65c1158c42ae46b4f170955f,1,1,144,,0.0,C,A,B,C,A,D,B,A,C,B,CABCADBACB,0.3,0,0.0,1,1,144,,0.0,noisy,explanation,Choice B,Fail,red,50,7,5,Fail Box,1,1,144,,0.0,0,0,1,0,0,0,0,0,0,human resource and psychology. ,N/A,1,1,,,,,,,,,,,,,,,,,,,,,,,,,,,,,,,,,,,,,,,,,,,,,,,,,,,,,,,,,,,,,,,,,,,,,,,,,,,,,,,,,,,,,,,,,,,,,,,,,,,,,,,,,,,,,,,,,,,,,,,,,,,,,,,,,,,,,,,,,,,,,,,,,,,,,,,,,,,,,,,,,,,,,,,,,,,,,,,,,,,,,,,,,,,,,,,,,,,,,,,,,,,,,,,,,,,,,,,,,,,,,,,,,,,,,,,,,,,,,,,,,,,,,,,,,,,,,,,,,,,,,,,,,,,,,,,,,,,,,,,,,,,,,,,,,,,,,,,,,,,,,,,,,,,,,,,,,,,,,,,,,,,,,,,,,,,,,,,,,,,,,,,,,,,,,,,,,,,,
145,rlbg186u,,0,12,12,Exp2_Section_4,EndSurvey,2024-09-26 16:39:55.116354,1,,,0.0,,,,,,,,,,,,,,519akakd,,,,,0,Experiment_2_Skewness_Preference,https://app.prolific.com/submissions/complete?cc=C1BTHULB,0.0,1.0,145,,0.0,65c10f720f94a8697e141aa1,1,1,145,,0.0,B,C,D,A,C,B,C,B,C,A,BCDACBCBCA,0.2,0,0.0,1,1,145,,0.0,noisy,explanation,Choice A,Fail,red,20,3,3,Not Sure,1,1,145,,0.0,0,0,1,0,0,0,0,0,0,"Business, customer service, retail ",It was fine! I have no feedback,1,1,,,,,,,,,,,,,,,,,,,,,,,,,,,,,,,,,,,,,,,,,,,,,,,,,,,,,,,,,,,,,,,,,,,,,,,,,,,,,,,,,,,,,,,,,,,,,,,,,,,,,,,,,,,,,,,,,,,,,,,,,,,,,,,,,,,,,,,,,,,,,,,,,,,,,,,,,,,,,,,,,,,,,,,,,,,,,,,,,,,,,,,,,,,,,,,,,,,,,,,,,,,,,,,,,,,,,,,,,,,,,,,,,,,,,,,,,,,,,,,,,,,,,,,,,,,,,,,,,,,,,,,,,,,,,,,,,,,,,,,,,,,,,,,,,,,,,,,,,,,,,,,,,,,,,,,,,,,,,,,,,,,,,,,,,,,,,,,,,,,,,,,,,,,,,,,,,,,,
146,ngqh94r4,,0,12,12,Exp2_Section_4,EndSurvey,2024-09-26 16:39:58.012322,1,,,0.0,,,,,,,,,,,,,,519akakd,,,,,0,Experiment_2_Skewness_Preference,https://app.prolific.com/submissions/complete?cc=C1BTHULB,0.0,1.0,146,,0.0,63ea74a7e00a26d45e75244c,1,1,146,,0.0,B,C,A,D,A,B,C,B,D,A,BCADABCBDA,0.1,0,0.0,1,1,146,,0.0,noisy,explanation,Choice B,Fail,red,50,5,4,Pass Box,1,1,146,,0.0,0,0,0,1,1,0,0,0,0,Photography,no,1,1,,,,,,,,,,,,,,,,,,,,,,,,,,,,,,,,,,,,,,,,,,,,,,,,,,,,,,,,,,,,,,,,,,,,,,,,,,,,,,,,,,,,,,,,,,,,,,,,,,,,,,,,,,,,,,,,,,,,,,,,,,,,,,,,,,,,,,,,,,,,,,,,,,,,,,,,,,,,,,,,,,,,,,,,,,,,,,,,,,,,,,,,,,,,,,,,,,,,,,,,,,,,,,,,,,,,,,,,,,,,,,,,,,,,,,,,,,,,,,,,,,,,,,,,,,,,,,,,,,,,,,,,,,,,,,,,,,,,,,,,,,,,,,,,,,,,,,,,,,,,,,,,,,,,,,,,,,,,,,,,,,,,,,,,,,,,,,,,,,,,,,,,,,,,,,,,,,,,
147,1ih5dqg7,,0,12,12,Exp2_Section_4,EndSurvey,2024-09-26 16:39:58.421050,1,,,0.0,,,,,,,,,,,,,,519akakd,,,,,0,Experiment_2_Skewness_Preference,https://app.prolific.com/submissions/complete?cc=C1BTHULB,0.0,1.0,147,,0.0,62c4d5821033848c1dc3667b,1,1,147,,0.0,A,A,A,C,B,B,C,C,D,A,AAACBBCCDA,0.5,0,0.0,1,1,147,,0.0,noisy,explanation,Choice B,Pass,red,25,2,5,Pass Box,1,1,147,,0.0,0,0,1,0,0,0,0,0,0,Construction,All was good,1,1,,,,,,,,,,,,,,,,,,,,,,,,,,,,,,,,,,,,,,,,,,,,,,,,,,,,,,,,,,,,,,,,,,,,,,,,,,,,,,,,,,,,,,,,,,,,,,,,,,,,,,,,,,,,,,,,,,,,,,,,,,,,,,,,,,,,,,,,,,,,,,,,,,,,,,,,,,,,,,,,,,,,,,,,,,,,,,,,,,,,,,,,,,,,,,,,,,,,,,,,,,,,,,,,,,,,,,,,,,,,,,,,,,,,,,,,,,,,,,,,,,,,,,,,,,,,,,,,,,,,,,,,,,,,,,,,,,,,,,,,,,,,,,,,,,,,,,,,,,,,,,,,,,,,,,,,,,,,,,,,,,,,,,,,,,,,,,,,,,,,,,,,,,,,,,,,,,,,
148,92j9hlre,,0,12,12,Exp2_Section_4,EndSurvey,2024-09-26 16:39:59.452578,1,,,0.0,,,,,,,,,,,,,,519akakd,,,,,0,Experiment_2_Skewness_Preference,https://app.prolific.com/submissions/complete?cc=C1BTHULB,0.0,1.0,148,,0.0,60cd62911c33e553507b7c84,1,1,148,,0.0,D,A,C,C,D,A,D,B,A,B,DACCDADBAB,0.4,0,0.0,1,1,148,,0.0,noisy,explanation,Choice B,Pass,red,65,5,4,Pass Box,1,1,148,,0.0,0,0,1,0,0,0,0,0,0,Engineering,,1,1,,,,,,,,,,,,,,,,,,,,,,,,,,,,,,,,,,,,,,,,,,,,,,,,,,,,,,,,,,,,,,,,,,,,,,,,,,,,,,,,,,,,,,,,,,,,,,,,,,,,,,,,,,,,,,,,,,,,,,,,,,,,,,,,,,,,,,,,,,,,,,,,,,,,,,,,,,,,,,,,,,,,,,,,,,,,,,,,,,,,,,,,,,,,,,,,,,,,,,,,,,,,,,,,,,,,,,,,,,,,,,,,,,,,,,,,,,,,,,,,,,,,,,,,,,,,,,,,,,,,,,,,,,,,,,,,,,,,,,,,,,,,,,,,,,,,,,,,,,,,,,,,,,,,,,,,,,,,,,,,,,,,,,,,,,,,,,,,,,,,,,,,,,,,,,,,,,,,
149,txolmovn,,0,12,12,Exp2_Section_4,EndSurvey,2024-09-26 16:40:00.463404,1,,,0.0,,,,,,,,,,,,,,519akakd,,,,,0,Experiment_2_Skewness_Preference,https://app.prolific.com/submissions/complete?cc=C1BTHULB,0.0,1.0,149,,0.0,5dd3f4045686c13de81c0b20,1,1,149,,0.0,D,C,A,C,D,,,,,,DCACD_____,0.0,1,2.679,1,1,149,,0.0,noisy,explanation,Choice B,Pass,red,0,0,0,Pass Box,1,1,149,,0.0,0,0,1,0,0,0,0,0,0,Communications and work in Marketing,Experience was fine,1,1,,,,,,,,,,,,,,,,,,,,,,,,,,,,,,,,,,,,,,,,,,,,,,,,,,,,,,,,,,,,,,,,,,,,,,,,,,,,,,,,,,,,,,,,,,,,,,,,,,,,,,,,,,,,,,,,,,,,,,,,,,,,,,,,,,,,,,,,,,,,,,,,,,,,,,,,,,,,,,,,,,,,,,,,,,,,,,,,,,,,,,,,,,,,,,,,,,,,,,,,,,,,,,,,,,,,,,,,,,,,,,,,,,,,,,,,,,,,,,,,,,,,,,,,,,,,,,,,,,,,,,,,,,,,,,,,,,,,,,,,,,,,,,,,,,,,,,,,,,,,,,,,,,,,,,,,,,,,,,,,,,,,,,,,,,,,,,,,,,,,,,,,,,,,,,,,,,,,
150,0rlw0ohd,,0,5,12,Exp2_Section_2_3,Section_2,2024-09-26 16:40:01.272590,1,,,0.0,,,,,,,,,,,,,,519akakd,,,,,0,Experiment_2_Skewness_Preference,https://app.prolific.com/submissions/complete?cc=C1BTHULB,0.0,1.0,150,,0.0,669f7423c9c40ff7e52f3c3a,1,1,150,,0.0,A,A,,,,,,,,,AA________,0.2,1,4.181,1,1,150,,0.0,,,,,,,,,,1,1,150,,0.0,0,0,0,0,0,0,0,0,0,FALSE,FALSE,1,1,,,,,,,,,,,,,,,,,,,,,,,,,,,,,,,,,,,,,,,,,,,,,,,,,,,,,,,,,,,,,,,,,,,,,,,,,,,,,,,,,,,,,,,,,,,,,,,,,,,,,,,,,,,,,,,,,,,,,,,,,,,,,,,,,,,,,,,,,,,,,,,,,,,,,,,,,,,,,,,,,,,,,,,,,,,,,,,,,,,,,,,,,,,,,,,,,,,,,,,,,,,,,,,,,,,,,,,,,,,,,,,,,,,,,,,,,,,,,,,,,,,,,,,,,,,,,,,,,,,,,,,,,,,,,,,,,,,,,,,,,,,,,,,,,,,,,,,,,,,,,,,,,,,,,,,,,,,,,,,,,,,,,,,,,,,,,,,,,,,,,,,,,,,,,,,,,,,,
151,u0an190z,,0,12,12,Exp2_Section_4,EndSurvey,2024-09-26 16:40:01.636670,1,,,0.0,,,,,,,,,,,,,,519akakd,,,,,0,Experiment_2_Skewness_Preference,https://app.prolific.com/submissions/complete?cc=C1BTHULB,0.0,1.0,151,,0.0,60fcf739dac98b7590a790dd,1,1,151,,0.0,B,D,C,A,B,C,C,A,C,A,BDCABCCACA,0.3,0,0.0,1,1,151,,0.0,noisy,explanation,Choice B,Pass,red,20,1,2,Pass Box,1,1,151,,0.0,0,1,0,0,0,0,0,0,0,"I mostly studied physics, math and the like for my degree in Audio Engineering but have a passion and much better at english, language, and writing subjects. I have worked mostly in hospitality, entertainment, media, and retail",,1,1,,,,,,,,,,,,,,,,,,,,,,,,,,,,,,,,,,,,,,,,,,,,,,,,,,,,,,,,,,,,,,,,,,,,,,,,,,,,,,,,,,,,,,,,,,,,,,,,,,,,,,,,,,,,,,,,,,,,,,,,,,,,,,,,,,,,,,,,,,,,,,,,,,,,,,,,,,,,,,,,,,,,,,,,,,,,,,,,,,,,,,,,,,,,,,,,,,,,,,,,,,,,,,,,,,,,,,,,,,,,,,,,,,,,,,,,,,,,,,,,,,,,,,,,,,,,,,,,,,,,,,,,,,,,,,,,,,,,,,,,,,,,,,,,,,,,,,,,,,,,,,,,,,,,,,,,,,,,,,,,,,,,,,,,,,,,,,,,,,,,,,,,,,,,,,,,,,,,
152,dzvyjwjk,,0,12,12,Exp2_Section_4,EndSurvey,2024-09-26 16:40:02.646613,1,,,0.0,,,,,,,,,,,,,,519akakd,,,,,0,Experiment_2_Skewness_Preference,https://app.prolific.com/submissions/complete?cc=C1BTHULB,0.0,1.0,152,,0.0,66da9567956f0942b485500e,1,1,152,,0.0,D,C,B,C,C,A,D,C,A,B,DCBCCADCAB,0.3,0,0.0,1,1,152,,0.0,noisy,explanation,Choice A,Fail,red,20,3,5,Fail Box,1,1,152,,0.0,0,0,1,0,0,0,0,0,0,"STEM, health sciences","I felt challenged by the quiz at the beginning as well as the sections that followed. I do not have to solve those types of problems in my daily life, so I felt that this study was especially difficult for me.",1,1,,,,,,,,,,,,,,,,,,,,,,,,,,,,,,,,,,,,,,,,,,,,,,,,,,,,,,,,,,,,,,,,,,,,,,,,,,,,,,,,,,,,,,,,,,,,,,,,,,,,,,,,,,,,,,,,,,,,,,,,,,,,,,,,,,,,,,,,,,,,,,,,,,,,,,,,,,,,,,,,,,,,,,,,,,,,,,,,,,,,,,,,,,,,,,,,,,,,,,,,,,,,,,,,,,,,,,,,,,,,,,,,,,,,,,,,,,,,,,,,,,,,,,,,,,,,,,,,,,,,,,,,,,,,,,,,,,,,,,,,,,,,,,,,,,,,,,,,,,,,,,,,,,,,,,,,,,,,,,,,,,,,,,,,,,,,,,,,,,,,,,,,,,,,,,,,,,,,
153,csy7fyxr,,0,12,12,Exp2_Section_4,EndSurvey,2024-09-26 16:40:07.221188,1,,,0.0,,,,,,,,,,,,,,519akakd,,,,,0,Experiment_2_Skewness_Preference,https://app.prolific.com/submissions/complete?cc=C1BTHULB,0.0,1.0,153,,0.0,654190f7973d929b51d3beb2,1,1,153,,0.0,C,A,B,B,C,B,A,B,D,B,CABBCBABDB,0.4,0,0.0,1,1,153,,0.0,noisy,explanation,Choice B,Pass,red,60,7,3,Fail Box,1,1,153,,0.0,0,0,1,0,0,0,0,0,0,Education ,,1,1,,,,,,,,,,,,,,,,,,,,,,,,,,,,,,,,,,,,,,,,,,,,,,,,,,,,,,,,,,,,,,,,,,,,,,,,,,,,,,,,,,,,,,,,,,,,,,,,,,,,,,,,,,,,,,,,,,,,,,,,,,,,,,,,,,,,,,,,,,,,,,,,,,,,,,,,,,,,,,,,,,,,,,,,,,,,,,,,,,,,,,,,,,,,,,,,,,,,,,,,,,,,,,,,,,,,,,,,,,,,,,,,,,,,,,,,,,,,,,,,,,,,,,,,,,,,,,,,,,,,,,,,,,,,,,,,,,,,,,,,,,,,,,,,,,,,,,,,,,,,,,,,,,,,,,,,,,,,,,,,,,,,,,,,,,,,,,,,,,,,,,,,,,,,,,,,,,,,
154,jktfn4m8,,0,12,12,Exp2_Section_4,EndSurvey,2024-09-26 16:40:14.650589,1,,,0.0,,,,,,,,,,,,,,519akakd,,,,,0,Experiment_2_Skewness_Preference,https://app.prolific.com/submissions/complete?cc=C1BTHULB,0.0,1.0,154,,0.0,6307a5e6e8a35c5eaeddb421,1,1,154,,0.0,D,B,A,C,B,A,A,D,C,B,DBACBAADCB,0.3,0,0.0,1,1,154,,0.0,noisy,explanation,Choice A,Fail,red,5,1,10,Pass Box,1,1,154,,0.0,0,0,1,0,0,0,0,0,0,"ENGLISH, TYPING, BOOKKEEPING  OFFICE ADMINISTRATOR  TRUCK DRIVER",I AM A COMPLETE FAILURE AT MATH! ,1,1,,,,,,,,,,,,,,,,,,,,,,,,,,,,,,,,,,,,,,,,,,,,,,,,,,,,,,,,,,,,,,,,,,,,,,,,,,,,,,,,,,,,,,,,,,,,,,,,,,,,,,,,,,,,,,,,,,,,,,,,,,,,,,,,,,,,,,,,,,,,,,,,,,,,,,,,,,,,,,,,,,,,,,,,,,,,,,,,,,,,,,,,,,,,,,,,,,,,,,,,,,,,,,,,,,,,,,,,,,,,,,,,,,,,,,,,,,,,,,,,,,,,,,,,,,,,,,,,,,,,,,,,,,,,,,,,,,,,,,,,,,,,,,,,,,,,,,,,,,,,,,,,,,,,,,,,,,,,,,,,,,,,,,,,,,,,,,,,,,,,,,,,,,,,,,,,,,,,
155,gvy8cjtg,,0,12,12,Exp2_Section_4,EndSurvey,2024-09-26 16:40:25.846072,1,,,0.0,,,,,,,,,,,,,,519akakd,,,,,0,Experiment_2_Skewness_Preference,https://app.prolific.com/submissions/complete?cc=C1BTHULB,0.0,1.0,155,,0.0,60ff38bc9714007ce071f304,1,1,155,,0.0,B,D,B,C,C,C,C,C,C,C,BDBCCCCCCC,0.2,0,0.0,1,1,155,,0.0,noisy,explanation,Choice A,Pass,black,20,1,2,Pass Box,1,1,155,,0.0,0,0,1,0,0,0,0,0,0,"Marketing, Psychology, Finance, Accouting",,1,1,,,,,,,,,,,,,,,,,,,,,,,,,,,,,,,,,,,,,,,,,,,,,,,,,,,,,,,,,,,,,,,,,,,,,,,,,,,,,,,,,,,,,,,,,,,,,,,,,,,,,,,,,,,,,,,,,,,,,,,,,,,,,,,,,,,,,,,,,,,,,,,,,,,,,,,,,,,,,,,,,,,,,,,,,,,,,,,,,,,,,,,,,,,,,,,,,,,,,,,,,,,,,,,,,,,,,,,,,,,,,,,,,,,,,,,,,,,,,,,,,,,,,,,,,,,,,,,,,,,,,,,,,,,,,,,,,,,,,,,,,,,,,,,,,,,,,,,,,,,,,,,,,,,,,,,,,,,,,,,,,,,,,,,,,,,,,,,,,,,,,,,,,,,,,,,,,,,,
156,3xe04tqp,,0,12,12,Exp2_Section_4,EndSurvey,2024-09-26 16:40:33.088401,1,,,0.0,,,,,,,,,,,,,,519akakd,,,,,0,Experiment_2_Skewness_Preference,https://app.prolific.com/submissions/complete?cc=C1BTHULB,0.0,1.0,156,,0.0,63b6da008821133bd90e92aa,1,1,156,,0.0,D,A,D,C,B,D,A,C,,,DADCBDAC__,0.3,0,0.0,1,1,156,,0.0,noisy,explanation,Choice A,Pass,black,30,4,3,Pass Box,1,1,156,,0.0,0,0,1,0,0,0,0,0,0,math,a little sadden I need to brush up on my algebra ,1,1,,,,,,,,,,,,,,,,,,,,,,,,,,,,,,,,,,,,,,,,,,,,,,,,,,,,,,,,,,,,,,,,,,,,,,,,,,,,,,,,,,,,,,,,,,,,,,,,,,,,,,,,,,,,,,,,,,,,,,,,,,,,,,,,,,,,,,,,,,,,,,,,,,,,,,,,,,,,,,,,,,,,,,,,,,,,,,,,,,,,,,,,,,,,,,,,,,,,,,,,,,,,,,,,,,,,,,,,,,,,,,,,,,,,,,,,,,,,,,,,,,,,,,,,,,,,,,,,,,,,,,,,,,,,,,,,,,,,,,,,,,,,,,,,,,,,,,,,,,,,,,,,,,,,,,,,,,,,,,,,,,,,,,,,,,,,,,,,,,,,,,,,,,,,,,,,,,,,
157,84mpa040,,0,12,12,Exp2_Section_4,EndSurvey,2024-09-26 16:40:36.054368,1,,,0.0,,,,,,,,,,,,,,519akakd,,,,,0,Experiment_2_Skewness_Preference,https://app.prolific.com/submissions/complete?cc=C1BTHULB,0.0,1.0,157,,0.0,66a2acb597ea1ad013ca9367,1,1,157,,0.0,D,C,B,C,D,D,D,A,C,B,DCBCDDDACB,0.3,0,0.0,1,1,157,,0.0,noisy,explanation,Choice A,Pass,black,0,0,0,Pass Box,1,1,157,,0.0,0,1,1,0,0,0,0,0,0,Administrative ,Very stressful.  I haven't done math in over 30 years and barely passed it then,1,1,,,,,,,,,,,,,,,,,,,,,,,,,,,,,,,,,,,,,,,,,,,,,,,,,,,,,,,,,,,,,,,,,,,,,,,,,,,,,,,,,,,,,,,,,,,,,,,,,,,,,,,,,,,,,,,,,,,,,,,,,,,,,,,,,,,,,,,,,,,,,,,,,,,,,,,,,,,,,,,,,,,,,,,,,,,,,,,,,,,,,,,,,,,,,,,,,,,,,,,,,,,,,,,,,,,,,,,,,,,,,,,,,,,,,,,,,,,,,,,,,,,,,,,,,,,,,,,,,,,,,,,,,,,,,,,,,,,,,,,,,,,,,,,,,,,,,,,,,,,,,,,,,,,,,,,,,,,,,,,,,,,,,,,,,,,,,,,,,,,,,,,,,,,,,,,,,,,,
158,htsqmimu,,0,12,12,Exp2_Section_4,EndSurvey,2024-09-26 16:40:39.324447,1,,,0.0,,,,,,,,,,,,,,519akakd,,,,,0,Experiment_2_Skewness_Preference,https://app.prolific.com/submissions/complete?cc=C1BTHULB,0.0,1.0,158,,0.0,663299bd26d3b17faac2370f,1,1,158,,0.0,D,A,B,C,B,B,C,A,B,B,DABCBBCABB,0.4,0,0.0,1,1,158,,0.0,noisy,explanation,Choice A,Fail,red,20,2,5,Fail Box,1,1,158,,0.0,0,0,1,0,0,0,0,0,0,general studies,fair I never liked school,1,1,,,,,,,,,,,,,,,,,,,,,,,,,,,,,,,,,,,,,,,,,,,,,,,,,,,,,,,,,,,,,,,,,,,,,,,,,,,,,,,,,,,,,,,,,,,,,,,,,,,,,,,,,,,,,,,,,,,,,,,,,,,,,,,,,,,,,,,,,,,,,,,,,,,,,,,,,,,,,,,,,,,,,,,,,,,,,,,,,,,,,,,,,,,,,,,,,,,,,,,,,,,,,,,,,,,,,,,,,,,,,,,,,,,,,,,,,,,,,,,,,,,,,,,,,,,,,,,,,,,,,,,,,,,,,,,,,,,,,,,,,,,,,,,,,,,,,,,,,,,,,,,,,,,,,,,,,,,,,,,,,,,,,,,,,,,,,,,,,,,,,,,,,,,,,,,,,,,,
159,2ipujm8g,,0,4,12,Exp2_Section_1,Conclusion,2024-09-26 16:40:41.573532,1,,,0.0,,,,,,,,,,,,,,519akakd,,,,,0,Experiment_2_Skewness_Preference,https://app.prolific.com/submissions/complete?cc=C1BTHULB,0.0,1.0,159,,0.0,6397daa17af535b69fa078df,1,1,159,,0.0,,,,,,,,,,,__________,0.0,0,0.0,1,1,159,,0.0,,,,,,,,,,1,1,159,,0.0,0,0,0,0,0,0,0,0,0,FALSE,FALSE,1,1,,,,,,,,,,,,,,,,,,,,,,,,,,,,,,,,,,,,,,,,,,,,,,,,,,,,,,,,,,,,,,,,,,,,,,,,,,,,,,,,,,,,,,,,,,,,,,,,,,,,,,,,,,,,,,,,,,,,,,,,,,,,,,,,,,,,,,,,,,,,,,,,,,,,,,,,,,,,,,,,,,,,,,,,,,,,,,,,,,,,,,,,,,,,,,,,,,,,,,,,,,,,,,,,,,,,,,,,,,,,,,,,,,,,,,,,,,,,,,,,,,,,,,,,,,,,,,,,,,,,,,,,,,,,,,,,,,,,,,,,,,,,,,,,,,,,,,,,,,,,,,,,,,,,,,,,,,,,,,,,,,,,,,,,,,,,,,,,,,,,,,,,,,,,,,,,,,,,
160,hc7jmb1a,,0,12,12,Exp2_Section_4,EndSurvey,2024-09-26 16:40:50.365977,1,,,0.0,,,,,,,,,,,,,,519akakd,,,,,0,Experiment_2_Skewness_Preference,https://app.prolific.com/submissions/complete?cc=C1BTHULB,0.0,1.0,160,,0.0,66f548c3419313e6747c9867,1,1,160,,0.0,D,A,B,C,C,B,C,B,B,B,DABCCBCBBB,0.3,0,0.0,1,1,160,,0.0,noisy,explanation,Choice B,Fail,red,50,4,6,Not Sure,1,1,160,,0.0,0,0,1,0,0,0,0,0,0,In high school and in college I was an art major. Besides my main focus I also have a fascination with history and English.,This was a very straightforward test. The process was simple and the statements were thorough and easy to understand.,1,1,,,,,,,,,,,,,,,,,,,,,,,,,,,,,,,,,,,,,,,,,,,,,,,,,,,,,,,,,,,,,,,,,,,,,,,,,,,,,,,,,,,,,,,,,,,,,,,,,,,,,,,,,,,,,,,,,,,,,,,,,,,,,,,,,,,,,,,,,,,,,,,,,,,,,,,,,,,,,,,,,,,,,,,,,,,,,,,,,,,,,,,,,,,,,,,,,,,,,,,,,,,,,,,,,,,,,,,,,,,,,,,,,,,,,,,,,,,,,,,,,,,,,,,,,,,,,,,,,,,,,,,,,,,,,,,,,,,,,,,,,,,,,,,,,,,,,,,,,,,,,,,,,,,,,,,,,,,,,,,,,,,,,,,,,,,,,,,,,,,,,,,,,,,,,,,,,,,,
161,9ie9rtiz,,0,12,12,Exp2_Section_4,EndSurvey,2024-09-26 16:40:54.204009,1,,,0.0,,,,,,,,,,,,,,519akakd,,,,,0,Experiment_2_Skewness_Preference,https://app.prolific.com/submissions/complete?cc=C1BTHULB,0.0,1.0,161,,0.0,5f81b5dddf03dd0754915ca6,1,1,161,,0.0,C,C,C,C,C,C,C,C,C,C,CCCCCCCCCC,0.3,0,0.0,1,1,161,,0.0,noisy,explanation,Choice B,Pass,red,50,0,2,Not Sure,1,1,161,,0.0,0,0,1,0,0,0,0,0,0,"Normal high school subjects, up o the 9th grade and then got my GED","This was absolutely out of my territory, math has always been my worst subject.",1,1,,,,,,,,,,,,,,,,,,,,,,,,,,,,,,,,,,,,,,,,,,,,,,,,,,,,,,,,,,,,,,,,,,,,,,,,,,,,,,,,,,,,,,,,,,,,,,,,,,,,,,,,,,,,,,,,,,,,,,,,,,,,,,,,,,,,,,,,,,,,,,,,,,,,,,,,,,,,,,,,,,,,,,,,,,,,,,,,,,,,,,,,,,,,,,,,,,,,,,,,,,,,,,,,,,,,,,,,,,,,,,,,,,,,,,,,,,,,,,,,,,,,,,,,,,,,,,,,,,,,,,,,,,,,,,,,,,,,,,,,,,,,,,,,,,,,,,,,,,,,,,,,,,,,,,,,,,,,,,,,,,,,,,,,,,,,,,,,,,,,,,,,,,,,,,,,,,,,
162,56103bmj,,0,12,12,Exp2_Section_4,EndSurvey,2024-09-26 16:40:54.367941,1,,,0.0,,,,,,,,,,,,,,519akakd,,,,,0,Experiment_2_Skewness_Preference,https://app.prolific.com/submissions/complete?cc=C1BTHULB,0.0,1.0,162,,0.0,6560d73f80824412a8a74260,1,1,162,,0.0,B,C,B,C,D,B,A,B,C,A,BCBCDBABCA,0.2,0,0.0,1,1,162,,0.0,noisy,explanation,Choice B,Fail,black,30,4,5,Fail Box,1,1,162,,0.0,0,0,1,0,0,0,0,0,0,"Psychology, English, Public Communcation",There were no issues with the process. I enjoyed participating in this study.,1,1,,,,,,,,,,,,,,,,,,,,,,,,,,,,,,,,,,,,,,,,,,,,,,,,,,,,,,,,,,,,,,,,,,,,,,,,,,,,,,,,,,,,,,,,,,,,,,,,,,,,,,,,,,,,,,,,,,,,,,,,,,,,,,,,,,,,,,,,,,,,,,,,,,,,,,,,,,,,,,,,,,,,,,,,,,,,,,,,,,,,,,,,,,,,,,,,,,,,,,,,,,,,,,,,,,,,,,,,,,,,,,,,,,,,,,,,,,,,,,,,,,,,,,,,,,,,,,,,,,,,,,,,,,,,,,,,,,,,,,,,,,,,,,,,,,,,,,,,,,,,,,,,,,,,,,,,,,,,,,,,,,,,,,,,,,,,,,,,,,,,,,,,,,,,,,,,,,,,
163,m480c1ps,,0,12,12,Exp2_Section_4,EndSurvey,2024-09-26 16:40:54.528835,1,,,0.0,,,,,,,,,,,,,,519akakd,,,,,0,Experiment_2_Skewness_Preference,https://app.prolific.com/submissions/complete?cc=C1BTHULB,0.0,1.0,163,,0.0,66620f7005ba52a06a843324,1,1,163,,0.0,D,A,A,D,B,C,B,C,B,B,DAADBCBCBB,0.4,0,0.0,1,1,163,,0.0,noisy,explanation,Choice A,Pass,black,50,2,2,Pass Box,1,1,163,,0.0,1,1,1,0,0,0,0,0,0,"I studied Fashion Design. In addition to Fashion, I have worked in hospitality, real estate, insurance and manufacturing",None,1,1,,,,,,,,,,,,,,,,,,,,,,,,,,,,,,,,,,,,,,,,,,,,,,,,,,,,,,,,,,,,,,,,,,,,,,,,,,,,,,,,,,,,,,,,,,,,,,,,,,,,,,,,,,,,,,,,,,,,,,,,,,,,,,,,,,,,,,,,,,,,,,,,,,,,,,,,,,,,,,,,,,,,,,,,,,,,,,,,,,,,,,,,,,,,,,,,,,,,,,,,,,,,,,,,,,,,,,,,,,,,,,,,,,,,,,,,,,,,,,,,,,,,,,,,,,,,,,,,,,,,,,,,,,,,,,,,,,,,,,,,,,,,,,,,,,,,,,,,,,,,,,,,,,,,,,,,,,,,,,,,,,,,,,,,,,,,,,,,,,,,,,,,,,,,,,,,,,,,
164,ooy1wjou,,0,12,12,Exp2_Section_4,EndSurvey,2024-09-26 16:40:56.838382,1,,,0.0,,,,,,,,,,,,,,519akakd,,,,,0,Experiment_2_Skewness_Preference,https://app.prolific.com/submissions/complete?cc=C1BTHULB,0.0,1.0,164,,0.0,6651e2b211d6c89996be31f2,1,1,164,,0.0,B,C,B,C,A,B,,,,,BCBCAB____,0.1,0,0.0,1,1,164,,0.0,noisy,explanation,Choice A,Fail,red,20,3,4,Fail Box,1,1,164,,0.0,0,0,1,0,1,0,0,0,0,"Math, science, history. food service, retail"," unprepared I feel like, this was very different.",1,1,,,,,,,,,,,,,,,,,,,,,,,,,,,,,,,,,,,,,,,,,,,,,,,,,,,,,,,,,,,,,,,,,,,,,,,,,,,,,,,,,,,,,,,,,,,,,,,,,,,,,,,,,,,,,,,,,,,,,,,,,,,,,,,,,,,,,,,,,,,,,,,,,,,,,,,,,,,,,,,,,,,,,,,,,,,,,,,,,,,,,,,,,,,,,,,,,,,,,,,,,,,,,,,,,,,,,,,,,,,,,,,,,,,,,,,,,,,,,,,,,,,,,,,,,,,,,,,,,,,,,,,,,,,,,,,,,,,,,,,,,,,,,,,,,,,,,,,,,,,,,,,,,,,,,,,,,,,,,,,,,,,,,,,,,,,,,,,,,,,,,,,,,,,,,,,,,,,,
165,p74zjidb,,0,12,12,Exp2_Section_4,EndSurvey,2024-09-26 16:40:59.951574,1,,,0.0,,,,,,,,,,,,,,519akakd,,,,,0,Experiment_2_Skewness_Preference,https://app.prolific.com/submissions/complete?cc=C1BTHULB,0.0,1.0,165,,0.0,59ace492321f870001d16fcb,1,1,165,,0.0,C,B,B,B,A,A,C,D,B,A,CBBBAACDBA,0.1,0,0.0,1,1,165,,0.0,noisy,explanation,Choice A,Fail,red,30,3,3,Fail Box,1,1,165,,0.0,0,0,1,0,0,0,0,0,0,"The main subjects in school were the basic ones including math, science, and health.  I have worked in a couple different warehouses. ",,1,1,,,,,,,,,,,,,,,,,,,,,,,,,,,,,,,,,,,,,,,,,,,,,,,,,,,,,,,,,,,,,,,,,,,,,,,,,,,,,,,,,,,,,,,,,,,,,,,,,,,,,,,,,,,,,,,,,,,,,,,,,,,,,,,,,,,,,,,,,,,,,,,,,,,,,,,,,,,,,,,,,,,,,,,,,,,,,,,,,,,,,,,,,,,,,,,,,,,,,,,,,,,,,,,,,,,,,,,,,,,,,,,,,,,,,,,,,,,,,,,,,,,,,,,,,,,,,,,,,,,,,,,,,,,,,,,,,,,,,,,,,,,,,,,,,,,,,,,,,,,,,,,,,,,,,,,,,,,,,,,,,,,,,,,,,,,,,,,,,,,,,,,,,,,,,,,,,,,,
166,4uhhlekl,,0,5,12,Exp2_Section_2_3,Section_2,2024-09-26 16:41:01.876534,1,,,0.0,,,,,,,,,,,,,,519akakd,,,,,0,Experiment_2_Skewness_Preference,https://app.prolific.com/submissions/complete?cc=C1BTHULB,0.0,1.0,166,,0.0,663100cbf9126a4bda99b0a1,1,1,166,,0.0,B,C,B,B,B,B,A,A,B,A,BCBBBBAABA,0.3,0,0.0,1,1,166,,0.0,,,,,,,,,,1,1,166,,0.0,0,0,0,0,0,0,0,0,0,FALSE,FALSE,1,1,,,,,,,,,,,,,,,,,,,,,,,,,,,,,,,,,,,,,,,,,,,,,,,,,,,,,,,,,,,,,,,,,,,,,,,,,,,,,,,,,,,,,,,,,,,,,,,,,,,,,,,,,,,,,,,,,,,,,,,,,,,,,,,,,,,,,,,,,,,,,,,,,,,,,,,,,,,,,,,,,,,,,,,,,,,,,,,,,,,,,,,,,,,,,,,,,,,,,,,,,,,,,,,,,,,,,,,,,,,,,,,,,,,,,,,,,,,,,,,,,,,,,,,,,,,,,,,,,,,,,,,,,,,,,,,,,,,,,,,,,,,,,,,,,,,,,,,,,,,,,,,,,,,,,,,,,,,,,,,,,,,,,,,,,,,,,,,,,,,,,,,,,,,,,,,,,,,,
167,1peskgg2,,0,12,12,Exp2_Section_4,EndSurvey,2024-09-26 16:41:05.735066,1,,,0.0,,,,,,,,,,,,,,519akakd,,,,,0,Experiment_2_Skewness_Preference,https://app.prolific.com/submissions/complete?cc=C1BTHULB,0.0,1.0,167,,0.0,5b54ce6fb7ef510001676f99,1,1,167,,0.0,D,C,B,D,A,B,D,D,B,B,DCBDABDDBB,0.3,0,0.0,1,1,167,,0.0,noisy,explanation,Choice B,Fail,black,70,4,5,Fail Box,1,1,167,,0.0,0,1,1,0,0,0,0,0,0,Physics,"I felt a little rushed with the time limit, the questions were all things I could answer, but I am out of practice and would need more time to do a good job. When I ran out of time I guessed on the remaining questions. ",1,1,,,,,,,,,,,,,,,,,,,,,,,,,,,,,,,,,,,,,,,,,,,,,,,,,,,,,,,,,,,,,,,,,,,,,,,,,,,,,,,,,,,,,,,,,,,,,,,,,,,,,,,,,,,,,,,,,,,,,,,,,,,,,,,,,,,,,,,,,,,,,,,,,,,,,,,,,,,,,,,,,,,,,,,,,,,,,,,,,,,,,,,,,,,,,,,,,,,,,,,,,,,,,,,,,,,,,,,,,,,,,,,,,,,,,,,,,,,,,,,,,,,,,,,,,,,,,,,,,,,,,,,,,,,,,,,,,,,,,,,,,,,,,,,,,,,,,,,,,,,,,,,,,,,,,,,,,,,,,,,,,,,,,,,,,,,,,,,,,,,,,,,,,,,,,,,,,,,,
168,ape2lfx6,,0,12,12,Exp2_Section_4,EndSurvey,2024-09-26 16:41:06.536366,1,,,0.0,,,,,,,,,,,,,,519akakd,,,,,0,Experiment_2_Skewness_Preference,https://app.prolific.com/submissions/complete?cc=C1BTHULB,0.0,1.0,168,,0.0,63cffe69ec33b3a776d6660e,1,1,168,,0.0,D,A,B,C,C,B,C,B,B,C,DABCCBCBBC,0.2,2,9.174,1,1,168,,0.0,noisy,explanation,Choice B,Pass,red,25,3,2,Pass Box,1,1,168,,0.0,0,0,1,0,0,0,0,0,0,I have studied management and education,The math questions were fairly difficult just because it is something that I do not use everyday,1,1,,,,,,,,,,,,,,,,,,,,,,,,,,,,,,,,,,,,,,,,,,,,,,,,,,,,,,,,,,,,,,,,,,,,,,,,,,,,,,,,,,,,,,,,,,,,,,,,,,,,,,,,,,,,,,,,,,,,,,,,,,,,,,,,,,,,,,,,,,,,,,,,,,,,,,,,,,,,,,,,,,,,,,,,,,,,,,,,,,,,,,,,,,,,,,,,,,,,,,,,,,,,,,,,,,,,,,,,,,,,,,,,,,,,,,,,,,,,,,,,,,,,,,,,,,,,,,,,,,,,,,,,,,,,,,,,,,,,,,,,,,,,,,,,,,,,,,,,,,,,,,,,,,,,,,,,,,,,,,,,,,,,,,,,,,,,,,,,,,,,,,,,,,,,,,,,,,,,
169,mqinajtg,,0,4,12,Exp2_Section_1,Conclusion,2024-09-26 16:41:15.574800,1,,,0.0,,,,,,,,,,,,,,519akakd,,,,,0,Experiment_2_Skewness_Preference,https://app.prolific.com/submissions/complete?cc=C1BTHULB,0.0,1.0,169,,0.0,629638416146d56a43e5e028,1,1,169,,0.0,,,,,,,,,,,__________,0.0,0,0.0,1,1,169,,0.0,,,,,,,,,,1,1,169,,0.0,0,0,0,0,0,0,0,0,0,FALSE,FALSE,1,1,,,,,,,,,,,,,,,,,,,,,,,,,,,,,,,,,,,,,,,,,,,,,,,,,,,,,,,,,,,,,,,,,,,,,,,,,,,,,,,,,,,,,,,,,,,,,,,,,,,,,,,,,,,,,,,,,,,,,,,,,,,,,,,,,,,,,,,,,,,,,,,,,,,,,,,,,,,,,,,,,,,,,,,,,,,,,,,,,,,,,,,,,,,,,,,,,,,,,,,,,,,,,,,,,,,,,,,,,,,,,,,,,,,,,,,,,,,,,,,,,,,,,,,,,,,,,,,,,,,,,,,,,,,,,,,,,,,,,,,,,,,,,,,,,,,,,,,,,,,,,,,,,,,,,,,,,,,,,,,,,,,,,,,,,,,,,,,,,,,,,,,,,,,,,,,,,,,,
170,lo01dp7a,,0,4,12,Exp2_Section_1,Conclusion,2024-09-26 16:41:23.108203,1,,,0.0,,,,,,,,,,,,,,519akakd,,,,,0,Experiment_2_Skewness_Preference,https://app.prolific.com/submissions/complete?cc=C1BTHULB,0.0,1.0,170,,0.0,6521717a7552adc3d1c173c1,1,1,170,,0.0,,,,,,,,,,,__________,0.0,0,0.0,1,1,170,,0.0,,,,,,,,,,1,1,170,,0.0,0,0,0,0,0,0,0,0,0,FALSE,FALSE,1,1,,,,,,,,,,,,,,,,,,,,,,,,,,,,,,,,,,,,,,,,,,,,,,,,,,,,,,,,,,,,,,,,,,,,,,,,,,,,,,,,,,,,,,,,,,,,,,,,,,,,,,,,,,,,,,,,,,,,,,,,,,,,,,,,,,,,,,,,,,,,,,,,,,,,,,,,,,,,,,,,,,,,,,,,,,,,,,,,,,,,,,,,,,,,,,,,,,,,,,,,,,,,,,,,,,,,,,,,,,,,,,,,,,,,,,,,,,,,,,,,,,,,,,,,,,,,,,,,,,,,,,,,,,,,,,,,,,,,,,,,,,,,,,,,,,,,,,,,,,,,,,,,,,,,,,,,,,,,,,,,,,,,,,,,,,,,,,,,,,,,,,,,,,,,,,,,,,,,
171,7ou43l8d,,0,12,12,Exp2_Section_4,EndSurvey,2024-09-26 16:41:21.307949,1,,,0.0,,,,,,,,,,,,,,519akakd,,,,,0,Experiment_2_Skewness_Preference,https://app.prolific.com/submissions/complete?cc=C1BTHULB,0.0,1.0,171,,0.0,611195c4a2ad48910f2730b3,1,1,171,,0.0,A,A,B,A,B,C,C,A,A,A,AABABCCAAA,0.3,0,0.0,1,1,171,,0.0,noisy,explanation,Choice B,Pass,red,15,3,2,Pass Box,1,1,171,,0.0,0,0,1,0,1,0,0,0,0,"chemistry, physics, french, german, calculus. not sure what you mean by main, basic maths, biology, world history.    i've only worked as a waitress and cashier for restaurants, and once a call center. ","i hate math, that's my feedback. my brain hasn't hurt that long in years. and i mean YEARS. torture, respectfully.",1,1,,,,,,,,,,,,,,,,,,,,,,,,,,,,,,,,,,,,,,,,,,,,,,,,,,,,,,,,,,,,,,,,,,,,,,,,,,,,,,,,,,,,,,,,,,,,,,,,,,,,,,,,,,,,,,,,,,,,,,,,,,,,,,,,,,,,,,,,,,,,,,,,,,,,,,,,,,,,,,,,,,,,,,,,,,,,,,,,,,,,,,,,,,,,,,,,,,,,,,,,,,,,,,,,,,,,,,,,,,,,,,,,,,,,,,,,,,,,,,,,,,,,,,,,,,,,,,,,,,,,,,,,,,,,,,,,,,,,,,,,,,,,,,,,,,,,,,,,,,,,,,,,,,,,,,,,,,,,,,,,,,,,,,,,,,,,,,,,,,,,,,,,,,,,,,,,,,,,
172,kdekeo8l,,0,12,12,Exp2_Section_4,EndSurvey,2024-09-26 16:41:30.192284,1,,,0.0,,,,,,,,,,,,,,519akakd,,,,,0,Experiment_2_Skewness_Preference,https://app.prolific.com/submissions/complete?cc=C1BTHULB,0.0,1.0,172,,0.0,665cea26beb2274c6c616503,1,1,172,,0.0,B,B,A,C,C,A,C,A,B,C,BBACCACABC,0.0,0,0.0,1,1,172,,0.0,noisy,explanation,Choice B,Fail,red,50,3,5,Pass Box,1,1,172,,0.0,0,0,1,0,0,0,0,0,0,"Basic studies, psychology",it was interesting,1,1,,,,,,,,,,,,,,,,,,,,,,,,,,,,,,,,,,,,,,,,,,,,,,,,,,,,,,,,,,,,,,,,,,,,,,,,,,,,,,,,,,,,,,,,,,,,,,,,,,,,,,,,,,,,,,,,,,,,,,,,,,,,,,,,,,,,,,,,,,,,,,,,,,,,,,,,,,,,,,,,,,,,,,,,,,,,,,,,,,,,,,,,,,,,,,,,,,,,,,,,,,,,,,,,,,,,,,,,,,,,,,,,,,,,,,,,,,,,,,,,,,,,,,,,,,,,,,,,,,,,,,,,,,,,,,,,,,,,,,,,,,,,,,,,,,,,,,,,,,,,,,,,,,,,,,,,,,,,,,,,,,,,,,,,,,,,,,,,,,,,,,,,,,,,,,,,,,,,
173,r55c0lsm,,0,12,12,Exp2_Section_4,EndSurvey,2024-09-26 16:41:30.602600,1,,,0.0,,,,,,,,,,,,,,519akakd,,,,,0,Experiment_2_Skewness_Preference,https://app.prolific.com/submissions/complete?cc=C1BTHULB,0.0,1.0,173,,0.0,5f6388bf9ae5ad07ba1a0173,1,1,173,,0.0,B,C,B,B,D,B,B,D,D,B,BCBBDBBDDB,0.3,0,0.0,1,1,173,,0.0,noisy,explanation,Choice A,Pass,red,50,5,2,Pass Box,1,1,173,,0.0,0,0,1,0,0,0,0,0,0,business,"fine, no errors or issues",1,1,,,,,,,,,,,,,,,,,,,,,,,,,,,,,,,,,,,,,,,,,,,,,,,,,,,,,,,,,,,,,,,,,,,,,,,,,,,,,,,,,,,,,,,,,,,,,,,,,,,,,,,,,,,,,,,,,,,,,,,,,,,,,,,,,,,,,,,,,,,,,,,,,,,,,,,,,,,,,,,,,,,,,,,,,,,,,,,,,,,,,,,,,,,,,,,,,,,,,,,,,,,,,,,,,,,,,,,,,,,,,,,,,,,,,,,,,,,,,,,,,,,,,,,,,,,,,,,,,,,,,,,,,,,,,,,,,,,,,,,,,,,,,,,,,,,,,,,,,,,,,,,,,,,,,,,,,,,,,,,,,,,,,,,,,,,,,,,,,,,,,,,,,,,,,,,,,,,,
174,8u24md77,,0,4,12,Exp2_Section_1,Conclusion,2024-09-26 16:41:32.815586,1,,,0.0,,,,,,,,,,,,,,519akakd,,,,,0,Experiment_2_Skewness_Preference,https://app.prolific.com/submissions/complete?cc=C1BTHULB,0.0,1.0,174,,0.0,5e79aad7e135bf568f21f2a0,1,1,174,,0.0,,,,,,,,,,,__________,0.0,0,0.0,1,1,174,,0.0,,,,,,,,,,1,1,174,,0.0,0,0,0,0,0,0,0,0,0,FALSE,FALSE,1,1,,,,,,,,,,,,,,,,,,,,,,,,,,,,,,,,,,,,,,,,,,,,,,,,,,,,,,,,,,,,,,,,,,,,,,,,,,,,,,,,,,,,,,,,,,,,,,,,,,,,,,,,,,,,,,,,,,,,,,,,,,,,,,,,,,,,,,,,,,,,,,,,,,,,,,,,,,,,,,,,,,,,,,,,,,,,,,,,,,,,,,,,,,,,,,,,,,,,,,,,,,,,,,,,,,,,,,,,,,,,,,,,,,,,,,,,,,,,,,,,,,,,,,,,,,,,,,,,,,,,,,,,,,,,,,,,,,,,,,,,,,,,,,,,,,,,,,,,,,,,,,,,,,,,,,,,,,,,,,,,,,,,,,,,,,,,,,,,,,,,,,,,,,,,,,,,,,,,
175,8ajst3pe,,0,12,12,Exp2_Section_4,EndSurvey,2024-09-26 16:41:35.715379,1,,,0.0,,,,,,,,,,,,,,519akakd,,,,,0,Experiment_2_Skewness_Preference,https://app.prolific.com/submissions/complete?cc=C1BTHULB,0.0,1.0,175,,0.0,6643cde3471e61890ff943ae,1,1,175,,0.0,D,A,A,D,D,C,A,A,C,C,DAADDCAACC,0.2,0,0.0,1,1,175,,0.0,noisy,explanation,Choice A,Pass,red,50,2,1,Pass Box,1,1,175,,0.0,1,1,0,0,0,0,0,0,0,Marketing & communications,This was hard and confusing lol,1,1,,,,,,,,,,,,,,,,,,,,,,,,,,,,,,,,,,,,,,,,,,,,,,,,,,,,,,,,,,,,,,,,,,,,,,,,,,,,,,,,,,,,,,,,,,,,,,,,,,,,,,,,,,,,,,,,,,,,,,,,,,,,,,,,,,,,,,,,,,,,,,,,,,,,,,,,,,,,,,,,,,,,,,,,,,,,,,,,,,,,,,,,,,,,,,,,,,,,,,,,,,,,,,,,,,,,,,,,,,,,,,,,,,,,,,,,,,,,,,,,,,,,,,,,,,,,,,,,,,,,,,,,,,,,,,,,,,,,,,,,,,,,,,,,,,,,,,,,,,,,,,,,,,,,,,,,,,,,,,,,,,,,,,,,,,,,,,,,,,,,,,,,,,,,,,,,,,,,
176,ecrbvy4u,,0,12,12,Exp2_Section_4,EndSurvey,2024-09-26 16:41:42.132286,1,,,0.0,,,,,,,,,,,,,,519akakd,,,,,0,Experiment_2_Skewness_Preference,https://app.prolific.com/submissions/complete?cc=C1BTHULB,0.0,1.0,176,,0.0,66451a42bf464c0c1e0f8ac3,1,1,176,,0.0,C,B,D,B,C,C,A,D,D,A,CBDBCCADDA,0.1,0,0.0,1,1,176,,0.0,noisy,explanation,Choice A,Pass,red,50,3,1,Fail Box,1,1,176,,0.0,0,0,1,0,0,0,0,0,0,"Electrical, mechanics and business law ",Do not show this to my friends hahaha ,1,1,,,,,,,,,,,,,,,,,,,,,,,,,,,,,,,,,,,,,,,,,,,,,,,,,,,,,,,,,,,,,,,,,,,,,,,,,,,,,,,,,,,,,,,,,,,,,,,,,,,,,,,,,,,,,,,,,,,,,,,,,,,,,,,,,,,,,,,,,,,,,,,,,,,,,,,,,,,,,,,,,,,,,,,,,,,,,,,,,,,,,,,,,,,,,,,,,,,,,,,,,,,,,,,,,,,,,,,,,,,,,,,,,,,,,,,,,,,,,,,,,,,,,,,,,,,,,,,,,,,,,,,,,,,,,,,,,,,,,,,,,,,,,,,,,,,,,,,,,,,,,,,,,,,,,,,,,,,,,,,,,,,,,,,,,,,,,,,,,,,,,,,,,,,,,,,,,,,,
177,8fdoyz1l,,0,12,12,Exp2_Section_4,EndSurvey,2024-09-26 16:41:45.430700,1,,,0.0,,,,,,,,,,,,,,519akakd,,,,,0,Experiment_2_Skewness_Preference,https://app.prolific.com/submissions/complete?cc=C1BTHULB,0.0,1.0,177,,0.0,5c10724111fe9a00013cd815,1,1,177,,0.0,B,B,C,A,A,B,D,A,C,D,BBCAABDACD,0.4,0,0.0,1,1,177,,0.0,noisy,explanation,Choice B,Pass,red,10,3,2,Pass Box,1,1,177,,0.0,0,0,1,0,0,0,0,0,0,"english,math,and I worked in the retail industry.",great.no,1,1,,,,,,,,,,,,,,,,,,,,,,,,,,,,,,,,,,,,,,,,,,,,,,,,,,,,,,,,,,,,,,,,,,,,,,,,,,,,,,,,,,,,,,,,,,,,,,,,,,,,,,,,,,,,,,,,,,,,,,,,,,,,,,,,,,,,,,,,,,,,,,,,,,,,,,,,,,,,,,,,,,,,,,,,,,,,,,,,,,,,,,,,,,,,,,,,,,,,,,,,,,,,,,,,,,,,,,,,,,,,,,,,,,,,,,,,,,,,,,,,,,,,,,,,,,,,,,,,,,,,,,,,,,,,,,,,,,,,,,,,,,,,,,,,,,,,,,,,,,,,,,,,,,,,,,,,,,,,,,,,,,,,,,,,,,,,,,,,,,,,,,,,,,,,,,,,,,,,
178,fhaie0ww,,0,12,12,Exp2_Section_4,EndSurvey,2024-09-26 16:41:53.700651,1,,,0.0,,,,,,,,,,,,,,519akakd,,,,,0,Experiment_2_Skewness_Preference,https://app.prolific.com/submissions/complete?cc=C1BTHULB,0.0,1.0,178,,0.0,62c0ccde4bd16c7f96a2959f,1,1,178,,0.0,C,B,B,B,C,D,C,D,C,B,CBBBCDCDCB,0.3,6,64.304,1,1,178,,0.0,noisy,explanation,Choice A,Pass,black,20,2,2,Not Sure,1,1,178,,0.0,1,0,0,0,0,0,0,0,0,IT,no,1,1,,,,,,,,,,,,,,,,,,,,,,,,,,,,,,,,,,,,,,,,,,,,,,,,,,,,,,,,,,,,,,,,,,,,,,,,,,,,,,,,,,,,,,,,,,,,,,,,,,,,,,,,,,,,,,,,,,,,,,,,,,,,,,,,,,,,,,,,,,,,,,,,,,,,,,,,,,,,,,,,,,,,,,,,,,,,,,,,,,,,,,,,,,,,,,,,,,,,,,,,,,,,,,,,,,,,,,,,,,,,,,,,,,,,,,,,,,,,,,,,,,,,,,,,,,,,,,,,,,,,,,,,,,,,,,,,,,,,,,,,,,,,,,,,,,,,,,,,,,,,,,,,,,,,,,,,,,,,,,,,,,,,,,,,,,,,,,,,,,,,,,,,,,,,,,,,,,,,
179,a65qt6cv,,0,12,12,Exp2_Section_4,EndSurvey,2024-09-26 16:42:05.591669,1,,,0.0,,,,,,,,,,,,,,519akakd,,,,,0,Experiment_2_Skewness_Preference,https://app.prolific.com/submissions/complete?cc=C1BTHULB,0.0,1.0,179,,0.0,580145ebf35f130001c36157,1,1,179,,0.0,A,A,C,B,D,C,D,C,B,D,AACBDCDCBD,0.6,0,0.0,1,1,179,,0.0,noisy,explanation,Choice B,Pass,red,70,6,5,Pass Box,1,1,179,,0.0,0,0,1,0,0,0,0,0,0,"Business. Financial Services, Insurance and Sales. ",This was hard. It's been a while since I've seen these kind of math equations/ problems. ,1,1,,,,,,,,,,,,,,,,,,,,,,,,,,,,,,,,,,,,,,,,,,,,,,,,,,,,,,,,,,,,,,,,,,,,,,,,,,,,,,,,,,,,,,,,,,,,,,,,,,,,,,,,,,,,,,,,,,,,,,,,,,,,,,,,,,,,,,,,,,,,,,,,,,,,,,,,,,,,,,,,,,,,,,,,,,,,,,,,,,,,,,,,,,,,,,,,,,,,,,,,,,,,,,,,,,,,,,,,,,,,,,,,,,,,,,,,,,,,,,,,,,,,,,,,,,,,,,,,,,,,,,,,,,,,,,,,,,,,,,,,,,,,,,,,,,,,,,,,,,,,,,,,,,,,,,,,,,,,,,,,,,,,,,,,,,,,,,,,,,,,,,,,,,,,,,,,,,,,
180,r8nvuabw,,0,12,12,Exp2_Section_4,EndSurvey,2024-09-26 16:42:08.022245,1,,,0.0,,,,,,,,,,,,,,519akakd,,,,,0,Experiment_2_Skewness_Preference,https://app.prolific.com/submissions/complete?cc=C1BTHULB,0.0,1.0,180,,0.0,66327883ca4a6f78c437185a,1,1,180,,0.0,B,B,C,A,D,D,C,A,B,B,BBCADDCABB,0.2,1,2.703,1,1,180,,0.0,noisy,explanation,Choice A,Fail,red,40,0,4,Fail Box,1,1,180,,0.0,0,0,1,0,0,0,0,0,0,Math English Science   I have worked in customer service ,It was hard,1,1,,,,,,,,,,,,,,,,,,,,,,,,,,,,,,,,,,,,,,,,,,,,,,,,,,,,,,,,,,,,,,,,,,,,,,,,,,,,,,,,,,,,,,,,,,,,,,,,,,,,,,,,,,,,,,,,,,,,,,,,,,,,,,,,,,,,,,,,,,,,,,,,,,,,,,,,,,,,,,,,,,,,,,,,,,,,,,,,,,,,,,,,,,,,,,,,,,,,,,,,,,,,,,,,,,,,,,,,,,,,,,,,,,,,,,,,,,,,,,,,,,,,,,,,,,,,,,,,,,,,,,,,,,,,,,,,,,,,,,,,,,,,,,,,,,,,,,,,,,,,,,,,,,,,,,,,,,,,,,,,,,,,,,,,,,,,,,,,,,,,,,,,,,,,,,,,,,,,
181,hh341yoh,,0,12,12,Exp2_Section_4,EndSurvey,2024-09-26 16:42:19.453353,1,,,0.0,,,,,,,,,,,,,,519akakd,,,,,0,Experiment_2_Skewness_Preference,https://app.prolific.com/submissions/complete?cc=C1BTHULB,0.0,1.0,181,,0.0,5d60bd4ec253680017cf4c0f,1,1,181,,0.0,D,A,D,B,B,B,D,C,C,B,DADBBBDCCB,0.8,0,0.0,1,1,181,,0.0,noisy,explanation,Choice A,Pass,black,85,8,8,Pass Box,1,1,181,,0.0,0,0,1,0,1,0,0,0,0,I.T. and business Management,Tell us to get a pen and paper ready!,1,1,,,,,,,,,,,,,,,,,,,,,,,,,,,,,,,,,,,,,,,,,,,,,,,,,,,,,,,,,,,,,,,,,,,,,,,,,,,,,,,,,,,,,,,,,,,,,,,,,,,,,,,,,,,,,,,,,,,,,,,,,,,,,,,,,,,,,,,,,,,,,,,,,,,,,,,,,,,,,,,,,,,,,,,,,,,,,,,,,,,,,,,,,,,,,,,,,,,,,,,,,,,,,,,,,,,,,,,,,,,,,,,,,,,,,,,,,,,,,,,,,,,,,,,,,,,,,,,,,,,,,,,,,,,,,,,,,,,,,,,,,,,,,,,,,,,,,,,,,,,,,,,,,,,,,,,,,,,,,,,,,,,,,,,,,,,,,,,,,,,,,,,,,,,,,,,,,,,,
182,kszjlkoo,,0,4,12,Exp2_Section_1,Conclusion,2024-09-26 16:42:33.239997,1,,,0.0,,,,,,,,,,,,,,519akakd,,,,,0,Experiment_2_Skewness_Preference,https://app.prolific.com/submissions/complete?cc=C1BTHULB,0.0,1.0,182,,0.0,66efeddf8f8a1bebab673223,1,1,182,,0.0,,,,,,,,,,,__________,0.0,0,0.0,1,1,182,,0.0,,,,,,,,,,1,1,182,,0.0,0,0,0,0,0,0,0,0,0,FALSE,FALSE,1,1,,,,,,,,,,,,,,,,,,,,,,,,,,,,,,,,,,,,,,,,,,,,,,,,,,,,,,,,,,,,,,,,,,,,,,,,,,,,,,,,,,,,,,,,,,,,,,,,,,,,,,,,,,,,,,,,,,,,,,,,,,,,,,,,,,,,,,,,,,,,,,,,,,,,,,,,,,,,,,,,,,,,,,,,,,,,,,,,,,,,,,,,,,,,,,,,,,,,,,,,,,,,,,,,,,,,,,,,,,,,,,,,,,,,,,,,,,,,,,,,,,,,,,,,,,,,,,,,,,,,,,,,,,,,,,,,,,,,,,,,,,,,,,,,,,,,,,,,,,,,,,,,,,,,,,,,,,,,,,,,,,,,,,,,,,,,,,,,,,,,,,,,,,,,,,,,,,,,
183,4rz1jv49,,0,12,12,Exp2_Section_4,EndSurvey,2024-09-26 16:42:34.762079,1,,,0.0,,,,,,,,,,,,,,519akakd,,,,,0,Experiment_2_Skewness_Preference,https://app.prolific.com/submissions/complete?cc=C1BTHULB,0.0,1.0,183,,0.0,6650b2234eceb07b4da49d01,1,1,183,,0.0,B,A,A,A,B,,,,,,BAAAB_____,0.2,0,0.0,1,1,183,,0.0,noisy,explanation,Choice B,Fail,red,70,4,8,Fail Box,1,1,183,,0.0,0,0,1,0,0,0,0,0,1,Math  Engineering  Physics,I hate timed stuff,1,1,,,,,,,,,,,,,,,,,,,,,,,,,,,,,,,,,,,,,,,,,,,,,,,,,,,,,,,,,,,,,,,,,,,,,,,,,,,,,,,,,,,,,,,,,,,,,,,,,,,,,,,,,,,,,,,,,,,,,,,,,,,,,,,,,,,,,,,,,,,,,,,,,,,,,,,,,,,,,,,,,,,,,,,,,,,,,,,,,,,,,,,,,,,,,,,,,,,,,,,,,,,,,,,,,,,,,,,,,,,,,,,,,,,,,,,,,,,,,,,,,,,,,,,,,,,,,,,,,,,,,,,,,,,,,,,,,,,,,,,,,,,,,,,,,,,,,,,,,,,,,,,,,,,,,,,,,,,,,,,,,,,,,,,,,,,,,,,,,,,,,,,,,,,,,,,,,,,,
184,91d6uqui,,0,4,12,Exp2_Section_1,Conclusion,2024-09-26 16:42:40.634200,1,,,0.0,,,,,,,,,,,,,,519akakd,,,,,0,Experiment_2_Skewness_Preference,https://app.prolific.com/submissions/complete?cc=C1BTHULB,0.0,1.0,184,,0.0,63f049c2d78b2bc822a16dac,1,1,184,,0.0,,,,,,,,,,,__________,0.0,0,0.0,1,1,184,,0.0,,,,,,,,,,1,1,184,,0.0,0,0,0,0,0,0,0,0,0,FALSE,FALSE,1,1,,,,,,,,,,,,,,,,,,,,,,,,,,,,,,,,,,,,,,,,,,,,,,,,,,,,,,,,,,,,,,,,,,,,,,,,,,,,,,,,,,,,,,,,,,,,,,,,,,,,,,,,,,,,,,,,,,,,,,,,,,,,,,,,,,,,,,,,,,,,,,,,,,,,,,,,,,,,,,,,,,,,,,,,,,,,,,,,,,,,,,,,,,,,,,,,,,,,,,,,,,,,,,,,,,,,,,,,,,,,,,,,,,,,,,,,,,,,,,,,,,,,,,,,,,,,,,,,,,,,,,,,,,,,,,,,,,,,,,,,,,,,,,,,,,,,,,,,,,,,,,,,,,,,,,,,,,,,,,,,,,,,,,,,,,,,,,,,,,,,,,,,,,,,,,,,,,,,
185,8ljvueh7,,0,12,12,Exp2_Section_4,EndSurvey,2024-09-26 16:42:49.211672,1,,,0.0,,,,,,,,,,,,,,519akakd,,,,,0,Experiment_2_Skewness_Preference,https://app.prolific.com/submissions/complete?cc=C1BTHULB,0.0,1.0,185,,0.0,663a6aef1ae5940238329fef,1,1,185,,0.0,D,D,B,,D,B,,,A,,DDB_DB__A_,0.1,0,0.0,1,1,185,,0.0,noisy,explanation,Choice B,Pass,red,5,1,1,Fail Box,1,1,185,,0.0,0,0,1,1,0,0,0,0,0,Just the standard required basics,"I was not aware it was a math study or I wouldn't have attempted it. Math is not a strong suit of mine at all, apologies. ",1,1,,,,,,,,,,,,,,,,,,,,,,,,,,,,,,,,,,,,,,,,,,,,,,,,,,,,,,,,,,,,,,,,,,,,,,,,,,,,,,,,,,,,,,,,,,,,,,,,,,,,,,,,,,,,,,,,,,,,,,,,,,,,,,,,,,,,,,,,,,,,,,,,,,,,,,,,,,,,,,,,,,,,,,,,,,,,,,,,,,,,,,,,,,,,,,,,,,,,,,,,,,,,,,,,,,,,,,,,,,,,,,,,,,,,,,,,,,,,,,,,,,,,,,,,,,,,,,,,,,,,,,,,,,,,,,,,,,,,,,,,,,,,,,,,,,,,,,,,,,,,,,,,,,,,,,,,,,,,,,,,,,,,,,,,,,,,,,,,,,,,,,,,,,,,,,,,,,,,
186,n6ef03q2,,0,4,12,Exp2_Section_1,Conclusion,2024-09-26 16:42:50.635997,1,,,0.0,,,,,,,,,,,,,,519akakd,,,,,0,Experiment_2_Skewness_Preference,https://app.prolific.com/submissions/complete?cc=C1BTHULB,0.0,1.0,186,,0.0,63d7e97b18c8503ff5be482c,1,1,186,,0.0,,,,,,,,,,,__________,0.0,0,0.0,1,1,186,,0.0,,,,,,,,,,1,1,186,,0.0,0,0,0,0,0,0,0,0,0,FALSE,FALSE,1,1,,,,,,,,,,,,,,,,,,,,,,,,,,,,,,,,,,,,,,,,,,,,,,,,,,,,,,,,,,,,,,,,,,,,,,,,,,,,,,,,,,,,,,,,,,,,,,,,,,,,,,,,,,,,,,,,,,,,,,,,,,,,,,,,,,,,,,,,,,,,,,,,,,,,,,,,,,,,,,,,,,,,,,,,,,,,,,,,,,,,,,,,,,,,,,,,,,,,,,,,,,,,,,,,,,,,,,,,,,,,,,,,,,,,,,,,,,,,,,,,,,,,,,,,,,,,,,,,,,,,,,,,,,,,,,,,,,,,,,,,,,,,,,,,,,,,,,,,,,,,,,,,,,,,,,,,,,,,,,,,,,,,,,,,,,,,,,,,,,,,,,,,,,,,,,,,,,,,
187,4xx8ejvt,,0,12,12,Exp2_Section_4,EndSurvey,2024-09-26 16:42:53.106824,1,,,0.0,,,,,,,,,,,,,,519akakd,,,,,0,Experiment_2_Skewness_Preference,https://app.prolific.com/submissions/complete?cc=C1BTHULB,0.0,1.0,187,,0.0,66cc876397392994acff09da,1,1,187,,0.0,D,A,B,A,B,B,A,C,A,A,DABABBACAA,0.4,0,0.0,1,1,187,,0.0,noisy,explanation,Choice A,Pass,red,50,1,2,Fail Box,1,1,187,,0.0,0,0,1,1,1,0,0,0,0,"English, Creative Writing, Retail, Hospitality, Management",Great thank you,1,1,,,,,,,,,,,,,,,,,,,,,,,,,,,,,,,,,,,,,,,,,,,,,,,,,,,,,,,,,,,,,,,,,,,,,,,,,,,,,,,,,,,,,,,,,,,,,,,,,,,,,,,,,,,,,,,,,,,,,,,,,,,,,,,,,,,,,,,,,,,,,,,,,,,,,,,,,,,,,,,,,,,,,,,,,,,,,,,,,,,,,,,,,,,,,,,,,,,,,,,,,,,,,,,,,,,,,,,,,,,,,,,,,,,,,,,,,,,,,,,,,,,,,,,,,,,,,,,,,,,,,,,,,,,,,,,,,,,,,,,,,,,,,,,,,,,,,,,,,,,,,,,,,,,,,,,,,,,,,,,,,,,,,,,,,,,,,,,,,,,,,,,,,,,,,,,,,,,,
188,c4voxq37,,0,12,12,Exp2_Section_4,EndSurvey,2024-09-26 16:43:03.631858,1,,,0.0,,,,,,,,,,,,,,519akakd,,,,,0,Experiment_2_Skewness_Preference,https://app.prolific.com/submissions/complete?cc=C1BTHULB,0.0,1.0,188,,0.0,5f58ceb73a55aa065f014fb4,1,1,188,,0.0,D,C,B,C,D,B,B,C,A,C,DCBCDBBCAC,0.2,1,12.956,1,1,188,,0.0,noisy,explanation,Choice B,Pass,red,5,1,1,Pass Box,1,1,188,,0.0,0,1,1,0,0,0,0,0,0,1-3 and 9-12 general studies in public school. 4-8 general studies with the addition of catholic studies.    I've worked in Construction project management and Employee Evaluation as a Senior Reviewer.,"Totally mind blowing - LOL! I am not math savvy at all, so I feel I did rather poorly. ",1,1,,,,,,,,,,,,,,,,,,,,,,,,,,,,,,,,,,,,,,,,,,,,,,,,,,,,,,,,,,,,,,,,,,,,,,,,,,,,,,,,,,,,,,,,,,,,,,,,,,,,,,,,,,,,,,,,,,,,,,,,,,,,,,,,,,,,,,,,,,,,,,,,,,,,,,,,,,,,,,,,,,,,,,,,,,,,,,,,,,,,,,,,,,,,,,,,,,,,,,,,,,,,,,,,,,,,,,,,,,,,,,,,,,,,,,,,,,,,,,,,,,,,,,,,,,,,,,,,,,,,,,,,,,,,,,,,,,,,,,,,,,,,,,,,,,,,,,,,,,,,,,,,,,,,,,,,,,,,,,,,,,,,,,,,,,,,,,,,,,,,,,,,,,,,,,,,,,,,
189,4bkmziv8,,0,12,12,Exp2_Section_4,EndSurvey,2024-09-26 16:43:07.339438,1,,,0.0,,,,,,,,,,,,,,519akakd,,,,,0,Experiment_2_Skewness_Preference,https://app.prolific.com/submissions/complete?cc=C1BTHULB,0.0,1.0,189,,0.0,61149e53e2c2602cec8838ad,1,1,189,,0.0,A,B,B,C,B,B,C,A,C,A,ABBCBBCACA,0.4,0,0.0,1,1,189,,0.0,noisy,explanation,Choice A,Pass,black,15,2,2,Fail Box,1,1,189,,0.0,0,1,1,0,0,0,0,0,0,"Health, science",,1,1,,,,,,,,,,,,,,,,,,,,,,,,,,,,,,,,,,,,,,,,,,,,,,,,,,,,,,,,,,,,,,,,,,,,,,,,,,,,,,,,,,,,,,,,,,,,,,,,,,,,,,,,,,,,,,,,,,,,,,,,,,,,,,,,,,,,,,,,,,,,,,,,,,,,,,,,,,,,,,,,,,,,,,,,,,,,,,,,,,,,,,,,,,,,,,,,,,,,,,,,,,,,,,,,,,,,,,,,,,,,,,,,,,,,,,,,,,,,,,,,,,,,,,,,,,,,,,,,,,,,,,,,,,,,,,,,,,,,,,,,,,,,,,,,,,,,,,,,,,,,,,,,,,,,,,,,,,,,,,,,,,,,,,,,,,,,,,,,,,,,,,,,,,,,,,,,,,,,
190,15yg28rs,,0,4,12,Exp2_Section_1,Conclusion,2024-09-26 16:43:14.279733,1,,,0.0,,,,,,,,,,,,,,519akakd,,,,,0,Experiment_2_Skewness_Preference,https://app.prolific.com/submissions/complete?cc=C1BTHULB,0.0,1.0,190,,0.0,60787d3b6c8e7d79be863c51,1,1,190,,0.0,,,,,,,,,,,__________,0.0,0,0.0,1,1,190,,0.0,,,,,,,,,,1,1,190,,0.0,0,0,0,0,0,0,0,0,0,FALSE,FALSE,1,1,,,,,,,,,,,,,,,,,,,,,,,,,,,,,,,,,,,,,,,,,,,,,,,,,,,,,,,,,,,,,,,,,,,,,,,,,,,,,,,,,,,,,,,,,,,,,,,,,,,,,,,,,,,,,,,,,,,,,,,,,,,,,,,,,,,,,,,,,,,,,,,,,,,,,,,,,,,,,,,,,,,,,,,,,,,,,,,,,,,,,,,,,,,,,,,,,,,,,,,,,,,,,,,,,,,,,,,,,,,,,,,,,,,,,,,,,,,,,,,,,,,,,,,,,,,,,,,,,,,,,,,,,,,,,,,,,,,,,,,,,,,,,,,,,,,,,,,,,,,,,,,,,,,,,,,,,,,,,,,,,,,,,,,,,,,,,,,,,,,,,,,,,,,,,,,,,,,,
191,l730fsun,,0,12,12,Exp2_Section_4,EndSurvey,2024-09-26 16:43:20.984045,1,,,0.0,,,,,,,,,,,,,,519akakd,,,,,0,Experiment_2_Skewness_Preference,https://app.prolific.com/submissions/complete?cc=C1BTHULB,0.0,1.0,191,,0.0,63655d5226651ebb9318f938,1,1,191,,0.0,A,A,B,B,B,B,D,C,C,A,AABBBBDCCA,0.8,1,2.061,1,1,191,,0.0,noisy,explanation,Choice A,Pass,black,70,5,5,Pass Box,1,1,191,,0.0,0,0,1,0,1,0,0,0,0,finance,no comments,1,1,,,,,,,,,,,,,,,,,,,,,,,,,,,,,,,,,,,,,,,,,,,,,,,,,,,,,,,,,,,,,,,,,,,,,,,,,,,,,,,,,,,,,,,,,,,,,,,,,,,,,,,,,,,,,,,,,,,,,,,,,,,,,,,,,,,,,,,,,,,,,,,,,,,,,,,,,,,,,,,,,,,,,,,,,,,,,,,,,,,,,,,,,,,,,,,,,,,,,,,,,,,,,,,,,,,,,,,,,,,,,,,,,,,,,,,,,,,,,,,,,,,,,,,,,,,,,,,,,,,,,,,,,,,,,,,,,,,,,,,,,,,,,,,,,,,,,,,,,,,,,,,,,,,,,,,,,,,,,,,,,,,,,,,,,,,,,,,,,,,,,,,,,,,,,,,,,,,,
192,jmyyijib,,0,12,12,Exp2_Section_4,EndSurvey,2024-09-26 16:43:23.490187,1,,,0.0,,,,,,,,,,,,,,519akakd,,,,,0,Experiment_2_Skewness_Preference,https://app.prolific.com/submissions/complete?cc=C1BTHULB,0.0,1.0,192,,0.0,60ff27e7e1030af99a1ecc26,1,1,192,,0.0,B,C,A,C,D,B,C,B,B,D,BCACDBCBBD,0.1,0,0.0,1,1,192,,0.0,noisy,explanation,Choice A,Fail,red,25,1,5,Fail Box,1,1,192,,0.0,0,0,1,0,0,0,0,0,0,communications and telecommunications,,1,1,,,,,,,,,,,,,,,,,,,,,,,,,,,,,,,,,,,,,,,,,,,,,,,,,,,,,,,,,,,,,,,,,,,,,,,,,,,,,,,,,,,,,,,,,,,,,,,,,,,,,,,,,,,,,,,,,,,,,,,,,,,,,,,,,,,,,,,,,,,,,,,,,,,,,,,,,,,,,,,,,,,,,,,,,,,,,,,,,,,,,,,,,,,,,,,,,,,,,,,,,,,,,,,,,,,,,,,,,,,,,,,,,,,,,,,,,,,,,,,,,,,,,,,,,,,,,,,,,,,,,,,,,,,,,,,,,,,,,,,,,,,,,,,,,,,,,,,,,,,,,,,,,,,,,,,,,,,,,,,,,,,,,,,,,,,,,,,,,,,,,,,,,,,,,,,,,,,,
193,5xzuvvbj,,0,12,12,Exp2_Section_4,EndSurvey,2024-09-26 16:43:35.989459,1,,,0.0,,,,,,,,,,,,,,519akakd,,,,,0,Experiment_2_Skewness_Preference,https://app.prolific.com/submissions/complete?cc=C1BTHULB,0.0,1.0,193,,0.0,65fc3bb9a487f2029dba34fd,1,1,193,,0.0,B,C,C,B,C,B,B,C,C,C,BCCBCBBCCC,0.5,0,0.0,1,1,193,,0.0,noisy,explanation,Choice A,Fail,red,60,5,6,Pass Box,1,1,193,,0.0,0,0,1,0,0,0,0,0,0,"ART AND COMMUNICATION ,GRAPHIC DESIGN INDUSTRY ",INTERESTING,1,1,,,,,,,,,,,,,,,,,,,,,,,,,,,,,,,,,,,,,,,,,,,,,,,,,,,,,,,,,,,,,,,,,,,,,,,,,,,,,,,,,,,,,,,,,,,,,,,,,,,,,,,,,,,,,,,,,,,,,,,,,,,,,,,,,,,,,,,,,,,,,,,,,,,,,,,,,,,,,,,,,,,,,,,,,,,,,,,,,,,,,,,,,,,,,,,,,,,,,,,,,,,,,,,,,,,,,,,,,,,,,,,,,,,,,,,,,,,,,,,,,,,,,,,,,,,,,,,,,,,,,,,,,,,,,,,,,,,,,,,,,,,,,,,,,,,,,,,,,,,,,,,,,,,,,,,,,,,,,,,,,,,,,,,,,,,,,,,,,,,,,,,,,,,,,,,,,,,,
194,rlxoxd98,,0,12,12,Exp2_Section_4,EndSurvey,2024-09-26 16:43:44.668795,1,,,0.0,,,,,,,,,,,,,,519akakd,,,,,0,Experiment_2_Skewness_Preference,https://app.prolific.com/submissions/complete?cc=C1BTHULB,0.0,1.0,194,,0.0,5ee00ba7431cdf357dca02ab,1,1,194,,0.0,D,A,D,C,B,B,D,B,B,C,DADCBBDBBC,0.4,0,0.0,1,1,194,,0.0,noisy,explanation,Choice A,Pass,black,20,3,3,Pass Box,1,1,194,,0.0,0,0,1,0,0,0,0,0,0,history,hard,1,1,,,,,,,,,,,,,,,,,,,,,,,,,,,,,,,,,,,,,,,,,,,,,,,,,,,,,,,,,,,,,,,,,,,,,,,,,,,,,,,,,,,,,,,,,,,,,,,,,,,,,,,,,,,,,,,,,,,,,,,,,,,,,,,,,,,,,,,,,,,,,,,,,,,,,,,,,,,,,,,,,,,,,,,,,,,,,,,,,,,,,,,,,,,,,,,,,,,,,,,,,,,,,,,,,,,,,,,,,,,,,,,,,,,,,,,,,,,,,,,,,,,,,,,,,,,,,,,,,,,,,,,,,,,,,,,,,,,,,,,,,,,,,,,,,,,,,,,,,,,,,,,,,,,,,,,,,,,,,,,,,,,,,,,,,,,,,,,,,,,,,,,,,,,,,,,,,,,,
195,y6v5h4ut,,0,12,12,Exp2_Section_4,EndSurvey,2024-09-26 16:44:13.708635,1,,,0.0,,,,,,,,,,,,,,519akakd,,,,,0,Experiment_2_Skewness_Preference,https://app.prolific.com/submissions/complete?cc=C1BTHULB,0.0,1.0,195,,0.0,66816e03932eb7cb591a933b,1,1,195,,0.0,A,A,C,C,D,B,C,A,A,B,AACCDBCAAB,0.5,0,0.0,1,1,195,,0.0,noisy,explanation,Choice B,Pass,red,43,5,1,Pass Box,1,1,195,,0.0,0,0,1,0,0,0,0,0,0,Early childhood education and business,"Had fun! I enjoy math, even if I haven’t done it in a long time.",1,1,,,,,,,,,,,,,,,,,,,,,,,,,,,,,,,,,,,,,,,,,,,,,,,,,,,,,,,,,,,,,,,,,,,,,,,,,,,,,,,,,,,,,,,,,,,,,,,,,,,,,,,,,,,,,,,,,,,,,,,,,,,,,,,,,,,,,,,,,,,,,,,,,,,,,,,,,,,,,,,,,,,,,,,,,,,,,,,,,,,,,,,,,,,,,,,,,,,,,,,,,,,,,,,,,,,,,,,,,,,,,,,,,,,,,,,,,,,,,,,,,,,,,,,,,,,,,,,,,,,,,,,,,,,,,,,,,,,,,,,,,,,,,,,,,,,,,,,,,,,,,,,,,,,,,,,,,,,,,,,,,,,,,,,,,,,,,,,,,,,,,,,,,,,,,,,,,,,,
196,yp7va943,,0,12,12,Exp2_Section_4,EndSurvey,2024-09-26 16:44:14.434415,1,,,0.0,,,,,,,,,,,,,,519akakd,,,,,0,Experiment_2_Skewness_Preference,https://app.prolific.com/submissions/complete?cc=C1BTHULB,0.0,1.0,196,,0.0,65f4e1f8008a169d7ecde720,1,1,196,,0.0,A,B,A,B,D,B,C,B,B,A,ABABDBCBBA,0.3,0,0.0,1,1,196,,0.0,noisy,explanation,Choice A,Pass,black,25,2,3,Pass Box,1,1,196,,0.0,0,0,0,1,0,0,0,0,0," Growing up, l studied typical subjects like English, math, science, history, etc. I also took subjects like accounting and music appreciation in high school.","Everything in this study worked well. I am somewhat tired so I don't think I did well on the math questions, but I shouldn't make excuses for my performance.",1,1,,,,,,,,,,,,,,,,,,,,,,,,,,,,,,,,,,,,,,,,,,,,,,,,,,,,,,,,,,,,,,,,,,,,,,,,,,,,,,,,,,,,,,,,,,,,,,,,,,,,,,,,,,,,,,,,,,,,,,,,,,,,,,,,,,,,,,,,,,,,,,,,,,,,,,,,,,,,,,,,,,,,,,,,,,,,,,,,,,,,,,,,,,,,,,,,,,,,,,,,,,,,,,,,,,,,,,,,,,,,,,,,,,,,,,,,,,,,,,,,,,,,,,,,,,,,,,,,,,,,,,,,,,,,,,,,,,,,,,,,,,,,,,,,,,,,,,,,,,,,,,,,,,,,,,,,,,,,,,,,,,,,,,,,,,,,,,,,,,,,,,,,,,,,,,,,,,,,
197,k47bh7g2,,0,12,12,Exp2_Section_4,EndSurvey,2024-09-26 16:44:20.818068,1,,,0.0,,,,,,,,,,,,,,519akakd,,,,,0,Experiment_2_Skewness_Preference,https://app.prolific.com/submissions/complete?cc=C1BTHULB,0.0,1.0,197,,0.0,664423f62228d52a75ce239c,1,1,197,,0.0,A,A,B,C,B,C,B,A,A,B,AABCBCBAAB,0.4,0,0.0,1,1,197,,0.0,noisy,explanation,Choice A,Pass,red,20,2,2,Fail Box,1,1,197,,0.0,0,0,1,0,0,0,0,0,0,music and criminal justice ,it sucked because I hate math,1,1,,,,,,,,,,,,,,,,,,,,,,,,,,,,,,,,,,,,,,,,,,,,,,,,,,,,,,,,,,,,,,,,,,,,,,,,,,,,,,,,,,,,,,,,,,,,,,,,,,,,,,,,,,,,,,,,,,,,,,,,,,,,,,,,,,,,,,,,,,,,,,,,,,,,,,,,,,,,,,,,,,,,,,,,,,,,,,,,,,,,,,,,,,,,,,,,,,,,,,,,,,,,,,,,,,,,,,,,,,,,,,,,,,,,,,,,,,,,,,,,,,,,,,,,,,,,,,,,,,,,,,,,,,,,,,,,,,,,,,,,,,,,,,,,,,,,,,,,,,,,,,,,,,,,,,,,,,,,,,,,,,,,,,,,,,,,,,,,,,,,,,,,,,,,,,,,,,,,
198,f2q9re98,,0,12,12,Exp2_Section_4,EndSurvey,2024-09-26 16:44:47.433476,1,,,0.0,,,,,,,,,,,,,,519akakd,,,,,0,Experiment_2_Skewness_Preference,https://app.prolific.com/submissions/complete?cc=C1BTHULB,0.0,1.0,198,,0.0,6554e277eae44db0a5eb3527,1,1,198,,0.0,D,A,B,,,,,,,,DAB_______,0.1,0,0.0,1,1,198,,0.0,noisy,explanation,Choice A,Fail,red,15,2,2,Fail Box,1,1,198,,0.0,1,0,1,1,0,0,0,0,0,Science,A time remaining timer for the math sections might be nice. Or a calculator on the page because I was worried to alt-tab to use windows calcuator due to page mentioning that leaving page wasn't allowed.,1,1,,,,,,,,,,,,,,,,,,,,,,,,,,,,,,,,,,,,,,,,,,,,,,,,,,,,,,,,,,,,,,,,,,,,,,,,,,,,,,,,,,,,,,,,,,,,,,,,,,,,,,,,,,,,,,,,,,,,,,,,,,,,,,,,,,,,,,,,,,,,,,,,,,,,,,,,,,,,,,,,,,,,,,,,,,,,,,,,,,,,,,,,,,,,,,,,,,,,,,,,,,,,,,,,,,,,,,,,,,,,,,,,,,,,,,,,,,,,,,,,,,,,,,,,,,,,,,,,,,,,,,,,,,,,,,,,,,,,,,,,,,,,,,,,,,,,,,,,,,,,,,,,,,,,,,,,,,,,,,,,,,,,,,,,,,,,,,,,,,,,,,,,,,,,,,,,,,,,
199,quns49h1,,0,12,12,Exp2_Section_4,EndSurvey,2024-09-26 16:45:03.903993,1,,,0.0,,,,,,,,,,,,,,519akakd,,,,,0,Experiment_2_Skewness_Preference,https://app.prolific.com/submissions/complete?cc=C1BTHULB,0.0,1.0,199,,0.0,5e04f438afb8b0f5afa75f08,1,1,199,,0.0,D,A,C,A,B,,D,C,C,A,DACAB_DCCA,0.6,0,0.0,1,1,199,,0.0,noisy,explanation,Choice A,Pass,red,90,6,6,Fail Box,1,1,199,,0.0,0,0,1,0,0,0,0,0,0,"Chemistry/biology, currently work in healthcare",Fun! I haven't been challenged by math problems since undergrad.,1,1,,,,,,,,,,,,,,,,,,,,,,,,,,,,,,,,,,,,,,,,,,,,,,,,,,,,,,,,,,,,,,,,,,,,,,,,,,,,,,,,,,,,,,,,,,,,,,,,,,,,,,,,,,,,,,,,,,,,,,,,,,,,,,,,,,,,,,,,,,,,,,,,,,,,,,,,,,,,,,,,,,,,,,,,,,,,,,,,,,,,,,,,,,,,,,,,,,,,,,,,,,,,,,,,,,,,,,,,,,,,,,,,,,,,,,,,,,,,,,,,,,,,,,,,,,,,,,,,,,,,,,,,,,,,,,,,,,,,,,,,,,,,,,,,,,,,,,,,,,,,,,,,,,,,,,,,,,,,,,,,,,,,,,,,,,,,,,,,,,,,,,,,,,,,,,,,,,,,
200,u9iwp87y,,0,12,12,Exp2_Section_4,EndSurvey,2024-09-26 16:45:43.066644,1,,,0.0,,,,,,,,,,,,,,519akakd,,,,,0,Experiment_2_Skewness_Preference,https://app.prolific.com/submissions/complete?cc=C1BTHULB,0.0,1.0,200,,0.0,66550db52021ca4ab715cf22,1,1,200,,0.0,A,A,A,B,B,C,C,D,D,D,AAABBCCDDD,0.4,0,0.0,1,1,200,,0.0,noisy,explanation,Choice B,Pass,red,51,4,3,Pass Box,1,1,200,,0.0,0,1,0,0,0,0,0,0,0,college prep. biosci premed medicine,Didn't realize there were so many problems to solve. Was enjoying it until I saw time counting down too quickly,1,1,,,,,,,,,,,,,,,,,,,,,,,,,,,,,,,,,,,,,,,,,,,,,,,,,,,,,,,,,,,,,,,,,,,,,,,,,,,,,,,,,,,,,,,,,,,,,,,,,,,,,,,,,,,,,,,,,,,,,,,,,,,,,,,,,,,,,,,,,,,,,,,,,,,,,,,,,,,,,,,,,,,,,,,,,,,,,,,,,,,,,,,,,,,,,,,,,,,,,,,,,,,,,,,,,,,,,,,,,,,,,,,,,,,,,,,,,,,,,,,,,,,,,,,,,,,,,,,,,,,,,,,,,,,,,,,,,,,,,,,,,,,,,,,,,,,,,,,,,,,,,,,,,,,,,,,,,,,,,,,,,,,,,,,,,,,,,,,,,,,,,,,,,,,,,,,,,,,,
201,hrsp64ow,,0,12,12,Exp2_Section_4,EndSurvey,2024-09-26 16:45:47.103138,1,,,0.0,,,,,,,,,,,,,,519akakd,,,,,0,Experiment_2_Skewness_Preference,https://app.prolific.com/submissions/complete?cc=C1BTHULB,0.0,1.0,201,,0.0,63d5aafaa65a001c36a652b2,1,1,201,,0.0,B,C,A,B,C,B,C,B,A,B,BCABCBCBAB,0.3,0,0.0,1,1,201,,0.0,noisy,explanation,Choice A,Fail,red,20,3,5,Fail Box,1,1,201,,0.0,0,0,1,0,0,0,0,0,0,Computers  Energy/utilities,Questions too hard to figure out off the top of my head,1,1,,,,,,,,,,,,,,,,,,,,,,,,,,,,,,,,,,,,,,,,,,,,,,,,,,,,,,,,,,,,,,,,,,,,,,,,,,,,,,,,,,,,,,,,,,,,,,,,,,,,,,,,,,,,,,,,,,,,,,,,,,,,,,,,,,,,,,,,,,,,,,,,,,,,,,,,,,,,,,,,,,,,,,,,,,,,,,,,,,,,,,,,,,,,,,,,,,,,,,,,,,,,,,,,,,,,,,,,,,,,,,,,,,,,,,,,,,,,,,,,,,,,,,,,,,,,,,,,,,,,,,,,,,,,,,,,,,,,,,,,,,,,,,,,,,,,,,,,,,,,,,,,,,,,,,,,,,,,,,,,,,,,,,,,,,,,,,,,,,,,,,,,,,,,,,,,,,,,
202,ocy7fluv,,0,12,12,Exp2_Section_4,EndSurvey,2024-09-26 16:46:11.048721,1,,,0.0,,,,,,,,,,,,,,519akakd,,,,,0,Experiment_2_Skewness_Preference,https://app.prolific.com/submissions/complete?cc=C1BTHULB,0.0,1.0,202,,0.0,66e7b62d206ef807782af7e4,1,1,202,,0.0,D,A,B,D,D,B,A,A,D,A,DABDDBAADA,0.2,0,0.0,1,1,202,,0.0,noisy,explanation,Choice B,Pass,red,1,2,2,Fail Box,1,1,202,,0.0,0,1,1,0,0,0,0,0,0,Graphic Design and then Biblical Studies. I'm currently a pastor.,"I suddenly recollected all the times that I've dreaded math class lol. Thus, the whole experience gave me a slight headache.",1,1,,,,,,,,,,,,,,,,,,,,,,,,,,,,,,,,,,,,,,,,,,,,,,,,,,,,,,,,,,,,,,,,,,,,,,,,,,,,,,,,,,,,,,,,,,,,,,,,,,,,,,,,,,,,,,,,,,,,,,,,,,,,,,,,,,,,,,,,,,,,,,,,,,,,,,,,,,,,,,,,,,,,,,,,,,,,,,,,,,,,,,,,,,,,,,,,,,,,,,,,,,,,,,,,,,,,,,,,,,,,,,,,,,,,,,,,,,,,,,,,,,,,,,,,,,,,,,,,,,,,,,,,,,,,,,,,,,,,,,,,,,,,,,,,,,,,,,,,,,,,,,,,,,,,,,,,,,,,,,,,,,,,,,,,,,,,,,,,,,,,,,,,,,,,,,,,,,,,
203,5cr5ohlz,,0,12,12,Exp2_Section_4,EndSurvey,2024-09-26 16:46:13.165618,1,,,0.0,,,,,,,,,,,,,,519akakd,,,,,0,Experiment_2_Skewness_Preference,https://app.prolific.com/submissions/complete?cc=C1BTHULB,0.0,1.0,203,,0.0,5dd3eb9a0f8d513d6c589024,1,1,203,,0.0,B,A,B,C,D,D,A,B,C,A,BABCDDABCA,0.2,0,0.0,1,1,203,,0.0,noisy,explanation,Choice A,Pass,black,10,2,2,Pass Box,1,1,203,,0.0,0,0,1,0,0,0,0,0,0,Math English Science Language  Printing,The math part was very difficult but the whole experience was very enjoyable!,1,1,,,,,,,,,,,,,,,,,,,,,,,,,,,,,,,,,,,,,,,,,,,,,,,,,,,,,,,,,,,,,,,,,,,,,,,,,,,,,,,,,,,,,,,,,,,,,,,,,,,,,,,,,,,,,,,,,,,,,,,,,,,,,,,,,,,,,,,,,,,,,,,,,,,,,,,,,,,,,,,,,,,,,,,,,,,,,,,,,,,,,,,,,,,,,,,,,,,,,,,,,,,,,,,,,,,,,,,,,,,,,,,,,,,,,,,,,,,,,,,,,,,,,,,,,,,,,,,,,,,,,,,,,,,,,,,,,,,,,,,,,,,,,,,,,,,,,,,,,,,,,,,,,,,,,,,,,,,,,,,,,,,,,,,,,,,,,,,,,,,,,,,,,,,,,,,,,,,,
204,k5uekn8n,,0,12,12,Exp2_Section_4,EndSurvey,2024-09-26 16:46:34.216114,1,,,0.0,,,,,,,,,,,,,,519akakd,,,,,0,Experiment_2_Skewness_Preference,https://app.prolific.com/submissions/complete?cc=C1BTHULB,0.0,1.0,204,,0.0,636147ee17c4df2ebf189cf5,1,1,204,,0.0,C,A,C,B,C,C,D,B,C,B,CACBCCDBCB,0.6,5,8.712,1,1,204,,0.0,noisy,explanation,Choice A,Pass,black,35,4,5,Pass Box,1,1,204,,0.0,0,0,1,0,0,0,0,0,0,"Politics, International relations",It went fine,1,1,,,,,,,,,,,,,,,,,,,,,,,,,,,,,,,,,,,,,,,,,,,,,,,,,,,,,,,,,,,,,,,,,,,,,,,,,,,,,,,,,,,,,,,,,,,,,,,,,,,,,,,,,,,,,,,,,,,,,,,,,,,,,,,,,,,,,,,,,,,,,,,,,,,,,,,,,,,,,,,,,,,,,,,,,,,,,,,,,,,,,,,,,,,,,,,,,,,,,,,,,,,,,,,,,,,,,,,,,,,,,,,,,,,,,,,,,,,,,,,,,,,,,,,,,,,,,,,,,,,,,,,,,,,,,,,,,,,,,,,,,,,,,,,,,,,,,,,,,,,,,,,,,,,,,,,,,,,,,,,,,,,,,,,,,,,,,,,,,,,,,,,,,,,,,,,,,,,,
205,yjiwi4y4,,0,12,12,Exp2_Section_4,EndSurvey,2024-09-26 16:46:44.453442,1,,,0.0,,,,,,,,,,,,,,519akakd,,,,,0,Experiment_2_Skewness_Preference,https://app.prolific.com/submissions/complete?cc=C1BTHULB,0.0,1.0,205,,0.0,6631149a03a3ef85c0338990,1,1,205,,0.0,D,C,B,B,B,B,D,C,,C,DCBBBBDC_C,0.5,0,0.0,1,1,205,,0.0,noisy,explanation,Choice A,Pass,red,50,4,5,Fail Box,1,1,205,,0.0,0,1,0,0,0,0,0,0,0,Engineering,Wording of some things were a bit confusing and took multiple reads to understand (such as the ball thing),1,1,,,,,,,,,,,,,,,,,,,,,,,,,,,,,,,,,,,,,,,,,,,,,,,,,,,,,,,,,,,,,,,,,,,,,,,,,,,,,,,,,,,,,,,,,,,,,,,,,,,,,,,,,,,,,,,,,,,,,,,,,,,,,,,,,,,,,,,,,,,,,,,,,,,,,,,,,,,,,,,,,,,,,,,,,,,,,,,,,,,,,,,,,,,,,,,,,,,,,,,,,,,,,,,,,,,,,,,,,,,,,,,,,,,,,,,,,,,,,,,,,,,,,,,,,,,,,,,,,,,,,,,,,,,,,,,,,,,,,,,,,,,,,,,,,,,,,,,,,,,,,,,,,,,,,,,,,,,,,,,,,,,,,,,,,,,,,,,,,,,,,,,,,,,,,,,,,,,,
206,c3k2a015,,0,12,12,Exp2_Section_4,EndSurvey,2024-09-26 16:46:57.901005,1,,,0.0,,,,,,,,,,,,,,519akakd,,,,,0,Experiment_2_Skewness_Preference,https://app.prolific.com/submissions/complete?cc=C1BTHULB,0.0,1.0,206,,0.0,55678ac4fdf99b02081d82c2,1,1,206,,0.0,D,A,B,C,C,A,D,C,B,B,DABCCADCBB,0.4,0,0.0,1,1,206,,0.0,noisy,explanation,Choice A,Fail,red,40,5,5,Not Sure,1,1,206,,0.0,0,1,1,0,1,0,0,0,0,"General K-12 curriculum, Chemistry, Biology, Computer Science, Statistics    Worked in: Education, Finance, Logistics",I knew algebra would come haunt me again! I felt jumpscared by the sudden algebra questions that I haven't thought about or used in a long time.,1,1,,,,,,,,,,,,,,,,,,,,,,,,,,,,,,,,,,,,,,,,,,,,,,,,,,,,,,,,,,,,,,,,,,,,,,,,,,,,,,,,,,,,,,,,,,,,,,,,,,,,,,,,,,,,,,,,,,,,,,,,,,,,,,,,,,,,,,,,,,,,,,,,,,,,,,,,,,,,,,,,,,,,,,,,,,,,,,,,,,,,,,,,,,,,,,,,,,,,,,,,,,,,,,,,,,,,,,,,,,,,,,,,,,,,,,,,,,,,,,,,,,,,,,,,,,,,,,,,,,,,,,,,,,,,,,,,,,,,,,,,,,,,,,,,,,,,,,,,,,,,,,,,,,,,,,,,,,,,,,,,,,,,,,,,,,,,,,,,,,,,,,,,,,,,,,,,,,,,
207,dhje0qq9,,0,12,12,Exp2_Section_4,EndSurvey,2024-09-26 16:47:02.487001,1,,,0.0,,,,,,,,,,,,,,519akakd,,,,,0,Experiment_2_Skewness_Preference,https://app.prolific.com/submissions/complete?cc=C1BTHULB,0.0,1.0,207,,0.0,6577fb64d29f73c7b3a13539,1,1,207,,0.0,B,C,B,B,D,D,C,B,A,B,BCBBDDCBAB,0.2,0,0.0,1,1,207,,0.0,noisy,explanation,Choice A,Fail,red,30,3,5,Fail Box,1,1,207,,0.0,0,0,1,0,0,0,0,0,0,"math, grammar, science, restaurant industry",,1,1,,,,,,,,,,,,,,,,,,,,,,,,,,,,,,,,,,,,,,,,,,,,,,,,,,,,,,,,,,,,,,,,,,,,,,,,,,,,,,,,,,,,,,,,,,,,,,,,,,,,,,,,,,,,,,,,,,,,,,,,,,,,,,,,,,,,,,,,,,,,,,,,,,,,,,,,,,,,,,,,,,,,,,,,,,,,,,,,,,,,,,,,,,,,,,,,,,,,,,,,,,,,,,,,,,,,,,,,,,,,,,,,,,,,,,,,,,,,,,,,,,,,,,,,,,,,,,,,,,,,,,,,,,,,,,,,,,,,,,,,,,,,,,,,,,,,,,,,,,,,,,,,,,,,,,,,,,,,,,,,,,,,,,,,,,,,,,,,,,,,,,,,,,,,,,,,,,,,
208,hq14z5fb,,0,12,12,Exp2_Section_4,EndSurvey,2024-09-26 16:47:02.647848,1,,,0.0,,,,,,,,,,,,,,519akakd,,,,,0,Experiment_2_Skewness_Preference,https://app.prolific.com/submissions/complete?cc=C1BTHULB,0.0,1.0,208,,0.0,661ecd8cc417f5af7913161c,1,1,208,,0.0,,A,,,B,B,,C,,B,_A__BB_C_B,0.5,0,0.0,1,1,208,,0.0,noisy,explanation,Choice A,Pass,red,10,3,3,Fail Box,1,1,208,,0.0,0,0,1,0,0,0,0,0,0,Computer Science  Continuing Education,I don't do well on short timed tests as a rule.  The timer flusters me and makes it nearly impossible for me to focus on the questions.,1,1,,,,,,,,,,,,,,,,,,,,,,,,,,,,,,,,,,,,,,,,,,,,,,,,,,,,,,,,,,,,,,,,,,,,,,,,,,,,,,,,,,,,,,,,,,,,,,,,,,,,,,,,,,,,,,,,,,,,,,,,,,,,,,,,,,,,,,,,,,,,,,,,,,,,,,,,,,,,,,,,,,,,,,,,,,,,,,,,,,,,,,,,,,,,,,,,,,,,,,,,,,,,,,,,,,,,,,,,,,,,,,,,,,,,,,,,,,,,,,,,,,,,,,,,,,,,,,,,,,,,,,,,,,,,,,,,,,,,,,,,,,,,,,,,,,,,,,,,,,,,,,,,,,,,,,,,,,,,,,,,,,,,,,,,,,,,,,,,,,,,,,,,,,,,,,,,,,,,
209,h8n9aq2n,,0,4,12,Exp2_Section_1,Conclusion,2024-09-26 16:47:26.592260,1,,,0.0,,,,,,,,,,,,,,519akakd,,,,,0,Experiment_2_Skewness_Preference,https://app.prolific.com/submissions/complete?cc=C1BTHULB,0.0,1.0,209,,0.0,63ac69ac461e034cde56751a,1,1,209,,0.0,,,,,,,,,,,__________,0.0,0,0.0,1,1,209,,0.0,,,,,,,,,,1,1,209,,0.0,0,0,0,0,0,0,0,0,0,FALSE,FALSE,1,1,,,,,,,,,,,,,,,,,,,,,,,,,,,,,,,,,,,,,,,,,,,,,,,,,,,,,,,,,,,,,,,,,,,,,,,,,,,,,,,,,,,,,,,,,,,,,,,,,,,,,,,,,,,,,,,,,,,,,,,,,,,,,,,,,,,,,,,,,,,,,,,,,,,,,,,,,,,,,,,,,,,,,,,,,,,,,,,,,,,,,,,,,,,,,,,,,,,,,,,,,,,,,,,,,,,,,,,,,,,,,,,,,,,,,,,,,,,,,,,,,,,,,,,,,,,,,,,,,,,,,,,,,,,,,,,,,,,,,,,,,,,,,,,,,,,,,,,,,,,,,,,,,,,,,,,,,,,,,,,,,,,,,,,,,,,,,,,,,,,,,,,,,,,,,,,,,,,,
210,fsbrg5ip,,0,4,12,Exp2_Section_1,Conclusion,2024-09-26 16:47:32.772052,1,,,0.0,,,,,,,,,,,,,,519akakd,,,,,0,Experiment_2_Skewness_Preference,https://app.prolific.com/submissions/complete?cc=C1BTHULB,0.0,1.0,210,,0.0,63e711bb284d2bc894a057a6,1,1,210,,0.0,,,,,,,,,,,__________,0.0,0,0.0,1,1,210,,0.0,,,,,,,,,,1,1,210,,0.0,0,0,0,0,0,0,0,0,0,FALSE,FALSE,1,1,,,,,,,,,,,,,,,,,,,,,,,,,,,,,,,,,,,,,,,,,,,,,,,,,,,,,,,,,,,,,,,,,,,,,,,,,,,,,,,,,,,,,,,,,,,,,,,,,,,,,,,,,,,,,,,,,,,,,,,,,,,,,,,,,,,,,,,,,,,,,,,,,,,,,,,,,,,,,,,,,,,,,,,,,,,,,,,,,,,,,,,,,,,,,,,,,,,,,,,,,,,,,,,,,,,,,,,,,,,,,,,,,,,,,,,,,,,,,,,,,,,,,,,,,,,,,,,,,,,,,,,,,,,,,,,,,,,,,,,,,,,,,,,,,,,,,,,,,,,,,,,,,,,,,,,,,,,,,,,,,,,,,,,,,,,,,,,,,,,,,,,,,,,,,,,,,,,,
211,669u9d2n,,0,12,12,Exp2_Section_4,EndSurvey,2024-09-26 16:47:38.341347,1,,,0.0,,,,,,,,,,,,,,519akakd,,,,,0,Experiment_2_Skewness_Preference,https://app.prolific.com/submissions/complete?cc=C1BTHULB,0.0,1.0,211,,0.0,667db8476ed0a49a24579e01,1,1,211,,0.0,A,A,D,B,B,B,D,C,C,B,AADBBBDCCB,0.9,0,0.0,1,1,211,,0.0,noisy,explanation,Choice A,Pass,red,25,3,4,Fail Box,1,1,211,,0.0,0,0,1,0,1,0,0,0,0,"The main subject is Data science, industries worked in Data Scientist.",I haven't done math for a long time. ,1,1,,,,,,,,,,,,,,,,,,,,,,,,,,,,,,,,,,,,,,,,,,,,,,,,,,,,,,,,,,,,,,,,,,,,,,,,,,,,,,,,,,,,,,,,,,,,,,,,,,,,,,,,,,,,,,,,,,,,,,,,,,,,,,,,,,,,,,,,,,,,,,,,,,,,,,,,,,,,,,,,,,,,,,,,,,,,,,,,,,,,,,,,,,,,,,,,,,,,,,,,,,,,,,,,,,,,,,,,,,,,,,,,,,,,,,,,,,,,,,,,,,,,,,,,,,,,,,,,,,,,,,,,,,,,,,,,,,,,,,,,,,,,,,,,,,,,,,,,,,,,,,,,,,,,,,,,,,,,,,,,,,,,,,,,,,,,,,,,,,,,,,,,,,,,,,,,,,,,
212,58rp9vqq,,0,12,12,Exp2_Section_4,EndSurvey,2024-09-26 16:47:40.204351,1,,,0.0,,,,,,,,,,,,,,519akakd,,,,,0,Experiment_2_Skewness_Preference,https://app.prolific.com/submissions/complete?cc=C1BTHULB,0.0,1.0,212,,0.0,616da8d2898bf561b8c61a05,1,1,212,,0.0,B,A,A,C,C,A,C,C,C,B,BAACCACCCB,0.4,1,12.349,1,1,212,,0.0,noisy,explanation,Choice B,Pass,red,25,4,4,Pass Box,1,1,212,,0.0,0,0,1,0,0,0,0,0,0,"Math, Business  Banking and Accounting",I enjoyed the brain workout,1,1,,,,,,,,,,,,,,,,,,,,,,,,,,,,,,,,,,,,,,,,,,,,,,,,,,,,,,,,,,,,,,,,,,,,,,,,,,,,,,,,,,,,,,,,,,,,,,,,,,,,,,,,,,,,,,,,,,,,,,,,,,,,,,,,,,,,,,,,,,,,,,,,,,,,,,,,,,,,,,,,,,,,,,,,,,,,,,,,,,,,,,,,,,,,,,,,,,,,,,,,,,,,,,,,,,,,,,,,,,,,,,,,,,,,,,,,,,,,,,,,,,,,,,,,,,,,,,,,,,,,,,,,,,,,,,,,,,,,,,,,,,,,,,,,,,,,,,,,,,,,,,,,,,,,,,,,,,,,,,,,,,,,,,,,,,,,,,,,,,,,,,,,,,,,,,,,,,,,
213,tc8k7yum,,0,12,12,Exp2_Section_4,EndSurvey,2024-09-26 16:47:40.627947,1,,,0.0,,,,,,,,,,,,,,519akakd,,,,,0,Experiment_2_Skewness_Preference,https://app.prolific.com/submissions/complete?cc=C1BTHULB,0.0,1.0,213,,0.0,662a7bad22f9c62510da0348,1,1,213,,0.0,A,B,A,C,C,C,C,A,A,C,ABACCCCAAC,0.1,1,17.174,1,1,213,,0.0,noisy,explanation,Choice A,Fail,red,15,4,3,Fail Box,1,1,213,,0.0,0,0,1,0,0,0,0,0,0,"Art and English, Healthcare","Math is hard for me, been 35 years since I've taken a math class, don't anticipate doing well",1,1,,,,,,,,,,,,,,,,,,,,,,,,,,,,,,,,,,,,,,,,,,,,,,,,,,,,,,,,,,,,,,,,,,,,,,,,,,,,,,,,,,,,,,,,,,,,,,,,,,,,,,,,,,,,,,,,,,,,,,,,,,,,,,,,,,,,,,,,,,,,,,,,,,,,,,,,,,,,,,,,,,,,,,,,,,,,,,,,,,,,,,,,,,,,,,,,,,,,,,,,,,,,,,,,,,,,,,,,,,,,,,,,,,,,,,,,,,,,,,,,,,,,,,,,,,,,,,,,,,,,,,,,,,,,,,,,,,,,,,,,,,,,,,,,,,,,,,,,,,,,,,,,,,,,,,,,,,,,,,,,,,,,,,,,,,,,,,,,,,,,,,,,,,,,,,,,,,,,
214,u485vivm,,0,12,12,Exp2_Section_4,EndSurvey,2024-09-26 16:47:41.539441,1,,,0.0,,,,,,,,,,,,,,519akakd,,,,,0,Experiment_2_Skewness_Preference,https://app.prolific.com/submissions/complete?cc=C1BTHULB,0.0,1.0,214,,0.0,664252d4a599b06b914bfcd8,1,1,214,,0.0,B,C,B,B,C,C,B,A,B,B,BCBBCCBABB,0.2,0,0.0,1,1,214,,0.0,noisy,explanation,Choice A,Fail,red,10,3,10,Fail Box,1,1,214,,0.0,0,0,1,0,1,0,0,0,0,"gen studies, and I was a mechanic in the army so some math",I have no idea how the math went ,1,1,,,,,,,,,,,,,,,,,,,,,,,,,,,,,,,,,,,,,,,,,,,,,,,,,,,,,,,,,,,,,,,,,,,,,,,,,,,,,,,,,,,,,,,,,,,,,,,,,,,,,,,,,,,,,,,,,,,,,,,,,,,,,,,,,,,,,,,,,,,,,,,,,,,,,,,,,,,,,,,,,,,,,,,,,,,,,,,,,,,,,,,,,,,,,,,,,,,,,,,,,,,,,,,,,,,,,,,,,,,,,,,,,,,,,,,,,,,,,,,,,,,,,,,,,,,,,,,,,,,,,,,,,,,,,,,,,,,,,,,,,,,,,,,,,,,,,,,,,,,,,,,,,,,,,,,,,,,,,,,,,,,,,,,,,,,,,,,,,,,,,,,,,,,,,,,,,,,,
215,77617es5,,0,12,12,Exp2_Section_4,EndSurvey,2024-09-26 16:47:50.314250,1,,,0.0,,,,,,,,,,,,,,519akakd,,,,,0,Experiment_2_Skewness_Preference,https://app.prolific.com/submissions/complete?cc=C1BTHULB,0.0,1.0,215,,0.0,5ef3832ddd7d5a0f19b24f20,1,1,215,,0.0,B,C,B,C,A,C,D,A,B,C,BCBCACDABC,0.1,0,0.0,1,1,215,,0.0,noisy,explanation,Choice B,Fail,black,40,2,5,Fail Box,1,1,215,,0.0,1,0,1,0,0,0,0,1,0,"science, research, pharmacy","it was interesting, thank you",1,1,,,,,,,,,,,,,,,,,,,,,,,,,,,,,,,,,,,,,,,,,,,,,,,,,,,,,,,,,,,,,,,,,,,,,,,,,,,,,,,,,,,,,,,,,,,,,,,,,,,,,,,,,,,,,,,,,,,,,,,,,,,,,,,,,,,,,,,,,,,,,,,,,,,,,,,,,,,,,,,,,,,,,,,,,,,,,,,,,,,,,,,,,,,,,,,,,,,,,,,,,,,,,,,,,,,,,,,,,,,,,,,,,,,,,,,,,,,,,,,,,,,,,,,,,,,,,,,,,,,,,,,,,,,,,,,,,,,,,,,,,,,,,,,,,,,,,,,,,,,,,,,,,,,,,,,,,,,,,,,,,,,,,,,,,,,,,,,,,,,,,,,,,,,,,,,,,,,,
216,e5t0d0qe,,0,12,12,Exp2_Section_4,EndSurvey,2024-09-26 16:47:54.795074,1,,,0.0,,,,,,,,,,,,,,519akakd,,,,,0,Experiment_2_Skewness_Preference,https://app.prolific.com/submissions/complete?cc=C1BTHULB,0.0,1.0,216,,0.0,6616eff822e8996e023e5b74,1,1,216,,0.0,B,A,C,C,D,C,C,B,B,A,BACCDCCBBA,0.2,0,0.0,1,1,216,,0.0,noisy,explanation,Choice B,Pass,red,50,3,2,Pass Box,1,1,216,,0.0,0,0,1,1,0,0,0,0,0,"i studied general studies, i also took 2 years of welding and 3 years of electricity.",it was difficult because I haven't been in school for over 10 years.,1,1,,,,,,,,,,,,,,,,,,,,,,,,,,,,,,,,,,,,,,,,,,,,,,,,,,,,,,,,,,,,,,,,,,,,,,,,,,,,,,,,,,,,,,,,,,,,,,,,,,,,,,,,,,,,,,,,,,,,,,,,,,,,,,,,,,,,,,,,,,,,,,,,,,,,,,,,,,,,,,,,,,,,,,,,,,,,,,,,,,,,,,,,,,,,,,,,,,,,,,,,,,,,,,,,,,,,,,,,,,,,,,,,,,,,,,,,,,,,,,,,,,,,,,,,,,,,,,,,,,,,,,,,,,,,,,,,,,,,,,,,,,,,,,,,,,,,,,,,,,,,,,,,,,,,,,,,,,,,,,,,,,,,,,,,,,,,,,,,,,,,,,,,,,,,,,,,,,,,
217,73h4gwzi,,0,12,12,Exp2_Section_4,EndSurvey,2024-09-26 16:48:02.914314,1,,,0.0,,,,,,,,,,,,,,519akakd,,,,,0,Experiment_2_Skewness_Preference,https://app.prolific.com/submissions/complete?cc=C1BTHULB,0.0,1.0,217,,0.0,663bc31529719b8501c52820,1,1,217,,0.0,D,A,A,B,B,B,D,B,B,B,DAABBBDBBB,0.6,0,0.0,1,1,217,,0.0,noisy,explanation,Choice A,Pass,black,85,7,6,Pass Box,1,1,217,,0.0,0,0,1,0,0,0,0,0,0,"I studied music, math, history, and English. I have worked in the retail industry, agriculture industry, and consulting industry.",The math questions were tough! But all the information presented was clear and easy to understand.,1,1,,,,,,,,,,,,,,,,,,,,,,,,,,,,,,,,,,,,,,,,,,,,,,,,,,,,,,,,,,,,,,,,,,,,,,,,,,,,,,,,,,,,,,,,,,,,,,,,,,,,,,,,,,,,,,,,,,,,,,,,,,,,,,,,,,,,,,,,,,,,,,,,,,,,,,,,,,,,,,,,,,,,,,,,,,,,,,,,,,,,,,,,,,,,,,,,,,,,,,,,,,,,,,,,,,,,,,,,,,,,,,,,,,,,,,,,,,,,,,,,,,,,,,,,,,,,,,,,,,,,,,,,,,,,,,,,,,,,,,,,,,,,,,,,,,,,,,,,,,,,,,,,,,,,,,,,,,,,,,,,,,,,,,,,,,,,,,,,,,,,,,,,,,,,,,,,,,,,
218,sgzidkmw,,0,12,12,Exp2_Section_4,EndSurvey,2024-09-26 16:48:20.758879,1,,,0.0,,,,,,,,,,,,,,519akakd,,,,,0,Experiment_2_Skewness_Preference,https://app.prolific.com/submissions/complete?cc=C1BTHULB,0.0,1.0,218,,0.0,6148ea50509c9ce6c1f023c0,1,1,218,,0.0,B,C,D,A,B,D,C,A,B,C,BCDABDCABC,0.1,0,0.0,1,1,218,,0.0,noisy,explanation,Choice A,Fail,red,70,6,6,Pass Box,1,1,218,,0.0,0,0,1,0,0,0,0,0,0,"Political Science, Commercial Real Estate",Great experience,1,1,,,,,,,,,,,,,,,,,,,,,,,,,,,,,,,,,,,,,,,,,,,,,,,,,,,,,,,,,,,,,,,,,,,,,,,,,,,,,,,,,,,,,,,,,,,,,,,,,,,,,,,,,,,,,,,,,,,,,,,,,,,,,,,,,,,,,,,,,,,,,,,,,,,,,,,,,,,,,,,,,,,,,,,,,,,,,,,,,,,,,,,,,,,,,,,,,,,,,,,,,,,,,,,,,,,,,,,,,,,,,,,,,,,,,,,,,,,,,,,,,,,,,,,,,,,,,,,,,,,,,,,,,,,,,,,,,,,,,,,,,,,,,,,,,,,,,,,,,,,,,,,,,,,,,,,,,,,,,,,,,,,,,,,,,,,,,,,,,,,,,,,,,,,,,,,,,,,,
219,yds5po6g,,0,12,12,Exp2_Section_4,EndSurvey,2024-09-26 16:48:34.054540,1,,,0.0,,,,,,,,,,,,,,519akakd,,,,,0,Experiment_2_Skewness_Preference,https://app.prolific.com/submissions/complete?cc=C1BTHULB,0.0,1.0,219,,0.0,5cfe3ec7591d170019447590,1,1,219,,0.0,B,D,A,C,B,D,C,A,C,A,BDACBDCACA,0.2,0,0.0,1,1,219,,0.0,noisy,explanation,Choice A,Fail,red,42,2,4,Fail Box,1,1,219,,0.0,0,0,1,0,0,0,0,0,0,"English, Math, and history.",N/A,1,1,,,,,,,,,,,,,,,,,,,,,,,,,,,,,,,,,,,,,,,,,,,,,,,,,,,,,,,,,,,,,,,,,,,,,,,,,,,,,,,,,,,,,,,,,,,,,,,,,,,,,,,,,,,,,,,,,,,,,,,,,,,,,,,,,,,,,,,,,,,,,,,,,,,,,,,,,,,,,,,,,,,,,,,,,,,,,,,,,,,,,,,,,,,,,,,,,,,,,,,,,,,,,,,,,,,,,,,,,,,,,,,,,,,,,,,,,,,,,,,,,,,,,,,,,,,,,,,,,,,,,,,,,,,,,,,,,,,,,,,,,,,,,,,,,,,,,,,,,,,,,,,,,,,,,,,,,,,,,,,,,,,,,,,,,,,,,,,,,,,,,,,,,,,,,,,,,,,,
220,imj8r6fh,,0,12,12,Exp2_Section_4,EndSurvey,2024-09-26 16:48:37.465427,1,,,0.0,,,,,,,,,,,,,,519akakd,,,,,0,Experiment_2_Skewness_Preference,https://app.prolific.com/submissions/complete?cc=C1BTHULB,0.0,1.0,220,,0.0,5b2a7c5e28c8850001e7f0e1,1,1,220,,0.0,D,A,C,B,C,B,A,B,B,C,DACBCBABBC,0.4,0,0.0,1,1,220,,0.0,noisy,explanation,Choice B,Pass,red,100,3,2,Pass Box,1,1,220,,0.0,0,0,1,0,0,0,0,0,0,I studied Business administration and now work as a freelancer,N/A,1,1,,,,,,,,,,,,,,,,,,,,,,,,,,,,,,,,,,,,,,,,,,,,,,,,,,,,,,,,,,,,,,,,,,,,,,,,,,,,,,,,,,,,,,,,,,,,,,,,,,,,,,,,,,,,,,,,,,,,,,,,,,,,,,,,,,,,,,,,,,,,,,,,,,,,,,,,,,,,,,,,,,,,,,,,,,,,,,,,,,,,,,,,,,,,,,,,,,,,,,,,,,,,,,,,,,,,,,,,,,,,,,,,,,,,,,,,,,,,,,,,,,,,,,,,,,,,,,,,,,,,,,,,,,,,,,,,,,,,,,,,,,,,,,,,,,,,,,,,,,,,,,,,,,,,,,,,,,,,,,,,,,,,,,,,,,,,,,,,,,,,,,,,,,,,,,,,,,,,
221,gcnfzb5c,,0,12,12,Exp2_Section_4,EndSurvey,2024-09-26 16:48:37.443321,1,,,0.0,,,,,,,,,,,,,,519akakd,,,,,0,Experiment_2_Skewness_Preference,https://app.prolific.com/submissions/complete?cc=C1BTHULB,0.0,1.0,221,,0.0,64135a1754a2b94d653f9c79,1,1,221,,0.0,B,B,A,D,C,B,C,B,B,B,BBADCBCBBB,0.2,0,0.0,1,1,221,,0.0,noisy,explanation,Choice B,Pass,red,4,0,0,Fail Box,1,1,221,,0.0,0,0,1,0,0,0,0,0,0,Art,I was absolutely clueless as I am bad at math on a comical level.,1,1,,,,,,,,,,,,,,,,,,,,,,,,,,,,,,,,,,,,,,,,,,,,,,,,,,,,,,,,,,,,,,,,,,,,,,,,,,,,,,,,,,,,,,,,,,,,,,,,,,,,,,,,,,,,,,,,,,,,,,,,,,,,,,,,,,,,,,,,,,,,,,,,,,,,,,,,,,,,,,,,,,,,,,,,,,,,,,,,,,,,,,,,,,,,,,,,,,,,,,,,,,,,,,,,,,,,,,,,,,,,,,,,,,,,,,,,,,,,,,,,,,,,,,,,,,,,,,,,,,,,,,,,,,,,,,,,,,,,,,,,,,,,,,,,,,,,,,,,,,,,,,,,,,,,,,,,,,,,,,,,,,,,,,,,,,,,,,,,,,,,,,,,,,,,,,,,,,,,
222,eipykums,,0,4,12,Exp2_Section_1,Conclusion,2024-09-26 16:48:50.089719,1,,,0.0,,,,,,,,,,,,,,519akakd,,,,,0,Experiment_2_Skewness_Preference,https://app.prolific.com/submissions/complete?cc=C1BTHULB,0.0,1.0,222,,0.0,662f0c23051a055b3a439f9f,1,1,222,,0.0,,,,,,,,,,,__________,0.0,0,0.0,1,1,222,,0.0,,,,,,,,,,1,1,222,,0.0,0,0,0,0,0,0,0,0,0,FALSE,FALSE,1,1,,,,,,,,,,,,,,,,,,,,,,,,,,,,,,,,,,,,,,,,,,,,,,,,,,,,,,,,,,,,,,,,,,,,,,,,,,,,,,,,,,,,,,,,,,,,,,,,,,,,,,,,,,,,,,,,,,,,,,,,,,,,,,,,,,,,,,,,,,,,,,,,,,,,,,,,,,,,,,,,,,,,,,,,,,,,,,,,,,,,,,,,,,,,,,,,,,,,,,,,,,,,,,,,,,,,,,,,,,,,,,,,,,,,,,,,,,,,,,,,,,,,,,,,,,,,,,,,,,,,,,,,,,,,,,,,,,,,,,,,,,,,,,,,,,,,,,,,,,,,,,,,,,,,,,,,,,,,,,,,,,,,,,,,,,,,,,,,,,,,,,,,,,,,,,,,,,,,
223,7792ux51,,0,12,12,Exp2_Section_4,EndSurvey,2024-09-26 16:48:53.060034,1,,,0.0,,,,,,,,,,,,,,519akakd,,,,,0,Experiment_2_Skewness_Preference,https://app.prolific.com/submissions/complete?cc=C1BTHULB,0.0,1.0,223,,0.0,6077a808b8d8534a901e5d78,1,1,223,,0.0,D,A,C,A,D,B,D,B,A,B,DACADBDBAB,0.5,0,0.0,1,1,223,,0.0,noisy,explanation,Choice B,Pass,red,10,4,4,Pass Box,1,1,223,,0.0,0,1,0,0,0,0,0,0,0,Mainly Science subjects. I've mainly worked in retail.,Could be more interesting...study was a bit dull.,1,1,,,,,,,,,,,,,,,,,,,,,,,,,,,,,,,,,,,,,,,,,,,,,,,,,,,,,,,,,,,,,,,,,,,,,,,,,,,,,,,,,,,,,,,,,,,,,,,,,,,,,,,,,,,,,,,,,,,,,,,,,,,,,,,,,,,,,,,,,,,,,,,,,,,,,,,,,,,,,,,,,,,,,,,,,,,,,,,,,,,,,,,,,,,,,,,,,,,,,,,,,,,,,,,,,,,,,,,,,,,,,,,,,,,,,,,,,,,,,,,,,,,,,,,,,,,,,,,,,,,,,,,,,,,,,,,,,,,,,,,,,,,,,,,,,,,,,,,,,,,,,,,,,,,,,,,,,,,,,,,,,,,,,,,,,,,,,,,,,,,,,,,,,,,,,,,,,,,,
224,56tbymyy,,0,12,12,Exp2_Section_4,EndSurvey,2024-09-26 16:50:53.102370,1,,,0.0,,,,,,,,,,,,,,519akakd,,,,,0,Experiment_2_Skewness_Preference,https://app.prolific.com/submissions/complete?cc=C1BTHULB,0.0,1.0,224,,0.0,66765cefaf50558b476e42ad,1,1,224,,0.0,D,C,B,C,C,B,A,D,C,B,DCBCCBADCB,0.3,0,0.0,1,1,224,,0.0,noisy,explanation,Choice A,Fail,red,35,3,4,Fail Box,1,1,224,,0.0,0,0,1,0,0,0,0,0,0,I studied basic business math as well as marketing strategies. Also studied culinary arts. ,"The experience was allright. At times it was pretty challanging, but nothing too bad. ",1,1,,,,,,,,,,,,,,,,,,,,,,,,,,,,,,,,,,,,,,,,,,,,,,,,,,,,,,,,,,,,,,,,,,,,,,,,,,,,,,,,,,,,,,,,,,,,,,,,,,,,,,,,,,,,,,,,,,,,,,,,,,,,,,,,,,,,,,,,,,,,,,,,,,,,,,,,,,,,,,,,,,,,,,,,,,,,,,,,,,,,,,,,,,,,,,,,,,,,,,,,,,,,,,,,,,,,,,,,,,,,,,,,,,,,,,,,,,,,,,,,,,,,,,,,,,,,,,,,,,,,,,,,,,,,,,,,,,,,,,,,,,,,,,,,,,,,,,,,,,,,,,,,,,,,,,,,,,,,,,,,,,,,,,,,,,,,,,,,,,,,,,,,,,,,,,,,,,,,
225,b43hb3ms,,0,12,12,Exp2_Section_4,EndSurvey,2024-09-26 16:51:10.728648,1,,,0.0,,,,,,,,,,,,,,519akakd,,,,,0,Experiment_2_Skewness_Preference,https://app.prolific.com/submissions/complete?cc=C1BTHULB,0.0,1.0,225,,0.0,6316972ef4d8ad8f45a16d7f,1,1,225,,0.0,D,A,B,A,D,B,D,B,B,C,DABADBDBBC,0.3,1,31.4,1,1,225,,0.0,noisy,explanation,Choice A,Fail,red,69,5,4,Fail Box,1,1,225,,0.0,0,1,0,0,0,0,0,0,0,Computer Science - electric utility,No feedback ,1,1,,,,,,,,,,,,,,,,,,,,,,,,,,,,,,,,,,,,,,,,,,,,,,,,,,,,,,,,,,,,,,,,,,,,,,,,,,,,,,,,,,,,,,,,,,,,,,,,,,,,,,,,,,,,,,,,,,,,,,,,,,,,,,,,,,,,,,,,,,,,,,,,,,,,,,,,,,,,,,,,,,,,,,,,,,,,,,,,,,,,,,,,,,,,,,,,,,,,,,,,,,,,,,,,,,,,,,,,,,,,,,,,,,,,,,,,,,,,,,,,,,,,,,,,,,,,,,,,,,,,,,,,,,,,,,,,,,,,,,,,,,,,,,,,,,,,,,,,,,,,,,,,,,,,,,,,,,,,,,,,,,,,,,,,,,,,,,,,,,,,,,,,,,,,,,,,,,,,
226,bcue65ay,,0,12,12,Exp2_Section_4,EndSurvey,2024-09-26 16:51:47.007158,1,,,0.0,,,,,,,,,,,,,,519akakd,,,,,0,Experiment_2_Skewness_Preference,https://app.prolific.com/submissions/complete?cc=C1BTHULB,0.0,1.0,226,,0.0,66d88824286f37aa2f0eae20,1,1,226,,0.0,D,C,A,D,B,,A,B,,,DCADB_AB__,0.1,0,0.0,1,1,226,,0.0,noisy,explanation,Choice B,Fail,black,60,4,5,Fail Box,1,1,226,,0.0,0,0,1,0,0,0,0,0,0,Graphic Design and Fine Art,,1,1,,,,,,,,,,,,,,,,,,,,,,,,,,,,,,,,,,,,,,,,,,,,,,,,,,,,,,,,,,,,,,,,,,,,,,,,,,,,,,,,,,,,,,,,,,,,,,,,,,,,,,,,,,,,,,,,,,,,,,,,,,,,,,,,,,,,,,,,,,,,,,,,,,,,,,,,,,,,,,,,,,,,,,,,,,,,,,,,,,,,,,,,,,,,,,,,,,,,,,,,,,,,,,,,,,,,,,,,,,,,,,,,,,,,,,,,,,,,,,,,,,,,,,,,,,,,,,,,,,,,,,,,,,,,,,,,,,,,,,,,,,,,,,,,,,,,,,,,,,,,,,,,,,,,,,,,,,,,,,,,,,,,,,,,,,,,,,,,,,,,,,,,,,,,,,,,,,,,
227,23sjxoqd,,0,4,12,Exp2_Section_1,Conclusion,2024-09-26 17:05:15.267236,1,,,0.0,,,,,,,,,,,,,,519akakd,,,,,0,Experiment_2_Skewness_Preference,https://app.prolific.com/submissions/complete?cc=C1BTHULB,0.0,1.0,227,,0.0,669f7423c9c40ff7e52f3c3a,1,1,227,,0.0,A,A,,,,,,,,,AA________,0.2,2,262.16,1,1,227,,0.0,,,,,,,,,,1,1,227,,0.0,0,0,0,0,0,0,0,0,0,FALSE,FALSE,1,1,,,,,,,,,,,,,,,,,,,,,,,,,,,,,,,,,,,,,,,,,,,,,,,,,,,,,,,,,,,,,,,,,,,,,,,,,,,,,,,,,,,,,,,,,,,,,,,,,,,,,,,,,,,,,,,,,,,,,,,,,,,,,,,,,,,,,,,,,,,,,,,,,,,,,,,,,,,,,,,,,,,,,,,,,,,,,,,,,,,,,,,,,,,,,,,,,,,,,,,,,,,,,,,,,,,,,,,,,,,,,,,,,,,,,,,,,,,,,,,,,,,,,,,,,,,,,,,,,,,,,,,,,,,,,,,,,,,,,,,,,,,,,,,,,,,,,,,,,,,,,,,,,,,,,,,,,,,,,,,,,,,,,,,,,,,,,,,,,,,,,,,,,,,,,,,,,,,,
228,6q5bbvjv,,0,12,12,Exp2_Section_4,EndSurvey,2024-09-26 17:16:55.631578,1,,,0.0,,,,,,,,,,,,,,519akakd,,,,,0,Experiment_2_Skewness_Preference,https://app.prolific.com/submissions/complete?cc=C1BTHULB,0.0,1.0,228,,0.0,669424e6b661e0a098ec66a4,1,1,228,,0.0,D,C,A,D,C,A,C,A,C,A,DCADCACACA,0.1,1,2.879,1,1,228,,0.0,noisy,explanation,Choice A,Fail,red,100,2,4,Fail Box,1,1,228,,0.0,0,0,1,0,1,0,0,0,0,"General studies, Business","It was fun, I know I failed, but it was enjoyable!",1,1,,,,,,,,,,,,,,,,,,,,,,,,,,,,,,,,,,,,,,,,,,,,,,,,,,,,,,,,,,,,,,,,,,,,,,,,,,,,,,,,,,,,,,,,,,,,,,,,,,,,,,,,,,,,,,,,,,,,,,,,,,,,,,,,,,,,,,,,,,,,,,,,,,,,,,,,,,,,,,,,,,,,,,,,,,,,,,,,,,,,,,,,,,,,,,,,,,,,,,,,,,,,,,,,,,,,,,,,,,,,,,,,,,,,,,,,,,,,,,,,,,,,,,,,,,,,,,,,,,,,,,,,,,,,,,,,,,,,,,,,,,,,,,,,,,,,,,,,,,,,,,,,,,,,,,,,,,,,,,,,,,,,,,,,,,,,,,,,,,,,,,,,,,,,,,,,,,,,
229,04fcq4ok,,0,12,12,Exp2_Section_4,EndSurvey,2024-09-26 17:28:20.571710,1,,,0.0,,,,,,,,,,,,,,519akakd,,,,,0,Experiment_2_Skewness_Preference,https://app.prolific.com/submissions/complete?cc=C1BTHULB,0.0,1.0,229,,0.0,56a3e69d582971000b7b0f4a,1,1,229,,0.0,B,A,D,C,B,B,D,C,C,A,BADCBBDCCA,0.6,0,0.0,1,1,229,,0.0,noisy,explanation,Choice B,Pass,red,70,6,5,Pass Box,1,1,229,,0.0,0,0,1,0,0,0,0,0,0,Math  Engineering  Computer Science,It was fun! definitely different than most studies!,1,1,,,,,,,,,,,,,,,,,,,,,,,,,,,,,,,,,,,,,,,,,,,,,,,,,,,,,,,,,,,,,,,,,,,,,,,,,,,,,,,,,,,,,,,,,,,,,,,,,,,,,,,,,,,,,,,,,,,,,,,,,,,,,,,,,,,,,,,,,,,,,,,,,,,,,,,,,,,,,,,,,,,,,,,,,,,,,,,,,,,,,,,,,,,,,,,,,,,,,,,,,,,,,,,,,,,,,,,,,,,,,,,,,,,,,,,,,,,,,,,,,,,,,,,,,,,,,,,,,,,,,,,,,,,,,,,,,,,,,,,,,,,,,,,,,,,,,,,,,,,,,,,,,,,,,,,,,,,,,,,,,,,,,,,,,,,,,,,,,,,,,,,,,,,,,,,,,,,,
230,o1n3jvxp,,0,12,12,Exp2_Section_4,EndSurvey,2024-09-26 17:30:41.480565,1,,,0.0,,,,,,,,,,,,,,519akakd,,,,,0,Experiment_2_Skewness_Preference,https://app.prolific.com/submissions/complete?cc=C1BTHULB,0.0,1.0,230,,0.0,5fc803709e587e1295172443,1,1,230,,0.0,C,C,B,C,A,B,A,B,C,A,CCBCABABCA,0.2,0,0.0,1,1,230,,0.0,noisy,explanation,Choice B,Fail,black,30,3,3,Fail Box,1,1,230,,0.0,0,0,1,0,0,0,0,0,0,"Math, english, history, economics, accounting, typing, reading",Oh it was frustrating because it was timed.  I was getting ready to do my math work on piece of paper so it was not enough time so I can to try think of the problem and answer on top of my head.  I was a math whiz in algebra but not geometry.,1,1,,,,,,,,,,,,,,,,,,,,,,,,,,,,,,,,,,,,,,,,,,,,,,,,,,,,,,,,,,,,,,,,,,,,,,,,,,,,,,,,,,,,,,,,,,,,,,,,,,,,,,,,,,,,,,,,,,,,,,,,,,,,,,,,,,,,,,,,,,,,,,,,,,,,,,,,,,,,,,,,,,,,,,,,,,,,,,,,,,,,,,,,,,,,,,,,,,,,,,,,,,,,,,,,,,,,,,,,,,,,,,,,,,,,,,,,,,,,,,,,,,,,,,,,,,,,,,,,,,,,,,,,,,,,,,,,,,,,,,,,,,,,,,,,,,,,,,,,,,,,,,,,,,,,,,,,,,,,,,,,,,,,,,,,,,,,,,,,,,,,,,,,,,,,,,,,,,,,
231,oiusen02,,0,0,12,,,,0,,,0.0,,,,,,,,,,,,,,519akakd,,,,,0,Experiment_2_Skewness_Preference,https://app.prolific.com/submissions/complete?cc=C1BTHULB,0.0,1.0,231,,0.0,,1,1,231,,0.0,,,,,,,,,,,,,,,1,1,231,,0.0,,,,,,,,,,1,1,231,,0.0,0,0,0,0,0,0,0,0,0,FALSE,FALSE,1,1,,,,,,,,,,,,,,,,,,,,,,,,,,,,,,,,,,,,,,,,,,,,,,,,,,,,,,,,,,,,,,,,,,,,,,,,,,,,,,,,,,,,,,,,,,,,,,,,,,,,,,,,,,,,,,,,,,,,,,,,,,,,,,,,,,,,,,,,,,,,,,,,,,,,,,,,,,,,,,,,,,,,,,,,,,,,,,,,,,,,,,,,,,,,,,,,,,,,,,,,,,,,,,,,,,,,,,,,,,,,,,,,,,,,,,,,,,,,,,,,,,,,,,,,,,,,,,,,,,,,,,,,,,,,,,,,,,,,,,,,,,,,,,,,,,,,,,,,,,,,,,,,,,,,,,,,,,,,,,,,,,,,,,,,,,,,,,,,,,,,,,,,,,,,,,,,,,,,
232,3cws6yv7,,0,0,12,,,,0,,,0.0,,,,,,,,,,,,,,519akakd,,,,,0,Experiment_2_Skewness_Preference,https://app.prolific.com/submissions/complete?cc=C1BTHULB,0.0,1.0,232,,0.0,,1,1,232,,0.0,,,,,,,,,,,,,,,1,1,232,,0.0,,,,,,,,,,1,1,232,,0.0,0,0,0,0,0,0,0,0,0,FALSE,FALSE,1,1,,,,,,,,,,,,,,,,,,,,,,,,,,,,,,,,,,,,,,,,,,,,,,,,,,,,,,,,,,,,,,,,,,,,,,,,,,,,,,,,,,,,,,,,,,,,,,,,,,,,,,,,,,,,,,,,,,,,,,,,,,,,,,,,,,,,,,,,,,,,,,,,,,,,,,,,,,,,,,,,,,,,,,,,,,,,,,,,,,,,,,,,,,,,,,,,,,,,,,,,,,,,,,,,,,,,,,,,,,,,,,,,,,,,,,,,,,,,,,,,,,,,,,,,,,,,,,,,,,,,,,,,,,,,,,,,,,,,,,,,,,,,,,,,,,,,,,,,,,,,,,,,,,,,,,,,,,,,,,,,,,,,,,,,,,,,,,,,,,,,,,,,,,,,,,,,,,,,
233,3o1ak9qr,,0,0,12,,,,0,,,0.0,,,,,,,,,,,,,,519akakd,,,,,0,Experiment_2_Skewness_Preference,https://app.prolific.com/submissions/complete?cc=C1BTHULB,0.0,1.0,233,,0.0,,1,1,233,,0.0,,,,,,,,,,,,,,,1,1,233,,0.0,,,,,,,,,,1,1,233,,0.0,0,0,0,0,0,0,0,0,0,FALSE,FALSE,1,1,,,,,,,,,,,,,,,,,,,,,,,,,,,,,,,,,,,,,,,,,,,,,,,,,,,,,,,,,,,,,,,,,,,,,,,,,,,,,,,,,,,,,,,,,,,,,,,,,,,,,,,,,,,,,,,,,,,,,,,,,,,,,,,,,,,,,,,,,,,,,,,,,,,,,,,,,,,,,,,,,,,,,,,,,,,,,,,,,,,,,,,,,,,,,,,,,,,,,,,,,,,,,,,,,,,,,,,,,,,,,,,,,,,,,,,,,,,,,,,,,,,,,,,,,,,,,,,,,,,,,,,,,,,,,,,,,,,,,,,,,,,,,,,,,,,,,,,,,,,,,,,,,,,,,,,,,,,,,,,,,,,,,,,,,,,,,,,,,,,,,,,,,,,,,,,,,,,,
234,k3c2d9c5,,0,0,12,,,,0,,,0.0,,,,,,,,,,,,,,519akakd,,,,,0,Experiment_2_Skewness_Preference,https://app.prolific.com/submissions/complete?cc=C1BTHULB,0.0,1.0,234,,0.0,,1,1,234,,0.0,,,,,,,,,,,,,,,1,1,234,,0.0,,,,,,,,,,1,1,234,,0.0,0,0,0,0,0,0,0,0,0,FALSE,FALSE,1,1,,,,,,,,,,,,,,,,,,,,,,,,,,,,,,,,,,,,,,,,,,,,,,,,,,,,,,,,,,,,,,,,,,,,,,,,,,,,,,,,,,,,,,,,,,,,,,,,,,,,,,,,,,,,,,,,,,,,,,,,,,,,,,,,,,,,,,,,,,,,,,,,,,,,,,,,,,,,,,,,,,,,,,,,,,,,,,,,,,,,,,,,,,,,,,,,,,,,,,,,,,,,,,,,,,,,,,,,,,,,,,,,,,,,,,,,,,,,,,,,,,,,,,,,,,,,,,,,,,,,,,,,,,,,,,,,,,,,,,,,,,,,,,,,,,,,,,,,,,,,,,,,,,,,,,,,,,,,,,,,,,,,,,,,,,,,,,,,,,,,,,,,,,,,,,,,,,,,
235,dvu1a4vg,,0,0,12,,,,0,,,0.0,,,,,,,,,,,,,,519akakd,,,,,0,Experiment_2_Skewness_Preference,https://app.prolific.com/submissions/complete?cc=C1BTHULB,0.0,1.0,235,,0.0,,1,1,235,,0.0,,,,,,,,,,,,,,,1,1,235,,0.0,,,,,,,,,,1,1,235,,0.0,0,0,0,0,0,0,0,0,0,FALSE,FALSE,1,1,,,,,,,,,,,,,,,,,,,,,,,,,,,,,,,,,,,,,,,,,,,,,,,,,,,,,,,,,,,,,,,,,,,,,,,,,,,,,,,,,,,,,,,,,,,,,,,,,,,,,,,,,,,,,,,,,,,,,,,,,,,,,,,,,,,,,,,,,,,,,,,,,,,,,,,,,,,,,,,,,,,,,,,,,,,,,,,,,,,,,,,,,,,,,,,,,,,,,,,,,,,,,,,,,,,,,,,,,,,,,,,,,,,,,,,,,,,,,,,,,,,,,,,,,,,,,,,,,,,,,,,,,,,,,,,,,,,,,,,,,,,,,,,,,,,,,,,,,,,,,,,,,,,,,,,,,,,,,,,,,,,,,,,,,,,,,,,,,,,,,,,,,,,,,,,,,,,,
236,7nn98gp2,,0,0,12,,,,0,,,0.0,,,,,,,,,,,,,,519akakd,,,,,0,Experiment_2_Skewness_Preference,https://app.prolific.com/submissions/complete?cc=C1BTHULB,0.0,1.0,236,,0.0,,1,1,236,,0.0,,,,,,,,,,,,,,,1,1,236,,0.0,,,,,,,,,,1,1,236,,0.0,0,0,0,0,0,0,0,0,0,FALSE,FALSE,1,1,,,,,,,,,,,,,,,,,,,,,,,,,,,,,,,,,,,,,,,,,,,,,,,,,,,,,,,,,,,,,,,,,,,,,,,,,,,,,,,,,,,,,,,,,,,,,,,,,,,,,,,,,,,,,,,,,,,,,,,,,,,,,,,,,,,,,,,,,,,,,,,,,,,,,,,,,,,,,,,,,,,,,,,,,,,,,,,,,,,,,,,,,,,,,,,,,,,,,,,,,,,,,,,,,,,,,,,,,,,,,,,,,,,,,,,,,,,,,,,,,,,,,,,,,,,,,,,,,,,,,,,,,,,,,,,,,,,,,,,,,,,,,,,,,,,,,,,,,,,,,,,,,,,,,,,,,,,,,,,,,,,,,,,,,,,,,,,,,,,,,,,,,,,,,,,,,,,,
237,5hvbtxyp,,0,0,12,,,,0,,,0.0,,,,,,,,,,,,,,519akakd,,,,,0,Experiment_2_Skewness_Preference,https://app.prolific.com/submissions/complete?cc=C1BTHULB,0.0,1.0,237,,0.0,,1,1,237,,0.0,,,,,,,,,,,,,,,1,1,237,,0.0,,,,,,,,,,1,1,237,,0.0,0,0,0,0,0,0,0,0,0,FALSE,FALSE,1,1,,,,,,,,,,,,,,,,,,,,,,,,,,,,,,,,,,,,,,,,,,,,,,,,,,,,,,,,,,,,,,,,,,,,,,,,,,,,,,,,,,,,,,,,,,,,,,,,,,,,,,,,,,,,,,,,,,,,,,,,,,,,,,,,,,,,,,,,,,,,,,,,,,,,,,,,,,,,,,,,,,,,,,,,,,,,,,,,,,,,,,,,,,,,,,,,,,,,,,,,,,,,,,,,,,,,,,,,,,,,,,,,,,,,,,,,,,,,,,,,,,,,,,,,,,,,,,,,,,,,,,,,,,,,,,,,,,,,,,,,,,,,,,,,,,,,,,,,,,,,,,,,,,,,,,,,,,,,,,,,,,,,,,,,,,,,,,,,,,,,,,,,,,,,,,,,,,,,
238,y72yjm0u,,0,0,12,,,,0,,,0.0,,,,,,,,,,,,,,519akakd,,,,,0,Experiment_2_Skewness_Preference,https://app.prolific.com/submissions/complete?cc=C1BTHULB,0.0,1.0,238,,0.0,,1,1,238,,0.0,,,,,,,,,,,,,,,1,1,238,,0.0,,,,,,,,,,1,1,238,,0.0,0,0,0,0,0,0,0,0,0,FALSE,FALSE,1,1,,,,,,,,,,,,,,,,,,,,,,,,,,,,,,,,,,,,,,,,,,,,,,,,,,,,,,,,,,,,,,,,,,,,,,,,,,,,,,,,,,,,,,,,,,,,,,,,,,,,,,,,,,,,,,,,,,,,,,,,,,,,,,,,,,,,,,,,,,,,,,,,,,,,,,,,,,,,,,,,,,,,,,,,,,,,,,,,,,,,,,,,,,,,,,,,,,,,,,,,,,,,,,,,,,,,,,,,,,,,,,,,,,,,,,,,,,,,,,,,,,,,,,,,,,,,,,,,,,,,,,,,,,,,,,,,,,,,,,,,,,,,,,,,,,,,,,,,,,,,,,,,,,,,,,,,,,,,,,,,,,,,,,,,,,,,,,,,,,,,,,,,,,,,,,,,,,,,
239,bdlcxeu4,,0,0,12,,,,0,,,0.0,,,,,,,,,,,,,,519akakd,,,,,0,Experiment_2_Skewness_Preference,https://app.prolific.com/submissions/complete?cc=C1BTHULB,0.0,1.0,239,,0.0,,1,1,239,,0.0,,,,,,,,,,,,,,,1,1,239,,0.0,,,,,,,,,,1,1,239,,0.0,0,0,0,0,0,0,0,0,0,FALSE,FALSE,1,1,,,,,,,,,,,,,,,,,,,,,,,,,,,,,,,,,,,,,,,,,,,,,,,,,,,,,,,,,,,,,,,,,,,,,,,,,,,,,,,,,,,,,,,,,,,,,,,,,,,,,,,,,,,,,,,,,,,,,,,,,,,,,,,,,,,,,,,,,,,,,,,,,,,,,,,,,,,,,,,,,,,,,,,,,,,,,,,,,,,,,,,,,,,,,,,,,,,,,,,,,,,,,,,,,,,,,,,,,,,,,,,,,,,,,,,,,,,,,,,,,,,,,,,,,,,,,,,,,,,,,,,,,,,,,,,,,,,,,,,,,,,,,,,,,,,,,,,,,,,,,,,,,,,,,,,,,,,,,,,,,,,,,,,,,,,,,,,,,,,,,,,,,,,,,,,,,,,,
240,ooyghzc3,,0,0,12,,,,0,,,0.0,,,,,,,,,,,,,,519akakd,,,,,0,Experiment_2_Skewness_Preference,https://app.prolific.com/submissions/complete?cc=C1BTHULB,0.0,1.0,240,,0.0,,1,1,240,,0.0,,,,,,,,,,,,,,,1,1,240,,0.0,,,,,,,,,,1,1,240,,0.0,0,0,0,0,0,0,0,0,0,FALSE,FALSE,1,1,,,,,,,,,,,,,,,,,,,,,,,,,,,,,,,,,,,,,,,,,,,,,,,,,,,,,,,,,,,,,,,,,,,,,,,,,,,,,,,,,,,,,,,,,,,,,,,,,,,,,,,,,,,,,,,,,,,,,,,,,,,,,,,,,,,,,,,,,,,,,,,,,,,,,,,,,,,,,,,,,,,,,,,,,,,,,,,,,,,,,,,,,,,,,,,,,,,,,,,,,,,,,,,,,,,,,,,,,,,,,,,,,,,,,,,,,,,,,,,,,,,,,,,,,,,,,,,,,,,,,,,,,,,,,,,,,,,,,,,,,,,,,,,,,,,,,,,,,,,,,,,,,,,,,,,,,,,,,,,,,,,,,,,,,,,,,,,,,,,,,,,,,,,,,,,,,,,,
241,onivfvee,,0,0,12,,,,0,,,0.0,,,,,,,,,,,,,,519akakd,,,,,0,Experiment_2_Skewness_Preference,https://app.prolific.com/submissions/complete?cc=C1BTHULB,0.0,1.0,241,,0.0,,1,1,241,,0.0,,,,,,,,,,,,,,,1,1,241,,0.0,,,,,,,,,,1,1,241,,0.0,0,0,0,0,0,0,0,0,0,FALSE,FALSE,1,1,,,,,,,,,,,,,,,,,,,,,,,,,,,,,,,,,,,,,,,,,,,,,,,,,,,,,,,,,,,,,,,,,,,,,,,,,,,,,,,,,,,,,,,,,,,,,,,,,,,,,,,,,,,,,,,,,,,,,,,,,,,,,,,,,,,,,,,,,,,,,,,,,,,,,,,,,,,,,,,,,,,,,,,,,,,,,,,,,,,,,,,,,,,,,,,,,,,,,,,,,,,,,,,,,,,,,,,,,,,,,,,,,,,,,,,,,,,,,,,,,,,,,,,,,,,,,,,,,,,,,,,,,,,,,,,,,,,,,,,,,,,,,,,,,,,,,,,,,,,,,,,,,,,,,,,,,,,,,,,,,,,,,,,,,,,,,,,,,,,,,,,,,,,,,,,,,,,,
242,7m3dh7su,,0,0,12,,,,0,,,0.0,,,,,,,,,,,,,,519akakd,,,,,0,Experiment_2_Skewness_Preference,https://app.prolific.com/submissions/complete?cc=C1BTHULB,0.0,1.0,242,,0.0,,1,1,242,,0.0,,,,,,,,,,,,,,,1,1,242,,0.0,,,,,,,,,,1,1,242,,0.0,0,0,0,0,0,0,0,0,0,FALSE,FALSE,1,1,,,,,,,,,,,,,,,,,,,,,,,,,,,,,,,,,,,,,,,,,,,,,,,,,,,,,,,,,,,,,,,,,,,,,,,,,,,,,,,,,,,,,,,,,,,,,,,,,,,,,,,,,,,,,,,,,,,,,,,,,,,,,,,,,,,,,,,,,,,,,,,,,,,,,,,,,,,,,,,,,,,,,,,,,,,,,,,,,,,,,,,,,,,,,,,,,,,,,,,,,,,,,,,,,,,,,,,,,,,,,,,,,,,,,,,,,,,,,,,,,,,,,,,,,,,,,,,,,,,,,,,,,,,,,,,,,,,,,,,,,,,,,,,,,,,,,,,,,,,,,,,,,,,,,,,,,,,,,,,,,,,,,,,,,,,,,,,,,,,,,,,,,,,,,,,,,,,,
243,x4casxpc,,0,0,12,,,,0,,,0.0,,,,,,,,,,,,,,519akakd,,,,,0,Experiment_2_Skewness_Preference,https://app.prolific.com/submissions/complete?cc=C1BTHULB,0.0,1.0,243,,0.0,,1,1,243,,0.0,,,,,,,,,,,,,,,1,1,243,,0.0,,,,,,,,,,1,1,243,,0.0,0,0,0,0,0,0,0,0,0,FALSE,FALSE,1,1,,,,,,,,,,,,,,,,,,,,,,,,,,,,,,,,,,,,,,,,,,,,,,,,,,,,,,,,,,,,,,,,,,,,,,,,,,,,,,,,,,,,,,,,,,,,,,,,,,,,,,,,,,,,,,,,,,,,,,,,,,,,,,,,,,,,,,,,,,,,,,,,,,,,,,,,,,,,,,,,,,,,,,,,,,,,,,,,,,,,,,,,,,,,,,,,,,,,,,,,,,,,,,,,,,,,,,,,,,,,,,,,,,,,,,,,,,,,,,,,,,,,,,,,,,,,,,,,,,,,,,,,,,,,,,,,,,,,,,,,,,,,,,,,,,,,,,,,,,,,,,,,,,,,,,,,,,,,,,,,,,,,,,,,,,,,,,,,,,,,,,,,,,,,,,,,,,,,
244,y0omzjay,,0,0,12,,,,0,,,0.0,,,,,,,,,,,,,,519akakd,,,,,0,Experiment_2_Skewness_Preference,https://app.prolific.com/submissions/complete?cc=C1BTHULB,0.0,1.0,244,,0.0,,1,1,244,,0.0,,,,,,,,,,,,,,,1,1,244,,0.0,,,,,,,,,,1,1,244,,0.0,0,0,0,0,0,0,0,0,0,FALSE,FALSE,1,1,,,,,,,,,,,,,,,,,,,,,,,,,,,,,,,,,,,,,,,,,,,,,,,,,,,,,,,,,,,,,,,,,,,,,,,,,,,,,,,,,,,,,,,,,,,,,,,,,,,,,,,,,,,,,,,,,,,,,,,,,,,,,,,,,,,,,,,,,,,,,,,,,,,,,,,,,,,,,,,,,,,,,,,,,,,,,,,,,,,,,,,,,,,,,,,,,,,,,,,,,,,,,,,,,,,,,,,,,,,,,,,,,,,,,,,,,,,,,,,,,,,,,,,,,,,,,,,,,,,,,,,,,,,,,,,,,,,,,,,,,,,,,,,,,,,,,,,,,,,,,,,,,,,,,,,,,,,,,,,,,,,,,,,,,,,,,,,,,,,,,,,,,,,,,,,,,,,,
245,7m0hfmpn,,0,0,12,,,,0,,,0.0,,,,,,,,,,,,,,519akakd,,,,,0,Experiment_2_Skewness_Preference,https://app.prolific.com/submissions/complete?cc=C1BTHULB,0.0,1.0,245,,0.0,,1,1,245,,0.0,,,,,,,,,,,,,,,1,1,245,,0.0,,,,,,,,,,1,1,245,,0.0,0,0,0,0,0,0,0,0,0,FALSE,FALSE,1,1,,,,,,,,,,,,,,,,,,,,,,,,,,,,,,,,,,,,,,,,,,,,,,,,,,,,,,,,,,,,,,,,,,,,,,,,,,,,,,,,,,,,,,,,,,,,,,,,,,,,,,,,,,,,,,,,,,,,,,,,,,,,,,,,,,,,,,,,,,,,,,,,,,,,,,,,,,,,,,,,,,,,,,,,,,,,,,,,,,,,,,,,,,,,,,,,,,,,,,,,,,,,,,,,,,,,,,,,,,,,,,,,,,,,,,,,,,,,,,,,,,,,,,,,,,,,,,,,,,,,,,,,,,,,,,,,,,,,,,,,,,,,,,,,,,,,,,,,,,,,,,,,,,,,,,,,,,,,,,,,,,,,,,,,,,,,,,,,,,,,,,,,,,,,,,,,,,,,
246,1vqlfnzu,,0,0,12,,,,0,,,0.0,,,,,,,,,,,,,,519akakd,,,,,0,Experiment_2_Skewness_Preference,https://app.prolific.com/submissions/complete?cc=C1BTHULB,0.0,1.0,246,,0.0,,1,1,246,,0.0,,,,,,,,,,,,,,,1,1,246,,0.0,,,,,,,,,,1,1,246,,0.0,0,0,0,0,0,0,0,0,0,FALSE,FALSE,1,1,,,,,,,,,,,,,,,,,,,,,,,,,,,,,,,,,,,,,,,,,,,,,,,,,,,,,,,,,,,,,,,,,,,,,,,,,,,,,,,,,,,,,,,,,,,,,,,,,,,,,,,,,,,,,,,,,,,,,,,,,,,,,,,,,,,,,,,,,,,,,,,,,,,,,,,,,,,,,,,,,,,,,,,,,,,,,,,,,,,,,,,,,,,,,,,,,,,,,,,,,,,,,,,,,,,,,,,,,,,,,,,,,,,,,,,,,,,,,,,,,,,,,,,,,,,,,,,,,,,,,,,,,,,,,,,,,,,,,,,,,,,,,,,,,,,,,,,,,,,,,,,,,,,,,,,,,,,,,,,,,,,,,,,,,,,,,,,,,,,,,,,,,,,,,,,,,,,,
247,lzwkhq80,,0,0,12,,,,0,,,0.0,,,,,,,,,,,,,,519akakd,,,,,0,Experiment_2_Skewness_Preference,https://app.prolific.com/submissions/complete?cc=C1BTHULB,0.0,1.0,247,,0.0,,1,1,247,,0.0,,,,,,,,,,,,,,,1,1,247,,0.0,,,,,,,,,,1,1,247,,0.0,0,0,0,0,0,0,0,0,0,FALSE,FALSE,1,1,,,,,,,,,,,,,,,,,,,,,,,,,,,,,,,,,,,,,,,,,,,,,,,,,,,,,,,,,,,,,,,,,,,,,,,,,,,,,,,,,,,,,,,,,,,,,,,,,,,,,,,,,,,,,,,,,,,,,,,,,,,,,,,,,,,,,,,,,,,,,,,,,,,,,,,,,,,,,,,,,,,,,,,,,,,,,,,,,,,,,,,,,,,,,,,,,,,,,,,,,,,,,,,,,,,,,,,,,,,,,,,,,,,,,,,,,,,,,,,,,,,,,,,,,,,,,,,,,,,,,,,,,,,,,,,,,,,,,,,,,,,,,,,,,,,,,,,,,,,,,,,,,,,,,,,,,,,,,,,,,,,,,,,,,,,,,,,,,,,,,,,,,,,,,,,,,,,,
248,alofw96k,,0,0,12,,,,0,,,0.0,,,,,,,,,,,,,,519akakd,,,,,0,Experiment_2_Skewness_Preference,https://app.prolific.com/submissions/complete?cc=C1BTHULB,0.0,1.0,248,,0.0,,1,1,248,,0.0,,,,,,,,,,,,,,,1,1,248,,0.0,,,,,,,,,,1,1,248,,0.0,0,0,0,0,0,0,0,0,0,FALSE,FALSE,1,1,,,,,,,,,,,,,,,,,,,,,,,,,,,,,,,,,,,,,,,,,,,,,,,,,,,,,,,,,,,,,,,,,,,,,,,,,,,,,,,,,,,,,,,,,,,,,,,,,,,,,,,,,,,,,,,,,,,,,,,,,,,,,,,,,,,,,,,,,,,,,,,,,,,,,,,,,,,,,,,,,,,,,,,,,,,,,,,,,,,,,,,,,,,,,,,,,,,,,,,,,,,,,,,,,,,,,,,,,,,,,,,,,,,,,,,,,,,,,,,,,,,,,,,,,,,,,,,,,,,,,,,,,,,,,,,,,,,,,,,,,,,,,,,,,,,,,,,,,,,,,,,,,,,,,,,,,,,,,,,,,,,,,,,,,,,,,,,,,,,,,,,,,,,,,,,,,,,,
249,fwj8cwaz,,0,0,12,,,,0,,,0.0,,,,,,,,,,,,,,519akakd,,,,,0,Experiment_2_Skewness_Preference,https://app.prolific.com/submissions/complete?cc=C1BTHULB,0.0,1.0,249,,0.0,,1,1,249,,0.0,,,,,,,,,,,,,,,1,1,249,,0.0,,,,,,,,,,1,1,249,,0.0,0,0,0,0,0,0,0,0,0,FALSE,FALSE,1,1,,,,,,,,,,,,,,,,,,,,,,,,,,,,,,,,,,,,,,,,,,,,,,,,,,,,,,,,,,,,,,,,,,,,,,,,,,,,,,,,,,,,,,,,,,,,,,,,,,,,,,,,,,,,,,,,,,,,,,,,,,,,,,,,,,,,,,,,,,,,,,,,,,,,,,,,,,,,,,,,,,,,,,,,,,,,,,,,,,,,,,,,,,,,,,,,,,,,,,,,,,,,,,,,,,,,,,,,,,,,,,,,,,,,,,,,,,,,,,,,,,,,,,,,,,,,,,,,,,,,,,,,,,,,,,,,,,,,,,,,,,,,,,,,,,,,,,,,,,,,,,,,,,,,,,,,,,,,,,,,,,,,,,,,,,,,,,,,,,,,,,,,,,,,,,,,,,,,
250,o9z08j91,,0,0,12,,,,0,,,0.0,,,,,,,,,,,,,,519akakd,,,,,0,Experiment_2_Skewness_Preference,https://app.prolific.com/submissions/complete?cc=C1BTHULB,0.0,1.0,250,,0.0,,1,1,250,,0.0,,,,,,,,,,,,,,,1,1,250,,0.0,,,,,,,,,,1,1,250,,0.0,0,0,0,0,0,0,0,0,0,FALSE,FALSE,1,1,,,,,,,,,,,,,,,,,,,,,,,,,,,,,,,,,,,,,,,,,,,,,,,,,,,,,,,,,,,,,,,,,,,,,,,,,,,,,,,,,,,,,,,,,,,,,,,,,,,,,,,,,,,,,,,,,,,,,,,,,,,,,,,,,,,,,,,,,,,,,,,,,,,,,,,,,,,,,,,,,,,,,,,,,,,,,,,,,,,,,,,,,,,,,,,,,,,,,,,,,,,,,,,,,,,,,,,,,,,,,,,,,,,,,,,,,,,,,,,,,,,,,,,,,,,,,,,,,,,,,,,,,,,,,,,,,,,,,,,,,,,,,,,,,,,,,,,,,,,,,,,,,,,,,,,,,,,,,,,,,,,,,,,,,,,,,,,,,,,,,,,,,,,,,,,,,,,,
251,klvtuah6,,0,0,12,,,,0,,,0.0,,,,,,,,,,,,,,519akakd,,,,,0,Experiment_2_Skewness_Preference,https://app.prolific.com/submissions/complete?cc=C1BTHULB,0.0,1.0,251,,0.0,,1,1,251,,0.0,,,,,,,,,,,,,,,1,1,251,,0.0,,,,,,,,,,1,1,251,,0.0,0,0,0,0,0,0,0,0,0,FALSE,FALSE,1,1,,,,,,,,,,,,,,,,,,,,,,,,,,,,,,,,,,,,,,,,,,,,,,,,,,,,,,,,,,,,,,,,,,,,,,,,,,,,,,,,,,,,,,,,,,,,,,,,,,,,,,,,,,,,,,,,,,,,,,,,,,,,,,,,,,,,,,,,,,,,,,,,,,,,,,,,,,,,,,,,,,,,,,,,,,,,,,,,,,,,,,,,,,,,,,,,,,,,,,,,,,,,,,,,,,,,,,,,,,,,,,,,,,,,,,,,,,,,,,,,,,,,,,,,,,,,,,,,,,,,,,,,,,,,,,,,,,,,,,,,,,,,,,,,,,,,,,,,,,,,,,,,,,,,,,,,,,,,,,,,,,,,,,,,,,,,,,,,,,,,,,,,,,,,,,,,,,,,
252,qc67wecs,,0,0,12,,,,0,,,0.0,,,,,,,,,,,,,,519akakd,,,,,0,Experiment_2_Skewness_Preference,https://app.prolific.com/submissions/complete?cc=C1BTHULB,0.0,1.0,252,,0.0,,1,1,252,,0.0,,,,,,,,,,,,,,,1,1,252,,0.0,,,,,,,,,,1,1,252,,0.0,0,0,0,0,0,0,0,0,0,FALSE,FALSE,1,1,,,,,,,,,,,,,,,,,,,,,,,,,,,,,,,,,,,,,,,,,,,,,,,,,,,,,,,,,,,,,,,,,,,,,,,,,,,,,,,,,,,,,,,,,,,,,,,,,,,,,,,,,,,,,,,,,,,,,,,,,,,,,,,,,,,,,,,,,,,,,,,,,,,,,,,,,,,,,,,,,,,,,,,,,,,,,,,,,,,,,,,,,,,,,,,,,,,,,,,,,,,,,,,,,,,,,,,,,,,,,,,,,,,,,,,,,,,,,,,,,,,,,,,,,,,,,,,,,,,,,,,,,,,,,,,,,,,,,,,,,,,,,,,,,,,,,,,,,,,,,,,,,,,,,,,,,,,,,,,,,,,,,,,,,,,,,,,,,,,,,,,,,,,,,,,,,,,,
253,aztm1lvn,,0,0,12,,,,0,,,0.0,,,,,,,,,,,,,,519akakd,,,,,0,Experiment_2_Skewness_Preference,https://app.prolific.com/submissions/complete?cc=C1BTHULB,0.0,1.0,253,,0.0,,1,1,253,,0.0,,,,,,,,,,,,,,,1,1,253,,0.0,,,,,,,,,,1,1,253,,0.0,0,0,0,0,0,0,0,0,0,FALSE,FALSE,1,1,,,,,,,,,,,,,,,,,,,,,,,,,,,,,,,,,,,,,,,,,,,,,,,,,,,,,,,,,,,,,,,,,,,,,,,,,,,,,,,,,,,,,,,,,,,,,,,,,,,,,,,,,,,,,,,,,,,,,,,,,,,,,,,,,,,,,,,,,,,,,,,,,,,,,,,,,,,,,,,,,,,,,,,,,,,,,,,,,,,,,,,,,,,,,,,,,,,,,,,,,,,,,,,,,,,,,,,,,,,,,,,,,,,,,,,,,,,,,,,,,,,,,,,,,,,,,,,,,,,,,,,,,,,,,,,,,,,,,,,,,,,,,,,,,,,,,,,,,,,,,,,,,,,,,,,,,,,,,,,,,,,,,,,,,,,,,,,,,,,,,,,,,,,,,,,,,,,,
254,br1b7v8t,,0,0,12,,,,0,,,0.0,,,,,,,,,,,,,,519akakd,,,,,0,Experiment_2_Skewness_Preference,https://app.prolific.com/submissions/complete?cc=C1BTHULB,0.0,1.0,254,,0.0,,1,1,254,,0.0,,,,,,,,,,,,,,,1,1,254,,0.0,,,,,,,,,,1,1,254,,0.0,0,0,0,0,0,0,0,0,0,FALSE,FALSE,1,1,,,,,,,,,,,,,,,,,,,,,,,,,,,,,,,,,,,,,,,,,,,,,,,,,,,,,,,,,,,,,,,,,,,,,,,,,,,,,,,,,,,,,,,,,,,,,,,,,,,,,,,,,,,,,,,,,,,,,,,,,,,,,,,,,,,,,,,,,,,,,,,,,,,,,,,,,,,,,,,,,,,,,,,,,,,,,,,,,,,,,,,,,,,,,,,,,,,,,,,,,,,,,,,,,,,,,,,,,,,,,,,,,,,,,,,,,,,,,,,,,,,,,,,,,,,,,,,,,,,,,,,,,,,,,,,,,,,,,,,,,,,,,,,,,,,,,,,,,,,,,,,,,,,,,,,,,,,,,,,,,,,,,,,,,,,,,,,,,,,,,,,,,,,,,,,,,,,,
255,zrmuid2b,,0,0,12,,,,0,,,0.0,,,,,,,,,,,,,,519akakd,,,,,0,Experiment_2_Skewness_Preference,https://app.prolific.com/submissions/complete?cc=C1BTHULB,0.0,1.0,255,,0.0,,1,1,255,,0.0,,,,,,,,,,,,,,,1,1,255,,0.0,,,,,,,,,,1,1,255,,0.0,0,0,0,0,0,0,0,0,0,FALSE,FALSE,1,1,,,,,,,,,,,,,,,,,,,,,,,,,,,,,,,,,,,,,,,,,,,,,,,,,,,,,,,,,,,,,,,,,,,,,,,,,,,,,,,,,,,,,,,,,,,,,,,,,,,,,,,,,,,,,,,,,,,,,,,,,,,,,,,,,,,,,,,,,,,,,,,,,,,,,,,,,,,,,,,,,,,,,,,,,,,,,,,,,,,,,,,,,,,,,,,,,,,,,,,,,,,,,,,,,,,,,,,,,,,,,,,,,,,,,,,,,,,,,,,,,,,,,,,,,,,,,,,,,,,,,,,,,,,,,,,,,,,,,,,,,,,,,,,,,,,,,,,,,,,,,,,,,,,,,,,,,,,,,,,,,,,,,,,,,,,,,,,,,,,,,,,,,,,,,,,,,,,,
256,y6i9eayw,,0,0,12,,,,0,,,0.0,,,,,,,,,,,,,,519akakd,,,,,0,Experiment_2_Skewness_Preference,https://app.prolific.com/submissions/complete?cc=C1BTHULB,0.0,1.0,256,,0.0,,1,1,256,,0.0,,,,,,,,,,,,,,,1,1,256,,0.0,,,,,,,,,,1,1,256,,0.0,0,0,0,0,0,0,0,0,0,FALSE,FALSE,1,1,,,,,,,,,,,,,,,,,,,,,,,,,,,,,,,,,,,,,,,,,,,,,,,,,,,,,,,,,,,,,,,,,,,,,,,,,,,,,,,,,,,,,,,,,,,,,,,,,,,,,,,,,,,,,,,,,,,,,,,,,,,,,,,,,,,,,,,,,,,,,,,,,,,,,,,,,,,,,,,,,,,,,,,,,,,,,,,,,,,,,,,,,,,,,,,,,,,,,,,,,,,,,,,,,,,,,,,,,,,,,,,,,,,,,,,,,,,,,,,,,,,,,,,,,,,,,,,,,,,,,,,,,,,,,,,,,,,,,,,,,,,,,,,,,,,,,,,,,,,,,,,,,,,,,,,,,,,,,,,,,,,,,,,,,,,,,,,,,,,,,,,,,,,,,,,,,,,,
257,l09klzy2,,0,0,12,,,,0,,,0.0,,,,,,,,,,,,,,519akakd,,,,,0,Experiment_2_Skewness_Preference,https://app.prolific.com/submissions/complete?cc=C1BTHULB,0.0,1.0,257,,0.0,,1,1,257,,0.0,,,,,,,,,,,,,,,1,1,257,,0.0,,,,,,,,,,1,1,257,,0.0,0,0,0,0,0,0,0,0,0,FALSE,FALSE,1,1,,,,,,,,,,,,,,,,,,,,,,,,,,,,,,,,,,,,,,,,,,,,,,,,,,,,,,,,,,,,,,,,,,,,,,,,,,,,,,,,,,,,,,,,,,,,,,,,,,,,,,,,,,,,,,,,,,,,,,,,,,,,,,,,,,,,,,,,,,,,,,,,,,,,,,,,,,,,,,,,,,,,,,,,,,,,,,,,,,,,,,,,,,,,,,,,,,,,,,,,,,,,,,,,,,,,,,,,,,,,,,,,,,,,,,,,,,,,,,,,,,,,,,,,,,,,,,,,,,,,,,,,,,,,,,,,,,,,,,,,,,,,,,,,,,,,,,,,,,,,,,,,,,,,,,,,,,,,,,,,,,,,,,,,,,,,,,,,,,,,,,,,,,,,,,,,,,,,
258,kkvntkzx,,0,0,12,,,,0,,,0.0,,,,,,,,,,,,,,519akakd,,,,,0,Experiment_2_Skewness_Preference,https://app.prolific.com/submissions/complete?cc=C1BTHULB,0.0,1.0,258,,0.0,,1,1,258,,0.0,,,,,,,,,,,,,,,1,1,258,,0.0,,,,,,,,,,1,1,258,,0.0,0,0,0,0,0,0,0,0,0,FALSE,FALSE,1,1,,,,,,,,,,,,,,,,,,,,,,,,,,,,,,,,,,,,,,,,,,,,,,,,,,,,,,,,,,,,,,,,,,,,,,,,,,,,,,,,,,,,,,,,,,,,,,,,,,,,,,,,,,,,,,,,,,,,,,,,,,,,,,,,,,,,,,,,,,,,,,,,,,,,,,,,,,,,,,,,,,,,,,,,,,,,,,,,,,,,,,,,,,,,,,,,,,,,,,,,,,,,,,,,,,,,,,,,,,,,,,,,,,,,,,,,,,,,,,,,,,,,,,,,,,,,,,,,,,,,,,,,,,,,,,,,,,,,,,,,,,,,,,,,,,,,,,,,,,,,,,,,,,,,,,,,,,,,,,,,,,,,,,,,,,,,,,,,,,,,,,,,,,,,,,,,,,,,
259,2jps6vxk,,0,0,12,,,,0,,,0.0,,,,,,,,,,,,,,519akakd,,,,,0,Experiment_2_Skewness_Preference,https://app.prolific.com/submissions/complete?cc=C1BTHULB,0.0,1.0,259,,0.0,,1,1,259,,0.0,,,,,,,,,,,,,,,1,1,259,,0.0,,,,,,,,,,1,1,259,,0.0,0,0,0,0,0,0,0,0,0,FALSE,FALSE,1,1,,,,,,,,,,,,,,,,,,,,,,,,,,,,,,,,,,,,,,,,,,,,,,,,,,,,,,,,,,,,,,,,,,,,,,,,,,,,,,,,,,,,,,,,,,,,,,,,,,,,,,,,,,,,,,,,,,,,,,,,,,,,,,,,,,,,,,,,,,,,,,,,,,,,,,,,,,,,,,,,,,,,,,,,,,,,,,,,,,,,,,,,,,,,,,,,,,,,,,,,,,,,,,,,,,,,,,,,,,,,,,,,,,,,,,,,,,,,,,,,,,,,,,,,,,,,,,,,,,,,,,,,,,,,,,,,,,,,,,,,,,,,,,,,,,,,,,,,,,,,,,,,,,,,,,,,,,,,,,,,,,,,,,,,,,,,,,,,,,,,,,,,,,,,,,,,,,,,
260,f05xhukl,,0,0,12,,,,0,,,0.0,,,,,,,,,,,,,,519akakd,,,,,0,Experiment_2_Skewness_Preference,https://app.prolific.com/submissions/complete?cc=C1BTHULB,0.0,1.0,260,,0.0,,1,1,260,,0.0,,,,,,,,,,,,,,,1,1,260,,0.0,,,,,,,,,,1,1,260,,0.0,0,0,0,0,0,0,0,0,0,FALSE,FALSE,1,1,,,,,,,,,,,,,,,,,,,,,,,,,,,,,,,,,,,,,,,,,,,,,,,,,,,,,,,,,,,,,,,,,,,,,,,,,,,,,,,,,,,,,,,,,,,,,,,,,,,,,,,,,,,,,,,,,,,,,,,,,,,,,,,,,,,,,,,,,,,,,,,,,,,,,,,,,,,,,,,,,,,,,,,,,,,,,,,,,,,,,,,,,,,,,,,,,,,,,,,,,,,,,,,,,,,,,,,,,,,,,,,,,,,,,,,,,,,,,,,,,,,,,,,,,,,,,,,,,,,,,,,,,,,,,,,,,,,,,,,,,,,,,,,,,,,,,,,,,,,,,,,,,,,,,,,,,,,,,,,,,,,,,,,,,,,,,,,,,,,,,,,,,,,,,,,,,,,,
261,evw4f3cu,,0,0,12,,,,0,,,0.0,,,,,,,,,,,,,,519akakd,,,,,0,Experiment_2_Skewness_Preference,https://app.prolific.com/submissions/complete?cc=C1BTHULB,0.0,1.0,261,,0.0,,1,1,261,,0.0,,,,,,,,,,,,,,,1,1,261,,0.0,,,,,,,,,,1,1,261,,0.0,0,0,0,0,0,0,0,0,0,FALSE,FALSE,1,1,,,,,,,,,,,,,,,,,,,,,,,,,,,,,,,,,,,,,,,,,,,,,,,,,,,,,,,,,,,,,,,,,,,,,,,,,,,,,,,,,,,,,,,,,,,,,,,,,,,,,,,,,,,,,,,,,,,,,,,,,,,,,,,,,,,,,,,,,,,,,,,,,,,,,,,,,,,,,,,,,,,,,,,,,,,,,,,,,,,,,,,,,,,,,,,,,,,,,,,,,,,,,,,,,,,,,,,,,,,,,,,,,,,,,,,,,,,,,,,,,,,,,,,,,,,,,,,,,,,,,,,,,,,,,,,,,,,,,,,,,,,,,,,,,,,,,,,,,,,,,,,,,,,,,,,,,,,,,,,,,,,,,,,,,,,,,,,,,,,,,,,,,,,,,,,,,,,,
262,r9q645py,,0,0,12,,,,0,,,0.0,,,,,,,,,,,,,,519akakd,,,,,0,Experiment_2_Skewness_Preference,https://app.prolific.com/submissions/complete?cc=C1BTHULB,0.0,1.0,262,,0.0,,1,1,262,,0.0,,,,,,,,,,,,,,,1,1,262,,0.0,,,,,,,,,,1,1,262,,0.0,0,0,0,0,0,0,0,0,0,FALSE,FALSE,1,1,,,,,,,,,,,,,,,,,,,,,,,,,,,,,,,,,,,,,,,,,,,,,,,,,,,,,,,,,,,,,,,,,,,,,,,,,,,,,,,,,,,,,,,,,,,,,,,,,,,,,,,,,,,,,,,,,,,,,,,,,,,,,,,,,,,,,,,,,,,,,,,,,,,,,,,,,,,,,,,,,,,,,,,,,,,,,,,,,,,,,,,,,,,,,,,,,,,,,,,,,,,,,,,,,,,,,,,,,,,,,,,,,,,,,,,,,,,,,,,,,,,,,,,,,,,,,,,,,,,,,,,,,,,,,,,,,,,,,,,,,,,,,,,,,,,,,,,,,,,,,,,,,,,,,,,,,,,,,,,,,,,,,,,,,,,,,,,,,,,,,,,,,,,,,,,,,,,,
263,ny2qrby6,,0,0,12,,,,0,,,0.0,,,,,,,,,,,,,,519akakd,,,,,0,Experiment_2_Skewness_Preference,https://app.prolific.com/submissions/complete?cc=C1BTHULB,0.0,1.0,263,,0.0,,1,1,263,,0.0,,,,,,,,,,,,,,,1,1,263,,0.0,,,,,,,,,,1,1,263,,0.0,0,0,0,0,0,0,0,0,0,FALSE,FALSE,1,1,,,,,,,,,,,,,,,,,,,,,,,,,,,,,,,,,,,,,,,,,,,,,,,,,,,,,,,,,,,,,,,,,,,,,,,,,,,,,,,,,,,,,,,,,,,,,,,,,,,,,,,,,,,,,,,,,,,,,,,,,,,,,,,,,,,,,,,,,,,,,,,,,,,,,,,,,,,,,,,,,,,,,,,,,,,,,,,,,,,,,,,,,,,,,,,,,,,,,,,,,,,,,,,,,,,,,,,,,,,,,,,,,,,,,,,,,,,,,,,,,,,,,,,,,,,,,,,,,,,,,,,,,,,,,,,,,,,,,,,,,,,,,,,,,,,,,,,,,,,,,,,,,,,,,,,,,,,,,,,,,,,,,,,,,,,,,,,,,,,,,,,,,,,,,,,,,,,,
264,hl0uvpsj,,0,0,12,,,,0,,,0.0,,,,,,,,,,,,,,519akakd,,,,,0,Experiment_2_Skewness_Preference,https://app.prolific.com/submissions/complete?cc=C1BTHULB,0.0,1.0,264,,0.0,,1,1,264,,0.0,,,,,,,,,,,,,,,1,1,264,,0.0,,,,,,,,,,1,1,264,,0.0,0,0,0,0,0,0,0,0,0,FALSE,FALSE,1,1,,,,,,,,,,,,,,,,,,,,,,,,,,,,,,,,,,,,,,,,,,,,,,,,,,,,,,,,,,,,,,,,,,,,,,,,,,,,,,,,,,,,,,,,,,,,,,,,,,,,,,,,,,,,,,,,,,,,,,,,,,,,,,,,,,,,,,,,,,,,,,,,,,,,,,,,,,,,,,,,,,,,,,,,,,,,,,,,,,,,,,,,,,,,,,,,,,,,,,,,,,,,,,,,,,,,,,,,,,,,,,,,,,,,,,,,,,,,,,,,,,,,,,,,,,,,,,,,,,,,,,,,,,,,,,,,,,,,,,,,,,,,,,,,,,,,,,,,,,,,,,,,,,,,,,,,,,,,,,,,,,,,,,,,,,,,,,,,,,,,,,,,,,,,,,,,,,,,
265,wzten4fj,,0,0,12,,,,0,,,0.0,,,,,,,,,,,,,,519akakd,,,,,0,Experiment_2_Skewness_Preference,https://app.prolific.com/submissions/complete?cc=C1BTHULB,0.0,1.0,265,,0.0,,1,1,265,,0.0,,,,,,,,,,,,,,,1,1,265,,0.0,,,,,,,,,,1,1,265,,0.0,0,0,0,0,0,0,0,0,0,FALSE,FALSE,1,1,,,,,,,,,,,,,,,,,,,,,,,,,,,,,,,,,,,,,,,,,,,,,,,,,,,,,,,,,,,,,,,,,,,,,,,,,,,,,,,,,,,,,,,,,,,,,,,,,,,,,,,,,,,,,,,,,,,,,,,,,,,,,,,,,,,,,,,,,,,,,,,,,,,,,,,,,,,,,,,,,,,,,,,,,,,,,,,,,,,,,,,,,,,,,,,,,,,,,,,,,,,,,,,,,,,,,,,,,,,,,,,,,,,,,,,,,,,,,,,,,,,,,,,,,,,,,,,,,,,,,,,,,,,,,,,,,,,,,,,,,,,,,,,,,,,,,,,,,,,,,,,,,,,,,,,,,,,,,,,,,,,,,,,,,,,,,,,,,,,,,,,,,,,,,,,,,,,,
266,zo5czy2o,,0,0,12,,,,0,,,0.0,,,,,,,,,,,,,,519akakd,,,,,0,Experiment_2_Skewness_Preference,https://app.prolific.com/submissions/complete?cc=C1BTHULB,0.0,1.0,266,,0.0,,1,1,266,,0.0,,,,,,,,,,,,,,,1,1,266,,0.0,,,,,,,,,,1,1,266,,0.0,0,0,0,0,0,0,0,0,0,FALSE,FALSE,1,1,,,,,,,,,,,,,,,,,,,,,,,,,,,,,,,,,,,,,,,,,,,,,,,,,,,,,,,,,,,,,,,,,,,,,,,,,,,,,,,,,,,,,,,,,,,,,,,,,,,,,,,,,,,,,,,,,,,,,,,,,,,,,,,,,,,,,,,,,,,,,,,,,,,,,,,,,,,,,,,,,,,,,,,,,,,,,,,,,,,,,,,,,,,,,,,,,,,,,,,,,,,,,,,,,,,,,,,,,,,,,,,,,,,,,,,,,,,,,,,,,,,,,,,,,,,,,,,,,,,,,,,,,,,,,,,,,,,,,,,,,,,,,,,,,,,,,,,,,,,,,,,,,,,,,,,,,,,,,,,,,,,,,,,,,,,,,,,,,,,,,,,,,,,,,,,,,,,,
267,9dteu702,,0,0,12,,,,0,,,0.0,,,,,,,,,,,,,,519akakd,,,,,0,Experiment_2_Skewness_Preference,https://app.prolific.com/submissions/complete?cc=C1BTHULB,0.0,1.0,267,,0.0,,1,1,267,,0.0,,,,,,,,,,,,,,,1,1,267,,0.0,,,,,,,,,,1,1,267,,0.0,0,0,0,0,0,0,0,0,0,FALSE,FALSE,1,1,,,,,,,,,,,,,,,,,,,,,,,,,,,,,,,,,,,,,,,,,,,,,,,,,,,,,,,,,,,,,,,,,,,,,,,,,,,,,,,,,,,,,,,,,,,,,,,,,,,,,,,,,,,,,,,,,,,,,,,,,,,,,,,,,,,,,,,,,,,,,,,,,,,,,,,,,,,,,,,,,,,,,,,,,,,,,,,,,,,,,,,,,,,,,,,,,,,,,,,,,,,,,,,,,,,,,,,,,,,,,,,,,,,,,,,,,,,,,,,,,,,,,,,,,,,,,,,,,,,,,,,,,,,,,,,,,,,,,,,,,,,,,,,,,,,,,,,,,,,,,,,,,,,,,,,,,,,,,,,,,,,,,,,,,,,,,,,,,,,,,,,,,,,,,,,,,,,,
268,wurxavuf,,0,0,12,,,,0,,,0.0,,,,,,,,,,,,,,519akakd,,,,,0,Experiment_2_Skewness_Preference,https://app.prolific.com/submissions/complete?cc=C1BTHULB,0.0,1.0,268,,0.0,,1,1,268,,0.0,,,,,,,,,,,,,,,1,1,268,,0.0,,,,,,,,,,1,1,268,,0.0,0,0,0,0,0,0,0,0,0,FALSE,FALSE,1,1,,,,,,,,,,,,,,,,,,,,,,,,,,,,,,,,,,,,,,,,,,,,,,,,,,,,,,,,,,,,,,,,,,,,,,,,,,,,,,,,,,,,,,,,,,,,,,,,,,,,,,,,,,,,,,,,,,,,,,,,,,,,,,,,,,,,,,,,,,,,,,,,,,,,,,,,,,,,,,,,,,,,,,,,,,,,,,,,,,,,,,,,,,,,,,,,,,,,,,,,,,,,,,,,,,,,,,,,,,,,,,,,,,,,,,,,,,,,,,,,,,,,,,,,,,,,,,,,,,,,,,,,,,,,,,,,,,,,,,,,,,,,,,,,,,,,,,,,,,,,,,,,,,,,,,,,,,,,,,,,,,,,,,,,,,,,,,,,,,,,,,,,,,,,,,,,,,,,
269,n8ilbo87,,0,0,12,,,,0,,,0.0,,,,,,,,,,,,,,519akakd,,,,,0,Experiment_2_Skewness_Preference,https://app.prolific.com/submissions/complete?cc=C1BTHULB,0.0,1.0,269,,0.0,,1,1,269,,0.0,,,,,,,,,,,,,,,1,1,269,,0.0,,,,,,,,,,1,1,269,,0.0,0,0,0,0,0,0,0,0,0,FALSE,FALSE,1,1,,,,,,,,,,,,,,,,,,,,,,,,,,,,,,,,,,,,,,,,,,,,,,,,,,,,,,,,,,,,,,,,,,,,,,,,,,,,,,,,,,,,,,,,,,,,,,,,,,,,,,,,,,,,,,,,,,,,,,,,,,,,,,,,,,,,,,,,,,,,,,,,,,,,,,,,,,,,,,,,,,,,,,,,,,,,,,,,,,,,,,,,,,,,,,,,,,,,,,,,,,,,,,,,,,,,,,,,,,,,,,,,,,,,,,,,,,,,,,,,,,,,,,,,,,,,,,,,,,,,,,,,,,,,,,,,,,,,,,,,,,,,,,,,,,,,,,,,,,,,,,,,,,,,,,,,,,,,,,,,,,,,,,,,,,,,,,,,,,,,,,,,,,,,,,,,,,,,
270,sid70spv,,0,0,12,,,,0,,,0.0,,,,,,,,,,,,,,519akakd,,,,,0,Experiment_2_Skewness_Preference,https://app.prolific.com/submissions/complete?cc=C1BTHULB,0.0,1.0,270,,0.0,,1,1,270,,0.0,,,,,,,,,,,,,,,1,1,270,,0.0,,,,,,,,,,1,1,270,,0.0,0,0,0,0,0,0,0,0,0,FALSE,FALSE,1,1,,,,,,,,,,,,,,,,,,,,,,,,,,,,,,,,,,,,,,,,,,,,,,,,,,,,,,,,,,,,,,,,,,,,,,,,,,,,,,,,,,,,,,,,,,,,,,,,,,,,,,,,,,,,,,,,,,,,,,,,,,,,,,,,,,,,,,,,,,,,,,,,,,,,,,,,,,,,,,,,,,,,,,,,,,,,,,,,,,,,,,,,,,,,,,,,,,,,,,,,,,,,,,,,,,,,,,,,,,,,,,,,,,,,,,,,,,,,,,,,,,,,,,,,,,,,,,,,,,,,,,,,,,,,,,,,,,,,,,,,,,,,,,,,,,,,,,,,,,,,,,,,,,,,,,,,,,,,,,,,,,,,,,,,,,,,,,,,,,,,,,,,,,,,,,,,,,,,
271,s1x4gbmd,,0,0,12,,,,0,,,0.0,,,,,,,,,,,,,,519akakd,,,,,0,Experiment_2_Skewness_Preference,https://app.prolific.com/submissions/complete?cc=C1BTHULB,0.0,1.0,271,,0.0,,1,1,271,,0.0,,,,,,,,,,,,,,,1,1,271,,0.0,,,,,,,,,,1,1,271,,0.0,0,0,0,0,0,0,0,0,0,FALSE,FALSE,1,1,,,,,,,,,,,,,,,,,,,,,,,,,,,,,,,,,,,,,,,,,,,,,,,,,,,,,,,,,,,,,,,,,,,,,,,,,,,,,,,,,,,,,,,,,,,,,,,,,,,,,,,,,,,,,,,,,,,,,,,,,,,,,,,,,,,,,,,,,,,,,,,,,,,,,,,,,,,,,,,,,,,,,,,,,,,,,,,,,,,,,,,,,,,,,,,,,,,,,,,,,,,,,,,,,,,,,,,,,,,,,,,,,,,,,,,,,,,,,,,,,,,,,,,,,,,,,,,,,,,,,,,,,,,,,,,,,,,,,,,,,,,,,,,,,,,,,,,,,,,,,,,,,,,,,,,,,,,,,,,,,,,,,,,,,,,,,,,,,,,,,,,,,,,,,,,,,,,,
272,msd1pucz,,0,0,12,,,,0,,,0.0,,,,,,,,,,,,,,519akakd,,,,,0,Experiment_2_Skewness_Preference,https://app.prolific.com/submissions/complete?cc=C1BTHULB,0.0,1.0,272,,0.0,,1,1,272,,0.0,,,,,,,,,,,,,,,1,1,272,,0.0,,,,,,,,,,1,1,272,,0.0,0,0,0,0,0,0,0,0,0,FALSE,FALSE,1,1,,,,,,,,,,,,,,,,,,,,,,,,,,,,,,,,,,,,,,,,,,,,,,,,,,,,,,,,,,,,,,,,,,,,,,,,,,,,,,,,,,,,,,,,,,,,,,,,,,,,,,,,,,,,,,,,,,,,,,,,,,,,,,,,,,,,,,,,,,,,,,,,,,,,,,,,,,,,,,,,,,,,,,,,,,,,,,,,,,,,,,,,,,,,,,,,,,,,,,,,,,,,,,,,,,,,,,,,,,,,,,,,,,,,,,,,,,,,,,,,,,,,,,,,,,,,,,,,,,,,,,,,,,,,,,,,,,,,,,,,,,,,,,,,,,,,,,,,,,,,,,,,,,,,,,,,,,,,,,,,,,,,,,,,,,,,,,,,,,,,,,,,,,,,,,,,,,,,
273,0ql6vqwi,,0,0,12,,,,0,,,0.0,,,,,,,,,,,,,,519akakd,,,,,0,Experiment_2_Skewness_Preference,https://app.prolific.com/submissions/complete?cc=C1BTHULB,0.0,1.0,273,,0.0,,1,1,273,,0.0,,,,,,,,,,,,,,,1,1,273,,0.0,,,,,,,,,,1,1,273,,0.0,0,0,0,0,0,0,0,0,0,FALSE,FALSE,1,1,,,,,,,,,,,,,,,,,,,,,,,,,,,,,,,,,,,,,,,,,,,,,,,,,,,,,,,,,,,,,,,,,,,,,,,,,,,,,,,,,,,,,,,,,,,,,,,,,,,,,,,,,,,,,,,,,,,,,,,,,,,,,,,,,,,,,,,,,,,,,,,,,,,,,,,,,,,,,,,,,,,,,,,,,,,,,,,,,,,,,,,,,,,,,,,,,,,,,,,,,,,,,,,,,,,,,,,,,,,,,,,,,,,,,,,,,,,,,,,,,,,,,,,,,,,,,,,,,,,,,,,,,,,,,,,,,,,,,,,,,,,,,,,,,,,,,,,,,,,,,,,,,,,,,,,,,,,,,,,,,,,,,,,,,,,,,,,,,,,,,,,,,,,,,,,,,,,,
274,nihp43ik,,0,0,12,,,,0,,,0.0,,,,,,,,,,,,,,519akakd,,,,,0,Experiment_2_Skewness_Preference,https://app.prolific.com/submissions/complete?cc=C1BTHULB,0.0,1.0,274,,0.0,,1,1,274,,0.0,,,,,,,,,,,,,,,1,1,274,,0.0,,,,,,,,,,1,1,274,,0.0,0,0,0,0,0,0,0,0,0,FALSE,FALSE,1,1,,,,,,,,,,,,,,,,,,,,,,,,,,,,,,,,,,,,,,,,,,,,,,,,,,,,,,,,,,,,,,,,,,,,,,,,,,,,,,,,,,,,,,,,,,,,,,,,,,,,,,,,,,,,,,,,,,,,,,,,,,,,,,,,,,,,,,,,,,,,,,,,,,,,,,,,,,,,,,,,,,,,,,,,,,,,,,,,,,,,,,,,,,,,,,,,,,,,,,,,,,,,,,,,,,,,,,,,,,,,,,,,,,,,,,,,,,,,,,,,,,,,,,,,,,,,,,,,,,,,,,,,,,,,,,,,,,,,,,,,,,,,,,,,,,,,,,,,,,,,,,,,,,,,,,,,,,,,,,,,,,,,,,,,,,,,,,,,,,,,,,,,,,,,,,,,,,,,
275,h82yc661,,0,0,12,,,,0,,,0.0,,,,,,,,,,,,,,519akakd,,,,,0,Experiment_2_Skewness_Preference,https://app.prolific.com/submissions/complete?cc=C1BTHULB,0.0,1.0,275,,0.0,,1,1,275,,0.0,,,,,,,,,,,,,,,1,1,275,,0.0,,,,,,,,,,1,1,275,,0.0,0,0,0,0,0,0,0,0,0,FALSE,FALSE,1,1,,,,,,,,,,,,,,,,,,,,,,,,,,,,,,,,,,,,,,,,,,,,,,,,,,,,,,,,,,,,,,,,,,,,,,,,,,,,,,,,,,,,,,,,,,,,,,,,,,,,,,,,,,,,,,,,,,,,,,,,,,,,,,,,,,,,,,,,,,,,,,,,,,,,,,,,,,,,,,,,,,,,,,,,,,,,,,,,,,,,,,,,,,,,,,,,,,,,,,,,,,,,,,,,,,,,,,,,,,,,,,,,,,,,,,,,,,,,,,,,,,,,,,,,,,,,,,,,,,,,,,,,,,,,,,,,,,,,,,,,,,,,,,,,,,,,,,,,,,,,,,,,,,,,,,,,,,,,,,,,,,,,,,,,,,,,,,,,,,,,,,,,,,,,,,,,,,,,
276,5o19q9mt,,0,0,12,,,,0,,,0.0,,,,,,,,,,,,,,519akakd,,,,,0,Experiment_2_Skewness_Preference,https://app.prolific.com/submissions/complete?cc=C1BTHULB,0.0,1.0,276,,0.0,,1,1,276,,0.0,,,,,,,,,,,,,,,1,1,276,,0.0,,,,,,,,,,1,1,276,,0.0,0,0,0,0,0,0,0,0,0,FALSE,FALSE,1,1,,,,,,,,,,,,,,,,,,,,,,,,,,,,,,,,,,,,,,,,,,,,,,,,,,,,,,,,,,,,,,,,,,,,,,,,,,,,,,,,,,,,,,,,,,,,,,,,,,,,,,,,,,,,,,,,,,,,,,,,,,,,,,,,,,,,,,,,,,,,,,,,,,,,,,,,,,,,,,,,,,,,,,,,,,,,,,,,,,,,,,,,,,,,,,,,,,,,,,,,,,,,,,,,,,,,,,,,,,,,,,,,,,,,,,,,,,,,,,,,,,,,,,,,,,,,,,,,,,,,,,,,,,,,,,,,,,,,,,,,,,,,,,,,,,,,,,,,,,,,,,,,,,,,,,,,,,,,,,,,,,,,,,,,,,,,,,,,,,,,,,,,,,,,,,,,,,,,
277,yfviiye6,,0,0,12,,,,0,,,0.0,,,,,,,,,,,,,,519akakd,,,,,0,Experiment_2_Skewness_Preference,https://app.prolific.com/submissions/complete?cc=C1BTHULB,0.0,1.0,277,,0.0,,1,1,277,,0.0,,,,,,,,,,,,,,,1,1,277,,0.0,,,,,,,,,,1,1,277,,0.0,0,0,0,0,0,0,0,0,0,FALSE,FALSE,1,1,,,,,,,,,,,,,,,,,,,,,,,,,,,,,,,,,,,,,,,,,,,,,,,,,,,,,,,,,,,,,,,,,,,,,,,,,,,,,,,,,,,,,,,,,,,,,,,,,,,,,,,,,,,,,,,,,,,,,,,,,,,,,,,,,,,,,,,,,,,,,,,,,,,,,,,,,,,,,,,,,,,,,,,,,,,,,,,,,,,,,,,,,,,,,,,,,,,,,,,,,,,,,,,,,,,,,,,,,,,,,,,,,,,,,,,,,,,,,,,,,,,,,,,,,,,,,,,,,,,,,,,,,,,,,,,,,,,,,,,,,,,,,,,,,,,,,,,,,,,,,,,,,,,,,,,,,,,,,,,,,,,,,,,,,,,,,,,,,,,,,,,,,,,,,,,,,,,,
278,0shol7ml,,0,0,12,,,,0,,,0.0,,,,,,,,,,,,,,519akakd,,,,,0,Experiment_2_Skewness_Preference,https://app.prolific.com/submissions/complete?cc=C1BTHULB,0.0,1.0,278,,0.0,,1,1,278,,0.0,,,,,,,,,,,,,,,1,1,278,,0.0,,,,,,,,,,1,1,278,,0.0,0,0,0,0,0,0,0,0,0,FALSE,FALSE,1,1,,,,,,,,,,,,,,,,,,,,,,,,,,,,,,,,,,,,,,,,,,,,,,,,,,,,,,,,,,,,,,,,,,,,,,,,,,,,,,,,,,,,,,,,,,,,,,,,,,,,,,,,,,,,,,,,,,,,,,,,,,,,,,,,,,,,,,,,,,,,,,,,,,,,,,,,,,,,,,,,,,,,,,,,,,,,,,,,,,,,,,,,,,,,,,,,,,,,,,,,,,,,,,,,,,,,,,,,,,,,,,,,,,,,,,,,,,,,,,,,,,,,,,,,,,,,,,,,,,,,,,,,,,,,,,,,,,,,,,,,,,,,,,,,,,,,,,,,,,,,,,,,,,,,,,,,,,,,,,,,,,,,,,,,,,,,,,,,,,,,,,,,,,,,,,,,,,,,
279,41sbf5dw,,0,0,12,,,,0,,,0.0,,,,,,,,,,,,,,519akakd,,,,,0,Experiment_2_Skewness_Preference,https://app.prolific.com/submissions/complete?cc=C1BTHULB,0.0,1.0,279,,0.0,,1,1,279,,0.0,,,,,,,,,,,,,,,1,1,279,,0.0,,,,,,,,,,1,1,279,,0.0,0,0,0,0,0,0,0,0,0,FALSE,FALSE,1,1,,,,,,,,,,,,,,,,,,,,,,,,,,,,,,,,,,,,,,,,,,,,,,,,,,,,,,,,,,,,,,,,,,,,,,,,,,,,,,,,,,,,,,,,,,,,,,,,,,,,,,,,,,,,,,,,,,,,,,,,,,,,,,,,,,,,,,,,,,,,,,,,,,,,,,,,,,,,,,,,,,,,,,,,,,,,,,,,,,,,,,,,,,,,,,,,,,,,,,,,,,,,,,,,,,,,,,,,,,,,,,,,,,,,,,,,,,,,,,,,,,,,,,,,,,,,,,,,,,,,,,,,,,,,,,,,,,,,,,,,,,,,,,,,,,,,,,,,,,,,,,,,,,,,,,,,,,,,,,,,,,,,,,,,,,,,,,,,,,,,,,,,,,,,,,,,,,,,
280,y8xbbrfz,,0,0,12,,,,0,,,0.0,,,,,,,,,,,,,,519akakd,,,,,0,Experiment_2_Skewness_Preference,https://app.prolific.com/submissions/complete?cc=C1BTHULB,0.0,1.0,280,,0.0,,1,1,280,,0.0,,,,,,,,,,,,,,,1,1,280,,0.0,,,,,,,,,,1,1,280,,0.0,0,0,0,0,0,0,0,0,0,FALSE,FALSE,1,1,,,,,,,,,,,,,,,,,,,,,,,,,,,,,,,,,,,,,,,,,,,,,,,,,,,,,,,,,,,,,,,,,,,,,,,,,,,,,,,,,,,,,,,,,,,,,,,,,,,,,,,,,,,,,,,,,,,,,,,,,,,,,,,,,,,,,,,,,,,,,,,,,,,,,,,,,,,,,,,,,,,,,,,,,,,,,,,,,,,,,,,,,,,,,,,,,,,,,,,,,,,,,,,,,,,,,,,,,,,,,,,,,,,,,,,,,,,,,,,,,,,,,,,,,,,,,,,,,,,,,,,,,,,,,,,,,,,,,,,,,,,,,,,,,,,,,,,,,,,,,,,,,,,,,,,,,,,,,,,,,,,,,,,,,,,,,,,,,,,,,,,,,,,,,,,,,,,,
281,oaepi0ra,,0,0,12,,,,0,,,0.0,,,,,,,,,,,,,,519akakd,,,,,0,Experiment_2_Skewness_Preference,https://app.prolific.com/submissions/complete?cc=C1BTHULB,0.0,1.0,281,,0.0,,1,1,281,,0.0,,,,,,,,,,,,,,,1,1,281,,0.0,,,,,,,,,,1,1,281,,0.0,0,0,0,0,0,0,0,0,0,FALSE,FALSE,1,1,,,,,,,,,,,,,,,,,,,,,,,,,,,,,,,,,,,,,,,,,,,,,,,,,,,,,,,,,,,,,,,,,,,,,,,,,,,,,,,,,,,,,,,,,,,,,,,,,,,,,,,,,,,,,,,,,,,,,,,,,,,,,,,,,,,,,,,,,,,,,,,,,,,,,,,,,,,,,,,,,,,,,,,,,,,,,,,,,,,,,,,,,,,,,,,,,,,,,,,,,,,,,,,,,,,,,,,,,,,,,,,,,,,,,,,,,,,,,,,,,,,,,,,,,,,,,,,,,,,,,,,,,,,,,,,,,,,,,,,,,,,,,,,,,,,,,,,,,,,,,,,,,,,,,,,,,,,,,,,,,,,,,,,,,,,,,,,,,,,,,,,,,,,,,,,,,,,,
282,vpcg0s1c,,0,0,12,,,,0,,,0.0,,,,,,,,,,,,,,519akakd,,,,,0,Experiment_2_Skewness_Preference,https://app.prolific.com/submissions/complete?cc=C1BTHULB,0.0,1.0,282,,0.0,,1,1,282,,0.0,,,,,,,,,,,,,,,1,1,282,,0.0,,,,,,,,,,1,1,282,,0.0,0,0,0,0,0,0,0,0,0,FALSE,FALSE,1,1,,,,,,,,,,,,,,,,,,,,,,,,,,,,,,,,,,,,,,,,,,,,,,,,,,,,,,,,,,,,,,,,,,,,,,,,,,,,,,,,,,,,,,,,,,,,,,,,,,,,,,,,,,,,,,,,,,,,,,,,,,,,,,,,,,,,,,,,,,,,,,,,,,,,,,,,,,,,,,,,,,,,,,,,,,,,,,,,,,,,,,,,,,,,,,,,,,,,,,,,,,,,,,,,,,,,,,,,,,,,,,,,,,,,,,,,,,,,,,,,,,,,,,,,,,,,,,,,,,,,,,,,,,,,,,,,,,,,,,,,,,,,,,,,,,,,,,,,,,,,,,,,,,,,,,,,,,,,,,,,,,,,,,,,,,,,,,,,,,,,,,,,,,,,,,,,,,,,
283,uoxyes0e,,0,0,12,,,,0,,,0.0,,,,,,,,,,,,,,519akakd,,,,,0,Experiment_2_Skewness_Preference,https://app.prolific.com/submissions/complete?cc=C1BTHULB,0.0,1.0,283,,0.0,,1,1,283,,0.0,,,,,,,,,,,,,,,1,1,283,,0.0,,,,,,,,,,1,1,283,,0.0,0,0,0,0,0,0,0,0,0,FALSE,FALSE,1,1,,,,,,,,,,,,,,,,,,,,,,,,,,,,,,,,,,,,,,,,,,,,,,,,,,,,,,,,,,,,,,,,,,,,,,,,,,,,,,,,,,,,,,,,,,,,,,,,,,,,,,,,,,,,,,,,,,,,,,,,,,,,,,,,,,,,,,,,,,,,,,,,,,,,,,,,,,,,,,,,,,,,,,,,,,,,,,,,,,,,,,,,,,,,,,,,,,,,,,,,,,,,,,,,,,,,,,,,,,,,,,,,,,,,,,,,,,,,,,,,,,,,,,,,,,,,,,,,,,,,,,,,,,,,,,,,,,,,,,,,,,,,,,,,,,,,,,,,,,,,,,,,,,,,,,,,,,,,,,,,,,,,,,,,,,,,,,,,,,,,,,,,,,,,,,,,,,,,
284,xxoaga85,,0,0,12,,,,0,,,0.0,,,,,,,,,,,,,,519akakd,,,,,0,Experiment_2_Skewness_Preference,https://app.prolific.com/submissions/complete?cc=C1BTHULB,0.0,1.0,284,,0.0,,1,1,284,,0.0,,,,,,,,,,,,,,,1,1,284,,0.0,,,,,,,,,,1,1,284,,0.0,0,0,0,0,0,0,0,0,0,FALSE,FALSE,1,1,,,,,,,,,,,,,,,,,,,,,,,,,,,,,,,,,,,,,,,,,,,,,,,,,,,,,,,,,,,,,,,,,,,,,,,,,,,,,,,,,,,,,,,,,,,,,,,,,,,,,,,,,,,,,,,,,,,,,,,,,,,,,,,,,,,,,,,,,,,,,,,,,,,,,,,,,,,,,,,,,,,,,,,,,,,,,,,,,,,,,,,,,,,,,,,,,,,,,,,,,,,,,,,,,,,,,,,,,,,,,,,,,,,,,,,,,,,,,,,,,,,,,,,,,,,,,,,,,,,,,,,,,,,,,,,,,,,,,,,,,,,,,,,,,,,,,,,,,,,,,,,,,,,,,,,,,,,,,,,,,,,,,,,,,,,,,,,,,,,,,,,,,,,,,,,,,,,,
285,s8wfl04a,,0,0,12,,,,0,,,0.0,,,,,,,,,,,,,,519akakd,,,,,0,Experiment_2_Skewness_Preference,https://app.prolific.com/submissions/complete?cc=C1BTHULB,0.0,1.0,285,,0.0,,1,1,285,,0.0,,,,,,,,,,,,,,,1,1,285,,0.0,,,,,,,,,,1,1,285,,0.0,0,0,0,0,0,0,0,0,0,FALSE,FALSE,1,1,,,,,,,,,,,,,,,,,,,,,,,,,,,,,,,,,,,,,,,,,,,,,,,,,,,,,,,,,,,,,,,,,,,,,,,,,,,,,,,,,,,,,,,,,,,,,,,,,,,,,,,,,,,,,,,,,,,,,,,,,,,,,,,,,,,,,,,,,,,,,,,,,,,,,,,,,,,,,,,,,,,,,,,,,,,,,,,,,,,,,,,,,,,,,,,,,,,,,,,,,,,,,,,,,,,,,,,,,,,,,,,,,,,,,,,,,,,,,,,,,,,,,,,,,,,,,,,,,,,,,,,,,,,,,,,,,,,,,,,,,,,,,,,,,,,,,,,,,,,,,,,,,,,,,,,,,,,,,,,,,,,,,,,,,,,,,,,,,,,,,,,,,,,,,,,,,,,,
286,xzjz82en,,0,0,12,,,,0,,,0.0,,,,,,,,,,,,,,519akakd,,,,,0,Experiment_2_Skewness_Preference,https://app.prolific.com/submissions/complete?cc=C1BTHULB,0.0,1.0,286,,0.0,,1,1,286,,0.0,,,,,,,,,,,,,,,1,1,286,,0.0,,,,,,,,,,1,1,286,,0.0,0,0,0,0,0,0,0,0,0,FALSE,FALSE,1,1,,,,,,,,,,,,,,,,,,,,,,,,,,,,,,,,,,,,,,,,,,,,,,,,,,,,,,,,,,,,,,,,,,,,,,,,,,,,,,,,,,,,,,,,,,,,,,,,,,,,,,,,,,,,,,,,,,,,,,,,,,,,,,,,,,,,,,,,,,,,,,,,,,,,,,,,,,,,,,,,,,,,,,,,,,,,,,,,,,,,,,,,,,,,,,,,,,,,,,,,,,,,,,,,,,,,,,,,,,,,,,,,,,,,,,,,,,,,,,,,,,,,,,,,,,,,,,,,,,,,,,,,,,,,,,,,,,,,,,,,,,,,,,,,,,,,,,,,,,,,,,,,,,,,,,,,,,,,,,,,,,,,,,,,,,,,,,,,,,,,,,,,,,,,,,,,,,,,
287,k4yssal3,,0,0,12,,,,0,,,0.0,,,,,,,,,,,,,,519akakd,,,,,0,Experiment_2_Skewness_Preference,https://app.prolific.com/submissions/complete?cc=C1BTHULB,0.0,1.0,287,,0.0,,1,1,287,,0.0,,,,,,,,,,,,,,,1,1,287,,0.0,,,,,,,,,,1,1,287,,0.0,0,0,0,0,0,0,0,0,0,FALSE,FALSE,1,1,,,,,,,,,,,,,,,,,,,,,,,,,,,,,,,,,,,,,,,,,,,,,,,,,,,,,,,,,,,,,,,,,,,,,,,,,,,,,,,,,,,,,,,,,,,,,,,,,,,,,,,,,,,,,,,,,,,,,,,,,,,,,,,,,,,,,,,,,,,,,,,,,,,,,,,,,,,,,,,,,,,,,,,,,,,,,,,,,,,,,,,,,,,,,,,,,,,,,,,,,,,,,,,,,,,,,,,,,,,,,,,,,,,,,,,,,,,,,,,,,,,,,,,,,,,,,,,,,,,,,,,,,,,,,,,,,,,,,,,,,,,,,,,,,,,,,,,,,,,,,,,,,,,,,,,,,,,,,,,,,,,,,,,,,,,,,,,,,,,,,,,,,,,,,,,,,,,,
288,ehz669nx,,0,0,12,,,,0,,,0.0,,,,,,,,,,,,,,519akakd,,,,,0,Experiment_2_Skewness_Preference,https://app.prolific.com/submissions/complete?cc=C1BTHULB,0.0,1.0,288,,0.0,,1,1,288,,0.0,,,,,,,,,,,,,,,1,1,288,,0.0,,,,,,,,,,1,1,288,,0.0,0,0,0,0,0,0,0,0,0,FALSE,FALSE,1,1,,,,,,,,,,,,,,,,,,,,,,,,,,,,,,,,,,,,,,,,,,,,,,,,,,,,,,,,,,,,,,,,,,,,,,,,,,,,,,,,,,,,,,,,,,,,,,,,,,,,,,,,,,,,,,,,,,,,,,,,,,,,,,,,,,,,,,,,,,,,,,,,,,,,,,,,,,,,,,,,,,,,,,,,,,,,,,,,,,,,,,,,,,,,,,,,,,,,,,,,,,,,,,,,,,,,,,,,,,,,,,,,,,,,,,,,,,,,,,,,,,,,,,,,,,,,,,,,,,,,,,,,,,,,,,,,,,,,,,,,,,,,,,,,,,,,,,,,,,,,,,,,,,,,,,,,,,,,,,,,,,,,,,,,,,,,,,,,,,,,,,,,,,,,,,,,,,,,
289,p1yrw80p,,0,0,12,,,,0,,,0.0,,,,,,,,,,,,,,519akakd,,,,,0,Experiment_2_Skewness_Preference,https://app.prolific.com/submissions/complete?cc=C1BTHULB,0.0,1.0,289,,0.0,,1,1,289,,0.0,,,,,,,,,,,,,,,1,1,289,,0.0,,,,,,,,,,1,1,289,,0.0,0,0,0,0,0,0,0,0,0,FALSE,FALSE,1,1,,,,,,,,,,,,,,,,,,,,,,,,,,,,,,,,,,,,,,,,,,,,,,,,,,,,,,,,,,,,,,,,,,,,,,,,,,,,,,,,,,,,,,,,,,,,,,,,,,,,,,,,,,,,,,,,,,,,,,,,,,,,,,,,,,,,,,,,,,,,,,,,,,,,,,,,,,,,,,,,,,,,,,,,,,,,,,,,,,,,,,,,,,,,,,,,,,,,,,,,,,,,,,,,,,,,,,,,,,,,,,,,,,,,,,,,,,,,,,,,,,,,,,,,,,,,,,,,,,,,,,,,,,,,,,,,,,,,,,,,,,,,,,,,,,,,,,,,,,,,,,,,,,,,,,,,,,,,,,,,,,,,,,,,,,,,,,,,,,,,,,,,,,,,,,,,,,,,
290,73hxnysh,,0,0,12,,,,0,,,0.0,,,,,,,,,,,,,,519akakd,,,,,0,Experiment_2_Skewness_Preference,https://app.prolific.com/submissions/complete?cc=C1BTHULB,0.0,1.0,290,,0.0,,1,1,290,,0.0,,,,,,,,,,,,,,,1,1,290,,0.0,,,,,,,,,,1,1,290,,0.0,0,0,0,0,0,0,0,0,0,FALSE,FALSE,1,1,,,,,,,,,,,,,,,,,,,,,,,,,,,,,,,,,,,,,,,,,,,,,,,,,,,,,,,,,,,,,,,,,,,,,,,,,,,,,,,,,,,,,,,,,,,,,,,,,,,,,,,,,,,,,,,,,,,,,,,,,,,,,,,,,,,,,,,,,,,,,,,,,,,,,,,,,,,,,,,,,,,,,,,,,,,,,,,,,,,,,,,,,,,,,,,,,,,,,,,,,,,,,,,,,,,,,,,,,,,,,,,,,,,,,,,,,,,,,,,,,,,,,,,,,,,,,,,,,,,,,,,,,,,,,,,,,,,,,,,,,,,,,,,,,,,,,,,,,,,,,,,,,,,,,,,,,,,,,,,,,,,,,,,,,,,,,,,,,,,,,,,,,,,,,,,,,,,,
291,we1ilf4s,,0,0,12,,,,0,,,0.0,,,,,,,,,,,,,,519akakd,,,,,0,Experiment_2_Skewness_Preference,https://app.prolific.com/submissions/complete?cc=C1BTHULB,0.0,1.0,291,,0.0,,1,1,291,,0.0,,,,,,,,,,,,,,,1,1,291,,0.0,,,,,,,,,,1,1,291,,0.0,0,0,0,0,0,0,0,0,0,FALSE,FALSE,1,1,,,,,,,,,,,,,,,,,,,,,,,,,,,,,,,,,,,,,,,,,,,,,,,,,,,,,,,,,,,,,,,,,,,,,,,,,,,,,,,,,,,,,,,,,,,,,,,,,,,,,,,,,,,,,,,,,,,,,,,,,,,,,,,,,,,,,,,,,,,,,,,,,,,,,,,,,,,,,,,,,,,,,,,,,,,,,,,,,,,,,,,,,,,,,,,,,,,,,,,,,,,,,,,,,,,,,,,,,,,,,,,,,,,,,,,,,,,,,,,,,,,,,,,,,,,,,,,,,,,,,,,,,,,,,,,,,,,,,,,,,,,,,,,,,,,,,,,,,,,,,,,,,,,,,,,,,,,,,,,,,,,,,,,,,,,,,,,,,,,,,,,,,,,,,,,,,,,,
292,64qw3rsy,,0,0,12,,,,0,,,0.0,,,,,,,,,,,,,,519akakd,,,,,0,Experiment_2_Skewness_Preference,https://app.prolific.com/submissions/complete?cc=C1BTHULB,0.0,1.0,292,,0.0,,1,1,292,,0.0,,,,,,,,,,,,,,,1,1,292,,0.0,,,,,,,,,,1,1,292,,0.0,0,0,0,0,0,0,0,0,0,FALSE,FALSE,1,1,,,,,,,,,,,,,,,,,,,,,,,,,,,,,,,,,,,,,,,,,,,,,,,,,,,,,,,,,,,,,,,,,,,,,,,,,,,,,,,,,,,,,,,,,,,,,,,,,,,,,,,,,,,,,,,,,,,,,,,,,,,,,,,,,,,,,,,,,,,,,,,,,,,,,,,,,,,,,,,,,,,,,,,,,,,,,,,,,,,,,,,,,,,,,,,,,,,,,,,,,,,,,,,,,,,,,,,,,,,,,,,,,,,,,,,,,,,,,,,,,,,,,,,,,,,,,,,,,,,,,,,,,,,,,,,,,,,,,,,,,,,,,,,,,,,,,,,,,,,,,,,,,,,,,,,,,,,,,,,,,,,,,,,,,,,,,,,,,,,,,,,,,,,,,,,,,,,,
293,sjw1ab79,,0,0,12,,,,0,,,0.0,,,,,,,,,,,,,,519akakd,,,,,0,Experiment_2_Skewness_Preference,https://app.prolific.com/submissions/complete?cc=C1BTHULB,0.0,1.0,293,,0.0,,1,1,293,,0.0,,,,,,,,,,,,,,,1,1,293,,0.0,,,,,,,,,,1,1,293,,0.0,0,0,0,0,0,0,0,0,0,FALSE,FALSE,1,1,,,,,,,,,,,,,,,,,,,,,,,,,,,,,,,,,,,,,,,,,,,,,,,,,,,,,,,,,,,,,,,,,,,,,,,,,,,,,,,,,,,,,,,,,,,,,,,,,,,,,,,,,,,,,,,,,,,,,,,,,,,,,,,,,,,,,,,,,,,,,,,,,,,,,,,,,,,,,,,,,,,,,,,,,,,,,,,,,,,,,,,,,,,,,,,,,,,,,,,,,,,,,,,,,,,,,,,,,,,,,,,,,,,,,,,,,,,,,,,,,,,,,,,,,,,,,,,,,,,,,,,,,,,,,,,,,,,,,,,,,,,,,,,,,,,,,,,,,,,,,,,,,,,,,,,,,,,,,,,,,,,,,,,,,,,,,,,,,,,,,,,,,,,,,,,,,,,,
294,jml88ufv,,0,0,12,,,,0,,,0.0,,,,,,,,,,,,,,519akakd,,,,,0,Experiment_2_Skewness_Preference,https://app.prolific.com/submissions/complete?cc=C1BTHULB,0.0,1.0,294,,0.0,,1,1,294,,0.0,,,,,,,,,,,,,,,1,1,294,,0.0,,,,,,,,,,1,1,294,,0.0,0,0,0,0,0,0,0,0,0,FALSE,FALSE,1,1,,,,,,,,,,,,,,,,,,,,,,,,,,,,,,,,,,,,,,,,,,,,,,,,,,,,,,,,,,,,,,,,,,,,,,,,,,,,,,,,,,,,,,,,,,,,,,,,,,,,,,,,,,,,,,,,,,,,,,,,,,,,,,,,,,,,,,,,,,,,,,,,,,,,,,,,,,,,,,,,,,,,,,,,,,,,,,,,,,,,,,,,,,,,,,,,,,,,,,,,,,,,,,,,,,,,,,,,,,,,,,,,,,,,,,,,,,,,,,,,,,,,,,,,,,,,,,,,,,,,,,,,,,,,,,,,,,,,,,,,,,,,,,,,,,,,,,,,,,,,,,,,,,,,,,,,,,,,,,,,,,,,,,,,,,,,,,,,,,,,,,,,,,,,,,,,,,,,
295,ceewzed5,,0,0,12,,,,0,,,0.0,,,,,,,,,,,,,,519akakd,,,,,0,Experiment_2_Skewness_Preference,https://app.prolific.com/submissions/complete?cc=C1BTHULB,0.0,1.0,295,,0.0,,1,1,295,,0.0,,,,,,,,,,,,,,,1,1,295,,0.0,,,,,,,,,,1,1,295,,0.0,0,0,0,0,0,0,0,0,0,FALSE,FALSE,1,1,,,,,,,,,,,,,,,,,,,,,,,,,,,,,,,,,,,,,,,,,,,,,,,,,,,,,,,,,,,,,,,,,,,,,,,,,,,,,,,,,,,,,,,,,,,,,,,,,,,,,,,,,,,,,,,,,,,,,,,,,,,,,,,,,,,,,,,,,,,,,,,,,,,,,,,,,,,,,,,,,,,,,,,,,,,,,,,,,,,,,,,,,,,,,,,,,,,,,,,,,,,,,,,,,,,,,,,,,,,,,,,,,,,,,,,,,,,,,,,,,,,,,,,,,,,,,,,,,,,,,,,,,,,,,,,,,,,,,,,,,,,,,,,,,,,,,,,,,,,,,,,,,,,,,,,,,,,,,,,,,,,,,,,,,,,,,,,,,,,,,,,,,,,,,,,,,,,,
296,9rrnt522,,0,0,12,,,,0,,,0.0,,,,,,,,,,,,,,519akakd,,,,,0,Experiment_2_Skewness_Preference,https://app.prolific.com/submissions/complete?cc=C1BTHULB,0.0,1.0,296,,0.0,,1,1,296,,0.0,,,,,,,,,,,,,,,1,1,296,,0.0,,,,,,,,,,1,1,296,,0.0,0,0,0,0,0,0,0,0,0,FALSE,FALSE,1,1,,,,,,,,,,,,,,,,,,,,,,,,,,,,,,,,,,,,,,,,,,,,,,,,,,,,,,,,,,,,,,,,,,,,,,,,,,,,,,,,,,,,,,,,,,,,,,,,,,,,,,,,,,,,,,,,,,,,,,,,,,,,,,,,,,,,,,,,,,,,,,,,,,,,,,,,,,,,,,,,,,,,,,,,,,,,,,,,,,,,,,,,,,,,,,,,,,,,,,,,,,,,,,,,,,,,,,,,,,,,,,,,,,,,,,,,,,,,,,,,,,,,,,,,,,,,,,,,,,,,,,,,,,,,,,,,,,,,,,,,,,,,,,,,,,,,,,,,,,,,,,,,,,,,,,,,,,,,,,,,,,,,,,,,,,,,,,,,,,,,,,,,,,,,,,,,,,,,
297,l99dwcr8,,0,0,12,,,,0,,,0.0,,,,,,,,,,,,,,519akakd,,,,,0,Experiment_2_Skewness_Preference,https://app.prolific.com/submissions/complete?cc=C1BTHULB,0.0,1.0,297,,0.0,,1,1,297,,0.0,,,,,,,,,,,,,,,1,1,297,,0.0,,,,,,,,,,1,1,297,,0.0,0,0,0,0,0,0,0,0,0,FALSE,FALSE,1,1,,,,,,,,,,,,,,,,,,,,,,,,,,,,,,,,,,,,,,,,,,,,,,,,,,,,,,,,,,,,,,,,,,,,,,,,,,,,,,,,,,,,,,,,,,,,,,,,,,,,,,,,,,,,,,,,,,,,,,,,,,,,,,,,,,,,,,,,,,,,,,,,,,,,,,,,,,,,,,,,,,,,,,,,,,,,,,,,,,,,,,,,,,,,,,,,,,,,,,,,,,,,,,,,,,,,,,,,,,,,,,,,,,,,,,,,,,,,,,,,,,,,,,,,,,,,,,,,,,,,,,,,,,,,,,,,,,,,,,,,,,,,,,,,,,,,,,,,,,,,,,,,,,,,,,,,,,,,,,,,,,,,,,,,,,,,,,,,,,,,,,,,,,,,,,,,,,,,
298,kwuuokdi,,0,0,12,,,,0,,,0.0,,,,,,,,,,,,,,519akakd,,,,,0,Experiment_2_Skewness_Preference,https://app.prolific.com/submissions/complete?cc=C1BTHULB,0.0,1.0,298,,0.0,,1,1,298,,0.0,,,,,,,,,,,,,,,1,1,298,,0.0,,,,,,,,,,1,1,298,,0.0,0,0,0,0,0,0,0,0,0,FALSE,FALSE,1,1,,,,,,,,,,,,,,,,,,,,,,,,,,,,,,,,,,,,,,,,,,,,,,,,,,,,,,,,,,,,,,,,,,,,,,,,,,,,,,,,,,,,,,,,,,,,,,,,,,,,,,,,,,,,,,,,,,,,,,,,,,,,,,,,,,,,,,,,,,,,,,,,,,,,,,,,,,,,,,,,,,,,,,,,,,,,,,,,,,,,,,,,,,,,,,,,,,,,,,,,,,,,,,,,,,,,,,,,,,,,,,,,,,,,,,,,,,,,,,,,,,,,,,,,,,,,,,,,,,,,,,,,,,,,,,,,,,,,,,,,,,,,,,,,,,,,,,,,,,,,,,,,,,,,,,,,,,,,,,,,,,,,,,,,,,,,,,,,,,,,,,,,,,,,,,,,,,,,
299,h4xnqxw0,,0,0,12,,,,0,,,0.0,,,,,,,,,,,,,,519akakd,,,,,0,Experiment_2_Skewness_Preference,https://app.prolific.com/submissions/complete?cc=C1BTHULB,0.0,1.0,299,,0.0,,1,1,299,,0.0,,,,,,,,,,,,,,,1,1,299,,0.0,,,,,,,,,,1,1,299,,0.0,0,0,0,0,0,0,0,0,0,FALSE,FALSE,1,1,,,,,,,,,,,,,,,,,,,,,,,,,,,,,,,,,,,,,,,,,,,,,,,,,,,,,,,,,,,,,,,,,,,,,,,,,,,,,,,,,,,,,,,,,,,,,,,,,,,,,,,,,,,,,,,,,,,,,,,,,,,,,,,,,,,,,,,,,,,,,,,,,,,,,,,,,,,,,,,,,,,,,,,,,,,,,,,,,,,,,,,,,,,,,,,,,,,,,,,,,,,,,,,,,,,,,,,,,,,,,,,,,,,,,,,,,,,,,,,,,,,,,,,,,,,,,,,,,,,,,,,,,,,,,,,,,,,,,,,,,,,,,,,,,,,,,,,,,,,,,,,,,,,,,,,,,,,,,,,,,,,,,,,,,,,,,,,,,,,,,,,,,,,,,,,,,,,,
300,o37k41ul,,0,0,12,,,,0,,,0.0,,,,,,,,,,,,,,519akakd,,,,,0,Experiment_2_Skewness_Preference,https://app.prolific.com/submissions/complete?cc=C1BTHULB,0.0,1.0,300,,0.0,,1,1,300,,0.0,,,,,,,,,,,,,,,1,1,300,,0.0,,,,,,,,,,1,1,300,,0.0,0,0,0,0,0,0,0,0,0,FALSE,FALSE,1,1,,,,,,,,,,,,,,,,,,,,,,,,,,,,,,,,,,,,,,,,,,,,,,,,,,,,,,,,,,,,,,,,,,,,,,,,,,,,,,,,,,,,,,,,,,,,,,,,,,,,,,,,,,,,,,,,,,,,,,,,,,,,,,,,,,,,,,,,,,,,,,,,,,,,,,,,,,,,,,,,,,,,,,,,,,,,,,,,,,,,,,,,,,,,,,,,,,,,,,,,,,,,,,,,,,,,,,,,,,,,,,,,,,,,,,,,,,,,,,,,,,,,,,,,,,,,,,,,,,,,,,,,,,,,,,,,,,,,,,,,,,,,,,,,,,,,,,,,,,,,,,,,,,,,,,,,,,,,,,,,,,,,,,,,,,,,,,,,,,,,,,,,,,,,,,,,,,,,
301,84gm9na6,,0,0,12,,,,0,,,0.0,,,,,,,,,,,,,,519akakd,,,,,0,Experiment_2_Skewness_Preference,https://app.prolific.com/submissions/complete?cc=C1BTHULB,0.0,1.0,301,,0.0,,1,1,301,,0.0,,,,,,,,,,,,,,,1,1,301,,0.0,,,,,,,,,,1,1,301,,0.0,0,0,0,0,0,0,0,0,0,FALSE,FALSE,1,1,,,,,,,,,,,,,,,,,,,,,,,,,,,,,,,,,,,,,,,,,,,,,,,,,,,,,,,,,,,,,,,,,,,,,,,,,,,,,,,,,,,,,,,,,,,,,,,,,,,,,,,,,,,,,,,,,,,,,,,,,,,,,,,,,,,,,,,,,,,,,,,,,,,,,,,,,,,,,,,,,,,,,,,,,,,,,,,,,,,,,,,,,,,,,,,,,,,,,,,,,,,,,,,,,,,,,,,,,,,,,,,,,,,,,,,,,,,,,,,,,,,,,,,,,,,,,,,,,,,,,,,,,,,,,,,,,,,,,,,,,,,,,,,,,,,,,,,,,,,,,,,,,,,,,,,,,,,,,,,,,,,,,,,,,,,,,,,,,,,,,,,,,,,,,,,,,,,,
302,gqj7v7ru,,0,0,12,,,,0,,,0.0,,,,,,,,,,,,,,519akakd,,,,,0,Experiment_2_Skewness_Preference,https://app.prolific.com/submissions/complete?cc=C1BTHULB,0.0,1.0,302,,0.0,,1,1,302,,0.0,,,,,,,,,,,,,,,1,1,302,,0.0,,,,,,,,,,1,1,302,,0.0,0,0,0,0,0,0,0,0,0,FALSE,FALSE,1,1,,,,,,,,,,,,,,,,,,,,,,,,,,,,,,,,,,,,,,,,,,,,,,,,,,,,,,,,,,,,,,,,,,,,,,,,,,,,,,,,,,,,,,,,,,,,,,,,,,,,,,,,,,,,,,,,,,,,,,,,,,,,,,,,,,,,,,,,,,,,,,,,,,,,,,,,,,,,,,,,,,,,,,,,,,,,,,,,,,,,,,,,,,,,,,,,,,,,,,,,,,,,,,,,,,,,,,,,,,,,,,,,,,,,,,,,,,,,,,,,,,,,,,,,,,,,,,,,,,,,,,,,,,,,,,,,,,,,,,,,,,,,,,,,,,,,,,,,,,,,,,,,,,,,,,,,,,,,,,,,,,,,,,,,,,,,,,,,,,,,,,,,,,,,,,,,,,,,
303,x1phrerl,,0,0,12,,,,0,,,0.0,,,,,,,,,,,,,,519akakd,,,,,0,Experiment_2_Skewness_Preference,https://app.prolific.com/submissions/complete?cc=C1BTHULB,0.0,1.0,303,,0.0,,1,1,303,,0.0,,,,,,,,,,,,,,,1,1,303,,0.0,,,,,,,,,,1,1,303,,0.0,0,0,0,0,0,0,0,0,0,FALSE,FALSE,1,1,,,,,,,,,,,,,,,,,,,,,,,,,,,,,,,,,,,,,,,,,,,,,,,,,,,,,,,,,,,,,,,,,,,,,,,,,,,,,,,,,,,,,,,,,,,,,,,,,,,,,,,,,,,,,,,,,,,,,,,,,,,,,,,,,,,,,,,,,,,,,,,,,,,,,,,,,,,,,,,,,,,,,,,,,,,,,,,,,,,,,,,,,,,,,,,,,,,,,,,,,,,,,,,,,,,,,,,,,,,,,,,,,,,,,,,,,,,,,,,,,,,,,,,,,,,,,,,,,,,,,,,,,,,,,,,,,,,,,,,,,,,,,,,,,,,,,,,,,,,,,,,,,,,,,,,,,,,,,,,,,,,,,,,,,,,,,,,,,,,,,,,,,,,,,,,,,,,,
304,cquvwkgy,,0,0,12,,,,0,,,0.0,,,,,,,,,,,,,,519akakd,,,,,0,Experiment_2_Skewness_Preference,https://app.prolific.com/submissions/complete?cc=C1BTHULB,0.0,1.0,304,,0.0,,1,1,304,,0.0,,,,,,,,,,,,,,,1,1,304,,0.0,,,,,,,,,,1,1,304,,0.0,0,0,0,0,0,0,0,0,0,FALSE,FALSE,1,1,,,,,,,,,,,,,,,,,,,,,,,,,,,,,,,,,,,,,,,,,,,,,,,,,,,,,,,,,,,,,,,,,,,,,,,,,,,,,,,,,,,,,,,,,,,,,,,,,,,,,,,,,,,,,,,,,,,,,,,,,,,,,,,,,,,,,,,,,,,,,,,,,,,,,,,,,,,,,,,,,,,,,,,,,,,,,,,,,,,,,,,,,,,,,,,,,,,,,,,,,,,,,,,,,,,,,,,,,,,,,,,,,,,,,,,,,,,,,,,,,,,,,,,,,,,,,,,,,,,,,,,,,,,,,,,,,,,,,,,,,,,,,,,,,,,,,,,,,,,,,,,,,,,,,,,,,,,,,,,,,,,,,,,,,,,,,,,,,,,,,,,,,,,,,,,,,,,,
305,v8pxvvue,,0,0,12,,,,0,,,0.0,,,,,,,,,,,,,,519akakd,,,,,0,Experiment_2_Skewness_Preference,https://app.prolific.com/submissions/complete?cc=C1BTHULB,0.0,1.0,305,,0.0,,1,1,305,,0.0,,,,,,,,,,,,,,,1,1,305,,0.0,,,,,,,,,,1,1,305,,0.0,0,0,0,0,0,0,0,0,0,FALSE,FALSE,1,1,,,,,,,,,,,,,,,,,,,,,,,,,,,,,,,,,,,,,,,,,,,,,,,,,,,,,,,,,,,,,,,,,,,,,,,,,,,,,,,,,,,,,,,,,,,,,,,,,,,,,,,,,,,,,,,,,,,,,,,,,,,,,,,,,,,,,,,,,,,,,,,,,,,,,,,,,,,,,,,,,,,,,,,,,,,,,,,,,,,,,,,,,,,,,,,,,,,,,,,,,,,,,,,,,,,,,,,,,,,,,,,,,,,,,,,,,,,,,,,,,,,,,,,,,,,,,,,,,,,,,,,,,,,,,,,,,,,,,,,,,,,,,,,,,,,,,,,,,,,,,,,,,,,,,,,,,,,,,,,,,,,,,,,,,,,,,,,,,,,,,,,,,,,,,,,,,,,,
306,ipak0ld3,,0,0,12,,,,0,,,0.0,,,,,,,,,,,,,,519akakd,,,,,0,Experiment_2_Skewness_Preference,https://app.prolific.com/submissions/complete?cc=C1BTHULB,0.0,1.0,306,,0.0,,1,1,306,,0.0,,,,,,,,,,,,,,,1,1,306,,0.0,,,,,,,,,,1,1,306,,0.0,0,0,0,0,0,0,0,0,0,FALSE,FALSE,1,1,,,,,,,,,,,,,,,,,,,,,,,,,,,,,,,,,,,,,,,,,,,,,,,,,,,,,,,,,,,,,,,,,,,,,,,,,,,,,,,,,,,,,,,,,,,,,,,,,,,,,,,,,,,,,,,,,,,,,,,,,,,,,,,,,,,,,,,,,,,,,,,,,,,,,,,,,,,,,,,,,,,,,,,,,,,,,,,,,,,,,,,,,,,,,,,,,,,,,,,,,,,,,,,,,,,,,,,,,,,,,,,,,,,,,,,,,,,,,,,,,,,,,,,,,,,,,,,,,,,,,,,,,,,,,,,,,,,,,,,,,,,,,,,,,,,,,,,,,,,,,,,,,,,,,,,,,,,,,,,,,,,,,,,,,,,,,,,,,,,,,,,,,,,,,,,,,,,,
307,jo5i7ws7,,0,0,12,,,,0,,,0.0,,,,,,,,,,,,,,519akakd,,,,,0,Experiment_2_Skewness_Preference,https://app.prolific.com/submissions/complete?cc=C1BTHULB,0.0,1.0,307,,0.0,,1,1,307,,0.0,,,,,,,,,,,,,,,1,1,307,,0.0,,,,,,,,,,1,1,307,,0.0,0,0,0,0,0,0,0,0,0,FALSE,FALSE,1,1,,,,,,,,,,,,,,,,,,,,,,,,,,,,,,,,,,,,,,,,,,,,,,,,,,,,,,,,,,,,,,,,,,,,,,,,,,,,,,,,,,,,,,,,,,,,,,,,,,,,,,,,,,,,,,,,,,,,,,,,,,,,,,,,,,,,,,,,,,,,,,,,,,,,,,,,,,,,,,,,,,,,,,,,,,,,,,,,,,,,,,,,,,,,,,,,,,,,,,,,,,,,,,,,,,,,,,,,,,,,,,,,,,,,,,,,,,,,,,,,,,,,,,,,,,,,,,,,,,,,,,,,,,,,,,,,,,,,,,,,,,,,,,,,,,,,,,,,,,,,,,,,,,,,,,,,,,,,,,,,,,,,,,,,,,,,,,,,,,,,,,,,,,,,,,,,,,,,
308,t1ovu651,,0,0,12,,,,0,,,0.0,,,,,,,,,,,,,,519akakd,,,,,0,Experiment_2_Skewness_Preference,https://app.prolific.com/submissions/complete?cc=C1BTHULB,0.0,1.0,308,,0.0,,1,1,308,,0.0,,,,,,,,,,,,,,,1,1,308,,0.0,,,,,,,,,,1,1,308,,0.0,0,0,0,0,0,0,0,0,0,FALSE,FALSE,1,1,,,,,,,,,,,,,,,,,,,,,,,,,,,,,,,,,,,,,,,,,,,,,,,,,,,,,,,,,,,,,,,,,,,,,,,,,,,,,,,,,,,,,,,,,,,,,,,,,,,,,,,,,,,,,,,,,,,,,,,,,,,,,,,,,,,,,,,,,,,,,,,,,,,,,,,,,,,,,,,,,,,,,,,,,,,,,,,,,,,,,,,,,,,,,,,,,,,,,,,,,,,,,,,,,,,,,,,,,,,,,,,,,,,,,,,,,,,,,,,,,,,,,,,,,,,,,,,,,,,,,,,,,,,,,,,,,,,,,,,,,,,,,,,,,,,,,,,,,,,,,,,,,,,,,,,,,,,,,,,,,,,,,,,,,,,,,,,,,,,,,,,,,,,,,,,,,,,,
309,8t0fp5ry,,0,0,12,,,,0,,,0.0,,,,,,,,,,,,,,519akakd,,,,,0,Experiment_2_Skewness_Preference,https://app.prolific.com/submissions/complete?cc=C1BTHULB,0.0,1.0,309,,0.0,,1,1,309,,0.0,,,,,,,,,,,,,,,1,1,309,,0.0,,,,,,,,,,1,1,309,,0.0,0,0,0,0,0,0,0,0,0,FALSE,FALSE,1,1,,,,,,,,,,,,,,,,,,,,,,,,,,,,,,,,,,,,,,,,,,,,,,,,,,,,,,,,,,,,,,,,,,,,,,,,,,,,,,,,,,,,,,,,,,,,,,,,,,,,,,,,,,,,,,,,,,,,,,,,,,,,,,,,,,,,,,,,,,,,,,,,,,,,,,,,,,,,,,,,,,,,,,,,,,,,,,,,,,,,,,,,,,,,,,,,,,,,,,,,,,,,,,,,,,,,,,,,,,,,,,,,,,,,,,,,,,,,,,,,,,,,,,,,,,,,,,,,,,,,,,,,,,,,,,,,,,,,,,,,,,,,,,,,,,,,,,,,,,,,,,,,,,,,,,,,,,,,,,,,,,,,,,,,,,,,,,,,,,,,,,,,,,,,,,,,,,,,
310,d3t0qvck,,0,0,12,,,,0,,,0.0,,,,,,,,,,,,,,519akakd,,,,,0,Experiment_2_Skewness_Preference,https://app.prolific.com/submissions/complete?cc=C1BTHULB,0.0,1.0,310,,0.0,,1,1,310,,0.0,,,,,,,,,,,,,,,1,1,310,,0.0,,,,,,,,,,1,1,310,,0.0,0,0,0,0,0,0,0,0,0,FALSE,FALSE,1,1,,,,,,,,,,,,,,,,,,,,,,,,,,,,,,,,,,,,,,,,,,,,,,,,,,,,,,,,,,,,,,,,,,,,,,,,,,,,,,,,,,,,,,,,,,,,,,,,,,,,,,,,,,,,,,,,,,,,,,,,,,,,,,,,,,,,,,,,,,,,,,,,,,,,,,,,,,,,,,,,,,,,,,,,,,,,,,,,,,,,,,,,,,,,,,,,,,,,,,,,,,,,,,,,,,,,,,,,,,,,,,,,,,,,,,,,,,,,,,,,,,,,,,,,,,,,,,,,,,,,,,,,,,,,,,,,,,,,,,,,,,,,,,,,,,,,,,,,,,,,,,,,,,,,,,,,,,,,,,,,,,,,,,,,,,,,,,,,,,,,,,,,,,,,,,,,,,,,
311,4fg6emz3,,0,0,12,,,,0,,,0.0,,,,,,,,,,,,,,519akakd,,,,,0,Experiment_2_Skewness_Preference,https://app.prolific.com/submissions/complete?cc=C1BTHULB,0.0,1.0,311,,0.0,,1,1,311,,0.0,,,,,,,,,,,,,,,1,1,311,,0.0,,,,,,,,,,1,1,311,,0.0,0,0,0,0,0,0,0,0,0,FALSE,FALSE,1,1,,,,,,,,,,,,,,,,,,,,,,,,,,,,,,,,,,,,,,,,,,,,,,,,,,,,,,,,,,,,,,,,,,,,,,,,,,,,,,,,,,,,,,,,,,,,,,,,,,,,,,,,,,,,,,,,,,,,,,,,,,,,,,,,,,,,,,,,,,,,,,,,,,,,,,,,,,,,,,,,,,,,,,,,,,,,,,,,,,,,,,,,,,,,,,,,,,,,,,,,,,,,,,,,,,,,,,,,,,,,,,,,,,,,,,,,,,,,,,,,,,,,,,,,,,,,,,,,,,,,,,,,,,,,,,,,,,,,,,,,,,,,,,,,,,,,,,,,,,,,,,,,,,,,,,,,,,,,,,,,,,,,,,,,,,,,,,,,,,,,,,,,,,,,,,,,,,,,
312,3q7mrcaf,,0,0,12,,,,0,,,0.0,,,,,,,,,,,,,,519akakd,,,,,0,Experiment_2_Skewness_Preference,https://app.prolific.com/submissions/complete?cc=C1BTHULB,0.0,1.0,312,,0.0,,1,1,312,,0.0,,,,,,,,,,,,,,,1,1,312,,0.0,,,,,,,,,,1,1,312,,0.0,0,0,0,0,0,0,0,0,0,FALSE,FALSE,1,1,,,,,,,,,,,,,,,,,,,,,,,,,,,,,,,,,,,,,,,,,,,,,,,,,,,,,,,,,,,,,,,,,,,,,,,,,,,,,,,,,,,,,,,,,,,,,,,,,,,,,,,,,,,,,,,,,,,,,,,,,,,,,,,,,,,,,,,,,,,,,,,,,,,,,,,,,,,,,,,,,,,,,,,,,,,,,,,,,,,,,,,,,,,,,,,,,,,,,,,,,,,,,,,,,,,,,,,,,,,,,,,,,,,,,,,,,,,,,,,,,,,,,,,,,,,,,,,,,,,,,,,,,,,,,,,,,,,,,,,,,,,,,,,,,,,,,,,,,,,,,,,,,,,,,,,,,,,,,,,,,,,,,,,,,,,,,,,,,,,,,,,,,,,,,,,,,,,,
313,9baluddt,,0,0,12,,,,0,,,0.0,,,,,,,,,,,,,,519akakd,,,,,0,Experiment_2_Skewness_Preference,https://app.prolific.com/submissions/complete?cc=C1BTHULB,0.0,1.0,313,,0.0,,1,1,313,,0.0,,,,,,,,,,,,,,,1,1,313,,0.0,,,,,,,,,,1,1,313,,0.0,0,0,0,0,0,0,0,0,0,FALSE,FALSE,1,1,,,,,,,,,,,,,,,,,,,,,,,,,,,,,,,,,,,,,,,,,,,,,,,,,,,,,,,,,,,,,,,,,,,,,,,,,,,,,,,,,,,,,,,,,,,,,,,,,,,,,,,,,,,,,,,,,,,,,,,,,,,,,,,,,,,,,,,,,,,,,,,,,,,,,,,,,,,,,,,,,,,,,,,,,,,,,,,,,,,,,,,,,,,,,,,,,,,,,,,,,,,,,,,,,,,,,,,,,,,,,,,,,,,,,,,,,,,,,,,,,,,,,,,,,,,,,,,,,,,,,,,,,,,,,,,,,,,,,,,,,,,,,,,,,,,,,,,,,,,,,,,,,,,,,,,,,,,,,,,,,,,,,,,,,,,,,,,,,,,,,,,,,,,,,,,,,,,,
314,0sp6w8ll,,0,0,12,,,,0,,,0.0,,,,,,,,,,,,,,519akakd,,,,,0,Experiment_2_Skewness_Preference,https://app.prolific.com/submissions/complete?cc=C1BTHULB,0.0,1.0,314,,0.0,,1,1,314,,0.0,,,,,,,,,,,,,,,1,1,314,,0.0,,,,,,,,,,1,1,314,,0.0,0,0,0,0,0,0,0,0,0,FALSE,FALSE,1,1,,,,,,,,,,,,,,,,,,,,,,,,,,,,,,,,,,,,,,,,,,,,,,,,,,,,,,,,,,,,,,,,,,,,,,,,,,,,,,,,,,,,,,,,,,,,,,,,,,,,,,,,,,,,,,,,,,,,,,,,,,,,,,,,,,,,,,,,,,,,,,,,,,,,,,,,,,,,,,,,,,,,,,,,,,,,,,,,,,,,,,,,,,,,,,,,,,,,,,,,,,,,,,,,,,,,,,,,,,,,,,,,,,,,,,,,,,,,,,,,,,,,,,,,,,,,,,,,,,,,,,,,,,,,,,,,,,,,,,,,,,,,,,,,,,,,,,,,,,,,,,,,,,,,,,,,,,,,,,,,,,,,,,,,,,,,,,,,,,,,,,,,,,,,,,,,,,,,
315,7anhd34h,,0,0,12,,,,0,,,0.0,,,,,,,,,,,,,,519akakd,,,,,0,Experiment_2_Skewness_Preference,https://app.prolific.com/submissions/complete?cc=C1BTHULB,0.0,1.0,315,,0.0,,1,1,315,,0.0,,,,,,,,,,,,,,,1,1,315,,0.0,,,,,,,,,,1,1,315,,0.0,0,0,0,0,0,0,0,0,0,FALSE,FALSE,1,1,,,,,,,,,,,,,,,,,,,,,,,,,,,,,,,,,,,,,,,,,,,,,,,,,,,,,,,,,,,,,,,,,,,,,,,,,,,,,,,,,,,,,,,,,,,,,,,,,,,,,,,,,,,,,,,,,,,,,,,,,,,,,,,,,,,,,,,,,,,,,,,,,,,,,,,,,,,,,,,,,,,,,,,,,,,,,,,,,,,,,,,,,,,,,,,,,,,,,,,,,,,,,,,,,,,,,,,,,,,,,,,,,,,,,,,,,,,,,,,,,,,,,,,,,,,,,,,,,,,,,,,,,,,,,,,,,,,,,,,,,,,,,,,,,,,,,,,,,,,,,,,,,,,,,,,,,,,,,,,,,,,,,,,,,,,,,,,,,,,,,,,,,,,,,,,,,,,,
316,l04vsje3,,0,0,12,,,,0,,,0.0,,,,,,,,,,,,,,519akakd,,,,,0,Experiment_2_Skewness_Preference,https://app.prolific.com/submissions/complete?cc=C1BTHULB,0.0,1.0,316,,0.0,,1,1,316,,0.0,,,,,,,,,,,,,,,1,1,316,,0.0,,,,,,,,,,1,1,316,,0.0,0,0,0,0,0,0,0,0,0,FALSE,FALSE,1,1,,,,,,,,,,,,,,,,,,,,,,,,,,,,,,,,,,,,,,,,,,,,,,,,,,,,,,,,,,,,,,,,,,,,,,,,,,,,,,,,,,,,,,,,,,,,,,,,,,,,,,,,,,,,,,,,,,,,,,,,,,,,,,,,,,,,,,,,,,,,,,,,,,,,,,,,,,,,,,,,,,,,,,,,,,,,,,,,,,,,,,,,,,,,,,,,,,,,,,,,,,,,,,,,,,,,,,,,,,,,,,,,,,,,,,,,,,,,,,,,,,,,,,,,,,,,,,,,,,,,,,,,,,,,,,,,,,,,,,,,,,,,,,,,,,,,,,,,,,,,,,,,,,,,,,,,,,,,,,,,,,,,,,,,,,,,,,,,,,,,,,,,,,,,,,,,,,,,
317,2sn5lht6,,0,0,12,,,,0,,,0.0,,,,,,,,,,,,,,519akakd,,,,,0,Experiment_2_Skewness_Preference,https://app.prolific.com/submissions/complete?cc=C1BTHULB,0.0,1.0,317,,0.0,,1,1,317,,0.0,,,,,,,,,,,,,,,1,1,317,,0.0,,,,,,,,,,1,1,317,,0.0,0,0,0,0,0,0,0,0,0,FALSE,FALSE,1,1,,,,,,,,,,,,,,,,,,,,,,,,,,,,,,,,,,,,,,,,,,,,,,,,,,,,,,,,,,,,,,,,,,,,,,,,,,,,,,,,,,,,,,,,,,,,,,,,,,,,,,,,,,,,,,,,,,,,,,,,,,,,,,,,,,,,,,,,,,,,,,,,,,,,,,,,,,,,,,,,,,,,,,,,,,,,,,,,,,,,,,,,,,,,,,,,,,,,,,,,,,,,,,,,,,,,,,,,,,,,,,,,,,,,,,,,,,,,,,,,,,,,,,,,,,,,,,,,,,,,,,,,,,,,,,,,,,,,,,,,,,,,,,,,,,,,,,,,,,,,,,,,,,,,,,,,,,,,,,,,,,,,,,,,,,,,,,,,,,,,,,,,,,,,,,,,,,,,
318,hxbysfgw,,0,0,12,,,,0,,,0.0,,,,,,,,,,,,,,519akakd,,,,,0,Experiment_2_Skewness_Preference,https://app.prolific.com/submissions/complete?cc=C1BTHULB,0.0,1.0,318,,0.0,,1,1,318,,0.0,,,,,,,,,,,,,,,1,1,318,,0.0,,,,,,,,,,1,1,318,,0.0,0,0,0,0,0,0,0,0,0,FALSE,FALSE,1,1,,,,,,,,,,,,,,,,,,,,,,,,,,,,,,,,,,,,,,,,,,,,,,,,,,,,,,,,,,,,,,,,,,,,,,,,,,,,,,,,,,,,,,,,,,,,,,,,,,,,,,,,,,,,,,,,,,,,,,,,,,,,,,,,,,,,,,,,,,,,,,,,,,,,,,,,,,,,,,,,,,,,,,,,,,,,,,,,,,,,,,,,,,,,,,,,,,,,,,,,,,,,,,,,,,,,,,,,,,,,,,,,,,,,,,,,,,,,,,,,,,,,,,,,,,,,,,,,,,,,,,,,,,,,,,,,,,,,,,,,,,,,,,,,,,,,,,,,,,,,,,,,,,,,,,,,,,,,,,,,,,,,,,,,,,,,,,,,,,,,,,,,,,,,,,,,,,,,
319,hj7lii37,,0,0,12,,,,0,,,0.0,,,,,,,,,,,,,,519akakd,,,,,0,Experiment_2_Skewness_Preference,https://app.prolific.com/submissions/complete?cc=C1BTHULB,0.0,1.0,319,,0.0,,1,1,319,,0.0,,,,,,,,,,,,,,,1,1,319,,0.0,,,,,,,,,,1,1,319,,0.0,0,0,0,0,0,0,0,0,0,FALSE,FALSE,1,1,,,,,,,,,,,,,,,,,,,,,,,,,,,,,,,,,,,,,,,,,,,,,,,,,,,,,,,,,,,,,,,,,,,,,,,,,,,,,,,,,,,,,,,,,,,,,,,,,,,,,,,,,,,,,,,,,,,,,,,,,,,,,,,,,,,,,,,,,,,,,,,,,,,,,,,,,,,,,,,,,,,,,,,,,,,,,,,,,,,,,,,,,,,,,,,,,,,,,,,,,,,,,,,,,,,,,,,,,,,,,,,,,,,,,,,,,,,,,,,,,,,,,,,,,,,,,,,,,,,,,,,,,,,,,,,,,,,,,,,,,,,,,,,,,,,,,,,,,,,,,,,,,,,,,,,,,,,,,,,,,,,,,,,,,,,,,,,,,,,,,,,,,,,,,,,,,,,,
320,jzcq2ei9,,0,0,12,,,,0,,,0.0,,,,,,,,,,,,,,519akakd,,,,,0,Experiment_2_Skewness_Preference,https://app.prolific.com/submissions/complete?cc=C1BTHULB,0.0,1.0,320,,0.0,,1,1,320,,0.0,,,,,,,,,,,,,,,1,1,320,,0.0,,,,,,,,,,1,1,320,,0.0,0,0,0,0,0,0,0,0,0,FALSE,FALSE,1,1,,,,,,,,,,,,,,,,,,,,,,,,,,,,,,,,,,,,,,,,,,,,,,,,,,,,,,,,,,,,,,,,,,,,,,,,,,,,,,,,,,,,,,,,,,,,,,,,,,,,,,,,,,,,,,,,,,,,,,,,,,,,,,,,,,,,,,,,,,,,,,,,,,,,,,,,,,,,,,,,,,,,,,,,,,,,,,,,,,,,,,,,,,,,,,,,,,,,,,,,,,,,,,,,,,,,,,,,,,,,,,,,,,,,,,,,,,,,,,,,,,,,,,,,,,,,,,,,,,,,,,,,,,,,,,,,,,,,,,,,,,,,,,,,,,,,,,,,,,,,,,,,,,,,,,,,,,,,,,,,,,,,,,,,,,,,,,,,,,,,,,,,,,,,,,,,,,,,
321,ce15bij0,,0,0,12,,,,0,,,0.0,,,,,,,,,,,,,,519akakd,,,,,0,Experiment_2_Skewness_Preference,https://app.prolific.com/submissions/complete?cc=C1BTHULB,0.0,1.0,321,,0.0,,1,1,321,,0.0,,,,,,,,,,,,,,,1,1,321,,0.0,,,,,,,,,,1,1,321,,0.0,0,0,0,0,0,0,0,0,0,FALSE,FALSE,1,1,,,,,,,,,,,,,,,,,,,,,,,,,,,,,,,,,,,,,,,,,,,,,,,,,,,,,,,,,,,,,,,,,,,,,,,,,,,,,,,,,,,,,,,,,,,,,,,,,,,,,,,,,,,,,,,,,,,,,,,,,,,,,,,,,,,,,,,,,,,,,,,,,,,,,,,,,,,,,,,,,,,,,,,,,,,,,,,,,,,,,,,,,,,,,,,,,,,,,,,,,,,,,,,,,,,,,,,,,,,,,,,,,,,,,,,,,,,,,,,,,,,,,,,,,,,,,,,,,,,,,,,,,,,,,,,,,,,,,,,,,,,,,,,,,,,,,,,,,,,,,,,,,,,,,,,,,,,,,,,,,,,,,,,,,,,,,,,,,,,,,,,,,,,,,,,,,,,,
322,dlz9z62y,,0,0,12,,,,0,,,0.0,,,,,,,,,,,,,,519akakd,,,,,0,Experiment_2_Skewness_Preference,https://app.prolific.com/submissions/complete?cc=C1BTHULB,0.0,1.0,322,,0.0,,1,1,322,,0.0,,,,,,,,,,,,,,,1,1,322,,0.0,,,,,,,,,,1,1,322,,0.0,0,0,0,0,0,0,0,0,0,FALSE,FALSE,1,1,,,,,,,,,,,,,,,,,,,,,,,,,,,,,,,,,,,,,,,,,,,,,,,,,,,,,,,,,,,,,,,,,,,,,,,,,,,,,,,,,,,,,,,,,,,,,,,,,,,,,,,,,,,,,,,,,,,,,,,,,,,,,,,,,,,,,,,,,,,,,,,,,,,,,,,,,,,,,,,,,,,,,,,,,,,,,,,,,,,,,,,,,,,,,,,,,,,,,,,,,,,,,,,,,,,,,,,,,,,,,,,,,,,,,,,,,,,,,,,,,,,,,,,,,,,,,,,,,,,,,,,,,,,,,,,,,,,,,,,,,,,,,,,,,,,,,,,,,,,,,,,,,,,,,,,,,,,,,,,,,,,,,,,,,,,,,,,,,,,,,,,,,,,,,,,,,,,,
323,2x7x4w1u,,0,0,12,,,,0,,,0.0,,,,,,,,,,,,,,519akakd,,,,,0,Experiment_2_Skewness_Preference,https://app.prolific.com/submissions/complete?cc=C1BTHULB,0.0,1.0,323,,0.0,,1,1,323,,0.0,,,,,,,,,,,,,,,1,1,323,,0.0,,,,,,,,,,1,1,323,,0.0,0,0,0,0,0,0,0,0,0,FALSE,FALSE,1,1,,,,,,,,,,,,,,,,,,,,,,,,,,,,,,,,,,,,,,,,,,,,,,,,,,,,,,,,,,,,,,,,,,,,,,,,,,,,,,,,,,,,,,,,,,,,,,,,,,,,,,,,,,,,,,,,,,,,,,,,,,,,,,,,,,,,,,,,,,,,,,,,,,,,,,,,,,,,,,,,,,,,,,,,,,,,,,,,,,,,,,,,,,,,,,,,,,,,,,,,,,,,,,,,,,,,,,,,,,,,,,,,,,,,,,,,,,,,,,,,,,,,,,,,,,,,,,,,,,,,,,,,,,,,,,,,,,,,,,,,,,,,,,,,,,,,,,,,,,,,,,,,,,,,,,,,,,,,,,,,,,,,,,,,,,,,,,,,,,,,,,,,,,,,,,,,,,,,
324,5vhkz7pd,,0,0,12,,,,0,,,0.0,,,,,,,,,,,,,,519akakd,,,,,0,Experiment_2_Skewness_Preference,https://app.prolific.com/submissions/complete?cc=C1BTHULB,0.0,1.0,324,,0.0,,1,1,324,,0.0,,,,,,,,,,,,,,,1,1,324,,0.0,,,,,,,,,,1,1,324,,0.0,0,0,0,0,0,0,0,0,0,FALSE,FALSE,1,1,,,,,,,,,,,,,,,,,,,,,,,,,,,,,,,,,,,,,,,,,,,,,,,,,,,,,,,,,,,,,,,,,,,,,,,,,,,,,,,,,,,,,,,,,,,,,,,,,,,,,,,,,,,,,,,,,,,,,,,,,,,,,,,,,,,,,,,,,,,,,,,,,,,,,,,,,,,,,,,,,,,,,,,,,,,,,,,,,,,,,,,,,,,,,,,,,,,,,,,,,,,,,,,,,,,,,,,,,,,,,,,,,,,,,,,,,,,,,,,,,,,,,,,,,,,,,,,,,,,,,,,,,,,,,,,,,,,,,,,,,,,,,,,,,,,,,,,,,,,,,,,,,,,,,,,,,,,,,,,,,,,,,,,,,,,,,,,,,,,,,,,,,,,,,,,,,,,,
325,d0ywzq20,,0,0,12,,,,0,,,0.0,,,,,,,,,,,,,,519akakd,,,,,0,Experiment_2_Skewness_Preference,https://app.prolific.com/submissions/complete?cc=C1BTHULB,0.0,1.0,325,,0.0,,1,1,325,,0.0,,,,,,,,,,,,,,,1,1,325,,0.0,,,,,,,,,,1,1,325,,0.0,0,0,0,0,0,0,0,0,0,FALSE,FALSE,1,1,,,,,,,,,,,,,,,,,,,,,,,,,,,,,,,,,,,,,,,,,,,,,,,,,,,,,,,,,,,,,,,,,,,,,,,,,,,,,,,,,,,,,,,,,,,,,,,,,,,,,,,,,,,,,,,,,,,,,,,,,,,,,,,,,,,,,,,,,,,,,,,,,,,,,,,,,,,,,,,,,,,,,,,,,,,,,,,,,,,,,,,,,,,,,,,,,,,,,,,,,,,,,,,,,,,,,,,,,,,,,,,,,,,,,,,,,,,,,,,,,,,,,,,,,,,,,,,,,,,,,,,,,,,,,,,,,,,,,,,,,,,,,,,,,,,,,,,,,,,,,,,,,,,,,,,,,,,,,,,,,,,,,,,,,,,,,,,,,,,,,,,,,,,,,,,,,,,,
326,44gw2q9o,,0,0,12,,,,0,,,0.0,,,,,,,,,,,,,,519akakd,,,,,0,Experiment_2_Skewness_Preference,https://app.prolific.com/submissions/complete?cc=C1BTHULB,0.0,1.0,326,,0.0,,1,1,326,,0.0,,,,,,,,,,,,,,,1,1,326,,0.0,,,,,,,,,,1,1,326,,0.0,0,0,0,0,0,0,0,0,0,FALSE,FALSE,1,1,,,,,,,,,,,,,,,,,,,,,,,,,,,,,,,,,,,,,,,,,,,,,,,,,,,,,,,,,,,,,,,,,,,,,,,,,,,,,,,,,,,,,,,,,,,,,,,,,,,,,,,,,,,,,,,,,,,,,,,,,,,,,,,,,,,,,,,,,,,,,,,,,,,,,,,,,,,,,,,,,,,,,,,,,,,,,,,,,,,,,,,,,,,,,,,,,,,,,,,,,,,,,,,,,,,,,,,,,,,,,,,,,,,,,,,,,,,,,,,,,,,,,,,,,,,,,,,,,,,,,,,,,,,,,,,,,,,,,,,,,,,,,,,,,,,,,,,,,,,,,,,,,,,,,,,,,,,,,,,,,,,,,,,,,,,,,,,,,,,,,,,,,,,,,,,,,,,,
327,cxc49mta,,0,0,12,,,,0,,,0.0,,,,,,,,,,,,,,519akakd,,,,,0,Experiment_2_Skewness_Preference,https://app.prolific.com/submissions/complete?cc=C1BTHULB,0.0,1.0,327,,0.0,,1,1,327,,0.0,,,,,,,,,,,,,,,1,1,327,,0.0,,,,,,,,,,1,1,327,,0.0,0,0,0,0,0,0,0,0,0,FALSE,FALSE,1,1,,,,,,,,,,,,,,,,,,,,,,,,,,,,,,,,,,,,,,,,,,,,,,,,,,,,,,,,,,,,,,,,,,,,,,,,,,,,,,,,,,,,,,,,,,,,,,,,,,,,,,,,,,,,,,,,,,,,,,,,,,,,,,,,,,,,,,,,,,,,,,,,,,,,,,,,,,,,,,,,,,,,,,,,,,,,,,,,,,,,,,,,,,,,,,,,,,,,,,,,,,,,,,,,,,,,,,,,,,,,,,,,,,,,,,,,,,,,,,,,,,,,,,,,,,,,,,,,,,,,,,,,,,,,,,,,,,,,,,,,,,,,,,,,,,,,,,,,,,,,,,,,,,,,,,,,,,,,,,,,,,,,,,,,,,,,,,,,,,,,,,,,,,,,,,,,,,,,
328,zblx5twr,,0,0,12,,,,0,,,0.0,,,,,,,,,,,,,,519akakd,,,,,0,Experiment_2_Skewness_Preference,https://app.prolific.com/submissions/complete?cc=C1BTHULB,0.0,1.0,328,,0.0,,1,1,328,,0.0,,,,,,,,,,,,,,,1,1,328,,0.0,,,,,,,,,,1,1,328,,0.0,0,0,0,0,0,0,0,0,0,FALSE,FALSE,1,1,,,,,,,,,,,,,,,,,,,,,,,,,,,,,,,,,,,,,,,,,,,,,,,,,,,,,,,,,,,,,,,,,,,,,,,,,,,,,,,,,,,,,,,,,,,,,,,,,,,,,,,,,,,,,,,,,,,,,,,,,,,,,,,,,,,,,,,,,,,,,,,,,,,,,,,,,,,,,,,,,,,,,,,,,,,,,,,,,,,,,,,,,,,,,,,,,,,,,,,,,,,,,,,,,,,,,,,,,,,,,,,,,,,,,,,,,,,,,,,,,,,,,,,,,,,,,,,,,,,,,,,,,,,,,,,,,,,,,,,,,,,,,,,,,,,,,,,,,,,,,,,,,,,,,,,,,,,,,,,,,,,,,,,,,,,,,,,,,,,,,,,,,,,,,,,,,,,,
329,9nvowe3s,,0,0,12,,,,0,,,0.0,,,,,,,,,,,,,,519akakd,,,,,0,Experiment_2_Skewness_Preference,https://app.prolific.com/submissions/complete?cc=C1BTHULB,0.0,1.0,329,,0.0,,1,1,329,,0.0,,,,,,,,,,,,,,,1,1,329,,0.0,,,,,,,,,,1,1,329,,0.0,0,0,0,0,0,0,0,0,0,FALSE,FALSE,1,1,,,,,,,,,,,,,,,,,,,,,,,,,,,,,,,,,,,,,,,,,,,,,,,,,,,,,,,,,,,,,,,,,,,,,,,,,,,,,,,,,,,,,,,,,,,,,,,,,,,,,,,,,,,,,,,,,,,,,,,,,,,,,,,,,,,,,,,,,,,,,,,,,,,,,,,,,,,,,,,,,,,,,,,,,,,,,,,,,,,,,,,,,,,,,,,,,,,,,,,,,,,,,,,,,,,,,,,,,,,,,,,,,,,,,,,,,,,,,,,,,,,,,,,,,,,,,,,,,,,,,,,,,,,,,,,,,,,,,,,,,,,,,,,,,,,,,,,,,,,,,,,,,,,,,,,,,,,,,,,,,,,,,,,,,,,,,,,,,,,,,,,,,,,,,,,,,,,,
330,gqb1fbz9,,0,0,12,,,,0,,,0.0,,,,,,,,,,,,,,519akakd,,,,,0,Experiment_2_Skewness_Preference,https://app.prolific.com/submissions/complete?cc=C1BTHULB,0.0,1.0,330,,0.0,,1,1,330,,0.0,,,,,,,,,,,,,,,1,1,330,,0.0,,,,,,,,,,1,1,330,,0.0,0,0,0,0,0,0,0,0,0,FALSE,FALSE,1,1,,,,,,,,,,,,,,,,,,,,,,,,,,,,,,,,,,,,,,,,,,,,,,,,,,,,,,,,,,,,,,,,,,,,,,,,,,,,,,,,,,,,,,,,,,,,,,,,,,,,,,,,,,,,,,,,,,,,,,,,,,,,,,,,,,,,,,,,,,,,,,,,,,,,,,,,,,,,,,,,,,,,,,,,,,,,,,,,,,,,,,,,,,,,,,,,,,,,,,,,,,,,,,,,,,,,,,,,,,,,,,,,,,,,,,,,,,,,,,,,,,,,,,,,,,,,,,,,,,,,,,,,,,,,,,,,,,,,,,,,,,,,,,,,,,,,,,,,,,,,,,,,,,,,,,,,,,,,,,,,,,,,,,,,,,,,,,,,,,,,,,,,,,,,,,,,,,,,
331,8wp3f8cn,,0,0,12,,,,0,,,0.0,,,,,,,,,,,,,,519akakd,,,,,0,Experiment_2_Skewness_Preference,https://app.prolific.com/submissions/complete?cc=C1BTHULB,0.0,1.0,331,,0.0,,1,1,331,,0.0,,,,,,,,,,,,,,,1,1,331,,0.0,,,,,,,,,,1,1,331,,0.0,0,0,0,0,0,0,0,0,0,FALSE,FALSE,1,1,,,,,,,,,,,,,,,,,,,,,,,,,,,,,,,,,,,,,,,,,,,,,,,,,,,,,,,,,,,,,,,,,,,,,,,,,,,,,,,,,,,,,,,,,,,,,,,,,,,,,,,,,,,,,,,,,,,,,,,,,,,,,,,,,,,,,,,,,,,,,,,,,,,,,,,,,,,,,,,,,,,,,,,,,,,,,,,,,,,,,,,,,,,,,,,,,,,,,,,,,,,,,,,,,,,,,,,,,,,,,,,,,,,,,,,,,,,,,,,,,,,,,,,,,,,,,,,,,,,,,,,,,,,,,,,,,,,,,,,,,,,,,,,,,,,,,,,,,,,,,,,,,,,,,,,,,,,,,,,,,,,,,,,,,,,,,,,,,,,,,,,,,,,,,,,,,,,,
332,p6twp79h,,0,0,12,,,,0,,,0.0,,,,,,,,,,,,,,519akakd,,,,,0,Experiment_2_Skewness_Preference,https://app.prolific.com/submissions/complete?cc=C1BTHULB,0.0,1.0,332,,0.0,,1,1,332,,0.0,,,,,,,,,,,,,,,1,1,332,,0.0,,,,,,,,,,1,1,332,,0.0,0,0,0,0,0,0,0,0,0,FALSE,FALSE,1,1,,,,,,,,,,,,,,,,,,,,,,,,,,,,,,,,,,,,,,,,,,,,,,,,,,,,,,,,,,,,,,,,,,,,,,,,,,,,,,,,,,,,,,,,,,,,,,,,,,,,,,,,,,,,,,,,,,,,,,,,,,,,,,,,,,,,,,,,,,,,,,,,,,,,,,,,,,,,,,,,,,,,,,,,,,,,,,,,,,,,,,,,,,,,,,,,,,,,,,,,,,,,,,,,,,,,,,,,,,,,,,,,,,,,,,,,,,,,,,,,,,,,,,,,,,,,,,,,,,,,,,,,,,,,,,,,,,,,,,,,,,,,,,,,,,,,,,,,,,,,,,,,,,,,,,,,,,,,,,,,,,,,,,,,,,,,,,,,,,,,,,,,,,,,,,,,,,,,
333,8xmucfs6,,0,0,12,,,,0,,,0.0,,,,,,,,,,,,,,519akakd,,,,,0,Experiment_2_Skewness_Preference,https://app.prolific.com/submissions/complete?cc=C1BTHULB,0.0,1.0,333,,0.0,,1,1,333,,0.0,,,,,,,,,,,,,,,1,1,333,,0.0,,,,,,,,,,1,1,333,,0.0,0,0,0,0,0,0,0,0,0,FALSE,FALSE,1,1,,,,,,,,,,,,,,,,,,,,,,,,,,,,,,,,,,,,,,,,,,,,,,,,,,,,,,,,,,,,,,,,,,,,,,,,,,,,,,,,,,,,,,,,,,,,,,,,,,,,,,,,,,,,,,,,,,,,,,,,,,,,,,,,,,,,,,,,,,,,,,,,,,,,,,,,,,,,,,,,,,,,,,,,,,,,,,,,,,,,,,,,,,,,,,,,,,,,,,,,,,,,,,,,,,,,,,,,,,,,,,,,,,,,,,,,,,,,,,,,,,,,,,,,,,,,,,,,,,,,,,,,,,,,,,,,,,,,,,,,,,,,,,,,,,,,,,,,,,,,,,,,,,,,,,,,,,,,,,,,,,,,,,,,,,,,,,,,,,,,,,,,,,,,,,,,,,,,
334,cmqox7dc,,0,0,12,,,,0,,,0.0,,,,,,,,,,,,,,519akakd,,,,,0,Experiment_2_Skewness_Preference,https://app.prolific.com/submissions/complete?cc=C1BTHULB,0.0,1.0,334,,0.0,,1,1,334,,0.0,,,,,,,,,,,,,,,1,1,334,,0.0,,,,,,,,,,1,1,334,,0.0,0,0,0,0,0,0,0,0,0,FALSE,FALSE,1,1,,,,,,,,,,,,,,,,,,,,,,,,,,,,,,,,,,,,,,,,,,,,,,,,,,,,,,,,,,,,,,,,,,,,,,,,,,,,,,,,,,,,,,,,,,,,,,,,,,,,,,,,,,,,,,,,,,,,,,,,,,,,,,,,,,,,,,,,,,,,,,,,,,,,,,,,,,,,,,,,,,,,,,,,,,,,,,,,,,,,,,,,,,,,,,,,,,,,,,,,,,,,,,,,,,,,,,,,,,,,,,,,,,,,,,,,,,,,,,,,,,,,,,,,,,,,,,,,,,,,,,,,,,,,,,,,,,,,,,,,,,,,,,,,,,,,,,,,,,,,,,,,,,,,,,,,,,,,,,,,,,,,,,,,,,,,,,,,,,,,,,,,,,,,,,,,,,,,
335,8o8c6a6a,,0,0,12,,,,0,,,0.0,,,,,,,,,,,,,,519akakd,,,,,0,Experiment_2_Skewness_Preference,https://app.prolific.com/submissions/complete?cc=C1BTHULB,0.0,1.0,335,,0.0,,1,1,335,,0.0,,,,,,,,,,,,,,,1,1,335,,0.0,,,,,,,,,,1,1,335,,0.0,0,0,0,0,0,0,0,0,0,FALSE,FALSE,1,1,,,,,,,,,,,,,,,,,,,,,,,,,,,,,,,,,,,,,,,,,,,,,,,,,,,,,,,,,,,,,,,,,,,,,,,,,,,,,,,,,,,,,,,,,,,,,,,,,,,,,,,,,,,,,,,,,,,,,,,,,,,,,,,,,,,,,,,,,,,,,,,,,,,,,,,,,,,,,,,,,,,,,,,,,,,,,,,,,,,,,,,,,,,,,,,,,,,,,,,,,,,,,,,,,,,,,,,,,,,,,,,,,,,,,,,,,,,,,,,,,,,,,,,,,,,,,,,,,,,,,,,,,,,,,,,,,,,,,,,,,,,,,,,,,,,,,,,,,,,,,,,,,,,,,,,,,,,,,,,,,,,,,,,,,,,,,,,,,,,,,,,,,,,,,,,,,,,,
336,c5eaywl5,,0,0,12,,,,0,,,0.0,,,,,,,,,,,,,,519akakd,,,,,0,Experiment_2_Skewness_Preference,https://app.prolific.com/submissions/complete?cc=C1BTHULB,0.0,1.0,336,,0.0,,1,1,336,,0.0,,,,,,,,,,,,,,,1,1,336,,0.0,,,,,,,,,,1,1,336,,0.0,0,0,0,0,0,0,0,0,0,FALSE,FALSE,1,1,,,,,,,,,,,,,,,,,,,,,,,,,,,,,,,,,,,,,,,,,,,,,,,,,,,,,,,,,,,,,,,,,,,,,,,,,,,,,,,,,,,,,,,,,,,,,,,,,,,,,,,,,,,,,,,,,,,,,,,,,,,,,,,,,,,,,,,,,,,,,,,,,,,,,,,,,,,,,,,,,,,,,,,,,,,,,,,,,,,,,,,,,,,,,,,,,,,,,,,,,,,,,,,,,,,,,,,,,,,,,,,,,,,,,,,,,,,,,,,,,,,,,,,,,,,,,,,,,,,,,,,,,,,,,,,,,,,,,,,,,,,,,,,,,,,,,,,,,,,,,,,,,,,,,,,,,,,,,,,,,,,,,,,,,,,,,,,,,,,,,,,,,,,,,,,,,,,,
337,uu1n6sdg,,0,0,12,,,,0,,,0.0,,,,,,,,,,,,,,519akakd,,,,,0,Experiment_2_Skewness_Preference,https://app.prolific.com/submissions/complete?cc=C1BTHULB,0.0,1.0,337,,0.0,,1,1,337,,0.0,,,,,,,,,,,,,,,1,1,337,,0.0,,,,,,,,,,1,1,337,,0.0,0,0,0,0,0,0,0,0,0,FALSE,FALSE,1,1,,,,,,,,,,,,,,,,,,,,,,,,,,,,,,,,,,,,,,,,,,,,,,,,,,,,,,,,,,,,,,,,,,,,,,,,,,,,,,,,,,,,,,,,,,,,,,,,,,,,,,,,,,,,,,,,,,,,,,,,,,,,,,,,,,,,,,,,,,,,,,,,,,,,,,,,,,,,,,,,,,,,,,,,,,,,,,,,,,,,,,,,,,,,,,,,,,,,,,,,,,,,,,,,,,,,,,,,,,,,,,,,,,,,,,,,,,,,,,,,,,,,,,,,,,,,,,,,,,,,,,,,,,,,,,,,,,,,,,,,,,,,,,,,,,,,,,,,,,,,,,,,,,,,,,,,,,,,,,,,,,,,,,,,,,,,,,,,,,,,,,,,,,,,,,,,,,,,
338,0iuiqahk,,0,0,12,,,,0,,,0.0,,,,,,,,,,,,,,519akakd,,,,,0,Experiment_2_Skewness_Preference,https://app.prolific.com/submissions/complete?cc=C1BTHULB,0.0,1.0,338,,0.0,,1,1,338,,0.0,,,,,,,,,,,,,,,1,1,338,,0.0,,,,,,,,,,1,1,338,,0.0,0,0,0,0,0,0,0,0,0,FALSE,FALSE,1,1,,,,,,,,,,,,,,,,,,,,,,,,,,,,,,,,,,,,,,,,,,,,,,,,,,,,,,,,,,,,,,,,,,,,,,,,,,,,,,,,,,,,,,,,,,,,,,,,,,,,,,,,,,,,,,,,,,,,,,,,,,,,,,,,,,,,,,,,,,,,,,,,,,,,,,,,,,,,,,,,,,,,,,,,,,,,,,,,,,,,,,,,,,,,,,,,,,,,,,,,,,,,,,,,,,,,,,,,,,,,,,,,,,,,,,,,,,,,,,,,,,,,,,,,,,,,,,,,,,,,,,,,,,,,,,,,,,,,,,,,,,,,,,,,,,,,,,,,,,,,,,,,,,,,,,,,,,,,,,,,,,,,,,,,,,,,,,,,,,,,,,,,,,,,,,,,,,,,
339,7n00x5o9,,0,0,12,,,,0,,,0.0,,,,,,,,,,,,,,519akakd,,,,,0,Experiment_2_Skewness_Preference,https://app.prolific.com/submissions/complete?cc=C1BTHULB,0.0,1.0,339,,0.0,,1,1,339,,0.0,,,,,,,,,,,,,,,1,1,339,,0.0,,,,,,,,,,1,1,339,,0.0,0,0,0,0,0,0,0,0,0,FALSE,FALSE,1,1,,,,,,,,,,,,,,,,,,,,,,,,,,,,,,,,,,,,,,,,,,,,,,,,,,,,,,,,,,,,,,,,,,,,,,,,,,,,,,,,,,,,,,,,,,,,,,,,,,,,,,,,,,,,,,,,,,,,,,,,,,,,,,,,,,,,,,,,,,,,,,,,,,,,,,,,,,,,,,,,,,,,,,,,,,,,,,,,,,,,,,,,,,,,,,,,,,,,,,,,,,,,,,,,,,,,,,,,,,,,,,,,,,,,,,,,,,,,,,,,,,,,,,,,,,,,,,,,,,,,,,,,,,,,,,,,,,,,,,,,,,,,,,,,,,,,,,,,,,,,,,,,,,,,,,,,,,,,,,,,,,,,,,,,,,,,,,,,,,,,,,,,,,,,,,,,,,,,
340,4bc8edum,,0,0,12,,,,0,,,0.0,,,,,,,,,,,,,,519akakd,,,,,0,Experiment_2_Skewness_Preference,https://app.prolific.com/submissions/complete?cc=C1BTHULB,0.0,1.0,340,,0.0,,1,1,340,,0.0,,,,,,,,,,,,,,,1,1,340,,0.0,,,,,,,,,,1,1,340,,0.0,0,0,0,0,0,0,0,0,0,FALSE,FALSE,1,1,,,,,,,,,,,,,,,,,,,,,,,,,,,,,,,,,,,,,,,,,,,,,,,,,,,,,,,,,,,,,,,,,,,,,,,,,,,,,,,,,,,,,,,,,,,,,,,,,,,,,,,,,,,,,,,,,,,,,,,,,,,,,,,,,,,,,,,,,,,,,,,,,,,,,,,,,,,,,,,,,,,,,,,,,,,,,,,,,,,,,,,,,,,,,,,,,,,,,,,,,,,,,,,,,,,,,,,,,,,,,,,,,,,,,,,,,,,,,,,,,,,,,,,,,,,,,,,,,,,,,,,,,,,,,,,,,,,,,,,,,,,,,,,,,,,,,,,,,,,,,,,,,,,,,,,,,,,,,,,,,,,,,,,,,,,,,,,,,,,,,,,,,,,,,,,,,,,,
341,p3tpa136,,0,0,12,,,,0,,,0.0,,,,,,,,,,,,,,519akakd,,,,,0,Experiment_2_Skewness_Preference,https://app.prolific.com/submissions/complete?cc=C1BTHULB,0.0,1.0,341,,0.0,,1,1,341,,0.0,,,,,,,,,,,,,,,1,1,341,,0.0,,,,,,,,,,1,1,341,,0.0,0,0,0,0,0,0,0,0,0,FALSE,FALSE,1,1,,,,,,,,,,,,,,,,,,,,,,,,,,,,,,,,,,,,,,,,,,,,,,,,,,,,,,,,,,,,,,,,,,,,,,,,,,,,,,,,,,,,,,,,,,,,,,,,,,,,,,,,,,,,,,,,,,,,,,,,,,,,,,,,,,,,,,,,,,,,,,,,,,,,,,,,,,,,,,,,,,,,,,,,,,,,,,,,,,,,,,,,,,,,,,,,,,,,,,,,,,,,,,,,,,,,,,,,,,,,,,,,,,,,,,,,,,,,,,,,,,,,,,,,,,,,,,,,,,,,,,,,,,,,,,,,,,,,,,,,,,,,,,,,,,,,,,,,,,,,,,,,,,,,,,,,,,,,,,,,,,,,,,,,,,,,,,,,,,,,,,,,,,,,,,,,,,,,
342,1k9c90j0,,0,0,12,,,,0,,,0.0,,,,,,,,,,,,,,519akakd,,,,,0,Experiment_2_Skewness_Preference,https://app.prolific.com/submissions/complete?cc=C1BTHULB,0.0,1.0,342,,0.0,,1,1,342,,0.0,,,,,,,,,,,,,,,1,1,342,,0.0,,,,,,,,,,1,1,342,,0.0,0,0,0,0,0,0,0,0,0,FALSE,FALSE,1,1,,,,,,,,,,,,,,,,,,,,,,,,,,,,,,,,,,,,,,,,,,,,,,,,,,,,,,,,,,,,,,,,,,,,,,,,,,,,,,,,,,,,,,,,,,,,,,,,,,,,,,,,,,,,,,,,,,,,,,,,,,,,,,,,,,,,,,,,,,,,,,,,,,,,,,,,,,,,,,,,,,,,,,,,,,,,,,,,,,,,,,,,,,,,,,,,,,,,,,,,,,,,,,,,,,,,,,,,,,,,,,,,,,,,,,,,,,,,,,,,,,,,,,,,,,,,,,,,,,,,,,,,,,,,,,,,,,,,,,,,,,,,,,,,,,,,,,,,,,,,,,,,,,,,,,,,,,,,,,,,,,,,,,,,,,,,,,,,,,,,,,,,,,,,,,,,,,,,
343,9j5yda9y,,0,0,12,,,,0,,,0.0,,,,,,,,,,,,,,519akakd,,,,,0,Experiment_2_Skewness_Preference,https://app.prolific.com/submissions/complete?cc=C1BTHULB,0.0,1.0,343,,0.0,,1,1,343,,0.0,,,,,,,,,,,,,,,1,1,343,,0.0,,,,,,,,,,1,1,343,,0.0,0,0,0,0,0,0,0,0,0,FALSE,FALSE,1,1,,,,,,,,,,,,,,,,,,,,,,,,,,,,,,,,,,,,,,,,,,,,,,,,,,,,,,,,,,,,,,,,,,,,,,,,,,,,,,,,,,,,,,,,,,,,,,,,,,,,,,,,,,,,,,,,,,,,,,,,,,,,,,,,,,,,,,,,,,,,,,,,,,,,,,,,,,,,,,,,,,,,,,,,,,,,,,,,,,,,,,,,,,,,,,,,,,,,,,,,,,,,,,,,,,,,,,,,,,,,,,,,,,,,,,,,,,,,,,,,,,,,,,,,,,,,,,,,,,,,,,,,,,,,,,,,,,,,,,,,,,,,,,,,,,,,,,,,,,,,,,,,,,,,,,,,,,,,,,,,,,,,,,,,,,,,,,,,,,,,,,,,,,,,,,,,,,,,
344,vd5o744w,,0,0,12,,,,0,,,0.0,,,,,,,,,,,,,,519akakd,,,,,0,Experiment_2_Skewness_Preference,https://app.prolific.com/submissions/complete?cc=C1BTHULB,0.0,1.0,344,,0.0,,1,1,344,,0.0,,,,,,,,,,,,,,,1,1,344,,0.0,,,,,,,,,,1,1,344,,0.0,0,0,0,0,0,0,0,0,0,FALSE,FALSE,1,1,,,,,,,,,,,,,,,,,,,,,,,,,,,,,,,,,,,,,,,,,,,,,,,,,,,,,,,,,,,,,,,,,,,,,,,,,,,,,,,,,,,,,,,,,,,,,,,,,,,,,,,,,,,,,,,,,,,,,,,,,,,,,,,,,,,,,,,,,,,,,,,,,,,,,,,,,,,,,,,,,,,,,,,,,,,,,,,,,,,,,,,,,,,,,,,,,,,,,,,,,,,,,,,,,,,,,,,,,,,,,,,,,,,,,,,,,,,,,,,,,,,,,,,,,,,,,,,,,,,,,,,,,,,,,,,,,,,,,,,,,,,,,,,,,,,,,,,,,,,,,,,,,,,,,,,,,,,,,,,,,,,,,,,,,,,,,,,,,,,,,,,,,,,,,,,,,,,,
345,hz37b4nj,,0,0,12,,,,0,,,0.0,,,,,,,,,,,,,,519akakd,,,,,0,Experiment_2_Skewness_Preference,https://app.prolific.com/submissions/complete?cc=C1BTHULB,0.0,1.0,345,,0.0,,1,1,345,,0.0,,,,,,,,,,,,,,,1,1,345,,0.0,,,,,,,,,,1,1,345,,0.0,0,0,0,0,0,0,0,0,0,FALSE,FALSE,1,1,,,,,,,,,,,,,,,,,,,,,,,,,,,,,,,,,,,,,,,,,,,,,,,,,,,,,,,,,,,,,,,,,,,,,,,,,,,,,,,,,,,,,,,,,,,,,,,,,,,,,,,,,,,,,,,,,,,,,,,,,,,,,,,,,,,,,,,,,,,,,,,,,,,,,,,,,,,,,,,,,,,,,,,,,,,,,,,,,,,,,,,,,,,,,,,,,,,,,,,,,,,,,,,,,,,,,,,,,,,,,,,,,,,,,,,,,,,,,,,,,,,,,,,,,,,,,,,,,,,,,,,,,,,,,,,,,,,,,,,,,,,,,,,,,,,,,,,,,,,,,,,,,,,,,,,,,,,,,,,,,,,,,,,,,,,,,,,,,,,,,,,,,,,,,,,,,,,,
346,292q7eq5,,0,0,12,,,,0,,,0.0,,,,,,,,,,,,,,519akakd,,,,,0,Experiment_2_Skewness_Preference,https://app.prolific.com/submissions/complete?cc=C1BTHULB,0.0,1.0,346,,0.0,,1,1,346,,0.0,,,,,,,,,,,,,,,1,1,346,,0.0,,,,,,,,,,1,1,346,,0.0,0,0,0,0,0,0,0,0,0,FALSE,FALSE,1,1,,,,,,,,,,,,,,,,,,,,,,,,,,,,,,,,,,,,,,,,,,,,,,,,,,,,,,,,,,,,,,,,,,,,,,,,,,,,,,,,,,,,,,,,,,,,,,,,,,,,,,,,,,,,,,,,,,,,,,,,,,,,,,,,,,,,,,,,,,,,,,,,,,,,,,,,,,,,,,,,,,,,,,,,,,,,,,,,,,,,,,,,,,,,,,,,,,,,,,,,,,,,,,,,,,,,,,,,,,,,,,,,,,,,,,,,,,,,,,,,,,,,,,,,,,,,,,,,,,,,,,,,,,,,,,,,,,,,,,,,,,,,,,,,,,,,,,,,,,,,,,,,,,,,,,,,,,,,,,,,,,,,,,,,,,,,,,,,,,,,,,,,,,,,,,,,,,,,
347,55fan7m9,,0,0,12,,,,0,,,0.0,,,,,,,,,,,,,,519akakd,,,,,0,Experiment_2_Skewness_Preference,https://app.prolific.com/submissions/complete?cc=C1BTHULB,0.0,1.0,347,,0.0,,1,1,347,,0.0,,,,,,,,,,,,,,,1,1,347,,0.0,,,,,,,,,,1,1,347,,0.0,0,0,0,0,0,0,0,0,0,FALSE,FALSE,1,1,,,,,,,,,,,,,,,,,,,,,,,,,,,,,,,,,,,,,,,,,,,,,,,,,,,,,,,,,,,,,,,,,,,,,,,,,,,,,,,,,,,,,,,,,,,,,,,,,,,,,,,,,,,,,,,,,,,,,,,,,,,,,,,,,,,,,,,,,,,,,,,,,,,,,,,,,,,,,,,,,,,,,,,,,,,,,,,,,,,,,,,,,,,,,,,,,,,,,,,,,,,,,,,,,,,,,,,,,,,,,,,,,,,,,,,,,,,,,,,,,,,,,,,,,,,,,,,,,,,,,,,,,,,,,,,,,,,,,,,,,,,,,,,,,,,,,,,,,,,,,,,,,,,,,,,,,,,,,,,,,,,,,,,,,,,,,,,,,,,,,,,,,,,,,,,,,,,,
348,hp2ozmhh,,0,0,12,,,,0,,,0.0,,,,,,,,,,,,,,519akakd,,,,,0,Experiment_2_Skewness_Preference,https://app.prolific.com/submissions/complete?cc=C1BTHULB,0.0,1.0,348,,0.0,,1,1,348,,0.0,,,,,,,,,,,,,,,1,1,348,,0.0,,,,,,,,,,1,1,348,,0.0,0,0,0,0,0,0,0,0,0,FALSE,FALSE,1,1,,,,,,,,,,,,,,,,,,,,,,,,,,,,,,,,,,,,,,,,,,,,,,,,,,,,,,,,,,,,,,,,,,,,,,,,,,,,,,,,,,,,,,,,,,,,,,,,,,,,,,,,,,,,,,,,,,,,,,,,,,,,,,,,,,,,,,,,,,,,,,,,,,,,,,,,,,,,,,,,,,,,,,,,,,,,,,,,,,,,,,,,,,,,,,,,,,,,,,,,,,,,,,,,,,,,,,,,,,,,,,,,,,,,,,,,,,,,,,,,,,,,,,,,,,,,,,,,,,,,,,,,,,,,,,,,,,,,,,,,,,,,,,,,,,,,,,,,,,,,,,,,,,,,,,,,,,,,,,,,,,,,,,,,,,,,,,,,,,,,,,,,,,,,,,,,,,,,
349,vs8u1c9h,,0,0,12,,,,0,,,0.0,,,,,,,,,,,,,,519akakd,,,,,0,Experiment_2_Skewness_Preference,https://app.prolific.com/submissions/complete?cc=C1BTHULB,0.0,1.0,349,,0.0,,1,1,349,,0.0,,,,,,,,,,,,,,,1,1,349,,0.0,,,,,,,,,,1,1,349,,0.0,0,0,0,0,0,0,0,0,0,FALSE,FALSE,1,1,,,,,,,,,,,,,,,,,,,,,,,,,,,,,,,,,,,,,,,,,,,,,,,,,,,,,,,,,,,,,,,,,,,,,,,,,,,,,,,,,,,,,,,,,,,,,,,,,,,,,,,,,,,,,,,,,,,,,,,,,,,,,,,,,,,,,,,,,,,,,,,,,,,,,,,,,,,,,,,,,,,,,,,,,,,,,,,,,,,,,,,,,,,,,,,,,,,,,,,,,,,,,,,,,,,,,,,,,,,,,,,,,,,,,,,,,,,,,,,,,,,,,,,,,,,,,,,,,,,,,,,,,,,,,,,,,,,,,,,,,,,,,,,,,,,,,,,,,,,,,,,,,,,,,,,,,,,,,,,,,,,,,,,,,,,,,,,,,,,,,,,,,,,,,,,,,,,,
350,aihvz05p,,0,0,12,,,,0,,,0.0,,,,,,,,,,,,,,519akakd,,,,,0,Experiment_2_Skewness_Preference,https://app.prolific.com/submissions/complete?cc=C1BTHULB,0.0,1.0,350,,0.0,,1,1,350,,0.0,,,,,,,,,,,,,,,1,1,350,,0.0,,,,,,,,,,1,1,350,,0.0,0,0,0,0,0,0,0,0,0,FALSE,FALSE,1,1,,,,,,,,,,,,,,,,,,,,,,,,,,,,,,,,,,,,,,,,,,,,,,,,,,,,,,,,,,,,,,,,,,,,,,,,,,,,,,,,,,,,,,,,,,,,,,,,,,,,,,,,,,,,,,,,,,,,,,,,,,,,,,,,,,,,,,,,,,,,,,,,,,,,,,,,,,,,,,,,,,,,,,,,,,,,,,,,,,,,,,,,,,,,,,,,,,,,,,,,,,,,,,,,,,,,,,,,,,,,,,,,,,,,,,,,,,,,,,,,,,,,,,,,,,,,,,,,,,,,,,,,,,,,,,,,,,,,,,,,,,,,,,,,,,,,,,,,,,,,,,,,,,,,,,,,,,,,,,,,,,,,,,,,,,,,,,,,,,,,,,,,,,,,,,,,,,,,
351,059uedji,,0,0,12,,,,0,,,0.0,,,,,,,,,,,,,,519akakd,,,,,0,Experiment_2_Skewness_Preference,https://app.prolific.com/submissions/complete?cc=C1BTHULB,0.0,1.0,351,,0.0,,1,1,351,,0.0,,,,,,,,,,,,,,,1,1,351,,0.0,,,,,,,,,,1,1,351,,0.0,0,0,0,0,0,0,0,0,0,FALSE,FALSE,1,1,,,,,,,,,,,,,,,,,,,,,,,,,,,,,,,,,,,,,,,,,,,,,,,,,,,,,,,,,,,,,,,,,,,,,,,,,,,,,,,,,,,,,,,,,,,,,,,,,,,,,,,,,,,,,,,,,,,,,,,,,,,,,,,,,,,,,,,,,,,,,,,,,,,,,,,,,,,,,,,,,,,,,,,,,,,,,,,,,,,,,,,,,,,,,,,,,,,,,,,,,,,,,,,,,,,,,,,,,,,,,,,,,,,,,,,,,,,,,,,,,,,,,,,,,,,,,,,,,,,,,,,,,,,,,,,,,,,,,,,,,,,,,,,,,,,,,,,,,,,,,,,,,,,,,,,,,,,,,,,,,,,,,,,,,,,,,,,,,,,,,,,,,,,,,,,,,,,,
352,bdyrgs5x,,0,0,12,,,,0,,,0.0,,,,,,,,,,,,,,519akakd,,,,,0,Experiment_2_Skewness_Preference,https://app.prolific.com/submissions/complete?cc=C1BTHULB,0.0,1.0,352,,0.0,,1,1,352,,0.0,,,,,,,,,,,,,,,1,1,352,,0.0,,,,,,,,,,1,1,352,,0.0,0,0,0,0,0,0,0,0,0,FALSE,FALSE,1,1,,,,,,,,,,,,,,,,,,,,,,,,,,,,,,,,,,,,,,,,,,,,,,,,,,,,,,,,,,,,,,,,,,,,,,,,,,,,,,,,,,,,,,,,,,,,,,,,,,,,,,,,,,,,,,,,,,,,,,,,,,,,,,,,,,,,,,,,,,,,,,,,,,,,,,,,,,,,,,,,,,,,,,,,,,,,,,,,,,,,,,,,,,,,,,,,,,,,,,,,,,,,,,,,,,,,,,,,,,,,,,,,,,,,,,,,,,,,,,,,,,,,,,,,,,,,,,,,,,,,,,,,,,,,,,,,,,,,,,,,,,,,,,,,,,,,,,,,,,,,,,,,,,,,,,,,,,,,,,,,,,,,,,,,,,,,,,,,,,,,,,,,,,,,,,,,,,,,
353,znz9tigt,,0,0,12,,,,0,,,0.0,,,,,,,,,,,,,,519akakd,,,,,0,Experiment_2_Skewness_Preference,https://app.prolific.com/submissions/complete?cc=C1BTHULB,0.0,1.0,353,,0.0,,1,1,353,,0.0,,,,,,,,,,,,,,,1,1,353,,0.0,,,,,,,,,,1,1,353,,0.0,0,0,0,0,0,0,0,0,0,FALSE,FALSE,1,1,,,,,,,,,,,,,,,,,,,,,,,,,,,,,,,,,,,,,,,,,,,,,,,,,,,,,,,,,,,,,,,,,,,,,,,,,,,,,,,,,,,,,,,,,,,,,,,,,,,,,,,,,,,,,,,,,,,,,,,,,,,,,,,,,,,,,,,,,,,,,,,,,,,,,,,,,,,,,,,,,,,,,,,,,,,,,,,,,,,,,,,,,,,,,,,,,,,,,,,,,,,,,,,,,,,,,,,,,,,,,,,,,,,,,,,,,,,,,,,,,,,,,,,,,,,,,,,,,,,,,,,,,,,,,,,,,,,,,,,,,,,,,,,,,,,,,,,,,,,,,,,,,,,,,,,,,,,,,,,,,,,,,,,,,,,,,,,,,,,,,,,,,,,,,,,,,,,,
354,ahwy570i,,0,0,12,,,,0,,,0.0,,,,,,,,,,,,,,519akakd,,,,,0,Experiment_2_Skewness_Preference,https://app.prolific.com/submissions/complete?cc=C1BTHULB,0.0,1.0,354,,0.0,,1,1,354,,0.0,,,,,,,,,,,,,,,1,1,354,,0.0,,,,,,,,,,1,1,354,,0.0,0,0,0,0,0,0,0,0,0,FALSE,FALSE,1,1,,,,,,,,,,,,,,,,,,,,,,,,,,,,,,,,,,,,,,,,,,,,,,,,,,,,,,,,,,,,,,,,,,,,,,,,,,,,,,,,,,,,,,,,,,,,,,,,,,,,,,,,,,,,,,,,,,,,,,,,,,,,,,,,,,,,,,,,,,,,,,,,,,,,,,,,,,,,,,,,,,,,,,,,,,,,,,,,,,,,,,,,,,,,,,,,,,,,,,,,,,,,,,,,,,,,,,,,,,,,,,,,,,,,,,,,,,,,,,,,,,,,,,,,,,,,,,,,,,,,,,,,,,,,,,,,,,,,,,,,,,,,,,,,,,,,,,,,,,,,,,,,,,,,,,,,,,,,,,,,,,,,,,,,,,,,,,,,,,,,,,,,,,,,,,,,,,,,
355,nbquu1xo,,0,0,12,,,,0,,,0.0,,,,,,,,,,,,,,519akakd,,,,,0,Experiment_2_Skewness_Preference,https://app.prolific.com/submissions/complete?cc=C1BTHULB,0.0,1.0,355,,0.0,,1,1,355,,0.0,,,,,,,,,,,,,,,1,1,355,,0.0,,,,,,,,,,1,1,355,,0.0,0,0,0,0,0,0,0,0,0,FALSE,FALSE,1,1,,,,,,,,,,,,,,,,,,,,,,,,,,,,,,,,,,,,,,,,,,,,,,,,,,,,,,,,,,,,,,,,,,,,,,,,,,,,,,,,,,,,,,,,,,,,,,,,,,,,,,,,,,,,,,,,,,,,,,,,,,,,,,,,,,,,,,,,,,,,,,,,,,,,,,,,,,,,,,,,,,,,,,,,,,,,,,,,,,,,,,,,,,,,,,,,,,,,,,,,,,,,,,,,,,,,,,,,,,,,,,,,,,,,,,,,,,,,,,,,,,,,,,,,,,,,,,,,,,,,,,,,,,,,,,,,,,,,,,,,,,,,,,,,,,,,,,,,,,,,,,,,,,,,,,,,,,,,,,,,,,,,,,,,,,,,,,,,,,,,,,,,,,,,,,,,,,,,
356,riz5ehlx,,0,0,12,,,,0,,,0.0,,,,,,,,,,,,,,519akakd,,,,,0,Experiment_2_Skewness_Preference,https://app.prolific.com/submissions/complete?cc=C1BTHULB,0.0,1.0,356,,0.0,,1,1,356,,0.0,,,,,,,,,,,,,,,1,1,356,,0.0,,,,,,,,,,1,1,356,,0.0,0,0,0,0,0,0,0,0,0,FALSE,FALSE,1,1,,,,,,,,,,,,,,,,,,,,,,,,,,,,,,,,,,,,,,,,,,,,,,,,,,,,,,,,,,,,,,,,,,,,,,,,,,,,,,,,,,,,,,,,,,,,,,,,,,,,,,,,,,,,,,,,,,,,,,,,,,,,,,,,,,,,,,,,,,,,,,,,,,,,,,,,,,,,,,,,,,,,,,,,,,,,,,,,,,,,,,,,,,,,,,,,,,,,,,,,,,,,,,,,,,,,,,,,,,,,,,,,,,,,,,,,,,,,,,,,,,,,,,,,,,,,,,,,,,,,,,,,,,,,,,,,,,,,,,,,,,,,,,,,,,,,,,,,,,,,,,,,,,,,,,,,,,,,,,,,,,,,,,,,,,,,,,,,,,,,,,,,,,,,,,,,,,,,
357,oi0g98ad,,0,0,12,,,,0,,,0.0,,,,,,,,,,,,,,519akakd,,,,,0,Experiment_2_Skewness_Preference,https://app.prolific.com/submissions/complete?cc=C1BTHULB,0.0,1.0,357,,0.0,,1,1,357,,0.0,,,,,,,,,,,,,,,1,1,357,,0.0,,,,,,,,,,1,1,357,,0.0,0,0,0,0,0,0,0,0,0,FALSE,FALSE,1,1,,,,,,,,,,,,,,,,,,,,,,,,,,,,,,,,,,,,,,,,,,,,,,,,,,,,,,,,,,,,,,,,,,,,,,,,,,,,,,,,,,,,,,,,,,,,,,,,,,,,,,,,,,,,,,,,,,,,,,,,,,,,,,,,,,,,,,,,,,,,,,,,,,,,,,,,,,,,,,,,,,,,,,,,,,,,,,,,,,,,,,,,,,,,,,,,,,,,,,,,,,,,,,,,,,,,,,,,,,,,,,,,,,,,,,,,,,,,,,,,,,,,,,,,,,,,,,,,,,,,,,,,,,,,,,,,,,,,,,,,,,,,,,,,,,,,,,,,,,,,,,,,,,,,,,,,,,,,,,,,,,,,,,,,,,,,,,,,,,,,,,,,,,,,,,,,,,,,
358,whejl2on,,0,0,12,,,,0,,,0.0,,,,,,,,,,,,,,519akakd,,,,,0,Experiment_2_Skewness_Preference,https://app.prolific.com/submissions/complete?cc=C1BTHULB,0.0,1.0,358,,0.0,,1,1,358,,0.0,,,,,,,,,,,,,,,1,1,358,,0.0,,,,,,,,,,1,1,358,,0.0,0,0,0,0,0,0,0,0,0,FALSE,FALSE,1,1,,,,,,,,,,,,,,,,,,,,,,,,,,,,,,,,,,,,,,,,,,,,,,,,,,,,,,,,,,,,,,,,,,,,,,,,,,,,,,,,,,,,,,,,,,,,,,,,,,,,,,,,,,,,,,,,,,,,,,,,,,,,,,,,,,,,,,,,,,,,,,,,,,,,,,,,,,,,,,,,,,,,,,,,,,,,,,,,,,,,,,,,,,,,,,,,,,,,,,,,,,,,,,,,,,,,,,,,,,,,,,,,,,,,,,,,,,,,,,,,,,,,,,,,,,,,,,,,,,,,,,,,,,,,,,,,,,,,,,,,,,,,,,,,,,,,,,,,,,,,,,,,,,,,,,,,,,,,,,,,,,,,,,,,,,,,,,,,,,,,,,,,,,,,,,,,,,,,
359,dqoh3rof,,0,0,12,,,,0,,,0.0,,,,,,,,,,,,,,519akakd,,,,,0,Experiment_2_Skewness_Preference,https://app.prolific.com/submissions/complete?cc=C1BTHULB,0.0,1.0,359,,0.0,,1,1,359,,0.0,,,,,,,,,,,,,,,1,1,359,,0.0,,,,,,,,,,1,1,359,,0.0,0,0,0,0,0,0,0,0,0,FALSE,FALSE,1,1,,,,,,,,,,,,,,,,,,,,,,,,,,,,,,,,,,,,,,,,,,,,,,,,,,,,,,,,,,,,,,,,,,,,,,,,,,,,,,,,,,,,,,,,,,,,,,,,,,,,,,,,,,,,,,,,,,,,,,,,,,,,,,,,,,,,,,,,,,,,,,,,,,,,,,,,,,,,,,,,,,,,,,,,,,,,,,,,,,,,,,,,,,,,,,,,,,,,,,,,,,,,,,,,,,,,,,,,,,,,,,,,,,,,,,,,,,,,,,,,,,,,,,,,,,,,,,,,,,,,,,,,,,,,,,,,,,,,,,,,,,,,,,,,,,,,,,,,,,,,,,,,,,,,,,,,,,,,,,,,,,,,,,,,,,,,,,,,,,,,,,,,,,,,,,,,,,,,
360,2kefxzu1,,0,0,12,,,,0,,,0.0,,,,,,,,,,,,,,519akakd,,,,,0,Experiment_2_Skewness_Preference,https://app.prolific.com/submissions/complete?cc=C1BTHULB,0.0,1.0,360,,0.0,,1,1,360,,0.0,,,,,,,,,,,,,,,1,1,360,,0.0,,,,,,,,,,1,1,360,,0.0,0,0,0,0,0,0,0,0,0,FALSE,FALSE,1,1,,,,,,,,,,,,,,,,,,,,,,,,,,,,,,,,,,,,,,,,,,,,,,,,,,,,,,,,,,,,,,,,,,,,,,,,,,,,,,,,,,,,,,,,,,,,,,,,,,,,,,,,,,,,,,,,,,,,,,,,,,,,,,,,,,,,,,,,,,,,,,,,,,,,,,,,,,,,,,,,,,,,,,,,,,,,,,,,,,,,,,,,,,,,,,,,,,,,,,,,,,,,,,,,,,,,,,,,,,,,,,,,,,,,,,,,,,,,,,,,,,,,,,,,,,,,,,,,,,,,,,,,,,,,,,,,,,,,,,,,,,,,,,,,,,,,,,,,,,,,,,,,,,,,,,,,,,,,,,,,,,,,,,,,,,,,,,,,,,,,,,,,,,,,,,,,,,,,
361,7bn3ued8,,0,0,12,,,,0,,,0.0,,,,,,,,,,,,,,519akakd,,,,,0,Experiment_2_Skewness_Preference,https://app.prolific.com/submissions/complete?cc=C1BTHULB,0.0,1.0,361,,0.0,,1,1,361,,0.0,,,,,,,,,,,,,,,1,1,361,,0.0,,,,,,,,,,1,1,361,,0.0,0,0,0,0,0,0,0,0,0,FALSE,FALSE,1,1,,,,,,,,,,,,,,,,,,,,,,,,,,,,,,,,,,,,,,,,,,,,,,,,,,,,,,,,,,,,,,,,,,,,,,,,,,,,,,,,,,,,,,,,,,,,,,,,,,,,,,,,,,,,,,,,,,,,,,,,,,,,,,,,,,,,,,,,,,,,,,,,,,,,,,,,,,,,,,,,,,,,,,,,,,,,,,,,,,,,,,,,,,,,,,,,,,,,,,,,,,,,,,,,,,,,,,,,,,,,,,,,,,,,,,,,,,,,,,,,,,,,,,,,,,,,,,,,,,,,,,,,,,,,,,,,,,,,,,,,,,,,,,,,,,,,,,,,,,,,,,,,,,,,,,,,,,,,,,,,,,,,,,,,,,,,,,,,,,,,,,,,,,,,,,,,,,,,
362,nt0qzkyv,,0,0,12,,,,0,,,0.0,,,,,,,,,,,,,,519akakd,,,,,0,Experiment_2_Skewness_Preference,https://app.prolific.com/submissions/complete?cc=C1BTHULB,0.0,1.0,362,,0.0,,1,1,362,,0.0,,,,,,,,,,,,,,,1,1,362,,0.0,,,,,,,,,,1,1,362,,0.0,0,0,0,0,0,0,0,0,0,FALSE,FALSE,1,1,,,,,,,,,,,,,,,,,,,,,,,,,,,,,,,,,,,,,,,,,,,,,,,,,,,,,,,,,,,,,,,,,,,,,,,,,,,,,,,,,,,,,,,,,,,,,,,,,,,,,,,,,,,,,,,,,,,,,,,,,,,,,,,,,,,,,,,,,,,,,,,,,,,,,,,,,,,,,,,,,,,,,,,,,,,,,,,,,,,,,,,,,,,,,,,,,,,,,,,,,,,,,,,,,,,,,,,,,,,,,,,,,,,,,,,,,,,,,,,,,,,,,,,,,,,,,,,,,,,,,,,,,,,,,,,,,,,,,,,,,,,,,,,,,,,,,,,,,,,,,,,,,,,,,,,,,,,,,,,,,,,,,,,,,,,,,,,,,,,,,,,,,,,,,,,,,,,,
363,pdtd82r3,,0,0,12,,,,0,,,0.0,,,,,,,,,,,,,,519akakd,,,,,0,Experiment_2_Skewness_Preference,https://app.prolific.com/submissions/complete?cc=C1BTHULB,0.0,1.0,363,,0.0,,1,1,363,,0.0,,,,,,,,,,,,,,,1,1,363,,0.0,,,,,,,,,,1,1,363,,0.0,0,0,0,0,0,0,0,0,0,FALSE,FALSE,1,1,,,,,,,,,,,,,,,,,,,,,,,,,,,,,,,,,,,,,,,,,,,,,,,,,,,,,,,,,,,,,,,,,,,,,,,,,,,,,,,,,,,,,,,,,,,,,,,,,,,,,,,,,,,,,,,,,,,,,,,,,,,,,,,,,,,,,,,,,,,,,,,,,,,,,,,,,,,,,,,,,,,,,,,,,,,,,,,,,,,,,,,,,,,,,,,,,,,,,,,,,,,,,,,,,,,,,,,,,,,,,,,,,,,,,,,,,,,,,,,,,,,,,,,,,,,,,,,,,,,,,,,,,,,,,,,,,,,,,,,,,,,,,,,,,,,,,,,,,,,,,,,,,,,,,,,,,,,,,,,,,,,,,,,,,,,,,,,,,,,,,,,,,,,,,,,,,,,,
364,f2mrqynn,,0,0,12,,,,0,,,0.0,,,,,,,,,,,,,,519akakd,,,,,0,Experiment_2_Skewness_Preference,https://app.prolific.com/submissions/complete?cc=C1BTHULB,0.0,1.0,364,,0.0,,1,1,364,,0.0,,,,,,,,,,,,,,,1,1,364,,0.0,,,,,,,,,,1,1,364,,0.0,0,0,0,0,0,0,0,0,0,FALSE,FALSE,1,1,,,,,,,,,,,,,,,,,,,,,,,,,,,,,,,,,,,,,,,,,,,,,,,,,,,,,,,,,,,,,,,,,,,,,,,,,,,,,,,,,,,,,,,,,,,,,,,,,,,,,,,,,,,,,,,,,,,,,,,,,,,,,,,,,,,,,,,,,,,,,,,,,,,,,,,,,,,,,,,,,,,,,,,,,,,,,,,,,,,,,,,,,,,,,,,,,,,,,,,,,,,,,,,,,,,,,,,,,,,,,,,,,,,,,,,,,,,,,,,,,,,,,,,,,,,,,,,,,,,,,,,,,,,,,,,,,,,,,,,,,,,,,,,,,,,,,,,,,,,,,,,,,,,,,,,,,,,,,,,,,,,,,,,,,,,,,,,,,,,,,,,,,,,,,,,,,,,,
365,c90kpdhj,,0,0,12,,,,0,,,0.0,,,,,,,,,,,,,,519akakd,,,,,0,Experiment_2_Skewness_Preference,https://app.prolific.com/submissions/complete?cc=C1BTHULB,0.0,1.0,365,,0.0,,1,1,365,,0.0,,,,,,,,,,,,,,,1,1,365,,0.0,,,,,,,,,,1,1,365,,0.0,0,0,0,0,0,0,0,0,0,FALSE,FALSE,1,1,,,,,,,,,,,,,,,,,,,,,,,,,,,,,,,,,,,,,,,,,,,,,,,,,,,,,,,,,,,,,,,,,,,,,,,,,,,,,,,,,,,,,,,,,,,,,,,,,,,,,,,,,,,,,,,,,,,,,,,,,,,,,,,,,,,,,,,,,,,,,,,,,,,,,,,,,,,,,,,,,,,,,,,,,,,,,,,,,,,,,,,,,,,,,,,,,,,,,,,,,,,,,,,,,,,,,,,,,,,,,,,,,,,,,,,,,,,,,,,,,,,,,,,,,,,,,,,,,,,,,,,,,,,,,,,,,,,,,,,,,,,,,,,,,,,,,,,,,,,,,,,,,,,,,,,,,,,,,,,,,,,,,,,,,,,,,,,,,,,,,,,,,,,,,,,,,,,,
366,zpjdrw1a,,0,0,12,,,,0,,,0.0,,,,,,,,,,,,,,519akakd,,,,,0,Experiment_2_Skewness_Preference,https://app.prolific.com/submissions/complete?cc=C1BTHULB,0.0,1.0,366,,0.0,,1,1,366,,0.0,,,,,,,,,,,,,,,1,1,366,,0.0,,,,,,,,,,1,1,366,,0.0,0,0,0,0,0,0,0,0,0,FALSE,FALSE,1,1,,,,,,,,,,,,,,,,,,,,,,,,,,,,,,,,,,,,,,,,,,,,,,,,,,,,,,,,,,,,,,,,,,,,,,,,,,,,,,,,,,,,,,,,,,,,,,,,,,,,,,,,,,,,,,,,,,,,,,,,,,,,,,,,,,,,,,,,,,,,,,,,,,,,,,,,,,,,,,,,,,,,,,,,,,,,,,,,,,,,,,,,,,,,,,,,,,,,,,,,,,,,,,,,,,,,,,,,,,,,,,,,,,,,,,,,,,,,,,,,,,,,,,,,,,,,,,,,,,,,,,,,,,,,,,,,,,,,,,,,,,,,,,,,,,,,,,,,,,,,,,,,,,,,,,,,,,,,,,,,,,,,,,,,,,,,,,,,,,,,,,,,,,,,,,,,,,,,
367,5wfliool,,0,0,12,,,,0,,,0.0,,,,,,,,,,,,,,519akakd,,,,,0,Experiment_2_Skewness_Preference,https://app.prolific.com/submissions/complete?cc=C1BTHULB,0.0,1.0,367,,0.0,,1,1,367,,0.0,,,,,,,,,,,,,,,1,1,367,,0.0,,,,,,,,,,1,1,367,,0.0,0,0,0,0,0,0,0,0,0,FALSE,FALSE,1,1,,,,,,,,,,,,,,,,,,,,,,,,,,,,,,,,,,,,,,,,,,,,,,,,,,,,,,,,,,,,,,,,,,,,,,,,,,,,,,,,,,,,,,,,,,,,,,,,,,,,,,,,,,,,,,,,,,,,,,,,,,,,,,,,,,,,,,,,,,,,,,,,,,,,,,,,,,,,,,,,,,,,,,,,,,,,,,,,,,,,,,,,,,,,,,,,,,,,,,,,,,,,,,,,,,,,,,,,,,,,,,,,,,,,,,,,,,,,,,,,,,,,,,,,,,,,,,,,,,,,,,,,,,,,,,,,,,,,,,,,,,,,,,,,,,,,,,,,,,,,,,,,,,,,,,,,,,,,,,,,,,,,,,,,,,,,,,,,,,,,,,,,,,,,,,,,,,,,
368,kpqz0pss,,0,0,12,,,,0,,,0.0,,,,,,,,,,,,,,519akakd,,,,,0,Experiment_2_Skewness_Preference,https://app.prolific.com/submissions/complete?cc=C1BTHULB,0.0,1.0,368,,0.0,,1,1,368,,0.0,,,,,,,,,,,,,,,1,1,368,,0.0,,,,,,,,,,1,1,368,,0.0,0,0,0,0,0,0,0,0,0,FALSE,FALSE,1,1,,,,,,,,,,,,,,,,,,,,,,,,,,,,,,,,,,,,,,,,,,,,,,,,,,,,,,,,,,,,,,,,,,,,,,,,,,,,,,,,,,,,,,,,,,,,,,,,,,,,,,,,,,,,,,,,,,,,,,,,,,,,,,,,,,,,,,,,,,,,,,,,,,,,,,,,,,,,,,,,,,,,,,,,,,,,,,,,,,,,,,,,,,,,,,,,,,,,,,,,,,,,,,,,,,,,,,,,,,,,,,,,,,,,,,,,,,,,,,,,,,,,,,,,,,,,,,,,,,,,,,,,,,,,,,,,,,,,,,,,,,,,,,,,,,,,,,,,,,,,,,,,,,,,,,,,,,,,,,,,,,,,,,,,,,,,,,,,,,,,,,,,,,,,,,,,,,,,
369,a7gp7w0f,,0,0,12,,,,0,,,0.0,,,,,,,,,,,,,,519akakd,,,,,0,Experiment_2_Skewness_Preference,https://app.prolific.com/submissions/complete?cc=C1BTHULB,0.0,1.0,369,,0.0,,1,1,369,,0.0,,,,,,,,,,,,,,,1,1,369,,0.0,,,,,,,,,,1,1,369,,0.0,0,0,0,0,0,0,0,0,0,FALSE,FALSE,1,1,,,,,,,,,,,,,,,,,,,,,,,,,,,,,,,,,,,,,,,,,,,,,,,,,,,,,,,,,,,,,,,,,,,,,,,,,,,,,,,,,,,,,,,,,,,,,,,,,,,,,,,,,,,,,,,,,,,,,,,,,,,,,,,,,,,,,,,,,,,,,,,,,,,,,,,,,,,,,,,,,,,,,,,,,,,,,,,,,,,,,,,,,,,,,,,,,,,,,,,,,,,,,,,,,,,,,,,,,,,,,,,,,,,,,,,,,,,,,,,,,,,,,,,,,,,,,,,,,,,,,,,,,,,,,,,,,,,,,,,,,,,,,,,,,,,,,,,,,,,,,,,,,,,,,,,,,,,,,,,,,,,,,,,,,,,,,,,,,,,,,,,,,,,,,,,,,,,,
370,6gto5f65,,0,0,12,,,,0,,,0.0,,,,,,,,,,,,,,519akakd,,,,,0,Experiment_2_Skewness_Preference,https://app.prolific.com/submissions/complete?cc=C1BTHULB,0.0,1.0,370,,0.0,,1,1,370,,0.0,,,,,,,,,,,,,,,1,1,370,,0.0,,,,,,,,,,1,1,370,,0.0,0,0,0,0,0,0,0,0,0,FALSE,FALSE,1,1,,,,,,,,,,,,,,,,,,,,,,,,,,,,,,,,,,,,,,,,,,,,,,,,,,,,,,,,,,,,,,,,,,,,,,,,,,,,,,,,,,,,,,,,,,,,,,,,,,,,,,,,,,,,,,,,,,,,,,,,,,,,,,,,,,,,,,,,,,,,,,,,,,,,,,,,,,,,,,,,,,,,,,,,,,,,,,,,,,,,,,,,,,,,,,,,,,,,,,,,,,,,,,,,,,,,,,,,,,,,,,,,,,,,,,,,,,,,,,,,,,,,,,,,,,,,,,,,,,,,,,,,,,,,,,,,,,,,,,,,,,,,,,,,,,,,,,,,,,,,,,,,,,,,,,,,,,,,,,,,,,,,,,,,,,,,,,,,,,,,,,,,,,,,,,,,,,,,
371,0nci06ab,,0,0,12,,,,0,,,0.0,,,,,,,,,,,,,,519akakd,,,,,0,Experiment_2_Skewness_Preference,https://app.prolific.com/submissions/complete?cc=C1BTHULB,0.0,1.0,371,,0.0,,1,1,371,,0.0,,,,,,,,,,,,,,,1,1,371,,0.0,,,,,,,,,,1,1,371,,0.0,0,0,0,0,0,0,0,0,0,FALSE,FALSE,1,1,,,,,,,,,,,,,,,,,,,,,,,,,,,,,,,,,,,,,,,,,,,,,,,,,,,,,,,,,,,,,,,,,,,,,,,,,,,,,,,,,,,,,,,,,,,,,,,,,,,,,,,,,,,,,,,,,,,,,,,,,,,,,,,,,,,,,,,,,,,,,,,,,,,,,,,,,,,,,,,,,,,,,,,,,,,,,,,,,,,,,,,,,,,,,,,,,,,,,,,,,,,,,,,,,,,,,,,,,,,,,,,,,,,,,,,,,,,,,,,,,,,,,,,,,,,,,,,,,,,,,,,,,,,,,,,,,,,,,,,,,,,,,,,,,,,,,,,,,,,,,,,,,,,,,,,,,,,,,,,,,,,,,,,,,,,,,,,,,,,,,,,,,,,,,,,,,,,,
372,j2kyk8re,,0,0,12,,,,0,,,0.0,,,,,,,,,,,,,,519akakd,,,,,0,Experiment_2_Skewness_Preference,https://app.prolific.com/submissions/complete?cc=C1BTHULB,0.0,1.0,372,,0.0,,1,1,372,,0.0,,,,,,,,,,,,,,,1,1,372,,0.0,,,,,,,,,,1,1,372,,0.0,0,0,0,0,0,0,0,0,0,FALSE,FALSE,1,1,,,,,,,,,,,,,,,,,,,,,,,,,,,,,,,,,,,,,,,,,,,,,,,,,,,,,,,,,,,,,,,,,,,,,,,,,,,,,,,,,,,,,,,,,,,,,,,,,,,,,,,,,,,,,,,,,,,,,,,,,,,,,,,,,,,,,,,,,,,,,,,,,,,,,,,,,,,,,,,,,,,,,,,,,,,,,,,,,,,,,,,,,,,,,,,,,,,,,,,,,,,,,,,,,,,,,,,,,,,,,,,,,,,,,,,,,,,,,,,,,,,,,,,,,,,,,,,,,,,,,,,,,,,,,,,,,,,,,,,,,,,,,,,,,,,,,,,,,,,,,,,,,,,,,,,,,,,,,,,,,,,,,,,,,,,,,,,,,,,,,,,,,,,,,,,,,,,,
373,bbnx3ve7,,0,0,12,,,,0,,,0.0,,,,,,,,,,,,,,519akakd,,,,,0,Experiment_2_Skewness_Preference,https://app.prolific.com/submissions/complete?cc=C1BTHULB,0.0,1.0,373,,0.0,,1,1,373,,0.0,,,,,,,,,,,,,,,1,1,373,,0.0,,,,,,,,,,1,1,373,,0.0,0,0,0,0,0,0,0,0,0,FALSE,FALSE,1,1,,,,,,,,,,,,,,,,,,,,,,,,,,,,,,,,,,,,,,,,,,,,,,,,,,,,,,,,,,,,,,,,,,,,,,,,,,,,,,,,,,,,,,,,,,,,,,,,,,,,,,,,,,,,,,,,,,,,,,,,,,,,,,,,,,,,,,,,,,,,,,,,,,,,,,,,,,,,,,,,,,,,,,,,,,,,,,,,,,,,,,,,,,,,,,,,,,,,,,,,,,,,,,,,,,,,,,,,,,,,,,,,,,,,,,,,,,,,,,,,,,,,,,,,,,,,,,,,,,,,,,,,,,,,,,,,,,,,,,,,,,,,,,,,,,,,,,,,,,,,,,,,,,,,,,,,,,,,,,,,,,,,,,,,,,,,,,,,,,,,,,,,,,,,,,,,,,,,
374,oor8vdem,,0,0,12,,,,0,,,0.0,,,,,,,,,,,,,,519akakd,,,,,0,Experiment_2_Skewness_Preference,https://app.prolific.com/submissions/complete?cc=C1BTHULB,0.0,1.0,374,,0.0,,1,1,374,,0.0,,,,,,,,,,,,,,,1,1,374,,0.0,,,,,,,,,,1,1,374,,0.0,0,0,0,0,0,0,0,0,0,FALSE,FALSE,1,1,,,,,,,,,,,,,,,,,,,,,,,,,,,,,,,,,,,,,,,,,,,,,,,,,,,,,,,,,,,,,,,,,,,,,,,,,,,,,,,,,,,,,,,,,,,,,,,,,,,,,,,,,,,,,,,,,,,,,,,,,,,,,,,,,,,,,,,,,,,,,,,,,,,,,,,,,,,,,,,,,,,,,,,,,,,,,,,,,,,,,,,,,,,,,,,,,,,,,,,,,,,,,,,,,,,,,,,,,,,,,,,,,,,,,,,,,,,,,,,,,,,,,,,,,,,,,,,,,,,,,,,,,,,,,,,,,,,,,,,,,,,,,,,,,,,,,,,,,,,,,,,,,,,,,,,,,,,,,,,,,,,,,,,,,,,,,,,,,,,,,,,,,,,,,,,,,,,,
375,7wicyp2d,,0,0,12,,,,0,,,0.0,,,,,,,,,,,,,,519akakd,,,,,0,Experiment_2_Skewness_Preference,https://app.prolific.com/submissions/complete?cc=C1BTHULB,0.0,1.0,375,,0.0,,1,1,375,,0.0,,,,,,,,,,,,,,,1,1,375,,0.0,,,,,,,,,,1,1,375,,0.0,0,0,0,0,0,0,0,0,0,FALSE,FALSE,1,1,,,,,,,,,,,,,,,,,,,,,,,,,,,,,,,,,,,,,,,,,,,,,,,,,,,,,,,,,,,,,,,,,,,,,,,,,,,,,,,,,,,,,,,,,,,,,,,,,,,,,,,,,,,,,,,,,,,,,,,,,,,,,,,,,,,,,,,,,,,,,,,,,,,,,,,,,,,,,,,,,,,,,,,,,,,,,,,,,,,,,,,,,,,,,,,,,,,,,,,,,,,,,,,,,,,,,,,,,,,,,,,,,,,,,,,,,,,,,,,,,,,,,,,,,,,,,,,,,,,,,,,,,,,,,,,,,,,,,,,,,,,,,,,,,,,,,,,,,,,,,,,,,,,,,,,,,,,,,,,,,,,,,,,,,,,,,,,,,,,,,,,,,,,,,,,,,,,,
376,fdy9s4y3,,0,0,12,,,,0,,,0.0,,,,,,,,,,,,,,519akakd,,,,,0,Experiment_2_Skewness_Preference,https://app.prolific.com/submissions/complete?cc=C1BTHULB,0.0,1.0,376,,0.0,,1,1,376,,0.0,,,,,,,,,,,,,,,1,1,376,,0.0,,,,,,,,,,1,1,376,,0.0,0,0,0,0,0,0,0,0,0,FALSE,FALSE,1,1,,,,,,,,,,,,,,,,,,,,,,,,,,,,,,,,,,,,,,,,,,,,,,,,,,,,,,,,,,,,,,,,,,,,,,,,,,,,,,,,,,,,,,,,,,,,,,,,,,,,,,,,,,,,,,,,,,,,,,,,,,,,,,,,,,,,,,,,,,,,,,,,,,,,,,,,,,,,,,,,,,,,,,,,,,,,,,,,,,,,,,,,,,,,,,,,,,,,,,,,,,,,,,,,,,,,,,,,,,,,,,,,,,,,,,,,,,,,,,,,,,,,,,,,,,,,,,,,,,,,,,,,,,,,,,,,,,,,,,,,,,,,,,,,,,,,,,,,,,,,,,,,,,,,,,,,,,,,,,,,,,,,,,,,,,,,,,,,,,,,,,,,,,,,,,,,,,,,
377,dphfvuhw,,0,0,12,,,,0,,,0.0,,,,,,,,,,,,,,519akakd,,,,,0,Experiment_2_Skewness_Preference,https://app.prolific.com/submissions/complete?cc=C1BTHULB,0.0,1.0,377,,0.0,,1,1,377,,0.0,,,,,,,,,,,,,,,1,1,377,,0.0,,,,,,,,,,1,1,377,,0.0,0,0,0,0,0,0,0,0,0,FALSE,FALSE,1,1,,,,,,,,,,,,,,,,,,,,,,,,,,,,,,,,,,,,,,,,,,,,,,,,,,,,,,,,,,,,,,,,,,,,,,,,,,,,,,,,,,,,,,,,,,,,,,,,,,,,,,,,,,,,,,,,,,,,,,,,,,,,,,,,,,,,,,,,,,,,,,,,,,,,,,,,,,,,,,,,,,,,,,,,,,,,,,,,,,,,,,,,,,,,,,,,,,,,,,,,,,,,,,,,,,,,,,,,,,,,,,,,,,,,,,,,,,,,,,,,,,,,,,,,,,,,,,,,,,,,,,,,,,,,,,,,,,,,,,,,,,,,,,,,,,,,,,,,,,,,,,,,,,,,,,,,,,,,,,,,,,,,,,,,,,,,,,,,,,,,,,,,,,,,,,,,,,,,
378,sbkkld1u,,0,0,12,,,,0,,,0.0,,,,,,,,,,,,,,519akakd,,,,,0,Experiment_2_Skewness_Preference,https://app.prolific.com/submissions/complete?cc=C1BTHULB,0.0,1.0,378,,0.0,,1,1,378,,0.0,,,,,,,,,,,,,,,1,1,378,,0.0,,,,,,,,,,1,1,378,,0.0,0,0,0,0,0,0,0,0,0,FALSE,FALSE,1,1,,,,,,,,,,,,,,,,,,,,,,,,,,,,,,,,,,,,,,,,,,,,,,,,,,,,,,,,,,,,,,,,,,,,,,,,,,,,,,,,,,,,,,,,,,,,,,,,,,,,,,,,,,,,,,,,,,,,,,,,,,,,,,,,,,,,,,,,,,,,,,,,,,,,,,,,,,,,,,,,,,,,,,,,,,,,,,,,,,,,,,,,,,,,,,,,,,,,,,,,,,,,,,,,,,,,,,,,,,,,,,,,,,,,,,,,,,,,,,,,,,,,,,,,,,,,,,,,,,,,,,,,,,,,,,,,,,,,,,,,,,,,,,,,,,,,,,,,,,,,,,,,,,,,,,,,,,,,,,,,,,,,,,,,,,,,,,,,,,,,,,,,,,,,,,,,,,,,
379,6jm3rtyo,,0,0,12,,,,0,,,0.0,,,,,,,,,,,,,,519akakd,,,,,0,Experiment_2_Skewness_Preference,https://app.prolific.com/submissions/complete?cc=C1BTHULB,0.0,1.0,379,,0.0,,1,1,379,,0.0,,,,,,,,,,,,,,,1,1,379,,0.0,,,,,,,,,,1,1,379,,0.0,0,0,0,0,0,0,0,0,0,FALSE,FALSE,1,1,,,,,,,,,,,,,,,,,,,,,,,,,,,,,,,,,,,,,,,,,,,,,,,,,,,,,,,,,,,,,,,,,,,,,,,,,,,,,,,,,,,,,,,,,,,,,,,,,,,,,,,,,,,,,,,,,,,,,,,,,,,,,,,,,,,,,,,,,,,,,,,,,,,,,,,,,,,,,,,,,,,,,,,,,,,,,,,,,,,,,,,,,,,,,,,,,,,,,,,,,,,,,,,,,,,,,,,,,,,,,,,,,,,,,,,,,,,,,,,,,,,,,,,,,,,,,,,,,,,,,,,,,,,,,,,,,,,,,,,,,,,,,,,,,,,,,,,,,,,,,,,,,,,,,,,,,,,,,,,,,,,,,,,,,,,,,,,,,,,,,,,,,,,,,,,,,,,,
380,rob04s21,,0,0,12,,,,0,,,0.0,,,,,,,,,,,,,,519akakd,,,,,0,Experiment_2_Skewness_Preference,https://app.prolific.com/submissions/complete?cc=C1BTHULB,0.0,1.0,380,,0.0,,1,1,380,,0.0,,,,,,,,,,,,,,,1,1,380,,0.0,,,,,,,,,,1,1,380,,0.0,0,0,0,0,0,0,0,0,0,FALSE,FALSE,1,1,,,,,,,,,,,,,,,,,,,,,,,,,,,,,,,,,,,,,,,,,,,,,,,,,,,,,,,,,,,,,,,,,,,,,,,,,,,,,,,,,,,,,,,,,,,,,,,,,,,,,,,,,,,,,,,,,,,,,,,,,,,,,,,,,,,,,,,,,,,,,,,,,,,,,,,,,,,,,,,,,,,,,,,,,,,,,,,,,,,,,,,,,,,,,,,,,,,,,,,,,,,,,,,,,,,,,,,,,,,,,,,,,,,,,,,,,,,,,,,,,,,,,,,,,,,,,,,,,,,,,,,,,,,,,,,,,,,,,,,,,,,,,,,,,,,,,,,,,,,,,,,,,,,,,,,,,,,,,,,,,,,,,,,,,,,,,,,,,,,,,,,,,,,,,,,,,,,,
381,fkhvwx9x,,0,0,12,,,,0,,,0.0,,,,,,,,,,,,,,519akakd,,,,,0,Experiment_2_Skewness_Preference,https://app.prolific.com/submissions/complete?cc=C1BTHULB,0.0,1.0,381,,0.0,,1,1,381,,0.0,,,,,,,,,,,,,,,1,1,381,,0.0,,,,,,,,,,1,1,381,,0.0,0,0,0,0,0,0,0,0,0,FALSE,FALSE,1,1,,,,,,,,,,,,,,,,,,,,,,,,,,,,,,,,,,,,,,,,,,,,,,,,,,,,,,,,,,,,,,,,,,,,,,,,,,,,,,,,,,,,,,,,,,,,,,,,,,,,,,,,,,,,,,,,,,,,,,,,,,,,,,,,,,,,,,,,,,,,,,,,,,,,,,,,,,,,,,,,,,,,,,,,,,,,,,,,,,,,,,,,,,,,,,,,,,,,,,,,,,,,,,,,,,,,,,,,,,,,,,,,,,,,,,,,,,,,,,,,,,,,,,,,,,,,,,,,,,,,,,,,,,,,,,,,,,,,,,,,,,,,,,,,,,,,,,,,,,,,,,,,,,,,,,,,,,,,,,,,,,,,,,,,,,,,,,,,,,,,,,,,,,,,,,,,,,,,
382,mqy5sfp7,,0,0,12,,,,0,,,0.0,,,,,,,,,,,,,,519akakd,,,,,0,Experiment_2_Skewness_Preference,https://app.prolific.com/submissions/complete?cc=C1BTHULB,0.0,1.0,382,,0.0,,1,1,382,,0.0,,,,,,,,,,,,,,,1,1,382,,0.0,,,,,,,,,,1,1,382,,0.0,0,0,0,0,0,0,0,0,0,FALSE,FALSE,1,1,,,,,,,,,,,,,,,,,,,,,,,,,,,,,,,,,,,,,,,,,,,,,,,,,,,,,,,,,,,,,,,,,,,,,,,,,,,,,,,,,,,,,,,,,,,,,,,,,,,,,,,,,,,,,,,,,,,,,,,,,,,,,,,,,,,,,,,,,,,,,,,,,,,,,,,,,,,,,,,,,,,,,,,,,,,,,,,,,,,,,,,,,,,,,,,,,,,,,,,,,,,,,,,,,,,,,,,,,,,,,,,,,,,,,,,,,,,,,,,,,,,,,,,,,,,,,,,,,,,,,,,,,,,,,,,,,,,,,,,,,,,,,,,,,,,,,,,,,,,,,,,,,,,,,,,,,,,,,,,,,,,,,,,,,,,,,,,,,,,,,,,,,,,,,,,,,,,,
383,de905jai,,0,0,12,,,,0,,,0.0,,,,,,,,,,,,,,519akakd,,,,,0,Experiment_2_Skewness_Preference,https://app.prolific.com/submissions/complete?cc=C1BTHULB,0.0,1.0,383,,0.0,,1,1,383,,0.0,,,,,,,,,,,,,,,1,1,383,,0.0,,,,,,,,,,1,1,383,,0.0,0,0,0,0,0,0,0,0,0,FALSE,FALSE,1,1,,,,,,,,,,,,,,,,,,,,,,,,,,,,,,,,,,,,,,,,,,,,,,,,,,,,,,,,,,,,,,,,,,,,,,,,,,,,,,,,,,,,,,,,,,,,,,,,,,,,,,,,,,,,,,,,,,,,,,,,,,,,,,,,,,,,,,,,,,,,,,,,,,,,,,,,,,,,,,,,,,,,,,,,,,,,,,,,,,,,,,,,,,,,,,,,,,,,,,,,,,,,,,,,,,,,,,,,,,,,,,,,,,,,,,,,,,,,,,,,,,,,,,,,,,,,,,,,,,,,,,,,,,,,,,,,,,,,,,,,,,,,,,,,,,,,,,,,,,,,,,,,,,,,,,,,,,,,,,,,,,,,,,,,,,,,,,,,,,,,,,,,,,,,,,,,,,,,
384,vjxjv2os,,0,0,12,,,,0,,,0.0,,,,,,,,,,,,,,519akakd,,,,,0,Experiment_2_Skewness_Preference,https://app.prolific.com/submissions/complete?cc=C1BTHULB,0.0,1.0,384,,0.0,,1,1,384,,0.0,,,,,,,,,,,,,,,1,1,384,,0.0,,,,,,,,,,1,1,384,,0.0,0,0,0,0,0,0,0,0,0,FALSE,FALSE,1,1,,,,,,,,,,,,,,,,,,,,,,,,,,,,,,,,,,,,,,,,,,,,,,,,,,,,,,,,,,,,,,,,,,,,,,,,,,,,,,,,,,,,,,,,,,,,,,,,,,,,,,,,,,,,,,,,,,,,,,,,,,,,,,,,,,,,,,,,,,,,,,,,,,,,,,,,,,,,,,,,,,,,,,,,,,,,,,,,,,,,,,,,,,,,,,,,,,,,,,,,,,,,,,,,,,,,,,,,,,,,,,,,,,,,,,,,,,,,,,,,,,,,,,,,,,,,,,,,,,,,,,,,,,,,,,,,,,,,,,,,,,,,,,,,,,,,,,,,,,,,,,,,,,,,,,,,,,,,,,,,,,,,,,,,,,,,,,,,,,,,,,,,,,,,,,,,,,,,
385,1nex4fzl,,0,0,12,,,,0,,,0.0,,,,,,,,,,,,,,519akakd,,,,,0,Experiment_2_Skewness_Preference,https://app.prolific.com/submissions/complete?cc=C1BTHULB,0.0,1.0,385,,0.0,,1,1,385,,0.0,,,,,,,,,,,,,,,1,1,385,,0.0,,,,,,,,,,1,1,385,,0.0,0,0,0,0,0,0,0,0,0,FALSE,FALSE,1,1,,,,,,,,,,,,,,,,,,,,,,,,,,,,,,,,,,,,,,,,,,,,,,,,,,,,,,,,,,,,,,,,,,,,,,,,,,,,,,,,,,,,,,,,,,,,,,,,,,,,,,,,,,,,,,,,,,,,,,,,,,,,,,,,,,,,,,,,,,,,,,,,,,,,,,,,,,,,,,,,,,,,,,,,,,,,,,,,,,,,,,,,,,,,,,,,,,,,,,,,,,,,,,,,,,,,,,,,,,,,,,,,,,,,,,,,,,,,,,,,,,,,,,,,,,,,,,,,,,,,,,,,,,,,,,,,,,,,,,,,,,,,,,,,,,,,,,,,,,,,,,,,,,,,,,,,,,,,,,,,,,,,,,,,,,,,,,,,,,,,,,,,,,,,,,,,,,,,
386,8p9jvaf7,,0,0,12,,,,0,,,0.0,,,,,,,,,,,,,,519akakd,,,,,0,Experiment_2_Skewness_Preference,https://app.prolific.com/submissions/complete?cc=C1BTHULB,0.0,1.0,386,,0.0,,1,1,386,,0.0,,,,,,,,,,,,,,,1,1,386,,0.0,,,,,,,,,,1,1,386,,0.0,0,0,0,0,0,0,0,0,0,FALSE,FALSE,1,1,,,,,,,,,,,,,,,,,,,,,,,,,,,,,,,,,,,,,,,,,,,,,,,,,,,,,,,,,,,,,,,,,,,,,,,,,,,,,,,,,,,,,,,,,,,,,,,,,,,,,,,,,,,,,,,,,,,,,,,,,,,,,,,,,,,,,,,,,,,,,,,,,,,,,,,,,,,,,,,,,,,,,,,,,,,,,,,,,,,,,,,,,,,,,,,,,,,,,,,,,,,,,,,,,,,,,,,,,,,,,,,,,,,,,,,,,,,,,,,,,,,,,,,,,,,,,,,,,,,,,,,,,,,,,,,,,,,,,,,,,,,,,,,,,,,,,,,,,,,,,,,,,,,,,,,,,,,,,,,,,,,,,,,,,,,,,,,,,,,,,,,,,,,,,,,,,,,,
387,z2i4ma92,,0,0,12,,,,0,,,0.0,,,,,,,,,,,,,,519akakd,,,,,0,Experiment_2_Skewness_Preference,https://app.prolific.com/submissions/complete?cc=C1BTHULB,0.0,1.0,387,,0.0,,1,1,387,,0.0,,,,,,,,,,,,,,,1,1,387,,0.0,,,,,,,,,,1,1,387,,0.0,0,0,0,0,0,0,0,0,0,FALSE,FALSE,1,1,,,,,,,,,,,,,,,,,,,,,,,,,,,,,,,,,,,,,,,,,,,,,,,,,,,,,,,,,,,,,,,,,,,,,,,,,,,,,,,,,,,,,,,,,,,,,,,,,,,,,,,,,,,,,,,,,,,,,,,,,,,,,,,,,,,,,,,,,,,,,,,,,,,,,,,,,,,,,,,,,,,,,,,,,,,,,,,,,,,,,,,,,,,,,,,,,,,,,,,,,,,,,,,,,,,,,,,,,,,,,,,,,,,,,,,,,,,,,,,,,,,,,,,,,,,,,,,,,,,,,,,,,,,,,,,,,,,,,,,,,,,,,,,,,,,,,,,,,,,,,,,,,,,,,,,,,,,,,,,,,,,,,,,,,,,,,,,,,,,,,,,,,,,,,,,,,,,,
388,0epw7lga,,0,0,12,,,,0,,,0.0,,,,,,,,,,,,,,519akakd,,,,,0,Experiment_2_Skewness_Preference,https://app.prolific.com/submissions/complete?cc=C1BTHULB,0.0,1.0,388,,0.0,,1,1,388,,0.0,,,,,,,,,,,,,,,1,1,388,,0.0,,,,,,,,,,1,1,388,,0.0,0,0,0,0,0,0,0,0,0,FALSE,FALSE,1,1,,,,,,,,,,,,,,,,,,,,,,,,,,,,,,,,,,,,,,,,,,,,,,,,,,,,,,,,,,,,,,,,,,,,,,,,,,,,,,,,,,,,,,,,,,,,,,,,,,,,,,,,,,,,,,,,,,,,,,,,,,,,,,,,,,,,,,,,,,,,,,,,,,,,,,,,,,,,,,,,,,,,,,,,,,,,,,,,,,,,,,,,,,,,,,,,,,,,,,,,,,,,,,,,,,,,,,,,,,,,,,,,,,,,,,,,,,,,,,,,,,,,,,,,,,,,,,,,,,,,,,,,,,,,,,,,,,,,,,,,,,,,,,,,,,,,,,,,,,,,,,,,,,,,,,,,,,,,,,,,,,,,,,,,,,,,,,,,,,,,,,,,,,,,,,,,,,,,
389,vbrrufmc,,0,0,12,,,,0,,,0.0,,,,,,,,,,,,,,519akakd,,,,,0,Experiment_2_Skewness_Preference,https://app.prolific.com/submissions/complete?cc=C1BTHULB,0.0,1.0,389,,0.0,,1,1,389,,0.0,,,,,,,,,,,,,,,1,1,389,,0.0,,,,,,,,,,1,1,389,,0.0,0,0,0,0,0,0,0,0,0,FALSE,FALSE,1,1,,,,,,,,,,,,,,,,,,,,,,,,,,,,,,,,,,,,,,,,,,,,,,,,,,,,,,,,,,,,,,,,,,,,,,,,,,,,,,,,,,,,,,,,,,,,,,,,,,,,,,,,,,,,,,,,,,,,,,,,,,,,,,,,,,,,,,,,,,,,,,,,,,,,,,,,,,,,,,,,,,,,,,,,,,,,,,,,,,,,,,,,,,,,,,,,,,,,,,,,,,,,,,,,,,,,,,,,,,,,,,,,,,,,,,,,,,,,,,,,,,,,,,,,,,,,,,,,,,,,,,,,,,,,,,,,,,,,,,,,,,,,,,,,,,,,,,,,,,,,,,,,,,,,,,,,,,,,,,,,,,,,,,,,,,,,,,,,,,,,,,,,,,,,,,,,,,,,
390,eti2vt87,,0,0,12,,,,0,,,0.0,,,,,,,,,,,,,,519akakd,,,,,0,Experiment_2_Skewness_Preference,https://app.prolific.com/submissions/complete?cc=C1BTHULB,0.0,1.0,390,,0.0,,1,1,390,,0.0,,,,,,,,,,,,,,,1,1,390,,0.0,,,,,,,,,,1,1,390,,0.0,0,0,0,0,0,0,0,0,0,FALSE,FALSE,1,1,,,,,,,,,,,,,,,,,,,,,,,,,,,,,,,,,,,,,,,,,,,,,,,,,,,,,,,,,,,,,,,,,,,,,,,,,,,,,,,,,,,,,,,,,,,,,,,,,,,,,,,,,,,,,,,,,,,,,,,,,,,,,,,,,,,,,,,,,,,,,,,,,,,,,,,,,,,,,,,,,,,,,,,,,,,,,,,,,,,,,,,,,,,,,,,,,,,,,,,,,,,,,,,,,,,,,,,,,,,,,,,,,,,,,,,,,,,,,,,,,,,,,,,,,,,,,,,,,,,,,,,,,,,,,,,,,,,,,,,,,,,,,,,,,,,,,,,,,,,,,,,,,,,,,,,,,,,,,,,,,,,,,,,,,,,,,,,,,,,,,,,,,,,,,,,,,,,,
391,ft4cfc0n,,0,0,12,,,,0,,,0.0,,,,,,,,,,,,,,519akakd,,,,,0,Experiment_2_Skewness_Preference,https://app.prolific.com/submissions/complete?cc=C1BTHULB,0.0,1.0,391,,0.0,,1,1,391,,0.0,,,,,,,,,,,,,,,1,1,391,,0.0,,,,,,,,,,1,1,391,,0.0,0,0,0,0,0,0,0,0,0,FALSE,FALSE,1,1,,,,,,,,,,,,,,,,,,,,,,,,,,,,,,,,,,,,,,,,,,,,,,,,,,,,,,,,,,,,,,,,,,,,,,,,,,,,,,,,,,,,,,,,,,,,,,,,,,,,,,,,,,,,,,,,,,,,,,,,,,,,,,,,,,,,,,,,,,,,,,,,,,,,,,,,,,,,,,,,,,,,,,,,,,,,,,,,,,,,,,,,,,,,,,,,,,,,,,,,,,,,,,,,,,,,,,,,,,,,,,,,,,,,,,,,,,,,,,,,,,,,,,,,,,,,,,,,,,,,,,,,,,,,,,,,,,,,,,,,,,,,,,,,,,,,,,,,,,,,,,,,,,,,,,,,,,,,,,,,,,,,,,,,,,,,,,,,,,,,,,,,,,,,,,,,,,,,
392,ybu0uwys,,0,0,12,,,,0,,,0.0,,,,,,,,,,,,,,519akakd,,,,,0,Experiment_2_Skewness_Preference,https://app.prolific.com/submissions/complete?cc=C1BTHULB,0.0,1.0,392,,0.0,,1,1,392,,0.0,,,,,,,,,,,,,,,1,1,392,,0.0,,,,,,,,,,1,1,392,,0.0,0,0,0,0,0,0,0,0,0,FALSE,FALSE,1,1,,,,,,,,,,,,,,,,,,,,,,,,,,,,,,,,,,,,,,,,,,,,,,,,,,,,,,,,,,,,,,,,,,,,,,,,,,,,,,,,,,,,,,,,,,,,,,,,,,,,,,,,,,,,,,,,,,,,,,,,,,,,,,,,,,,,,,,,,,,,,,,,,,,,,,,,,,,,,,,,,,,,,,,,,,,,,,,,,,,,,,,,,,,,,,,,,,,,,,,,,,,,,,,,,,,,,,,,,,,,,,,,,,,,,,,,,,,,,,,,,,,,,,,,,,,,,,,,,,,,,,,,,,,,,,,,,,,,,,,,,,,,,,,,,,,,,,,,,,,,,,,,,,,,,,,,,,,,,,,,,,,,,,,,,,,,,,,,,,,,,,,,,,,,,,,,,,,,
393,s1abab7f,,0,0,12,,,,0,,,0.0,,,,,,,,,,,,,,519akakd,,,,,0,Experiment_2_Skewness_Preference,https://app.prolific.com/submissions/complete?cc=C1BTHULB,0.0,1.0,393,,0.0,,1,1,393,,0.0,,,,,,,,,,,,,,,1,1,393,,0.0,,,,,,,,,,1,1,393,,0.0,0,0,0,0,0,0,0,0,0,FALSE,FALSE,1,1,,,,,,,,,,,,,,,,,,,,,,,,,,,,,,,,,,,,,,,,,,,,,,,,,,,,,,,,,,,,,,,,,,,,,,,,,,,,,,,,,,,,,,,,,,,,,,,,,,,,,,,,,,,,,,,,,,,,,,,,,,,,,,,,,,,,,,,,,,,,,,,,,,,,,,,,,,,,,,,,,,,,,,,,,,,,,,,,,,,,,,,,,,,,,,,,,,,,,,,,,,,,,,,,,,,,,,,,,,,,,,,,,,,,,,,,,,,,,,,,,,,,,,,,,,,,,,,,,,,,,,,,,,,,,,,,,,,,,,,,,,,,,,,,,,,,,,,,,,,,,,,,,,,,,,,,,,,,,,,,,,,,,,,,,,,,,,,,,,,,,,,,,,,,,,,,,,,,
394,51wr9a4h,,0,0,12,,,,0,,,0.0,,,,,,,,,,,,,,519akakd,,,,,0,Experiment_2_Skewness_Preference,https://app.prolific.com/submissions/complete?cc=C1BTHULB,0.0,1.0,394,,0.0,,1,1,394,,0.0,,,,,,,,,,,,,,,1,1,394,,0.0,,,,,,,,,,1,1,394,,0.0,0,0,0,0,0,0,0,0,0,FALSE,FALSE,1,1,,,,,,,,,,,,,,,,,,,,,,,,,,,,,,,,,,,,,,,,,,,,,,,,,,,,,,,,,,,,,,,,,,,,,,,,,,,,,,,,,,,,,,,,,,,,,,,,,,,,,,,,,,,,,,,,,,,,,,,,,,,,,,,,,,,,,,,,,,,,,,,,,,,,,,,,,,,,,,,,,,,,,,,,,,,,,,,,,,,,,,,,,,,,,,,,,,,,,,,,,,,,,,,,,,,,,,,,,,,,,,,,,,,,,,,,,,,,,,,,,,,,,,,,,,,,,,,,,,,,,,,,,,,,,,,,,,,,,,,,,,,,,,,,,,,,,,,,,,,,,,,,,,,,,,,,,,,,,,,,,,,,,,,,,,,,,,,,,,,,,,,,,,,,,,,,,,,,
395,tsz00g5x,,0,0,12,,,,0,,,0.0,,,,,,,,,,,,,,519akakd,,,,,0,Experiment_2_Skewness_Preference,https://app.prolific.com/submissions/complete?cc=C1BTHULB,0.0,1.0,395,,0.0,,1,1,395,,0.0,,,,,,,,,,,,,,,1,1,395,,0.0,,,,,,,,,,1,1,395,,0.0,0,0,0,0,0,0,0,0,0,FALSE,FALSE,1,1,,,,,,,,,,,,,,,,,,,,,,,,,,,,,,,,,,,,,,,,,,,,,,,,,,,,,,,,,,,,,,,,,,,,,,,,,,,,,,,,,,,,,,,,,,,,,,,,,,,,,,,,,,,,,,,,,,,,,,,,,,,,,,,,,,,,,,,,,,,,,,,,,,,,,,,,,,,,,,,,,,,,,,,,,,,,,,,,,,,,,,,,,,,,,,,,,,,,,,,,,,,,,,,,,,,,,,,,,,,,,,,,,,,,,,,,,,,,,,,,,,,,,,,,,,,,,,,,,,,,,,,,,,,,,,,,,,,,,,,,,,,,,,,,,,,,,,,,,,,,,,,,,,,,,,,,,,,,,,,,,,,,,,,,,,,,,,,,,,,,,,,,,,,,,,,,,,,,
396,cke76o33,,0,0,12,,,,0,,,0.0,,,,,,,,,,,,,,519akakd,,,,,0,Experiment_2_Skewness_Preference,https://app.prolific.com/submissions/complete?cc=C1BTHULB,0.0,1.0,396,,0.0,,1,1,396,,0.0,,,,,,,,,,,,,,,1,1,396,,0.0,,,,,,,,,,1,1,396,,0.0,0,0,0,0,0,0,0,0,0,FALSE,FALSE,1,1,,,,,,,,,,,,,,,,,,,,,,,,,,,,,,,,,,,,,,,,,,,,,,,,,,,,,,,,,,,,,,,,,,,,,,,,,,,,,,,,,,,,,,,,,,,,,,,,,,,,,,,,,,,,,,,,,,,,,,,,,,,,,,,,,,,,,,,,,,,,,,,,,,,,,,,,,,,,,,,,,,,,,,,,,,,,,,,,,,,,,,,,,,,,,,,,,,,,,,,,,,,,,,,,,,,,,,,,,,,,,,,,,,,,,,,,,,,,,,,,,,,,,,,,,,,,,,,,,,,,,,,,,,,,,,,,,,,,,,,,,,,,,,,,,,,,,,,,,,,,,,,,,,,,,,,,,,,,,,,,,,,,,,,,,,,,,,,,,,,,,,,,,,,,,,,,,,,,
397,8y0jcrg7,,0,0,12,,,,0,,,0.0,,,,,,,,,,,,,,519akakd,,,,,0,Experiment_2_Skewness_Preference,https://app.prolific.com/submissions/complete?cc=C1BTHULB,0.0,1.0,397,,0.0,,1,1,397,,0.0,,,,,,,,,,,,,,,1,1,397,,0.0,,,,,,,,,,1,1,397,,0.0,0,0,0,0,0,0,0,0,0,FALSE,FALSE,1,1,,,,,,,,,,,,,,,,,,,,,,,,,,,,,,,,,,,,,,,,,,,,,,,,,,,,,,,,,,,,,,,,,,,,,,,,,,,,,,,,,,,,,,,,,,,,,,,,,,,,,,,,,,,,,,,,,,,,,,,,,,,,,,,,,,,,,,,,,,,,,,,,,,,,,,,,,,,,,,,,,,,,,,,,,,,,,,,,,,,,,,,,,,,,,,,,,,,,,,,,,,,,,,,,,,,,,,,,,,,,,,,,,,,,,,,,,,,,,,,,,,,,,,,,,,,,,,,,,,,,,,,,,,,,,,,,,,,,,,,,,,,,,,,,,,,,,,,,,,,,,,,,,,,,,,,,,,,,,,,,,,,,,,,,,,,,,,,,,,,,,,,,,,,,,,,,,,,,
398,9s709usp,,0,0,12,,,,0,,,0.0,,,,,,,,,,,,,,519akakd,,,,,0,Experiment_2_Skewness_Preference,https://app.prolific.com/submissions/complete?cc=C1BTHULB,0.0,1.0,398,,0.0,,1,1,398,,0.0,,,,,,,,,,,,,,,1,1,398,,0.0,,,,,,,,,,1,1,398,,0.0,0,0,0,0,0,0,0,0,0,FALSE,FALSE,1,1,,,,,,,,,,,,,,,,,,,,,,,,,,,,,,,,,,,,,,,,,,,,,,,,,,,,,,,,,,,,,,,,,,,,,,,,,,,,,,,,,,,,,,,,,,,,,,,,,,,,,,,,,,,,,,,,,,,,,,,,,,,,,,,,,,,,,,,,,,,,,,,,,,,,,,,,,,,,,,,,,,,,,,,,,,,,,,,,,,,,,,,,,,,,,,,,,,,,,,,,,,,,,,,,,,,,,,,,,,,,,,,,,,,,,,,,,,,,,,,,,,,,,,,,,,,,,,,,,,,,,,,,,,,,,,,,,,,,,,,,,,,,,,,,,,,,,,,,,,,,,,,,,,,,,,,,,,,,,,,,,,,,,,,,,,,,,,,,,,,,,,,,,,,,,,,,,,,,
399,39wkb0h1,,0,0,12,,,,0,,,0.0,,,,,,,,,,,,,,519akakd,,,,,0,Experiment_2_Skewness_Preference,https://app.prolific.com/submissions/complete?cc=C1BTHULB,0.0,1.0,399,,0.0,,1,1,399,,0.0,,,,,,,,,,,,,,,1,1,399,,0.0,,,,,,,,,,1,1,399,,0.0,0,0,0,0,0,0,0,0,0,FALSE,FALSE,1,1,,,,,,,,,,,,,,,,,,,,,,,,,,,,,,,,,,,,,,,,,,,,,,,,,,,,,,,,,,,,,,,,,,,,,,,,,,,,,,,,,,,,,,,,,,,,,,,,,,,,,,,,,,,,,,,,,,,,,,,,,,,,,,,,,,,,,,,,,,,,,,,,,,,,,,,,,,,,,,,,,,,,,,,,,,,,,,,,,,,,,,,,,,,,,,,,,,,,,,,,,,,,,,,,,,,,,,,,,,,,,,,,,,,,,,,,,,,,,,,,,,,,,,,,,,,,,,,,,,,,,,,,,,,,,,,,,,,,,,,,,,,,,,,,,,,,,,,,,,,,,,,,,,,,,,,,,,,,,,,,,,,,,,,,,,,,,,,,,,,,,,,,,,,,,,,,,,,,
400,enpiii7s,,0,0,12,,,,0,,,0.0,,,,,,,,,,,,,,519akakd,,,,,0,Experiment_2_Skewness_Preference,https://app.prolific.com/submissions/complete?cc=C1BTHULB,0.0,1.0,400,,0.0,,1,1,400,,0.0,,,,,,,,,,,,,,,1,1,400,,0.0,,,,,,,,,,1,1,400,,0.0,0,0,0,0,0,0,0,0,0,FALSE,FALSE,1,1,,,,,,,,,,,,,,,,,,,,,,,,,,,,,,,,,,,,,,,,,,,,,,,,,,,,,,,,,,,,,,,,,,,,,,,,,,,,,,,,,,,,,,,,,,,,,,,,,,,,,,,,,,,,,,,,,,,,,,,,,,,,,,,,,,,,,,,,,,,,,,,,,,,,,,,,,,,,,,,,,,,,,,,,,,,,,,,,,,,,,,,,,,,,,,,,,,,,,,,,,,,,,,,,,,,,,,,,,,,,,,,,,,,,,,,,,,,,,,,,,,,,,,,,,,,,,,,,,,,,,,,,,,,,,,,,,,,,,,,,,,,,,,,,,,,,,,,,,,,,,,,,,,,,,,,,,,,,,,,,,,,,,,,,,,,,,,,,,,,,,,,,,,,,,,,,,,,,
401,hcwr039m,,0,0,12,,,,0,,,0.0,,,,,,,,,,,,,,519akakd,,,,,0,Experiment_2_Skewness_Preference,https://app.prolific.com/submissions/complete?cc=C1BTHULB,0.0,1.0,401,,0.0,,1,1,401,,0.0,,,,,,,,,,,,,,,1,1,401,,0.0,,,,,,,,,,1,1,401,,0.0,0,0,0,0,0,0,0,0,0,FALSE,FALSE,1,1,,,,,,,,,,,,,,,,,,,,,,,,,,,,,,,,,,,,,,,,,,,,,,,,,,,,,,,,,,,,,,,,,,,,,,,,,,,,,,,,,,,,,,,,,,,,,,,,,,,,,,,,,,,,,,,,,,,,,,,,,,,,,,,,,,,,,,,,,,,,,,,,,,,,,,,,,,,,,,,,,,,,,,,,,,,,,,,,,,,,,,,,,,,,,,,,,,,,,,,,,,,,,,,,,,,,,,,,,,,,,,,,,,,,,,,,,,,,,,,,,,,,,,,,,,,,,,,,,,,,,,,,,,,,,,,,,,,,,,,,,,,,,,,,,,,,,,,,,,,,,,,,,,,,,,,,,,,,,,,,,,,,,,,,,,,,,,,,,,,,,,,,,,,,,,,,,,,,
402,0wj44qy3,,0,0,12,,,,0,,,0.0,,,,,,,,,,,,,,519akakd,,,,,0,Experiment_2_Skewness_Preference,https://app.prolific.com/submissions/complete?cc=C1BTHULB,0.0,1.0,402,,0.0,,1,1,402,,0.0,,,,,,,,,,,,,,,1,1,402,,0.0,,,,,,,,,,1,1,402,,0.0,0,0,0,0,0,0,0,0,0,FALSE,FALSE,1,1,,,,,,,,,,,,,,,,,,,,,,,,,,,,,,,,,,,,,,,,,,,,,,,,,,,,,,,,,,,,,,,,,,,,,,,,,,,,,,,,,,,,,,,,,,,,,,,,,,,,,,,,,,,,,,,,,,,,,,,,,,,,,,,,,,,,,,,,,,,,,,,,,,,,,,,,,,,,,,,,,,,,,,,,,,,,,,,,,,,,,,,,,,,,,,,,,,,,,,,,,,,,,,,,,,,,,,,,,,,,,,,,,,,,,,,,,,,,,,,,,,,,,,,,,,,,,,,,,,,,,,,,,,,,,,,,,,,,,,,,,,,,,,,,,,,,,,,,,,,,,,,,,,,,,,,,,,,,,,,,,,,,,,,,,,,,,,,,,,,,,,,,,,,,,,,,,,,,
403,xrct2g5w,,0,0,12,,,,0,,,0.0,,,,,,,,,,,,,,519akakd,,,,,0,Experiment_2_Skewness_Preference,https://app.prolific.com/submissions/complete?cc=C1BTHULB,0.0,1.0,403,,0.0,,1,1,403,,0.0,,,,,,,,,,,,,,,1,1,403,,0.0,,,,,,,,,,1,1,403,,0.0,0,0,0,0,0,0,0,0,0,FALSE,FALSE,1,1,,,,,,,,,,,,,,,,,,,,,,,,,,,,,,,,,,,,,,,,,,,,,,,,,,,,,,,,,,,,,,,,,,,,,,,,,,,,,,,,,,,,,,,,,,,,,,,,,,,,,,,,,,,,,,,,,,,,,,,,,,,,,,,,,,,,,,,,,,,,,,,,,,,,,,,,,,,,,,,,,,,,,,,,,,,,,,,,,,,,,,,,,,,,,,,,,,,,,,,,,,,,,,,,,,,,,,,,,,,,,,,,,,,,,,,,,,,,,,,,,,,,,,,,,,,,,,,,,,,,,,,,,,,,,,,,,,,,,,,,,,,,,,,,,,,,,,,,,,,,,,,,,,,,,,,,,,,,,,,,,,,,,,,,,,,,,,,,,,,,,,,,,,,,,,,,,,,,
404,8xj59ajt,,0,0,12,,,,0,,,0.0,,,,,,,,,,,,,,519akakd,,,,,0,Experiment_2_Skewness_Preference,https://app.prolific.com/submissions/complete?cc=C1BTHULB,0.0,1.0,404,,0.0,,1,1,404,,0.0,,,,,,,,,,,,,,,1,1,404,,0.0,,,,,,,,,,1,1,404,,0.0,0,0,0,0,0,0,0,0,0,FALSE,FALSE,1,1,,,,,,,,,,,,,,,,,,,,,,,,,,,,,,,,,,,,,,,,,,,,,,,,,,,,,,,,,,,,,,,,,,,,,,,,,,,,,,,,,,,,,,,,,,,,,,,,,,,,,,,,,,,,,,,,,,,,,,,,,,,,,,,,,,,,,,,,,,,,,,,,,,,,,,,,,,,,,,,,,,,,,,,,,,,,,,,,,,,,,,,,,,,,,,,,,,,,,,,,,,,,,,,,,,,,,,,,,,,,,,,,,,,,,,,,,,,,,,,,,,,,,,,,,,,,,,,,,,,,,,,,,,,,,,,,,,,,,,,,,,,,,,,,,,,,,,,,,,,,,,,,,,,,,,,,,,,,,,,,,,,,,,,,,,,,,,,,,,,,,,,,,,,,,,,,,,,,
405,r7yxkb9r,,0,0,12,,,,0,,,0.0,,,,,,,,,,,,,,519akakd,,,,,0,Experiment_2_Skewness_Preference,https://app.prolific.com/submissions/complete?cc=C1BTHULB,0.0,1.0,405,,0.0,,1,1,405,,0.0,,,,,,,,,,,,,,,1,1,405,,0.0,,,,,,,,,,1,1,405,,0.0,0,0,0,0,0,0,0,0,0,FALSE,FALSE,1,1,,,,,,,,,,,,,,,,,,,,,,,,,,,,,,,,,,,,,,,,,,,,,,,,,,,,,,,,,,,,,,,,,,,,,,,,,,,,,,,,,,,,,,,,,,,,,,,,,,,,,,,,,,,,,,,,,,,,,,,,,,,,,,,,,,,,,,,,,,,,,,,,,,,,,,,,,,,,,,,,,,,,,,,,,,,,,,,,,,,,,,,,,,,,,,,,,,,,,,,,,,,,,,,,,,,,,,,,,,,,,,,,,,,,,,,,,,,,,,,,,,,,,,,,,,,,,,,,,,,,,,,,,,,,,,,,,,,,,,,,,,,,,,,,,,,,,,,,,,,,,,,,,,,,,,,,,,,,,,,,,,,,,,,,,,,,,,,,,,,,,,,,,,,,,,,,,,,,
406,ue7gmsk6,,0,0,12,,,,0,,,0.0,,,,,,,,,,,,,,519akakd,,,,,0,Experiment_2_Skewness_Preference,https://app.prolific.com/submissions/complete?cc=C1BTHULB,0.0,1.0,406,,0.0,,1,1,406,,0.0,,,,,,,,,,,,,,,1,1,406,,0.0,,,,,,,,,,1,1,406,,0.0,0,0,0,0,0,0,0,0,0,FALSE,FALSE,1,1,,,,,,,,,,,,,,,,,,,,,,,,,,,,,,,,,,,,,,,,,,,,,,,,,,,,,,,,,,,,,,,,,,,,,,,,,,,,,,,,,,,,,,,,,,,,,,,,,,,,,,,,,,,,,,,,,,,,,,,,,,,,,,,,,,,,,,,,,,,,,,,,,,,,,,,,,,,,,,,,,,,,,,,,,,,,,,,,,,,,,,,,,,,,,,,,,,,,,,,,,,,,,,,,,,,,,,,,,,,,,,,,,,,,,,,,,,,,,,,,,,,,,,,,,,,,,,,,,,,,,,,,,,,,,,,,,,,,,,,,,,,,,,,,,,,,,,,,,,,,,,,,,,,,,,,,,,,,,,,,,,,,,,,,,,,,,,,,,,,,,,,,,,,,,,,,,,,,
407,ny3xmpuk,,0,0,12,,,,0,,,0.0,,,,,,,,,,,,,,519akakd,,,,,0,Experiment_2_Skewness_Preference,https://app.prolific.com/submissions/complete?cc=C1BTHULB,0.0,1.0,407,,0.0,,1,1,407,,0.0,,,,,,,,,,,,,,,1,1,407,,0.0,,,,,,,,,,1,1,407,,0.0,0,0,0,0,0,0,0,0,0,FALSE,FALSE,1,1,,,,,,,,,,,,,,,,,,,,,,,,,,,,,,,,,,,,,,,,,,,,,,,,,,,,,,,,,,,,,,,,,,,,,,,,,,,,,,,,,,,,,,,,,,,,,,,,,,,,,,,,,,,,,,,,,,,,,,,,,,,,,,,,,,,,,,,,,,,,,,,,,,,,,,,,,,,,,,,,,,,,,,,,,,,,,,,,,,,,,,,,,,,,,,,,,,,,,,,,,,,,,,,,,,,,,,,,,,,,,,,,,,,,,,,,,,,,,,,,,,,,,,,,,,,,,,,,,,,,,,,,,,,,,,,,,,,,,,,,,,,,,,,,,,,,,,,,,,,,,,,,,,,,,,,,,,,,,,,,,,,,,,,,,,,,,,,,,,,,,,,,,,,,,,,,,,,,
408,3ajpxmuu,,0,0,12,,,,0,,,0.0,,,,,,,,,,,,,,519akakd,,,,,0,Experiment_2_Skewness_Preference,https://app.prolific.com/submissions/complete?cc=C1BTHULB,0.0,1.0,408,,0.0,,1,1,408,,0.0,,,,,,,,,,,,,,,1,1,408,,0.0,,,,,,,,,,1,1,408,,0.0,0,0,0,0,0,0,0,0,0,FALSE,FALSE,1,1,,,,,,,,,,,,,,,,,,,,,,,,,,,,,,,,,,,,,,,,,,,,,,,,,,,,,,,,,,,,,,,,,,,,,,,,,,,,,,,,,,,,,,,,,,,,,,,,,,,,,,,,,,,,,,,,,,,,,,,,,,,,,,,,,,,,,,,,,,,,,,,,,,,,,,,,,,,,,,,,,,,,,,,,,,,,,,,,,,,,,,,,,,,,,,,,,,,,,,,,,,,,,,,,,,,,,,,,,,,,,,,,,,,,,,,,,,,,,,,,,,,,,,,,,,,,,,,,,,,,,,,,,,,,,,,,,,,,,,,,,,,,,,,,,,,,,,,,,,,,,,,,,,,,,,,,,,,,,,,,,,,,,,,,,,,,,,,,,,,,,,,,,,,,,,,,,,,,
409,84nwgegi,,0,0,12,,,,0,,,0.0,,,,,,,,,,,,,,519akakd,,,,,0,Experiment_2_Skewness_Preference,https://app.prolific.com/submissions/complete?cc=C1BTHULB,0.0,1.0,409,,0.0,,1,1,409,,0.0,,,,,,,,,,,,,,,1,1,409,,0.0,,,,,,,,,,1,1,409,,0.0,0,0,0,0,0,0,0,0,0,FALSE,FALSE,1,1,,,,,,,,,,,,,,,,,,,,,,,,,,,,,,,,,,,,,,,,,,,,,,,,,,,,,,,,,,,,,,,,,,,,,,,,,,,,,,,,,,,,,,,,,,,,,,,,,,,,,,,,,,,,,,,,,,,,,,,,,,,,,,,,,,,,,,,,,,,,,,,,,,,,,,,,,,,,,,,,,,,,,,,,,,,,,,,,,,,,,,,,,,,,,,,,,,,,,,,,,,,,,,,,,,,,,,,,,,,,,,,,,,,,,,,,,,,,,,,,,,,,,,,,,,,,,,,,,,,,,,,,,,,,,,,,,,,,,,,,,,,,,,,,,,,,,,,,,,,,,,,,,,,,,,,,,,,,,,,,,,,,,,,,,,,,,,,,,,,,,,,,,,,,,,,,,,,,
410,tljddd99,,0,0,12,,,,0,,,0.0,,,,,,,,,,,,,,519akakd,,,,,0,Experiment_2_Skewness_Preference,https://app.prolific.com/submissions/complete?cc=C1BTHULB,0.0,1.0,410,,0.0,,1,1,410,,0.0,,,,,,,,,,,,,,,1,1,410,,0.0,,,,,,,,,,1,1,410,,0.0,0,0,0,0,0,0,0,0,0,FALSE,FALSE,1,1,,,,,,,,,,,,,,,,,,,,,,,,,,,,,,,,,,,,,,,,,,,,,,,,,,,,,,,,,,,,,,,,,,,,,,,,,,,,,,,,,,,,,,,,,,,,,,,,,,,,,,,,,,,,,,,,,,,,,,,,,,,,,,,,,,,,,,,,,,,,,,,,,,,,,,,,,,,,,,,,,,,,,,,,,,,,,,,,,,,,,,,,,,,,,,,,,,,,,,,,,,,,,,,,,,,,,,,,,,,,,,,,,,,,,,,,,,,,,,,,,,,,,,,,,,,,,,,,,,,,,,,,,,,,,,,,,,,,,,,,,,,,,,,,,,,,,,,,,,,,,,,,,,,,,,,,,,,,,,,,,,,,,,,,,,,,,,,,,,,,,,,,,,,,,,,,,,,,
411,truxqfry,,0,0,12,,,,0,,,0.0,,,,,,,,,,,,,,519akakd,,,,,0,Experiment_2_Skewness_Preference,https://app.prolific.com/submissions/complete?cc=C1BTHULB,0.0,1.0,411,,0.0,,1,1,411,,0.0,,,,,,,,,,,,,,,1,1,411,,0.0,,,,,,,,,,1,1,411,,0.0,0,0,0,0,0,0,0,0,0,FALSE,FALSE,1,1,,,,,,,,,,,,,,,,,,,,,,,,,,,,,,,,,,,,,,,,,,,,,,,,,,,,,,,,,,,,,,,,,,,,,,,,,,,,,,,,,,,,,,,,,,,,,,,,,,,,,,,,,,,,,,,,,,,,,,,,,,,,,,,,,,,,,,,,,,,,,,,,,,,,,,,,,,,,,,,,,,,,,,,,,,,,,,,,,,,,,,,,,,,,,,,,,,,,,,,,,,,,,,,,,,,,,,,,,,,,,,,,,,,,,,,,,,,,,,,,,,,,,,,,,,,,,,,,,,,,,,,,,,,,,,,,,,,,,,,,,,,,,,,,,,,,,,,,,,,,,,,,,,,,,,,,,,,,,,,,,,,,,,,,,,,,,,,,,,,,,,,,,,,,,,,,,,,,
412,u1z50i9m,,0,0,12,,,,0,,,0.0,,,,,,,,,,,,,,519akakd,,,,,0,Experiment_2_Skewness_Preference,https://app.prolific.com/submissions/complete?cc=C1BTHULB,0.0,1.0,412,,0.0,,1,1,412,,0.0,,,,,,,,,,,,,,,1,1,412,,0.0,,,,,,,,,,1,1,412,,0.0,0,0,0,0,0,0,0,0,0,FALSE,FALSE,1,1,,,,,,,,,,,,,,,,,,,,,,,,,,,,,,,,,,,,,,,,,,,,,,,,,,,,,,,,,,,,,,,,,,,,,,,,,,,,,,,,,,,,,,,,,,,,,,,,,,,,,,,,,,,,,,,,,,,,,,,,,,,,,,,,,,,,,,,,,,,,,,,,,,,,,,,,,,,,,,,,,,,,,,,,,,,,,,,,,,,,,,,,,,,,,,,,,,,,,,,,,,,,,,,,,,,,,,,,,,,,,,,,,,,,,,,,,,,,,,,,,,,,,,,,,,,,,,,,,,,,,,,,,,,,,,,,,,,,,,,,,,,,,,,,,,,,,,,,,,,,,,,,,,,,,,,,,,,,,,,,,,,,,,,,,,,,,,,,,,,,,,,,,,,,,,,,,,,,
413,vm5y1w0u,,0,0,12,,,,0,,,0.0,,,,,,,,,,,,,,519akakd,,,,,0,Experiment_2_Skewness_Preference,https://app.prolific.com/submissions/complete?cc=C1BTHULB,0.0,1.0,413,,0.0,,1,1,413,,0.0,,,,,,,,,,,,,,,1,1,413,,0.0,,,,,,,,,,1,1,413,,0.0,0,0,0,0,0,0,0,0,0,FALSE,FALSE,1,1,,,,,,,,,,,,,,,,,,,,,,,,,,,,,,,,,,,,,,,,,,,,,,,,,,,,,,,,,,,,,,,,,,,,,,,,,,,,,,,,,,,,,,,,,,,,,,,,,,,,,,,,,,,,,,,,,,,,,,,,,,,,,,,,,,,,,,,,,,,,,,,,,,,,,,,,,,,,,,,,,,,,,,,,,,,,,,,,,,,,,,,,,,,,,,,,,,,,,,,,,,,,,,,,,,,,,,,,,,,,,,,,,,,,,,,,,,,,,,,,,,,,,,,,,,,,,,,,,,,,,,,,,,,,,,,,,,,,,,,,,,,,,,,,,,,,,,,,,,,,,,,,,,,,,,,,,,,,,,,,,,,,,,,,,,,,,,,,,,,,,,,,,,,,,,,,,,,,
414,qb5oesef,,0,0,12,,,,0,,,0.0,,,,,,,,,,,,,,519akakd,,,,,0,Experiment_2_Skewness_Preference,https://app.prolific.com/submissions/complete?cc=C1BTHULB,0.0,1.0,414,,0.0,,1,1,414,,0.0,,,,,,,,,,,,,,,1,1,414,,0.0,,,,,,,,,,1,1,414,,0.0,0,0,0,0,0,0,0,0,0,FALSE,FALSE,1,1,,,,,,,,,,,,,,,,,,,,,,,,,,,,,,,,,,,,,,,,,,,,,,,,,,,,,,,,,,,,,,,,,,,,,,,,,,,,,,,,,,,,,,,,,,,,,,,,,,,,,,,,,,,,,,,,,,,,,,,,,,,,,,,,,,,,,,,,,,,,,,,,,,,,,,,,,,,,,,,,,,,,,,,,,,,,,,,,,,,,,,,,,,,,,,,,,,,,,,,,,,,,,,,,,,,,,,,,,,,,,,,,,,,,,,,,,,,,,,,,,,,,,,,,,,,,,,,,,,,,,,,,,,,,,,,,,,,,,,,,,,,,,,,,,,,,,,,,,,,,,,,,,,,,,,,,,,,,,,,,,,,,,,,,,,,,,,,,,,,,,,,,,,,,,,,,,,,,
415,dzfd3cen,,0,0,12,,,,0,,,0.0,,,,,,,,,,,,,,519akakd,,,,,0,Experiment_2_Skewness_Preference,https://app.prolific.com/submissions/complete?cc=C1BTHULB,0.0,1.0,415,,0.0,,1,1,415,,0.0,,,,,,,,,,,,,,,1,1,415,,0.0,,,,,,,,,,1,1,415,,0.0,0,0,0,0,0,0,0,0,0,FALSE,FALSE,1,1,,,,,,,,,,,,,,,,,,,,,,,,,,,,,,,,,,,,,,,,,,,,,,,,,,,,,,,,,,,,,,,,,,,,,,,,,,,,,,,,,,,,,,,,,,,,,,,,,,,,,,,,,,,,,,,,,,,,,,,,,,,,,,,,,,,,,,,,,,,,,,,,,,,,,,,,,,,,,,,,,,,,,,,,,,,,,,,,,,,,,,,,,,,,,,,,,,,,,,,,,,,,,,,,,,,,,,,,,,,,,,,,,,,,,,,,,,,,,,,,,,,,,,,,,,,,,,,,,,,,,,,,,,,,,,,,,,,,,,,,,,,,,,,,,,,,,,,,,,,,,,,,,,,,,,,,,,,,,,,,,,,,,,,,,,,,,,,,,,,,,,,,,,,,,,,,,,,,
416,8gih3nvg,,0,0,12,,,,0,,,0.0,,,,,,,,,,,,,,519akakd,,,,,0,Experiment_2_Skewness_Preference,https://app.prolific.com/submissions/complete?cc=C1BTHULB,0.0,1.0,416,,0.0,,1,1,416,,0.0,,,,,,,,,,,,,,,1,1,416,,0.0,,,,,,,,,,1,1,416,,0.0,0,0,0,0,0,0,0,0,0,FALSE,FALSE,1,1,,,,,,,,,,,,,,,,,,,,,,,,,,,,,,,,,,,,,,,,,,,,,,,,,,,,,,,,,,,,,,,,,,,,,,,,,,,,,,,,,,,,,,,,,,,,,,,,,,,,,,,,,,,,,,,,,,,,,,,,,,,,,,,,,,,,,,,,,,,,,,,,,,,,,,,,,,,,,,,,,,,,,,,,,,,,,,,,,,,,,,,,,,,,,,,,,,,,,,,,,,,,,,,,,,,,,,,,,,,,,,,,,,,,,,,,,,,,,,,,,,,,,,,,,,,,,,,,,,,,,,,,,,,,,,,,,,,,,,,,,,,,,,,,,,,,,,,,,,,,,,,,,,,,,,,,,,,,,,,,,,,,,,,,,,,,,,,,,,,,,,,,,,,,,,,,,,,,
417,f11apmoi,,0,0,12,,,,0,,,0.0,,,,,,,,,,,,,,519akakd,,,,,0,Experiment_2_Skewness_Preference,https://app.prolific.com/submissions/complete?cc=C1BTHULB,0.0,1.0,417,,0.0,,1,1,417,,0.0,,,,,,,,,,,,,,,1,1,417,,0.0,,,,,,,,,,1,1,417,,0.0,0,0,0,0,0,0,0,0,0,FALSE,FALSE,1,1,,,,,,,,,,,,,,,,,,,,,,,,,,,,,,,,,,,,,,,,,,,,,,,,,,,,,,,,,,,,,,,,,,,,,,,,,,,,,,,,,,,,,,,,,,,,,,,,,,,,,,,,,,,,,,,,,,,,,,,,,,,,,,,,,,,,,,,,,,,,,,,,,,,,,,,,,,,,,,,,,,,,,,,,,,,,,,,,,,,,,,,,,,,,,,,,,,,,,,,,,,,,,,,,,,,,,,,,,,,,,,,,,,,,,,,,,,,,,,,,,,,,,,,,,,,,,,,,,,,,,,,,,,,,,,,,,,,,,,,,,,,,,,,,,,,,,,,,,,,,,,,,,,,,,,,,,,,,,,,,,,,,,,,,,,,,,,,,,,,,,,,,,,,,,,,,,,,,
418,f4f6kgc8,,0,0,12,,,,0,,,0.0,,,,,,,,,,,,,,519akakd,,,,,0,Experiment_2_Skewness_Preference,https://app.prolific.com/submissions/complete?cc=C1BTHULB,0.0,1.0,418,,0.0,,1,1,418,,0.0,,,,,,,,,,,,,,,1,1,418,,0.0,,,,,,,,,,1,1,418,,0.0,0,0,0,0,0,0,0,0,0,FALSE,FALSE,1,1,,,,,,,,,,,,,,,,,,,,,,,,,,,,,,,,,,,,,,,,,,,,,,,,,,,,,,,,,,,,,,,,,,,,,,,,,,,,,,,,,,,,,,,,,,,,,,,,,,,,,,,,,,,,,,,,,,,,,,,,,,,,,,,,,,,,,,,,,,,,,,,,,,,,,,,,,,,,,,,,,,,,,,,,,,,,,,,,,,,,,,,,,,,,,,,,,,,,,,,,,,,,,,,,,,,,,,,,,,,,,,,,,,,,,,,,,,,,,,,,,,,,,,,,,,,,,,,,,,,,,,,,,,,,,,,,,,,,,,,,,,,,,,,,,,,,,,,,,,,,,,,,,,,,,,,,,,,,,,,,,,,,,,,,,,,,,,,,,,,,,,,,,,,,,,,,,,,,
419,xp2gaafk,,0,0,12,,,,0,,,0.0,,,,,,,,,,,,,,519akakd,,,,,0,Experiment_2_Skewness_Preference,https://app.prolific.com/submissions/complete?cc=C1BTHULB,0.0,1.0,419,,0.0,,1,1,419,,0.0,,,,,,,,,,,,,,,1,1,419,,0.0,,,,,,,,,,1,1,419,,0.0,0,0,0,0,0,0,0,0,0,FALSE,FALSE,1,1,,,,,,,,,,,,,,,,,,,,,,,,,,,,,,,,,,,,,,,,,,,,,,,,,,,,,,,,,,,,,,,,,,,,,,,,,,,,,,,,,,,,,,,,,,,,,,,,,,,,,,,,,,,,,,,,,,,,,,,,,,,,,,,,,,,,,,,,,,,,,,,,,,,,,,,,,,,,,,,,,,,,,,,,,,,,,,,,,,,,,,,,,,,,,,,,,,,,,,,,,,,,,,,,,,,,,,,,,,,,,,,,,,,,,,,,,,,,,,,,,,,,,,,,,,,,,,,,,,,,,,,,,,,,,,,,,,,,,,,,,,,,,,,,,,,,,,,,,,,,,,,,,,,,,,,,,,,,,,,,,,,,,,,,,,,,,,,,,,,,,,,,,,,,,,,,,,,,
420,llm4fjv7,,0,0,12,,,,0,,,0.0,,,,,,,,,,,,,,519akakd,,,,,0,Experiment_2_Skewness_Preference,https://app.prolific.com/submissions/complete?cc=C1BTHULB,0.0,1.0,420,,0.0,,1,1,420,,0.0,,,,,,,,,,,,,,,1,1,420,,0.0,,,,,,,,,,1,1,420,,0.0,0,0,0,0,0,0,0,0,0,FALSE,FALSE,1,1,,,,,,,,,,,,,,,,,,,,,,,,,,,,,,,,,,,,,,,,,,,,,,,,,,,,,,,,,,,,,,,,,,,,,,,,,,,,,,,,,,,,,,,,,,,,,,,,,,,,,,,,,,,,,,,,,,,,,,,,,,,,,,,,,,,,,,,,,,,,,,,,,,,,,,,,,,,,,,,,,,,,,,,,,,,,,,,,,,,,,,,,,,,,,,,,,,,,,,,,,,,,,,,,,,,,,,,,,,,,,,,,,,,,,,,,,,,,,,,,,,,,,,,,,,,,,,,,,,,,,,,,,,,,,,,,,,,,,,,,,,,,,,,,,,,,,,,,,,,,,,,,,,,,,,,,,,,,,,,,,,,,,,,,,,,,,,,,,,,,,,,,,,,,,,,,,,,,
421,0z2lwxy6,,0,0,12,,,,0,,,0.0,,,,,,,,,,,,,,519akakd,,,,,0,Experiment_2_Skewness_Preference,https://app.prolific.com/submissions/complete?cc=C1BTHULB,0.0,1.0,421,,0.0,,1,1,421,,0.0,,,,,,,,,,,,,,,1,1,421,,0.0,,,,,,,,,,1,1,421,,0.0,0,0,0,0,0,0,0,0,0,FALSE,FALSE,1,1,,,,,,,,,,,,,,,,,,,,,,,,,,,,,,,,,,,,,,,,,,,,,,,,,,,,,,,,,,,,,,,,,,,,,,,,,,,,,,,,,,,,,,,,,,,,,,,,,,,,,,,,,,,,,,,,,,,,,,,,,,,,,,,,,,,,,,,,,,,,,,,,,,,,,,,,,,,,,,,,,,,,,,,,,,,,,,,,,,,,,,,,,,,,,,,,,,,,,,,,,,,,,,,,,,,,,,,,,,,,,,,,,,,,,,,,,,,,,,,,,,,,,,,,,,,,,,,,,,,,,,,,,,,,,,,,,,,,,,,,,,,,,,,,,,,,,,,,,,,,,,,,,,,,,,,,,,,,,,,,,,,,,,,,,,,,,,,,,,,,,,,,,,,,,,,,,,,,
422,1kn79kgo,,0,0,12,,,,0,,,0.0,,,,,,,,,,,,,,519akakd,,,,,0,Experiment_2_Skewness_Preference,https://app.prolific.com/submissions/complete?cc=C1BTHULB,0.0,1.0,422,,0.0,,1,1,422,,0.0,,,,,,,,,,,,,,,1,1,422,,0.0,,,,,,,,,,1,1,422,,0.0,0,0,0,0,0,0,0,0,0,FALSE,FALSE,1,1,,,,,,,,,,,,,,,,,,,,,,,,,,,,,,,,,,,,,,,,,,,,,,,,,,,,,,,,,,,,,,,,,,,,,,,,,,,,,,,,,,,,,,,,,,,,,,,,,,,,,,,,,,,,,,,,,,,,,,,,,,,,,,,,,,,,,,,,,,,,,,,,,,,,,,,,,,,,,,,,,,,,,,,,,,,,,,,,,,,,,,,,,,,,,,,,,,,,,,,,,,,,,,,,,,,,,,,,,,,,,,,,,,,,,,,,,,,,,,,,,,,,,,,,,,,,,,,,,,,,,,,,,,,,,,,,,,,,,,,,,,,,,,,,,,,,,,,,,,,,,,,,,,,,,,,,,,,,,,,,,,,,,,,,,,,,,,,,,,,,,,,,,,,,,,,,,,,,
423,33ajwlk7,,0,0,12,,,,0,,,0.0,,,,,,,,,,,,,,519akakd,,,,,0,Experiment_2_Skewness_Preference,https://app.prolific.com/submissions/complete?cc=C1BTHULB,0.0,1.0,423,,0.0,,1,1,423,,0.0,,,,,,,,,,,,,,,1,1,423,,0.0,,,,,,,,,,1,1,423,,0.0,0,0,0,0,0,0,0,0,0,FALSE,FALSE,1,1,,,,,,,,,,,,,,,,,,,,,,,,,,,,,,,,,,,,,,,,,,,,,,,,,,,,,,,,,,,,,,,,,,,,,,,,,,,,,,,,,,,,,,,,,,,,,,,,,,,,,,,,,,,,,,,,,,,,,,,,,,,,,,,,,,,,,,,,,,,,,,,,,,,,,,,,,,,,,,,,,,,,,,,,,,,,,,,,,,,,,,,,,,,,,,,,,,,,,,,,,,,,,,,,,,,,,,,,,,,,,,,,,,,,,,,,,,,,,,,,,,,,,,,,,,,,,,,,,,,,,,,,,,,,,,,,,,,,,,,,,,,,,,,,,,,,,,,,,,,,,,,,,,,,,,,,,,,,,,,,,,,,,,,,,,,,,,,,,,,,,,,,,,,,,,,,,,,,
424,v3h5asrp,,0,0,12,,,,0,,,0.0,,,,,,,,,,,,,,519akakd,,,,,0,Experiment_2_Skewness_Preference,https://app.prolific.com/submissions/complete?cc=C1BTHULB,0.0,1.0,424,,0.0,,1,1,424,,0.0,,,,,,,,,,,,,,,1,1,424,,0.0,,,,,,,,,,1,1,424,,0.0,0,0,0,0,0,0,0,0,0,FALSE,FALSE,1,1,,,,,,,,,,,,,,,,,,,,,,,,,,,,,,,,,,,,,,,,,,,,,,,,,,,,,,,,,,,,,,,,,,,,,,,,,,,,,,,,,,,,,,,,,,,,,,,,,,,,,,,,,,,,,,,,,,,,,,,,,,,,,,,,,,,,,,,,,,,,,,,,,,,,,,,,,,,,,,,,,,,,,,,,,,,,,,,,,,,,,,,,,,,,,,,,,,,,,,,,,,,,,,,,,,,,,,,,,,,,,,,,,,,,,,,,,,,,,,,,,,,,,,,,,,,,,,,,,,,,,,,,,,,,,,,,,,,,,,,,,,,,,,,,,,,,,,,,,,,,,,,,,,,,,,,,,,,,,,,,,,,,,,,,,,,,,,,,,,,,,,,,,,,,,,,,,,,,
425,jk2xcwxp,,0,0,12,,,,0,,,0.0,,,,,,,,,,,,,,519akakd,,,,,0,Experiment_2_Skewness_Preference,https://app.prolific.com/submissions/complete?cc=C1BTHULB,0.0,1.0,425,,0.0,,1,1,425,,0.0,,,,,,,,,,,,,,,1,1,425,,0.0,,,,,,,,,,1,1,425,,0.0,0,0,0,0,0,0,0,0,0,FALSE,FALSE,1,1,,,,,,,,,,,,,,,,,,,,,,,,,,,,,,,,,,,,,,,,,,,,,,,,,,,,,,,,,,,,,,,,,,,,,,,,,,,,,,,,,,,,,,,,,,,,,,,,,,,,,,,,,,,,,,,,,,,,,,,,,,,,,,,,,,,,,,,,,,,,,,,,,,,,,,,,,,,,,,,,,,,,,,,,,,,,,,,,,,,,,,,,,,,,,,,,,,,,,,,,,,,,,,,,,,,,,,,,,,,,,,,,,,,,,,,,,,,,,,,,,,,,,,,,,,,,,,,,,,,,,,,,,,,,,,,,,,,,,,,,,,,,,,,,,,,,,,,,,,,,,,,,,,,,,,,,,,,,,,,,,,,,,,,,,,,,,,,,,,,,,,,,,,,,,,,,,,,,
426,pcupkshh,,0,0,12,,,,0,,,0.0,,,,,,,,,,,,,,519akakd,,,,,0,Experiment_2_Skewness_Preference,https://app.prolific.com/submissions/complete?cc=C1BTHULB,0.0,1.0,426,,0.0,,1,1,426,,0.0,,,,,,,,,,,,,,,1,1,426,,0.0,,,,,,,,,,1,1,426,,0.0,0,0,0,0,0,0,0,0,0,FALSE,FALSE,1,1,,,,,,,,,,,,,,,,,,,,,,,,,,,,,,,,,,,,,,,,,,,,,,,,,,,,,,,,,,,,,,,,,,,,,,,,,,,,,,,,,,,,,,,,,,,,,,,,,,,,,,,,,,,,,,,,,,,,,,,,,,,,,,,,,,,,,,,,,,,,,,,,,,,,,,,,,,,,,,,,,,,,,,,,,,,,,,,,,,,,,,,,,,,,,,,,,,,,,,,,,,,,,,,,,,,,,,,,,,,,,,,,,,,,,,,,,,,,,,,,,,,,,,,,,,,,,,,,,,,,,,,,,,,,,,,,,,,,,,,,,,,,,,,,,,,,,,,,,,,,,,,,,,,,,,,,,,,,,,,,,,,,,,,,,,,,,,,,,,,,,,,,,,,,,,,,,,,,
427,gongoqby,,0,0,12,,,,0,,,0.0,,,,,,,,,,,,,,519akakd,,,,,0,Experiment_2_Skewness_Preference,https://app.prolific.com/submissions/complete?cc=C1BTHULB,0.0,1.0,427,,0.0,,1,1,427,,0.0,,,,,,,,,,,,,,,1,1,427,,0.0,,,,,,,,,,1,1,427,,0.0,0,0,0,0,0,0,0,0,0,FALSE,FALSE,1,1,,,,,,,,,,,,,,,,,,,,,,,,,,,,,,,,,,,,,,,,,,,,,,,,,,,,,,,,,,,,,,,,,,,,,,,,,,,,,,,,,,,,,,,,,,,,,,,,,,,,,,,,,,,,,,,,,,,,,,,,,,,,,,,,,,,,,,,,,,,,,,,,,,,,,,,,,,,,,,,,,,,,,,,,,,,,,,,,,,,,,,,,,,,,,,,,,,,,,,,,,,,,,,,,,,,,,,,,,,,,,,,,,,,,,,,,,,,,,,,,,,,,,,,,,,,,,,,,,,,,,,,,,,,,,,,,,,,,,,,,,,,,,,,,,,,,,,,,,,,,,,,,,,,,,,,,,,,,,,,,,,,,,,,,,,,,,,,,,,,,,,,,,,,,,,,,,,,,
428,5746yhsb,,0,0,12,,,,0,,,0.0,,,,,,,,,,,,,,519akakd,,,,,0,Experiment_2_Skewness_Preference,https://app.prolific.com/submissions/complete?cc=C1BTHULB,0.0,1.0,428,,0.0,,1,1,428,,0.0,,,,,,,,,,,,,,,1,1,428,,0.0,,,,,,,,,,1,1,428,,0.0,0,0,0,0,0,0,0,0,0,FALSE,FALSE,1,1,,,,,,,,,,,,,,,,,,,,,,,,,,,,,,,,,,,,,,,,,,,,,,,,,,,,,,,,,,,,,,,,,,,,,,,,,,,,,,,,,,,,,,,,,,,,,,,,,,,,,,,,,,,,,,,,,,,,,,,,,,,,,,,,,,,,,,,,,,,,,,,,,,,,,,,,,,,,,,,,,,,,,,,,,,,,,,,,,,,,,,,,,,,,,,,,,,,,,,,,,,,,,,,,,,,,,,,,,,,,,,,,,,,,,,,,,,,,,,,,,,,,,,,,,,,,,,,,,,,,,,,,,,,,,,,,,,,,,,,,,,,,,,,,,,,,,,,,,,,,,,,,,,,,,,,,,,,,,,,,,,,,,,,,,,,,,,,,,,,,,,,,,,,,,,,,,,,,
429,yefpu0o2,,0,0,12,,,,0,,,0.0,,,,,,,,,,,,,,519akakd,,,,,0,Experiment_2_Skewness_Preference,https://app.prolific.com/submissions/complete?cc=C1BTHULB,0.0,1.0,429,,0.0,,1,1,429,,0.0,,,,,,,,,,,,,,,1,1,429,,0.0,,,,,,,,,,1,1,429,,0.0,0,0,0,0,0,0,0,0,0,FALSE,FALSE,1,1,,,,,,,,,,,,,,,,,,,,,,,,,,,,,,,,,,,,,,,,,,,,,,,,,,,,,,,,,,,,,,,,,,,,,,,,,,,,,,,,,,,,,,,,,,,,,,,,,,,,,,,,,,,,,,,,,,,,,,,,,,,,,,,,,,,,,,,,,,,,,,,,,,,,,,,,,,,,,,,,,,,,,,,,,,,,,,,,,,,,,,,,,,,,,,,,,,,,,,,,,,,,,,,,,,,,,,,,,,,,,,,,,,,,,,,,,,,,,,,,,,,,,,,,,,,,,,,,,,,,,,,,,,,,,,,,,,,,,,,,,,,,,,,,,,,,,,,,,,,,,,,,,,,,,,,,,,,,,,,,,,,,,,,,,,,,,,,,,,,,,,,,,,,,,,,,,,,,
430,kzjvgs8e,,0,0,12,,,,0,,,0.0,,,,,,,,,,,,,,519akakd,,,,,0,Experiment_2_Skewness_Preference,https://app.prolific.com/submissions/complete?cc=C1BTHULB,0.0,1.0,430,,0.0,,1,1,430,,0.0,,,,,,,,,,,,,,,1,1,430,,0.0,,,,,,,,,,1,1,430,,0.0,0,0,0,0,0,0,0,0,0,FALSE,FALSE,1,1,,,,,,,,,,,,,,,,,,,,,,,,,,,,,,,,,,,,,,,,,,,,,,,,,,,,,,,,,,,,,,,,,,,,,,,,,,,,,,,,,,,,,,,,,,,,,,,,,,,,,,,,,,,,,,,,,,,,,,,,,,,,,,,,,,,,,,,,,,,,,,,,,,,,,,,,,,,,,,,,,,,,,,,,,,,,,,,,,,,,,,,,,,,,,,,,,,,,,,,,,,,,,,,,,,,,,,,,,,,,,,,,,,,,,,,,,,,,,,,,,,,,,,,,,,,,,,,,,,,,,,,,,,,,,,,,,,,,,,,,,,,,,,,,,,,,,,,,,,,,,,,,,,,,,,,,,,,,,,,,,,,,,,,,,,,,,,,,,,,,,,,,,,,,,,,,,,,,
431,yq1ix9r5,,0,0,12,,,,0,,,0.0,,,,,,,,,,,,,,519akakd,,,,,0,Experiment_2_Skewness_Preference,https://app.prolific.com/submissions/complete?cc=C1BTHULB,0.0,1.0,431,,0.0,,1,1,431,,0.0,,,,,,,,,,,,,,,1,1,431,,0.0,,,,,,,,,,1,1,431,,0.0,0,0,0,0,0,0,0,0,0,FALSE,FALSE,1,1,,,,,,,,,,,,,,,,,,,,,,,,,,,,,,,,,,,,,,,,,,,,,,,,,,,,,,,,,,,,,,,,,,,,,,,,,,,,,,,,,,,,,,,,,,,,,,,,,,,,,,,,,,,,,,,,,,,,,,,,,,,,,,,,,,,,,,,,,,,,,,,,,,,,,,,,,,,,,,,,,,,,,,,,,,,,,,,,,,,,,,,,,,,,,,,,,,,,,,,,,,,,,,,,,,,,,,,,,,,,,,,,,,,,,,,,,,,,,,,,,,,,,,,,,,,,,,,,,,,,,,,,,,,,,,,,,,,,,,,,,,,,,,,,,,,,,,,,,,,,,,,,,,,,,,,,,,,,,,,,,,,,,,,,,,,,,,,,,,,,,,,,,,,,,,,,,,,,
432,ekqri6se,,0,0,12,,,,0,,,0.0,,,,,,,,,,,,,,519akakd,,,,,0,Experiment_2_Skewness_Preference,https://app.prolific.com/submissions/complete?cc=C1BTHULB,0.0,1.0,432,,0.0,,1,1,432,,0.0,,,,,,,,,,,,,,,1,1,432,,0.0,,,,,,,,,,1,1,432,,0.0,0,0,0,0,0,0,0,0,0,FALSE,FALSE,1,1,,,,,,,,,,,,,,,,,,,,,,,,,,,,,,,,,,,,,,,,,,,,,,,,,,,,,,,,,,,,,,,,,,,,,,,,,,,,,,,,,,,,,,,,,,,,,,,,,,,,,,,,,,,,,,,,,,,,,,,,,,,,,,,,,,,,,,,,,,,,,,,,,,,,,,,,,,,,,,,,,,,,,,,,,,,,,,,,,,,,,,,,,,,,,,,,,,,,,,,,,,,,,,,,,,,,,,,,,,,,,,,,,,,,,,,,,,,,,,,,,,,,,,,,,,,,,,,,,,,,,,,,,,,,,,,,,,,,,,,,,,,,,,,,,,,,,,,,,,,,,,,,,,,,,,,,,,,,,,,,,,,,,,,,,,,,,,,,,,,,,,,,,,,,,,,,,,,,
433,3is8fuya,,0,0,12,,,,0,,,0.0,,,,,,,,,,,,,,519akakd,,,,,0,Experiment_2_Skewness_Preference,https://app.prolific.com/submissions/complete?cc=C1BTHULB,0.0,1.0,433,,0.0,,1,1,433,,0.0,,,,,,,,,,,,,,,1,1,433,,0.0,,,,,,,,,,1,1,433,,0.0,0,0,0,0,0,0,0,0,0,FALSE,FALSE,1,1,,,,,,,,,,,,,,,,,,,,,,,,,,,,,,,,,,,,,,,,,,,,,,,,,,,,,,,,,,,,,,,,,,,,,,,,,,,,,,,,,,,,,,,,,,,,,,,,,,,,,,,,,,,,,,,,,,,,,,,,,,,,,,,,,,,,,,,,,,,,,,,,,,,,,,,,,,,,,,,,,,,,,,,,,,,,,,,,,,,,,,,,,,,,,,,,,,,,,,,,,,,,,,,,,,,,,,,,,,,,,,,,,,,,,,,,,,,,,,,,,,,,,,,,,,,,,,,,,,,,,,,,,,,,,,,,,,,,,,,,,,,,,,,,,,,,,,,,,,,,,,,,,,,,,,,,,,,,,,,,,,,,,,,,,,,,,,,,,,,,,,,,,,,,,,,,,,,,
434,yejn6vy2,,0,0,12,,,,0,,,0.0,,,,,,,,,,,,,,519akakd,,,,,0,Experiment_2_Skewness_Preference,https://app.prolific.com/submissions/complete?cc=C1BTHULB,0.0,1.0,434,,0.0,,1,1,434,,0.0,,,,,,,,,,,,,,,1,1,434,,0.0,,,,,,,,,,1,1,434,,0.0,0,0,0,0,0,0,0,0,0,FALSE,FALSE,1,1,,,,,,,,,,,,,,,,,,,,,,,,,,,,,,,,,,,,,,,,,,,,,,,,,,,,,,,,,,,,,,,,,,,,,,,,,,,,,,,,,,,,,,,,,,,,,,,,,,,,,,,,,,,,,,,,,,,,,,,,,,,,,,,,,,,,,,,,,,,,,,,,,,,,,,,,,,,,,,,,,,,,,,,,,,,,,,,,,,,,,,,,,,,,,,,,,,,,,,,,,,,,,,,,,,,,,,,,,,,,,,,,,,,,,,,,,,,,,,,,,,,,,,,,,,,,,,,,,,,,,,,,,,,,,,,,,,,,,,,,,,,,,,,,,,,,,,,,,,,,,,,,,,,,,,,,,,,,,,,,,,,,,,,,,,,,,,,,,,,,,,,,,,,,,,,,,,,,
435,0tcbzqm3,,0,0,12,,,,0,,,0.0,,,,,,,,,,,,,,519akakd,,,,,0,Experiment_2_Skewness_Preference,https://app.prolific.com/submissions/complete?cc=C1BTHULB,0.0,1.0,435,,0.0,,1,1,435,,0.0,,,,,,,,,,,,,,,1,1,435,,0.0,,,,,,,,,,1,1,435,,0.0,0,0,0,0,0,0,0,0,0,FALSE,FALSE,1,1,,,,,,,,,,,,,,,,,,,,,,,,,,,,,,,,,,,,,,,,,,,,,,,,,,,,,,,,,,,,,,,,,,,,,,,,,,,,,,,,,,,,,,,,,,,,,,,,,,,,,,,,,,,,,,,,,,,,,,,,,,,,,,,,,,,,,,,,,,,,,,,,,,,,,,,,,,,,,,,,,,,,,,,,,,,,,,,,,,,,,,,,,,,,,,,,,,,,,,,,,,,,,,,,,,,,,,,,,,,,,,,,,,,,,,,,,,,,,,,,,,,,,,,,,,,,,,,,,,,,,,,,,,,,,,,,,,,,,,,,,,,,,,,,,,,,,,,,,,,,,,,,,,,,,,,,,,,,,,,,,,,,,,,,,,,,,,,,,,,,,,,,,,,,,,,,,,,,
436,ual5e23f,,0,0,12,,,,0,,,0.0,,,,,,,,,,,,,,519akakd,,,,,0,Experiment_2_Skewness_Preference,https://app.prolific.com/submissions/complete?cc=C1BTHULB,0.0,1.0,436,,0.0,,1,1,436,,0.0,,,,,,,,,,,,,,,1,1,436,,0.0,,,,,,,,,,1,1,436,,0.0,0,0,0,0,0,0,0,0,0,FALSE,FALSE,1,1,,,,,,,,,,,,,,,,,,,,,,,,,,,,,,,,,,,,,,,,,,,,,,,,,,,,,,,,,,,,,,,,,,,,,,,,,,,,,,,,,,,,,,,,,,,,,,,,,,,,,,,,,,,,,,,,,,,,,,,,,,,,,,,,,,,,,,,,,,,,,,,,,,,,,,,,,,,,,,,,,,,,,,,,,,,,,,,,,,,,,,,,,,,,,,,,,,,,,,,,,,,,,,,,,,,,,,,,,,,,,,,,,,,,,,,,,,,,,,,,,,,,,,,,,,,,,,,,,,,,,,,,,,,,,,,,,,,,,,,,,,,,,,,,,,,,,,,,,,,,,,,,,,,,,,,,,,,,,,,,,,,,,,,,,,,,,,,,,,,,,,,,,,,,,,,,,,,,
437,ngmll5e0,,0,0,12,,,,0,,,0.0,,,,,,,,,,,,,,519akakd,,,,,0,Experiment_2_Skewness_Preference,https://app.prolific.com/submissions/complete?cc=C1BTHULB,0.0,1.0,437,,0.0,,1,1,437,,0.0,,,,,,,,,,,,,,,1,1,437,,0.0,,,,,,,,,,1,1,437,,0.0,0,0,0,0,0,0,0,0,0,FALSE,FALSE,1,1,,,,,,,,,,,,,,,,,,,,,,,,,,,,,,,,,,,,,,,,,,,,,,,,,,,,,,,,,,,,,,,,,,,,,,,,,,,,,,,,,,,,,,,,,,,,,,,,,,,,,,,,,,,,,,,,,,,,,,,,,,,,,,,,,,,,,,,,,,,,,,,,,,,,,,,,,,,,,,,,,,,,,,,,,,,,,,,,,,,,,,,,,,,,,,,,,,,,,,,,,,,,,,,,,,,,,,,,,,,,,,,,,,,,,,,,,,,,,,,,,,,,,,,,,,,,,,,,,,,,,,,,,,,,,,,,,,,,,,,,,,,,,,,,,,,,,,,,,,,,,,,,,,,,,,,,,,,,,,,,,,,,,,,,,,,,,,,,,,,,,,,,,,,,,,,,,,,,
438,n670veyw,,0,0,12,,,,0,,,0.0,,,,,,,,,,,,,,519akakd,,,,,0,Experiment_2_Skewness_Preference,https://app.prolific.com/submissions/complete?cc=C1BTHULB,0.0,1.0,438,,0.0,,1,1,438,,0.0,,,,,,,,,,,,,,,1,1,438,,0.0,,,,,,,,,,1,1,438,,0.0,0,0,0,0,0,0,0,0,0,FALSE,FALSE,1,1,,,,,,,,,,,,,,,,,,,,,,,,,,,,,,,,,,,,,,,,,,,,,,,,,,,,,,,,,,,,,,,,,,,,,,,,,,,,,,,,,,,,,,,,,,,,,,,,,,,,,,,,,,,,,,,,,,,,,,,,,,,,,,,,,,,,,,,,,,,,,,,,,,,,,,,,,,,,,,,,,,,,,,,,,,,,,,,,,,,,,,,,,,,,,,,,,,,,,,,,,,,,,,,,,,,,,,,,,,,,,,,,,,,,,,,,,,,,,,,,,,,,,,,,,,,,,,,,,,,,,,,,,,,,,,,,,,,,,,,,,,,,,,,,,,,,,,,,,,,,,,,,,,,,,,,,,,,,,,,,,,,,,,,,,,,,,,,,,,,,,,,,,,,,,,,,,,,,
439,bsq5mzbh,,0,0,12,,,,0,,,0.0,,,,,,,,,,,,,,519akakd,,,,,0,Experiment_2_Skewness_Preference,https://app.prolific.com/submissions/complete?cc=C1BTHULB,0.0,1.0,439,,0.0,,1,1,439,,0.0,,,,,,,,,,,,,,,1,1,439,,0.0,,,,,,,,,,1,1,439,,0.0,0,0,0,0,0,0,0,0,0,FALSE,FALSE,1,1,,,,,,,,,,,,,,,,,,,,,,,,,,,,,,,,,,,,,,,,,,,,,,,,,,,,,,,,,,,,,,,,,,,,,,,,,,,,,,,,,,,,,,,,,,,,,,,,,,,,,,,,,,,,,,,,,,,,,,,,,,,,,,,,,,,,,,,,,,,,,,,,,,,,,,,,,,,,,,,,,,,,,,,,,,,,,,,,,,,,,,,,,,,,,,,,,,,,,,,,,,,,,,,,,,,,,,,,,,,,,,,,,,,,,,,,,,,,,,,,,,,,,,,,,,,,,,,,,,,,,,,,,,,,,,,,,,,,,,,,,,,,,,,,,,,,,,,,,,,,,,,,,,,,,,,,,,,,,,,,,,,,,,,,,,,,,,,,,,,,,,,,,,,,,,,,,,,,
440,tmkdxulv,,0,0,12,,,,0,,,0.0,,,,,,,,,,,,,,519akakd,,,,,0,Experiment_2_Skewness_Preference,https://app.prolific.com/submissions/complete?cc=C1BTHULB,0.0,1.0,440,,0.0,,1,1,440,,0.0,,,,,,,,,,,,,,,1,1,440,,0.0,,,,,,,,,,1,1,440,,0.0,0,0,0,0,0,0,0,0,0,FALSE,FALSE,1,1,,,,,,,,,,,,,,,,,,,,,,,,,,,,,,,,,,,,,,,,,,,,,,,,,,,,,,,,,,,,,,,,,,,,,,,,,,,,,,,,,,,,,,,,,,,,,,,,,,,,,,,,,,,,,,,,,,,,,,,,,,,,,,,,,,,,,,,,,,,,,,,,,,,,,,,,,,,,,,,,,,,,,,,,,,,,,,,,,,,,,,,,,,,,,,,,,,,,,,,,,,,,,,,,,,,,,,,,,,,,,,,,,,,,,,,,,,,,,,,,,,,,,,,,,,,,,,,,,,,,,,,,,,,,,,,,,,,,,,,,,,,,,,,,,,,,,,,,,,,,,,,,,,,,,,,,,,,,,,,,,,,,,,,,,,,,,,,,,,,,,,,,,,,,,,,,,,,,
441,3ohaq5oz,,0,0,12,,,,0,,,0.0,,,,,,,,,,,,,,519akakd,,,,,0,Experiment_2_Skewness_Preference,https://app.prolific.com/submissions/complete?cc=C1BTHULB,0.0,1.0,441,,0.0,,1,1,441,,0.0,,,,,,,,,,,,,,,1,1,441,,0.0,,,,,,,,,,1,1,441,,0.0,0,0,0,0,0,0,0,0,0,FALSE,FALSE,1,1,,,,,,,,,,,,,,,,,,,,,,,,,,,,,,,,,,,,,,,,,,,,,,,,,,,,,,,,,,,,,,,,,,,,,,,,,,,,,,,,,,,,,,,,,,,,,,,,,,,,,,,,,,,,,,,,,,,,,,,,,,,,,,,,,,,,,,,,,,,,,,,,,,,,,,,,,,,,,,,,,,,,,,,,,,,,,,,,,,,,,,,,,,,,,,,,,,,,,,,,,,,,,,,,,,,,,,,,,,,,,,,,,,,,,,,,,,,,,,,,,,,,,,,,,,,,,,,,,,,,,,,,,,,,,,,,,,,,,,,,,,,,,,,,,,,,,,,,,,,,,,,,,,,,,,,,,,,,,,,,,,,,,,,,,,,,,,,,,,,,,,,,,,,,,,,,,,,,
442,f244y6hs,,0,0,12,,,,0,,,0.0,,,,,,,,,,,,,,519akakd,,,,,0,Experiment_2_Skewness_Preference,https://app.prolific.com/submissions/complete?cc=C1BTHULB,0.0,1.0,442,,0.0,,1,1,442,,0.0,,,,,,,,,,,,,,,1,1,442,,0.0,,,,,,,,,,1,1,442,,0.0,0,0,0,0,0,0,0,0,0,FALSE,FALSE,1,1,,,,,,,,,,,,,,,,,,,,,,,,,,,,,,,,,,,,,,,,,,,,,,,,,,,,,,,,,,,,,,,,,,,,,,,,,,,,,,,,,,,,,,,,,,,,,,,,,,,,,,,,,,,,,,,,,,,,,,,,,,,,,,,,,,,,,,,,,,,,,,,,,,,,,,,,,,,,,,,,,,,,,,,,,,,,,,,,,,,,,,,,,,,,,,,,,,,,,,,,,,,,,,,,,,,,,,,,,,,,,,,,,,,,,,,,,,,,,,,,,,,,,,,,,,,,,,,,,,,,,,,,,,,,,,,,,,,,,,,,,,,,,,,,,,,,,,,,,,,,,,,,,,,,,,,,,,,,,,,,,,,,,,,,,,,,,,,,,,,,,,,,,,,,,,,,,,,,
443,laahx933,,0,0,12,,,,0,,,0.0,,,,,,,,,,,,,,519akakd,,,,,0,Experiment_2_Skewness_Preference,https://app.prolific.com/submissions/complete?cc=C1BTHULB,0.0,1.0,443,,0.0,,1,1,443,,0.0,,,,,,,,,,,,,,,1,1,443,,0.0,,,,,,,,,,1,1,443,,0.0,0,0,0,0,0,0,0,0,0,FALSE,FALSE,1,1,,,,,,,,,,,,,,,,,,,,,,,,,,,,,,,,,,,,,,,,,,,,,,,,,,,,,,,,,,,,,,,,,,,,,,,,,,,,,,,,,,,,,,,,,,,,,,,,,,,,,,,,,,,,,,,,,,,,,,,,,,,,,,,,,,,,,,,,,,,,,,,,,,,,,,,,,,,,,,,,,,,,,,,,,,,,,,,,,,,,,,,,,,,,,,,,,,,,,,,,,,,,,,,,,,,,,,,,,,,,,,,,,,,,,,,,,,,,,,,,,,,,,,,,,,,,,,,,,,,,,,,,,,,,,,,,,,,,,,,,,,,,,,,,,,,,,,,,,,,,,,,,,,,,,,,,,,,,,,,,,,,,,,,,,,,,,,,,,,,,,,,,,,,,,,,,,,,,
444,sllk2e9u,,0,0,12,,,,0,,,0.0,,,,,,,,,,,,,,519akakd,,,,,0,Experiment_2_Skewness_Preference,https://app.prolific.com/submissions/complete?cc=C1BTHULB,0.0,1.0,444,,0.0,,1,1,444,,0.0,,,,,,,,,,,,,,,1,1,444,,0.0,,,,,,,,,,1,1,444,,0.0,0,0,0,0,0,0,0,0,0,FALSE,FALSE,1,1,,,,,,,,,,,,,,,,,,,,,,,,,,,,,,,,,,,,,,,,,,,,,,,,,,,,,,,,,,,,,,,,,,,,,,,,,,,,,,,,,,,,,,,,,,,,,,,,,,,,,,,,,,,,,,,,,,,,,,,,,,,,,,,,,,,,,,,,,,,,,,,,,,,,,,,,,,,,,,,,,,,,,,,,,,,,,,,,,,,,,,,,,,,,,,,,,,,,,,,,,,,,,,,,,,,,,,,,,,,,,,,,,,,,,,,,,,,,,,,,,,,,,,,,,,,,,,,,,,,,,,,,,,,,,,,,,,,,,,,,,,,,,,,,,,,,,,,,,,,,,,,,,,,,,,,,,,,,,,,,,,,,,,,,,,,,,,,,,,,,,,,,,,,,,,,,,,,,
445,nw483ufo,,0,0,12,,,,0,,,0.0,,,,,,,,,,,,,,519akakd,,,,,0,Experiment_2_Skewness_Preference,https://app.prolific.com/submissions/complete?cc=C1BTHULB,0.0,1.0,445,,0.0,,1,1,445,,0.0,,,,,,,,,,,,,,,1,1,445,,0.0,,,,,,,,,,1,1,445,,0.0,0,0,0,0,0,0,0,0,0,FALSE,FALSE,1,1,,,,,,,,,,,,,,,,,,,,,,,,,,,,,,,,,,,,,,,,,,,,,,,,,,,,,,,,,,,,,,,,,,,,,,,,,,,,,,,,,,,,,,,,,,,,,,,,,,,,,,,,,,,,,,,,,,,,,,,,,,,,,,,,,,,,,,,,,,,,,,,,,,,,,,,,,,,,,,,,,,,,,,,,,,,,,,,,,,,,,,,,,,,,,,,,,,,,,,,,,,,,,,,,,,,,,,,,,,,,,,,,,,,,,,,,,,,,,,,,,,,,,,,,,,,,,,,,,,,,,,,,,,,,,,,,,,,,,,,,,,,,,,,,,,,,,,,,,,,,,,,,,,,,,,,,,,,,,,,,,,,,,,,,,,,,,,,,,,,,,,,,,,,,,,,,,,,,
446,niic0nds,,0,0,12,,,,0,,,0.0,,,,,,,,,,,,,,519akakd,,,,,0,Experiment_2_Skewness_Preference,https://app.prolific.com/submissions/complete?cc=C1BTHULB,0.0,1.0,446,,0.0,,1,1,446,,0.0,,,,,,,,,,,,,,,1,1,446,,0.0,,,,,,,,,,1,1,446,,0.0,0,0,0,0,0,0,0,0,0,FALSE,FALSE,1,1,,,,,,,,,,,,,,,,,,,,,,,,,,,,,,,,,,,,,,,,,,,,,,,,,,,,,,,,,,,,,,,,,,,,,,,,,,,,,,,,,,,,,,,,,,,,,,,,,,,,,,,,,,,,,,,,,,,,,,,,,,,,,,,,,,,,,,,,,,,,,,,,,,,,,,,,,,,,,,,,,,,,,,,,,,,,,,,,,,,,,,,,,,,,,,,,,,,,,,,,,,,,,,,,,,,,,,,,,,,,,,,,,,,,,,,,,,,,,,,,,,,,,,,,,,,,,,,,,,,,,,,,,,,,,,,,,,,,,,,,,,,,,,,,,,,,,,,,,,,,,,,,,,,,,,,,,,,,,,,,,,,,,,,,,,,,,,,,,,,,,,,,,,,,,,,,,,,,
447,01ndc6r8,,0,0,12,,,,0,,,0.0,,,,,,,,,,,,,,519akakd,,,,,0,Experiment_2_Skewness_Preference,https://app.prolific.com/submissions/complete?cc=C1BTHULB,0.0,1.0,447,,0.0,,1,1,447,,0.0,,,,,,,,,,,,,,,1,1,447,,0.0,,,,,,,,,,1,1,447,,0.0,0,0,0,0,0,0,0,0,0,FALSE,FALSE,1,1,,,,,,,,,,,,,,,,,,,,,,,,,,,,,,,,,,,,,,,,,,,,,,,,,,,,,,,,,,,,,,,,,,,,,,,,,,,,,,,,,,,,,,,,,,,,,,,,,,,,,,,,,,,,,,,,,,,,,,,,,,,,,,,,,,,,,,,,,,,,,,,,,,,,,,,,,,,,,,,,,,,,,,,,,,,,,,,,,,,,,,,,,,,,,,,,,,,,,,,,,,,,,,,,,,,,,,,,,,,,,,,,,,,,,,,,,,,,,,,,,,,,,,,,,,,,,,,,,,,,,,,,,,,,,,,,,,,,,,,,,,,,,,,,,,,,,,,,,,,,,,,,,,,,,,,,,,,,,,,,,,,,,,,,,,,,,,,,,,,,,,,,,,,,,,,,,,,,
448,ln3jrosu,,0,0,12,,,,0,,,0.0,,,,,,,,,,,,,,519akakd,,,,,0,Experiment_2_Skewness_Preference,https://app.prolific.com/submissions/complete?cc=C1BTHULB,0.0,1.0,448,,0.0,,1,1,448,,0.0,,,,,,,,,,,,,,,1,1,448,,0.0,,,,,,,,,,1,1,448,,0.0,0,0,0,0,0,0,0,0,0,FALSE,FALSE,1,1,,,,,,,,,,,,,,,,,,,,,,,,,,,,,,,,,,,,,,,,,,,,,,,,,,,,,,,,,,,,,,,,,,,,,,,,,,,,,,,,,,,,,,,,,,,,,,,,,,,,,,,,,,,,,,,,,,,,,,,,,,,,,,,,,,,,,,,,,,,,,,,,,,,,,,,,,,,,,,,,,,,,,,,,,,,,,,,,,,,,,,,,,,,,,,,,,,,,,,,,,,,,,,,,,,,,,,,,,,,,,,,,,,,,,,,,,,,,,,,,,,,,,,,,,,,,,,,,,,,,,,,,,,,,,,,,,,,,,,,,,,,,,,,,,,,,,,,,,,,,,,,,,,,,,,,,,,,,,,,,,,,,,,,,,,,,,,,,,,,,,,,,,,,,,,,,,,,,
449,i2x0ylof,,0,0,12,,,,0,,,0.0,,,,,,,,,,,,,,519akakd,,,,,0,Experiment_2_Skewness_Preference,https://app.prolific.com/submissions/complete?cc=C1BTHULB,0.0,1.0,449,,0.0,,1,1,449,,0.0,,,,,,,,,,,,,,,1,1,449,,0.0,,,,,,,,,,1,1,449,,0.0,0,0,0,0,0,0,0,0,0,FALSE,FALSE,1,1,,,,,,,,,,,,,,,,,,,,,,,,,,,,,,,,,,,,,,,,,,,,,,,,,,,,,,,,,,,,,,,,,,,,,,,,,,,,,,,,,,,,,,,,,,,,,,,,,,,,,,,,,,,,,,,,,,,,,,,,,,,,,,,,,,,,,,,,,,,,,,,,,,,,,,,,,,,,,,,,,,,,,,,,,,,,,,,,,,,,,,,,,,,,,,,,,,,,,,,,,,,,,,,,,,,,,,,,,,,,,,,,,,,,,,,,,,,,,,,,,,,,,,,,,,,,,,,,,,,,,,,,,,,,,,,,,,,,,,,,,,,,,,,,,,,,,,,,,,,,,,,,,,,,,,,,,,,,,,,,,,,,,,,,,,,,,,,,,,,,,,,,,,,,,,,,,,,,
450,ojmybex0,,0,0,12,,,,0,,,0.0,,,,,,,,,,,,,,519akakd,,,,,0,Experiment_2_Skewness_Preference,https://app.prolific.com/submissions/complete?cc=C1BTHULB,0.0,1.0,450,,0.0,,1,1,450,,0.0,,,,,,,,,,,,,,,1,1,450,,0.0,,,,,,,,,,1,1,450,,0.0,0,0,0,0,0,0,0,0,0,FALSE,FALSE,1,1,,,,,,,,,,,,,,,,,,,,,,,,,,,,,,,,,,,,,,,,,,,,,,,,,,,,,,,,,,,,,,,,,,,,,,,,,,,,,,,,,,,,,,,,,,,,,,,,,,,,,,,,,,,,,,,,,,,,,,,,,,,,,,,,,,,,,,,,,,,,,,,,,,,,,,,,,,,,,,,,,,,,,,,,,,,,,,,,,,,,,,,,,,,,,,,,,,,,,,,,,,,,,,,,,,,,,,,,,,,,,,,,,,,,,,,,,,,,,,,,,,,,,,,,,,,,,,,,,,,,,,,,,,,,,,,,,,,,,,,,,,,,,,,,,,,,,,,,,,,,,,,,,,,,,,,,,,,,,,,,,,,,,,,,,,,,,,,,,,,,,,,,,,,,,,,,,,,,
451,cjvfey7i,,0,0,12,,,,0,,,0.0,,,,,,,,,,,,,,519akakd,,,,,0,Experiment_2_Skewness_Preference,https://app.prolific.com/submissions/complete?cc=C1BTHULB,0.0,1.0,451,,0.0,,1,1,451,,0.0,,,,,,,,,,,,,,,1,1,451,,0.0,,,,,,,,,,1,1,451,,0.0,0,0,0,0,0,0,0,0,0,FALSE,FALSE,1,1,,,,,,,,,,,,,,,,,,,,,,,,,,,,,,,,,,,,,,,,,,,,,,,,,,,,,,,,,,,,,,,,,,,,,,,,,,,,,,,,,,,,,,,,,,,,,,,,,,,,,,,,,,,,,,,,,,,,,,,,,,,,,,,,,,,,,,,,,,,,,,,,,,,,,,,,,,,,,,,,,,,,,,,,,,,,,,,,,,,,,,,,,,,,,,,,,,,,,,,,,,,,,,,,,,,,,,,,,,,,,,,,,,,,,,,,,,,,,,,,,,,,,,,,,,,,,,,,,,,,,,,,,,,,,,,,,,,,,,,,,,,,,,,,,,,,,,,,,,,,,,,,,,,,,,,,,,,,,,,,,,,,,,,,,,,,,,,,,,,,,,,,,,,,,,,,,,,,
452,0yyg45sf,,0,0,12,,,,0,,,0.0,,,,,,,,,,,,,,519akakd,,,,,0,Experiment_2_Skewness_Preference,https://app.prolific.com/submissions/complete?cc=C1BTHULB,0.0,1.0,452,,0.0,,1,1,452,,0.0,,,,,,,,,,,,,,,1,1,452,,0.0,,,,,,,,,,1,1,452,,0.0,0,0,0,0,0,0,0,0,0,FALSE,FALSE,1,1,,,,,,,,,,,,,,,,,,,,,,,,,,,,,,,,,,,,,,,,,,,,,,,,,,,,,,,,,,,,,,,,,,,,,,,,,,,,,,,,,,,,,,,,,,,,,,,,,,,,,,,,,,,,,,,,,,,,,,,,,,,,,,,,,,,,,,,,,,,,,,,,,,,,,,,,,,,,,,,,,,,,,,,,,,,,,,,,,,,,,,,,,,,,,,,,,,,,,,,,,,,,,,,,,,,,,,,,,,,,,,,,,,,,,,,,,,,,,,,,,,,,,,,,,,,,,,,,,,,,,,,,,,,,,,,,,,,,,,,,,,,,,,,,,,,,,,,,,,,,,,,,,,,,,,,,,,,,,,,,,,,,,,,,,,,,,,,,,,,,,,,,,,,,,,,,,,,,
453,qg3bbgwk,,0,0,12,,,,0,,,0.0,,,,,,,,,,,,,,519akakd,,,,,0,Experiment_2_Skewness_Preference,https://app.prolific.com/submissions/complete?cc=C1BTHULB,0.0,1.0,453,,0.0,,1,1,453,,0.0,,,,,,,,,,,,,,,1,1,453,,0.0,,,,,,,,,,1,1,453,,0.0,0,0,0,0,0,0,0,0,0,FALSE,FALSE,1,1,,,,,,,,,,,,,,,,,,,,,,,,,,,,,,,,,,,,,,,,,,,,,,,,,,,,,,,,,,,,,,,,,,,,,,,,,,,,,,,,,,,,,,,,,,,,,,,,,,,,,,,,,,,,,,,,,,,,,,,,,,,,,,,,,,,,,,,,,,,,,,,,,,,,,,,,,,,,,,,,,,,,,,,,,,,,,,,,,,,,,,,,,,,,,,,,,,,,,,,,,,,,,,,,,,,,,,,,,,,,,,,,,,,,,,,,,,,,,,,,,,,,,,,,,,,,,,,,,,,,,,,,,,,,,,,,,,,,,,,,,,,,,,,,,,,,,,,,,,,,,,,,,,,,,,,,,,,,,,,,,,,,,,,,,,,,,,,,,,,,,,,,,,,,,,,,,,,,
454,6949svpi,,0,0,12,,,,0,,,0.0,,,,,,,,,,,,,,519akakd,,,,,0,Experiment_2_Skewness_Preference,https://app.prolific.com/submissions/complete?cc=C1BTHULB,0.0,1.0,454,,0.0,,1,1,454,,0.0,,,,,,,,,,,,,,,1,1,454,,0.0,,,,,,,,,,1,1,454,,0.0,0,0,0,0,0,0,0,0,0,FALSE,FALSE,1,1,,,,,,,,,,,,,,,,,,,,,,,,,,,,,,,,,,,,,,,,,,,,,,,,,,,,,,,,,,,,,,,,,,,,,,,,,,,,,,,,,,,,,,,,,,,,,,,,,,,,,,,,,,,,,,,,,,,,,,,,,,,,,,,,,,,,,,,,,,,,,,,,,,,,,,,,,,,,,,,,,,,,,,,,,,,,,,,,,,,,,,,,,,,,,,,,,,,,,,,,,,,,,,,,,,,,,,,,,,,,,,,,,,,,,,,,,,,,,,,,,,,,,,,,,,,,,,,,,,,,,,,,,,,,,,,,,,,,,,,,,,,,,,,,,,,,,,,,,,,,,,,,,,,,,,,,,,,,,,,,,,,,,,,,,,,,,,,,,,,,,,,,,,,,,,,,,,,,
455,hc4pk5va,,0,0,12,,,,0,,,0.0,,,,,,,,,,,,,,519akakd,,,,,0,Experiment_2_Skewness_Preference,https://app.prolific.com/submissions/complete?cc=C1BTHULB,0.0,1.0,455,,0.0,,1,1,455,,0.0,,,,,,,,,,,,,,,1,1,455,,0.0,,,,,,,,,,1,1,455,,0.0,0,0,0,0,0,0,0,0,0,FALSE,FALSE,1,1,,,,,,,,,,,,,,,,,,,,,,,,,,,,,,,,,,,,,,,,,,,,,,,,,,,,,,,,,,,,,,,,,,,,,,,,,,,,,,,,,,,,,,,,,,,,,,,,,,,,,,,,,,,,,,,,,,,,,,,,,,,,,,,,,,,,,,,,,,,,,,,,,,,,,,,,,,,,,,,,,,,,,,,,,,,,,,,,,,,,,,,,,,,,,,,,,,,,,,,,,,,,,,,,,,,,,,,,,,,,,,,,,,,,,,,,,,,,,,,,,,,,,,,,,,,,,,,,,,,,,,,,,,,,,,,,,,,,,,,,,,,,,,,,,,,,,,,,,,,,,,,,,,,,,,,,,,,,,,,,,,,,,,,,,,,,,,,,,,,,,,,,,,,,,,,,,,,,
456,r9zqyses,,0,0,12,,,,0,,,0.0,,,,,,,,,,,,,,519akakd,,,,,0,Experiment_2_Skewness_Preference,https://app.prolific.com/submissions/complete?cc=C1BTHULB,0.0,1.0,456,,0.0,,1,1,456,,0.0,,,,,,,,,,,,,,,1,1,456,,0.0,,,,,,,,,,1,1,456,,0.0,0,0,0,0,0,0,0,0,0,FALSE,FALSE,1,1,,,,,,,,,,,,,,,,,,,,,,,,,,,,,,,,,,,,,,,,,,,,,,,,,,,,,,,,,,,,,,,,,,,,,,,,,,,,,,,,,,,,,,,,,,,,,,,,,,,,,,,,,,,,,,,,,,,,,,,,,,,,,,,,,,,,,,,,,,,,,,,,,,,,,,,,,,,,,,,,,,,,,,,,,,,,,,,,,,,,,,,,,,,,,,,,,,,,,,,,,,,,,,,,,,,,,,,,,,,,,,,,,,,,,,,,,,,,,,,,,,,,,,,,,,,,,,,,,,,,,,,,,,,,,,,,,,,,,,,,,,,,,,,,,,,,,,,,,,,,,,,,,,,,,,,,,,,,,,,,,,,,,,,,,,,,,,,,,,,,,,,,,,,,,,,,,,,,
457,akzh5gt2,,0,0,12,,,,0,,,0.0,,,,,,,,,,,,,,519akakd,,,,,0,Experiment_2_Skewness_Preference,https://app.prolific.com/submissions/complete?cc=C1BTHULB,0.0,1.0,457,,0.0,,1,1,457,,0.0,,,,,,,,,,,,,,,1,1,457,,0.0,,,,,,,,,,1,1,457,,0.0,0,0,0,0,0,0,0,0,0,FALSE,FALSE,1,1,,,,,,,,,,,,,,,,,,,,,,,,,,,,,,,,,,,,,,,,,,,,,,,,,,,,,,,,,,,,,,,,,,,,,,,,,,,,,,,,,,,,,,,,,,,,,,,,,,,,,,,,,,,,,,,,,,,,,,,,,,,,,,,,,,,,,,,,,,,,,,,,,,,,,,,,,,,,,,,,,,,,,,,,,,,,,,,,,,,,,,,,,,,,,,,,,,,,,,,,,,,,,,,,,,,,,,,,,,,,,,,,,,,,,,,,,,,,,,,,,,,,,,,,,,,,,,,,,,,,,,,,,,,,,,,,,,,,,,,,,,,,,,,,,,,,,,,,,,,,,,,,,,,,,,,,,,,,,,,,,,,,,,,,,,,,,,,,,,,,,,,,,,,,,,,,,,,,
458,rz1v5v05,,0,0,12,,,,0,,,0.0,,,,,,,,,,,,,,519akakd,,,,,0,Experiment_2_Skewness_Preference,https://app.prolific.com/submissions/complete?cc=C1BTHULB,0.0,1.0,458,,0.0,,1,1,458,,0.0,,,,,,,,,,,,,,,1,1,458,,0.0,,,,,,,,,,1,1,458,,0.0,0,0,0,0,0,0,0,0,0,FALSE,FALSE,1,1,,,,,,,,,,,,,,,,,,,,,,,,,,,,,,,,,,,,,,,,,,,,,,,,,,,,,,,,,,,,,,,,,,,,,,,,,,,,,,,,,,,,,,,,,,,,,,,,,,,,,,,,,,,,,,,,,,,,,,,,,,,,,,,,,,,,,,,,,,,,,,,,,,,,,,,,,,,,,,,,,,,,,,,,,,,,,,,,,,,,,,,,,,,,,,,,,,,,,,,,,,,,,,,,,,,,,,,,,,,,,,,,,,,,,,,,,,,,,,,,,,,,,,,,,,,,,,,,,,,,,,,,,,,,,,,,,,,,,,,,,,,,,,,,,,,,,,,,,,,,,,,,,,,,,,,,,,,,,,,,,,,,,,,,,,,,,,,,,,,,,,,,,,,,,,,,,,,,
459,kkqxbz4a,,0,0,12,,,,0,,,0.0,,,,,,,,,,,,,,519akakd,,,,,0,Experiment_2_Skewness_Preference,https://app.prolific.com/submissions/complete?cc=C1BTHULB,0.0,1.0,459,,0.0,,1,1,459,,0.0,,,,,,,,,,,,,,,1,1,459,,0.0,,,,,,,,,,1,1,459,,0.0,0,0,0,0,0,0,0,0,0,FALSE,FALSE,1,1,,,,,,,,,,,,,,,,,,,,,,,,,,,,,,,,,,,,,,,,,,,,,,,,,,,,,,,,,,,,,,,,,,,,,,,,,,,,,,,,,,,,,,,,,,,,,,,,,,,,,,,,,,,,,,,,,,,,,,,,,,,,,,,,,,,,,,,,,,,,,,,,,,,,,,,,,,,,,,,,,,,,,,,,,,,,,,,,,,,,,,,,,,,,,,,,,,,,,,,,,,,,,,,,,,,,,,,,,,,,,,,,,,,,,,,,,,,,,,,,,,,,,,,,,,,,,,,,,,,,,,,,,,,,,,,,,,,,,,,,,,,,,,,,,,,,,,,,,,,,,,,,,,,,,,,,,,,,,,,,,,,,,,,,,,,,,,,,,,,,,,,,,,,,,,,,,,,,
460,kuvdc9f2,,0,0,12,,,,0,,,0.0,,,,,,,,,,,,,,519akakd,,,,,0,Experiment_2_Skewness_Preference,https://app.prolific.com/submissions/complete?cc=C1BTHULB,0.0,1.0,460,,0.0,,1,1,460,,0.0,,,,,,,,,,,,,,,1,1,460,,0.0,,,,,,,,,,1,1,460,,0.0,0,0,0,0,0,0,0,0,0,FALSE,FALSE,1,1,,,,,,,,,,,,,,,,,,,,,,,,,,,,,,,,,,,,,,,,,,,,,,,,,,,,,,,,,,,,,,,,,,,,,,,,,,,,,,,,,,,,,,,,,,,,,,,,,,,,,,,,,,,,,,,,,,,,,,,,,,,,,,,,,,,,,,,,,,,,,,,,,,,,,,,,,,,,,,,,,,,,,,,,,,,,,,,,,,,,,,,,,,,,,,,,,,,,,,,,,,,,,,,,,,,,,,,,,,,,,,,,,,,,,,,,,,,,,,,,,,,,,,,,,,,,,,,,,,,,,,,,,,,,,,,,,,,,,,,,,,,,,,,,,,,,,,,,,,,,,,,,,,,,,,,,,,,,,,,,,,,,,,,,,,,,,,,,,,,,,,,,,,,,,,,,,,,,
461,wd01g957,,0,0,12,,,,0,,,0.0,,,,,,,,,,,,,,519akakd,,,,,0,Experiment_2_Skewness_Preference,https://app.prolific.com/submissions/complete?cc=C1BTHULB,0.0,1.0,461,,0.0,,1,1,461,,0.0,,,,,,,,,,,,,,,1,1,461,,0.0,,,,,,,,,,1,1,461,,0.0,0,0,0,0,0,0,0,0,0,FALSE,FALSE,1,1,,,,,,,,,,,,,,,,,,,,,,,,,,,,,,,,,,,,,,,,,,,,,,,,,,,,,,,,,,,,,,,,,,,,,,,,,,,,,,,,,,,,,,,,,,,,,,,,,,,,,,,,,,,,,,,,,,,,,,,,,,,,,,,,,,,,,,,,,,,,,,,,,,,,,,,,,,,,,,,,,,,,,,,,,,,,,,,,,,,,,,,,,,,,,,,,,,,,,,,,,,,,,,,,,,,,,,,,,,,,,,,,,,,,,,,,,,,,,,,,,,,,,,,,,,,,,,,,,,,,,,,,,,,,,,,,,,,,,,,,,,,,,,,,,,,,,,,,,,,,,,,,,,,,,,,,,,,,,,,,,,,,,,,,,,,,,,,,,,,,,,,,,,,,,,,,,,,,
462,rja9ixke,,0,0,12,,,,0,,,0.0,,,,,,,,,,,,,,519akakd,,,,,0,Experiment_2_Skewness_Preference,https://app.prolific.com/submissions/complete?cc=C1BTHULB,0.0,1.0,462,,0.0,,1,1,462,,0.0,,,,,,,,,,,,,,,1,1,462,,0.0,,,,,,,,,,1,1,462,,0.0,0,0,0,0,0,0,0,0,0,FALSE,FALSE,1,1,,,,,,,,,,,,,,,,,,,,,,,,,,,,,,,,,,,,,,,,,,,,,,,,,,,,,,,,,,,,,,,,,,,,,,,,,,,,,,,,,,,,,,,,,,,,,,,,,,,,,,,,,,,,,,,,,,,,,,,,,,,,,,,,,,,,,,,,,,,,,,,,,,,,,,,,,,,,,,,,,,,,,,,,,,,,,,,,,,,,,,,,,,,,,,,,,,,,,,,,,,,,,,,,,,,,,,,,,,,,,,,,,,,,,,,,,,,,,,,,,,,,,,,,,,,,,,,,,,,,,,,,,,,,,,,,,,,,,,,,,,,,,,,,,,,,,,,,,,,,,,,,,,,,,,,,,,,,,,,,,,,,,,,,,,,,,,,,,,,,,,,,,,,,,,,,,,,,
463,d1yxmdpv,,0,0,12,,,,0,,,0.0,,,,,,,,,,,,,,519akakd,,,,,0,Experiment_2_Skewness_Preference,https://app.prolific.com/submissions/complete?cc=C1BTHULB,0.0,1.0,463,,0.0,,1,1,463,,0.0,,,,,,,,,,,,,,,1,1,463,,0.0,,,,,,,,,,1,1,463,,0.0,0,0,0,0,0,0,0,0,0,FALSE,FALSE,1,1,,,,,,,,,,,,,,,,,,,,,,,,,,,,,,,,,,,,,,,,,,,,,,,,,,,,,,,,,,,,,,,,,,,,,,,,,,,,,,,,,,,,,,,,,,,,,,,,,,,,,,,,,,,,,,,,,,,,,,,,,,,,,,,,,,,,,,,,,,,,,,,,,,,,,,,,,,,,,,,,,,,,,,,,,,,,,,,,,,,,,,,,,,,,,,,,,,,,,,,,,,,,,,,,,,,,,,,,,,,,,,,,,,,,,,,,,,,,,,,,,,,,,,,,,,,,,,,,,,,,,,,,,,,,,,,,,,,,,,,,,,,,,,,,,,,,,,,,,,,,,,,,,,,,,,,,,,,,,,,,,,,,,,,,,,,,,,,,,,,,,,,,,,,,,,,,,,,,
464,9frmg9kc,,0,0,12,,,,0,,,0.0,,,,,,,,,,,,,,519akakd,,,,,0,Experiment_2_Skewness_Preference,https://app.prolific.com/submissions/complete?cc=C1BTHULB,0.0,1.0,464,,0.0,,1,1,464,,0.0,,,,,,,,,,,,,,,1,1,464,,0.0,,,,,,,,,,1,1,464,,0.0,0,0,0,0,0,0,0,0,0,FALSE,FALSE,1,1,,,,,,,,,,,,,,,,,,,,,,,,,,,,,,,,,,,,,,,,,,,,,,,,,,,,,,,,,,,,,,,,,,,,,,,,,,,,,,,,,,,,,,,,,,,,,,,,,,,,,,,,,,,,,,,,,,,,,,,,,,,,,,,,,,,,,,,,,,,,,,,,,,,,,,,,,,,,,,,,,,,,,,,,,,,,,,,,,,,,,,,,,,,,,,,,,,,,,,,,,,,,,,,,,,,,,,,,,,,,,,,,,,,,,,,,,,,,,,,,,,,,,,,,,,,,,,,,,,,,,,,,,,,,,,,,,,,,,,,,,,,,,,,,,,,,,,,,,,,,,,,,,,,,,,,,,,,,,,,,,,,,,,,,,,,,,,,,,,,,,,,,,,,,,,,,,,,,
465,3p5s2oeq,,0,0,12,,,,0,,,0.0,,,,,,,,,,,,,,519akakd,,,,,0,Experiment_2_Skewness_Preference,https://app.prolific.com/submissions/complete?cc=C1BTHULB,0.0,1.0,465,,0.0,,1,1,465,,0.0,,,,,,,,,,,,,,,1,1,465,,0.0,,,,,,,,,,1,1,465,,0.0,0,0,0,0,0,0,0,0,0,FALSE,FALSE,1,1,,,,,,,,,,,,,,,,,,,,,,,,,,,,,,,,,,,,,,,,,,,,,,,,,,,,,,,,,,,,,,,,,,,,,,,,,,,,,,,,,,,,,,,,,,,,,,,,,,,,,,,,,,,,,,,,,,,,,,,,,,,,,,,,,,,,,,,,,,,,,,,,,,,,,,,,,,,,,,,,,,,,,,,,,,,,,,,,,,,,,,,,,,,,,,,,,,,,,,,,,,,,,,,,,,,,,,,,,,,,,,,,,,,,,,,,,,,,,,,,,,,,,,,,,,,,,,,,,,,,,,,,,,,,,,,,,,,,,,,,,,,,,,,,,,,,,,,,,,,,,,,,,,,,,,,,,,,,,,,,,,,,,,,,,,,,,,,,,,,,,,,,,,,,,,,,,,,,
466,j6y2un3e,,0,0,12,,,,0,,,0.0,,,,,,,,,,,,,,519akakd,,,,,0,Experiment_2_Skewness_Preference,https://app.prolific.com/submissions/complete?cc=C1BTHULB,0.0,1.0,466,,0.0,,1,1,466,,0.0,,,,,,,,,,,,,,,1,1,466,,0.0,,,,,,,,,,1,1,466,,0.0,0,0,0,0,0,0,0,0,0,FALSE,FALSE,1,1,,,,,,,,,,,,,,,,,,,,,,,,,,,,,,,,,,,,,,,,,,,,,,,,,,,,,,,,,,,,,,,,,,,,,,,,,,,,,,,,,,,,,,,,,,,,,,,,,,,,,,,,,,,,,,,,,,,,,,,,,,,,,,,,,,,,,,,,,,,,,,,,,,,,,,,,,,,,,,,,,,,,,,,,,,,,,,,,,,,,,,,,,,,,,,,,,,,,,,,,,,,,,,,,,,,,,,,,,,,,,,,,,,,,,,,,,,,,,,,,,,,,,,,,,,,,,,,,,,,,,,,,,,,,,,,,,,,,,,,,,,,,,,,,,,,,,,,,,,,,,,,,,,,,,,,,,,,,,,,,,,,,,,,,,,,,,,,,,,,,,,,,,,,,,,,,,,,,
467,ysllkzfg,,0,0,12,,,,0,,,0.0,,,,,,,,,,,,,,519akakd,,,,,0,Experiment_2_Skewness_Preference,https://app.prolific.com/submissions/complete?cc=C1BTHULB,0.0,1.0,467,,0.0,,1,1,467,,0.0,,,,,,,,,,,,,,,1,1,467,,0.0,,,,,,,,,,1,1,467,,0.0,0,0,0,0,0,0,0,0,0,FALSE,FALSE,1,1,,,,,,,,,,,,,,,,,,,,,,,,,,,,,,,,,,,,,,,,,,,,,,,,,,,,,,,,,,,,,,,,,,,,,,,,,,,,,,,,,,,,,,,,,,,,,,,,,,,,,,,,,,,,,,,,,,,,,,,,,,,,,,,,,,,,,,,,,,,,,,,,,,,,,,,,,,,,,,,,,,,,,,,,,,,,,,,,,,,,,,,,,,,,,,,,,,,,,,,,,,,,,,,,,,,,,,,,,,,,,,,,,,,,,,,,,,,,,,,,,,,,,,,,,,,,,,,,,,,,,,,,,,,,,,,,,,,,,,,,,,,,,,,,,,,,,,,,,,,,,,,,,,,,,,,,,,,,,,,,,,,,,,,,,,,,,,,,,,,,,,,,,,,,,,,,,,,,
468,pil78h93,,0,0,12,,,,0,,,0.0,,,,,,,,,,,,,,519akakd,,,,,0,Experiment_2_Skewness_Preference,https://app.prolific.com/submissions/complete?cc=C1BTHULB,0.0,1.0,468,,0.0,,1,1,468,,0.0,,,,,,,,,,,,,,,1,1,468,,0.0,,,,,,,,,,1,1,468,,0.0,0,0,0,0,0,0,0,0,0,FALSE,FALSE,1,1,,,,,,,,,,,,,,,,,,,,,,,,,,,,,,,,,,,,,,,,,,,,,,,,,,,,,,,,,,,,,,,,,,,,,,,,,,,,,,,,,,,,,,,,,,,,,,,,,,,,,,,,,,,,,,,,,,,,,,,,,,,,,,,,,,,,,,,,,,,,,,,,,,,,,,,,,,,,,,,,,,,,,,,,,,,,,,,,,,,,,,,,,,,,,,,,,,,,,,,,,,,,,,,,,,,,,,,,,,,,,,,,,,,,,,,,,,,,,,,,,,,,,,,,,,,,,,,,,,,,,,,,,,,,,,,,,,,,,,,,,,,,,,,,,,,,,,,,,,,,,,,,,,,,,,,,,,,,,,,,,,,,,,,,,,,,,,,,,,,,,,,,,,,,,,,,,,,,
469,riwcswe7,,0,0,12,,,,0,,,0.0,,,,,,,,,,,,,,519akakd,,,,,0,Experiment_2_Skewness_Preference,https://app.prolific.com/submissions/complete?cc=C1BTHULB,0.0,1.0,469,,0.0,,1,1,469,,0.0,,,,,,,,,,,,,,,1,1,469,,0.0,,,,,,,,,,1,1,469,,0.0,0,0,0,0,0,0,0,0,0,FALSE,FALSE,1,1,,,,,,,,,,,,,,,,,,,,,,,,,,,,,,,,,,,,,,,,,,,,,,,,,,,,,,,,,,,,,,,,,,,,,,,,,,,,,,,,,,,,,,,,,,,,,,,,,,,,,,,,,,,,,,,,,,,,,,,,,,,,,,,,,,,,,,,,,,,,,,,,,,,,,,,,,,,,,,,,,,,,,,,,,,,,,,,,,,,,,,,,,,,,,,,,,,,,,,,,,,,,,,,,,,,,,,,,,,,,,,,,,,,,,,,,,,,,,,,,,,,,,,,,,,,,,,,,,,,,,,,,,,,,,,,,,,,,,,,,,,,,,,,,,,,,,,,,,,,,,,,,,,,,,,,,,,,,,,,,,,,,,,,,,,,,,,,,,,,,,,,,,,,,,,,,,,,,
470,i73caylw,,0,0,12,,,,0,,,0.0,,,,,,,,,,,,,,519akakd,,,,,0,Experiment_2_Skewness_Preference,https://app.prolific.com/submissions/complete?cc=C1BTHULB,0.0,1.0,470,,0.0,,1,1,470,,0.0,,,,,,,,,,,,,,,1,1,470,,0.0,,,,,,,,,,1,1,470,,0.0,0,0,0,0,0,0,0,0,0,FALSE,FALSE,1,1,,,,,,,,,,,,,,,,,,,,,,,,,,,,,,,,,,,,,,,,,,,,,,,,,,,,,,,,,,,,,,,,,,,,,,,,,,,,,,,,,,,,,,,,,,,,,,,,,,,,,,,,,,,,,,,,,,,,,,,,,,,,,,,,,,,,,,,,,,,,,,,,,,,,,,,,,,,,,,,,,,,,,,,,,,,,,,,,,,,,,,,,,,,,,,,,,,,,,,,,,,,,,,,,,,,,,,,,,,,,,,,,,,,,,,,,,,,,,,,,,,,,,,,,,,,,,,,,,,,,,,,,,,,,,,,,,,,,,,,,,,,,,,,,,,,,,,,,,,,,,,,,,,,,,,,,,,,,,,,,,,,,,,,,,,,,,,,,,,,,,,,,,,,,,,,,,,,,
471,ba5o5hsk,,0,0,12,,,,0,,,0.0,,,,,,,,,,,,,,519akakd,,,,,0,Experiment_2_Skewness_Preference,https://app.prolific.com/submissions/complete?cc=C1BTHULB,0.0,1.0,471,,0.0,,1,1,471,,0.0,,,,,,,,,,,,,,,1,1,471,,0.0,,,,,,,,,,1,1,471,,0.0,0,0,0,0,0,0,0,0,0,FALSE,FALSE,1,1,,,,,,,,,,,,,,,,,,,,,,,,,,,,,,,,,,,,,,,,,,,,,,,,,,,,,,,,,,,,,,,,,,,,,,,,,,,,,,,,,,,,,,,,,,,,,,,,,,,,,,,,,,,,,,,,,,,,,,,,,,,,,,,,,,,,,,,,,,,,,,,,,,,,,,,,,,,,,,,,,,,,,,,,,,,,,,,,,,,,,,,,,,,,,,,,,,,,,,,,,,,,,,,,,,,,,,,,,,,,,,,,,,,,,,,,,,,,,,,,,,,,,,,,,,,,,,,,,,,,,,,,,,,,,,,,,,,,,,,,,,,,,,,,,,,,,,,,,,,,,,,,,,,,,,,,,,,,,,,,,,,,,,,,,,,,,,,,,,,,,,,,,,,,,,,,,,,,
472,qfib2ix2,,0,0,12,,,,0,,,0.0,,,,,,,,,,,,,,519akakd,,,,,0,Experiment_2_Skewness_Preference,https://app.prolific.com/submissions/complete?cc=C1BTHULB,0.0,1.0,472,,0.0,,1,1,472,,0.0,,,,,,,,,,,,,,,1,1,472,,0.0,,,,,,,,,,1,1,472,,0.0,0,0,0,0,0,0,0,0,0,FALSE,FALSE,1,1,,,,,,,,,,,,,,,,,,,,,,,,,,,,,,,,,,,,,,,,,,,,,,,,,,,,,,,,,,,,,,,,,,,,,,,,,,,,,,,,,,,,,,,,,,,,,,,,,,,,,,,,,,,,,,,,,,,,,,,,,,,,,,,,,,,,,,,,,,,,,,,,,,,,,,,,,,,,,,,,,,,,,,,,,,,,,,,,,,,,,,,,,,,,,,,,,,,,,,,,,,,,,,,,,,,,,,,,,,,,,,,,,,,,,,,,,,,,,,,,,,,,,,,,,,,,,,,,,,,,,,,,,,,,,,,,,,,,,,,,,,,,,,,,,,,,,,,,,,,,,,,,,,,,,,,,,,,,,,,,,,,,,,,,,,,,,,,,,,,,,,,,,,,,,,,,,,,,
473,bax10xoi,,0,0,12,,,,0,,,0.0,,,,,,,,,,,,,,519akakd,,,,,0,Experiment_2_Skewness_Preference,https://app.prolific.com/submissions/complete?cc=C1BTHULB,0.0,1.0,473,,0.0,,1,1,473,,0.0,,,,,,,,,,,,,,,1,1,473,,0.0,,,,,,,,,,1,1,473,,0.0,0,0,0,0,0,0,0,0,0,FALSE,FALSE,1,1,,,,,,,,,,,,,,,,,,,,,,,,,,,,,,,,,,,,,,,,,,,,,,,,,,,,,,,,,,,,,,,,,,,,,,,,,,,,,,,,,,,,,,,,,,,,,,,,,,,,,,,,,,,,,,,,,,,,,,,,,,,,,,,,,,,,,,,,,,,,,,,,,,,,,,,,,,,,,,,,,,,,,,,,,,,,,,,,,,,,,,,,,,,,,,,,,,,,,,,,,,,,,,,,,,,,,,,,,,,,,,,,,,,,,,,,,,,,,,,,,,,,,,,,,,,,,,,,,,,,,,,,,,,,,,,,,,,,,,,,,,,,,,,,,,,,,,,,,,,,,,,,,,,,,,,,,,,,,,,,,,,,,,,,,,,,,,,,,,,,,,,,,,,,,,,,,,,,
474,klp40haw,,0,0,12,,,,0,,,0.0,,,,,,,,,,,,,,519akakd,,,,,0,Experiment_2_Skewness_Preference,https://app.prolific.com/submissions/complete?cc=C1BTHULB,0.0,1.0,474,,0.0,,1,1,474,,0.0,,,,,,,,,,,,,,,1,1,474,,0.0,,,,,,,,,,1,1,474,,0.0,0,0,0,0,0,0,0,0,0,FALSE,FALSE,1,1,,,,,,,,,,,,,,,,,,,,,,,,,,,,,,,,,,,,,,,,,,,,,,,,,,,,,,,,,,,,,,,,,,,,,,,,,,,,,,,,,,,,,,,,,,,,,,,,,,,,,,,,,,,,,,,,,,,,,,,,,,,,,,,,,,,,,,,,,,,,,,,,,,,,,,,,,,,,,,,,,,,,,,,,,,,,,,,,,,,,,,,,,,,,,,,,,,,,,,,,,,,,,,,,,,,,,,,,,,,,,,,,,,,,,,,,,,,,,,,,,,,,,,,,,,,,,,,,,,,,,,,,,,,,,,,,,,,,,,,,,,,,,,,,,,,,,,,,,,,,,,,,,,,,,,,,,,,,,,,,,,,,,,,,,,,,,,,,,,,,,,,,,,,,,,,,,,,,
475,w5kivw1m,,0,0,12,,,,0,,,0.0,,,,,,,,,,,,,,519akakd,,,,,0,Experiment_2_Skewness_Preference,https://app.prolific.com/submissions/complete?cc=C1BTHULB,0.0,1.0,475,,0.0,,1,1,475,,0.0,,,,,,,,,,,,,,,1,1,475,,0.0,,,,,,,,,,1,1,475,,0.0,0,0,0,0,0,0,0,0,0,FALSE,FALSE,1,1,,,,,,,,,,,,,,,,,,,,,,,,,,,,,,,,,,,,,,,,,,,,,,,,,,,,,,,,,,,,,,,,,,,,,,,,,,,,,,,,,,,,,,,,,,,,,,,,,,,,,,,,,,,,,,,,,,,,,,,,,,,,,,,,,,,,,,,,,,,,,,,,,,,,,,,,,,,,,,,,,,,,,,,,,,,,,,,,,,,,,,,,,,,,,,,,,,,,,,,,,,,,,,,,,,,,,,,,,,,,,,,,,,,,,,,,,,,,,,,,,,,,,,,,,,,,,,,,,,,,,,,,,,,,,,,,,,,,,,,,,,,,,,,,,,,,,,,,,,,,,,,,,,,,,,,,,,,,,,,,,,,,,,,,,,,,,,,,,,,,,,,,,,,,,,,,,,,,
476,vskszbhh,,0,0,12,,,,0,,,0.0,,,,,,,,,,,,,,519akakd,,,,,0,Experiment_2_Skewness_Preference,https://app.prolific.com/submissions/complete?cc=C1BTHULB,0.0,1.0,476,,0.0,,1,1,476,,0.0,,,,,,,,,,,,,,,1,1,476,,0.0,,,,,,,,,,1,1,476,,0.0,0,0,0,0,0,0,0,0,0,FALSE,FALSE,1,1,,,,,,,,,,,,,,,,,,,,,,,,,,,,,,,,,,,,,,,,,,,,,,,,,,,,,,,,,,,,,,,,,,,,,,,,,,,,,,,,,,,,,,,,,,,,,,,,,,,,,,,,,,,,,,,,,,,,,,,,,,,,,,,,,,,,,,,,,,,,,,,,,,,,,,,,,,,,,,,,,,,,,,,,,,,,,,,,,,,,,,,,,,,,,,,,,,,,,,,,,,,,,,,,,,,,,,,,,,,,,,,,,,,,,,,,,,,,,,,,,,,,,,,,,,,,,,,,,,,,,,,,,,,,,,,,,,,,,,,,,,,,,,,,,,,,,,,,,,,,,,,,,,,,,,,,,,,,,,,,,,,,,,,,,,,,,,,,,,,,,,,,,,,,,,,,,,,,
477,irnfflh5,,0,0,12,,,,0,,,0.0,,,,,,,,,,,,,,519akakd,,,,,0,Experiment_2_Skewness_Preference,https://app.prolific.com/submissions/complete?cc=C1BTHULB,0.0,1.0,477,,0.0,,1,1,477,,0.0,,,,,,,,,,,,,,,1,1,477,,0.0,,,,,,,,,,1,1,477,,0.0,0,0,0,0,0,0,0,0,0,FALSE,FALSE,1,1,,,,,,,,,,,,,,,,,,,,,,,,,,,,,,,,,,,,,,,,,,,,,,,,,,,,,,,,,,,,,,,,,,,,,,,,,,,,,,,,,,,,,,,,,,,,,,,,,,,,,,,,,,,,,,,,,,,,,,,,,,,,,,,,,,,,,,,,,,,,,,,,,,,,,,,,,,,,,,,,,,,,,,,,,,,,,,,,,,,,,,,,,,,,,,,,,,,,,,,,,,,,,,,,,,,,,,,,,,,,,,,,,,,,,,,,,,,,,,,,,,,,,,,,,,,,,,,,,,,,,,,,,,,,,,,,,,,,,,,,,,,,,,,,,,,,,,,,,,,,,,,,,,,,,,,,,,,,,,,,,,,,,,,,,,,,,,,,,,,,,,,,,,,,,,,,,,,,
478,dty8pw3c,,0,0,12,,,,0,,,0.0,,,,,,,,,,,,,,519akakd,,,,,0,Experiment_2_Skewness_Preference,https://app.prolific.com/submissions/complete?cc=C1BTHULB,0.0,1.0,478,,0.0,,1,1,478,,0.0,,,,,,,,,,,,,,,1,1,478,,0.0,,,,,,,,,,1,1,478,,0.0,0,0,0,0,0,0,0,0,0,FALSE,FALSE,1,1,,,,,,,,,,,,,,,,,,,,,,,,,,,,,,,,,,,,,,,,,,,,,,,,,,,,,,,,,,,,,,,,,,,,,,,,,,,,,,,,,,,,,,,,,,,,,,,,,,,,,,,,,,,,,,,,,,,,,,,,,,,,,,,,,,,,,,,,,,,,,,,,,,,,,,,,,,,,,,,,,,,,,,,,,,,,,,,,,,,,,,,,,,,,,,,,,,,,,,,,,,,,,,,,,,,,,,,,,,,,,,,,,,,,,,,,,,,,,,,,,,,,,,,,,,,,,,,,,,,,,,,,,,,,,,,,,,,,,,,,,,,,,,,,,,,,,,,,,,,,,,,,,,,,,,,,,,,,,,,,,,,,,,,,,,,,,,,,,,,,,,,,,,,,,,,,,,,,
479,fyu61wwo,,0,0,12,,,,0,,,0.0,,,,,,,,,,,,,,519akakd,,,,,0,Experiment_2_Skewness_Preference,https://app.prolific.com/submissions/complete?cc=C1BTHULB,0.0,1.0,479,,0.0,,1,1,479,,0.0,,,,,,,,,,,,,,,1,1,479,,0.0,,,,,,,,,,1,1,479,,0.0,0,0,0,0,0,0,0,0,0,FALSE,FALSE,1,1,,,,,,,,,,,,,,,,,,,,,,,,,,,,,,,,,,,,,,,,,,,,,,,,,,,,,,,,,,,,,,,,,,,,,,,,,,,,,,,,,,,,,,,,,,,,,,,,,,,,,,,,,,,,,,,,,,,,,,,,,,,,,,,,,,,,,,,,,,,,,,,,,,,,,,,,,,,,,,,,,,,,,,,,,,,,,,,,,,,,,,,,,,,,,,,,,,,,,,,,,,,,,,,,,,,,,,,,,,,,,,,,,,,,,,,,,,,,,,,,,,,,,,,,,,,,,,,,,,,,,,,,,,,,,,,,,,,,,,,,,,,,,,,,,,,,,,,,,,,,,,,,,,,,,,,,,,,,,,,,,,,,,,,,,,,,,,,,,,,,,,,,,,,,,,,,,,,,
480,3z5jrmpr,,0,0,12,,,,0,,,0.0,,,,,,,,,,,,,,519akakd,,,,,0,Experiment_2_Skewness_Preference,https://app.prolific.com/submissions/complete?cc=C1BTHULB,0.0,1.0,480,,0.0,,1,1,480,,0.0,,,,,,,,,,,,,,,1,1,480,,0.0,,,,,,,,,,1,1,480,,0.0,0,0,0,0,0,0,0,0,0,FALSE,FALSE,1,1,,,,,,,,,,,,,,,,,,,,,,,,,,,,,,,,,,,,,,,,,,,,,,,,,,,,,,,,,,,,,,,,,,,,,,,,,,,,,,,,,,,,,,,,,,,,,,,,,,,,,,,,,,,,,,,,,,,,,,,,,,,,,,,,,,,,,,,,,,,,,,,,,,,,,,,,,,,,,,,,,,,,,,,,,,,,,,,,,,,,,,,,,,,,,,,,,,,,,,,,,,,,,,,,,,,,,,,,,,,,,,,,,,,,,,,,,,,,,,,,,,,,,,,,,,,,,,,,,,,,,,,,,,,,,,,,,,,,,,,,,,,,,,,,,,,,,,,,,,,,,,,,,,,,,,,,,,,,,,,,,,,,,,,,,,,,,,,,,,,,,,,,,,,,,,,,,,,,
481,b5c9fw7t,,0,0,12,,,,0,,,0.0,,,,,,,,,,,,,,519akakd,,,,,0,Experiment_2_Skewness_Preference,https://app.prolific.com/submissions/complete?cc=C1BTHULB,0.0,1.0,481,,0.0,,1,1,481,,0.0,,,,,,,,,,,,,,,1,1,481,,0.0,,,,,,,,,,1,1,481,,0.0,0,0,0,0,0,0,0,0,0,FALSE,FALSE,1,1,,,,,,,,,,,,,,,,,,,,,,,,,,,,,,,,,,,,,,,,,,,,,,,,,,,,,,,,,,,,,,,,,,,,,,,,,,,,,,,,,,,,,,,,,,,,,,,,,,,,,,,,,,,,,,,,,,,,,,,,,,,,,,,,,,,,,,,,,,,,,,,,,,,,,,,,,,,,,,,,,,,,,,,,,,,,,,,,,,,,,,,,,,,,,,,,,,,,,,,,,,,,,,,,,,,,,,,,,,,,,,,,,,,,,,,,,,,,,,,,,,,,,,,,,,,,,,,,,,,,,,,,,,,,,,,,,,,,,,,,,,,,,,,,,,,,,,,,,,,,,,,,,,,,,,,,,,,,,,,,,,,,,,,,,,,,,,,,,,,,,,,,,,,,,,,,,,,,
482,33l5ffp4,,0,0,12,,,,0,,,0.0,,,,,,,,,,,,,,519akakd,,,,,0,Experiment_2_Skewness_Preference,https://app.prolific.com/submissions/complete?cc=C1BTHULB,0.0,1.0,482,,0.0,,1,1,482,,0.0,,,,,,,,,,,,,,,1,1,482,,0.0,,,,,,,,,,1,1,482,,0.0,0,0,0,0,0,0,0,0,0,FALSE,FALSE,1,1,,,,,,,,,,,,,,,,,,,,,,,,,,,,,,,,,,,,,,,,,,,,,,,,,,,,,,,,,,,,,,,,,,,,,,,,,,,,,,,,,,,,,,,,,,,,,,,,,,,,,,,,,,,,,,,,,,,,,,,,,,,,,,,,,,,,,,,,,,,,,,,,,,,,,,,,,,,,,,,,,,,,,,,,,,,,,,,,,,,,,,,,,,,,,,,,,,,,,,,,,,,,,,,,,,,,,,,,,,,,,,,,,,,,,,,,,,,,,,,,,,,,,,,,,,,,,,,,,,,,,,,,,,,,,,,,,,,,,,,,,,,,,,,,,,,,,,,,,,,,,,,,,,,,,,,,,,,,,,,,,,,,,,,,,,,,,,,,,,,,,,,,,,,,,,,,,,,,
483,9rvb26h2,,0,0,12,,,,0,,,0.0,,,,,,,,,,,,,,519akakd,,,,,0,Experiment_2_Skewness_Preference,https://app.prolific.com/submissions/complete?cc=C1BTHULB,0.0,1.0,483,,0.0,,1,1,483,,0.0,,,,,,,,,,,,,,,1,1,483,,0.0,,,,,,,,,,1,1,483,,0.0,0,0,0,0,0,0,0,0,0,FALSE,FALSE,1,1,,,,,,,,,,,,,,,,,,,,,,,,,,,,,,,,,,,,,,,,,,,,,,,,,,,,,,,,,,,,,,,,,,,,,,,,,,,,,,,,,,,,,,,,,,,,,,,,,,,,,,,,,,,,,,,,,,,,,,,,,,,,,,,,,,,,,,,,,,,,,,,,,,,,,,,,,,,,,,,,,,,,,,,,,,,,,,,,,,,,,,,,,,,,,,,,,,,,,,,,,,,,,,,,,,,,,,,,,,,,,,,,,,,,,,,,,,,,,,,,,,,,,,,,,,,,,,,,,,,,,,,,,,,,,,,,,,,,,,,,,,,,,,,,,,,,,,,,,,,,,,,,,,,,,,,,,,,,,,,,,,,,,,,,,,,,,,,,,,,,,,,,,,,,,,,,,,,,
484,84vx4zzc,,0,0,12,,,,0,,,0.0,,,,,,,,,,,,,,519akakd,,,,,0,Experiment_2_Skewness_Preference,https://app.prolific.com/submissions/complete?cc=C1BTHULB,0.0,1.0,484,,0.0,,1,1,484,,0.0,,,,,,,,,,,,,,,1,1,484,,0.0,,,,,,,,,,1,1,484,,0.0,0,0,0,0,0,0,0,0,0,FALSE,FALSE,1,1,,,,,,,,,,,,,,,,,,,,,,,,,,,,,,,,,,,,,,,,,,,,,,,,,,,,,,,,,,,,,,,,,,,,,,,,,,,,,,,,,,,,,,,,,,,,,,,,,,,,,,,,,,,,,,,,,,,,,,,,,,,,,,,,,,,,,,,,,,,,,,,,,,,,,,,,,,,,,,,,,,,,,,,,,,,,,,,,,,,,,,,,,,,,,,,,,,,,,,,,,,,,,,,,,,,,,,,,,,,,,,,,,,,,,,,,,,,,,,,,,,,,,,,,,,,,,,,,,,,,,,,,,,,,,,,,,,,,,,,,,,,,,,,,,,,,,,,,,,,,,,,,,,,,,,,,,,,,,,,,,,,,,,,,,,,,,,,,,,,,,,,,,,,,,,,,,,,,
485,1jiu7lth,,0,0,12,,,,0,,,0.0,,,,,,,,,,,,,,519akakd,,,,,0,Experiment_2_Skewness_Preference,https://app.prolific.com/submissions/complete?cc=C1BTHULB,0.0,1.0,485,,0.0,,1,1,485,,0.0,,,,,,,,,,,,,,,1,1,485,,0.0,,,,,,,,,,1,1,485,,0.0,0,0,0,0,0,0,0,0,0,FALSE,FALSE,1,1,,,,,,,,,,,,,,,,,,,,,,,,,,,,,,,,,,,,,,,,,,,,,,,,,,,,,,,,,,,,,,,,,,,,,,,,,,,,,,,,,,,,,,,,,,,,,,,,,,,,,,,,,,,,,,,,,,,,,,,,,,,,,,,,,,,,,,,,,,,,,,,,,,,,,,,,,,,,,,,,,,,,,,,,,,,,,,,,,,,,,,,,,,,,,,,,,,,,,,,,,,,,,,,,,,,,,,,,,,,,,,,,,,,,,,,,,,,,,,,,,,,,,,,,,,,,,,,,,,,,,,,,,,,,,,,,,,,,,,,,,,,,,,,,,,,,,,,,,,,,,,,,,,,,,,,,,,,,,,,,,,,,,,,,,,,,,,,,,,,,,,,,,,,,,,,,,,,,
486,se1l497r,,0,0,12,,,,0,,,0.0,,,,,,,,,,,,,,519akakd,,,,,0,Experiment_2_Skewness_Preference,https://app.prolific.com/submissions/complete?cc=C1BTHULB,0.0,1.0,486,,0.0,,1,1,486,,0.0,,,,,,,,,,,,,,,1,1,486,,0.0,,,,,,,,,,1,1,486,,0.0,0,0,0,0,0,0,0,0,0,FALSE,FALSE,1,1,,,,,,,,,,,,,,,,,,,,,,,,,,,,,,,,,,,,,,,,,,,,,,,,,,,,,,,,,,,,,,,,,,,,,,,,,,,,,,,,,,,,,,,,,,,,,,,,,,,,,,,,,,,,,,,,,,,,,,,,,,,,,,,,,,,,,,,,,,,,,,,,,,,,,,,,,,,,,,,,,,,,,,,,,,,,,,,,,,,,,,,,,,,,,,,,,,,,,,,,,,,,,,,,,,,,,,,,,,,,,,,,,,,,,,,,,,,,,,,,,,,,,,,,,,,,,,,,,,,,,,,,,,,,,,,,,,,,,,,,,,,,,,,,,,,,,,,,,,,,,,,,,,,,,,,,,,,,,,,,,,,,,,,,,,,,,,,,,,,,,,,,,,,,,,,,,,,,
487,1xlr8qs7,,0,0,12,,,,0,,,0.0,,,,,,,,,,,,,,519akakd,,,,,0,Experiment_2_Skewness_Preference,https://app.prolific.com/submissions/complete?cc=C1BTHULB,0.0,1.0,487,,0.0,,1,1,487,,0.0,,,,,,,,,,,,,,,1,1,487,,0.0,,,,,,,,,,1,1,487,,0.0,0,0,0,0,0,0,0,0,0,FALSE,FALSE,1,1,,,,,,,,,,,,,,,,,,,,,,,,,,,,,,,,,,,,,,,,,,,,,,,,,,,,,,,,,,,,,,,,,,,,,,,,,,,,,,,,,,,,,,,,,,,,,,,,,,,,,,,,,,,,,,,,,,,,,,,,,,,,,,,,,,,,,,,,,,,,,,,,,,,,,,,,,,,,,,,,,,,,,,,,,,,,,,,,,,,,,,,,,,,,,,,,,,,,,,,,,,,,,,,,,,,,,,,,,,,,,,,,,,,,,,,,,,,,,,,,,,,,,,,,,,,,,,,,,,,,,,,,,,,,,,,,,,,,,,,,,,,,,,,,,,,,,,,,,,,,,,,,,,,,,,,,,,,,,,,,,,,,,,,,,,,,,,,,,,,,,,,,,,,,,,,,,,,,
488,c7s7fxyf,,0,0,12,,,,0,,,0.0,,,,,,,,,,,,,,519akakd,,,,,0,Experiment_2_Skewness_Preference,https://app.prolific.com/submissions/complete?cc=C1BTHULB,0.0,1.0,488,,0.0,,1,1,488,,0.0,,,,,,,,,,,,,,,1,1,488,,0.0,,,,,,,,,,1,1,488,,0.0,0,0,0,0,0,0,0,0,0,FALSE,FALSE,1,1,,,,,,,,,,,,,,,,,,,,,,,,,,,,,,,,,,,,,,,,,,,,,,,,,,,,,,,,,,,,,,,,,,,,,,,,,,,,,,,,,,,,,,,,,,,,,,,,,,,,,,,,,,,,,,,,,,,,,,,,,,,,,,,,,,,,,,,,,,,,,,,,,,,,,,,,,,,,,,,,,,,,,,,,,,,,,,,,,,,,,,,,,,,,,,,,,,,,,,,,,,,,,,,,,,,,,,,,,,,,,,,,,,,,,,,,,,,,,,,,,,,,,,,,,,,,,,,,,,,,,,,,,,,,,,,,,,,,,,,,,,,,,,,,,,,,,,,,,,,,,,,,,,,,,,,,,,,,,,,,,,,,,,,,,,,,,,,,,,,,,,,,,,,,,,,,,,,,
489,e3gum5tr,,0,0,12,,,,0,,,0.0,,,,,,,,,,,,,,519akakd,,,,,0,Experiment_2_Skewness_Preference,https://app.prolific.com/submissions/complete?cc=C1BTHULB,0.0,1.0,489,,0.0,,1,1,489,,0.0,,,,,,,,,,,,,,,1,1,489,,0.0,,,,,,,,,,1,1,489,,0.0,0,0,0,0,0,0,0,0,0,FALSE,FALSE,1,1,,,,,,,,,,,,,,,,,,,,,,,,,,,,,,,,,,,,,,,,,,,,,,,,,,,,,,,,,,,,,,,,,,,,,,,,,,,,,,,,,,,,,,,,,,,,,,,,,,,,,,,,,,,,,,,,,,,,,,,,,,,,,,,,,,,,,,,,,,,,,,,,,,,,,,,,,,,,,,,,,,,,,,,,,,,,,,,,,,,,,,,,,,,,,,,,,,,,,,,,,,,,,,,,,,,,,,,,,,,,,,,,,,,,,,,,,,,,,,,,,,,,,,,,,,,,,,,,,,,,,,,,,,,,,,,,,,,,,,,,,,,,,,,,,,,,,,,,,,,,,,,,,,,,,,,,,,,,,,,,,,,,,,,,,,,,,,,,,,,,,,,,,,,,,,,,,,,,
490,5l0fi1fu,,0,0,12,,,,0,,,0.0,,,,,,,,,,,,,,519akakd,,,,,0,Experiment_2_Skewness_Preference,https://app.prolific.com/submissions/complete?cc=C1BTHULB,0.0,1.0,490,,0.0,,1,1,490,,0.0,,,,,,,,,,,,,,,1,1,490,,0.0,,,,,,,,,,1,1,490,,0.0,0,0,0,0,0,0,0,0,0,FALSE,FALSE,1,1,,,,,,,,,,,,,,,,,,,,,,,,,,,,,,,,,,,,,,,,,,,,,,,,,,,,,,,,,,,,,,,,,,,,,,,,,,,,,,,,,,,,,,,,,,,,,,,,,,,,,,,,,,,,,,,,,,,,,,,,,,,,,,,,,,,,,,,,,,,,,,,,,,,,,,,,,,,,,,,,,,,,,,,,,,,,,,,,,,,,,,,,,,,,,,,,,,,,,,,,,,,,,,,,,,,,,,,,,,,,,,,,,,,,,,,,,,,,,,,,,,,,,,,,,,,,,,,,,,,,,,,,,,,,,,,,,,,,,,,,,,,,,,,,,,,,,,,,,,,,,,,,,,,,,,,,,,,,,,,,,,,,,,,,,,,,,,,,,,,,,,,,,,,,,,,,,,,,
491,ris5o786,,0,0,12,,,,0,,,0.0,,,,,,,,,,,,,,519akakd,,,,,0,Experiment_2_Skewness_Preference,https://app.prolific.com/submissions/complete?cc=C1BTHULB,0.0,1.0,491,,0.0,,1,1,491,,0.0,,,,,,,,,,,,,,,1,1,491,,0.0,,,,,,,,,,1,1,491,,0.0,0,0,0,0,0,0,0,0,0,FALSE,FALSE,1,1,,,,,,,,,,,,,,,,,,,,,,,,,,,,,,,,,,,,,,,,,,,,,,,,,,,,,,,,,,,,,,,,,,,,,,,,,,,,,,,,,,,,,,,,,,,,,,,,,,,,,,,,,,,,,,,,,,,,,,,,,,,,,,,,,,,,,,,,,,,,,,,,,,,,,,,,,,,,,,,,,,,,,,,,,,,,,,,,,,,,,,,,,,,,,,,,,,,,,,,,,,,,,,,,,,,,,,,,,,,,,,,,,,,,,,,,,,,,,,,,,,,,,,,,,,,,,,,,,,,,,,,,,,,,,,,,,,,,,,,,,,,,,,,,,,,,,,,,,,,,,,,,,,,,,,,,,,,,,,,,,,,,,,,,,,,,,,,,,,,,,,,,,,,,,,,,,,,,
492,fjkf6bf8,,0,0,12,,,,0,,,0.0,,,,,,,,,,,,,,519akakd,,,,,0,Experiment_2_Skewness_Preference,https://app.prolific.com/submissions/complete?cc=C1BTHULB,0.0,1.0,492,,0.0,,1,1,492,,0.0,,,,,,,,,,,,,,,1,1,492,,0.0,,,,,,,,,,1,1,492,,0.0,0,0,0,0,0,0,0,0,0,FALSE,FALSE,1,1,,,,,,,,,,,,,,,,,,,,,,,,,,,,,,,,,,,,,,,,,,,,,,,,,,,,,,,,,,,,,,,,,,,,,,,,,,,,,,,,,,,,,,,,,,,,,,,,,,,,,,,,,,,,,,,,,,,,,,,,,,,,,,,,,,,,,,,,,,,,,,,,,,,,,,,,,,,,,,,,,,,,,,,,,,,,,,,,,,,,,,,,,,,,,,,,,,,,,,,,,,,,,,,,,,,,,,,,,,,,,,,,,,,,,,,,,,,,,,,,,,,,,,,,,,,,,,,,,,,,,,,,,,,,,,,,,,,,,,,,,,,,,,,,,,,,,,,,,,,,,,,,,,,,,,,,,,,,,,,,,,,,,,,,,,,,,,,,,,,,,,,,,,,,,,,,,,,,
493,chrgp5fj,,0,0,12,,,,0,,,0.0,,,,,,,,,,,,,,519akakd,,,,,0,Experiment_2_Skewness_Preference,https://app.prolific.com/submissions/complete?cc=C1BTHULB,0.0,1.0,493,,0.0,,1,1,493,,0.0,,,,,,,,,,,,,,,1,1,493,,0.0,,,,,,,,,,1,1,493,,0.0,0,0,0,0,0,0,0,0,0,FALSE,FALSE,1,1,,,,,,,,,,,,,,,,,,,,,,,,,,,,,,,,,,,,,,,,,,,,,,,,,,,,,,,,,,,,,,,,,,,,,,,,,,,,,,,,,,,,,,,,,,,,,,,,,,,,,,,,,,,,,,,,,,,,,,,,,,,,,,,,,,,,,,,,,,,,,,,,,,,,,,,,,,,,,,,,,,,,,,,,,,,,,,,,,,,,,,,,,,,,,,,,,,,,,,,,,,,,,,,,,,,,,,,,,,,,,,,,,,,,,,,,,,,,,,,,,,,,,,,,,,,,,,,,,,,,,,,,,,,,,,,,,,,,,,,,,,,,,,,,,,,,,,,,,,,,,,,,,,,,,,,,,,,,,,,,,,,,,,,,,,,,,,,,,,,,,,,,,,,,,,,,,,,,
494,mfvtrxfl,,0,0,12,,,,0,,,0.0,,,,,,,,,,,,,,519akakd,,,,,0,Experiment_2_Skewness_Preference,https://app.prolific.com/submissions/complete?cc=C1BTHULB,0.0,1.0,494,,0.0,,1,1,494,,0.0,,,,,,,,,,,,,,,1,1,494,,0.0,,,,,,,,,,1,1,494,,0.0,0,0,0,0,0,0,0,0,0,FALSE,FALSE,1,1,,,,,,,,,,,,,,,,,,,,,,,,,,,,,,,,,,,,,,,,,,,,,,,,,,,,,,,,,,,,,,,,,,,,,,,,,,,,,,,,,,,,,,,,,,,,,,,,,,,,,,,,,,,,,,,,,,,,,,,,,,,,,,,,,,,,,,,,,,,,,,,,,,,,,,,,,,,,,,,,,,,,,,,,,,,,,,,,,,,,,,,,,,,,,,,,,,,,,,,,,,,,,,,,,,,,,,,,,,,,,,,,,,,,,,,,,,,,,,,,,,,,,,,,,,,,,,,,,,,,,,,,,,,,,,,,,,,,,,,,,,,,,,,,,,,,,,,,,,,,,,,,,,,,,,,,,,,,,,,,,,,,,,,,,,,,,,,,,,,,,,,,,,,,,,,,,,,,
495,4tixdrl2,,0,0,12,,,,0,,,0.0,,,,,,,,,,,,,,519akakd,,,,,0,Experiment_2_Skewness_Preference,https://app.prolific.com/submissions/complete?cc=C1BTHULB,0.0,1.0,495,,0.0,,1,1,495,,0.0,,,,,,,,,,,,,,,1,1,495,,0.0,,,,,,,,,,1,1,495,,0.0,0,0,0,0,0,0,0,0,0,FALSE,FALSE,1,1,,,,,,,,,,,,,,,,,,,,,,,,,,,,,,,,,,,,,,,,,,,,,,,,,,,,,,,,,,,,,,,,,,,,,,,,,,,,,,,,,,,,,,,,,,,,,,,,,,,,,,,,,,,,,,,,,,,,,,,,,,,,,,,,,,,,,,,,,,,,,,,,,,,,,,,,,,,,,,,,,,,,,,,,,,,,,,,,,,,,,,,,,,,,,,,,,,,,,,,,,,,,,,,,,,,,,,,,,,,,,,,,,,,,,,,,,,,,,,,,,,,,,,,,,,,,,,,,,,,,,,,,,,,,,,,,,,,,,,,,,,,,,,,,,,,,,,,,,,,,,,,,,,,,,,,,,,,,,,,,,,,,,,,,,,,,,,,,,,,,,,,,,,,,,,,,,,,,
496,4xem02iy,,0,0,12,,,,0,,,0.0,,,,,,,,,,,,,,519akakd,,,,,0,Experiment_2_Skewness_Preference,https://app.prolific.com/submissions/complete?cc=C1BTHULB,0.0,1.0,496,,0.0,,1,1,496,,0.0,,,,,,,,,,,,,,,1,1,496,,0.0,,,,,,,,,,1,1,496,,0.0,0,0,0,0,0,0,0,0,0,FALSE,FALSE,1,1,,,,,,,,,,,,,,,,,,,,,,,,,,,,,,,,,,,,,,,,,,,,,,,,,,,,,,,,,,,,,,,,,,,,,,,,,,,,,,,,,,,,,,,,,,,,,,,,,,,,,,,,,,,,,,,,,,,,,,,,,,,,,,,,,,,,,,,,,,,,,,,,,,,,,,,,,,,,,,,,,,,,,,,,,,,,,,,,,,,,,,,,,,,,,,,,,,,,,,,,,,,,,,,,,,,,,,,,,,,,,,,,,,,,,,,,,,,,,,,,,,,,,,,,,,,,,,,,,,,,,,,,,,,,,,,,,,,,,,,,,,,,,,,,,,,,,,,,,,,,,,,,,,,,,,,,,,,,,,,,,,,,,,,,,,,,,,,,,,,,,,,,,,,,,,,,,,,,
497,d1bxz583,,0,0,12,,,,0,,,0.0,,,,,,,,,,,,,,519akakd,,,,,0,Experiment_2_Skewness_Preference,https://app.prolific.com/submissions/complete?cc=C1BTHULB,0.0,1.0,497,,0.0,,1,1,497,,0.0,,,,,,,,,,,,,,,1,1,497,,0.0,,,,,,,,,,1,1,497,,0.0,0,0,0,0,0,0,0,0,0,FALSE,FALSE,1,1,,,,,,,,,,,,,,,,,,,,,,,,,,,,,,,,,,,,,,,,,,,,,,,,,,,,,,,,,,,,,,,,,,,,,,,,,,,,,,,,,,,,,,,,,,,,,,,,,,,,,,,,,,,,,,,,,,,,,,,,,,,,,,,,,,,,,,,,,,,,,,,,,,,,,,,,,,,,,,,,,,,,,,,,,,,,,,,,,,,,,,,,,,,,,,,,,,,,,,,,,,,,,,,,,,,,,,,,,,,,,,,,,,,,,,,,,,,,,,,,,,,,,,,,,,,,,,,,,,,,,,,,,,,,,,,,,,,,,,,,,,,,,,,,,,,,,,,,,,,,,,,,,,,,,,,,,,,,,,,,,,,,,,,,,,,,,,,,,,,,,,,,,,,,,,,,,,,,
498,i85wlz4n,,0,0,12,,,,0,,,0.0,,,,,,,,,,,,,,519akakd,,,,,0,Experiment_2_Skewness_Preference,https://app.prolific.com/submissions/complete?cc=C1BTHULB,0.0,1.0,498,,0.0,,1,1,498,,0.0,,,,,,,,,,,,,,,1,1,498,,0.0,,,,,,,,,,1,1,498,,0.0,0,0,0,0,0,0,0,0,0,FALSE,FALSE,1,1,,,,,,,,,,,,,,,,,,,,,,,,,,,,,,,,,,,,,,,,,,,,,,,,,,,,,,,,,,,,,,,,,,,,,,,,,,,,,,,,,,,,,,,,,,,,,,,,,,,,,,,,,,,,,,,,,,,,,,,,,,,,,,,,,,,,,,,,,,,,,,,,,,,,,,,,,,,,,,,,,,,,,,,,,,,,,,,,,,,,,,,,,,,,,,,,,,,,,,,,,,,,,,,,,,,,,,,,,,,,,,,,,,,,,,,,,,,,,,,,,,,,,,,,,,,,,,,,,,,,,,,,,,,,,,,,,,,,,,,,,,,,,,,,,,,,,,,,,,,,,,,,,,,,,,,,,,,,,,,,,,,,,,,,,,,,,,,,,,,,,,,,,,,,,,,,,,,,
499,ertvrotj,,0,0,12,,,,0,,,0.0,,,,,,,,,,,,,,519akakd,,,,,0,Experiment_2_Skewness_Preference,https://app.prolific.com/submissions/complete?cc=C1BTHULB,0.0,1.0,499,,0.0,,1,1,499,,0.0,,,,,,,,,,,,,,,1,1,499,,0.0,,,,,,,,,,1,1,499,,0.0,0,0,0,0,0,0,0,0,0,FALSE,FALSE,1,1,,,,,,,,,,,,,,,,,,,,,,,,,,,,,,,,,,,,,,,,,,,,,,,,,,,,,,,,,,,,,,,,,,,,,,,,,,,,,,,,,,,,,,,,,,,,,,,,,,,,,,,,,,,,,,,,,,,,,,,,,,,,,,,,,,,,,,,,,,,,,,,,,,,,,,,,,,,,,,,,,,,,,,,,,,,,,,,,,,,,,,,,,,,,,,,,,,,,,,,,,,,,,,,,,,,,,,,,,,,,,,,,,,,,,,,,,,,,,,,,,,,,,,,,,,,,,,,,,,,,,,,,,,,,,,,,,,,,,,,,,,,,,,,,,,,,,,,,,,,,,,,,,,,,,,,,,,,,,,,,,,,,,,,,,,,,,,,,,,,,,,,,,,,,,,,,,,,,
500,qa4mphiv,,0,0,12,,,,0,,,0.0,,,,,,,,,,,,,,519akakd,,,,,0,Experiment_2_Skewness_Preference,https://app.prolific.com/submissions/complete?cc=C1BTHULB,0.0,1.0,500,,0.0,,1,1,500,,0.0,,,,,,,,,,,,,,,1,1,500,,0.0,,,,,,,,,,1,1,500,,0.0,0,0,0,0,0,0,0,0,0,FALSE,FALSE,1,1,,,,,,,,,,,,,,,,,,,,,,,,,,,,,,,,,,,,,,,,,,,,,,,,,,,,,,,,,,,,,,,,,,,,,,,,,,,,,,,,,,,,,,,,,,,,,,,,,,,,,,,,,,,,,,,,,,,,,,,,,,,,,,,,,,,,,,,,,,,,,,,,,,,,,,,,,,,,,,,,,,,,,,,,,,,,,,,,,,,,,,,,,,,,,,,,,,,,,,,,,,,,,,,,,,,,,,,,,,,,,,,,,,,,,,,,,,,,,,,,,,,,,,,,,,,,,,,,,,,,,,,,,,,,,,,,,,,,,,,,,,,,,,,,,,,,,,,,,,,,,,,,,,,,,,,,,,,,,,,,,,,,,,,,,,,,,,,,,,,,,,,,,,,,,,,,,,,,
501,qrs4nkew,,0,0,12,,,,0,,,0.0,,,,,,,,,,,,,,519akakd,,,,,0,Experiment_2_Skewness_Preference,https://app.prolific.com/submissions/complete?cc=C1BTHULB,0.0,1.0,501,,0.0,,1,1,501,,0.0,,,,,,,,,,,,,,,1,1,501,,0.0,,,,,,,,,,1,1,501,,0.0,0,0,0,0,0,0,0,0,0,FALSE,FALSE,1,1,,,,,,,,,,,,,,,,,,,,,,,,,,,,,,,,,,,,,,,,,,,,,,,,,,,,,,,,,,,,,,,,,,,,,,,,,,,,,,,,,,,,,,,,,,,,,,,,,,,,,,,,,,,,,,,,,,,,,,,,,,,,,,,,,,,,,,,,,,,,,,,,,,,,,,,,,,,,,,,,,,,,,,,,,,,,,,,,,,,,,,,,,,,,,,,,,,,,,,,,,,,,,,,,,,,,,,,,,,,,,,,,,,,,,,,,,,,,,,,,,,,,,,,,,,,,,,,,,,,,,,,,,,,,,,,,,,,,,,,,,,,,,,,,,,,,,,,,,,,,,,,,,,,,,,,,,,,,,,,,,,,,,,,,,,,,,,,,,,,,,,,,,,,,,,,,,,,,
502,hxzfr6xf,,0,0,12,,,,0,,,0.0,,,,,,,,,,,,,,519akakd,,,,,0,Experiment_2_Skewness_Preference,https://app.prolific.com/submissions/complete?cc=C1BTHULB,0.0,1.0,502,,0.0,,1,1,502,,0.0,,,,,,,,,,,,,,,1,1,502,,0.0,,,,,,,,,,1,1,502,,0.0,0,0,0,0,0,0,0,0,0,FALSE,FALSE,1,1,,,,,,,,,,,,,,,,,,,,,,,,,,,,,,,,,,,,,,,,,,,,,,,,,,,,,,,,,,,,,,,,,,,,,,,,,,,,,,,,,,,,,,,,,,,,,,,,,,,,,,,,,,,,,,,,,,,,,,,,,,,,,,,,,,,,,,,,,,,,,,,,,,,,,,,,,,,,,,,,,,,,,,,,,,,,,,,,,,,,,,,,,,,,,,,,,,,,,,,,,,,,,,,,,,,,,,,,,,,,,,,,,,,,,,,,,,,,,,,,,,,,,,,,,,,,,,,,,,,,,,,,,,,,,,,,,,,,,,,,,,,,,,,,,,,,,,,,,,,,,,,,,,,,,,,,,,,,,,,,,,,,,,,,,,,,,,,,,,,,,,,,,,,,,,,,,,,,
503,ogqbaalk,,0,0,12,,,,0,,,0.0,,,,,,,,,,,,,,519akakd,,,,,0,Experiment_2_Skewness_Preference,https://app.prolific.com/submissions/complete?cc=C1BTHULB,0.0,1.0,503,,0.0,,1,1,503,,0.0,,,,,,,,,,,,,,,1,1,503,,0.0,,,,,,,,,,1,1,503,,0.0,0,0,0,0,0,0,0,0,0,FALSE,FALSE,1,1,,,,,,,,,,,,,,,,,,,,,,,,,,,,,,,,,,,,,,,,,,,,,,,,,,,,,,,,,,,,,,,,,,,,,,,,,,,,,,,,,,,,,,,,,,,,,,,,,,,,,,,,,,,,,,,,,,,,,,,,,,,,,,,,,,,,,,,,,,,,,,,,,,,,,,,,,,,,,,,,,,,,,,,,,,,,,,,,,,,,,,,,,,,,,,,,,,,,,,,,,,,,,,,,,,,,,,,,,,,,,,,,,,,,,,,,,,,,,,,,,,,,,,,,,,,,,,,,,,,,,,,,,,,,,,,,,,,,,,,,,,,,,,,,,,,,,,,,,,,,,,,,,,,,,,,,,,,,,,,,,,,,,,,,,,,,,,,,,,,,,,,,,,,,,,,,,,,,
504,io4xol4a,,0,0,12,,,,0,,,0.0,,,,,,,,,,,,,,519akakd,,,,,0,Experiment_2_Skewness_Preference,https://app.prolific.com/submissions/complete?cc=C1BTHULB,0.0,1.0,504,,0.0,,1,1,504,,0.0,,,,,,,,,,,,,,,1,1,504,,0.0,,,,,,,,,,1,1,504,,0.0,0,0,0,0,0,0,0,0,0,FALSE,FALSE,1,1,,,,,,,,,,,,,,,,,,,,,,,,,,,,,,,,,,,,,,,,,,,,,,,,,,,,,,,,,,,,,,,,,,,,,,,,,,,,,,,,,,,,,,,,,,,,,,,,,,,,,,,,,,,,,,,,,,,,,,,,,,,,,,,,,,,,,,,,,,,,,,,,,,,,,,,,,,,,,,,,,,,,,,,,,,,,,,,,,,,,,,,,,,,,,,,,,,,,,,,,,,,,,,,,,,,,,,,,,,,,,,,,,,,,,,,,,,,,,,,,,,,,,,,,,,,,,,,,,,,,,,,,,,,,,,,,,,,,,,,,,,,,,,,,,,,,,,,,,,,,,,,,,,,,,,,,,,,,,,,,,,,,,,,,,,,,,,,,,,,,,,,,,,,,,,,,,,,,
505,n9xnxz91,,0,0,12,,,,0,,,0.0,,,,,,,,,,,,,,519akakd,,,,,0,Experiment_2_Skewness_Preference,https://app.prolific.com/submissions/complete?cc=C1BTHULB,0.0,1.0,505,,0.0,,1,1,505,,0.0,,,,,,,,,,,,,,,1,1,505,,0.0,,,,,,,,,,1,1,505,,0.0,0,0,0,0,0,0,0,0,0,FALSE,FALSE,1,1,,,,,,,,,,,,,,,,,,,,,,,,,,,,,,,,,,,,,,,,,,,,,,,,,,,,,,,,,,,,,,,,,,,,,,,,,,,,,,,,,,,,,,,,,,,,,,,,,,,,,,,,,,,,,,,,,,,,,,,,,,,,,,,,,,,,,,,,,,,,,,,,,,,,,,,,,,,,,,,,,,,,,,,,,,,,,,,,,,,,,,,,,,,,,,,,,,,,,,,,,,,,,,,,,,,,,,,,,,,,,,,,,,,,,,,,,,,,,,,,,,,,,,,,,,,,,,,,,,,,,,,,,,,,,,,,,,,,,,,,,,,,,,,,,,,,,,,,,,,,,,,,,,,,,,,,,,,,,,,,,,,,,,,,,,,,,,,,,,,,,,,,,,,,,,,,,,,,
506,swswjd1u,,0,0,12,,,,0,,,0.0,,,,,,,,,,,,,,519akakd,,,,,0,Experiment_2_Skewness_Preference,https://app.prolific.com/submissions/complete?cc=C1BTHULB,0.0,1.0,506,,0.0,,1,1,506,,0.0,,,,,,,,,,,,,,,1,1,506,,0.0,,,,,,,,,,1,1,506,,0.0,0,0,0,0,0,0,0,0,0,FALSE,FALSE,1,1,,,,,,,,,,,,,,,,,,,,,,,,,,,,,,,,,,,,,,,,,,,,,,,,,,,,,,,,,,,,,,,,,,,,,,,,,,,,,,,,,,,,,,,,,,,,,,,,,,,,,,,,,,,,,,,,,,,,,,,,,,,,,,,,,,,,,,,,,,,,,,,,,,,,,,,,,,,,,,,,,,,,,,,,,,,,,,,,,,,,,,,,,,,,,,,,,,,,,,,,,,,,,,,,,,,,,,,,,,,,,,,,,,,,,,,,,,,,,,,,,,,,,,,,,,,,,,,,,,,,,,,,,,,,,,,,,,,,,,,,,,,,,,,,,,,,,,,,,,,,,,,,,,,,,,,,,,,,,,,,,,,,,,,,,,,,,,,,,,,,,,,,,,,,,,,,,,,,
507,o4me7zm0,,0,0,12,,,,0,,,0.0,,,,,,,,,,,,,,519akakd,,,,,0,Experiment_2_Skewness_Preference,https://app.prolific.com/submissions/complete?cc=C1BTHULB,0.0,1.0,507,,0.0,,1,1,507,,0.0,,,,,,,,,,,,,,,1,1,507,,0.0,,,,,,,,,,1,1,507,,0.0,0,0,0,0,0,0,0,0,0,FALSE,FALSE,1,1,,,,,,,,,,,,,,,,,,,,,,,,,,,,,,,,,,,,,,,,,,,,,,,,,,,,,,,,,,,,,,,,,,,,,,,,,,,,,,,,,,,,,,,,,,,,,,,,,,,,,,,,,,,,,,,,,,,,,,,,,,,,,,,,,,,,,,,,,,,,,,,,,,,,,,,,,,,,,,,,,,,,,,,,,,,,,,,,,,,,,,,,,,,,,,,,,,,,,,,,,,,,,,,,,,,,,,,,,,,,,,,,,,,,,,,,,,,,,,,,,,,,,,,,,,,,,,,,,,,,,,,,,,,,,,,,,,,,,,,,,,,,,,,,,,,,,,,,,,,,,,,,,,,,,,,,,,,,,,,,,,,,,,,,,,,,,,,,,,,,,,,,,,,,,,,,,,,,
508,nt7vy94w,,0,0,12,,,,0,,,0.0,,,,,,,,,,,,,,519akakd,,,,,0,Experiment_2_Skewness_Preference,https://app.prolific.com/submissions/complete?cc=C1BTHULB,0.0,1.0,508,,0.0,,1,1,508,,0.0,,,,,,,,,,,,,,,1,1,508,,0.0,,,,,,,,,,1,1,508,,0.0,0,0,0,0,0,0,0,0,0,FALSE,FALSE,1,1,,,,,,,,,,,,,,,,,,,,,,,,,,,,,,,,,,,,,,,,,,,,,,,,,,,,,,,,,,,,,,,,,,,,,,,,,,,,,,,,,,,,,,,,,,,,,,,,,,,,,,,,,,,,,,,,,,,,,,,,,,,,,,,,,,,,,,,,,,,,,,,,,,,,,,,,,,,,,,,,,,,,,,,,,,,,,,,,,,,,,,,,,,,,,,,,,,,,,,,,,,,,,,,,,,,,,,,,,,,,,,,,,,,,,,,,,,,,,,,,,,,,,,,,,,,,,,,,,,,,,,,,,,,,,,,,,,,,,,,,,,,,,,,,,,,,,,,,,,,,,,,,,,,,,,,,,,,,,,,,,,,,,,,,,,,,,,,,,,,,,,,,,,,,,,,,,,,,
509,fpt9ub0h,,0,0,12,,,,0,,,0.0,,,,,,,,,,,,,,519akakd,,,,,0,Experiment_2_Skewness_Preference,https://app.prolific.com/submissions/complete?cc=C1BTHULB,0.0,1.0,509,,0.0,,1,1,509,,0.0,,,,,,,,,,,,,,,1,1,509,,0.0,,,,,,,,,,1,1,509,,0.0,0,0,0,0,0,0,0,0,0,FALSE,FALSE,1,1,,,,,,,,,,,,,,,,,,,,,,,,,,,,,,,,,,,,,,,,,,,,,,,,,,,,,,,,,,,,,,,,,,,,,,,,,,,,,,,,,,,,,,,,,,,,,,,,,,,,,,,,,,,,,,,,,,,,,,,,,,,,,,,,,,,,,,,,,,,,,,,,,,,,,,,,,,,,,,,,,,,,,,,,,,,,,,,,,,,,,,,,,,,,,,,,,,,,,,,,,,,,,,,,,,,,,,,,,,,,,,,,,,,,,,,,,,,,,,,,,,,,,,,,,,,,,,,,,,,,,,,,,,,,,,,,,,,,,,,,,,,,,,,,,,,,,,,,,,,,,,,,,,,,,,,,,,,,,,,,,,,,,,,,,,,,,,,,,,,,,,,,,,,,,,,,,,,,
510,1ft3gy85,,0,0,12,,,,0,,,0.0,,,,,,,,,,,,,,519akakd,,,,,0,Experiment_2_Skewness_Preference,https://app.prolific.com/submissions/complete?cc=C1BTHULB,0.0,1.0,510,,0.0,,1,1,510,,0.0,,,,,,,,,,,,,,,1,1,510,,0.0,,,,,,,,,,1,1,510,,0.0,0,0,0,0,0,0,0,0,0,FALSE,FALSE,1,1,,,,,,,,,,,,,,,,,,,,,,,,,,,,,,,,,,,,,,,,,,,,,,,,,,,,,,,,,,,,,,,,,,,,,,,,,,,,,,,,,,,,,,,,,,,,,,,,,,,,,,,,,,,,,,,,,,,,,,,,,,,,,,,,,,,,,,,,,,,,,,,,,,,,,,,,,,,,,,,,,,,,,,,,,,,,,,,,,,,,,,,,,,,,,,,,,,,,,,,,,,,,,,,,,,,,,,,,,,,,,,,,,,,,,,,,,,,,,,,,,,,,,,,,,,,,,,,,,,,,,,,,,,,,,,,,,,,,,,,,,,,,,,,,,,,,,,,,,,,,,,,,,,,,,,,,,,,,,,,,,,,,,,,,,,,,,,,,,,,,,,,,,,,,,,,,,,,,
511,cj9fz50m,,0,0,12,,,,0,,,0.0,,,,,,,,,,,,,,519akakd,,,,,0,Experiment_2_Skewness_Preference,https://app.prolific.com/submissions/complete?cc=C1BTHULB,0.0,1.0,511,,0.0,,1,1,511,,0.0,,,,,,,,,,,,,,,1,1,511,,0.0,,,,,,,,,,1,1,511,,0.0,0,0,0,0,0,0,0,0,0,FALSE,FALSE,1,1,,,,,,,,,,,,,,,,,,,,,,,,,,,,,,,,,,,,,,,,,,,,,,,,,,,,,,,,,,,,,,,,,,,,,,,,,,,,,,,,,,,,,,,,,,,,,,,,,,,,,,,,,,,,,,,,,,,,,,,,,,,,,,,,,,,,,,,,,,,,,,,,,,,,,,,,,,,,,,,,,,,,,,,,,,,,,,,,,,,,,,,,,,,,,,,,,,,,,,,,,,,,,,,,,,,,,,,,,,,,,,,,,,,,,,,,,,,,,,,,,,,,,,,,,,,,,,,,,,,,,,,,,,,,,,,,,,,,,,,,,,,,,,,,,,,,,,,,,,,,,,,,,,,,,,,,,,,,,,,,,,,,,,,,,,,,,,,,,,,,,,,,,,,,,,,,,,,,
512,5bro4i8z,,0,0,12,,,,0,,,0.0,,,,,,,,,,,,,,519akakd,,,,,0,Experiment_2_Skewness_Preference,https://app.prolific.com/submissions/complete?cc=C1BTHULB,0.0,1.0,512,,0.0,,1,1,512,,0.0,,,,,,,,,,,,,,,1,1,512,,0.0,,,,,,,,,,1,1,512,,0.0,0,0,0,0,0,0,0,0,0,FALSE,FALSE,1,1,,,,,,,,,,,,,,,,,,,,,,,,,,,,,,,,,,,,,,,,,,,,,,,,,,,,,,,,,,,,,,,,,,,,,,,,,,,,,,,,,,,,,,,,,,,,,,,,,,,,,,,,,,,,,,,,,,,,,,,,,,,,,,,,,,,,,,,,,,,,,,,,,,,,,,,,,,,,,,,,,,,,,,,,,,,,,,,,,,,,,,,,,,,,,,,,,,,,,,,,,,,,,,,,,,,,,,,,,,,,,,,,,,,,,,,,,,,,,,,,,,,,,,,,,,,,,,,,,,,,,,,,,,,,,,,,,,,,,,,,,,,,,,,,,,,,,,,,,,,,,,,,,,,,,,,,,,,,,,,,,,,,,,,,,,,,,,,,,,,,,,,,,,,,,,,,,,,,
513,swzrr4hd,,0,0,12,,,,0,,,0.0,,,,,,,,,,,,,,519akakd,,,,,0,Experiment_2_Skewness_Preference,https://app.prolific.com/submissions/complete?cc=C1BTHULB,0.0,1.0,513,,0.0,,1,1,513,,0.0,,,,,,,,,,,,,,,1,1,513,,0.0,,,,,,,,,,1,1,513,,0.0,0,0,0,0,0,0,0,0,0,FALSE,FALSE,1,1,,,,,,,,,,,,,,,,,,,,,,,,,,,,,,,,,,,,,,,,,,,,,,,,,,,,,,,,,,,,,,,,,,,,,,,,,,,,,,,,,,,,,,,,,,,,,,,,,,,,,,,,,,,,,,,,,,,,,,,,,,,,,,,,,,,,,,,,,,,,,,,,,,,,,,,,,,,,,,,,,,,,,,,,,,,,,,,,,,,,,,,,,,,,,,,,,,,,,,,,,,,,,,,,,,,,,,,,,,,,,,,,,,,,,,,,,,,,,,,,,,,,,,,,,,,,,,,,,,,,,,,,,,,,,,,,,,,,,,,,,,,,,,,,,,,,,,,,,,,,,,,,,,,,,,,,,,,,,,,,,,,,,,,,,,,,,,,,,,,,,,,,,,,,,,,,,,,,
514,t0a8qgkx,,0,0,12,,,,0,,,0.0,,,,,,,,,,,,,,519akakd,,,,,0,Experiment_2_Skewness_Preference,https://app.prolific.com/submissions/complete?cc=C1BTHULB,0.0,1.0,514,,0.0,,1,1,514,,0.0,,,,,,,,,,,,,,,1,1,514,,0.0,,,,,,,,,,1,1,514,,0.0,0,0,0,0,0,0,0,0,0,FALSE,FALSE,1,1,,,,,,,,,,,,,,,,,,,,,,,,,,,,,,,,,,,,,,,,,,,,,,,,,,,,,,,,,,,,,,,,,,,,,,,,,,,,,,,,,,,,,,,,,,,,,,,,,,,,,,,,,,,,,,,,,,,,,,,,,,,,,,,,,,,,,,,,,,,,,,,,,,,,,,,,,,,,,,,,,,,,,,,,,,,,,,,,,,,,,,,,,,,,,,,,,,,,,,,,,,,,,,,,,,,,,,,,,,,,,,,,,,,,,,,,,,,,,,,,,,,,,,,,,,,,,,,,,,,,,,,,,,,,,,,,,,,,,,,,,,,,,,,,,,,,,,,,,,,,,,,,,,,,,,,,,,,,,,,,,,,,,,,,,,,,,,,,,,,,,,,,,,,,,,,,,,,,
515,mhr2ypx4,,0,0,12,,,,0,,,0.0,,,,,,,,,,,,,,519akakd,,,,,0,Experiment_2_Skewness_Preference,https://app.prolific.com/submissions/complete?cc=C1BTHULB,0.0,1.0,515,,0.0,,1,1,515,,0.0,,,,,,,,,,,,,,,1,1,515,,0.0,,,,,,,,,,1,1,515,,0.0,0,0,0,0,0,0,0,0,0,FALSE,FALSE,1,1,,,,,,,,,,,,,,,,,,,,,,,,,,,,,,,,,,,,,,,,,,,,,,,,,,,,,,,,,,,,,,,,,,,,,,,,,,,,,,,,,,,,,,,,,,,,,,,,,,,,,,,,,,,,,,,,,,,,,,,,,,,,,,,,,,,,,,,,,,,,,,,,,,,,,,,,,,,,,,,,,,,,,,,,,,,,,,,,,,,,,,,,,,,,,,,,,,,,,,,,,,,,,,,,,,,,,,,,,,,,,,,,,,,,,,,,,,,,,,,,,,,,,,,,,,,,,,,,,,,,,,,,,,,,,,,,,,,,,,,,,,,,,,,,,,,,,,,,,,,,,,,,,,,,,,,,,,,,,,,,,,,,,,,,,,,,,,,,,,,,,,,,,,,,,,,,,,,,
516,9wc60rh3,,0,0,12,,,,0,,,0.0,,,,,,,,,,,,,,519akakd,,,,,0,Experiment_2_Skewness_Preference,https://app.prolific.com/submissions/complete?cc=C1BTHULB,0.0,1.0,516,,0.0,,1,1,516,,0.0,,,,,,,,,,,,,,,1,1,516,,0.0,,,,,,,,,,1,1,516,,0.0,0,0,0,0,0,0,0,0,0,FALSE,FALSE,1,1,,,,,,,,,,,,,,,,,,,,,,,,,,,,,,,,,,,,,,,,,,,,,,,,,,,,,,,,,,,,,,,,,,,,,,,,,,,,,,,,,,,,,,,,,,,,,,,,,,,,,,,,,,,,,,,,,,,,,,,,,,,,,,,,,,,,,,,,,,,,,,,,,,,,,,,,,,,,,,,,,,,,,,,,,,,,,,,,,,,,,,,,,,,,,,,,,,,,,,,,,,,,,,,,,,,,,,,,,,,,,,,,,,,,,,,,,,,,,,,,,,,,,,,,,,,,,,,,,,,,,,,,,,,,,,,,,,,,,,,,,,,,,,,,,,,,,,,,,,,,,,,,,,,,,,,,,,,,,,,,,,,,,,,,,,,,,,,,,,,,,,,,,,,,,,,,,,,,
517,esq8ac44,,0,0,12,,,,0,,,0.0,,,,,,,,,,,,,,519akakd,,,,,0,Experiment_2_Skewness_Preference,https://app.prolific.com/submissions/complete?cc=C1BTHULB,0.0,1.0,517,,0.0,,1,1,517,,0.0,,,,,,,,,,,,,,,1,1,517,,0.0,,,,,,,,,,1,1,517,,0.0,0,0,0,0,0,0,0,0,0,FALSE,FALSE,1,1,,,,,,,,,,,,,,,,,,,,,,,,,,,,,,,,,,,,,,,,,,,,,,,,,,,,,,,,,,,,,,,,,,,,,,,,,,,,,,,,,,,,,,,,,,,,,,,,,,,,,,,,,,,,,,,,,,,,,,,,,,,,,,,,,,,,,,,,,,,,,,,,,,,,,,,,,,,,,,,,,,,,,,,,,,,,,,,,,,,,,,,,,,,,,,,,,,,,,,,,,,,,,,,,,,,,,,,,,,,,,,,,,,,,,,,,,,,,,,,,,,,,,,,,,,,,,,,,,,,,,,,,,,,,,,,,,,,,,,,,,,,,,,,,,,,,,,,,,,,,,,,,,,,,,,,,,,,,,,,,,,,,,,,,,,,,,,,,,,,,,,,,,,,,,,,,,,,,
518,gxlf24lq,,0,0,12,,,,0,,,0.0,,,,,,,,,,,,,,519akakd,,,,,0,Experiment_2_Skewness_Preference,https://app.prolific.com/submissions/complete?cc=C1BTHULB,0.0,1.0,518,,0.0,,1,1,518,,0.0,,,,,,,,,,,,,,,1,1,518,,0.0,,,,,,,,,,1,1,518,,0.0,0,0,0,0,0,0,0,0,0,FALSE,FALSE,1,1,,,,,,,,,,,,,,,,,,,,,,,,,,,,,,,,,,,,,,,,,,,,,,,,,,,,,,,,,,,,,,,,,,,,,,,,,,,,,,,,,,,,,,,,,,,,,,,,,,,,,,,,,,,,,,,,,,,,,,,,,,,,,,,,,,,,,,,,,,,,,,,,,,,,,,,,,,,,,,,,,,,,,,,,,,,,,,,,,,,,,,,,,,,,,,,,,,,,,,,,,,,,,,,,,,,,,,,,,,,,,,,,,,,,,,,,,,,,,,,,,,,,,,,,,,,,,,,,,,,,,,,,,,,,,,,,,,,,,,,,,,,,,,,,,,,,,,,,,,,,,,,,,,,,,,,,,,,,,,,,,,,,,,,,,,,,,,,,,,,,,,,,,,,,,,,,,,,,
519,0954oc9w,,0,0,12,,,,0,,,0.0,,,,,,,,,,,,,,519akakd,,,,,0,Experiment_2_Skewness_Preference,https://app.prolific.com/submissions/complete?cc=C1BTHULB,0.0,1.0,519,,0.0,,1,1,519,,0.0,,,,,,,,,,,,,,,1,1,519,,0.0,,,,,,,,,,1,1,519,,0.0,0,0,0,0,0,0,0,0,0,FALSE,FALSE,1,1,,,,,,,,,,,,,,,,,,,,,,,,,,,,,,,,,,,,,,,,,,,,,,,,,,,,,,,,,,,,,,,,,,,,,,,,,,,,,,,,,,,,,,,,,,,,,,,,,,,,,,,,,,,,,,,,,,,,,,,,,,,,,,,,,,,,,,,,,,,,,,,,,,,,,,,,,,,,,,,,,,,,,,,,,,,,,,,,,,,,,,,,,,,,,,,,,,,,,,,,,,,,,,,,,,,,,,,,,,,,,,,,,,,,,,,,,,,,,,,,,,,,,,,,,,,,,,,,,,,,,,,,,,,,,,,,,,,,,,,,,,,,,,,,,,,,,,,,,,,,,,,,,,,,,,,,,,,,,,,,,,,,,,,,,,,,,,,,,,,,,,,,,,,,,,,,,,,,
520,ojaz88nw,,0,0,12,,,,0,,,0.0,,,,,,,,,,,,,,519akakd,,,,,0,Experiment_2_Skewness_Preference,https://app.prolific.com/submissions/complete?cc=C1BTHULB,0.0,1.0,520,,0.0,,1,1,520,,0.0,,,,,,,,,,,,,,,1,1,520,,0.0,,,,,,,,,,1,1,520,,0.0,0,0,0,0,0,0,0,0,0,FALSE,FALSE,1,1,,,,,,,,,,,,,,,,,,,,,,,,,,,,,,,,,,,,,,,,,,,,,,,,,,,,,,,,,,,,,,,,,,,,,,,,,,,,,,,,,,,,,,,,,,,,,,,,,,,,,,,,,,,,,,,,,,,,,,,,,,,,,,,,,,,,,,,,,,,,,,,,,,,,,,,,,,,,,,,,,,,,,,,,,,,,,,,,,,,,,,,,,,,,,,,,,,,,,,,,,,,,,,,,,,,,,,,,,,,,,,,,,,,,,,,,,,,,,,,,,,,,,,,,,,,,,,,,,,,,,,,,,,,,,,,,,,,,,,,,,,,,,,,,,,,,,,,,,,,,,,,,,,,,,,,,,,,,,,,,,,,,,,,,,,,,,,,,,,,,,,,,,,,,,,,,,,,,
521,fhmw7wep,,0,0,12,,,,0,,,0.0,,,,,,,,,,,,,,519akakd,,,,,0,Experiment_2_Skewness_Preference,https://app.prolific.com/submissions/complete?cc=C1BTHULB,0.0,1.0,521,,0.0,,1,1,521,,0.0,,,,,,,,,,,,,,,1,1,521,,0.0,,,,,,,,,,1,1,521,,0.0,0,0,0,0,0,0,0,0,0,FALSE,FALSE,1,1,,,,,,,,,,,,,,,,,,,,,,,,,,,,,,,,,,,,,,,,,,,,,,,,,,,,,,,,,,,,,,,,,,,,,,,,,,,,,,,,,,,,,,,,,,,,,,,,,,,,,,,,,,,,,,,,,,,,,,,,,,,,,,,,,,,,,,,,,,,,,,,,,,,,,,,,,,,,,,,,,,,,,,,,,,,,,,,,,,,,,,,,,,,,,,,,,,,,,,,,,,,,,,,,,,,,,,,,,,,,,,,,,,,,,,,,,,,,,,,,,,,,,,,,,,,,,,,,,,,,,,,,,,,,,,,,,,,,,,,,,,,,,,,,,,,,,,,,,,,,,,,,,,,,,,,,,,,,,,,,,,,,,,,,,,,,,,,,,,,,,,,,,,,,,,,,,,,,
522,xddidwam,,0,0,12,,,,0,,,0.0,,,,,,,,,,,,,,519akakd,,,,,0,Experiment_2_Skewness_Preference,https://app.prolific.com/submissions/complete?cc=C1BTHULB,0.0,1.0,522,,0.0,,1,1,522,,0.0,,,,,,,,,,,,,,,1,1,522,,0.0,,,,,,,,,,1,1,522,,0.0,0,0,0,0,0,0,0,0,0,FALSE,FALSE,1,1,,,,,,,,,,,,,,,,,,,,,,,,,,,,,,,,,,,,,,,,,,,,,,,,,,,,,,,,,,,,,,,,,,,,,,,,,,,,,,,,,,,,,,,,,,,,,,,,,,,,,,,,,,,,,,,,,,,,,,,,,,,,,,,,,,,,,,,,,,,,,,,,,,,,,,,,,,,,,,,,,,,,,,,,,,,,,,,,,,,,,,,,,,,,,,,,,,,,,,,,,,,,,,,,,,,,,,,,,,,,,,,,,,,,,,,,,,,,,,,,,,,,,,,,,,,,,,,,,,,,,,,,,,,,,,,,,,,,,,,,,,,,,,,,,,,,,,,,,,,,,,,,,,,,,,,,,,,,,,,,,,,,,,,,,,,,,,,,,,,,,,,,,,,,,,,,,,,,
523,4y1wawxe,,0,0,12,,,,0,,,0.0,,,,,,,,,,,,,,519akakd,,,,,0,Experiment_2_Skewness_Preference,https://app.prolific.com/submissions/complete?cc=C1BTHULB,0.0,1.0,523,,0.0,,1,1,523,,0.0,,,,,,,,,,,,,,,1,1,523,,0.0,,,,,,,,,,1,1,523,,0.0,0,0,0,0,0,0,0,0,0,FALSE,FALSE,1,1,,,,,,,,,,,,,,,,,,,,,,,,,,,,,,,,,,,,,,,,,,,,,,,,,,,,,,,,,,,,,,,,,,,,,,,,,,,,,,,,,,,,,,,,,,,,,,,,,,,,,,,,,,,,,,,,,,,,,,,,,,,,,,,,,,,,,,,,,,,,,,,,,,,,,,,,,,,,,,,,,,,,,,,,,,,,,,,,,,,,,,,,,,,,,,,,,,,,,,,,,,,,,,,,,,,,,,,,,,,,,,,,,,,,,,,,,,,,,,,,,,,,,,,,,,,,,,,,,,,,,,,,,,,,,,,,,,,,,,,,,,,,,,,,,,,,,,,,,,,,,,,,,,,,,,,,,,,,,,,,,,,,,,,,,,,,,,,,,,,,,,,,,,,,,,,,,,,,
524,qmg6j81c,,0,0,12,,,,0,,,0.0,,,,,,,,,,,,,,519akakd,,,,,0,Experiment_2_Skewness_Preference,https://app.prolific.com/submissions/complete?cc=C1BTHULB,0.0,1.0,524,,0.0,,1,1,524,,0.0,,,,,,,,,,,,,,,1,1,524,,0.0,,,,,,,,,,1,1,524,,0.0,0,0,0,0,0,0,0,0,0,FALSE,FALSE,1,1,,,,,,,,,,,,,,,,,,,,,,,,,,,,,,,,,,,,,,,,,,,,,,,,,,,,,,,,,,,,,,,,,,,,,,,,,,,,,,,,,,,,,,,,,,,,,,,,,,,,,,,,,,,,,,,,,,,,,,,,,,,,,,,,,,,,,,,,,,,,,,,,,,,,,,,,,,,,,,,,,,,,,,,,,,,,,,,,,,,,,,,,,,,,,,,,,,,,,,,,,,,,,,,,,,,,,,,,,,,,,,,,,,,,,,,,,,,,,,,,,,,,,,,,,,,,,,,,,,,,,,,,,,,,,,,,,,,,,,,,,,,,,,,,,,,,,,,,,,,,,,,,,,,,,,,,,,,,,,,,,,,,,,,,,,,,,,,,,,,,,,,,,,,,,,,,,,,,
525,x65kyckq,,0,0,12,,,,0,,,0.0,,,,,,,,,,,,,,519akakd,,,,,0,Experiment_2_Skewness_Preference,https://app.prolific.com/submissions/complete?cc=C1BTHULB,0.0,1.0,525,,0.0,,1,1,525,,0.0,,,,,,,,,,,,,,,1,1,525,,0.0,,,,,,,,,,1,1,525,,0.0,0,0,0,0,0,0,0,0,0,FALSE,FALSE,1,1,,,,,,,,,,,,,,,,,,,,,,,,,,,,,,,,,,,,,,,,,,,,,,,,,,,,,,,,,,,,,,,,,,,,,,,,,,,,,,,,,,,,,,,,,,,,,,,,,,,,,,,,,,,,,,,,,,,,,,,,,,,,,,,,,,,,,,,,,,,,,,,,,,,,,,,,,,,,,,,,,,,,,,,,,,,,,,,,,,,,,,,,,,,,,,,,,,,,,,,,,,,,,,,,,,,,,,,,,,,,,,,,,,,,,,,,,,,,,,,,,,,,,,,,,,,,,,,,,,,,,,,,,,,,,,,,,,,,,,,,,,,,,,,,,,,,,,,,,,,,,,,,,,,,,,,,,,,,,,,,,,,,,,,,,,,,,,,,,,,,,,,,,,,,,,,,,,,,
526,50nx5um5,,0,0,12,,,,0,,,0.0,,,,,,,,,,,,,,519akakd,,,,,0,Experiment_2_Skewness_Preference,https://app.prolific.com/submissions/complete?cc=C1BTHULB,0.0,1.0,526,,0.0,,1,1,526,,0.0,,,,,,,,,,,,,,,1,1,526,,0.0,,,,,,,,,,1,1,526,,0.0,0,0,0,0,0,0,0,0,0,FALSE,FALSE,1,1,,,,,,,,,,,,,,,,,,,,,,,,,,,,,,,,,,,,,,,,,,,,,,,,,,,,,,,,,,,,,,,,,,,,,,,,,,,,,,,,,,,,,,,,,,,,,,,,,,,,,,,,,,,,,,,,,,,,,,,,,,,,,,,,,,,,,,,,,,,,,,,,,,,,,,,,,,,,,,,,,,,,,,,,,,,,,,,,,,,,,,,,,,,,,,,,,,,,,,,,,,,,,,,,,,,,,,,,,,,,,,,,,,,,,,,,,,,,,,,,,,,,,,,,,,,,,,,,,,,,,,,,,,,,,,,,,,,,,,,,,,,,,,,,,,,,,,,,,,,,,,,,,,,,,,,,,,,,,,,,,,,,,,,,,,,,,,,,,,,,,,,,,,,,,,,,,,,,
527,kalms8eu,,0,0,12,,,,0,,,0.0,,,,,,,,,,,,,,519akakd,,,,,0,Experiment_2_Skewness_Preference,https://app.prolific.com/submissions/complete?cc=C1BTHULB,0.0,1.0,527,,0.0,,1,1,527,,0.0,,,,,,,,,,,,,,,1,1,527,,0.0,,,,,,,,,,1,1,527,,0.0,0,0,0,0,0,0,0,0,0,FALSE,FALSE,1,1,,,,,,,,,,,,,,,,,,,,,,,,,,,,,,,,,,,,,,,,,,,,,,,,,,,,,,,,,,,,,,,,,,,,,,,,,,,,,,,,,,,,,,,,,,,,,,,,,,,,,,,,,,,,,,,,,,,,,,,,,,,,,,,,,,,,,,,,,,,,,,,,,,,,,,,,,,,,,,,,,,,,,,,,,,,,,,,,,,,,,,,,,,,,,,,,,,,,,,,,,,,,,,,,,,,,,,,,,,,,,,,,,,,,,,,,,,,,,,,,,,,,,,,,,,,,,,,,,,,,,,,,,,,,,,,,,,,,,,,,,,,,,,,,,,,,,,,,,,,,,,,,,,,,,,,,,,,,,,,,,,,,,,,,,,,,,,,,,,,,,,,,,,,,,,,,,,,,
528,i1v92oxy,,0,0,12,,,,0,,,0.0,,,,,,,,,,,,,,519akakd,,,,,0,Experiment_2_Skewness_Preference,https://app.prolific.com/submissions/complete?cc=C1BTHULB,0.0,1.0,528,,0.0,,1,1,528,,0.0,,,,,,,,,,,,,,,1,1,528,,0.0,,,,,,,,,,1,1,528,,0.0,0,0,0,0,0,0,0,0,0,FALSE,FALSE,1,1,,,,,,,,,,,,,,,,,,,,,,,,,,,,,,,,,,,,,,,,,,,,,,,,,,,,,,,,,,,,,,,,,,,,,,,,,,,,,,,,,,,,,,,,,,,,,,,,,,,,,,,,,,,,,,,,,,,,,,,,,,,,,,,,,,,,,,,,,,,,,,,,,,,,,,,,,,,,,,,,,,,,,,,,,,,,,,,,,,,,,,,,,,,,,,,,,,,,,,,,,,,,,,,,,,,,,,,,,,,,,,,,,,,,,,,,,,,,,,,,,,,,,,,,,,,,,,,,,,,,,,,,,,,,,,,,,,,,,,,,,,,,,,,,,,,,,,,,,,,,,,,,,,,,,,,,,,,,,,,,,,,,,,,,,,,,,,,,,,,,,,,,,,,,,,,,,,,,
529,twzjfmt6,,0,0,12,,,,0,,,0.0,,,,,,,,,,,,,,519akakd,,,,,0,Experiment_2_Skewness_Preference,https://app.prolific.com/submissions/complete?cc=C1BTHULB,0.0,1.0,529,,0.0,,1,1,529,,0.0,,,,,,,,,,,,,,,1,1,529,,0.0,,,,,,,,,,1,1,529,,0.0,0,0,0,0,0,0,0,0,0,FALSE,FALSE,1,1,,,,,,,,,,,,,,,,,,,,,,,,,,,,,,,,,,,,,,,,,,,,,,,,,,,,,,,,,,,,,,,,,,,,,,,,,,,,,,,,,,,,,,,,,,,,,,,,,,,,,,,,,,,,,,,,,,,,,,,,,,,,,,,,,,,,,,,,,,,,,,,,,,,,,,,,,,,,,,,,,,,,,,,,,,,,,,,,,,,,,,,,,,,,,,,,,,,,,,,,,,,,,,,,,,,,,,,,,,,,,,,,,,,,,,,,,,,,,,,,,,,,,,,,,,,,,,,,,,,,,,,,,,,,,,,,,,,,,,,,,,,,,,,,,,,,,,,,,,,,,,,,,,,,,,,,,,,,,,,,,,,,,,,,,,,,,,,,,,,,,,,,,,,,,,,,,,,,
530,cij7q0eg,,0,0,12,,,,0,,,0.0,,,,,,,,,,,,,,519akakd,,,,,0,Experiment_2_Skewness_Preference,https://app.prolific.com/submissions/complete?cc=C1BTHULB,0.0,1.0,530,,0.0,,1,1,530,,0.0,,,,,,,,,,,,,,,1,1,530,,0.0,,,,,,,,,,1,1,530,,0.0,0,0,0,0,0,0,0,0,0,FALSE,FALSE,1,1,,,,,,,,,,,,,,,,,,,,,,,,,,,,,,,,,,,,,,,,,,,,,,,,,,,,,,,,,,,,,,,,,,,,,,,,,,,,,,,,,,,,,,,,,,,,,,,,,,,,,,,,,,,,,,,,,,,,,,,,,,,,,,,,,,,,,,,,,,,,,,,,,,,,,,,,,,,,,,,,,,,,,,,,,,,,,,,,,,,,,,,,,,,,,,,,,,,,,,,,,,,,,,,,,,,,,,,,,,,,,,,,,,,,,,,,,,,,,,,,,,,,,,,,,,,,,,,,,,,,,,,,,,,,,,,,,,,,,,,,,,,,,,,,,,,,,,,,,,,,,,,,,,,,,,,,,,,,,,,,,,,,,,,,,,,,,,,,,,,,,,,,,,,,,,,,,,,,
531,dyffp6ha,,0,0,12,,,,0,,,0.0,,,,,,,,,,,,,,519akakd,,,,,0,Experiment_2_Skewness_Preference,https://app.prolific.com/submissions/complete?cc=C1BTHULB,0.0,1.0,531,,0.0,,1,1,531,,0.0,,,,,,,,,,,,,,,1,1,531,,0.0,,,,,,,,,,1,1,531,,0.0,0,0,0,0,0,0,0,0,0,FALSE,FALSE,1,1,,,,,,,,,,,,,,,,,,,,,,,,,,,,,,,,,,,,,,,,,,,,,,,,,,,,,,,,,,,,,,,,,,,,,,,,,,,,,,,,,,,,,,,,,,,,,,,,,,,,,,,,,,,,,,,,,,,,,,,,,,,,,,,,,,,,,,,,,,,,,,,,,,,,,,,,,,,,,,,,,,,,,,,,,,,,,,,,,,,,,,,,,,,,,,,,,,,,,,,,,,,,,,,,,,,,,,,,,,,,,,,,,,,,,,,,,,,,,,,,,,,,,,,,,,,,,,,,,,,,,,,,,,,,,,,,,,,,,,,,,,,,,,,,,,,,,,,,,,,,,,,,,,,,,,,,,,,,,,,,,,,,,,,,,,,,,,,,,,,,,,,,,,,,,,,,,,,,
532,x501k7le,,0,0,12,,,,0,,,0.0,,,,,,,,,,,,,,519akakd,,,,,0,Experiment_2_Skewness_Preference,https://app.prolific.com/submissions/complete?cc=C1BTHULB,0.0,1.0,532,,0.0,,1,1,532,,0.0,,,,,,,,,,,,,,,1,1,532,,0.0,,,,,,,,,,1,1,532,,0.0,0,0,0,0,0,0,0,0,0,FALSE,FALSE,1,1,,,,,,,,,,,,,,,,,,,,,,,,,,,,,,,,,,,,,,,,,,,,,,,,,,,,,,,,,,,,,,,,,,,,,,,,,,,,,,,,,,,,,,,,,,,,,,,,,,,,,,,,,,,,,,,,,,,,,,,,,,,,,,,,,,,,,,,,,,,,,,,,,,,,,,,,,,,,,,,,,,,,,,,,,,,,,,,,,,,,,,,,,,,,,,,,,,,,,,,,,,,,,,,,,,,,,,,,,,,,,,,,,,,,,,,,,,,,,,,,,,,,,,,,,,,,,,,,,,,,,,,,,,,,,,,,,,,,,,,,,,,,,,,,,,,,,,,,,,,,,,,,,,,,,,,,,,,,,,,,,,,,,,,,,,,,,,,,,,,,,,,,,,,,,,,,,,,,
533,a53w5t2y,,0,0,12,,,,0,,,0.0,,,,,,,,,,,,,,519akakd,,,,,0,Experiment_2_Skewness_Preference,https://app.prolific.com/submissions/complete?cc=C1BTHULB,0.0,1.0,533,,0.0,,1,1,533,,0.0,,,,,,,,,,,,,,,1,1,533,,0.0,,,,,,,,,,1,1,533,,0.0,0,0,0,0,0,0,0,0,0,FALSE,FALSE,1,1,,,,,,,,,,,,,,,,,,,,,,,,,,,,,,,,,,,,,,,,,,,,,,,,,,,,,,,,,,,,,,,,,,,,,,,,,,,,,,,,,,,,,,,,,,,,,,,,,,,,,,,,,,,,,,,,,,,,,,,,,,,,,,,,,,,,,,,,,,,,,,,,,,,,,,,,,,,,,,,,,,,,,,,,,,,,,,,,,,,,,,,,,,,,,,,,,,,,,,,,,,,,,,,,,,,,,,,,,,,,,,,,,,,,,,,,,,,,,,,,,,,,,,,,,,,,,,,,,,,,,,,,,,,,,,,,,,,,,,,,,,,,,,,,,,,,,,,,,,,,,,,,,,,,,,,,,,,,,,,,,,,,,,,,,,,,,,,,,,,,,,,,,,,,,,,,,,,,
534,xonepee6,,0,0,12,,,,0,,,0.0,,,,,,,,,,,,,,519akakd,,,,,0,Experiment_2_Skewness_Preference,https://app.prolific.com/submissions/complete?cc=C1BTHULB,0.0,1.0,534,,0.0,,1,1,534,,0.0,,,,,,,,,,,,,,,1,1,534,,0.0,,,,,,,,,,1,1,534,,0.0,0,0,0,0,0,0,0,0,0,FALSE,FALSE,1,1,,,,,,,,,,,,,,,,,,,,,,,,,,,,,,,,,,,,,,,,,,,,,,,,,,,,,,,,,,,,,,,,,,,,,,,,,,,,,,,,,,,,,,,,,,,,,,,,,,,,,,,,,,,,,,,,,,,,,,,,,,,,,,,,,,,,,,,,,,,,,,,,,,,,,,,,,,,,,,,,,,,,,,,,,,,,,,,,,,,,,,,,,,,,,,,,,,,,,,,,,,,,,,,,,,,,,,,,,,,,,,,,,,,,,,,,,,,,,,,,,,,,,,,,,,,,,,,,,,,,,,,,,,,,,,,,,,,,,,,,,,,,,,,,,,,,,,,,,,,,,,,,,,,,,,,,,,,,,,,,,,,,,,,,,,,,,,,,,,,,,,,,,,,,,,,,,,,,
535,pe3jpxjs,,0,0,12,,,,0,,,0.0,,,,,,,,,,,,,,519akakd,,,,,0,Experiment_2_Skewness_Preference,https://app.prolific.com/submissions/complete?cc=C1BTHULB,0.0,1.0,535,,0.0,,1,1,535,,0.0,,,,,,,,,,,,,,,1,1,535,,0.0,,,,,,,,,,1,1,535,,0.0,0,0,0,0,0,0,0,0,0,FALSE,FALSE,1,1,,,,,,,,,,,,,,,,,,,,,,,,,,,,,,,,,,,,,,,,,,,,,,,,,,,,,,,,,,,,,,,,,,,,,,,,,,,,,,,,,,,,,,,,,,,,,,,,,,,,,,,,,,,,,,,,,,,,,,,,,,,,,,,,,,,,,,,,,,,,,,,,,,,,,,,,,,,,,,,,,,,,,,,,,,,,,,,,,,,,,,,,,,,,,,,,,,,,,,,,,,,,,,,,,,,,,,,,,,,,,,,,,,,,,,,,,,,,,,,,,,,,,,,,,,,,,,,,,,,,,,,,,,,,,,,,,,,,,,,,,,,,,,,,,,,,,,,,,,,,,,,,,,,,,,,,,,,,,,,,,,,,,,,,,,,,,,,,,,,,,,,,,,,,,,,,,,,,
536,ig4lngf2,,0,0,12,,,,0,,,0.0,,,,,,,,,,,,,,519akakd,,,,,0,Experiment_2_Skewness_Preference,https://app.prolific.com/submissions/complete?cc=C1BTHULB,0.0,1.0,536,,0.0,,1,1,536,,0.0,,,,,,,,,,,,,,,1,1,536,,0.0,,,,,,,,,,1,1,536,,0.0,0,0,0,0,0,0,0,0,0,FALSE,FALSE,1,1,,,,,,,,,,,,,,,,,,,,,,,,,,,,,,,,,,,,,,,,,,,,,,,,,,,,,,,,,,,,,,,,,,,,,,,,,,,,,,,,,,,,,,,,,,,,,,,,,,,,,,,,,,,,,,,,,,,,,,,,,,,,,,,,,,,,,,,,,,,,,,,,,,,,,,,,,,,,,,,,,,,,,,,,,,,,,,,,,,,,,,,,,,,,,,,,,,,,,,,,,,,,,,,,,,,,,,,,,,,,,,,,,,,,,,,,,,,,,,,,,,,,,,,,,,,,,,,,,,,,,,,,,,,,,,,,,,,,,,,,,,,,,,,,,,,,,,,,,,,,,,,,,,,,,,,,,,,,,,,,,,,,,,,,,,,,,,,,,,,,,,,,,,,,,,,,,,,,
537,t6oawg98,,0,0,12,,,,0,,,0.0,,,,,,,,,,,,,,519akakd,,,,,0,Experiment_2_Skewness_Preference,https://app.prolific.com/submissions/complete?cc=C1BTHULB,0.0,1.0,537,,0.0,,1,1,537,,0.0,,,,,,,,,,,,,,,1,1,537,,0.0,,,,,,,,,,1,1,537,,0.0,0,0,0,0,0,0,0,0,0,FALSE,FALSE,1,1,,,,,,,,,,,,,,,,,,,,,,,,,,,,,,,,,,,,,,,,,,,,,,,,,,,,,,,,,,,,,,,,,,,,,,,,,,,,,,,,,,,,,,,,,,,,,,,,,,,,,,,,,,,,,,,,,,,,,,,,,,,,,,,,,,,,,,,,,,,,,,,,,,,,,,,,,,,,,,,,,,,,,,,,,,,,,,,,,,,,,,,,,,,,,,,,,,,,,,,,,,,,,,,,,,,,,,,,,,,,,,,,,,,,,,,,,,,,,,,,,,,,,,,,,,,,,,,,,,,,,,,,,,,,,,,,,,,,,,,,,,,,,,,,,,,,,,,,,,,,,,,,,,,,,,,,,,,,,,,,,,,,,,,,,,,,,,,,,,,,,,,,,,,,,,,,,,,,
538,hgvnqk94,,0,0,12,,,,0,,,0.0,,,,,,,,,,,,,,519akakd,,,,,0,Experiment_2_Skewness_Preference,https://app.prolific.com/submissions/complete?cc=C1BTHULB,0.0,1.0,538,,0.0,,1,1,538,,0.0,,,,,,,,,,,,,,,1,1,538,,0.0,,,,,,,,,,1,1,538,,0.0,0,0,0,0,0,0,0,0,0,FALSE,FALSE,1,1,,,,,,,,,,,,,,,,,,,,,,,,,,,,,,,,,,,,,,,,,,,,,,,,,,,,,,,,,,,,,,,,,,,,,,,,,,,,,,,,,,,,,,,,,,,,,,,,,,,,,,,,,,,,,,,,,,,,,,,,,,,,,,,,,,,,,,,,,,,,,,,,,,,,,,,,,,,,,,,,,,,,,,,,,,,,,,,,,,,,,,,,,,,,,,,,,,,,,,,,,,,,,,,,,,,,,,,,,,,,,,,,,,,,,,,,,,,,,,,,,,,,,,,,,,,,,,,,,,,,,,,,,,,,,,,,,,,,,,,,,,,,,,,,,,,,,,,,,,,,,,,,,,,,,,,,,,,,,,,,,,,,,,,,,,,,,,,,,,,,,,,,,,,,,,,,,,,,
539,aj4pfr6l,,0,0,12,,,,0,,,0.0,,,,,,,,,,,,,,519akakd,,,,,0,Experiment_2_Skewness_Preference,https://app.prolific.com/submissions/complete?cc=C1BTHULB,0.0,1.0,539,,0.0,,1,1,539,,0.0,,,,,,,,,,,,,,,1,1,539,,0.0,,,,,,,,,,1,1,539,,0.0,0,0,0,0,0,0,0,0,0,FALSE,FALSE,1,1,,,,,,,,,,,,,,,,,,,,,,,,,,,,,,,,,,,,,,,,,,,,,,,,,,,,,,,,,,,,,,,,,,,,,,,,,,,,,,,,,,,,,,,,,,,,,,,,,,,,,,,,,,,,,,,,,,,,,,,,,,,,,,,,,,,,,,,,,,,,,,,,,,,,,,,,,,,,,,,,,,,,,,,,,,,,,,,,,,,,,,,,,,,,,,,,,,,,,,,,,,,,,,,,,,,,,,,,,,,,,,,,,,,,,,,,,,,,,,,,,,,,,,,,,,,,,,,,,,,,,,,,,,,,,,,,,,,,,,,,,,,,,,,,,,,,,,,,,,,,,,,,,,,,,,,,,,,,,,,,,,,,,,,,,,,,,,,,,,,,,,,,,,,,,,,,,,,,
540,5f1mbpxz,,0,0,12,,,,0,,,0.0,,,,,,,,,,,,,,519akakd,,,,,0,Experiment_2_Skewness_Preference,https://app.prolific.com/submissions/complete?cc=C1BTHULB,0.0,1.0,540,,0.0,,1,1,540,,0.0,,,,,,,,,,,,,,,1,1,540,,0.0,,,,,,,,,,1,1,540,,0.0,0,0,0,0,0,0,0,0,0,FALSE,FALSE,1,1,,,,,,,,,,,,,,,,,,,,,,,,,,,,,,,,,,,,,,,,,,,,,,,,,,,,,,,,,,,,,,,,,,,,,,,,,,,,,,,,,,,,,,,,,,,,,,,,,,,,,,,,,,,,,,,,,,,,,,,,,,,,,,,,,,,,,,,,,,,,,,,,,,,,,,,,,,,,,,,,,,,,,,,,,,,,,,,,,,,,,,,,,,,,,,,,,,,,,,,,,,,,,,,,,,,,,,,,,,,,,,,,,,,,,,,,,,,,,,,,,,,,,,,,,,,,,,,,,,,,,,,,,,,,,,,,,,,,,,,,,,,,,,,,,,,,,,,,,,,,,,,,,,,,,,,,,,,,,,,,,,,,,,,,,,,,,,,,,,,,,,,,,,,,,,,,,,,,
541,8i3lphdx,,0,0,12,,,,0,,,0.0,,,,,,,,,,,,,,519akakd,,,,,0,Experiment_2_Skewness_Preference,https://app.prolific.com/submissions/complete?cc=C1BTHULB,0.0,1.0,541,,0.0,,1,1,541,,0.0,,,,,,,,,,,,,,,1,1,541,,0.0,,,,,,,,,,1,1,541,,0.0,0,0,0,0,0,0,0,0,0,FALSE,FALSE,1,1,,,,,,,,,,,,,,,,,,,,,,,,,,,,,,,,,,,,,,,,,,,,,,,,,,,,,,,,,,,,,,,,,,,,,,,,,,,,,,,,,,,,,,,,,,,,,,,,,,,,,,,,,,,,,,,,,,,,,,,,,,,,,,,,,,,,,,,,,,,,,,,,,,,,,,,,,,,,,,,,,,,,,,,,,,,,,,,,,,,,,,,,,,,,,,,,,,,,,,,,,,,,,,,,,,,,,,,,,,,,,,,,,,,,,,,,,,,,,,,,,,,,,,,,,,,,,,,,,,,,,,,,,,,,,,,,,,,,,,,,,,,,,,,,,,,,,,,,,,,,,,,,,,,,,,,,,,,,,,,,,,,,,,,,,,,,,,,,,,,,,,,,,,,,,,,,,,,,
542,pqb5fz02,,0,0,12,,,,0,,,0.0,,,,,,,,,,,,,,519akakd,,,,,0,Experiment_2_Skewness_Preference,https://app.prolific.com/submissions/complete?cc=C1BTHULB,0.0,1.0,542,,0.0,,1,1,542,,0.0,,,,,,,,,,,,,,,1,1,542,,0.0,,,,,,,,,,1,1,542,,0.0,0,0,0,0,0,0,0,0,0,FALSE,FALSE,1,1,,,,,,,,,,,,,,,,,,,,,,,,,,,,,,,,,,,,,,,,,,,,,,,,,,,,,,,,,,,,,,,,,,,,,,,,,,,,,,,,,,,,,,,,,,,,,,,,,,,,,,,,,,,,,,,,,,,,,,,,,,,,,,,,,,,,,,,,,,,,,,,,,,,,,,,,,,,,,,,,,,,,,,,,,,,,,,,,,,,,,,,,,,,,,,,,,,,,,,,,,,,,,,,,,,,,,,,,,,,,,,,,,,,,,,,,,,,,,,,,,,,,,,,,,,,,,,,,,,,,,,,,,,,,,,,,,,,,,,,,,,,,,,,,,,,,,,,,,,,,,,,,,,,,,,,,,,,,,,,,,,,,,,,,,,,,,,,,,,,,,,,,,,,,,,,,,,,,
543,brf96a54,,0,0,12,,,,0,,,0.0,,,,,,,,,,,,,,519akakd,,,,,0,Experiment_2_Skewness_Preference,https://app.prolific.com/submissions/complete?cc=C1BTHULB,0.0,1.0,543,,0.0,,1,1,543,,0.0,,,,,,,,,,,,,,,1,1,543,,0.0,,,,,,,,,,1,1,543,,0.0,0,0,0,0,0,0,0,0,0,FALSE,FALSE,1,1,,,,,,,,,,,,,,,,,,,,,,,,,,,,,,,,,,,,,,,,,,,,,,,,,,,,,,,,,,,,,,,,,,,,,,,,,,,,,,,,,,,,,,,,,,,,,,,,,,,,,,,,,,,,,,,,,,,,,,,,,,,,,,,,,,,,,,,,,,,,,,,,,,,,,,,,,,,,,,,,,,,,,,,,,,,,,,,,,,,,,,,,,,,,,,,,,,,,,,,,,,,,,,,,,,,,,,,,,,,,,,,,,,,,,,,,,,,,,,,,,,,,,,,,,,,,,,,,,,,,,,,,,,,,,,,,,,,,,,,,,,,,,,,,,,,,,,,,,,,,,,,,,,,,,,,,,,,,,,,,,,,,,,,,,,,,,,,,,,,,,,,,,,,,,,,,,,,,
544,xw5v3eog,,0,0,12,,,,0,,,0.0,,,,,,,,,,,,,,519akakd,,,,,0,Experiment_2_Skewness_Preference,https://app.prolific.com/submissions/complete?cc=C1BTHULB,0.0,1.0,544,,0.0,,1,1,544,,0.0,,,,,,,,,,,,,,,1,1,544,,0.0,,,,,,,,,,1,1,544,,0.0,0,0,0,0,0,0,0,0,0,FALSE,FALSE,1,1,,,,,,,,,,,,,,,,,,,,,,,,,,,,,,,,,,,,,,,,,,,,,,,,,,,,,,,,,,,,,,,,,,,,,,,,,,,,,,,,,,,,,,,,,,,,,,,,,,,,,,,,,,,,,,,,,,,,,,,,,,,,,,,,,,,,,,,,,,,,,,,,,,,,,,,,,,,,,,,,,,,,,,,,,,,,,,,,,,,,,,,,,,,,,,,,,,,,,,,,,,,,,,,,,,,,,,,,,,,,,,,,,,,,,,,,,,,,,,,,,,,,,,,,,,,,,,,,,,,,,,,,,,,,,,,,,,,,,,,,,,,,,,,,,,,,,,,,,,,,,,,,,,,,,,,,,,,,,,,,,,,,,,,,,,,,,,,,,,,,,,,,,,,,,,,,,,,,
545,2gl6jq0v,,0,0,12,,,,0,,,0.0,,,,,,,,,,,,,,519akakd,,,,,0,Experiment_2_Skewness_Preference,https://app.prolific.com/submissions/complete?cc=C1BTHULB,0.0,1.0,545,,0.0,,1,1,545,,0.0,,,,,,,,,,,,,,,1,1,545,,0.0,,,,,,,,,,1,1,545,,0.0,0,0,0,0,0,0,0,0,0,FALSE,FALSE,1,1,,,,,,,,,,,,,,,,,,,,,,,,,,,,,,,,,,,,,,,,,,,,,,,,,,,,,,,,,,,,,,,,,,,,,,,,,,,,,,,,,,,,,,,,,,,,,,,,,,,,,,,,,,,,,,,,,,,,,,,,,,,,,,,,,,,,,,,,,,,,,,,,,,,,,,,,,,,,,,,,,,,,,,,,,,,,,,,,,,,,,,,,,,,,,,,,,,,,,,,,,,,,,,,,,,,,,,,,,,,,,,,,,,,,,,,,,,,,,,,,,,,,,,,,,,,,,,,,,,,,,,,,,,,,,,,,,,,,,,,,,,,,,,,,,,,,,,,,,,,,,,,,,,,,,,,,,,,,,,,,,,,,,,,,,,,,,,,,,,,,,,,,,,,,,,,,,,,,
546,00lsph3o,,0,0,12,,,,0,,,0.0,,,,,,,,,,,,,,519akakd,,,,,0,Experiment_2_Skewness_Preference,https://app.prolific.com/submissions/complete?cc=C1BTHULB,0.0,1.0,546,,0.0,,1,1,546,,0.0,,,,,,,,,,,,,,,1,1,546,,0.0,,,,,,,,,,1,1,546,,0.0,0,0,0,0,0,0,0,0,0,FALSE,FALSE,1,1,,,,,,,,,,,,,,,,,,,,,,,,,,,,,,,,,,,,,,,,,,,,,,,,,,,,,,,,,,,,,,,,,,,,,,,,,,,,,,,,,,,,,,,,,,,,,,,,,,,,,,,,,,,,,,,,,,,,,,,,,,,,,,,,,,,,,,,,,,,,,,,,,,,,,,,,,,,,,,,,,,,,,,,,,,,,,,,,,,,,,,,,,,,,,,,,,,,,,,,,,,,,,,,,,,,,,,,,,,,,,,,,,,,,,,,,,,,,,,,,,,,,,,,,,,,,,,,,,,,,,,,,,,,,,,,,,,,,,,,,,,,,,,,,,,,,,,,,,,,,,,,,,,,,,,,,,,,,,,,,,,,,,,,,,,,,,,,,,,,,,,,,,,,,,,,,,,,,
547,l6kxeyse,,0,0,12,,,,0,,,0.0,,,,,,,,,,,,,,519akakd,,,,,0,Experiment_2_Skewness_Preference,https://app.prolific.com/submissions/complete?cc=C1BTHULB,0.0,1.0,547,,0.0,,1,1,547,,0.0,,,,,,,,,,,,,,,1,1,547,,0.0,,,,,,,,,,1,1,547,,0.0,0,0,0,0,0,0,0,0,0,FALSE,FALSE,1,1,,,,,,,,,,,,,,,,,,,,,,,,,,,,,,,,,,,,,,,,,,,,,,,,,,,,,,,,,,,,,,,,,,,,,,,,,,,,,,,,,,,,,,,,,,,,,,,,,,,,,,,,,,,,,,,,,,,,,,,,,,,,,,,,,,,,,,,,,,,,,,,,,,,,,,,,,,,,,,,,,,,,,,,,,,,,,,,,,,,,,,,,,,,,,,,,,,,,,,,,,,,,,,,,,,,,,,,,,,,,,,,,,,,,,,,,,,,,,,,,,,,,,,,,,,,,,,,,,,,,,,,,,,,,,,,,,,,,,,,,,,,,,,,,,,,,,,,,,,,,,,,,,,,,,,,,,,,,,,,,,,,,,,,,,,,,,,,,,,,,,,,,,,,,,,,,,,,,
548,kcamqhkz,,0,0,12,,,,0,,,0.0,,,,,,,,,,,,,,519akakd,,,,,0,Experiment_2_Skewness_Preference,https://app.prolific.com/submissions/complete?cc=C1BTHULB,0.0,1.0,548,,0.0,,1,1,548,,0.0,,,,,,,,,,,,,,,1,1,548,,0.0,,,,,,,,,,1,1,548,,0.0,0,0,0,0,0,0,0,0,0,FALSE,FALSE,1,1,,,,,,,,,,,,,,,,,,,,,,,,,,,,,,,,,,,,,,,,,,,,,,,,,,,,,,,,,,,,,,,,,,,,,,,,,,,,,,,,,,,,,,,,,,,,,,,,,,,,,,,,,,,,,,,,,,,,,,,,,,,,,,,,,,,,,,,,,,,,,,,,,,,,,,,,,,,,,,,,,,,,,,,,,,,,,,,,,,,,,,,,,,,,,,,,,,,,,,,,,,,,,,,,,,,,,,,,,,,,,,,,,,,,,,,,,,,,,,,,,,,,,,,,,,,,,,,,,,,,,,,,,,,,,,,,,,,,,,,,,,,,,,,,,,,,,,,,,,,,,,,,,,,,,,,,,,,,,,,,,,,,,,,,,,,,,,,,,,,,,,,,,,,,,,,,,,,,
549,uwv4ae0l,,0,0,12,,,,0,,,0.0,,,,,,,,,,,,,,519akakd,,,,,0,Experiment_2_Skewness_Preference,https://app.prolific.com/submissions/complete?cc=C1BTHULB,0.0,1.0,549,,0.0,,1,1,549,,0.0,,,,,,,,,,,,,,,1,1,549,,0.0,,,,,,,,,,1,1,549,,0.0,0,0,0,0,0,0,0,0,0,FALSE,FALSE,1,1,,,,,,,,,,,,,,,,,,,,,,,,,,,,,,,,,,,,,,,,,,,,,,,,,,,,,,,,,,,,,,,,,,,,,,,,,,,,,,,,,,,,,,,,,,,,,,,,,,,,,,,,,,,,,,,,,,,,,,,,,,,,,,,,,,,,,,,,,,,,,,,,,,,,,,,,,,,,,,,,,,,,,,,,,,,,,,,,,,,,,,,,,,,,,,,,,,,,,,,,,,,,,,,,,,,,,,,,,,,,,,,,,,,,,,,,,,,,,,,,,,,,,,,,,,,,,,,,,,,,,,,,,,,,,,,,,,,,,,,,,,,,,,,,,,,,,,,,,,,,,,,,,,,,,,,,,,,,,,,,,,,,,,,,,,,,,,,,,,,,,,,,,,,,,,,,,,,,
550,otjs84gq,,0,0,12,,,,0,,,0.0,,,,,,,,,,,,,,519akakd,,,,,0,Experiment_2_Skewness_Preference,https://app.prolific.com/submissions/complete?cc=C1BTHULB,0.0,1.0,550,,0.0,,1,1,550,,0.0,,,,,,,,,,,,,,,1,1,550,,0.0,,,,,,,,,,1,1,550,,0.0,0,0,0,0,0,0,0,0,0,FALSE,FALSE,1,1,,,,,,,,,,,,,,,,,,,,,,,,,,,,,,,,,,,,,,,,,,,,,,,,,,,,,,,,,,,,,,,,,,,,,,,,,,,,,,,,,,,,,,,,,,,,,,,,,,,,,,,,,,,,,,,,,,,,,,,,,,,,,,,,,,,,,,,,,,,,,,,,,,,,,,,,,,,,,,,,,,,,,,,,,,,,,,,,,,,,,,,,,,,,,,,,,,,,,,,,,,,,,,,,,,,,,,,,,,,,,,,,,,,,,,,,,,,,,,,,,,,,,,,,,,,,,,,,,,,,,,,,,,,,,,,,,,,,,,,,,,,,,,,,,,,,,,,,,,,,,,,,,,,,,,,,,,,,,,,,,,,,,,,,,,,,,,,,,,,,,,,,,,,,,,,,,,,,
551,6p8a5teq,,0,0,12,,,,0,,,0.0,,,,,,,,,,,,,,519akakd,,,,,0,Experiment_2_Skewness_Preference,https://app.prolific.com/submissions/complete?cc=C1BTHULB,0.0,1.0,551,,0.0,,1,1,551,,0.0,,,,,,,,,,,,,,,1,1,551,,0.0,,,,,,,,,,1,1,551,,0.0,0,0,0,0,0,0,0,0,0,FALSE,FALSE,1,1,,,,,,,,,,,,,,,,,,,,,,,,,,,,,,,,,,,,,,,,,,,,,,,,,,,,,,,,,,,,,,,,,,,,,,,,,,,,,,,,,,,,,,,,,,,,,,,,,,,,,,,,,,,,,,,,,,,,,,,,,,,,,,,,,,,,,,,,,,,,,,,,,,,,,,,,,,,,,,,,,,,,,,,,,,,,,,,,,,,,,,,,,,,,,,,,,,,,,,,,,,,,,,,,,,,,,,,,,,,,,,,,,,,,,,,,,,,,,,,,,,,,,,,,,,,,,,,,,,,,,,,,,,,,,,,,,,,,,,,,,,,,,,,,,,,,,,,,,,,,,,,,,,,,,,,,,,,,,,,,,,,,,,,,,,,,,,,,,,,,,,,,,,,,,,,,,,,,
552,3oz77gp3,,0,0,12,,,,0,,,0.0,,,,,,,,,,,,,,519akakd,,,,,0,Experiment_2_Skewness_Preference,https://app.prolific.com/submissions/complete?cc=C1BTHULB,0.0,1.0,552,,0.0,,1,1,552,,0.0,,,,,,,,,,,,,,,1,1,552,,0.0,,,,,,,,,,1,1,552,,0.0,0,0,0,0,0,0,0,0,0,FALSE,FALSE,1,1,,,,,,,,,,,,,,,,,,,,,,,,,,,,,,,,,,,,,,,,,,,,,,,,,,,,,,,,,,,,,,,,,,,,,,,,,,,,,,,,,,,,,,,,,,,,,,,,,,,,,,,,,,,,,,,,,,,,,,,,,,,,,,,,,,,,,,,,,,,,,,,,,,,,,,,,,,,,,,,,,,,,,,,,,,,,,,,,,,,,,,,,,,,,,,,,,,,,,,,,,,,,,,,,,,,,,,,,,,,,,,,,,,,,,,,,,,,,,,,,,,,,,,,,,,,,,,,,,,,,,,,,,,,,,,,,,,,,,,,,,,,,,,,,,,,,,,,,,,,,,,,,,,,,,,,,,,,,,,,,,,,,,,,,,,,,,,,,,,,,,,,,,,,,,,,,,,,,
553,gq45qgyf,,0,0,12,,,,0,,,0.0,,,,,,,,,,,,,,519akakd,,,,,0,Experiment_2_Skewness_Preference,https://app.prolific.com/submissions/complete?cc=C1BTHULB,0.0,1.0,553,,0.0,,1,1,553,,0.0,,,,,,,,,,,,,,,1,1,553,,0.0,,,,,,,,,,1,1,553,,0.0,0,0,0,0,0,0,0,0,0,FALSE,FALSE,1,1,,,,,,,,,,,,,,,,,,,,,,,,,,,,,,,,,,,,,,,,,,,,,,,,,,,,,,,,,,,,,,,,,,,,,,,,,,,,,,,,,,,,,,,,,,,,,,,,,,,,,,,,,,,,,,,,,,,,,,,,,,,,,,,,,,,,,,,,,,,,,,,,,,,,,,,,,,,,,,,,,,,,,,,,,,,,,,,,,,,,,,,,,,,,,,,,,,,,,,,,,,,,,,,,,,,,,,,,,,,,,,,,,,,,,,,,,,,,,,,,,,,,,,,,,,,,,,,,,,,,,,,,,,,,,,,,,,,,,,,,,,,,,,,,,,,,,,,,,,,,,,,,,,,,,,,,,,,,,,,,,,,,,,,,,,,,,,,,,,,,,,,,,,,,,,,,,,,,
554,1aic0sno,,0,0,12,,,,0,,,0.0,,,,,,,,,,,,,,519akakd,,,,,0,Experiment_2_Skewness_Preference,https://app.prolific.com/submissions/complete?cc=C1BTHULB,0.0,1.0,554,,0.0,,1,1,554,,0.0,,,,,,,,,,,,,,,1,1,554,,0.0,,,,,,,,,,1,1,554,,0.0,0,0,0,0,0,0,0,0,0,FALSE,FALSE,1,1,,,,,,,,,,,,,,,,,,,,,,,,,,,,,,,,,,,,,,,,,,,,,,,,,,,,,,,,,,,,,,,,,,,,,,,,,,,,,,,,,,,,,,,,,,,,,,,,,,,,,,,,,,,,,,,,,,,,,,,,,,,,,,,,,,,,,,,,,,,,,,,,,,,,,,,,,,,,,,,,,,,,,,,,,,,,,,,,,,,,,,,,,,,,,,,,,,,,,,,,,,,,,,,,,,,,,,,,,,,,,,,,,,,,,,,,,,,,,,,,,,,,,,,,,,,,,,,,,,,,,,,,,,,,,,,,,,,,,,,,,,,,,,,,,,,,,,,,,,,,,,,,,,,,,,,,,,,,,,,,,,,,,,,,,,,,,,,,,,,,,,,,,,,,,,,,,,,,
555,tdhhgmpy,,0,0,12,,,,0,,,0.0,,,,,,,,,,,,,,519akakd,,,,,0,Experiment_2_Skewness_Preference,https://app.prolific.com/submissions/complete?cc=C1BTHULB,0.0,1.0,555,,0.0,,1,1,555,,0.0,,,,,,,,,,,,,,,1,1,555,,0.0,,,,,,,,,,1,1,555,,0.0,0,0,0,0,0,0,0,0,0,FALSE,FALSE,1,1,,,,,,,,,,,,,,,,,,,,,,,,,,,,,,,,,,,,,,,,,,,,,,,,,,,,,,,,,,,,,,,,,,,,,,,,,,,,,,,,,,,,,,,,,,,,,,,,,,,,,,,,,,,,,,,,,,,,,,,,,,,,,,,,,,,,,,,,,,,,,,,,,,,,,,,,,,,,,,,,,,,,,,,,,,,,,,,,,,,,,,,,,,,,,,,,,,,,,,,,,,,,,,,,,,,,,,,,,,,,,,,,,,,,,,,,,,,,,,,,,,,,,,,,,,,,,,,,,,,,,,,,,,,,,,,,,,,,,,,,,,,,,,,,,,,,,,,,,,,,,,,,,,,,,,,,,,,,,,,,,,,,,,,,,,,,,,,,,,,,,,,,,,,,,,,,,,,,
556,h631hvrd,,0,0,12,,,,0,,,0.0,,,,,,,,,,,,,,519akakd,,,,,0,Experiment_2_Skewness_Preference,https://app.prolific.com/submissions/complete?cc=C1BTHULB,0.0,1.0,556,,0.0,,1,1,556,,0.0,,,,,,,,,,,,,,,1,1,556,,0.0,,,,,,,,,,1,1,556,,0.0,0,0,0,0,0,0,0,0,0,FALSE,FALSE,1,1,,,,,,,,,,,,,,,,,,,,,,,,,,,,,,,,,,,,,,,,,,,,,,,,,,,,,,,,,,,,,,,,,,,,,,,,,,,,,,,,,,,,,,,,,,,,,,,,,,,,,,,,,,,,,,,,,,,,,,,,,,,,,,,,,,,,,,,,,,,,,,,,,,,,,,,,,,,,,,,,,,,,,,,,,,,,,,,,,,,,,,,,,,,,,,,,,,,,,,,,,,,,,,,,,,,,,,,,,,,,,,,,,,,,,,,,,,,,,,,,,,,,,,,,,,,,,,,,,,,,,,,,,,,,,,,,,,,,,,,,,,,,,,,,,,,,,,,,,,,,,,,,,,,,,,,,,,,,,,,,,,,,,,,,,,,,,,,,,,,,,,,,,,,,,,,,,,,,
557,65uzzzt0,,0,0,12,,,,0,,,0.0,,,,,,,,,,,,,,519akakd,,,,,0,Experiment_2_Skewness_Preference,https://app.prolific.com/submissions/complete?cc=C1BTHULB,0.0,1.0,557,,0.0,,1,1,557,,0.0,,,,,,,,,,,,,,,1,1,557,,0.0,,,,,,,,,,1,1,557,,0.0,0,0,0,0,0,0,0,0,0,FALSE,FALSE,1,1,,,,,,,,,,,,,,,,,,,,,,,,,,,,,,,,,,,,,,,,,,,,,,,,,,,,,,,,,,,,,,,,,,,,,,,,,,,,,,,,,,,,,,,,,,,,,,,,,,,,,,,,,,,,,,,,,,,,,,,,,,,,,,,,,,,,,,,,,,,,,,,,,,,,,,,,,,,,,,,,,,,,,,,,,,,,,,,,,,,,,,,,,,,,,,,,,,,,,,,,,,,,,,,,,,,,,,,,,,,,,,,,,,,,,,,,,,,,,,,,,,,,,,,,,,,,,,,,,,,,,,,,,,,,,,,,,,,,,,,,,,,,,,,,,,,,,,,,,,,,,,,,,,,,,,,,,,,,,,,,,,,,,,,,,,,,,,,,,,,,,,,,,,,,,,,,,,,,
558,1z56gopq,,0,0,12,,,,0,,,0.0,,,,,,,,,,,,,,519akakd,,,,,0,Experiment_2_Skewness_Preference,https://app.prolific.com/submissions/complete?cc=C1BTHULB,0.0,1.0,558,,0.0,,1,1,558,,0.0,,,,,,,,,,,,,,,1,1,558,,0.0,,,,,,,,,,1,1,558,,0.0,0,0,0,0,0,0,0,0,0,FALSE,FALSE,1,1,,,,,,,,,,,,,,,,,,,,,,,,,,,,,,,,,,,,,,,,,,,,,,,,,,,,,,,,,,,,,,,,,,,,,,,,,,,,,,,,,,,,,,,,,,,,,,,,,,,,,,,,,,,,,,,,,,,,,,,,,,,,,,,,,,,,,,,,,,,,,,,,,,,,,,,,,,,,,,,,,,,,,,,,,,,,,,,,,,,,,,,,,,,,,,,,,,,,,,,,,,,,,,,,,,,,,,,,,,,,,,,,,,,,,,,,,,,,,,,,,,,,,,,,,,,,,,,,,,,,,,,,,,,,,,,,,,,,,,,,,,,,,,,,,,,,,,,,,,,,,,,,,,,,,,,,,,,,,,,,,,,,,,,,,,,,,,,,,,,,,,,,,,,,,,,,,,,,
559,nt57w9bp,,0,0,12,,,,0,,,0.0,,,,,,,,,,,,,,519akakd,,,,,0,Experiment_2_Skewness_Preference,https://app.prolific.com/submissions/complete?cc=C1BTHULB,0.0,1.0,559,,0.0,,1,1,559,,0.0,,,,,,,,,,,,,,,1,1,559,,0.0,,,,,,,,,,1,1,559,,0.0,0,0,0,0,0,0,0,0,0,FALSE,FALSE,1,1,,,,,,,,,,,,,,,,,,,,,,,,,,,,,,,,,,,,,,,,,,,,,,,,,,,,,,,,,,,,,,,,,,,,,,,,,,,,,,,,,,,,,,,,,,,,,,,,,,,,,,,,,,,,,,,,,,,,,,,,,,,,,,,,,,,,,,,,,,,,,,,,,,,,,,,,,,,,,,,,,,,,,,,,,,,,,,,,,,,,,,,,,,,,,,,,,,,,,,,,,,,,,,,,,,,,,,,,,,,,,,,,,,,,,,,,,,,,,,,,,,,,,,,,,,,,,,,,,,,,,,,,,,,,,,,,,,,,,,,,,,,,,,,,,,,,,,,,,,,,,,,,,,,,,,,,,,,,,,,,,,,,,,,,,,,,,,,,,,,,,,,,,,,,,,,,,,,,
560,6jahdyi0,,0,0,12,,,,0,,,0.0,,,,,,,,,,,,,,519akakd,,,,,0,Experiment_2_Skewness_Preference,https://app.prolific.com/submissions/complete?cc=C1BTHULB,0.0,1.0,560,,0.0,,1,1,560,,0.0,,,,,,,,,,,,,,,1,1,560,,0.0,,,,,,,,,,1,1,560,,0.0,0,0,0,0,0,0,0,0,0,FALSE,FALSE,1,1,,,,,,,,,,,,,,,,,,,,,,,,,,,,,,,,,,,,,,,,,,,,,,,,,,,,,,,,,,,,,,,,,,,,,,,,,,,,,,,,,,,,,,,,,,,,,,,,,,,,,,,,,,,,,,,,,,,,,,,,,,,,,,,,,,,,,,,,,,,,,,,,,,,,,,,,,,,,,,,,,,,,,,,,,,,,,,,,,,,,,,,,,,,,,,,,,,,,,,,,,,,,,,,,,,,,,,,,,,,,,,,,,,,,,,,,,,,,,,,,,,,,,,,,,,,,,,,,,,,,,,,,,,,,,,,,,,,,,,,,,,,,,,,,,,,,,,,,,,,,,,,,,,,,,,,,,,,,,,,,,,,,,,,,,,,,,,,,,,,,,,,,,,,,,,,,,,,,
561,69h2s3qa,,0,0,12,,,,0,,,0.0,,,,,,,,,,,,,,519akakd,,,,,0,Experiment_2_Skewness_Preference,https://app.prolific.com/submissions/complete?cc=C1BTHULB,0.0,1.0,561,,0.0,,1,1,561,,0.0,,,,,,,,,,,,,,,1,1,561,,0.0,,,,,,,,,,1,1,561,,0.0,0,0,0,0,0,0,0,0,0,FALSE,FALSE,1,1,,,,,,,,,,,,,,,,,,,,,,,,,,,,,,,,,,,,,,,,,,,,,,,,,,,,,,,,,,,,,,,,,,,,,,,,,,,,,,,,,,,,,,,,,,,,,,,,,,,,,,,,,,,,,,,,,,,,,,,,,,,,,,,,,,,,,,,,,,,,,,,,,,,,,,,,,,,,,,,,,,,,,,,,,,,,,,,,,,,,,,,,,,,,,,,,,,,,,,,,,,,,,,,,,,,,,,,,,,,,,,,,,,,,,,,,,,,,,,,,,,,,,,,,,,,,,,,,,,,,,,,,,,,,,,,,,,,,,,,,,,,,,,,,,,,,,,,,,,,,,,,,,,,,,,,,,,,,,,,,,,,,,,,,,,,,,,,,,,,,,,,,,,,,,,,,,,,,
562,7upldpp0,,0,0,12,,,,0,,,0.0,,,,,,,,,,,,,,519akakd,,,,,0,Experiment_2_Skewness_Preference,https://app.prolific.com/submissions/complete?cc=C1BTHULB,0.0,1.0,562,,0.0,,1,1,562,,0.0,,,,,,,,,,,,,,,1,1,562,,0.0,,,,,,,,,,1,1,562,,0.0,0,0,0,0,0,0,0,0,0,FALSE,FALSE,1,1,,,,,,,,,,,,,,,,,,,,,,,,,,,,,,,,,,,,,,,,,,,,,,,,,,,,,,,,,,,,,,,,,,,,,,,,,,,,,,,,,,,,,,,,,,,,,,,,,,,,,,,,,,,,,,,,,,,,,,,,,,,,,,,,,,,,,,,,,,,,,,,,,,,,,,,,,,,,,,,,,,,,,,,,,,,,,,,,,,,,,,,,,,,,,,,,,,,,,,,,,,,,,,,,,,,,,,,,,,,,,,,,,,,,,,,,,,,,,,,,,,,,,,,,,,,,,,,,,,,,,,,,,,,,,,,,,,,,,,,,,,,,,,,,,,,,,,,,,,,,,,,,,,,,,,,,,,,,,,,,,,,,,,,,,,,,,,,,,,,,,,,,,,,,,,,,,,,,
563,cq207z1h,,0,0,12,,,,0,,,0.0,,,,,,,,,,,,,,519akakd,,,,,0,Experiment_2_Skewness_Preference,https://app.prolific.com/submissions/complete?cc=C1BTHULB,0.0,1.0,563,,0.0,,1,1,563,,0.0,,,,,,,,,,,,,,,1,1,563,,0.0,,,,,,,,,,1,1,563,,0.0,0,0,0,0,0,0,0,0,0,FALSE,FALSE,1,1,,,,,,,,,,,,,,,,,,,,,,,,,,,,,,,,,,,,,,,,,,,,,,,,,,,,,,,,,,,,,,,,,,,,,,,,,,,,,,,,,,,,,,,,,,,,,,,,,,,,,,,,,,,,,,,,,,,,,,,,,,,,,,,,,,,,,,,,,,,,,,,,,,,,,,,,,,,,,,,,,,,,,,,,,,,,,,,,,,,,,,,,,,,,,,,,,,,,,,,,,,,,,,,,,,,,,,,,,,,,,,,,,,,,,,,,,,,,,,,,,,,,,,,,,,,,,,,,,,,,,,,,,,,,,,,,,,,,,,,,,,,,,,,,,,,,,,,,,,,,,,,,,,,,,,,,,,,,,,,,,,,,,,,,,,,,,,,,,,,,,,,,,,,,,,,,,,,,
564,kc8h7kmn,,0,0,12,,,,0,,,0.0,,,,,,,,,,,,,,519akakd,,,,,0,Experiment_2_Skewness_Preference,https://app.prolific.com/submissions/complete?cc=C1BTHULB,0.0,1.0,564,,0.0,,1,1,564,,0.0,,,,,,,,,,,,,,,1,1,564,,0.0,,,,,,,,,,1,1,564,,0.0,0,0,0,0,0,0,0,0,0,FALSE,FALSE,1,1,,,,,,,,,,,,,,,,,,,,,,,,,,,,,,,,,,,,,,,,,,,,,,,,,,,,,,,,,,,,,,,,,,,,,,,,,,,,,,,,,,,,,,,,,,,,,,,,,,,,,,,,,,,,,,,,,,,,,,,,,,,,,,,,,,,,,,,,,,,,,,,,,,,,,,,,,,,,,,,,,,,,,,,,,,,,,,,,,,,,,,,,,,,,,,,,,,,,,,,,,,,,,,,,,,,,,,,,,,,,,,,,,,,,,,,,,,,,,,,,,,,,,,,,,,,,,,,,,,,,,,,,,,,,,,,,,,,,,,,,,,,,,,,,,,,,,,,,,,,,,,,,,,,,,,,,,,,,,,,,,,,,,,,,,,,,,,,,,,,,,,,,,,,,,,,,,,,,
565,1dhcfbks,,0,0,12,,,,0,,,0.0,,,,,,,,,,,,,,519akakd,,,,,0,Experiment_2_Skewness_Preference,https://app.prolific.com/submissions/complete?cc=C1BTHULB,0.0,1.0,565,,0.0,,1,1,565,,0.0,,,,,,,,,,,,,,,1,1,565,,0.0,,,,,,,,,,1,1,565,,0.0,0,0,0,0,0,0,0,0,0,FALSE,FALSE,1,1,,,,,,,,,,,,,,,,,,,,,,,,,,,,,,,,,,,,,,,,,,,,,,,,,,,,,,,,,,,,,,,,,,,,,,,,,,,,,,,,,,,,,,,,,,,,,,,,,,,,,,,,,,,,,,,,,,,,,,,,,,,,,,,,,,,,,,,,,,,,,,,,,,,,,,,,,,,,,,,,,,,,,,,,,,,,,,,,,,,,,,,,,,,,,,,,,,,,,,,,,,,,,,,,,,,,,,,,,,,,,,,,,,,,,,,,,,,,,,,,,,,,,,,,,,,,,,,,,,,,,,,,,,,,,,,,,,,,,,,,,,,,,,,,,,,,,,,,,,,,,,,,,,,,,,,,,,,,,,,,,,,,,,,,,,,,,,,,,,,,,,,,,,,,,,,,,,,,
566,wyn9580y,,0,0,12,,,,0,,,0.0,,,,,,,,,,,,,,519akakd,,,,,0,Experiment_2_Skewness_Preference,https://app.prolific.com/submissions/complete?cc=C1BTHULB,0.0,1.0,566,,0.0,,1,1,566,,0.0,,,,,,,,,,,,,,,1,1,566,,0.0,,,,,,,,,,1,1,566,,0.0,0,0,0,0,0,0,0,0,0,FALSE,FALSE,1,1,,,,,,,,,,,,,,,,,,,,,,,,,,,,,,,,,,,,,,,,,,,,,,,,,,,,,,,,,,,,,,,,,,,,,,,,,,,,,,,,,,,,,,,,,,,,,,,,,,,,,,,,,,,,,,,,,,,,,,,,,,,,,,,,,,,,,,,,,,,,,,,,,,,,,,,,,,,,,,,,,,,,,,,,,,,,,,,,,,,,,,,,,,,,,,,,,,,,,,,,,,,,,,,,,,,,,,,,,,,,,,,,,,,,,,,,,,,,,,,,,,,,,,,,,,,,,,,,,,,,,,,,,,,,,,,,,,,,,,,,,,,,,,,,,,,,,,,,,,,,,,,,,,,,,,,,,,,,,,,,,,,,,,,,,,,,,,,,,,,,,,,,,,,,,,,,,,,,
567,fs513o6j,,0,0,12,,,,0,,,0.0,,,,,,,,,,,,,,519akakd,,,,,0,Experiment_2_Skewness_Preference,https://app.prolific.com/submissions/complete?cc=C1BTHULB,0.0,1.0,567,,0.0,,1,1,567,,0.0,,,,,,,,,,,,,,,1,1,567,,0.0,,,,,,,,,,1,1,567,,0.0,0,0,0,0,0,0,0,0,0,FALSE,FALSE,1,1,,,,,,,,,,,,,,,,,,,,,,,,,,,,,,,,,,,,,,,,,,,,,,,,,,,,,,,,,,,,,,,,,,,,,,,,,,,,,,,,,,,,,,,,,,,,,,,,,,,,,,,,,,,,,,,,,,,,,,,,,,,,,,,,,,,,,,,,,,,,,,,,,,,,,,,,,,,,,,,,,,,,,,,,,,,,,,,,,,,,,,,,,,,,,,,,,,,,,,,,,,,,,,,,,,,,,,,,,,,,,,,,,,,,,,,,,,,,,,,,,,,,,,,,,,,,,,,,,,,,,,,,,,,,,,,,,,,,,,,,,,,,,,,,,,,,,,,,,,,,,,,,,,,,,,,,,,,,,,,,,,,,,,,,,,,,,,,,,,,,,,,,,,,,,,,,,,,,
568,3xi0g756,,0,0,12,,,,0,,,0.0,,,,,,,,,,,,,,519akakd,,,,,0,Experiment_2_Skewness_Preference,https://app.prolific.com/submissions/complete?cc=C1BTHULB,0.0,1.0,568,,0.0,,1,1,568,,0.0,,,,,,,,,,,,,,,1,1,568,,0.0,,,,,,,,,,1,1,568,,0.0,0,0,0,0,0,0,0,0,0,FALSE,FALSE,1,1,,,,,,,,,,,,,,,,,,,,,,,,,,,,,,,,,,,,,,,,,,,,,,,,,,,,,,,,,,,,,,,,,,,,,,,,,,,,,,,,,,,,,,,,,,,,,,,,,,,,,,,,,,,,,,,,,,,,,,,,,,,,,,,,,,,,,,,,,,,,,,,,,,,,,,,,,,,,,,,,,,,,,,,,,,,,,,,,,,,,,,,,,,,,,,,,,,,,,,,,,,,,,,,,,,,,,,,,,,,,,,,,,,,,,,,,,,,,,,,,,,,,,,,,,,,,,,,,,,,,,,,,,,,,,,,,,,,,,,,,,,,,,,,,,,,,,,,,,,,,,,,,,,,,,,,,,,,,,,,,,,,,,,,,,,,,,,,,,,,,,,,,,,,,,,,,,,,,
569,j1dail07,,0,0,12,,,,0,,,0.0,,,,,,,,,,,,,,519akakd,,,,,0,Experiment_2_Skewness_Preference,https://app.prolific.com/submissions/complete?cc=C1BTHULB,0.0,1.0,569,,0.0,,1,1,569,,0.0,,,,,,,,,,,,,,,1,1,569,,0.0,,,,,,,,,,1,1,569,,0.0,0,0,0,0,0,0,0,0,0,FALSE,FALSE,1,1,,,,,,,,,,,,,,,,,,,,,,,,,,,,,,,,,,,,,,,,,,,,,,,,,,,,,,,,,,,,,,,,,,,,,,,,,,,,,,,,,,,,,,,,,,,,,,,,,,,,,,,,,,,,,,,,,,,,,,,,,,,,,,,,,,,,,,,,,,,,,,,,,,,,,,,,,,,,,,,,,,,,,,,,,,,,,,,,,,,,,,,,,,,,,,,,,,,,,,,,,,,,,,,,,,,,,,,,,,,,,,,,,,,,,,,,,,,,,,,,,,,,,,,,,,,,,,,,,,,,,,,,,,,,,,,,,,,,,,,,,,,,,,,,,,,,,,,,,,,,,,,,,,,,,,,,,,,,,,,,,,,,,,,,,,,,,,,,,,,,,,,,,,,,,,,,,,,,
570,8elu4r9n,,0,0,12,,,,0,,,0.0,,,,,,,,,,,,,,519akakd,,,,,0,Experiment_2_Skewness_Preference,https://app.prolific.com/submissions/complete?cc=C1BTHULB,0.0,1.0,570,,0.0,,1,1,570,,0.0,,,,,,,,,,,,,,,1,1,570,,0.0,,,,,,,,,,1,1,570,,0.0,0,0,0,0,0,0,0,0,0,FALSE,FALSE,1,1,,,,,,,,,,,,,,,,,,,,,,,,,,,,,,,,,,,,,,,,,,,,,,,,,,,,,,,,,,,,,,,,,,,,,,,,,,,,,,,,,,,,,,,,,,,,,,,,,,,,,,,,,,,,,,,,,,,,,,,,,,,,,,,,,,,,,,,,,,,,,,,,,,,,,,,,,,,,,,,,,,,,,,,,,,,,,,,,,,,,,,,,,,,,,,,,,,,,,,,,,,,,,,,,,,,,,,,,,,,,,,,,,,,,,,,,,,,,,,,,,,,,,,,,,,,,,,,,,,,,,,,,,,,,,,,,,,,,,,,,,,,,,,,,,,,,,,,,,,,,,,,,,,,,,,,,,,,,,,,,,,,,,,,,,,,,,,,,,,,,,,,,,,,,,,,,,,,,
571,8lunupl5,,0,0,12,,,,0,,,0.0,,,,,,,,,,,,,,519akakd,,,,,0,Experiment_2_Skewness_Preference,https://app.prolific.com/submissions/complete?cc=C1BTHULB,0.0,1.0,571,,0.0,,1,1,571,,0.0,,,,,,,,,,,,,,,1,1,571,,0.0,,,,,,,,,,1,1,571,,0.0,0,0,0,0,0,0,0,0,0,FALSE,FALSE,1,1,,,,,,,,,,,,,,,,,,,,,,,,,,,,,,,,,,,,,,,,,,,,,,,,,,,,,,,,,,,,,,,,,,,,,,,,,,,,,,,,,,,,,,,,,,,,,,,,,,,,,,,,,,,,,,,,,,,,,,,,,,,,,,,,,,,,,,,,,,,,,,,,,,,,,,,,,,,,,,,,,,,,,,,,,,,,,,,,,,,,,,,,,,,,,,,,,,,,,,,,,,,,,,,,,,,,,,,,,,,,,,,,,,,,,,,,,,,,,,,,,,,,,,,,,,,,,,,,,,,,,,,,,,,,,,,,,,,,,,,,,,,,,,,,,,,,,,,,,,,,,,,,,,,,,,,,,,,,,,,,,,,,,,,,,,,,,,,,,,,,,,,,,,,,,,,,,,,,
572,2v2mwdb8,,0,0,12,,,,0,,,0.0,,,,,,,,,,,,,,519akakd,,,,,0,Experiment_2_Skewness_Preference,https://app.prolific.com/submissions/complete?cc=C1BTHULB,0.0,1.0,572,,0.0,,1,1,572,,0.0,,,,,,,,,,,,,,,1,1,572,,0.0,,,,,,,,,,1,1,572,,0.0,0,0,0,0,0,0,0,0,0,FALSE,FALSE,1,1,,,,,,,,,,,,,,,,,,,,,,,,,,,,,,,,,,,,,,,,,,,,,,,,,,,,,,,,,,,,,,,,,,,,,,,,,,,,,,,,,,,,,,,,,,,,,,,,,,,,,,,,,,,,,,,,,,,,,,,,,,,,,,,,,,,,,,,,,,,,,,,,,,,,,,,,,,,,,,,,,,,,,,,,,,,,,,,,,,,,,,,,,,,,,,,,,,,,,,,,,,,,,,,,,,,,,,,,,,,,,,,,,,,,,,,,,,,,,,,,,,,,,,,,,,,,,,,,,,,,,,,,,,,,,,,,,,,,,,,,,,,,,,,,,,,,,,,,,,,,,,,,,,,,,,,,,,,,,,,,,,,,,,,,,,,,,,,,,,,,,,,,,,,,,,,,,,,,
573,y2dmpnfx,,0,0,12,,,,0,,,0.0,,,,,,,,,,,,,,519akakd,,,,,0,Experiment_2_Skewness_Preference,https://app.prolific.com/submissions/complete?cc=C1BTHULB,0.0,1.0,573,,0.0,,1,1,573,,0.0,,,,,,,,,,,,,,,1,1,573,,0.0,,,,,,,,,,1,1,573,,0.0,0,0,0,0,0,0,0,0,0,FALSE,FALSE,1,1,,,,,,,,,,,,,,,,,,,,,,,,,,,,,,,,,,,,,,,,,,,,,,,,,,,,,,,,,,,,,,,,,,,,,,,,,,,,,,,,,,,,,,,,,,,,,,,,,,,,,,,,,,,,,,,,,,,,,,,,,,,,,,,,,,,,,,,,,,,,,,,,,,,,,,,,,,,,,,,,,,,,,,,,,,,,,,,,,,,,,,,,,,,,,,,,,,,,,,,,,,,,,,,,,,,,,,,,,,,,,,,,,,,,,,,,,,,,,,,,,,,,,,,,,,,,,,,,,,,,,,,,,,,,,,,,,,,,,,,,,,,,,,,,,,,,,,,,,,,,,,,,,,,,,,,,,,,,,,,,,,,,,,,,,,,,,,,,,,,,,,,,,,,,,,,,,,,,
574,kg3phhtc,,0,0,12,,,,0,,,0.0,,,,,,,,,,,,,,519akakd,,,,,0,Experiment_2_Skewness_Preference,https://app.prolific.com/submissions/complete?cc=C1BTHULB,0.0,1.0,574,,0.0,,1,1,574,,0.0,,,,,,,,,,,,,,,1,1,574,,0.0,,,,,,,,,,1,1,574,,0.0,0,0,0,0,0,0,0,0,0,FALSE,FALSE,1,1,,,,,,,,,,,,,,,,,,,,,,,,,,,,,,,,,,,,,,,,,,,,,,,,,,,,,,,,,,,,,,,,,,,,,,,,,,,,,,,,,,,,,,,,,,,,,,,,,,,,,,,,,,,,,,,,,,,,,,,,,,,,,,,,,,,,,,,,,,,,,,,,,,,,,,,,,,,,,,,,,,,,,,,,,,,,,,,,,,,,,,,,,,,,,,,,,,,,,,,,,,,,,,,,,,,,,,,,,,,,,,,,,,,,,,,,,,,,,,,,,,,,,,,,,,,,,,,,,,,,,,,,,,,,,,,,,,,,,,,,,,,,,,,,,,,,,,,,,,,,,,,,,,,,,,,,,,,,,,,,,,,,,,,,,,,,,,,,,,,,,,,,,,,,,,,,,,,,
575,5gx70kqy,,0,0,12,,,,0,,,0.0,,,,,,,,,,,,,,519akakd,,,,,0,Experiment_2_Skewness_Preference,https://app.prolific.com/submissions/complete?cc=C1BTHULB,0.0,1.0,575,,0.0,,1,1,575,,0.0,,,,,,,,,,,,,,,1,1,575,,0.0,,,,,,,,,,1,1,575,,0.0,0,0,0,0,0,0,0,0,0,FALSE,FALSE,1,1,,,,,,,,,,,,,,,,,,,,,,,,,,,,,,,,,,,,,,,,,,,,,,,,,,,,,,,,,,,,,,,,,,,,,,,,,,,,,,,,,,,,,,,,,,,,,,,,,,,,,,,,,,,,,,,,,,,,,,,,,,,,,,,,,,,,,,,,,,,,,,,,,,,,,,,,,,,,,,,,,,,,,,,,,,,,,,,,,,,,,,,,,,,,,,,,,,,,,,,,,,,,,,,,,,,,,,,,,,,,,,,,,,,,,,,,,,,,,,,,,,,,,,,,,,,,,,,,,,,,,,,,,,,,,,,,,,,,,,,,,,,,,,,,,,,,,,,,,,,,,,,,,,,,,,,,,,,,,,,,,,,,,,,,,,,,,,,,,,,,,,,,,,,,,,,,,,,,
576,8l6o32ap,,0,0,12,,,,0,,,0.0,,,,,,,,,,,,,,519akakd,,,,,0,Experiment_2_Skewness_Preference,https://app.prolific.com/submissions/complete?cc=C1BTHULB,0.0,1.0,576,,0.0,,1,1,576,,0.0,,,,,,,,,,,,,,,1,1,576,,0.0,,,,,,,,,,1,1,576,,0.0,0,0,0,0,0,0,0,0,0,FALSE,FALSE,1,1,,,,,,,,,,,,,,,,,,,,,,,,,,,,,,,,,,,,,,,,,,,,,,,,,,,,,,,,,,,,,,,,,,,,,,,,,,,,,,,,,,,,,,,,,,,,,,,,,,,,,,,,,,,,,,,,,,,,,,,,,,,,,,,,,,,,,,,,,,,,,,,,,,,,,,,,,,,,,,,,,,,,,,,,,,,,,,,,,,,,,,,,,,,,,,,,,,,,,,,,,,,,,,,,,,,,,,,,,,,,,,,,,,,,,,,,,,,,,,,,,,,,,,,,,,,,,,,,,,,,,,,,,,,,,,,,,,,,,,,,,,,,,,,,,,,,,,,,,,,,,,,,,,,,,,,,,,,,,,,,,,,,,,,,,,,,,,,,,,,,,,,,,,,,,,,,,,,,
577,4iaof6dn,,0,0,12,,,,0,,,0.0,,,,,,,,,,,,,,519akakd,,,,,0,Experiment_2_Skewness_Preference,https://app.prolific.com/submissions/complete?cc=C1BTHULB,0.0,1.0,577,,0.0,,1,1,577,,0.0,,,,,,,,,,,,,,,1,1,577,,0.0,,,,,,,,,,1,1,577,,0.0,0,0,0,0,0,0,0,0,0,FALSE,FALSE,1,1,,,,,,,,,,,,,,,,,,,,,,,,,,,,,,,,,,,,,,,,,,,,,,,,,,,,,,,,,,,,,,,,,,,,,,,,,,,,,,,,,,,,,,,,,,,,,,,,,,,,,,,,,,,,,,,,,,,,,,,,,,,,,,,,,,,,,,,,,,,,,,,,,,,,,,,,,,,,,,,,,,,,,,,,,,,,,,,,,,,,,,,,,,,,,,,,,,,,,,,,,,,,,,,,,,,,,,,,,,,,,,,,,,,,,,,,,,,,,,,,,,,,,,,,,,,,,,,,,,,,,,,,,,,,,,,,,,,,,,,,,,,,,,,,,,,,,,,,,,,,,,,,,,,,,,,,,,,,,,,,,,,,,,,,,,,,,,,,,,,,,,,,,,,,,,,,,,,,
578,v678fh0f,,0,0,12,,,,0,,,0.0,,,,,,,,,,,,,,519akakd,,,,,0,Experiment_2_Skewness_Preference,https://app.prolific.com/submissions/complete?cc=C1BTHULB,0.0,1.0,578,,0.0,,1,1,578,,0.0,,,,,,,,,,,,,,,1,1,578,,0.0,,,,,,,,,,1,1,578,,0.0,0,0,0,0,0,0,0,0,0,FALSE,FALSE,1,1,,,,,,,,,,,,,,,,,,,,,,,,,,,,,,,,,,,,,,,,,,,,,,,,,,,,,,,,,,,,,,,,,,,,,,,,,,,,,,,,,,,,,,,,,,,,,,,,,,,,,,,,,,,,,,,,,,,,,,,,,,,,,,,,,,,,,,,,,,,,,,,,,,,,,,,,,,,,,,,,,,,,,,,,,,,,,,,,,,,,,,,,,,,,,,,,,,,,,,,,,,,,,,,,,,,,,,,,,,,,,,,,,,,,,,,,,,,,,,,,,,,,,,,,,,,,,,,,,,,,,,,,,,,,,,,,,,,,,,,,,,,,,,,,,,,,,,,,,,,,,,,,,,,,,,,,,,,,,,,,,,,,,,,,,,,,,,,,,,,,,,,,,,,,,,,,,,,,
579,e702r1lo,,0,0,12,,,,0,,,0.0,,,,,,,,,,,,,,519akakd,,,,,0,Experiment_2_Skewness_Preference,https://app.prolific.com/submissions/complete?cc=C1BTHULB,0.0,1.0,579,,0.0,,1,1,579,,0.0,,,,,,,,,,,,,,,1,1,579,,0.0,,,,,,,,,,1,1,579,,0.0,0,0,0,0,0,0,0,0,0,FALSE,FALSE,1,1,,,,,,,,,,,,,,,,,,,,,,,,,,,,,,,,,,,,,,,,,,,,,,,,,,,,,,,,,,,,,,,,,,,,,,,,,,,,,,,,,,,,,,,,,,,,,,,,,,,,,,,,,,,,,,,,,,,,,,,,,,,,,,,,,,,,,,,,,,,,,,,,,,,,,,,,,,,,,,,,,,,,,,,,,,,,,,,,,,,,,,,,,,,,,,,,,,,,,,,,,,,,,,,,,,,,,,,,,,,,,,,,,,,,,,,,,,,,,,,,,,,,,,,,,,,,,,,,,,,,,,,,,,,,,,,,,,,,,,,,,,,,,,,,,,,,,,,,,,,,,,,,,,,,,,,,,,,,,,,,,,,,,,,,,,,,,,,,,,,,,,,,,,,,,,,,,,,,
580,joacn1dn,,0,0,12,,,,0,,,0.0,,,,,,,,,,,,,,519akakd,,,,,0,Experiment_2_Skewness_Preference,https://app.prolific.com/submissions/complete?cc=C1BTHULB,0.0,1.0,580,,0.0,,1,1,580,,0.0,,,,,,,,,,,,,,,1,1,580,,0.0,,,,,,,,,,1,1,580,,0.0,0,0,0,0,0,0,0,0,0,FALSE,FALSE,1,1,,,,,,,,,,,,,,,,,,,,,,,,,,,,,,,,,,,,,,,,,,,,,,,,,,,,,,,,,,,,,,,,,,,,,,,,,,,,,,,,,,,,,,,,,,,,,,,,,,,,,,,,,,,,,,,,,,,,,,,,,,,,,,,,,,,,,,,,,,,,,,,,,,,,,,,,,,,,,,,,,,,,,,,,,,,,,,,,,,,,,,,,,,,,,,,,,,,,,,,,,,,,,,,,,,,,,,,,,,,,,,,,,,,,,,,,,,,,,,,,,,,,,,,,,,,,,,,,,,,,,,,,,,,,,,,,,,,,,,,,,,,,,,,,,,,,,,,,,,,,,,,,,,,,,,,,,,,,,,,,,,,,,,,,,,,,,,,,,,,,,,,,,,,,,,,,,,,,
581,ckrrhba5,,0,0,12,,,,0,,,0.0,,,,,,,,,,,,,,519akakd,,,,,0,Experiment_2_Skewness_Preference,https://app.prolific.com/submissions/complete?cc=C1BTHULB,0.0,1.0,581,,0.0,,1,1,581,,0.0,,,,,,,,,,,,,,,1,1,581,,0.0,,,,,,,,,,1,1,581,,0.0,0,0,0,0,0,0,0,0,0,FALSE,FALSE,1,1,,,,,,,,,,,,,,,,,,,,,,,,,,,,,,,,,,,,,,,,,,,,,,,,,,,,,,,,,,,,,,,,,,,,,,,,,,,,,,,,,,,,,,,,,,,,,,,,,,,,,,,,,,,,,,,,,,,,,,,,,,,,,,,,,,,,,,,,,,,,,,,,,,,,,,,,,,,,,,,,,,,,,,,,,,,,,,,,,,,,,,,,,,,,,,,,,,,,,,,,,,,,,,,,,,,,,,,,,,,,,,,,,,,,,,,,,,,,,,,,,,,,,,,,,,,,,,,,,,,,,,,,,,,,,,,,,,,,,,,,,,,,,,,,,,,,,,,,,,,,,,,,,,,,,,,,,,,,,,,,,,,,,,,,,,,,,,,,,,,,,,,,,,,,,,,,,,,,
582,wy4wnypf,,0,0,12,,,,0,,,0.0,,,,,,,,,,,,,,519akakd,,,,,0,Experiment_2_Skewness_Preference,https://app.prolific.com/submissions/complete?cc=C1BTHULB,0.0,1.0,582,,0.0,,1,1,582,,0.0,,,,,,,,,,,,,,,1,1,582,,0.0,,,,,,,,,,1,1,582,,0.0,0,0,0,0,0,0,0,0,0,FALSE,FALSE,1,1,,,,,,,,,,,,,,,,,,,,,,,,,,,,,,,,,,,,,,,,,,,,,,,,,,,,,,,,,,,,,,,,,,,,,,,,,,,,,,,,,,,,,,,,,,,,,,,,,,,,,,,,,,,,,,,,,,,,,,,,,,,,,,,,,,,,,,,,,,,,,,,,,,,,,,,,,,,,,,,,,,,,,,,,,,,,,,,,,,,,,,,,,,,,,,,,,,,,,,,,,,,,,,,,,,,,,,,,,,,,,,,,,,,,,,,,,,,,,,,,,,,,,,,,,,,,,,,,,,,,,,,,,,,,,,,,,,,,,,,,,,,,,,,,,,,,,,,,,,,,,,,,,,,,,,,,,,,,,,,,,,,,,,,,,,,,,,,,,,,,,,,,,,,,,,,,,,,,
583,0ad2gur6,,0,0,12,,,,0,,,0.0,,,,,,,,,,,,,,519akakd,,,,,0,Experiment_2_Skewness_Preference,https://app.prolific.com/submissions/complete?cc=C1BTHULB,0.0,1.0,583,,0.0,,1,1,583,,0.0,,,,,,,,,,,,,,,1,1,583,,0.0,,,,,,,,,,1,1,583,,0.0,0,0,0,0,0,0,0,0,0,FALSE,FALSE,1,1,,,,,,,,,,,,,,,,,,,,,,,,,,,,,,,,,,,,,,,,,,,,,,,,,,,,,,,,,,,,,,,,,,,,,,,,,,,,,,,,,,,,,,,,,,,,,,,,,,,,,,,,,,,,,,,,,,,,,,,,,,,,,,,,,,,,,,,,,,,,,,,,,,,,,,,,,,,,,,,,,,,,,,,,,,,,,,,,,,,,,,,,,,,,,,,,,,,,,,,,,,,,,,,,,,,,,,,,,,,,,,,,,,,,,,,,,,,,,,,,,,,,,,,,,,,,,,,,,,,,,,,,,,,,,,,,,,,,,,,,,,,,,,,,,,,,,,,,,,,,,,,,,,,,,,,,,,,,,,,,,,,,,,,,,,,,,,,,,,,,,,,,,,,,,,,,,,,,
584,hnzmq8lq,,0,0,12,,,,0,,,0.0,,,,,,,,,,,,,,519akakd,,,,,0,Experiment_2_Skewness_Preference,https://app.prolific.com/submissions/complete?cc=C1BTHULB,0.0,1.0,584,,0.0,,1,1,584,,0.0,,,,,,,,,,,,,,,1,1,584,,0.0,,,,,,,,,,1,1,584,,0.0,0,0,0,0,0,0,0,0,0,FALSE,FALSE,1,1,,,,,,,,,,,,,,,,,,,,,,,,,,,,,,,,,,,,,,,,,,,,,,,,,,,,,,,,,,,,,,,,,,,,,,,,,,,,,,,,,,,,,,,,,,,,,,,,,,,,,,,,,,,,,,,,,,,,,,,,,,,,,,,,,,,,,,,,,,,,,,,,,,,,,,,,,,,,,,,,,,,,,,,,,,,,,,,,,,,,,,,,,,,,,,,,,,,,,,,,,,,,,,,,,,,,,,,,,,,,,,,,,,,,,,,,,,,,,,,,,,,,,,,,,,,,,,,,,,,,,,,,,,,,,,,,,,,,,,,,,,,,,,,,,,,,,,,,,,,,,,,,,,,,,,,,,,,,,,,,,,,,,,,,,,,,,,,,,,,,,,,,,,,,,,,,,,,,
585,dexfsf3b,,0,0,12,,,,0,,,0.0,,,,,,,,,,,,,,519akakd,,,,,0,Experiment_2_Skewness_Preference,https://app.prolific.com/submissions/complete?cc=C1BTHULB,0.0,1.0,585,,0.0,,1,1,585,,0.0,,,,,,,,,,,,,,,1,1,585,,0.0,,,,,,,,,,1,1,585,,0.0,0,0,0,0,0,0,0,0,0,FALSE,FALSE,1,1,,,,,,,,,,,,,,,,,,,,,,,,,,,,,,,,,,,,,,,,,,,,,,,,,,,,,,,,,,,,,,,,,,,,,,,,,,,,,,,,,,,,,,,,,,,,,,,,,,,,,,,,,,,,,,,,,,,,,,,,,,,,,,,,,,,,,,,,,,,,,,,,,,,,,,,,,,,,,,,,,,,,,,,,,,,,,,,,,,,,,,,,,,,,,,,,,,,,,,,,,,,,,,,,,,,,,,,,,,,,,,,,,,,,,,,,,,,,,,,,,,,,,,,,,,,,,,,,,,,,,,,,,,,,,,,,,,,,,,,,,,,,,,,,,,,,,,,,,,,,,,,,,,,,,,,,,,,,,,,,,,,,,,,,,,,,,,,,,,,,,,,,,,,,,,,,,,,,
586,7nvjhc2h,,0,0,12,,,,0,,,0.0,,,,,,,,,,,,,,519akakd,,,,,0,Experiment_2_Skewness_Preference,https://app.prolific.com/submissions/complete?cc=C1BTHULB,0.0,1.0,586,,0.0,,1,1,586,,0.0,,,,,,,,,,,,,,,1,1,586,,0.0,,,,,,,,,,1,1,586,,0.0,0,0,0,0,0,0,0,0,0,FALSE,FALSE,1,1,,,,,,,,,,,,,,,,,,,,,,,,,,,,,,,,,,,,,,,,,,,,,,,,,,,,,,,,,,,,,,,,,,,,,,,,,,,,,,,,,,,,,,,,,,,,,,,,,,,,,,,,,,,,,,,,,,,,,,,,,,,,,,,,,,,,,,,,,,,,,,,,,,,,,,,,,,,,,,,,,,,,,,,,,,,,,,,,,,,,,,,,,,,,,,,,,,,,,,,,,,,,,,,,,,,,,,,,,,,,,,,,,,,,,,,,,,,,,,,,,,,,,,,,,,,,,,,,,,,,,,,,,,,,,,,,,,,,,,,,,,,,,,,,,,,,,,,,,,,,,,,,,,,,,,,,,,,,,,,,,,,,,,,,,,,,,,,,,,,,,,,,,,,,,,,,,,,,
587,rir8tzoa,,0,0,12,,,,0,,,0.0,,,,,,,,,,,,,,519akakd,,,,,0,Experiment_2_Skewness_Preference,https://app.prolific.com/submissions/complete?cc=C1BTHULB,0.0,1.0,587,,0.0,,1,1,587,,0.0,,,,,,,,,,,,,,,1,1,587,,0.0,,,,,,,,,,1,1,587,,0.0,0,0,0,0,0,0,0,0,0,FALSE,FALSE,1,1,,,,,,,,,,,,,,,,,,,,,,,,,,,,,,,,,,,,,,,,,,,,,,,,,,,,,,,,,,,,,,,,,,,,,,,,,,,,,,,,,,,,,,,,,,,,,,,,,,,,,,,,,,,,,,,,,,,,,,,,,,,,,,,,,,,,,,,,,,,,,,,,,,,,,,,,,,,,,,,,,,,,,,,,,,,,,,,,,,,,,,,,,,,,,,,,,,,,,,,,,,,,,,,,,,,,,,,,,,,,,,,,,,,,,,,,,,,,,,,,,,,,,,,,,,,,,,,,,,,,,,,,,,,,,,,,,,,,,,,,,,,,,,,,,,,,,,,,,,,,,,,,,,,,,,,,,,,,,,,,,,,,,,,,,,,,,,,,,,,,,,,,,,,,,,,,,,,,
588,pm16hoa6,,0,0,12,,,,0,,,0.0,,,,,,,,,,,,,,519akakd,,,,,0,Experiment_2_Skewness_Preference,https://app.prolific.com/submissions/complete?cc=C1BTHULB,0.0,1.0,588,,0.0,,1,1,588,,0.0,,,,,,,,,,,,,,,1,1,588,,0.0,,,,,,,,,,1,1,588,,0.0,0,0,0,0,0,0,0,0,0,FALSE,FALSE,1,1,,,,,,,,,,,,,,,,,,,,,,,,,,,,,,,,,,,,,,,,,,,,,,,,,,,,,,,,,,,,,,,,,,,,,,,,,,,,,,,,,,,,,,,,,,,,,,,,,,,,,,,,,,,,,,,,,,,,,,,,,,,,,,,,,,,,,,,,,,,,,,,,,,,,,,,,,,,,,,,,,,,,,,,,,,,,,,,,,,,,,,,,,,,,,,,,,,,,,,,,,,,,,,,,,,,,,,,,,,,,,,,,,,,,,,,,,,,,,,,,,,,,,,,,,,,,,,,,,,,,,,,,,,,,,,,,,,,,,,,,,,,,,,,,,,,,,,,,,,,,,,,,,,,,,,,,,,,,,,,,,,,,,,,,,,,,,,,,,,,,,,,,,,,,,,,,,,,,
589,oqwpjqlv,,0,0,12,,,,0,,,0.0,,,,,,,,,,,,,,519akakd,,,,,0,Experiment_2_Skewness_Preference,https://app.prolific.com/submissions/complete?cc=C1BTHULB,0.0,1.0,589,,0.0,,1,1,589,,0.0,,,,,,,,,,,,,,,1,1,589,,0.0,,,,,,,,,,1,1,589,,0.0,0,0,0,0,0,0,0,0,0,FALSE,FALSE,1,1,,,,,,,,,,,,,,,,,,,,,,,,,,,,,,,,,,,,,,,,,,,,,,,,,,,,,,,,,,,,,,,,,,,,,,,,,,,,,,,,,,,,,,,,,,,,,,,,,,,,,,,,,,,,,,,,,,,,,,,,,,,,,,,,,,,,,,,,,,,,,,,,,,,,,,,,,,,,,,,,,,,,,,,,,,,,,,,,,,,,,,,,,,,,,,,,,,,,,,,,,,,,,,,,,,,,,,,,,,,,,,,,,,,,,,,,,,,,,,,,,,,,,,,,,,,,,,,,,,,,,,,,,,,,,,,,,,,,,,,,,,,,,,,,,,,,,,,,,,,,,,,,,,,,,,,,,,,,,,,,,,,,,,,,,,,,,,,,,,,,,,,,,,,,,,,,,,,,
590,giv3vzuh,,0,0,12,,,,0,,,0.0,,,,,,,,,,,,,,519akakd,,,,,0,Experiment_2_Skewness_Preference,https://app.prolific.com/submissions/complete?cc=C1BTHULB,0.0,1.0,590,,0.0,,1,1,590,,0.0,,,,,,,,,,,,,,,1,1,590,,0.0,,,,,,,,,,1,1,590,,0.0,0,0,0,0,0,0,0,0,0,FALSE,FALSE,1,1,,,,,,,,,,,,,,,,,,,,,,,,,,,,,,,,,,,,,,,,,,,,,,,,,,,,,,,,,,,,,,,,,,,,,,,,,,,,,,,,,,,,,,,,,,,,,,,,,,,,,,,,,,,,,,,,,,,,,,,,,,,,,,,,,,,,,,,,,,,,,,,,,,,,,,,,,,,,,,,,,,,,,,,,,,,,,,,,,,,,,,,,,,,,,,,,,,,,,,,,,,,,,,,,,,,,,,,,,,,,,,,,,,,,,,,,,,,,,,,,,,,,,,,,,,,,,,,,,,,,,,,,,,,,,,,,,,,,,,,,,,,,,,,,,,,,,,,,,,,,,,,,,,,,,,,,,,,,,,,,,,,,,,,,,,,,,,,,,,,,,,,,,,,,,,,,,,,,
591,tl33phth,,0,0,12,,,,0,,,0.0,,,,,,,,,,,,,,519akakd,,,,,0,Experiment_2_Skewness_Preference,https://app.prolific.com/submissions/complete?cc=C1BTHULB,0.0,1.0,591,,0.0,,1,1,591,,0.0,,,,,,,,,,,,,,,1,1,591,,0.0,,,,,,,,,,1,1,591,,0.0,0,0,0,0,0,0,0,0,0,FALSE,FALSE,1,1,,,,,,,,,,,,,,,,,,,,,,,,,,,,,,,,,,,,,,,,,,,,,,,,,,,,,,,,,,,,,,,,,,,,,,,,,,,,,,,,,,,,,,,,,,,,,,,,,,,,,,,,,,,,,,,,,,,,,,,,,,,,,,,,,,,,,,,,,,,,,,,,,,,,,,,,,,,,,,,,,,,,,,,,,,,,,,,,,,,,,,,,,,,,,,,,,,,,,,,,,,,,,,,,,,,,,,,,,,,,,,,,,,,,,,,,,,,,,,,,,,,,,,,,,,,,,,,,,,,,,,,,,,,,,,,,,,,,,,,,,,,,,,,,,,,,,,,,,,,,,,,,,,,,,,,,,,,,,,,,,,,,,,,,,,,,,,,,,,,,,,,,,,,,,,,,,,,,
592,2k759blc,,0,0,12,,,,0,,,0.0,,,,,,,,,,,,,,519akakd,,,,,0,Experiment_2_Skewness_Preference,https://app.prolific.com/submissions/complete?cc=C1BTHULB,0.0,1.0,592,,0.0,,1,1,592,,0.0,,,,,,,,,,,,,,,1,1,592,,0.0,,,,,,,,,,1,1,592,,0.0,0,0,0,0,0,0,0,0,0,FALSE,FALSE,1,1,,,,,,,,,,,,,,,,,,,,,,,,,,,,,,,,,,,,,,,,,,,,,,,,,,,,,,,,,,,,,,,,,,,,,,,,,,,,,,,,,,,,,,,,,,,,,,,,,,,,,,,,,,,,,,,,,,,,,,,,,,,,,,,,,,,,,,,,,,,,,,,,,,,,,,,,,,,,,,,,,,,,,,,,,,,,,,,,,,,,,,,,,,,,,,,,,,,,,,,,,,,,,,,,,,,,,,,,,,,,,,,,,,,,,,,,,,,,,,,,,,,,,,,,,,,,,,,,,,,,,,,,,,,,,,,,,,,,,,,,,,,,,,,,,,,,,,,,,,,,,,,,,,,,,,,,,,,,,,,,,,,,,,,,,,,,,,,,,,,,,,,,,,,,,,,,,,,,
593,i2zmyapd,,0,0,12,,,,0,,,0.0,,,,,,,,,,,,,,519akakd,,,,,0,Experiment_2_Skewness_Preference,https://app.prolific.com/submissions/complete?cc=C1BTHULB,0.0,1.0,593,,0.0,,1,1,593,,0.0,,,,,,,,,,,,,,,1,1,593,,0.0,,,,,,,,,,1,1,593,,0.0,0,0,0,0,0,0,0,0,0,FALSE,FALSE,1,1,,,,,,,,,,,,,,,,,,,,,,,,,,,,,,,,,,,,,,,,,,,,,,,,,,,,,,,,,,,,,,,,,,,,,,,,,,,,,,,,,,,,,,,,,,,,,,,,,,,,,,,,,,,,,,,,,,,,,,,,,,,,,,,,,,,,,,,,,,,,,,,,,,,,,,,,,,,,,,,,,,,,,,,,,,,,,,,,,,,,,,,,,,,,,,,,,,,,,,,,,,,,,,,,,,,,,,,,,,,,,,,,,,,,,,,,,,,,,,,,,,,,,,,,,,,,,,,,,,,,,,,,,,,,,,,,,,,,,,,,,,,,,,,,,,,,,,,,,,,,,,,,,,,,,,,,,,,,,,,,,,,,,,,,,,,,,,,,,,,,,,,,,,,,,,,,,,,,
594,wqn1y59v,,0,0,12,,,,0,,,0.0,,,,,,,,,,,,,,519akakd,,,,,0,Experiment_2_Skewness_Preference,https://app.prolific.com/submissions/complete?cc=C1BTHULB,0.0,1.0,594,,0.0,,1,1,594,,0.0,,,,,,,,,,,,,,,1,1,594,,0.0,,,,,,,,,,1,1,594,,0.0,0,0,0,0,0,0,0,0,0,FALSE,FALSE,1,1,,,,,,,,,,,,,,,,,,,,,,,,,,,,,,,,,,,,,,,,,,,,,,,,,,,,,,,,,,,,,,,,,,,,,,,,,,,,,,,,,,,,,,,,,,,,,,,,,,,,,,,,,,,,,,,,,,,,,,,,,,,,,,,,,,,,,,,,,,,,,,,,,,,,,,,,,,,,,,,,,,,,,,,,,,,,,,,,,,,,,,,,,,,,,,,,,,,,,,,,,,,,,,,,,,,,,,,,,,,,,,,,,,,,,,,,,,,,,,,,,,,,,,,,,,,,,,,,,,,,,,,,,,,,,,,,,,,,,,,,,,,,,,,,,,,,,,,,,,,,,,,,,,,,,,,,,,,,,,,,,,,,,,,,,,,,,,,,,,,,,,,,,,,,,,,,,,,,
595,5zyaidlk,,0,0,12,,,,0,,,0.0,,,,,,,,,,,,,,519akakd,,,,,0,Experiment_2_Skewness_Preference,https://app.prolific.com/submissions/complete?cc=C1BTHULB,0.0,1.0,595,,0.0,,1,1,595,,0.0,,,,,,,,,,,,,,,1,1,595,,0.0,,,,,,,,,,1,1,595,,0.0,0,0,0,0,0,0,0,0,0,FALSE,FALSE,1,1,,,,,,,,,,,,,,,,,,,,,,,,,,,,,,,,,,,,,,,,,,,,,,,,,,,,,,,,,,,,,,,,,,,,,,,,,,,,,,,,,,,,,,,,,,,,,,,,,,,,,,,,,,,,,,,,,,,,,,,,,,,,,,,,,,,,,,,,,,,,,,,,,,,,,,,,,,,,,,,,,,,,,,,,,,,,,,,,,,,,,,,,,,,,,,,,,,,,,,,,,,,,,,,,,,,,,,,,,,,,,,,,,,,,,,,,,,,,,,,,,,,,,,,,,,,,,,,,,,,,,,,,,,,,,,,,,,,,,,,,,,,,,,,,,,,,,,,,,,,,,,,,,,,,,,,,,,,,,,,,,,,,,,,,,,,,,,,,,,,,,,,,,,,,,,,,,,,,
596,6z3zb07z,,0,0,12,,,,0,,,0.0,,,,,,,,,,,,,,519akakd,,,,,0,Experiment_2_Skewness_Preference,https://app.prolific.com/submissions/complete?cc=C1BTHULB,0.0,1.0,596,,0.0,,1,1,596,,0.0,,,,,,,,,,,,,,,1,1,596,,0.0,,,,,,,,,,1,1,596,,0.0,0,0,0,0,0,0,0,0,0,FALSE,FALSE,1,1,,,,,,,,,,,,,,,,,,,,,,,,,,,,,,,,,,,,,,,,,,,,,,,,,,,,,,,,,,,,,,,,,,,,,,,,,,,,,,,,,,,,,,,,,,,,,,,,,,,,,,,,,,,,,,,,,,,,,,,,,,,,,,,,,,,,,,,,,,,,,,,,,,,,,,,,,,,,,,,,,,,,,,,,,,,,,,,,,,,,,,,,,,,,,,,,,,,,,,,,,,,,,,,,,,,,,,,,,,,,,,,,,,,,,,,,,,,,,,,,,,,,,,,,,,,,,,,,,,,,,,,,,,,,,,,,,,,,,,,,,,,,,,,,,,,,,,,,,,,,,,,,,,,,,,,,,,,,,,,,,,,,,,,,,,,,,,,,,,,,,,,,,,,,,,,,,,,,
597,0cpit4ju,,0,0,12,,,,0,,,0.0,,,,,,,,,,,,,,519akakd,,,,,0,Experiment_2_Skewness_Preference,https://app.prolific.com/submissions/complete?cc=C1BTHULB,0.0,1.0,597,,0.0,,1,1,597,,0.0,,,,,,,,,,,,,,,1,1,597,,0.0,,,,,,,,,,1,1,597,,0.0,0,0,0,0,0,0,0,0,0,FALSE,FALSE,1,1,,,,,,,,,,,,,,,,,,,,,,,,,,,,,,,,,,,,,,,,,,,,,,,,,,,,,,,,,,,,,,,,,,,,,,,,,,,,,,,,,,,,,,,,,,,,,,,,,,,,,,,,,,,,,,,,,,,,,,,,,,,,,,,,,,,,,,,,,,,,,,,,,,,,,,,,,,,,,,,,,,,,,,,,,,,,,,,,,,,,,,,,,,,,,,,,,,,,,,,,,,,,,,,,,,,,,,,,,,,,,,,,,,,,,,,,,,,,,,,,,,,,,,,,,,,,,,,,,,,,,,,,,,,,,,,,,,,,,,,,,,,,,,,,,,,,,,,,,,,,,,,,,,,,,,,,,,,,,,,,,,,,,,,,,,,,,,,,,,,,,,,,,,,,,,,,,,,,
598,vkho00nk,,0,0,12,,,,0,,,0.0,,,,,,,,,,,,,,519akakd,,,,,0,Experiment_2_Skewness_Preference,https://app.prolific.com/submissions/complete?cc=C1BTHULB,0.0,1.0,598,,0.0,,1,1,598,,0.0,,,,,,,,,,,,,,,1,1,598,,0.0,,,,,,,,,,1,1,598,,0.0,0,0,0,0,0,0,0,0,0,FALSE,FALSE,1,1,,,,,,,,,,,,,,,,,,,,,,,,,,,,,,,,,,,,,,,,,,,,,,,,,,,,,,,,,,,,,,,,,,,,,,,,,,,,,,,,,,,,,,,,,,,,,,,,,,,,,,,,,,,,,,,,,,,,,,,,,,,,,,,,,,,,,,,,,,,,,,,,,,,,,,,,,,,,,,,,,,,,,,,,,,,,,,,,,,,,,,,,,,,,,,,,,,,,,,,,,,,,,,,,,,,,,,,,,,,,,,,,,,,,,,,,,,,,,,,,,,,,,,,,,,,,,,,,,,,,,,,,,,,,,,,,,,,,,,,,,,,,,,,,,,,,,,,,,,,,,,,,,,,,,,,,,,,,,,,,,,,,,,,,,,,,,,,,,,,,,,,,,,,,,,,,,,,,
599,tzpuyys4,,0,0,12,,,,0,,,0.0,,,,,,,,,,,,,,519akakd,,,,,0,Experiment_2_Skewness_Preference,https://app.prolific.com/submissions/complete?cc=C1BTHULB,0.0,1.0,599,,0.0,,1,1,599,,0.0,,,,,,,,,,,,,,,1,1,599,,0.0,,,,,,,,,,1,1,599,,0.0,0,0,0,0,0,0,0,0,0,FALSE,FALSE,1,1,,,,,,,,,,,,,,,,,,,,,,,,,,,,,,,,,,,,,,,,,,,,,,,,,,,,,,,,,,,,,,,,,,,,,,,,,,,,,,,,,,,,,,,,,,,,,,,,,,,,,,,,,,,,,,,,,,,,,,,,,,,,,,,,,,,,,,,,,,,,,,,,,,,,,,,,,,,,,,,,,,,,,,,,,,,,,,,,,,,,,,,,,,,,,,,,,,,,,,,,,,,,,,,,,,,,,,,,,,,,,,,,,,,,,,,,,,,,,,,,,,,,,,,,,,,,,,,,,,,,,,,,,,,,,,,,,,,,,,,,,,,,,,,,,,,,,,,,,,,,,,,,,,,,,,,,,,,,,,,,,,,,,,,,,,,,,,,,,,,,,,,,,,,,,,,,,,,,
600,5o36mjtb,,0,0,12,,,,0,,,0.0,,,,,,,,,,,,,,519akakd,,,,,0,Experiment_2_Skewness_Preference,https://app.prolific.com/submissions/complete?cc=C1BTHULB,0.0,1.0,600,,0.0,,1,1,600,,0.0,,,,,,,,,,,,,,,1,1,600,,0.0,,,,,,,,,,1,1,600,,0.0,0,0,0,0,0,0,0,0,0,FALSE,FALSE,1,1,,,,,,,,,,,,,,,,,,,,,,,,,,,,,,,,,,,,,,,,,,,,,,,,,,,,,,,,,,,,,,,,,,,,,,,,,,,,,,,,,,,,,,,,,,,,,,,,,,,,,,,,,,,,,,,,,,,,,,,,,,,,,,,,,,,,,,,,,,,,,,,,,,,,,,,,,,,,,,,,,,,,,,,,,,,,,,,,,,,,,,,,,,,,,,,,,,,,,,,,,,,,,,,,,,,,,,,,,,,,,,,,,,,,,,,,,,,,,,,,,,,,,,,,,,,,,,,,,,,,,,,,,,,,,,,,,,,,,,,,,,,,,,,,,,,,,,,,,,,,,,,,,,,,,,,,,,,,,,,,,,,,,,,,,,,,,,,,,,,,,,,,,,,,,,,,,,,,