,participant.id_in_session,participant.code,participant.label,participant._is_bot,participant._index_in_pages,participant._max_page_index,participant._current_app_name,participant._current_page_name,participant.time_started_utc,participant.visited,participant.mturk_worker_id,participant.mturk_assignment_id,participant.payoff,participant.drop,participant.single,participant.page_number,participant.oppo_list,participant.payoffs_list,participant.oppo_payoffs_list,participant.nodes_list,participant.oppo_nodes_list,participant.takes_list,participant.oppo_takes_list,participant.order,participant.finished,participant.prolificID,session.code,session.label,session.mturk_HITId,session.mturk_HITGroupId,session.comment,session.is_demo,session.config.name,session.config.return_url,session.config.participation_fee,session.config.real_world_currency_per_point,Exp2_Intro.1.player.id_in_group,Exp2_Intro.1.player.role,Exp2_Intro.1.player.payoff,Exp2_Intro.1.player.prolific_id,Exp2_Intro.1.group.id_in_subsession,Exp2_Intro.1.subsession.round_number,Exp2_Section_1.1.player.id_in_group,Exp2_Section_1.1.player.role,Exp2_Section_1.1.player.payoff,Exp2_Section_1.1.player.question1,Exp2_Section_1.1.player.question2,Exp2_Section_1.1.player.question3,Exp2_Section_1.1.player.question4,Exp2_Section_1.1.player.question5,Exp2_Section_1.1.player.question6,Exp2_Section_1.1.player.question7,Exp2_Section_1.1.player.question8,Exp2_Section_1.1.player.question9,Exp2_Section_1.1.player.question10,Exp2_Section_1.1.player.stem_quiz_1_answers,Exp2_Section_1.1.player.stem_quiz_1_score,Exp2_Section_1.1.player.num_tab_switches_in_section_1,Exp2_Section_1.1.player.total_time_hidden_in_section_1,Exp2_Section_1.1.group.id_in_subsession,Exp2_Section_1.1.subsession.round_number,Exp2_Section_2_3.1.player.id_in_group,Exp2_Section_2_3.1.player.role,Exp2_Section_2_3.1.player.payoff,Exp2_Section_2_3.1.player.track,Exp2_Section_2_3.1.player.path,Exp2_Section_2_3.1.player.preferred_info_structure,Exp2_Section_2_3.1.player.performance,Exp2_Section_2_3.1.player.ball_color,Exp2_Section_2_3.1.player.overplacement,Exp2_Section_2_3.1.player.overestimation,Exp2_Section_2_3.1.player.passing_threshold,Exp2_Section_2_3.1.player.ball_origin_estimation,Exp2_Section_2_3.1.group.id_in_subsession,Exp2_Section_2_3.1.subsession.round_number,Exp2_Section_4.1.player.id_in_group,Exp2_Section_4.1.player.role,Exp2_Section_4.1.player.payoff,Exp2_Section_4.1.player.schools_private_independent,Exp2_Section_4.1.player.schools_private_religious,Exp2_Section_4.1.player.schools_public_school,Exp2_Section_4.1.player.schools_homeschool,Exp2_Section_4.1.player.schools_online_school,Exp2_Section_4.1.player.schools_charter_school,Exp2_Section_4.1.player.schools_all_girls_school,Exp2_Section_4.1.player.schools_all_boys_school,Exp2_Section_4.1.player.schools_stem_oriented_school,Exp2_Section_4.1.player.subjects,Exp2_Section_4.1.player.experience,Exp2_Section_4.1.group.id_in_subsession,Exp2_Section_4.1.subsession.round_number,Intro.1.player.id_in_group,Intro.1.player.role,Intro.1.player.payoff,Intro.1.player.prolific_id,Intro.1.group.id_in_subsession,Intro.1.subsession.round_number,Section_1.1.player.id_in_group,Section_1.1.player.role,Section_1.1.player.payoff,Section_1.1.player.question1,Section_1.1.player.question2,Section_1.1.player.question3,Section_1.1.player.question4,Section_1.1.player.question5,Section_1.1.player.question6,Section_1.1.player.question7,Section_1.1.player.question8,Section_1.1.player.question9,Section_1.1.player.question10,Section_1.1.player.stem_quiz_1_answers,Section_1.1.player.stem_quiz_1_score,Section_1.1.player.num_tab_switches_in_section_1,Section_1.1.player.total_time_hidden_in_section_1,Section_1.1.group.id_in_subsession,Section_1.1.subsession.round_number,Section_2_3.1.player.id_in_group,Section_2_3.1.player.role,Section_2_3.1.player.payoff,Section_2_3.1.player.track,Section_2_3.1.player.path,Section_2_3.1.player.info_structure,Section_2_3.1.player.performance,Section_2_3.1.player.ball_color,Section_2_3.1.player.overplacement,Section_2_3.1.player.overestimation,Section_2_3.1.player.passing_threshold,Section_2_3.1.player.ball_origin_estimation,Section_2_3.1.group.id_in_subsession,Section_2_3.1.subsession.round_number,Section_4_5.1.player.id_in_group,Section_4_5.1.player.role,Section_4_5.1.player.payoff,Section_4_5.1.player.question1,Section_4_5.1.player.question2,Section_4_5.1.player.question3,Section_4_5.1.player.question4,Section_4_5.1.player.question5,Section_4_5.1.player.question6,Section_4_5.1.player.question7,Section_4_5.1.player.question8,Section_4_5.1.player.question9,Section_4_5.1.player.question10,Section_4_5.1.player.quiz_2_answers,Section_4_5.1.player.quiz_2_score,Section_4_5.1.player.preferred_second_survey,Section_4_5.1.player.parsed_questions,Section_4_5.1.player.num_tab_switches_in_section_5,Section_4_5.1.player.total_time_hidden_in_section_5,Section_4_5.1.player.passing_threshold,Section_4_5.1.group.id_in_subsession,Section_4_5.1.subsession.round_number,Section_6.1.player.id_in_group,Section_6.1.player.role,Section_6.1.player.payoff,Section_6.1.player.question1,Section_6.1.player.question2,Section_6.1.player.question3,Section_6.1.player.question4,Section_6.1.player.question5,Section_6.1.player.question6,Section_6.1.player.question7,Section_6.1.player.question8,Section_6.1.player.question9,Section_6.1.player.question10,Section_6.1.player.question11,Section_6.1.player.risk_tolerance_answers,Section_6.1.group.id_in_subsession,Section_6.1.subsession.round_number,Section_7.1.player.id_in_group,Section_7.1.player.role,Section_7.1.player.payoff,Section_7.1.player.schools_private_independent,Section_7.1.player.schools_private_religious,Section_7.1.player.schools_public_school,Section_7.1.player.schools_homeschool,Section_7.1.player.schools_online_school,Section_7.1.player.schools_charter_school,Section_7.1.player.schools_all_girls_school,Section_7.1.player.schools_all_boys_school,Section_7.1.player.schools_stem_oriented_school,Section_7.1.player.track_decision,Section_7.1.player.subjects,Section_7.1.player.experience,Section_7.1.player.preferred_second_survey,Section_7.1.group.id_in_subsession,Section_7.1.subsession.round_number,Submission id,Participant id,Status,Custom study tncs accepted at,Started at,Completed at,Reviewed at,Archived at,Time taken,Completion code,Total approvals,Ethnicity,Highest education level completed,Age,Sex,Ethnicity simplified,Country of birth,Country of residence,Nationality,Language,Student status,Employment status
0,3,fr9sstp6,,0,12,12,Exp2_Section_4,EndSurvey,2024-09-26 16:06:56.684508,1,,,0.0,,,,,,,,,,,,,,519akakd,,,,,0,Experiment_2_Skewness_Preference,https://app.prolific.com/submissions/complete?cc=C1BTHULB,0.0,1.0,3,,0.0,6290e064d34ecad7706ccb93,1,1,3,,0.0,C,C,A,D,A,A,C,C,C,C,CCADAACCCC,0.2,1.0,3.459,1,1,3,,0.0,noisy,explanation,Choice A,Fail,red,50.0,4.0,3.0,Pass Box,1,1,3,,0.0,0,0,1,0,0,1,0,0,0,General studies. I've worked in transportation and technology industries. ,Was an interesting and difficult process. ,1,1,,,,,,,,,,,,,,,,,,,,,,,,,,,,,,,,,,,,,,,,,,,,,,,,,,,,,,,,,,,,,,,,,,,,,,,,,,,,,,,,,,,,,,,,,,,,,,,,,66f586985bdcb687f79da601,6290e064d34ecad7706ccb93,APPROVED,Not Applicable,2024-09-26T16:06:53.721000Z,2024-09-26T16:12:05.349000Z,2024-09-26T16:12:10.385000Z,2024-09-26T16:12:07.160775Z,312.0,C1BTHULB,736,White,High school diploma/A-levels,30,Male,White,United States,United States,United States,English,No,Full-Time
1,4,t42lxzxa,,0,12,12,Exp2_Section_4,EndSurvey,2024-09-26 16:07:29.212766,1,,,0.0,,,,,,,,,,,,,,519akakd,,,,,0,Experiment_2_Skewness_Preference,https://app.prolific.com/submissions/complete?cc=C1BTHULB,0.0,1.0,4,,0.0,61644b17ec9f97f7485d5624,1,1,4,,0.0,A,A,B,B,C,C,B,C,A,C,AABBCCBCAC,0.4,0.0,0.0,1,1,4,,0.0,noisy,explanation,Choice B,Fail,black,70.0,7.0,8.0,Fail Box,1,1,4,,0.0,1,0,0,0,0,0,0,0,0,"Data structures, cyber security, elective maths",I had no issues with the study.,1,1,,,,,,,,,,,,,,,,,,,,,,,,,,,,,,,,,,,,,,,,,,,,,,,,,,,,,,,,,,,,,,,,,,,,,,,,,,,,,,,,,,,,,,,,,,,,,,,,,66f586b3d3ec83685eaa5f33,61644b17ec9f97f7485d5624,APPROVED,Not Applicable,2024-09-26T16:07:22.400000Z,2024-09-26T16:27:28.785000Z,2024-09-26T16:29:50.189000Z,2024-09-26T16:29:59.019634Z,1207.0,C1BTHULB,2567,Black/African American,Graduate degree (MA/MSc/MPhil/other),29,Female,Black,United States,United States,United States,English,No,Part-Time
2,5,g883hh0f,,0,12,12,Exp2_Section_4,EndSurvey,2024-09-26 16:07:42.971077,1,,,0.0,,,,,,,,,,,,,,519akakd,,,,,0,Experiment_2_Skewness_Preference,https://app.prolific.com/submissions/complete?cc=C1BTHULB,0.0,1.0,5,,0.0,66549179a1cb5573cc49c790,1,1,5,,0.0,C,C,A,C,D,B,D,A,A,D,CCACDBDAAD,0.2,0.0,0.0,1,1,5,,0.0,noisy,explanation,Choice B,Pass,red,1.0,1.0,1.0,Fail Box,1,1,5,,0.0,0,0,1,0,0,0,0,0,0,Education,Terrible.  This stressed me because I have never been good at math and didn't understand most of the questions.,1,1,,,,,,,,,,,,,,,,,,,,,,,,,,,,,,,,,,,,,,,,,,,,,,,,,,,,,,,,,,,,,,,,,,,,,,,,,,,,,,,,,,,,,,,,,,,,,,,,,66f586c27b2719b48a75ace0,66549179a1cb5573cc49c790,APPROVED,Not Applicable,2024-09-26T16:07:39.140000Z,2024-09-26T16:16:35.390000Z,2024-09-26T16:20:11.723000Z,2024-09-26T16:17:58.590566Z,537.0,C1BTHULB,269,White,Graduate degree (MA/MSc/MPhil/other),45,Female,White,United States,United States,United States,English,No,Part-Time
3,6,fln3v36e,,0,12,12,Exp2_Section_4,EndSurvey,2024-09-26 16:09:28.790684,1,,,0.0,,,,,,,,,,,,,,519akakd,,,,,0,Experiment_2_Skewness_Preference,https://app.prolific.com/submissions/complete?cc=C1BTHULB,0.0,1.0,6,,0.0,6659ef479b424681dc3f60ba,1,1,6,,0.0,D,C,A,B,D,A,A,B,B,A,DCABDAABBA,0.1,0.0,0.0,1,1,6,,0.0,noisy,explanation,Choice B,Fail,red,40.0,3.0,4.0,Not Sure,1,1,6,,0.0,0,1,0,0,0,0,0,0,0,"Latin, Economics, English","Somewhat confusing, but interesting nonetheless.",1,1,,,,,,,,,,,,,,,,,,,,,,,,,,,,,,,,,,,,,,,,,,,,,,,,,,,,,,,,,,,,,,,,,,,,,,,,,,,,,,,,,,,,,,,,,,,,,,,,,66f5872e016c22d8421a8e8c,6659ef479b424681dc3f60ba,APPROVED,Not Applicable,2024-09-26T16:09:24.390000Z,2024-09-26T16:22:58.297000Z,2024-09-26T16:22:59.175000Z,2024-09-26T16:22:59.071946Z,814.0,C1BTHULB,31,White,High school diploma/A-levels,30,Female,White,United States,United States,United States,English,Yes,"Not in paid work (e.g. homemaker', 'retired or disabled)"
4,7,wxcod1eb,,0,12,12,Exp2_Section_4,EndSurvey,2024-09-26 16:09:34.037322,1,,,0.0,,,,,,,,,,,,,,519akakd,,,,,0,Experiment_2_Skewness_Preference,https://app.prolific.com/submissions/complete?cc=C1BTHULB,0.0,1.0,7,,0.0,63386db00f7528f25101593c,1,1,7,,0.0,D,A,B,C,D,A,C,B,C,C,DABCDACBCC,0.2,0.0,0.0,1,1,7,,0.0,noisy,explanation,Choice A,Fail,red,50.0,5.0,5.0,Fail Box,1,1,7,,0.0,0,0,1,0,0,0,0,0,0,Biology ,No,1,1,,,,,,,,,,,,,,,,,,,,,,,,,,,,,,,,,,,,,,,,,,,,,,,,,,,,,,,,,,,,,,,,,,,,,,,,,,,,,,,,,,,,,,,,,,,,,,,,,66f587225bdcb687f79da618,63386db00f7528f25101593c,APPROVED,Not Applicable,2024-09-26T16:09:12.552000Z,2024-09-26T16:19:00.073000Z,2024-09-26T16:20:49.641000Z,2024-09-26T16:19:00.873228Z,588.0,C1BTHULB,1562,White,Graduate degree (MA/MSc/MPhil/other),28,Male,White,United States,United States,United States,English,DATA_EXPIRED,DATA_EXPIRED
5,8,noteni1o,,0,12,12,Exp2_Section_4,EndSurvey,2024-09-26 16:10:17.396446,1,,,0.0,,,,,,,,,,,,,,519akakd,,,,,0,Experiment_2_Skewness_Preference,https://app.prolific.com/submissions/complete?cc=C1BTHULB,0.0,1.0,8,,0.0,664c96f5fdfc411c8d0cd939,1,1,8,,0.0,C,D,C,D,C,C,C,C,C,D,CDCDCCCCCD,0.3,0.0,0.0,1,1,8,,0.0,noisy,explanation,Choice A,Fail,red,20.0,4.0,5.0,Pass Box,1,1,8,,0.0,0,0,1,0,0,0,0,0,0,"Math, Science, English, Language Arts",The questions were very challenging for me.,1,1,,,,,,,,,,,,,,,,,,,,,,,,,,,,,,,,,,,,,,,,,,,,,,,,,,,,,,,,,,,,,,,,,,,,,,,,,,,,,,,,,,,,,,,,,,,,,,,,,66f587597ba57a40551bcc16,664c96f5fdfc411c8d0cd939,APPROVED,Not Applicable,2024-09-26T16:10:11.194000Z,2024-09-26T16:15:25.670000Z,2024-09-26T16:18:08.639000Z,2024-09-26T16:17:43.125029Z,315.0,C1BTHULB,123,White,Technical/community college,33,Female,White,United States,United States,United States,English,No,Part-Time
6,9,apeihcak,,0,12,12,Exp2_Section_4,EndSurvey,2024-09-26 16:10:21.477667,1,,,0.0,,,,,,,,,,,,,,519akakd,,,,,0,Experiment_2_Skewness_Preference,https://app.prolific.com/submissions/complete?cc=C1BTHULB,0.0,1.0,9,,0.0,58c518d7b101a70001293900,1,1,9,,0.0,D,D,B,C,C,C,A,A,D,B,DDBCCCAADB,0.1,0.0,0.0,1,1,9,,0.0,noisy,explanation,Choice B,Fail,black,42.0,3.0,5.0,Fail Box,1,1,9,,0.0,0,0,1,0,0,0,0,0,0,accounting,i havent seen these maths in years and i feel very rusty.,1,1,,,,,,,,,,,,,,,,,,,,,,,,,,,,,,,,,,,,,,,,,,,,,,,,,,,,,,,,,,,,,,,,,,,,,,,,,,,,,,,,,,,,,,,,,,,,,,,,,66f5876a58e1da34ae290cb2,58c518d7b101a70001293900,APPROVED,Not Applicable,2024-09-26T16:10:18.175000Z,2024-09-26T16:14:51.803000Z,2024-10-09T19:16:56.336000Z,2024-09-26T16:17:25.620386Z,274.0,C1BTHULB,3373,Mixed,Undergraduate degree (BA/BSc/other),40,Male,Mixed,United States,United States,United States,English,No,Full-Time
8,11,q7zdsshb,,0,12,12,Exp2_Section_4,EndSurvey,2024-09-26 16:11:02.989899,1,,,0.0,,,,,,,,,,,,,,519akakd,,,,,0,Experiment_2_Skewness_Preference,https://app.prolific.com/submissions/complete?cc=C1BTHULB,0.0,1.0,11,,0.0,60fdef558b926ecb4de631cf,1,1,11,,0.0,D,D,A,B,D,B,D,C,B,B,DDABDBDCBB,0.5,0.0,0.0,1,1,11,,0.0,noisy,explanation,Choice B,Pass,red,50.0,4.0,5.0,Pass Box,1,1,11,,0.0,0,0,1,0,0,0,0,0,0,"I subjected just really basic general subjects, nothing specific to an industry ",I realized that I really don't have a lot of math skills ,1,1,,,,,,,,,,,,,,,,,,,,,,,,,,,,,,,,,,,,,,,,,,,,,,,,,,,,,,,,,,,,,,,,,,,,,,,,,,,,,,,,,,,,,,,,,,,,,,,,,66f5878e298d2a6221a82929,60fdef558b926ecb4de631cf,APPROVED,Not Applicable,2024-09-26T16:10:59.508000Z,2024-09-26T16:19:20.983000Z,2024-09-26T16:20:51.253000Z,2024-09-26T16:19:21.644508Z,502.0,C1BTHULB,1201,White,Technical/community college,29,Male,White,United States,United States,United States,English,No,DATA_EXPIRED
9,12,n1h9r1bn,,0,12,12,Exp2_Section_4,EndSurvey,2024-09-26 16:11:38.240948,1,,,0.0,,,,,,,,,,,,,,519akakd,,,,,0,Experiment_2_Skewness_Preference,https://app.prolific.com/submissions/complete?cc=C1BTHULB,0.0,1.0,12,,0.0,611feee3fbf3a45d9af39eeb,1,1,12,,0.0,B,A,B,C,A,C,A,C,B,B,BABCACACBB,0.3,15.0,120.123,1,1,12,,0.0,noisy,explanation,Choice A,Pass,black,30.0,4.0,3.0,Pass Box,1,1,12,,0.0,0,0,1,0,0,0,0,0,0,Accounting related courses,It was great,1,1,,,,,,,,,,,,,,,,,,,,,,,,,,,,,,,,,,,,,,,,,,,,,,,,,,,,,,,,,,,,,,,,,,,,,,,,,,,,,,,,,,,,,,,,,,,,,,,,,66f587a80132ed7008caf574,611feee3fbf3a45d9af39eeb,APPROVED,Not Applicable,2024-09-26T16:11:29.977000Z,2024-09-26T16:24:05.472000Z,2024-09-26T16:24:09.024000Z,2024-09-26T16:24:06.411013Z,756.0,C1BTHULB,3319,Black/African American,Graduate degree (MA/MSc/MPhil/other),31,Male,Black,United States,United States,United States,English,No,Full-Time
10,13,8y781ih8,,0,12,12,Exp2_Section_4,EndSurvey,2024-09-26 16:11:46.484774,1,,,0.0,,,,,,,,,,,,,,519akakd,,,,,0,Experiment_2_Skewness_Preference,https://app.prolific.com/submissions/complete?cc=C1BTHULB,0.0,1.0,13,,0.0,5d654282986878001c2a5db7,1,1,13,,0.0,D,B,C,D,A,C,B,B,C,B,DBCDACBBCB,0.3,0.0,0.0,1,1,13,,0.0,noisy,explanation,Choice A,Pass,red,20.0,2.0,2.0,Pass Box,1,1,13,,0.0,0,0,1,0,0,0,0,0,0,"english, communications",,1,1,,,,,,,,,,,,,,,,,,,,,,,,,,,,,,,,,,,,,,,,,,,,,,,,,,,,,,,,,,,,,,,,,,,,,,,,,,,,,,,,,,,,,,,,,,,,,,,,,66f587b920dc368058be087c,5d654282986878001c2a5db7,APPROVED,Not Applicable,2024-09-26T16:11:43.831000Z,2024-09-26T16:14:37.447000Z,2024-10-09T19:16:59.036000Z,2024-09-26T16:17:15.387382Z,174.0,C1BTHULB,6276,Mixed,Graduate degree (MA/MSc/MPhil/other),41,Female,White,United States,United States,United States,English,No,Full-Time
11,14,dn2xd98h,,0,12,12,Exp2_Section_4,EndSurvey,2024-09-26 16:12:09.793957,1,,,0.0,,,,,,,,,,,,,,519akakd,,,,,0,Experiment_2_Skewness_Preference,https://app.prolific.com/submissions/complete?cc=C1BTHULB,0.0,1.0,14,,0.0,65cb7abb2785ea70576a8347,1,1,14,,0.0,D,A,A,B,B,B,A,C,B,D,DAABBBACBD,0.5,0.0,0.0,1,1,14,,0.0,noisy,explanation,Choice A,Pass,red,50.0,5.0,4.0,Fail Box,1,1,14,,0.0,0,0,1,0,0,0,0,0,0,"I studied a broad range of general subjects, but I enjoyed English the most. I've worked in various jobs and industries. ",It took a lot of concentration but it was fine. ,1,1,,,,,,,,,,,,,,,,,,,,,,,,,,,,,,,,,,,,,,,,,,,,,,,,,,,,,,,,,,,,,,,,,,,,,,,,,,,,,,,,,,,,,,,,,,,,,,,,,66f587d240fd7600de148e3e,65cb7abb2785ea70576a8347,APPROVED,Not Applicable,2024-09-26T16:12:06.724000Z,2024-09-26T16:27:15.723000Z,2024-09-26T16:29:46.188000Z,2024-09-26T16:29:52.368326Z,909.0,C1BTHULB,1702,East Asian,High school diploma/A-levels,27,Female,Asian,China,United States,United States,English,No,Full-Time
12,15,d1zl1psw,,0,12,12,Exp2_Section_4,EndSurvey,2024-09-26 16:12:11.028381,1,,,0.0,,,,,,,,,,,,,,519akakd,,,,,0,Experiment_2_Skewness_Preference,https://app.prolific.com/submissions/complete?cc=C1BTHULB,0.0,1.0,15,,0.0,663b842b57dff9e199c928db,1,1,15,,0.0,D,A,A,C,B,C,D,C,B,B,DAACBCDCBB,0.5,0.0,0.0,1,1,15,,0.0,noisy,explanation,Choice A,Fail,red,40.0,2.0,7.0,Fail Box,1,1,15,,0.0,0,0,1,0,0,0,0,0,0,Highschool was general studies. I attended nursing school afterwards and have worked in healthcare so I've studied a lot about the human body and medication.,It reminded me that I used to be really good at math and am rusty as heck. Thank you for the survey!,1,1,,,,,,,,,,,,,,,,,,,,,,,,,,,,,,,,,,,,,,,,,,,,,,,,,,,,,,,,,,,,,,,,,,,,,,,,,,,,,,,,,,,,,,,,,,,,,,,,,66f587d0ce2e07884e0268d5,663b842b57dff9e199c928db,APPROVED,Not Applicable,2024-09-26T16:12:07.724000Z,2024-09-26T16:20:35.123000Z,2024-09-26T16:20:58.490000Z,2024-09-26T16:20:36.017794Z,508.0,C1BTHULB,352,White,Technical/community college,29,Female,White,United States,United States,United States,English,No,Full-Time
13,16,29f2lmc7,,0,12,12,Exp2_Section_4,EndSurvey,2024-09-26 16:12:45.311809,1,,,0.0,,,,,,,,,,,,,,519akakd,,,,,0,Experiment_2_Skewness_Preference,https://app.prolific.com/submissions/complete?cc=C1BTHULB,0.0,1.0,16,,0.0,665b223263a2144efc395bea,1,1,16,,0.0,D,D,D,D,D,B,D,C,D,D,DDDDDBDCDD,0.3,0.0,0.0,1,1,16,,0.0,noisy,explanation,Choice B,Fail,black,100.0,6.0,7.0,Fail Box,1,1,16,,0.0,0,0,1,0,0,0,0,0,1,"Science, Math, Psychology",It was good. No feedback.,1,1,,,,,,,,,,,,,,,,,,,,,,,,,,,,,,,,,,,,,,,,,,,,,,,,,,,,,,,,,,,,,,,,,,,,,,,,,,,,,,,,,,,,,,,,,,,,,,,,,66f587f12d73300b11dff48a,665b223263a2144efc395bea,APPROVED,Not Applicable,2024-09-26T16:12:39.431000Z,2024-09-26T16:29:56.478000Z,2024-09-26T16:30:40.842000Z,2024-09-26T16:31:32.670897Z,1038.0,C1BTHULB,24,White,Graduate degree (MA/MSc/MPhil/other),33,Female,White,United States,United States,United States,English,Yes,Full-Time
14,17,iwh0uexq,,0,12,12,Exp2_Section_4,EndSurvey,2024-09-26 16:14:33.374140,1,,,0.0,,,,,,,,,,,,,,519akakd,,,,,0,Experiment_2_Skewness_Preference,https://app.prolific.com/submissions/complete?cc=C1BTHULB,0.0,1.0,17,,0.0,631f6e0b69d34cd131d923f8,1,1,17,,0.0,D,C,B,C,D,D,D,B,C,A,DCBCDDDBCA,0.2,0.0,0.0,1,1,17,,0.0,noisy,explanation,Choice A,Fail,red,0.0,3.0,3.0,Fail Box,1,1,17,,0.0,0,1,1,0,0,0,0,0,0,"Economics, history, fire science, medicine. ",I found answering some of the math questions difficult. ,1,1,,,,,,,,,,,,,,,,,,,,,,,,,,,,,,,,,,,,,,,,,,,,,,,,,,,,,,,,,,,,,,,,,,,,,,,,,,,,,,,,,,,,,,,,,,,,,,,,,66f588601898bb97116a38e3,631f6e0b69d34cd131d923f8,APPROVED,Not Applicable,2024-09-26T16:14:30.591000Z,2024-09-26T16:23:08.916000Z,2024-09-26T16:23:11.928000Z,2024-09-26T16:23:10.063050Z,519.0,C1BTHULB,2370,White,Technical/community college,34,Male,White,United States,United States,United States,English,No,Full-Time
15,18,mr8tgdgd,,0,12,12,Exp2_Section_4,EndSurvey,2024-09-26 16:15:23.456142,1,,,0.0,,,,,,,,,,,,,,519akakd,,,,,0,Experiment_2_Skewness_Preference,https://app.prolific.com/submissions/complete?cc=C1BTHULB,0.0,1.0,18,,0.0,6660d30221253395b7f16487,1,1,18,,0.0,D,A,A,B,B,B,D,C,C,B,DAABBBDCCB,0.8,0.0,0.0,1,1,18,,0.0,noisy,explanation,Choice B,Pass,red,65.0,6.0,6.0,Pass Box,1,1,18,,0.0,0,0,1,0,0,1,0,0,1,"Heavy STEM focus, Latin I, Latin II, Logic, Rhetoric, Ethics",Thank you for your research!,1,1,,,,,,,,,,,,,,,,,,,,,,,,,,,,,,,,,,,,,,,,,,,,,,,,,,,,,,,,,,,,,,,,,,,,,,,,,,,,,,,,,,,,,,,,,,,,,,,,,66f588913992a92a0c9ca592,6660d30221253395b7f16487,APPROVED,Not Applicable,2024-09-26T16:15:20.311000Z,2024-09-26T16:26:34.718000Z,2024-09-26T16:29:15.617000Z,2024-09-26T16:29:15.558483Z,675.0,C1BTHULB,195,White,Technical/community college,18,Male,White,United States,United States,United States,English,Yes,Part-Time
16,19,9149x0x3,,0,12,12,Exp2_Section_4,EndSurvey,2024-09-26 16:16:02.774379,1,,,0.0,,,,,,,,,,,,,,519akakd,,,,,0,Experiment_2_Skewness_Preference,https://app.prolific.com/submissions/complete?cc=C1BTHULB,0.0,1.0,19,,0.0,6598942c3d07928cc188ffdb,1,1,19,,0.0,D,C,B,B,D,B,C,B,B,C,DCBBDBCBBC,0.2,0.0,0.0,1,1,19,,0.0,noisy,explanation,Choice A,Pass,red,10.0,1.0,1.0,Fail Box,1,1,19,,0.0,0,0,1,0,1,0,0,0,0,health,hard questions,1,1,,,,,,,,,,,,,,,,,,,,,,,,,,,,,,,,,,,,,,,,,,,,,,,,,,,,,,,,,,,,,,,,,,,,,,,,,,,,,,,,,,,,,,,,,,,,,,,,,66f588ba168aca3e03b8df5f,6598942c3d07928cc188ffdb,APPROVED,Not Applicable,2024-09-26T16:15:59.907000Z,2024-09-26T16:23:25.820000Z,2024-09-26T16:23:26.732000Z,2024-09-26T16:23:26.638810Z,446.0,C1BTHULB,863,East Asian,High school diploma/A-levels,19,Male,Asian,United States,United States,United States,English,Yes,Part-Time
17,20,u2cairhp,,0,12,12,Exp2_Section_4,EndSurvey,2024-09-26 16:16:39.572464,1,,,0.0,,,,,,,,,,,,,,519akakd,,,,,0,Experiment_2_Skewness_Preference,https://app.prolific.com/submissions/complete?cc=C1BTHULB,0.0,1.0,20,,0.0,66218c8e08ca3c586108ec70,1,1,20,,0.0,D,D,A,C,B,C,A,A,D,B,DDACBCAADB,0.2,0.0,0.0,1,1,20,,0.0,noisy,explanation,Choice B,Fail,black,30.0,4.0,5.0,Fail Box,1,1,20,,0.0,0,0,1,0,0,0,0,0,0,Business/Psychology/Management,,1,1,,,,,,,,,,,,,,,,,,,,,,,,,,,,,,,,,,,,,,,,,,,,,,,,,,,,,,,,,,,,,,,,,,,,,,,,,,,,,,,,,,,,,,,,,,,,,,,,,66f588df3a3ef5afed1123f7,66218c8e08ca3c586108ec70,APPROVED,Not Applicable,2024-09-26T16:16:36.075000Z,2024-09-26T16:24:00.421000Z,2024-09-26T16:24:01.658000Z,2024-09-26T16:24:01.559309Z,445.0,C1BTHULB,405,White,Undergraduate degree (BA/BSc/other),37,Male,White,United States,United States,United States,English,No,Full-Time
19,22,bg7rq73y,,0,12,12,Exp2_Section_4,EndSurvey,2024-09-26 16:18:42.258017,1,,,0.0,,,,,,,,,,,,,,519akakd,,,,,0,Experiment_2_Skewness_Preference,https://app.prolific.com/submissions/complete?cc=C1BTHULB,0.0,1.0,22,,0.0,669d1e13adb50bc8c5501033,1,1,22,,0.0,A,A,D,,,,,C,,,AAD____C__,0.3,1.0,5.589,1,1,22,,0.0,noisy,explanation,Choice B,Pass,red,40.0,4.0,3.0,Pass Box,1,1,22,,0.0,1,0,1,0,0,0,0,0,0,"Computer Science, Nursing",I'm a bit disappointed because I spent a long time on question 1. It was hard to remember these math concepts.,1,1,,,,,,,,,,,,,,,,,,,,,,,,,,,,,,,,,,,,,,,,,,,,,,,,,,,,,,,,,,,,,,,,,,,,,,,,,,,,,,,,,,,,,,,,,,,,,,,,,66f5895ba4c9e73e0e5c55c5,669d1e13adb50bc8c5501033,APPROVED,Not Applicable,2024-09-26T16:18:39.566000Z,2024-09-26T16:30:52.119000Z,2024-09-26T16:31:06.975000Z,2024-09-26T16:31:58.933381Z,733.0,C1BTHULB,179,East Asian,Graduate degree (MA/MSc/MPhil/other),36,Male,Asian,United States,United States,United States,English,No,Full-Time
21,24,k5a2amha,,0,12,12,Exp2_Section_4,EndSurvey,2024-09-26 16:20:03.501652,1,,,0.0,,,,,,,,,,,,,,519akakd,,,,,0,Experiment_2_Skewness_Preference,https://app.prolific.com/submissions/complete?cc=C1BTHULB,0.0,1.0,24,,0.0,5ffe14ac36fe8d4717e86985,1,1,24,,0.0,A,B,D,B,B,B,D,C,C,B,ABDBBBDCCB,0.8,0.0,0.0,1,1,24,,0.0,noisy,explanation,Choice B,Pass,red,60.0,5.0,6.0,Pass Box,1,1,24,,0.0,0,0,1,0,0,0,0,0,0,Biology,interesting experience,1,1,,,,,,,,,,,,,,,,,,,,,,,,,,,,,,,,,,,,,,,,,,,,,,,,,,,,,,,,,,,,,,,,,,,,,,,,,,,,,,,,,,,,,,,,,,,,,,,,,66f589abf3d534cc72dc6b68,5ffe14ac36fe8d4717e86985,APPROVED,Not Applicable,2024-09-26T16:20:00.173000Z,2024-09-26T16:29:18.489000Z,2024-09-26T16:30:27.497000Z,2024-09-26T16:31:02.572180Z,559.0,C1BTHULB,278,East Asian,Undergraduate degree (BA/BSc/other),23,Male,Asian,United States,United States,India,English,DATA_EXPIRED,DATA_EXPIRED
22,25,j20cufd3,,0,12,12,Exp2_Section_4,EndSurvey,2024-09-26 16:20:20.875024,1,,,0.0,,,,,,,,,,,,,,519akakd,,,,,0,Experiment_2_Skewness_Preference,https://app.prolific.com/submissions/complete?cc=C1BTHULB,0.0,1.0,25,,0.0,644c061ce861c17549323c00,1,1,25,,0.0,D,A,A,D,B,D,B,A,B,C,DAADBDBABC,0.2,0.0,0.0,1,1,25,,0.0,noisy,explanation,Choice A,Pass,black,0.0,0.0,0.0,Pass Box,1,1,25,,0.0,0,0,1,0,0,0,0,0,0,General.,Work on reducing the instructions to only the required information. Work on the readability of the instructions - aim for high school level. ,1,1,,,,,,,,,,,,,,,,,,,,,,,,,,,,,,,,,,,,,,,,,,,,,,,,,,,,,,,,,,,,,,,,,,,,,,,,,,,,,,,,,,,,,,,,,,,,,,,,,66f589bcb6c3f672edf51c83,644c061ce861c17549323c00,APPROVED,Not Applicable,2024-09-26T16:20:18.132000Z,2024-09-26T16:25:22.384000Z,2024-09-26T16:25:24.222000Z,2024-09-26T16:25:23.184475Z,305.0,C1BTHULB,3930,White,Technical/community college,49,Male,White,United States,United States,United States,English,No,Part-Time
23,26,v3sgdac4,,0,12,12,Exp2_Section_4,EndSurvey,2024-09-26 16:20:35.131886,1,,,0.0,,,,,,,,,,,,,,519akakd,,,,,0,Experiment_2_Skewness_Preference,https://app.prolific.com/submissions/complete?cc=C1BTHULB,0.0,1.0,26,,0.0,659807fcc53622792be6d8bd,1,1,26,,0.0,C,C,A,D,C,D,B,D,B,A,CCADCDBDBA,0.0,0.0,0.0,1,1,26,,0.0,noisy,explanation,Choice A,Fail,red,7.0,1.0,5.0,Fail Box,1,1,26,,0.0,0,0,1,0,1,0,0,0,0,English Literature,"I'm absolutely terrible at math and did not understand a single question, so it was an awful task for me but kinda fun haha ",1,1,,,,,,,,,,,,,,,,,,,,,,,,,,,,,,,,,,,,,,,,,,,,,,,,,,,,,,,,,,,,,,,,,,,,,,,,,,,,,,,,,,,,,,,,,,,,,,,,,66f589cabd14e0263c74f2d2,659807fcc53622792be6d8bd,APPROVED,Not Applicable,2024-09-26T16:20:31.994000Z,2024-09-26T16:30:30.093000Z,2024-09-26T16:30:54.263000Z,2024-09-26T16:31:48.712017Z,599.0,C1BTHULB,621,White,Undergraduate degree (BA/BSc/other),37,Female,White,United States,United States,United States,English,DATA_EXPIRED,DATA_EXPIRED
24,27,4ebv40g1,,0,12,12,Exp2_Section_4,EndSurvey,2024-09-26 16:21:06.108463,1,,,0.0,,,,,,,,,,,,,,519akakd,,,,,0,Experiment_2_Skewness_Preference,https://app.prolific.com/submissions/complete?cc=C1BTHULB,0.0,1.0,27,,0.0,6095a3cfda27eb98bb3b74f0,1,1,27,,0.0,D,D,C,B,D,B,A,D,C,A,DDCBDBADCA,0.4,0.0,0.0,1,1,27,,0.0,noisy,explanation,Choice B,Pass,red,30.0,3.0,4.0,Pass Box,1,1,27,,0.0,0,0,1,0,0,0,0,0,0,"I've worked in IT my whole life.  I didn't attend college, except for a couple classes I took after graduating high school.  In high school, I took computer classes but also enjoyed math and science.  I didn't really enjoy those math problems; they made me feel old and out of touch with math.",I would need some refresher courses before I were to take an exam like this again.  I feel defeated :-),1,1,,,,,,,,,,,,,,,,,,,,,,,,,,,,,,,,,,,,,,,,,,,,,,,,,,,,,,,,,,,,,,,,,,,,,,,,,,,,,,,,,,,,,,,,,,,,,,,,,66f589ea0819560d4c647739,6095a3cfda27eb98bb3b74f0,APPROVED,Not Applicable,2024-09-26T16:21:03.811000Z,2024-09-26T16:34:44.493000Z,2024-09-26T16:34:45.468000Z,2024-09-26T16:34:45.370452Z,821.0,C1BTHULB,3311,White,High school diploma/A-levels,46,Male,White,United States,United States,United States,English,No,Unemployed (and job seeking)
26,29,fulqox1o,,0,12,12,Exp2_Section_4,EndSurvey,2024-09-26 16:21:48.288416,1,,,0.0,,,,,,,,,,,,,,519akakd,,,,,0,Experiment_2_Skewness_Preference,https://app.prolific.com/submissions/complete?cc=C1BTHULB,0.0,1.0,29,,0.0,62aa26c5843008383a1dd08a,1,1,29,,0.0,D,D,C,B,D,B,A,B,C,B,DDCBDBABCB,0.5,0.0,0.0,1,1,29,,0.0,noisy,explanation,Choice B,Pass,red,1.0,2.0,1.0,Not Sure,1,1,29,,0.0,0,0,1,0,0,0,0,0,0,Accounting,I felt stupid!,1,1,,,,,,,,,,,,,,,,,,,,,,,,,,,,,,,,,,,,,,,,,,,,,,,,,,,,,,,,,,,,,,,,,,,,,,,,,,,,,,,,,,,,,,,,,,,,,,,,,66f58a10bd6a4ce6a778ed2d,62aa26c5843008383a1dd08a,APPROVED,Not Applicable,2024-09-26T16:21:45.160000Z,2024-09-26T16:28:04.531000Z,2024-09-26T16:30:00.462000Z,2024-09-26T16:30:31.843157Z,380.0,C1BTHULB,73,White,Undergraduate degree (BA/BSc/other),45,Female,White,United States,United States,United States,English,No,Full-Time
27,30,xg1zjo49,,0,12,12,Exp2_Section_4,EndSurvey,2024-09-26 16:22:16.775986,1,,,0.0,,,,,,,,,,,,,,519akakd,,,,,0,Experiment_2_Skewness_Preference,https://app.prolific.com/submissions/complete?cc=C1BTHULB,0.0,1.0,30,,0.0,61245769826057b69678987a,1,1,30,,0.0,C,C,B,D,A,A,C,C,B,A,CCBDAACCBA,0.1,4.0,15.82,1,1,30,,0.0,noisy,explanation,Choice A,Fail,red,30.0,2.0,4.0,Fail Box,1,1,30,,0.0,0,0,1,0,0,1,0,0,0,I studied primarily business protected classes. I have only worked in the food industry.,My experience was confusing but mind stimulating.,1,1,,,,,,,,,,,,,,,,,,,,,,,,,,,,,,,,,,,,,,,,,,,,,,,,,,,,,,,,,,,,,,,,,,,,,,,,,,,,,,,,,,,,,,,,,,,,,,,,,66f58a2d289a349b6dead011,61245769826057b69678987a,APPROVED,Not Applicable,2024-09-26T16:22:13.155000Z,2024-09-26T16:30:10.493000Z,2024-09-26T16:30:46.187000Z,2024-09-26T16:31:41.582158Z,478.0,C1BTHULB,1017,Latino/Hispanic,Undergraduate degree (BA/BSc/other),22,Female,White,United States,United States,United States,Spanish,Yes,Part-Time
29,32,cofsmiv3,,0,12,12,Exp2_Section_4,EndSurvey,2024-09-26 16:23:15.416873,1,,,0.0,,,,,,,,,,,,,,519akakd,,,,,0,Experiment_2_Skewness_Preference,https://app.prolific.com/submissions/complete?cc=C1BTHULB,0.0,1.0,32,,0.0,66328fe9e8a976c326ab19e1,1,1,32,,0.0,D,C,D,C,D,C,B,D,B,D,DCDCDCBDBD,0.0,0.0,0.0,1,1,32,,0.0,noisy,explanation,Choice A,Fail,red,20.0,2.0,2.0,Fail Box,1,1,32,,0.0,0,0,0,0,0,0,0,0,1,Math and science,Good,1,1,,,,,,,,,,,,,,,,,,,,,,,,,,,,,,,,,,,,,,,,,,,,,,,,,,,,,,,,,,,,,,,,,,,,,,,,,,,,,,,,,,,,,,,,,,,,,,,,,66f58a6b08e437e2bd8c78d1,66328fe9e8a976c326ab19e1,APPROVED,Not Applicable,2024-09-26T16:23:12.402000Z,2024-09-26T16:29:36.210000Z,2024-09-26T16:30:33.983000Z,2024-09-26T16:31:17.930350Z,384.0,C1BTHULB,209,White,High school diploma/A-levels,20,Male,White,United States,United States,United States,English,Yes,Other
30,33,8en3zy6p,,0,12,12,Exp2_Section_4,EndSurvey,2024-09-26 16:23:47.822003,1,,,0.0,,,,,,,,,,,,,,519akakd,,,,,0,Experiment_2_Skewness_Preference,https://app.prolific.com/submissions/complete?cc=C1BTHULB,0.0,1.0,33,,0.0,65c140b80efce0ed096216e3,1,1,33,,0.0,B,D,D,B,A,C,C,B,A,C,BDDBACCBAC,0.1,0.0,0.0,1,1,33,,0.0,noisy,explanation,Choice A,Fail,red,25.0,4.0,4.0,Pass Box,1,1,33,,0.0,0,0,1,0,0,0,0,0,0,Criminal Justice and creative writing. ,It was quick and fairly easy ,1,1,,,,,,,,,,,,,,,,,,,,,,,,,,,,,,,,,,,,,,,,,,,,,,,,,,,,,,,,,,,,,,,,,,,,,,,,,,,,,,,,,,,,,,,,,,,,,,,,,66f58a74b4abe67e8e4d46f4,65c140b80efce0ed096216e3,APPROVED,Not Applicable,2024-09-26T16:23:40.592000Z,2024-09-26T16:39:51.380000Z,2024-09-26T16:43:15.248000Z,2024-09-26T16:40:18.116659Z,971.0,C1BTHULB,820,Mixed,Technical/community college,36,Female,Black,United States,United States,United States,English,DATA_EXPIRED,DATA_EXPIRED
31,34,iavw1fly,,0,12,12,Exp2_Section_4,EndSurvey,2024-09-26 16:24:14.719190,1,,,0.0,,,,,,,,,,,,,,519akakd,,,,,0,Experiment_2_Skewness_Preference,https://app.prolific.com/submissions/complete?cc=C1BTHULB,0.0,1.0,34,,0.0,60430fc782b5752a7ae8d797,1,1,34,,0.0,D,A,B,B,B,B,B,D,C,B,DABBBBBDCB,0.6,0.0,0.0,1,1,34,,0.0,noisy,explanation,Choice B,Pass,red,70.0,6.0,5.0,Pass Box,1,1,34,,0.0,0,0,1,0,0,0,0,0,0,Social Sciences and I work in education,Good,1,1,,,,,,,,,,,,,,,,,,,,,,,,,,,,,,,,,,,,,,,,,,,,,,,,,,,,,,,,,,,,,,,,,,,,,,,,,,,,,,,,,,,,,,,,,,,,,,,,,66f58a7d7af0e3ce4eee0d2c,60430fc782b5752a7ae8d797,APPROVED,Not Applicable,2024-09-26T16:24:11.859000Z,2024-09-26T16:31:59.297000Z,2024-09-26T16:32:00.965000Z,2024-09-26T16:32:34.053482Z,468.0,C1BTHULB,4441,South Asian,Graduate degree (MA/MSc/MPhil/other),43,Female,White,United States,United States,United States,English,No,Full-Time
32,35,k405s0e1,,0,12,12,Exp2_Section_4,EndSurvey,2024-09-26 16:24:23.745032,1,,,0.0,,,,,,,,,,,,,,519akakd,,,,,0,Experiment_2_Skewness_Preference,https://app.prolific.com/submissions/complete?cc=C1BTHULB,0.0,1.0,35,,0.0,6659fc5225ebd63b4f7f1d56,1,1,35,,0.0,B,C,B,B,C,D,D,C,B,D,BCBBCDDCBD,0.3,0.0,0.0,1,1,35,,0.0,noisy,explanation,Choice B,Pass,red,50.0,2.0,3.0,Pass Box,1,1,35,,0.0,0,0,1,0,0,0,0,0,0,Mostly math,None.,1,1,,,,,,,,,,,,,,,,,,,,,,,,,,,,,,,,,,,,,,,,,,,,,,,,,,,,,,,,,,,,,,,,,,,,,,,,,,,,,,,,,,,,,,,,,,,,,,,,,66f58aaf094d30da7b721f87,6659fc5225ebd63b4f7f1d56,APPROVED,Not Applicable,2024-09-26T16:24:21.235000Z,2024-09-26T16:28:53.885000Z,2024-10-09T19:16:56.785000Z,2024-09-26T16:30:50.237875Z,273.0,C1BTHULB,491,Latino/Hispanic,Graduate degree (MA/MSc/MPhil/other),45,Male,White,United States,United States,United States,English,No,Full-Time
33,36,updaf3z1,,0,12,12,Exp2_Section_4,EndSurvey,2024-09-26 16:24:27.352848,1,,,0.0,,,,,,,,,,,,,,519akakd,,,,,0,Experiment_2_Skewness_Preference,https://app.prolific.com/submissions/complete?cc=C1BTHULB,0.0,1.0,36,,0.0,5fa322092858085f30d5b011,1,1,36,,0.0,D,A,A,B,B,B,D,C,A,D,DAABBBDCAD,0.6,1.0,1.184,1,1,36,,0.0,noisy,explanation,Choice A,Pass,black,75.0,7.0,6.0,Pass Box,1,1,36,,0.0,0,0,1,0,0,0,0,0,0,math - IT,"nice quiz, thanks, haven't seen anything like this for some time",1,1,,,,,,,,,,,,,,,,,,,,,,,,,,,,,,,,,,,,,,,,,,,,,,,,,,,,,,,,,,,,,,,,,,,,,,,,,,,,,,,,,,,,,,,,,,,,,,,,,66f58ab4ae56cd83f2f51d58,5fa322092858085f30d5b011,APPROVED,Not Applicable,2024-09-26T16:24:24.940000Z,2024-09-26T16:33:17.818000Z,2024-09-26T16:33:18.659000Z,2024-09-26T16:33:18.566173Z,533.0,C1BTHULB,979,White,Undergraduate degree (BA/BSc/other),40,Male,White,United States,United States,United States,English,No,Full-Time
34,37,aun5qsbk,,0,12,12,Exp2_Section_4,EndSurvey,2024-09-26 16:24:36.841690,1,,,0.0,,,,,,,,,,,,,,519akakd,,,,,0,Experiment_2_Skewness_Preference,https://app.prolific.com/submissions/complete?cc=C1BTHULB,0.0,1.0,37,,0.0,66f1d346461c7dd7cec5bbe4,1,1,37,,0.0,B,B,C,A,B,D,A,C,C,B,BBCABDACCB,0.5,0.0,0.0,1,1,37,,0.0,noisy,explanation,Choice A,Fail,red,20.0,5.0,9.0,Fail Box,1,1,37,,0.0,0,0,1,0,0,0,0,0,0,Ag,nope,1,1,,,,,,,,,,,,,,,,,,,,,,,,,,,,,,,,,,,,,,,,,,,,,,,,,,,,,,,,,,,,,,,,,,,,,,,,,,,,,,,,,,,,,,,,,,,,,,,,,66f58aba559c7c33e808c0eb,66f1d346461c7dd7cec5bbe4,APPROVED,Not Applicable,2024-09-26T16:24:32.887000Z,2024-09-26T16:28:36.267000Z,2024-10-09T19:16:59.364000Z,2024-09-26T16:30:45.297498Z,244.0,C1BTHULB,1,White,Technical/community college,47,Female,White,United States,United States,United States,English,Yes,Unemployed (and job seeking)
35,38,s5wh8upw,,0,12,12,Exp2_Section_4,EndSurvey,2024-09-26 16:24:52.257545,1,,,0.0,,,,,,,,,,,,,,519akakd,,,,,0,Experiment_2_Skewness_Preference,https://app.prolific.com/submissions/complete?cc=C1BTHULB,0.0,1.0,38,,0.0,61531624b67f1ccd83e48d48,1,1,38,,0.0,D,A,C,D,A,C,C,C,B,A,DACDACCCBA,0.3,0.0,0.0,1,1,38,,0.0,noisy,explanation,Choice A,Pass,black,23.0,3.0,3.0,Pass Box,1,1,38,,0.0,0,0,1,0,0,0,0,0,0,"biology, chemistry  medical impplants",my math is very out of date,1,1,,,,,,,,,,,,,,,,,,,,,,,,,,,,,,,,,,,,,,,,,,,,,,,,,,,,,,,,,,,,,,,,,,,,,,,,,,,,,,,,,,,,,,,,,,,,,,,,,66f58ac781c659dd071db44a,61531624b67f1ccd83e48d48,APPROVED,Not Applicable,2024-09-26T16:24:46.681000Z,2024-09-26T16:36:52.004000Z,2024-09-26T16:36:53.135000Z,2024-09-26T16:36:53.037064Z,726.0,C1BTHULB,2037,White,Graduate degree (MA/MSc/MPhil/other),76,Male,White,United States,United States,United States,English,No,"Not in paid work (e.g. homemaker', 'retired or disabled)"
36,39,d10sekkw,,0,12,12,Exp2_Section_4,EndSurvey,2024-09-26 16:25:06.150436,1,,,0.0,,,,,,,,,,,,,,519akakd,,,,,0,Experiment_2_Skewness_Preference,https://app.prolific.com/submissions/complete?cc=C1BTHULB,0.0,1.0,39,,0.0,65e109ee06b278635a89cc19,1,1,39,,0.0,D,B,C,A,C,B,A,C,C,A,DBCACBACCA,0.4,1.0,0.119,1,1,39,,0.0,noisy,explanation,Choice B,Fail,red,25.0,3.0,5.0,Fail Box,1,1,39,,0.0,0,1,1,0,0,0,0,0,1,Chemistry and Biology,"Very interesting study, everything was clearly explained.",1,1,,,,,,,,,,,,,,,,,,,,,,,,,,,,,,,,,,,,,,,,,,,,,,,,,,,,,,,,,,,,,,,,,,,,,,,,,,,,,,,,,,,,,,,,,,,,,,,,,66f58ad0cc3f54cd7ba54dee,65e109ee06b278635a89cc19,APPROVED,Not Applicable,2024-09-26T16:24:55.414000Z,2024-09-26T16:39:50.832000Z,2024-09-26T16:43:36.906000Z,2024-09-26T16:40:16.896328Z,896.0,C1BTHULB,202,White,Undergraduate degree (BA/BSc/other),21,Male,White,United States,United States,United States,English,DATA_EXPIRED,DATA_EXPIRED
37,40,896f3mm2,,0,12,12,Exp2_Section_4,EndSurvey,2024-09-26 16:25:30.805215,1,,,0.0,,,,,,,,,,,,,,519akakd,,,,,0,Experiment_2_Skewness_Preference,https://app.prolific.com/submissions/complete?cc=C1BTHULB,0.0,1.0,40,,0.0,5deadb731aaabf212ed16016,1,1,40,,0.0,A,C,D,B,B,B,D,C,,,ACDBBBDC__,0.6,9.0,32.149,1,1,40,,0.0,noisy,explanation,Choice B,Fail,red,60.0,8.0,9.0,Pass Box,1,1,40,,0.0,0,1,0,0,0,0,0,0,0,Information Technology - Banking,,1,1,,,,,,,,,,,,,,,,,,,,,,,,,,,,,,,,,,,,,,,,,,,,,,,,,,,,,,,,,,,,,,,,,,,,,,,,,,,,,,,,,,,,,,,,,,,,,,,,,66f58acba0e7fb774e022508,5deadb731aaabf212ed16016,APPROVED,Not Applicable,2024-09-26T16:25:28.391000Z,2024-09-26T16:35:03.806000Z,2024-09-26T16:35:06.806000Z,2024-09-26T16:35:04.458780Z,576.0,C1BTHULB,2953,White,Graduate degree (MA/MSc/MPhil/other),37,Male,White,United States,United States,Ireland,English,DATA_EXPIRED,DATA_EXPIRED
38,41,8f3886by,,0,12,12,Exp2_Section_4,EndSurvey,2024-09-26 16:25:31.748838,1,,,0.0,,,,,,,,,,,,,,519akakd,,,,,0,Experiment_2_Skewness_Preference,https://app.prolific.com/submissions/complete?cc=C1BTHULB,0.0,1.0,41,,0.0,636148d7c918791f6fc8d86c,1,1,41,,0.0,B,A,A,C,D,B,,,,,BAACDB____,0.2,0.0,0.0,1,1,41,,0.0,noisy,explanation,Choice A,Fail,red,25.0,4.0,3.0,Fail Box,1,1,41,,0.0,0,0,1,0,0,0,0,0,0,Whatever was taught. Cnc machining.,,1,1,,,,,,,,,,,,,,,,,,,,,,,,,,,,,,,,,,,,,,,,,,,,,,,,,,,,,,,,,,,,,,,,,,,,,,,,,,,,,,,,,,,,,,,,,,,,,,,,,66f58af05b18d291540bd751,636148d7c918791f6fc8d86c,APPROVED,Not Applicable,2024-09-26T16:25:28.509000Z,2024-09-26T16:38:22.992000Z,2024-09-26T16:43:21Z,2024-09-26T16:38:35.343338Z,775.0,C1BTHULB,703,White,Secondary education (e.g. GED/GCSE),35,Male,White,United States,United States,United States,English,No,"Not in paid work (e.g. homemaker', 'retired or disabled)"
40,43,5pd8qhp8,,0,12,12,Exp2_Section_4,EndSurvey,2024-09-26 16:26:05.044906,1,,,0.0,,,,,,,,,,,,,,519akakd,,,,,0,Experiment_2_Skewness_Preference,https://app.prolific.com/submissions/complete?cc=C1BTHULB,0.0,1.0,43,,0.0,5fa46c0a5fc245089e298c1d,1,1,43,,0.0,D,A,B,C,D,A,C,C,A,B,DABCDACCAB,0.3,0.0,0.0,1,1,43,,0.0,noisy,explanation,Choice B,Fail,black,100.0,4.0,5.0,Fail Box,1,1,43,,0.0,0,0,1,0,0,0,0,0,0,"Music, Art, Woodshop, Spanish",I really dislike math,1,1,,,,,,,,,,,,,,,,,,,,,,,,,,,,,,,,,,,,,,,,,,,,,,,,,,,,,,,,,,,,,,,,,,,,,,,,,,,,,,,,,,,,,,,,,,,,,,,,,66f58b168e4c792f2f3c26c1,5fa46c0a5fc245089e298c1d,APPROVED,Not Applicable,2024-09-26T16:26:02.783000Z,2024-09-26T16:39:33.758000Z,2024-09-26T16:43:46.867000Z,2024-09-26T16:39:50.437222Z,811.0,C1BTHULB,216,White,Secondary education (e.g. GED/GCSE),36,Female,White,United States,United States,United States,English,No,Part-Time
41,44,uy22bvpu,,0,12,12,Exp2_Section_4,EndSurvey,2024-09-26 16:26:20.280999,1,,,0.0,,,,,,,,,,,,,,519akakd,,,,,0,Experiment_2_Skewness_Preference,https://app.prolific.com/submissions/complete?cc=C1BTHULB,0.0,1.0,44,,0.0,66b9a250c6a696f981b667cf,1,1,44,,0.0,D,A,B,C,D,B,B,B,B,,DABCDBBBB_,0.2,0.0,0.0,1,1,44,,0.0,noisy,explanation,Choice B,Pass,red,10.0,1.0,1.0,Pass Box,1,1,44,,0.0,0,0,1,0,0,0,0,0,0,"Administration, customer service, business, art",,1,1,,,,,,,,,,,,,,,,,,,,,,,,,,,,,,,,,,,,,,,,,,,,,,,,,,,,,,,,,,,,,,,,,,,,,,,,,,,,,,,,,,,,,,,,,,,,,,,,,66f58b24c403f64bbd07b61d,66b9a250c6a696f981b667cf,APPROVED,Not Applicable,2024-09-26T16:26:16.536000Z,2024-09-26T16:37:48.358000Z,2024-09-26T16:37:49.217000Z,2024-09-26T16:37:49.099728Z,692.0,C1BTHULB,82,White,Undergraduate degree (BA/BSc/other),61,Female,White,United States,United States,United States,English,No,"Not in paid work (e.g. homemaker', 'retired or disabled)"
42,45,dzm2modp,,0,12,12,Exp2_Section_4,EndSurvey,2024-09-26 16:26:23.714709,1,,,0.0,,,,,,,,,,,,,,519akakd,,,,,0,Experiment_2_Skewness_Preference,https://app.prolific.com/submissions/complete?cc=C1BTHULB,0.0,1.0,45,,0.0,60ec601b8525af507f06373d,1,1,45,,0.0,A,,,,B,,,C,,,A___B__C__,0.3,0.0,0.0,1,1,45,,0.0,noisy,explanation,Choice A,Pass,black,25.0,2.0,2.0,Pass Box,1,1,45,,0.0,0,0,1,0,0,0,0,0,0,Computers,Very difficult test,1,1,,,,,,,,,,,,,,,,,,,,,,,,,,,,,,,,,,,,,,,,,,,,,,,,,,,,,,,,,,,,,,,,,,,,,,,,,,,,,,,,,,,,,,,,,,,,,,,,,66f58b286ce3cc26176a0289,60ec601b8525af507f06373d,APPROVED,Not Applicable,2024-09-26T16:26:20.911000Z,2024-09-26T16:39:29.363000Z,2024-09-26T16:43:18.457000Z,2024-09-26T16:39:46.383731Z,789.0,C1BTHULB,1959,White,Undergraduate degree (BA/BSc/other),43,Male,White,United States,United States,United States,English,No,DATA_EXPIRED
43,46,8i18m5yw,,0,12,12,Exp2_Section_4,EndSurvey,2024-09-26 16:26:29.888675,1,,,0.0,,,,,,,,,,,,,,519akakd,,,,,0,Experiment_2_Skewness_Preference,https://app.prolific.com/submissions/complete?cc=C1BTHULB,0.0,1.0,46,,0.0,61118cf8dd195d72acb7594a,1,1,46,,0.0,A,A,D,C,B,C,D,C,D,B,AADCBCDCDB,0.6,0.0,0.0,1,1,46,,0.0,noisy,explanation,Choice A,Pass,black,50.0,7.0,5.0,Pass Box,1,1,46,,0.0,0,0,1,0,0,0,0,0,0,social studies and education,stressful,1,1,,,,,,,,,,,,,,,,,,,,,,,,,,,,,,,,,,,,,,,,,,,,,,,,,,,,,,,,,,,,,,,,,,,,,,,,,,,,,,,,,,,,,,,,,,,,,,,,,66f58b2e032007da887d56e8,61118cf8dd195d72acb7594a,APPROVED,Not Applicable,2024-09-26T16:26:27.288000Z,2024-09-26T16:39:17.581000Z,2024-09-26T16:43:17.828000Z,2024-09-26T16:39:36.087506Z,771.0,C1BTHULB,2799,White,Undergraduate degree (BA/BSc/other),41,Male,White,United States,United States,United States,English,No,DATA_EXPIRED
44,47,rv6c2yl1,,0,12,12,Exp2_Section_4,EndSurvey,2024-09-26 16:26:38.891296,1,,,0.0,,,,,,,,,,,,,,519akakd,,,,,0,Experiment_2_Skewness_Preference,https://app.prolific.com/submissions/complete?cc=C1BTHULB,0.0,1.0,47,,0.0,6642308f20a1f9975ec7ad19,1,1,47,,0.0,D,C,C,B,C,A,D,C,B,A,DCCBCADCBA,0.4,0.0,0.0,1,1,47,,0.0,noisy,explanation,Choice B,Fail,black,60.0,6.0,8.0,Fail Box,1,1,47,,0.0,0,1,1,0,0,0,1,0,0,"Science, language, art",interesting yet confusing,1,1,,,,,,,,,,,,,,,,,,,,,,,,,,,,,,,,,,,,,,,,,,,,,,,,,,,,,,,,,,,,,,,,,,,,,,,,,,,,,,,,,,,,,,,,,,,,,,,,,66f58b39d84494189613e385,6642308f20a1f9975ec7ad19,APPROVED,Not Applicable,2024-09-26T16:26:36.386000Z,2024-09-26T16:30:52.143000Z,2024-10-09T19:16:59.704000Z,2024-09-26T16:31:59.094638Z,256.0,C1BTHULB,107,White,Undergraduate degree (BA/BSc/other),44,Female,White,United States,United States,United States,English,No,Unemployed (and job seeking)
45,48,qqbhn7w6,,0,12,12,Exp2_Section_4,EndSurvey,2024-09-26 16:27:57.581485,1,,,0.0,,,,,,,,,,,,,,519akakd,,,,,0,Experiment_2_Skewness_Preference,https://app.prolific.com/submissions/complete?cc=C1BTHULB,0.0,1.0,48,,0.0,6547c8a4e6c345f9da7d21ae,1,1,48,,0.0,A,A,B,C,D,B,C,A,B,B,AABCDBCABB,0.4,8.0,123.113,1,1,48,,0.0,noisy,explanation,Choice B,Pass,red,100.0,3.0,4.0,Fail Box,1,1,48,,0.0,0,0,1,0,0,0,0,0,0,"IT. Was never good at math, trigonometry, algebra or calculus.",How many people answer all questions correctly?,1,1,,,,,,,,,,,,,,,,,,,,,,,,,,,,,,,,,,,,,,,,,,,,,,,,,,,,,,,,,,,,,,,,,,,,,,,,,,,,,,,,,,,,,,,,,,,,,,,,,66f58b845853c2b4f8eb68c2,6547c8a4e6c345f9da7d21ae,APPROVED,Not Applicable,2024-09-26T16:27:54.699000Z,2024-09-26T16:39:55.414000Z,2024-09-26T16:43:22.792000Z,2024-09-26T16:40:24.317958Z,721.0,C1BTHULB,738,White,Undergraduate degree (BA/BSc/other),63,Male,White,United States,United States,United States,English,No,Full-Time
46,49,89uzq38y,,0,12,12,Exp2_Section_4,EndSurvey,2024-09-26 16:28:02.529395,1,,,0.0,,,,,,,,,,,,,,519akakd,,,,,0,Experiment_2_Skewness_Preference,https://app.prolific.com/submissions/complete?cc=C1BTHULB,0.0,1.0,49,,0.0,616de80c9d988b900e45e5d3,1,1,49,,0.0,C,A,C,C,B,B,A,C,C,C,CACCBBACCC,0.6,0.0,0.0,1,1,49,,0.0,noisy,explanation,Choice A,Pass,black,10.0,5.0,5.0,Fail Box,1,1,49,,0.0,0,0,1,0,0,0,0,0,0,Management was the subject I studied in school,It was good,1,1,,,,,,,,,,,,,,,,,,,,,,,,,,,,,,,,,,,,,,,,,,,,,,,,,,,,,,,,,,,,,,,,,,,,,,,,,,,,,,,,,,,,,,,,,,,,,,,,,66f58b8b34237506b0bcd053,616de80c9d988b900e45e5d3,APPROVED,Not Applicable,2024-09-26T16:28:00.297000Z,2024-09-26T16:31:38.857000Z,2024-10-09T19:16:57.137000Z,2024-09-26T16:32:22.153425Z,219.0,C1BTHULB,1717,White,High school diploma/A-levels,21,Male,White,United States,United States,United States,English,Yes,Unemployed (and job seeking)
47,50,337iyhzg,,0,12,12,Exp2_Section_4,EndSurvey,2024-09-26 16:28:29.901663,1,,,0.0,,,,,,,,,,,,,,519akakd,,,,,0,Experiment_2_Skewness_Preference,https://app.prolific.com/submissions/complete?cc=C1BTHULB,0.0,1.0,50,,0.0,5f13b237c08bc13e4ef2e760,1,1,50,,0.0,D,B,D,C,D,A,A,A,B,A,DBDCDAAABA,0.0,0.0,0.0,1,1,50,,0.0,noisy,explanation,Choice A,Fail,red,5.0,1.0,2.0,Not Sure,1,1,50,,0.0,0,0,1,0,0,0,0,0,0,math,nope,1,1,,,,,,,,,,,,,,,,,,,,,,,,,,,,,,,,,,,,,,,,,,,,,,,,,,,,,,,,,,,,,,,,,,,,,,,,,,,,,,,,,,,,,,,,,,,,,,,,,66f58ba4ff439ae3df8ce22f,5f13b237c08bc13e4ef2e760,APPROVED,Not Applicable,2024-09-26T16:28:26.976000Z,2024-09-26T16:34:25.396000Z,2024-09-26T16:34:26.389000Z,2024-09-26T16:34:26.293939Z,359.0,C1BTHULB,4665,White,Technical/community college,34,Female,White,United States,United States,United States,English,No,Other
48,51,dybotpc2,,0,12,12,Exp2_Section_4,EndSurvey,2024-09-26 16:28:37.483959,1,,,0.0,,,,,,,,,,,,,,519akakd,,,,,0,Experiment_2_Skewness_Preference,https://app.prolific.com/submissions/complete?cc=C1BTHULB,0.0,1.0,51,,0.0,66f34136a8313908816fdcc3,1,1,51,,0.0,A,C,D,C,B,A,D,A,B,B,ACDCBADABB,0.4,0.0,0.0,1,1,51,,0.0,noisy,explanation,Choice A,Pass,black,20.0,0.0,0.0,Pass Box,1,1,51,,0.0,1,0,1,0,0,0,0,0,0,"Economics, Health Science, Public Policy, Political Science",Fine,1,1,,,,,,,,,,,,,,,,,,,,,,,,,,,,,,,,,,,,,,,,,,,,,,,,,,,,,,,,,,,,,,,,,,,,,,,,,,,,,,,,,,,,,,,,,,,,,,,,,66f58baa651adc8ba6653b11,66f34136a8313908816fdcc3,APPROVED,Not Applicable,2024-09-26T16:28:32.840000Z,2024-09-26T16:38:11.651000Z,2024-09-26T16:43:46.270000Z,2024-09-26T16:38:17.304016Z,579.0,C1BTHULB,2,White,Graduate degree (MA/MSc/MPhil/other),26,Female,White,United States,United States,United States,English,No,Full-Time
49,52,3xjsx9qu,,0,12,12,Exp2_Section_4,EndSurvey,2024-09-26 16:28:50.402219,1,,,0.0,,,,,,,,,,,,,,519akakd,,,,,0,Experiment_2_Skewness_Preference,https://app.prolific.com/submissions/complete?cc=C1BTHULB,0.0,1.0,52,,0.0,60fdf104935a0ef0e93762b0,1,1,52,,0.0,B,C,A,A,C,D,D,B,C,A,BCAACDDBCA,0.2,0.0,0.0,1,1,52,,0.0,noisy,explanation,Choice A,Fail,red,60.0,2.0,3.0,Fail Box,1,1,52,,0.0,0,0,1,0,0,0,0,0,0,hospitality management,it was fun,1,1,,,,,,,,,,,,,,,,,,,,,,,,,,,,,,,,,,,,,,,,,,,,,,,,,,,,,,,,,,,,,,,,,,,,,,,,,,,,,,,,,,,,,,,,,,,,,,,,,66f58bb17b5daf1fec7d7b19,60fdf104935a0ef0e93762b0,APPROVED,Not Applicable,2024-09-26T16:28:45.674000Z,2024-09-26T16:31:51.602000Z,2024-10-09T19:17:00.023000Z,2024-09-26T16:32:30.321756Z,186.0,C1BTHULB,2701,White,Undergraduate degree (BA/BSc/other),32,Female,White,United States,United States,Ireland,English,No,Full-Time
50,53,xpjlbhak,,0,12,12,Exp2_Section_4,EndSurvey,2024-09-26 16:28:57.832022,1,,,0.0,,,,,,,,,,,,,,519akakd,,,,,0,Experiment_2_Skewness_Preference,https://app.prolific.com/submissions/complete?cc=C1BTHULB,0.0,1.0,53,,0.0,66eb8392a83124c440666fb1,1,1,53,,0.0,A,A,B,C,D,B,D,A,B,D,AABCDBDABD,0.4,0.0,0.0,1,1,53,,0.0,noisy,explanation,Choice A,Fail,red,10.0,5.0,5.0,Pass Box,1,1,53,,0.0,0,1,1,1,0,0,0,0,1,Religious studies!  Mathematics.  History.  Science.,It was a really tough quiz. I haven't done math like that in years. And I'm really curious what my actual score on the quiz was.,1,1,,,,,,,,,,,,,,,,,,,,,,,,,,,,,,,,,,,,,,,,,,,,,,,,,,,,,,,,,,,,,,,,,,,,,,,,,,,,,,,,,,,,,,,,,,,,,,,,,66f58bba201d45ced4d679d2,66eb8392a83124c440666fb1,APPROVED,Not Applicable,2024-09-26T16:28:52.758000Z,2024-09-26T16:42:22.284000Z,2024-09-26T16:43:19.741000Z,2024-09-26T16:42:23.043560Z,810.0,C1BTHULB,7,Native American or Alaskan Native,Undergraduate degree (BA/BSc/other),23,Male,Other,United States,United States,United States,English,Yes,Full-Time
51,54,qyrf1hwh,,0,12,12,Exp2_Section_4,EndSurvey,2024-09-26 16:29:05.617683,1,,,0.0,,,,,,,,,,,,,,519akakd,,,,,0,Experiment_2_Skewness_Preference,https://app.prolific.com/submissions/complete?cc=C1BTHULB,0.0,1.0,54,,0.0,6644cd2538b07b2b6aaa4376,1,1,54,,0.0,B,B,A,B,D,B,A,C,B,A,BBABDBACBA,0.3,0.0,0.0,1,1,54,,0.0,noisy,explanation,Choice A,Pass,red,50.0,4.0,3.0,Pass Box,1,1,54,,0.0,0,0,1,1,0,0,0,0,0,Typical school courses until high school where I got to take an Arts class and Marine Biology. I've worked online jobs and in the public sector as well.,I didn't understand the whole balls in boxes situation. I guess it was supposed to be that way so I wouldn't know either way how I did on the test.,1,1,,,,,,,,,,,,,,,,,,,,,,,,,,,,,,,,,,,,,,,,,,,,,,,,,,,,,,,,,,,,,,,,,,,,,,,,,,,,,,,,,,,,,,,,,,,,,,,,,66f58bc9ae50cb94245731a9,6644cd2538b07b2b6aaa4376,APPROVED,Not Applicable,2024-09-26T16:29:02.073000Z,2024-09-26T16:42:38.099000Z,2024-09-26T16:43:11.189000Z,2024-09-26T16:42:38.711458Z,817.0,C1BTHULB,138,White,High school diploma/A-levels,26,Female,White,United States,United States,United States,English,No,Part-Time
52,55,i4j6i5ml,,0,12,12,Exp2_Section_4,EndSurvey,2024-09-26 16:29:11.356035,1,,,0.0,,,,,,,,,,,,,,519akakd,,,,,0,Experiment_2_Skewness_Preference,https://app.prolific.com/submissions/complete?cc=C1BTHULB,0.0,1.0,55,,0.0,65d76ebb8291ac6b90e131a7,1,1,55,,0.0,A,A,A,B,B,B,D,C,C,B,AAABBBDCCB,0.9,0.0,0.0,1,1,55,,0.0,noisy,explanation,Choice B,Pass,red,80.0,6.0,6.0,Pass Box,1,1,55,,0.0,1,1,1,0,0,0,0,1,1,Engineering  Maths  CompSci  Construction,,1,1,,,,,,,,,,,,,,,,,,,,,,,,,,,,,,,,,,,,,,,,,,,,,,,,,,,,,,,,,,,,,,,,,,,,,,,,,,,,,,,,,,,,,,,,,,,,,,,,,66f58bb0681eb9dbe19add92,65d76ebb8291ac6b90e131a7,APPROVED,Not Applicable,2024-09-26T16:29:07.697000Z,2024-09-26T16:41:19.287000Z,2024-09-26T16:43:22.182000Z,2024-09-26T16:41:43.564487Z,732.0,C1BTHULB,255,South Asian,Undergraduate degree (BA/BSc/other),26,Male,Asian,United States,United States,United States,English,No,Full-Time
53,56,8743t16n,,0,12,12,Exp2_Section_4,EndSurvey,2024-09-26 16:29:15.187947,1,,,0.0,,,,,,,,,,,,,,519akakd,,,,,0,Experiment_2_Skewness_Preference,https://app.prolific.com/submissions/complete?cc=C1BTHULB,0.0,1.0,56,,0.0,639f9c5df69bccc14bb598b7,1,1,56,,0.0,D,A,B,C,A,B,A,C,B,A,DABCABACBA,0.3,0.0,0.0,1,1,56,,0.0,noisy,explanation,Choice B,Pass,red,0.0,0.0,0.0,Pass Box,1,1,56,,0.0,0,0,1,0,0,0,0,0,0,"general education., was a diesel mechanic in the Navy ,then a welder for 30 yrs",hard questions im afraid it looked like greek to me..,1,1,,,,,,,,,,,,,,,,,,,,,,,,,,,,,,,,,,,,,,,,,,,,,,,,,,,,,,,,,,,,,,,,,,,,,,,,,,,,,,,,,,,,,,,,,,,,,,,,,66f58bccfbee3f58bb2a99fe,639f9c5df69bccc14bb598b7,APPROVED,Not Applicable,2024-09-26T16:29:10.921000Z,2024-09-26T16:38:07.131000Z,2024-09-26T17:38:15.671000Z,2024-09-26T16:38:09.677974Z,537.0,C1BTHULB,1994,White,High school diploma/A-levels,54,Male,White,United States,United States,United States,English,DATA_EXPIRED,DATA_EXPIRED
54,57,1qgtkljs,,0,12,12,Exp2_Section_4,EndSurvey,2024-09-26 16:29:33.144559,1,,,0.0,,,,,,,,,,,,,,519akakd,,,,,0,Experiment_2_Skewness_Preference,https://app.prolific.com/submissions/complete?cc=C1BTHULB,0.0,1.0,57,,0.0,5e7fefe06c12706d47e35211,1,1,57,,0.0,B,A,D,C,D,B,D,C,D,B,BADCDBDCDB,0.5,0.0,0.0,1,1,57,,0.0,noisy,explanation,Choice A,Pass,black,50.0,6.0,5.0,Pass Box,1,1,57,,0.0,0,0,1,0,0,0,0,0,0,"I studied neuroscience, natural sciences, and psychology. I work in clinical research and data science.",I wish we knew beforehand if we could use scratch paper beforehand so I didn't waste time getting it ready.,1,1,,,,,,,,,,,,,,,,,,,,,,,,,,,,,,,,,,,,,,,,,,,,,,,,,,,,,,,,,,,,,,,,,,,,,,,,,,,,,,,,,,,,,,,,,,,,,,,,,66f58be4f745c9694f411c54,5e7fefe06c12706d47e35211,APPROVED,Not Applicable,2024-09-26T16:29:29.948000Z,2024-09-26T16:41:34.398000Z,2024-09-26T16:44:21.498000Z,2024-09-26T16:41:50.010747Z,725.0,C1BTHULB,2152,White,Graduate degree (MA/MSc/MPhil/other),25,Female,White,United States,United States,United States,English,No,Full-Time
55,58,gtctyz9f,,0,12,12,Exp2_Section_4,EndSurvey,2024-09-26 16:29:37.757517,1,,,0.0,,,,,,,,,,,,,,519akakd,,,,,0,Experiment_2_Skewness_Preference,https://app.prolific.com/submissions/complete?cc=C1BTHULB,0.0,1.0,58,,0.0,5fab34d5e971f1617667232e,1,1,58,,0.0,C,B,B,C,A,C,A,B,C,A,CBBCACABCA,0.1,0.0,0.0,1,1,58,,0.0,noisy,explanation,Choice B,Fail,black,3.0,1.0,4.0,Fail Box,1,1,58,,0.0,0,0,1,0,0,0,0,0,0,Kansas curriculum for high schoolers and I have worked as a CNA most of my working years other than 2 years that I worked as director of housekeeping for a large hotel.,It was hard because math was my absolute worst subject in school. Although I know I didn't do well at all on this it was an interesting study and a nice change of pace.,1,1,,,,,,,,,,,,,,,,,,,,,,,,,,,,,,,,,,,,,,,,,,,,,,,,,,,,,,,,,,,,,,,,,,,,,,,,,,,,,,,,,,,,,,,,,,,,,,,,,66f58be44eba6e7c9f133d1f,5fab34d5e971f1617667232e,APPROVED,Not Applicable,2024-09-26T16:29:32.762000Z,2024-09-26T16:37:57.941000Z,2024-09-26T16:37:58.739000Z,2024-09-26T16:37:58.638121Z,506.0,C1BTHULB,1975,White,Technical/community college,41,Female,White,United States,United States,United States,English,DATA_EXPIRED,DATA_EXPIRED
56,59,z1l1sw1b,,0,12,12,Exp2_Section_4,EndSurvey,2024-09-26 16:29:43.483343,1,,,0.0,,,,,,,,,,,,,,519akakd,,,,,0,Experiment_2_Skewness_Preference,https://app.prolific.com/submissions/complete?cc=C1BTHULB,0.0,1.0,59,,0.0,66d80c477561b038cd0e43b6,1,1,59,,0.0,A,A,B,B,B,,D,,,,AABBB_D___,0.5,0.0,0.0,1,1,59,,0.0,noisy,explanation,Choice B,Pass,red,60.0,6.0,4.0,Pass Box,1,1,59,,0.0,1,0,1,0,0,0,1,0,0,Programming languages,"My experience throughout this process was generally positive. The questions were clear and relevant, and I appreciated the structured format that guided me through each section. ",1,1,,,,,,,,,,,,,,,,,,,,,,,,,,,,,,,,,,,,,,,,,,,,,,,,,,,,,,,,,,,,,,,,,,,,,,,,,,,,,,,,,,,,,,,,,,,,,,,,,66f58be80413d554442486fe,66d80c477561b038cd0e43b6,APPROVED,Not Applicable,2024-09-26T16:29:38.157000Z,2024-09-26T16:48:52.839000Z,2024-09-26T16:51:14.790000Z,2024-09-26T16:51:20.467120Z,1155.0,C1BTHULB,64,Black/African American,Undergraduate degree (BA/BSc/other),27,Female,Black,United States,United States,United States,English,No,Part-Time
57,60,w0fnu5qa,,0,12,12,Exp2_Section_4,EndSurvey,2024-09-26 16:29:43.956951,1,,,0.0,,,,,,,,,,,,,,519akakd,,,,,0,Experiment_2_Skewness_Preference,https://app.prolific.com/submissions/complete?cc=C1BTHULB,0.0,1.0,60,,0.0,65c10d8000af1af81e3f42ec,1,1,60,,0.0,A,C,D,B,A,B,D,B,B,,ACDBABDBB_,0.4,1.0,0.183,1,1,60,,0.0,noisy,explanation,Choice B,Pass,red,62.0,5.0,3.0,Pass Box,1,1,60,,0.0,0,0,1,0,0,0,0,0,0,Human Resource Management  Accounting  Foreign Language,Good experience,1,1,,,,,,,,,,,,,,,,,,,,,,,,,,,,,,,,,,,,,,,,,,,,,,,,,,,,,,,,,,,,,,,,,,,,,,,,,,,,,,,,,,,,,,,,,,,,,,,,,66f58bec0ffeb15b3d2d3929,65c10d8000af1af81e3f42ec,APPROVED,Not Applicable,2024-09-26T16:29:39.286000Z,2024-09-26T16:44:17.145000Z,2024-09-26T16:44:25.219000Z,2024-09-26T16:44:20.264731Z,878.0,C1BTHULB,691,Black/African American,High school diploma/A-levels,36,Female,Black,United States,United States,United States,English,No,Due to start a new job within the next month
59,62,j4ezn22d,,0,12,12,Exp2_Section_4,EndSurvey,2024-09-26 16:30:18.218172,1,,,0.0,,,,,,,,,,,,,,519akakd,,,,,0,Experiment_2_Skewness_Preference,https://app.prolific.com/submissions/complete?cc=C1BTHULB,0.0,1.0,62,,0.0,6100c3f0a1cd16bb87069625,1,1,62,,0.0,B,C,B,A,C,C,D,C,A,C,BCBACCDCAC,0.2,0.0,0.0,1,1,62,,0.0,noisy,explanation,Choice B,Fail,black,10.0,1.0,3.0,Fail Box,1,1,62,,0.0,0,0,1,0,0,0,0,0,0,"history, science, mathematics, english",no feedback,1,1,,,,,,,,,,,,,,,,,,,,,,,,,,,,,,,,,,,,,,,,,,,,,,,,,,,,,,,,,,,,,,,,,,,,,,,,,,,,,,,,,,,,,,,,,,,,,,,,,66f58c0d62782082a4f59dfa,6100c3f0a1cd16bb87069625,APPROVED,Not Applicable,2024-09-26T16:30:13.064000Z,2024-09-26T16:39:26.910000Z,2024-09-26T16:43:47.963000Z,2024-09-26T16:39:44.966952Z,554.0,C1BTHULB,391,White,High school diploma/A-levels,24,Male,White,United States,United States,United States,English,No,Other
60,63,m7v4lhmc,,0,12,12,Exp2_Section_4,EndSurvey,2024-09-26 16:30:24.240118,1,,,0.0,,,,,,,,,,,,,,519akakd,,,,,0,Experiment_2_Skewness_Preference,https://app.prolific.com/submissions/complete?cc=C1BTHULB,0.0,1.0,63,,0.0,65ca870d5ec4d7d40b27c58d,1,1,63,,0.0,D,C,C,D,B,C,D,A,C,B,DCCDBCDACB,0.5,0.0,0.0,1,1,63,,0.0,noisy,explanation,Choice B,Pass,red,50.0,1.0,2.0,Pass Box,1,1,63,,0.0,0,1,1,1,0,0,0,0,0,I majored in sociology and i've worked in sales and tech ,Was not expecting the math,1,1,,,,,,,,,,,,,,,,,,,,,,,,,,,,,,,,,,,,,,,,,,,,,,,,,,,,,,,,,,,,,,,,,,,,,,,,,,,,,,,,,,,,,,,,,,,,,,,,,66f58bed4df6f35dfd7d6f36,65ca870d5ec4d7d40b27c58d,APPROVED,Not Applicable,2024-09-26T16:29:39.685000Z,2024-09-26T16:35:42.361000Z,2024-09-26T16:35:43.993000Z,2024-09-26T16:35:43.166605Z,363.0,C1BTHULB,152,Black/African American,Undergraduate degree (BA/BSc/other),35,Female,Black,United States,United States,United States,English,DATA_EXPIRED,DATA_EXPIRED
61,64,4zwhkzhf,,0,12,12,Exp2_Section_4,EndSurvey,2024-09-26 16:30:40.820400,1,,,0.0,,,,,,,,,,,,,,519akakd,,,,,0,Experiment_2_Skewness_Preference,https://app.prolific.com/submissions/complete?cc=C1BTHULB,0.0,1.0,64,,0.0,60fef0626d87d03fb002641e,1,1,64,,0.0,B,A,A,B,A,B,D,B,B,B,BAABABDBBB,0.5,0.0,0.0,1,1,64,,0.0,noisy,explanation,Choice B,Pass,red,60.0,4.0,5.0,Pass Box,1,1,64,,0.0,0,0,1,0,0,0,0,0,0,STEM and research industries,I am usually good at math but this made me feel bad lol. ,1,1,,,,,,,,,,,,,,,,,,,,,,,,,,,,,,,,,,,,,,,,,,,,,,,,,,,,,,,,,,,,,,,,,,,,,,,,,,,,,,,,,,,,,,,,,,,,,,,,,66f58c298712ff08730d0587,60fef0626d87d03fb002641e,APPROVED,Not Applicable,2024-09-26T16:30:38.448000Z,2024-09-26T16:37:25.553000Z,2024-09-26T16:37:27.584000Z,2024-09-26T16:37:27.480340Z,408.0,C1BTHULB,1516,White,Technical/community college,21,Female,White,United States,United States,United States,English,Yes,Part-Time
62,66,u6h2j5lj,,0,12,12,Exp2_Section_4,EndSurvey,2024-09-26 16:31:08.577921,1,,,0.0,,,,,,,,,,,,,,519akakd,,,,,0,Experiment_2_Skewness_Preference,https://app.prolific.com/submissions/complete?cc=C1BTHULB,0.0,1.0,66,,0.0,655fa1d61a31921e732c6447,1,1,66,,0.0,D,A,C,,,,,,,,DAC_______,0.2,0.0,0.0,1,1,66,,0.0,noisy,explanation,Choice A,Pass,red,20.0,1.0,1.0,Fail Box,1,1,66,,0.0,0,0,1,0,0,1,0,0,0,"Humanities, Philosophy, Biology","It was difficult, but it is what it is",1,1,,,,,,,,,,,,,,,,,,,,,,,,,,,,,,,,,,,,,,,,,,,,,,,,,,,,,,,,,,,,,,,,,,,,,,,,,,,,,,,,,,,,,,,,,,,,,,,,,66f58c42f89a8d78fa78eda4,655fa1d61a31921e732c6447,APPROVED,Not Applicable,2024-09-26T16:31:05.648000Z,2024-09-26T16:45:27.273000Z,2024-09-26T16:45:28.008000Z,2024-09-26T16:45:29.579474Z,862.0,C1BTHULB,601,East Asian,High school diploma/A-levels,20,Female,Asian,United States,United States,United States,English,DATA_EXPIRED,DATA_EXPIRED
63,67,ep5jtudp,,0,12,12,Exp2_Section_4,EndSurvey,2024-09-26 16:31:18.336196,1,,,0.0,,,,,,,,,,,,,,519akakd,,,,,0,Experiment_2_Skewness_Preference,https://app.prolific.com/submissions/complete?cc=C1BTHULB,0.0,1.0,67,,0.0,66ac000a448a79dc74f99132,1,1,67,,0.0,B,C,C,D,B,C,C,C,B,D,BCCDBCCCBD,0.3,0.0,0.0,1,1,67,,0.0,noisy,explanation,Choice A,Fail,red,50.0,4.0,4.0,Fail Box,1,1,67,,0.0,0,0,1,0,0,0,0,0,0,"Biology, English ",Not at all,1,1,,,,,,,,,,,,,,,,,,,,,,,,,,,,,,,,,,,,,,,,,,,,,,,,,,,,,,,,,,,,,,,,,,,,,,,,,,,,,,,,,,,,,,,,,,,,,,,,,66f58c470880e6d169248656,66ac000a448a79dc74f99132,APPROVED,Not Applicable,2024-09-26T16:31:11.312000Z,2024-09-26T16:40:15.025000Z,2024-09-26T16:43:44.254000Z,2024-09-26T16:40:56.075729Z,544.0,C1BTHULB,63,African,Doctorate degree (PhD/other),54,Female,Black,Nigeria,United States,United States,English,No,Full-Time
64,68,ja0096e3,,0,12,12,Exp2_Section_4,EndSurvey,2024-09-26 16:31:30.125322,1,,,0.0,,,,,,,,,,,,,,519akakd,,,,,0,Experiment_2_Skewness_Preference,https://app.prolific.com/submissions/complete?cc=C1BTHULB,0.0,1.0,68,,0.0,6647b89b36a2cd9d343fe7c1,1,1,68,,0.0,D,A,B,D,D,A,C,B,B,A,DABDDACBBA,0.1,0.0,0.0,1,1,68,,0.0,noisy,explanation,Choice B,Fail,red,70.0,4.0,4.0,Pass Box,1,1,68,,0.0,0,0,1,0,0,0,0,0,0,Psychology and merchandising ,Everything went well ,1,1,,,,,,,,,,,,,,,,,,,,,,,,,,,,,,,,,,,,,,,,,,,,,,,,,,,,,,,,,,,,,,,,,,,,,,,,,,,,,,,,,,,,,,,,,,,,,,,,,66f58c57b9a0d972bff42739,6647b89b36a2cd9d343fe7c1,APPROVED,Not Applicable,2024-09-26T16:31:25.468000Z,2024-09-26T16:41:25.095000Z,2024-09-26T17:43:06.875000Z,2024-09-26T16:41:46.048032Z,600.0,C1BTHULB,226,White,Undergraduate degree (BA/BSc/other),35,Female,White,United States,United States,United States,English,No,Unemployed (and job seeking)
65,69,m81od9kc,,0,12,12,Exp2_Section_4,EndSurvey,2024-09-26 16:31:42.237090,1,,,0.0,,,,,,,,,,,,,,519akakd,,,,,0,Experiment_2_Skewness_Preference,https://app.prolific.com/submissions/complete?cc=C1BTHULB,0.0,1.0,69,,0.0,6542c81d37666b59c34d1b65,1,1,69,,0.0,B,A,A,C,A,B,B,B,A,D,BAACABBBAD,0.2,0.0,0.0,1,1,69,,0.0,noisy,explanation,Choice B,Fail,black,65.0,4.0,3.0,Fail Box,1,1,69,,0.0,0,0,1,1,0,0,0,0,0,"Math, science, history, and English. As far as what industries Iv worked in, I have worked in the medical industry as IT.",Experience was positive. I miss math and I have forgotten so much that I learned when I was actively learning. I need to focus on my studies again.,1,1,,,,,,,,,,,,,,,,,,,,,,,,,,,,,,,,,,,,,,,,,,,,,,,,,,,,,,,,,,,,,,,,,,,,,,,,,,,,,,,,,,,,,,,,,,,,,,,,,66f58c55c4318643620bd7dc,6542c81d37666b59c34d1b65,APPROVED,Not Applicable,2024-09-26T16:31:38.141000Z,2024-09-26T16:47:29.325000Z,2024-09-26T16:47:32.114000Z,2024-09-26T16:47:30.511257Z,952.0,C1BTHULB,412,Latino/Hispanic,High school diploma/A-levels,23,Male,Mixed,United States,United States,United States,English,DATA_EXPIRED,Full-Time
66,70,oei8oqc1,,0,12,12,Exp2_Section_4,EndSurvey,2024-09-26 16:31:55.349647,1,,,0.0,,,,,,,,,,,,,,519akakd,,,,,0,Experiment_2_Skewness_Preference,https://app.prolific.com/submissions/complete?cc=C1BTHULB,0.0,1.0,70,,0.0,65c9c32a972eb42dca3511ec,1,1,70,,0.0,D,A,C,A,C,A,D,C,B,D,DACACADCBD,0.4,0.0,0.0,1,1,70,,0.0,noisy,explanation,Choice A,Fail,red,50.0,6.0,5.0,Pass Box,1,1,70,,0.0,0,0,1,0,1,0,0,0,0,I studied construction and I work in the construction industry,no,1,1,,,,,,,,,,,,,,,,,,,,,,,,,,,,,,,,,,,,,,,,,,,,,,,,,,,,,,,,,,,,,,,,,,,,,,,,,,,,,,,,,,,,,,,,,,,,,,,,,66f58c3a28ef388afd7fc6db,65c9c32a972eb42dca3511ec,APPROVED,Not Applicable,2024-09-26T16:31:48.840000Z,2024-09-26T16:51:09.267000Z,2024-09-26T17:55:24.231000Z,2024-09-26T16:52:55.943350Z,1161.0,C1BTHULB,372,Black/African American,Graduate degree (MA/MSc/MPhil/other),45,Male,Black,Ghana,United States,United States,English,No,Full-Time
67,71,5fwjv0gi,,0,12,12,Exp2_Section_4,EndSurvey,2024-09-26 16:32:09.847637,1,,,0.0,,,,,,,,,,,,,,519akakd,,,,,0,Experiment_2_Skewness_Preference,https://app.prolific.com/submissions/complete?cc=C1BTHULB,0.0,1.0,71,,0.0,66f566c89ef625f5c9be6c34,1,1,71,,0.0,D,C,A,D,D,B,,,,,DCADDB____,0.1,0.0,0.0,1,1,71,,0.0,noisy,explanation,Choice A,Fail,red,25.0,3.0,2.0,Not Sure,1,1,71,,0.0,0,0,1,0,0,0,0,0,0,College prep  Technical Support,It has been a long time since Algebra class.,1,1,,,,,,,,,,,,,,,,,,,,,,,,,,,,,,,,,,,,,,,,,,,,,,,,,,,,,,,,,,,,,,,,,,,,,,,,,,,,,,,,,,,,,,,,,,,,,,,,,66f58c7dd3ca44c14faf8bea,66f566c89ef625f5c9be6c34,APPROVED,Not Applicable,2024-09-26T16:32:05.642000Z,2024-09-26T16:45:58.322000Z,2024-09-26T16:46:04.319000Z,2024-09-26T16:45:59.201032Z,833.0,C1BTHULB,2,White,High school diploma/A-levels,55,Male,White,United States,United States,United States,English,No,DATA_EXPIRED
68,72,uq5tdhmk,,0,12,12,Exp2_Section_4,EndSurvey,2024-09-26 16:32:14.287313,1,,,0.0,,,,,,,,,,,,,,519akakd,,,,,0,Experiment_2_Skewness_Preference,https://app.prolific.com/submissions/complete?cc=C1BTHULB,0.0,1.0,72,,0.0,66cc7c20675a846fdf80ef4e,1,1,72,,0.0,A,A,D,B,B,B,,,,,AADBBB____,0.5,0.0,0.0,1,1,72,,0.0,noisy,explanation,Choice B,Pass,red,50.0,5.0,5.0,Pass Box,1,1,72,,0.0,0,0,1,0,0,0,0,0,0,"Math, Science, History, Language. I've worked in retail, sales, service.",,1,1,,,,,,,,,,,,,,,,,,,,,,,,,,,,,,,,,,,,,,,,,,,,,,,,,,,,,,,,,,,,,,,,,,,,,,,,,,,,,,,,,,,,,,,,,,,,,,,,,66f58c82559c7c33e808c167,66cc7c20675a846fdf80ef4e,APPROVED,Not Applicable,2024-09-26T16:32:10.807000Z,2024-09-26T16:54:00.010000Z,2024-09-26T17:55:03.001000Z,2024-09-26T16:54:14.348631Z,1310.0,C1BTHULB,61,White,High school diploma/A-levels,45,Female,White,United States,United States,United States,English,No,"Not in paid work (e.g. homemaker', 'retired or disabled)"
69,73,8177fd5q,,0,12,12,Exp2_Section_4,EndSurvey,2024-09-26 16:32:21.130741,1,,,0.0,,,,,,,,,,,,,,519akakd,,,,,0,Experiment_2_Skewness_Preference,https://app.prolific.com/submissions/complete?cc=C1BTHULB,0.0,1.0,73,,0.0,59565b1bbbb52400017ad4e1,1,1,73,,0.0,D,A,C,C,D,,,,,,DACCD_____,0.2,0.0,0.0,1,1,73,,0.0,noisy,explanation,Choice B,Fail,red,50.0,3.0,4.0,Pass Box,1,1,73,,0.0,0,0,1,0,0,0,0,0,0,Computer science,thanks and be well,1,1,,,,,,,,,,,,,,,,,,,,,,,,,,,,,,,,,,,,,,,,,,,,,,,,,,,,,,,,,,,,,,,,,,,,,,,,,,,,,,,,,,,,,,,,,,,,,,,,,66f58c8ae766233582dd93c7,59565b1bbbb52400017ad4e1,APPROVED,Not Applicable,2024-09-26T16:32:16.010000Z,2024-09-26T16:46:47.765000Z,2024-09-26T16:46:49.284000Z,2024-09-26T16:46:50.557127Z,872.0,C1BTHULB,5112,White,High school diploma/A-levels,53,Female,White,United States,United States,United States,English,No,Unemployed (and job seeking)
70,74,tm25e0tx,,0,12,12,Exp2_Section_4,EndSurvey,2024-09-26 16:32:41.742704,1,,,0.0,,,,,,,,,,,,,,519akakd,,,,,0,Experiment_2_Skewness_Preference,https://app.prolific.com/submissions/complete?cc=C1BTHULB,0.0,1.0,74,,0.0,65526310670362796e40bcf3,1,1,74,,0.0,D,C,B,C,D,D,C,B,A,D,DCBCDDCBAD,0.0,0.0,0.0,1,1,74,,0.0,noisy,explanation,Choice B,Fail,black,0.0,2.0,3.0,Fail Box,1,1,74,,0.0,0,0,1,0,0,0,0,0,0,"Math, English, Science, Social Studies",,1,1,,,,,,,,,,,,,,,,,,,,,,,,,,,,,,,,,,,,,,,,,,,,,,,,,,,,,,,,,,,,,,,,,,,,,,,,,,,,,,,,,,,,,,,,,,,,,,,,,66f58c9f0ab50b443e1fd84c,65526310670362796e40bcf3,APPROVED,Not Applicable,2024-09-26T16:32:38.421000Z,2024-09-26T16:40:33.284000Z,2024-09-26T16:43:45.519000Z,2024-09-26T16:41:16.343845Z,475.0,C1BTHULB,718,White,Technical/community college,69,Female,White,United States,United States,United States,English,No,Part-Time
71,75,c12e3hhk,,0,12,12,Exp2_Section_4,EndSurvey,2024-09-26 16:32:55.418406,1,,,0.0,,,,,,,,,,,,,,519akakd,,,,,0,Experiment_2_Skewness_Preference,https://app.prolific.com/submissions/complete?cc=C1BTHULB,0.0,1.0,75,,0.0,5af36fff59229a0001d1bd6a,1,1,75,,0.0,D,C,C,C,C,C,C,C,C,C,DCCCCCCCCC,0.3,0.0,0.0,1,1,75,,0.0,noisy,explanation,Choice A,Pass,black,0.0,0.0,0.0,Pass Box,1,1,75,,0.0,0,0,1,0,0,0,0,0,0,General,,1,1,,,,,,,,,,,,,,,,,,,,,,,,,,,,,,,,,,,,,,,,,,,,,,,,,,,,,,,,,,,,,,,,,,,,,,,,,,,,,,,,,,,,,,,,,,,,,,,,,66f58cada2262697b9693f6a,5af36fff59229a0001d1bd6a,APPROVED,Not Applicable,2024-09-26T16:32:52.827000Z,2024-09-26T16:41:13.945000Z,2024-09-26T16:43:19.354000Z,2024-09-26T16:41:39.539924Z,502.0,C1BTHULB,960,Mixed,High school diploma/A-levels,35,Female,Mixed,United States,United States,United States,English,No,Full-Time
72,76,66la4baa,,0,12,12,Exp2_Section_4,EndSurvey,2024-09-26 16:33:02.869943,1,,,0.0,,,,,,,,,,,,,,519akakd,,,,,0,Experiment_2_Skewness_Preference,https://app.prolific.com/submissions/complete?cc=C1BTHULB,0.0,1.0,76,,0.0,5f24b0fc546c5a0c3c2e43b6,1,1,76,,0.0,D,A,B,B,C,B,D,C,B,B,DABBCBDCBB,0.6,0.0,0.0,1,1,76,,0.0,noisy,explanation,Choice B,Fail,red,75.0,6.0,7.0,Pass Box,1,1,76,,0.0,0,0,1,0,0,0,0,0,0,,,1,1,,,,,,,,,,,,,,,,,,,,,,,,,,,,,,,,,,,,,,,,,,,,,,,,,,,,,,,,,,,,,,,,,,,,,,,,,,,,,,,,,,,,,,,,,,,,,,,,,66f58cb7296807c1826fef1f,5f24b0fc546c5a0c3c2e43b6,APPROVED,Not Applicable,2024-09-26T16:33:00.270000Z,2024-09-26T16:42:16.061000Z,2024-09-26T16:43:21.643000Z,2024-09-26T16:42:16.817196Z,556.0,C1BTHULB,5650,White,High school diploma/A-levels,41,Female,White,United States,United States,United States,English,No,Full-Time
73,77,2h7qqtoy,,0,12,12,Exp2_Section_4,EndSurvey,2024-09-26 16:33:23.101484,1,,,0.0,,,,,,,,,,,,,,519akakd,,,,,0,Experiment_2_Skewness_Preference,https://app.prolific.com/submissions/complete?cc=C1BTHULB,0.0,1.0,77,,0.0,63b7992d848592c307fe1e49,1,1,77,,0.0,D,A,A,B,D,B,D,C,A,B,DAABDBDCAB,0.6,0.0,0.0,1,1,77,,0.0,noisy,explanation,Choice A,Pass,red,100.0,6.0,5.0,Pass Box,1,1,77,,0.0,0,0,1,0,0,0,0,0,0,"Languages, Economics, Finance",It would be great if the phrasing of the explanations was either simpler or more detailed - it feels fairly obfuscated as it is. ,1,1,,,,,,,,,,,,,,,,,,,,,,,,,,,,,,,,,,,,,,,,,,,,,,,,,,,,,,,,,,,,,,,,,,,,,,,,,,,,,,,,,,,,,,,,,,,,,,,,,66f58cca32ed783139dd5242,63b7992d848592c307fe1e49,APPROVED,Not Applicable,2024-09-26T16:33:20.320000Z,2024-09-26T16:49:08.210000Z,2024-09-26T16:51:20.713000Z,2024-09-26T16:51:35.611119Z,948.0,C1BTHULB,2499,White,Graduate degree (MA/MSc/MPhil/other),60,Female,Other,Russian Federation,United States,United States,English,No,Full-Time
74,78,sttwnfmb,,0,12,12,Exp2_Section_4,EndSurvey,2024-09-26 16:33:30.051660,1,,,0.0,,,,,,,,,,,,,,519akakd,,,,,0,Experiment_2_Skewness_Preference,https://app.prolific.com/submissions/complete?cc=C1BTHULB,0.0,1.0,78,,0.0,65f86dd636b165bbeb7d6f56,1,1,78,,0.0,D,A,D,B,B,B,D,C,B,C,DADBBBDCBC,0.6,2.0,11.319,1,1,78,,0.0,noisy,explanation,Choice B,Pass,red,50.0,6.0,5.0,Pass Box,1,1,78,,0.0,0,1,0,0,0,0,0,0,0,Aerospace,Difficult,1,1,,,,,,,,,,,,,,,,,,,,,,,,,,,,,,,,,,,,,,,,,,,,,,,,,,,,,,,,,,,,,,,,,,,,,,,,,,,,,,,,,,,,,,,,,,,,,,,,,66f58cd1c9a837409b2fb687,65f86dd636b165bbeb7d6f56,APPROVED,Not Applicable,2024-09-26T16:33:27.046000Z,2024-09-26T16:44:05.194000Z,2024-09-26T16:44:19.603000Z,2024-09-26T16:44:06.124606Z,639.0,C1BTHULB,318,White,Undergraduate degree (BA/BSc/other),23,Male,White,United States,United States,United States,English,DATA_EXPIRED,DATA_EXPIRED
75,79,eudlljp9,,0,12,12,Exp2_Section_4,EndSurvey,2024-09-26 16:33:30.688232,1,,,0.0,,,,,,,,,,,,,,519akakd,,,,,0,Experiment_2_Skewness_Preference,https://app.prolific.com/submissions/complete?cc=C1BTHULB,0.0,1.0,79,,0.0,644d50b6fe5bdb7e2bc629fa,1,1,79,,0.0,D,B,A,B,B,B,B,A,D,A,DBABBBBADA,0.3,0.0,0.0,1,1,79,,0.0,noisy,explanation,Choice A,Pass,black,0.0,2.0,2.0,Fail Box,1,1,79,,0.0,0,0,1,0,0,0,0,0,0,business and insurance,i was not really prepared for algebra as I have not experienced algebra in years,1,1,,,,,,,,,,,,,,,,,,,,,,,,,,,,,,,,,,,,,,,,,,,,,,,,,,,,,,,,,,,,,,,,,,,,,,,,,,,,,,,,,,,,,,,,,,,,,,,,,66f58cd0982a9b55c56102b4,644d50b6fe5bdb7e2bc629fa,APPROVED,Not Applicable,2024-09-26T16:33:27.240000Z,2024-09-26T16:37:50.266000Z,2024-10-09T19:17:00.304000Z,2024-09-26T16:37:50.994439Z,264.0,C1BTHULB,789,Black/African American,Graduate degree (MA/MSc/MPhil/other),51,Female,Black,United States,United States,United States,English,No,Full-Time
76,80,kelmivvr,,0,12,12,Exp2_Section_4,EndSurvey,2024-09-26 16:33:33.018642,1,,,0.0,,,,,,,,,,,,,,519akakd,,,,,0,Experiment_2_Skewness_Preference,https://app.prolific.com/submissions/complete?cc=C1BTHULB,0.0,1.0,80,,0.0,5ca4d7e75d545300110b7545,1,1,80,,0.0,D,A,D,B,B,C,B,A,,,DADBBCBA__,0.3,3.0,164.317,1,1,80,,0.0,noisy,explanation,Choice A,Fail,red,20.0,3.0,4.0,Fail Box,1,1,80,,0.0,0,0,1,0,0,0,0,0,0,"Chemistry, Biology",It was pretty challenging,1,1,,,,,,,,,,,,,,,,,,,,,,,,,,,,,,,,,,,,,,,,,,,,,,,,,,,,,,,,,,,,,,,,,,,,,,,,,,,,,,,,,,,,,,,,,,,,,,,,,66f58cd02ab4592bc9721ec8,5ca4d7e75d545300110b7545,APPROVED,Not Applicable,2024-09-26T16:33:24.646000Z,2024-09-26T16:46:03.873000Z,2024-09-26T16:46:04.856000Z,2024-09-26T16:46:05.801005Z,760.0,C1BTHULB,1336,Mixed,Undergraduate degree (BA/BSc/other),25,Female,Asian,United States,United States,United States,Nepali,Yes,Full-Time
78,82,02r4xbbt,,0,12,12,Exp2_Section_4,EndSurvey,2024-09-26 16:33:54.432258,1,,,0.0,,,,,,,,,,,,,,519akakd,,,,,0,Experiment_2_Skewness_Preference,https://app.prolific.com/submissions/complete?cc=C1BTHULB,0.0,1.0,82,,0.0,5f3cdb1b1d75be5ac4ba7963,1,1,82,,0.0,B,D,A,B,C,C,D,A,B,A,BDABCCDABA,0.2,0.0,0.0,1,1,82,,0.0,noisy,explanation,Choice A,Fail,red,40.0,1.0,4.0,Fail Box,1,1,82,,0.0,0,0,1,0,1,0,0,0,0,Computer Science and Accounting,My experience was okay. Very hard to remember how to approach some of the section 1 material,1,1,,,,,,,,,,,,,,,,,,,,,,,,,,,,,,,,,,,,,,,,,,,,,,,,,,,,,,,,,,,,,,,,,,,,,,,,,,,,,,,,,,,,,,,,,,,,,,,,,66f58ceb26a057b18dd46113,5f3cdb1b1d75be5ac4ba7963,APPROVED,Not Applicable,2024-09-26T16:33:51.083000Z,2024-09-26T16:42:56.907000Z,2024-09-26T16:43:44.981000Z,2024-09-26T16:42:57.879859Z,546.0,C1BTHULB,912,Latino/Hispanic,Technical/community college,22,Male,White,United States,United States,United States,English,Yes,Unemployed (and job seeking)
79,83,o64y66ww,,0,12,12,Exp2_Section_4,EndSurvey,2024-09-26 16:34:11.074697,1,,,0.0,,,,,,,,,,,,,,519akakd,,,,,0,Experiment_2_Skewness_Preference,https://app.prolific.com/submissions/complete?cc=C1BTHULB,0.0,1.0,83,,0.0,668b37077c15ef8634f2121c,1,1,83,,0.0,D,A,D,C,,,,,,,DADC______,0.1,0.0,0.0,1,1,83,,0.0,noisy,explanation,Choice A,Fail,red,10.0,2.0,3.0,Fail Box,1,1,83,,0.0,0,0,1,0,1,0,0,0,0,Math,No,1,1,,,,,,,,,,,,,,,,,,,,,,,,,,,,,,,,,,,,,,,,,,,,,,,,,,,,,,,,,,,,,,,,,,,,,,,,,,,,,,,,,,,,,,,,,,,,,,,,,66f58cf528853b3e96aa602d,668b37077c15ef8634f2121c,APPROVED,Not Applicable,2024-09-26T16:34:07.191000Z,2024-09-26T16:50:45.776000Z,2024-09-26T16:56:53.158000Z,2024-09-26T16:52:43.190893Z,999.0,C1BTHULB,225,Latino/Hispanic,High school diploma/A-levels,27,Male,Mixed,United States,United States,United States,English,Yes,DATA_EXPIRED
80,84,jef3d0y4,,0,12,12,Exp2_Section_4,EndSurvey,2024-09-26 16:34:40.721639,1,,,0.0,,,,,,,,,,,,,,519akakd,,,,,0,Experiment_2_Skewness_Preference,https://app.prolific.com/submissions/complete?cc=C1BTHULB,0.0,1.0,84,,0.0,600db78b56935a5dd8c759b3,1,1,84,,0.0,B,C,A,B,C,D,B,C,C,C,BCABCDBCCC,0.3,0.0,0.0,1,1,84,,0.0,noisy,explanation,Choice B,Pass,red,50.0,2.0,2.0,Pass Box,1,1,84,,0.0,0,0,1,0,0,0,0,0,0,Business,It was hard.,1,1,,,,,,,,,,,,,,,,,,,,,,,,,,,,,,,,,,,,,,,,,,,,,,,,,,,,,,,,,,,,,,,,,,,,,,,,,,,,,,,,,,,,,,,,,,,,,,,,,66f58d0b2667a90e8f271e2e,600db78b56935a5dd8c759b3,APPROVED,Not Applicable,2024-09-26T16:34:25.550000Z,2024-09-26T16:40:19.086000Z,2024-09-26T16:43:43.338000Z,2024-09-26T16:41:09.939717Z,354.0,C1BTHULB,2192,White,Graduate degree (MA/MSc/MPhil/other),37,Female,White,United States,United States,United States,English,No,DATA_EXPIRED
81,85,1bpanqxt,,0,12,12,Exp2_Section_4,EndSurvey,2024-09-26 16:34:58.007601,1,,,0.0,,,,,,,,,,,,,,519akakd,,,,,0,Experiment_2_Skewness_Preference,https://app.prolific.com/submissions/complete?cc=C1BTHULB,0.0,1.0,85,,0.0,65fc7d781c4722817f0463cd,1,1,85,,0.0,C,A,A,C,A,C,B,A,D,A,CAACACBADA,0.1,2.0,3.24,1,1,85,,0.0,noisy,explanation,Choice B,Fail,red,5.0,3.0,3.0,Fail Box,1,1,85,,0.0,0,0,1,0,0,0,0,0,0,"History, Information Technology","It made me realize I forgot basically everything I learned in high school math, which was never a strong subject for me. ",1,1,,,,,,,,,,,,,,,,,,,,,,,,,,,,,,,,,,,,,,,,,,,,,,,,,,,,,,,,,,,,,,,,,,,,,,,,,,,,,,,,,,,,,,,,,,,,,,,,,66f58d2946de427a737caffa,65fc7d781c4722817f0463cd,APPROVED,Not Applicable,2024-09-26T16:34:55.294000Z,2024-09-26T16:43:16.445000Z,2024-09-26T16:43:38.771000Z,2024-09-26T16:43:17.228127Z,502.0,C1BTHULB,390,White,Undergraduate degree (BA/BSc/other),36,Male,White,United States,United States,United States,English,DATA_EXPIRED,DATA_EXPIRED
82,86,jrhqmg28,,0,12,12,Exp2_Section_4,EndSurvey,2024-09-26 16:35:02.211853,1,,,0.0,,,,,,,,,,,,,,519akakd,,,,,0,Experiment_2_Skewness_Preference,https://app.prolific.com/submissions/complete?cc=C1BTHULB,0.0,1.0,86,,0.0,6400f80179f04251a962fd22,1,1,86,,0.0,D,A,B,D,A,B,D,B,B,,DABDABDBB_,0.3,0.0,0.0,1,1,86,,0.0,noisy,explanation,Choice A,Pass,black,30.0,3.0,2.0,Pass Box,1,1,86,,0.0,0,0,1,1,0,0,0,0,0,Basic curriculum of my state.,It was mildly stressful but no feedback.,1,1,,,,,,,,,,,,,,,,,,,,,,,,,,,,,,,,,,,,,,,,,,,,,,,,,,,,,,,,,,,,,,,,,,,,,,,,,,,,,,,,,,,,,,,,,,,,,,,,,66f58d2776d90db05a251d07,6400f80179f04251a962fd22,APPROVED,Not Applicable,2024-09-26T16:34:57.628000Z,2024-09-26T16:52:55.057000Z,2024-09-26T16:56:43.786000Z,2024-09-26T16:53:48.587791Z,1078.0,C1BTHULB,1124,White,Secondary education (e.g. GED/GCSE),22,Male,White,United States,United States,United States,English,No,Unemployed (and job seeking)
83,87,ql0qyl8d,,0,12,12,Exp2_Section_4,EndSurvey,2024-09-26 16:35:14.254873,1,,,0.0,,,,,,,,,,,,,,519akakd,,,,,0,Experiment_2_Skewness_Preference,https://app.prolific.com/submissions/complete?cc=C1BTHULB,0.0,1.0,87,,0.0,6677553ea33f06b57a5b651c,1,1,87,,0.0,C,A,B,C,C,B,A,A,B,C,CABCCBAABC,0.2,0.0,0.0,1,1,87,,0.0,noisy,explanation,Choice A,Fail,red,15.0,3.0,3.0,Pass Box,1,1,87,,0.0,1,0,1,0,0,0,0,0,0,mix,no,1,1,,,,,,,,,,,,,,,,,,,,,,,,,,,,,,,,,,,,,,,,,,,,,,,,,,,,,,,,,,,,,,,,,,,,,,,,,,,,,,,,,,,,,,,,,,,,,,,,,66f58d3b6d793937f7be280d,6677553ea33f06b57a5b651c,APPROVED,Not Applicable,2024-09-26T16:35:11.924000Z,2024-09-26T16:42:16.718000Z,2024-09-26T16:44:11.844000Z,2024-09-26T16:42:17.796123Z,425.0,C1BTHULB,129,Mixed,High school diploma/A-levels,25,Male,Mixed,United States,United States,United States,English,Yes,Part-Time
84,88,ckj7bcxc,,0,12,12,Exp2_Section_4,EndSurvey,2024-09-26 16:35:15.886175,1,,,0.0,,,,,,,,,,,,,,519akakd,,,,,0,Experiment_2_Skewness_Preference,https://app.prolific.com/submissions/complete?cc=C1BTHULB,0.0,1.0,88,,0.0,5849a04df1b9b3000192bd54,1,1,88,,0.0,D,A,,,,,D,C,C,B,DA____DCCB,0.5,4.0,50.699,1,1,88,,0.0,noisy,explanation,Choice A,Pass,red,50.0,5.0,4.0,Fail Box,1,1,88,,0.0,0,1,1,0,0,0,0,0,0,"Science, English",It was stressful and made me feel like my math skills need polishing,1,1,,,,,,,,,,,,,,,,,,,,,,,,,,,,,,,,,,,,,,,,,,,,,,,,,,,,,,,,,,,,,,,,,,,,,,,,,,,,,,,,,,,,,,,,,,,,,,,,,66f58d3bae56cd83f2f51df1,5849a04df1b9b3000192bd54,APPROVED,Not Applicable,2024-09-26T16:35:13.051000Z,2024-09-26T16:48:02.619000Z,2024-09-26T16:48:03.811000Z,2024-09-26T16:48:05.116921Z,770.0,C1BTHULB,323,South Asian,Technical/community college,28,Female,Asian,United States,United States,United States,English,No,Unemployed (and job seeking)
85,89,qcjpshi7,,0,12,12,Exp2_Section_4,EndSurvey,2024-09-26 16:35:32.383065,1,,,0.0,,,,,,,,,,,,,,519akakd,,,,,0,Experiment_2_Skewness_Preference,https://app.prolific.com/submissions/complete?cc=C1BTHULB,0.0,1.0,89,,0.0,5f4828f4dbc4a22d4c45910a,1,1,89,,0.0,C,B,C,C,C,C,C,B,C,B,CBCCCCCBCB,0.3,0.0,0.0,1,1,89,,0.0,noisy,explanation,Choice B,Pass,red,10.0,3.0,3.0,Pass Box,1,1,89,,0.0,0,0,1,0,0,0,0,0,0,"English, Professional Writing.  Non-profit Social Work/Education",It was very difficult and reminded me how bas I was at math.,1,1,,,,,,,,,,,,,,,,,,,,,,,,,,,,,,,,,,,,,,,,,,,,,,,,,,,,,,,,,,,,,,,,,,,,,,,,,,,,,,,,,,,,,,,,,,,,,,,,,66f58d4a93251ae2f43ef0db,5f4828f4dbc4a22d4c45910a,APPROVED,Not Applicable,2024-09-26T16:35:29.012000Z,2024-09-26T16:49:27.890000Z,2024-09-26T16:51:26.082000Z,2024-09-26T16:51:41.606472Z,839.0,C1BTHULB,1601,White,Undergraduate degree (BA/BSc/other),38,Female,White,United States,United States,United States,English,No,Full-Time
86,90,69eekq68,,0,12,12,Exp2_Section_4,EndSurvey,2024-09-26 16:35:33.664004,1,,,0.0,,,,,,,,,,,,,,519akakd,,,,,0,Experiment_2_Skewness_Preference,https://app.prolific.com/submissions/complete?cc=C1BTHULB,0.0,1.0,90,,0.0,66c9da41266b99bdbbdad8e8,1,1,90,,0.0,D,D,A,B,B,A,B,B,C,B,DDABBABBCB,0.4,0.0,0.0,1,1,90,,0.0,noisy,explanation,Choice A,Pass,black,0.0,1.0,0.0,Fail Box,1,1,90,,0.0,0,0,0,1,0,0,0,0,0,biology related sciences,stressful   it was hard,1,1,,,,,,,,,,,,,,,,,,,,,,,,,,,,,,,,,,,,,,,,,,,,,,,,,,,,,,,,,,,,,,,,,,,,,,,,,,,,,,,,,,,,,,,,,,,,,,,,,66f58d3c169ac14ec9401b89,66c9da41266b99bdbbdad8e8,APPROVED,Not Applicable,2024-09-26T16:35:13.387000Z,2024-09-26T16:41:37.831000Z,2024-09-26T16:44:10.855000Z,2024-09-26T16:41:53.751472Z,385.0,C1BTHULB,89,White,Graduate degree (MA/MSc/MPhil/other),36,Female,White,United States,United States,United States,English,No,DATA_EXPIRED
87,91,uwuk0cg4,,0,12,12,Exp2_Section_4,EndSurvey,2024-09-26 16:35:35.448218,1,,,0.0,,,,,,,,,,,,,,519akakd,,,,,0,Experiment_2_Skewness_Preference,https://app.prolific.com/submissions/complete?cc=C1BTHULB,0.0,1.0,91,,0.0,5a9867476219a30001d3368e,1,1,91,,0.0,C,A,D,C,C,C,B,B,B,C,CADCCCBBBC,0.1,0.0,0.0,1,1,91,,0.0,noisy,explanation,Choice A,Pass,black,10.0,1.0,1.0,Pass Box,1,1,91,,0.0,0,0,1,0,0,0,0,0,0,Computer science,Hated it. I am friggin' old and don't remember much math.,1,1,,,,,,,,,,,,,,,,,,,,,,,,,,,,,,,,,,,,,,,,,,,,,,,,,,,,,,,,,,,,,,,,,,,,,,,,,,,,,,,,,,,,,,,,,,,,,,,,,66f58d4f298d2a6221a82a7f,5a9867476219a30001d3368e,APPROVED,Not Applicable,2024-09-26T16:35:32.375000Z,2024-09-26T16:42:07.309000Z,2024-09-26T16:43:10.084000Z,2024-09-26T16:42:13.304886Z,395.0,C1BTHULB,4677,White,Technical/community college,56,Male,White,United States,United States,United States,English,No,Full-Time
88,92,hgpgybfq,,0,12,12,Exp2_Section_4,EndSurvey,2024-09-26 16:35:39.334251,1,,,0.0,,,,,,,,,,,,,,519akakd,,,,,0,Experiment_2_Skewness_Preference,https://app.prolific.com/submissions/complete?cc=C1BTHULB,0.0,1.0,92,,0.0,62fbd2c1d97aa039e9466d81,1,1,92,,0.0,D,A,C,C,D,C,D,B,B,D,DACCDCDBBD,0.3,0.0,0.0,1,1,92,,0.0,noisy,explanation,Choice B,Fail,red,50.0,3.0,5.0,Pass Box,1,1,92,,0.0,0,0,1,0,0,0,0,0,0,"Computers, Healthcare",Everything was clear and easy to follow,1,1,,,,,,,,,,,,,,,,,,,,,,,,,,,,,,,,,,,,,,,,,,,,,,,,,,,,,,,,,,,,,,,,,,,,,,,,,,,,,,,,,,,,,,,,,,,,,,,,,66f58c3cc3fe8d6a3ac273c7,62fbd2c1d97aa039e9466d81,APPROVED,Not Applicable,2024-09-26T16:35:35.789000Z,2024-09-26T16:49:14.819000Z,2024-09-26T16:51:22.519000Z,2024-09-26T16:51:37.849876Z,820.0,C1BTHULB,1679,White,Technical/community college,49,Male,White,United States,United States,United States,English,DATA_EXPIRED,DATA_EXPIRED
89,93,6vuj2htl,,0,12,12,Exp2_Section_4,EndSurvey,2024-09-26 16:35:41.031911,1,,,0.0,,,,,,,,,,,,,,519akakd,,,,,0,Experiment_2_Skewness_Preference,https://app.prolific.com/submissions/complete?cc=C1BTHULB,0.0,1.0,93,,0.0,654142b51c0cbebefa6f3ea0,1,1,93,,0.0,D,A,D,C,C,B,C,A,C,A,DADCCBCACA,0.3,0.0,0.0,1,1,93,,0.0,noisy,explanation,Choice B,Fail,red,20.0,2.0,5.0,Fail Box,1,1,93,,0.0,0,0,1,0,0,0,0,0,0,business and human resources,,1,1,,,,,,,,,,,,,,,,,,,,,,,,,,,,,,,,,,,,,,,,,,,,,,,,,,,,,,,,,,,,,,,,,,,,,,,,,,,,,,,,,,,,,,,,,,,,,,,,,66f58c4e6d793937f7be27d4,654142b51c0cbebefa6f3ea0,APPROVED,Not Applicable,2024-09-26T16:35:37.151000Z,2024-09-26T16:41:04.484000Z,2024-09-26T16:43:47.479000Z,2024-09-26T16:41:33.240420Z,328.0,C1BTHULB,932,White,Undergraduate degree (BA/BSc/other),34,Female,White,United States,United States,United States,English,No,Full-Time
90,94,qs485ain,,0,12,12,Exp2_Section_4,EndSurvey,2024-09-26 16:35:41.481411,1,,,0.0,,,,,,,,,,,,,,519akakd,,,,,0,Experiment_2_Skewness_Preference,https://app.prolific.com/submissions/complete?cc=C1BTHULB,0.0,1.0,94,,0.0,655f97cd4f1c17ae262fd0fa,1,1,94,,0.0,B,D,A,B,B,A,B,,,,BDABBAB___,0.2,0.0,0.0,1,1,94,,0.0,noisy,explanation,Choice B,Fail,red,45.0,2.0,5.0,Pass Box,1,1,94,,0.0,0,0,1,0,0,0,0,0,0,Reading and history. I work as a paralegal so lots of writing and research.,I thought the questions were difficult and some hints for solving the equations would've been nice. ,1,1,,,,,,,,,,,,,,,,,,,,,,,,,,,,,,,,,,,,,,,,,,,,,,,,,,,,,,,,,,,,,,,,,,,,,,,,,,,,,,,,,,,,,,,,,,,,,,,,,66f58d3a4166af735e6e21f2,655f97cd4f1c17ae262fd0fa,APPROVED,Not Applicable,2024-09-26T16:35:38.590000Z,2024-09-26T16:47:54.633000Z,2024-09-26T16:47:56.734000Z,2024-09-26T16:48:00.444238Z,737.0,C1BTHULB,1941,Black/African American,Undergraduate degree (BA/BSc/other),31,Female,Black,United States,United States,United States,English,DATA_EXPIRED,DATA_EXPIRED
91,95,alj72guw,,0,12,12,Exp2_Section_4,EndSurvey,2024-09-26 16:35:43.169785,1,,,0.0,,,,,,,,,,,,,,519akakd,,,,,0,Experiment_2_Skewness_Preference,https://app.prolific.com/submissions/complete?cc=C1BTHULB,0.0,1.0,95,,0.0,6100587c08a78c1011fcce03,1,1,95,,0.0,D,A,A,B,B,B,D,C,C,B,DAABBBDCCB,0.8,0.0,0.0,1,1,95,,0.0,noisy,explanation,Choice B,Pass,red,70.0,7.0,6.0,Pass Box,1,1,95,,0.0,0,1,1,0,0,0,0,0,0,"I have mainly studied economics, math, and science.","I have no feedback, it was a good experience.",1,1,,,,,,,,,,,,,,,,,,,,,,,,,,,,,,,,,,,,,,,,,,,,,,,,,,,,,,,,,,,,,,,,,,,,,,,,,,,,,,,,,,,,,,,,,,,,,,,,,66f58d51bd14e0263c74f39d,6100587c08a78c1011fcce03,APPROVED,Not Applicable,2024-09-26T16:35:39.439000Z,2024-09-26T16:46:36.452000Z,2024-09-26T16:46:38.040000Z,2024-09-26T16:46:40.054685Z,658.0,C1BTHULB,257,South East Asian,High school diploma/A-levels,22,Male,Asian,United States,United States,United States,English,Yes,Unemployed (and job seeking)
93,97,gbc23j9l,,0,12,12,Exp2_Section_4,EndSurvey,2024-09-26 16:36:00.542249,1,,,0.0,,,,,,,,,,,,,,519akakd,,,,,0,Experiment_2_Skewness_Preference,https://app.prolific.com/submissions/complete?cc=C1BTHULB,0.0,1.0,97,,0.0,65d21b0da5bc04f3723f6257,1,1,97,,0.0,D,C,B,B,C,C,C,A,B,A,DCBBCCCABA,0.1,0.0,0.0,1,1,97,,0.0,noisy,explanation,Choice A,Fail,red,75.0,7.0,6.0,Pass Box,1,1,97,,0.0,1,0,0,0,0,0,0,0,0,Mental Health Nursing  Community Health Nursing    Hospital settings,,1,1,,,,,,,,,,,,,,,,,,,,,,,,,,,,,,,,,,,,,,,,,,,,,,,,,,,,,,,,,,,,,,,,,,,,,,,,,,,,,,,,,,,,,,,,,,,,,,,,,66f58d54a3220c83149f59fa,65d21b0da5bc04f3723f6257,APPROVED,Not Applicable,2024-09-26T16:35:56.394000Z,2024-09-26T17:01:42.272000Z,2024-09-26T17:02:28.373000Z,2024-09-26T17:02:51.115776Z,1546.0,C1BTHULB,189,White,Undergraduate degree (BA/BSc/other),36,Female,White,United States,United States,United States,English,DATA_EXPIRED,DATA_EXPIRED
94,98,52hijb4d,,0,12,12,Exp2_Section_4,EndSurvey,2024-09-26 16:36:00.615520,1,,,0.0,,,,,,,,,,,,,,519akakd,,,,,0,Experiment_2_Skewness_Preference,https://app.prolific.com/submissions/complete?cc=C1BTHULB,0.0,1.0,98,,0.0,642afc43c4ce339b0c2763d9,1,1,98,,0.0,D,D,B,C,A,C,A,D,B,A,DDBCACADBA,0.0,1.0,4.923,1,1,98,,0.0,noisy,explanation,Choice A,Fail,red,5.0,3.0,2.0,Fail Box,1,1,98,,0.0,0,0,1,0,0,0,0,0,0,English  HIstory  Science   Math,,1,1,,,,,,,,,,,,,,,,,,,,,,,,,,,,,,,,,,,,,,,,,,,,,,,,,,,,,,,,,,,,,,,,,,,,,,,,,,,,,,,,,,,,,,,,,,,,,,,,,66f58d673533d4f7d40e0c7a,642afc43c4ce339b0c2763d9,APPROVED,Not Applicable,2024-09-26T16:35:56.437000Z,2024-09-26T16:45:06.069000Z,2024-09-26T16:45:06.980000Z,2024-09-26T16:45:06.865961Z,550.0,C1BTHULB,1667,White,Undergraduate degree (BA/BSc/other),44,Female,White,United States,United States,United States,English,No,Part-Time
95,99,q1jbcjqz,,0,12,12,Exp2_Section_4,EndSurvey,2024-09-26 16:36:06.897437,1,,,0.0,,,,,,,,,,,,,,519akakd,,,,,0,Experiment_2_Skewness_Preference,https://app.prolific.com/submissions/complete?cc=C1BTHULB,0.0,1.0,99,,0.0,65957a6b8a8209299cb98f3b,1,1,99,,0.0,D,A,C,C,B,B,C,B,D,B,DACCBBCBDB,0.5,0.0,0.0,1,1,99,,0.0,noisy,explanation,Choice A,Pass,black,50.0,4.0,4.0,Pass Box,1,1,99,,0.0,0,0,1,0,0,0,0,0,0,No,I wasn't expecting these questions and started to run out of time,1,1,,,,,,,,,,,,,,,,,,,,,,,,,,,,,,,,,,,,,,,,,,,,,,,,,,,,,,,,,,,,,,,,,,,,,,,,,,,,,,,,,,,,,,,,,,,,,,,,,66f58d2928ef388afd7fc722,65957a6b8a8209299cb98f3b,APPROVED,Not Applicable,2024-09-26T16:36:02.878000Z,2024-09-26T16:47:52.446000Z,2024-09-26T16:47:53.514000Z,2024-09-26T16:47:55.195009Z,710.0,C1BTHULB,680,East Asian,Undergraduate degree (BA/BSc/other),51,Female,Asian,Korea,United States,United States,English,DATA_EXPIRED,DATA_EXPIRED
96,100,pzfb5fa2,,0,12,12,Exp2_Section_4,EndSurvey,2024-09-26 16:36:13.707907,1,,,0.0,,,,,,,,,,,,,,519akakd,,,,,0,Experiment_2_Skewness_Preference,https://app.prolific.com/submissions/complete?cc=C1BTHULB,0.0,1.0,100,,0.0,5f1f2c053dd3620d41353827,1,1,100,,0.0,B,A,B,D,C,A,B,D,D,A,BABDCABDDA,0.1,0.0,0.0,1,1,100,,0.0,noisy,explanation,Choice B,Pass,red,5.0,2.0,1.0,Fail Box,1,1,100,,0.0,0,0,1,0,0,0,0,0,0,History  Science  Math  Social Studies,"I'm terrible at math which is funny to me. In school, math was one of my strongest subjects. Now, I can't remember how to do any algebra at all, so I figure I'm about 8th grade level in math.",1,1,,,,,,,,,,,,,,,,,,,,,,,,,,,,,,,,,,,,,,,,,,,,,,,,,,,,,,,,,,,,,,,,,,,,,,,,,,,,,,,,,,,,,,,,,,,,,,,,,66f58d7003c37bb6097d7aff,5f1f2c053dd3620d41353827,APPROVED,Not Applicable,2024-09-26T16:36:06.697000Z,2024-09-26T16:51:23.894000Z,2024-09-26T16:56:39.401000Z,2024-09-26T16:53:01.464620Z,918.0,C1BTHULB,5527,White,High school diploma/A-levels,52,Male,White,United States,United States,United States,English,No,Part-Time
97,101,jenr3nqb,,0,12,12,Exp2_Section_4,EndSurvey,2024-09-26 16:36:32.574367,1,,,0.0,,,,,,,,,,,,,,519akakd,,,,,0,Experiment_2_Skewness_Preference,https://app.prolific.com/submissions/complete?cc=C1BTHULB,0.0,1.0,101,,0.0,653d1fee3e8e1291c9fbd1b8,1,1,101,,0.0,B,D,A,D,D,,,,,,BDADD_____,0.0,0.0,0.0,1,1,101,,0.0,noisy,explanation,Choice B,Fail,red,35.0,3.0,5.0,Fail Box,1,1,101,,0.0,0,0,1,0,1,0,0,0,0,"Standard curriculum for 1-12th grade. My degree is not complete, but it was in computer science. I have worked in retail, construction, freelance web/graphic    design and Information Technology.",I found it interesting and it definitely made me think. It's not easy remembering algebra with a calculator in my pocket everywhere I go.,1,1,,,,,,,,,,,,,,,,,,,,,,,,,,,,,,,,,,,,,,,,,,,,,,,,,,,,,,,,,,,,,,,,,,,,,,,,,,,,,,,,,,,,,,,,,,,,,,,,,66f58d8425019ebcde79583c,653d1fee3e8e1291c9fbd1b8,APPROVED,Not Applicable,2024-09-26T16:36:27.783000Z,2024-09-26T17:03:31.336000Z,2024-09-26T17:03:32.181000Z,2024-09-26T17:03:32.680415Z,1624.0,C1BTHULB,114,White,High school diploma/A-levels,42,Male,White,United States,United States,United States,English,No,Unemployed (and job seeking)
98,102,gx930lgx,,0,12,12,Exp2_Section_4,EndSurvey,2024-09-26 16:36:33.766275,1,,,0.0,,,,,,,,,,,,,,519akakd,,,,,0,Experiment_2_Skewness_Preference,https://app.prolific.com/submissions/complete?cc=C1BTHULB,0.0,1.0,102,,0.0,6629396552374517c5c62d8f,1,1,102,,0.0,,,,,,,,,,,__________,0.0,0.0,0.0,1,1,102,,0.0,noisy,explanation,Choice A,Fail,red,57.0,1.0,3.0,Fail Box,1,1,102,,0.0,0,0,1,0,0,0,0,0,0,General studies,"Good, nothing I can think of",1,1,,,,,,,,,,,,,,,,,,,,,,,,,,,,,,,,,,,,,,,,,,,,,,,,,,,,,,,,,,,,,,,,,,,,,,,,,,,,,,,,,,,,,,,,,,,,,,,,,66f58d8ac5a34bec2b715565,6629396552374517c5c62d8f,APPROVED,Not Applicable,2024-09-26T16:36:30.722000Z,2024-09-26T16:56:55.345000Z,2024-09-26T16:56:58.259000Z,2024-09-26T16:56:56.329009Z,1225.0,C1BTHULB,516,White,Technical/community college,40,Female,White,United States,United States,United States,English,Yes,Full-Time
99,103,gslrwyz6,,0,12,12,Exp2_Section_4,EndSurvey,2024-09-26 16:36:34.043243,1,,,0.0,,,,,,,,,,,,,,519akakd,,,,,0,Experiment_2_Skewness_Preference,https://app.prolific.com/submissions/complete?cc=C1BTHULB,0.0,1.0,103,,0.0,66b637cc9e9cfec2e6ae7aca,1,1,103,,0.0,D,D,D,C,B,C,C,C,C,C,DDDCBCCCCC,0.3,0.0,0.0,1,1,103,,0.0,noisy,explanation,Choice A,Fail,red,50.0,3.0,4.0,Not Sure,1,1,103,,0.0,0,0,1,0,0,0,0,0,0,"I majored in journalism and have a Master's in library science. I have worked in journalism, communications, and libraries. ",No feedback. ,1,1,,,,,,,,,,,,,,,,,,,,,,,,,,,,,,,,,,,,,,,,,,,,,,,,,,,,,,,,,,,,,,,,,,,,,,,,,,,,,,,,,,,,,,,,,,,,,,,,,66f58d8792070988293d2f06,66b637cc9e9cfec2e6ae7aca,APPROVED,Not Applicable,2024-09-26T16:36:30.152000Z,2024-09-26T16:41:56.271000Z,2024-09-26T16:44:27.317000Z,2024-09-26T16:42:00.723083Z,327.0,C1BTHULB,310,White,Graduate degree (MA/MSc/MPhil/other),49,Female,White,United States,United States,United States,English,No,Full-Time
100,104,vl5lgg41,,0,12,12,Exp2_Section_4,EndSurvey,2024-09-26 16:36:49.038589,1,,,0.0,,,,,,,,,,,,,,519akakd,,,,,0,Experiment_2_Skewness_Preference,https://app.prolific.com/submissions/complete?cc=C1BTHULB,0.0,1.0,104,,0.0,66573c811d17794993965781,1,1,104,,0.0,D,A,A,C,D,B,A,A,D,B,DAACDBAADB,0.3,0.0,0.0,1,1,104,,0.0,noisy,explanation,Choice A,Fail,red,30.0,3.0,4.0,Fail Box,1,1,104,,0.0,0,0,1,0,0,0,0,0,0,Science and basic math,It was super hard,1,1,,,,,,,,,,,,,,,,,,,,,,,,,,,,,,,,,,,,,,,,,,,,,,,,,,,,,,,,,,,,,,,,,,,,,,,,,,,,,,,,,,,,,,,,,,,,,,,,,66f58d7e874b2f85186dbe01,66573c811d17794993965781,APPROVED,Not Applicable,2024-09-26T16:36:43.171000Z,2024-09-26T16:46:21.328000Z,2024-09-26T16:46:22.379000Z,2024-09-26T16:46:23.608421Z,579.0,C1BTHULB,353,White,High school diploma/A-levels,24,Female,White,United States,United States,United States,English,No,Part-Time
101,105,tskc4pxb,,0,12,12,Exp2_Section_4,EndSurvey,2024-09-26 16:36:59.694963,1,,,0.0,,,,,,,,,,,,,,519akakd,,,,,0,Experiment_2_Skewness_Preference,https://app.prolific.com/submissions/complete?cc=C1BTHULB,0.0,1.0,105,,0.0,5a6032228e625900017657f4,1,1,105,,0.0,B,B,B,C,B,D,B,B,C,D,BBBCBDBBCD,0.2,0.0,0.0,1,1,105,,0.0,noisy,explanation,Choice A,Pass,red,20.0,2.0,2.0,Fail Box,1,1,105,,0.0,1,1,1,0,1,0,0,0,0,English / Philosophy,This math was too much work.,1,1,,,,,,,,,,,,,,,,,,,,,,,,,,,,,,,,,,,,,,,,,,,,,,,,,,,,,,,,,,,,,,,,,,,,,,,,,,,,,,,,,,,,,,,,,,,,,,,,,66f58da08e4c792f2f3c2759,5a6032228e625900017657f4,APPROVED,Not Applicable,2024-09-26T16:36:54.514000Z,2024-09-26T16:41:12.783000Z,2024-10-09T19:16:57.518000Z,2024-09-26T16:41:38.142251Z,259.0,C1BTHULB,5011,White,Undergraduate degree (BA/BSc/other),32,Male,White,United States,United States,Italy,English,No,Full-Time
102,106,61vyklbr,,0,12,12,Exp2_Section_4,EndSurvey,2024-09-26 16:37:16.469042,1,,,0.0,,,,,,,,,,,,,,519akakd,,,,,0,Experiment_2_Skewness_Preference,https://app.prolific.com/submissions/complete?cc=C1BTHULB,0.0,1.0,106,,0.0,66d0ee6344c8d1ea0ac57e02,1,1,106,,0.0,C,D,B,C,B,A,D,C,B,A,CDBCBADCBA,0.3,0.0,0.0,1,1,106,,0.0,noisy,explanation,Choice B,Pass,red,50.0,3.0,2.0,Pass Box,1,1,106,,0.0,0,0,1,0,0,0,0,0,0,General Education,Good shows me how much I have forgot since being in school.,1,1,,,,,,,,,,,,,,,,,,,,,,,,,,,,,,,,,,,,,,,,,,,,,,,,,,,,,,,,,,,,,,,,,,,,,,,,,,,,,,,,,,,,,,,,,,,,,,,,,66f58db240fd7600de148f56,66d0ee6344c8d1ea0ac57e02,APPROVED,Not Applicable,2024-09-26T16:37:12.516000Z,2024-09-26T16:43:23.643000Z,2024-09-26T16:43:49.447000Z,2024-09-26T16:43:24.495454Z,372.0,C1BTHULB,15,White,Secondary education (e.g. GED/GCSE),29,Male,White,United States,United States,United States,English,No,Full-Time
104,108,wez9srvp,,0,12,12,Exp2_Section_4,EndSurvey,2024-09-26 16:37:22.067831,1,,,0.0,,,,,,,,,,,,,,519akakd,,,,,0,Experiment_2_Skewness_Preference,https://app.prolific.com/submissions/complete?cc=C1BTHULB,0.0,1.0,108,,0.0,66b3928d04f33f1bdbfd322f,1,1,108,,0.0,B,B,C,B,B,C,C,C,B,B,BBCBBCCCBB,0.5,0.0,0.0,1,1,108,,0.0,noisy,explanation,Choice A,Pass,red,50.0,2.0,5.0,Fail Box,1,1,108,,0.0,0,0,1,0,0,0,0,0,0,language arts,,1,1,,,,,,,,,,,,,,,,,,,,,,,,,,,,,,,,,,,,,,,,,,,,,,,,,,,,,,,,,,,,,,,,,,,,,,,,,,,,,,,,,,,,,,,,,,,,,,,,,66f58d55e3b31cd61db9b732,66b3928d04f33f1bdbfd322f,APPROVED,Not Applicable,2024-09-26T16:37:16.751000Z,2024-09-26T16:47:54.044000Z,2024-09-26T16:47:54.998000Z,2024-09-26T16:47:56.946185Z,638.0,C1BTHULB,99,Black/African American,High school diploma/A-levels,41,Female,Black,United States,United States,United States,English,No,Unemployed (and job seeking)
105,109,8a3aa5tm,,0,12,12,Exp2_Section_4,EndSurvey,2024-09-26 16:37:23.106229,1,,,0.0,,,,,,,,,,,,,,519akakd,,,,,0,Experiment_2_Skewness_Preference,https://app.prolific.com/submissions/complete?cc=C1BTHULB,0.0,1.0,109,,0.0,663ba8cfb0cabd4cfa5bf598,1,1,109,,0.0,D,A,C,C,B,C,B,B,B,D,DACCBCBBBD,0.3,0.0,0.0,1,1,109,,0.0,noisy,explanation,Choice A,Fail,red,60.0,4.0,6.0,Fail Box,1,1,109,,0.0,1,0,0,0,0,0,0,0,0,"English, Math, Science, Spanish","I had no time to finish, but it was good",1,1,,,,,,,,,,,,,,,,,,,,,,,,,,,,,,,,,,,,,,,,,,,,,,,,,,,,,,,,,,,,,,,,,,,,,,,,,,,,,,,,,,,,,,,,,,,,,,,,,66f58db45b867562a4b5428b,663ba8cfb0cabd4cfa5bf598,APPROVED,Not Applicable,2024-09-26T16:37:16.825000Z,2024-09-26T16:50:41.702000Z,2024-09-26T17:55:29.534000Z,2024-09-26T16:52:41.715283Z,805.0,C1BTHULB,58,Black/African American,Graduate degree (MA/MSc/MPhil/other),26,Female,Mixed,Nigeria,United States,United States,English,Yes,DATA_EXPIRED
106,110,fo9lwxyh,,0,12,12,Exp2_Section_4,EndSurvey,2024-09-26 16:37:31.705687,1,,,0.0,,,,,,,,,,,,,,519akakd,,,,,0,Experiment_2_Skewness_Preference,https://app.prolific.com/submissions/complete?cc=C1BTHULB,0.0,1.0,110,,0.0,667cde002014d32fb7e48297,1,1,110,,0.0,D,A,C,C,B,C,B,B,B,B,DACCBCBBBB,0.4,0.0,0.0,1,1,110,,0.0,noisy,explanation,Choice A,Fail,red,50.0,3.0,5.0,Fail Box,1,1,110,,0.0,0,0,1,0,1,0,0,0,0,I failed out of school and work in the food / hospitality industry.,I struggled with the math as I struggled in school.,1,1,,,,,,,,,,,,,,,,,,,,,,,,,,,,,,,,,,,,,,,,,,,,,,,,,,,,,,,,,,,,,,,,,,,,,,,,,,,,,,,,,,,,,,,,,,,,,,,,,66f58dc49d272cef06925180,667cde002014d32fb7e48297,APPROVED,Not Applicable,2024-09-26T16:37:29.037000Z,2024-09-26T16:44:44.403000Z,2024-09-26T16:44:45.321000Z,2024-09-26T16:44:45.227960Z,436.0,C1BTHULB,192,White,High school diploma/A-levels,19,Male,White,United States,United States,India,English,Yes,Part-Time
107,111,smkkizlu,,0,12,12,Exp2_Section_4,EndSurvey,2024-09-26 16:37:32.092424,1,,,0.0,,,,,,,,,,,,,,519akakd,,,,,0,Experiment_2_Skewness_Preference,https://app.prolific.com/submissions/complete?cc=C1BTHULB,0.0,1.0,111,,0.0,63e53dc0bb780ac38cdcf77e,1,1,111,,0.0,B,B,B,C,D,C,C,A,A,A,BBBCDCCAAA,0.0,0.0,0.0,1,1,111,,0.0,noisy,explanation,Choice B,Fail,black,60.0,4.0,3.0,Fail Box,1,1,111,,0.0,0,0,1,0,1,0,0,0,0,6,It was very challenging but fun!,1,1,,,,,,,,,,,,,,,,,,,,,,,,,,,,,,,,,,,,,,,,,,,,,,,,,,,,,,,,,,,,,,,,,,,,,,,,,,,,,,,,,,,,,,,,,,,,,,,,,66f58dc28e4c792f2f3c2783,63e53dc0bb780ac38cdcf77e,APPROVED,Not Applicable,2024-09-26T16:37:29.724000Z,2024-09-26T16:46:06.276000Z,2024-09-26T16:46:07.109000Z,2024-09-26T16:46:07.008218Z,517.0,C1BTHULB,1173,Latino/Hispanic,Technical/community college,36,Male,Other,United States,United States,United States,English,No,Full-Time
108,112,hp1z8b1v,,0,12,12,Exp2_Section_4,EndSurvey,2024-09-26 16:37:34.355100,1,,,0.0,,,,,,,,,,,,,,519akakd,,,,,0,Experiment_2_Skewness_Preference,https://app.prolific.com/submissions/complete?cc=C1BTHULB,0.0,1.0,112,,0.0,5ef98087540ce971a8fb4280,1,1,112,,0.0,D,B,D,B,B,C,B,C,A,A,DBDBBCBCAA,0.3,0.0,0.0,1,1,112,,0.0,noisy,explanation,Choice A,Fail,red,0.0,2.0,5.0,Fail Box,1,1,112,,0.0,0,0,1,0,0,0,0,0,0,None of the main subjects I had in school involve what I do for work.,Mainly guessing through the equations from the previous segments of this survey because math is my worst subject.,1,1,,,,,,,,,,,,,,,,,,,,,,,,,,,,,,,,,,,,,,,,,,,,,,,,,,,,,,,,,,,,,,,,,,,,,,,,,,,,,,,,,,,,,,,,,,,,,,,,,66f58dc35b5a34683f653a33,5ef98087540ce971a8fb4280,APPROVED,Not Applicable,2024-09-26T16:37:30.554000Z,2024-09-26T16:46:06.475000Z,2024-09-26T16:46:12.362000Z,2024-09-26T16:46:07.249922Z,516.0,C1BTHULB,4198,White,High school diploma/A-levels,34,Female,White,United States,United States,United States,English,No,Part-Time
109,113,q2zga4da,,0,12,12,Exp2_Section_4,EndSurvey,2024-09-26 16:37:40.833629,1,,,0.0,,,,,,,,,,,,,,519akakd,,,,,0,Experiment_2_Skewness_Preference,https://app.prolific.com/submissions/complete?cc=C1BTHULB,0.0,1.0,113,,0.0,667c7af1dd68609d9bfe34ca,1,1,113,,0.0,C,A,A,C,C,B,D,C,B,C,CAACCBDCBC,0.4,0.0,0.0,1,1,113,,0.0,noisy,explanation,Choice A,Pass,red,50.0,3.0,4.0,Fail Box,1,1,113,,0.0,0,0,1,0,0,0,0,0,0,"CS, IT consulting","I did not love math so did not really love this, but it was at least a straightforward process.",1,1,,,,,,,,,,,,,,,,,,,,,,,,,,,,,,,,,,,,,,,,,,,,,,,,,,,,,,,,,,,,,,,,,,,,,,,,,,,,,,,,,,,,,,,,,,,,,,,,,66f58dc8b21030c52d802f69,667c7af1dd68609d9bfe34ca,APPROVED,Not Applicable,2024-09-26T16:37:38.731000Z,2024-09-26T16:48:55.499000Z,2024-09-26T16:51:16.671000Z,2024-09-26T16:51:23.560362Z,677.0,C1BTHULB,218,White,Undergraduate degree (BA/BSc/other),29,Male,White,United States,United States,United States,English,No,Unemployed (and job seeking)
110,114,q6k05hev,,0,12,12,Exp2_Section_4,EndSurvey,2024-09-26 16:37:50.560207,1,,,0.0,,,,,,,,,,,,,,519akakd,,,,,0,Experiment_2_Skewness_Preference,https://app.prolific.com/submissions/complete?cc=C1BTHULB,0.0,1.0,114,,0.0,6643a3d0ed868a9901a9d824,1,1,114,,0.0,C,D,A,C,C,C,C,C,C,C,CDACCCCCCC,0.2,0.0,0.0,1,1,114,,0.0,noisy,explanation,Choice A,Fail,red,50.0,0.0,4.0,Not Sure,1,1,114,,0.0,0,1,0,0,0,0,0,0,0,All subjects. Science and health are the main industries I've worked in.,,1,1,,,,,,,,,,,,,,,,,,,,,,,,,,,,,,,,,,,,,,,,,,,,,,,,,,,,,,,,,,,,,,,,,,,,,,,,,,,,,,,,,,,,,,,,,,,,,,,,,66f58dd624dcde1f865c5bc7,6643a3d0ed868a9901a9d824,APPROVED,Not Applicable,2024-09-26T16:37:47.652000Z,2024-09-26T16:47:45.033000Z,2024-09-26T16:47:46.089000Z,2024-09-26T16:47:46.274219Z,598.0,C1BTHULB,330,Mixed,Undergraduate degree (BA/BSc/other),26,Male,Mixed,United States,United States,United States,English,No,Part-Time
111,115,10087hrn,,0,12,12,Exp2_Section_4,EndSurvey,2024-09-26 16:37:57.051580,1,,,0.0,,,,,,,,,,,,,,519akakd,,,,,0,Experiment_2_Skewness_Preference,https://app.prolific.com/submissions/complete?cc=C1BTHULB,0.0,1.0,115,,0.0,65786e461f939d72a6f7ac7c,1,1,115,,0.0,A,D,D,B,D,C,D,A,C,D,ADDBDCDACD,0.4,0.0,0.0,1,1,115,,0.0,noisy,explanation,Choice B,Fail,red,50.0,4.0,6.0,Not Sure,1,1,115,,0.0,0,0,1,0,0,0,0,0,0,marketing,,1,1,,,,,,,,,,,,,,,,,,,,,,,,,,,,,,,,,,,,,,,,,,,,,,,,,,,,,,,,,,,,,,,,,,,,,,,,,,,,,,,,,,,,,,,,,,,,,,,,,66f58dddd3ca44c14faf8c33,65786e461f939d72a6f7ac7c,APPROVED,Not Applicable,2024-09-26T16:37:54.474000Z,2024-09-26T16:59:36.119000Z,2024-09-26T17:01:58.195000Z,2024-09-26T17:01:34.258917Z,1302.0,C1BTHULB,181,White,Technical/community college,41,Female,White,United States,United States,United States,English,No,Full-Time
112,116,pxaiyufu,,0,12,12,Exp2_Section_4,EndSurvey,2024-09-26 16:37:57.516113,1,,,0.0,,,,,,,,,,,,,,519akakd,,,,,0,Experiment_2_Skewness_Preference,https://app.prolific.com/submissions/complete?cc=C1BTHULB,0.0,1.0,116,,0.0,66aa67440532cf6ec644dee6,1,1,116,,0.0,B,A,C,C,A,B,C,D,D,B,BACCABCDDB,0.4,0.0,0.0,1,1,116,,0.0,noisy,explanation,Choice B,Pass,red,50.0,3.0,2.0,Pass Box,1,1,116,,0.0,0,0,1,0,0,0,0,0,0,"Reading, math, history, science, art at school and marketing in the industry I worked in.",Mostly confusion was my experience. I never had much of a handle on math so I tried to figure the problems but I mostly just guessed and used intuition.,1,1,,,,,,,,,,,,,,,,,,,,,,,,,,,,,,,,,,,,,,,,,,,,,,,,,,,,,,,,,,,,,,,,,,,,,,,,,,,,,,,,,,,,,,,,,,,,,,,,,66f58dc87b2719b48a75ae3a,66aa67440532cf6ec644dee6,APPROVED,Not Applicable,2024-09-26T16:37:49.339000Z,2024-09-26T16:48:30.474000Z,2024-09-26T16:48:32.523000Z,2024-09-26T16:48:34.485110Z,642.0,C1BTHULB,200,White,Secondary education (e.g. GED/GCSE),73,Female,White,United States,United States,United States,English,No,"Not in paid work (e.g. homemaker', 'retired or disabled)"
113,117,v8bcbtq9,,0,12,12,Exp2_Section_4,EndSurvey,2024-09-26 16:38:01.000103,1,,,0.0,,,,,,,,,,,,,,519akakd,,,,,0,Experiment_2_Skewness_Preference,https://app.prolific.com/submissions/complete?cc=C1BTHULB,0.0,1.0,117,,0.0,66a2c4242da8d1f2b06ccc80,1,1,117,,0.0,D,A,B,C,D,D,D,B,B,B,DABCDDDBBB,0.3,0.0,0.0,1,1,117,,0.0,noisy,explanation,Choice A,Fail,red,75.0,6.0,5.0,Pass Box,1,1,117,,0.0,0,1,0,0,0,0,0,0,0,Normal subjects. Work as a lawyer,Nope,1,1,,,,,,,,,,,,,,,,,,,,,,,,,,,,,,,,,,,,,,,,,,,,,,,,,,,,,,,,,,,,,,,,,,,,,,,,,,,,,,,,,,,,,,,,,,,,,,,,,66f58de234237506b0bcd0e4,66a2c4242da8d1f2b06ccc80,APPROVED,Not Applicable,2024-09-26T16:37:58.329000Z,2024-09-26T16:45:59.493000Z,2024-09-26T16:46:00.298000Z,2024-09-26T16:46:00.197388Z,482.0,C1BTHULB,185,White,Doctorate degree (PhD/other),38,Male,White,United States,United States,United States,English,No,Other
114,118,f145l7nc,,0,12,12,Exp2_Section_4,EndSurvey,2024-09-26 16:38:07.313107,1,,,0.0,,,,,,,,,,,,,,519akakd,,,,,0,Experiment_2_Skewness_Preference,https://app.prolific.com/submissions/complete?cc=C1BTHULB,0.0,1.0,118,,0.0,5cd34d42fe890a00174debb5,1,1,118,,0.0,D,B,C,B,C,A,B,B,A,C,DBCBCABBAC,0.2,0.0,0.0,1,1,118,,0.0,noisy,explanation,Choice A,Fail,red,10.0,2.0,3.0,Fail Box,1,1,118,,0.0,0,0,1,0,0,0,0,0,0,"Basics. So math, history, science, and english.",It was good.,1,1,,,,,,,,,,,,,,,,,,,,,,,,,,,,,,,,,,,,,,,,,,,,,,,,,,,,,,,,,,,,,,,,,,,,,,,,,,,,,,,,,,,,,,,,,,,,,,,,,66f58dc33533d4f7d40e0c92,5cd34d42fe890a00174debb5,APPROVED,Not Applicable,2024-09-26T16:38:05.065000Z,2024-09-26T16:45:37.546000Z,2024-09-26T16:45:39.362000Z,2024-09-26T16:45:38.243586Z,453.0,C1BTHULB,2307,Latino/Hispanic,High school diploma/A-levels,23,Male,White,United States,United States,United States,English,DATA_EXPIRED,DATA_EXPIRED
116,120,sc6z882g,,0,12,12,Exp2_Section_4,EndSurvey,2024-09-26 16:38:08.531891,1,,,0.0,,,,,,,,,,,,,,519akakd,,,,,0,Experiment_2_Skewness_Preference,https://app.prolific.com/submissions/complete?cc=C1BTHULB,0.0,1.0,120,,0.0,6491a39672df9fcf4b91a952,1,1,120,,0.0,B,C,B,C,A,B,D,C,B,B,BCBCABDCBB,0.4,0.0,0.0,1,1,120,,0.0,noisy,explanation,Choice B,Pass,red,0.0,1.0,2.0,Pass Box,1,1,120,,0.0,0,1,1,0,0,0,0,0,0,I studied the regular high school courses.,Math was my worst subject.,1,1,,,,,,,,,,,,,,,,,,,,,,,,,,,,,,,,,,,,,,,,,,,,,,,,,,,,,,,,,,,,,,,,,,,,,,,,,,,,,,,,,,,,,,,,,,,,,,,,,66f58de350cde0a6ac0f1d2f,6491a39672df9fcf4b91a952,APPROVED,Not Applicable,2024-09-26T16:38:03.310000Z,2024-09-26T16:43:30.379000Z,2024-09-26T16:44:00.562000Z,2024-09-26T16:43:31.707621Z,328.0,C1BTHULB,1613,White,Technical/community college,56,Female,White,United States,United States,United States,English,No,Full-Time
117,121,18ow6z5d,,0,12,12,Exp2_Section_4,EndSurvey,2024-09-26 16:38:25.705186,1,,,0.0,,,,,,,,,,,,,,519akakd,,,,,0,Experiment_2_Skewness_Preference,https://app.prolific.com/submissions/complete?cc=C1BTHULB,0.0,1.0,121,,0.0,660edc577fe61f0ad5216ce4,1,1,121,,0.0,,,,,,,,,,,__________,0.0,0.0,0.0,1,1,121,,0.0,noisy,explanation,Choice B,Fail,black,50.0,3.0,5.0,Fail Box,1,1,121,,0.0,0,0,1,0,0,0,0,0,0,math english science history economics. worked in retail customer service secretary food service barista.,this was fun! ,1,1,,,,,,,,,,,,,,,,,,,,,,,,,,,,,,,,,,,,,,,,,,,,,,,,,,,,,,,,,,,,,,,,,,,,,,,,,,,,,,,,,,,,,,,,,,,,,,,,,66f58dbf3533d4f7d40e0c8f,660edc577fe61f0ad5216ce4,APPROVED,Not Applicable,2024-09-26T16:38:21.151000Z,2024-09-26T17:01:19.629000Z,2024-09-26T17:02:22.895000Z,2024-09-26T17:02:37.664021Z,1379.0,C1BTHULB,446,White,Technical/community college,35,Female,White,United States,United States,United States,English,No,Part-Time
118,122,5mhhana7,,0,12,12,Exp2_Section_4,EndSurvey,2024-09-26 16:38:30.784991,1,,,0.0,,,,,,,,,,,,,,519akakd,,,,,0,Experiment_2_Skewness_Preference,https://app.prolific.com/submissions/complete?cc=C1BTHULB,0.0,1.0,122,,0.0,5b49eba46a4f840001f77485,1,1,122,,0.0,C,B,C,D,B,A,C,B,B,B,CBCDBACBBB,0.3,0.0,0.0,1,1,122,,0.0,noisy,explanation,Choice B,Pass,red,5.0,1.0,1.0,Pass Box,1,1,122,,0.0,0,0,1,0,0,0,0,0,0,Required subjects ,I realized how horrible I am at math!,1,1,,,,,,,,,,,,,,,,,,,,,,,,,,,,,,,,,,,,,,,,,,,,,,,,,,,,,,,,,,,,,,,,,,,,,,,,,,,,,,,,,,,,,,,,,,,,,,,,,66f58dfa0f4aafa5d96dba63,5b49eba46a4f840001f77485,APPROVED,Not Applicable,2024-09-26T16:38:27.029000Z,2024-09-26T16:41:35.375000Z,2024-10-09T19:17:00.583000Z,2024-09-26T16:41:52.131316Z,189.0,C1BTHULB,4664,White,High school diploma/A-levels,53,Female,White,United States,United States,United States,English,No,Full-Time
119,124,gggc940j,,0,12,12,Exp2_Section_4,EndSurvey,2024-09-26 16:38:33.667384,1,,,0.0,,,,,,,,,,,,,,519akakd,,,,,0,Experiment_2_Skewness_Preference,https://app.prolific.com/submissions/complete?cc=C1BTHULB,0.0,1.0,124,,0.0,668ad967fbcbcb0fe1d5952c,1,1,124,,0.0,D,A,B,C,D,B,D,C,C,C,DABCDBDCCC,0.5,0.0,0.0,1,1,124,,0.0,noisy,explanation,Choice B,Fail,red,69.0,7.0,7.0,Pass Box,1,1,124,,0.0,0,1,1,1,0,0,0,0,0,"Math, science, language, arts, social studies, geography, history",Thank you for including me in your research! ,1,1,,,,,,,,,,,,,,,,,,,,,,,,,,,,,,,,,,,,,,,,,,,,,,,,,,,,,,,,,,,,,,,,,,,,,,,,,,,,,,,,,,,,,,,,,,,,,,,,,66f58dfd7a8198f7d008feb0,668ad967fbcbcb0fe1d5952c,APPROVED,Not Applicable,2024-09-26T16:38:28.290000Z,2024-09-26T16:49:54.960000Z,2024-09-26T17:51:33.929000Z,2024-09-26T16:51:51.515366Z,687.0,C1BTHULB,153,White,High school diploma/A-levels,43,Female,White,United States,United States,United States,English,No,Part-Time
120,125,prrutmy9,,0,12,12,Exp2_Section_4,EndSurvey,2024-09-26 16:38:38.458613,1,,,0.0,,,,,,,,,,,,,,519akakd,,,,,0,Experiment_2_Skewness_Preference,https://app.prolific.com/submissions/complete?cc=C1BTHULB,0.0,1.0,125,,0.0,606ca81043fc54382a7808fe,1,1,125,,0.0,D,D,C,C,B,B,C,A,B,B,DDCCBBCABB,0.4,0.0,0.0,1,1,125,,0.0,noisy,explanation,Choice B,Pass,red,75.0,2.0,3.0,Pass Box,1,1,125,,0.0,0,0,1,0,0,0,0,0,0,Spanish Education,It was difficult.,1,1,,,,,,,,,,,,,,,,,,,,,,,,,,,,,,,,,,,,,,,,,,,,,,,,,,,,,,,,,,,,,,,,,,,,,,,,,,,,,,,,,,,,,,,,,,,,,,,,,66f58e043b9ca38e733b04a5,606ca81043fc54382a7808fe,APPROVED,Not Applicable,2024-09-26T16:38:33.638000Z,2024-09-26T16:50:58.911000Z,2024-09-26T16:56:52.290000Z,2024-09-26T16:52:51.899006Z,746.0,C1BTHULB,776,Latino/Hispanic,Undergraduate degree (BA/BSc/other),44,Male,White,United States,United States,United States,English,No,Part-Time
121,126,ax165g9h,,0,12,12,Exp2_Section_4,EndSurvey,2024-09-26 16:38:42.553953,1,,,0.0,,,,,,,,,,,,,,519akakd,,,,,0,Experiment_2_Skewness_Preference,https://app.prolific.com/submissions/complete?cc=C1BTHULB,0.0,1.0,126,,0.0,66f42e274c0e28275441dc22,1,1,126,,0.0,D,C,C,A,A,B,B,A,A,B,DCCAABBAAB,0.3,0.0,0.0,1,1,126,,0.0,noisy,explanation,Choice B,Pass,red,5.0,1.0,2.0,Pass Box,1,1,126,,0.0,0,0,1,0,0,0,0,0,0,Business; Accounting & Finance,Extremely difficult questions!  ,1,1,,,,,,,,,,,,,,,,,,,,,,,,,,,,,,,,,,,,,,,,,,,,,,,,,,,,,,,,,,,,,,,,,,,,,,,,,,,,,,,,,,,,,,,,,,,,,,,,,66f58e07aac43cfd8840a862,66f42e274c0e28275441dc22,APPROVED,Not Applicable,2024-09-26T16:38:37.868000Z,2024-09-26T16:50:01.877000Z,2024-09-26T17:52:17.580000Z,2024-09-26T17:52:15.444248Z,685.0,C1BTHULB,8,White,Graduate degree (MA/MSc/MPhil/other),43,Female,White,United States,United States,United States,English,No,DATA_EXPIRED
122,127,blaw7rh0,,0,12,12,Exp2_Section_4,EndSurvey,2024-09-26 16:38:55.726977,1,,,0.0,,,,,,,,,,,,,,519akakd,,,,,0,Experiment_2_Skewness_Preference,https://app.prolific.com/submissions/complete?cc=C1BTHULB,0.0,1.0,127,,0.0,64da47d734bd712c3a8289d0,1,1,127,,0.0,C,A,B,C,A,D,B,A,B,A,CABCADBABA,0.1,2.0,13.907,1,1,127,,0.0,noisy,explanation,Choice B,Fail,red,12.0,1.0,2.0,Fail Box,1,1,127,,0.0,0,0,1,0,0,0,0,0,0,Information Technology,Nothing to add at this time.,1,1,,,,,,,,,,,,,,,,,,,,,,,,,,,,,,,,,,,,,,,,,,,,,,,,,,,,,,,,,,,,,,,,,,,,,,,,,,,,,,,,,,,,,,,,,,,,,,,,,66f58dfe0307544a9a0b5e34,64da47d734bd712c3a8289d0,APPROVED,Not Applicable,2024-09-26T16:38:52.660000Z,2024-09-26T16:50:22.314000Z,2024-09-26T17:55:34.062000Z,2024-09-26T16:52:32.952724Z,690.0,C1BTHULB,2666,White,High school diploma/A-levels,39,Female,White,United States,United States,United States,English,No,Full-Time
123,128,nopo86zk,,0,12,12,Exp2_Section_4,EndSurvey,2024-09-26 16:39:11.309596,1,,,0.0,,,,,,,,,,,,,,519akakd,,,,,0,Experiment_2_Skewness_Preference,https://app.prolific.com/submissions/complete?cc=C1BTHULB,0.0,1.0,128,,0.0,56f5866a736c79000d22df1e,1,1,128,,0.0,D,D,B,C,D,B,D,B,A,C,DDBCDBDBAC,0.2,0.0,0.0,1,1,128,,0.0,noisy,explanation,Choice B,Pass,red,0.0,1.0,1.0,Fail Box,1,1,128,,0.0,0,0,1,0,0,0,0,0,0,"english, history, social studies",Experience was ok.  ,1,1,,,,,,,,,,,,,,,,,,,,,,,,,,,,,,,,,,,,,,,,,,,,,,,,,,,,,,,,,,,,,,,,,,,,,,,,,,,,,,,,,,,,,,,,,,,,,,,,,66f58e1c50cb59a5f19aab00,56f5866a736c79000d22df1e,APPROVED,Not Applicable,2024-09-26T16:39:00.524000Z,2024-09-26T16:48:29.078000Z,2024-09-26T16:48:31.709000Z,2024-09-26T16:48:33.480811Z,569.0,C1BTHULB,667,White,Undergraduate degree (BA/BSc/other),68,Female,White,United States,United States,United States,English,DATA_EXPIRED,"Not in paid work (e.g. homemaker', 'retired or disabled)"
124,129,pw4b0qba,,0,12,12,Exp2_Section_4,EndSurvey,2024-09-26 16:39:13.451430,1,,,0.0,,,,,,,,,,,,,,519akakd,,,,,0,Experiment_2_Skewness_Preference,https://app.prolific.com/submissions/complete?cc=C1BTHULB,0.0,1.0,129,,0.0,66a912176a9a68d2dc7c9ea3,1,1,129,,0.0,D,B,C,A,B,A,B,C,B,B,DBCABABCBB,0.4,0.0,0.0,1,1,129,,0.0,noisy,explanation,Choice B,Pass,red,0.0,0.0,0.0,Fail Box,1,1,129,,0.0,0,0,1,0,0,0,0,0,0,"English, science, math, history, social studies",I hate math,1,1,,,,,,,,,,,,,,,,,,,,,,,,,,,,,,,,,,,,,,,,,,,,,,,,,,,,,,,,,,,,,,,,,,,,,,,,,,,,,,,,,,,,,,,,,,,,,,,,,66f58e288b1b531eb7176494,66a912176a9a68d2dc7c9ea3,APPROVED,Not Applicable,2024-09-26T16:39:09.346000Z,2024-09-26T16:42:58.926000Z,2024-10-09T19:16:57.800000Z,2024-09-26T16:43:00.729022Z,230.0,C1BTHULB,375,Mixed,Undergraduate degree (BA/BSc/other),31,Male,Mixed,United States,United States,United States,English,No,Full-Time
125,130,s3b36ab5,,0,12,12,Exp2_Section_4,EndSurvey,2024-09-26 16:39:15.814580,1,,,0.0,,,,,,,,,,,,,,519akakd,,,,,0,Experiment_2_Skewness_Preference,https://app.prolific.com/submissions/complete?cc=C1BTHULB,0.0,1.0,130,,0.0,65a5501d6e70df9084bdb5a1,1,1,130,,0.0,D,A,B,C,C,C,B,C,B,D,DABCCCBCBD,0.2,0.0,0.0,1,1,130,,0.0,noisy,explanation,Choice B,Pass,red,51.0,3.0,1.0,Pass Box,1,1,130,,0.0,0,0,1,0,0,0,0,0,0,Business and worked in Finance,The questions were not what I anticipated,1,1,,,,,,,,,,,,,,,,,,,,,,,,,,,,,,,,,,,,,,,,,,,,,,,,,,,,,,,,,,,,,,,,,,,,,,,,,,,,,,,,,,,,,,,,,,,,,,,,,66f58c27aeaea15c0ab2abfc,65a5501d6e70df9084bdb5a1,APPROVED,Not Applicable,2024-09-26T16:39:10.419000Z,2024-09-26T16:54:18.365000Z,2024-09-26T16:56:47.266000Z,2024-09-26T16:54:22.340876Z,908.0,C1BTHULB,400,Black/African American,Undergraduate degree (BA/BSc/other),49,Male,Black,United States,United States,United States,English,No,DATA_EXPIRED
126,131,8sxe093d,,0,12,12,Exp2_Section_4,EndSurvey,2024-09-26 16:39:16.019774,1,,,0.0,,,,,,,,,,,,,,519akakd,,,,,0,Experiment_2_Skewness_Preference,https://app.prolific.com/submissions/complete?cc=C1BTHULB,0.0,1.0,131,,0.0,6675b52e818364e2b83daf46,1,1,131,,0.0,B,B,A,C,C,D,A,A,C,A,BBACCDAACA,0.1,0.0,0.0,1,1,131,,0.0,noisy,explanation,Choice B,Fail,red,1.0,3.0,5.0,Fail Box,1,1,131,,0.0,0,0,1,0,0,0,0,0,0,Biology and Computer Science,The math questions were challenging because I am not good at standardized tests,1,1,,,,,,,,,,,,,,,,,,,,,,,,,,,,,,,,,,,,,,,,,,,,,,,,,,,,,,,,,,,,,,,,,,,,,,,,,,,,,,,,,,,,,,,,,,,,,,,,,66f58e29b60a3a9ce60648c0,6675b52e818364e2b83daf46,APPROVED,Not Applicable,2024-09-26T16:39:12.082000Z,2024-09-26T16:45:20.107000Z,2024-09-26T16:45:21.591000Z,2024-09-26T16:45:21.578758Z,369.0,C1BTHULB,268,White,Undergraduate degree (BA/BSc/other),25,Male,White,United States,United States,United States,English,Yes,DATA_EXPIRED
127,132,d8k9qx5i,,0,12,12,Exp2_Section_4,EndSurvey,2024-09-26 16:39:20.427784,1,,,0.0,,,,,,,,,,,,,,519akakd,,,,,0,Experiment_2_Skewness_Preference,https://app.prolific.com/submissions/complete?cc=C1BTHULB,0.0,1.0,132,,0.0,601373dbd735b324b32818bd,1,1,132,,0.0,C,D,B,C,A,D,C,B,B,C,CDBCADCBBC,0.0,0.0,0.0,1,1,132,,0.0,noisy,explanation,Choice B,Pass,red,10.0,0.0,0.0,Fail Box,1,1,132,,0.0,0,1,1,1,0,0,0,0,0,"Associate of Arts degree, Veterinary tech, dog trainer and pet groomer",I cannot do that kind of math and I assume I got them all wrong.,1,1,,,,,,,,,,,,,,,,,,,,,,,,,,,,,,,,,,,,,,,,,,,,,,,,,,,,,,,,,,,,,,,,,,,,,,,,,,,,,,,,,,,,,,,,,,,,,,,,,66f58e2674f33d82611c77cd,601373dbd735b324b32818bd,APPROVED,Not Applicable,2024-09-26T16:39:10.808000Z,2024-09-26T16:45:31.037000Z,2024-09-26T16:45:31.982000Z,2024-09-26T16:45:31.872887Z,381.0,C1BTHULB,4062,White,Technical/community college,35,Female,White,United States,United States,United States,English,DATA_EXPIRED,Part-Time
128,133,bj88kr5e,,0,12,12,Exp2_Section_4,EndSurvey,2024-09-26 16:39:22.900256,1,,,0.0,,,,,,,,,,,,,,519akakd,,,,,0,Experiment_2_Skewness_Preference,https://app.prolific.com/submissions/complete?cc=C1BTHULB,0.0,1.0,133,,0.0,60e4fe072aa5db731051c240,1,1,133,,0.0,D,A,A,B,D,B,C,,,,DAABDBC___,0.3,0.0,0.0,1,1,133,,0.0,noisy,explanation,Choice A,Fail,red,22.0,3.0,7.0,Fail Box,1,1,133,,0.0,0,0,1,0,0,0,0,0,0,"Geography, music performance",I haven't used this math in ages. ,1,1,,,,,,,,,,,,,,,,,,,,,,,,,,,,,,,,,,,,,,,,,,,,,,,,,,,,,,,,,,,,,,,,,,,,,,,,,,,,,,,,,,,,,,,,,,,,,,,,,66f58e2dc9a837409b2fb6cc,60e4fe072aa5db731051c240,APPROVED,Not Applicable,2024-09-26T16:39:17.980000Z,2024-09-26T16:54:04.100000Z,2024-09-26T16:56:40.598000Z,2024-09-26T16:54:16.359422Z,887.0,C1BTHULB,613,White,Undergraduate degree (BA/BSc/other),33,Female,White,United States,United States,United States,English,No,Full-Time
129,134,0ihz8eks,,0,12,12,Exp2_Section_4,EndSurvey,2024-09-26 16:39:27.305693,1,,,0.0,,,,,,,,,,,,,,519akakd,,,,,0,Experiment_2_Skewness_Preference,https://app.prolific.com/submissions/complete?cc=C1BTHULB,0.0,1.0,134,,0.0,66dc8041ae4dec497fab08b7,1,1,134,,0.0,A,C,A,A,C,B,A,B,B,C,ACAACBABBC,0.2,1.0,2.649,1,1,134,,0.0,noisy,explanation,Choice A,Fail,red,40.0,5.0,3.0,Pass Box,1,1,134,,0.0,0,1,0,0,0,0,0,0,0,marketing an d research ,no,1,1,,,,,,,,,,,,,,,,,,,,,,,,,,,,,,,,,,,,,,,,,,,,,,,,,,,,,,,,,,,,,,,,,,,,,,,,,,,,,,,,,,,,,,,,,,,,,,,,,66f58daea1cceab36e401bfb,66dc8041ae4dec497fab08b7,APPROVED,Not Applicable,2024-09-26T16:39:22.369000Z,2024-09-26T16:57:47.167000Z,2024-09-26T16:57:50.194000Z,2024-09-26T16:57:48.018809Z,1105.0,C1BTHULB,0,Mixed,Undergraduate degree (BA/BSc/other),27,Female,Mixed,United States,United States,United States,English,Yes,Full-Time
130,135,19fq71gw,,0,12,12,Exp2_Section_4,EndSurvey,2024-09-26 16:39:28.257047,1,,,0.0,,,,,,,,,,,,,,519akakd,,,,,0,Experiment_2_Skewness_Preference,https://app.prolific.com/submissions/complete?cc=C1BTHULB,0.0,1.0,135,,0.0,66de13b7f64c7e3f307ea068,1,1,135,,0.0,D,A,D,C,B,B,D,C,C,B,DADCBBDCCB,0.7,0.0,0.0,1,1,135,,0.0,noisy,explanation,Choice B,Pass,red,50.0,6.0,5.0,Pass Box,1,1,135,,0.0,0,0,1,0,0,0,0,0,0,"Biology, Anthropology, Customer Service",The experience was fun and different although a bit confusing and difficult at times.,1,1,,,,,,,,,,,,,,,,,,,,,,,,,,,,,,,,,,,,,,,,,,,,,,,,,,,,,,,,,,,,,,,,,,,,,,,,,,,,,,,,,,,,,,,,,,,,,,,,,66f58e360307544a9a0b5e3f,66de13b7f64c7e3f307ea068,APPROVED,Not Applicable,2024-09-26T16:39:23.985000Z,2024-09-26T16:51:56.783000Z,2024-09-26T17:55:30.342000Z,2024-09-26T16:53:22.088645Z,753.0,C1BTHULB,89,South East Asian,Undergraduate degree (BA/BSc/other),23,Female,Asian,United States,United States,United States,English,No,Unemployed (and job seeking)
131,136,8nkpj6vt,,0,12,12,Exp2_Section_4,EndSurvey,2024-09-26 16:39:29.035436,1,,,0.0,,,,,,,,,,,,,,519akakd,,,,,0,Experiment_2_Skewness_Preference,https://app.prolific.com/submissions/complete?cc=C1BTHULB,0.0,1.0,136,,0.0,63d1401242635aaffe867c4c,1,1,136,,0.0,D,A,A,,D,B,D,,,,DAA_DBD___,0.3,0.0,0.0,1,1,136,,0.0,noisy,explanation,Choice A,Fail,red,60.0,5.0,5.0,Not Sure,1,1,136,,0.0,0,0,1,0,0,0,0,0,0,My degree is in elementary education but I worked as a data quality analyst after leaving the teaching profession,This was hard but fun to try and see if I knew how to solve these questions. Some of them were very difficult for me as I haven't done that type of math in a long time!,1,1,,,,,,,,,,,,,,,,,,,,,,,,,,,,,,,,,,,,,,,,,,,,,,,,,,,,,,,,,,,,,,,,,,,,,,,,,,,,,,,,,,,,,,,,,,,,,,,,,66f58e3510976d9c6ab8ad69,63d1401242635aaffe867c4c,APPROVED,Not Applicable,2024-09-26T16:39:25.796000Z,2024-09-26T16:52:44.404000Z,2024-09-26T16:56:44.339000Z,2024-09-26T16:53:44.873791Z,799.0,C1BTHULB,2107,White,Undergraduate degree (BA/BSc/other),43,Female,White,United States,United States,United States,English,No,Part-Time
133,138,l0789uvi,,0,12,12,Exp2_Section_4,EndSurvey,2024-09-26 16:39:42.049755,1,,,0.0,,,,,,,,,,,,,,519akakd,,,,,0,Experiment_2_Skewness_Preference,https://app.prolific.com/submissions/complete?cc=C1BTHULB,0.0,1.0,138,,0.0,660c7427cb3a408efc628357,1,1,138,,0.0,C,A,B,C,D,B,C,A,C,B,CABCDBCACB,0.4,0.0,0.0,1,1,138,,0.0,noisy,explanation,Choice B,Fail,black,33.0,4.0,5.0,Fail Box,1,1,138,,0.0,0,0,1,0,0,0,0,0,0,Math and English were my main studies. I have mostly worked in warehouse work.,It was a straightforward survey.,1,1,,,,,,,,,,,,,,,,,,,,,,,,,,,,,,,,,,,,,,,,,,,,,,,,,,,,,,,,,,,,,,,,,,,,,,,,,,,,,,,,,,,,,,,,,,,,,,,,,66f58e4150cb59a5f19aab0f,660c7427cb3a408efc628357,APPROVED,Not Applicable,2024-09-26T16:39:37.314000Z,2024-09-26T16:52:40.298000Z,2024-09-26T16:57:08.396000Z,2024-09-26T16:53:42.309493Z,783.0,C1BTHULB,793,White,Technical/community college,36,Male,White,United States,United States,United States,English,No,Full-Time
135,140,m1bdsfaw,,0,12,12,Exp2_Section_4,EndSurvey,2024-09-26 16:39:45.959328,1,,,0.0,,,,,,,,,,,,,,519akakd,,,,,0,Experiment_2_Skewness_Preference,https://app.prolific.com/submissions/complete?cc=C1BTHULB,0.0,1.0,140,,0.0,5725139865abf6001203adbe,1,1,140,,0.0,D,A,A,C,D,D,A,C,B,B,DAACDDACBB,0.3,3.0,39.115,1,1,140,,0.0,noisy,explanation,Choice A,Pass,black,1.0,1.0,1.0,Pass Box,1,1,140,,0.0,0,0,1,0,0,0,0,0,0,"English  Math    Healthcare, retail, insurance",I don't have many skills from school! Mostly from life experiences.,1,1,,,,,,,,,,,,,,,,,,,,,,,,,,,,,,,,,,,,,,,,,,,,,,,,,,,,,,,,,,,,,,,,,,,,,,,,,,,,,,,,,,,,,,,,,,,,,,,,,66f58e47e846090be7491482,5725139865abf6001203adbe,APPROVED,Not Applicable,2024-09-26T16:39:41.603000Z,2024-09-26T16:49:18.292000Z,2024-09-26T16:51:24.701000Z,2024-09-26T16:51:40.009409Z,577.0,C1BTHULB,252,Latino/Hispanic,High school diploma/A-levels,52,Female,Other,United States,United States,United States,English,No,Part-Time
136,141,qmdrtle3,,0,12,12,Exp2_Section_4,EndSurvey,2024-09-26 16:39:47.335114,1,,,0.0,,,,,,,,,,,,,,519akakd,,,,,0,Experiment_2_Skewness_Preference,https://app.prolific.com/submissions/complete?cc=C1BTHULB,0.0,1.0,141,,0.0,62b14f89e9222d3aab48489b,1,1,141,,0.0,D,C,C,C,A,A,D,A,C,B,DCCCAADACB,0.4,0.0,0.0,1,1,141,,0.0,noisy,explanation,Choice A,Pass,red,100.0,2.0,3.0,Fail Box,1,1,141,,0.0,0,0,1,0,0,0,0,0,0,"I studied computer science and worked in software development (enterprise software), though I didn't finish school. Since about 2018 however I have been independently researching computer vision and human-computer interaction, with some of my open source work being cited! All the industries have been in tech, though I did this in the military and also in the private sector","It was interesting, my strategy for the first part was to first make guesses then go back and refine the answers. There was a tiny bit of anxiety haha (not real anxiety just unsure-excitement) as I wasn't sure if there would be a ""game over"" screen or something if I didn't get X many correct",1,1,,,,,,,,,,,,,,,,,,,,,,,,,,,,,,,,,,,,,,,,,,,,,,,,,,,,,,,,,,,,,,,,,,,,,,,,,,,,,,,,,,,,,,,,,,,,,,,,,66f58e2aae56cd83f2f51e17,62b14f89e9222d3aab48489b,APPROVED,Not Applicable,2024-09-26T16:39:13.265000Z,2024-09-26T16:55:54.549000Z,2024-09-26T16:56:38.664000Z,2024-09-26T16:55:55.372930Z,1002.0,C1BTHULB,2475,Latino/Hispanic,High school diploma/A-levels,37,Male,White,United States,United States,United States,English,No,Part-Time
137,142,688a8kab,,0,12,12,Exp2_Section_4,EndSurvey,2024-09-26 16:39:48.680474,1,,,0.0,,,,,,,,,,,,,,519akakd,,,,,0,Experiment_2_Skewness_Preference,https://app.prolific.com/submissions/complete?cc=C1BTHULB,0.0,1.0,142,,0.0,664111b80f16ecedfa33dc04,1,1,142,,0.0,C,B,B,C,A,C,B,A,D,C,CBBCACBADC,0.0,0.0,0.0,1,1,142,,0.0,noisy,explanation,Choice A,Fail,red,10.0,1.0,2.0,Fail Box,1,1,142,,0.0,0,0,1,0,0,0,0,0,0,Computer technology ,"Okay...no, but thank you.",1,1,,,,,,,,,,,,,,,,,,,,,,,,,,,,,,,,,,,,,,,,,,,,,,,,,,,,,,,,,,,,,,,,,,,,,,,,,,,,,,,,,,,,,,,,,,,,,,,,,66f58e4ad3ec83685eaa60ea,664111b80f16ecedfa33dc04,APPROVED,Not Applicable,2024-09-26T16:39:45.522000Z,2024-09-26T16:46:30.600000Z,2024-09-26T16:46:31.456000Z,2024-09-26T16:46:35.162813Z,406.0,C1BTHULB,146,Black/African American,High school diploma/A-levels,46,Male,Black,United Arab Emirates,United States,United States,English,No,"Not in paid work (e.g. homemaker', 'retired or disabled)"
138,143,xm2wc9q9,,0,12,12,Exp2_Section_4,EndSurvey,2024-09-26 16:39:49.930465,1,,,0.0,,,,,,,,,,,,,,519akakd,,,,,0,Experiment_2_Skewness_Preference,https://app.prolific.com/submissions/complete?cc=C1BTHULB,0.0,1.0,143,,0.0,66e207ef71e6cbef78615ca3,1,1,143,,0.0,A,C,B,C,B,C,C,D,B,D,ACBCBCCDBD,0.2,0.0,0.0,1,1,143,,0.0,noisy,explanation,Choice A,Fail,red,5.0,1.0,3.0,Fail Box,1,1,143,,0.0,0,0,1,0,0,0,0,0,0,English,Hard not good at math.,1,1,,,,,,,,,,,,,,,,,,,,,,,,,,,,,,,,,,,,,,,,,,,,,,,,,,,,,,,,,,,,,,,,,,,,,,,,,,,,,,,,,,,,,,,,,,,,,,,,,66f58e40a19237f3bb06489c,66e207ef71e6cbef78615ca3,APPROVED,Not Applicable,2024-09-26T16:39:37.137000Z,2024-09-26T16:42:47.178000Z,2024-10-09T19:17:00.867000Z,2024-09-26T16:42:48.130997Z,191.0,C1BTHULB,65,White,High school diploma/A-levels,27,Female,White,United States,United States,United States,English,Yes,Full-Time
139,144,ebm7kiqt,,0,12,12,Exp2_Section_4,EndSurvey,2024-09-26 16:39:54.028629,1,,,0.0,,,,,,,,,,,,,,519akakd,,,,,0,Experiment_2_Skewness_Preference,https://app.prolific.com/submissions/complete?cc=C1BTHULB,0.0,1.0,144,,0.0,65c1158c42ae46b4f170955f,1,1,144,,0.0,C,A,B,C,A,D,B,A,C,B,CABCADBACB,0.3,0.0,0.0,1,1,144,,0.0,noisy,explanation,Choice B,Fail,red,50.0,7.0,5.0,Fail Box,1,1,144,,0.0,0,0,1,0,0,0,0,0,0,human resource and psychology. ,,1,1,,,,,,,,,,,,,,,,,,,,,,,,,,,,,,,,,,,,,,,,,,,,,,,,,,,,,,,,,,,,,,,,,,,,,,,,,,,,,,,,,,,,,,,,,,,,,,,,,66f58e52885ff30444a82acb,65c1158c42ae46b4f170955f,APPROVED,Not Applicable,2024-09-26T16:39:51.209000Z,2024-09-26T16:51:02.149000Z,2024-09-26T17:55:39.329000Z,2024-09-26T16:52:50.608494Z,671.0,C1BTHULB,552,Latino/Hispanic,Graduate degree (MA/MSc/MPhil/other),29,Female,Black,United States,United States,United States,English,No,Full-Time
140,145,rlbg186u,,0,12,12,Exp2_Section_4,EndSurvey,2024-09-26 16:39:55.116354,1,,,0.0,,,,,,,,,,,,,,519akakd,,,,,0,Experiment_2_Skewness_Preference,https://app.prolific.com/submissions/complete?cc=C1BTHULB,0.0,1.0,145,,0.0,65c10f720f94a8697e141aa1,1,1,145,,0.0,B,C,D,A,C,B,C,B,C,A,BCDACBCBCA,0.2,0.0,0.0,1,1,145,,0.0,noisy,explanation,Choice A,Fail,red,20.0,3.0,3.0,Not Sure,1,1,145,,0.0,0,0,1,0,0,0,0,0,0,"Business, customer service, retail ",It was fine! I have no feedback,1,1,,,,,,,,,,,,,,,,,,,,,,,,,,,,,,,,,,,,,,,,,,,,,,,,,,,,,,,,,,,,,,,,,,,,,,,,,,,,,,,,,,,,,,,,,,,,,,,,,66f58e528b1b531eb71764ac,65c10f720f94a8697e141aa1,APPROVED,Not Applicable,2024-09-26T16:39:51.058000Z,2024-09-26T16:45:57.952000Z,2024-09-26T16:45:58.968000Z,2024-09-26T16:45:58.886900Z,367.0,C1BTHULB,1009,Black/African American,Technical/community college,33,Female,Black,United States,United States,United States,English,No,Full-Time
141,146,ngqh94r4,,0,12,12,Exp2_Section_4,EndSurvey,2024-09-26 16:39:58.012322,1,,,0.0,,,,,,,,,,,,,,519akakd,,,,,0,Experiment_2_Skewness_Preference,https://app.prolific.com/submissions/complete?cc=C1BTHULB,0.0,1.0,146,,0.0,63ea74a7e00a26d45e75244c,1,1,146,,0.0,B,C,A,D,A,B,C,B,D,A,BCADABCBDA,0.1,0.0,0.0,1,1,146,,0.0,noisy,explanation,Choice B,Fail,red,50.0,5.0,4.0,Pass Box,1,1,146,,0.0,0,0,0,1,1,0,0,0,0,Photography,no,1,1,,,,,,,,,,,,,,,,,,,,,,,,,,,,,,,,,,,,,,,,,,,,,,,,,,,,,,,,,,,,,,,,,,,,,,,,,,,,,,,,,,,,,,,,,,,,,,,,,66f58e4fcc3f54cd7ba54ea8,63ea74a7e00a26d45e75244c,APPROVED,Not Applicable,2024-09-26T16:39:54.865000Z,2024-09-26T16:44:38.781000Z,2024-10-09T19:17:01.158000Z,2024-09-26T16:44:40.029895Z,284.0,C1BTHULB,365,Black/African American,High school diploma/A-levels,20,Female,Black,United States,United States,United States,English,No,Unemployed (and job seeking)
142,147,1ih5dqg7,,0,12,12,Exp2_Section_4,EndSurvey,2024-09-26 16:39:58.421050,1,,,0.0,,,,,,,,,,,,,,519akakd,,,,,0,Experiment_2_Skewness_Preference,https://app.prolific.com/submissions/complete?cc=C1BTHULB,0.0,1.0,147,,0.0,62c4d5821033848c1dc3667b,1,1,147,,0.0,A,A,A,C,B,B,C,C,D,A,AAACBBCCDA,0.5,0.0,0.0,1,1,147,,0.0,noisy,explanation,Choice B,Pass,red,25.0,2.0,5.0,Pass Box,1,1,147,,0.0,0,0,1,0,0,0,0,0,0,Construction,All was good,1,1,,,,,,,,,,,,,,,,,,,,,,,,,,,,,,,,,,,,,,,,,,,,,,,,,,,,,,,,,,,,,,,,,,,,,,,,,,,,,,,,,,,,,,,,,,,,,,,,,66f58e3a81c659dd071db52a,62c4d5821033848c1dc3667b,APPROVED,Not Applicable,2024-09-26T16:39:55.481000Z,2024-09-26T16:47:38.738000Z,2024-09-26T16:47:41.498000Z,2024-09-26T16:47:39.290439Z,464.0,C1BTHULB,4859,White,High school diploma/A-levels,41,Male,White,United States,United States,United States,English,No,Full-Time
143,148,92j9hlre,,0,12,12,Exp2_Section_4,EndSurvey,2024-09-26 16:39:59.452578,1,,,0.0,,,,,,,,,,,,,,519akakd,,,,,0,Experiment_2_Skewness_Preference,https://app.prolific.com/submissions/complete?cc=C1BTHULB,0.0,1.0,148,,0.0,60cd62911c33e553507b7c84,1,1,148,,0.0,D,A,C,C,D,A,D,B,A,B,DACCDADBAB,0.4,0.0,0.0,1,1,148,,0.0,noisy,explanation,Choice B,Pass,red,65.0,5.0,4.0,Pass Box,1,1,148,,0.0,0,0,1,0,0,0,0,0,0,Engineering,,1,1,,,,,,,,,,,,,,,,,,,,,,,,,,,,,,,,,,,,,,,,,,,,,,,,,,,,,,,,,,,,,,,,,,,,,,,,,,,,,,,,,,,,,,,,,,,,,,,,,66f58e54052a1eeb7bc47cc1,60cd62911c33e553507b7c84,APPROVED,Not Applicable,2024-09-26T16:39:54.707000Z,2024-09-26T16:52:31.096000Z,2024-09-26T16:56:52.801000Z,2024-09-26T16:53:39.885139Z,757.0,C1BTHULB,604,Latino/Hispanic,Undergraduate degree (BA/BSc/other),42,Male,White,United States,United States,United States,English,No,Full-Time
144,149,txolmovn,,0,12,12,Exp2_Section_4,EndSurvey,2024-09-26 16:40:00.463404,1,,,0.0,,,,,,,,,,,,,,519akakd,,,,,0,Experiment_2_Skewness_Preference,https://app.prolific.com/submissions/complete?cc=C1BTHULB,0.0,1.0,149,,0.0,5dd3f4045686c13de81c0b20,1,1,149,,0.0,D,C,A,C,D,,,,,,DCACD_____,0.0,1.0,2.679,1,1,149,,0.0,noisy,explanation,Choice B,Pass,red,0.0,0.0,0.0,Pass Box,1,1,149,,0.0,0,0,1,0,0,0,0,0,0,Communications and work in Marketing,Experience was fine,1,1,,,,,,,,,,,,,,,,,,,,,,,,,,,,,,,,,,,,,,,,,,,,,,,,,,,,,,,,,,,,,,,,,,,,,,,,,,,,,,,,,,,,,,,,,,,,,,,,,66f58e4f135b3ebaa7eb68e5,5dd3f4045686c13de81c0b20,APPROVED,Not Applicable,2024-09-26T16:39:54.381000Z,2024-09-26T16:50:25.993000Z,2024-09-26T17:55:28.243000Z,2024-09-26T16:52:36.690532Z,632.0,C1BTHULB,941,White,Undergraduate degree (BA/BSc/other),44,Female,White,United States,United States,United States,English,No,Full-Time
146,151,u0an190z,,0,12,12,Exp2_Section_4,EndSurvey,2024-09-26 16:40:01.636670,1,,,0.0,,,,,,,,,,,,,,519akakd,,,,,0,Experiment_2_Skewness_Preference,https://app.prolific.com/submissions/complete?cc=C1BTHULB,0.0,1.0,151,,0.0,60fcf739dac98b7590a790dd,1,1,151,,0.0,B,D,C,A,B,C,C,A,C,A,BDCABCCACA,0.3,0.0,0.0,1,1,151,,0.0,noisy,explanation,Choice B,Pass,red,20.0,1.0,2.0,Pass Box,1,1,151,,0.0,0,1,0,0,0,0,0,0,0,"I mostly studied physics, math and the like for my degree in Audio Engineering but have a passion and much better at english, language, and writing subjects. I have worked mostly in hospitality, entertainment, media, and retail",,1,1,,,,,,,,,,,,,,,,,,,,,,,,,,,,,,,,,,,,,,,,,,,,,,,,,,,,,,,,,,,,,,,,,,,,,,,,,,,,,,,,,,,,,,,,,,,,,,,,,66f58e59a2262697b9693fcd,60fcf739dac98b7590a790dd,APPROVED,Not Applicable,2024-09-26T16:39:57.310000Z,2024-09-26T16:47:04.949000Z,2024-09-26T16:47:06.415000Z,2024-09-26T16:47:10.837031Z,428.0,C1BTHULB,954,White,Undergraduate degree (BA/BSc/other),23,Female,White,United States,United States,United States,English,No,Part-Time
147,152,dzvyjwjk,,0,12,12,Exp2_Section_4,EndSurvey,2024-09-26 16:40:02.646613,1,,,0.0,,,,,,,,,,,,,,519akakd,,,,,0,Experiment_2_Skewness_Preference,https://app.prolific.com/submissions/complete?cc=C1BTHULB,0.0,1.0,152,,0.0,66da9567956f0942b485500e,1,1,152,,0.0,D,C,B,C,C,A,D,C,A,B,DCBCCADCAB,0.3,0.0,0.0,1,1,152,,0.0,noisy,explanation,Choice A,Fail,red,20.0,3.0,5.0,Fail Box,1,1,152,,0.0,0,0,1,0,0,0,0,0,0,"STEM, health sciences","I felt challenged by the quiz at the beginning as well as the sections that followed. I do not have to solve those types of problems in my daily life, so I felt that this study was especially difficult for me.",1,1,,,,,,,,,,,,,,,,,,,,,,,,,,,,,,,,,,,,,,,,,,,,,,,,,,,,,,,,,,,,,,,,,,,,,,,,,,,,,,,,,,,,,,,,,,,,,,,,,66f58e51e766233582dd945d,66da9567956f0942b485500e,APPROVED,Not Applicable,2024-09-26T16:39:55.025000Z,2024-09-26T16:53:22.716000Z,2024-09-26T16:56:39.025000Z,2024-09-26T16:54:00.470675Z,808.0,C1BTHULB,17,East Asian,Undergraduate degree (BA/BSc/other),27,Female,Asian,United States,United States,United States,English,No,Full-Time
148,153,csy7fyxr,,0,12,12,Exp2_Section_4,EndSurvey,2024-09-26 16:40:07.221188,1,,,0.0,,,,,,,,,,,,,,519akakd,,,,,0,Experiment_2_Skewness_Preference,https://app.prolific.com/submissions/complete?cc=C1BTHULB,0.0,1.0,153,,0.0,654190f7973d929b51d3beb2,1,1,153,,0.0,C,A,B,B,C,B,A,B,D,B,CABBCBABDB,0.4,0.0,0.0,1,1,153,,0.0,noisy,explanation,Choice B,Pass,red,60.0,7.0,3.0,Fail Box,1,1,153,,0.0,0,0,1,0,0,0,0,0,0,Education ,,1,1,,,,,,,,,,,,,,,,,,,,,,,,,,,,,,,,,,,,,,,,,,,,,,,,,,,,,,,,,,,,,,,,,,,,,,,,,,,,,,,,,,,,,,,,,,,,,,,,,66f58e5c690b7039f8ead0cb,654190f7973d929b51d3beb2,APPROVED,Not Applicable,2024-09-26T16:40:04.101000Z,2024-09-26T16:48:59.200000Z,2024-09-26T16:51:17.897000Z,2024-09-26T16:51:27.436318Z,536.0,C1BTHULB,86,Rather not say,Undergraduate degree (BA/BSc/other),36,Female,Other,United States,United States,United States,English,No,DATA_EXPIRED
149,154,jktfn4m8,,0,12,12,Exp2_Section_4,EndSurvey,2024-09-26 16:40:14.650589,1,,,0.0,,,,,,,,,,,,,,519akakd,,,,,0,Experiment_2_Skewness_Preference,https://app.prolific.com/submissions/complete?cc=C1BTHULB,0.0,1.0,154,,0.0,6307a5e6e8a35c5eaeddb421,1,1,154,,0.0,D,B,A,C,B,A,A,D,C,B,DBACBAADCB,0.3,0.0,0.0,1,1,154,,0.0,noisy,explanation,Choice A,Fail,red,5.0,1.0,10.0,Pass Box,1,1,154,,0.0,0,0,1,0,0,0,0,0,0,"ENGLISH, TYPING, BOOKKEEPING  OFFICE ADMINISTRATOR  TRUCK DRIVER",I AM A COMPLETE FAILURE AT MATH! ,1,1,,,,,,,,,,,,,,,,,,,,,,,,,,,,,,,,,,,,,,,,,,,,,,,,,,,,,,,,,,,,,,,,,,,,,,,,,,,,,,,,,,,,,,,,,,,,,,,,,66f58e5a1db758b41fa9cd28,6307a5e6e8a35c5eaeddb421,APPROVED,Not Applicable,2024-09-26T16:40:06.141000Z,2024-09-26T16:48:42.081000Z,2024-09-26T16:51:09.691000Z,2024-09-26T16:51:09.679482Z,516.0,C1BTHULB,4487,White,Technical/community college,66,Female,White,United States,United States,United States,English,No,Part-Time
150,155,gvy8cjtg,,0,12,12,Exp2_Section_4,EndSurvey,2024-09-26 16:40:25.846072,1,,,0.0,,,,,,,,,,,,,,519akakd,,,,,0,Experiment_2_Skewness_Preference,https://app.prolific.com/submissions/complete?cc=C1BTHULB,0.0,1.0,155,,0.0,60ff38bc9714007ce071f304,1,1,155,,0.0,B,D,B,C,C,C,C,C,C,C,BDBCCCCCCC,0.2,0.0,0.0,1,1,155,,0.0,noisy,explanation,Choice A,Pass,black,20.0,1.0,2.0,Pass Box,1,1,155,,0.0,0,0,1,0,0,0,0,0,0,"Marketing, Psychology, Finance, Accouting",,1,1,,,,,,,,,,,,,,,,,,,,,,,,,,,,,,,,,,,,,,,,,,,,,,,,,,,,,,,,,,,,,,,,,,,,,,,,,,,,,,,,,,,,,,,,,,,,,,,,,66f58e72cc3f54cd7ba54eb1,60ff38bc9714007ce071f304,APPROVED,Not Applicable,2024-09-26T16:40:22.822000Z,2024-09-26T16:43:37.964000Z,2024-10-09T19:17:01.749000Z,2024-09-26T16:43:38.677233Z,196.0,C1BTHULB,284,White,Undergraduate degree (BA/BSc/other),28,Female,White,United States,United States,United States,English,No,Full-Time
151,156,3xe04tqp,,0,12,12,Exp2_Section_4,EndSurvey,2024-09-26 16:40:33.088401,1,,,0.0,,,,,,,,,,,,,,519akakd,,,,,0,Experiment_2_Skewness_Preference,https://app.prolific.com/submissions/complete?cc=C1BTHULB,0.0,1.0,156,,0.0,63b6da008821133bd90e92aa,1,1,156,,0.0,D,A,D,C,B,D,A,C,,,DADCBDAC__,0.3,0.0,0.0,1,1,156,,0.0,noisy,explanation,Choice A,Pass,black,30.0,4.0,3.0,Pass Box,1,1,156,,0.0,0,0,1,0,0,0,0,0,0,math,a little sadden I need to brush up on my algebra ,1,1,,,,,,,,,,,,,,,,,,,,,,,,,,,,,,,,,,,,,,,,,,,,,,,,,,,,,,,,,,,,,,,,,,,,,,,,,,,,,,,,,,,,,,,,,,,,,,,,,66f58e7863c907fc637d577e,63b6da008821133bd90e92aa,APPROVED,Not Applicable,2024-09-26T16:40:29.764000Z,2024-09-26T16:56:13.600000Z,2024-09-26T16:56:34.675000Z,2024-09-26T16:56:14.362917Z,944.0,C1BTHULB,765,Caribbean,Undergraduate degree (BA/BSc/other),23,Female,Black,United States,United States,Haiti,English,Yes,Other
152,157,84mpa040,,0,12,12,Exp2_Section_4,EndSurvey,2024-09-26 16:40:36.054368,1,,,0.0,,,,,,,,,,,,,,519akakd,,,,,0,Experiment_2_Skewness_Preference,https://app.prolific.com/submissions/complete?cc=C1BTHULB,0.0,1.0,157,,0.0,66a2acb597ea1ad013ca9367,1,1,157,,0.0,D,C,B,C,D,D,D,A,C,B,DCBCDDDACB,0.3,0.0,0.0,1,1,157,,0.0,noisy,explanation,Choice A,Pass,black,0.0,0.0,0.0,Pass Box,1,1,157,,0.0,0,1,1,0,0,0,0,0,0,Administrative ,Very stressful.  I haven't done math in over 30 years and barely passed it then,1,1,,,,,,,,,,,,,,,,,,,,,,,,,,,,,,,,,,,,,,,,,,,,,,,,,,,,,,,,,,,,,,,,,,,,,,,,,,,,,,,,,,,,,,,,,,,,,,,,,66f58e7a0fcec2ce85490f79,66a2acb597ea1ad013ca9367,APPROVED,Not Applicable,2024-09-26T16:40:33.365000Z,2024-09-26T16:47:49.299000Z,2024-09-26T16:47:50.673000Z,2024-09-26T16:47:51.130648Z,436.0,C1BTHULB,282,White,Technical/community college,51,Female,White,United States,United States,United States,English,No,DATA_EXPIRED
153,158,htsqmimu,,0,12,12,Exp2_Section_4,EndSurvey,2024-09-26 16:40:39.324447,1,,,0.0,,,,,,,,,,,,,,519akakd,,,,,0,Experiment_2_Skewness_Preference,https://app.prolific.com/submissions/complete?cc=C1BTHULB,0.0,1.0,158,,0.0,663299bd26d3b17faac2370f,1,1,158,,0.0,D,A,B,C,B,B,C,A,B,B,DABCBBCABB,0.4,0.0,0.0,1,1,158,,0.0,noisy,explanation,Choice A,Fail,red,20.0,2.0,5.0,Fail Box,1,1,158,,0.0,0,0,1,0,0,0,0,0,0,general studies,fair I never liked school,1,1,,,,,,,,,,,,,,,,,,,,,,,,,,,,,,,,,,,,,,,,,,,,,,,,,,,,,,,,,,,,,,,,,,,,,,,,,,,,,,,,,,,,,,,,,,,,,,,,,66f58e6332ed783139dd5291,663299bd26d3b17faac2370f,APPROVED,Not Applicable,2024-09-26T16:40:09.055000Z,2024-09-26T16:43:40.856000Z,2024-10-09T19:17:01.432000Z,2024-09-26T16:43:41.596313Z,212.0,C1BTHULB,272,White,High school diploma/A-levels,48,Female,White,United States,United States,United States,English,No,Full-Time
155,160,hc7jmb1a,,0,12,12,Exp2_Section_4,EndSurvey,2024-09-26 16:40:50.365977,1,,,0.0,,,,,,,,,,,,,,519akakd,,,,,0,Experiment_2_Skewness_Preference,https://app.prolific.com/submissions/complete?cc=C1BTHULB,0.0,1.0,160,,0.0,66f548c3419313e6747c9867,1,1,160,,0.0,D,A,B,C,C,B,C,B,B,B,DABCCBCBBB,0.3,0.0,0.0,1,1,160,,0.0,noisy,explanation,Choice B,Fail,red,50.0,4.0,6.0,Not Sure,1,1,160,,0.0,0,0,1,0,0,0,0,0,0,In high school and in college I was an art major. Besides my main focus I also have a fascination with history and English.,This was a very straightforward test. The process was simple and the statements were thorough and easy to understand.,1,1,,,,,,,,,,,,,,,,,,,,,,,,,,,,,,,,,,,,,,,,,,,,,,,,,,,,,,,,,,,,,,,,,,,,,,,,,,,,,,,,,,,,,,,,,,,,,,,,,66f58e7d0fc3defea7a7f7fa,66f548c3419313e6747c9867,APPROVED,Not Applicable,2024-09-26T16:40:36.648000Z,2024-09-26T16:54:49.900000Z,2024-09-26T16:56:35.602000Z,2024-09-26T16:54:50.612222Z,854.0,C1BTHULB,3,White,High school diploma/A-levels,23,Female,White,United States,United States,United States,English,Yes,Due to start a new job within the next month
156,161,9ie9rtiz,,0,12,12,Exp2_Section_4,EndSurvey,2024-09-26 16:40:54.204009,1,,,0.0,,,,,,,,,,,,,,519akakd,,,,,0,Experiment_2_Skewness_Preference,https://app.prolific.com/submissions/complete?cc=C1BTHULB,0.0,1.0,161,,0.0,5f81b5dddf03dd0754915ca6,1,1,161,,0.0,C,C,C,C,C,C,C,C,C,C,CCCCCCCCCC,0.3,0.0,0.0,1,1,161,,0.0,noisy,explanation,Choice B,Pass,red,50.0,0.0,2.0,Not Sure,1,1,161,,0.0,0,0,1,0,0,0,0,0,0,"Normal high school subjects, up o the 9th grade and then got my GED","This was absolutely out of my territory, math has always been my worst subject.",1,1,,,,,,,,,,,,,,,,,,,,,,,,,,,,,,,,,,,,,,,,,,,,,,,,,,,,,,,,,,,,,,,,,,,,,,,,,,,,,,,,,,,,,,,,,,,,,,,,,66f58e8fc403f64bbd07b6cd,5f81b5dddf03dd0754915ca6,APPROVED,Not Applicable,2024-09-26T16:40:47.167000Z,2024-09-26T16:47:54.733000Z,2024-09-26T16:47:56.402000Z,2024-09-26T16:47:59.379239Z,428.0,C1BTHULB,430,White,High school diploma/A-levels,45,Female,White,United States,United States,United States,English,Yes,Other
157,162,56103bmj,,0,12,12,Exp2_Section_4,EndSurvey,2024-09-26 16:40:54.367941,1,,,0.0,,,,,,,,,,,,,,519akakd,,,,,0,Experiment_2_Skewness_Preference,https://app.prolific.com/submissions/complete?cc=C1BTHULB,0.0,1.0,162,,0.0,6560d73f80824412a8a74260,1,1,162,,0.0,B,C,B,C,D,B,A,B,C,A,BCBCDBABCA,0.2,0.0,0.0,1,1,162,,0.0,noisy,explanation,Choice B,Fail,black,30.0,4.0,5.0,Fail Box,1,1,162,,0.0,0,0,1,0,0,0,0,0,0,"Psychology, English, Public Communcation",There were no issues with the process. I enjoyed participating in this study.,1,1,,,,,,,,,,,,,,,,,,,,,,,,,,,,,,,,,,,,,,,,,,,,,,,,,,,,,,,,,,,,,,,,,,,,,,,,,,,,,,,,,,,,,,,,,,,,,,,,,66f58e6f0e59d675b2290306,6560d73f80824412a8a74260,APPROVED,Not Applicable,2024-09-26T16:40:51.634000Z,2024-09-26T16:52:13.651000Z,2024-09-26T16:57:03.156000Z,2024-09-26T16:53:26.668404Z,683.0,C1BTHULB,1048,Black/African American,Technical/community college,34,Female,Black,United States,United States,United States,English,DATA_EXPIRED,DATA_EXPIRED
158,163,m480c1ps,,0,12,12,Exp2_Section_4,EndSurvey,2024-09-26 16:40:54.528835,1,,,0.0,,,,,,,,,,,,,,519akakd,,,,,0,Experiment_2_Skewness_Preference,https://app.prolific.com/submissions/complete?cc=C1BTHULB,0.0,1.0,163,,0.0,66620f7005ba52a06a843324,1,1,163,,0.0,D,A,A,D,B,C,B,C,B,B,DAADBCBCBB,0.4,0.0,0.0,1,1,163,,0.0,noisy,explanation,Choice A,Pass,black,50.0,2.0,2.0,Pass Box,1,1,163,,0.0,1,1,1,0,0,0,0,0,0,"I studied Fashion Design. In addition to Fashion, I have worked in hospitality, real estate, insurance and manufacturing",,1,1,,,,,,,,,,,,,,,,,,,,,,,,,,,,,,,,,,,,,,,,,,,,,,,,,,,,,,,,,,,,,,,,,,,,,,,,,,,,,,,,,,,,,,,,,,,,,,,,,66f58e8c0880e6d1692486e1,66620f7005ba52a06a843324,APPROVED,Not Applicable,2024-09-26T16:40:49.040000Z,2024-09-26T16:51:23.782000Z,2024-09-26T16:56:45.044000Z,2024-09-26T16:53:02.312994Z,635.0,C1BTHULB,399,Other (please feel free to let us know your ethnicity via email),Undergraduate degree (BA/BSc/other),53,Female,Black,United States,United States,United States,English,No,Other
159,164,ooy1wjou,,0,12,12,Exp2_Section_4,EndSurvey,2024-09-26 16:40:56.838382,1,,,0.0,,,,,,,,,,,,,,519akakd,,,,,0,Experiment_2_Skewness_Preference,https://app.prolific.com/submissions/complete?cc=C1BTHULB,0.0,1.0,164,,0.0,6651e2b211d6c89996be31f2,1,1,164,,0.0,B,C,B,C,A,B,,,,,BCBCAB____,0.1,0.0,0.0,1,1,164,,0.0,noisy,explanation,Choice A,Fail,red,20.0,3.0,4.0,Fail Box,1,1,164,,0.0,0,0,1,0,1,0,0,0,0,"Math, science, history. food service, retail"," unprepared I feel like, this was very different.",1,1,,,,,,,,,,,,,,,,,,,,,,,,,,,,,,,,,,,,,,,,,,,,,,,,,,,,,,,,,,,,,,,,,,,,,,,,,,,,,,,,,,,,,,,,,,,,,,,,,66f58e4660c90871cbc27480,6651e2b211d6c89996be31f2,APPROVED,Not Applicable,2024-09-26T16:40:53.628000Z,2024-09-26T16:55:06.938000Z,2024-09-26T16:56:42.307000Z,2024-09-26T16:55:08.056529Z,854.0,C1BTHULB,642,Black/African American,High school diploma/A-levels,20,Female,Black,United States,United States,United States,English,No,DATA_EXPIRED
160,165,p74zjidb,,0,12,12,Exp2_Section_4,EndSurvey,2024-09-26 16:40:59.951574,1,,,0.0,,,,,,,,,,,,,,519akakd,,,,,0,Experiment_2_Skewness_Preference,https://app.prolific.com/submissions/complete?cc=C1BTHULB,0.0,1.0,165,,0.0,59ace492321f870001d16fcb,1,1,165,,0.0,C,B,B,B,A,A,C,D,B,A,CBBBAACDBA,0.1,0.0,0.0,1,1,165,,0.0,noisy,explanation,Choice A,Fail,red,30.0,3.0,3.0,Fail Box,1,1,165,,0.0,0,0,1,0,0,0,0,0,0,"The main subjects in school were the basic ones including math, science, and health.  I have worked in a couple different warehouses. ",,1,1,,,,,,,,,,,,,,,,,,,,,,,,,,,,,,,,,,,,,,,,,,,,,,,,,,,,,,,,,,,,,,,,,,,,,,,,,,,,,,,,,,,,,,,,,,,,,,,,,66f58e8a3b9ca38e733b04d2,59ace492321f870001d16fcb,APPROVED,Not Applicable,2024-09-26T16:40:55.067000Z,2024-09-26T16:47:29.284000Z,2024-09-26T16:47:35.717000Z,2024-09-26T16:47:30.574877Z,395.0,C1BTHULB,247,White,High school diploma/A-levels,32,Male,White,United States,United States,United States,English,No,Full-Time
162,167,1peskgg2,,0,12,12,Exp2_Section_4,EndSurvey,2024-09-26 16:41:05.735066,1,,,0.0,,,,,,,,,,,,,,519akakd,,,,,0,Experiment_2_Skewness_Preference,https://app.prolific.com/submissions/complete?cc=C1BTHULB,0.0,1.0,167,,0.0,5b54ce6fb7ef510001676f99,1,1,167,,0.0,D,C,B,D,A,B,D,D,B,B,DCBDABDDBB,0.3,0.0,0.0,1,1,167,,0.0,noisy,explanation,Choice B,Fail,black,70.0,4.0,5.0,Fail Box,1,1,167,,0.0,0,1,1,0,0,0,0,0,0,Physics,"I felt a little rushed with the time limit, the questions were all things I could answer, but I am out of practice and would need more time to do a good job. When I ran out of time I guessed on the remaining questions. ",1,1,,,,,,,,,,,,,,,,,,,,,,,,,,,,,,,,,,,,,,,,,,,,,,,,,,,,,,,,,,,,,,,,,,,,,,,,,,,,,,,,,,,,,,,,,,,,,,,,,66f58e48f745c9694f411cf4,5b54ce6fb7ef510001676f99,APPROVED,Not Applicable,2024-09-26T16:41:02.733000Z,2024-09-26T16:53:22.716000Z,2024-09-26T17:55:05.847000Z,2024-09-26T16:53:59.501886Z,740.0,C1BTHULB,2221,White,Graduate degree (MA/MSc/MPhil/other),44,Male,White,United States,United States,United States,English,No,Full-Time
163,168,ape2lfx6,,0,12,12,Exp2_Section_4,EndSurvey,2024-09-26 16:41:06.536366,1,,,0.0,,,,,,,,,,,,,,519akakd,,,,,0,Experiment_2_Skewness_Preference,https://app.prolific.com/submissions/complete?cc=C1BTHULB,0.0,1.0,168,,0.0,63cffe69ec33b3a776d6660e,1,1,168,,0.0,D,A,B,C,C,B,C,B,B,C,DABCCBCBBC,0.2,2.0,9.174,1,1,168,,0.0,noisy,explanation,Choice B,Pass,red,25.0,3.0,2.0,Pass Box,1,1,168,,0.0,0,0,1,0,0,0,0,0,0,I have studied management and education,The math questions were fairly difficult just because it is something that I do not use everyday,1,1,,,,,,,,,,,,,,,,,,,,,,,,,,,,,,,,,,,,,,,,,,,,,,,,,,,,,,,,,,,,,,,,,,,,,,,,,,,,,,,,,,,,,,,,,,,,,,,,,66f58e9bd26c6ccd5c399822,63cffe69ec33b3a776d6660e,APPROVED,Not Applicable,2024-09-26T16:41:04.128000Z,2024-09-26T16:49:23.856000Z,2024-09-26T16:51:30.575000Z,2024-09-26T16:51:40.556028Z,500.0,C1BTHULB,2894,White,Graduate degree (MA/MSc/MPhil/other),32,Male,White,United States,United States,United States,English,No,Full-Time
166,171,7ou43l8d,,0,12,12,Exp2_Section_4,EndSurvey,2024-09-26 16:41:21.307949,1,,,0.0,,,,,,,,,,,,,,519akakd,,,,,0,Experiment_2_Skewness_Preference,https://app.prolific.com/submissions/complete?cc=C1BTHULB,0.0,1.0,171,,0.0,611195c4a2ad48910f2730b3,1,1,171,,0.0,A,A,B,A,B,C,C,A,A,A,AABABCCAAA,0.3,0.0,0.0,1,1,171,,0.0,noisy,explanation,Choice B,Pass,red,15.0,3.0,2.0,Pass Box,1,1,171,,0.0,0,0,1,0,1,0,0,0,0,"chemistry, physics, french, german, calculus. not sure what you mean by main, basic maths, biology, world history.    i've only worked as a waitress and cashier for restaurants, and once a call center. ","i hate math, that's my feedback. my brain hasn't hurt that long in years. and i mean YEARS. torture, respectfully.",1,1,,,,,,,,,,,,,,,,,,,,,,,,,,,,,,,,,,,,,,,,,,,,,,,,,,,,,,,,,,,,,,,,,,,,,,,,,,,,,,,,,,,,,,,,,,,,,,,,,66f58e983def55defbb31238,611195c4a2ad48910f2730b3,APPROVED,Not Applicable,2024-09-26T16:41:15.593000Z,2024-09-26T16:59:07.527000Z,2024-09-26T16:59:25.035000Z,2024-09-26T16:59:23.011354Z,1072.0,C1BTHULB,408,Mixed,High school diploma/A-levels,28,Female,Mixed,United States,United States,United States,English,No,Unemployed (and job seeking)
167,172,kdekeo8l,,0,12,12,Exp2_Section_4,EndSurvey,2024-09-26 16:41:30.192284,1,,,0.0,,,,,,,,,,,,,,519akakd,,,,,0,Experiment_2_Skewness_Preference,https://app.prolific.com/submissions/complete?cc=C1BTHULB,0.0,1.0,172,,0.0,665cea26beb2274c6c616503,1,1,172,,0.0,B,B,A,C,C,A,C,A,B,C,BBACCACABC,0.0,0.0,0.0,1,1,172,,0.0,noisy,explanation,Choice B,Fail,red,50.0,3.0,5.0,Pass Box,1,1,172,,0.0,0,0,1,0,0,0,0,0,0,"Basic studies, psychology",it was interesting,1,1,,,,,,,,,,,,,,,,,,,,,,,,,,,,,,,,,,,,,,,,,,,,,,,,,,,,,,,,,,,,,,,,,,,,,,,,,,,,,,,,,,,,,,,,,,,,,,,,,66f58ea3d3ca44c14faf8cac,665cea26beb2274c6c616503,APPROVED,Not Applicable,2024-09-26T16:41:23.766000Z,2024-09-26T16:51:07.604000Z,2024-09-26T16:57:07.928000Z,2024-09-26T16:52:57.550629Z,584.0,C1BTHULB,349,Latino/Hispanic,Technical/community college,35,Female,Mixed,United States,United States,United States,English,No,Other
168,173,r55c0lsm,,0,12,12,Exp2_Section_4,EndSurvey,2024-09-26 16:41:30.602600,1,,,0.0,,,,,,,,,,,,,,519akakd,,,,,0,Experiment_2_Skewness_Preference,https://app.prolific.com/submissions/complete?cc=C1BTHULB,0.0,1.0,173,,0.0,5f6388bf9ae5ad07ba1a0173,1,1,173,,0.0,B,C,B,B,D,B,B,D,D,B,BCBBDBBDDB,0.3,0.0,0.0,1,1,173,,0.0,noisy,explanation,Choice A,Pass,red,50.0,5.0,2.0,Pass Box,1,1,173,,0.0,0,0,1,0,0,0,0,0,0,business,"fine, no errors or issues",1,1,,,,,,,,,,,,,,,,,,,,,,,,,,,,,,,,,,,,,,,,,,,,,,,,,,,,,,,,,,,,,,,,,,,,,,,,,,,,,,,,,,,,,,,,,,,,,,,,,66f58eb03a3ef5afed11253c,5f6388bf9ae5ad07ba1a0173,APPROVED,Not Applicable,2024-09-26T16:41:26.968000Z,2024-09-26T16:49:01.083000Z,2024-09-26T16:51:18.426000Z,2024-09-26T16:51:28.095632Z,455.0,C1BTHULB,3540,White,Technical/community college,48,Female,White,United States,United States,United States,English,No,Full-Time
170,175,8ajst3pe,,0,12,12,Exp2_Section_4,EndSurvey,2024-09-26 16:41:35.715379,1,,,0.0,,,,,,,,,,,,,,519akakd,,,,,0,Experiment_2_Skewness_Preference,https://app.prolific.com/submissions/complete?cc=C1BTHULB,0.0,1.0,175,,0.0,6643cde3471e61890ff943ae,1,1,175,,0.0,D,A,A,D,D,C,A,A,C,C,DAADDCAACC,0.2,0.0,0.0,1,1,175,,0.0,noisy,explanation,Choice A,Pass,red,50.0,2.0,1.0,Pass Box,1,1,175,,0.0,1,1,0,0,0,0,0,0,0,Marketing & communications,This was hard and confusing lol,1,1,,,,,,,,,,,,,,,,,,,,,,,,,,,,,,,,,,,,,,,,,,,,,,,,,,,,,,,,,,,,,,,,,,,,,,,,,,,,,,,,,,,,,,,,,,,,,,,,,66f58eb10307544a9a0b5e65,6643cde3471e61890ff943ae,APPROVED,Not Applicable,2024-09-26T16:41:28.292000Z,2024-09-26T16:44:42.413000Z,2024-10-09T19:17:02.065000Z,2024-09-26T16:44:43.152223Z,195.0,C1BTHULB,433,White,Undergraduate degree (BA/BSc/other),29,Female,White,United States,United States,United States,English,No,Full-Time
171,176,ecrbvy4u,,0,12,12,Exp2_Section_4,EndSurvey,2024-09-26 16:41:42.132286,1,,,0.0,,,,,,,,,,,,,,519akakd,,,,,0,Experiment_2_Skewness_Preference,https://app.prolific.com/submissions/complete?cc=C1BTHULB,0.0,1.0,176,,0.0,66451a42bf464c0c1e0f8ac3,1,1,176,,0.0,C,B,D,B,C,C,A,D,D,A,CBDBCCADDA,0.1,0.0,0.0,1,1,176,,0.0,noisy,explanation,Choice A,Pass,red,50.0,3.0,1.0,Fail Box,1,1,176,,0.0,0,0,1,0,0,0,0,0,0,"Electrical, mechanics and business law ",Do not show this to my friends hahaha ,1,1,,,,,,,,,,,,,,,,,,,,,,,,,,,,,,,,,,,,,,,,,,,,,,,,,,,,,,,,,,,,,,,,,,,,,,,,,,,,,,,,,,,,,,,,,,,,,,,,,66f58ebb81c659dd071db555,66451a42bf464c0c1e0f8ac3,APPROVED,Not Applicable,2024-09-26T16:41:39.413000Z,2024-09-26T16:50:35.479000Z,2024-09-26T17:55:45.629000Z,2024-09-26T16:52:39.629746Z,537.0,C1BTHULB,370,White,Technical/community college,35,Male,White,United States,United States,United States,English,No,"Not in paid work (e.g. homemaker', 'retired or disabled)"
172,177,8fdoyz1l,,0,12,12,Exp2_Section_4,EndSurvey,2024-09-26 16:41:45.430700,1,,,0.0,,,,,,,,,,,,,,519akakd,,,,,0,Experiment_2_Skewness_Preference,https://app.prolific.com/submissions/complete?cc=C1BTHULB,0.0,1.0,177,,0.0,5c10724111fe9a00013cd815,1,1,177,,0.0,B,B,C,A,A,B,D,A,C,D,BBCAABDACD,0.4,0.0,0.0,1,1,177,,0.0,noisy,explanation,Choice B,Pass,red,10.0,3.0,2.0,Pass Box,1,1,177,,0.0,0,0,1,0,0,0,0,0,0,"english,math,and I worked in the retail industry.",great.no,1,1,,,,,,,,,,,,,,,,,,,,,,,,,,,,,,,,,,,,,,,,,,,,,,,,,,,,,,,,,,,,,,,,,,,,,,,,,,,,,,,,,,,,,,,,,,,,,,,,,66f58eabb8bcac3ded361b96,5c10724111fe9a00013cd815,APPROVED,Not Applicable,2024-09-26T16:41:30.475000Z,2024-09-26T16:57:11.327000Z,2024-09-26T16:57:13.156000Z,2024-09-26T16:57:12.183882Z,941.0,C1BTHULB,2810,Black/African American,High school diploma/A-levels,59,Female,Black,United States,United States,United States,English,No,Full-Time
173,178,fhaie0ww,,0,12,12,Exp2_Section_4,EndSurvey,2024-09-26 16:41:53.700651,1,,,0.0,,,,,,,,,,,,,,519akakd,,,,,0,Experiment_2_Skewness_Preference,https://app.prolific.com/submissions/complete?cc=C1BTHULB,0.0,1.0,178,,0.0,62c0ccde4bd16c7f96a2959f,1,1,178,,0.0,C,B,B,B,C,D,C,D,C,B,CBBBCDCDCB,0.3,6.0,64.304,1,1,178,,0.0,noisy,explanation,Choice A,Pass,black,20.0,2.0,2.0,Not Sure,1,1,178,,0.0,1,0,0,0,0,0,0,0,0,IT,no,1,1,,,,,,,,,,,,,,,,,,,,,,,,,,,,,,,,,,,,,,,,,,,,,,,,,,,,,,,,,,,,,,,,,,,,,,,,,,,,,,,,,,,,,,,,,,,,,,,,,66f58ebd24dcde1f865c5bfd,62c0ccde4bd16c7f96a2959f,APPROVED,Not Applicable,2024-09-26T16:41:48.038000Z,2024-09-26T16:46:32.028000Z,2024-10-09T19:16:58.133000Z,2024-09-26T16:46:36.232870Z,284.0,C1BTHULB,736,White,Undergraduate degree (BA/BSc/other),36,Male,White,United States,United States,United States,English,No,Full-Time
174,179,a65qt6cv,,0,12,12,Exp2_Section_4,EndSurvey,2024-09-26 16:42:05.591669,1,,,0.0,,,,,,,,,,,,,,519akakd,,,,,0,Experiment_2_Skewness_Preference,https://app.prolific.com/submissions/complete?cc=C1BTHULB,0.0,1.0,179,,0.0,580145ebf35f130001c36157,1,1,179,,0.0,A,A,C,B,D,C,D,C,B,D,AACBDCDCBD,0.6,0.0,0.0,1,1,179,,0.0,noisy,explanation,Choice B,Pass,red,70.0,6.0,5.0,Pass Box,1,1,179,,0.0,0,0,1,0,0,0,0,0,0,"Business. Financial Services, Insurance and Sales. ",This was hard. It's been a while since I've seen these kind of math equations/ problems. ,1,1,,,,,,,,,,,,,,,,,,,,,,,,,,,,,,,,,,,,,,,,,,,,,,,,,,,,,,,,,,,,,,,,,,,,,,,,,,,,,,,,,,,,,,,,,,,,,,,,,66f58eccf3d534cc72dc6cb1,580145ebf35f130001c36157,APPROVED,Not Applicable,2024-09-26T16:41:59.488000Z,2024-09-26T16:53:29.694000Z,2024-09-26T17:55:28.886000Z,2024-09-26T16:54:01.085165Z,691.0,C1BTHULB,2333,White,Undergraduate degree (BA/BSc/other),37,Male,White,United States,United States,United States,English,No,Full-Time
175,180,r8nvuabw,,0,12,12,Exp2_Section_4,EndSurvey,2024-09-26 16:42:08.022245,1,,,0.0,,,,,,,,,,,,,,519akakd,,,,,0,Experiment_2_Skewness_Preference,https://app.prolific.com/submissions/complete?cc=C1BTHULB,0.0,1.0,180,,0.0,66327883ca4a6f78c437185a,1,1,180,,0.0,B,B,C,A,D,D,C,A,B,B,BBCADDCABB,0.2,1.0,2.703,1,1,180,,0.0,noisy,explanation,Choice A,Fail,red,40.0,0.0,4.0,Fail Box,1,1,180,,0.0,0,0,1,0,0,0,0,0,0,Math English Science   I have worked in customer service ,It was hard,1,1,,,,,,,,,,,,,,,,,,,,,,,,,,,,,,,,,,,,,,,,,,,,,,,,,,,,,,,,,,,,,,,,,,,,,,,,,,,,,,,,,,,,,,,,,,,,,,,,,66f58ed2d6597edc92ee0e91,66327883ca4a6f78c437185a,APPROVED,Not Applicable,2024-09-26T16:42:03.738000Z,2024-09-26T16:51:23.227000Z,2024-09-26T16:57:15.546000Z,2024-09-26T16:53:00.261594Z,560.0,C1BTHULB,586,White,High school diploma/A-levels,47,Female,White,United States,United States,United States,English,No,Other
176,181,hh341yoh,,0,12,12,Exp2_Section_4,EndSurvey,2024-09-26 16:42:19.453353,1,,,0.0,,,,,,,,,,,,,,519akakd,,,,,0,Experiment_2_Skewness_Preference,https://app.prolific.com/submissions/complete?cc=C1BTHULB,0.0,1.0,181,,0.0,5d60bd4ec253680017cf4c0f,1,1,181,,0.0,D,A,D,B,B,B,D,C,C,B,DADBBBDCCB,0.8,0.0,0.0,1,1,181,,0.0,noisy,explanation,Choice A,Pass,black,85.0,8.0,8.0,Pass Box,1,1,181,,0.0,0,0,1,0,1,0,0,0,0,I.T. and business Management,Tell us to get a pen and paper ready!,1,1,,,,,,,,,,,,,,,,,,,,,,,,,,,,,,,,,,,,,,,,,,,,,,,,,,,,,,,,,,,,,,,,,,,,,,,,,,,,,,,,,,,,,,,,,,,,,,,,,66f58ee57749f9e259937a0f,5d60bd4ec253680017cf4c0f,APPROVED,Not Applicable,2024-09-26T16:42:17.072000Z,2024-09-26T16:53:44.565000Z,2024-09-26T17:55:03.732000Z,2024-09-26T16:54:04.839313Z,688.0,C1BTHULB,478,White,Undergraduate degree (BA/BSc/other),26,Male,White,United States,United States,United States,English,No,Full-Time
178,183,4rz1jv49,,0,12,12,Exp2_Section_4,EndSurvey,2024-09-26 16:42:34.762079,1,,,0.0,,,,,,,,,,,,,,519akakd,,,,,0,Experiment_2_Skewness_Preference,https://app.prolific.com/submissions/complete?cc=C1BTHULB,0.0,1.0,183,,0.0,6650b2234eceb07b4da49d01,1,1,183,,0.0,B,A,A,A,B,,,,,,BAAAB_____,0.2,0.0,0.0,1,1,183,,0.0,noisy,explanation,Choice B,Fail,red,70.0,4.0,8.0,Fail Box,1,1,183,,0.0,0,0,1,0,0,0,0,0,1,Math  Engineering  Physics,I hate timed stuff,1,1,,,,,,,,,,,,,,,,,,,,,,,,,,,,,,,,,,,,,,,,,,,,,,,,,,,,,,,,,,,,,,,,,,,,,,,,,,,,,,,,,,,,,,,,,,,,,,,,,66f58eef50cb59a5f19aab31,6650b2234eceb07b4da49d01,APPROVED,Not Applicable,2024-09-26T16:42:30.346000Z,2024-09-26T16:57:30.753000Z,2024-09-26T16:57:33.891000Z,2024-09-26T16:57:31.474894Z,901.0,C1BTHULB,73,White,Undergraduate degree (BA/BSc/other),23,Male,White,United States,United States,United States,English,No,Unemployed (and job seeking)
180,185,8ljvueh7,,0,12,12,Exp2_Section_4,EndSurvey,2024-09-26 16:42:49.211672,1,,,0.0,,,,,,,,,,,,,,519akakd,,,,,0,Experiment_2_Skewness_Preference,https://app.prolific.com/submissions/complete?cc=C1BTHULB,0.0,1.0,185,,0.0,663a6aef1ae5940238329fef,1,1,185,,0.0,D,D,B,,D,B,,,A,,DDB_DB__A_,0.1,0.0,0.0,1,1,185,,0.0,noisy,explanation,Choice B,Pass,red,5.0,1.0,1.0,Fail Box,1,1,185,,0.0,0,0,1,1,0,0,0,0,0,Just the standard required basics,"I was not aware it was a math study or I wouldn't have attempted it. Math is not a strong suit of mine at all, apologies. ",1,1,,,,,,,,,,,,,,,,,,,,,,,,,,,,,,,,,,,,,,,,,,,,,,,,,,,,,,,,,,,,,,,,,,,,,,,,,,,,,,,,,,,,,,,,,,,,,,,,,66f58f04a4c9e73e0e5c574f,663a6aef1ae5940238329fef,APPROVED,Not Applicable,2024-09-26T16:42:44.214000Z,2024-09-26T16:56:26.415000Z,2024-09-26T16:57:02.758000Z,2024-09-26T16:56:27.143110Z,823.0,C1BTHULB,278,White,Secondary education (e.g. GED/GCSE),32,Female,White,United States,United States,United States,English,No,"Not in paid work (e.g. homemaker', 'retired or disabled)"
182,187,4xx8ejvt,,0,12,12,Exp2_Section_4,EndSurvey,2024-09-26 16:42:53.106824,1,,,0.0,,,,,,,,,,,,,,519akakd,,,,,0,Experiment_2_Skewness_Preference,https://app.prolific.com/submissions/complete?cc=C1BTHULB,0.0,1.0,187,,0.0,66cc876397392994acff09da,1,1,187,,0.0,D,A,B,A,B,B,A,C,A,A,DABABBACAA,0.4,0.0,0.0,1,1,187,,0.0,noisy,explanation,Choice A,Pass,red,50.0,1.0,2.0,Fail Box,1,1,187,,0.0,0,0,1,1,1,0,0,0,0,"English, Creative Writing, Retail, Hospitality, Management",Great thank you,1,1,,,,,,,,,,,,,,,,,,,,,,,,,,,,,,,,,,,,,,,,,,,,,,,,,,,,,,,,,,,,,,,,,,,,,,,,,,,,,,,,,,,,,,,,,,,,,,,,,66f58f069e8991704da01130,66cc876397392994acff09da,APPROVED,Not Applicable,2024-09-26T16:42:49.971000Z,2024-09-26T16:53:56.269000Z,2024-09-26T16:56:48.217000Z,2024-09-26T16:54:11.304407Z,667.0,C1BTHULB,115,White,Undergraduate degree (BA/BSc/other),36,Female,White,United States,United States,United States,English,Yes,"Not in paid work (e.g. homemaker', 'retired or disabled)"
183,188,c4voxq37,,0,12,12,Exp2_Section_4,EndSurvey,2024-09-26 16:43:03.631858,1,,,0.0,,,,,,,,,,,,,,519akakd,,,,,0,Experiment_2_Skewness_Preference,https://app.prolific.com/submissions/complete?cc=C1BTHULB,0.0,1.0,188,,0.0,5f58ceb73a55aa065f014fb4,1,1,188,,0.0,D,C,B,C,D,B,B,C,A,C,DCBCDBBCAC,0.2,1.0,12.956,1,1,188,,0.0,noisy,explanation,Choice B,Pass,red,5.0,1.0,1.0,Pass Box,1,1,188,,0.0,0,1,1,0,0,0,0,0,0,1-3 and 9-12 general studies in public school. 4-8 general studies with the addition of catholic studies.    I've worked in Construction project management and Employee Evaluation as a Senior Reviewer.,"Totally mind blowing - LOL! I am not math savvy at all, so I feel I did rather poorly. ",1,1,,,,,,,,,,,,,,,,,,,,,,,,,,,,,,,,,,,,,,,,,,,,,,,,,,,,,,,,,,,,,,,,,,,,,,,,,,,,,,,,,,,,,,,,,,,,,,,,,66f58f05fbb5eabc7cce6018,5f58ceb73a55aa065f014fb4,APPROVED,Not Applicable,2024-09-26T16:42:58.612000Z,2024-09-26T16:56:19.613000Z,2024-09-26T16:56:42.986000Z,2024-09-26T16:56:20.446255Z,802.0,C1BTHULB,2132,White,Technical/community college,52,Female,White,United States,United States,United States,English,No,Part-Time
184,189,4bkmziv8,,0,12,12,Exp2_Section_4,EndSurvey,2024-09-26 16:43:07.339438,1,,,0.0,,,,,,,,,,,,,,519akakd,,,,,0,Experiment_2_Skewness_Preference,https://app.prolific.com/submissions/complete?cc=C1BTHULB,0.0,1.0,189,,0.0,61149e53e2c2602cec8838ad,1,1,189,,0.0,A,B,B,C,B,B,C,A,C,A,ABBCBBCACA,0.4,0.0,0.0,1,1,189,,0.0,noisy,explanation,Choice A,Pass,black,15.0,2.0,2.0,Fail Box,1,1,189,,0.0,0,1,1,0,0,0,0,0,0,"Health, science",,1,1,,,,,,,,,,,,,,,,,,,,,,,,,,,,,,,,,,,,,,,,,,,,,,,,,,,,,,,,,,,,,,,,,,,,,,,,,,,,,,,,,,,,,,,,,,,,,,,,,66f58f0c1eba5c0fa70efb47,61149e53e2c2602cec8838ad,APPROVED,Not Applicable,2024-09-26T16:43:02.100000Z,2024-09-26T16:49:31.588000Z,2024-09-26T16:51:27.363000Z,2024-09-26T16:51:42.775755Z,390.0,C1BTHULB,10,White,Undergraduate degree (BA/BSc/other),25,Female,White,United States,United States,United States,English,No,"Not in paid work (e.g. homemaker', 'retired or disabled)"
186,191,l730fsun,,0,12,12,Exp2_Section_4,EndSurvey,2024-09-26 16:43:20.984045,1,,,0.0,,,,,,,,,,,,,,519akakd,,,,,0,Experiment_2_Skewness_Preference,https://app.prolific.com/submissions/complete?cc=C1BTHULB,0.0,1.0,191,,0.0,63655d5226651ebb9318f938,1,1,191,,0.0,A,A,B,B,B,B,D,C,C,A,AABBBBDCCA,0.8,1.0,2.061,1,1,191,,0.0,noisy,explanation,Choice A,Pass,black,70.0,5.0,5.0,Pass Box,1,1,191,,0.0,0,0,1,0,1,0,0,0,0,finance,no comments,1,1,,,,,,,,,,,,,,,,,,,,,,,,,,,,,,,,,,,,,,,,,,,,,,,,,,,,,,,,,,,,,,,,,,,,,,,,,,,,,,,,,,,,,,,,,,,,,,,,,66f58f16aac43cfd8840a88b,63655d5226651ebb9318f938,APPROVED,Not Applicable,2024-09-26T16:43:11.492000Z,2024-09-26T17:22:19.334000Z,2024-09-26T17:23:31.132000Z,2024-09-26T17:22:20.061660Z,2348.0,C1BTHULB,985,Middle Eastern,Graduate degree (MA/MSc/MPhil/other),38,Male,Asian,Canada,United States,United States,English,DATA_EXPIRED,Full-Time
187,192,jmyyijib,,0,12,12,Exp2_Section_4,EndSurvey,2024-09-26 16:43:23.490187,1,,,0.0,,,,,,,,,,,,,,519akakd,,,,,0,Experiment_2_Skewness_Preference,https://app.prolific.com/submissions/complete?cc=C1BTHULB,0.0,1.0,192,,0.0,60ff27e7e1030af99a1ecc26,1,1,192,,0.0,B,C,A,C,D,B,C,B,B,D,BCACDBCBBD,0.1,0.0,0.0,1,1,192,,0.0,noisy,explanation,Choice A,Fail,red,25.0,1.0,5.0,Fail Box,1,1,192,,0.0,0,0,1,0,0,0,0,0,0,communications and telecommunications,,1,1,,,,,,,,,,,,,,,,,,,,,,,,,,,,,,,,,,,,,,,,,,,,,,,,,,,,,,,,,,,,,,,,,,,,,,,,,,,,,,,,,,,,,,,,,,,,,,,,,66f58f1f346fa04b8fe1625d,60ff27e7e1030af99a1ecc26,APPROVED,Not Applicable,2024-09-26T16:43:18.607000Z,2024-09-26T16:49:57.585000Z,2024-09-26T16:57:18.952000Z,2024-09-26T16:52:03.929122Z,399.0,C1BTHULB,1028,White,Undergraduate degree (BA/BSc/other),25,Male,White,United States,United States,United States,English,No,Full-Time
188,193,5xzuvvbj,,0,12,12,Exp2_Section_4,EndSurvey,2024-09-26 16:43:35.989459,1,,,0.0,,,,,,,,,,,,,,519akakd,,,,,0,Experiment_2_Skewness_Preference,https://app.prolific.com/submissions/complete?cc=C1BTHULB,0.0,1.0,193,,0.0,65fc3bb9a487f2029dba34fd,1,1,193,,0.0,B,C,C,B,C,B,B,C,C,C,BCCBCBBCCC,0.5,0.0,0.0,1,1,193,,0.0,noisy,explanation,Choice A,Fail,red,60.0,5.0,6.0,Pass Box,1,1,193,,0.0,0,0,1,0,0,0,0,0,0,"ART AND COMMUNICATION ,GRAPHIC DESIGN INDUSTRY ",INTERESTING,1,1,,,,,,,,,,,,,,,,,,,,,,,,,,,,,,,,,,,,,,,,,,,,,,,,,,,,,,,,,,,,,,,,,,,,,,,,,,,,,,,,,,,,,,,,,,,,,,,,,66f58f21e7ff4b8326d2a512,65fc3bb9a487f2029dba34fd,APPROVED,Not Applicable,2024-09-26T16:43:27.686000Z,2024-09-26T17:01:26.293000Z,2024-09-26T17:02:24.117000Z,2024-09-26T17:02:39.035938Z,1079.0,C1BTHULB,324,Black/African American,Graduate degree (MA/MSc/MPhil/other),36,Male,Black,Ghana,United States,United States,English,No,Full-Time
189,194,rlxoxd98,,0,12,12,Exp2_Section_4,EndSurvey,2024-09-26 16:43:44.668795,1,,,0.0,,,,,,,,,,,,,,519akakd,,,,,0,Experiment_2_Skewness_Preference,https://app.prolific.com/submissions/complete?cc=C1BTHULB,0.0,1.0,194,,0.0,5ee00ba7431cdf357dca02ab,1,1,194,,0.0,D,A,D,C,B,B,D,B,B,C,DADCBBDBBC,0.4,0.0,0.0,1,1,194,,0.0,noisy,explanation,Choice A,Pass,black,20.0,3.0,3.0,Pass Box,1,1,194,,0.0,0,0,1,0,0,0,0,0,0,history,hard,1,1,,,,,,,,,,,,,,,,,,,,,,,,,,,,,,,,,,,,,,,,,,,,,,,,,,,,,,,,,,,,,,,,,,,,,,,,,,,,,,,,,,,,,,,,,,,,,,,,,66f58f36a0e7fb774e02260e,5ee00ba7431cdf357dca02ab,APPROVED,Not Applicable,2024-09-26T16:43:41.712000Z,2024-09-26T16:52:37.735000Z,2024-09-26T16:57:13.684000Z,2024-09-26T16:53:41.828860Z,537.0,C1BTHULB,4927,White,Undergraduate degree (BA/BSc/other),49,Male,White,United States,United States,United States,English,No,Full-Time
190,195,y6v5h4ut,,0,12,12,Exp2_Section_4,EndSurvey,2024-09-26 16:44:13.708635,1,,,0.0,,,,,,,,,,,,,,519akakd,,,,,0,Experiment_2_Skewness_Preference,https://app.prolific.com/submissions/complete?cc=C1BTHULB,0.0,1.0,195,,0.0,66816e03932eb7cb591a933b,1,1,195,,0.0,A,A,C,C,D,B,C,A,A,B,AACCDBCAAB,0.5,0.0,0.0,1,1,195,,0.0,noisy,explanation,Choice B,Pass,red,43.0,5.0,1.0,Pass Box,1,1,195,,0.0,0,0,1,0,0,0,0,0,0,Early childhood education and business,"Had fun! I enjoy math, even if I haven’t done it in a long time.",1,1,,,,,,,,,,,,,,,,,,,,,,,,,,,,,,,,,,,,,,,,,,,,,,,,,,,,,,,,,,,,,,,,,,,,,,,,,,,,,,,,,,,,,,,,,,,,,,,,,66f58f50b60a3a9ce6064918,66816e03932eb7cb591a933b,APPROVED,Not Applicable,2024-09-26T16:44:11.580000Z,2024-09-26T16:51:16.196000Z,2024-09-26T17:55:31.254000Z,2024-09-26T16:52:58.888321Z,425.0,C1BTHULB,287,Latino/Hispanic,Technical/community college,33,Female,Mixed,United States,United States,United States,English,No,Full-Time
191,196,yp7va943,,0,12,12,Exp2_Section_4,EndSurvey,2024-09-26 16:44:14.434415,1,,,0.0,,,,,,,,,,,,,,519akakd,,,,,0,Experiment_2_Skewness_Preference,https://app.prolific.com/submissions/complete?cc=C1BTHULB,0.0,1.0,196,,0.0,65f4e1f8008a169d7ecde720,1,1,196,,0.0,A,B,A,B,D,B,C,B,B,A,ABABDBCBBA,0.3,0.0,0.0,1,1,196,,0.0,noisy,explanation,Choice A,Pass,black,25.0,2.0,3.0,Pass Box,1,1,196,,0.0,0,0,0,1,0,0,0,0,0," Growing up, l studied typical subjects like English, math, science, history, etc. I also took subjects like accounting and music appreciation in high school.","Everything in this study worked well. I am somewhat tired so I don't think I did well on the math questions, but I shouldn't make excuses for my performance.",1,1,,,,,,,,,,,,,,,,,,,,,,,,,,,,,,,,,,,,,,,,,,,,,,,,,,,,,,,,,,,,,,,,,,,,,,,,,,,,,,,,,,,,,,,,,,,,,,,,,66f58f41c14ac6ef18b8a5f2,65f4e1f8008a169d7ecde720,APPROVED,Not Applicable,2024-09-26T16:44:09.764000Z,2024-09-26T17:00:34.745000Z,2024-09-26T17:02:11.441000Z,2024-09-26T17:02:15.220836Z,985.0,C1BTHULB,217,White,High school diploma/A-levels,22,Male,White,United States,United States,United States,English,DATA_EXPIRED,DATA_EXPIRED
192,197,k47bh7g2,,0,12,12,Exp2_Section_4,EndSurvey,2024-09-26 16:44:20.818068,1,,,0.0,,,,,,,,,,,,,,519akakd,,,,,0,Experiment_2_Skewness_Preference,https://app.prolific.com/submissions/complete?cc=C1BTHULB,0.0,1.0,197,,0.0,664423f62228d52a75ce239c,1,1,197,,0.0,A,A,B,C,B,C,B,A,A,B,AABCBCBAAB,0.4,0.0,0.0,1,1,197,,0.0,noisy,explanation,Choice A,Pass,red,20.0,2.0,2.0,Fail Box,1,1,197,,0.0,0,0,1,0,0,0,0,0,0,music and criminal justice ,it sucked because I hate math,1,1,,,,,,,,,,,,,,,,,,,,,,,,,,,,,,,,,,,,,,,,,,,,,,,,,,,,,,,,,,,,,,,,,,,,,,,,,,,,,,,,,,,,,,,,,,,,,,,,,66f58dd27b0657387fd24358,664423f62228d52a75ce239c,APPROVED,Not Applicable,2024-09-26T16:44:17.045000Z,2024-09-26T16:55:20.130000Z,2024-09-26T16:56:37.084000Z,2024-09-26T16:55:21.473078Z,664.0,C1BTHULB,363,Latino/Hispanic,Technical/community college,35,Female,Mixed,United States,United States,United States,English,No,Part-Time
193,198,f2q9re98,,0,12,12,Exp2_Section_4,EndSurvey,2024-09-26 16:44:47.433476,1,,,0.0,,,,,,,,,,,,,,519akakd,,,,,0,Experiment_2_Skewness_Preference,https://app.prolific.com/submissions/complete?cc=C1BTHULB,0.0,1.0,198,,0.0,6554e277eae44db0a5eb3527,1,1,198,,0.0,D,A,B,,,,,,,,DAB_______,0.1,0.0,0.0,1,1,198,,0.0,noisy,explanation,Choice A,Fail,red,15.0,2.0,2.0,Fail Box,1,1,198,,0.0,1,0,1,1,0,0,0,0,0,Science,A time remaining timer for the math sections might be nice. Or a calculator on the page because I was worried to alt-tab to use windows calcuator due to page mentioning that leaving page wasn't allowed.,1,1,,,,,,,,,,,,,,,,,,,,,,,,,,,,,,,,,,,,,,,,,,,,,,,,,,,,,,,,,,,,,,,,,,,,,,,,,,,,,,,,,,,,,,,,,,,,,,,,,66f58f701d1c7ece47dd8d89,6554e277eae44db0a5eb3527,APPROVED,Not Applicable,2024-09-26T16:44:42.681000Z,2024-09-26T17:00:03.824000Z,2024-09-26T17:02:04.460000Z,2024-09-26T17:01:50.092239Z,922.0,C1BTHULB,15,White,Undergraduate degree (BA/BSc/other),25,Male,White,United States,United States,United States,English,No,Unemployed (and job seeking)
194,199,quns49h1,,0,12,12,Exp2_Section_4,EndSurvey,2024-09-26 16:45:03.903993,1,,,0.0,,,,,,,,,,,,,,519akakd,,,,,0,Experiment_2_Skewness_Preference,https://app.prolific.com/submissions/complete?cc=C1BTHULB,0.0,1.0,199,,0.0,5e04f438afb8b0f5afa75f08,1,1,199,,0.0,D,A,C,A,B,,D,C,C,A,DACAB_DCCA,0.6,0.0,0.0,1,1,199,,0.0,noisy,explanation,Choice A,Pass,red,90.0,6.0,6.0,Fail Box,1,1,199,,0.0,0,0,1,0,0,0,0,0,0,"Chemistry/biology, currently work in healthcare",Fun! I haven't been challenged by math problems since undergrad.,1,1,,,,,,,,,,,,,,,,,,,,,,,,,,,,,,,,,,,,,,,,,,,,,,,,,,,,,,,,,,,,,,,,,,,,,,,,,,,,,,,,,,,,,,,,,,,,,,,,,66f58f862c1dbe09b7f59e5a,5e04f438afb8b0f5afa75f08,APPROVED,Not Applicable,2024-09-26T16:44:59.181000Z,2024-09-26T16:55:35.990000Z,2024-09-26T16:57:02.394000Z,2024-09-26T16:55:37.770146Z,637.0,C1BTHULB,3271,White,Doctorate degree (PhD/other),39,Male,White,United States,United States,United States,English,No,Full-Time
195,200,u9iwp87y,,0,12,12,Exp2_Section_4,EndSurvey,2024-09-26 16:45:43.066644,1,,,0.0,,,,,,,,,,,,,,519akakd,,,,,0,Experiment_2_Skewness_Preference,https://app.prolific.com/submissions/complete?cc=C1BTHULB,0.0,1.0,200,,0.0,66550db52021ca4ab715cf22,1,1,200,,0.0,A,A,A,B,B,C,C,D,D,D,AAABBCCDDD,0.4,0.0,0.0,1,1,200,,0.0,noisy,explanation,Choice B,Pass,red,51.0,4.0,3.0,Pass Box,1,1,200,,0.0,0,1,0,0,0,0,0,0,0,college prep. biosci premed medicine,Didn't realize there were so many problems to solve. Was enjoying it until I saw time counting down too quickly,1,1,,,,,,,,,,,,,,,,,,,,,,,,,,,,,,,,,,,,,,,,,,,,,,,,,,,,,,,,,,,,,,,,,,,,,,,,,,,,,,,,,,,,,,,,,,,,,,,,,66f58fa8c14ac6ef18b8a604,66550db52021ca4ab715cf22,APPROVED,Not Applicable,2024-09-26T16:45:39.378000Z,2024-09-26T16:56:58.598000Z,2024-09-26T16:57:01.288000Z,2024-09-26T16:56:59.577656Z,680.0,C1BTHULB,524,White,Doctorate degree (PhD/other),73,Male,White,United States,United States,United States,English,No,Part-Time
196,201,hrsp64ow,,0,12,12,Exp2_Section_4,EndSurvey,2024-09-26 16:45:47.103138,1,,,0.0,,,,,,,,,,,,,,519akakd,,,,,0,Experiment_2_Skewness_Preference,https://app.prolific.com/submissions/complete?cc=C1BTHULB,0.0,1.0,201,,0.0,63d5aafaa65a001c36a652b2,1,1,201,,0.0,B,C,A,B,C,B,C,B,A,B,BCABCBCBAB,0.3,0.0,0.0,1,1,201,,0.0,noisy,explanation,Choice A,Fail,red,20.0,3.0,5.0,Fail Box,1,1,201,,0.0,0,0,1,0,0,0,0,0,0,Computers  Energy/utilities,Questions too hard to figure out off the top of my head,1,1,,,,,,,,,,,,,,,,,,,,,,,,,,,,,,,,,,,,,,,,,,,,,,,,,,,,,,,,,,,,,,,,,,,,,,,,,,,,,,,,,,,,,,,,,,,,,,,,,66f58fa7815ae63a363c273d,63d5aafaa65a001c36a652b2,APPROVED,Not Applicable,2024-09-26T16:45:33.577000Z,2024-09-26T16:51:43.941000Z,2024-09-26T16:57:03.616000Z,2024-09-26T16:53:17.000604Z,371.0,C1BTHULB,2987,White,Undergraduate degree (BA/BSc/other),37,Male,White,United States,United States,United States,English,No,Full-Time
197,202,ocy7fluv,,0,12,12,Exp2_Section_4,EndSurvey,2024-09-26 16:46:11.048721,1,,,0.0,,,,,,,,,,,,,,519akakd,,,,,0,Experiment_2_Skewness_Preference,https://app.prolific.com/submissions/complete?cc=C1BTHULB,0.0,1.0,202,,0.0,66e7b62d206ef807782af7e4,1,1,202,,0.0,D,A,B,D,D,B,A,A,D,A,DABDDBAADA,0.2,0.0,0.0,1,1,202,,0.0,noisy,explanation,Choice B,Pass,red,1.0,2.0,2.0,Fail Box,1,1,202,,0.0,0,1,1,0,0,0,0,0,0,Graphic Design and then Biblical Studies. I'm currently a pastor.,"I suddenly recollected all the times that I've dreaded math class lol. Thus, the whole experience gave me a slight headache.",1,1,,,,,,,,,,,,,,,,,,,,,,,,,,,,,,,,,,,,,,,,,,,,,,,,,,,,,,,,,,,,,,,,,,,,,,,,,,,,,,,,,,,,,,,,,,,,,,,,,66f58fc647aaf545e5251d30,66e7b62d206ef807782af7e4,APPROVED,Not Applicable,2024-09-26T16:46:07.764000Z,2024-09-26T17:00:47.152000Z,2024-09-26T17:02:14.682000Z,2024-09-26T17:02:25.619658Z,880.0,C1BTHULB,10,East Asian,Graduate degree (MA/MSc/MPhil/other),35,Male,Asian,United States,United States,United States,English,No,Full-Time
198,203,5cr5ohlz,,0,12,12,Exp2_Section_4,EndSurvey,2024-09-26 16:46:13.165618,1,,,0.0,,,,,,,,,,,,,,519akakd,,,,,0,Experiment_2_Skewness_Preference,https://app.prolific.com/submissions/complete?cc=C1BTHULB,0.0,1.0,203,,0.0,5dd3eb9a0f8d513d6c589024,1,1,203,,0.0,B,A,B,C,D,D,A,B,C,A,BABCDDABCA,0.2,0.0,0.0,1,1,203,,0.0,noisy,explanation,Choice A,Pass,black,10.0,2.0,2.0,Pass Box,1,1,203,,0.0,0,0,1,0,0,0,0,0,0,Math English Science Language  Printing,The math part was very difficult but the whole experience was very enjoyable!,1,1,,,,,,,,,,,,,,,,,,,,,,,,,,,,,,,,,,,,,,,,,,,,,,,,,,,,,,,,,,,,,,,,,,,,,,,,,,,,,,,,,,,,,,,,,,,,,,,,,66f58fc8fdcbf059f1715558,5dd3eb9a0f8d513d6c589024,APPROVED,Not Applicable,2024-09-26T16:46:09.450000Z,2024-09-26T17:02:51.047000Z,2024-09-26T17:03:03.321000Z,2024-09-26T17:03:20.961967Z,1002.0,C1BTHULB,2567,White,High school diploma/A-levels,71,Male,White,United States,United States,United States,English,No,Part-Time
199,204,k5uekn8n,,0,12,12,Exp2_Section_4,EndSurvey,2024-09-26 16:46:34.216114,1,,,0.0,,,,,,,,,,,,,,519akakd,,,,,0,Experiment_2_Skewness_Preference,https://app.prolific.com/submissions/complete?cc=C1BTHULB,0.0,1.0,204,,0.0,636147ee17c4df2ebf189cf5,1,1,204,,0.0,C,A,C,B,C,C,D,B,C,B,CACBCCDBCB,0.6,5.0,8.712,1,1,204,,0.0,noisy,explanation,Choice A,Pass,black,35.0,4.0,5.0,Pass Box,1,1,204,,0.0,0,0,1,0,0,0,0,0,0,"Politics, International relations",It went fine,1,1,,,,,,,,,,,,,,,,,,,,,,,,,,,,,,,,,,,,,,,,,,,,,,,,,,,,,,,,,,,,,,,,,,,,,,,,,,,,,,,,,,,,,,,,,,,,,,,,,66f58cfa2441fa253d49139b,636147ee17c4df2ebf189cf5,APPROVED,Not Applicable,2024-09-26T16:42:37.152000Z,2024-09-26T16:55:47.557000Z,2024-09-26T16:56:39.787000Z,2024-09-26T16:55:48.309715Z,791.0,C1BTHULB,2105,East Asian,Undergraduate degree (BA/BSc/other),25,Male,Asian,Philippines,United States,United States,English,Yes,Part-Time
200,205,yjiwi4y4,,0,12,12,Exp2_Section_4,EndSurvey,2024-09-26 16:46:44.453442,1,,,0.0,,,,,,,,,,,,,,519akakd,,,,,0,Experiment_2_Skewness_Preference,https://app.prolific.com/submissions/complete?cc=C1BTHULB,0.0,1.0,205,,0.0,6631149a03a3ef85c0338990,1,1,205,,0.0,D,C,B,B,B,B,D,C,,C,DCBBBBDC_C,0.5,0.0,0.0,1,1,205,,0.0,noisy,explanation,Choice A,Pass,red,50.0,4.0,5.0,Fail Box,1,1,205,,0.0,0,1,0,0,0,0,0,0,0,Engineering,Wording of some things were a bit confusing and took multiple reads to understand (such as the ball thing),1,1,,,,,,,,,,,,,,,,,,,,,,,,,,,,,,,,,,,,,,,,,,,,,,,,,,,,,,,,,,,,,,,,,,,,,,,,,,,,,,,,,,,,,,,,,,,,,,,,,66f58fe7035524c3261fd835,6631149a03a3ef85c0338990,APPROVED,Not Applicable,2024-09-26T16:46:39.840000Z,2024-09-26T17:00:41.666000Z,2024-09-26T17:02:13.086000Z,2024-09-26T17:02:21.829957Z,842.0,C1BTHULB,512,White,Undergraduate degree (BA/BSc/other),28,Male,White,United States,United States,United States,English,Yes,Other
201,206,c3k2a015,,0,12,12,Exp2_Section_4,EndSurvey,2024-09-26 16:46:57.901005,1,,,0.0,,,,,,,,,,,,,,519akakd,,,,,0,Experiment_2_Skewness_Preference,https://app.prolific.com/submissions/complete?cc=C1BTHULB,0.0,1.0,206,,0.0,55678ac4fdf99b02081d82c2,1,1,206,,0.0,D,A,B,C,C,A,D,C,B,B,DABCCADCBB,0.4,0.0,0.0,1,1,206,,0.0,noisy,explanation,Choice A,Fail,red,40.0,5.0,5.0,Not Sure,1,1,206,,0.0,0,1,1,0,1,0,0,0,0,"General K-12 curriculum, Chemistry, Biology, Computer Science, Statistics    Worked in: Education, Finance, Logistics",I knew algebra would come haunt me again! I felt jumpscared by the sudden algebra questions that I haven't thought about or used in a long time.,1,1,,,,,,,,,,,,,,,,,,,,,,,,,,,,,,,,,,,,,,,,,,,,,,,,,,,,,,,,,,,,,,,,,,,,,,,,,,,,,,,,,,,,,,,,,,,,,,,,,66f58ff81a35b7cbe10b5e44,55678ac4fdf99b02081d82c2,APPROVED,Not Applicable,2024-09-26T16:46:54.307000Z,2024-09-26T16:59:36.830000Z,2024-09-26T17:02:30.644000Z,2024-09-26T17:01:35.339996Z,763.0,C1BTHULB,1887,White,Undergraduate degree (BA/BSc/other),29,Male,White,United States,United States,United States,English,No,Full-Time
202,207,dhje0qq9,,0,12,12,Exp2_Section_4,EndSurvey,2024-09-26 16:47:02.487001,1,,,0.0,,,,,,,,,,,,,,519akakd,,,,,0,Experiment_2_Skewness_Preference,https://app.prolific.com/submissions/complete?cc=C1BTHULB,0.0,1.0,207,,0.0,6577fb64d29f73c7b3a13539,1,1,207,,0.0,B,C,B,B,D,D,C,B,A,B,BCBBDDCBAB,0.2,0.0,0.0,1,1,207,,0.0,noisy,explanation,Choice A,Fail,red,30.0,3.0,5.0,Fail Box,1,1,207,,0.0,0,0,1,0,0,0,0,0,0,"math, grammar, science, restaurant industry",,1,1,,,,,,,,,,,,,,,,,,,,,,,,,,,,,,,,,,,,,,,,,,,,,,,,,,,,,,,,,,,,,,,,,,,,,,,,,,,,,,,,,,,,,,,,,,,,,,,,,66f58fefff439ae3df8ce360,6577fb64d29f73c7b3a13539,APPROVED,Not Applicable,2024-09-26T16:46:58.717000Z,2024-09-26T16:50:19.560000Z,2024-10-09T19:16:58.476000Z,2024-09-26T16:52:29.923398Z,201.0,C1BTHULB,911,White,High school diploma/A-levels,27,Male,White,United States,United States,United States,English,DATA_EXPIRED,Unemployed (and job seeking)
203,208,hq14z5fb,,0,12,12,Exp2_Section_4,EndSurvey,2024-09-26 16:47:02.647848,1,,,0.0,,,,,,,,,,,,,,519akakd,,,,,0,Experiment_2_Skewness_Preference,https://app.prolific.com/submissions/complete?cc=C1BTHULB,0.0,1.0,208,,0.0,661ecd8cc417f5af7913161c,1,1,208,,0.0,,A,,,B,B,,C,,B,_A__BB_C_B,0.5,0.0,0.0,1,1,208,,0.0,noisy,explanation,Choice A,Pass,red,10.0,3.0,3.0,Fail Box,1,1,208,,0.0,0,0,1,0,0,0,0,0,0,Computer Science  Continuing Education,I don't do well on short timed tests as a rule.  The timer flusters me and makes it nearly impossible for me to focus on the questions.,1,1,,,,,,,,,,,,,,,,,,,,,,,,,,,,,,,,,,,,,,,,,,,,,,,,,,,,,,,,,,,,,,,,,,,,,,,,,,,,,,,,,,,,,,,,,,,,,,,,,66f58ff65fb7b601a9be7c7d,661ecd8cc417f5af7913161c,APPROVED,Not Applicable,2024-09-26T16:46:59.375000Z,2024-09-26T17:04:09.108000Z,2024-09-26T17:04:09.965000Z,2024-09-26T17:04:09.835246Z,1030.0,C1BTHULB,521,White,Technical/community college,50,Male,White,Germany,United States,United States,English,No,Due to start a new job within the next month
206,211,669u9d2n,,0,12,12,Exp2_Section_4,EndSurvey,2024-09-26 16:47:38.341347,1,,,0.0,,,,,,,,,,,,,,519akakd,,,,,0,Experiment_2_Skewness_Preference,https://app.prolific.com/submissions/complete?cc=C1BTHULB,0.0,1.0,211,,0.0,667db8476ed0a49a24579e01,1,1,211,,0.0,A,A,D,B,B,B,D,C,C,B,AADBBBDCCB,0.9,0.0,0.0,1,1,211,,0.0,noisy,explanation,Choice A,Pass,red,25.0,3.0,4.0,Fail Box,1,1,211,,0.0,0,0,1,0,1,0,0,0,0,"The main subject is Data science, industries worked in Data Scientist.",I haven't done math for a long time. ,1,1,,,,,,,,,,,,,,,,,,,,,,,,,,,,,,,,,,,,,,,,,,,,,,,,,,,,,,,,,,,,,,,,,,,,,,,,,,,,,,,,,,,,,,,,,,,,,,,,,66f590243b9ca38e733b0535,667db8476ed0a49a24579e01,APPROVED,Not Applicable,2024-09-26T16:47:36.476000Z,2024-09-26T17:00:23.201000Z,2024-09-26T17:02:08.811000Z,2024-09-26T17:02:07.137437Z,767.0,C1BTHULB,194,East Asian,Undergraduate degree (BA/BSc/other),23,Male,Asian,China,United States,United States,Chinese,No,Part-Time
207,212,58rp9vqq,,0,12,12,Exp2_Section_4,EndSurvey,2024-09-26 16:47:40.204351,1,,,0.0,,,,,,,,,,,,,,519akakd,,,,,0,Experiment_2_Skewness_Preference,https://app.prolific.com/submissions/complete?cc=C1BTHULB,0.0,1.0,212,,0.0,616da8d2898bf561b8c61a05,1,1,212,,0.0,B,A,A,C,C,A,C,C,C,B,BAACCACCCB,0.4,1.0,12.349,1,1,212,,0.0,noisy,explanation,Choice B,Pass,red,25.0,4.0,4.0,Pass Box,1,1,212,,0.0,0,0,1,0,0,0,0,0,0,"Math, Business  Banking and Accounting",I enjoyed the brain workout,1,1,,,,,,,,,,,,,,,,,,,,,,,,,,,,,,,,,,,,,,,,,,,,,,,,,,,,,,,,,,,,,,,,,,,,,,,,,,,,,,,,,,,,,,,,,,,,,,,,,66f590240413d554442487d7,616da8d2898bf561b8c61a05,APPROVED,Not Applicable,2024-09-26T16:47:37.781000Z,2024-09-26T16:56:04.685000Z,2024-09-26T16:56:47.657000Z,2024-09-26T16:56:05.525596Z,507.0,C1BTHULB,1016,Latino/Hispanic,Graduate degree (MA/MSc/MPhil/other),30,Male,White,United States,United States,Puerto Rico,English,No,Full-Time
208,213,tc8k7yum,,0,12,12,Exp2_Section_4,EndSurvey,2024-09-26 16:47:40.627947,1,,,0.0,,,,,,,,,,,,,,519akakd,,,,,0,Experiment_2_Skewness_Preference,https://app.prolific.com/submissions/complete?cc=C1BTHULB,0.0,1.0,213,,0.0,662a7bad22f9c62510da0348,1,1,213,,0.0,A,B,A,C,C,C,C,A,A,C,ABACCCCAAC,0.1,1.0,17.174,1,1,213,,0.0,noisy,explanation,Choice A,Fail,red,15.0,4.0,3.0,Fail Box,1,1,213,,0.0,0,0,1,0,0,0,0,0,0,"Art and English, Healthcare","Math is hard for me, been 35 years since I've taken a math class, don't anticipate doing well",1,1,,,,,,,,,,,,,,,,,,,,,,,,,,,,,,,,,,,,,,,,,,,,,,,,,,,,,,,,,,,,,,,,,,,,,,,,,,,,,,,,,,,,,,,,,,,,,,,,,66f590223a3ef5afed1125ac,662a7bad22f9c62510da0348,APPROVED,Not Applicable,2024-09-26T16:47:37.487000Z,2024-09-26T16:54:37.416000Z,2024-09-26T17:55:23.038000Z,2024-09-26T16:54:38.398024Z,420.0,C1BTHULB,461,White,High school diploma/A-levels,54,Male,White,United States,United States,United States,English,No,Full-Time
209,214,u485vivm,,0,12,12,Exp2_Section_4,EndSurvey,2024-09-26 16:47:41.539441,1,,,0.0,,,,,,,,,,,,,,519akakd,,,,,0,Experiment_2_Skewness_Preference,https://app.prolific.com/submissions/complete?cc=C1BTHULB,0.0,1.0,214,,0.0,664252d4a599b06b914bfcd8,1,1,214,,0.0,B,C,B,B,C,C,B,A,B,B,BCBBCCBABB,0.2,0.0,0.0,1,1,214,,0.0,noisy,explanation,Choice A,Fail,red,10.0,3.0,10.0,Fail Box,1,1,214,,0.0,0,0,1,0,1,0,0,0,0,"gen studies, and I was a mechanic in the army so some math",I have no idea how the math went ,1,1,,,,,,,,,,,,,,,,,,,,,,,,,,,,,,,,,,,,,,,,,,,,,,,,,,,,,,,,,,,,,,,,,,,,,,,,,,,,,,,,,,,,,,,,,,,,,,,,,66f590211a35b7cbe10b5e4c,664252d4a599b06b914bfcd8,APPROVED,Not Applicable,2024-09-26T16:47:38.016000Z,2024-09-26T16:57:26.437000Z,2024-09-26T16:57:27.337000Z,2024-09-26T16:57:27.222730Z,589.0,C1BTHULB,251,White Sephardic Jew,High school diploma/A-levels,42,Male,White,United States,United States,United States,English,No,Other
210,215,77617es5,,0,12,12,Exp2_Section_4,EndSurvey,2024-09-26 16:47:50.314250,1,,,0.0,,,,,,,,,,,,,,519akakd,,,,,0,Experiment_2_Skewness_Preference,https://app.prolific.com/submissions/complete?cc=C1BTHULB,0.0,1.0,215,,0.0,5ef3832ddd7d5a0f19b24f20,1,1,215,,0.0,B,C,B,C,A,C,D,A,B,C,BCBCACDABC,0.1,0.0,0.0,1,1,215,,0.0,noisy,explanation,Choice B,Fail,black,40.0,2.0,5.0,Fail Box,1,1,215,,0.0,1,0,1,0,0,0,0,1,0,"science, research, pharmacy","it was interesting, thank you",1,1,,,,,,,,,,,,,,,,,,,,,,,,,,,,,,,,,,,,,,,,,,,,,,,,,,,,,,,,,,,,,,,,,,,,,,,,,,,,,,,,,,,,,,,,,,,,,,,,,66f58fa177c87200b0f847e4,5ef3832ddd7d5a0f19b24f20,APPROVED,Not Applicable,2024-09-26T16:47:47.298000Z,2024-09-26T16:58:01.633000Z,2024-09-26T16:58:05.689000Z,2024-09-26T16:58:02.398610Z,615.0,C1BTHULB,4283,White,Doctorate degree (PhD/other),37,Male,White,Chile,United States,United States,Spanish,Yes,Full-Time
211,216,e5t0d0qe,,0,12,12,Exp2_Section_4,EndSurvey,2024-09-26 16:47:54.795074,1,,,0.0,,,,,,,,,,,,,,519akakd,,,,,0,Experiment_2_Skewness_Preference,https://app.prolific.com/submissions/complete?cc=C1BTHULB,0.0,1.0,216,,0.0,6616eff822e8996e023e5b74,1,1,216,,0.0,B,A,C,C,D,C,C,B,B,A,BACCDCCBBA,0.2,0.0,0.0,1,1,216,,0.0,noisy,explanation,Choice B,Pass,red,50.0,3.0,2.0,Pass Box,1,1,216,,0.0,0,0,1,1,0,0,0,0,0,"i studied general studies, i also took 2 years of welding and 3 years of electricity.",it was difficult because I haven't been in school for over 10 years.,1,1,,,,,,,,,,,,,,,,,,,,,,,,,,,,,,,,,,,,,,,,,,,,,,,,,,,,,,,,,,,,,,,,,,,,,,,,,,,,,,,,,,,,,,,,,,,,,,,,,66f590171db758b41fa9cd8d,6616eff822e8996e023e5b74,APPROVED,Not Applicable,2024-09-26T16:47:50.005000Z,2024-09-26T16:57:18.143000Z,2024-09-26T16:57:24.056000Z,2024-09-26T16:57:18.871578Z,569.0,C1BTHULB,341,White,High school diploma/A-levels,30,Male,White,United States,United States,United States,English,No,Full-Time
212,217,73h4gwzi,,0,12,12,Exp2_Section_4,EndSurvey,2024-09-26 16:48:02.914314,1,,,0.0,,,,,,,,,,,,,,519akakd,,,,,0,Experiment_2_Skewness_Preference,https://app.prolific.com/submissions/complete?cc=C1BTHULB,0.0,1.0,217,,0.0,663bc31529719b8501c52820,1,1,217,,0.0,D,A,A,B,B,B,D,B,B,B,DAABBBDBBB,0.6,0.0,0.0,1,1,217,,0.0,noisy,explanation,Choice A,Pass,black,85.0,7.0,6.0,Pass Box,1,1,217,,0.0,0,0,1,0,0,0,0,0,0,"I studied music, math, history, and English. I have worked in the retail industry, agriculture industry, and consulting industry.",The math questions were tough! But all the information presented was clear and easy to understand.,1,1,,,,,,,,,,,,,,,,,,,,,,,,,,,,,,,,,,,,,,,,,,,,,,,,,,,,,,,,,,,,,,,,,,,,,,,,,,,,,,,,,,,,,,,,,,,,,,,,,66f58fe43e9069c206dd54c2,663bc31529719b8501c52820,APPROVED,Not Applicable,2024-09-26T16:47:56.067000Z,2024-09-26T17:02:26.375000Z,2024-09-26T17:02:47.365000Z,2024-09-26T17:03:13.337955Z,871.0,C1BTHULB,620,White,Graduate degree (MA/MSc/MPhil/other),31,Male,White,United States,United States,United States,English,No,Full-Time
213,218,sgzidkmw,,0,12,12,Exp2_Section_4,EndSurvey,2024-09-26 16:48:20.758879,1,,,0.0,,,,,,,,,,,,,,519akakd,,,,,0,Experiment_2_Skewness_Preference,https://app.prolific.com/submissions/complete?cc=C1BTHULB,0.0,1.0,218,,0.0,6148ea50509c9ce6c1f023c0,1,1,218,,0.0,B,C,D,A,B,D,C,A,B,C,BCDABDCABC,0.1,0.0,0.0,1,1,218,,0.0,noisy,explanation,Choice A,Fail,red,70.0,6.0,6.0,Pass Box,1,1,218,,0.0,0,0,1,0,0,0,0,0,0,"Political Science, Commercial Real Estate",Great experience,1,1,,,,,,,,,,,,,,,,,,,,,,,,,,,,,,,,,,,,,,,,,,,,,,,,,,,,,,,,,,,,,,,,,,,,,,,,,,,,,,,,,,,,,,,,,,,,,,,,,66f5904a8ecfa55a86a9cda3,6148ea50509c9ce6c1f023c0,APPROVED,Not Applicable,2024-09-26T16:48:16.337000Z,2024-09-26T16:52:48.945000Z,2024-10-09T19:16:58.760000Z,2024-09-26T16:53:46.750259Z,273.0,C1BTHULB,1685,White,Undergraduate degree (BA/BSc/other),66,Male,White,United States,United States,United States,English,Yes,Part-Time
214,219,yds5po6g,,0,12,12,Exp2_Section_4,EndSurvey,2024-09-26 16:48:34.054540,1,,,0.0,,,,,,,,,,,,,,519akakd,,,,,0,Experiment_2_Skewness_Preference,https://app.prolific.com/submissions/complete?cc=C1BTHULB,0.0,1.0,219,,0.0,5cfe3ec7591d170019447590,1,1,219,,0.0,B,D,A,C,B,D,C,A,C,A,BDACBDCACA,0.2,0.0,0.0,1,1,219,,0.0,noisy,explanation,Choice A,Fail,red,42.0,2.0,4.0,Fail Box,1,1,219,,0.0,0,0,1,0,0,0,0,0,0,"English, Math, and history.",,1,1,,,,,,,,,,,,,,,,,,,,,,,,,,,,,,,,,,,,,,,,,,,,,,,,,,,,,,,,,,,,,,,,,,,,,,,,,,,,,,,,,,,,,,,,,,,,,,,,,66f5903a4c35d6ca4d567d1b,5cfe3ec7591d170019447590,APPROVED,Not Applicable,2024-09-26T16:48:27.682000Z,2024-09-26T17:03:44.107000Z,2024-09-26T17:03:47.092000Z,2024-09-26T17:03:45.848339Z,917.0,C1BTHULB,223,Mixed,High school diploma/A-levels,38,Male,Mixed,United States,United States,United States,English,No,Unemployed (and job seeking)
215,220,imj8r6fh,,0,12,12,Exp2_Section_4,EndSurvey,2024-09-26 16:48:37.465427,1,,,0.0,,,,,,,,,,,,,,519akakd,,,,,0,Experiment_2_Skewness_Preference,https://app.prolific.com/submissions/complete?cc=C1BTHULB,0.0,1.0,220,,0.0,5b2a7c5e28c8850001e7f0e1,1,1,220,,0.0,D,A,C,B,C,B,A,B,B,C,DACBCBABBC,0.4,0.0,0.0,1,1,220,,0.0,noisy,explanation,Choice B,Pass,red,100.0,3.0,2.0,Pass Box,1,1,220,,0.0,0,0,1,0,0,0,0,0,0,I studied Business administration and now work as a freelancer,,1,1,,,,,,,,,,,,,,,,,,,,,,,,,,,,,,,,,,,,,,,,,,,,,,,,,,,,,,,,,,,,,,,,,,,,,,,,,,,,,,,,,,,,,,,,,,,,,,,,,66f59054b7863a0b6483521d,5b2a7c5e28c8850001e7f0e1,APPROVED,Not Applicable,2024-09-26T16:48:26.842000Z,2024-09-26T17:15:57.375000Z,2024-09-26T17:16:01.803000Z,2024-09-26T17:15:58.540800Z,1651.0,C1BTHULB,889,White,Undergraduate degree (BA/BSc/other),27,Male,White,United States,United States,United States,English,No,Part-Time
216,221,gcnfzb5c,,0,12,12,Exp2_Section_4,EndSurvey,2024-09-26 16:48:37.443321,1,,,0.0,,,,,,,,,,,,,,519akakd,,,,,0,Experiment_2_Skewness_Preference,https://app.prolific.com/submissions/complete?cc=C1BTHULB,0.0,1.0,221,,0.0,64135a1754a2b94d653f9c79,1,1,221,,0.0,B,B,A,D,C,B,C,B,B,B,BBADCBCBBB,0.2,0.0,0.0,1,1,221,,0.0,noisy,explanation,Choice B,Pass,red,4.0,0.0,0.0,Fail Box,1,1,221,,0.0,0,0,1,0,0,0,0,0,0,Art,I was absolutely clueless as I am bad at math on a comical level.,1,1,,,,,,,,,,,,,,,,,,,,,,,,,,,,,,,,,,,,,,,,,,,,,,,,,,,,,,,,,,,,,,,,,,,,,,,,,,,,,,,,,,,,,,,,,,,,,,,,,66f5905cc61754e564bc15b8,64135a1754a2b94d653f9c79,APPROVED,Not Applicable,2024-09-26T16:48:34.401000Z,2024-09-26T16:54:45.069000Z,2024-09-26T16:56:40.214000Z,2024-09-26T16:54:48.687298Z,371.0,C1BTHULB,1166,South East Asian,High school diploma/A-levels,36,Male,Asian,United States,United States,United States,English,No,Part-Time
218,223,7792ux51,,0,12,12,Exp2_Section_4,EndSurvey,2024-09-26 16:48:53.060034,1,,,0.0,,,,,,,,,,,,,,519akakd,,,,,0,Experiment_2_Skewness_Preference,https://app.prolific.com/submissions/complete?cc=C1BTHULB,0.0,1.0,223,,0.0,6077a808b8d8534a901e5d78,1,1,223,,0.0,D,A,C,A,D,B,D,B,A,B,DACADBDBAB,0.5,0.0,0.0,1,1,223,,0.0,noisy,explanation,Choice B,Pass,red,10.0,4.0,4.0,Pass Box,1,1,223,,0.0,0,1,0,0,0,0,0,0,0,Mainly Science subjects. I've mainly worked in retail.,Could be more interesting...study was a bit dull.,1,1,,,,,,,,,,,,,,,,,,,,,,,,,,,,,,,,,,,,,,,,,,,,,,,,,,,,,,,,,,,,,,,,,,,,,,,,,,,,,,,,,,,,,,,,,,,,,,,,,66f5906110976d9c6ab8ae15,6077a808b8d8534a901e5d78,APPROVED,Not Applicable,2024-09-26T16:48:44.367000Z,2024-09-26T17:10:54.508000Z,2024-09-26T17:11:59.354000Z,2024-09-26T17:12:14.916943Z,1331.0,C1BTHULB,2281,African,Undergraduate degree (BA/BSc/other),31,Male,Black,Ethiopia,United States,United States,Amharic,No,Unemployed (and job seeking)
219,224,56tbymyy,,0,12,12,Exp2_Section_4,EndSurvey,2024-09-26 16:50:53.102370,1,,,0.0,,,,,,,,,,,,,,519akakd,,,,,0,Experiment_2_Skewness_Preference,https://app.prolific.com/submissions/complete?cc=C1BTHULB,0.0,1.0,224,,0.0,66765cefaf50558b476e42ad,1,1,224,,0.0,D,C,B,C,C,B,A,D,C,B,DCBCCBADCB,0.3,0.0,0.0,1,1,224,,0.0,noisy,explanation,Choice A,Fail,red,35.0,3.0,4.0,Fail Box,1,1,224,,0.0,0,0,1,0,0,0,0,0,0,I studied basic business math as well as marketing strategies. Also studied culinary arts. ,"The experience was allright. At times it was pretty challanging, but nothing too bad. ",1,1,,,,,,,,,,,,,,,,,,,,,,,,,,,,,,,,,,,,,,,,,,,,,,,,,,,,,,,,,,,,,,,,,,,,,,,,,,,,,,,,,,,,,,,,,,,,,,,,,66f59055020d442c2decd407,66765cefaf50558b476e42ad,APPROVED,Not Applicable,2024-09-26T16:48:55.056000Z,2024-09-26T17:15:45.749000Z,2024-09-26T17:15:46.783000Z,2024-09-26T17:15:46.681757Z,1611.0,C1BTHULB,221,Latino/Hispanic,Undergraduate degree (BA/BSc/other),28,Male,White,United States,United States,United States,English,No,DATA_EXPIRED
220,225,b43hb3ms,,0,12,12,Exp2_Section_4,EndSurvey,2024-09-26 16:51:10.728648,1,,,0.0,,,,,,,,,,,,,,519akakd,,,,,0,Experiment_2_Skewness_Preference,https://app.prolific.com/submissions/complete?cc=C1BTHULB,0.0,1.0,225,,0.0,6316972ef4d8ad8f45a16d7f,1,1,225,,0.0,D,A,B,A,D,B,D,B,B,C,DABADBDBBC,0.3,1.0,31.4,1,1,225,,0.0,noisy,explanation,Choice A,Fail,red,69.0,5.0,4.0,Fail Box,1,1,225,,0.0,0,1,0,0,0,0,0,0,0,Computer Science - electric utility,No feedback ,1,1,,,,,,,,,,,,,,,,,,,,,,,,,,,,,,,,,,,,,,,,,,,,,,,,,,,,,,,,,,,,,,,,,,,,,,,,,,,,,,,,,,,,,,,,,,,,,,,,,66f590f40fc3defea7a7f87a,6316972ef4d8ad8f45a16d7f,APPROVED,Not Applicable,2024-09-26T16:51:06.840000Z,2024-09-26T17:03:53.371000Z,2024-09-26T17:03:54.496000Z,2024-09-26T17:03:54.113889Z,767.0,C1BTHULB,4375,White,Undergraduate degree (BA/BSc/other),45,Male,White,United States,United States,United States,English,No,"Not in paid work (e.g. homemaker', 'retired or disabled)"
221,226,bcue65ay,,0,12,12,Exp2_Section_4,EndSurvey,2024-09-26 16:51:47.007158,1,,,0.0,,,,,,,,,,,,,,519akakd,,,,,0,Experiment_2_Skewness_Preference,https://app.prolific.com/submissions/complete?cc=C1BTHULB,0.0,1.0,226,,0.0,66d88824286f37aa2f0eae20,1,1,226,,0.0,D,C,A,D,B,,A,B,,,DCADB_AB__,0.1,0.0,0.0,1,1,226,,0.0,noisy,explanation,Choice B,Fail,black,60.0,4.0,5.0,Fail Box,1,1,226,,0.0,0,0,1,0,0,0,0,0,0,Graphic Design and Fine Art,,1,1,,,,,,,,,,,,,,,,,,,,,,,,,,,,,,,,,,,,,,,,,,,,,,,,,,,,,,,,,,,,,,,,,,,,,,,,,,,,,,,,,,,,,,,,,,,,,,,,,66f591087b2719b48a75aefa,66d88824286f37aa2f0eae20,APPROVED,Not Applicable,2024-09-26T16:51:41.274000Z,2024-09-26T17:05:24.362000Z,2024-09-26T17:05:27.159000Z,2024-09-26T17:05:27.072522Z,824.0,C1BTHULB,57,White,Undergraduate degree (BA/BSc/other),33,Male,White,United States,United States,United States,English,No,Full-Time
223,228,6q5bbvjv,,0,12,12,Exp2_Section_4,EndSurvey,2024-09-26 17:16:55.631578,1,,,0.0,,,,,,,,,,,,,,519akakd,,,,,0,Experiment_2_Skewness_Preference,https://app.prolific.com/submissions/complete?cc=C1BTHULB,0.0,1.0,228,,0.0,669424e6b661e0a098ec66a4,1,1,228,,0.0,D,C,A,D,C,A,C,A,C,A,DCADCACACA,0.1,1.0,2.879,1,1,228,,0.0,noisy,explanation,Choice A,Fail,red,100.0,2.0,4.0,Fail Box,1,1,228,,0.0,0,0,1,0,1,0,0,0,0,"General studies, Business","It was fun, I know I failed, but it was enjoyable!",1,1,,,,,,,,,,,,,,,,,,,,,,,,,,,,,,,,,,,,,,,,,,,,,,,,,,,,,,,,,,,,,,,,,,,,,,,,,,,,,,,,,,,,,,,,,,,,,,,,,66f5968712f335bb441c79c6,669424e6b661e0a098ec66a4,APPROVED,Not Applicable,2024-09-26T17:16:51.555000Z,2024-09-26T17:32:57.628000Z,2024-09-26T17:33:25.355000Z,2024-09-26T17:32:58.542065Z,967.0,C1BTHULB,215,White,Undergraduate degree (BA/BSc/other),43,Male,White,United States,United States,United States,English,No,Full-Time
224,229,04fcq4ok,,0,12,12,Exp2_Section_4,EndSurvey,2024-09-26 17:28:20.571710,1,,,0.0,,,,,,,,,,,,,,519akakd,,,,,0,Experiment_2_Skewness_Preference,https://app.prolific.com/submissions/complete?cc=C1BTHULB,0.0,1.0,229,,0.0,56a3e69d582971000b7b0f4a,1,1,229,,0.0,B,A,D,C,B,B,D,C,C,A,BADCBBDCCA,0.6,0.0,0.0,1,1,229,,0.0,noisy,explanation,Choice B,Pass,red,70.0,6.0,5.0,Pass Box,1,1,229,,0.0,0,0,1,0,0,0,0,0,0,Math  Engineering  Computer Science,It was fun! definitely different than most studies!,1,1,,,,,,,,,,,,,,,,,,,,,,,,,,,,,,,,,,,,,,,,,,,,,,,,,,,,,,,,,,,,,,,,,,,,,,,,,,,,,,,,,,,,,,,,,,,,,,,,,66f58eed135b3ebaa7eb6908,56a3e69d582971000b7b0f4a,APPROVED,Not Applicable,2024-09-26T16:48:21.642000Z,2024-09-26T17:32:09.094000Z,2024-09-26T17:41:44.342000Z,2024-09-26T17:41:29.388488Z,2628.0,C1BTHULB,3037,White Sephardic Jew,Undergraduate degree (BA/BSc/other),27,Male,White,United States,United States,United States,English,DATA_EXPIRED,Full-Time
225,230,o1n3jvxp,,0,12,12,Exp2_Section_4,EndSurvey,2024-09-26 17:30:41.480565,1,,,0.0,,,,,,,,,,,,,,519akakd,,,,,0,Experiment_2_Skewness_Preference,https://app.prolific.com/submissions/complete?cc=C1BTHULB,0.0,1.0,230,,0.0,5fc803709e587e1295172443,1,1,230,,0.0,C,C,B,C,A,B,A,B,C,A,CCBCABABCA,0.2,0.0,0.0,1,1,230,,0.0,noisy,explanation,Choice B,Fail,black,30.0,3.0,3.0,Fail Box,1,1,230,,0.0,0,0,1,0,0,0,0,0,0,"Math, english, history, economics, accounting, typing, reading",Oh it was frustrating because it was timed.  I was getting ready to do my math work on piece of paper so it was not enough time so I can to try think of the problem and answer on top of my head.  I was a math whiz in algebra but not geometry.,1,1,,,,,,,,,,,,,,,,,,,,,,,,,,,,,,,,,,,,,,,,,,,,,,,,,,,,,,,,,,,,,,,,,,,,,,,,,,,,,,,,,,,,,,,,,,,,,,,,,66f59a30681eb9dbe19ae127,5fc803709e587e1295172443,APPROVED,Not Applicable,2024-09-26T17:30:30.665000Z,2024-09-26T17:42:16.025000Z,2024-10-09T19:17:02.389000Z,2024-09-26T17:42:53.162797Z,706.0,C1BTHULB,4465,White,Undergraduate degree (BA/BSc/other),53,Female,White,United States,United States,United States,English,No,"Not in paid work (e.g. homemaker', 'retired or disabled)"
