participant.id_in_session,participant.code,participant.label,participant._is_bot,participant._index_in_pages,participant._max_page_index,participant._current_app_name,participant._current_page_name,participant.time_started_utc,participant.visited,participant.mturk_worker_id,participant.mturk_assignment_id,participant.payoff,participant.drop,participant.single,participant.page_number,participant.oppo_list,participant.payoffs_list,participant.oppo_payoffs_list,participant.nodes_list,participant.oppo_nodes_list,participant.takes_list,participant.oppo_takes_list,participant.order,participant.finished,participant.prolificID,session.code,session.label,session.mturk_HITId,session.mturk_HITGroupId,session.comment,session.is_demo,session.config.real_world_currency_per_point,session.config.return_url,session.config.participation_fee,session.config.name,Intro.1.player.id_in_group,Intro.1.player.role,Intro.1.player.payoff,Intro.1.player.prolific_id,Intro.1.group.id_in_subsession,Intro.1.subsession.round_number,Section_1.1.player.id_in_group,Section_1.1.player.role,Section_1.1.player.payoff,Section_1.1.player.question1,Section_1.1.player.question2,Section_1.1.player.question3,Section_1.1.player.question4,Section_1.1.player.question5,Section_1.1.player.question6,Section_1.1.player.question7,Section_1.1.player.question8,Section_1.1.player.question9,Section_1.1.player.question10,Section_1.1.player.stem_quiz_1_answers,Section_1.1.player.stem_quiz_1_score,Section_1.1.player.num_tab_switches_in_section_1,Section_1.1.player.total_time_hidden_in_section_1,Section_1.1.group.id_in_subsession,Section_1.1.subsession.round_number,Section_2_3.1.player.id_in_group,Section_2_3.1.player.role,Section_2_3.1.player.payoff,Section_2_3.1.player.track,Section_2_3.1.player.path,Section_2_3.1.player.info_structure,Section_2_3.1.player.performance,Section_2_3.1.player.ball_color,Section_2_3.1.player.overplacement,Section_2_3.1.player.overestimation,Section_2_3.1.player.passing_threshold,Section_2_3.1.player.ball_origin_estimation,Section_2_3.1.group.id_in_subsession,Section_2_3.1.subsession.round_number,Section_4_5.1.player.id_in_group,Section_4_5.1.player.role,Section_4_5.1.player.payoff,Section_4_5.1.player.question1,Section_4_5.1.player.question2,Section_4_5.1.player.question3,Section_4_5.1.player.question4,Section_4_5.1.player.question5,Section_4_5.1.player.question6,Section_4_5.1.player.question7,Section_4_5.1.player.question8,Section_4_5.1.player.question9,Section_4_5.1.player.question10,Section_4_5.1.player.quiz_2_answers,Section_4_5.1.player.quiz_2_score,Section_4_5.1.player.preferred_second_survey,Section_4_5.1.player.parsed_questions,Section_4_5.1.player.num_tab_switches_in_section_5,Section_4_5.1.player.total_time_hidden_in_section_5,Section_4_5.1.player.passing_threshold,Section_4_5.1.group.id_in_subsession,Section_4_5.1.subsession.round_number,Section_6.1.player.id_in_group,Section_6.1.player.role,Section_6.1.player.payoff,Section_6.1.player.question1,Section_6.1.player.question2,Section_6.1.player.question3,Section_6.1.player.question4,Section_6.1.player.question5,Section_6.1.player.question6,Section_6.1.player.question7,Section_6.1.player.question8,Section_6.1.player.question9,Section_6.1.player.question10,Section_6.1.player.question11,Section_6.1.player.risk_tolerance_answers,Section_6.1.group.id_in_subsession,Section_6.1.subsession.round_number,Section_7.1.player.id_in_group,Section_7.1.player.role,Section_7.1.player.payoff,Section_7.1.player.schools_private_independent,Section_7.1.player.schools_private_religious,Section_7.1.player.schools_public_school,Section_7.1.player.schools_homeschool,Section_7.1.player.schools_online_school,Section_7.1.player.schools_charter_school,Section_7.1.player.schools_all_girls_school,Section_7.1.player.schools_all_boys_school,Section_7.1.player.schools_stem_oriented_school,Section_7.1.player.track_decision,Section_7.1.player.subjects,Section_7.1.player.experience,Section_7.1.player.preferred_second_survey,Section_7.1.group.id_in_subsession,Section_7.1.subsession.round_number,Exp2_Intro.1.player.id_in_group,Exp2_Intro.1.player.role,Exp2_Intro.1.player.payoff,Exp2_Intro.1.player.prolific_id,Exp2_Intro.1.group.id_in_subsession,Exp2_Intro.1.subsession.round_number,Exp2_Section_1.1.player.id_in_group,Exp2_Section_1.1.player.role,Exp2_Section_1.1.player.payoff,Exp2_Section_1.1.player.question1,Exp2_Section_1.1.player.question2,Exp2_Section_1.1.player.question3,Exp2_Section_1.1.player.question4,Exp2_Section_1.1.player.question5,Exp2_Section_1.1.player.question6,Exp2_Section_1.1.player.question7,Exp2_Section_1.1.player.question8,Exp2_Section_1.1.player.question9,Exp2_Section_1.1.player.question10,Exp2_Section_1.1.player.stem_quiz_1_answers,Exp2_Section_1.1.player.stem_quiz_1_score,Exp2_Section_1.1.player.num_tab_switches_in_section_1,Exp2_Section_1.1.player.total_time_hidden_in_section_1,Exp2_Section_1.1.group.id_in_subsession,Exp2_Section_1.1.subsession.round_number,Exp2_Section_2_3.1.player.id_in_group,Exp2_Section_2_3.1.player.role,Exp2_Section_2_3.1.player.payoff,Exp2_Section_2_3.1.player.track,Exp2_Section_2_3.1.player.path,Exp2_Section_2_3.1.player.preferred_info_structure,Exp2_Section_2_3.1.player.performance,Exp2_Section_2_3.1.player.ball_color,Exp2_Section_2_3.1.player.overplacement,Exp2_Section_2_3.1.player.overestimation,Exp2_Section_2_3.1.player.passing_threshold,Exp2_Section_2_3.1.player.ball_origin_estimation,Exp2_Section_2_3.1.group.id_in_subsession,Exp2_Section_2_3.1.subsession.round_number,Exp2_Section_4.1.player.id_in_group,Exp2_Section_4.1.player.role,Exp2_Section_4.1.player.payoff,Exp2_Section_4.1.player.schools_private_independent,Exp2_Section_4.1.player.schools_private_religious,Exp2_Section_4.1.player.schools_public_school,Exp2_Section_4.1.player.schools_homeschool,Exp2_Section_4.1.player.schools_online_school,Exp2_Section_4.1.player.schools_charter_school,Exp2_Section_4.1.player.schools_all_girls_school,Exp2_Section_4.1.player.schools_all_boys_school,Exp2_Section_4.1.player.schools_stem_oriented_school,Exp2_Section_4.1.player.subjects,Exp2_Section_4.1.player.experience,Exp2_Section_4.1.group.id_in_subsession,Exp2_Section_4.1.subsession.round_number,pg_discounting3.1.player.id_in_group,pg_discounting3.1.player.role,pg_discounting3.1.player.payoff,pg_discounting3.1.player.ps_token_value,pg_discounting3.1.player.token_value,pg_discounting3.1.player.spending,pg_discounting3.1.player.results_clicked,pg_discounting3.1.player.potential_payoff,pg_discounting3.1.player.moved_in_current_period,pg_discounting3.1.group.id_in_subsession,pg_discounting3.1.group.ps_num_moves_made,pg_discounting3.1.group.ps_num_tokens_spent,pg_discounting3.1.group.num_moves_made,pg_discounting3.1.group.num_tokens_spent,pg_discounting3.1.group.current_period,pg_discounting3.1.group.stopped,pg_discounting3.1.subsession.round_number,pg_discounting3.1.subsession.L,pg_discounting3.1.subsession.K,pg_discounting3.1.subsession.public_goods_value,pg_discounting3.1.subsession.tokens_needed,pg_discounting3.1.subsession.num_paid_rounds,pg_discounting3.1.subsession.stopping_probability,pg_discounting3.1.subsession.period_batch_size,pg_discounting3.1.subsession.final_period,pg_discounting3.1.subsession.paid_period,pg_discounting3.2.player.id_in_group,pg_discounting3.2.player.role,pg_discounting3.2.player.payoff,pg_discounting3.2.player.ps_token_value,pg_discounting3.2.player.token_value,pg_discounting3.2.player.spending,pg_discounting3.2.player.results_clicked,pg_discounting3.2.player.potential_payoff,pg_discounting3.2.player.moved_in_current_period,pg_discounting3.2.group.id_in_subsession,pg_discounting3.2.group.ps_num_moves_made,pg_discounting3.2.group.ps_num_tokens_spent,pg_discounting3.2.group.num_moves_made,pg_discounting3.2.group.num_tokens_spent,pg_discounting3.2.group.current_period,pg_discounting3.2.group.stopped,pg_discounting3.2.subsession.round_number,pg_discounting3.2.subsession.L,pg_discounting3.2.subsession.K,pg_discounting3.2.subsession.public_goods_value,pg_discounting3.2.subsession.tokens_needed,pg_discounting3.2.subsession.num_paid_rounds,pg_discounting3.2.subsession.stopping_probability,pg_discounting3.2.subsession.period_batch_size,pg_discounting3.2.subsession.final_period,pg_discounting3.2.subsession.paid_period,pg_discounting3.3.player.id_in_group,pg_discounting3.3.player.role,pg_discounting3.3.player.payoff,pg_discounting3.3.player.ps_token_value,pg_discounting3.3.player.token_value,pg_discounting3.3.player.spending,pg_discounting3.3.player.results_clicked,pg_discounting3.3.player.potential_payoff,pg_discounting3.3.player.moved_in_current_period,pg_discounting3.3.group.id_in_subsession,pg_discounting3.3.group.ps_num_moves_made,pg_discounting3.3.group.ps_num_tokens_spent,pg_discounting3.3.group.num_moves_made,pg_discounting3.3.group.num_tokens_spent,pg_discounting3.3.group.current_period,pg_discounting3.3.group.stopped,pg_discounting3.3.subsession.round_number,pg_discounting3.3.subsession.L,pg_discounting3.3.subsession.K,pg_discounting3.3.subsession.public_goods_value,pg_discounting3.3.subsession.tokens_needed,pg_discounting3.3.subsession.num_paid_rounds,pg_discounting3.3.subsession.stopping_probability,pg_discounting3.3.subsession.period_batch_size,pg_discounting3.3.subsession.final_period,pg_discounting3.3.subsession.paid_period,pg_discounting3.4.player.id_in_group,pg_discounting3.4.player.role,pg_discounting3.4.player.payoff,pg_discounting3.4.player.ps_token_value,pg_discounting3.4.player.token_value,pg_discounting3.4.player.spending,pg_discounting3.4.player.results_clicked,pg_discounting3.4.player.potential_payoff,pg_discounting3.4.player.moved_in_current_period,pg_discounting3.4.group.id_in_subsession,pg_discounting3.4.group.ps_num_moves_made,pg_discounting3.4.group.ps_num_tokens_spent,pg_discounting3.4.group.num_moves_made,pg_discounting3.4.group.num_tokens_spent,pg_discounting3.4.group.current_period,pg_discounting3.4.group.stopped,pg_discounting3.4.subsession.round_number,pg_discounting3.4.subsession.L,pg_discounting3.4.subsession.K,pg_discounting3.4.subsession.public_goods_value,pg_discounting3.4.subsession.tokens_needed,pg_discounting3.4.subsession.num_paid_rounds,pg_discounting3.4.subsession.stopping_probability,pg_discounting3.4.subsession.period_batch_size,pg_discounting3.4.subsession.final_period,pg_discounting3.4.subsession.paid_period,pg_discounting3.5.player.id_in_group,pg_discounting3.5.player.role,pg_discounting3.5.player.payoff,pg_discounting3.5.player.ps_token_value,pg_discounting3.5.player.token_value,pg_discounting3.5.player.spending,pg_discounting3.5.player.results_clicked,pg_discounting3.5.player.potential_payoff,pg_discounting3.5.player.moved_in_current_period,pg_discounting3.5.group.id_in_subsession,pg_discounting3.5.group.ps_num_moves_made,pg_discounting3.5.group.ps_num_tokens_spent,pg_discounting3.5.group.num_moves_made,pg_discounting3.5.group.num_tokens_spent,pg_discounting3.5.group.current_period,pg_discounting3.5.group.stopped,pg_discounting3.5.subsession.round_number,pg_discounting3.5.subsession.L,pg_discounting3.5.subsession.K,pg_discounting3.5.subsession.public_goods_value,pg_discounting3.5.subsession.tokens_needed,pg_discounting3.5.subsession.num_paid_rounds,pg_discounting3.5.subsession.stopping_probability,pg_discounting3.5.subsession.period_batch_size,pg_discounting3.5.subsession.final_period,pg_discounting3.5.subsession.paid_period,pg_discounting3.6.player.id_in_group,pg_discounting3.6.player.role,pg_discounting3.6.player.payoff,pg_discounting3.6.player.ps_token_value,pg_discounting3.6.player.token_value,pg_discounting3.6.player.spending,pg_discounting3.6.player.results_clicked,pg_discounting3.6.player.potential_payoff,pg_discounting3.6.player.moved_in_current_period,pg_discounting3.6.group.id_in_subsession,pg_discounting3.6.group.ps_num_moves_made,pg_discounting3.6.group.ps_num_tokens_spent,pg_discounting3.6.group.num_moves_made,pg_discounting3.6.group.num_tokens_spent,pg_discounting3.6.group.current_period,pg_discounting3.6.group.stopped,pg_discounting3.6.subsession.round_number,pg_discounting3.6.subsession.L,pg_discounting3.6.subsession.K,pg_discounting3.6.subsession.public_goods_value,pg_discounting3.6.subsession.tokens_needed,pg_discounting3.6.subsession.num_paid_rounds,pg_discounting3.6.subsession.stopping_probability,pg_discounting3.6.subsession.period_batch_size,pg_discounting3.6.subsession.final_period,pg_discounting3.6.subsession.paid_period,pg_discounting3.7.player.id_in_group,pg_discounting3.7.player.role,pg_discounting3.7.player.payoff,pg_discounting3.7.player.ps_token_value,pg_discounting3.7.player.token_value,pg_discounting3.7.player.spending,pg_discounting3.7.player.results_clicked,pg_discounting3.7.player.potential_payoff,pg_discounting3.7.player.moved_in_current_period,pg_discounting3.7.group.id_in_subsession,pg_discounting3.7.group.ps_num_moves_made,pg_discounting3.7.group.ps_num_tokens_spent,pg_discounting3.7.group.num_moves_made,pg_discounting3.7.group.num_tokens_spent,pg_discounting3.7.group.current_period,pg_discounting3.7.group.stopped,pg_discounting3.7.subsession.round_number,pg_discounting3.7.subsession.L,pg_discounting3.7.subsession.K,pg_discounting3.7.subsession.public_goods_value,pg_discounting3.7.subsession.tokens_needed,pg_discounting3.7.subsession.num_paid_rounds,pg_discounting3.7.subsession.stopping_probability,pg_discounting3.7.subsession.period_batch_size,pg_discounting3.7.subsession.final_period,pg_discounting3.7.subsession.paid_period,pg_discounting3.8.player.id_in_group,pg_discounting3.8.player.role,pg_discounting3.8.player.payoff,pg_discounting3.8.player.ps_token_value,pg_discounting3.8.player.token_value,pg_discounting3.8.player.spending,pg_discounting3.8.player.results_clicked,pg_discounting3.8.player.potential_payoff,pg_discounting3.8.player.moved_in_current_period,pg_discounting3.8.group.id_in_subsession,pg_discounting3.8.group.ps_num_moves_made,pg_discounting3.8.group.ps_num_tokens_spent,pg_discounting3.8.group.num_moves_made,pg_discounting3.8.group.num_tokens_spent,pg_discounting3.8.group.current_period,pg_discounting3.8.group.stopped,pg_discounting3.8.subsession.round_number,pg_discounting3.8.subsession.L,pg_discounting3.8.subsession.K,pg_discounting3.8.subsession.public_goods_value,pg_discounting3.8.subsession.tokens_needed,pg_discounting3.8.subsession.num_paid_rounds,pg_discounting3.8.subsession.stopping_probability,pg_discounting3.8.subsession.period_batch_size,pg_discounting3.8.subsession.final_period,pg_discounting3.8.subsession.paid_period,pg_discounting3.9.player.id_in_group,pg_discounting3.9.player.role,pg_discounting3.9.player.payoff,pg_discounting3.9.player.ps_token_value,pg_discounting3.9.player.token_value,pg_discounting3.9.player.spending,pg_discounting3.9.player.results_clicked,pg_discounting3.9.player.potential_payoff,pg_discounting3.9.player.moved_in_current_period,pg_discounting3.9.group.id_in_subsession,pg_discounting3.9.group.ps_num_moves_made,pg_discounting3.9.group.ps_num_tokens_spent,pg_discounting3.9.group.num_moves_made,pg_discounting3.9.group.num_tokens_spent,pg_discounting3.9.group.current_period,pg_discounting3.9.group.stopped,pg_discounting3.9.subsession.round_number,pg_discounting3.9.subsession.L,pg_discounting3.9.subsession.K,pg_discounting3.9.subsession.public_goods_value,pg_discounting3.9.subsession.tokens_needed,pg_discounting3.9.subsession.num_paid_rounds,pg_discounting3.9.subsession.stopping_probability,pg_discounting3.9.subsession.period_batch_size,pg_discounting3.9.subsession.final_period,pg_discounting3.9.subsession.paid_period,pg_discounting3.10.player.id_in_group,pg_discounting3.10.player.role,pg_discounting3.10.player.payoff,pg_discounting3.10.player.ps_token_value,pg_discounting3.10.player.token_value,pg_discounting3.10.player.spending,pg_discounting3.10.player.results_clicked,pg_discounting3.10.player.potential_payoff,pg_discounting3.10.player.moved_in_current_period,pg_discounting3.10.group.id_in_subsession,pg_discounting3.10.group.ps_num_moves_made,pg_discounting3.10.group.ps_num_tokens_spent,pg_discounting3.10.group.num_moves_made,pg_discounting3.10.group.num_tokens_spent,pg_discounting3.10.group.current_period,pg_discounting3.10.group.stopped,pg_discounting3.10.subsession.round_number,pg_discounting3.10.subsession.L,pg_discounting3.10.subsession.K,pg_discounting3.10.subsession.public_goods_value,pg_discounting3.10.subsession.tokens_needed,pg_discounting3.10.subsession.num_paid_rounds,pg_discounting3.10.subsession.stopping_probability,pg_discounting3.10.subsession.period_batch_size,pg_discounting3.10.subsession.final_period,pg_discounting3.10.subsession.paid_period
1,r511m7fk,,0,18,18,Section_7,EndSurvey,2024-09-23 21:56:45.722194,1,,,0.0,,,,,,,,,,,,,,vjx2fex2,,,,,0,1.0,https://app.prolific.com/submissions/complete?cc=C1BTHULB,0.0,Experiment_1_Persistence,1,,0.0,test1,1,1,1,,0.0,A,A,A,A,A,A,A,A,A,A,AAAAAAAAAA,0.2,0,0.0,1,1,1,,0.0,noisy,random,positive,Fail,red,50,9,9,Fail Box,1,1,1,,0.0,A,A,A,A,A,A,A,A,A,A,AAAAAAAAAA,0.2,Non-STEM Track,,0,0.0,9,1,1,1,,0.0,R,R,R,R,R,R,R,R,R,R,R,RRRRRRRRRRR,1,1,1,,0.0,0,0,0,0,0,0,0,0,0,,,,Non-STEM Track,1,1,,,,,,,,,,,,,,,,,,,,,,,,,,,,,,,,,,,,,,,,,,,,,,,,,,,,,,,,,,,,,,,,,,,,,,,,,,,,,,,,,,,,,,,,,,,,,,,,,,,,,,,,,,,,,,,,,,,,,,,,,,,,,,,,,,,,,,,,,,,,,,,,,,,,,,,,,,,,,,,,,,,,,,,,,,,,,,,,,,,,,,,,,,,,,,,,,,,,,,,,,,,,,,,,,,,,,,,,,,,,,,,,,,,,,,,,,,,,,,,,,,,,,,,,,,,,,,,,,,,,,,,,,,,,,,,,,,,,,,,,,,,,,,,,,,,,,,,,,,,,,,,,,,,,,,,,,,,
2,y3kjalac,,0,4,18,Section_1,Conclusion,2024-09-23 21:57:53.487209,1,,,0.0,,,,,,,,,,,,,,vjx2fex2,,,,,0,1.0,https://app.prolific.com/submissions/complete?cc=C1BTHULB,0.0,Experiment_1_Persistence,2,,0.0,asdfad,1,1,2,,0.0,A,A,A,A,A,A,A,A,A,A,AAAAAAAAAA,0.2,0,0.0,1,1,2,,0.0,,,,,,,,,,1,1,2,,0.0,,,,,,,,,,,,,,,,,,1,1,2,,0.0,,,,,,,,,,,,,1,1,2,,0.0,0,0,0,0,0,0,0,0,0,,,,,1,1,,,,,,,,,,,,,,,,,,,,,,,,,,,,,,,,,,,,,,,,,,,,,,,,,,,,,,,,,,,,,,,,,,,,,,,,,,,,,,,,,,,,,,,,,,,,,,,,,,,,,,,,,,,,,,,,,,,,,,,,,,,,,,,,,,,,,,,,,,,,,,,,,,,,,,,,,,,,,,,,,,,,,,,,,,,,,,,,,,,,,,,,,,,,,,,,,,,,,,,,,,,,,,,,,,,,,,,,,,,,,,,,,,,,,,,,,,,,,,,,,,,,,,,,,,,,,,,,,,,,,,,,,,,,,,,,,,,,,,,,,,,,,,,,,,,,,,,,,,,,,,,,,,,,,,,,,,,
3,swx81gdo,,0,18,18,Section_7,EndSurvey,2024-09-23 22:00:00.519793,1,,,0.0,,,,,,,,,,,,,,vjx2fex2,,,,,0,1.0,https://app.prolific.com/submissions/complete?cc=C1BTHULB,0.0,Experiment_1_Persistence,3,,0.0,63d2fe57eea8cacc91a44fdd,1,1,3,,0.0,A,A,B,C,D,B,D,B,A,A,AABCDBDBAA,0.4,0,0.0,1,1,3,,0.0,noisy,random,ground,Pass,black,5,1,1,Fail Box,1,1,3,,0.0,D,B,A,C,B,D,A,B,C,D,DBACBDABCD,1.0,Non-STEM Track,,0,0.0,1,1,1,3,,0.0,R,R,R,R,R,R,C,C,C,C,C,RRRRRRCCCCC,1,1,3,,0.0,0,0,1,0,0,0,0,0,0,because I'm not good at STEM,"psychology, counseling",those questions would have taken me all day to figure out (stem),Non-STEM Track,1,1,,,,,,,,,,,,,,,,,,,,,,,,,,,,,,,,,,,,,,,,,,,,,,,,,,,,,,,,,,,,,,,,,,,,,,,,,,,,,,,,,,,,,,,,,,,,,,,,,,,,,,,,,,,,,,,,,,,,,,,,,,,,,,,,,,,,,,,,,,,,,,,,,,,,,,,,,,,,,,,,,,,,,,,,,,,,,,,,,,,,,,,,,,,,,,,,,,,,,,,,,,,,,,,,,,,,,,,,,,,,,,,,,,,,,,,,,,,,,,,,,,,,,,,,,,,,,,,,,,,,,,,,,,,,,,,,,,,,,,,,,,,,,,,,,,,,,,,,,,,,,,,,,,,,,,,,,,,
4,f84ryamt,,0,4,18,Section_1,Conclusion,2024-09-23 22:00:13.999026,1,,,0.0,,,,,,,,,,,,,,vjx2fex2,,,,,0,1.0,https://app.prolific.com/submissions/complete?cc=C1BTHULB,0.0,Experiment_1_Persistence,4,,0.0,5d29187bd96c80001769ec41,1,1,4,,0.0,,,,,,,,,,,,0.0,0,0.0,1,1,4,,0.0,,,,,,,,,,1,1,4,,0.0,,,,,,,,,,,,,,,,,,1,1,4,,0.0,,,,,,,,,,,,,1,1,4,,0.0,0,0,0,0,0,0,0,0,0,,,,,1,1,,,,,,,,,,,,,,,,,,,,,,,,,,,,,,,,,,,,,,,,,,,,,,,,,,,,,,,,,,,,,,,,,,,,,,,,,,,,,,,,,,,,,,,,,,,,,,,,,,,,,,,,,,,,,,,,,,,,,,,,,,,,,,,,,,,,,,,,,,,,,,,,,,,,,,,,,,,,,,,,,,,,,,,,,,,,,,,,,,,,,,,,,,,,,,,,,,,,,,,,,,,,,,,,,,,,,,,,,,,,,,,,,,,,,,,,,,,,,,,,,,,,,,,,,,,,,,,,,,,,,,,,,,,,,,,,,,,,,,,,,,,,,,,,,,,,,,,,,,,,,,,,,,,,,,,,,,,
5,eerwc967,,0,18,18,Section_7,EndSurvey,2024-09-23 22:00:39.340564,1,,,0.0,,,,,,,,,,,,,,vjx2fex2,,,,,0,1.0,https://app.prolific.com/submissions/complete?cc=C1BTHULB,0.0,Experiment_1_Persistence,5,,0.0,65508fa67c2c79516f083504,1,1,5,,0.0,D,A,C,C,D,A,A,B,B,C,DACCDAABBC,0.2,0,0.0,1,1,5,,0.0,noisy,random,negative,Fail,red,50,4,10,Pass Box,1,1,5,,0.0,B,C,B,C,A,B,C,C,C,B,BCBCABCCCB,0.3,STEM Track,,0,0.0,10,1,1,5,,0.0,R,R,R,R,R,R,C,C,C,C,C,RRRRRRCCCCC,1,1,5,,0.0,0,0,1,0,0,0,0,0,0,Math is hard but understandable after a time,"Science, math, reading ",None thank you ,STEM Track,1,1,,,,,,,,,,,,,,,,,,,,,,,,,,,,,,,,,,,,,,,,,,,,,,,,,,,,,,,,,,,,,,,,,,,,,,,,,,,,,,,,,,,,,,,,,,,,,,,,,,,,,,,,,,,,,,,,,,,,,,,,,,,,,,,,,,,,,,,,,,,,,,,,,,,,,,,,,,,,,,,,,,,,,,,,,,,,,,,,,,,,,,,,,,,,,,,,,,,,,,,,,,,,,,,,,,,,,,,,,,,,,,,,,,,,,,,,,,,,,,,,,,,,,,,,,,,,,,,,,,,,,,,,,,,,,,,,,,,,,,,,,,,,,,,,,,,,,,,,,,,,,,,,,,,,,,,,,,,
6,3j7h6nin,,0,18,18,Section_7,EndSurvey,2024-09-23 22:01:47.413684,1,,,0.0,,,,,,,,,,,,,,vjx2fex2,,,,,0,1.0,https://app.prolific.com/submissions/complete?cc=C1BTHULB,0.0,Experiment_1_Persistence,6,,0.0,649d83ecc7c342335f80496e,1,1,6,,0.0,D,C,D,,,,,,,,DCD,0.0,0,0.0,1,1,6,,0.0,noisy,random,ground,Fail,red,65,4,3,Fail Box,1,1,6,,0.0,B,A,C,,,D,C,,,,BACDC,0.3,STEM Track,,0,0.0,3,1,1,6,,0.0,R,R,R,R,C,C,C,C,C,C,C,RRRRCCCCCCC,1,1,6,,0.0,0,0,1,0,0,0,0,0,0,I am currently in a stem class.,I studied healthcare administration. I have worked in healthcare and customer service as well as a preK teacher.,It was stressful being given only 8 minutes.,STEM Track,1,1,,,,,,,,,,,,,,,,,,,,,,,,,,,,,,,,,,,,,,,,,,,,,,,,,,,,,,,,,,,,,,,,,,,,,,,,,,,,,,,,,,,,,,,,,,,,,,,,,,,,,,,,,,,,,,,,,,,,,,,,,,,,,,,,,,,,,,,,,,,,,,,,,,,,,,,,,,,,,,,,,,,,,,,,,,,,,,,,,,,,,,,,,,,,,,,,,,,,,,,,,,,,,,,,,,,,,,,,,,,,,,,,,,,,,,,,,,,,,,,,,,,,,,,,,,,,,,,,,,,,,,,,,,,,,,,,,,,,,,,,,,,,,,,,,,,,,,,,,,,,,,,,,,,,,,,,,,,
7,gobkv1ya,,0,18,18,Section_7,EndSurvey,2024-09-23 22:02:07.403599,1,,,0.0,,,,,,,,,,,,,,vjx2fex2,,,,,0,1.0,https://app.prolific.com/submissions/complete?cc=C1BTHULB,0.0,Experiment_1_Persistence,7,,0.0,5e8cab7ee76c7204ccc2eb24,1,1,7,,0.0,,,,C,B,B,C,C,C,B,CBBCCCB,0.0,0,0.0,1,1,7,,0.0,noisy,random,negative,Fail,red,40,4,5,Pass Box,1,1,7,,0.0,D,B,A,C,B,D,A,B,C,D,DBACBDABCD,1.0,Non-STEM Track,,0,0.0,5,1,1,7,,0.0,R,R,R,R,R,C,C,C,C,C,C,RRRRRCCCCCC,1,1,7,,0.0,0,1,1,0,0,0,0,0,0,I feel that I am stronger in non-STEM questions than STEM questions. ,"I studied Neuroscience for my undergraduate education, and have mostly been in STEM classes. However, math is not my strong suit which is why I picked non-STEM for this survey. ",I thought the instructions were very straightforward and I liked the layout of this survey.,Non-STEM Track,1,1,,,,,,,,,,,,,,,,,,,,,,,,,,,,,,,,,,,,,,,,,,,,,,,,,,,,,,,,,,,,,,,,,,,,,,,,,,,,,,,,,,,,,,,,,,,,,,,,,,,,,,,,,,,,,,,,,,,,,,,,,,,,,,,,,,,,,,,,,,,,,,,,,,,,,,,,,,,,,,,,,,,,,,,,,,,,,,,,,,,,,,,,,,,,,,,,,,,,,,,,,,,,,,,,,,,,,,,,,,,,,,,,,,,,,,,,,,,,,,,,,,,,,,,,,,,,,,,,,,,,,,,,,,,,,,,,,,,,,,,,,,,,,,,,,,,,,,,,,,,,,,,,,,,,,,,,,,,
8,rfajyh5f,,0,18,18,Section_7,EndSurvey,2024-09-23 22:03:04.584021,1,,,0.0,,,,,,,,,,,,,,vjx2fex2,,,,,0,1.0,https://app.prolific.com/submissions/complete?cc=C1BTHULB,0.0,Experiment_1_Persistence,8,,0.0,5f4581ccdbb07c189c15702c,1,1,8,,0.0,D,A,A,B,B,B,B,,,,DAABBBB,0.4,0,0.0,1,1,8,,0.0,noisy,random,ground,Fail,red,70,4,5,Fail Box,1,1,8,,0.0,B,A,C,C,A,D,C,B,C,C,BACCADCBCC,0.7,STEM Track,,0,0.0,5,1,1,8,,0.0,R,R,R,R,C,C,C,C,C,C,C,RRRRCCCCCCC,1,1,8,,0.0,0,1,1,0,1,0,0,0,0,"It was a practical choice. Also, I loved chemistry at the time. ",Chemistry and computer engineering. I've worked in teaching and publishing.,I was surprised and then delighted that this was a math quiz. I was distracted and beckoned often during the quiz unfortunately.,STEM Track,1,1,,,,,,,,,,,,,,,,,,,,,,,,,,,,,,,,,,,,,,,,,,,,,,,,,,,,,,,,,,,,,,,,,,,,,,,,,,,,,,,,,,,,,,,,,,,,,,,,,,,,,,,,,,,,,,,,,,,,,,,,,,,,,,,,,,,,,,,,,,,,,,,,,,,,,,,,,,,,,,,,,,,,,,,,,,,,,,,,,,,,,,,,,,,,,,,,,,,,,,,,,,,,,,,,,,,,,,,,,,,,,,,,,,,,,,,,,,,,,,,,,,,,,,,,,,,,,,,,,,,,,,,,,,,,,,,,,,,,,,,,,,,,,,,,,,,,,,,,,,,,,,,,,,,,,,,,,,,
9,adn87i4r,,0,4,18,Section_1,Conclusion,2024-09-23 22:03:07.794763,1,,,0.0,,,,,,,,,,,,,,vjx2fex2,,,,,0,1.0,https://app.prolific.com/submissions/complete?cc=C1BTHULB,0.0,Experiment_1_Persistence,9,,0.0,664923285486807ba3ed0a94,1,1,9,,0.0,,,,,,,,,,,,0.0,0,0.0,1,1,9,,0.0,,,,,,,,,,1,1,9,,0.0,,,,,,,,,,,,,,,,,,1,1,9,,0.0,,,,,,,,,,,,,1,1,9,,0.0,0,0,0,0,0,0,0,0,0,,,,,1,1,,,,,,,,,,,,,,,,,,,,,,,,,,,,,,,,,,,,,,,,,,,,,,,,,,,,,,,,,,,,,,,,,,,,,,,,,,,,,,,,,,,,,,,,,,,,,,,,,,,,,,,,,,,,,,,,,,,,,,,,,,,,,,,,,,,,,,,,,,,,,,,,,,,,,,,,,,,,,,,,,,,,,,,,,,,,,,,,,,,,,,,,,,,,,,,,,,,,,,,,,,,,,,,,,,,,,,,,,,,,,,,,,,,,,,,,,,,,,,,,,,,,,,,,,,,,,,,,,,,,,,,,,,,,,,,,,,,,,,,,,,,,,,,,,,,,,,,,,,,,,,,,,,,,,,,,,,,
10,lfhvqj4w,,0,4,18,Section_1,Conclusion,2024-09-23 22:04:07.202407,1,,,0.0,,,,,,,,,,,,,,vjx2fex2,,,,,0,1.0,https://app.prolific.com/submissions/complete?cc=C1BTHULB,0.0,Experiment_1_Persistence,10,,0.0,5ef4dd27dffaf00cea409e89,1,1,10,,0.0,,,,,,,,,,,,0.0,0,0.0,1,1,10,,0.0,,,,,,,,,,1,1,10,,0.0,,,,,,,,,,,,,,,,,,1,1,10,,0.0,,,,,,,,,,,,,1,1,10,,0.0,0,0,0,0,0,0,0,0,0,,,,,1,1,,,,,,,,,,,,,,,,,,,,,,,,,,,,,,,,,,,,,,,,,,,,,,,,,,,,,,,,,,,,,,,,,,,,,,,,,,,,,,,,,,,,,,,,,,,,,,,,,,,,,,,,,,,,,,,,,,,,,,,,,,,,,,,,,,,,,,,,,,,,,,,,,,,,,,,,,,,,,,,,,,,,,,,,,,,,,,,,,,,,,,,,,,,,,,,,,,,,,,,,,,,,,,,,,,,,,,,,,,,,,,,,,,,,,,,,,,,,,,,,,,,,,,,,,,,,,,,,,,,,,,,,,,,,,,,,,,,,,,,,,,,,,,,,,,,,,,,,,,,,,,,,,,,,,,,,,,,
11,lrrtdf9f,,0,18,18,Section_7,EndSurvey,2024-09-23 22:04:20.429153,1,,,0.0,,,,,,,,,,,,,,vjx2fex2,,,,,0,1.0,https://app.prolific.com/submissions/complete?cc=C1BTHULB,0.0,Experiment_1_Persistence,11,,0.0,5c5c5313a3e64300012b5042,1,1,11,,0.0,D,C,B,C,A,B,B,A,C,D,DCBCABBACD,0.2,0,0.0,1,1,11,,0.0,noisy,random,negative,Fail,red,50,3,4,Pass Box,1,1,11,,0.0,D,B,A,C,B,D,A,B,C,D,DBACBDABCD,1.0,Non-STEM Track,,0,0.0,4,1,1,11,,0.0,R,R,R,R,C,C,C,C,C,C,C,RRRRCCCCCCC,1,1,11,,0.0,0,0,1,0,0,0,0,0,0,I assumed questions I could answer more confidently.,Math and social skills.,I enjoyed how fresh the survey felt.,Non-STEM Track,1,1,,,,,,,,,,,,,,,,,,,,,,,,,,,,,,,,,,,,,,,,,,,,,,,,,,,,,,,,,,,,,,,,,,,,,,,,,,,,,,,,,,,,,,,,,,,,,,,,,,,,,,,,,,,,,,,,,,,,,,,,,,,,,,,,,,,,,,,,,,,,,,,,,,,,,,,,,,,,,,,,,,,,,,,,,,,,,,,,,,,,,,,,,,,,,,,,,,,,,,,,,,,,,,,,,,,,,,,,,,,,,,,,,,,,,,,,,,,,,,,,,,,,,,,,,,,,,,,,,,,,,,,,,,,,,,,,,,,,,,,,,,,,,,,,,,,,,,,,,,,,,,,,,,,,,,,,,,,
12,apb15d61,,0,5,18,Section_2_3,Section_2,2024-09-23 22:05:00.093286,1,,,0.0,,,,,,,,,,,,,,vjx2fex2,,,,,0,1.0,https://app.prolific.com/submissions/complete?cc=C1BTHULB,0.0,Experiment_1_Persistence,12,,0.0,66b7ba87906f709f7ec5a822,1,1,12,,0.0,D,A,C,B,C,C,B,C,C,B,DACBCCBCCB,0.6,0,0.0,1,1,12,,0.0,,,,,,,,,,1,1,12,,0.0,,,,,,,,,,,,,,,,,,1,1,12,,0.0,,,,,,,,,,,,,1,1,12,,0.0,0,0,0,0,0,0,0,0,0,,,,,1,1,,,,,,,,,,,,,,,,,,,,,,,,,,,,,,,,,,,,,,,,,,,,,,,,,,,,,,,,,,,,,,,,,,,,,,,,,,,,,,,,,,,,,,,,,,,,,,,,,,,,,,,,,,,,,,,,,,,,,,,,,,,,,,,,,,,,,,,,,,,,,,,,,,,,,,,,,,,,,,,,,,,,,,,,,,,,,,,,,,,,,,,,,,,,,,,,,,,,,,,,,,,,,,,,,,,,,,,,,,,,,,,,,,,,,,,,,,,,,,,,,,,,,,,,,,,,,,,,,,,,,,,,,,,,,,,,,,,,,,,,,,,,,,,,,,,,,,,,,,,,,,,,,,,,,,,,,,,
13,e7p2i70t,,0,18,18,Section_7,EndSurvey,2024-09-23 22:05:50.853851,1,,,0.0,,,,,,,,,,,,,,vjx2fex2,,,,,0,1.0,https://app.prolific.com/submissions/complete?cc=C1BTHULB,0.0,Experiment_1_Persistence,13,,0.0,5b33034d975e260001e981c9,1,1,13,,0.0,B,A,B,C,C,A,A,A,A,A,BABCCAAAAA,0.1,0,0.0,1,1,13,,0.0,noisy,random,negative,Fail,red,30,2,5,Fail Box,1,1,13,,0.0,D,B,A,C,B,D,A,B,C,D,DBACBDABCD,1.0,Non-STEM Track,,0,0.0,5,1,1,13,,0.0,R,R,R,R,C,C,C,C,C,C,C,RRRRCCCCCCC,1,1,13,,0.0,0,0,1,0,0,0,0,0,0,I wasn't confident at all in my answers to the STEM quiz.,I'm currently studying Human Systems Engineering (which isn't too heavy on math - mainly statistics).,"Everything went smoothly, thank you!",Non-STEM Track,1,1,,,,,,,,,,,,,,,,,,,,,,,,,,,,,,,,,,,,,,,,,,,,,,,,,,,,,,,,,,,,,,,,,,,,,,,,,,,,,,,,,,,,,,,,,,,,,,,,,,,,,,,,,,,,,,,,,,,,,,,,,,,,,,,,,,,,,,,,,,,,,,,,,,,,,,,,,,,,,,,,,,,,,,,,,,,,,,,,,,,,,,,,,,,,,,,,,,,,,,,,,,,,,,,,,,,,,,,,,,,,,,,,,,,,,,,,,,,,,,,,,,,,,,,,,,,,,,,,,,,,,,,,,,,,,,,,,,,,,,,,,,,,,,,,,,,,,,,,,,,,,,,,,,,,,,,,,,,
14,u70nsf0k,,0,18,18,Section_7,EndSurvey,2024-09-23 22:06:09.090186,1,,,0.0,,,,,,,,,,,,,,vjx2fex2,,,,,0,1.0,https://app.prolific.com/submissions/complete?cc=C1BTHULB,0.0,Experiment_1_Persistence,14,,0.0,65af1cd44ec9136d74dc6c19,1,1,14,,0.0,,,,,,,,,,,,0.0,0,0.0,1,1,14,,0.0,noisy,random,ground,Fail,red,100,10,10,Pass Box,1,1,14,,0.0,B,A,C,A,A,D,C,A,D,C,BACAADCADC,0.9,STEM Track,,0,0.0,10,1,1,14,,0.0,C,C,R,R,C,C,C,C,C,C,C,CCRRCCCCCCC,1,1,14,,0.0,0,0,1,0,0,0,0,0,0,I did not,im not sure,,STEM Track,1,1,,,,,,,,,,,,,,,,,,,,,,,,,,,,,,,,,,,,,,,,,,,,,,,,,,,,,,,,,,,,,,,,,,,,,,,,,,,,,,,,,,,,,,,,,,,,,,,,,,,,,,,,,,,,,,,,,,,,,,,,,,,,,,,,,,,,,,,,,,,,,,,,,,,,,,,,,,,,,,,,,,,,,,,,,,,,,,,,,,,,,,,,,,,,,,,,,,,,,,,,,,,,,,,,,,,,,,,,,,,,,,,,,,,,,,,,,,,,,,,,,,,,,,,,,,,,,,,,,,,,,,,,,,,,,,,,,,,,,,,,,,,,,,,,,,,,,,,,,,,,,,,,,,,,,,,,,,,
15,f4d27t2e,,0,18,18,Section_7,EndSurvey,2024-09-23 22:06:31.228736,1,,,0.0,,,,,,,,,,,,,,vjx2fex2,,,,,0,1.0,https://app.prolific.com/submissions/complete?cc=C1BTHULB,0.0,Experiment_1_Persistence,15,,0.0,,1,1,15,,0.0,B,C,B,B,B,B,A,D,B,B,BCBBBBADBB,0.4,0,0.0,1,1,15,,0.0,noisy,random,positive,Pass,red,47,0,2,Pass Box,1,1,15,,0.0,D,A,A,C,C,A,C,D,C,B,DAACCACDCB,0.4,Non-STEM Track,,0,0.0,2,1,1,15,,0.0,R,R,C,C,R,C,C,C,R,C,C,RRCCRCCCRCC,1,1,15,,0.0,0,0,1,0,0,0,0,0,0,,,,Non-STEM Track,1,1,,,,,,,,,,,,,,,,,,,,,,,,,,,,,,,,,,,,,,,,,,,,,,,,,,,,,,,,,,,,,,,,,,,,,,,,,,,,,,,,,,,,,,,,,,,,,,,,,,,,,,,,,,,,,,,,,,,,,,,,,,,,,,,,,,,,,,,,,,,,,,,,,,,,,,,,,,,,,,,,,,,,,,,,,,,,,,,,,,,,,,,,,,,,,,,,,,,,,,,,,,,,,,,,,,,,,,,,,,,,,,,,,,,,,,,,,,,,,,,,,,,,,,,,,,,,,,,,,,,,,,,,,,,,,,,,,,,,,,,,,,,,,,,,,,,,,,,,,,,,,,,,,,,,,,,,,,,
16,5guqg8se,,0,18,18,Section_7,EndSurvey,2024-09-23 22:07:29.168553,1,,,0.0,,,,,,,,,,,,,,vjx2fex2,,,,,0,1.0,https://app.prolific.com/submissions/complete?cc=C1BTHULB,0.0,Experiment_1_Persistence,16,,0.0,666cf5a1910d898a3ee3bb73,1,1,16,,0.0,D,B,B,B,D,D,D,B,B,C,DBBBDDDBBC,0.2,0,0.0,1,1,16,,0.0,noisy,random,negative,Fail,red,50,3,4,Fail Box,1,1,16,,0.0,C,A,B,C,C,D,C,B,B,C,CABCCDCBBC,0.5,STEM Track,,0,0.0,4,1,1,16,,0.0,R,R,R,R,R,C,C,C,C,C,C,RRRRRCCCCCC,1,1,16,,0.0,0,0,1,0,0,0,0,0,0,I wanted to see the questions,early child hood education,it was okay,STEM Track,1,1,,,,,,,,,,,,,,,,,,,,,,,,,,,,,,,,,,,,,,,,,,,,,,,,,,,,,,,,,,,,,,,,,,,,,,,,,,,,,,,,,,,,,,,,,,,,,,,,,,,,,,,,,,,,,,,,,,,,,,,,,,,,,,,,,,,,,,,,,,,,,,,,,,,,,,,,,,,,,,,,,,,,,,,,,,,,,,,,,,,,,,,,,,,,,,,,,,,,,,,,,,,,,,,,,,,,,,,,,,,,,,,,,,,,,,,,,,,,,,,,,,,,,,,,,,,,,,,,,,,,,,,,,,,,,,,,,,,,,,,,,,,,,,,,,,,,,,,,,,,,,,,,,,,,,,,,,,,
17,xr6ymz5r,,0,18,18,Section_7,EndSurvey,2024-09-23 22:07:39.551367,1,,,0.0,,,,,,,,,,,,,,vjx2fex2,,,,,0,1.0,https://app.prolific.com/submissions/complete?cc=C1BTHULB,0.0,Experiment_1_Persistence,17,,0.0,60c8fdfd2a1d18de5c17bfcb,1,1,17,,0.0,D,A,C,C,D,B,,B,,,DACCDBB,0.3,0,0.0,1,1,17,,0.0,noisy,random,positive,Fail,red,50,2,10,Fail Box,1,1,17,,0.0,B,B,C,A,B,D,C,,,,BBCABDC,0.5,STEM Track,,1,53.566,10,1,1,17,,0.0,R,R,R,R,C,C,C,C,C,C,C,RRRRCCCCCCC,1,1,17,,0.0,0,0,1,0,0,0,0,0,0,Generally good at stem,Simple math,I was frustrated because in the first section I was pretty sure of the answer to at least one question that was not listed,STEM Track,1,1,,,,,,,,,,,,,,,,,,,,,,,,,,,,,,,,,,,,,,,,,,,,,,,,,,,,,,,,,,,,,,,,,,,,,,,,,,,,,,,,,,,,,,,,,,,,,,,,,,,,,,,,,,,,,,,,,,,,,,,,,,,,,,,,,,,,,,,,,,,,,,,,,,,,,,,,,,,,,,,,,,,,,,,,,,,,,,,,,,,,,,,,,,,,,,,,,,,,,,,,,,,,,,,,,,,,,,,,,,,,,,,,,,,,,,,,,,,,,,,,,,,,,,,,,,,,,,,,,,,,,,,,,,,,,,,,,,,,,,,,,,,,,,,,,,,,,,,,,,,,,,,,,,,,,,,,,,,
18,41arppno,,0,18,18,Section_7,EndSurvey,2024-09-23 22:08:04.925236,1,,,0.0,,,,,,,,,,,,,,vjx2fex2,,,,,0,1.0,https://app.prolific.com/submissions/complete?cc=C1BTHULB,0.0,Experiment_1_Persistence,18,,0.0,59c2cd09754a19000111c9f3,1,1,18,,0.0,D,A,B,A,D,B,A,B,A,B,DABADBABAB,0.3,0,0.0,1,1,18,,0.0,noisy,random,ground,Pass,red,10,1,0,Pass Box,1,1,18,,0.0,D,B,A,C,B,D,A,B,C,D,DBACBDABCD,1.0,Non-STEM Track,,0,0.0,0,1,1,18,,0.0,R,R,R,C,C,C,C,C,C,C,C,RRRCCCCCCCC,1,1,18,,0.0,0,0,1,0,0,0,0,0,0,STEM questions were too hard and I am bad at math.,Art,Positive,Non-STEM Track,1,1,,,,,,,,,,,,,,,,,,,,,,,,,,,,,,,,,,,,,,,,,,,,,,,,,,,,,,,,,,,,,,,,,,,,,,,,,,,,,,,,,,,,,,,,,,,,,,,,,,,,,,,,,,,,,,,,,,,,,,,,,,,,,,,,,,,,,,,,,,,,,,,,,,,,,,,,,,,,,,,,,,,,,,,,,,,,,,,,,,,,,,,,,,,,,,,,,,,,,,,,,,,,,,,,,,,,,,,,,,,,,,,,,,,,,,,,,,,,,,,,,,,,,,,,,,,,,,,,,,,,,,,,,,,,,,,,,,,,,,,,,,,,,,,,,,,,,,,,,,,,,,,,,,,,,,,,,,,
19,fltvr0eb,,0,4,18,Section_1,Conclusion,2024-09-23 22:09:39.380922,1,,,0.0,,,,,,,,,,,,,,vjx2fex2,,,,,0,1.0,https://app.prolific.com/submissions/complete?cc=C1BTHULB,0.0,Experiment_1_Persistence,19,,0.0,66e5ef8154874b456b779bf8,1,1,19,,0.0,,,,,,,,,,,,0.0,0,0.0,1,1,19,,0.0,,,,,,,,,,1,1,19,,0.0,,,,,,,,,,,,,,,,,,1,1,19,,0.0,,,,,,,,,,,,,1,1,19,,0.0,0,0,0,0,0,0,0,0,0,,,,,1,1,,,,,,,,,,,,,,,,,,,,,,,,,,,,,,,,,,,,,,,,,,,,,,,,,,,,,,,,,,,,,,,,,,,,,,,,,,,,,,,,,,,,,,,,,,,,,,,,,,,,,,,,,,,,,,,,,,,,,,,,,,,,,,,,,,,,,,,,,,,,,,,,,,,,,,,,,,,,,,,,,,,,,,,,,,,,,,,,,,,,,,,,,,,,,,,,,,,,,,,,,,,,,,,,,,,,,,,,,,,,,,,,,,,,,,,,,,,,,,,,,,,,,,,,,,,,,,,,,,,,,,,,,,,,,,,,,,,,,,,,,,,,,,,,,,,,,,,,,,,,,,,,,,,,,,,,,,,
20,t2hypcnw,,0,4,18,Section_1,Conclusion,2024-09-23 22:09:50.312411,1,,,0.0,,,,,,,,,,,,,,vjx2fex2,,,,,0,1.0,https://app.prolific.com/submissions/complete?cc=C1BTHULB,0.0,Experiment_1_Persistence,20,,0.0,5bac0a6db6db160001306f22,1,1,20,,0.0,,,,,,,,,,,,0.0,0,0.0,1,1,20,,0.0,,,,,,,,,,1,1,20,,0.0,,,,,,,,,,,,,,,,,,1,1,20,,0.0,,,,,,,,,,,,,1,1,20,,0.0,0,0,0,0,0,0,0,0,0,,,,,1,1,,,,,,,,,,,,,,,,,,,,,,,,,,,,,,,,,,,,,,,,,,,,,,,,,,,,,,,,,,,,,,,,,,,,,,,,,,,,,,,,,,,,,,,,,,,,,,,,,,,,,,,,,,,,,,,,,,,,,,,,,,,,,,,,,,,,,,,,,,,,,,,,,,,,,,,,,,,,,,,,,,,,,,,,,,,,,,,,,,,,,,,,,,,,,,,,,,,,,,,,,,,,,,,,,,,,,,,,,,,,,,,,,,,,,,,,,,,,,,,,,,,,,,,,,,,,,,,,,,,,,,,,,,,,,,,,,,,,,,,,,,,,,,,,,,,,,,,,,,,,,,,,,,,,,,,,,,,
21,zi0c71pc,,0,18,18,Section_7,EndSurvey,2024-09-23 22:09:56.151121,1,,,0.0,,,,,,,,,,,,,,vjx2fex2,,,,,0,1.0,https://app.prolific.com/submissions/complete?cc=C1BTHULB,0.0,Experiment_1_Persistence,21,,0.0,66343f7910c04370761ae595,1,1,21,,0.0,B,A,D,B,C,A,D,A,C,A,BADBCADACA,0.4,0,0.0,1,1,21,,0.0,noisy,random,negative,Fail,red,80,8,7,Pass Box,1,1,21,,0.0,C,B,D,A,C,C,A,B,D,B,CBDACCABDB,0.1,STEM Track,,0,0.0,7,1,1,21,,0.0,R,C,C,R,R,R,C,C,R,R,R,RCCRRRCCRRR,1,1,21,,0.0,0,0,1,0,0,0,0,0,0,Because everything seems perfect with that option,computer engineering,everything was perfect no technical issues,STEM Track,1,1,,,,,,,,,,,,,,,,,,,,,,,,,,,,,,,,,,,,,,,,,,,,,,,,,,,,,,,,,,,,,,,,,,,,,,,,,,,,,,,,,,,,,,,,,,,,,,,,,,,,,,,,,,,,,,,,,,,,,,,,,,,,,,,,,,,,,,,,,,,,,,,,,,,,,,,,,,,,,,,,,,,,,,,,,,,,,,,,,,,,,,,,,,,,,,,,,,,,,,,,,,,,,,,,,,,,,,,,,,,,,,,,,,,,,,,,,,,,,,,,,,,,,,,,,,,,,,,,,,,,,,,,,,,,,,,,,,,,,,,,,,,,,,,,,,,,,,,,,,,,,,,,,,,,,,,,,,,
22,f8kka7yh,,0,4,18,Section_1,Conclusion,2024-09-23 22:10:05.994102,1,,,0.0,,,,,,,,,,,,,,vjx2fex2,,,,,0,1.0,https://app.prolific.com/submissions/complete?cc=C1BTHULB,0.0,Experiment_1_Persistence,22,,0.0,663f6e593e5bc69467df2fc2,1,1,22,,0.0,,,,,,,,,,,,0.0,0,0.0,1,1,22,,0.0,,,,,,,,,,1,1,22,,0.0,,,,,,,,,,,,,,,,,,1,1,22,,0.0,,,,,,,,,,,,,1,1,22,,0.0,0,0,0,0,0,0,0,0,0,,,,,1,1,,,,,,,,,,,,,,,,,,,,,,,,,,,,,,,,,,,,,,,,,,,,,,,,,,,,,,,,,,,,,,,,,,,,,,,,,,,,,,,,,,,,,,,,,,,,,,,,,,,,,,,,,,,,,,,,,,,,,,,,,,,,,,,,,,,,,,,,,,,,,,,,,,,,,,,,,,,,,,,,,,,,,,,,,,,,,,,,,,,,,,,,,,,,,,,,,,,,,,,,,,,,,,,,,,,,,,,,,,,,,,,,,,,,,,,,,,,,,,,,,,,,,,,,,,,,,,,,,,,,,,,,,,,,,,,,,,,,,,,,,,,,,,,,,,,,,,,,,,,,,,,,,,,,,,,,,,,
23,177o4oau,,0,18,18,Section_7,EndSurvey,2024-09-23 22:10:09.117016,1,,,0.0,,,,,,,,,,,,,,vjx2fex2,,,,,0,1.0,https://app.prolific.com/submissions/complete?cc=C1BTHULB,0.0,Experiment_1_Persistence,23,,0.0,65f5f8674de9e42bafa060ff,1,1,23,,0.0,D,D,D,A,B,B,A,B,A,A,DDDABBABAA,0.2,0,0.0,1,1,23,,0.0,noisy,random,positive,Pass,black,10,2,1,Pass Box,1,1,23,,0.0,D,B,A,C,B,D,A,B,C,D,DBACBDABCD,1.0,Non-STEM Track,,0,0.0,1,1,1,23,,0.0,R,R,R,R,R,R,C,C,C,C,C,RRRRRRCCCCC,1,1,23,,0.0,0,1,1,0,0,0,0,0,0,The math questions were too difficult for me. ,"English, history","I'm in my 50s, so I don't remember how to do math like that. I used to know much more (eg. geometry), but I've forgotten a lot. ",Non-STEM Track,1,1,,,,,,,,,,,,,,,,,,,,,,,,,,,,,,,,,,,,,,,,,,,,,,,,,,,,,,,,,,,,,,,,,,,,,,,,,,,,,,,,,,,,,,,,,,,,,,,,,,,,,,,,,,,,,,,,,,,,,,,,,,,,,,,,,,,,,,,,,,,,,,,,,,,,,,,,,,,,,,,,,,,,,,,,,,,,,,,,,,,,,,,,,,,,,,,,,,,,,,,,,,,,,,,,,,,,,,,,,,,,,,,,,,,,,,,,,,,,,,,,,,,,,,,,,,,,,,,,,,,,,,,,,,,,,,,,,,,,,,,,,,,,,,,,,,,,,,,,,,,,,,,,,,,,,,,,,,,
24,zoem3e5c,,0,4,18,Section_1,Conclusion,2024-09-23 22:10:12.260570,1,,,0.0,,,,,,,,,,,,,,vjx2fex2,,,,,0,1.0,https://app.prolific.com/submissions/complete?cc=C1BTHULB,0.0,Experiment_1_Persistence,24,,0.0,5fc2a5c0ddfca10169395662,1,1,24,,0.0,,,,,,,,,,,,0.0,0,0.0,1,1,24,,0.0,,,,,,,,,,1,1,24,,0.0,,,,,,,,,,,,,,,,,,1,1,24,,0.0,,,,,,,,,,,,,1,1,24,,0.0,0,0,0,0,0,0,0,0,0,,,,,1,1,,,,,,,,,,,,,,,,,,,,,,,,,,,,,,,,,,,,,,,,,,,,,,,,,,,,,,,,,,,,,,,,,,,,,,,,,,,,,,,,,,,,,,,,,,,,,,,,,,,,,,,,,,,,,,,,,,,,,,,,,,,,,,,,,,,,,,,,,,,,,,,,,,,,,,,,,,,,,,,,,,,,,,,,,,,,,,,,,,,,,,,,,,,,,,,,,,,,,,,,,,,,,,,,,,,,,,,,,,,,,,,,,,,,,,,,,,,,,,,,,,,,,,,,,,,,,,,,,,,,,,,,,,,,,,,,,,,,,,,,,,,,,,,,,,,,,,,,,,,,,,,,,,,,,,,,,,,
25,iahly8kh,,0,18,18,Section_7,EndSurvey,2024-09-23 22:11:40.801426,1,,,0.0,,,,,,,,,,,,,,vjx2fex2,,,,,0,1.0,https://app.prolific.com/submissions/complete?cc=C1BTHULB,0.0,Experiment_1_Persistence,25,,0.0,665e299ae07116340f552257,1,1,25,,0.0,B,C,D,C,D,B,C,B,C,C,BCDCDBCBCC,0.2,0,0.0,1,1,25,,0.0,noisy,random,positive,Pass,black,10,1,1,Fail Box,1,1,25,,0.0,D,B,A,C,B,D,A,B,C,D,DBACBDABCD,1.0,Non-STEM Track,,0,0.0,1,1,1,25,,0.0,R,C,R,R,C,C,C,C,C,C,C,RCRRCCCCCCC,1,1,25,,0.0,0,0,0,1,0,0,0,0,0,I know my strengths lie in more artistic fields since I majored in music and teach music. ,Music and banking finance ironically. ,"I was terrible with the math problems! The vocabulary was much better, but it’s been too long since I’ve used functions and algebraic equations to do those well. I’ve done simple financial ratios more recently, but nothing with algebra. ",Non-STEM Track,1,1,,,,,,,,,,,,,,,,,,,,,,,,,,,,,,,,,,,,,,,,,,,,,,,,,,,,,,,,,,,,,,,,,,,,,,,,,,,,,,,,,,,,,,,,,,,,,,,,,,,,,,,,,,,,,,,,,,,,,,,,,,,,,,,,,,,,,,,,,,,,,,,,,,,,,,,,,,,,,,,,,,,,,,,,,,,,,,,,,,,,,,,,,,,,,,,,,,,,,,,,,,,,,,,,,,,,,,,,,,,,,,,,,,,,,,,,,,,,,,,,,,,,,,,,,,,,,,,,,,,,,,,,,,,,,,,,,,,,,,,,,,,,,,,,,,,,,,,,,,,,,,,,,,,,,,,,,,,
26,tv8ozp2i,,0,18,18,Section_7,EndSurvey,2024-09-23 22:11:46.378084,1,,,0.0,,,,,,,,,,,,,,vjx2fex2,,,,,0,1.0,https://app.prolific.com/submissions/complete?cc=C1BTHULB,0.0,Experiment_1_Persistence,26,,0.0,6631babde33da0025fc9c329,1,1,26,,0.0,D,B,C,B,C,C,B,C,B,D,DBCBCCBCBD,0.3,0,0.0,1,1,26,,0.0,noisy,random,positive,Fail,red,25,4,7,Fail Box,1,1,26,,0.0,C,A,C,B,C,D,C,A,C,A,CACBCDCACA,0.5,STEM Track,,0,0.0,7,1,1,26,,0.0,R,C,C,R,C,C,R,C,C,C,C,RCCRCCRCCCC,1,1,26,,0.0,0,1,0,0,0,0,0,0,0,I’m not sure ,English,Good,STEM Track,1,1,,,,,,,,,,,,,,,,,,,,,,,,,,,,,,,,,,,,,,,,,,,,,,,,,,,,,,,,,,,,,,,,,,,,,,,,,,,,,,,,,,,,,,,,,,,,,,,,,,,,,,,,,,,,,,,,,,,,,,,,,,,,,,,,,,,,,,,,,,,,,,,,,,,,,,,,,,,,,,,,,,,,,,,,,,,,,,,,,,,,,,,,,,,,,,,,,,,,,,,,,,,,,,,,,,,,,,,,,,,,,,,,,,,,,,,,,,,,,,,,,,,,,,,,,,,,,,,,,,,,,,,,,,,,,,,,,,,,,,,,,,,,,,,,,,,,,,,,,,,,,,,,,,,,,,,,,,,
27,1mjbcnjy,,0,18,18,Section_7,EndSurvey,2024-09-23 22:11:49.260726,1,,,0.0,,,,,,,,,,,,,,vjx2fex2,,,,,0,1.0,https://app.prolific.com/submissions/complete?cc=C1BTHULB,0.0,Experiment_1_Persistence,27,,0.0,62ab399e15b98baaf3099d60,1,1,27,,0.0,D,A,C,B,B,B,D,C,B,B,DACBBBDCBB,0.8,1,4.706,1,1,27,,0.0,noisy,random,ground,Pass,black,50,6,6,Not Sure,1,1,27,,0.0,B,D,C,B,A,D,C,A,D,C,BDCBADCADC,0.7,STEM Track,,0,0.0,6,1,1,27,,0.0,R,R,R,R,R,R,C,C,C,C,C,RRRRRRCCCCC,1,1,27,,0.0,0,0,1,0,0,0,0,0,0,like to solve problems,i've worked in logistics for most of my life. I've studied business and worked with computers as a passion.,The experience was good overall.,STEM Track,1,1,,,,,,,,,,,,,,,,,,,,,,,,,,,,,,,,,,,,,,,,,,,,,,,,,,,,,,,,,,,,,,,,,,,,,,,,,,,,,,,,,,,,,,,,,,,,,,,,,,,,,,,,,,,,,,,,,,,,,,,,,,,,,,,,,,,,,,,,,,,,,,,,,,,,,,,,,,,,,,,,,,,,,,,,,,,,,,,,,,,,,,,,,,,,,,,,,,,,,,,,,,,,,,,,,,,,,,,,,,,,,,,,,,,,,,,,,,,,,,,,,,,,,,,,,,,,,,,,,,,,,,,,,,,,,,,,,,,,,,,,,,,,,,,,,,,,,,,,,,,,,,,,,,,,,,,,,,,
28,rf96nzlk,,0,18,18,Section_7,EndSurvey,2024-09-23 22:11:50.724930,1,,,0.0,,,,,,,,,,,,,,vjx2fex2,,,,,0,1.0,https://app.prolific.com/submissions/complete?cc=C1BTHULB,0.0,Experiment_1_Persistence,28,,0.0,5ffe7f10255d0c53510370bb,1,1,28,,0.0,C,C,D,A,B,D,B,C,C,A,CCDABDBCCA,0.3,0,0.0,1,1,28,,0.0,noisy,random,ground,Fail,red,80,5,5,Pass Box,1,1,28,,0.0,D,B,A,C,B,D,A,B,C,D,DBACBDABCD,1.0,Non-STEM Track,,0,0.0,5,1,1,28,,0.0,R,R,R,R,R,C,C,C,C,C,C,RRRRRCCCCCC,1,1,28,,0.0,0,0,1,0,1,0,0,0,0,It takes less time for the same result. 20 cents per question for 10 questions is still $2.,"I scored equally high on every section of standardized tests, however, I am a computer science major.",I enjoyed it very much.,Non-STEM Track,1,1,,,,,,,,,,,,,,,,,,,,,,,,,,,,,,,,,,,,,,,,,,,,,,,,,,,,,,,,,,,,,,,,,,,,,,,,,,,,,,,,,,,,,,,,,,,,,,,,,,,,,,,,,,,,,,,,,,,,,,,,,,,,,,,,,,,,,,,,,,,,,,,,,,,,,,,,,,,,,,,,,,,,,,,,,,,,,,,,,,,,,,,,,,,,,,,,,,,,,,,,,,,,,,,,,,,,,,,,,,,,,,,,,,,,,,,,,,,,,,,,,,,,,,,,,,,,,,,,,,,,,,,,,,,,,,,,,,,,,,,,,,,,,,,,,,,,,,,,,,,,,,,,,,,,,,,,,,,
29,5jylxzz2,,0,4,18,Section_1,Conclusion,2024-09-23 22:12:09.911350,1,,,0.0,,,,,,,,,,,,,,vjx2fex2,,,,,0,1.0,https://app.prolific.com/submissions/complete?cc=C1BTHULB,0.0,Experiment_1_Persistence,29,,0.0,633cc1aa68e1e960fd86de6b,1,1,29,,0.0,,,,,,,,,,,,0.0,0,0.0,1,1,29,,0.0,,,,,,,,,,1,1,29,,0.0,,,,,,,,,,,,,,,,,,1,1,29,,0.0,,,,,,,,,,,,,1,1,29,,0.0,0,0,0,0,0,0,0,0,0,,,,,1,1,,,,,,,,,,,,,,,,,,,,,,,,,,,,,,,,,,,,,,,,,,,,,,,,,,,,,,,,,,,,,,,,,,,,,,,,,,,,,,,,,,,,,,,,,,,,,,,,,,,,,,,,,,,,,,,,,,,,,,,,,,,,,,,,,,,,,,,,,,,,,,,,,,,,,,,,,,,,,,,,,,,,,,,,,,,,,,,,,,,,,,,,,,,,,,,,,,,,,,,,,,,,,,,,,,,,,,,,,,,,,,,,,,,,,,,,,,,,,,,,,,,,,,,,,,,,,,,,,,,,,,,,,,,,,,,,,,,,,,,,,,,,,,,,,,,,,,,,,,,,,,,,,,,,,,,,,,,
30,qxs2if05,,0,18,18,Section_7,EndSurvey,2024-09-23 22:12:09.925005,1,,,0.0,,,,,,,,,,,,,,vjx2fex2,,,,,0,1.0,https://app.prolific.com/submissions/complete?cc=C1BTHULB,0.0,Experiment_1_Persistence,30,,0.0,61117ea669dc2baba8b078c6,1,1,30,,0.0,D,A,A,B,D,,D,C,C,A,DAABDDCCA,0.3,0,0.0,1,1,30,,0.0,noisy,random,negative,Fail,red,75,6,5,Fail Box,1,1,30,,0.0,B,C,C,C,B,D,C,B,B,B,BCCCBDCBBB,0.5,STEM Track,,0,0.0,5,1,1,30,,0.0,R,R,R,R,R,C,C,C,C,C,C,RRRRRCCCCCC,1,1,30,,0.0,0,0,1,0,0,0,0,0,0,I am an engineer.,"I studied primarily math and sciences, and work in engineering in manufacturing.",I haven't done algebra and calculus in a while.,STEM Track,1,1,,,,,,,,,,,,,,,,,,,,,,,,,,,,,,,,,,,,,,,,,,,,,,,,,,,,,,,,,,,,,,,,,,,,,,,,,,,,,,,,,,,,,,,,,,,,,,,,,,,,,,,,,,,,,,,,,,,,,,,,,,,,,,,,,,,,,,,,,,,,,,,,,,,,,,,,,,,,,,,,,,,,,,,,,,,,,,,,,,,,,,,,,,,,,,,,,,,,,,,,,,,,,,,,,,,,,,,,,,,,,,,,,,,,,,,,,,,,,,,,,,,,,,,,,,,,,,,,,,,,,,,,,,,,,,,,,,,,,,,,,,,,,,,,,,,,,,,,,,,,,,,,,,,,,,,,,,,
31,1bl9od5z,,0,18,18,Section_7,EndSurvey,2024-09-23 22:12:41.089332,1,,,0.0,,,,,,,,,,,,,,vjx2fex2,,,,,0,1.0,https://app.prolific.com/submissions/complete?cc=C1BTHULB,0.0,Experiment_1_Persistence,31,,0.0,66523b8c5e437336893ddbc5,1,1,31,,0.0,B,D,C,C,D,C,A,C,B,C,BDCCDCACBC,0.2,0,0.0,1,1,31,,0.0,noisy,random,negative,Fail,red,70,6,5,Pass Box,1,1,31,,0.0,C,B,B,C,D,D,C,A,B,C,CBBCDDCABC,0.5,STEM Track,,0,0.0,5,1,1,31,,0.0,R,R,R,C,C,C,C,C,C,C,C,RRRCCCCCCCC,1,1,31,,0.0,1,0,0,0,0,0,0,0,0,i felt that  ,english math biology,3,STEM Track,1,1,,,,,,,,,,,,,,,,,,,,,,,,,,,,,,,,,,,,,,,,,,,,,,,,,,,,,,,,,,,,,,,,,,,,,,,,,,,,,,,,,,,,,,,,,,,,,,,,,,,,,,,,,,,,,,,,,,,,,,,,,,,,,,,,,,,,,,,,,,,,,,,,,,,,,,,,,,,,,,,,,,,,,,,,,,,,,,,,,,,,,,,,,,,,,,,,,,,,,,,,,,,,,,,,,,,,,,,,,,,,,,,,,,,,,,,,,,,,,,,,,,,,,,,,,,,,,,,,,,,,,,,,,,,,,,,,,,,,,,,,,,,,,,,,,,,,,,,,,,,,,,,,,,,,,,,,,,,
32,h1i5adrp,,0,18,18,Section_7,EndSurvey,2024-09-23 22:13:01.370660,1,,,0.0,,,,,,,,,,,,,,vjx2fex2,,,,,0,1.0,https://app.prolific.com/submissions/complete?cc=C1BTHULB,0.0,Experiment_1_Persistence,32,,0.0,6567e5ab716b73eaff1ff2a6,1,1,32,,0.0,D,A,A,B,B,B,D,A,B,B,DAABBBDABB,0.6,0,0.0,1,1,32,,0.0,noisy,random,positive,Pass,red,70,6,5,Fail Box,1,1,32,,0.0,D,B,A,C,B,D,A,B,C,D,DBACBDABCD,1.0,Non-STEM Track,,0,0.0,5,1,1,32,,0.0,R,R,R,R,R,C,C,C,C,C,C,RRRRRCCCCCC,1,1,32,,0.0,0,0,1,0,0,0,0,0,0,I have more faith in my Non-STEM abilities.,"Psychology, education",N/A,Non-STEM Track,1,1,,,,,,,,,,,,,,,,,,,,,,,,,,,,,,,,,,,,,,,,,,,,,,,,,,,,,,,,,,,,,,,,,,,,,,,,,,,,,,,,,,,,,,,,,,,,,,,,,,,,,,,,,,,,,,,,,,,,,,,,,,,,,,,,,,,,,,,,,,,,,,,,,,,,,,,,,,,,,,,,,,,,,,,,,,,,,,,,,,,,,,,,,,,,,,,,,,,,,,,,,,,,,,,,,,,,,,,,,,,,,,,,,,,,,,,,,,,,,,,,,,,,,,,,,,,,,,,,,,,,,,,,,,,,,,,,,,,,,,,,,,,,,,,,,,,,,,,,,,,,,,,,,,,,,,,,,,,
33,59y55fua,,0,18,18,Section_7,EndSurvey,2024-09-23 22:13:15.142328,1,,,0.0,,,,,,,,,,,,,,vjx2fex2,,,,,0,1.0,https://app.prolific.com/submissions/complete?cc=C1BTHULB,0.0,Experiment_1_Persistence,33,,0.0,6678af8d6cf6a2c7fd356771,1,1,33,,0.0,B,A,B,B,A,B,A,B,A,B,BABBABABAB,0.4,0,0.0,1,1,33,,0.0,noisy,random,positive,Pass,black,35,4,4,Pass Box,1,1,33,,0.0,D,B,A,C,B,D,A,B,C,D,DBACBDABCD,1.0,Non-STEM Track,,0,0.0,4,1,1,33,,0.0,R,R,R,R,R,R,C,C,C,C,C,RRRRRRCCCCC,1,1,33,,0.0,0,1,1,0,0,0,0,0,0,i knew i would get them right,all stem related and advanced english as well as spanish,very simple,Non-STEM Track,1,1,,,,,,,,,,,,,,,,,,,,,,,,,,,,,,,,,,,,,,,,,,,,,,,,,,,,,,,,,,,,,,,,,,,,,,,,,,,,,,,,,,,,,,,,,,,,,,,,,,,,,,,,,,,,,,,,,,,,,,,,,,,,,,,,,,,,,,,,,,,,,,,,,,,,,,,,,,,,,,,,,,,,,,,,,,,,,,,,,,,,,,,,,,,,,,,,,,,,,,,,,,,,,,,,,,,,,,,,,,,,,,,,,,,,,,,,,,,,,,,,,,,,,,,,,,,,,,,,,,,,,,,,,,,,,,,,,,,,,,,,,,,,,,,,,,,,,,,,,,,,,,,,,,,,,,,,,,,
34,oo3umm1m,,0,5,18,Section_2_3,Section_2,2024-09-23 22:13:18.950984,1,,,0.0,,,,,,,,,,,,,,vjx2fex2,,,,,0,1.0,https://app.prolific.com/submissions/complete?cc=C1BTHULB,0.0,Experiment_1_Persistence,34,,0.0,668203e5b5344a77458cb4f9,1,1,34,,0.0,,,,,,,,,,,,0.0,0,0.0,1,1,34,,0.0,,,,,,,,,,1,1,34,,0.0,,,,,,,,,,,,,,,,,,1,1,34,,0.0,,,,,,,,,,,,,1,1,34,,0.0,0,0,0,0,0,0,0,0,0,,,,,1,1,,,,,,,,,,,,,,,,,,,,,,,,,,,,,,,,,,,,,,,,,,,,,,,,,,,,,,,,,,,,,,,,,,,,,,,,,,,,,,,,,,,,,,,,,,,,,,,,,,,,,,,,,,,,,,,,,,,,,,,,,,,,,,,,,,,,,,,,,,,,,,,,,,,,,,,,,,,,,,,,,,,,,,,,,,,,,,,,,,,,,,,,,,,,,,,,,,,,,,,,,,,,,,,,,,,,,,,,,,,,,,,,,,,,,,,,,,,,,,,,,,,,,,,,,,,,,,,,,,,,,,,,,,,,,,,,,,,,,,,,,,,,,,,,,,,,,,,,,,,,,,,,,,,,,,,,,,,
35,m1edg9es,,0,18,18,Section_7,EndSurvey,2024-09-23 22:13:39.321488,1,,,0.0,,,,,,,,,,,,,,vjx2fex2,,,,,0,1.0,https://app.prolific.com/submissions/complete?cc=C1BTHULB,0.0,Experiment_1_Persistence,35,,0.0,65779c4bde34621ce896b77d,1,1,35,,0.0,A,B,C,D,A,B,C,D,B,D,ABCDABCDBD,0.3,3,227.638,1,1,35,,0.0,noisy,random,positive,Pass,black,33,3,3,Fail Box,1,1,35,,0.0,B,A,B,D,C,C,D,B,B,D,BABDCCDBBD,0.3,STEM Track,,0,0.0,3,1,1,35,,0.0,R,R,R,R,R,R,R,R,C,C,C,RRRRRRRRCCC,1,1,35,,0.0,0,0,1,0,0,0,0,0,0,No idea.,Literature.,"It was difficult, as I haven't practiced math in years. ",STEM Track,1,1,,,,,,,,,,,,,,,,,,,,,,,,,,,,,,,,,,,,,,,,,,,,,,,,,,,,,,,,,,,,,,,,,,,,,,,,,,,,,,,,,,,,,,,,,,,,,,,,,,,,,,,,,,,,,,,,,,,,,,,,,,,,,,,,,,,,,,,,,,,,,,,,,,,,,,,,,,,,,,,,,,,,,,,,,,,,,,,,,,,,,,,,,,,,,,,,,,,,,,,,,,,,,,,,,,,,,,,,,,,,,,,,,,,,,,,,,,,,,,,,,,,,,,,,,,,,,,,,,,,,,,,,,,,,,,,,,,,,,,,,,,,,,,,,,,,,,,,,,,,,,,,,,,,,,,,,,,,
36,rskx1t81,,0,18,18,Section_7,EndSurvey,2024-09-23 22:13:40.411424,1,,,0.0,,,,,,,,,,,,,,vjx2fex2,,,,,0,1.0,https://app.prolific.com/submissions/complete?cc=C1BTHULB,0.0,Experiment_1_Persistence,36,,0.0,5c088a0b66706a0001048ca6,1,1,36,,0.0,B,B,D,A,D,B,D,B,B,B,BBDADBDBBB,0.3,1,21.591,1,1,36,,0.0,noisy,random,positive,Pass,black,60,3,3,Pass Box,1,1,36,,0.0,B,C,A,B,A,D,C,C,B,B,BCABADCCBB,0.5,STEM Track,,0,0.0,3,1,1,36,,0.0,R,R,R,R,C,C,C,C,C,C,C,RRRRCCCCCCC,1,1,36,,0.0,0,1,1,0,0,0,0,0,0,i felt comfortable being able to answer 3 of the questions right. non-stem coveres too wide of a subject area that i wasn't as confident that i could answer anything right,finance and accounting,it was fun to try and do things i haven't done in a lot of years,STEM Track,1,1,,,,,,,,,,,,,,,,,,,,,,,,,,,,,,,,,,,,,,,,,,,,,,,,,,,,,,,,,,,,,,,,,,,,,,,,,,,,,,,,,,,,,,,,,,,,,,,,,,,,,,,,,,,,,,,,,,,,,,,,,,,,,,,,,,,,,,,,,,,,,,,,,,,,,,,,,,,,,,,,,,,,,,,,,,,,,,,,,,,,,,,,,,,,,,,,,,,,,,,,,,,,,,,,,,,,,,,,,,,,,,,,,,,,,,,,,,,,,,,,,,,,,,,,,,,,,,,,,,,,,,,,,,,,,,,,,,,,,,,,,,,,,,,,,,,,,,,,,,,,,,,,,,,,,,,,,,,
37,bcww45io,,0,18,18,Section_7,EndSurvey,2024-09-23 22:13:47.869170,1,,,0.0,,,,,,,,,,,,,,vjx2fex2,,,,,0,1.0,https://app.prolific.com/submissions/complete?cc=C1BTHULB,0.0,Experiment_1_Persistence,37,,0.0,6643e03b662725412dc25b8e,1,1,37,,0.0,D,A,B,C,B,B,D,A,A,C,DABCBBDAAC,0.4,0,0.0,1,1,37,,0.0,noisy,random,positive,Pass,red,1,1,2,Fail Box,1,1,37,,0.0,D,B,A,C,B,D,A,B,C,D,DBACBDABCD,1.0,Non-STEM Track,,0,0.0,2,1,1,37,,0.0,R,R,R,R,C,C,C,C,C,C,C,RRRRCCCCCCC,1,1,37,,0.0,0,0,1,0,0,0,0,0,0,Because I had no idea how to answer the STEM questions. I tried to do the first one but quickly realized I did not remember enough math to even try them. ,English and information science,It appears that the first test was meant to be so hard that basically no one taking the survey could be very likely to do well. ,Non-STEM Track,1,1,,,,,,,,,,,,,,,,,,,,,,,,,,,,,,,,,,,,,,,,,,,,,,,,,,,,,,,,,,,,,,,,,,,,,,,,,,,,,,,,,,,,,,,,,,,,,,,,,,,,,,,,,,,,,,,,,,,,,,,,,,,,,,,,,,,,,,,,,,,,,,,,,,,,,,,,,,,,,,,,,,,,,,,,,,,,,,,,,,,,,,,,,,,,,,,,,,,,,,,,,,,,,,,,,,,,,,,,,,,,,,,,,,,,,,,,,,,,,,,,,,,,,,,,,,,,,,,,,,,,,,,,,,,,,,,,,,,,,,,,,,,,,,,,,,,,,,,,,,,,,,,,,,,,,,,,,,,
38,mufhot6v,,0,18,18,Section_7,EndSurvey,2024-09-23 22:13:54.274390,1,,,0.0,,,,,,,,,,,,,,vjx2fex2,,,,,0,1.0,https://app.prolific.com/submissions/complete?cc=C1BTHULB,0.0,Experiment_1_Persistence,38,,0.0,66b292dbd488481b03beb3f7,1,1,38,,0.0,D,B,A,A,C,A,C,C,A,A,DBAACACCAA,0.1,0,0.0,1,1,38,,0.0,noisy,random,positive,Fail,red,0,1,2,Fail Box,1,1,38,,0.0,B,C,B,B,A,D,C,C,B,B,BCBBADCCBB,0.5,STEM Track,,0,0.0,2,1,1,38,,0.0,R,R,R,R,R,C,C,C,C,C,C,RRRRRCCCCCC,1,1,38,,0.0,0,0,1,0,0,0,0,0,0,I liked the idea of a challenge.,My main area of study is History. I work in the IT field.,No feedback,STEM Track,1,1,,,,,,,,,,,,,,,,,,,,,,,,,,,,,,,,,,,,,,,,,,,,,,,,,,,,,,,,,,,,,,,,,,,,,,,,,,,,,,,,,,,,,,,,,,,,,,,,,,,,,,,,,,,,,,,,,,,,,,,,,,,,,,,,,,,,,,,,,,,,,,,,,,,,,,,,,,,,,,,,,,,,,,,,,,,,,,,,,,,,,,,,,,,,,,,,,,,,,,,,,,,,,,,,,,,,,,,,,,,,,,,,,,,,,,,,,,,,,,,,,,,,,,,,,,,,,,,,,,,,,,,,,,,,,,,,,,,,,,,,,,,,,,,,,,,,,,,,,,,,,,,,,,,,,,,,,,,
39,o4m8kj9n,,0,1,18,Intro,Intro,2024-09-23 22:13:54.413281,1,,,0.0,,,,,,,,,,,,,,vjx2fex2,,,,,0,1.0,https://app.prolific.com/submissions/complete?cc=C1BTHULB,0.0,Experiment_1_Persistence,39,,0.0,,1,1,39,,0.0,,,,,,,,,,,,,,,1,1,39,,0.0,,,,,,,,,,1,1,39,,0.0,,,,,,,,,,,,,,,,,,1,1,39,,0.0,,,,,,,,,,,,,1,1,39,,0.0,0,0,0,0,0,0,0,0,0,,,,,1,1,,,,,,,,,,,,,,,,,,,,,,,,,,,,,,,,,,,,,,,,,,,,,,,,,,,,,,,,,,,,,,,,,,,,,,,,,,,,,,,,,,,,,,,,,,,,,,,,,,,,,,,,,,,,,,,,,,,,,,,,,,,,,,,,,,,,,,,,,,,,,,,,,,,,,,,,,,,,,,,,,,,,,,,,,,,,,,,,,,,,,,,,,,,,,,,,,,,,,,,,,,,,,,,,,,,,,,,,,,,,,,,,,,,,,,,,,,,,,,,,,,,,,,,,,,,,,,,,,,,,,,,,,,,,,,,,,,,,,,,,,,,,,,,,,,,,,,,,,,,,,,,,,,,,,,,,,,,
40,knzgmgkf,,0,18,18,Section_7,EndSurvey,2024-09-23 22:13:57.171621,1,,,0.0,,,,,,,,,,,,,,vjx2fex2,,,,,0,1.0,https://app.prolific.com/submissions/complete?cc=C1BTHULB,0.0,Experiment_1_Persistence,40,,0.0,6618b5800be90e3b4abbc70d,1,1,40,,0.0,B,B,D,B,B,D,A,B,C,C,BBDBBDABCC,0.3,0,0.0,1,1,40,,0.0,noisy,random,ground,Pass,black,4,1,1,Pass Box,1,1,40,,0.0,D,B,A,C,B,D,A,B,C,D,DBACBDABCD,1.0,Non-STEM Track,,0,0.0,1,1,1,40,,0.0,R,R,R,R,R,C,C,C,C,C,C,RRRRRCCCCCC,1,1,40,,0.0,0,0,1,0,0,0,0,0,0,Because I didn't need any of the science and math I learned in school for my job,English,The math was hard,Non-STEM Track,1,1,,,,,,,,,,,,,,,,,,,,,,,,,,,,,,,,,,,,,,,,,,,,,,,,,,,,,,,,,,,,,,,,,,,,,,,,,,,,,,,,,,,,,,,,,,,,,,,,,,,,,,,,,,,,,,,,,,,,,,,,,,,,,,,,,,,,,,,,,,,,,,,,,,,,,,,,,,,,,,,,,,,,,,,,,,,,,,,,,,,,,,,,,,,,,,,,,,,,,,,,,,,,,,,,,,,,,,,,,,,,,,,,,,,,,,,,,,,,,,,,,,,,,,,,,,,,,,,,,,,,,,,,,,,,,,,,,,,,,,,,,,,,,,,,,,,,,,,,,,,,,,,,,,,,,,,,,,,
41,poikqkxs,,0,4,18,Section_1,Conclusion,2024-09-23 22:14:09.920807,1,,,0.0,,,,,,,,,,,,,,vjx2fex2,,,,,0,1.0,https://app.prolific.com/submissions/complete?cc=C1BTHULB,0.0,Experiment_1_Persistence,41,,0.0,66d4903e6c0573a23634c7df,1,1,41,,0.0,,,,,,,,,,,,0.0,0,0.0,1,1,41,,0.0,,,,,,,,,,1,1,41,,0.0,,,,,,,,,,,,,,,,,,1,1,41,,0.0,,,,,,,,,,,,,1,1,41,,0.0,0,0,0,0,0,0,0,0,0,,,,,1,1,,,,,,,,,,,,,,,,,,,,,,,,,,,,,,,,,,,,,,,,,,,,,,,,,,,,,,,,,,,,,,,,,,,,,,,,,,,,,,,,,,,,,,,,,,,,,,,,,,,,,,,,,,,,,,,,,,,,,,,,,,,,,,,,,,,,,,,,,,,,,,,,,,,,,,,,,,,,,,,,,,,,,,,,,,,,,,,,,,,,,,,,,,,,,,,,,,,,,,,,,,,,,,,,,,,,,,,,,,,,,,,,,,,,,,,,,,,,,,,,,,,,,,,,,,,,,,,,,,,,,,,,,,,,,,,,,,,,,,,,,,,,,,,,,,,,,,,,,,,,,,,,,,,,,,,,,,,
42,lrd8i4vv,,0,18,18,Section_7,EndSurvey,2024-09-23 22:14:21.415193,1,,,0.0,,,,,,,,,,,,,,vjx2fex2,,,,,0,1.0,https://app.prolific.com/submissions/complete?cc=C1BTHULB,0.0,Experiment_1_Persistence,42,,0.0,666dac30bb422b3ca6af02f8,1,1,42,,0.0,B,C,B,C,A,D,C,C,A,C,BCBCADCCAC,0.1,0,0.0,1,1,42,,0.0,noisy,random,positive,Pass,red,35,0,0,Fail Box,1,1,42,,0.0,D,B,A,C,B,D,A,B,C,D,DBACBDABCD,1.0,Non-STEM Track,,0,0.0,0,1,1,42,,0.0,R,R,R,R,R,R,C,C,C,C,C,RRRRRRCCCCC,1,1,42,,0.0,0,0,1,0,1,0,0,0,0,a chance at a little money is better then non ,customer service ,i hated this ,Non-STEM Track,1,1,,,,,,,,,,,,,,,,,,,,,,,,,,,,,,,,,,,,,,,,,,,,,,,,,,,,,,,,,,,,,,,,,,,,,,,,,,,,,,,,,,,,,,,,,,,,,,,,,,,,,,,,,,,,,,,,,,,,,,,,,,,,,,,,,,,,,,,,,,,,,,,,,,,,,,,,,,,,,,,,,,,,,,,,,,,,,,,,,,,,,,,,,,,,,,,,,,,,,,,,,,,,,,,,,,,,,,,,,,,,,,,,,,,,,,,,,,,,,,,,,,,,,,,,,,,,,,,,,,,,,,,,,,,,,,,,,,,,,,,,,,,,,,,,,,,,,,,,,,,,,,,,,,,,,,,,,,,
43,hr3pfv0z,,0,18,18,Section_7,EndSurvey,2024-09-23 22:14:48.455195,1,,,0.0,,,,,,,,,,,,,,vjx2fex2,,,,,0,1.0,https://app.prolific.com/submissions/complete?cc=C1BTHULB,0.0,Experiment_1_Persistence,43,,0.0,66abad4419dd4212c375366c,1,1,43,,0.0,D,A,D,B,C,C,D,B,C,A,DADBCCDBCA,0.4,0,0.0,1,1,43,,0.0,noisy,random,positive,Fail,red,50,6,5,Fail Box,1,1,43,,0.0,B,D,C,B,B,D,C,A,B,C,BDCBBDCABC,0.7,STEM Track,,0,0.0,5,1,1,43,,0.0,R,R,R,R,C,C,C,C,C,C,C,RRRRCCCCCCC,1,1,43,,0.0,0,0,1,1,0,1,0,0,0,I didn't know how many questions the non-stem track would have.,"Web design, sales",Extremely confusing and at one point thought the entire point of the process was to create feelings of annoyance and confusion.,STEM Track,1,1,,,,,,,,,,,,,,,,,,,,,,,,,,,,,,,,,,,,,,,,,,,,,,,,,,,,,,,,,,,,,,,,,,,,,,,,,,,,,,,,,,,,,,,,,,,,,,,,,,,,,,,,,,,,,,,,,,,,,,,,,,,,,,,,,,,,,,,,,,,,,,,,,,,,,,,,,,,,,,,,,,,,,,,,,,,,,,,,,,,,,,,,,,,,,,,,,,,,,,,,,,,,,,,,,,,,,,,,,,,,,,,,,,,,,,,,,,,,,,,,,,,,,,,,,,,,,,,,,,,,,,,,,,,,,,,,,,,,,,,,,,,,,,,,,,,,,,,,,,,,,,,,,,,,,,,,,,,
44,panmc5yg,,0,18,18,Section_7,EndSurvey,2024-09-23 22:14:51.172081,1,,,0.0,,,,,,,,,,,,,,vjx2fex2,,,,,0,1.0,https://app.prolific.com/submissions/complete?cc=C1BTHULB,0.0,Experiment_1_Persistence,44,,0.0,66c42da12cca15dd8d446e9a,1,1,44,,0.0,C,B,D,C,D,C,C,A,C,B,CBDCDCCACB,0.2,0,0.0,1,1,44,,0.0,noisy,random,ground,Fail,red,50,3,5,Fail Box,1,1,44,,0.0,D,B,A,C,B,D,A,B,C,D,DBACBDABCD,1.0,Non-STEM Track,,0,0.0,5,1,1,44,,0.0,R,R,R,C,C,C,C,C,C,C,C,RRRCCCCCCCC,1,1,44,,0.0,0,0,1,0,0,0,0,0,0,I'm not good at math,Science and English,,Non-STEM Track,1,1,,,,,,,,,,,,,,,,,,,,,,,,,,,,,,,,,,,,,,,,,,,,,,,,,,,,,,,,,,,,,,,,,,,,,,,,,,,,,,,,,,,,,,,,,,,,,,,,,,,,,,,,,,,,,,,,,,,,,,,,,,,,,,,,,,,,,,,,,,,,,,,,,,,,,,,,,,,,,,,,,,,,,,,,,,,,,,,,,,,,,,,,,,,,,,,,,,,,,,,,,,,,,,,,,,,,,,,,,,,,,,,,,,,,,,,,,,,,,,,,,,,,,,,,,,,,,,,,,,,,,,,,,,,,,,,,,,,,,,,,,,,,,,,,,,,,,,,,,,,,,,,,,,,,,,,,,,,
45,jstsoqze,,0,18,18,Section_7,EndSurvey,2024-09-23 22:14:54.372671,1,,,0.0,,,,,,,,,,,,,,vjx2fex2,,,,,0,1.0,https://app.prolific.com/submissions/complete?cc=C1BTHULB,0.0,Experiment_1_Persistence,45,,0.0,66709d5de1ed04d2139acb78,1,1,45,,0.0,D,D,C,B,C,C,B,B,B,D,DDCBCCBBBD,0.2,0,0.0,1,1,45,,0.0,noisy,random,positive,Fail,red,30,3,4,Fail Box,1,1,45,,0.0,C,C,B,A,D,D,C,B,C,D,CCBADDCBCD,0.3,STEM Track,,0,0.0,4,1,1,45,,0.0,R,R,R,R,C,C,C,C,C,C,C,RRRRCCCCCCC,1,1,45,,0.0,0,0,1,0,0,0,0,0,0,sounded like the better deal for me,history and literature,no,STEM Track,1,1,,,,,,,,,,,,,,,,,,,,,,,,,,,,,,,,,,,,,,,,,,,,,,,,,,,,,,,,,,,,,,,,,,,,,,,,,,,,,,,,,,,,,,,,,,,,,,,,,,,,,,,,,,,,,,,,,,,,,,,,,,,,,,,,,,,,,,,,,,,,,,,,,,,,,,,,,,,,,,,,,,,,,,,,,,,,,,,,,,,,,,,,,,,,,,,,,,,,,,,,,,,,,,,,,,,,,,,,,,,,,,,,,,,,,,,,,,,,,,,,,,,,,,,,,,,,,,,,,,,,,,,,,,,,,,,,,,,,,,,,,,,,,,,,,,,,,,,,,,,,,,,,,,,,,,,,,,,
46,h0nfd7f1,,0,18,18,Section_7,EndSurvey,2024-09-23 22:14:57.062095,1,,,0.0,,,,,,,,,,,,,,vjx2fex2,,,,,0,1.0,https://app.prolific.com/submissions/complete?cc=C1BTHULB,0.0,Experiment_1_Persistence,46,,0.0,61088f1ee7c47da77940844a,1,1,46,,0.0,D,D,B,C,A,A,A,A,B,A,DDBCAAAABA,0.0,0,0.0,1,1,46,,0.0,noisy,random,positive,Fail,red,10,1,3,Fail Box,1,1,46,,0.0,D,B,A,C,B,D,A,B,C,D,DBACBDABCD,1.0,Non-STEM Track,,0,0.0,3,1,1,46,,0.0,R,R,R,R,C,C,C,C,C,C,C,RRRRCCCCCCC,1,1,46,,0.0,0,0,1,0,0,0,0,0,0,I’ve never been good at math or been able to focus with it. I consistently excelled at writing and being creative. Although the more I learn about space now I wish I did do better in school so I could’ve focused on that.,"Communications, fashion, manufacturing and automotive",The math right off the bat really confused me at first. I felt much smarter when I could figure out the words.,Non-STEM Track,1,1,,,,,,,,,,,,,,,,,,,,,,,,,,,,,,,,,,,,,,,,,,,,,,,,,,,,,,,,,,,,,,,,,,,,,,,,,,,,,,,,,,,,,,,,,,,,,,,,,,,,,,,,,,,,,,,,,,,,,,,,,,,,,,,,,,,,,,,,,,,,,,,,,,,,,,,,,,,,,,,,,,,,,,,,,,,,,,,,,,,,,,,,,,,,,,,,,,,,,,,,,,,,,,,,,,,,,,,,,,,,,,,,,,,,,,,,,,,,,,,,,,,,,,,,,,,,,,,,,,,,,,,,,,,,,,,,,,,,,,,,,,,,,,,,,,,,,,,,,,,,,,,,,,,,,,,,,,,
47,u3jgae6l,,0,18,18,Section_7,EndSurvey,2024-09-23 22:15:03.361188,1,,,0.0,,,,,,,,,,,,,,vjx2fex2,,,,,0,1.0,https://app.prolific.com/submissions/complete?cc=C1BTHULB,0.0,Experiment_1_Persistence,47,,0.0,668e256e72fec0873be580cd,1,1,47,,0.0,B,A,A,C,D,C,B,B,C,A,BAACDCBBCA,0.2,0,0.0,1,1,47,,0.0,noisy,random,positive,Pass,red,10,1,2,Pass Box,1,1,47,,0.0,D,B,A,C,B,D,A,B,C,D,DBACBDABCD,1.0,Non-STEM Track,,0,0.0,2,1,1,47,,0.0,R,R,C,C,C,C,C,C,C,C,C,RRCCCCCCCCC,1,1,47,,0.0,0,0,1,1,1,0,0,0,0,My skills are much more honed and efficient in questions that do not include math or problem solving.,I only finished to high school so I studied what was required of me. I've worked in customer service and manufacturing plants.,The STEM portion was very frustrating and made me upset but other than that I think it was alright.,Non-STEM Track,1,1,,,,,,,,,,,,,,,,,,,,,,,,,,,,,,,,,,,,,,,,,,,,,,,,,,,,,,,,,,,,,,,,,,,,,,,,,,,,,,,,,,,,,,,,,,,,,,,,,,,,,,,,,,,,,,,,,,,,,,,,,,,,,,,,,,,,,,,,,,,,,,,,,,,,,,,,,,,,,,,,,,,,,,,,,,,,,,,,,,,,,,,,,,,,,,,,,,,,,,,,,,,,,,,,,,,,,,,,,,,,,,,,,,,,,,,,,,,,,,,,,,,,,,,,,,,,,,,,,,,,,,,,,,,,,,,,,,,,,,,,,,,,,,,,,,,,,,,,,,,,,,,,,,,,,,,,,,,
48,m8x2w9sw,,0,18,18,Section_7,EndSurvey,2024-09-23 22:15:23.472453,1,,,0.0,,,,,,,,,,,,,,vjx2fex2,,,,,0,1.0,https://app.prolific.com/submissions/complete?cc=C1BTHULB,0.0,Experiment_1_Persistence,48,,0.0,5c52016a3146f80001d47b26,1,1,48,,0.0,A,A,A,B,B,B,A,A,B,A,AAABBBAABA,0.5,0,0.0,1,1,48,,0.0,noisy,random,ground,Pass,red,80,4,4,Pass Box,1,1,48,,0.0,B,D,C,C,A,D,C,A,B,C,BDCCADCABC,0.8,STEM Track,,0,0.0,4,1,1,48,,0.0,R,R,R,R,C,C,C,C,C,C,C,RRRRCCCCCCC,1,1,48,,0.0,0,0,1,0,0,0,0,0,0,I thought you could make more money.,"BIology and chemistry, phsychology. worked in healthcare.","was fine, hard for the pay, demanding",STEM Track,1,1,,,,,,,,,,,,,,,,,,,,,,,,,,,,,,,,,,,,,,,,,,,,,,,,,,,,,,,,,,,,,,,,,,,,,,,,,,,,,,,,,,,,,,,,,,,,,,,,,,,,,,,,,,,,,,,,,,,,,,,,,,,,,,,,,,,,,,,,,,,,,,,,,,,,,,,,,,,,,,,,,,,,,,,,,,,,,,,,,,,,,,,,,,,,,,,,,,,,,,,,,,,,,,,,,,,,,,,,,,,,,,,,,,,,,,,,,,,,,,,,,,,,,,,,,,,,,,,,,,,,,,,,,,,,,,,,,,,,,,,,,,,,,,,,,,,,,,,,,,,,,,,,,,,,,,,,,,,
49,62pat4ag,,0,18,18,Section_7,EndSurvey,2024-09-23 22:15:32.922699,1,,,0.0,,,,,,,,,,,,,,vjx2fex2,,,,,0,1.0,https://app.prolific.com/submissions/complete?cc=C1BTHULB,0.0,Experiment_1_Persistence,49,,0.0,66788269add67a4a8e717ce2,1,1,49,,0.0,B,A,B,C,C,C,B,B,C,A,BABCCCBBCA,0.2,0,0.0,1,1,49,,0.0,noisy,random,ground,Fail,red,30,3,5,Fail Box,1,1,49,,0.0,D,B,A,C,B,D,A,B,C,D,DBACBDABCD,1.0,Non-STEM Track,,0,0.0,5,1,1,49,,0.0,R,R,R,R,R,R,C,C,C,C,C,RRRRRRCCCCC,1,1,49,,0.0,0,0,1,0,1,0,0,0,0,I chose the non-STEM track because I wasn't confident in my math answers at the beginning of the survey.,I have a background in Supply Chain Management and currently work in the federal sector.,"My experience with the survey was fine. I felt a bit defeated since I didn't perform as well as I had hoped, but I appreciate the opportunity to participate.",Non-STEM Track,1,1,,,,,,,,,,,,,,,,,,,,,,,,,,,,,,,,,,,,,,,,,,,,,,,,,,,,,,,,,,,,,,,,,,,,,,,,,,,,,,,,,,,,,,,,,,,,,,,,,,,,,,,,,,,,,,,,,,,,,,,,,,,,,,,,,,,,,,,,,,,,,,,,,,,,,,,,,,,,,,,,,,,,,,,,,,,,,,,,,,,,,,,,,,,,,,,,,,,,,,,,,,,,,,,,,,,,,,,,,,,,,,,,,,,,,,,,,,,,,,,,,,,,,,,,,,,,,,,,,,,,,,,,,,,,,,,,,,,,,,,,,,,,,,,,,,,,,,,,,,,,,,,,,,,,,,,,,,,
50,cp83yf55,,0,18,18,Section_7,EndSurvey,2024-09-23 22:15:47.540878,1,,,0.0,,,,,,,,,,,,,,vjx2fex2,,,,,0,1.0,https://app.prolific.com/submissions/complete?cc=C1BTHULB,0.0,Experiment_1_Persistence,50,,0.0,65ae191c57e63be257b9df91,1,1,50,,0.0,D,A,,,,,,,,,DA,0.1,0,0.0,1,1,50,,0.0,noisy,random,ground,Pass,black,25,1,0,Pass Box,1,1,50,,0.0,B,B,D,C,A,D,C,C,B,C,BBDCADCCBC,0.6,STEM Track,,0,0.0,0,1,1,50,,0.0,R,R,R,R,R,C,C,C,C,C,C,RRRRRCCCCCC,1,1,50,,0.0,0,0,1,0,0,0,0,0,0,I felt more comfortable once I realized the rigor of the problems.,Science,It was fun I liked it,STEM Track,1,1,,,,,,,,,,,,,,,,,,,,,,,,,,,,,,,,,,,,,,,,,,,,,,,,,,,,,,,,,,,,,,,,,,,,,,,,,,,,,,,,,,,,,,,,,,,,,,,,,,,,,,,,,,,,,,,,,,,,,,,,,,,,,,,,,,,,,,,,,,,,,,,,,,,,,,,,,,,,,,,,,,,,,,,,,,,,,,,,,,,,,,,,,,,,,,,,,,,,,,,,,,,,,,,,,,,,,,,,,,,,,,,,,,,,,,,,,,,,,,,,,,,,,,,,,,,,,,,,,,,,,,,,,,,,,,,,,,,,,,,,,,,,,,,,,,,,,,,,,,,,,,,,,,,,,,,,,,,
51,dw0brca2,,0,18,18,Section_7,EndSurvey,2024-09-23 22:15:53.561031,1,,,0.0,,,,,,,,,,,,,,vjx2fex2,,,,,0,1.0,https://app.prolific.com/submissions/complete?cc=C1BTHULB,0.0,Experiment_1_Persistence,51,,0.0,5efc8ca828b0ee031d8e7148,1,1,51,,0.0,D,A,B,D,D,D,D,D,D,A,DABDDDDDDA,0.2,0,0.0,1,1,51,,0.0,noisy,random,negative,Fail,red,50,2,3,Pass Box,1,1,51,,0.0,D,B,A,C,B,D,A,B,C,D,DBACBDABCD,1.0,Non-STEM Track,,0,0.0,3,1,1,51,,0.0,R,R,R,R,R,C,C,C,C,C,C,RRRRRCCCCCC,1,1,51,,0.0,0,0,1,0,1,0,0,0,0,"I haven't done math of the sort in the first stem track in a very long time, so I'm not able to complete such things without using resources to refresh myself first.","General studies in high school, business courses and programming in college.",No feedback,Non-STEM Track,1,1,,,,,,,,,,,,,,,,,,,,,,,,,,,,,,,,,,,,,,,,,,,,,,,,,,,,,,,,,,,,,,,,,,,,,,,,,,,,,,,,,,,,,,,,,,,,,,,,,,,,,,,,,,,,,,,,,,,,,,,,,,,,,,,,,,,,,,,,,,,,,,,,,,,,,,,,,,,,,,,,,,,,,,,,,,,,,,,,,,,,,,,,,,,,,,,,,,,,,,,,,,,,,,,,,,,,,,,,,,,,,,,,,,,,,,,,,,,,,,,,,,,,,,,,,,,,,,,,,,,,,,,,,,,,,,,,,,,,,,,,,,,,,,,,,,,,,,,,,,,,,,,,,,,,,,,,,,,
52,aunazjlj,,0,18,18,Section_7,EndSurvey,2024-09-23 22:15:55.344635,1,,,0.0,,,,,,,,,,,,,,vjx2fex2,,,,,0,1.0,https://app.prolific.com/submissions/complete?cc=C1BTHULB,0.0,Experiment_1_Persistence,52,,0.0,66b377b54a0306cb5d379eca,1,1,52,,0.0,D,D,C,B,C,A,C,C,C,C,DDCBCACCCC,0.4,0,0.0,1,1,52,,0.0,noisy,random,ground,Fail,red,50,3,5,Fail Box,1,1,52,,0.0,B,B,C,C,A,B,D,C,D,C,BBCCABDCDC,0.4,STEM Track,,0,0.0,5,1,1,52,,0.0,R,R,R,R,R,C,C,C,C,C,C,RRRRRCCCCCC,1,1,52,,0.0,0,0,1,0,0,0,0,0,0,I work in healthcare and use STEM track skills daily.,Science and Math,It was good. I wish I took it a few years ago when my math was still fresh.,STEM Track,1,1,,,,,,,,,,,,,,,,,,,,,,,,,,,,,,,,,,,,,,,,,,,,,,,,,,,,,,,,,,,,,,,,,,,,,,,,,,,,,,,,,,,,,,,,,,,,,,,,,,,,,,,,,,,,,,,,,,,,,,,,,,,,,,,,,,,,,,,,,,,,,,,,,,,,,,,,,,,,,,,,,,,,,,,,,,,,,,,,,,,,,,,,,,,,,,,,,,,,,,,,,,,,,,,,,,,,,,,,,,,,,,,,,,,,,,,,,,,,,,,,,,,,,,,,,,,,,,,,,,,,,,,,,,,,,,,,,,,,,,,,,,,,,,,,,,,,,,,,,,,,,,,,,,,,,,,,,,,
53,xavwsw29,,0,18,18,Section_7,EndSurvey,2024-09-23 22:16:18.687743,1,,,0.0,,,,,,,,,,,,,,vjx2fex2,,,,,0,1.0,https://app.prolific.com/submissions/complete?cc=C1BTHULB,0.0,Experiment_1_Persistence,53,,0.0,665a968a895ff62a86e127da,1,1,53,,0.0,C,A,B,C,D,C,B,A,B,B,CABCDCBABB,0.2,0,0.0,1,1,53,,0.0,noisy,random,positive,Fail,red,45,3,5,Fail Box,1,1,53,,0.0,D,B,A,C,B,D,A,B,C,D,DBACBDABCD,1.0,Non-STEM Track,,0,0.0,5,1,1,53,,0.0,R,R,R,R,C,C,C,C,C,C,C,RRRRCCCCCCC,1,1,53,,0.0,0,0,1,0,0,0,0,0,0,Something about not good at math.,Theology,It was tricky. The math was difficult.,Non-STEM Track,1,1,,,,,,,,,,,,,,,,,,,,,,,,,,,,,,,,,,,,,,,,,,,,,,,,,,,,,,,,,,,,,,,,,,,,,,,,,,,,,,,,,,,,,,,,,,,,,,,,,,,,,,,,,,,,,,,,,,,,,,,,,,,,,,,,,,,,,,,,,,,,,,,,,,,,,,,,,,,,,,,,,,,,,,,,,,,,,,,,,,,,,,,,,,,,,,,,,,,,,,,,,,,,,,,,,,,,,,,,,,,,,,,,,,,,,,,,,,,,,,,,,,,,,,,,,,,,,,,,,,,,,,,,,,,,,,,,,,,,,,,,,,,,,,,,,,,,,,,,,,,,,,,,,,,,,,,,,,,
54,3kidxm28,,0,18,18,Section_7,EndSurvey,2024-09-23 22:16:33.083805,1,,,0.0,,,,,,,,,,,,,,vjx2fex2,,,,,0,1.0,https://app.prolific.com/submissions/complete?cc=C1BTHULB,0.0,Experiment_1_Persistence,54,,0.0,66eb0b3b306ab6b9b6b8bf42,1,1,54,,0.0,A,D,A,C,A,D,B,A,B,,ADACADBAB,0.1,0,0.0,1,1,54,,0.0,noisy,random,positive,Fail,red,50,2,3,Fail Box,1,1,54,,0.0,C,D,D,C,B,B,C,A,B,D,CDDCBBCABD,0.3,STEM Track,,0,0.0,3,1,1,54,,0.0,R,R,R,R,R,C,C,C,C,C,C,RRRRRCCCCCC,1,1,54,,0.0,0,1,1,0,0,0,0,0,0,The incentive,Business. I've been in the tech industry for over a decade. Always been bad at math (obviously) so I've stayed away from coding.,"This was an exercise for a type of person very different from myself. Honestly though, I've been out of school for awhile and it's interesting to see what type of thinking STEM programs look for as you see ""STEM"" thrown around without much explanation.",STEM Track,1,1,,,,,,,,,,,,,,,,,,,,,,,,,,,,,,,,,,,,,,,,,,,,,,,,,,,,,,,,,,,,,,,,,,,,,,,,,,,,,,,,,,,,,,,,,,,,,,,,,,,,,,,,,,,,,,,,,,,,,,,,,,,,,,,,,,,,,,,,,,,,,,,,,,,,,,,,,,,,,,,,,,,,,,,,,,,,,,,,,,,,,,,,,,,,,,,,,,,,,,,,,,,,,,,,,,,,,,,,,,,,,,,,,,,,,,,,,,,,,,,,,,,,,,,,,,,,,,,,,,,,,,,,,,,,,,,,,,,,,,,,,,,,,,,,,,,,,,,,,,,,,,,,,,,,,,,,,,,
55,3n2kh12o,,0,18,18,Section_7,EndSurvey,2024-09-23 22:17:13.091458,1,,,0.0,,,,,,,,,,,,,,vjx2fex2,,,,,0,1.0,https://app.prolific.com/submissions/complete?cc=C1BTHULB,0.0,Experiment_1_Persistence,55,,0.0,66ab741a8d04527401802317,1,1,55,,0.0,B,B,B,D,C,D,B,B,A,A,BBBDCDBBAA,0.0,0,0.0,1,1,55,,0.0,noisy,random,ground,Fail,red,50,3,5,Fail Box,1,1,55,,0.0,D,C,C,D,B,D,D,A,B,B,DCCDBDDABB,0.4,STEM Track,,0,0.0,5,1,1,55,,0.0,R,R,R,R,R,R,C,C,C,C,C,RRRRRRCCCCC,1,1,55,,0.0,0,0,1,0,0,0,0,0,0,Possibility of earning more money ,Biomedical/ medical ,It was surprising to see what kind of questions were on the survey ,STEM Track,1,1,,,,,,,,,,,,,,,,,,,,,,,,,,,,,,,,,,,,,,,,,,,,,,,,,,,,,,,,,,,,,,,,,,,,,,,,,,,,,,,,,,,,,,,,,,,,,,,,,,,,,,,,,,,,,,,,,,,,,,,,,,,,,,,,,,,,,,,,,,,,,,,,,,,,,,,,,,,,,,,,,,,,,,,,,,,,,,,,,,,,,,,,,,,,,,,,,,,,,,,,,,,,,,,,,,,,,,,,,,,,,,,,,,,,,,,,,,,,,,,,,,,,,,,,,,,,,,,,,,,,,,,,,,,,,,,,,,,,,,,,,,,,,,,,,,,,,,,,,,,,,,,,,,,,,,,,,,,
56,x0fdmn2n,,0,18,18,Section_7,EndSurvey,2024-09-23 22:17:18.013774,1,,,0.0,,,,,,,,,,,,,,vjx2fex2,,,,,0,1.0,https://app.prolific.com/submissions/complete?cc=C1BTHULB,0.0,Experiment_1_Persistence,56,,0.0,63ae111b15843aca0165d6ae,1,1,56,,0.0,B,B,C,B,D,C,C,B,C,A,BBCBDCCBCA,0.3,0,0.0,1,1,56,,0.0,noisy,random,negative,Fail,red,20,9,4,Fail Box,1,1,56,,0.0,D,B,A,B,B,D,A,B,C,C,DBABBDABCC,0.8,Non-STEM Track,,0,0.0,4,1,1,56,,0.0,R,R,R,R,R,C,C,C,C,C,C,RRRRRCCCCCC,1,1,56,,0.0,1,0,0,0,0,0,1,0,0,A know a Stem school normally deals with students who good at figures and I am noit so good at figures  .That is why I chose a non stem school,I read social sciences and I am at the moment a school Principal,Yes I was told I had completed the section and so I was led on,Non-STEM Track,1,1,,,,,,,,,,,,,,,,,,,,,,,,,,,,,,,,,,,,,,,,,,,,,,,,,,,,,,,,,,,,,,,,,,,,,,,,,,,,,,,,,,,,,,,,,,,,,,,,,,,,,,,,,,,,,,,,,,,,,,,,,,,,,,,,,,,,,,,,,,,,,,,,,,,,,,,,,,,,,,,,,,,,,,,,,,,,,,,,,,,,,,,,,,,,,,,,,,,,,,,,,,,,,,,,,,,,,,,,,,,,,,,,,,,,,,,,,,,,,,,,,,,,,,,,,,,,,,,,,,,,,,,,,,,,,,,,,,,,,,,,,,,,,,,,,,,,,,,,,,,,,,,,,,,,,,,,,,,
57,uxwt5e9u,,0,18,18,Section_7,EndSurvey,2024-09-23 22:17:28.567474,1,,,0.0,,,,,,,,,,,,,,vjx2fex2,,,,,0,1.0,https://app.prolific.com/submissions/complete?cc=C1BTHULB,0.0,Experiment_1_Persistence,57,,0.0,5ee6d6e22472a0463a271bd8,1,1,57,,0.0,,,,,,,,,,,,0.0,0,0.0,1,1,57,,0.0,noisy,random,positive,Fail,red,1,0,5,Fail Box,1,1,57,,0.0,D,B,A,C,B,D,A,B,C,D,DBACBDABCD,1.0,Non-STEM Track,,0,0.0,5,1,1,57,,0.0,R,R,R,R,R,R,C,C,C,C,C,RRRRRRCCCCC,1,1,57,,0.0,0,0,1,0,0,0,0,0,0,"I believe I did poorly on the STEM Track (my mind went blank and I forgot all my high school math). So, I thought I'd give the Non-STEM a try and see what I could do with that.","English, Spanish, German, writing, graphics, journalism, theatre, broadcasting, law, film",It was fun.,Non-STEM Track,1,1,,,,,,,,,,,,,,,,,,,,,,,,,,,,,,,,,,,,,,,,,,,,,,,,,,,,,,,,,,,,,,,,,,,,,,,,,,,,,,,,,,,,,,,,,,,,,,,,,,,,,,,,,,,,,,,,,,,,,,,,,,,,,,,,,,,,,,,,,,,,,,,,,,,,,,,,,,,,,,,,,,,,,,,,,,,,,,,,,,,,,,,,,,,,,,,,,,,,,,,,,,,,,,,,,,,,,,,,,,,,,,,,,,,,,,,,,,,,,,,,,,,,,,,,,,,,,,,,,,,,,,,,,,,,,,,,,,,,,,,,,,,,,,,,,,,,,,,,,,,,,,,,,,,,,,,,,,,
58,qcfgp4f1,,0,18,18,Section_7,EndSurvey,2024-09-23 22:17:43.937858,1,,,0.0,,,,,,,,,,,,,,vjx2fex2,,,,,0,1.0,https://app.prolific.com/submissions/complete?cc=C1BTHULB,0.0,Experiment_1_Persistence,58,,0.0,66f0d6a609c4c8c4a144d915,1,1,58,,0.0,B,A,B,B,B,B,C,C,B,A,BABBBBCCBA,0.5,3,10.017,1,1,58,,0.0,noisy,random,negative,Pass,red,45,4,3,Pass Box,1,1,58,,0.0,B,C,B,C,A,D,C,C,C,C,BCBCADCCCC,0.5,STEM Track,,0,0.0,3,1,1,58,,0.0,R,R,R,R,C,C,C,C,C,C,C,RRRRCCCCCCC,1,1,58,,0.0,1,0,0,0,0,0,0,0,1,Because I am a stem major,calculus and physics,first part was hard second part was easy  ,STEM Track,1,1,,,,,,,,,,,,,,,,,,,,,,,,,,,,,,,,,,,,,,,,,,,,,,,,,,,,,,,,,,,,,,,,,,,,,,,,,,,,,,,,,,,,,,,,,,,,,,,,,,,,,,,,,,,,,,,,,,,,,,,,,,,,,,,,,,,,,,,,,,,,,,,,,,,,,,,,,,,,,,,,,,,,,,,,,,,,,,,,,,,,,,,,,,,,,,,,,,,,,,,,,,,,,,,,,,,,,,,,,,,,,,,,,,,,,,,,,,,,,,,,,,,,,,,,,,,,,,,,,,,,,,,,,,,,,,,,,,,,,,,,,,,,,,,,,,,,,,,,,,,,,,,,,,,,,,,,,,,
59,rqw3mkb5,,0,18,18,Section_7,EndSurvey,2024-09-23 22:17:49.639975,1,,,0.0,,,,,,,,,,,,,,vjx2fex2,,,,,0,1.0,https://app.prolific.com/submissions/complete?cc=C1BTHULB,0.0,Experiment_1_Persistence,59,,0.0,6013771e88f6992532013e14,1,1,59,,0.0,D,B,B,B,B,A,B,A,,,DBBBBABA,0.2,0,0.0,1,1,59,,0.0,noisy,random,positive,Pass,black,50,1,1,Pass Box,1,1,59,,0.0,B,B,B,B,B,D,C,B,D,B,BBBBBDCBDB,0.3,STEM Track,,0,0.0,1,1,1,59,,0.0,R,R,R,R,R,R,C,C,C,C,C,RRRRRRCCCCC,1,1,59,,0.0,0,1,0,0,0,0,0,0,0,"Since I think I got one right the first time and I enjoyed getting the one right,  I thought I could get at least 1 right again.  I enjoyed being challenged even if I had no clue how to answer most of the questions. ",Social Services,The questions were difficult and challenging.  I however understand that it is not something I do well so I just enjoyed the process of trying.  ,STEM Track,1,1,,,,,,,,,,,,,,,,,,,,,,,,,,,,,,,,,,,,,,,,,,,,,,,,,,,,,,,,,,,,,,,,,,,,,,,,,,,,,,,,,,,,,,,,,,,,,,,,,,,,,,,,,,,,,,,,,,,,,,,,,,,,,,,,,,,,,,,,,,,,,,,,,,,,,,,,,,,,,,,,,,,,,,,,,,,,,,,,,,,,,,,,,,,,,,,,,,,,,,,,,,,,,,,,,,,,,,,,,,,,,,,,,,,,,,,,,,,,,,,,,,,,,,,,,,,,,,,,,,,,,,,,,,,,,,,,,,,,,,,,,,,,,,,,,,,,,,,,,,,,,,,,,,,,,,,,,,,
60,qsbsw0ws,,0,18,18,Section_7,EndSurvey,2024-09-23 22:17:52.630434,1,,,0.0,,,,,,,,,,,,,,vjx2fex2,,,,,0,1.0,https://app.prolific.com/submissions/complete?cc=C1BTHULB,0.0,Experiment_1_Persistence,60,,0.0,6658bba1a51a037d25bb677e,1,1,60,,0.0,D,A,B,C,D,B,B,C,C,B,DABCDBBCCB,0.5,0,0.0,1,1,60,,0.0,noisy,random,negative,Pass,black,50,3,3,Pass Box,1,1,60,,0.0,D,B,A,C,B,D,A,B,C,D,DBACBDABCD,1.0,Non-STEM Track,,0,0.0,3,1,1,60,,0.0,R,R,R,R,R,R,C,C,C,C,C,RRRRRRCCCCC,1,1,60,,0.0,0,0,1,0,0,0,0,0,0,"While I did well in math and science oriented courses in school, I do not have a strong STEM brain. My brain is more language/word oriented.","Education, reading, language arts",I quickly became confused and frustrated with the STEM questions 😅,Non-STEM Track,1,1,,,,,,,,,,,,,,,,,,,,,,,,,,,,,,,,,,,,,,,,,,,,,,,,,,,,,,,,,,,,,,,,,,,,,,,,,,,,,,,,,,,,,,,,,,,,,,,,,,,,,,,,,,,,,,,,,,,,,,,,,,,,,,,,,,,,,,,,,,,,,,,,,,,,,,,,,,,,,,,,,,,,,,,,,,,,,,,,,,,,,,,,,,,,,,,,,,,,,,,,,,,,,,,,,,,,,,,,,,,,,,,,,,,,,,,,,,,,,,,,,,,,,,,,,,,,,,,,,,,,,,,,,,,,,,,,,,,,,,,,,,,,,,,,,,,,,,,,,,,,,,,,,,,,,,,,,,,
61,ktemwgc4,,0,18,18,Section_7,EndSurvey,2024-09-23 22:17:58.688517,1,,,0.0,,,,,,,,,,,,,,vjx2fex2,,,,,0,1.0,https://app.prolific.com/submissions/complete?cc=C1BTHULB,0.0,Experiment_1_Persistence,61,,0.0,6111d9b2a1cae8c593eb0c52,1,1,61,,0.0,D,A,B,B,D,B,D,A,D,B,DABBDBDADB,0.5,0,0.0,1,1,61,,0.0,noisy,random,negative,Pass,black,50,3,3,Fail Box,1,1,61,,0.0,D,B,A,C,B,D,A,B,C,D,DBACBDABCD,1.0,Non-STEM Track,,0,0.0,3,1,1,61,,0.0,R,R,R,R,R,R,R,C,C,C,C,RRRRRRRCCCC,1,1,61,,0.0,0,0,1,0,0,1,0,0,0,I enjoy STEM but I am really rusty on those concepts,"Theatre, Music, Customer Service, Clergy",I had a lot of fun!,Non-STEM Track,1,1,,,,,,,,,,,,,,,,,,,,,,,,,,,,,,,,,,,,,,,,,,,,,,,,,,,,,,,,,,,,,,,,,,,,,,,,,,,,,,,,,,,,,,,,,,,,,,,,,,,,,,,,,,,,,,,,,,,,,,,,,,,,,,,,,,,,,,,,,,,,,,,,,,,,,,,,,,,,,,,,,,,,,,,,,,,,,,,,,,,,,,,,,,,,,,,,,,,,,,,,,,,,,,,,,,,,,,,,,,,,,,,,,,,,,,,,,,,,,,,,,,,,,,,,,,,,,,,,,,,,,,,,,,,,,,,,,,,,,,,,,,,,,,,,,,,,,,,,,,,,,,,,,,,,,,,,,,,
62,kbqdcbol,,0,18,18,Section_7,EndSurvey,2024-09-23 22:18:04.528689,1,,,0.0,,,,,,,,,,,,,,vjx2fex2,,,,,0,1.0,https://app.prolific.com/submissions/complete?cc=C1BTHULB,0.0,Experiment_1_Persistence,62,,0.0,664263b2dd12bcf328f62c8a,1,1,62,,0.0,D,C,B,A,D,A,C,B,C,B,DCBADACBCB,0.2,0,0.0,1,1,62,,0.0,noisy,random,ground,Fail,red,50,2,3,Fail Box,1,1,62,,0.0,D,B,A,C,B,D,A,B,C,A,DBACBDABCA,0.9,Non-STEM Track,,0,0.0,3,1,1,62,,0.0,R,R,R,R,C,C,C,C,C,C,C,RRRRCCCCCCC,1,1,62,,0.0,0,0,1,0,0,0,0,0,0,"After taking the math task, I was no longer confident in my STEM knowledge and I wanted to try my luck at another topic.",Psychology,n/a,Non-STEM Track,1,1,,,,,,,,,,,,,,,,,,,,,,,,,,,,,,,,,,,,,,,,,,,,,,,,,,,,,,,,,,,,,,,,,,,,,,,,,,,,,,,,,,,,,,,,,,,,,,,,,,,,,,,,,,,,,,,,,,,,,,,,,,,,,,,,,,,,,,,,,,,,,,,,,,,,,,,,,,,,,,,,,,,,,,,,,,,,,,,,,,,,,,,,,,,,,,,,,,,,,,,,,,,,,,,,,,,,,,,,,,,,,,,,,,,,,,,,,,,,,,,,,,,,,,,,,,,,,,,,,,,,,,,,,,,,,,,,,,,,,,,,,,,,,,,,,,,,,,,,,,,,,,,,,,,,,,,,,,,
63,ir0task6,,0,18,18,Section_7,EndSurvey,2024-09-23 22:18:06.552872,1,,,0.0,,,,,,,,,,,,,,vjx2fex2,,,,,0,1.0,https://app.prolific.com/submissions/complete?cc=C1BTHULB,0.0,Experiment_1_Persistence,63,,0.0,662d3c40ac0b380cbf3d9cfd,1,1,63,,0.0,D,A,D,D,D,D,A,B,C,C,DADDDDABCC,0.2,0,0.0,1,1,63,,0.0,noisy,random,positive,Fail,red,50,2,5,Fail Box,1,1,63,,0.0,D,B,A,C,B,D,A,B,C,D,DBACBDABCD,1.0,Non-STEM Track,,0,0.0,5,1,1,63,,0.0,R,R,R,R,R,R,C,C,C,C,C,RRRRRRCCCCC,1,1,63,,0.0,0,0,1,0,0,0,0,0,0,I thought it would be easier ,Computer science,It was fine,Non-STEM Track,1,1,,,,,,,,,,,,,,,,,,,,,,,,,,,,,,,,,,,,,,,,,,,,,,,,,,,,,,,,,,,,,,,,,,,,,,,,,,,,,,,,,,,,,,,,,,,,,,,,,,,,,,,,,,,,,,,,,,,,,,,,,,,,,,,,,,,,,,,,,,,,,,,,,,,,,,,,,,,,,,,,,,,,,,,,,,,,,,,,,,,,,,,,,,,,,,,,,,,,,,,,,,,,,,,,,,,,,,,,,,,,,,,,,,,,,,,,,,,,,,,,,,,,,,,,,,,,,,,,,,,,,,,,,,,,,,,,,,,,,,,,,,,,,,,,,,,,,,,,,,,,,,,,,,,,,,,,,,,
64,2dbyc7dv,,0,4,18,Section_1,Conclusion,2024-09-23 22:18:09.977339,1,,,0.0,,,,,,,,,,,,,,vjx2fex2,,,,,0,1.0,https://app.prolific.com/submissions/complete?cc=C1BTHULB,0.0,Experiment_1_Persistence,64,,0.0,63f799d2960e7d0495eb1726,1,1,64,,0.0,,,,,,,,,,,,0.0,0,0.0,1,1,64,,0.0,,,,,,,,,,1,1,64,,0.0,,,,,,,,,,,,,,,,,,1,1,64,,0.0,,,,,,,,,,,,,1,1,64,,0.0,0,0,0,0,0,0,0,0,0,,,,,1,1,,,,,,,,,,,,,,,,,,,,,,,,,,,,,,,,,,,,,,,,,,,,,,,,,,,,,,,,,,,,,,,,,,,,,,,,,,,,,,,,,,,,,,,,,,,,,,,,,,,,,,,,,,,,,,,,,,,,,,,,,,,,,,,,,,,,,,,,,,,,,,,,,,,,,,,,,,,,,,,,,,,,,,,,,,,,,,,,,,,,,,,,,,,,,,,,,,,,,,,,,,,,,,,,,,,,,,,,,,,,,,,,,,,,,,,,,,,,,,,,,,,,,,,,,,,,,,,,,,,,,,,,,,,,,,,,,,,,,,,,,,,,,,,,,,,,,,,,,,,,,,,,,,,,,,,,,,,
65,2pq90t7u,,0,18,18,Section_7,EndSurvey,2024-09-23 22:18:10.422102,1,,,0.0,,,,,,,,,,,,,,vjx2fex2,,,,,0,1.0,https://app.prolific.com/submissions/complete?cc=C1BTHULB,0.0,Experiment_1_Persistence,65,,0.0,66ef465b7cd1704ec292e384,1,1,65,,0.0,D,A,B,C,B,B,D,C,A,A,DABCBBDCAA,0.5,0,0.0,1,1,65,,0.0,noisy,random,negative,Pass,black,40,3,4,Pass Box,1,1,65,,0.0,D,A,A,C,B,D,A,B,C,D,DAACBDABCD,0.9,Non-STEM Track,,0,0.0,4,1,1,65,,0.0,R,R,R,R,C,C,C,C,C,C,C,RRRRCCCCCCC,1,1,65,,0.0,0,0,1,0,0,0,0,0,0,"I used to be very excelled in math, but because I am pursuing an arts degree, I think I fell out of practice.",I am studying costume construction in theatre.,N/A,Non-STEM Track,1,1,,,,,,,,,,,,,,,,,,,,,,,,,,,,,,,,,,,,,,,,,,,,,,,,,,,,,,,,,,,,,,,,,,,,,,,,,,,,,,,,,,,,,,,,,,,,,,,,,,,,,,,,,,,,,,,,,,,,,,,,,,,,,,,,,,,,,,,,,,,,,,,,,,,,,,,,,,,,,,,,,,,,,,,,,,,,,,,,,,,,,,,,,,,,,,,,,,,,,,,,,,,,,,,,,,,,,,,,,,,,,,,,,,,,,,,,,,,,,,,,,,,,,,,,,,,,,,,,,,,,,,,,,,,,,,,,,,,,,,,,,,,,,,,,,,,,,,,,,,,,,,,,,,,,,,,,,,,
66,ubsqpo8w,,0,18,18,Section_7,EndSurvey,2024-09-23 22:18:42.303572,1,,,0.0,,,,,,,,,,,,,,vjx2fex2,,,,,0,1.0,https://app.prolific.com/submissions/complete?cc=C1BTHULB,0.0,Experiment_1_Persistence,66,,0.0,66c4e66928ea45d6fe845fdb,1,1,66,,0.0,A,A,B,C,B,B,D,C,,,AABCBBDC,0.6,0,0.0,1,1,66,,0.0,noisy,random,positive,Pass,red,70,5,4,Pass Box,1,1,66,,0.0,D,B,A,C,B,A,A,B,C,D,DBACBAABCD,0.9,Non-STEM Track,,0,0.0,4,1,1,66,,0.0,R,R,R,R,R,R,R,R,C,C,C,RRRRRRRRCCC,1,1,66,,0.0,0,0,1,0,1,0,0,0,0,Less quizzes/work and I still make 0.20 cent an hour.,I study computer science my main courses are math and coding classes. Industry I worked in the food industry.,My experience was quick and not time consuming so overall it was good.,Non-STEM Track,1,1,,,,,,,,,,,,,,,,,,,,,,,,,,,,,,,,,,,,,,,,,,,,,,,,,,,,,,,,,,,,,,,,,,,,,,,,,,,,,,,,,,,,,,,,,,,,,,,,,,,,,,,,,,,,,,,,,,,,,,,,,,,,,,,,,,,,,,,,,,,,,,,,,,,,,,,,,,,,,,,,,,,,,,,,,,,,,,,,,,,,,,,,,,,,,,,,,,,,,,,,,,,,,,,,,,,,,,,,,,,,,,,,,,,,,,,,,,,,,,,,,,,,,,,,,,,,,,,,,,,,,,,,,,,,,,,,,,,,,,,,,,,,,,,,,,,,,,,,,,,,,,,,,,,,,,,,,,,
67,o4yg3pw1,,0,18,18,Section_7,EndSurvey,2024-09-23 22:18:47.469582,1,,,0.0,,,,,,,,,,,,,,vjx2fex2,,,,,0,1.0,https://app.prolific.com/submissions/complete?cc=C1BTHULB,0.0,Experiment_1_Persistence,67,,0.0,65c113ea875215ba3406a943,1,1,67,,0.0,B,C,A,B,,,,,,,BCAB,0.1,0,0.0,1,1,67,,0.0,noisy,random,positive,Pass,black,10,1,1,Pass Box,1,1,67,,0.0,D,B,A,C,B,D,A,B,C,D,DBACBDABCD,1.0,Non-STEM Track,,0,0.0,1,1,1,67,,0.0,R,R,R,R,R,C,C,C,C,C,C,RRRRRCCCCCC,1,1,67,,0.0,0,0,1,0,0,0,0,0,0,My strengths lies more in Non-STEM topics ,"Math, English, History, Social Studies, Spanish/ Construction Industry","The STEM portion was not my best work, but the Non-STEM portion was a breeze to complete.",Non-STEM Track,1,1,,,,,,,,,,,,,,,,,,,,,,,,,,,,,,,,,,,,,,,,,,,,,,,,,,,,,,,,,,,,,,,,,,,,,,,,,,,,,,,,,,,,,,,,,,,,,,,,,,,,,,,,,,,,,,,,,,,,,,,,,,,,,,,,,,,,,,,,,,,,,,,,,,,,,,,,,,,,,,,,,,,,,,,,,,,,,,,,,,,,,,,,,,,,,,,,,,,,,,,,,,,,,,,,,,,,,,,,,,,,,,,,,,,,,,,,,,,,,,,,,,,,,,,,,,,,,,,,,,,,,,,,,,,,,,,,,,,,,,,,,,,,,,,,,,,,,,,,,,,,,,,,,,,,,,,,,,,
68,f1sy9bej,,0,18,18,Section_7,EndSurvey,2024-09-23 22:19:03.466924,1,,,0.0,,,,,,,,,,,,,,vjx2fex2,,,,,0,1.0,https://app.prolific.com/submissions/complete?cc=C1BTHULB,0.0,Experiment_1_Persistence,68,,0.0,661c27545897e4caee79632e,1,1,68,,0.0,D,A,A,D,B,B,D,B,C,C,DAADBBDBCC,0.5,0,0.0,1,1,68,,0.0,noisy,random,negative,Pass,black,70,3,3,Pass Box,1,1,68,,0.0,D,B,A,C,B,D,A,B,C,D,DBACBDABCD,1.0,Non-STEM Track,,0,0.0,3,1,1,68,,0.0,R,R,C,C,C,C,C,C,C,C,C,RRCCCCCCCCC,1,1,68,,0.0,0,0,1,0,0,0,0,0,0,I don't know a lot about STEM topics. I don't remember much from school about math and science. ,"Writing, literature, and law. ","I enjoyed the non-STEM quiz, but was very confused by the STEM quiz. ",Non-STEM Track,1,1,,,,,,,,,,,,,,,,,,,,,,,,,,,,,,,,,,,,,,,,,,,,,,,,,,,,,,,,,,,,,,,,,,,,,,,,,,,,,,,,,,,,,,,,,,,,,,,,,,,,,,,,,,,,,,,,,,,,,,,,,,,,,,,,,,,,,,,,,,,,,,,,,,,,,,,,,,,,,,,,,,,,,,,,,,,,,,,,,,,,,,,,,,,,,,,,,,,,,,,,,,,,,,,,,,,,,,,,,,,,,,,,,,,,,,,,,,,,,,,,,,,,,,,,,,,,,,,,,,,,,,,,,,,,,,,,,,,,,,,,,,,,,,,,,,,,,,,,,,,,,,,,,,,,,,,,,,,
69,fkvzap4v,,0,4,18,Section_1,Conclusion,2024-09-23 22:19:09.122313,1,,,0.0,,,,,,,,,,,,,,vjx2fex2,,,,,0,1.0,https://app.prolific.com/submissions/complete?cc=C1BTHULB,0.0,Experiment_1_Persistence,69,,0.0,58a623e90da7f10001de8553,1,1,69,,0.0,,,,,,,,,,,,0.0,0,0.0,1,1,69,,0.0,,,,,,,,,,1,1,69,,0.0,,,,,,,,,,,,,,,,,,1,1,69,,0.0,,,,,,,,,,,,,1,1,69,,0.0,0,0,0,0,0,0,0,0,0,,,,,1,1,,,,,,,,,,,,,,,,,,,,,,,,,,,,,,,,,,,,,,,,,,,,,,,,,,,,,,,,,,,,,,,,,,,,,,,,,,,,,,,,,,,,,,,,,,,,,,,,,,,,,,,,,,,,,,,,,,,,,,,,,,,,,,,,,,,,,,,,,,,,,,,,,,,,,,,,,,,,,,,,,,,,,,,,,,,,,,,,,,,,,,,,,,,,,,,,,,,,,,,,,,,,,,,,,,,,,,,,,,,,,,,,,,,,,,,,,,,,,,,,,,,,,,,,,,,,,,,,,,,,,,,,,,,,,,,,,,,,,,,,,,,,,,,,,,,,,,,,,,,,,,,,,,,,,,,,,,,
70,7u8hadie,,0,18,18,Section_7,EndSurvey,2024-09-23 22:19:18.986690,1,,,0.0,,,,,,,,,,,,,,vjx2fex2,,,,,0,1.0,https://app.prolific.com/submissions/complete?cc=C1BTHULB,0.0,Experiment_1_Persistence,70,,0.0,632cc94de6cf897beaa87e13,1,1,70,,0.0,B,A,B,C,A,C,D,C,A,B,BABCACDCAB,0.4,0,0.0,1,1,70,,0.0,noisy,random,positive,Pass,red,10,2,2,Pass Box,1,1,70,,0.0,D,B,A,C,B,D,A,B,C,D,DBACBDABCD,1.0,Non-STEM Track,,0,0.0,2,1,1,70,,0.0,R,R,R,R,C,C,C,C,C,C,C,RRRRCCCCCCC,1,1,70,,0.0,0,0,1,0,0,0,0,0,0,Terrible at math above algebra ,"Cinematography, advertising ",First part essentially gave up as math questions might as well have been different language. I would assume others would become equally disengaged. ,Non-STEM Track,1,1,,,,,,,,,,,,,,,,,,,,,,,,,,,,,,,,,,,,,,,,,,,,,,,,,,,,,,,,,,,,,,,,,,,,,,,,,,,,,,,,,,,,,,,,,,,,,,,,,,,,,,,,,,,,,,,,,,,,,,,,,,,,,,,,,,,,,,,,,,,,,,,,,,,,,,,,,,,,,,,,,,,,,,,,,,,,,,,,,,,,,,,,,,,,,,,,,,,,,,,,,,,,,,,,,,,,,,,,,,,,,,,,,,,,,,,,,,,,,,,,,,,,,,,,,,,,,,,,,,,,,,,,,,,,,,,,,,,,,,,,,,,,,,,,,,,,,,,,,,,,,,,,,,,,,,,,,,,
71,z3qzbltq,,0,4,18,Section_1,Conclusion,2024-09-23 22:19:28.556462,1,,,0.0,,,,,,,,,,,,,,vjx2fex2,,,,,0,1.0,https://app.prolific.com/submissions/complete?cc=C1BTHULB,0.0,Experiment_1_Persistence,71,,0.0,6683f6eceec658f2c3dd8041,1,1,71,,0.0,,,,,,,,,,,,0.0,0,0.0,1,1,71,,0.0,,,,,,,,,,1,1,71,,0.0,,,,,,,,,,,,,,,,,,1,1,71,,0.0,,,,,,,,,,,,,1,1,71,,0.0,0,0,0,0,0,0,0,0,0,,,,,1,1,,,,,,,,,,,,,,,,,,,,,,,,,,,,,,,,,,,,,,,,,,,,,,,,,,,,,,,,,,,,,,,,,,,,,,,,,,,,,,,,,,,,,,,,,,,,,,,,,,,,,,,,,,,,,,,,,,,,,,,,,,,,,,,,,,,,,,,,,,,,,,,,,,,,,,,,,,,,,,,,,,,,,,,,,,,,,,,,,,,,,,,,,,,,,,,,,,,,,,,,,,,,,,,,,,,,,,,,,,,,,,,,,,,,,,,,,,,,,,,,,,,,,,,,,,,,,,,,,,,,,,,,,,,,,,,,,,,,,,,,,,,,,,,,,,,,,,,,,,,,,,,,,,,,,,,,,,,
72,3bezo56g,,0,18,18,Section_7,EndSurvey,2024-09-23 22:19:44.606921,1,,,0.0,,,,,,,,,,,,,,vjx2fex2,,,,,0,1.0,https://app.prolific.com/submissions/complete?cc=C1BTHULB,0.0,Experiment_1_Persistence,72,,0.0,66f0834cfafc555056a7818a,1,1,72,,0.0,D,C,B,D,D,B,A,B,B,A,DCBDDBABBA,0.1,0,0.0,1,1,72,,0.0,noisy,random,negative,Fail,red,50,2,7,Fail Box,1,1,72,,0.0,B,C,C,C,B,A,C,C,B,D,BCCCBACCBD,0.4,STEM Track,,0,0.0,7,1,1,72,,0.0,R,C,C,C,C,C,C,C,C,C,C,RCCCCCCCCCC,1,1,72,,0.0,0,0,1,0,0,0,0,0,0,I like biology.,Wildlife science and fisheries science,Torture…I have forgotten the hard math,STEM Track,1,1,,,,,,,,,,,,,,,,,,,,,,,,,,,,,,,,,,,,,,,,,,,,,,,,,,,,,,,,,,,,,,,,,,,,,,,,,,,,,,,,,,,,,,,,,,,,,,,,,,,,,,,,,,,,,,,,,,,,,,,,,,,,,,,,,,,,,,,,,,,,,,,,,,,,,,,,,,,,,,,,,,,,,,,,,,,,,,,,,,,,,,,,,,,,,,,,,,,,,,,,,,,,,,,,,,,,,,,,,,,,,,,,,,,,,,,,,,,,,,,,,,,,,,,,,,,,,,,,,,,,,,,,,,,,,,,,,,,,,,,,,,,,,,,,,,,,,,,,,,,,,,,,,,,,,,,,,,,
73,0jksnxir,,0,18,18,Section_7,EndSurvey,2024-09-23 22:19:45.137326,1,,,0.0,,,,,,,,,,,,,,vjx2fex2,,,,,0,1.0,https://app.prolific.com/submissions/complete?cc=C1BTHULB,0.0,Experiment_1_Persistence,73,,0.0,6604a9d94d79dc2edd913cdc,1,1,73,,0.0,C,C,A,B,B,C,A,C,C,A,CCABBCACCA,0.4,1,2.317,1,1,73,,0.0,noisy,random,ground,Fail,red,28,4,5,Fail Box,1,1,73,,0.0,D,B,A,C,B,D,A,B,C,D,DBACBDABCD,1.0,Non-STEM Track,,0,0.0,5,1,1,73,,0.0,R,R,R,R,R,C,C,C,C,C,C,RRRRRCCCCCC,1,1,73,,0.0,0,0,1,0,0,0,0,0,0,I am not good at STEM related subjects.,I studied and worked in criminal justice fields.,My experience was fine.,Non-STEM Track,1,1,,,,,,,,,,,,,,,,,,,,,,,,,,,,,,,,,,,,,,,,,,,,,,,,,,,,,,,,,,,,,,,,,,,,,,,,,,,,,,,,,,,,,,,,,,,,,,,,,,,,,,,,,,,,,,,,,,,,,,,,,,,,,,,,,,,,,,,,,,,,,,,,,,,,,,,,,,,,,,,,,,,,,,,,,,,,,,,,,,,,,,,,,,,,,,,,,,,,,,,,,,,,,,,,,,,,,,,,,,,,,,,,,,,,,,,,,,,,,,,,,,,,,,,,,,,,,,,,,,,,,,,,,,,,,,,,,,,,,,,,,,,,,,,,,,,,,,,,,,,,,,,,,,,,,,,,,,,
74,f0rpmy8u,,0,18,18,Section_7,EndSurvey,2024-09-23 22:19:54.410808,1,,,0.0,,,,,,,,,,,,,,vjx2fex2,,,,,0,1.0,https://app.prolific.com/submissions/complete?cc=C1BTHULB,0.0,Experiment_1_Persistence,74,,0.0,589fa5e2a7d4580001042e86,1,1,74,,0.0,D,D,A,C,B,C,B,B,A,A,DDACBCBBAA,0.1,0,0.0,1,1,74,,0.0,noisy,random,positive,Fail,red,30,3,5,Fail Box,1,1,74,,0.0,D,B,A,C,B,D,A,B,C,D,DBACBDABCD,1.0,Non-STEM Track,,0,0.0,5,1,1,74,,0.0,R,R,R,R,R,C,C,C,C,C,C,RRRRRCCCCCC,1,1,74,,0.0,0,1,0,0,0,0,0,0,0,I am more confident in non-STEM (art/english/history) than STEM (science/math) ,I have mainly studied history after high school. I currently work in museums. ,The math was stressful!,Non-STEM Track,1,1,,,,,,,,,,,,,,,,,,,,,,,,,,,,,,,,,,,,,,,,,,,,,,,,,,,,,,,,,,,,,,,,,,,,,,,,,,,,,,,,,,,,,,,,,,,,,,,,,,,,,,,,,,,,,,,,,,,,,,,,,,,,,,,,,,,,,,,,,,,,,,,,,,,,,,,,,,,,,,,,,,,,,,,,,,,,,,,,,,,,,,,,,,,,,,,,,,,,,,,,,,,,,,,,,,,,,,,,,,,,,,,,,,,,,,,,,,,,,,,,,,,,,,,,,,,,,,,,,,,,,,,,,,,,,,,,,,,,,,,,,,,,,,,,,,,,,,,,,,,,,,,,,,,,,,,,,,,
75,l6wajccn,,0,4,18,Section_1,Conclusion,2024-09-23 22:19:58.757796,1,,,0.0,,,,,,,,,,,,,,vjx2fex2,,,,,0,1.0,https://app.prolific.com/submissions/complete?cc=C1BTHULB,0.0,Experiment_1_Persistence,75,,0.0,6692e08ff27e0266c1ad1b91,1,1,75,,0.0,,,,,,,,,,,,0.0,0,0.0,1,1,75,,0.0,,,,,,,,,,1,1,75,,0.0,,,,,,,,,,,,,,,,,,1,1,75,,0.0,,,,,,,,,,,,,1,1,75,,0.0,0,0,0,0,0,0,0,0,0,,,,,1,1,,,,,,,,,,,,,,,,,,,,,,,,,,,,,,,,,,,,,,,,,,,,,,,,,,,,,,,,,,,,,,,,,,,,,,,,,,,,,,,,,,,,,,,,,,,,,,,,,,,,,,,,,,,,,,,,,,,,,,,,,,,,,,,,,,,,,,,,,,,,,,,,,,,,,,,,,,,,,,,,,,,,,,,,,,,,,,,,,,,,,,,,,,,,,,,,,,,,,,,,,,,,,,,,,,,,,,,,,,,,,,,,,,,,,,,,,,,,,,,,,,,,,,,,,,,,,,,,,,,,,,,,,,,,,,,,,,,,,,,,,,,,,,,,,,,,,,,,,,,,,,,,,,,,,,,,,,,
76,6hcew5ne,,0,18,18,Section_7,EndSurvey,2024-09-23 22:20:17.307059,1,,,0.0,,,,,,,,,,,,,,vjx2fex2,,,,,0,1.0,https://app.prolific.com/submissions/complete?cc=C1BTHULB,0.0,Experiment_1_Persistence,76,,0.0,5d460ce9ba790b0001dd488c,1,1,76,,0.0,D,A,D,B,C,C,A,C,D,B,DADBCCACDB,0.4,0,0.0,1,1,76,,0.0,noisy,random,negative,Fail,red,50,4,5,Fail Box,1,1,76,,0.0,D,B,A,C,B,D,A,B,C,D,DBACBDABCD,1.0,Non-STEM Track,,0,0.0,5,1,1,76,,0.0,R,R,R,C,C,C,C,C,C,C,C,RRRCCCCCCCC,1,1,76,,0.0,0,0,1,0,0,0,0,0,0,I am stronger in that area ,"Art, marketing, psychology",,Non-STEM Track,1,1,,,,,,,,,,,,,,,,,,,,,,,,,,,,,,,,,,,,,,,,,,,,,,,,,,,,,,,,,,,,,,,,,,,,,,,,,,,,,,,,,,,,,,,,,,,,,,,,,,,,,,,,,,,,,,,,,,,,,,,,,,,,,,,,,,,,,,,,,,,,,,,,,,,,,,,,,,,,,,,,,,,,,,,,,,,,,,,,,,,,,,,,,,,,,,,,,,,,,,,,,,,,,,,,,,,,,,,,,,,,,,,,,,,,,,,,,,,,,,,,,,,,,,,,,,,,,,,,,,,,,,,,,,,,,,,,,,,,,,,,,,,,,,,,,,,,,,,,,,,,,,,,,,,,,,,,,,,
77,902sanvv,,0,4,18,Section_1,Conclusion,2024-09-23 22:20:30.293071,1,,,0.0,,,,,,,,,,,,,,vjx2fex2,,,,,0,1.0,https://app.prolific.com/submissions/complete?cc=C1BTHULB,0.0,Experiment_1_Persistence,77,,0.0,66b4f1242c3c501256bafebf,1,1,77,,0.0,,,,,,,,,,,,0.0,0,0.0,1,1,77,,0.0,,,,,,,,,,1,1,77,,0.0,,,,,,,,,,,,,,,,,,1,1,77,,0.0,,,,,,,,,,,,,1,1,77,,0.0,0,0,0,0,0,0,0,0,0,,,,,1,1,,,,,,,,,,,,,,,,,,,,,,,,,,,,,,,,,,,,,,,,,,,,,,,,,,,,,,,,,,,,,,,,,,,,,,,,,,,,,,,,,,,,,,,,,,,,,,,,,,,,,,,,,,,,,,,,,,,,,,,,,,,,,,,,,,,,,,,,,,,,,,,,,,,,,,,,,,,,,,,,,,,,,,,,,,,,,,,,,,,,,,,,,,,,,,,,,,,,,,,,,,,,,,,,,,,,,,,,,,,,,,,,,,,,,,,,,,,,,,,,,,,,,,,,,,,,,,,,,,,,,,,,,,,,,,,,,,,,,,,,,,,,,,,,,,,,,,,,,,,,,,,,,,,,,,,,,,,
78,ctrd3k06,,0,15,18,Section_4_5,Conclusion_Section_5,2024-09-23 22:20:31.199827,1,,,0.0,,,,,,,,,,,,,,vjx2fex2,,,,,0,1.0,https://app.prolific.com/submissions/complete?cc=C1BTHULB,0.0,Experiment_1_Persistence,78,,0.0,663e3e56ef952864fc0e946c,1,1,78,,0.0,D,A,D,C,D,,,,,C,DADCDC,0.1,0,0.0,1,1,78,,0.0,noisy,random,positive,Fail,red,50,4,5,Fail Box,1,1,78,,0.0,,,,,,,,,,,,0.0,STEM Track,,0,0.0,5,1,1,78,,0.0,,,,,,,,,,,,,1,1,78,,0.0,0,0,0,0,0,0,0,0,0,,,,,1,1,,,,,,,,,,,,,,,,,,,,,,,,,,,,,,,,,,,,,,,,,,,,,,,,,,,,,,,,,,,,,,,,,,,,,,,,,,,,,,,,,,,,,,,,,,,,,,,,,,,,,,,,,,,,,,,,,,,,,,,,,,,,,,,,,,,,,,,,,,,,,,,,,,,,,,,,,,,,,,,,,,,,,,,,,,,,,,,,,,,,,,,,,,,,,,,,,,,,,,,,,,,,,,,,,,,,,,,,,,,,,,,,,,,,,,,,,,,,,,,,,,,,,,,,,,,,,,,,,,,,,,,,,,,,,,,,,,,,,,,,,,,,,,,,,,,,,,,,,,,,,,,,,,,,,,,,,,,
79,hluzdqfu,,0,18,18,Section_7,EndSurvey,2024-09-23 22:20:32.002637,1,,,0.0,,,,,,,,,,,,,,vjx2fex2,,,,,0,1.0,https://app.prolific.com/submissions/complete?cc=C1BTHULB,0.0,Experiment_1_Persistence,79,,0.0,60955a048531613c66404fb2,1,1,79,,0.0,D,A,A,B,C,D,C,D,B,B,DAABCDCDBB,0.3,0,0.0,1,1,79,,0.0,noisy,random,positive,Pass,black,50,2,3,Fail Box,1,1,79,,0.0,D,B,A,C,B,D,A,B,C,D,DBACBDABCD,1.0,Non-STEM Track,,0,0.0,3,1,1,79,,0.0,R,R,R,R,R,R,R,C,C,C,C,RRRRRRRCCCC,1,1,79,,0.0,0,0,1,0,0,0,0,0,0,I’m not as good at math,General studies and HR classes in high school,,Non-STEM Track,1,1,,,,,,,,,,,,,,,,,,,,,,,,,,,,,,,,,,,,,,,,,,,,,,,,,,,,,,,,,,,,,,,,,,,,,,,,,,,,,,,,,,,,,,,,,,,,,,,,,,,,,,,,,,,,,,,,,,,,,,,,,,,,,,,,,,,,,,,,,,,,,,,,,,,,,,,,,,,,,,,,,,,,,,,,,,,,,,,,,,,,,,,,,,,,,,,,,,,,,,,,,,,,,,,,,,,,,,,,,,,,,,,,,,,,,,,,,,,,,,,,,,,,,,,,,,,,,,,,,,,,,,,,,,,,,,,,,,,,,,,,,,,,,,,,,,,,,,,,,,,,,,,,,,,,,,,,,,,
80,8e7wgwzy,,0,18,18,Section_7,EndSurvey,2024-09-23 22:20:34.567091,1,,,0.0,,,,,,,,,,,,,,vjx2fex2,,,,,0,1.0,https://app.prolific.com/submissions/complete?cc=C1BTHULB,0.0,Experiment_1_Persistence,80,,0.0,6107c50be2e5dbf6274d4657,1,1,80,,0.0,A,A,A,B,D,B,D,,,,AAABDBD,0.5,0,0.0,1,1,80,,0.0,noisy,random,negative,Fail,red,60,7,6,Fail Box,1,1,80,,0.0,B,A,C,A,B,D,C,A,,,BACABDCA,0.7,STEM Track,,1,3.56,6,1,1,80,,0.0,R,R,R,R,R,C,C,C,C,C,C,RRRRRCCCCCC,1,1,80,,0.0,0,0,1,0,0,0,0,0,0,Its the most interesting.,History and computer,"It was fun, thank you.",STEM Track,1,1,,,,,,,,,,,,,,,,,,,,,,,,,,,,,,,,,,,,,,,,,,,,,,,,,,,,,,,,,,,,,,,,,,,,,,,,,,,,,,,,,,,,,,,,,,,,,,,,,,,,,,,,,,,,,,,,,,,,,,,,,,,,,,,,,,,,,,,,,,,,,,,,,,,,,,,,,,,,,,,,,,,,,,,,,,,,,,,,,,,,,,,,,,,,,,,,,,,,,,,,,,,,,,,,,,,,,,,,,,,,,,,,,,,,,,,,,,,,,,,,,,,,,,,,,,,,,,,,,,,,,,,,,,,,,,,,,,,,,,,,,,,,,,,,,,,,,,,,,,,,,,,,,,,,,,,,,,,
81,7i3txela,,0,4,18,Section_1,Conclusion,2024-09-23 22:20:43.441658,1,,,0.0,,,,,,,,,,,,,,vjx2fex2,,,,,0,1.0,https://app.prolific.com/submissions/complete?cc=C1BTHULB,0.0,Experiment_1_Persistence,81,,0.0,6078163f1e585e4f71e3b879,1,1,81,,0.0,,,,,,,,,,,,0.0,0,0.0,1,1,81,,0.0,,,,,,,,,,1,1,81,,0.0,,,,,,,,,,,,,,,,,,1,1,81,,0.0,,,,,,,,,,,,,1,1,81,,0.0,0,0,0,0,0,0,0,0,0,,,,,1,1,,,,,,,,,,,,,,,,,,,,,,,,,,,,,,,,,,,,,,,,,,,,,,,,,,,,,,,,,,,,,,,,,,,,,,,,,,,,,,,,,,,,,,,,,,,,,,,,,,,,,,,,,,,,,,,,,,,,,,,,,,,,,,,,,,,,,,,,,,,,,,,,,,,,,,,,,,,,,,,,,,,,,,,,,,,,,,,,,,,,,,,,,,,,,,,,,,,,,,,,,,,,,,,,,,,,,,,,,,,,,,,,,,,,,,,,,,,,,,,,,,,,,,,,,,,,,,,,,,,,,,,,,,,,,,,,,,,,,,,,,,,,,,,,,,,,,,,,,,,,,,,,,,,,,,,,,,,
82,1h5y215e,,0,4,18,Section_1,Conclusion,2024-09-23 22:20:46.818134,1,,,0.0,,,,,,,,,,,,,,vjx2fex2,,,,,0,1.0,https://app.prolific.com/submissions/complete?cc=C1BTHULB,0.0,Experiment_1_Persistence,82,,0.0,66b6149cafb838e03d0a79cf,1,1,82,,0.0,,,,,,,,,,,,0.0,0,0.0,1,1,82,,0.0,,,,,,,,,,1,1,82,,0.0,,,,,,,,,,,,,,,,,,1,1,82,,0.0,,,,,,,,,,,,,1,1,82,,0.0,0,0,0,0,0,0,0,0,0,,,,,1,1,,,,,,,,,,,,,,,,,,,,,,,,,,,,,,,,,,,,,,,,,,,,,,,,,,,,,,,,,,,,,,,,,,,,,,,,,,,,,,,,,,,,,,,,,,,,,,,,,,,,,,,,,,,,,,,,,,,,,,,,,,,,,,,,,,,,,,,,,,,,,,,,,,,,,,,,,,,,,,,,,,,,,,,,,,,,,,,,,,,,,,,,,,,,,,,,,,,,,,,,,,,,,,,,,,,,,,,,,,,,,,,,,,,,,,,,,,,,,,,,,,,,,,,,,,,,,,,,,,,,,,,,,,,,,,,,,,,,,,,,,,,,,,,,,,,,,,,,,,,,,,,,,,,,,,,,,,,
83,eh8ifwch,,0,18,18,Section_7,EndSurvey,2024-09-23 22:21:05.340832,1,,,0.0,,,,,,,,,,,,,,vjx2fex2,,,,,0,1.0,https://app.prolific.com/submissions/complete?cc=C1BTHULB,0.0,Experiment_1_Persistence,83,,0.0,62029b83ef1cb18a1337c854,1,1,83,,0.0,D,A,A,C,B,B,D,B,C,,DAACBBDBC,0.5,0,0.0,1,1,83,,0.0,noisy,random,positive,Pass,red,60,4,5,Pass Box,1,1,83,,0.0,D,B,A,C,B,D,A,D,C,D,DBACBDADCD,0.9,Non-STEM Track,,0,0.0,5,1,1,83,,0.0,R,R,R,C,C,C,C,C,C,C,C,RRRCCCCCCCC,1,1,83,,0.0,0,0,1,0,0,0,0,0,0,So I can get some bonus payment,Biology/Biotech,It was difficult,Non-STEM Track,1,1,,,,,,,,,,,,,,,,,,,,,,,,,,,,,,,,,,,,,,,,,,,,,,,,,,,,,,,,,,,,,,,,,,,,,,,,,,,,,,,,,,,,,,,,,,,,,,,,,,,,,,,,,,,,,,,,,,,,,,,,,,,,,,,,,,,,,,,,,,,,,,,,,,,,,,,,,,,,,,,,,,,,,,,,,,,,,,,,,,,,,,,,,,,,,,,,,,,,,,,,,,,,,,,,,,,,,,,,,,,,,,,,,,,,,,,,,,,,,,,,,,,,,,,,,,,,,,,,,,,,,,,,,,,,,,,,,,,,,,,,,,,,,,,,,,,,,,,,,,,,,,,,,,,,,,,,,,,
84,5xpzlvwb,,0,18,18,Section_7,EndSurvey,2024-09-23 22:21:13.455241,1,,,0.0,,,,,,,,,,,,,,vjx2fex2,,,,,0,1.0,https://app.prolific.com/submissions/complete?cc=C1BTHULB,0.0,Experiment_1_Persistence,84,,0.0,65c10efe2d3b8e53c08ce7fd,1,1,84,,0.0,D,C,B,B,D,B,C,A,A,A,DCBBDBCAAA,0.2,0,0.0,1,1,84,,0.0,noisy,random,positive,Pass,black,44,1,2,Fail Box,1,1,84,,0.0,D,B,A,C,B,D,A,B,C,D,DBACBDABCD,1.0,Non-STEM Track,,0,0.0,2,1,1,84,,0.0,R,R,R,R,R,C,C,C,C,C,C,RRRRRCCCCCC,1,1,84,,0.0,0,0,1,0,0,0,0,0,0,That is where my brain tend to naturally lend itself. ,"Sociology, Theatre, history, English.",It was tough to even try and work through the math section being so far removed from school,Non-STEM Track,1,1,,,,,,,,,,,,,,,,,,,,,,,,,,,,,,,,,,,,,,,,,,,,,,,,,,,,,,,,,,,,,,,,,,,,,,,,,,,,,,,,,,,,,,,,,,,,,,,,,,,,,,,,,,,,,,,,,,,,,,,,,,,,,,,,,,,,,,,,,,,,,,,,,,,,,,,,,,,,,,,,,,,,,,,,,,,,,,,,,,,,,,,,,,,,,,,,,,,,,,,,,,,,,,,,,,,,,,,,,,,,,,,,,,,,,,,,,,,,,,,,,,,,,,,,,,,,,,,,,,,,,,,,,,,,,,,,,,,,,,,,,,,,,,,,,,,,,,,,,,,,,,,,,,,,,,,,,,,
85,gq7ux57u,,0,4,18,Section_1,Conclusion,2024-09-23 22:21:19.775550,1,,,0.0,,,,,,,,,,,,,,vjx2fex2,,,,,0,1.0,https://app.prolific.com/submissions/complete?cc=C1BTHULB,0.0,Experiment_1_Persistence,85,,0.0,6670805ba058ae6fc47f4f7b,1,1,85,,0.0,,,,,,,,,,,,0.0,0,0.0,1,1,85,,0.0,,,,,,,,,,1,1,85,,0.0,,,,,,,,,,,,,,,,,,1,1,85,,0.0,,,,,,,,,,,,,1,1,85,,0.0,0,0,0,0,0,0,0,0,0,,,,,1,1,,,,,,,,,,,,,,,,,,,,,,,,,,,,,,,,,,,,,,,,,,,,,,,,,,,,,,,,,,,,,,,,,,,,,,,,,,,,,,,,,,,,,,,,,,,,,,,,,,,,,,,,,,,,,,,,,,,,,,,,,,,,,,,,,,,,,,,,,,,,,,,,,,,,,,,,,,,,,,,,,,,,,,,,,,,,,,,,,,,,,,,,,,,,,,,,,,,,,,,,,,,,,,,,,,,,,,,,,,,,,,,,,,,,,,,,,,,,,,,,,,,,,,,,,,,,,,,,,,,,,,,,,,,,,,,,,,,,,,,,,,,,,,,,,,,,,,,,,,,,,,,,,,,,,,,,,,,
86,qq2qu1k5,,0,18,18,Section_7,EndSurvey,2024-09-23 22:21:23.836427,1,,,0.0,,,,,,,,,,,,,,vjx2fex2,,,,,0,1.0,https://app.prolific.com/submissions/complete?cc=C1BTHULB,0.0,Experiment_1_Persistence,86,,0.0,65aa019ab320353c4c4ca682,1,1,86,,0.0,B,C,B,C,B,A,D,A,A,C,BCBCBADAAC,0.2,0,0.0,1,1,86,,0.0,noisy,random,negative,Pass,red,0,1,2,Fail Box,1,1,86,,0.0,D,B,A,B,B,D,A,B,C,D,DBABBDABCD,0.9,Non-STEM Track,,0,0.0,2,1,1,86,,0.0,R,R,C,C,C,C,C,C,C,C,C,RRCCCCCCCCC,1,1,86,,0.0,0,0,1,0,0,0,0,0,0,STEM subjects have always been areas I have had to work hard on. They don't come easy to me and I have to take time to understand.,"Arts - Language, writing, education.",It was ok. Reminded me of how much I don't remember from elementary and high school.,Non-STEM Track,1,1,,,,,,,,,,,,,,,,,,,,,,,,,,,,,,,,,,,,,,,,,,,,,,,,,,,,,,,,,,,,,,,,,,,,,,,,,,,,,,,,,,,,,,,,,,,,,,,,,,,,,,,,,,,,,,,,,,,,,,,,,,,,,,,,,,,,,,,,,,,,,,,,,,,,,,,,,,,,,,,,,,,,,,,,,,,,,,,,,,,,,,,,,,,,,,,,,,,,,,,,,,,,,,,,,,,,,,,,,,,,,,,,,,,,,,,,,,,,,,,,,,,,,,,,,,,,,,,,,,,,,,,,,,,,,,,,,,,,,,,,,,,,,,,,,,,,,,,,,,,,,,,,,,,,,,,,,,,
87,0b8ric7k,,0,18,18,Section_7,EndSurvey,2024-09-23 22:21:27.907623,1,,,0.0,,,,,,,,,,,,,,vjx2fex2,,,,,0,1.0,https://app.prolific.com/submissions/complete?cc=C1BTHULB,0.0,Experiment_1_Persistence,87,,0.0,60a460091dc9fd0814c2a561,1,1,87,,0.0,D,A,B,B,A,A,B,D,D,B,DABBAABDDB,0.3,0,0.0,1,1,87,,0.0,noisy,random,ground,Fail,red,47,3,6,Fail Box,1,1,87,,0.0,D,B,A,C,B,D,A,B,C,D,DBACBDABCD,1.0,Non-STEM Track,,0,0.0,6,1,1,87,,0.0,R,R,C,C,C,C,C,C,C,C,C,RRCCCCCCCCC,1,1,87,,0.0,0,0,1,0,0,0,0,0,0,"I did well in math durring school and after school, but it has been a while and I am rusty. The first line of math questions were hard, and I did not want to repeat that.","In regular school I took advanced math classes and regular classes, as well as art. My college was in Computer Animation which included learning programming. I have working in animation and also I worked in programming at Lockheed Martin, but I am disabled now and it's been some years since then.","It was stressful, but in a good way. ",Non-STEM Track,1,1,,,,,,,,,,,,,,,,,,,,,,,,,,,,,,,,,,,,,,,,,,,,,,,,,,,,,,,,,,,,,,,,,,,,,,,,,,,,,,,,,,,,,,,,,,,,,,,,,,,,,,,,,,,,,,,,,,,,,,,,,,,,,,,,,,,,,,,,,,,,,,,,,,,,,,,,,,,,,,,,,,,,,,,,,,,,,,,,,,,,,,,,,,,,,,,,,,,,,,,,,,,,,,,,,,,,,,,,,,,,,,,,,,,,,,,,,,,,,,,,,,,,,,,,,,,,,,,,,,,,,,,,,,,,,,,,,,,,,,,,,,,,,,,,,,,,,,,,,,,,,,,,,,,,,,,,,,,
88,sxahm5l5,,0,18,18,Section_7,EndSurvey,2024-09-23 22:21:38.558253,1,,,0.0,,,,,,,,,,,,,,vjx2fex2,,,,,0,1.0,https://app.prolific.com/submissions/complete?cc=C1BTHULB,0.0,Experiment_1_Persistence,88,,0.0,66f091e2be9a6301cd4ec51c,1,1,88,,0.0,A,A,D,B,B,B,D,C,D,A,AADBBBDCDA,0.7,0,0.0,1,1,88,,0.0,noisy,random,ground,Fail,red,90,8,8,Fail Box,1,1,88,,0.0,D,B,A,C,B,D,A,B,C,D,DBACBDABCD,1.0,Non-STEM Track,,0,0.0,8,1,1,88,,0.0,R,R,R,R,R,C,C,C,C,C,C,RRRRRCCCCCC,1,1,88,,0.0,0,0,1,0,0,0,0,0,0,I don't want to do more math problems.,I'm studying in Computer Science right now and want to work as IT.,It was good.,Non-STEM Track,1,1,,,,,,,,,,,,,,,,,,,,,,,,,,,,,,,,,,,,,,,,,,,,,,,,,,,,,,,,,,,,,,,,,,,,,,,,,,,,,,,,,,,,,,,,,,,,,,,,,,,,,,,,,,,,,,,,,,,,,,,,,,,,,,,,,,,,,,,,,,,,,,,,,,,,,,,,,,,,,,,,,,,,,,,,,,,,,,,,,,,,,,,,,,,,,,,,,,,,,,,,,,,,,,,,,,,,,,,,,,,,,,,,,,,,,,,,,,,,,,,,,,,,,,,,,,,,,,,,,,,,,,,,,,,,,,,,,,,,,,,,,,,,,,,,,,,,,,,,,,,,,,,,,,,,,,,,,,,
89,c62mhwaz,,0,18,18,Section_7,EndSurvey,2024-09-23 22:21:46.826840,1,,,0.0,,,,,,,,,,,,,,vjx2fex2,,,,,0,1.0,https://app.prolific.com/submissions/complete?cc=C1BTHULB,0.0,Experiment_1_Persistence,89,,0.0,66ab8a47cca30675e4ea0847,1,1,89,,0.0,B,C,B,A,D,C,B,C,C,A,BCBADCBCCA,0.2,0,0.0,1,1,89,,0.0,noisy,random,ground,Pass,red,5,1,1,Pass Box,1,1,89,,0.0,A,B,B,C,B,B,B,C,C,C,ABBCBBBCCC,0.1,STEM Track,,0,0.0,1,1,1,89,,0.0,R,R,R,R,R,R,R,R,C,C,C,RRRRRRRRCCC,1,1,89,,0.0,0,0,1,0,0,0,0,0,0,I thought why not ,General studies ,Interesting and complex ,STEM Track,1,1,,,,,,,,,,,,,,,,,,,,,,,,,,,,,,,,,,,,,,,,,,,,,,,,,,,,,,,,,,,,,,,,,,,,,,,,,,,,,,,,,,,,,,,,,,,,,,,,,,,,,,,,,,,,,,,,,,,,,,,,,,,,,,,,,,,,,,,,,,,,,,,,,,,,,,,,,,,,,,,,,,,,,,,,,,,,,,,,,,,,,,,,,,,,,,,,,,,,,,,,,,,,,,,,,,,,,,,,,,,,,,,,,,,,,,,,,,,,,,,,,,,,,,,,,,,,,,,,,,,,,,,,,,,,,,,,,,,,,,,,,,,,,,,,,,,,,,,,,,,,,,,,,,,,,,,,,,,
90,wxwocxd4,,0,18,18,Section_7,EndSurvey,2024-09-23 22:21:51.800349,1,,,0.0,,,,,,,,,,,,,,vjx2fex2,,,,,0,1.0,https://app.prolific.com/submissions/complete?cc=C1BTHULB,0.0,Experiment_1_Persistence,90,,0.0,665cdb3c64874f137f328314,1,1,90,,0.0,D,D,A,B,C,A,D,B,C,C,DDABCADBCC,0.3,0,0.0,1,1,90,,0.0,noisy,random,negative,Pass,red,25,0,2,Pass Box,1,1,90,,0.0,D,B,A,C,B,D,A,B,C,D,DBACBDABCD,1.0,Non-STEM Track,,0,0.0,2,1,1,90,,0.0,R,R,R,R,C,C,C,C,C,C,C,RRRRCCCCCCC,1,1,90,,0.0,0,0,1,0,0,0,0,0,0,I am not that accurate in STEM questions,English and Writing,I was embarrassed that I couldn't answer the math questions.,Non-STEM Track,1,1,,,,,,,,,,,,,,,,,,,,,,,,,,,,,,,,,,,,,,,,,,,,,,,,,,,,,,,,,,,,,,,,,,,,,,,,,,,,,,,,,,,,,,,,,,,,,,,,,,,,,,,,,,,,,,,,,,,,,,,,,,,,,,,,,,,,,,,,,,,,,,,,,,,,,,,,,,,,,,,,,,,,,,,,,,,,,,,,,,,,,,,,,,,,,,,,,,,,,,,,,,,,,,,,,,,,,,,,,,,,,,,,,,,,,,,,,,,,,,,,,,,,,,,,,,,,,,,,,,,,,,,,,,,,,,,,,,,,,,,,,,,,,,,,,,,,,,,,,,,,,,,,,,,,,,,,,,,
91,ptpwv7mb,,0,18,18,Section_7,EndSurvey,2024-09-23 22:21:54.492235,1,,,0.0,,,,,,,,,,,,,,vjx2fex2,,,,,0,1.0,https://app.prolific.com/submissions/complete?cc=C1BTHULB,0.0,Experiment_1_Persistence,91,,0.0,667c554796c7fc3eefb6c4cf,1,1,91,,0.0,D,D,B,C,D,B,D,B,B,A,DDBCDBDBBA,0.2,2,4.428,1,1,91,,0.0,noisy,random,ground,Fail,red,13,4,5,Fail Box,1,1,91,,0.0,D,B,A,C,B,D,A,B,C,D,DBACBDABCD,1.0,Non-STEM Track,,0,0.0,5,1,1,91,,0.0,R,R,R,R,R,R,C,C,C,C,C,RRRRRRCCCCC,1,1,91,,0.0,0,0,1,0,0,0,0,0,0,I didn't remember all the various formulas from schooling on math. I figured the non-STEM questions would be easier,Business / Finance / Accounting,The math questions were stressful. The non-STEM questions were easy,Non-STEM Track,1,1,,,,,,,,,,,,,,,,,,,,,,,,,,,,,,,,,,,,,,,,,,,,,,,,,,,,,,,,,,,,,,,,,,,,,,,,,,,,,,,,,,,,,,,,,,,,,,,,,,,,,,,,,,,,,,,,,,,,,,,,,,,,,,,,,,,,,,,,,,,,,,,,,,,,,,,,,,,,,,,,,,,,,,,,,,,,,,,,,,,,,,,,,,,,,,,,,,,,,,,,,,,,,,,,,,,,,,,,,,,,,,,,,,,,,,,,,,,,,,,,,,,,,,,,,,,,,,,,,,,,,,,,,,,,,,,,,,,,,,,,,,,,,,,,,,,,,,,,,,,,,,,,,,,,,,,,,,,
92,h7ghpyrp,,0,18,18,Section_7,EndSurvey,2024-09-23 22:22:01.647289,1,,,0.0,,,,,,,,,,,,,,vjx2fex2,,,,,0,1.0,https://app.prolific.com/submissions/complete?cc=C1BTHULB,0.0,Experiment_1_Persistence,92,,0.0,6639768649728b5b7fb8bfaf,1,1,92,,0.0,B,C,C,D,B,C,B,A,B,A,BCCDBCBABA,0.2,1,4.65,1,1,92,,0.0,noisy,random,negative,Fail,red,25,3,3,Fail Box,1,1,92,,0.0,A,B,A,B,D,B,D,C,C,B,ABABDBDCCB,0.0,STEM Track,,0,0.0,3,1,1,92,,0.0,R,R,R,R,R,R,C,C,C,C,C,RRRRRRCCCCC,1,1,92,,0.0,0,0,1,0,0,0,0,0,0,Stay on the track.,"Computer Science, Programming, Cyber Law",It was decent.,STEM Track,1,1,,,,,,,,,,,,,,,,,,,,,,,,,,,,,,,,,,,,,,,,,,,,,,,,,,,,,,,,,,,,,,,,,,,,,,,,,,,,,,,,,,,,,,,,,,,,,,,,,,,,,,,,,,,,,,,,,,,,,,,,,,,,,,,,,,,,,,,,,,,,,,,,,,,,,,,,,,,,,,,,,,,,,,,,,,,,,,,,,,,,,,,,,,,,,,,,,,,,,,,,,,,,,,,,,,,,,,,,,,,,,,,,,,,,,,,,,,,,,,,,,,,,,,,,,,,,,,,,,,,,,,,,,,,,,,,,,,,,,,,,,,,,,,,,,,,,,,,,,,,,,,,,,,,,,,,,,,,
93,khkkkyxz,,0,18,18,Section_7,EndSurvey,2024-09-23 22:22:10.681088,1,,,0.0,,,,,,,,,,,,,,vjx2fex2,,,,,0,1.0,https://app.prolific.com/submissions/complete?cc=C1BTHULB,0.0,Experiment_1_Persistence,93,,0.0,66e869441ac326a3a210a1c8,1,1,93,,0.0,A,A,A,C,C,B,B,C,,,AAACCBBC,0.4,0,0.0,1,1,93,,0.0,noisy,random,negative,Pass,red,10,2,2,Not Sure,1,1,93,,0.0,C,A,C,,A,D,C,C,B,,CACADCCB,0.4,STEM Track,,0,0.0,2,1,1,93,,0.0,R,R,C,C,C,C,C,C,C,C,C,RRCCCCCCCCC,1,1,93,,0.0,0,0,1,0,0,0,0,0,0,I was unsure what the non-STEM track would entail. I assumed I could get at least 2 STEM questions correct and earn $2.,"In college I only got an Associates, so the subjects were still widespread, but I was beginning to focus on Literature and different arts.","It was fun, interesting, and little tense. I did not expect it at all. I enjoyed the process.",STEM Track,1,1,,,,,,,,,,,,,,,,,,,,,,,,,,,,,,,,,,,,,,,,,,,,,,,,,,,,,,,,,,,,,,,,,,,,,,,,,,,,,,,,,,,,,,,,,,,,,,,,,,,,,,,,,,,,,,,,,,,,,,,,,,,,,,,,,,,,,,,,,,,,,,,,,,,,,,,,,,,,,,,,,,,,,,,,,,,,,,,,,,,,,,,,,,,,,,,,,,,,,,,,,,,,,,,,,,,,,,,,,,,,,,,,,,,,,,,,,,,,,,,,,,,,,,,,,,,,,,,,,,,,,,,,,,,,,,,,,,,,,,,,,,,,,,,,,,,,,,,,,,,,,,,,,,,,,,,,,,,
94,9dmbnnx5,,0,18,18,Section_7,EndSurvey,2024-09-23 22:22:22.893886,1,,,0.0,,,,,,,,,,,,,,vjx2fex2,,,,,0,1.0,https://app.prolific.com/submissions/complete?cc=C1BTHULB,0.0,Experiment_1_Persistence,94,,0.0,664e072b7bdd8d485870a572,1,1,94,,0.0,,,,,,,,,,,,0.0,0,0.0,1,1,94,,0.0,noisy,random,ground,Fail,red,60,6,7,Fail Box,1,1,94,,0.0,A,B,A,A,B,D,A,B,C,D,ABAABDABCD,0.8,Non-STEM Track,,0,0.0,7,1,1,94,,0.0,R,R,R,C,C,C,C,C,C,C,C,RRRCCCCCCCC,1,1,94,,0.0,0,1,1,0,0,0,0,0,0,"I do not like taking risks on something I can be sure of , even if it is at a lower price.",Chemistry and Mathematics,It was a nice exercise especially on time management.,Non-STEM Track,1,1,,,,,,,,,,,,,,,,,,,,,,,,,,,,,,,,,,,,,,,,,,,,,,,,,,,,,,,,,,,,,,,,,,,,,,,,,,,,,,,,,,,,,,,,,,,,,,,,,,,,,,,,,,,,,,,,,,,,,,,,,,,,,,,,,,,,,,,,,,,,,,,,,,,,,,,,,,,,,,,,,,,,,,,,,,,,,,,,,,,,,,,,,,,,,,,,,,,,,,,,,,,,,,,,,,,,,,,,,,,,,,,,,,,,,,,,,,,,,,,,,,,,,,,,,,,,,,,,,,,,,,,,,,,,,,,,,,,,,,,,,,,,,,,,,,,,,,,,,,,,,,,,,,,,,,,,,,,
95,a5wge88z,,0,18,18,Section_7,EndSurvey,2024-09-23 22:22:23.113812,1,,,0.0,,,,,,,,,,,,,,vjx2fex2,,,,,0,1.0,https://app.prolific.com/submissions/complete?cc=C1BTHULB,0.0,Experiment_1_Persistence,95,,0.0,65cbaff16fb0903f2332d3a0,1,1,95,,0.0,B,C,D,A,A,B,C,A,C,B,BCDAABCACB,0.3,1,3.385,1,1,95,,0.0,noisy,random,positive,Pass,red,40,3,2,Fail Box,1,1,95,,0.0,D,A,A,C,B,D,A,B,C,D,DAACBDABCD,0.9,Non-STEM Track,,0,0.0,2,1,1,95,,0.0,R,R,R,R,C,C,C,C,C,C,C,RRRRCCCCCCC,1,1,95,,0.0,0,0,1,0,0,0,0,0,0,"The chances seemed better for me, I didn't need a bonus","art, business",The math was unexpected from the survey description but very interesting,Non-STEM Track,1,1,,,,,,,,,,,,,,,,,,,,,,,,,,,,,,,,,,,,,,,,,,,,,,,,,,,,,,,,,,,,,,,,,,,,,,,,,,,,,,,,,,,,,,,,,,,,,,,,,,,,,,,,,,,,,,,,,,,,,,,,,,,,,,,,,,,,,,,,,,,,,,,,,,,,,,,,,,,,,,,,,,,,,,,,,,,,,,,,,,,,,,,,,,,,,,,,,,,,,,,,,,,,,,,,,,,,,,,,,,,,,,,,,,,,,,,,,,,,,,,,,,,,,,,,,,,,,,,,,,,,,,,,,,,,,,,,,,,,,,,,,,,,,,,,,,,,,,,,,,,,,,,,,,,,,,,,,,,
96,ul9hgia5,,0,18,18,Section_7,EndSurvey,2024-09-23 22:22:24.416680,1,,,0.0,,,,,,,,,,,,,,vjx2fex2,,,,,0,1.0,https://app.prolific.com/submissions/complete?cc=C1BTHULB,0.0,Experiment_1_Persistence,96,,0.0,60fdc934e81b93f92f561d76,1,1,96,,0.0,B,A,C,B,B,C,D,B,B,B,BACBBCDBBB,0.6,0,0.0,1,1,96,,0.0,noisy,random,negative,Pass,red,5,2,3,Pass Box,1,1,96,,0.0,A,B,A,C,B,A,A,B,C,C,ABACBAABCC,0.7,Non-STEM Track,,0,0.0,3,1,1,96,,0.0,R,R,R,R,R,R,C,C,C,C,C,RRRRRRCCCCC,1,1,96,,0.0,0,0,1,0,0,0,0,0,0,I chose this track because I do not feel as confident in my math skills as I did in high school,Science,NA,Non-STEM Track,1,1,,,,,,,,,,,,,,,,,,,,,,,,,,,,,,,,,,,,,,,,,,,,,,,,,,,,,,,,,,,,,,,,,,,,,,,,,,,,,,,,,,,,,,,,,,,,,,,,,,,,,,,,,,,,,,,,,,,,,,,,,,,,,,,,,,,,,,,,,,,,,,,,,,,,,,,,,,,,,,,,,,,,,,,,,,,,,,,,,,,,,,,,,,,,,,,,,,,,,,,,,,,,,,,,,,,,,,,,,,,,,,,,,,,,,,,,,,,,,,,,,,,,,,,,,,,,,,,,,,,,,,,,,,,,,,,,,,,,,,,,,,,,,,,,,,,,,,,,,,,,,,,,,,,,,,,,,,,
97,0ywcdmpk,,0,18,18,Section_7,EndSurvey,2024-09-23 22:22:34.593623,1,,,0.0,,,,,,,,,,,,,,vjx2fex2,,,,,0,1.0,https://app.prolific.com/submissions/complete?cc=C1BTHULB,0.0,Experiment_1_Persistence,97,,0.0,66699cf8f21e06aaf88dda41,1,1,97,,0.0,D,D,A,C,D,A,B,B,B,A,DDACDABBBA,0.0,0,0.0,1,1,97,,0.0,noisy,random,positive,Fail,red,20,1,1,Fail Box,1,1,97,,0.0,D,B,A,C,B,D,A,B,C,D,DBACBDABCD,1.0,Non-STEM Track,,0,0.0,1,1,1,97,,0.0,R,R,R,R,C,C,C,C,C,C,C,RRRRCCCCCCC,1,1,97,,0.0,0,0,1,0,0,0,0,0,0,I do not feel that I did well on the first STEM test,I studied secondary education with an emphasis in biology and integrated sciences ,nope,Non-STEM Track,1,1,,,,,,,,,,,,,,,,,,,,,,,,,,,,,,,,,,,,,,,,,,,,,,,,,,,,,,,,,,,,,,,,,,,,,,,,,,,,,,,,,,,,,,,,,,,,,,,,,,,,,,,,,,,,,,,,,,,,,,,,,,,,,,,,,,,,,,,,,,,,,,,,,,,,,,,,,,,,,,,,,,,,,,,,,,,,,,,,,,,,,,,,,,,,,,,,,,,,,,,,,,,,,,,,,,,,,,,,,,,,,,,,,,,,,,,,,,,,,,,,,,,,,,,,,,,,,,,,,,,,,,,,,,,,,,,,,,,,,,,,,,,,,,,,,,,,,,,,,,,,,,,,,,,,,,,,,,,
98,frw3ix7m,,0,18,18,Section_7,EndSurvey,2024-09-23 22:22:40.480693,1,,,0.0,,,,,,,,,,,,,,vjx2fex2,,,,,0,1.0,https://app.prolific.com/submissions/complete?cc=C1BTHULB,0.0,Experiment_1_Persistence,98,,0.0,66467574dad014b033fa664c,1,1,98,,0.0,A,C,D,B,C,B,B,C,B,B,ACDBCBBCBB,0.5,2,8.109,1,1,98,,0.0,noisy,random,ground,Pass,red,100,4,5,Pass Box,1,1,98,,0.0,D,B,A,C,B,D,A,B,C,D,DBACBDABCD,1.0,Non-STEM Track,,0,0.0,5,1,1,98,,0.0,R,R,R,R,R,R,R,R,C,C,C,RRRRRRRRCCC,1,1,98,,0.0,0,1,1,0,0,0,0,0,0,Different set of questions,"Accounting, Math",,Non-STEM Track,1,1,,,,,,,,,,,,,,,,,,,,,,,,,,,,,,,,,,,,,,,,,,,,,,,,,,,,,,,,,,,,,,,,,,,,,,,,,,,,,,,,,,,,,,,,,,,,,,,,,,,,,,,,,,,,,,,,,,,,,,,,,,,,,,,,,,,,,,,,,,,,,,,,,,,,,,,,,,,,,,,,,,,,,,,,,,,,,,,,,,,,,,,,,,,,,,,,,,,,,,,,,,,,,,,,,,,,,,,,,,,,,,,,,,,,,,,,,,,,,,,,,,,,,,,,,,,,,,,,,,,,,,,,,,,,,,,,,,,,,,,,,,,,,,,,,,,,,,,,,,,,,,,,,,,,,,,,,,,
99,gkix3ehn,,0,18,18,Section_7,EndSurvey,2024-09-23 22:22:43.665857,1,,,0.0,,,,,,,,,,,,,,vjx2fex2,,,,,0,1.0,https://app.prolific.com/submissions/complete?cc=C1BTHULB,0.0,Experiment_1_Persistence,99,,0.0,657f9ecdc7afa8708864c59b,1,1,99,,0.0,C,D,B,D,D,D,D,C,C,A,CDBDDDDCCA,0.3,0,0.0,1,1,99,,0.0,noisy,random,negative,Fail,red,50,5,5,Fail Box,1,1,99,,0.0,D,B,A,C,B,D,A,B,C,D,DBACBDABCD,1.0,Non-STEM Track,,0,0.0,5,1,1,99,,0.0,R,R,R,R,R,C,C,C,C,C,C,RRRRRCCCCCC,1,1,99,,0.0,1,1,1,0,0,0,0,0,0,"As I have gotten older, math is no longer my strong suit.","In school, I studied all of the basic subjects (reading, math, history, basic sciences). I have worked in IT and healthcare administration. ",No comments or issues at this time. ,Non-STEM Track,1,1,,,,,,,,,,,,,,,,,,,,,,,,,,,,,,,,,,,,,,,,,,,,,,,,,,,,,,,,,,,,,,,,,,,,,,,,,,,,,,,,,,,,,,,,,,,,,,,,,,,,,,,,,,,,,,,,,,,,,,,,,,,,,,,,,,,,,,,,,,,,,,,,,,,,,,,,,,,,,,,,,,,,,,,,,,,,,,,,,,,,,,,,,,,,,,,,,,,,,,,,,,,,,,,,,,,,,,,,,,,,,,,,,,,,,,,,,,,,,,,,,,,,,,,,,,,,,,,,,,,,,,,,,,,,,,,,,,,,,,,,,,,,,,,,,,,,,,,,,,,,,,,,,,,,,,,,,,,
100,uptqmm8s,,0,18,18,Section_7,EndSurvey,2024-09-23 22:23:12.441612,1,,,0.0,,,,,,,,,,,,,,vjx2fex2,,,,,0,1.0,https://app.prolific.com/submissions/complete?cc=C1BTHULB,0.0,Experiment_1_Persistence,100,,0.0,65625c96b7c75898d14760ba,1,1,100,,0.0,D,D,A,C,C,C,C,C,C,C,DDACCCCCCC,0.2,0,0.0,1,1,100,,0.0,noisy,random,positive,Fail,red,40,3,5,Fail Box,1,1,100,,0.0,D,B,A,C,B,D,A,B,C,D,DBACBDABCD,1.0,Non-STEM Track,,0,0.0,5,1,1,100,,0.0,R,R,R,R,R,C,C,C,C,C,C,RRRRRCCCCCC,1,1,100,,0.0,0,0,1,0,0,0,0,0,0,I am not good at math,"English, history, science, math  Customer service, food, retail ",The first test was challenging but the second was easy,Non-STEM Track,1,1,,,,,,,,,,,,,,,,,,,,,,,,,,,,,,,,,,,,,,,,,,,,,,,,,,,,,,,,,,,,,,,,,,,,,,,,,,,,,,,,,,,,,,,,,,,,,,,,,,,,,,,,,,,,,,,,,,,,,,,,,,,,,,,,,,,,,,,,,,,,,,,,,,,,,,,,,,,,,,,,,,,,,,,,,,,,,,,,,,,,,,,,,,,,,,,,,,,,,,,,,,,,,,,,,,,,,,,,,,,,,,,,,,,,,,,,,,,,,,,,,,,,,,,,,,,,,,,,,,,,,,,,,,,,,,,,,,,,,,,,,,,,,,,,,,,,,,,,,,,,,,,,,,,,,,,,,,,
101,t81jnk42,,0,18,18,Section_7,EndSurvey,2024-09-23 22:23:20.992101,1,,,0.0,,,,,,,,,,,,,,vjx2fex2,,,,,0,1.0,https://app.prolific.com/submissions/complete?cc=C1BTHULB,0.0,Experiment_1_Persistence,101,,0.0,5ec4b10f7e31c83a4d915cf6,1,1,101,,0.0,D,D,C,B,C,A,B,C,C,B,DDCBCABCCB,0.5,1,292.091,1,1,101,,0.0,noisy,random,ground,Pass,black,5,3,2,Pass Box,1,1,101,,0.0,B,B,C,B,C,D,B,A,B,C,BBCBCDBABC,0.6,STEM Track,,0,0.0,2,1,1,101,,0.0,R,R,C,C,C,C,C,C,C,C,C,RRCCCCCCCCC,1,1,101,,0.0,0,0,1,0,0,0,0,0,0,my dad is a doctor and i wanted to be like him,"neuroscience, medicine",It was very long. ,STEM Track,1,1,,,,,,,,,,,,,,,,,,,,,,,,,,,,,,,,,,,,,,,,,,,,,,,,,,,,,,,,,,,,,,,,,,,,,,,,,,,,,,,,,,,,,,,,,,,,,,,,,,,,,,,,,,,,,,,,,,,,,,,,,,,,,,,,,,,,,,,,,,,,,,,,,,,,,,,,,,,,,,,,,,,,,,,,,,,,,,,,,,,,,,,,,,,,,,,,,,,,,,,,,,,,,,,,,,,,,,,,,,,,,,,,,,,,,,,,,,,,,,,,,,,,,,,,,,,,,,,,,,,,,,,,,,,,,,,,,,,,,,,,,,,,,,,,,,,,,,,,,,,,,,,,,,,,,,,,,,,
102,e8m777za,,0,18,18,Section_7,EndSurvey,2024-09-23 22:23:21.834697,1,,,0.0,,,,,,,,,,,,,,vjx2fex2,,,,,0,1.0,https://app.prolific.com/submissions/complete?cc=C1BTHULB,0.0,Experiment_1_Persistence,102,,0.0,6650da43a82f01840447bcbe,1,1,102,,0.0,D,A,A,C,A,A,D,B,C,A,DAACAADBCA,0.3,0,0.0,1,1,102,,0.0,noisy,random,ground,Pass,red,25,1,1,Fail Box,1,1,102,,0.0,D,B,A,C,B,D,A,B,C,D,DBACBDABCD,1.0,Non-STEM Track,,0,0.0,1,1,1,102,,0.0,R,R,R,R,R,C,C,C,C,C,C,RRRRRCCCCCC,1,1,102,,0.0,0,0,1,0,0,0,0,0,0,Math is not my strong suit.,I mainly studied business administration and aviation,The STEM was particularly difficult,Non-STEM Track,1,1,,,,,,,,,,,,,,,,,,,,,,,,,,,,,,,,,,,,,,,,,,,,,,,,,,,,,,,,,,,,,,,,,,,,,,,,,,,,,,,,,,,,,,,,,,,,,,,,,,,,,,,,,,,,,,,,,,,,,,,,,,,,,,,,,,,,,,,,,,,,,,,,,,,,,,,,,,,,,,,,,,,,,,,,,,,,,,,,,,,,,,,,,,,,,,,,,,,,,,,,,,,,,,,,,,,,,,,,,,,,,,,,,,,,,,,,,,,,,,,,,,,,,,,,,,,,,,,,,,,,,,,,,,,,,,,,,,,,,,,,,,,,,,,,,,,,,,,,,,,,,,,,,,,,,,,,,,,
103,9lt7uwh3,,0,18,18,Section_7,EndSurvey,2024-09-23 22:23:23.372880,1,,,0.0,,,,,,,,,,,,,,vjx2fex2,,,,,0,1.0,https://app.prolific.com/submissions/complete?cc=C1BTHULB,0.0,Experiment_1_Persistence,103,,0.0,6400dc073892deb3d98c8232,1,1,103,,0.0,D,B,B,C,D,A,D,C,B,B,DBBCDADCBB,0.3,0,0.0,1,1,103,,0.0,noisy,random,ground,Fail,red,61,6,6,Fail Box,1,1,103,,0.0,B,B,C,C,A,D,C,A,B,C,BBCCADCABC,0.8,STEM Track,,0,0.0,6,1,1,103,,0.0,R,R,R,R,R,R,C,C,C,C,C,RRRRRRCCCCC,1,1,103,,0.0,0,0,1,0,0,0,0,0,0,Because I like a good math challenge,"English, Math, science, social studies",Loved the mental exercise. Some of the questions were hard because I haven't exercised my trig/algebra/geometry muscles in 10+ years,STEM Track,1,1,,,,,,,,,,,,,,,,,,,,,,,,,,,,,,,,,,,,,,,,,,,,,,,,,,,,,,,,,,,,,,,,,,,,,,,,,,,,,,,,,,,,,,,,,,,,,,,,,,,,,,,,,,,,,,,,,,,,,,,,,,,,,,,,,,,,,,,,,,,,,,,,,,,,,,,,,,,,,,,,,,,,,,,,,,,,,,,,,,,,,,,,,,,,,,,,,,,,,,,,,,,,,,,,,,,,,,,,,,,,,,,,,,,,,,,,,,,,,,,,,,,,,,,,,,,,,,,,,,,,,,,,,,,,,,,,,,,,,,,,,,,,,,,,,,,,,,,,,,,,,,,,,,,,,,,,,,,
104,st7gvw2s,,0,18,18,Section_7,EndSurvey,2024-09-23 22:23:32.530525,1,,,0.0,,,,,,,,,,,,,,vjx2fex2,,,,,0,1.0,https://app.prolific.com/submissions/complete?cc=C1BTHULB,0.0,Experiment_1_Persistence,104,,0.0,663bed1750f26c425d62f57e,1,1,104,,0.0,B,B,B,B,B,B,B,B,B,B,BBBBBBBBBB,0.4,0,0.0,1,1,104,,0.0,noisy,random,ground,Pass,red,1,0,3,Fail Box,1,1,104,,0.0,D,B,A,C,B,D,A,B,C,D,DBACBDABCD,1.0,Non-STEM Track,,0,0.0,3,1,1,104,,0.0,R,R,R,R,R,C,C,C,C,C,C,RRRRRCCCCCC,1,1,104,,0.0,0,0,1,0,0,0,0,0,0,No confidence based on the first test,"English, Science, History, Computers",Everything went fine.,Non-STEM Track,1,1,,,,,,,,,,,,,,,,,,,,,,,,,,,,,,,,,,,,,,,,,,,,,,,,,,,,,,,,,,,,,,,,,,,,,,,,,,,,,,,,,,,,,,,,,,,,,,,,,,,,,,,,,,,,,,,,,,,,,,,,,,,,,,,,,,,,,,,,,,,,,,,,,,,,,,,,,,,,,,,,,,,,,,,,,,,,,,,,,,,,,,,,,,,,,,,,,,,,,,,,,,,,,,,,,,,,,,,,,,,,,,,,,,,,,,,,,,,,,,,,,,,,,,,,,,,,,,,,,,,,,,,,,,,,,,,,,,,,,,,,,,,,,,,,,,,,,,,,,,,,,,,,,,,,,,,,,,,
105,2dfxla40,,0,18,18,Section_7,EndSurvey,2024-09-23 22:23:46.468435,1,,,0.0,,,,,,,,,,,,,,vjx2fex2,,,,,0,1.0,https://app.prolific.com/submissions/complete?cc=C1BTHULB,0.0,Experiment_1_Persistence,105,,0.0,6115a8dde68c2fd93db65dfd,1,1,105,,0.0,C,B,A,B,A,C,A,A,B,D,CBABACAABD,0.1,1,3.314,1,1,105,,0.0,noisy,random,ground,Pass,red,5,1,0,Pass Box,1,1,105,,0.0,D,B,A,C,B,D,A,B,C,B,DBACBDABCB,0.9,Non-STEM Track,,0,0.0,0,1,1,105,,0.0,R,R,R,R,R,C,C,C,C,C,C,RRRRRCCCCCC,1,1,105,,0.0,0,0,1,0,0,0,0,0,0,Because I hate math and it makes my head hurt and thought I would get more answers right with non stem test ,"I have worked in child and pet care, food, outdoor etc. and i studied math, english, science, social studies & in college i have studied lots of psychology classes and social justice",I was very confused most of the time ,Non-STEM Track,1,1,,,,,,,,,,,,,,,,,,,,,,,,,,,,,,,,,,,,,,,,,,,,,,,,,,,,,,,,,,,,,,,,,,,,,,,,,,,,,,,,,,,,,,,,,,,,,,,,,,,,,,,,,,,,,,,,,,,,,,,,,,,,,,,,,,,,,,,,,,,,,,,,,,,,,,,,,,,,,,,,,,,,,,,,,,,,,,,,,,,,,,,,,,,,,,,,,,,,,,,,,,,,,,,,,,,,,,,,,,,,,,,,,,,,,,,,,,,,,,,,,,,,,,,,,,,,,,,,,,,,,,,,,,,,,,,,,,,,,,,,,,,,,,,,,,,,,,,,,,,,,,,,,,,,,,,,,,,
106,je78tylp,,0,18,18,Section_7,EndSurvey,2024-09-23 22:23:50.771007,1,,,0.0,,,,,,,,,,,,,,vjx2fex2,,,,,0,1.0,https://app.prolific.com/submissions/complete?cc=C1BTHULB,0.0,Experiment_1_Persistence,106,,0.0,63ced96b01986b01ef133497,1,1,106,,0.0,B,A,A,B,B,C,A,B,B,C,BAABBCABBC,0.3,0,0.0,1,1,106,,0.0,noisy,random,positive,Fail,red,10,3,4,Fail Box,1,1,106,,0.0,D,B,A,C,B,D,A,B,C,C,DBACBDABCC,0.9,Non-STEM Track,,0,0.0,4,1,1,106,,0.0,R,R,R,R,C,C,C,C,C,C,C,RRRRCCCCCCC,1,1,106,,0.0,0,0,1,0,0,0,0,0,0,I didn’t know if I would do better,English math and scoend,I liked it ,Non-STEM Track,1,1,,,,,,,,,,,,,,,,,,,,,,,,,,,,,,,,,,,,,,,,,,,,,,,,,,,,,,,,,,,,,,,,,,,,,,,,,,,,,,,,,,,,,,,,,,,,,,,,,,,,,,,,,,,,,,,,,,,,,,,,,,,,,,,,,,,,,,,,,,,,,,,,,,,,,,,,,,,,,,,,,,,,,,,,,,,,,,,,,,,,,,,,,,,,,,,,,,,,,,,,,,,,,,,,,,,,,,,,,,,,,,,,,,,,,,,,,,,,,,,,,,,,,,,,,,,,,,,,,,,,,,,,,,,,,,,,,,,,,,,,,,,,,,,,,,,,,,,,,,,,,,,,,,,,,,,,,,,
107,2ygfneal,,0,18,18,Section_7,EndSurvey,2024-09-23 22:23:52.411345,1,,,0.0,,,,,,,,,,,,,,vjx2fex2,,,,,0,1.0,https://app.prolific.com/submissions/complete?cc=C1BTHULB,0.0,Experiment_1_Persistence,107,,0.0,5e4817a6e98da32bd77e901e,1,1,107,,0.0,D,A,B,C,B,C,B,B,C,B,DABCBCBBCB,0.4,6,132.654,1,1,107,,0.0,noisy,random,negative,Fail,red,50,5,5,Pass Box,1,1,107,,0.0,B,C,B,A,B,C,B,A,C,A,BCBABCBACA,0.3,STEM Track,,5,134.029,5,1,1,107,,0.0,R,R,R,R,R,R,C,C,C,C,C,RRRRRRCCCCC,1,1,107,,0.0,0,0,1,0,0,0,0,0,0,Passionate about it ,Computer ,,STEM Track,1,1,,,,,,,,,,,,,,,,,,,,,,,,,,,,,,,,,,,,,,,,,,,,,,,,,,,,,,,,,,,,,,,,,,,,,,,,,,,,,,,,,,,,,,,,,,,,,,,,,,,,,,,,,,,,,,,,,,,,,,,,,,,,,,,,,,,,,,,,,,,,,,,,,,,,,,,,,,,,,,,,,,,,,,,,,,,,,,,,,,,,,,,,,,,,,,,,,,,,,,,,,,,,,,,,,,,,,,,,,,,,,,,,,,,,,,,,,,,,,,,,,,,,,,,,,,,,,,,,,,,,,,,,,,,,,,,,,,,,,,,,,,,,,,,,,,,,,,,,,,,,,,,,,,,,,,,,,,,
108,pp8ef32l,,0,18,18,Section_7,EndSurvey,2024-09-23 22:23:53.981787,1,,,0.0,,,,,,,,,,,,,,vjx2fex2,,,,,0,1.0,https://app.prolific.com/submissions/complete?cc=C1BTHULB,0.0,Experiment_1_Persistence,108,,0.0,65dffbcc9f615a8920ede722,1,1,108,,0.0,A,C,A,B,D,B,D,C,A,A,ACABDBDCAA,0.5,0,0.0,1,1,108,,0.0,noisy,random,ground,Pass,red,50,4,4,Pass Box,1,1,108,,0.0,D,B,A,C,B,D,A,C,C,D,DBACBDACCD,0.9,Non-STEM Track,,0,0.0,4,1,1,108,,0.0,R,R,R,R,R,R,C,C,C,C,C,RRRRRRCCCCC,1,1,108,,0.0,0,0,1,0,0,0,0,0,0,I don't like STEM,Bio Pharma,N/A,Non-STEM Track,1,1,,,,,,,,,,,,,,,,,,,,,,,,,,,,,,,,,,,,,,,,,,,,,,,,,,,,,,,,,,,,,,,,,,,,,,,,,,,,,,,,,,,,,,,,,,,,,,,,,,,,,,,,,,,,,,,,,,,,,,,,,,,,,,,,,,,,,,,,,,,,,,,,,,,,,,,,,,,,,,,,,,,,,,,,,,,,,,,,,,,,,,,,,,,,,,,,,,,,,,,,,,,,,,,,,,,,,,,,,,,,,,,,,,,,,,,,,,,,,,,,,,,,,,,,,,,,,,,,,,,,,,,,,,,,,,,,,,,,,,,,,,,,,,,,,,,,,,,,,,,,,,,,,,,,,,,,,,,
109,goyy80i4,,0,18,18,Section_7,EndSurvey,2024-09-23 22:24:04.684790,1,,,0.0,,,,,,,,,,,,,,vjx2fex2,,,,,0,1.0,https://app.prolific.com/submissions/complete?cc=C1BTHULB,0.0,Experiment_1_Persistence,109,,0.0, 5a9b7272f05361000171feef,1,1,109,,0.0,B,C,B,C,D,A,B,B,C,C,BCBCDABBCC,0.1,0,0.0,1,1,109,,0.0,noisy,random,negative,Fail,red,2,0,10,Fail Box,1,1,109,,0.0,D,B,A,C,B,D,A,B,C,D,DBACBDABCD,1.0,Non-STEM Track,,0,0.0,10,1,1,109,,0.0,R,R,R,R,R,R,R,R,R,R,R,RRRRRRRRRRR,1,1,109,,0.0,0,1,0,0,0,0,0,0,0,I perform better in this category.,"I studied sociology, languages, and technical administrative subjects.  I have worked in administrative jobs.",It was a good experience.,Non-STEM Track,1,1,,,,,,,,,,,,,,,,,,,,,,,,,,,,,,,,,,,,,,,,,,,,,,,,,,,,,,,,,,,,,,,,,,,,,,,,,,,,,,,,,,,,,,,,,,,,,,,,,,,,,,,,,,,,,,,,,,,,,,,,,,,,,,,,,,,,,,,,,,,,,,,,,,,,,,,,,,,,,,,,,,,,,,,,,,,,,,,,,,,,,,,,,,,,,,,,,,,,,,,,,,,,,,,,,,,,,,,,,,,,,,,,,,,,,,,,,,,,,,,,,,,,,,,,,,,,,,,,,,,,,,,,,,,,,,,,,,,,,,,,,,,,,,,,,,,,,,,,,,,,,,,,,,,,,,,,,,,
110,dks7ejy5,,0,18,18,Section_7,EndSurvey,2024-09-23 22:24:20.014406,1,,,0.0,,,,,,,,,,,,,,vjx2fex2,,,,,0,1.0,https://app.prolific.com/submissions/complete?cc=C1BTHULB,0.0,Experiment_1_Persistence,110,,0.0,6078b4ad9006e4f6572dde97,1,1,110,,0.0,,A,D,C,B,A,D,B,A,B,ADCBADBAB,0.3,0,0.0,1,1,110,,0.0,noisy,random,ground,Fail,red,85,6,6,Fail Box,1,1,110,,0.0,D,B,A,C,B,D,A,B,C,D,DBACBDABCD,1.0,Non-STEM Track,,0,0.0,6,1,1,110,,0.0,R,R,R,R,C,C,C,C,C,C,C,RRRRCCCCCCC,1,1,110,,0.0,0,1,1,0,0,0,0,0,0,"The STEM questions were ridiculously difficult and time consuming. I consider myself pretty good at math, having taken collegiate level calculus and statistics courses, and this math was still a little too much for me to solve quickly without paper.","The main subjects I studied in school were finance and economics. The main industries I've worked in are Arts, Design, Finance, and Healthcare","It was a headache, but achievable",Non-STEM Track,1,1,,,,,,,,,,,,,,,,,,,,,,,,,,,,,,,,,,,,,,,,,,,,,,,,,,,,,,,,,,,,,,,,,,,,,,,,,,,,,,,,,,,,,,,,,,,,,,,,,,,,,,,,,,,,,,,,,,,,,,,,,,,,,,,,,,,,,,,,,,,,,,,,,,,,,,,,,,,,,,,,,,,,,,,,,,,,,,,,,,,,,,,,,,,,,,,,,,,,,,,,,,,,,,,,,,,,,,,,,,,,,,,,,,,,,,,,,,,,,,,,,,,,,,,,,,,,,,,,,,,,,,,,,,,,,,,,,,,,,,,,,,,,,,,,,,,,,,,,,,,,,,,,,,,,,,,,,,,
111,9qskziza,,0,1,18,Intro,Intro,2024-09-23 22:24:22.952467,1,,,0.0,,,,,,,,,,,,,,vjx2fex2,,,,,0,1.0,https://app.prolific.com/submissions/complete?cc=C1BTHULB,0.0,Experiment_1_Persistence,111,,0.0,,1,1,111,,0.0,,,,,,,,,,,,,,,1,1,111,,0.0,,,,,,,,,,1,1,111,,0.0,,,,,,,,,,,,,,,,,,1,1,111,,0.0,,,,,,,,,,,,,1,1,111,,0.0,0,0,0,0,0,0,0,0,0,,,,,1,1,,,,,,,,,,,,,,,,,,,,,,,,,,,,,,,,,,,,,,,,,,,,,,,,,,,,,,,,,,,,,,,,,,,,,,,,,,,,,,,,,,,,,,,,,,,,,,,,,,,,,,,,,,,,,,,,,,,,,,,,,,,,,,,,,,,,,,,,,,,,,,,,,,,,,,,,,,,,,,,,,,,,,,,,,,,,,,,,,,,,,,,,,,,,,,,,,,,,,,,,,,,,,,,,,,,,,,,,,,,,,,,,,,,,,,,,,,,,,,,,,,,,,,,,,,,,,,,,,,,,,,,,,,,,,,,,,,,,,,,,,,,,,,,,,,,,,,,,,,,,,,,,,,,,,,,,,,,
112,n6yvaea2,,0,18,18,Section_7,EndSurvey,2024-09-23 22:24:24.186857,1,,,0.0,,,,,,,,,,,,,,vjx2fex2,,,,,0,1.0,https://app.prolific.com/submissions/complete?cc=C1BTHULB,0.0,Experiment_1_Persistence,112,,0.0,6625c1592599fcc4ab441841,1,1,112,,0.0,C,B,B,D,C,A,D,B,D,A,CBBDCADBDA,0.1,2,6.798,1,1,112,,0.0,noisy,random,negative,Fail,red,50,1,2,Pass Box,1,1,112,,0.0,C,B,D,B,C,D,C,B,B,D,CBDBCDCBBD,0.3,STEM Track,,4,77.314,2,1,1,112,,0.0,R,R,R,R,R,R,R,C,C,C,C,RRRRRRRCCCC,1,1,112,,0.0,1,1,0,0,0,0,0,0,0,I thought it was a more interesting route in trying to see what I knew how to answer. Not too confident on the level but I enjoyed the route. ,"Science, Social studies, math, biology, information technology","The experience was positive, the survey was clear to understand and it never felt tedious. The bite size chapters are good in making you feel like progress is being made. ",STEM Track,1,1,,,,,,,,,,,,,,,,,,,,,,,,,,,,,,,,,,,,,,,,,,,,,,,,,,,,,,,,,,,,,,,,,,,,,,,,,,,,,,,,,,,,,,,,,,,,,,,,,,,,,,,,,,,,,,,,,,,,,,,,,,,,,,,,,,,,,,,,,,,,,,,,,,,,,,,,,,,,,,,,,,,,,,,,,,,,,,,,,,,,,,,,,,,,,,,,,,,,,,,,,,,,,,,,,,,,,,,,,,,,,,,,,,,,,,,,,,,,,,,,,,,,,,,,,,,,,,,,,,,,,,,,,,,,,,,,,,,,,,,,,,,,,,,,,,,,,,,,,,,,,,,,,,,,,,,,,,,
113,2gxt6lau,,0,18,18,Section_7,EndSurvey,2024-09-23 22:24:29.799873,1,,,0.0,,,,,,,,,,,,,,vjx2fex2,,,,,0,1.0,https://app.prolific.com/submissions/complete?cc=C1BTHULB,0.0,Experiment_1_Persistence,113,,0.0,6537fbfa80bf977dd6954d58,1,1,113,,0.0,B,C,B,D,D,C,C,D,B,C,BCBDDCCDBC,0.0,0,0.0,1,1,113,,0.0,noisy,random,ground,Fail,red,5,1,1,Fail Box,1,1,113,,0.0,D,B,A,C,B,D,A,B,C,D,DBACBDABCD,1.0,Non-STEM Track,,0,0.0,1,1,1,113,,0.0,R,R,R,R,C,C,C,C,C,C,C,RRRRCCCCCCC,1,1,113,,0.0,0,0,1,0,0,0,0,0,0,They did not have a STEM track when I was in school. ,"History, language, math, arts",I was pretty lost in the first part! ,Non-STEM Track,1,1,,,,,,,,,,,,,,,,,,,,,,,,,,,,,,,,,,,,,,,,,,,,,,,,,,,,,,,,,,,,,,,,,,,,,,,,,,,,,,,,,,,,,,,,,,,,,,,,,,,,,,,,,,,,,,,,,,,,,,,,,,,,,,,,,,,,,,,,,,,,,,,,,,,,,,,,,,,,,,,,,,,,,,,,,,,,,,,,,,,,,,,,,,,,,,,,,,,,,,,,,,,,,,,,,,,,,,,,,,,,,,,,,,,,,,,,,,,,,,,,,,,,,,,,,,,,,,,,,,,,,,,,,,,,,,,,,,,,,,,,,,,,,,,,,,,,,,,,,,,,,,,,,,,,,,,,,,,
114,dlsynj2n,,0,18,18,Section_7,EndSurvey,2024-09-23 22:24:29.906947,1,,,0.0,,,,,,,,,,,,,,vjx2fex2,,,,,0,1.0,https://app.prolific.com/submissions/complete?cc=C1BTHULB,0.0,Experiment_1_Persistence,114,,0.0,663eb327f5dc7af6ccc1bd44,1,1,114,,0.0,D,C,B,A,D,D,C,C,A,A,DCBADDCCAA,0.1,0,0.0,1,1,114,,0.0,noisy,random,ground,Fail,red,0,1,2,Fail Box,1,1,114,,0.0,A,B,B,D,A,A,C,C,B,B,ABBDAACCBB,0.3,STEM Track,,0,0.0,2,1,1,114,,0.0,R,R,R,R,R,R,R,R,R,R,C,RRRRRRRRRRC,1,1,114,,0.0,0,0,1,0,0,0,0,0,0,Just wanted to try. ,English and science. I am a retired RN and also worked in business. ,Story problems in math cause me a lot of anxiety. ,STEM Track,1,1,,,,,,,,,,,,,,,,,,,,,,,,,,,,,,,,,,,,,,,,,,,,,,,,,,,,,,,,,,,,,,,,,,,,,,,,,,,,,,,,,,,,,,,,,,,,,,,,,,,,,,,,,,,,,,,,,,,,,,,,,,,,,,,,,,,,,,,,,,,,,,,,,,,,,,,,,,,,,,,,,,,,,,,,,,,,,,,,,,,,,,,,,,,,,,,,,,,,,,,,,,,,,,,,,,,,,,,,,,,,,,,,,,,,,,,,,,,,,,,,,,,,,,,,,,,,,,,,,,,,,,,,,,,,,,,,,,,,,,,,,,,,,,,,,,,,,,,,,,,,,,,,,,,,,,,,,,,
115,6u0zlfut,,0,18,18,Section_7,EndSurvey,2024-09-23 22:24:35.493380,1,,,0.0,,,,,,,,,,,,,,vjx2fex2,,,,,0,1.0,https://app.prolific.com/submissions/complete?cc=C1BTHULB,0.0,Experiment_1_Persistence,115,,0.0,6670297f1e47e468c3605ef4,1,1,115,,0.0,A,A,A,B,A,C,D,B,C,D,AAABACDBCD,0.5,2,0.913,1,1,115,,0.0,noisy,random,negative,Fail,red,10,3,6,Fail Box,1,1,115,,0.0,A,C,C,A,A,D,C,C,B,C,ACCAADCCBC,0.7,STEM Track,,0,0.0,6,1,1,115,,0.0,R,R,R,R,R,C,C,C,C,C,C,RRRRRCCCCCC,1,1,115,,0.0,0,0,0,0,0,0,0,0,0,I like the challenge of figuring out the problems presented.,i studied kinesiology,this was very fun,STEM Track,1,1,,,,,,,,,,,,,,,,,,,,,,,,,,,,,,,,,,,,,,,,,,,,,,,,,,,,,,,,,,,,,,,,,,,,,,,,,,,,,,,,,,,,,,,,,,,,,,,,,,,,,,,,,,,,,,,,,,,,,,,,,,,,,,,,,,,,,,,,,,,,,,,,,,,,,,,,,,,,,,,,,,,,,,,,,,,,,,,,,,,,,,,,,,,,,,,,,,,,,,,,,,,,,,,,,,,,,,,,,,,,,,,,,,,,,,,,,,,,,,,,,,,,,,,,,,,,,,,,,,,,,,,,,,,,,,,,,,,,,,,,,,,,,,,,,,,,,,,,,,,,,,,,,,,,,,,,,,,
116,n6wqx2qa,,0,18,18,Section_7,EndSurvey,2024-09-23 22:24:41.449018,1,,,0.0,,,,,,,,,,,,,,vjx2fex2,,,,,0,1.0,https://app.prolific.com/submissions/complete?cc=C1BTHULB,0.0,Experiment_1_Persistence,116,,0.0,60e36d56350e661cf50f2c7e,1,1,116,,0.0,C,A,A,D,B,A,A,C,,,CAADBAAC,0.3,0,0.0,1,1,116,,0.0,noisy,random,ground,Pass,red,34,3,1,Pass Box,1,1,116,,0.0,D,B,A,C,B,D,A,B,C,D,DBACBDABCD,1.0,Non-STEM Track,,0,0.0,1,1,1,116,,0.0,R,R,R,R,R,R,R,R,R,C,C,RRRRRRRRRCC,1,1,116,,0.0,1,0,1,0,0,0,0,0,0,I like answering questions in NON-STEM subjects,Physical sciences and healthcare,I had no technical problems with any of the questions,Non-STEM Track,1,1,,,,,,,,,,,,,,,,,,,,,,,,,,,,,,,,,,,,,,,,,,,,,,,,,,,,,,,,,,,,,,,,,,,,,,,,,,,,,,,,,,,,,,,,,,,,,,,,,,,,,,,,,,,,,,,,,,,,,,,,,,,,,,,,,,,,,,,,,,,,,,,,,,,,,,,,,,,,,,,,,,,,,,,,,,,,,,,,,,,,,,,,,,,,,,,,,,,,,,,,,,,,,,,,,,,,,,,,,,,,,,,,,,,,,,,,,,,,,,,,,,,,,,,,,,,,,,,,,,,,,,,,,,,,,,,,,,,,,,,,,,,,,,,,,,,,,,,,,,,,,,,,,,,,,,,,,,,
117,g24h356c,,0,18,18,Section_7,EndSurvey,2024-09-23 22:24:45.736047,1,,,0.0,,,,,,,,,,,,,,vjx2fex2,,,,,0,1.0,https://app.prolific.com/submissions/complete?cc=C1BTHULB,0.0,Experiment_1_Persistence,117,,0.0,5e59feea5bb31220840c12c6,1,1,117,,0.0,D,A,A,B,A,A,C,B,B,D,DAABAACBBD,0.2,3,158.582,1,1,117,,0.0,noisy,random,ground,Fail,red,50,4,4,Pass Box,1,1,117,,0.0,D,B,A,B,B,D,A,C,C,D,DBABBDACCD,0.8,Non-STEM Track,,3,19.794,4,1,1,117,,0.0,R,R,R,R,R,C,C,C,C,C,C,RRRRRCCCCCC,1,1,117,,0.0,0,0,1,0,0,0,0,0,0,,,,Non-STEM Track,1,1,,,,,,,,,,,,,,,,,,,,,,,,,,,,,,,,,,,,,,,,,,,,,,,,,,,,,,,,,,,,,,,,,,,,,,,,,,,,,,,,,,,,,,,,,,,,,,,,,,,,,,,,,,,,,,,,,,,,,,,,,,,,,,,,,,,,,,,,,,,,,,,,,,,,,,,,,,,,,,,,,,,,,,,,,,,,,,,,,,,,,,,,,,,,,,,,,,,,,,,,,,,,,,,,,,,,,,,,,,,,,,,,,,,,,,,,,,,,,,,,,,,,,,,,,,,,,,,,,,,,,,,,,,,,,,,,,,,,,,,,,,,,,,,,,,,,,,,,,,,,,,,,,,,,,,,,,,,
118,wkysadd8,,0,18,18,Section_7,EndSurvey,2024-09-23 22:24:45.964349,1,,,0.0,,,,,,,,,,,,,,vjx2fex2,,,,,0,1.0,https://app.prolific.com/submissions/complete?cc=C1BTHULB,0.0,Experiment_1_Persistence,118,,0.0,6685abbd83e060274844e7f2,1,1,118,,0.0,A,C,D,A,B,B,A,A,A,A,ACDABBAAAA,0.3,0,0.0,1,1,118,,0.0,noisy,random,positive,Fail,red,60,4,4,Fail Box,1,1,118,,0.0,D,B,A,C,B,D,A,B,C,D,DBACBDABCD,1.0,Non-STEM Track,,0,0.0,4,1,1,118,,0.0,R,R,R,R,R,C,C,C,C,C,C,RRRRRCCCCCC,1,1,118,,0.0,0,0,1,0,0,0,0,0,0,I felt more confident,English  Mathematics,,Non-STEM Track,1,1,,,,,,,,,,,,,,,,,,,,,,,,,,,,,,,,,,,,,,,,,,,,,,,,,,,,,,,,,,,,,,,,,,,,,,,,,,,,,,,,,,,,,,,,,,,,,,,,,,,,,,,,,,,,,,,,,,,,,,,,,,,,,,,,,,,,,,,,,,,,,,,,,,,,,,,,,,,,,,,,,,,,,,,,,,,,,,,,,,,,,,,,,,,,,,,,,,,,,,,,,,,,,,,,,,,,,,,,,,,,,,,,,,,,,,,,,,,,,,,,,,,,,,,,,,,,,,,,,,,,,,,,,,,,,,,,,,,,,,,,,,,,,,,,,,,,,,,,,,,,,,,,,,,,,,,,,,,
119,ko2g0odw,,0,18,18,Section_7,EndSurvey,2024-09-23 22:24:49.151912,1,,,0.0,,,,,,,,,,,,,,vjx2fex2,,,,,0,1.0,https://app.prolific.com/submissions/complete?cc=C1BTHULB,0.0,Experiment_1_Persistence,119,,0.0,64056843d93dab3b9c4de01e,1,1,119,,0.0,D,A,,,,,A,C,,,DAAC,0.1,0,0.0,1,1,119,,0.0,noisy,random,ground,Fail,red,45,3,4,Fail Box,1,1,119,,0.0,D,B,A,C,B,D,A,B,C,D,DBACBDABCD,1.0,Non-STEM Track,,0,0.0,4,1,1,119,,0.0,R,R,R,R,R,C,C,C,C,C,C,RRRRRCCCCCC,1,1,119,,0.0,0,0,1,0,0,0,0,0,0,I expected that the Non-STEM track would be trivial to complete in comparison to the STEM track.  ,"I have mainly studied programming and computer technology, in addition to frequent study of literature and current events. I had less active engagement with fundamental or theoretical mathematics in comparison.",I found that I may need to continue honing my mathematical capabilities to their full potential.,Non-STEM Track,1,1,,,,,,,,,,,,,,,,,,,,,,,,,,,,,,,,,,,,,,,,,,,,,,,,,,,,,,,,,,,,,,,,,,,,,,,,,,,,,,,,,,,,,,,,,,,,,,,,,,,,,,,,,,,,,,,,,,,,,,,,,,,,,,,,,,,,,,,,,,,,,,,,,,,,,,,,,,,,,,,,,,,,,,,,,,,,,,,,,,,,,,,,,,,,,,,,,,,,,,,,,,,,,,,,,,,,,,,,,,,,,,,,,,,,,,,,,,,,,,,,,,,,,,,,,,,,,,,,,,,,,,,,,,,,,,,,,,,,,,,,,,,,,,,,,,,,,,,,,,,,,,,,,,,,,,,,,,,
120,ngqezp74,,0,18,18,Section_7,EndSurvey,2024-09-23 22:24:57.447540,1,,,0.0,,,,,,,,,,,,,,vjx2fex2,,,,,0,1.0,https://app.prolific.com/submissions/complete?cc=C1BTHULB,0.0,Experiment_1_Persistence,120,,0.0,5e7908b92d882b4b6d8fa8e1,1,1,120,,0.0,C,B,A,D,B,C,C,B,C,B,CBADBCCBCB,0.3,0,0.0,1,1,120,,0.0,noisy,random,positive,Pass,red,50,2,3,Pass Box,1,1,120,,0.0,D,B,A,C,B,D,A,B,C,D,DBACBDABCD,1.0,Non-STEM Track,,0,0.0,3,1,1,120,,0.0,R,R,R,R,R,C,C,C,C,C,C,RRRRRCCCCCC,1,1,120,,0.0,0,0,1,0,0,0,0,0,0,I feel more confident with English than I do Math.,"I have mainly studied English and Science, but worked with the general public in retail.","I did not feel confident on the Math at all, but I felt very confident in the English section.",Non-STEM Track,1,1,,,,,,,,,,,,,,,,,,,,,,,,,,,,,,,,,,,,,,,,,,,,,,,,,,,,,,,,,,,,,,,,,,,,,,,,,,,,,,,,,,,,,,,,,,,,,,,,,,,,,,,,,,,,,,,,,,,,,,,,,,,,,,,,,,,,,,,,,,,,,,,,,,,,,,,,,,,,,,,,,,,,,,,,,,,,,,,,,,,,,,,,,,,,,,,,,,,,,,,,,,,,,,,,,,,,,,,,,,,,,,,,,,,,,,,,,,,,,,,,,,,,,,,,,,,,,,,,,,,,,,,,,,,,,,,,,,,,,,,,,,,,,,,,,,,,,,,,,,,,,,,,,,,,,,,,,,,
121,b73izwnk,,0,18,18,Section_7,EndSurvey,2024-09-23 22:25:07.395306,1,,,0.0,,,,,,,,,,,,,,vjx2fex2,,,,,0,1.0,https://app.prolific.com/submissions/complete?cc=C1BTHULB,0.0,Experiment_1_Persistence,121,,0.0,65eb4bf83cd8843ed9896ba3,1,1,121,,0.0,D,A,D,B,B,B,D,C,B,A,DADBBBDCBA,0.6,0,0.0,1,1,121,,0.0,noisy,random,ground,Pass,black,70,6,6,Pass Box,1,1,121,,0.0,D,B,A,C,B,D,A,B,C,D,DBACBDABCD,1.0,Non-STEM Track,,0,0.0,6,1,1,121,,0.0,R,R,R,R,R,C,C,C,C,C,C,RRRRRCCCCCC,1,1,121,,0.0,0,1,0,0,0,0,0,0,0,I am better at non-stem,"Economics, Consulting",No feedback,Non-STEM Track,1,1,,,,,,,,,,,,,,,,,,,,,,,,,,,,,,,,,,,,,,,,,,,,,,,,,,,,,,,,,,,,,,,,,,,,,,,,,,,,,,,,,,,,,,,,,,,,,,,,,,,,,,,,,,,,,,,,,,,,,,,,,,,,,,,,,,,,,,,,,,,,,,,,,,,,,,,,,,,,,,,,,,,,,,,,,,,,,,,,,,,,,,,,,,,,,,,,,,,,,,,,,,,,,,,,,,,,,,,,,,,,,,,,,,,,,,,,,,,,,,,,,,,,,,,,,,,,,,,,,,,,,,,,,,,,,,,,,,,,,,,,,,,,,,,,,,,,,,,,,,,,,,,,,,,,,,,,,,,
122,piidkfa8,,0,18,18,Section_7,EndSurvey,2024-09-23 22:25:08.897522,1,,,0.0,,,,,,,,,,,,,,vjx2fex2,,,,,0,1.0,https://app.prolific.com/submissions/complete?cc=C1BTHULB,0.0,Experiment_1_Persistence,122,,0.0,64f6611aac44a3499e6c108e,1,1,122,,0.0,D,C,B,B,B,C,B,C,C,,DCBBBCBCC,0.4,1,1.987,1,1,122,,0.0,noisy,random,ground,Pass,black,36,2,3,Pass Box,1,1,122,,0.0,D,B,A,C,B,D,A,B,C,C,DBACBDABCC,0.9,Non-STEM Track,,0,0.0,3,1,1,122,,0.0,R,C,R,C,C,C,R,R,C,C,C,RCRCCCRRCCC,1,1,122,,0.0,0,1,1,0,0,0,0,0,0,I was never really in STEM to begin with.,"Math, Science, History ","It has been a while since I was in school. You put me on the spot in a good way, ",Non-STEM Track,1,1,,,,,,,,,,,,,,,,,,,,,,,,,,,,,,,,,,,,,,,,,,,,,,,,,,,,,,,,,,,,,,,,,,,,,,,,,,,,,,,,,,,,,,,,,,,,,,,,,,,,,,,,,,,,,,,,,,,,,,,,,,,,,,,,,,,,,,,,,,,,,,,,,,,,,,,,,,,,,,,,,,,,,,,,,,,,,,,,,,,,,,,,,,,,,,,,,,,,,,,,,,,,,,,,,,,,,,,,,,,,,,,,,,,,,,,,,,,,,,,,,,,,,,,,,,,,,,,,,,,,,,,,,,,,,,,,,,,,,,,,,,,,,,,,,,,,,,,,,,,,,,,,,,,,,,,,,,,
123,7rx6j9e5,,0,18,18,Section_7,EndSurvey,2024-09-23 22:25:15.383162,1,,,0.0,,,,,,,,,,,,,,vjx2fex2,,,,,0,1.0,https://app.prolific.com/submissions/complete?cc=C1BTHULB,0.0,Experiment_1_Persistence,123,,0.0,614fca8245a450546842e487,1,1,123,,0.0,C,C,D,A,D,C,B,D,B,A,CCDADCBDBA,0.0,0,0.0,1,1,123,,0.0,noisy,random,ground,Fail,red,1,1,2,Fail Box,1,1,123,,0.0,D,B,A,C,B,D,A,B,C,D,DBACBDABCD,1.0,Non-STEM Track,,0,0.0,2,1,1,123,,0.0,R,R,C,C,C,C,C,C,C,C,C,RRCCCCCCCCC,1,1,123,,0.0,0,0,1,0,0,0,0,0,0,I HATE MATH,"English major, worked in a huge variety of jobs",I HATE MATH. I'm sure I did vary badly on all math questions.,Non-STEM Track,1,1,,,,,,,,,,,,,,,,,,,,,,,,,,,,,,,,,,,,,,,,,,,,,,,,,,,,,,,,,,,,,,,,,,,,,,,,,,,,,,,,,,,,,,,,,,,,,,,,,,,,,,,,,,,,,,,,,,,,,,,,,,,,,,,,,,,,,,,,,,,,,,,,,,,,,,,,,,,,,,,,,,,,,,,,,,,,,,,,,,,,,,,,,,,,,,,,,,,,,,,,,,,,,,,,,,,,,,,,,,,,,,,,,,,,,,,,,,,,,,,,,,,,,,,,,,,,,,,,,,,,,,,,,,,,,,,,,,,,,,,,,,,,,,,,,,,,,,,,,,,,,,,,,,,,,,,,,,,
124,25gbopua,,0,18,18,Section_7,EndSurvey,2024-09-23 22:25:17.187994,1,,,0.0,,,,,,,,,,,,,,vjx2fex2,,,,,0,1.0,https://app.prolific.com/submissions/complete?cc=C1BTHULB,0.0,Experiment_1_Persistence,124,,0.0,665f83f0981e75cd14707ae8,1,1,124,,0.0,D,A,A,B,D,A,B,C,A,C,DAABDABCAC,0.3,0,0.0,1,1,124,,0.0,noisy,random,ground,Pass,red,10,1,2,Pass Box,1,1,124,,0.0,C,B,C,A,A,D,C,B,B,B,CBCAADCBBB,0.6,STEM Track,,0,0.0,2,1,1,124,,0.0,R,R,R,R,R,C,C,C,C,C,C,RRRRRCCCCCC,1,1,124,,0.0,0,0,1,0,0,0,0,0,0,The test was fun so I wanted to test my knowledge further. ,"Math, English, History, Science. All the basics. ",I had fun. I don't think I did well on the tests at all but there were a few questions that I'm confident about. It's nice to take a study that challenges me rather than asks my opinion. ,STEM Track,1,1,,,,,,,,,,,,,,,,,,,,,,,,,,,,,,,,,,,,,,,,,,,,,,,,,,,,,,,,,,,,,,,,,,,,,,,,,,,,,,,,,,,,,,,,,,,,,,,,,,,,,,,,,,,,,,,,,,,,,,,,,,,,,,,,,,,,,,,,,,,,,,,,,,,,,,,,,,,,,,,,,,,,,,,,,,,,,,,,,,,,,,,,,,,,,,,,,,,,,,,,,,,,,,,,,,,,,,,,,,,,,,,,,,,,,,,,,,,,,,,,,,,,,,,,,,,,,,,,,,,,,,,,,,,,,,,,,,,,,,,,,,,,,,,,,,,,,,,,,,,,,,,,,,,,,,,,,,,
125,1qfvbdnm,,0,18,18,Section_7,EndSurvey,2024-09-23 22:25:19.531300,1,,,0.0,,,,,,,,,,,,,,vjx2fex2,,,,,0,1.0,https://app.prolific.com/submissions/complete?cc=C1BTHULB,0.0,Experiment_1_Persistence,125,,0.0,6637ab1c83f2d63a3762300c,1,1,125,,0.0,D,A,,B,B,B,D,C,,B,DABBBDCB,0.3,0,0.0,1,1,125,,0.0,noisy,random,negative,Fail,red,50,6,6,Pass Box,1,1,125,,0.0,D,B,A,C,B,D,A,B,C,D,DBACBDABCD,1.0,Non-STEM Track,,0,0.0,6,1,1,125,,0.0,R,R,R,R,R,C,C,C,C,C,C,RRRRRCCCCCC,1,1,125,,0.0,1,0,1,0,0,0,0,0,0,Because my last math class was in 1991.,"Psychology, education, biology",It was fun to try to dig up old math knowledge.  16 year old me would have done great!,Non-STEM Track,1,1,,,,,,,,,,,,,,,,,,,,,,,,,,,,,,,,,,,,,,,,,,,,,,,,,,,,,,,,,,,,,,,,,,,,,,,,,,,,,,,,,,,,,,,,,,,,,,,,,,,,,,,,,,,,,,,,,,,,,,,,,,,,,,,,,,,,,,,,,,,,,,,,,,,,,,,,,,,,,,,,,,,,,,,,,,,,,,,,,,,,,,,,,,,,,,,,,,,,,,,,,,,,,,,,,,,,,,,,,,,,,,,,,,,,,,,,,,,,,,,,,,,,,,,,,,,,,,,,,,,,,,,,,,,,,,,,,,,,,,,,,,,,,,,,,,,,,,,,,,,,,,,,,,,,,,,,,,,
126,5dwzyk6k,,0,18,18,Section_7,EndSurvey,2024-09-23 22:25:20.446539,1,,,0.0,,,,,,,,,,,,,,vjx2fex2,,,,,0,1.0,https://app.prolific.com/submissions/complete?cc=C1BTHULB,0.0,Experiment_1_Persistence,126,,0.0,66e9f4f876ee6145aa2aebf6,1,1,126,,0.0,C,A,B,C,A,C,B,C,B,D,CABCACBCBD,0.2,0,0.0,1,1,126,,0.0,noisy,random,negative,Pass,red,30,3,0,Fail Box,1,1,126,,0.0,B,C,B,D,B,D,A,C,A,D,BCBDBDACAD,0.2,STEM Track,,0,0.0,0,1,1,126,,0.0,R,R,R,C,C,C,C,C,C,C,C,RRRCCCCCCCC,1,1,126,,0.0,0,0,1,1,1,0,0,0,0,For chance of earning a bonus,Math,No,STEM Track,1,1,,,,,,,,,,,,,,,,,,,,,,,,,,,,,,,,,,,,,,,,,,,,,,,,,,,,,,,,,,,,,,,,,,,,,,,,,,,,,,,,,,,,,,,,,,,,,,,,,,,,,,,,,,,,,,,,,,,,,,,,,,,,,,,,,,,,,,,,,,,,,,,,,,,,,,,,,,,,,,,,,,,,,,,,,,,,,,,,,,,,,,,,,,,,,,,,,,,,,,,,,,,,,,,,,,,,,,,,,,,,,,,,,,,,,,,,,,,,,,,,,,,,,,,,,,,,,,,,,,,,,,,,,,,,,,,,,,,,,,,,,,,,,,,,,,,,,,,,,,,,,,,,,,,,,,,,,,,
127,okv2inma,,0,18,18,Section_7,EndSurvey,2024-09-23 22:25:20.865720,1,,,0.0,,,,,,,,,,,,,,vjx2fex2,,,,,0,1.0,https://app.prolific.com/submissions/complete?cc=C1BTHULB,0.0,Experiment_1_Persistence,127,,0.0,65f29ea693beb1fccff50fad,1,1,127,,0.0,C,A,A,B,C,C,B,C,D,A,CAABCCBCDA,0.3,0,0.0,1,1,127,,0.0,noisy,random,negative,Pass,black,40,3,3,Fail Box,1,1,127,,0.0,D,B,A,C,B,D,A,D,C,D,DBACBDADCD,0.9,Non-STEM Track,,0,0.0,3,1,1,127,,0.0,R,R,R,R,R,C,C,C,C,C,C,RRRRRCCCCCC,1,1,127,,0.0,0,0,1,0,0,0,0,0,0,Not my strongest subjects.,"History,Art,P.E and Music.","Good experience,no",Non-STEM Track,1,1,,,,,,,,,,,,,,,,,,,,,,,,,,,,,,,,,,,,,,,,,,,,,,,,,,,,,,,,,,,,,,,,,,,,,,,,,,,,,,,,,,,,,,,,,,,,,,,,,,,,,,,,,,,,,,,,,,,,,,,,,,,,,,,,,,,,,,,,,,,,,,,,,,,,,,,,,,,,,,,,,,,,,,,,,,,,,,,,,,,,,,,,,,,,,,,,,,,,,,,,,,,,,,,,,,,,,,,,,,,,,,,,,,,,,,,,,,,,,,,,,,,,,,,,,,,,,,,,,,,,,,,,,,,,,,,,,,,,,,,,,,,,,,,,,,,,,,,,,,,,,,,,,,,,,,,,,,,
128,871ak730,,0,18,18,Section_7,EndSurvey,2024-09-23 22:25:24.541830,1,,,0.0,,,,,,,,,,,,,,vjx2fex2,,,,,0,1.0,https://app.prolific.com/submissions/complete?cc=C1BTHULB,0.0,Experiment_1_Persistence,128,,0.0,5eb087ed7f6d1e1232690d6a,1,1,128,,0.0,B,A,C,C,D,A,C,D,B,A,BACCDACDBA,0.2,0,0.0,1,1,128,,0.0,noisy,random,positive,Pass,black,1,1,0,Fail Box,1,1,128,,0.0,D,B,A,C,B,D,A,B,C,D,DBACBDABCD,1.0,Non-STEM Track,,0,0.0,0,1,1,128,,0.0,R,R,R,R,C,C,C,C,C,C,C,RRRRCCCCCCC,1,1,128,,0.0,0,0,1,0,0,0,0,0,0,I have a liberal arts education even though I really liked math when I was in elementary and jr high,"english, social work, psychology, religion",STEM track had me feeling pretty dense; non STEM track  made me feel much better,Non-STEM Track,1,1,,,,,,,,,,,,,,,,,,,,,,,,,,,,,,,,,,,,,,,,,,,,,,,,,,,,,,,,,,,,,,,,,,,,,,,,,,,,,,,,,,,,,,,,,,,,,,,,,,,,,,,,,,,,,,,,,,,,,,,,,,,,,,,,,,,,,,,,,,,,,,,,,,,,,,,,,,,,,,,,,,,,,,,,,,,,,,,,,,,,,,,,,,,,,,,,,,,,,,,,,,,,,,,,,,,,,,,,,,,,,,,,,,,,,,,,,,,,,,,,,,,,,,,,,,,,,,,,,,,,,,,,,,,,,,,,,,,,,,,,,,,,,,,,,,,,,,,,,,,,,,,,,,,,,,,,,,,
129,rg423vdp,,0,18,18,Section_7,EndSurvey,2024-09-23 22:25:33.865734,1,,,0.0,,,,,,,,,,,,,,vjx2fex2,,,,,0,1.0,https://app.prolific.com/submissions/complete?cc=C1BTHULB,0.0,Experiment_1_Persistence,129,,0.0,66ef990f3df757c9cf954086,1,1,129,,0.0,B,C,D,D,D,C,C,B,C,B,BCDDDCCBCB,0.2,0,0.0,1,1,129,,0.0,noisy,random,positive,Fail,red,25,7,5,Pass Box,1,1,129,,0.0,D,B,D,D,C,C,C,C,B,A,DBDDCCCCBA,0.2,STEM Track,,0,0.0,5,1,1,129,,0.0,R,C,C,C,C,C,C,C,C,C,R,RCCCCCCCCCR,1,1,129,,0.0,0,0,1,0,0,0,0,0,0,Wanted to give it a try.,Basic studies. Customer service,It was difficult for me because I didn't take that type of math in school.,STEM Track,1,1,,,,,,,,,,,,,,,,,,,,,,,,,,,,,,,,,,,,,,,,,,,,,,,,,,,,,,,,,,,,,,,,,,,,,,,,,,,,,,,,,,,,,,,,,,,,,,,,,,,,,,,,,,,,,,,,,,,,,,,,,,,,,,,,,,,,,,,,,,,,,,,,,,,,,,,,,,,,,,,,,,,,,,,,,,,,,,,,,,,,,,,,,,,,,,,,,,,,,,,,,,,,,,,,,,,,,,,,,,,,,,,,,,,,,,,,,,,,,,,,,,,,,,,,,,,,,,,,,,,,,,,,,,,,,,,,,,,,,,,,,,,,,,,,,,,,,,,,,,,,,,,,,,,,,,,,,,,
130,0q6fqdr8,,0,18,18,Section_7,EndSurvey,2024-09-23 22:25:34.348491,1,,,0.0,,,,,,,,,,,,,,vjx2fex2,,,,,0,1.0,https://app.prolific.com/submissions/complete?cc=C1BTHULB,0.0,Experiment_1_Persistence,130,,0.0,66aef94290666eb4db449ee1,1,1,130,,0.0,A,A,C,D,C,A,C,B,C,B,AACDCACBCB,0.5,0,0.0,1,1,130,,0.0,noisy,random,negative,Pass,red,10,1,4,Fail Box,1,1,130,,0.0,D,B,A,C,B,D,A,B,C,D,DBACBDABCD,1.0,Non-STEM Track,,0,0.0,4,1,1,130,,0.0,R,R,R,R,R,C,C,C,C,C,C,RRRRRCCCCCC,1,1,130,,0.0,0,0,0,0,0,1,0,0,0,I was not confident in my performance on the STEM questions,Science and healthcare,The STEM questions were hard,Non-STEM Track,1,1,,,,,,,,,,,,,,,,,,,,,,,,,,,,,,,,,,,,,,,,,,,,,,,,,,,,,,,,,,,,,,,,,,,,,,,,,,,,,,,,,,,,,,,,,,,,,,,,,,,,,,,,,,,,,,,,,,,,,,,,,,,,,,,,,,,,,,,,,,,,,,,,,,,,,,,,,,,,,,,,,,,,,,,,,,,,,,,,,,,,,,,,,,,,,,,,,,,,,,,,,,,,,,,,,,,,,,,,,,,,,,,,,,,,,,,,,,,,,,,,,,,,,,,,,,,,,,,,,,,,,,,,,,,,,,,,,,,,,,,,,,,,,,,,,,,,,,,,,,,,,,,,,,,,,,,,,,,
131,yc6d4ety,,0,18,18,Section_7,EndSurvey,2024-09-23 22:25:35.542073,1,,,0.0,,,,,,,,,,,,,,vjx2fex2,,,,,0,1.0,https://app.prolific.com/submissions/complete?cc=C1BTHULB,0.0,Experiment_1_Persistence,131,,0.0,5d29346269a747001acdb205,1,1,131,,0.0,D,A,D,B,A,B,D,C,,B,DADBABDCB,0.5,1,3.389,1,1,131,,0.0,noisy,random,ground,Pass,black,50,7,5,Pass Box,1,1,131,,0.0,B,C,C,D,A,D,C,A,B,C,BCCDADCABC,0.8,STEM Track,,0,0.0,5,1,1,131,,0.0,R,R,R,R,R,R,C,C,C,C,C,RRRRRRCCCCC,1,1,131,,0.0,0,1,1,0,0,0,0,0,0,it had a bigger payoff,engineering,depressing how much of this I've forgotten since school! ,STEM Track,1,1,,,,,,,,,,,,,,,,,,,,,,,,,,,,,,,,,,,,,,,,,,,,,,,,,,,,,,,,,,,,,,,,,,,,,,,,,,,,,,,,,,,,,,,,,,,,,,,,,,,,,,,,,,,,,,,,,,,,,,,,,,,,,,,,,,,,,,,,,,,,,,,,,,,,,,,,,,,,,,,,,,,,,,,,,,,,,,,,,,,,,,,,,,,,,,,,,,,,,,,,,,,,,,,,,,,,,,,,,,,,,,,,,,,,,,,,,,,,,,,,,,,,,,,,,,,,,,,,,,,,,,,,,,,,,,,,,,,,,,,,,,,,,,,,,,,,,,,,,,,,,,,,,,,,,,,,,,,
132,756fd808,,0,18,18,Section_7,EndSurvey,2024-09-23 22:25:38.109917,1,,,0.0,,,,,,,,,,,,,,vjx2fex2,,,,,0,1.0,https://app.prolific.com/submissions/complete?cc=C1BTHULB,0.0,Experiment_1_Persistence,132,,0.0,667b0420c685160b2149dda5,1,1,132,,0.0,D,A,D,C,B,C,C,B,C,D,DADCBCCBCD,0.3,0,0.0,1,1,132,,0.0,noisy,random,negative,Fail,red,60,5,5,Fail Box,1,1,132,,0.0,D,B,A,C,B,D,A,B,C,D,DBACBDABCD,1.0,Non-STEM Track,,0,0.0,5,1,1,132,,0.0,R,R,R,C,C,C,C,C,C,C,C,RRRCCCCCCCC,1,1,132,,0.0,0,0,1,0,0,0,0,0,0,"Guaranteed payout, easier questions.","In university I studied graphic design, and I worked in the tech industry as a designer and product manager.","First set was tricky and fun! Timer was a lot of pressure, I had to guess instead of working through the problems.",Non-STEM Track,1,1,,,,,,,,,,,,,,,,,,,,,,,,,,,,,,,,,,,,,,,,,,,,,,,,,,,,,,,,,,,,,,,,,,,,,,,,,,,,,,,,,,,,,,,,,,,,,,,,,,,,,,,,,,,,,,,,,,,,,,,,,,,,,,,,,,,,,,,,,,,,,,,,,,,,,,,,,,,,,,,,,,,,,,,,,,,,,,,,,,,,,,,,,,,,,,,,,,,,,,,,,,,,,,,,,,,,,,,,,,,,,,,,,,,,,,,,,,,,,,,,,,,,,,,,,,,,,,,,,,,,,,,,,,,,,,,,,,,,,,,,,,,,,,,,,,,,,,,,,,,,,,,,,,,,,,,,,,,
133,kpat1b4e,,0,18,18,Section_7,EndSurvey,2024-09-23 22:25:54.638160,1,,,0.0,,,,,,,,,,,,,,vjx2fex2,,,,,0,1.0,https://app.prolific.com/submissions/complete?cc=C1BTHULB,0.0,Experiment_1_Persistence,133,,0.0,65ddb419cd6dd91fdbe6dbdc,1,1,133,,0.0,D,D,C,B,C,B,B,B,C,B,DDCBCBBBCB,0.5,0,0.0,1,1,133,,0.0,noisy,random,negative,Pass,red,99,3,5,Fail Box,1,1,133,,0.0,D,B,A,C,B,D,A,B,C,D,DBACBDABCD,1.0,Non-STEM Track,,0,0.0,5,1,1,133,,0.0,R,R,R,R,R,C,C,C,C,C,C,RRRRRCCCCCC,1,1,133,,0.0,0,0,1,0,0,0,0,0,0,I am best with the liberal arts. ,I mainly studied the liberal arts. ,It was fun. ,Non-STEM Track,1,1,,,,,,,,,,,,,,,,,,,,,,,,,,,,,,,,,,,,,,,,,,,,,,,,,,,,,,,,,,,,,,,,,,,,,,,,,,,,,,,,,,,,,,,,,,,,,,,,,,,,,,,,,,,,,,,,,,,,,,,,,,,,,,,,,,,,,,,,,,,,,,,,,,,,,,,,,,,,,,,,,,,,,,,,,,,,,,,,,,,,,,,,,,,,,,,,,,,,,,,,,,,,,,,,,,,,,,,,,,,,,,,,,,,,,,,,,,,,,,,,,,,,,,,,,,,,,,,,,,,,,,,,,,,,,,,,,,,,,,,,,,,,,,,,,,,,,,,,,,,,,,,,,,,,,,,,,,,
134,k3ksi4qz,,0,18,18,Section_7,EndSurvey,2024-09-23 22:26:00.075326,1,,,0.0,,,,,,,,,,,,,,vjx2fex2,,,,,0,1.0,https://app.prolific.com/submissions/complete?cc=C1BTHULB,0.0,Experiment_1_Persistence,134,,0.0,62b5da77688feb883eba275d,1,1,134,,0.0,D,A,B,C,D,B,D,C,B,C,DABCDBDCBC,0.4,0,0.0,1,1,134,,0.0,noisy,random,negative,Pass,black,40,4,4,Pass Box,1,1,134,,0.0,D,B,A,C,B,D,A,B,C,D,DBACBDABCD,1.0,Non-STEM Track,,0,0.0,4,1,1,134,,0.0,R,R,R,R,C,C,C,C,C,C,C,RRRRCCCCCCC,1,1,134,,0.0,0,0,1,0,0,0,0,0,0,"I was curious what the non-stem would be.  I was hoping for TV and movie trivia, but vocabulary test was ok.  I would have done ok with STEM, not great, but ok, but I couldn't help choosing door number 2",I worked with computers for several decades.  I studied the same crap everyone else studies in school.,"no idea what you're doing here, so I have no idea how you could do it better.  Well done confusing me, though, that was really well done.  ",Non-STEM Track,1,1,,,,,,,,,,,,,,,,,,,,,,,,,,,,,,,,,,,,,,,,,,,,,,,,,,,,,,,,,,,,,,,,,,,,,,,,,,,,,,,,,,,,,,,,,,,,,,,,,,,,,,,,,,,,,,,,,,,,,,,,,,,,,,,,,,,,,,,,,,,,,,,,,,,,,,,,,,,,,,,,,,,,,,,,,,,,,,,,,,,,,,,,,,,,,,,,,,,,,,,,,,,,,,,,,,,,,,,,,,,,,,,,,,,,,,,,,,,,,,,,,,,,,,,,,,,,,,,,,,,,,,,,,,,,,,,,,,,,,,,,,,,,,,,,,,,,,,,,,,,,,,,,,,,,,,,,,,,
135,054qzk1x,,0,18,18,Section_7,EndSurvey,2024-09-23 22:26:29.120949,1,,,0.0,,,,,,,,,,,,,,vjx2fex2,,,,,0,1.0,https://app.prolific.com/submissions/complete?cc=C1BTHULB,0.0,Experiment_1_Persistence,135,,0.0,636189bb9d588dc0995920fb,1,1,135,,0.0,B,A,B,C,D,B,A,A,C,A,BABCDBAACA,0.3,0,0.0,1,1,135,,0.0,noisy,random,negative,Fail,red,10,2,5,Fail Box,1,1,135,,0.0,D,D,A,C,B,D,A,B,C,D,DDACBDABCD,0.9,Non-STEM Track,,0,0.0,5,1,1,135,,0.0,R,R,C,C,C,C,C,C,C,C,C,RRCCCCCCCCC,1,1,135,,0.0,0,0,1,0,0,0,0,0,0,STEM isn't my strong area so I went with something else.,"Marketing, geography","The last question about which would I rather choose was slightly confusing, but I think I was overthinking it.",Non-STEM Track,1,1,,,,,,,,,,,,,,,,,,,,,,,,,,,,,,,,,,,,,,,,,,,,,,,,,,,,,,,,,,,,,,,,,,,,,,,,,,,,,,,,,,,,,,,,,,,,,,,,,,,,,,,,,,,,,,,,,,,,,,,,,,,,,,,,,,,,,,,,,,,,,,,,,,,,,,,,,,,,,,,,,,,,,,,,,,,,,,,,,,,,,,,,,,,,,,,,,,,,,,,,,,,,,,,,,,,,,,,,,,,,,,,,,,,,,,,,,,,,,,,,,,,,,,,,,,,,,,,,,,,,,,,,,,,,,,,,,,,,,,,,,,,,,,,,,,,,,,,,,,,,,,,,,,,,,,,,,,,
136,cun22lol,,0,18,18,Section_7,EndSurvey,2024-09-23 22:26:34.305880,1,,,0.0,,,,,,,,,,,,,,vjx2fex2,,,,,0,1.0,https://app.prolific.com/submissions/complete?cc=C1BTHULB,0.0,Experiment_1_Persistence,136,,0.0,5e29cddff4a305034a1c6cd9,1,1,136,,0.0,D,B,A,C,B,B,C,D,A,A,DBACBBCDAA,0.2,0,0.0,1,1,136,,0.0,noisy,random,negative,Fail,red,25,3,5,Fail Box,1,1,136,,0.0,D,B,A,C,B,D,A,B,C,D,DBACBDABCD,1.0,Non-STEM Track,,0,0.0,5,1,1,136,,0.0,R,R,R,R,R,C,C,C,C,C,C,RRRRRCCCCCC,1,1,136,,0.0,0,1,1,0,0,0,0,0,0,I knew it would be easier,"General, Computer Engineering",Fun,Non-STEM Track,1,1,,,,,,,,,,,,,,,,,,,,,,,,,,,,,,,,,,,,,,,,,,,,,,,,,,,,,,,,,,,,,,,,,,,,,,,,,,,,,,,,,,,,,,,,,,,,,,,,,,,,,,,,,,,,,,,,,,,,,,,,,,,,,,,,,,,,,,,,,,,,,,,,,,,,,,,,,,,,,,,,,,,,,,,,,,,,,,,,,,,,,,,,,,,,,,,,,,,,,,,,,,,,,,,,,,,,,,,,,,,,,,,,,,,,,,,,,,,,,,,,,,,,,,,,,,,,,,,,,,,,,,,,,,,,,,,,,,,,,,,,,,,,,,,,,,,,,,,,,,,,,,,,,,,,,,,,,,,
137,xynph87n,,0,18,18,Section_7,EndSurvey,2024-09-23 22:26:37.860492,1,,,0.0,,,,,,,,,,,,,,vjx2fex2,,,,,0,1.0,https://app.prolific.com/submissions/complete?cc=C1BTHULB,0.0,Experiment_1_Persistence,137,,0.0,5c31870d8a20f50001ea9dfa,1,1,137,,0.0,B,A,D,C,A,D,B,C,B,A,BADCADBCBA,0.2,0,0.0,1,1,137,,0.0,noisy,random,negative,Fail,red,30,1,3,Pass Box,1,1,137,,0.0,D,B,A,C,B,D,A,B,C,D,DBACBDABCD,1.0,Non-STEM Track,,0,0.0,3,1,1,137,,0.0,R,R,R,R,R,C,C,C,C,C,C,RRRRRCCCCCC,1,1,137,,0.0,0,0,1,0,0,0,0,0,0,The math questions were hard,"Biology, journalism",Those math questions were tough,Non-STEM Track,1,1,,,,,,,,,,,,,,,,,,,,,,,,,,,,,,,,,,,,,,,,,,,,,,,,,,,,,,,,,,,,,,,,,,,,,,,,,,,,,,,,,,,,,,,,,,,,,,,,,,,,,,,,,,,,,,,,,,,,,,,,,,,,,,,,,,,,,,,,,,,,,,,,,,,,,,,,,,,,,,,,,,,,,,,,,,,,,,,,,,,,,,,,,,,,,,,,,,,,,,,,,,,,,,,,,,,,,,,,,,,,,,,,,,,,,,,,,,,,,,,,,,,,,,,,,,,,,,,,,,,,,,,,,,,,,,,,,,,,,,,,,,,,,,,,,,,,,,,,,,,,,,,,,,,,,,,,,,,
138,fam3gy0k,,0,18,18,Section_7,EndSurvey,2024-09-23 22:26:43.498371,1,,,0.0,,,,,,,,,,,,,,vjx2fex2,,,,,0,1.0,https://app.prolific.com/submissions/complete?cc=C1BTHULB,0.0,Experiment_1_Persistence,138,,0.0,60f88d339e8a4df4bf25f8b0,1,1,138,,0.0,D,C,D,C,B,B,C,D,A,C,DCDCBBCDAC,0.2,0,0.0,1,1,138,,0.0,noisy,random,negative,Fail,red,87,7,5,Pass Box,1,1,138,,0.0,D,B,A,C,B,D,A,B,C,D,DBACBDABCD,1.0,Non-STEM Track,,0,0.0,5,1,1,138,,0.0,R,R,R,R,C,C,C,C,C,C,C,RRRRCCCCCCC,1,1,138,,0.0,0,0,1,0,0,0,0,0,0,The math seemed very complicated the non-stem track is how my school taught.,Math basic algebra science History government Forestry,Not really but do you really expect someone to be able to answer those very complicated mathematical equations?,Non-STEM Track,1,1,,,,,,,,,,,,,,,,,,,,,,,,,,,,,,,,,,,,,,,,,,,,,,,,,,,,,,,,,,,,,,,,,,,,,,,,,,,,,,,,,,,,,,,,,,,,,,,,,,,,,,,,,,,,,,,,,,,,,,,,,,,,,,,,,,,,,,,,,,,,,,,,,,,,,,,,,,,,,,,,,,,,,,,,,,,,,,,,,,,,,,,,,,,,,,,,,,,,,,,,,,,,,,,,,,,,,,,,,,,,,,,,,,,,,,,,,,,,,,,,,,,,,,,,,,,,,,,,,,,,,,,,,,,,,,,,,,,,,,,,,,,,,,,,,,,,,,,,,,,,,,,,,,,,,,,,,,,
139,wfbojv17,,0,18,18,Section_7,EndSurvey,2024-09-23 22:26:51.456388,1,,,0.0,,,,,,,,,,,,,,vjx2fex2,,,,,0,1.0,https://app.prolific.com/submissions/complete?cc=C1BTHULB,0.0,Experiment_1_Persistence,139,,0.0,603bef3bffe72f8b0a6b55c4,1,1,139,,0.0,D,A,B,C,D,C,B,A,B,D,DABCDCBABD,0.1,1,15.949,1,1,139,,0.0,noisy,random,ground,Fail,red,25,3,3,Fail Box,1,1,139,,0.0,D,B,A,C,B,D,A,B,C,D,DBACBDABCD,1.0,Non-STEM Track,,0,0.0,3,1,1,139,,0.0,R,R,R,R,R,C,C,C,C,C,C,RRRRRCCCCCC,1,1,139,,0.0,0,0,1,0,0,0,0,0,0,I wasn't engaged or knowledgeable with the previous set of questions,"My education was generic and broad. My work has involved graphic design, programming, and marketing.",Nope,Non-STEM Track,1,1,,,,,,,,,,,,,,,,,,,,,,,,,,,,,,,,,,,,,,,,,,,,,,,,,,,,,,,,,,,,,,,,,,,,,,,,,,,,,,,,,,,,,,,,,,,,,,,,,,,,,,,,,,,,,,,,,,,,,,,,,,,,,,,,,,,,,,,,,,,,,,,,,,,,,,,,,,,,,,,,,,,,,,,,,,,,,,,,,,,,,,,,,,,,,,,,,,,,,,,,,,,,,,,,,,,,,,,,,,,,,,,,,,,,,,,,,,,,,,,,,,,,,,,,,,,,,,,,,,,,,,,,,,,,,,,,,,,,,,,,,,,,,,,,,,,,,,,,,,,,,,,,,,,,,,,,,,,
140,xepkdyo0,,0,18,18,Section_7,EndSurvey,2024-09-23 22:27:02.917343,1,,,0.0,,,,,,,,,,,,,,vjx2fex2,,,,,0,1.0,https://app.prolific.com/submissions/complete?cc=C1BTHULB,0.0,Experiment_1_Persistence,140,,0.0,63d404f4eaf69448ef9e09e6,1,1,140,,0.0,D,A,B,C,D,B,D,C,B,B,DABCDBDCBB,0.5,9,88.487,1,1,140,,0.0,noisy,random,positive,Pass,black,60,5,5,Pass Box,1,1,140,,0.0,D,B,A,C,B,D,A,B,C,D,DBACBDABCD,1.0,Non-STEM Track,,0,0.0,5,1,1,140,,0.0,R,R,R,R,C,C,C,C,C,C,C,RRRRCCCCCCC,1,1,140,,0.0,0,0,1,0,0,0,0,0,0,"My math is rusty, but solid. If you had just said math track instead of stem, I probably would have picked math. I never had to study much science though.",Philosophy and mathematics. Academia,Smooth process. No feedback,Non-STEM Track,1,1,,,,,,,,,,,,,,,,,,,,,,,,,,,,,,,,,,,,,,,,,,,,,,,,,,,,,,,,,,,,,,,,,,,,,,,,,,,,,,,,,,,,,,,,,,,,,,,,,,,,,,,,,,,,,,,,,,,,,,,,,,,,,,,,,,,,,,,,,,,,,,,,,,,,,,,,,,,,,,,,,,,,,,,,,,,,,,,,,,,,,,,,,,,,,,,,,,,,,,,,,,,,,,,,,,,,,,,,,,,,,,,,,,,,,,,,,,,,,,,,,,,,,,,,,,,,,,,,,,,,,,,,,,,,,,,,,,,,,,,,,,,,,,,,,,,,,,,,,,,,,,,,,,,,,,,,,,,
141,een2bdgk,,0,18,18,Section_7,EndSurvey,2024-09-23 22:27:06.229757,1,,,0.0,,,,,,,,,,,,,,vjx2fex2,,,,,0,1.0,https://app.prolific.com/submissions/complete?cc=C1BTHULB,0.0,Experiment_1_Persistence,141,,0.0,66afd96897e64ee0134b5410,1,1,141,,0.0,D,C,B,C,B,C,B,C,A,C,DCBCBCBCAC,0.2,0,0.0,1,1,141,,0.0,noisy,random,positive,Pass,red,0,0,0,Fail Box,1,1,141,,0.0,C,C,C,C,C,C,C,C,C,C,CCCCCCCCCC,0.3,STEM Track,,0,0.0,0,1,1,141,,0.0,R,R,R,R,R,C,C,C,C,C,C,RRRRRCCCCCC,1,1,141,,0.0,0,0,1,0,0,1,0,0,0,I failed math so bad I never even made it to algebra I was just hoping it would be one of the other stem topics like science or technology. I have 0% chance of getting any algebra correct and I shouldn't have tried,I failed mostly through math and history but I studied drama and science and now I work in agriculture and technology, I probably got the worst score of anyone taking the test. I didn't know any of that math and I completely panicked and just started guessing. sorry for how useless my data might be,STEM Track,1,1,,,,,,,,,,,,,,,,,,,,,,,,,,,,,,,,,,,,,,,,,,,,,,,,,,,,,,,,,,,,,,,,,,,,,,,,,,,,,,,,,,,,,,,,,,,,,,,,,,,,,,,,,,,,,,,,,,,,,,,,,,,,,,,,,,,,,,,,,,,,,,,,,,,,,,,,,,,,,,,,,,,,,,,,,,,,,,,,,,,,,,,,,,,,,,,,,,,,,,,,,,,,,,,,,,,,,,,,,,,,,,,,,,,,,,,,,,,,,,,,,,,,,,,,,,,,,,,,,,,,,,,,,,,,,,,,,,,,,,,,,,,,,,,,,,,,,,,,,,,,,,,,,,,,,,,,,,,
142,apm9jvkr,,0,18,18,Section_7,EndSurvey,2024-09-23 22:27:06.860990,1,,,0.0,,,,,,,,,,,,,,vjx2fex2,,,,,0,1.0,https://app.prolific.com/submissions/complete?cc=C1BTHULB,0.0,Experiment_1_Persistence,142,,0.0,6637c22416833cde27f2923e,1,1,142,,0.0,D,A,B,C,A,A,B,C,A,A,DABCAABCAA,0.2,0,0.0,1,1,142,,0.0,noisy,random,ground,Pass,red,30,2,2,Pass Box,1,1,142,,0.0,D,B,A,C,B,A,A,B,C,C,DBACBAABCC,0.8,Non-STEM Track,,0,0.0,2,1,1,142,,0.0,R,R,R,R,C,C,C,C,C,C,C,RRRRCCCCCCC,1,1,142,,0.0,0,0,0,0,0,0,0,0,0,seem like it would be easier,business,good,Non-STEM Track,1,1,,,,,,,,,,,,,,,,,,,,,,,,,,,,,,,,,,,,,,,,,,,,,,,,,,,,,,,,,,,,,,,,,,,,,,,,,,,,,,,,,,,,,,,,,,,,,,,,,,,,,,,,,,,,,,,,,,,,,,,,,,,,,,,,,,,,,,,,,,,,,,,,,,,,,,,,,,,,,,,,,,,,,,,,,,,,,,,,,,,,,,,,,,,,,,,,,,,,,,,,,,,,,,,,,,,,,,,,,,,,,,,,,,,,,,,,,,,,,,,,,,,,,,,,,,,,,,,,,,,,,,,,,,,,,,,,,,,,,,,,,,,,,,,,,,,,,,,,,,,,,,,,,,,,,,,,,,,
143,k7xxsa2f,,0,18,18,Section_7,EndSurvey,2024-09-23 22:27:21.157127,1,,,0.0,,,,,,,,,,,,,,vjx2fex2,,,,,0,1.0,https://app.prolific.com/submissions/complete?cc=C1BTHULB,0.0,Experiment_1_Persistence,143,,0.0,5cc93ce7627fc30013fc22aa,1,1,143,,0.0,A,C,B,B,A,C,B,D,A,D,ACBBACBDAD,0.2,3,5.684,1,1,143,,0.0,noisy,random,ground,Fail,red,34,4,5,Fail Box,1,1,143,,0.0,D,B,A,C,B,D,A,B,C,D,DBACBDABCD,1.0,Non-STEM Track,,0,0.0,5,1,1,143,,0.0,R,R,R,R,R,C,C,C,C,C,C,RRRRRCCCCCC,1,1,143,,0.0,0,0,1,0,1,0,0,0,0,I prefer subjects other than math,"science, social studies, health",Thank  you,Non-STEM Track,1,1,,,,,,,,,,,,,,,,,,,,,,,,,,,,,,,,,,,,,,,,,,,,,,,,,,,,,,,,,,,,,,,,,,,,,,,,,,,,,,,,,,,,,,,,,,,,,,,,,,,,,,,,,,,,,,,,,,,,,,,,,,,,,,,,,,,,,,,,,,,,,,,,,,,,,,,,,,,,,,,,,,,,,,,,,,,,,,,,,,,,,,,,,,,,,,,,,,,,,,,,,,,,,,,,,,,,,,,,,,,,,,,,,,,,,,,,,,,,,,,,,,,,,,,,,,,,,,,,,,,,,,,,,,,,,,,,,,,,,,,,,,,,,,,,,,,,,,,,,,,,,,,,,,,,,,,,,,,
144,arjrcgy4,,0,18,18,Section_7,EndSurvey,2024-09-23 22:27:22.748320,1,,,0.0,,,,,,,,,,,,,,vjx2fex2,,,,,0,1.0,https://app.prolific.com/submissions/complete?cc=C1BTHULB,0.0,Experiment_1_Persistence,144,,0.0,5b8e9747a862a6000120a050,1,1,144,,0.0,D,A,B,C,D,B,D,D,A,C,DABCDBDDAC,0.3,0,0.0,1,1,144,,0.0,noisy,random,positive,Pass,black,65,4,3,Pass Box,1,1,144,,0.0,B,A,C,C,A,D,C,C,C,B,BACCADCCCB,0.6,STEM Track,,0,0.0,3,1,1,144,,0.0,R,R,R,R,R,R,C,C,C,C,C,RRRRRRCCCCC,1,1,144,,0.0,0,0,1,0,0,0,0,0,0,It sounded more fun,Arts,Some of these in the first quiz were extremely hard,STEM Track,1,1,,,,,,,,,,,,,,,,,,,,,,,,,,,,,,,,,,,,,,,,,,,,,,,,,,,,,,,,,,,,,,,,,,,,,,,,,,,,,,,,,,,,,,,,,,,,,,,,,,,,,,,,,,,,,,,,,,,,,,,,,,,,,,,,,,,,,,,,,,,,,,,,,,,,,,,,,,,,,,,,,,,,,,,,,,,,,,,,,,,,,,,,,,,,,,,,,,,,,,,,,,,,,,,,,,,,,,,,,,,,,,,,,,,,,,,,,,,,,,,,,,,,,,,,,,,,,,,,,,,,,,,,,,,,,,,,,,,,,,,,,,,,,,,,,,,,,,,,,,,,,,,,,,,,,,,,,,,
145,o5pa3r94,,0,18,18,Section_7,EndSurvey,2024-09-23 22:27:23.644818,1,,,0.0,,,,,,,,,,,,,,vjx2fex2,,,,,0,1.0,https://app.prolific.com/submissions/complete?cc=C1BTHULB,0.0,Experiment_1_Persistence,145,,0.0,6333103245619932bba4c8f6,1,1,145,,0.0,D,C,D,B,B,B,D,C,,,DCDBBBDC,0.5,0,0.0,1,1,145,,0.0,noisy,random,positive,Fail,red,80,8,8,Pass Box,1,1,145,,0.0,D,B,A,C,B,D,A,B,C,D,DBACBDABCD,1.0,Non-STEM Track,,0,0.0,8,1,1,145,,0.0,R,R,R,R,R,R,C,C,C,C,C,RRRRRRCCCCC,1,1,145,,0.0,0,0,1,0,1,0,0,0,0,Less complicated and less time consuming,I have a Business Administrator Bachelor's Degree Minoring in Information Systems. My masters is in Information Systems.,"It was fun, although the stem questions could use a plain language revision",Non-STEM Track,1,1,,,,,,,,,,,,,,,,,,,,,,,,,,,,,,,,,,,,,,,,,,,,,,,,,,,,,,,,,,,,,,,,,,,,,,,,,,,,,,,,,,,,,,,,,,,,,,,,,,,,,,,,,,,,,,,,,,,,,,,,,,,,,,,,,,,,,,,,,,,,,,,,,,,,,,,,,,,,,,,,,,,,,,,,,,,,,,,,,,,,,,,,,,,,,,,,,,,,,,,,,,,,,,,,,,,,,,,,,,,,,,,,,,,,,,,,,,,,,,,,,,,,,,,,,,,,,,,,,,,,,,,,,,,,,,,,,,,,,,,,,,,,,,,,,,,,,,,,,,,,,,,,,,,,,,,,,,,
146,oujbc4h9,,0,18,18,Section_7,EndSurvey,2024-09-23 22:27:25.757066,1,,,0.0,,,,,,,,,,,,,,vjx2fex2,,,,,0,1.0,https://app.prolific.com/submissions/complete?cc=C1BTHULB,0.0,Experiment_1_Persistence,146,,0.0,663a5d8c26ac1b80fcf2d470,1,1,146,,0.0,D,C,A,B,D,C,D,C,D,B,DCABDCDCDB,0.4,0,0.0,1,1,146,,0.0,noisy,random,positive,Pass,red,40,4,4,Fail Box,1,1,146,,0.0,B,D,C,A,A,D,C,A,B,C,BDCAADCABC,0.9,STEM Track,,0,0.0,4,1,1,146,,0.0,R,R,R,R,R,C,C,C,C,C,C,RRRRRCCCCCC,1,1,146,,0.0,0,1,1,0,0,0,0,0,0,I knew what kind of questions would be offered (vs. non-STEM track) and the bonus incentive was better.,"Studied psychology and economics, work in research",Fun to see how probabilities were used in research,STEM Track,1,1,,,,,,,,,,,,,,,,,,,,,,,,,,,,,,,,,,,,,,,,,,,,,,,,,,,,,,,,,,,,,,,,,,,,,,,,,,,,,,,,,,,,,,,,,,,,,,,,,,,,,,,,,,,,,,,,,,,,,,,,,,,,,,,,,,,,,,,,,,,,,,,,,,,,,,,,,,,,,,,,,,,,,,,,,,,,,,,,,,,,,,,,,,,,,,,,,,,,,,,,,,,,,,,,,,,,,,,,,,,,,,,,,,,,,,,,,,,,,,,,,,,,,,,,,,,,,,,,,,,,,,,,,,,,,,,,,,,,,,,,,,,,,,,,,,,,,,,,,,,,,,,,,,,,,,,,,,,
147,yru33a72,,0,18,18,Section_7,EndSurvey,2024-09-23 22:27:28.348003,1,,,0.0,,,,,,,,,,,,,,vjx2fex2,,,,,0,1.0,https://app.prolific.com/submissions/complete?cc=C1BTHULB,0.0,Experiment_1_Persistence,147,,0.0,62828045bb88107013fe7d54,1,1,147,,0.0,C,C,B,B,A,B,D,C,B,A,CCBBABDCBA,0.4,0,0.0,1,1,147,,0.0,noisy,random,ground,Pass,black,35,2,2,Pass Box,1,1,147,,0.0,D,B,A,C,B,D,A,B,C,D,DBACBDABCD,1.0,Non-STEM Track,,0,0.0,2,1,1,147,,0.0,R,R,R,C,C,C,C,C,C,C,C,RRRCCCCCCCC,1,1,147,,0.0,0,0,1,0,0,0,0,0,0,"I know that I do not excel in math, and my talents lie elsewhere.",I studied child and adolescent development. I currently work for myself with my own business which requires creativity and writing.,"It was good! I have difficulty with the math section, so I guessed on many of the answers.",Non-STEM Track,1,1,,,,,,,,,,,,,,,,,,,,,,,,,,,,,,,,,,,,,,,,,,,,,,,,,,,,,,,,,,,,,,,,,,,,,,,,,,,,,,,,,,,,,,,,,,,,,,,,,,,,,,,,,,,,,,,,,,,,,,,,,,,,,,,,,,,,,,,,,,,,,,,,,,,,,,,,,,,,,,,,,,,,,,,,,,,,,,,,,,,,,,,,,,,,,,,,,,,,,,,,,,,,,,,,,,,,,,,,,,,,,,,,,,,,,,,,,,,,,,,,,,,,,,,,,,,,,,,,,,,,,,,,,,,,,,,,,,,,,,,,,,,,,,,,,,,,,,,,,,,,,,,,,,,,,,,,,,,
148,dksjseye,,0,18,18,Section_7,EndSurvey,2024-09-23 22:27:37.168459,1,,,0.0,,,,,,,,,,,,,,vjx2fex2,,,,,0,1.0,https://app.prolific.com/submissions/complete?cc=C1BTHULB,0.0,Experiment_1_Persistence,148,,0.0,669ecc103e43370cd5ace699,1,1,148,,0.0,D,C,B,D,D,B,C,C,B,B,DCBDDBCCBB,0.3,0,0.0,1,1,148,,0.0,noisy,random,negative,Fail,red,50,5,5,Fail Box,1,1,148,,0.0,D,B,A,C,B,D,A,B,C,D,DBACBDABCD,1.0,Non-STEM Track,,0,0.0,5,1,1,148,,0.0,R,R,R,C,C,C,C,C,C,C,C,RRRCCCCCCCC,1,1,148,,0.0,0,0,1,0,1,0,0,0,0,I thought the questions would be easier.,Software engineering.,It was fine. The math questions were pretty difficult.,Non-STEM Track,1,1,,,,,,,,,,,,,,,,,,,,,,,,,,,,,,,,,,,,,,,,,,,,,,,,,,,,,,,,,,,,,,,,,,,,,,,,,,,,,,,,,,,,,,,,,,,,,,,,,,,,,,,,,,,,,,,,,,,,,,,,,,,,,,,,,,,,,,,,,,,,,,,,,,,,,,,,,,,,,,,,,,,,,,,,,,,,,,,,,,,,,,,,,,,,,,,,,,,,,,,,,,,,,,,,,,,,,,,,,,,,,,,,,,,,,,,,,,,,,,,,,,,,,,,,,,,,,,,,,,,,,,,,,,,,,,,,,,,,,,,,,,,,,,,,,,,,,,,,,,,,,,,,,,,,,,,,,,,
149,190f4qvf,,0,18,18,Section_7,EndSurvey,2024-09-23 22:27:39.761967,1,,,0.0,,,,,,,,,,,,,,vjx2fex2,,,,,0,1.0,https://app.prolific.com/submissions/complete?cc=C1BTHULB,0.0,Experiment_1_Persistence,149,,0.0,63d801854282422363c75788,1,1,149,,0.0,D,C,A,B,D,B,D,B,C,A,DCABDBDBCA,0.4,0,0.0,1,1,149,,0.0,noisy,random,positive,Pass,black,30,4,3,Not Sure,1,1,149,,0.0,B,B,C,C,A,D,C,A,B,C,BBCCADCABC,0.8,STEM Track,,0,0.0,3,1,1,149,,0.0,R,R,R,R,R,R,R,C,C,C,C,RRRRRRRCCCC,1,1,149,,0.0,0,0,1,0,0,0,0,0,0,I wanted to go for the bonus,Business and Speech Therapy.  I am a speech language pathologist,,STEM Track,1,1,,,,,,,,,,,,,,,,,,,,,,,,,,,,,,,,,,,,,,,,,,,,,,,,,,,,,,,,,,,,,,,,,,,,,,,,,,,,,,,,,,,,,,,,,,,,,,,,,,,,,,,,,,,,,,,,,,,,,,,,,,,,,,,,,,,,,,,,,,,,,,,,,,,,,,,,,,,,,,,,,,,,,,,,,,,,,,,,,,,,,,,,,,,,,,,,,,,,,,,,,,,,,,,,,,,,,,,,,,,,,,,,,,,,,,,,,,,,,,,,,,,,,,,,,,,,,,,,,,,,,,,,,,,,,,,,,,,,,,,,,,,,,,,,,,,,,,,,,,,,,,,,,,,,,,,,,,,
150,99r83299,,0,18,18,Section_7,EndSurvey,2024-09-23 22:27:42.194051,1,,,0.0,,,,,,,,,,,,,,vjx2fex2,,,,,0,1.0,https://app.prolific.com/submissions/complete?cc=C1BTHULB,0.0,Experiment_1_Persistence,150,,0.0,65e1e9b9ab7f9020af604e7e,1,1,150,,0.0,C,A,D,C,A,C,C,C,C,B,CADCACCCCB,0.4,0,0.0,1,1,150,,0.0,noisy,random,negative,Pass,red,50,3,4,Pass Box,1,1,150,,0.0,D,B,A,C,B,D,A,B,C,D,DBACBDABCD,1.0,Non-STEM Track,,0,0.0,4,1,1,150,,0.0,R,R,R,R,R,C,C,C,C,C,C,RRRRRCCCCCC,1,1,150,,0.0,0,1,0,0,0,0,0,0,0,"I'm not very good at STEM, especially mathematics. I was not confident at all with any of the previous answers I gave for the math questions","history, technical",,Non-STEM Track,1,1,,,,,,,,,,,,,,,,,,,,,,,,,,,,,,,,,,,,,,,,,,,,,,,,,,,,,,,,,,,,,,,,,,,,,,,,,,,,,,,,,,,,,,,,,,,,,,,,,,,,,,,,,,,,,,,,,,,,,,,,,,,,,,,,,,,,,,,,,,,,,,,,,,,,,,,,,,,,,,,,,,,,,,,,,,,,,,,,,,,,,,,,,,,,,,,,,,,,,,,,,,,,,,,,,,,,,,,,,,,,,,,,,,,,,,,,,,,,,,,,,,,,,,,,,,,,,,,,,,,,,,,,,,,,,,,,,,,,,,,,,,,,,,,,,,,,,,,,,,,,,,,,,,,,,,,,,,,
151,6oldvhvt,,0,18,18,Section_7,EndSurvey,2024-09-23 22:28:21.873445,1,,,0.0,,,,,,,,,,,,,,vjx2fex2,,,,,0,1.0,https://app.prolific.com/submissions/complete?cc=C1BTHULB,0.0,Experiment_1_Persistence,151,,0.0,62c61d523167ae5eafc98e6c,1,1,151,,0.0,D,A,D,A,,B,D,C,,B,DADABDCB,0.2,0,0.0,1,1,151,,0.0,noisy,random,ground,Fail,red,50,6,5,Fail Box,1,1,151,,0.0,B,B,C,C,A,D,C,A,B,C,BBCCADCABC,0.8,STEM Track,,0,0.0,5,1,1,151,,0.0,R,R,R,C,C,C,C,C,C,C,C,RRRCCCCCCCC,1,1,151,,0.0,0,1,1,0,0,0,0,1,0,"I feel like I definitely passed the first test, but even if I didn't, I knew I could.","Undergrad: Journalism, media  Grad: Education    Planning on going back to grad school for an MS in Computer Science.",n/a,STEM Track,1,1,,,,,,,,,,,,,,,,,,,,,,,,,,,,,,,,,,,,,,,,,,,,,,,,,,,,,,,,,,,,,,,,,,,,,,,,,,,,,,,,,,,,,,,,,,,,,,,,,,,,,,,,,,,,,,,,,,,,,,,,,,,,,,,,,,,,,,,,,,,,,,,,,,,,,,,,,,,,,,,,,,,,,,,,,,,,,,,,,,,,,,,,,,,,,,,,,,,,,,,,,,,,,,,,,,,,,,,,,,,,,,,,,,,,,,,,,,,,,,,,,,,,,,,,,,,,,,,,,,,,,,,,,,,,,,,,,,,,,,,,,,,,,,,,,,,,,,,,,,,,,,,,,,,,,,,,,,,
152,renoi1ed,,0,18,18,Section_7,EndSurvey,2024-09-23 22:28:26.902096,1,,,0.0,,,,,,,,,,,,,,vjx2fex2,,,,,0,1.0,https://app.prolific.com/submissions/complete?cc=C1BTHULB,0.0,Experiment_1_Persistence,152,,0.0,66b6a52e254b0021e8e40794,1,1,152,,0.0,D,C,B,C,A,B,D,B,C,B,DCBCABDBCB,0.4,0,0.0,1,1,152,,0.0,noisy,random,ground,Pass,red,27,3,2,Pass Box,1,1,152,,0.0,D,B,A,C,B,D,A,B,C,D,DBACBDABCD,1.0,Non-STEM Track,,0,0.0,2,1,1,152,,0.0,R,R,R,R,R,C,C,C,C,C,C,RRRRRCCCCCC,1,1,152,,0.0,0,0,1,0,0,0,0,0,0,I'm not the most confident in my STEM skills since I haven't Math in so long.,"History, Science, English, Accounting, and Marketing.",It was unexpected and very incentive driven.,Non-STEM Track,1,1,,,,,,,,,,,,,,,,,,,,,,,,,,,,,,,,,,,,,,,,,,,,,,,,,,,,,,,,,,,,,,,,,,,,,,,,,,,,,,,,,,,,,,,,,,,,,,,,,,,,,,,,,,,,,,,,,,,,,,,,,,,,,,,,,,,,,,,,,,,,,,,,,,,,,,,,,,,,,,,,,,,,,,,,,,,,,,,,,,,,,,,,,,,,,,,,,,,,,,,,,,,,,,,,,,,,,,,,,,,,,,,,,,,,,,,,,,,,,,,,,,,,,,,,,,,,,,,,,,,,,,,,,,,,,,,,,,,,,,,,,,,,,,,,,,,,,,,,,,,,,,,,,,,,,,,,,,,
153,w99yov85,,0,18,18,Section_7,EndSurvey,2024-09-23 22:28:30.771371,1,,,0.0,,,,,,,,,,,,,,vjx2fex2,,,,,0,1.0,https://app.prolific.com/submissions/complete?cc=C1BTHULB,0.0,Experiment_1_Persistence,153,,0.0,5e25c1a57d6cd1000cf870b8,1,1,153,,0.0,B,C,C,B,D,A,B,C,A,B,BCCBDABCAB,0.4,1,1.678,1,1,153,,0.0,noisy,random,negative,Pass,black,40,2,3,Pass Box,1,1,153,,0.0,D,B,A,D,B,D,A,C,C,D,DBADBDACCD,0.8,Non-STEM Track,,0,0.0,3,1,1,153,,0.0,R,R,R,R,C,C,C,C,C,C,C,RRRRCCCCCCC,1,1,153,,0.0,1,0,0,0,0,0,0,0,0,Because I was not confident of my STEM abilities.,Animation and graphic design.,It was really challenging yet interesting.,Non-STEM Track,1,1,,,,,,,,,,,,,,,,,,,,,,,,,,,,,,,,,,,,,,,,,,,,,,,,,,,,,,,,,,,,,,,,,,,,,,,,,,,,,,,,,,,,,,,,,,,,,,,,,,,,,,,,,,,,,,,,,,,,,,,,,,,,,,,,,,,,,,,,,,,,,,,,,,,,,,,,,,,,,,,,,,,,,,,,,,,,,,,,,,,,,,,,,,,,,,,,,,,,,,,,,,,,,,,,,,,,,,,,,,,,,,,,,,,,,,,,,,,,,,,,,,,,,,,,,,,,,,,,,,,,,,,,,,,,,,,,,,,,,,,,,,,,,,,,,,,,,,,,,,,,,,,,,,,,,,,,,,,
154,wfzyg831,,0,4,18,Section_1,Conclusion,2024-09-23 22:29:11.989004,1,,,0.0,,,,,,,,,,,,,,vjx2fex2,,,,,0,1.0,https://app.prolific.com/submissions/complete?cc=C1BTHULB,0.0,Experiment_1_Persistence,154,,0.0,57ce74a271536c00015f12ed,1,1,154,,0.0,,,,,,,,,,,,0.0,0,0.0,1,1,154,,0.0,,,,,,,,,,1,1,154,,0.0,,,,,,,,,,,,,,,,,,1,1,154,,0.0,,,,,,,,,,,,,1,1,154,,0.0,0,0,0,0,0,0,0,0,0,,,,,1,1,,,,,,,,,,,,,,,,,,,,,,,,,,,,,,,,,,,,,,,,,,,,,,,,,,,,,,,,,,,,,,,,,,,,,,,,,,,,,,,,,,,,,,,,,,,,,,,,,,,,,,,,,,,,,,,,,,,,,,,,,,,,,,,,,,,,,,,,,,,,,,,,,,,,,,,,,,,,,,,,,,,,,,,,,,,,,,,,,,,,,,,,,,,,,,,,,,,,,,,,,,,,,,,,,,,,,,,,,,,,,,,,,,,,,,,,,,,,,,,,,,,,,,,,,,,,,,,,,,,,,,,,,,,,,,,,,,,,,,,,,,,,,,,,,,,,,,,,,,,,,,,,,,,,,,,,,,,
155,j7o3x3f7,,0,18,18,Section_7,EndSurvey,2024-09-23 22:29:15.770023,1,,,0.0,,,,,,,,,,,,,,vjx2fex2,,,,,0,1.0,https://app.prolific.com/submissions/complete?cc=C1BTHULB,0.0,Experiment_1_Persistence,155,,0.0,60e6856894db4b6b78770a18,1,1,155,,0.0,B,B,C,A,B,A,D,A,A,C,BBCABADAAC,0.3,0,0.0,1,1,155,,0.0,noisy,random,positive,Pass,red,45,1,1,Pass Box,1,1,155,,0.0,D,B,A,C,B,D,A,B,C,D,DBACBDABCD,1.0,Non-STEM Track,,0,0.0,1,1,1,155,,0.0,R,R,R,R,R,R,C,C,C,C,C,RRRRRRCCCCC,1,1,155,,0.0,0,0,1,0,0,0,0,0,0,I knew I couldn't do any better a second time around.,no main study and workded mostly in manufacturing,It was ok. I was unsure of the answer on the first round.,Non-STEM Track,1,1,,,,,,,,,,,,,,,,,,,,,,,,,,,,,,,,,,,,,,,,,,,,,,,,,,,,,,,,,,,,,,,,,,,,,,,,,,,,,,,,,,,,,,,,,,,,,,,,,,,,,,,,,,,,,,,,,,,,,,,,,,,,,,,,,,,,,,,,,,,,,,,,,,,,,,,,,,,,,,,,,,,,,,,,,,,,,,,,,,,,,,,,,,,,,,,,,,,,,,,,,,,,,,,,,,,,,,,,,,,,,,,,,,,,,,,,,,,,,,,,,,,,,,,,,,,,,,,,,,,,,,,,,,,,,,,,,,,,,,,,,,,,,,,,,,,,,,,,,,,,,,,,,,,,,,,,,,,
156,6vnsmxjq,,0,18,18,Section_7,EndSurvey,2024-09-23 22:29:22.847240,1,,,0.0,,,,,,,,,,,,,,vjx2fex2,,,,,0,1.0,https://app.prolific.com/submissions/complete?cc=C1BTHULB,0.0,Experiment_1_Persistence,156,,0.0,66342261ab8b47a617469842,1,1,156,,0.0,D,D,D,D,D,D,D,D,D,D,DDDDDDDDDD,0.1,0,0.0,1,1,156,,0.0,noisy,random,negative,Pass,black,10,1,1,Pass Box,1,1,156,,0.0,D,B,A,C,B,D,A,B,C,D,DBACBDABCD,1.0,Non-STEM Track,,0,0.0,1,1,1,156,,0.0,R,C,C,C,C,C,C,C,C,C,C,RCCCCCCCCCC,1,1,156,,0.0,0,0,1,0,0,1,0,0,0,Easier,Social Sciences,pleasant,Non-STEM Track,1,1,,,,,,,,,,,,,,,,,,,,,,,,,,,,,,,,,,,,,,,,,,,,,,,,,,,,,,,,,,,,,,,,,,,,,,,,,,,,,,,,,,,,,,,,,,,,,,,,,,,,,,,,,,,,,,,,,,,,,,,,,,,,,,,,,,,,,,,,,,,,,,,,,,,,,,,,,,,,,,,,,,,,,,,,,,,,,,,,,,,,,,,,,,,,,,,,,,,,,,,,,,,,,,,,,,,,,,,,,,,,,,,,,,,,,,,,,,,,,,,,,,,,,,,,,,,,,,,,,,,,,,,,,,,,,,,,,,,,,,,,,,,,,,,,,,,,,,,,,,,,,,,,,,,,,,,,,,,
157,ler2vb0a,,0,18,18,Section_7,EndSurvey,2024-09-23 22:29:40.543652,1,,,0.0,,,,,,,,,,,,,,vjx2fex2,,,,,0,1.0,https://app.prolific.com/submissions/complete?cc=C1BTHULB,0.0,Experiment_1_Persistence,157,,0.0,60fd16fa5143ab9c95b7b861,1,1,157,,0.0,D,A,A,B,C,B,B,A,B,A,DAABCBBABA,0.3,0,0.0,1,1,157,,0.0,noisy,random,ground,Fail,red,90,4,5,Fail Box,1,1,157,,0.0,B,C,C,D,A,D,D,D,B,B,BCCDADDDBB,0.5,STEM Track,,2,2.486,5,1,1,157,,0.0,R,R,R,R,R,C,C,C,C,C,C,RRRRRCCCCCC,1,1,157,,0.0,0,0,1,0,1,0,0,0,0,To take a chance for $.,I majored in accounting. ,I don't think there's enough time to work out each problem. ,STEM Track,1,1,,,,,,,,,,,,,,,,,,,,,,,,,,,,,,,,,,,,,,,,,,,,,,,,,,,,,,,,,,,,,,,,,,,,,,,,,,,,,,,,,,,,,,,,,,,,,,,,,,,,,,,,,,,,,,,,,,,,,,,,,,,,,,,,,,,,,,,,,,,,,,,,,,,,,,,,,,,,,,,,,,,,,,,,,,,,,,,,,,,,,,,,,,,,,,,,,,,,,,,,,,,,,,,,,,,,,,,,,,,,,,,,,,,,,,,,,,,,,,,,,,,,,,,,,,,,,,,,,,,,,,,,,,,,,,,,,,,,,,,,,,,,,,,,,,,,,,,,,,,,,,,,,,,,,,,,,,,
158,wazvm1is,,0,4,18,Section_1,Conclusion,2024-09-23 22:29:42.775014,1,,,0.0,,,,,,,,,,,,,,vjx2fex2,,,,,0,1.0,https://app.prolific.com/submissions/complete?cc=C1BTHULB,0.0,Experiment_1_Persistence,158,,0.0,663e681740ee374f8d488e51,1,1,158,,0.0,,,,,,,,,,,,0.0,0,0.0,1,1,158,,0.0,,,,,,,,,,1,1,158,,0.0,,,,,,,,,,,,,,,,,,1,1,158,,0.0,,,,,,,,,,,,,1,1,158,,0.0,0,0,0,0,0,0,0,0,0,,,,,1,1,,,,,,,,,,,,,,,,,,,,,,,,,,,,,,,,,,,,,,,,,,,,,,,,,,,,,,,,,,,,,,,,,,,,,,,,,,,,,,,,,,,,,,,,,,,,,,,,,,,,,,,,,,,,,,,,,,,,,,,,,,,,,,,,,,,,,,,,,,,,,,,,,,,,,,,,,,,,,,,,,,,,,,,,,,,,,,,,,,,,,,,,,,,,,,,,,,,,,,,,,,,,,,,,,,,,,,,,,,,,,,,,,,,,,,,,,,,,,,,,,,,,,,,,,,,,,,,,,,,,,,,,,,,,,,,,,,,,,,,,,,,,,,,,,,,,,,,,,,,,,,,,,,,,,,,,,,,
159,d7au8j60,,0,4,18,Section_1,Conclusion,2024-09-23 22:29:45.457991,1,,,0.0,,,,,,,,,,,,,,vjx2fex2,,,,,0,1.0,https://app.prolific.com/submissions/complete?cc=C1BTHULB,0.0,Experiment_1_Persistence,159,,0.0,669c1322fadbf79582cb0716,1,1,159,,0.0,,,,,,,,,,,,0.0,0,0.0,1,1,159,,0.0,,,,,,,,,,1,1,159,,0.0,,,,,,,,,,,,,,,,,,1,1,159,,0.0,,,,,,,,,,,,,1,1,159,,0.0,0,0,0,0,0,0,0,0,0,,,,,1,1,,,,,,,,,,,,,,,,,,,,,,,,,,,,,,,,,,,,,,,,,,,,,,,,,,,,,,,,,,,,,,,,,,,,,,,,,,,,,,,,,,,,,,,,,,,,,,,,,,,,,,,,,,,,,,,,,,,,,,,,,,,,,,,,,,,,,,,,,,,,,,,,,,,,,,,,,,,,,,,,,,,,,,,,,,,,,,,,,,,,,,,,,,,,,,,,,,,,,,,,,,,,,,,,,,,,,,,,,,,,,,,,,,,,,,,,,,,,,,,,,,,,,,,,,,,,,,,,,,,,,,,,,,,,,,,,,,,,,,,,,,,,,,,,,,,,,,,,,,,,,,,,,,,,,,,,,,,
160,znxar4o0,,0,18,18,Section_7,EndSurvey,2024-09-23 22:30:04.558982,1,,,0.0,,,,,,,,,,,,,,vjx2fex2,,,,,0,1.0,https://app.prolific.com/submissions/complete?cc=C1BTHULB,0.0,Experiment_1_Persistence,160,,0.0,66577b8c804307020201a131,1,1,160,,0.0,A,A,A,C,D,B,D,B,D,B,AAACDBDBDB,0.5,0,0.0,1,1,160,,0.0,noisy,random,positive,Pass,red,90,4,3,Pass Box,1,1,160,,0.0,B,B,C,D,A,D,C,B,B,C,BBCDADCBBC,0.7,STEM Track,,0,0.0,3,1,1,160,,0.0,R,R,R,R,C,C,C,C,C,C,C,RRRRCCCCCCC,1,1,160,,0.0,0,0,1,0,0,0,0,0,0,3 seemed like a low number to get right. ,i studied art in college,"the math questions were quite hard, as i hadn't done math since high school so I forgot most of it. ",STEM Track,1,1,,,,,,,,,,,,,,,,,,,,,,,,,,,,,,,,,,,,,,,,,,,,,,,,,,,,,,,,,,,,,,,,,,,,,,,,,,,,,,,,,,,,,,,,,,,,,,,,,,,,,,,,,,,,,,,,,,,,,,,,,,,,,,,,,,,,,,,,,,,,,,,,,,,,,,,,,,,,,,,,,,,,,,,,,,,,,,,,,,,,,,,,,,,,,,,,,,,,,,,,,,,,,,,,,,,,,,,,,,,,,,,,,,,,,,,,,,,,,,,,,,,,,,,,,,,,,,,,,,,,,,,,,,,,,,,,,,,,,,,,,,,,,,,,,,,,,,,,,,,,,,,,,,,,,,,,,,,
161,g4sft8au,,0,4,18,Section_1,Conclusion,2024-09-23 22:30:07.708349,1,,,0.0,,,,,,,,,,,,,,vjx2fex2,,,,,0,1.0,https://app.prolific.com/submissions/complete?cc=C1BTHULB,0.0,Experiment_1_Persistence,161,,0.0,5d55a1f2fab56e000140df8f,1,1,161,,0.0,,,,,,,,,,,,0.0,0,0.0,1,1,161,,0.0,,,,,,,,,,1,1,161,,0.0,,,,,,,,,,,,,,,,,,1,1,161,,0.0,,,,,,,,,,,,,1,1,161,,0.0,0,0,0,0,0,0,0,0,0,,,,,1,1,,,,,,,,,,,,,,,,,,,,,,,,,,,,,,,,,,,,,,,,,,,,,,,,,,,,,,,,,,,,,,,,,,,,,,,,,,,,,,,,,,,,,,,,,,,,,,,,,,,,,,,,,,,,,,,,,,,,,,,,,,,,,,,,,,,,,,,,,,,,,,,,,,,,,,,,,,,,,,,,,,,,,,,,,,,,,,,,,,,,,,,,,,,,,,,,,,,,,,,,,,,,,,,,,,,,,,,,,,,,,,,,,,,,,,,,,,,,,,,,,,,,,,,,,,,,,,,,,,,,,,,,,,,,,,,,,,,,,,,,,,,,,,,,,,,,,,,,,,,,,,,,,,,,,,,,,,,
162,imqqcr1v,,0,18,18,Section_7,EndSurvey,2024-09-23 22:30:09.590703,1,,,0.0,,,,,,,,,,,,,,vjx2fex2,,,,,0,1.0,https://app.prolific.com/submissions/complete?cc=C1BTHULB,0.0,Experiment_1_Persistence,162,,0.0,6698562e44e4613d7e01dd9f,1,1,162,,0.0,C,A,C,C,D,C,C,A,C,C,CACCDCCACC,0.3,0,0.0,1,1,162,,0.0,noisy,random,ground,Fail,red,50,4,6,Fail Box,1,1,162,,0.0,D,B,A,C,B,D,A,B,C,D,DBACBDABCD,1.0,Non-STEM Track,,0,0.0,6,1,1,162,,0.0,R,R,R,R,C,C,C,C,C,C,C,RRRRCCCCCCC,1,1,162,,0.0,0,0,1,0,0,0,0,0,0,I am more skilled at Non-STEM tasks. I didn't think I would have enough time to complete the STEM track.,English. I work as a librarian. ,It was a positive experience. ,Non-STEM Track,1,1,,,,,,,,,,,,,,,,,,,,,,,,,,,,,,,,,,,,,,,,,,,,,,,,,,,,,,,,,,,,,,,,,,,,,,,,,,,,,,,,,,,,,,,,,,,,,,,,,,,,,,,,,,,,,,,,,,,,,,,,,,,,,,,,,,,,,,,,,,,,,,,,,,,,,,,,,,,,,,,,,,,,,,,,,,,,,,,,,,,,,,,,,,,,,,,,,,,,,,,,,,,,,,,,,,,,,,,,,,,,,,,,,,,,,,,,,,,,,,,,,,,,,,,,,,,,,,,,,,,,,,,,,,,,,,,,,,,,,,,,,,,,,,,,,,,,,,,,,,,,,,,,,,,,,,,,,,,
163,ee3bqzh0,,0,18,18,Section_7,EndSurvey,2024-09-23 22:30:14.660020,1,,,0.0,,,,,,,,,,,,,,vjx2fex2,,,,,0,1.0,https://app.prolific.com/submissions/complete?cc=C1BTHULB,0.0,Experiment_1_Persistence,163,,0.0,662fe2cc375d0c558f74a8fb,1,1,163,,0.0,C,C,C,C,C,C,C,C,C,C,CCCCCCCCCC,0.3,0,0.0,1,1,163,,0.0,noisy,random,positive,Pass,black,2,1,1,Fail Box,1,1,163,,0.0,D,B,A,C,B,D,A,B,C,D,DBACBDABCD,1.0,Non-STEM Track,,0,0.0,1,1,1,163,,0.0,R,R,R,R,R,R,R,R,R,R,R,RRRRRRRRRRR,1,1,163,,0.0,0,0,1,0,0,0,0,0,0,easier,,,Non-STEM Track,1,1,,,,,,,,,,,,,,,,,,,,,,,,,,,,,,,,,,,,,,,,,,,,,,,,,,,,,,,,,,,,,,,,,,,,,,,,,,,,,,,,,,,,,,,,,,,,,,,,,,,,,,,,,,,,,,,,,,,,,,,,,,,,,,,,,,,,,,,,,,,,,,,,,,,,,,,,,,,,,,,,,,,,,,,,,,,,,,,,,,,,,,,,,,,,,,,,,,,,,,,,,,,,,,,,,,,,,,,,,,,,,,,,,,,,,,,,,,,,,,,,,,,,,,,,,,,,,,,,,,,,,,,,,,,,,,,,,,,,,,,,,,,,,,,,,,,,,,,,,,,,,,,,,,,,,,,,,,,
164,hi00flo7,,0,18,18,Section_7,EndSurvey,2024-09-23 22:30:20.656014,1,,,0.0,,,,,,,,,,,,,,vjx2fex2,,,,,0,1.0,https://app.prolific.com/submissions/complete?cc=C1BTHULB,0.0,Experiment_1_Persistence,164,,0.0,668103f42ae80cacff1527dd,1,1,164,,0.0,A,A,C,C,B,C,C,C,C,C,AACCBCCCCC,0.6,0,0.0,1,1,164,,0.0,noisy,random,ground,Pass,black,50,5,5,Not Sure,1,1,164,,0.0,D,B,A,C,B,D,A,B,C,D,DBACBDABCD,1.0,Non-STEM Track,,0,0.0,5,1,1,164,,0.0,R,R,R,R,R,C,C,C,C,C,C,RRRRRCCCCCC,1,1,164,,0.0,0,0,1,0,0,0,0,0,0,Takes less time,Psychology,I really enjoyed this study,Non-STEM Track,1,1,,,,,,,,,,,,,,,,,,,,,,,,,,,,,,,,,,,,,,,,,,,,,,,,,,,,,,,,,,,,,,,,,,,,,,,,,,,,,,,,,,,,,,,,,,,,,,,,,,,,,,,,,,,,,,,,,,,,,,,,,,,,,,,,,,,,,,,,,,,,,,,,,,,,,,,,,,,,,,,,,,,,,,,,,,,,,,,,,,,,,,,,,,,,,,,,,,,,,,,,,,,,,,,,,,,,,,,,,,,,,,,,,,,,,,,,,,,,,,,,,,,,,,,,,,,,,,,,,,,,,,,,,,,,,,,,,,,,,,,,,,,,,,,,,,,,,,,,,,,,,,,,,,,,,,,,,,,
165,flultkzv,,0,18,18,Section_7,EndSurvey,2024-09-23 22:30:27.671541,1,,,0.0,,,,,,,,,,,,,,vjx2fex2,,,,,0,1.0,https://app.prolific.com/submissions/complete?cc=C1BTHULB,0.0,Experiment_1_Persistence,165,,0.0,6633b3601c5582711fb31d46,1,1,165,,0.0,C,B,A,B,C,A,C,B,C,B,CBABCACBCB,0.3,0,0.0,1,1,165,,0.0,noisy,random,positive,Pass,red,0,1,2,Pass Box,1,1,165,,0.0,D,B,A,B,A,D,A,D,C,D,DBABADADCD,0.7,Non-STEM Track,,0,0.0,2,1,1,165,,0.0,R,R,R,R,C,C,C,C,C,C,C,RRRRCCCCCCC,1,1,165,,0.0,0,0,1,0,1,0,0,0,0,It seemed easier ,Business and finance ,No further comments,Non-STEM Track,1,1,,,,,,,,,,,,,,,,,,,,,,,,,,,,,,,,,,,,,,,,,,,,,,,,,,,,,,,,,,,,,,,,,,,,,,,,,,,,,,,,,,,,,,,,,,,,,,,,,,,,,,,,,,,,,,,,,,,,,,,,,,,,,,,,,,,,,,,,,,,,,,,,,,,,,,,,,,,,,,,,,,,,,,,,,,,,,,,,,,,,,,,,,,,,,,,,,,,,,,,,,,,,,,,,,,,,,,,,,,,,,,,,,,,,,,,,,,,,,,,,,,,,,,,,,,,,,,,,,,,,,,,,,,,,,,,,,,,,,,,,,,,,,,,,,,,,,,,,,,,,,,,,,,,,,,,,,,,
166,tefswn7r,,0,18,18,Section_7,EndSurvey,2024-09-23 22:30:40.513436,1,,,0.0,,,,,,,,,,,,,,vjx2fex2,,,,,0,1.0,https://app.prolific.com/submissions/complete?cc=C1BTHULB,0.0,Experiment_1_Persistence,166,,0.0,60fee8accc3a1247684fbe16,1,1,166,,0.0,D,A,A,C,D,A,D,A,B,B,DAACDADABB,0.3,1,0.821,1,1,166,,0.0,noisy,random,negative,Pass,black,40,2,3,Pass Box,1,1,166,,0.0,D,B,A,C,B,D,A,B,C,D,DBACBDABCD,1.0,Non-STEM Track,,0,0.0,3,1,1,166,,0.0,R,R,R,C,C,C,C,C,C,C,C,RRRCCCCCCCC,1,1,166,,0.0,0,0,1,1,0,0,0,0,0,I am not good at math,"I went to college for art and in high school I liked art, english, and history. I have worked in the Art industry",no feedback,Non-STEM Track,1,1,,,,,,,,,,,,,,,,,,,,,,,,,,,,,,,,,,,,,,,,,,,,,,,,,,,,,,,,,,,,,,,,,,,,,,,,,,,,,,,,,,,,,,,,,,,,,,,,,,,,,,,,,,,,,,,,,,,,,,,,,,,,,,,,,,,,,,,,,,,,,,,,,,,,,,,,,,,,,,,,,,,,,,,,,,,,,,,,,,,,,,,,,,,,,,,,,,,,,,,,,,,,,,,,,,,,,,,,,,,,,,,,,,,,,,,,,,,,,,,,,,,,,,,,,,,,,,,,,,,,,,,,,,,,,,,,,,,,,,,,,,,,,,,,,,,,,,,,,,,,,,,,,,,,,,,,,,,
167,838ncrkr,,0,18,18,Section_7,EndSurvey,2024-09-23 22:30:40.811179,1,,,0.0,,,,,,,,,,,,,,vjx2fex2,,,,,0,1.0,https://app.prolific.com/submissions/complete?cc=C1BTHULB,0.0,Experiment_1_Persistence,167,,0.0,5f1dc8e9a351ad07a95854c1,1,1,167,,0.0,B,A,C,B,B,C,D,C,B,D,BACBBCDCBD,0.6,0,0.0,1,1,167,,0.0,noisy,random,negative,Pass,red,5,2,3,Fail Box,1,1,167,,0.0,D,B,A,C,B,D,A,B,C,D,DBACBDABCD,1.0,Non-STEM Track,,0,0.0,3,1,1,167,,0.0,R,R,R,R,R,C,C,C,C,C,C,RRRRRCCCCCC,1,1,167,,0.0,0,1,1,0,1,0,0,0,0,"I don't think those kinds of questions match my skillset, I am not smart in that way.","I work in marketing and web design, self taught - no formal education.","The questions were quite difficult, but I enjoyed them.",Non-STEM Track,1,1,,,,,,,,,,,,,,,,,,,,,,,,,,,,,,,,,,,,,,,,,,,,,,,,,,,,,,,,,,,,,,,,,,,,,,,,,,,,,,,,,,,,,,,,,,,,,,,,,,,,,,,,,,,,,,,,,,,,,,,,,,,,,,,,,,,,,,,,,,,,,,,,,,,,,,,,,,,,,,,,,,,,,,,,,,,,,,,,,,,,,,,,,,,,,,,,,,,,,,,,,,,,,,,,,,,,,,,,,,,,,,,,,,,,,,,,,,,,,,,,,,,,,,,,,,,,,,,,,,,,,,,,,,,,,,,,,,,,,,,,,,,,,,,,,,,,,,,,,,,,,,,,,,,,,,,,,,,
168,sx2x8kd4,,0,4,18,Section_1,Conclusion,2024-09-23 22:30:41.385705,1,,,0.0,,,,,,,,,,,,,,vjx2fex2,,,,,0,1.0,https://app.prolific.com/submissions/complete?cc=C1BTHULB,0.0,Experiment_1_Persistence,168,,0.0,66e8c219e0307b1422648bac,1,1,168,,0.0,,,,,,,,,,,,0.0,0,0.0,1,1,168,,0.0,,,,,,,,,,1,1,168,,0.0,,,,,,,,,,,,,,,,,,1,1,168,,0.0,,,,,,,,,,,,,1,1,168,,0.0,0,0,0,0,0,0,0,0,0,,,,,1,1,,,,,,,,,,,,,,,,,,,,,,,,,,,,,,,,,,,,,,,,,,,,,,,,,,,,,,,,,,,,,,,,,,,,,,,,,,,,,,,,,,,,,,,,,,,,,,,,,,,,,,,,,,,,,,,,,,,,,,,,,,,,,,,,,,,,,,,,,,,,,,,,,,,,,,,,,,,,,,,,,,,,,,,,,,,,,,,,,,,,,,,,,,,,,,,,,,,,,,,,,,,,,,,,,,,,,,,,,,,,,,,,,,,,,,,,,,,,,,,,,,,,,,,,,,,,,,,,,,,,,,,,,,,,,,,,,,,,,,,,,,,,,,,,,,,,,,,,,,,,,,,,,,,,,,,,,,,
169,k3vtj82y,,0,4,18,Section_1,Conclusion,2024-09-23 22:30:45.338968,1,,,0.0,,,,,,,,,,,,,,vjx2fex2,,,,,0,1.0,https://app.prolific.com/submissions/complete?cc=C1BTHULB,0.0,Experiment_1_Persistence,169,,0.0,62c5bc2f8a2f9e18f2ac0a13,1,1,169,,0.0,,,,,,,,,,,,0.0,0,0.0,1,1,169,,0.0,,,,,,,,,,1,1,169,,0.0,,,,,,,,,,,,,,,,,,1,1,169,,0.0,,,,,,,,,,,,,1,1,169,,0.0,0,0,0,0,0,0,0,0,0,,,,,1,1,,,,,,,,,,,,,,,,,,,,,,,,,,,,,,,,,,,,,,,,,,,,,,,,,,,,,,,,,,,,,,,,,,,,,,,,,,,,,,,,,,,,,,,,,,,,,,,,,,,,,,,,,,,,,,,,,,,,,,,,,,,,,,,,,,,,,,,,,,,,,,,,,,,,,,,,,,,,,,,,,,,,,,,,,,,,,,,,,,,,,,,,,,,,,,,,,,,,,,,,,,,,,,,,,,,,,,,,,,,,,,,,,,,,,,,,,,,,,,,,,,,,,,,,,,,,,,,,,,,,,,,,,,,,,,,,,,,,,,,,,,,,,,,,,,,,,,,,,,,,,,,,,,,,,,,,,,,
170,1thht4iz,,0,18,18,Section_7,EndSurvey,2024-09-23 22:30:45.909641,1,,,0.0,,,,,,,,,,,,,,vjx2fex2,,,,,0,1.0,https://app.prolific.com/submissions/complete?cc=C1BTHULB,0.0,Experiment_1_Persistence,170,,0.0,66ea69f3fac126df64c9e68e,1,1,170,,0.0,D,A,B,B,B,A,D,C,C,B,DABBBADCCB,0.7,0,0.0,1,1,170,,0.0,noisy,random,negative,Pass,red,50,7,7,Pass Box,1,1,170,,0.0,B,A,D,C,A,D,C,A,,,BADCADCA,0.6,STEM Track,,0,0.0,7,1,1,170,,0.0,R,R,R,R,R,C,C,C,C,C,C,RRRRRCCCCCC,1,1,170,,0.0,0,0,1,0,0,0,0,0,0,That is where my educational background is,"Engineering, Math, Music. I have worked in manufacturing.","It was good. Question times were a little short, but I'm sure that's by design.",STEM Track,1,1,,,,,,,,,,,,,,,,,,,,,,,,,,,,,,,,,,,,,,,,,,,,,,,,,,,,,,,,,,,,,,,,,,,,,,,,,,,,,,,,,,,,,,,,,,,,,,,,,,,,,,,,,,,,,,,,,,,,,,,,,,,,,,,,,,,,,,,,,,,,,,,,,,,,,,,,,,,,,,,,,,,,,,,,,,,,,,,,,,,,,,,,,,,,,,,,,,,,,,,,,,,,,,,,,,,,,,,,,,,,,,,,,,,,,,,,,,,,,,,,,,,,,,,,,,,,,,,,,,,,,,,,,,,,,,,,,,,,,,,,,,,,,,,,,,,,,,,,,,,,,,,,,,,,,,,,,,,
171,0ujua1zo,,0,18,18,Section_7,EndSurvey,2024-09-23 22:30:49.189506,1,,,0.0,,,,,,,,,,,,,,vjx2fex2,,,,,0,1.0,https://app.prolific.com/submissions/complete?cc=C1BTHULB,0.0,Experiment_1_Persistence,171,,0.0,6413a350a3150081eeb69d44,1,1,171,,0.0,B,A,A,B,A,D,D,B,A,A,BAABADDBAA,0.3,1,4.824,1,1,171,,0.0,noisy,random,positive,Fail,red,90,9,9,Pass Box,1,1,171,,0.0,D,B,A,C,B,D,A,B,C,D,DBACBDABCD,1.0,Non-STEM Track,,0,0.0,9,1,1,171,,0.0,R,R,R,R,R,R,C,C,C,C,C,RRRRRRCCCCC,1,1,171,,0.0,0,1,0,0,0,0,0,0,0,I'm better at it,English,Great,Non-STEM Track,1,1,,,,,,,,,,,,,,,,,,,,,,,,,,,,,,,,,,,,,,,,,,,,,,,,,,,,,,,,,,,,,,,,,,,,,,,,,,,,,,,,,,,,,,,,,,,,,,,,,,,,,,,,,,,,,,,,,,,,,,,,,,,,,,,,,,,,,,,,,,,,,,,,,,,,,,,,,,,,,,,,,,,,,,,,,,,,,,,,,,,,,,,,,,,,,,,,,,,,,,,,,,,,,,,,,,,,,,,,,,,,,,,,,,,,,,,,,,,,,,,,,,,,,,,,,,,,,,,,,,,,,,,,,,,,,,,,,,,,,,,,,,,,,,,,,,,,,,,,,,,,,,,,,,,,,,,,,,,
172,s1vkvkoo,,0,18,18,Section_7,EndSurvey,2024-09-23 22:30:50.671862,1,,,0.0,,,,,,,,,,,,,,vjx2fex2,,,,,0,1.0,https://app.prolific.com/submissions/complete?cc=C1BTHULB,0.0,Experiment_1_Persistence,172,,0.0,66d29cb6bb6dc859c3baa700,1,1,172,,0.0,D,C,B,B,D,B,A,C,D,A,DCBBDBACDA,0.3,0,0.0,1,1,172,,0.0,noisy,random,positive,Pass,red,10,4,2,Pass Box,1,1,172,,0.0,D,B,A,C,B,D,A,B,C,D,DBACBDABCD,1.0,Non-STEM Track,,0,0.0,2,1,1,172,,0.0,R,R,R,R,R,R,C,C,C,C,C,RRRRRRCCCCC,1,1,172,,0.0,0,0,1,0,0,0,0,0,0,I haven't done math in quite some time and would need to study to get proficient.  Non-Stem I was pretty sure would be easier.,I studied History and Business Administration in school and have worked in Trade Compliance my entire career.,The math questions were difficult and I was mostly making educated guesses.  The non-stem vocabulary was easy.,Non-STEM Track,1,1,,,,,,,,,,,,,,,,,,,,,,,,,,,,,,,,,,,,,,,,,,,,,,,,,,,,,,,,,,,,,,,,,,,,,,,,,,,,,,,,,,,,,,,,,,,,,,,,,,,,,,,,,,,,,,,,,,,,,,,,,,,,,,,,,,,,,,,,,,,,,,,,,,,,,,,,,,,,,,,,,,,,,,,,,,,,,,,,,,,,,,,,,,,,,,,,,,,,,,,,,,,,,,,,,,,,,,,,,,,,,,,,,,,,,,,,,,,,,,,,,,,,,,,,,,,,,,,,,,,,,,,,,,,,,,,,,,,,,,,,,,,,,,,,,,,,,,,,,,,,,,,,,,,,,,,,,,,
173,z65hfek2,,0,18,18,Section_7,EndSurvey,2024-09-23 22:30:52.122566,1,,,0.0,,,,,,,,,,,,,,vjx2fex2,,,,,0,1.0,https://app.prolific.com/submissions/complete?cc=C1BTHULB,0.0,Experiment_1_Persistence,173,,0.0,597b81f3de42bf000181db0b,1,1,173,,0.0,D,C,B,,,B,D,B,,B,DCBBDBB,0.2,0,0.0,1,1,173,,0.0,noisy,random,positive,Fail,red,33,2,4,Fail Box,1,1,173,,0.0,D,B,A,C,B,D,A,B,C,D,DBACBDABCD,1.0,Non-STEM Track,,0,0.0,4,1,1,173,,0.0,R,R,C,C,C,C,C,C,C,C,C,RRCCCCCCCCC,1,1,173,,0.0,0,0,1,0,0,0,0,0,0,I wasn't confident that I could get at least 4 questions of math equations right.     I was also curious what kinds of questions the other test would have.,"I was actually good at math in school but I eventually hit a brick wall and reverted to a feral state.     My jobs have been computer related, though I never finished a related degree.",Everything seemed fine.,Non-STEM Track,1,1,,,,,,,,,,,,,,,,,,,,,,,,,,,,,,,,,,,,,,,,,,,,,,,,,,,,,,,,,,,,,,,,,,,,,,,,,,,,,,,,,,,,,,,,,,,,,,,,,,,,,,,,,,,,,,,,,,,,,,,,,,,,,,,,,,,,,,,,,,,,,,,,,,,,,,,,,,,,,,,,,,,,,,,,,,,,,,,,,,,,,,,,,,,,,,,,,,,,,,,,,,,,,,,,,,,,,,,,,,,,,,,,,,,,,,,,,,,,,,,,,,,,,,,,,,,,,,,,,,,,,,,,,,,,,,,,,,,,,,,,,,,,,,,,,,,,,,,,,,,,,,,,,,,,,,,,,,,
174,0igpacvt,,0,4,18,Section_1,Conclusion,2024-09-23 22:30:58.009654,1,,,0.0,,,,,,,,,,,,,,vjx2fex2,,,,,0,1.0,https://app.prolific.com/submissions/complete?cc=C1BTHULB,0.0,Experiment_1_Persistence,174,,0.0,55d2729c5bc5bc0005d90625,1,1,174,,0.0,,,,,,,,,,,,0.0,0,0.0,1,1,174,,0.0,,,,,,,,,,1,1,174,,0.0,,,,,,,,,,,,,,,,,,1,1,174,,0.0,,,,,,,,,,,,,1,1,174,,0.0,0,0,0,0,0,0,0,0,0,,,,,1,1,,,,,,,,,,,,,,,,,,,,,,,,,,,,,,,,,,,,,,,,,,,,,,,,,,,,,,,,,,,,,,,,,,,,,,,,,,,,,,,,,,,,,,,,,,,,,,,,,,,,,,,,,,,,,,,,,,,,,,,,,,,,,,,,,,,,,,,,,,,,,,,,,,,,,,,,,,,,,,,,,,,,,,,,,,,,,,,,,,,,,,,,,,,,,,,,,,,,,,,,,,,,,,,,,,,,,,,,,,,,,,,,,,,,,,,,,,,,,,,,,,,,,,,,,,,,,,,,,,,,,,,,,,,,,,,,,,,,,,,,,,,,,,,,,,,,,,,,,,,,,,,,,,,,,,,,,,,
175,02ulkxlb,,0,18,18,Section_7,EndSurvey,2024-09-23 22:31:03.978981,1,,,0.0,,,,,,,,,,,,,,vjx2fex2,,,,,0,1.0,https://app.prolific.com/submissions/complete?cc=C1BTHULB,0.0,Experiment_1_Persistence,175,,0.0,5b14b4babd9c31000156ebc4,1,1,175,,0.0,C,A,B,C,A,A,D,A,A,B,CABCAADAAB,0.3,0,0.0,1,1,175,,0.0,noisy,random,negative,Pass,black,25,2,2,Pass Box,1,1,175,,0.0,D,B,A,C,B,D,A,B,C,D,DBACBDABCD,1.0,Non-STEM Track,,0,0.0,2,1,1,175,,0.0,R,R,R,C,C,C,C,C,C,C,C,RRRCCCCCCCC,1,1,175,,0.0,0,0,1,0,0,0,0,0,0,"Did you see my fucking answers on the stem test? I'm actually upset you made me do math. I'm going to have school-nightmares tonight, and I wish that were a joke.","Like, all the ones everyone else does in public school. Math, science, language arts, social studies, history, all that jazz. I didn't get to choose, you know.",I've failed three math classes in my life. It's what caused me to drop out of college. Eat shit.,Non-STEM Track,1,1,,,,,,,,,,,,,,,,,,,,,,,,,,,,,,,,,,,,,,,,,,,,,,,,,,,,,,,,,,,,,,,,,,,,,,,,,,,,,,,,,,,,,,,,,,,,,,,,,,,,,,,,,,,,,,,,,,,,,,,,,,,,,,,,,,,,,,,,,,,,,,,,,,,,,,,,,,,,,,,,,,,,,,,,,,,,,,,,,,,,,,,,,,,,,,,,,,,,,,,,,,,,,,,,,,,,,,,,,,,,,,,,,,,,,,,,,,,,,,,,,,,,,,,,,,,,,,,,,,,,,,,,,,,,,,,,,,,,,,,,,,,,,,,,,,,,,,,,,,,,,,,,,,,,,,,,,,,
176,8ri9djwy,,0,18,18,Section_7,EndSurvey,2024-09-23 22:31:06.733371,1,,,0.0,,,,,,,,,,,,,,vjx2fex2,,,,,0,1.0,https://app.prolific.com/submissions/complete?cc=C1BTHULB,0.0,Experiment_1_Persistence,176,,0.0,66ee356a99ee2ee7e550eca4,1,1,176,,0.0,C,C,C,C,C,C,C,C,C,C,CCCCCCCCCC,0.3,0,0.0,1,1,176,,0.0,noisy,random,ground,Pass,black,50,3,3,Fail Box,1,1,176,,0.0,C,C,C,C,C,C,C,C,C,C,CCCCCCCCCC,0.3,STEM Track,,0,0.0,3,1,1,176,,0.0,R,R,R,R,R,R,R,R,R,R,R,RRRRRRRRRRR,1,1,176,,0.0,0,0,1,0,0,0,0,0,0,To earn more money initiatly as well as to see if i failed or.passed ,Math and tires,This was a great experience and thank you for your time ,STEM Track,1,1,,,,,,,,,,,,,,,,,,,,,,,,,,,,,,,,,,,,,,,,,,,,,,,,,,,,,,,,,,,,,,,,,,,,,,,,,,,,,,,,,,,,,,,,,,,,,,,,,,,,,,,,,,,,,,,,,,,,,,,,,,,,,,,,,,,,,,,,,,,,,,,,,,,,,,,,,,,,,,,,,,,,,,,,,,,,,,,,,,,,,,,,,,,,,,,,,,,,,,,,,,,,,,,,,,,,,,,,,,,,,,,,,,,,,,,,,,,,,,,,,,,,,,,,,,,,,,,,,,,,,,,,,,,,,,,,,,,,,,,,,,,,,,,,,,,,,,,,,,,,,,,,,,,,,,,,,,,
177,o083ei08,,0,18,18,Section_7,EndSurvey,2024-09-23 22:31:37.813848,1,,,0.0,,,,,,,,,,,,,,vjx2fex2,,,,,0,1.0,https://app.prolific.com/submissions/complete?cc=C1BTHULB,0.0,Experiment_1_Persistence,177,,0.0,6286b299b72d9737157f9a66,1,1,177,,0.0,D,A,C,B,C,B,D,B,B,A,DACBCBDBBA,0.5,0,0.0,1,1,177,,0.0,noisy,random,ground,Pass,black,75,5,2,Pass Box,1,1,177,,0.0,D,B,A,C,B,D,A,B,C,D,DBACBDABCD,1.0,Non-STEM Track,,0,0.0,2,1,1,177,,0.0,R,R,R,C,C,C,C,C,C,C,C,RRRCCCCCCCC,1,1,177,,0.0,0,1,1,0,0,0,0,0,0,The STEM track was really hard so I wanted something easy.,"Math, statistics, data science, coding.","It was great, but pretty tough!",Non-STEM Track,1,1,,,,,,,,,,,,,,,,,,,,,,,,,,,,,,,,,,,,,,,,,,,,,,,,,,,,,,,,,,,,,,,,,,,,,,,,,,,,,,,,,,,,,,,,,,,,,,,,,,,,,,,,,,,,,,,,,,,,,,,,,,,,,,,,,,,,,,,,,,,,,,,,,,,,,,,,,,,,,,,,,,,,,,,,,,,,,,,,,,,,,,,,,,,,,,,,,,,,,,,,,,,,,,,,,,,,,,,,,,,,,,,,,,,,,,,,,,,,,,,,,,,,,,,,,,,,,,,,,,,,,,,,,,,,,,,,,,,,,,,,,,,,,,,,,,,,,,,,,,,,,,,,,,,,,,,,,,,
178,6id30xkr,,0,18,18,Section_7,EndSurvey,2024-09-23 22:31:38.109515,1,,,0.0,,,,,,,,,,,,,,vjx2fex2,,,,,0,1.0,https://app.prolific.com/submissions/complete?cc=C1BTHULB,0.0,Experiment_1_Persistence,178,,0.0,66eddcfe67e927db6f0a4768,1,1,178,,0.0,D,A,A,C,C,B,B,C,,,DAACCBBC,0.3,0,0.0,1,1,178,,0.0,noisy,random,positive,Pass,black,25,1,2,Pass Box,1,1,178,,0.0,D,B,A,C,B,D,A,B,C,D,DBACBDABCD,1.0,Non-STEM Track,,0,0.0,2,1,1,178,,0.0,R,R,R,R,R,C,C,C,C,C,C,RRRRRCCCCCC,1,1,178,,0.0,0,1,1,0,0,0,0,0,0,"I am 36 years old and while I recognized that a lot of the STEM track questions were calculus based, I last took calc 1 in 12th grade -- nearly 20 years ago. I'm also a writer so the Non-STEM track seemed like it'd be much, much easier and more fulfilling for me. ","Main subjects in college / school: English, creative writing, band, world history / USA history. I've worked in retail, banking, and in business. ","The STEM questions hurt my brain but it was fun trying to remember how to do... any of those equations. I'm honestly shocked I passed. I enjoyed the rest of the process, too. ",Non-STEM Track,1,1,,,,,,,,,,,,,,,,,,,,,,,,,,,,,,,,,,,,,,,,,,,,,,,,,,,,,,,,,,,,,,,,,,,,,,,,,,,,,,,,,,,,,,,,,,,,,,,,,,,,,,,,,,,,,,,,,,,,,,,,,,,,,,,,,,,,,,,,,,,,,,,,,,,,,,,,,,,,,,,,,,,,,,,,,,,,,,,,,,,,,,,,,,,,,,,,,,,,,,,,,,,,,,,,,,,,,,,,,,,,,,,,,,,,,,,,,,,,,,,,,,,,,,,,,,,,,,,,,,,,,,,,,,,,,,,,,,,,,,,,,,,,,,,,,,,,,,,,,,,,,,,,,,,,,,,,,,,
179,623g886o,,0,4,18,Section_1,Conclusion,2024-09-23 22:31:38.259170,1,,,0.0,,,,,,,,,,,,,,vjx2fex2,,,,,0,1.0,https://app.prolific.com/submissions/complete?cc=C1BTHULB,0.0,Experiment_1_Persistence,179,,0.0,5ec67c1f9d0f0906b783865f,1,1,179,,0.0,,,,,,,,,,,,0.0,0,0.0,1,1,179,,0.0,,,,,,,,,,1,1,179,,0.0,,,,,,,,,,,,,,,,,,1,1,179,,0.0,,,,,,,,,,,,,1,1,179,,0.0,0,0,0,0,0,0,0,0,0,,,,,1,1,,,,,,,,,,,,,,,,,,,,,,,,,,,,,,,,,,,,,,,,,,,,,,,,,,,,,,,,,,,,,,,,,,,,,,,,,,,,,,,,,,,,,,,,,,,,,,,,,,,,,,,,,,,,,,,,,,,,,,,,,,,,,,,,,,,,,,,,,,,,,,,,,,,,,,,,,,,,,,,,,,,,,,,,,,,,,,,,,,,,,,,,,,,,,,,,,,,,,,,,,,,,,,,,,,,,,,,,,,,,,,,,,,,,,,,,,,,,,,,,,,,,,,,,,,,,,,,,,,,,,,,,,,,,,,,,,,,,,,,,,,,,,,,,,,,,,,,,,,,,,,,,,,,,,,,,,,,
180,ap7wz6ge,,0,18,18,Section_7,EndSurvey,2024-09-23 22:31:38.940604,1,,,0.0,,,,,,,,,,,,,,vjx2fex2,,,,,0,1.0,https://app.prolific.com/submissions/complete?cc=C1BTHULB,0.0,Experiment_1_Persistence,180,,0.0,607802b6d705eba12dcc4413,1,1,180,,0.0,C,D,B,C,B,B,D,B,B,B,CDBCBBDBBB,0.4,0,0.0,1,1,180,,0.0,noisy,random,positive,Fail,red,50,5,5,Pass Box,1,1,180,,0.0,D,B,A,C,B,D,A,B,C,D,DBACBDABCD,1.0,Non-STEM Track,,0,0.0,5,1,1,180,,0.0,R,R,R,R,R,C,C,C,C,C,C,RRRRRCCCCCC,1,1,180,,0.0,0,0,1,0,0,0,0,0,0,The STEM questions were difficult for me.,"Biology, Business Administration, Finance","No, thank you.",Non-STEM Track,1,1,,,,,,,,,,,,,,,,,,,,,,,,,,,,,,,,,,,,,,,,,,,,,,,,,,,,,,,,,,,,,,,,,,,,,,,,,,,,,,,,,,,,,,,,,,,,,,,,,,,,,,,,,,,,,,,,,,,,,,,,,,,,,,,,,,,,,,,,,,,,,,,,,,,,,,,,,,,,,,,,,,,,,,,,,,,,,,,,,,,,,,,,,,,,,,,,,,,,,,,,,,,,,,,,,,,,,,,,,,,,,,,,,,,,,,,,,,,,,,,,,,,,,,,,,,,,,,,,,,,,,,,,,,,,,,,,,,,,,,,,,,,,,,,,,,,,,,,,,,,,,,,,,,,,,,,,,,,
181,w5y50kf1,,0,18,18,Section_7,EndSurvey,2024-09-23 22:31:40.482760,1,,,0.0,,,,,,,,,,,,,,vjx2fex2,,,,,0,1.0,https://app.prolific.com/submissions/complete?cc=C1BTHULB,0.0,Experiment_1_Persistence,181,,0.0,66db03ab939bf8d44a2d9d47,1,1,181,,0.0,A,B,B,D,B,A,D,B,B,A,ABBDBADBBA,0.3,0,0.0,1,1,181,,0.0,noisy,random,positive,Pass,black,25,4,3,Fail Box,1,1,181,,0.0,D,B,A,C,B,D,A,B,C,D,DBACBDABCD,1.0,Non-STEM Track,,0,0.0,3,1,1,181,,0.0,R,R,R,R,C,C,C,C,C,C,C,RRRRCCCCCCC,1,1,181,,0.0,1,0,0,0,0,0,0,0,0,Familiar with words than math,"Hospitality, Sales, Business",Felt like a test in high school,Non-STEM Track,1,1,,,,,,,,,,,,,,,,,,,,,,,,,,,,,,,,,,,,,,,,,,,,,,,,,,,,,,,,,,,,,,,,,,,,,,,,,,,,,,,,,,,,,,,,,,,,,,,,,,,,,,,,,,,,,,,,,,,,,,,,,,,,,,,,,,,,,,,,,,,,,,,,,,,,,,,,,,,,,,,,,,,,,,,,,,,,,,,,,,,,,,,,,,,,,,,,,,,,,,,,,,,,,,,,,,,,,,,,,,,,,,,,,,,,,,,,,,,,,,,,,,,,,,,,,,,,,,,,,,,,,,,,,,,,,,,,,,,,,,,,,,,,,,,,,,,,,,,,,,,,,,,,,,,,,,,,,,,
182,8rl6k5of,,0,18,18,Section_7,EndSurvey,2024-09-23 22:31:41.161112,1,,,0.0,,,,,,,,,,,,,,vjx2fex2,,,,,0,1.0,https://app.prolific.com/submissions/complete?cc=C1BTHULB,0.0,Experiment_1_Persistence,182,,0.0,66be5fde262694b5262482b1,1,1,182,,0.0,D,A,A,C,D,B,A,B,A,D,DAACDBABAD,0.2,0,0.0,1,1,182,,0.0,noisy,random,positive,Fail,red,15,3,4,Not Sure,1,1,182,,0.0,D,B,A,C,B,D,A,B,C,D,DBACBDABCD,1.0,Non-STEM Track,,0,0.0,4,1,1,182,,0.0,R,R,R,R,R,C,C,C,C,C,C,RRRRRCCCCCC,1,1,182,,0.0,0,0,1,0,0,0,0,0,0,I am terrible at math,"medical terminology, biology, general computer, general business; worked as manager for multiple doctor offices and admin for a church","Did not realize the math was going to be, from my perspective, so hard.  I should have gotten pencil and paper and I may have done a little better",Non-STEM Track,1,1,,,,,,,,,,,,,,,,,,,,,,,,,,,,,,,,,,,,,,,,,,,,,,,,,,,,,,,,,,,,,,,,,,,,,,,,,,,,,,,,,,,,,,,,,,,,,,,,,,,,,,,,,,,,,,,,,,,,,,,,,,,,,,,,,,,,,,,,,,,,,,,,,,,,,,,,,,,,,,,,,,,,,,,,,,,,,,,,,,,,,,,,,,,,,,,,,,,,,,,,,,,,,,,,,,,,,,,,,,,,,,,,,,,,,,,,,,,,,,,,,,,,,,,,,,,,,,,,,,,,,,,,,,,,,,,,,,,,,,,,,,,,,,,,,,,,,,,,,,,,,,,,,,,,,,,,,,,
183,3e7f1fvt,,0,18,18,Section_7,EndSurvey,2024-09-23 22:31:44.556615,1,,,0.0,,,,,,,,,,,,,,vjx2fex2,,,,,0,1.0,https://app.prolific.com/submissions/complete?cc=C1BTHULB,0.0,Experiment_1_Persistence,183,,0.0,66916c1e28a72d1606cde8fc,1,1,183,,0.0,D,D,B,C,A,A,D,C,B,B,DDBCAADCBB,0.3,0,0.0,1,1,183,,0.0,noisy,random,negative,Fail,red,50,2,5,Pass Box,1,1,183,,0.0,D,B,A,C,B,D,A,B,C,D,DBACBDABCD,1.0,Non-STEM Track,,0,0.0,5,1,1,183,,0.0,R,R,R,R,R,R,R,C,C,C,C,RRRRRRRCCCC,1,1,183,,0.0,1,0,0,0,0,0,0,0,0,"The first set of STEM questions were difficult, especially because the time allocated did not leave much time for calculations.","IT, business and Math","I found the study unpredictable, hence interesting.",Non-STEM Track,1,1,,,,,,,,,,,,,,,,,,,,,,,,,,,,,,,,,,,,,,,,,,,,,,,,,,,,,,,,,,,,,,,,,,,,,,,,,,,,,,,,,,,,,,,,,,,,,,,,,,,,,,,,,,,,,,,,,,,,,,,,,,,,,,,,,,,,,,,,,,,,,,,,,,,,,,,,,,,,,,,,,,,,,,,,,,,,,,,,,,,,,,,,,,,,,,,,,,,,,,,,,,,,,,,,,,,,,,,,,,,,,,,,,,,,,,,,,,,,,,,,,,,,,,,,,,,,,,,,,,,,,,,,,,,,,,,,,,,,,,,,,,,,,,,,,,,,,,,,,,,,,,,,,,,,,,,,,,,
184,zs6vgn92,,0,18,18,Section_7,EndSurvey,2024-09-23 22:31:52.063919,1,,,0.0,,,,,,,,,,,,,,vjx2fex2,,,,,0,1.0,https://app.prolific.com/submissions/complete?cc=C1BTHULB,0.0,Experiment_1_Persistence,184,,0.0,6101ca2b4ef4ff44381fe3cd,1,1,184,,0.0,D,C,C,B,A,D,B,B,C,D,DCCBADBBCD,0.3,0,0.0,1,1,184,,0.0,noisy,random,ground,Fail,red,44,4,4,Pass Box,1,1,184,,0.0,C,D,B,B,B,D,D,A,C,B,CDBBBDDACB,0.2,STEM Track,,0,0.0,4,1,1,184,,0.0,R,R,R,C,C,C,C,C,C,C,C,RRRCCCCCCCC,1,1,184,,0.0,0,0,1,0,0,0,0,0,0,"More is better, right? I wanted more opportunity to earn extra.","Social Studies, Science and Agriculture",It was fine.,STEM Track,1,1,,,,,,,,,,,,,,,,,,,,,,,,,,,,,,,,,,,,,,,,,,,,,,,,,,,,,,,,,,,,,,,,,,,,,,,,,,,,,,,,,,,,,,,,,,,,,,,,,,,,,,,,,,,,,,,,,,,,,,,,,,,,,,,,,,,,,,,,,,,,,,,,,,,,,,,,,,,,,,,,,,,,,,,,,,,,,,,,,,,,,,,,,,,,,,,,,,,,,,,,,,,,,,,,,,,,,,,,,,,,,,,,,,,,,,,,,,,,,,,,,,,,,,,,,,,,,,,,,,,,,,,,,,,,,,,,,,,,,,,,,,,,,,,,,,,,,,,,,,,,,,,,,,,,,,,,,,,
185,t8ohtglj,,0,4,18,Section_1,Conclusion,2024-09-23 22:31:57.164639,1,,,0.0,,,,,,,,,,,,,,vjx2fex2,,,,,0,1.0,https://app.prolific.com/submissions/complete?cc=C1BTHULB,0.0,Experiment_1_Persistence,185,,0.0,661eb831881dbc159a911e81,1,1,185,,0.0,,,,,,,,,,,,0.0,0,0.0,1,1,185,,0.0,,,,,,,,,,1,1,185,,0.0,,,,,,,,,,,,,,,,,,1,1,185,,0.0,,,,,,,,,,,,,1,1,185,,0.0,0,0,0,0,0,0,0,0,0,,,,,1,1,,,,,,,,,,,,,,,,,,,,,,,,,,,,,,,,,,,,,,,,,,,,,,,,,,,,,,,,,,,,,,,,,,,,,,,,,,,,,,,,,,,,,,,,,,,,,,,,,,,,,,,,,,,,,,,,,,,,,,,,,,,,,,,,,,,,,,,,,,,,,,,,,,,,,,,,,,,,,,,,,,,,,,,,,,,,,,,,,,,,,,,,,,,,,,,,,,,,,,,,,,,,,,,,,,,,,,,,,,,,,,,,,,,,,,,,,,,,,,,,,,,,,,,,,,,,,,,,,,,,,,,,,,,,,,,,,,,,,,,,,,,,,,,,,,,,,,,,,,,,,,,,,,,,,,,,,,,
186,dw12igxb,,0,4,18,Section_1,Conclusion,2024-09-23 22:31:57.954347,1,,,0.0,,,,,,,,,,,,,,vjx2fex2,,,,,0,1.0,https://app.prolific.com/submissions/complete?cc=C1BTHULB,0.0,Experiment_1_Persistence,186,,0.0,5dd58d832091e954f052d628,1,1,186,,0.0,,,,,,,,,,,,0.0,0,0.0,1,1,186,,0.0,,,,,,,,,,1,1,186,,0.0,,,,,,,,,,,,,,,,,,1,1,186,,0.0,,,,,,,,,,,,,1,1,186,,0.0,0,0,0,0,0,0,0,0,0,,,,,1,1,,,,,,,,,,,,,,,,,,,,,,,,,,,,,,,,,,,,,,,,,,,,,,,,,,,,,,,,,,,,,,,,,,,,,,,,,,,,,,,,,,,,,,,,,,,,,,,,,,,,,,,,,,,,,,,,,,,,,,,,,,,,,,,,,,,,,,,,,,,,,,,,,,,,,,,,,,,,,,,,,,,,,,,,,,,,,,,,,,,,,,,,,,,,,,,,,,,,,,,,,,,,,,,,,,,,,,,,,,,,,,,,,,,,,,,,,,,,,,,,,,,,,,,,,,,,,,,,,,,,,,,,,,,,,,,,,,,,,,,,,,,,,,,,,,,,,,,,,,,,,,,,,,,,,,,,,,,
187,ta6qg01u,,0,18,18,Section_7,EndSurvey,2024-09-23 22:32:06.957574,1,,,0.0,,,,,,,,,,,,,,vjx2fex2,,,,,0,1.0,https://app.prolific.com/submissions/complete?cc=C1BTHULB,0.0,Experiment_1_Persistence,187,,0.0,66ecaa233c613f3f5485c8b5,1,1,187,,0.0,D,A,B,B,B,B,A,B,C,B,DABBBBABCB,0.6,1,4.885,1,1,187,,0.0,noisy,random,ground,Pass,red,68,3,5,Pass Box,1,1,187,,0.0,A,A,B,B,A,D,C,B,B,A,AABBADCBBA,0.5,STEM Track,,0,0.0,5,1,1,187,,0.0,R,R,R,C,R,R,R,C,R,C,R,RRRCRRRCRCR,1,1,187,,0.0,1,0,0,0,0,0,0,0,0,Because i wanted to gain the bonus,counseling  economics  education,very tough,STEM Track,1,1,,,,,,,,,,,,,,,,,,,,,,,,,,,,,,,,,,,,,,,,,,,,,,,,,,,,,,,,,,,,,,,,,,,,,,,,,,,,,,,,,,,,,,,,,,,,,,,,,,,,,,,,,,,,,,,,,,,,,,,,,,,,,,,,,,,,,,,,,,,,,,,,,,,,,,,,,,,,,,,,,,,,,,,,,,,,,,,,,,,,,,,,,,,,,,,,,,,,,,,,,,,,,,,,,,,,,,,,,,,,,,,,,,,,,,,,,,,,,,,,,,,,,,,,,,,,,,,,,,,,,,,,,,,,,,,,,,,,,,,,,,,,,,,,,,,,,,,,,,,,,,,,,,,,,,,,,,,
188,my3y0737,,0,18,18,Section_7,EndSurvey,2024-09-23 22:32:15.289252,1,,,0.0,,,,,,,,,,,,,,vjx2fex2,,,,,0,1.0,https://app.prolific.com/submissions/complete?cc=C1BTHULB,0.0,Experiment_1_Persistence,188,,0.0,66f05ae0f2658a66284b4080,1,1,188,,0.0,A,D,A,B,C,C,A,C,C,B,ADABCCACCB,0.5,0,0.0,1,1,188,,0.0,noisy,random,ground,Pass,red,10,3,3,Pass Box,1,1,188,,0.0,D,B,A,C,B,D,A,B,C,D,DBACBDABCD,1.0,Non-STEM Track,,0,0.0,3,1,1,188,,0.0,R,R,R,R,R,C,C,C,C,C,C,RRRRRCCCCCC,1,1,188,,0.0,0,0,1,0,0,0,0,0,0,I've never been great at math and science but always have been a strong reader and writer.,"I mostly studied business and finance, and I now work as an educator for a software company. I work with a group that trains customers on how to use our tax and accounting software. ",Interesting. I wasn't prepared for the math portion.,Non-STEM Track,1,1,,,,,,,,,,,,,,,,,,,,,,,,,,,,,,,,,,,,,,,,,,,,,,,,,,,,,,,,,,,,,,,,,,,,,,,,,,,,,,,,,,,,,,,,,,,,,,,,,,,,,,,,,,,,,,,,,,,,,,,,,,,,,,,,,,,,,,,,,,,,,,,,,,,,,,,,,,,,,,,,,,,,,,,,,,,,,,,,,,,,,,,,,,,,,,,,,,,,,,,,,,,,,,,,,,,,,,,,,,,,,,,,,,,,,,,,,,,,,,,,,,,,,,,,,,,,,,,,,,,,,,,,,,,,,,,,,,,,,,,,,,,,,,,,,,,,,,,,,,,,,,,,,,,,,,,,,,,
189,rawsuug2,,0,18,18,Section_7,EndSurvey,2024-09-23 22:32:15.411919,1,,,0.0,,,,,,,,,,,,,,vjx2fex2,,,,,0,1.0,https://app.prolific.com/submissions/complete?cc=C1BTHULB,0.0,Experiment_1_Persistence,189,,0.0,5beb793eba0615000114f122,1,1,189,,0.0,A,C,D,C,B,C,B,C,B,B,ACDCBCBCBB,0.4,0,0.0,1,1,189,,0.0,noisy,random,negative,Pass,red,10,3,3,Pass Box,1,1,189,,0.0,D,B,A,C,B,D,A,B,C,D,DBACBDABCD,1.0,Non-STEM Track,,0,0.0,3,1,1,189,,0.0,R,R,R,R,C,C,C,C,C,C,C,RRRRCCCCCCC,1,1,189,,0.0,0,0,1,0,0,0,0,0,0,I'm better at words.,I studied biology in school and worked in chemistry field.,Too long,Non-STEM Track,1,1,,,,,,,,,,,,,,,,,,,,,,,,,,,,,,,,,,,,,,,,,,,,,,,,,,,,,,,,,,,,,,,,,,,,,,,,,,,,,,,,,,,,,,,,,,,,,,,,,,,,,,,,,,,,,,,,,,,,,,,,,,,,,,,,,,,,,,,,,,,,,,,,,,,,,,,,,,,,,,,,,,,,,,,,,,,,,,,,,,,,,,,,,,,,,,,,,,,,,,,,,,,,,,,,,,,,,,,,,,,,,,,,,,,,,,,,,,,,,,,,,,,,,,,,,,,,,,,,,,,,,,,,,,,,,,,,,,,,,,,,,,,,,,,,,,,,,,,,,,,,,,,,,,,,,,,,,,,
190,vxhsb0gr,,0,18,18,Section_7,EndSurvey,2024-09-23 22:32:18.537277,1,,,0.0,,,,,,,,,,,,,,vjx2fex2,,,,,0,1.0,https://app.prolific.com/submissions/complete?cc=C1BTHULB,0.0,Experiment_1_Persistence,190,,0.0,63a3375101319bb7cb39f654,1,1,190,,0.0,B,C,B,C,C,A,C,C,A,A,BCBCCACCAA,0.1,0,0.0,1,1,190,,0.0,noisy,random,positive,Fail,red,40,2,5,Fail Box,1,1,190,,0.0,D,B,A,C,A,D,A,C,C,D,DBACADACCD,0.8,Non-STEM Track,,0,0.0,5,1,1,190,,0.0,C,R,R,C,R,C,R,C,C,C,R,CRRCRCRCCCR,1,1,190,,0.0,0,0,1,0,0,0,0,0,0,Seemed easier,English,It was fine.,Non-STEM Track,1,1,,,,,,,,,,,,,,,,,,,,,,,,,,,,,,,,,,,,,,,,,,,,,,,,,,,,,,,,,,,,,,,,,,,,,,,,,,,,,,,,,,,,,,,,,,,,,,,,,,,,,,,,,,,,,,,,,,,,,,,,,,,,,,,,,,,,,,,,,,,,,,,,,,,,,,,,,,,,,,,,,,,,,,,,,,,,,,,,,,,,,,,,,,,,,,,,,,,,,,,,,,,,,,,,,,,,,,,,,,,,,,,,,,,,,,,,,,,,,,,,,,,,,,,,,,,,,,,,,,,,,,,,,,,,,,,,,,,,,,,,,,,,,,,,,,,,,,,,,,,,,,,,,,,,,,,,,,,
191,16ccgf9b,,0,18,18,Section_7,EndSurvey,2024-09-23 22:32:21.643043,1,,,0.0,,,,,,,,,,,,,,vjx2fex2,,,,,0,1.0,https://app.prolific.com/submissions/complete?cc=C1BTHULB,0.0,Experiment_1_Persistence,191,,0.0,6697c78c699e877fa8fbca1e,1,1,191,,0.0,C,A,B,B,B,A,A,B,A,A,CABBBAABAA,0.3,0,0.0,1,1,191,,0.0,noisy,random,ground,Fail,red,70,7,7,Fail Box,1,1,191,,0.0,D,A,D,D,B,D,D,C,B,D,DADDBDDCBD,0.3,STEM Track,,0,0.0,7,1,1,191,,0.0,R,R,R,R,C,C,C,C,C,C,C,RRRRCCCCCCC,1,1,191,,0.0,0,0,1,0,0,0,0,0,0,Because wanted to better my score,Accounting,no comment,STEM Track,1,1,,,,,,,,,,,,,,,,,,,,,,,,,,,,,,,,,,,,,,,,,,,,,,,,,,,,,,,,,,,,,,,,,,,,,,,,,,,,,,,,,,,,,,,,,,,,,,,,,,,,,,,,,,,,,,,,,,,,,,,,,,,,,,,,,,,,,,,,,,,,,,,,,,,,,,,,,,,,,,,,,,,,,,,,,,,,,,,,,,,,,,,,,,,,,,,,,,,,,,,,,,,,,,,,,,,,,,,,,,,,,,,,,,,,,,,,,,,,,,,,,,,,,,,,,,,,,,,,,,,,,,,,,,,,,,,,,,,,,,,,,,,,,,,,,,,,,,,,,,,,,,,,,,,,,,,,,,,
192,xd6cpy65,,0,18,18,Section_7,EndSurvey,2024-09-23 22:32:32.759729,1,,,0.0,,,,,,,,,,,,,,vjx2fex2,,,,,0,1.0,https://app.prolific.com/submissions/complete?cc=C1BTHULB,0.0,Experiment_1_Persistence,192,,0.0,5fd63cb585f88c4eb1933661,1,1,192,,0.0,B,C,D,C,B,C,C,A,A,A,BCDCBCCAAA,0.1,0,0.0,1,1,192,,0.0,noisy,random,ground,Pass,black,4,2,0,Pass Box,1,1,192,,0.0,D,B,A,C,B,D,A,B,C,C,DBACBDABCC,0.9,Non-STEM Track,,0,0.0,0,1,1,192,,0.0,R,R,R,C,C,C,C,C,C,C,C,RRRCCCCCCCC,1,1,192,,0.0,0,0,1,0,0,0,0,0,0,I am not good with those types of math.,"Math, Reading, History, and Writing. I do not work in an industry.",No comment.,Non-STEM Track,1,1,,,,,,,,,,,,,,,,,,,,,,,,,,,,,,,,,,,,,,,,,,,,,,,,,,,,,,,,,,,,,,,,,,,,,,,,,,,,,,,,,,,,,,,,,,,,,,,,,,,,,,,,,,,,,,,,,,,,,,,,,,,,,,,,,,,,,,,,,,,,,,,,,,,,,,,,,,,,,,,,,,,,,,,,,,,,,,,,,,,,,,,,,,,,,,,,,,,,,,,,,,,,,,,,,,,,,,,,,,,,,,,,,,,,,,,,,,,,,,,,,,,,,,,,,,,,,,,,,,,,,,,,,,,,,,,,,,,,,,,,,,,,,,,,,,,,,,,,,,,,,,,,,,,,,,,,,,,
193,bd4w29bs,,0,18,18,Section_7,EndSurvey,2024-09-23 22:32:37.031803,1,,,0.0,,,,,,,,,,,,,,vjx2fex2,,,,,0,1.0,https://app.prolific.com/submissions/complete?cc=C1BTHULB,0.0,Experiment_1_Persistence,193,,0.0,6632db44fb8a50fd9d4a9a69,1,1,193,,0.0,D,A,C,B,D,C,A,B,D,B,DACBDCABDB,0.4,0,0.0,1,1,193,,0.0,noisy,random,ground,Fail,red,50,3,5,Fail Box,1,1,193,,0.0,D,B,A,C,B,D,A,B,C,D,DBACBDABCD,1.0,Non-STEM Track,,0,0.0,5,1,1,193,,0.0,R,R,R,R,R,R,R,C,C,C,C,RRRRRRRCCCC,1,1,193,,0.0,0,0,1,0,0,0,0,0,0,"I am good at every day math skills and since it’s been a while since I  have been in school, I do not remember everything like I used to.",History and Psychology ,It was definitely overwhelming trying to figure out the first problems and I would be delighted if I even got one correct. The statistics/probability portion was way out of my league. At least it made me think a lot.,Non-STEM Track,1,1,,,,,,,,,,,,,,,,,,,,,,,,,,,,,,,,,,,,,,,,,,,,,,,,,,,,,,,,,,,,,,,,,,,,,,,,,,,,,,,,,,,,,,,,,,,,,,,,,,,,,,,,,,,,,,,,,,,,,,,,,,,,,,,,,,,,,,,,,,,,,,,,,,,,,,,,,,,,,,,,,,,,,,,,,,,,,,,,,,,,,,,,,,,,,,,,,,,,,,,,,,,,,,,,,,,,,,,,,,,,,,,,,,,,,,,,,,,,,,,,,,,,,,,,,,,,,,,,,,,,,,,,,,,,,,,,,,,,,,,,,,,,,,,,,,,,,,,,,,,,,,,,,,,,,,,,,,,
194,r3r6yb1b,,0,18,18,Section_7,EndSurvey,2024-09-23 22:32:37.906916,1,,,0.0,,,,,,,,,,,,,,vjx2fex2,,,,,0,1.0,https://app.prolific.com/submissions/complete?cc=C1BTHULB,0.0,Experiment_1_Persistence,194,,0.0,66512fcae6ee0568b12cde76,1,1,194,,0.0,B,B,C,A,D,A,D,D,A,C,BBCADADDAC,0.2,0,0.0,1,1,194,,0.0,noisy,random,positive,Pass,black,25,2,2,Pass Box,1,1,194,,0.0,A,C,A,C,C,A,C,D,D,B,ACACCACDDB,0.1,STEM Track,,0,0.0,2,1,1,194,,0.0,R,R,R,R,R,C,C,C,C,C,C,RRRRRCCCCCC,1,1,194,,0.0,0,0,1,0,0,1,0,0,0,I thought I could give it another try and take my chances.,"English, History, Geometry  Transportation industry",It was a good experience. interesting.,STEM Track,1,1,,,,,,,,,,,,,,,,,,,,,,,,,,,,,,,,,,,,,,,,,,,,,,,,,,,,,,,,,,,,,,,,,,,,,,,,,,,,,,,,,,,,,,,,,,,,,,,,,,,,,,,,,,,,,,,,,,,,,,,,,,,,,,,,,,,,,,,,,,,,,,,,,,,,,,,,,,,,,,,,,,,,,,,,,,,,,,,,,,,,,,,,,,,,,,,,,,,,,,,,,,,,,,,,,,,,,,,,,,,,,,,,,,,,,,,,,,,,,,,,,,,,,,,,,,,,,,,,,,,,,,,,,,,,,,,,,,,,,,,,,,,,,,,,,,,,,,,,,,,,,,,,,,,,,,,,,,,
195,35cz9irc,,0,18,18,Section_7,EndSurvey,2024-09-23 22:32:39.374777,1,,,0.0,,,,,,,,,,,,,,vjx2fex2,,,,,0,1.0,https://app.prolific.com/submissions/complete?cc=C1BTHULB,0.0,Experiment_1_Persistence,195,,0.0,660779281d584e61ffe76c03,1,1,195,,0.0,B,A,C,D,B,C,B,A,B,B,BACDBCBABB,0.4,0,0.0,1,1,195,,0.0,noisy,random,ground,Fail,red,15,2,5,Fail Box,1,1,195,,0.0,B,A,C,D,A,C,D,A,B,D,BACDACDABD,0.6,STEM Track,,0,0.0,5,1,1,195,,0.0,R,R,C,C,C,C,C,C,C,C,C,RRCCCCCCCCC,1,1,195,,0.0,0,0,1,0,0,0,0,0,0,To try,Nursing and childcare,,STEM Track,1,1,,,,,,,,,,,,,,,,,,,,,,,,,,,,,,,,,,,,,,,,,,,,,,,,,,,,,,,,,,,,,,,,,,,,,,,,,,,,,,,,,,,,,,,,,,,,,,,,,,,,,,,,,,,,,,,,,,,,,,,,,,,,,,,,,,,,,,,,,,,,,,,,,,,,,,,,,,,,,,,,,,,,,,,,,,,,,,,,,,,,,,,,,,,,,,,,,,,,,,,,,,,,,,,,,,,,,,,,,,,,,,,,,,,,,,,,,,,,,,,,,,,,,,,,,,,,,,,,,,,,,,,,,,,,,,,,,,,,,,,,,,,,,,,,,,,,,,,,,,,,,,,,,,,,,,,,,,,
196,qwlbax7q,,0,18,18,Section_7,EndSurvey,2024-09-23 22:32:43.760202,1,,,0.0,,,,,,,,,,,,,,vjx2fex2,,,,,0,1.0,https://app.prolific.com/submissions/complete?cc=C1BTHULB,0.0,Experiment_1_Persistence,196,,0.0,611ab91a00baa062f55b86d8,1,1,196,,0.0,C,A,A,C,D,D,A,C,C,A,CAACDDACCA,0.3,0,0.0,1,1,196,,0.0,noisy,random,ground,Fail,red,40,5,5,Fail Box,1,1,196,,0.0,D,B,A,C,B,D,A,B,C,D,DBACBDABCD,1.0,Non-STEM Track,,0,0.0,5,1,1,196,,0.0,R,R,R,R,C,C,C,C,C,C,C,RRRRCCCCCCC,1,1,196,,0.0,0,0,1,0,0,0,0,0,0,STEM is not a strength of mine and I felt more confident completing the non stem track,Psychology  English  History  Art,I enjoyed this study and everything went well,Non-STEM Track,1,1,,,,,,,,,,,,,,,,,,,,,,,,,,,,,,,,,,,,,,,,,,,,,,,,,,,,,,,,,,,,,,,,,,,,,,,,,,,,,,,,,,,,,,,,,,,,,,,,,,,,,,,,,,,,,,,,,,,,,,,,,,,,,,,,,,,,,,,,,,,,,,,,,,,,,,,,,,,,,,,,,,,,,,,,,,,,,,,,,,,,,,,,,,,,,,,,,,,,,,,,,,,,,,,,,,,,,,,,,,,,,,,,,,,,,,,,,,,,,,,,,,,,,,,,,,,,,,,,,,,,,,,,,,,,,,,,,,,,,,,,,,,,,,,,,,,,,,,,,,,,,,,,,,,,,,,,,,,
197,k5jijjtk,,0,18,18,Section_7,EndSurvey,2024-09-23 22:32:56.901952,1,,,0.0,,,,,,,,,,,,,,vjx2fex2,,,,,0,1.0,https://app.prolific.com/submissions/complete?cc=C1BTHULB,0.0,Experiment_1_Persistence,197,,0.0,5f1b0abbb84a5207673cb637,1,1,197,,0.0,D,A,B,C,D,D,D,B,C,B,DABCDDDBCB,0.4,0,0.0,1,1,197,,0.0,noisy,random,positive,Pass,red,10,2,3,Fail Box,1,1,197,,0.0,B,C,D,B,B,D,C,B,B,C,BCDBBDCBBC,0.5,STEM Track,,0,0.0,3,1,1,197,,0.0,R,R,R,R,C,C,C,C,C,C,C,RRRRCCCCCCC,1,1,197,,0.0,0,0,1,1,0,0,0,0,0,I thought I could get 3 or more correct,Mostly Art actually haha but I did go to a liberal arts college so I did have some math and science courses,Some of these were hard but again I'm not a math expert,STEM Track,1,1,,,,,,,,,,,,,,,,,,,,,,,,,,,,,,,,,,,,,,,,,,,,,,,,,,,,,,,,,,,,,,,,,,,,,,,,,,,,,,,,,,,,,,,,,,,,,,,,,,,,,,,,,,,,,,,,,,,,,,,,,,,,,,,,,,,,,,,,,,,,,,,,,,,,,,,,,,,,,,,,,,,,,,,,,,,,,,,,,,,,,,,,,,,,,,,,,,,,,,,,,,,,,,,,,,,,,,,,,,,,,,,,,,,,,,,,,,,,,,,,,,,,,,,,,,,,,,,,,,,,,,,,,,,,,,,,,,,,,,,,,,,,,,,,,,,,,,,,,,,,,,,,,,,,,,,,,,,
198,fi2on1w8,,0,18,18,Section_7,EndSurvey,2024-09-23 22:32:58.657849,1,,,0.0,,,,,,,,,,,,,,vjx2fex2,,,,,0,1.0,https://app.prolific.com/submissions/complete?cc=C1BTHULB,0.0,Experiment_1_Persistence,198,,0.0,5fc8a956800c80232e0b7a32,1,1,198,,0.0,B,A,B,B,B,A,A,D,C,A,BABBBAADCA,0.4,0,0.0,1,1,198,,0.0,noisy,random,positive,Pass,red,10,1,1,Pass Box,1,1,198,,0.0,D,A,A,C,B,D,A,B,C,A,DAACBDABCA,0.8,Non-STEM Track,,0,0.0,1,1,1,198,,0.0,R,R,C,C,C,C,C,C,C,C,C,RRCCCCCCCCC,1,1,198,,0.0,0,0,0,1,1,0,0,0,0,Because I didn't think I could get more than 1 question right.,I mainly studied English and Music in school. I didn't pay much attention in my Math class. I've worked in the Music and Entertainment industry.,"It was fairly easy, this made me realize how much I don't know about math. ",Non-STEM Track,1,1,,,,,,,,,,,,,,,,,,,,,,,,,,,,,,,,,,,,,,,,,,,,,,,,,,,,,,,,,,,,,,,,,,,,,,,,,,,,,,,,,,,,,,,,,,,,,,,,,,,,,,,,,,,,,,,,,,,,,,,,,,,,,,,,,,,,,,,,,,,,,,,,,,,,,,,,,,,,,,,,,,,,,,,,,,,,,,,,,,,,,,,,,,,,,,,,,,,,,,,,,,,,,,,,,,,,,,,,,,,,,,,,,,,,,,,,,,,,,,,,,,,,,,,,,,,,,,,,,,,,,,,,,,,,,,,,,,,,,,,,,,,,,,,,,,,,,,,,,,,,,,,,,,,,,,,,,,,
199,kpbguyzr,,0,18,18,Section_7,EndSurvey,2024-09-23 22:32:59.984722,1,,,0.0,,,,,,,,,,,,,,vjx2fex2,,,,,0,1.0,https://app.prolific.com/submissions/complete?cc=C1BTHULB,0.0,Experiment_1_Persistence,199,,0.0,612e7ef85edba8d26ef96c99,1,1,199,,0.0,D,C,A,C,B,C,C,C,B,B,DCACBCCCBB,0.3,0,0.0,1,1,199,,0.0,noisy,random,ground,Pass,red,0,1,1,Pass Box,1,1,199,,0.0,D,B,A,C,B,D,A,B,C,D,DBACBDABCD,1.0,Non-STEM Track,,0,0.0,1,1,1,199,,0.0,R,C,C,C,C,C,C,C,C,C,C,RCCCCCCCCCC,1,1,199,,0.0,0,0,1,0,0,0,0,0,0,I had to guess on all but one of the stem questions,psychology,the stem questions were too hard,Non-STEM Track,1,1,,,,,,,,,,,,,,,,,,,,,,,,,,,,,,,,,,,,,,,,,,,,,,,,,,,,,,,,,,,,,,,,,,,,,,,,,,,,,,,,,,,,,,,,,,,,,,,,,,,,,,,,,,,,,,,,,,,,,,,,,,,,,,,,,,,,,,,,,,,,,,,,,,,,,,,,,,,,,,,,,,,,,,,,,,,,,,,,,,,,,,,,,,,,,,,,,,,,,,,,,,,,,,,,,,,,,,,,,,,,,,,,,,,,,,,,,,,,,,,,,,,,,,,,,,,,,,,,,,,,,,,,,,,,,,,,,,,,,,,,,,,,,,,,,,,,,,,,,,,,,,,,,,,,,,,,,,,
200,czx5q0yz,,0,18,18,Section_7,EndSurvey,2024-09-23 22:33:00.332706,1,,,0.0,,,,,,,,,,,,,,vjx2fex2,,,,,0,1.0,https://app.prolific.com/submissions/complete?cc=C1BTHULB,0.0,Experiment_1_Persistence,200,,0.0,66a7d687c183d5d810af5a9d,1,1,200,,0.0,B,C,C,D,D,A,A,B,B,A,BCCDDAABBA,0.1,0,0.0,1,1,200,,0.0,noisy,random,ground,Fail,red,50,4,4,Pass Box,1,1,200,,0.0,C,B,B,A,D,C,C,C,B,C,CBBADCCCBC,0.4,STEM Track,,0,0.0,4,1,1,200,,0.0,R,R,R,R,R,C,C,C,C,C,C,RRRRRCCCCCC,1,1,200,,0.0,0,0,1,0,0,0,0,0,0,"I'd choose the STEM track in  because it's a field where I can apply my analytical skills to optimize supply chains, improve efficiency, and tackle complex logistical challenges. The blend of technology and problem-solving in logistics really appeals to me.","transportation management, inventory control, supply chain management, procurement ",no comment,STEM Track,1,1,,,,,,,,,,,,,,,,,,,,,,,,,,,,,,,,,,,,,,,,,,,,,,,,,,,,,,,,,,,,,,,,,,,,,,,,,,,,,,,,,,,,,,,,,,,,,,,,,,,,,,,,,,,,,,,,,,,,,,,,,,,,,,,,,,,,,,,,,,,,,,,,,,,,,,,,,,,,,,,,,,,,,,,,,,,,,,,,,,,,,,,,,,,,,,,,,,,,,,,,,,,,,,,,,,,,,,,,,,,,,,,,,,,,,,,,,,,,,,,,,,,,,,,,,,,,,,,,,,,,,,,,,,,,,,,,,,,,,,,,,,,,,,,,,,,,,,,,,,,,,,,,,,,,,,,,,,,
201,oh0m95uv,,0,18,18,Section_7,EndSurvey,2024-09-23 22:33:02.246395,1,,,0.0,,,,,,,,,,,,,,vjx2fex2,,,,,0,1.0,https://app.prolific.com/submissions/complete?cc=C1BTHULB,0.0,Experiment_1_Persistence,201,,0.0,664b7fd7a0d2bb7f8a60c81c,1,1,201,,0.0,D,A,B,C,C,D,B,A,A,D,DABCCDBAAD,0.1,0,0.0,1,1,201,,0.0,noisy,random,ground,Fail,red,50,0,5,Fail Box,1,1,201,,0.0,D,B,A,C,B,D,A,B,C,D,DBACBDABCD,1.0,Non-STEM Track,,0,0.0,5,1,1,201,,0.0,R,C,C,C,C,C,C,C,C,C,C,RCCCCCCCCCC,1,1,201,,0.0,0,1,1,0,0,0,0,0,0,"I thought that it would be math again, and was hoping that non-STEM would be easier.","I majored in English, but taught both math and English.","The first part was brutal!  I remember that stuff from school, but I haven't used it in ages.",Non-STEM Track,1,1,,,,,,,,,,,,,,,,,,,,,,,,,,,,,,,,,,,,,,,,,,,,,,,,,,,,,,,,,,,,,,,,,,,,,,,,,,,,,,,,,,,,,,,,,,,,,,,,,,,,,,,,,,,,,,,,,,,,,,,,,,,,,,,,,,,,,,,,,,,,,,,,,,,,,,,,,,,,,,,,,,,,,,,,,,,,,,,,,,,,,,,,,,,,,,,,,,,,,,,,,,,,,,,,,,,,,,,,,,,,,,,,,,,,,,,,,,,,,,,,,,,,,,,,,,,,,,,,,,,,,,,,,,,,,,,,,,,,,,,,,,,,,,,,,,,,,,,,,,,,,,,,,,,,,,,,,,,
202,2xwmvgac,,0,18,18,Section_7,EndSurvey,2024-09-23 22:33:06.652597,1,,,0.0,,,,,,,,,,,,,,vjx2fex2,,,,,0,1.0,https://app.prolific.com/submissions/complete?cc=C1BTHULB,0.0,Experiment_1_Persistence,202,,0.0,65d69e1a627a85cbe8696c6d,1,1,202,,0.0,D,A,A,C,B,C,D,A,C,B,DAACBCDACB,0.5,0,0.0,1,1,202,,0.0,noisy,random,ground,Pass,red,20,1,3,Fail Box,1,1,202,,0.0,D,B,A,C,B,D,A,B,C,D,DBACBDABCD,1.0,Non-STEM Track,,0,0.0,3,1,1,202,,0.0,R,R,R,R,C,C,C,C,C,C,C,RRRRCCCCCCC,1,1,202,,0.0,0,0,1,0,0,0,0,0,0,The math test was difficult for me as I have not taken a math class in over a decade.,Psychology and other social sciences. I work in healthcare.,I would imagine the math test would prove very difficult for anyone over the age of 25 who does not work in a math or finance related field.,Non-STEM Track,1,1,,,,,,,,,,,,,,,,,,,,,,,,,,,,,,,,,,,,,,,,,,,,,,,,,,,,,,,,,,,,,,,,,,,,,,,,,,,,,,,,,,,,,,,,,,,,,,,,,,,,,,,,,,,,,,,,,,,,,,,,,,,,,,,,,,,,,,,,,,,,,,,,,,,,,,,,,,,,,,,,,,,,,,,,,,,,,,,,,,,,,,,,,,,,,,,,,,,,,,,,,,,,,,,,,,,,,,,,,,,,,,,,,,,,,,,,,,,,,,,,,,,,,,,,,,,,,,,,,,,,,,,,,,,,,,,,,,,,,,,,,,,,,,,,,,,,,,,,,,,,,,,,,,,,,,,,,,,
203,urrgso6t,,0,18,18,Section_7,EndSurvey,2024-09-23 22:33:07.004203,1,,,0.0,,,,,,,,,,,,,,vjx2fex2,,,,,0,1.0,https://app.prolific.com/submissions/complete?cc=C1BTHULB,0.0,Experiment_1_Persistence,203,,0.0,5dd48040a71de846ce2dbff3,1,1,203,,0.0,B,A,,C,,,,,,,BAC,0.2,0,0.0,1,1,203,,0.0,noisy,random,ground,Pass,red,1,2,2,Pass Box,1,1,203,,0.0,D,B,A,C,B,D,A,B,C,D,DBACBDABCD,1.0,Non-STEM Track,,0,0.0,2,1,1,203,,0.0,R,R,R,R,C,C,C,C,C,C,C,RRRRCCCCCCC,1,1,203,,0.0,0,1,0,0,0,0,0,0,0,"I felt confused by the Stem quiz 1, and reckoned I could do well on a non-stem track","English, History, Arts and Biology.   Work in Sports and Restaurants",Very good! I left some questions to return to on quiz 1 but wasn't keeping an eye on the clock,Non-STEM Track,1,1,,,,,,,,,,,,,,,,,,,,,,,,,,,,,,,,,,,,,,,,,,,,,,,,,,,,,,,,,,,,,,,,,,,,,,,,,,,,,,,,,,,,,,,,,,,,,,,,,,,,,,,,,,,,,,,,,,,,,,,,,,,,,,,,,,,,,,,,,,,,,,,,,,,,,,,,,,,,,,,,,,,,,,,,,,,,,,,,,,,,,,,,,,,,,,,,,,,,,,,,,,,,,,,,,,,,,,,,,,,,,,,,,,,,,,,,,,,,,,,,,,,,,,,,,,,,,,,,,,,,,,,,,,,,,,,,,,,,,,,,,,,,,,,,,,,,,,,,,,,,,,,,,,,,,,,,,,,
204,ah5c1ht1,,0,18,18,Section_7,EndSurvey,2024-09-23 22:33:08.461103,1,,,0.0,,,,,,,,,,,,,,vjx2fex2,,,,,0,1.0,https://app.prolific.com/submissions/complete?cc=C1BTHULB,0.0,Experiment_1_Persistence,204,,0.0,66548cf3c4c63418286fc428,1,1,204,,0.0,D,A,C,B,B,B,D,C,A,B,DACBBBDCAB,0.8,0,0.0,1,1,204,,0.0,noisy,random,positive,Pass,black,50,2,2,Fail Box,1,1,204,,0.0,B,B,C,C,A,D,C,C,B,C,BBCCADCCBC,0.7,STEM Track,,0,0.0,2,1,1,204,,0.0,R,R,R,R,R,C,C,C,C,C,C,RRRRRCCCCCC,1,1,204,,0.0,0,0,0,0,0,0,0,0,1,Because I love it ,Math and science ,,STEM Track,1,1,,,,,,,,,,,,,,,,,,,,,,,,,,,,,,,,,,,,,,,,,,,,,,,,,,,,,,,,,,,,,,,,,,,,,,,,,,,,,,,,,,,,,,,,,,,,,,,,,,,,,,,,,,,,,,,,,,,,,,,,,,,,,,,,,,,,,,,,,,,,,,,,,,,,,,,,,,,,,,,,,,,,,,,,,,,,,,,,,,,,,,,,,,,,,,,,,,,,,,,,,,,,,,,,,,,,,,,,,,,,,,,,,,,,,,,,,,,,,,,,,,,,,,,,,,,,,,,,,,,,,,,,,,,,,,,,,,,,,,,,,,,,,,,,,,,,,,,,,,,,,,,,,,,,,,,,,,,
205,7ey5r4ma,,0,18,18,Section_7,EndSurvey,2024-09-23 22:33:16.345336,1,,,0.0,,,,,,,,,,,,,,vjx2fex2,,,,,0,1.0,https://app.prolific.com/submissions/complete?cc=C1BTHULB,0.0,Experiment_1_Persistence,205,,0.0,5d67476c0ca617001699fe7a,1,1,205,,0.0,D,A,C,A,D,B,C,C,A,A,DACADBCCAA,0.4,1,1.269,1,1,205,,0.0,noisy,random,positive,Pass,red,50,3,3,Fail Box,1,1,205,,0.0,D,B,A,C,B,D,A,B,C,D,DBACBDABCD,1.0,Non-STEM Track,,0,0.0,3,1,1,205,,0.0,R,R,R,R,C,C,C,C,C,C,C,RRRRCCCCCCC,1,1,205,,0.0,0,0,1,0,1,0,0,0,0,I wasn't confident in my ability to perform on another test.,I studied general subjects in high school and have worked in manufacturing since then.,I thought everything was clear and easy to understand. Thank you!,Non-STEM Track,1,1,,,,,,,,,,,,,,,,,,,,,,,,,,,,,,,,,,,,,,,,,,,,,,,,,,,,,,,,,,,,,,,,,,,,,,,,,,,,,,,,,,,,,,,,,,,,,,,,,,,,,,,,,,,,,,,,,,,,,,,,,,,,,,,,,,,,,,,,,,,,,,,,,,,,,,,,,,,,,,,,,,,,,,,,,,,,,,,,,,,,,,,,,,,,,,,,,,,,,,,,,,,,,,,,,,,,,,,,,,,,,,,,,,,,,,,,,,,,,,,,,,,,,,,,,,,,,,,,,,,,,,,,,,,,,,,,,,,,,,,,,,,,,,,,,,,,,,,,,,,,,,,,,,,,,,,,,,,
206,ggbjqfju,,0,18,18,Section_7,EndSurvey,2024-09-23 22:33:17.200456,1,,,0.0,,,,,,,,,,,,,,vjx2fex2,,,,,0,1.0,https://app.prolific.com/submissions/complete?cc=C1BTHULB,0.0,Experiment_1_Persistence,206,,0.0,66ece0ee194d5ad163eafef3,1,1,206,,0.0,C,B,C,B,C,C,C,A,B,C,CBCBCCCABC,0.2,0,0.0,1,1,206,,0.0,noisy,random,ground,Fail,red,35,4,5,Fail Box,1,1,206,,0.0,C,C,A,B,D,B,B,C,A,C,CCABDBBCAC,0.1,STEM Track,,0,0.0,5,1,1,206,,0.0,R,R,R,R,R,C,C,C,C,C,C,RRRRRCCCCCC,1,1,206,,0.0,0,0,1,0,0,0,0,0,0,"More challenging, possibility of greater reward, taking a chance.","Art, biology, general","Well, since I’m pretty sure I bombed terribly, it was a fun experience just for the laugh!",STEM Track,1,1,,,,,,,,,,,,,,,,,,,,,,,,,,,,,,,,,,,,,,,,,,,,,,,,,,,,,,,,,,,,,,,,,,,,,,,,,,,,,,,,,,,,,,,,,,,,,,,,,,,,,,,,,,,,,,,,,,,,,,,,,,,,,,,,,,,,,,,,,,,,,,,,,,,,,,,,,,,,,,,,,,,,,,,,,,,,,,,,,,,,,,,,,,,,,,,,,,,,,,,,,,,,,,,,,,,,,,,,,,,,,,,,,,,,,,,,,,,,,,,,,,,,,,,,,,,,,,,,,,,,,,,,,,,,,,,,,,,,,,,,,,,,,,,,,,,,,,,,,,,,,,,,,,,,,,,,,,,
207,sc3hmwz5,,0,4,18,Section_1,Conclusion,2024-09-23 22:33:19.952041,1,,,0.0,,,,,,,,,,,,,,vjx2fex2,,,,,0,1.0,https://app.prolific.com/submissions/complete?cc=C1BTHULB,0.0,Experiment_1_Persistence,207,,0.0,57ce74a271536c00015f12ed,1,1,207,,0.0,,,,,,,,,,,,0.0,0,0.0,1,1,207,,0.0,,,,,,,,,,1,1,207,,0.0,,,,,,,,,,,,,,,,,,1,1,207,,0.0,,,,,,,,,,,,,1,1,207,,0.0,0,0,0,0,0,0,0,0,0,,,,,1,1,,,,,,,,,,,,,,,,,,,,,,,,,,,,,,,,,,,,,,,,,,,,,,,,,,,,,,,,,,,,,,,,,,,,,,,,,,,,,,,,,,,,,,,,,,,,,,,,,,,,,,,,,,,,,,,,,,,,,,,,,,,,,,,,,,,,,,,,,,,,,,,,,,,,,,,,,,,,,,,,,,,,,,,,,,,,,,,,,,,,,,,,,,,,,,,,,,,,,,,,,,,,,,,,,,,,,,,,,,,,,,,,,,,,,,,,,,,,,,,,,,,,,,,,,,,,,,,,,,,,,,,,,,,,,,,,,,,,,,,,,,,,,,,,,,,,,,,,,,,,,,,,,,,,,,,,,,,
208,rgykzypx,,0,18,18,Section_7,EndSurvey,2024-09-23 22:33:22.600716,1,,,0.0,,,,,,,,,,,,,,vjx2fex2,,,,,0,1.0,https://app.prolific.com/submissions/complete?cc=C1BTHULB,0.0,Experiment_1_Persistence,208,,0.0,665e6483ae85fff2d68c99c1,1,1,208,,0.0,B,C,B,C,C,D,D,B,B,A,BCBCCDDBBA,0.1,0,0.0,1,1,208,,0.0,noisy,random,positive,Fail,red,50,1,2,Fail Box,1,1,208,,0.0,B,C,C,B,A,D,C,A,B,C,BCCBADCABC,0.8,STEM Track,,0,0.0,2,1,1,208,,0.0,R,R,R,R,R,R,R,C,C,C,C,RRRRRRRCCCC,1,1,208,,0.0,0,1,0,0,0,0,0,0,0,"It seemed more fun, and I thought there would be a trick that it would be easier",math and science,N/A,STEM Track,1,1,,,,,,,,,,,,,,,,,,,,,,,,,,,,,,,,,,,,,,,,,,,,,,,,,,,,,,,,,,,,,,,,,,,,,,,,,,,,,,,,,,,,,,,,,,,,,,,,,,,,,,,,,,,,,,,,,,,,,,,,,,,,,,,,,,,,,,,,,,,,,,,,,,,,,,,,,,,,,,,,,,,,,,,,,,,,,,,,,,,,,,,,,,,,,,,,,,,,,,,,,,,,,,,,,,,,,,,,,,,,,,,,,,,,,,,,,,,,,,,,,,,,,,,,,,,,,,,,,,,,,,,,,,,,,,,,,,,,,,,,,,,,,,,,,,,,,,,,,,,,,,,,,,,,,,,,,,,
209,rq52y8u0,,0,18,18,Section_7,EndSurvey,2024-09-23 22:33:28.022845,1,,,0.0,,,,,,,,,,,,,,vjx2fex2,,,,,0,1.0,https://app.prolific.com/submissions/complete?cc=C1BTHULB,0.0,Experiment_1_Persistence,209,,0.0,66bfe0399234dfb60f062a44,1,1,209,,0.0,B,C,D,C,C,C,A,C,B,D,BCDCCCACBD,0.1,0,0.0,1,1,209,,0.0,noisy,random,negative,Pass,black,50,1,1,Fail Box,1,1,209,,0.0,D,B,A,C,B,D,A,B,C,B,DBACBDABCB,0.9,Non-STEM Track,,0,0.0,1,1,1,209,,0.0,R,R,R,R,R,R,C,C,C,C,C,RRRRRRCCCCC,1,1,209,,0.0,0,1,0,0,0,0,0,0,0,I felt like it paid more and would be easier to take.,I studied marketing and business plus psychology,The math in the beginning was very difficult but I tried to use logic.  After that it was easier. ,Non-STEM Track,1,1,,,,,,,,,,,,,,,,,,,,,,,,,,,,,,,,,,,,,,,,,,,,,,,,,,,,,,,,,,,,,,,,,,,,,,,,,,,,,,,,,,,,,,,,,,,,,,,,,,,,,,,,,,,,,,,,,,,,,,,,,,,,,,,,,,,,,,,,,,,,,,,,,,,,,,,,,,,,,,,,,,,,,,,,,,,,,,,,,,,,,,,,,,,,,,,,,,,,,,,,,,,,,,,,,,,,,,,,,,,,,,,,,,,,,,,,,,,,,,,,,,,,,,,,,,,,,,,,,,,,,,,,,,,,,,,,,,,,,,,,,,,,,,,,,,,,,,,,,,,,,,,,,,,,,,,,,,,
210,r9ff4k59,,0,18,18,Section_7,EndSurvey,2024-09-23 22:33:32.143030,1,,,0.0,,,,,,,,,,,,,,vjx2fex2,,,,,0,1.0,https://app.prolific.com/submissions/complete?cc=C1BTHULB,0.0,Experiment_1_Persistence,210,,0.0,65df9d5343e99a2a5c605481,1,1,210,,0.0,B,A,B,B,B,B,D,C,C,C,BABBBBDCCC,0.7,0,0.0,1,1,210,,0.0,noisy,random,ground,Pass,black,10,1,1,Pass Box,1,1,210,,0.0,D,B,A,C,B,D,A,B,C,D,DBACBDABCD,1.0,Non-STEM Track,,0,0.0,1,1,1,210,,0.0,R,R,R,R,R,C,C,C,C,C,C,RRRRRCCCCCC,1,1,210,,0.0,0,0,1,0,0,0,0,0,0,If the second set of questions on the Stem track were like the first set then I knew I would not get any correct. Math has never been a strong subject for me,"Language arts and History were my best subjects but I studied psychology as well. I have worked in Retail, Early childhood Education and Art fields",No problems or issues with the study. The first set of questions were a little stressful since I am not proficient at math but the second set were not stressful at all. Good study. Thank you for the opportunity to participate. ,Non-STEM Track,1,1,,,,,,,,,,,,,,,,,,,,,,,,,,,,,,,,,,,,,,,,,,,,,,,,,,,,,,,,,,,,,,,,,,,,,,,,,,,,,,,,,,,,,,,,,,,,,,,,,,,,,,,,,,,,,,,,,,,,,,,,,,,,,,,,,,,,,,,,,,,,,,,,,,,,,,,,,,,,,,,,,,,,,,,,,,,,,,,,,,,,,,,,,,,,,,,,,,,,,,,,,,,,,,,,,,,,,,,,,,,,,,,,,,,,,,,,,,,,,,,,,,,,,,,,,,,,,,,,,,,,,,,,,,,,,,,,,,,,,,,,,,,,,,,,,,,,,,,,,,,,,,,,,,,,,,,,,,,
211,lbjfpa8t,,0,18,18,Section_7,EndSurvey,2024-09-23 22:33:37.925288,1,,,0.0,,,,,,,,,,,,,,vjx2fex2,,,,,0,1.0,https://app.prolific.com/submissions/complete?cc=C1BTHULB,0.0,Experiment_1_Persistence,211,,0.0,5fcc103fb2ab80a01f32f7ae,1,1,211,,0.0,C,B,A,D,B,A,A,C,B,A,CBADBAACBA,0.2,0,0.0,1,1,211,,0.0,noisy,random,ground,Pass,red,5,1,0,Pass Box,1,1,211,,0.0,D,B,A,C,B,D,A,B,C,D,DBACBDABCD,1.0,Non-STEM Track,,0,0.0,0,1,1,211,,0.0,R,C,C,C,C,C,C,C,C,C,C,RCCCCCCCCCC,1,1,211,,0.0,0,0,1,0,0,0,0,0,0,I did not know how to solve any of the problems for the STEM-Track.,"English, Personal Finance,  Science (Medical field-Lab) ","I had a great experience throughout the process, and I realize just how much I have fallen behind mathematically, when I once used to love the subject. ",Non-STEM Track,1,1,,,,,,,,,,,,,,,,,,,,,,,,,,,,,,,,,,,,,,,,,,,,,,,,,,,,,,,,,,,,,,,,,,,,,,,,,,,,,,,,,,,,,,,,,,,,,,,,,,,,,,,,,,,,,,,,,,,,,,,,,,,,,,,,,,,,,,,,,,,,,,,,,,,,,,,,,,,,,,,,,,,,,,,,,,,,,,,,,,,,,,,,,,,,,,,,,,,,,,,,,,,,,,,,,,,,,,,,,,,,,,,,,,,,,,,,,,,,,,,,,,,,,,,,,,,,,,,,,,,,,,,,,,,,,,,,,,,,,,,,,,,,,,,,,,,,,,,,,,,,,,,,,,,,,,,,,,,
212,jurrjn3t,,0,18,18,Section_7,EndSurvey,2024-09-23 22:33:44.103833,1,,,0.0,,,,,,,,,,,,,,vjx2fex2,,,,,0,1.0,https://app.prolific.com/submissions/complete?cc=C1BTHULB,0.0,Experiment_1_Persistence,212,,0.0,665f40291c9963a714680998,1,1,212,,0.0,B,B,B,A,A,C,B,A,A,A,BBBAACBAAA,0.0,1,0.908,1,1,212,,0.0,noisy,random,ground,Fail,red,10,2,5,Fail Box,1,1,212,,0.0,B,B,D,C,B,B,D,C,B,B,BBDCBBDCBB,0.2,STEM Track,,0,0.0,5,1,1,212,,0.0,R,R,R,R,C,C,C,C,C,C,C,RRRRCCCCCCC,1,1,212,,0.0,0,0,1,0,0,0,0,0,0,No particular reason. ,"intermediate algebra, college algebra, business calculus, statistics ","I forgot most of the math. However, I did the best I could from the top of my head. A calculator would have been great. I was not expecting the game to be math questions. ",STEM Track,1,1,,,,,,,,,,,,,,,,,,,,,,,,,,,,,,,,,,,,,,,,,,,,,,,,,,,,,,,,,,,,,,,,,,,,,,,,,,,,,,,,,,,,,,,,,,,,,,,,,,,,,,,,,,,,,,,,,,,,,,,,,,,,,,,,,,,,,,,,,,,,,,,,,,,,,,,,,,,,,,,,,,,,,,,,,,,,,,,,,,,,,,,,,,,,,,,,,,,,,,,,,,,,,,,,,,,,,,,,,,,,,,,,,,,,,,,,,,,,,,,,,,,,,,,,,,,,,,,,,,,,,,,,,,,,,,,,,,,,,,,,,,,,,,,,,,,,,,,,,,,,,,,,,,,,,,,,,,,
213,snwbmt6e,,0,18,18,Section_7,EndSurvey,2024-09-23 22:33:50.608659,1,,,0.0,,,,,,,,,,,,,,vjx2fex2,,,,,0,1.0,https://app.prolific.com/submissions/complete?cc=C1BTHULB,0.0,Experiment_1_Persistence,213,,0.0,66584691d91f52fc76105ab8,1,1,213,,0.0,,,,,,,,,,,,0.0,0,0.0,1,1,213,,0.0,noisy,random,negative,Fail,red,70,5,7,Fail Box,1,1,213,,0.0,,,,,,,,,,,,0.0,STEM Track,,0,0.0,7,1,1,213,,0.0,R,R,R,R,C,C,C,C,C,C,C,RRRRCCCCCCC,1,1,213,,0.0,1,0,0,0,0,0,0,0,0,"In school, I focused on subjects like mathematics, physics, computer science, and engineering. These subjects provided a strong foundation in analytical thinking and problem-solving. As for industries, I’ve worked in various sectors including technology, finance, healthcare, and education, applying my skills to develop solutions, analyze data, and improve processes","I studied mathematics, physics, computer science, and engineering, which helped me develop strong analytical and problem-solving skills.",,STEM Track,1,1,,,,,,,,,,,,,,,,,,,,,,,,,,,,,,,,,,,,,,,,,,,,,,,,,,,,,,,,,,,,,,,,,,,,,,,,,,,,,,,,,,,,,,,,,,,,,,,,,,,,,,,,,,,,,,,,,,,,,,,,,,,,,,,,,,,,,,,,,,,,,,,,,,,,,,,,,,,,,,,,,,,,,,,,,,,,,,,,,,,,,,,,,,,,,,,,,,,,,,,,,,,,,,,,,,,,,,,,,,,,,,,,,,,,,,,,,,,,,,,,,,,,,,,,,,,,,,,,,,,,,,,,,,,,,,,,,,,,,,,,,,,,,,,,,,,,,,,,,,,,,,,,,,,,,,,,,,,
214,kbuoetc9,,0,18,18,Section_7,EndSurvey,2024-09-23 22:33:54.114154,1,,,0.0,,,,,,,,,,,,,,vjx2fex2,,,,,0,1.0,https://app.prolific.com/submissions/complete?cc=C1BTHULB,0.0,Experiment_1_Persistence,214,,0.0,56fdff4ee0f9ff000f19c466,1,1,214,,0.0,D,A,D,A,D,A,B,B,,,DADADABB,0.1,0,0.0,1,1,214,,0.0,noisy,random,positive,Fail,red,10,3,5,Not Sure,1,1,214,,0.0,D,B,A,C,B,D,A,B,C,D,DBACBDABCD,1.0,Non-STEM Track,,0,0.0,5,1,1,214,,0.0,R,R,R,R,R,R,R,C,C,C,C,RRRRRRRCCCC,1,1,214,,0.0,0,0,1,0,0,0,0,0,0,I’m 78 years old.  I don’t remember any of that math or geometry!,"Liberal arts.  Publishing, research, art business ","Remembering how much I liked trig and geometry and how well I did, but couldn’t “get” calculus.",Non-STEM Track,1,1,,,,,,,,,,,,,,,,,,,,,,,,,,,,,,,,,,,,,,,,,,,,,,,,,,,,,,,,,,,,,,,,,,,,,,,,,,,,,,,,,,,,,,,,,,,,,,,,,,,,,,,,,,,,,,,,,,,,,,,,,,,,,,,,,,,,,,,,,,,,,,,,,,,,,,,,,,,,,,,,,,,,,,,,,,,,,,,,,,,,,,,,,,,,,,,,,,,,,,,,,,,,,,,,,,,,,,,,,,,,,,,,,,,,,,,,,,,,,,,,,,,,,,,,,,,,,,,,,,,,,,,,,,,,,,,,,,,,,,,,,,,,,,,,,,,,,,,,,,,,,,,,,,,,,,,,,,,
215,zykz4i8g,,0,18,18,Section_7,EndSurvey,2024-09-23 22:34:01.973613,1,,,0.0,,,,,,,,,,,,,,vjx2fex2,,,,,0,1.0,https://app.prolific.com/submissions/complete?cc=C1BTHULB,0.0,Experiment_1_Persistence,215,,0.0,5eb6b8ee9351615bd9d99fde,1,1,215,,0.0,C,A,A,D,C,C,D,A,B,C,CAADCCDABC,0.2,0,0.0,1,1,215,,0.0,noisy,random,negative,Fail,red,30,5,5,Fail Box,1,1,215,,0.0,D,B,A,C,B,D,A,B,C,D,DBACBDABCD,1.0,Non-STEM Track,,0,0.0,5,1,1,215,,0.0,R,R,R,R,R,C,C,C,C,C,C,RRRRRCCCCCC,1,1,215,,0.0,1,0,0,0,0,0,0,0,0,because I'm horrible at math,"English Literature and Speech Communications. I've worked in broadcast journalism, public relations, writing and editing.",unpleasant math!!,Non-STEM Track,1,1,,,,,,,,,,,,,,,,,,,,,,,,,,,,,,,,,,,,,,,,,,,,,,,,,,,,,,,,,,,,,,,,,,,,,,,,,,,,,,,,,,,,,,,,,,,,,,,,,,,,,,,,,,,,,,,,,,,,,,,,,,,,,,,,,,,,,,,,,,,,,,,,,,,,,,,,,,,,,,,,,,,,,,,,,,,,,,,,,,,,,,,,,,,,,,,,,,,,,,,,,,,,,,,,,,,,,,,,,,,,,,,,,,,,,,,,,,,,,,,,,,,,,,,,,,,,,,,,,,,,,,,,,,,,,,,,,,,,,,,,,,,,,,,,,,,,,,,,,,,,,,,,,,,,,,,,,,,
216,4juysa66,,0,18,18,Section_7,EndSurvey,2024-09-23 22:34:09.492969,1,,,0.0,,,,,,,,,,,,,,vjx2fex2,,,,,0,1.0,https://app.prolific.com/submissions/complete?cc=C1BTHULB,0.0,Experiment_1_Persistence,216,,0.0,5e057a776e8aabf9f3b8686c,1,1,216,,0.0,D,C,D,C,B,C,D,C,A,B,DCDCBCDCAB,0.4,2,2.89,1,1,216,,0.0,noisy,random,negative,Pass,red,20,3,3,Pass Box,1,1,216,,0.0,D,B,A,C,B,D,A,B,C,D,DBACBDABCD,1.0,Non-STEM Track,,1,4.227,3,1,1,216,,0.0,R,R,R,R,C,C,C,C,C,C,C,RRRRCCCCCCC,1,1,216,,0.0,0,0,1,0,0,0,0,0,0,I'm not a fan of math.,"I have a bachelor's in communications and I've mostly done blue collar work like warehousing, delivery driver, ect.",It was fine. The math questions were hard but math is not my strong suit.,Non-STEM Track,1,1,,,,,,,,,,,,,,,,,,,,,,,,,,,,,,,,,,,,,,,,,,,,,,,,,,,,,,,,,,,,,,,,,,,,,,,,,,,,,,,,,,,,,,,,,,,,,,,,,,,,,,,,,,,,,,,,,,,,,,,,,,,,,,,,,,,,,,,,,,,,,,,,,,,,,,,,,,,,,,,,,,,,,,,,,,,,,,,,,,,,,,,,,,,,,,,,,,,,,,,,,,,,,,,,,,,,,,,,,,,,,,,,,,,,,,,,,,,,,,,,,,,,,,,,,,,,,,,,,,,,,,,,,,,,,,,,,,,,,,,,,,,,,,,,,,,,,,,,,,,,,,,,,,,,,,,,,,,
217,tf91ujhv,,0,18,18,Section_7,EndSurvey,2024-09-23 22:34:29.822683,1,,,0.0,,,,,,,,,,,,,,vjx2fex2,,,,,0,1.0,https://app.prolific.com/submissions/complete?cc=C1BTHULB,0.0,Experiment_1_Persistence,217,,0.0,661da2368a7553e0d9e4c9e8,1,1,217,,0.0,A,A,D,B,B,B,D,C,B,B,AADBBBDCBB,0.8,0,0.0,1,1,217,,0.0,noisy,random,positive,Pass,red,80,7,5,Pass Box,1,1,217,,0.0,B,C,C,D,A,B,C,A,D,C,BCCDABCADC,0.6,STEM Track,,0,0.0,5,1,1,217,,0.0,R,R,R,R,R,R,R,R,C,C,C,RRRRRRRRCCC,1,1,217,,0.0,0,0,1,0,0,0,0,0,0,Because I like the challenges,"Math and Physics, Engineering",Good questions,STEM Track,1,1,,,,,,,,,,,,,,,,,,,,,,,,,,,,,,,,,,,,,,,,,,,,,,,,,,,,,,,,,,,,,,,,,,,,,,,,,,,,,,,,,,,,,,,,,,,,,,,,,,,,,,,,,,,,,,,,,,,,,,,,,,,,,,,,,,,,,,,,,,,,,,,,,,,,,,,,,,,,,,,,,,,,,,,,,,,,,,,,,,,,,,,,,,,,,,,,,,,,,,,,,,,,,,,,,,,,,,,,,,,,,,,,,,,,,,,,,,,,,,,,,,,,,,,,,,,,,,,,,,,,,,,,,,,,,,,,,,,,,,,,,,,,,,,,,,,,,,,,,,,,,,,,,,,,,,,,,,,
218,9ht0q7v3,,0,18,18,Section_7,EndSurvey,2024-09-23 22:34:35.974547,1,,,0.0,,,,,,,,,,,,,,vjx2fex2,,,,,0,1.0,https://app.prolific.com/submissions/complete?cc=C1BTHULB,0.0,Experiment_1_Persistence,218,,0.0,6293930a73a8649bd00fc052,1,1,218,,0.0,,,,,,,,,,,,0.0,0,0.0,1,1,218,,0.0,noisy,random,negative,Fail,red,50,3,8,Fail Box,1,1,218,,0.0,D,B,A,C,B,D,A,B,C,D,DBACBDABCD,1.0,Non-STEM Track,,0,0.0,8,1,1,218,,0.0,R,R,R,C,C,C,C,C,C,C,C,RRRCCCCCCCC,1,1,218,,0.0,0,0,1,0,0,0,0,0,0,I don't have calculator or scrap paper with me,Business and Communication,It was interesting.,Non-STEM Track,1,1,,,,,,,,,,,,,,,,,,,,,,,,,,,,,,,,,,,,,,,,,,,,,,,,,,,,,,,,,,,,,,,,,,,,,,,,,,,,,,,,,,,,,,,,,,,,,,,,,,,,,,,,,,,,,,,,,,,,,,,,,,,,,,,,,,,,,,,,,,,,,,,,,,,,,,,,,,,,,,,,,,,,,,,,,,,,,,,,,,,,,,,,,,,,,,,,,,,,,,,,,,,,,,,,,,,,,,,,,,,,,,,,,,,,,,,,,,,,,,,,,,,,,,,,,,,,,,,,,,,,,,,,,,,,,,,,,,,,,,,,,,,,,,,,,,,,,,,,,,,,,,,,,,,,,,,,,,,
219,gzogdw1b,,0,18,18,Section_7,EndSurvey,2024-09-23 22:34:46.078750,1,,,0.0,,,,,,,,,,,,,,vjx2fex2,,,,,0,1.0,https://app.prolific.com/submissions/complete?cc=C1BTHULB,0.0,Experiment_1_Persistence,219,,0.0,63d7a8a2591096e22405d64a,1,1,219,,0.0,D,C,B,D,B,C,B,C,A,C,DCBDBCBCAC,0.2,0,0.0,1,1,219,,0.0,noisy,random,negative,Pass,red,20,2,2,Fail Box,1,1,219,,0.0,D,B,A,C,B,D,A,C,C,D,DBACBDACCD,0.9,Non-STEM Track,,0,0.0,2,1,1,219,,0.0,R,R,R,R,R,R,R,R,R,R,R,RRRRRRRRRRR,1,1,219,,0.0,0,0,1,0,0,0,0,0,0,Gut feeling,Electrical,Good,Non-STEM Track,1,1,,,,,,,,,,,,,,,,,,,,,,,,,,,,,,,,,,,,,,,,,,,,,,,,,,,,,,,,,,,,,,,,,,,,,,,,,,,,,,,,,,,,,,,,,,,,,,,,,,,,,,,,,,,,,,,,,,,,,,,,,,,,,,,,,,,,,,,,,,,,,,,,,,,,,,,,,,,,,,,,,,,,,,,,,,,,,,,,,,,,,,,,,,,,,,,,,,,,,,,,,,,,,,,,,,,,,,,,,,,,,,,,,,,,,,,,,,,,,,,,,,,,,,,,,,,,,,,,,,,,,,,,,,,,,,,,,,,,,,,,,,,,,,,,,,,,,,,,,,,,,,,,,,,,,,,,,,,
220,nl20874z,,0,4,18,Section_1,Conclusion,2024-09-23 22:34:55.323864,1,,,0.0,,,,,,,,,,,,,,vjx2fex2,,,,,0,1.0,https://app.prolific.com/submissions/complete?cc=C1BTHULB,0.0,Experiment_1_Persistence,220,,0.0,5632410fca59f6000b795a70,1,1,220,,0.0,,,,,,,,,,,,0.0,0,0.0,1,1,220,,0.0,,,,,,,,,,1,1,220,,0.0,,,,,,,,,,,,,,,,,,1,1,220,,0.0,,,,,,,,,,,,,1,1,220,,0.0,0,0,0,0,0,0,0,0,0,,,,,1,1,,,,,,,,,,,,,,,,,,,,,,,,,,,,,,,,,,,,,,,,,,,,,,,,,,,,,,,,,,,,,,,,,,,,,,,,,,,,,,,,,,,,,,,,,,,,,,,,,,,,,,,,,,,,,,,,,,,,,,,,,,,,,,,,,,,,,,,,,,,,,,,,,,,,,,,,,,,,,,,,,,,,,,,,,,,,,,,,,,,,,,,,,,,,,,,,,,,,,,,,,,,,,,,,,,,,,,,,,,,,,,,,,,,,,,,,,,,,,,,,,,,,,,,,,,,,,,,,,,,,,,,,,,,,,,,,,,,,,,,,,,,,,,,,,,,,,,,,,,,,,,,,,,,,,,,,,,,
221,p691un1m,,0,18,18,Section_7,EndSurvey,2024-09-23 22:34:56.950640,1,,,0.0,,,,,,,,,,,,,,vjx2fex2,,,,,0,1.0,https://app.prolific.com/submissions/complete?cc=C1BTHULB,0.0,Experiment_1_Persistence,221,,0.0,6295270587394aac7ce600db,1,1,221,,0.0,D,C,B,B,B,D,B,C,D,C,DCBBBDBCDC,0.3,0,0.0,1,1,221,,0.0,noisy,random,negative,Pass,black,15,1,3,Pass Box,1,1,221,,0.0,B,C,B,C,A,D,C,C,D,B,BCBCADCCDB,0.4,STEM Track,,0,0.0,3,1,1,221,,0.0,R,R,R,R,R,C,C,C,C,C,C,RRRRRCCCCCC,1,1,221,,0.0,0,0,1,0,0,0,0,0,0,I've studied some STEM and truly appreciate STEM for what it presents and offers our society.,"Social sciences, drafting/mechanical engineering.  Worked as a firefighter/paramedic for 42 years.","  typical math questions.  Some a little difficult, some fairly easy.",STEM Track,1,1,,,,,,,,,,,,,,,,,,,,,,,,,,,,,,,,,,,,,,,,,,,,,,,,,,,,,,,,,,,,,,,,,,,,,,,,,,,,,,,,,,,,,,,,,,,,,,,,,,,,,,,,,,,,,,,,,,,,,,,,,,,,,,,,,,,,,,,,,,,,,,,,,,,,,,,,,,,,,,,,,,,,,,,,,,,,,,,,,,,,,,,,,,,,,,,,,,,,,,,,,,,,,,,,,,,,,,,,,,,,,,,,,,,,,,,,,,,,,,,,,,,,,,,,,,,,,,,,,,,,,,,,,,,,,,,,,,,,,,,,,,,,,,,,,,,,,,,,,,,,,,,,,,,,,,,,,,,
222,ltsgiaua,,0,18,18,Section_7,EndSurvey,2024-09-23 22:35:28.906251,1,,,0.0,,,,,,,,,,,,,,vjx2fex2,,,,,0,1.0,https://app.prolific.com/submissions/complete?cc=C1BTHULB,0.0,Experiment_1_Persistence,222,,0.0,6696a09af9b87146ed63a43b,1,1,222,,0.0,B,B,B,B,B,B,D,B,B,B,BBBBBBDBBB,0.5,0,0.0,1,1,222,,0.0,noisy,random,negative,Pass,black,60,2,2,Pass Box,1,1,222,,0.0,B,B,A,B,A,D,C,A,B,C,BBABADCABC,0.7,STEM Track,,0,0.0,2,1,1,222,,0.0,R,R,R,R,R,C,C,C,C,C,C,RRRRRCCCCCC,1,1,222,,0.0,0,0,1,0,0,0,0,0,0,I like math and am better than average at it,I only have a HS diploma,Many questions were too hard for me but I could answer some,STEM Track,1,1,,,,,,,,,,,,,,,,,,,,,,,,,,,,,,,,,,,,,,,,,,,,,,,,,,,,,,,,,,,,,,,,,,,,,,,,,,,,,,,,,,,,,,,,,,,,,,,,,,,,,,,,,,,,,,,,,,,,,,,,,,,,,,,,,,,,,,,,,,,,,,,,,,,,,,,,,,,,,,,,,,,,,,,,,,,,,,,,,,,,,,,,,,,,,,,,,,,,,,,,,,,,,,,,,,,,,,,,,,,,,,,,,,,,,,,,,,,,,,,,,,,,,,,,,,,,,,,,,,,,,,,,,,,,,,,,,,,,,,,,,,,,,,,,,,,,,,,,,,,,,,,,,,,,,,,,,,,
223,owieoxob,,0,18,18,Section_7,EndSurvey,2024-09-23 22:36:11.719227,1,,,0.0,,,,,,,,,,,,,,vjx2fex2,,,,,0,1.0,https://app.prolific.com/submissions/complete?cc=C1BTHULB,0.0,Experiment_1_Persistence,223,,0.0,5d563cb2e1e744001613275b,1,1,223,,0.0,B,C,B,D,B,D,A,B,B,B,BCBDBDABBB,0.2,21,49.327,1,1,223,,0.0,noisy,random,positive,Fail,red,55,2,4,Fail Box,1,1,223,,0.0,D,B,A,C,B,D,A,B,C,B,DBACBDABCB,0.9,Non-STEM Track,,5,39.204,4,1,1,223,,0.0,R,R,R,C,C,C,C,C,C,C,C,RRRCCCCCCCC,1,1,223,,0.0,0,0,1,0,0,0,0,0,0,Because the stem felt difficult to answer. ,Business and psychology ,It was fun and challenging so thank you,Non-STEM Track,1,1,,,,,,,,,,,,,,,,,,,,,,,,,,,,,,,,,,,,,,,,,,,,,,,,,,,,,,,,,,,,,,,,,,,,,,,,,,,,,,,,,,,,,,,,,,,,,,,,,,,,,,,,,,,,,,,,,,,,,,,,,,,,,,,,,,,,,,,,,,,,,,,,,,,,,,,,,,,,,,,,,,,,,,,,,,,,,,,,,,,,,,,,,,,,,,,,,,,,,,,,,,,,,,,,,,,,,,,,,,,,,,,,,,,,,,,,,,,,,,,,,,,,,,,,,,,,,,,,,,,,,,,,,,,,,,,,,,,,,,,,,,,,,,,,,,,,,,,,,,,,,,,,,,,,,,,,,,,
224,kjrvhwh0,,0,18,18,Section_7,EndSurvey,2024-09-23 22:36:11.964227,1,,,0.0,,,,,,,,,,,,,,vjx2fex2,,,,,0,1.0,https://app.prolific.com/submissions/complete?cc=C1BTHULB,0.0,Experiment_1_Persistence,224,,0.0,5b15307351caaf0001228d9b,1,1,224,,0.0,B,B,D,B,A,C,A,B,C,A,BBDBACABCA,0.2,0,0.0,1,1,224,,0.0,noisy,random,negative,Pass,black,6,0,0,Pass Box,1,1,224,,0.0,D,B,A,C,B,D,A,B,C,D,DBACBDABCD,1.0,Non-STEM Track,,0,0.0,0,1,1,224,,0.0,R,R,R,C,C,C,C,C,C,C,C,RRRCCCCCCCC,1,1,224,,0.0,0,0,1,0,0,0,0,0,0,because i just know that I did terrible at the math problems,pre health occupations ,i have no feedback and it was a great study,Non-STEM Track,1,1,,,,,,,,,,,,,,,,,,,,,,,,,,,,,,,,,,,,,,,,,,,,,,,,,,,,,,,,,,,,,,,,,,,,,,,,,,,,,,,,,,,,,,,,,,,,,,,,,,,,,,,,,,,,,,,,,,,,,,,,,,,,,,,,,,,,,,,,,,,,,,,,,,,,,,,,,,,,,,,,,,,,,,,,,,,,,,,,,,,,,,,,,,,,,,,,,,,,,,,,,,,,,,,,,,,,,,,,,,,,,,,,,,,,,,,,,,,,,,,,,,,,,,,,,,,,,,,,,,,,,,,,,,,,,,,,,,,,,,,,,,,,,,,,,,,,,,,,,,,,,,,,,,,,,,,,,,,
225,exys583v,,0,18,18,Section_7,EndSurvey,2024-09-23 22:37:19.775664,1,,,0.0,,,,,,,,,,,,,,vjx2fex2,,,,,0,1.0,https://app.prolific.com/submissions/complete?cc=C1BTHULB,0.0,Experiment_1_Persistence,225,,0.0,5ec7fea63ef2412a6490af23,1,1,225,,0.0,C,D,B,A,B,B,A,C,A,D,CDBABBACAD,0.3,1,1.314,1,1,225,,0.0,noisy,random,negative,Fail,red,25,2,6,Fail Box,1,1,225,,0.0,D,B,A,C,B,B,A,B,C,D,DBACBBABCD,0.9,Non-STEM Track,,0,0.0,6,1,1,225,,0.0,R,R,R,R,R,R,R,C,C,C,C,RRRRRRRCCCC,1,1,225,,0.0,1,0,0,0,0,0,0,0,0,"Because I knew the STEM track was my weaker option, as I am not skilled in that area.","Literature, English, Music and Science",My experience was great.,Non-STEM Track,1,1,,,,,,,,,,,,,,,,,,,,,,,,,,,,,,,,,,,,,,,,,,,,,,,,,,,,,,,,,,,,,,,,,,,,,,,,,,,,,,,,,,,,,,,,,,,,,,,,,,,,,,,,,,,,,,,,,,,,,,,,,,,,,,,,,,,,,,,,,,,,,,,,,,,,,,,,,,,,,,,,,,,,,,,,,,,,,,,,,,,,,,,,,,,,,,,,,,,,,,,,,,,,,,,,,,,,,,,,,,,,,,,,,,,,,,,,,,,,,,,,,,,,,,,,,,,,,,,,,,,,,,,,,,,,,,,,,,,,,,,,,,,,,,,,,,,,,,,,,,,,,,,,,,,,,,,,,,,
226,zzucqpv0,,0,18,18,Section_7,EndSurvey,2024-09-23 22:37:44.095830,1,,,0.0,,,,,,,,,,,,,,vjx2fex2,,,,,0,1.0,https://app.prolific.com/submissions/complete?cc=C1BTHULB,0.0,Experiment_1_Persistence,226,,0.0,65ca2ec600378cd37f9a60cb,1,1,226,,0.0,A,A,C,C,B,B,B,C,C,A,AACCBBBCCA,0.7,0,0.0,1,1,226,,0.0,noisy,random,negative,Pass,red,40,4,3,Fail Box,1,1,226,,0.0,D,B,A,C,B,A,A,D,C,C,DBACBAADCC,0.7,Non-STEM Track,,1,1.967,3,1,1,226,,0.0,R,R,R,C,C,C,C,C,C,C,C,RRRCCCCCCCC,1,1,226,,0.0,0,0,1,0,0,0,0,0,0,I felt that I could be more confident in the non-stem track question since it won't be math-heavy.,I am currently studying Computer Science which is ironic since it's a STEM degree.,The experience throughout this process has been pretty smooth so far.,Non-STEM Track,1,1,,,,,,,,,,,,,,,,,,,,,,,,,,,,,,,,,,,,,,,,,,,,,,,,,,,,,,,,,,,,,,,,,,,,,,,,,,,,,,,,,,,,,,,,,,,,,,,,,,,,,,,,,,,,,,,,,,,,,,,,,,,,,,,,,,,,,,,,,,,,,,,,,,,,,,,,,,,,,,,,,,,,,,,,,,,,,,,,,,,,,,,,,,,,,,,,,,,,,,,,,,,,,,,,,,,,,,,,,,,,,,,,,,,,,,,,,,,,,,,,,,,,,,,,,,,,,,,,,,,,,,,,,,,,,,,,,,,,,,,,,,,,,,,,,,,,,,,,,,,,,,,,,,,,,,,,,,,
227,rcrjl6q8,,0,18,18,Section_7,EndSurvey,2024-09-23 22:38:20.175860,1,,,0.0,,,,,,,,,,,,,,vjx2fex2,,,,,0,1.0,https://app.prolific.com/submissions/complete?cc=C1BTHULB,0.0,Experiment_1_Persistence,227,,0.0,664f501445f6f63e6b86b503,1,1,227,,0.0,D,A,B,C,B,B,C,C,B,B,DABCBBCCBB,0.5,0,0.0,1,1,227,,0.0,noisy,random,positive,Pass,black,60,2,3,Pass Box,1,1,227,,0.0,D,B,A,C,B,D,A,B,C,D,DBACBDABCD,1.0,Non-STEM Track,,0,0.0,3,1,1,227,,0.0,R,R,R,R,R,R,C,C,C,C,C,RRRRRRCCCCC,1,1,227,,0.0,0,0,1,0,0,0,0,0,0,"My math skills are not fresh, and I figured I'd have a better chance.","Computer science, IT","The STEM was difficult, and the non-STEM was easy.",Non-STEM Track,1,1,,,,,,,,,,,,,,,,,,,,,,,,,,,,,,,,,,,,,,,,,,,,,,,,,,,,,,,,,,,,,,,,,,,,,,,,,,,,,,,,,,,,,,,,,,,,,,,,,,,,,,,,,,,,,,,,,,,,,,,,,,,,,,,,,,,,,,,,,,,,,,,,,,,,,,,,,,,,,,,,,,,,,,,,,,,,,,,,,,,,,,,,,,,,,,,,,,,,,,,,,,,,,,,,,,,,,,,,,,,,,,,,,,,,,,,,,,,,,,,,,,,,,,,,,,,,,,,,,,,,,,,,,,,,,,,,,,,,,,,,,,,,,,,,,,,,,,,,,,,,,,,,,,,,,,,,,,,
228,ceqaf8je,,0,18,18,Section_7,EndSurvey,2024-09-23 22:39:12.070905,1,,,0.0,,,,,,,,,,,,,,vjx2fex2,,,,,0,1.0,https://app.prolific.com/submissions/complete?cc=C1BTHULB,0.0,Experiment_1_Persistence,228,,0.0,5a99003d777df200015ff521,1,1,228,,0.0,D,D,A,C,A,D,C,B,A,C,DDACADCBAC,0.0,0,0.0,1,1,228,,0.0,noisy,random,positive,Fail,red,75,2,5,Fail Box,1,1,228,,0.0,D,B,A,C,B,A,A,B,C,D,DBACBAABCD,0.9,Non-STEM Track,,0,0.0,5,1,1,228,,0.0,R,R,R,R,C,C,C,C,C,C,C,RRRRCCCCCCC,1,1,228,,0.0,0,0,1,0,0,0,0,0,0,It wasn't easy to work through the math with the time limit given.,Biology,It was challenging. Thanks!,Non-STEM Track,1,1,,,,,,,,,,,,,,,,,,,,,,,,,,,,,,,,,,,,,,,,,,,,,,,,,,,,,,,,,,,,,,,,,,,,,,,,,,,,,,,,,,,,,,,,,,,,,,,,,,,,,,,,,,,,,,,,,,,,,,,,,,,,,,,,,,,,,,,,,,,,,,,,,,,,,,,,,,,,,,,,,,,,,,,,,,,,,,,,,,,,,,,,,,,,,,,,,,,,,,,,,,,,,,,,,,,,,,,,,,,,,,,,,,,,,,,,,,,,,,,,,,,,,,,,,,,,,,,,,,,,,,,,,,,,,,,,,,,,,,,,,,,,,,,,,,,,,,,,,,,,,,,,,,,,,,,,,,,
229,b6q512ww,,0,18,18,Section_7,EndSurvey,2024-09-23 22:39:25.559479,1,,,0.0,,,,,,,,,,,,,,vjx2fex2,,,,,0,1.0,https://app.prolific.com/submissions/complete?cc=C1BTHULB,0.0,Experiment_1_Persistence,229,,0.0,65ad6297656f207f663725af,1,1,229,,0.0,D,A,B,C,B,C,B,B,C,C,DABCBCBBCC,0.3,1,3.439,1,1,229,,0.0,noisy,random,negative,Pass,black,0,0,0,Fail Box,1,1,229,,0.0,D,B,A,C,B,D,A,B,C,D,DBACBDABCD,1.0,Non-STEM Track,,0,0.0,0,1,1,229,,0.0,R,R,R,R,R,R,R,R,R,R,R,RRRRRRRRRRR,1,1,229,,0.0,0,0,1,0,0,0,0,0,0,I do not recall math. ,"political science, criminal justice and psychology",No feedback,Non-STEM Track,1,1,,,,,,,,,,,,,,,,,,,,,,,,,,,,,,,,,,,,,,,,,,,,,,,,,,,,,,,,,,,,,,,,,,,,,,,,,,,,,,,,,,,,,,,,,,,,,,,,,,,,,,,,,,,,,,,,,,,,,,,,,,,,,,,,,,,,,,,,,,,,,,,,,,,,,,,,,,,,,,,,,,,,,,,,,,,,,,,,,,,,,,,,,,,,,,,,,,,,,,,,,,,,,,,,,,,,,,,,,,,,,,,,,,,,,,,,,,,,,,,,,,,,,,,,,,,,,,,,,,,,,,,,,,,,,,,,,,,,,,,,,,,,,,,,,,,,,,,,,,,,,,,,,,,,,,,,,,,
230,v7u3ed7b,,0,18,18,Section_7,EndSurvey,2024-09-23 22:39:32.963831,1,,,0.0,,,,,,,,,,,,,,vjx2fex2,,,,,0,1.0,https://app.prolific.com/submissions/complete?cc=C1BTHULB,0.0,Experiment_1_Persistence,230,,0.0,653ef86a871abcbdfdaefc23,1,1,230,,0.0,B,A,B,B,C,B,A,C,C,B,BABBCBACCB,0.6,0,0.0,1,1,230,,0.0,noisy,random,negative,Pass,red,50,7,6,Pass Box,1,1,230,,0.0,D,B,A,C,B,D,B,B,B,C,DBACBDBBBC,0.7,Non-STEM Track,,0,0.0,6,1,1,230,,0.0,R,R,R,R,R,R,C,C,C,C,C,RRRRRRCCCCC,1,1,230,,0.0,0,0,1,0,0,0,0,0,0,,,,Non-STEM Track,1,1,,,,,,,,,,,,,,,,,,,,,,,,,,,,,,,,,,,,,,,,,,,,,,,,,,,,,,,,,,,,,,,,,,,,,,,,,,,,,,,,,,,,,,,,,,,,,,,,,,,,,,,,,,,,,,,,,,,,,,,,,,,,,,,,,,,,,,,,,,,,,,,,,,,,,,,,,,,,,,,,,,,,,,,,,,,,,,,,,,,,,,,,,,,,,,,,,,,,,,,,,,,,,,,,,,,,,,,,,,,,,,,,,,,,,,,,,,,,,,,,,,,,,,,,,,,,,,,,,,,,,,,,,,,,,,,,,,,,,,,,,,,,,,,,,,,,,,,,,,,,,,,,,,,,,,,,,,,
231,5bqh0l19,,0,18,18,Section_7,EndSurvey,2024-09-23 22:40:20.146814,1,,,0.0,,,,,,,,,,,,,,vjx2fex2,,,,,0,1.0,https://app.prolific.com/submissions/complete?cc=C1BTHULB,0.0,Experiment_1_Persistence,231,,0.0,6581b7c4798415297872c04d,1,1,231,,0.0,D,A,B,C,C,B,D,A,C,B,DABCCBDACB,0.5,0,0.0,1,1,231,,0.0,noisy,random,negative,Pass,red,28,3,4,Fail Box,1,1,231,,0.0,B,B,B,B,A,B,C,A,B,B,BBBBABCABB,0.5,STEM Track,,0,0.0,4,1,1,231,,0.0,R,R,R,R,R,C,C,C,C,C,C,RRRRRCCCCCC,1,1,231,,0.0,0,0,1,0,0,0,0,0,0,I enjoy answering math problems to the best of my ability,Finance and sales,"It was a fun process. Some was math I knew, other problems involved math long forgotten. ",STEM Track,1,1,,,,,,,,,,,,,,,,,,,,,,,,,,,,,,,,,,,,,,,,,,,,,,,,,,,,,,,,,,,,,,,,,,,,,,,,,,,,,,,,,,,,,,,,,,,,,,,,,,,,,,,,,,,,,,,,,,,,,,,,,,,,,,,,,,,,,,,,,,,,,,,,,,,,,,,,,,,,,,,,,,,,,,,,,,,,,,,,,,,,,,,,,,,,,,,,,,,,,,,,,,,,,,,,,,,,,,,,,,,,,,,,,,,,,,,,,,,,,,,,,,,,,,,,,,,,,,,,,,,,,,,,,,,,,,,,,,,,,,,,,,,,,,,,,,,,,,,,,,,,,,,,,,,,,,,,,,,
232,zexw1vod,,0,18,18,Section_7,EndSurvey,2024-09-23 22:42:08.011870,1,,,0.0,,,,,,,,,,,,,,vjx2fex2,,,,,0,1.0,https://app.prolific.com/submissions/complete?cc=C1BTHULB,0.0,Experiment_1_Persistence,232,,0.0,631ab96a9f27876b9e4fe4c0,1,1,232,,0.0,A,A,A,B,B,B,D,C,B,B,AAABBBDCBB,0.8,0,0.0,1,1,232,,0.0,noisy,random,negative,Pass,black,85,8,7,Pass Box,1,1,232,,0.0,D,B,A,C,B,D,A,B,C,A,DBACBDABCA,0.9,Non-STEM Track,,0,0.0,7,1,1,232,,0.0,R,R,R,R,R,R,R,C,C,C,C,RRRRRRRCCCC,1,1,232,,0.0,0,0,1,0,0,0,0,0,0,"There are some math questions that I don't really remember the process of how to solve and for those questions I just have to guess, whereas for the non-stem track there's a higher chance I can use context clues to get the right answer. So I felt like I could get more questions right in the non-STEM track than hoping I either get at least 7 math questions I remember how to solve or that I guess well enough. ",My major is chemistry and I am pre-pharmacy so most of my course work revolves around chemistry and biology with a bit of math and physics. I have worked in food service industries and as a pharmacy technician. ,I thought it was a fun and enjoyable study. ,Non-STEM Track,1,1,,,,,,,,,,,,,,,,,,,,,,,,,,,,,,,,,,,,,,,,,,,,,,,,,,,,,,,,,,,,,,,,,,,,,,,,,,,,,,,,,,,,,,,,,,,,,,,,,,,,,,,,,,,,,,,,,,,,,,,,,,,,,,,,,,,,,,,,,,,,,,,,,,,,,,,,,,,,,,,,,,,,,,,,,,,,,,,,,,,,,,,,,,,,,,,,,,,,,,,,,,,,,,,,,,,,,,,,,,,,,,,,,,,,,,,,,,,,,,,,,,,,,,,,,,,,,,,,,,,,,,,,,,,,,,,,,,,,,,,,,,,,,,,,,,,,,,,,,,,,,,,,,,,,,,,,,,,
233,f1mlwrdk,,0,18,18,Section_7,EndSurvey,2024-09-23 22:45:39.794441,1,,,0.0,,,,,,,,,,,,,,vjx2fex2,,,,,0,1.0,https://app.prolific.com/submissions/complete?cc=C1BTHULB,0.0,Experiment_1_Persistence,233,,0.0,65c69497ab503bf918ddd5b7,1,1,233,,0.0,A,D,B,C,C,B,B,C,C,A,ADBCCBBCCA,0.4,0,0.0,1,1,233,,0.0,noisy,random,ground,Pass,red,0,2,3,Pass Box,1,1,233,,0.0,B,B,A,C,B,D,A,A,C,A,BBACBDAACA,0.7,Non-STEM Track,,0,0.0,3,1,1,233,,0.0,R,R,R,R,R,R,R,R,C,C,C,RRRRRRRRCCC,1,1,233,,0.0,1,0,0,0,0,0,0,0,0,my instinct told me to  choose it ,Accounting and i am an accountant ,no,Non-STEM Track,1,1,,,,,,,,,,,,,,,,,,,,,,,,,,,,,,,,,,,,,,,,,,,,,,,,,,,,,,,,,,,,,,,,,,,,,,,,,,,,,,,,,,,,,,,,,,,,,,,,,,,,,,,,,,,,,,,,,,,,,,,,,,,,,,,,,,,,,,,,,,,,,,,,,,,,,,,,,,,,,,,,,,,,,,,,,,,,,,,,,,,,,,,,,,,,,,,,,,,,,,,,,,,,,,,,,,,,,,,,,,,,,,,,,,,,,,,,,,,,,,,,,,,,,,,,,,,,,,,,,,,,,,,,,,,,,,,,,,,,,,,,,,,,,,,,,,,,,,,,,,,,,,,,,,,,,,,,,,,
234,r0h7yety,,0,4,18,Section_1,Conclusion,2024-09-23 23:15:34.437605,1,,,0.0,,,,,,,,,,,,,,vjx2fex2,,,,,0,1.0,https://app.prolific.com/submissions/complete?cc=C1BTHULB,0.0,Experiment_1_Persistence,234,,0.0,6677d6717517a30156ec9a88,1,1,234,,0.0,,,,,,,,,,,,0.0,0,0.0,1,1,234,,0.0,,,,,,,,,,1,1,234,,0.0,,,,,,,,,,,,,,,,,,1,1,234,,0.0,,,,,,,,,,,,,1,1,234,,0.0,0,0,0,0,0,0,0,0,0,,,,,1,1,,,,,,,,,,,,,,,,,,,,,,,,,,,,,,,,,,,,,,,,,,,,,,,,,,,,,,,,,,,,,,,,,,,,,,,,,,,,,,,,,,,,,,,,,,,,,,,,,,,,,,,,,,,,,,,,,,,,,,,,,,,,,,,,,,,,,,,,,,,,,,,,,,,,,,,,,,,,,,,,,,,,,,,,,,,,,,,,,,,,,,,,,,,,,,,,,,,,,,,,,,,,,,,,,,,,,,,,,,,,,,,,,,,,,,,,,,,,,,,,,,,,,,,,,,,,,,,,,,,,,,,,,,,,,,,,,,,,,,,,,,,,,,,,,,,,,,,,,,,,,,,,,,,,,,,,,,,
235,jfpmldy0,,0,18,18,Section_7,EndSurvey,2024-09-23 23:18:08.652912,1,,,0.0,,,,,,,,,,,,,,vjx2fex2,,,,,0,1.0,https://app.prolific.com/submissions/complete?cc=C1BTHULB,0.0,Experiment_1_Persistence,235,,0.0,60ccf8699102ef793a8fd37c,1,1,235,,0.0,A,A,B,C,D,A,A,B,C,A,AABCDAABCA,0.3,0,0.0,1,1,235,,0.0,noisy,random,negative,Fail,red,40,4,5,Pass Box,1,1,235,,0.0,D,B,A,C,B,D,A,B,C,D,DBACBDABCD,1.0,Non-STEM Track,,0,0.0,5,1,1,235,,0.0,R,R,R,C,C,C,C,C,C,C,C,RRRCCCCCCCC,1,1,235,,0.0,0,0,1,0,0,0,0,0,0,"While I work in a STEM-adjacent field, I still struggle with algebraic formulas especially when timed. ","Psychology, biology, philosophy.","It was a little stressful, but enjoyable!",Non-STEM Track,1,1,,,,,,,,,,,,,,,,,,,,,,,,,,,,,,,,,,,,,,,,,,,,,,,,,,,,,,,,,,,,,,,,,,,,,,,,,,,,,,,,,,,,,,,,,,,,,,,,,,,,,,,,,,,,,,,,,,,,,,,,,,,,,,,,,,,,,,,,,,,,,,,,,,,,,,,,,,,,,,,,,,,,,,,,,,,,,,,,,,,,,,,,,,,,,,,,,,,,,,,,,,,,,,,,,,,,,,,,,,,,,,,,,,,,,,,,,,,,,,,,,,,,,,,,,,,,,,,,,,,,,,,,,,,,,,,,,,,,,,,,,,,,,,,,,,,,,,,,,,,,,,,,,,,,,,,,,,,
236,t1vnaw3b,,0,0,18,,,,0,,,0.0,,,,,,,,,,,,,,vjx2fex2,,,,,0,1.0,https://app.prolific.com/submissions/complete?cc=C1BTHULB,0.0,Experiment_1_Persistence,236,,0.0,,1,1,236,,0.0,,,,,,,,,,,,,,,1,1,236,,0.0,,,,,,,,,,1,1,236,,0.0,,,,,,,,,,,,,,,,,,1,1,236,,0.0,,,,,,,,,,,,,1,1,236,,0.0,0,0,0,0,0,0,0,0,0,,,,,1,1,,,,,,,,,,,,,,,,,,,,,,,,,,,,,,,,,,,,,,,,,,,,,,,,,,,,,,,,,,,,,,,,,,,,,,,,,,,,,,,,,,,,,,,,,,,,,,,,,,,,,,,,,,,,,,,,,,,,,,,,,,,,,,,,,,,,,,,,,,,,,,,,,,,,,,,,,,,,,,,,,,,,,,,,,,,,,,,,,,,,,,,,,,,,,,,,,,,,,,,,,,,,,,,,,,,,,,,,,,,,,,,,,,,,,,,,,,,,,,,,,,,,,,,,,,,,,,,,,,,,,,,,,,,,,,,,,,,,,,,,,,,,,,,,,,,,,,,,,,,,,,,,,,,,,,,,,,,
237,7gbt8ej3,,0,0,18,,,,0,,,0.0,,,,,,,,,,,,,,vjx2fex2,,,,,0,1.0,https://app.prolific.com/submissions/complete?cc=C1BTHULB,0.0,Experiment_1_Persistence,237,,0.0,,1,1,237,,0.0,,,,,,,,,,,,,,,1,1,237,,0.0,,,,,,,,,,1,1,237,,0.0,,,,,,,,,,,,,,,,,,1,1,237,,0.0,,,,,,,,,,,,,1,1,237,,0.0,0,0,0,0,0,0,0,0,0,,,,,1,1,,,,,,,,,,,,,,,,,,,,,,,,,,,,,,,,,,,,,,,,,,,,,,,,,,,,,,,,,,,,,,,,,,,,,,,,,,,,,,,,,,,,,,,,,,,,,,,,,,,,,,,,,,,,,,,,,,,,,,,,,,,,,,,,,,,,,,,,,,,,,,,,,,,,,,,,,,,,,,,,,,,,,,,,,,,,,,,,,,,,,,,,,,,,,,,,,,,,,,,,,,,,,,,,,,,,,,,,,,,,,,,,,,,,,,,,,,,,,,,,,,,,,,,,,,,,,,,,,,,,,,,,,,,,,,,,,,,,,,,,,,,,,,,,,,,,,,,,,,,,,,,,,,,,,,,,,,,
238,953fhop1,,0,0,18,,,,0,,,0.0,,,,,,,,,,,,,,vjx2fex2,,,,,0,1.0,https://app.prolific.com/submissions/complete?cc=C1BTHULB,0.0,Experiment_1_Persistence,238,,0.0,,1,1,238,,0.0,,,,,,,,,,,,,,,1,1,238,,0.0,,,,,,,,,,1,1,238,,0.0,,,,,,,,,,,,,,,,,,1,1,238,,0.0,,,,,,,,,,,,,1,1,238,,0.0,0,0,0,0,0,0,0,0,0,,,,,1,1,,,,,,,,,,,,,,,,,,,,,,,,,,,,,,,,,,,,,,,,,,,,,,,,,,,,,,,,,,,,,,,,,,,,,,,,,,,,,,,,,,,,,,,,,,,,,,,,,,,,,,,,,,,,,,,,,,,,,,,,,,,,,,,,,,,,,,,,,,,,,,,,,,,,,,,,,,,,,,,,,,,,,,,,,,,,,,,,,,,,,,,,,,,,,,,,,,,,,,,,,,,,,,,,,,,,,,,,,,,,,,,,,,,,,,,,,,,,,,,,,,,,,,,,,,,,,,,,,,,,,,,,,,,,,,,,,,,,,,,,,,,,,,,,,,,,,,,,,,,,,,,,,,,,,,,,,,,
239,uikew3z6,,0,0,18,,,,0,,,0.0,,,,,,,,,,,,,,vjx2fex2,,,,,0,1.0,https://app.prolific.com/submissions/complete?cc=C1BTHULB,0.0,Experiment_1_Persistence,239,,0.0,,1,1,239,,0.0,,,,,,,,,,,,,,,1,1,239,,0.0,,,,,,,,,,1,1,239,,0.0,,,,,,,,,,,,,,,,,,1,1,239,,0.0,,,,,,,,,,,,,1,1,239,,0.0,0,0,0,0,0,0,0,0,0,,,,,1,1,,,,,,,,,,,,,,,,,,,,,,,,,,,,,,,,,,,,,,,,,,,,,,,,,,,,,,,,,,,,,,,,,,,,,,,,,,,,,,,,,,,,,,,,,,,,,,,,,,,,,,,,,,,,,,,,,,,,,,,,,,,,,,,,,,,,,,,,,,,,,,,,,,,,,,,,,,,,,,,,,,,,,,,,,,,,,,,,,,,,,,,,,,,,,,,,,,,,,,,,,,,,,,,,,,,,,,,,,,,,,,,,,,,,,,,,,,,,,,,,,,,,,,,,,,,,,,,,,,,,,,,,,,,,,,,,,,,,,,,,,,,,,,,,,,,,,,,,,,,,,,,,,,,,,,,,,,,
240,ljrpnwri,,0,0,18,,,,0,,,0.0,,,,,,,,,,,,,,vjx2fex2,,,,,0,1.0,https://app.prolific.com/submissions/complete?cc=C1BTHULB,0.0,Experiment_1_Persistence,240,,0.0,,1,1,240,,0.0,,,,,,,,,,,,,,,1,1,240,,0.0,,,,,,,,,,1,1,240,,0.0,,,,,,,,,,,,,,,,,,1,1,240,,0.0,,,,,,,,,,,,,1,1,240,,0.0,0,0,0,0,0,0,0,0,0,,,,,1,1,,,,,,,,,,,,,,,,,,,,,,,,,,,,,,,,,,,,,,,,,,,,,,,,,,,,,,,,,,,,,,,,,,,,,,,,,,,,,,,,,,,,,,,,,,,,,,,,,,,,,,,,,,,,,,,,,,,,,,,,,,,,,,,,,,,,,,,,,,,,,,,,,,,,,,,,,,,,,,,,,,,,,,,,,,,,,,,,,,,,,,,,,,,,,,,,,,,,,,,,,,,,,,,,,,,,,,,,,,,,,,,,,,,,,,,,,,,,,,,,,,,,,,,,,,,,,,,,,,,,,,,,,,,,,,,,,,,,,,,,,,,,,,,,,,,,,,,,,,,,,,,,,,,,,,,,,,,
241,h7a7zoir,,0,0,18,,,,0,,,0.0,,,,,,,,,,,,,,vjx2fex2,,,,,0,1.0,https://app.prolific.com/submissions/complete?cc=C1BTHULB,0.0,Experiment_1_Persistence,241,,0.0,,1,1,241,,0.0,,,,,,,,,,,,,,,1,1,241,,0.0,,,,,,,,,,1,1,241,,0.0,,,,,,,,,,,,,,,,,,1,1,241,,0.0,,,,,,,,,,,,,1,1,241,,0.0,0,0,0,0,0,0,0,0,0,,,,,1,1,,,,,,,,,,,,,,,,,,,,,,,,,,,,,,,,,,,,,,,,,,,,,,,,,,,,,,,,,,,,,,,,,,,,,,,,,,,,,,,,,,,,,,,,,,,,,,,,,,,,,,,,,,,,,,,,,,,,,,,,,,,,,,,,,,,,,,,,,,,,,,,,,,,,,,,,,,,,,,,,,,,,,,,,,,,,,,,,,,,,,,,,,,,,,,,,,,,,,,,,,,,,,,,,,,,,,,,,,,,,,,,,,,,,,,,,,,,,,,,,,,,,,,,,,,,,,,,,,,,,,,,,,,,,,,,,,,,,,,,,,,,,,,,,,,,,,,,,,,,,,,,,,,,,,,,,,,,
242,yazb8jx5,,0,0,18,,,,0,,,0.0,,,,,,,,,,,,,,vjx2fex2,,,,,0,1.0,https://app.prolific.com/submissions/complete?cc=C1BTHULB,0.0,Experiment_1_Persistence,242,,0.0,,1,1,242,,0.0,,,,,,,,,,,,,,,1,1,242,,0.0,,,,,,,,,,1,1,242,,0.0,,,,,,,,,,,,,,,,,,1,1,242,,0.0,,,,,,,,,,,,,1,1,242,,0.0,0,0,0,0,0,0,0,0,0,,,,,1,1,,,,,,,,,,,,,,,,,,,,,,,,,,,,,,,,,,,,,,,,,,,,,,,,,,,,,,,,,,,,,,,,,,,,,,,,,,,,,,,,,,,,,,,,,,,,,,,,,,,,,,,,,,,,,,,,,,,,,,,,,,,,,,,,,,,,,,,,,,,,,,,,,,,,,,,,,,,,,,,,,,,,,,,,,,,,,,,,,,,,,,,,,,,,,,,,,,,,,,,,,,,,,,,,,,,,,,,,,,,,,,,,,,,,,,,,,,,,,,,,,,,,,,,,,,,,,,,,,,,,,,,,,,,,,,,,,,,,,,,,,,,,,,,,,,,,,,,,,,,,,,,,,,,,,,,,,,,
243,d624j498,,0,0,18,,,,0,,,0.0,,,,,,,,,,,,,,vjx2fex2,,,,,0,1.0,https://app.prolific.com/submissions/complete?cc=C1BTHULB,0.0,Experiment_1_Persistence,243,,0.0,,1,1,243,,0.0,,,,,,,,,,,,,,,1,1,243,,0.0,,,,,,,,,,1,1,243,,0.0,,,,,,,,,,,,,,,,,,1,1,243,,0.0,,,,,,,,,,,,,1,1,243,,0.0,0,0,0,0,0,0,0,0,0,,,,,1,1,,,,,,,,,,,,,,,,,,,,,,,,,,,,,,,,,,,,,,,,,,,,,,,,,,,,,,,,,,,,,,,,,,,,,,,,,,,,,,,,,,,,,,,,,,,,,,,,,,,,,,,,,,,,,,,,,,,,,,,,,,,,,,,,,,,,,,,,,,,,,,,,,,,,,,,,,,,,,,,,,,,,,,,,,,,,,,,,,,,,,,,,,,,,,,,,,,,,,,,,,,,,,,,,,,,,,,,,,,,,,,,,,,,,,,,,,,,,,,,,,,,,,,,,,,,,,,,,,,,,,,,,,,,,,,,,,,,,,,,,,,,,,,,,,,,,,,,,,,,,,,,,,,,,,,,,,,,
244,6c1qibik,,0,0,18,,,,0,,,0.0,,,,,,,,,,,,,,vjx2fex2,,,,,0,1.0,https://app.prolific.com/submissions/complete?cc=C1BTHULB,0.0,Experiment_1_Persistence,244,,0.0,,1,1,244,,0.0,,,,,,,,,,,,,,,1,1,244,,0.0,,,,,,,,,,1,1,244,,0.0,,,,,,,,,,,,,,,,,,1,1,244,,0.0,,,,,,,,,,,,,1,1,244,,0.0,0,0,0,0,0,0,0,0,0,,,,,1,1,,,,,,,,,,,,,,,,,,,,,,,,,,,,,,,,,,,,,,,,,,,,,,,,,,,,,,,,,,,,,,,,,,,,,,,,,,,,,,,,,,,,,,,,,,,,,,,,,,,,,,,,,,,,,,,,,,,,,,,,,,,,,,,,,,,,,,,,,,,,,,,,,,,,,,,,,,,,,,,,,,,,,,,,,,,,,,,,,,,,,,,,,,,,,,,,,,,,,,,,,,,,,,,,,,,,,,,,,,,,,,,,,,,,,,,,,,,,,,,,,,,,,,,,,,,,,,,,,,,,,,,,,,,,,,,,,,,,,,,,,,,,,,,,,,,,,,,,,,,,,,,,,,,,,,,,,,,
245,axf2ccpe,,0,0,18,,,,0,,,0.0,,,,,,,,,,,,,,vjx2fex2,,,,,0,1.0,https://app.prolific.com/submissions/complete?cc=C1BTHULB,0.0,Experiment_1_Persistence,245,,0.0,,1,1,245,,0.0,,,,,,,,,,,,,,,1,1,245,,0.0,,,,,,,,,,1,1,245,,0.0,,,,,,,,,,,,,,,,,,1,1,245,,0.0,,,,,,,,,,,,,1,1,245,,0.0,0,0,0,0,0,0,0,0,0,,,,,1,1,,,,,,,,,,,,,,,,,,,,,,,,,,,,,,,,,,,,,,,,,,,,,,,,,,,,,,,,,,,,,,,,,,,,,,,,,,,,,,,,,,,,,,,,,,,,,,,,,,,,,,,,,,,,,,,,,,,,,,,,,,,,,,,,,,,,,,,,,,,,,,,,,,,,,,,,,,,,,,,,,,,,,,,,,,,,,,,,,,,,,,,,,,,,,,,,,,,,,,,,,,,,,,,,,,,,,,,,,,,,,,,,,,,,,,,,,,,,,,,,,,,,,,,,,,,,,,,,,,,,,,,,,,,,,,,,,,,,,,,,,,,,,,,,,,,,,,,,,,,,,,,,,,,,,,,,,,,
246,mo29ch1u,,0,0,18,,,,0,,,0.0,,,,,,,,,,,,,,vjx2fex2,,,,,0,1.0,https://app.prolific.com/submissions/complete?cc=C1BTHULB,0.0,Experiment_1_Persistence,246,,0.0,,1,1,246,,0.0,,,,,,,,,,,,,,,1,1,246,,0.0,,,,,,,,,,1,1,246,,0.0,,,,,,,,,,,,,,,,,,1,1,246,,0.0,,,,,,,,,,,,,1,1,246,,0.0,0,0,0,0,0,0,0,0,0,,,,,1,1,,,,,,,,,,,,,,,,,,,,,,,,,,,,,,,,,,,,,,,,,,,,,,,,,,,,,,,,,,,,,,,,,,,,,,,,,,,,,,,,,,,,,,,,,,,,,,,,,,,,,,,,,,,,,,,,,,,,,,,,,,,,,,,,,,,,,,,,,,,,,,,,,,,,,,,,,,,,,,,,,,,,,,,,,,,,,,,,,,,,,,,,,,,,,,,,,,,,,,,,,,,,,,,,,,,,,,,,,,,,,,,,,,,,,,,,,,,,,,,,,,,,,,,,,,,,,,,,,,,,,,,,,,,,,,,,,,,,,,,,,,,,,,,,,,,,,,,,,,,,,,,,,,,,,,,,,,,
247,nix2lbod,,0,0,18,,,,0,,,0.0,,,,,,,,,,,,,,vjx2fex2,,,,,0,1.0,https://app.prolific.com/submissions/complete?cc=C1BTHULB,0.0,Experiment_1_Persistence,247,,0.0,,1,1,247,,0.0,,,,,,,,,,,,,,,1,1,247,,0.0,,,,,,,,,,1,1,247,,0.0,,,,,,,,,,,,,,,,,,1,1,247,,0.0,,,,,,,,,,,,,1,1,247,,0.0,0,0,0,0,0,0,0,0,0,,,,,1,1,,,,,,,,,,,,,,,,,,,,,,,,,,,,,,,,,,,,,,,,,,,,,,,,,,,,,,,,,,,,,,,,,,,,,,,,,,,,,,,,,,,,,,,,,,,,,,,,,,,,,,,,,,,,,,,,,,,,,,,,,,,,,,,,,,,,,,,,,,,,,,,,,,,,,,,,,,,,,,,,,,,,,,,,,,,,,,,,,,,,,,,,,,,,,,,,,,,,,,,,,,,,,,,,,,,,,,,,,,,,,,,,,,,,,,,,,,,,,,,,,,,,,,,,,,,,,,,,,,,,,,,,,,,,,,,,,,,,,,,,,,,,,,,,,,,,,,,,,,,,,,,,,,,,,,,,,,,
248,355lc6zg,,0,0,18,,,,0,,,0.0,,,,,,,,,,,,,,vjx2fex2,,,,,0,1.0,https://app.prolific.com/submissions/complete?cc=C1BTHULB,0.0,Experiment_1_Persistence,248,,0.0,,1,1,248,,0.0,,,,,,,,,,,,,,,1,1,248,,0.0,,,,,,,,,,1,1,248,,0.0,,,,,,,,,,,,,,,,,,1,1,248,,0.0,,,,,,,,,,,,,1,1,248,,0.0,0,0,0,0,0,0,0,0,0,,,,,1,1,,,,,,,,,,,,,,,,,,,,,,,,,,,,,,,,,,,,,,,,,,,,,,,,,,,,,,,,,,,,,,,,,,,,,,,,,,,,,,,,,,,,,,,,,,,,,,,,,,,,,,,,,,,,,,,,,,,,,,,,,,,,,,,,,,,,,,,,,,,,,,,,,,,,,,,,,,,,,,,,,,,,,,,,,,,,,,,,,,,,,,,,,,,,,,,,,,,,,,,,,,,,,,,,,,,,,,,,,,,,,,,,,,,,,,,,,,,,,,,,,,,,,,,,,,,,,,,,,,,,,,,,,,,,,,,,,,,,,,,,,,,,,,,,,,,,,,,,,,,,,,,,,,,,,,,,,,,
249,vsfz9iew,,0,0,18,,,,0,,,0.0,,,,,,,,,,,,,,vjx2fex2,,,,,0,1.0,https://app.prolific.com/submissions/complete?cc=C1BTHULB,0.0,Experiment_1_Persistence,249,,0.0,,1,1,249,,0.0,,,,,,,,,,,,,,,1,1,249,,0.0,,,,,,,,,,1,1,249,,0.0,,,,,,,,,,,,,,,,,,1,1,249,,0.0,,,,,,,,,,,,,1,1,249,,0.0,0,0,0,0,0,0,0,0,0,,,,,1,1,,,,,,,,,,,,,,,,,,,,,,,,,,,,,,,,,,,,,,,,,,,,,,,,,,,,,,,,,,,,,,,,,,,,,,,,,,,,,,,,,,,,,,,,,,,,,,,,,,,,,,,,,,,,,,,,,,,,,,,,,,,,,,,,,,,,,,,,,,,,,,,,,,,,,,,,,,,,,,,,,,,,,,,,,,,,,,,,,,,,,,,,,,,,,,,,,,,,,,,,,,,,,,,,,,,,,,,,,,,,,,,,,,,,,,,,,,,,,,,,,,,,,,,,,,,,,,,,,,,,,,,,,,,,,,,,,,,,,,,,,,,,,,,,,,,,,,,,,,,,,,,,,,,,,,,,,,,
250,kmz6yjah,,0,0,18,,,,0,,,0.0,,,,,,,,,,,,,,vjx2fex2,,,,,0,1.0,https://app.prolific.com/submissions/complete?cc=C1BTHULB,0.0,Experiment_1_Persistence,250,,0.0,,1,1,250,,0.0,,,,,,,,,,,,,,,1,1,250,,0.0,,,,,,,,,,1,1,250,,0.0,,,,,,,,,,,,,,,,,,1,1,250,,0.0,,,,,,,,,,,,,1,1,250,,0.0,0,0,0,0,0,0,0,0,0,,,,,1,1,,,,,,,,,,,,,,,,,,,,,,,,,,,,,,,,,,,,,,,,,,,,,,,,,,,,,,,,,,,,,,,,,,,,,,,,,,,,,,,,,,,,,,,,,,,,,,,,,,,,,,,,,,,,,,,,,,,,,,,,,,,,,,,,,,,,,,,,,,,,,,,,,,,,,,,,,,,,,,,,,,,,,,,,,,,,,,,,,,,,,,,,,,,,,,,,,,,,,,,,,,,,,,,,,,,,,,,,,,,,,,,,,,,,,,,,,,,,,,,,,,,,,,,,,,,,,,,,,,,,,,,,,,,,,,,,,,,,,,,,,,,,,,,,,,,,,,,,,,,,,,,,,,,,,,,,,,,
251,732jmk15,,0,0,18,,,,0,,,0.0,,,,,,,,,,,,,,vjx2fex2,,,,,0,1.0,https://app.prolific.com/submissions/complete?cc=C1BTHULB,0.0,Experiment_1_Persistence,251,,0.0,,1,1,251,,0.0,,,,,,,,,,,,,,,1,1,251,,0.0,,,,,,,,,,1,1,251,,0.0,,,,,,,,,,,,,,,,,,1,1,251,,0.0,,,,,,,,,,,,,1,1,251,,0.0,0,0,0,0,0,0,0,0,0,,,,,1,1,,,,,,,,,,,,,,,,,,,,,,,,,,,,,,,,,,,,,,,,,,,,,,,,,,,,,,,,,,,,,,,,,,,,,,,,,,,,,,,,,,,,,,,,,,,,,,,,,,,,,,,,,,,,,,,,,,,,,,,,,,,,,,,,,,,,,,,,,,,,,,,,,,,,,,,,,,,,,,,,,,,,,,,,,,,,,,,,,,,,,,,,,,,,,,,,,,,,,,,,,,,,,,,,,,,,,,,,,,,,,,,,,,,,,,,,,,,,,,,,,,,,,,,,,,,,,,,,,,,,,,,,,,,,,,,,,,,,,,,,,,,,,,,,,,,,,,,,,,,,,,,,,,,,,,,,,,,
252,p9kdx10q,,0,0,18,,,,0,,,0.0,,,,,,,,,,,,,,vjx2fex2,,,,,0,1.0,https://app.prolific.com/submissions/complete?cc=C1BTHULB,0.0,Experiment_1_Persistence,252,,0.0,,1,1,252,,0.0,,,,,,,,,,,,,,,1,1,252,,0.0,,,,,,,,,,1,1,252,,0.0,,,,,,,,,,,,,,,,,,1,1,252,,0.0,,,,,,,,,,,,,1,1,252,,0.0,0,0,0,0,0,0,0,0,0,,,,,1,1,,,,,,,,,,,,,,,,,,,,,,,,,,,,,,,,,,,,,,,,,,,,,,,,,,,,,,,,,,,,,,,,,,,,,,,,,,,,,,,,,,,,,,,,,,,,,,,,,,,,,,,,,,,,,,,,,,,,,,,,,,,,,,,,,,,,,,,,,,,,,,,,,,,,,,,,,,,,,,,,,,,,,,,,,,,,,,,,,,,,,,,,,,,,,,,,,,,,,,,,,,,,,,,,,,,,,,,,,,,,,,,,,,,,,,,,,,,,,,,,,,,,,,,,,,,,,,,,,,,,,,,,,,,,,,,,,,,,,,,,,,,,,,,,,,,,,,,,,,,,,,,,,,,,,,,,,,,
253,q8lyyq5u,,0,0,18,,,,0,,,0.0,,,,,,,,,,,,,,vjx2fex2,,,,,0,1.0,https://app.prolific.com/submissions/complete?cc=C1BTHULB,0.0,Experiment_1_Persistence,253,,0.0,,1,1,253,,0.0,,,,,,,,,,,,,,,1,1,253,,0.0,,,,,,,,,,1,1,253,,0.0,,,,,,,,,,,,,,,,,,1,1,253,,0.0,,,,,,,,,,,,,1,1,253,,0.0,0,0,0,0,0,0,0,0,0,,,,,1,1,,,,,,,,,,,,,,,,,,,,,,,,,,,,,,,,,,,,,,,,,,,,,,,,,,,,,,,,,,,,,,,,,,,,,,,,,,,,,,,,,,,,,,,,,,,,,,,,,,,,,,,,,,,,,,,,,,,,,,,,,,,,,,,,,,,,,,,,,,,,,,,,,,,,,,,,,,,,,,,,,,,,,,,,,,,,,,,,,,,,,,,,,,,,,,,,,,,,,,,,,,,,,,,,,,,,,,,,,,,,,,,,,,,,,,,,,,,,,,,,,,,,,,,,,,,,,,,,,,,,,,,,,,,,,,,,,,,,,,,,,,,,,,,,,,,,,,,,,,,,,,,,,,,,,,,,,,,
254,h7swifnu,,0,0,18,,,,0,,,0.0,,,,,,,,,,,,,,vjx2fex2,,,,,0,1.0,https://app.prolific.com/submissions/complete?cc=C1BTHULB,0.0,Experiment_1_Persistence,254,,0.0,,1,1,254,,0.0,,,,,,,,,,,,,,,1,1,254,,0.0,,,,,,,,,,1,1,254,,0.0,,,,,,,,,,,,,,,,,,1,1,254,,0.0,,,,,,,,,,,,,1,1,254,,0.0,0,0,0,0,0,0,0,0,0,,,,,1,1,,,,,,,,,,,,,,,,,,,,,,,,,,,,,,,,,,,,,,,,,,,,,,,,,,,,,,,,,,,,,,,,,,,,,,,,,,,,,,,,,,,,,,,,,,,,,,,,,,,,,,,,,,,,,,,,,,,,,,,,,,,,,,,,,,,,,,,,,,,,,,,,,,,,,,,,,,,,,,,,,,,,,,,,,,,,,,,,,,,,,,,,,,,,,,,,,,,,,,,,,,,,,,,,,,,,,,,,,,,,,,,,,,,,,,,,,,,,,,,,,,,,,,,,,,,,,,,,,,,,,,,,,,,,,,,,,,,,,,,,,,,,,,,,,,,,,,,,,,,,,,,,,,,,,,,,,,,
255,c0n8wlib,,0,0,18,,,,0,,,0.0,,,,,,,,,,,,,,vjx2fex2,,,,,0,1.0,https://app.prolific.com/submissions/complete?cc=C1BTHULB,0.0,Experiment_1_Persistence,255,,0.0,,1,1,255,,0.0,,,,,,,,,,,,,,,1,1,255,,0.0,,,,,,,,,,1,1,255,,0.0,,,,,,,,,,,,,,,,,,1,1,255,,0.0,,,,,,,,,,,,,1,1,255,,0.0,0,0,0,0,0,0,0,0,0,,,,,1,1,,,,,,,,,,,,,,,,,,,,,,,,,,,,,,,,,,,,,,,,,,,,,,,,,,,,,,,,,,,,,,,,,,,,,,,,,,,,,,,,,,,,,,,,,,,,,,,,,,,,,,,,,,,,,,,,,,,,,,,,,,,,,,,,,,,,,,,,,,,,,,,,,,,,,,,,,,,,,,,,,,,,,,,,,,,,,,,,,,,,,,,,,,,,,,,,,,,,,,,,,,,,,,,,,,,,,,,,,,,,,,,,,,,,,,,,,,,,,,,,,,,,,,,,,,,,,,,,,,,,,,,,,,,,,,,,,,,,,,,,,,,,,,,,,,,,,,,,,,,,,,,,,,,,,,,,,,,
256,vqli01au,,0,0,18,,,,0,,,0.0,,,,,,,,,,,,,,vjx2fex2,,,,,0,1.0,https://app.prolific.com/submissions/complete?cc=C1BTHULB,0.0,Experiment_1_Persistence,256,,0.0,,1,1,256,,0.0,,,,,,,,,,,,,,,1,1,256,,0.0,,,,,,,,,,1,1,256,,0.0,,,,,,,,,,,,,,,,,,1,1,256,,0.0,,,,,,,,,,,,,1,1,256,,0.0,0,0,0,0,0,0,0,0,0,,,,,1,1,,,,,,,,,,,,,,,,,,,,,,,,,,,,,,,,,,,,,,,,,,,,,,,,,,,,,,,,,,,,,,,,,,,,,,,,,,,,,,,,,,,,,,,,,,,,,,,,,,,,,,,,,,,,,,,,,,,,,,,,,,,,,,,,,,,,,,,,,,,,,,,,,,,,,,,,,,,,,,,,,,,,,,,,,,,,,,,,,,,,,,,,,,,,,,,,,,,,,,,,,,,,,,,,,,,,,,,,,,,,,,,,,,,,,,,,,,,,,,,,,,,,,,,,,,,,,,,,,,,,,,,,,,,,,,,,,,,,,,,,,,,,,,,,,,,,,,,,,,,,,,,,,,,,,,,,,,,
257,bn45319k,,0,0,18,,,,0,,,0.0,,,,,,,,,,,,,,vjx2fex2,,,,,0,1.0,https://app.prolific.com/submissions/complete?cc=C1BTHULB,0.0,Experiment_1_Persistence,257,,0.0,,1,1,257,,0.0,,,,,,,,,,,,,,,1,1,257,,0.0,,,,,,,,,,1,1,257,,0.0,,,,,,,,,,,,,,,,,,1,1,257,,0.0,,,,,,,,,,,,,1,1,257,,0.0,0,0,0,0,0,0,0,0,0,,,,,1,1,,,,,,,,,,,,,,,,,,,,,,,,,,,,,,,,,,,,,,,,,,,,,,,,,,,,,,,,,,,,,,,,,,,,,,,,,,,,,,,,,,,,,,,,,,,,,,,,,,,,,,,,,,,,,,,,,,,,,,,,,,,,,,,,,,,,,,,,,,,,,,,,,,,,,,,,,,,,,,,,,,,,,,,,,,,,,,,,,,,,,,,,,,,,,,,,,,,,,,,,,,,,,,,,,,,,,,,,,,,,,,,,,,,,,,,,,,,,,,,,,,,,,,,,,,,,,,,,,,,,,,,,,,,,,,,,,,,,,,,,,,,,,,,,,,,,,,,,,,,,,,,,,,,,,,,,,,,
258,ie9f6qvw,,0,0,18,,,,0,,,0.0,,,,,,,,,,,,,,vjx2fex2,,,,,0,1.0,https://app.prolific.com/submissions/complete?cc=C1BTHULB,0.0,Experiment_1_Persistence,258,,0.0,,1,1,258,,0.0,,,,,,,,,,,,,,,1,1,258,,0.0,,,,,,,,,,1,1,258,,0.0,,,,,,,,,,,,,,,,,,1,1,258,,0.0,,,,,,,,,,,,,1,1,258,,0.0,0,0,0,0,0,0,0,0,0,,,,,1,1,,,,,,,,,,,,,,,,,,,,,,,,,,,,,,,,,,,,,,,,,,,,,,,,,,,,,,,,,,,,,,,,,,,,,,,,,,,,,,,,,,,,,,,,,,,,,,,,,,,,,,,,,,,,,,,,,,,,,,,,,,,,,,,,,,,,,,,,,,,,,,,,,,,,,,,,,,,,,,,,,,,,,,,,,,,,,,,,,,,,,,,,,,,,,,,,,,,,,,,,,,,,,,,,,,,,,,,,,,,,,,,,,,,,,,,,,,,,,,,,,,,,,,,,,,,,,,,,,,,,,,,,,,,,,,,,,,,,,,,,,,,,,,,,,,,,,,,,,,,,,,,,,,,,,,,,,,,
259,3s9w8dk5,,0,0,18,,,,0,,,0.0,,,,,,,,,,,,,,vjx2fex2,,,,,0,1.0,https://app.prolific.com/submissions/complete?cc=C1BTHULB,0.0,Experiment_1_Persistence,259,,0.0,,1,1,259,,0.0,,,,,,,,,,,,,,,1,1,259,,0.0,,,,,,,,,,1,1,259,,0.0,,,,,,,,,,,,,,,,,,1,1,259,,0.0,,,,,,,,,,,,,1,1,259,,0.0,0,0,0,0,0,0,0,0,0,,,,,1,1,,,,,,,,,,,,,,,,,,,,,,,,,,,,,,,,,,,,,,,,,,,,,,,,,,,,,,,,,,,,,,,,,,,,,,,,,,,,,,,,,,,,,,,,,,,,,,,,,,,,,,,,,,,,,,,,,,,,,,,,,,,,,,,,,,,,,,,,,,,,,,,,,,,,,,,,,,,,,,,,,,,,,,,,,,,,,,,,,,,,,,,,,,,,,,,,,,,,,,,,,,,,,,,,,,,,,,,,,,,,,,,,,,,,,,,,,,,,,,,,,,,,,,,,,,,,,,,,,,,,,,,,,,,,,,,,,,,,,,,,,,,,,,,,,,,,,,,,,,,,,,,,,,,,,,,,,,,
260,lqn6wt8b,,0,0,18,,,,0,,,0.0,,,,,,,,,,,,,,vjx2fex2,,,,,0,1.0,https://app.prolific.com/submissions/complete?cc=C1BTHULB,0.0,Experiment_1_Persistence,260,,0.0,,1,1,260,,0.0,,,,,,,,,,,,,,,1,1,260,,0.0,,,,,,,,,,1,1,260,,0.0,,,,,,,,,,,,,,,,,,1,1,260,,0.0,,,,,,,,,,,,,1,1,260,,0.0,0,0,0,0,0,0,0,0,0,,,,,1,1,,,,,,,,,,,,,,,,,,,,,,,,,,,,,,,,,,,,,,,,,,,,,,,,,,,,,,,,,,,,,,,,,,,,,,,,,,,,,,,,,,,,,,,,,,,,,,,,,,,,,,,,,,,,,,,,,,,,,,,,,,,,,,,,,,,,,,,,,,,,,,,,,,,,,,,,,,,,,,,,,,,,,,,,,,,,,,,,,,,,,,,,,,,,,,,,,,,,,,,,,,,,,,,,,,,,,,,,,,,,,,,,,,,,,,,,,,,,,,,,,,,,,,,,,,,,,,,,,,,,,,,,,,,,,,,,,,,,,,,,,,,,,,,,,,,,,,,,,,,,,,,,,,,,,,,,,,,
261,gkvbiu7x,,0,0,18,,,,0,,,0.0,,,,,,,,,,,,,,vjx2fex2,,,,,0,1.0,https://app.prolific.com/submissions/complete?cc=C1BTHULB,0.0,Experiment_1_Persistence,261,,0.0,,1,1,261,,0.0,,,,,,,,,,,,,,,1,1,261,,0.0,,,,,,,,,,1,1,261,,0.0,,,,,,,,,,,,,,,,,,1,1,261,,0.0,,,,,,,,,,,,,1,1,261,,0.0,0,0,0,0,0,0,0,0,0,,,,,1,1,,,,,,,,,,,,,,,,,,,,,,,,,,,,,,,,,,,,,,,,,,,,,,,,,,,,,,,,,,,,,,,,,,,,,,,,,,,,,,,,,,,,,,,,,,,,,,,,,,,,,,,,,,,,,,,,,,,,,,,,,,,,,,,,,,,,,,,,,,,,,,,,,,,,,,,,,,,,,,,,,,,,,,,,,,,,,,,,,,,,,,,,,,,,,,,,,,,,,,,,,,,,,,,,,,,,,,,,,,,,,,,,,,,,,,,,,,,,,,,,,,,,,,,,,,,,,,,,,,,,,,,,,,,,,,,,,,,,,,,,,,,,,,,,,,,,,,,,,,,,,,,,,,,,,,,,,,,
262,j4f2f214,,0,0,18,,,,0,,,0.0,,,,,,,,,,,,,,vjx2fex2,,,,,0,1.0,https://app.prolific.com/submissions/complete?cc=C1BTHULB,0.0,Experiment_1_Persistence,262,,0.0,,1,1,262,,0.0,,,,,,,,,,,,,,,1,1,262,,0.0,,,,,,,,,,1,1,262,,0.0,,,,,,,,,,,,,,,,,,1,1,262,,0.0,,,,,,,,,,,,,1,1,262,,0.0,0,0,0,0,0,0,0,0,0,,,,,1,1,,,,,,,,,,,,,,,,,,,,,,,,,,,,,,,,,,,,,,,,,,,,,,,,,,,,,,,,,,,,,,,,,,,,,,,,,,,,,,,,,,,,,,,,,,,,,,,,,,,,,,,,,,,,,,,,,,,,,,,,,,,,,,,,,,,,,,,,,,,,,,,,,,,,,,,,,,,,,,,,,,,,,,,,,,,,,,,,,,,,,,,,,,,,,,,,,,,,,,,,,,,,,,,,,,,,,,,,,,,,,,,,,,,,,,,,,,,,,,,,,,,,,,,,,,,,,,,,,,,,,,,,,,,,,,,,,,,,,,,,,,,,,,,,,,,,,,,,,,,,,,,,,,,,,,,,,,,
263,lt9h99s0,,0,0,18,,,,0,,,0.0,,,,,,,,,,,,,,vjx2fex2,,,,,0,1.0,https://app.prolific.com/submissions/complete?cc=C1BTHULB,0.0,Experiment_1_Persistence,263,,0.0,,1,1,263,,0.0,,,,,,,,,,,,,,,1,1,263,,0.0,,,,,,,,,,1,1,263,,0.0,,,,,,,,,,,,,,,,,,1,1,263,,0.0,,,,,,,,,,,,,1,1,263,,0.0,0,0,0,0,0,0,0,0,0,,,,,1,1,,,,,,,,,,,,,,,,,,,,,,,,,,,,,,,,,,,,,,,,,,,,,,,,,,,,,,,,,,,,,,,,,,,,,,,,,,,,,,,,,,,,,,,,,,,,,,,,,,,,,,,,,,,,,,,,,,,,,,,,,,,,,,,,,,,,,,,,,,,,,,,,,,,,,,,,,,,,,,,,,,,,,,,,,,,,,,,,,,,,,,,,,,,,,,,,,,,,,,,,,,,,,,,,,,,,,,,,,,,,,,,,,,,,,,,,,,,,,,,,,,,,,,,,,,,,,,,,,,,,,,,,,,,,,,,,,,,,,,,,,,,,,,,,,,,,,,,,,,,,,,,,,,,,,,,,,,,
264,tf1q1o9b,,0,0,18,,,,0,,,0.0,,,,,,,,,,,,,,vjx2fex2,,,,,0,1.0,https://app.prolific.com/submissions/complete?cc=C1BTHULB,0.0,Experiment_1_Persistence,264,,0.0,,1,1,264,,0.0,,,,,,,,,,,,,,,1,1,264,,0.0,,,,,,,,,,1,1,264,,0.0,,,,,,,,,,,,,,,,,,1,1,264,,0.0,,,,,,,,,,,,,1,1,264,,0.0,0,0,0,0,0,0,0,0,0,,,,,1,1,,,,,,,,,,,,,,,,,,,,,,,,,,,,,,,,,,,,,,,,,,,,,,,,,,,,,,,,,,,,,,,,,,,,,,,,,,,,,,,,,,,,,,,,,,,,,,,,,,,,,,,,,,,,,,,,,,,,,,,,,,,,,,,,,,,,,,,,,,,,,,,,,,,,,,,,,,,,,,,,,,,,,,,,,,,,,,,,,,,,,,,,,,,,,,,,,,,,,,,,,,,,,,,,,,,,,,,,,,,,,,,,,,,,,,,,,,,,,,,,,,,,,,,,,,,,,,,,,,,,,,,,,,,,,,,,,,,,,,,,,,,,,,,,,,,,,,,,,,,,,,,,,,,,,,,,,,,
265,4akhkjnq,,0,0,18,,,,0,,,0.0,,,,,,,,,,,,,,vjx2fex2,,,,,0,1.0,https://app.prolific.com/submissions/complete?cc=C1BTHULB,0.0,Experiment_1_Persistence,265,,0.0,,1,1,265,,0.0,,,,,,,,,,,,,,,1,1,265,,0.0,,,,,,,,,,1,1,265,,0.0,,,,,,,,,,,,,,,,,,1,1,265,,0.0,,,,,,,,,,,,,1,1,265,,0.0,0,0,0,0,0,0,0,0,0,,,,,1,1,,,,,,,,,,,,,,,,,,,,,,,,,,,,,,,,,,,,,,,,,,,,,,,,,,,,,,,,,,,,,,,,,,,,,,,,,,,,,,,,,,,,,,,,,,,,,,,,,,,,,,,,,,,,,,,,,,,,,,,,,,,,,,,,,,,,,,,,,,,,,,,,,,,,,,,,,,,,,,,,,,,,,,,,,,,,,,,,,,,,,,,,,,,,,,,,,,,,,,,,,,,,,,,,,,,,,,,,,,,,,,,,,,,,,,,,,,,,,,,,,,,,,,,,,,,,,,,,,,,,,,,,,,,,,,,,,,,,,,,,,,,,,,,,,,,,,,,,,,,,,,,,,,,,,,,,,,,
266,1d25fkdj,,0,0,18,,,,0,,,0.0,,,,,,,,,,,,,,vjx2fex2,,,,,0,1.0,https://app.prolific.com/submissions/complete?cc=C1BTHULB,0.0,Experiment_1_Persistence,266,,0.0,,1,1,266,,0.0,,,,,,,,,,,,,,,1,1,266,,0.0,,,,,,,,,,1,1,266,,0.0,,,,,,,,,,,,,,,,,,1,1,266,,0.0,,,,,,,,,,,,,1,1,266,,0.0,0,0,0,0,0,0,0,0,0,,,,,1,1,,,,,,,,,,,,,,,,,,,,,,,,,,,,,,,,,,,,,,,,,,,,,,,,,,,,,,,,,,,,,,,,,,,,,,,,,,,,,,,,,,,,,,,,,,,,,,,,,,,,,,,,,,,,,,,,,,,,,,,,,,,,,,,,,,,,,,,,,,,,,,,,,,,,,,,,,,,,,,,,,,,,,,,,,,,,,,,,,,,,,,,,,,,,,,,,,,,,,,,,,,,,,,,,,,,,,,,,,,,,,,,,,,,,,,,,,,,,,,,,,,,,,,,,,,,,,,,,,,,,,,,,,,,,,,,,,,,,,,,,,,,,,,,,,,,,,,,,,,,,,,,,,,,,,,,,,,,
267,rbbw393f,,0,0,18,,,,0,,,0.0,,,,,,,,,,,,,,vjx2fex2,,,,,0,1.0,https://app.prolific.com/submissions/complete?cc=C1BTHULB,0.0,Experiment_1_Persistence,267,,0.0,,1,1,267,,0.0,,,,,,,,,,,,,,,1,1,267,,0.0,,,,,,,,,,1,1,267,,0.0,,,,,,,,,,,,,,,,,,1,1,267,,0.0,,,,,,,,,,,,,1,1,267,,0.0,0,0,0,0,0,0,0,0,0,,,,,1,1,,,,,,,,,,,,,,,,,,,,,,,,,,,,,,,,,,,,,,,,,,,,,,,,,,,,,,,,,,,,,,,,,,,,,,,,,,,,,,,,,,,,,,,,,,,,,,,,,,,,,,,,,,,,,,,,,,,,,,,,,,,,,,,,,,,,,,,,,,,,,,,,,,,,,,,,,,,,,,,,,,,,,,,,,,,,,,,,,,,,,,,,,,,,,,,,,,,,,,,,,,,,,,,,,,,,,,,,,,,,,,,,,,,,,,,,,,,,,,,,,,,,,,,,,,,,,,,,,,,,,,,,,,,,,,,,,,,,,,,,,,,,,,,,,,,,,,,,,,,,,,,,,,,,,,,,,,,
268,zc8rdous,,0,0,18,,,,0,,,0.0,,,,,,,,,,,,,,vjx2fex2,,,,,0,1.0,https://app.prolific.com/submissions/complete?cc=C1BTHULB,0.0,Experiment_1_Persistence,268,,0.0,,1,1,268,,0.0,,,,,,,,,,,,,,,1,1,268,,0.0,,,,,,,,,,1,1,268,,0.0,,,,,,,,,,,,,,,,,,1,1,268,,0.0,,,,,,,,,,,,,1,1,268,,0.0,0,0,0,0,0,0,0,0,0,,,,,1,1,,,,,,,,,,,,,,,,,,,,,,,,,,,,,,,,,,,,,,,,,,,,,,,,,,,,,,,,,,,,,,,,,,,,,,,,,,,,,,,,,,,,,,,,,,,,,,,,,,,,,,,,,,,,,,,,,,,,,,,,,,,,,,,,,,,,,,,,,,,,,,,,,,,,,,,,,,,,,,,,,,,,,,,,,,,,,,,,,,,,,,,,,,,,,,,,,,,,,,,,,,,,,,,,,,,,,,,,,,,,,,,,,,,,,,,,,,,,,,,,,,,,,,,,,,,,,,,,,,,,,,,,,,,,,,,,,,,,,,,,,,,,,,,,,,,,,,,,,,,,,,,,,,,,,,,,,,,
269,ahy0yiz4,,0,0,18,,,,0,,,0.0,,,,,,,,,,,,,,vjx2fex2,,,,,0,1.0,https://app.prolific.com/submissions/complete?cc=C1BTHULB,0.0,Experiment_1_Persistence,269,,0.0,,1,1,269,,0.0,,,,,,,,,,,,,,,1,1,269,,0.0,,,,,,,,,,1,1,269,,0.0,,,,,,,,,,,,,,,,,,1,1,269,,0.0,,,,,,,,,,,,,1,1,269,,0.0,0,0,0,0,0,0,0,0,0,,,,,1,1,,,,,,,,,,,,,,,,,,,,,,,,,,,,,,,,,,,,,,,,,,,,,,,,,,,,,,,,,,,,,,,,,,,,,,,,,,,,,,,,,,,,,,,,,,,,,,,,,,,,,,,,,,,,,,,,,,,,,,,,,,,,,,,,,,,,,,,,,,,,,,,,,,,,,,,,,,,,,,,,,,,,,,,,,,,,,,,,,,,,,,,,,,,,,,,,,,,,,,,,,,,,,,,,,,,,,,,,,,,,,,,,,,,,,,,,,,,,,,,,,,,,,,,,,,,,,,,,,,,,,,,,,,,,,,,,,,,,,,,,,,,,,,,,,,,,,,,,,,,,,,,,,,,,,,,,,,,
270,18ge0pcx,,0,0,18,,,,0,,,0.0,,,,,,,,,,,,,,vjx2fex2,,,,,0,1.0,https://app.prolific.com/submissions/complete?cc=C1BTHULB,0.0,Experiment_1_Persistence,270,,0.0,,1,1,270,,0.0,,,,,,,,,,,,,,,1,1,270,,0.0,,,,,,,,,,1,1,270,,0.0,,,,,,,,,,,,,,,,,,1,1,270,,0.0,,,,,,,,,,,,,1,1,270,,0.0,0,0,0,0,0,0,0,0,0,,,,,1,1,,,,,,,,,,,,,,,,,,,,,,,,,,,,,,,,,,,,,,,,,,,,,,,,,,,,,,,,,,,,,,,,,,,,,,,,,,,,,,,,,,,,,,,,,,,,,,,,,,,,,,,,,,,,,,,,,,,,,,,,,,,,,,,,,,,,,,,,,,,,,,,,,,,,,,,,,,,,,,,,,,,,,,,,,,,,,,,,,,,,,,,,,,,,,,,,,,,,,,,,,,,,,,,,,,,,,,,,,,,,,,,,,,,,,,,,,,,,,,,,,,,,,,,,,,,,,,,,,,,,,,,,,,,,,,,,,,,,,,,,,,,,,,,,,,,,,,,,,,,,,,,,,,,,,,,,,,,
271,8vovin4a,,0,0,18,,,,0,,,0.0,,,,,,,,,,,,,,vjx2fex2,,,,,0,1.0,https://app.prolific.com/submissions/complete?cc=C1BTHULB,0.0,Experiment_1_Persistence,271,,0.0,,1,1,271,,0.0,,,,,,,,,,,,,,,1,1,271,,0.0,,,,,,,,,,1,1,271,,0.0,,,,,,,,,,,,,,,,,,1,1,271,,0.0,,,,,,,,,,,,,1,1,271,,0.0,0,0,0,0,0,0,0,0,0,,,,,1,1,,,,,,,,,,,,,,,,,,,,,,,,,,,,,,,,,,,,,,,,,,,,,,,,,,,,,,,,,,,,,,,,,,,,,,,,,,,,,,,,,,,,,,,,,,,,,,,,,,,,,,,,,,,,,,,,,,,,,,,,,,,,,,,,,,,,,,,,,,,,,,,,,,,,,,,,,,,,,,,,,,,,,,,,,,,,,,,,,,,,,,,,,,,,,,,,,,,,,,,,,,,,,,,,,,,,,,,,,,,,,,,,,,,,,,,,,,,,,,,,,,,,,,,,,,,,,,,,,,,,,,,,,,,,,,,,,,,,,,,,,,,,,,,,,,,,,,,,,,,,,,,,,,,,,,,,,,,
272,gm67gje5,,0,0,18,,,,0,,,0.0,,,,,,,,,,,,,,vjx2fex2,,,,,0,1.0,https://app.prolific.com/submissions/complete?cc=C1BTHULB,0.0,Experiment_1_Persistence,272,,0.0,,1,1,272,,0.0,,,,,,,,,,,,,,,1,1,272,,0.0,,,,,,,,,,1,1,272,,0.0,,,,,,,,,,,,,,,,,,1,1,272,,0.0,,,,,,,,,,,,,1,1,272,,0.0,0,0,0,0,0,0,0,0,0,,,,,1,1,,,,,,,,,,,,,,,,,,,,,,,,,,,,,,,,,,,,,,,,,,,,,,,,,,,,,,,,,,,,,,,,,,,,,,,,,,,,,,,,,,,,,,,,,,,,,,,,,,,,,,,,,,,,,,,,,,,,,,,,,,,,,,,,,,,,,,,,,,,,,,,,,,,,,,,,,,,,,,,,,,,,,,,,,,,,,,,,,,,,,,,,,,,,,,,,,,,,,,,,,,,,,,,,,,,,,,,,,,,,,,,,,,,,,,,,,,,,,,,,,,,,,,,,,,,,,,,,,,,,,,,,,,,,,,,,,,,,,,,,,,,,,,,,,,,,,,,,,,,,,,,,,,,,,,,,,,,
273,6q3q2j9h,,0,0,18,,,,0,,,0.0,,,,,,,,,,,,,,vjx2fex2,,,,,0,1.0,https://app.prolific.com/submissions/complete?cc=C1BTHULB,0.0,Experiment_1_Persistence,273,,0.0,,1,1,273,,0.0,,,,,,,,,,,,,,,1,1,273,,0.0,,,,,,,,,,1,1,273,,0.0,,,,,,,,,,,,,,,,,,1,1,273,,0.0,,,,,,,,,,,,,1,1,273,,0.0,0,0,0,0,0,0,0,0,0,,,,,1,1,,,,,,,,,,,,,,,,,,,,,,,,,,,,,,,,,,,,,,,,,,,,,,,,,,,,,,,,,,,,,,,,,,,,,,,,,,,,,,,,,,,,,,,,,,,,,,,,,,,,,,,,,,,,,,,,,,,,,,,,,,,,,,,,,,,,,,,,,,,,,,,,,,,,,,,,,,,,,,,,,,,,,,,,,,,,,,,,,,,,,,,,,,,,,,,,,,,,,,,,,,,,,,,,,,,,,,,,,,,,,,,,,,,,,,,,,,,,,,,,,,,,,,,,,,,,,,,,,,,,,,,,,,,,,,,,,,,,,,,,,,,,,,,,,,,,,,,,,,,,,,,,,,,,,,,,,,,
274,fouxepbd,,0,0,18,,,,0,,,0.0,,,,,,,,,,,,,,vjx2fex2,,,,,0,1.0,https://app.prolific.com/submissions/complete?cc=C1BTHULB,0.0,Experiment_1_Persistence,274,,0.0,,1,1,274,,0.0,,,,,,,,,,,,,,,1,1,274,,0.0,,,,,,,,,,1,1,274,,0.0,,,,,,,,,,,,,,,,,,1,1,274,,0.0,,,,,,,,,,,,,1,1,274,,0.0,0,0,0,0,0,0,0,0,0,,,,,1,1,,,,,,,,,,,,,,,,,,,,,,,,,,,,,,,,,,,,,,,,,,,,,,,,,,,,,,,,,,,,,,,,,,,,,,,,,,,,,,,,,,,,,,,,,,,,,,,,,,,,,,,,,,,,,,,,,,,,,,,,,,,,,,,,,,,,,,,,,,,,,,,,,,,,,,,,,,,,,,,,,,,,,,,,,,,,,,,,,,,,,,,,,,,,,,,,,,,,,,,,,,,,,,,,,,,,,,,,,,,,,,,,,,,,,,,,,,,,,,,,,,,,,,,,,,,,,,,,,,,,,,,,,,,,,,,,,,,,,,,,,,,,,,,,,,,,,,,,,,,,,,,,,,,,,,,,,,,
275,17cnjydn,,0,0,18,,,,0,,,0.0,,,,,,,,,,,,,,vjx2fex2,,,,,0,1.0,https://app.prolific.com/submissions/complete?cc=C1BTHULB,0.0,Experiment_1_Persistence,275,,0.0,,1,1,275,,0.0,,,,,,,,,,,,,,,1,1,275,,0.0,,,,,,,,,,1,1,275,,0.0,,,,,,,,,,,,,,,,,,1,1,275,,0.0,,,,,,,,,,,,,1,1,275,,0.0,0,0,0,0,0,0,0,0,0,,,,,1,1,,,,,,,,,,,,,,,,,,,,,,,,,,,,,,,,,,,,,,,,,,,,,,,,,,,,,,,,,,,,,,,,,,,,,,,,,,,,,,,,,,,,,,,,,,,,,,,,,,,,,,,,,,,,,,,,,,,,,,,,,,,,,,,,,,,,,,,,,,,,,,,,,,,,,,,,,,,,,,,,,,,,,,,,,,,,,,,,,,,,,,,,,,,,,,,,,,,,,,,,,,,,,,,,,,,,,,,,,,,,,,,,,,,,,,,,,,,,,,,,,,,,,,,,,,,,,,,,,,,,,,,,,,,,,,,,,,,,,,,,,,,,,,,,,,,,,,,,,,,,,,,,,,,,,,,,,,,
276,rhzo8cj3,,0,0,18,,,,0,,,0.0,,,,,,,,,,,,,,vjx2fex2,,,,,0,1.0,https://app.prolific.com/submissions/complete?cc=C1BTHULB,0.0,Experiment_1_Persistence,276,,0.0,,1,1,276,,0.0,,,,,,,,,,,,,,,1,1,276,,0.0,,,,,,,,,,1,1,276,,0.0,,,,,,,,,,,,,,,,,,1,1,276,,0.0,,,,,,,,,,,,,1,1,276,,0.0,0,0,0,0,0,0,0,0,0,,,,,1,1,,,,,,,,,,,,,,,,,,,,,,,,,,,,,,,,,,,,,,,,,,,,,,,,,,,,,,,,,,,,,,,,,,,,,,,,,,,,,,,,,,,,,,,,,,,,,,,,,,,,,,,,,,,,,,,,,,,,,,,,,,,,,,,,,,,,,,,,,,,,,,,,,,,,,,,,,,,,,,,,,,,,,,,,,,,,,,,,,,,,,,,,,,,,,,,,,,,,,,,,,,,,,,,,,,,,,,,,,,,,,,,,,,,,,,,,,,,,,,,,,,,,,,,,,,,,,,,,,,,,,,,,,,,,,,,,,,,,,,,,,,,,,,,,,,,,,,,,,,,,,,,,,,,,,,,,,,,
277,rzhjan4n,,0,0,18,,,,0,,,0.0,,,,,,,,,,,,,,vjx2fex2,,,,,0,1.0,https://app.prolific.com/submissions/complete?cc=C1BTHULB,0.0,Experiment_1_Persistence,277,,0.0,,1,1,277,,0.0,,,,,,,,,,,,,,,1,1,277,,0.0,,,,,,,,,,1,1,277,,0.0,,,,,,,,,,,,,,,,,,1,1,277,,0.0,,,,,,,,,,,,,1,1,277,,0.0,0,0,0,0,0,0,0,0,0,,,,,1,1,,,,,,,,,,,,,,,,,,,,,,,,,,,,,,,,,,,,,,,,,,,,,,,,,,,,,,,,,,,,,,,,,,,,,,,,,,,,,,,,,,,,,,,,,,,,,,,,,,,,,,,,,,,,,,,,,,,,,,,,,,,,,,,,,,,,,,,,,,,,,,,,,,,,,,,,,,,,,,,,,,,,,,,,,,,,,,,,,,,,,,,,,,,,,,,,,,,,,,,,,,,,,,,,,,,,,,,,,,,,,,,,,,,,,,,,,,,,,,,,,,,,,,,,,,,,,,,,,,,,,,,,,,,,,,,,,,,,,,,,,,,,,,,,,,,,,,,,,,,,,,,,,,,,,,,,,,,
278,vfopjeja,,0,0,18,,,,0,,,0.0,,,,,,,,,,,,,,vjx2fex2,,,,,0,1.0,https://app.prolific.com/submissions/complete?cc=C1BTHULB,0.0,Experiment_1_Persistence,278,,0.0,,1,1,278,,0.0,,,,,,,,,,,,,,,1,1,278,,0.0,,,,,,,,,,1,1,278,,0.0,,,,,,,,,,,,,,,,,,1,1,278,,0.0,,,,,,,,,,,,,1,1,278,,0.0,0,0,0,0,0,0,0,0,0,,,,,1,1,,,,,,,,,,,,,,,,,,,,,,,,,,,,,,,,,,,,,,,,,,,,,,,,,,,,,,,,,,,,,,,,,,,,,,,,,,,,,,,,,,,,,,,,,,,,,,,,,,,,,,,,,,,,,,,,,,,,,,,,,,,,,,,,,,,,,,,,,,,,,,,,,,,,,,,,,,,,,,,,,,,,,,,,,,,,,,,,,,,,,,,,,,,,,,,,,,,,,,,,,,,,,,,,,,,,,,,,,,,,,,,,,,,,,,,,,,,,,,,,,,,,,,,,,,,,,,,,,,,,,,,,,,,,,,,,,,,,,,,,,,,,,,,,,,,,,,,,,,,,,,,,,,,,,,,,,,,
279,4nk28nrb,,0,0,18,,,,0,,,0.0,,,,,,,,,,,,,,vjx2fex2,,,,,0,1.0,https://app.prolific.com/submissions/complete?cc=C1BTHULB,0.0,Experiment_1_Persistence,279,,0.0,,1,1,279,,0.0,,,,,,,,,,,,,,,1,1,279,,0.0,,,,,,,,,,1,1,279,,0.0,,,,,,,,,,,,,,,,,,1,1,279,,0.0,,,,,,,,,,,,,1,1,279,,0.0,0,0,0,0,0,0,0,0,0,,,,,1,1,,,,,,,,,,,,,,,,,,,,,,,,,,,,,,,,,,,,,,,,,,,,,,,,,,,,,,,,,,,,,,,,,,,,,,,,,,,,,,,,,,,,,,,,,,,,,,,,,,,,,,,,,,,,,,,,,,,,,,,,,,,,,,,,,,,,,,,,,,,,,,,,,,,,,,,,,,,,,,,,,,,,,,,,,,,,,,,,,,,,,,,,,,,,,,,,,,,,,,,,,,,,,,,,,,,,,,,,,,,,,,,,,,,,,,,,,,,,,,,,,,,,,,,,,,,,,,,,,,,,,,,,,,,,,,,,,,,,,,,,,,,,,,,,,,,,,,,,,,,,,,,,,,,,,,,,,,,
280,gnw9vyrx,,0,0,18,,,,0,,,0.0,,,,,,,,,,,,,,vjx2fex2,,,,,0,1.0,https://app.prolific.com/submissions/complete?cc=C1BTHULB,0.0,Experiment_1_Persistence,280,,0.0,,1,1,280,,0.0,,,,,,,,,,,,,,,1,1,280,,0.0,,,,,,,,,,1,1,280,,0.0,,,,,,,,,,,,,,,,,,1,1,280,,0.0,,,,,,,,,,,,,1,1,280,,0.0,0,0,0,0,0,0,0,0,0,,,,,1,1,,,,,,,,,,,,,,,,,,,,,,,,,,,,,,,,,,,,,,,,,,,,,,,,,,,,,,,,,,,,,,,,,,,,,,,,,,,,,,,,,,,,,,,,,,,,,,,,,,,,,,,,,,,,,,,,,,,,,,,,,,,,,,,,,,,,,,,,,,,,,,,,,,,,,,,,,,,,,,,,,,,,,,,,,,,,,,,,,,,,,,,,,,,,,,,,,,,,,,,,,,,,,,,,,,,,,,,,,,,,,,,,,,,,,,,,,,,,,,,,,,,,,,,,,,,,,,,,,,,,,,,,,,,,,,,,,,,,,,,,,,,,,,,,,,,,,,,,,,,,,,,,,,,,,,,,,,,
281,x28ybg9o,,0,0,18,,,,0,,,0.0,,,,,,,,,,,,,,vjx2fex2,,,,,0,1.0,https://app.prolific.com/submissions/complete?cc=C1BTHULB,0.0,Experiment_1_Persistence,281,,0.0,,1,1,281,,0.0,,,,,,,,,,,,,,,1,1,281,,0.0,,,,,,,,,,1,1,281,,0.0,,,,,,,,,,,,,,,,,,1,1,281,,0.0,,,,,,,,,,,,,1,1,281,,0.0,0,0,0,0,0,0,0,0,0,,,,,1,1,,,,,,,,,,,,,,,,,,,,,,,,,,,,,,,,,,,,,,,,,,,,,,,,,,,,,,,,,,,,,,,,,,,,,,,,,,,,,,,,,,,,,,,,,,,,,,,,,,,,,,,,,,,,,,,,,,,,,,,,,,,,,,,,,,,,,,,,,,,,,,,,,,,,,,,,,,,,,,,,,,,,,,,,,,,,,,,,,,,,,,,,,,,,,,,,,,,,,,,,,,,,,,,,,,,,,,,,,,,,,,,,,,,,,,,,,,,,,,,,,,,,,,,,,,,,,,,,,,,,,,,,,,,,,,,,,,,,,,,,,,,,,,,,,,,,,,,,,,,,,,,,,,,,,,,,,,,
282,3pjmo7l1,,0,0,18,,,,0,,,0.0,,,,,,,,,,,,,,vjx2fex2,,,,,0,1.0,https://app.prolific.com/submissions/complete?cc=C1BTHULB,0.0,Experiment_1_Persistence,282,,0.0,,1,1,282,,0.0,,,,,,,,,,,,,,,1,1,282,,0.0,,,,,,,,,,1,1,282,,0.0,,,,,,,,,,,,,,,,,,1,1,282,,0.0,,,,,,,,,,,,,1,1,282,,0.0,0,0,0,0,0,0,0,0,0,,,,,1,1,,,,,,,,,,,,,,,,,,,,,,,,,,,,,,,,,,,,,,,,,,,,,,,,,,,,,,,,,,,,,,,,,,,,,,,,,,,,,,,,,,,,,,,,,,,,,,,,,,,,,,,,,,,,,,,,,,,,,,,,,,,,,,,,,,,,,,,,,,,,,,,,,,,,,,,,,,,,,,,,,,,,,,,,,,,,,,,,,,,,,,,,,,,,,,,,,,,,,,,,,,,,,,,,,,,,,,,,,,,,,,,,,,,,,,,,,,,,,,,,,,,,,,,,,,,,,,,,,,,,,,,,,,,,,,,,,,,,,,,,,,,,,,,,,,,,,,,,,,,,,,,,,,,,,,,,,,,
283,nzz0e6xo,,0,0,18,,,,0,,,0.0,,,,,,,,,,,,,,vjx2fex2,,,,,0,1.0,https://app.prolific.com/submissions/complete?cc=C1BTHULB,0.0,Experiment_1_Persistence,283,,0.0,,1,1,283,,0.0,,,,,,,,,,,,,,,1,1,283,,0.0,,,,,,,,,,1,1,283,,0.0,,,,,,,,,,,,,,,,,,1,1,283,,0.0,,,,,,,,,,,,,1,1,283,,0.0,0,0,0,0,0,0,0,0,0,,,,,1,1,,,,,,,,,,,,,,,,,,,,,,,,,,,,,,,,,,,,,,,,,,,,,,,,,,,,,,,,,,,,,,,,,,,,,,,,,,,,,,,,,,,,,,,,,,,,,,,,,,,,,,,,,,,,,,,,,,,,,,,,,,,,,,,,,,,,,,,,,,,,,,,,,,,,,,,,,,,,,,,,,,,,,,,,,,,,,,,,,,,,,,,,,,,,,,,,,,,,,,,,,,,,,,,,,,,,,,,,,,,,,,,,,,,,,,,,,,,,,,,,,,,,,,,,,,,,,,,,,,,,,,,,,,,,,,,,,,,,,,,,,,,,,,,,,,,,,,,,,,,,,,,,,,,,,,,,,,,
284,e6iy414v,,0,0,18,,,,0,,,0.0,,,,,,,,,,,,,,vjx2fex2,,,,,0,1.0,https://app.prolific.com/submissions/complete?cc=C1BTHULB,0.0,Experiment_1_Persistence,284,,0.0,,1,1,284,,0.0,,,,,,,,,,,,,,,1,1,284,,0.0,,,,,,,,,,1,1,284,,0.0,,,,,,,,,,,,,,,,,,1,1,284,,0.0,,,,,,,,,,,,,1,1,284,,0.0,0,0,0,0,0,0,0,0,0,,,,,1,1,,,,,,,,,,,,,,,,,,,,,,,,,,,,,,,,,,,,,,,,,,,,,,,,,,,,,,,,,,,,,,,,,,,,,,,,,,,,,,,,,,,,,,,,,,,,,,,,,,,,,,,,,,,,,,,,,,,,,,,,,,,,,,,,,,,,,,,,,,,,,,,,,,,,,,,,,,,,,,,,,,,,,,,,,,,,,,,,,,,,,,,,,,,,,,,,,,,,,,,,,,,,,,,,,,,,,,,,,,,,,,,,,,,,,,,,,,,,,,,,,,,,,,,,,,,,,,,,,,,,,,,,,,,,,,,,,,,,,,,,,,,,,,,,,,,,,,,,,,,,,,,,,,,,,,,,,,,
285,9pdgwcrk,,0,0,18,,,,0,,,0.0,,,,,,,,,,,,,,vjx2fex2,,,,,0,1.0,https://app.prolific.com/submissions/complete?cc=C1BTHULB,0.0,Experiment_1_Persistence,285,,0.0,,1,1,285,,0.0,,,,,,,,,,,,,,,1,1,285,,0.0,,,,,,,,,,1,1,285,,0.0,,,,,,,,,,,,,,,,,,1,1,285,,0.0,,,,,,,,,,,,,1,1,285,,0.0,0,0,0,0,0,0,0,0,0,,,,,1,1,,,,,,,,,,,,,,,,,,,,,,,,,,,,,,,,,,,,,,,,,,,,,,,,,,,,,,,,,,,,,,,,,,,,,,,,,,,,,,,,,,,,,,,,,,,,,,,,,,,,,,,,,,,,,,,,,,,,,,,,,,,,,,,,,,,,,,,,,,,,,,,,,,,,,,,,,,,,,,,,,,,,,,,,,,,,,,,,,,,,,,,,,,,,,,,,,,,,,,,,,,,,,,,,,,,,,,,,,,,,,,,,,,,,,,,,,,,,,,,,,,,,,,,,,,,,,,,,,,,,,,,,,,,,,,,,,,,,,,,,,,,,,,,,,,,,,,,,,,,,,,,,,,,,,,,,,,,
286,wbnkihez,,0,0,18,,,,0,,,0.0,,,,,,,,,,,,,,vjx2fex2,,,,,0,1.0,https://app.prolific.com/submissions/complete?cc=C1BTHULB,0.0,Experiment_1_Persistence,286,,0.0,,1,1,286,,0.0,,,,,,,,,,,,,,,1,1,286,,0.0,,,,,,,,,,1,1,286,,0.0,,,,,,,,,,,,,,,,,,1,1,286,,0.0,,,,,,,,,,,,,1,1,286,,0.0,0,0,0,0,0,0,0,0,0,,,,,1,1,,,,,,,,,,,,,,,,,,,,,,,,,,,,,,,,,,,,,,,,,,,,,,,,,,,,,,,,,,,,,,,,,,,,,,,,,,,,,,,,,,,,,,,,,,,,,,,,,,,,,,,,,,,,,,,,,,,,,,,,,,,,,,,,,,,,,,,,,,,,,,,,,,,,,,,,,,,,,,,,,,,,,,,,,,,,,,,,,,,,,,,,,,,,,,,,,,,,,,,,,,,,,,,,,,,,,,,,,,,,,,,,,,,,,,,,,,,,,,,,,,,,,,,,,,,,,,,,,,,,,,,,,,,,,,,,,,,,,,,,,,,,,,,,,,,,,,,,,,,,,,,,,,,,,,,,,,,
287,jxtt95nq,,0,0,18,,,,0,,,0.0,,,,,,,,,,,,,,vjx2fex2,,,,,0,1.0,https://app.prolific.com/submissions/complete?cc=C1BTHULB,0.0,Experiment_1_Persistence,287,,0.0,,1,1,287,,0.0,,,,,,,,,,,,,,,1,1,287,,0.0,,,,,,,,,,1,1,287,,0.0,,,,,,,,,,,,,,,,,,1,1,287,,0.0,,,,,,,,,,,,,1,1,287,,0.0,0,0,0,0,0,0,0,0,0,,,,,1,1,,,,,,,,,,,,,,,,,,,,,,,,,,,,,,,,,,,,,,,,,,,,,,,,,,,,,,,,,,,,,,,,,,,,,,,,,,,,,,,,,,,,,,,,,,,,,,,,,,,,,,,,,,,,,,,,,,,,,,,,,,,,,,,,,,,,,,,,,,,,,,,,,,,,,,,,,,,,,,,,,,,,,,,,,,,,,,,,,,,,,,,,,,,,,,,,,,,,,,,,,,,,,,,,,,,,,,,,,,,,,,,,,,,,,,,,,,,,,,,,,,,,,,,,,,,,,,,,,,,,,,,,,,,,,,,,,,,,,,,,,,,,,,,,,,,,,,,,,,,,,,,,,,,,,,,,,,,
288,vx6gawo4,,0,0,18,,,,0,,,0.0,,,,,,,,,,,,,,vjx2fex2,,,,,0,1.0,https://app.prolific.com/submissions/complete?cc=C1BTHULB,0.0,Experiment_1_Persistence,288,,0.0,,1,1,288,,0.0,,,,,,,,,,,,,,,1,1,288,,0.0,,,,,,,,,,1,1,288,,0.0,,,,,,,,,,,,,,,,,,1,1,288,,0.0,,,,,,,,,,,,,1,1,288,,0.0,0,0,0,0,0,0,0,0,0,,,,,1,1,,,,,,,,,,,,,,,,,,,,,,,,,,,,,,,,,,,,,,,,,,,,,,,,,,,,,,,,,,,,,,,,,,,,,,,,,,,,,,,,,,,,,,,,,,,,,,,,,,,,,,,,,,,,,,,,,,,,,,,,,,,,,,,,,,,,,,,,,,,,,,,,,,,,,,,,,,,,,,,,,,,,,,,,,,,,,,,,,,,,,,,,,,,,,,,,,,,,,,,,,,,,,,,,,,,,,,,,,,,,,,,,,,,,,,,,,,,,,,,,,,,,,,,,,,,,,,,,,,,,,,,,,,,,,,,,,,,,,,,,,,,,,,,,,,,,,,,,,,,,,,,,,,,,,,,,,,,
289,5tf15qjq,,0,0,18,,,,0,,,0.0,,,,,,,,,,,,,,vjx2fex2,,,,,0,1.0,https://app.prolific.com/submissions/complete?cc=C1BTHULB,0.0,Experiment_1_Persistence,289,,0.0,,1,1,289,,0.0,,,,,,,,,,,,,,,1,1,289,,0.0,,,,,,,,,,1,1,289,,0.0,,,,,,,,,,,,,,,,,,1,1,289,,0.0,,,,,,,,,,,,,1,1,289,,0.0,0,0,0,0,0,0,0,0,0,,,,,1,1,,,,,,,,,,,,,,,,,,,,,,,,,,,,,,,,,,,,,,,,,,,,,,,,,,,,,,,,,,,,,,,,,,,,,,,,,,,,,,,,,,,,,,,,,,,,,,,,,,,,,,,,,,,,,,,,,,,,,,,,,,,,,,,,,,,,,,,,,,,,,,,,,,,,,,,,,,,,,,,,,,,,,,,,,,,,,,,,,,,,,,,,,,,,,,,,,,,,,,,,,,,,,,,,,,,,,,,,,,,,,,,,,,,,,,,,,,,,,,,,,,,,,,,,,,,,,,,,,,,,,,,,,,,,,,,,,,,,,,,,,,,,,,,,,,,,,,,,,,,,,,,,,,,,,,,,,,,
290,2gdxw50k,,0,0,18,,,,0,,,0.0,,,,,,,,,,,,,,vjx2fex2,,,,,0,1.0,https://app.prolific.com/submissions/complete?cc=C1BTHULB,0.0,Experiment_1_Persistence,290,,0.0,,1,1,290,,0.0,,,,,,,,,,,,,,,1,1,290,,0.0,,,,,,,,,,1,1,290,,0.0,,,,,,,,,,,,,,,,,,1,1,290,,0.0,,,,,,,,,,,,,1,1,290,,0.0,0,0,0,0,0,0,0,0,0,,,,,1,1,,,,,,,,,,,,,,,,,,,,,,,,,,,,,,,,,,,,,,,,,,,,,,,,,,,,,,,,,,,,,,,,,,,,,,,,,,,,,,,,,,,,,,,,,,,,,,,,,,,,,,,,,,,,,,,,,,,,,,,,,,,,,,,,,,,,,,,,,,,,,,,,,,,,,,,,,,,,,,,,,,,,,,,,,,,,,,,,,,,,,,,,,,,,,,,,,,,,,,,,,,,,,,,,,,,,,,,,,,,,,,,,,,,,,,,,,,,,,,,,,,,,,,,,,,,,,,,,,,,,,,,,,,,,,,,,,,,,,,,,,,,,,,,,,,,,,,,,,,,,,,,,,,,,,,,,,,,
291,r1k6eusk,,0,0,18,,,,0,,,0.0,,,,,,,,,,,,,,vjx2fex2,,,,,0,1.0,https://app.prolific.com/submissions/complete?cc=C1BTHULB,0.0,Experiment_1_Persistence,291,,0.0,,1,1,291,,0.0,,,,,,,,,,,,,,,1,1,291,,0.0,,,,,,,,,,1,1,291,,0.0,,,,,,,,,,,,,,,,,,1,1,291,,0.0,,,,,,,,,,,,,1,1,291,,0.0,0,0,0,0,0,0,0,0,0,,,,,1,1,,,,,,,,,,,,,,,,,,,,,,,,,,,,,,,,,,,,,,,,,,,,,,,,,,,,,,,,,,,,,,,,,,,,,,,,,,,,,,,,,,,,,,,,,,,,,,,,,,,,,,,,,,,,,,,,,,,,,,,,,,,,,,,,,,,,,,,,,,,,,,,,,,,,,,,,,,,,,,,,,,,,,,,,,,,,,,,,,,,,,,,,,,,,,,,,,,,,,,,,,,,,,,,,,,,,,,,,,,,,,,,,,,,,,,,,,,,,,,,,,,,,,,,,,,,,,,,,,,,,,,,,,,,,,,,,,,,,,,,,,,,,,,,,,,,,,,,,,,,,,,,,,,,,,,,,,,,
292,rzagdmes,,0,0,18,,,,0,,,0.0,,,,,,,,,,,,,,vjx2fex2,,,,,0,1.0,https://app.prolific.com/submissions/complete?cc=C1BTHULB,0.0,Experiment_1_Persistence,292,,0.0,,1,1,292,,0.0,,,,,,,,,,,,,,,1,1,292,,0.0,,,,,,,,,,1,1,292,,0.0,,,,,,,,,,,,,,,,,,1,1,292,,0.0,,,,,,,,,,,,,1,1,292,,0.0,0,0,0,0,0,0,0,0,0,,,,,1,1,,,,,,,,,,,,,,,,,,,,,,,,,,,,,,,,,,,,,,,,,,,,,,,,,,,,,,,,,,,,,,,,,,,,,,,,,,,,,,,,,,,,,,,,,,,,,,,,,,,,,,,,,,,,,,,,,,,,,,,,,,,,,,,,,,,,,,,,,,,,,,,,,,,,,,,,,,,,,,,,,,,,,,,,,,,,,,,,,,,,,,,,,,,,,,,,,,,,,,,,,,,,,,,,,,,,,,,,,,,,,,,,,,,,,,,,,,,,,,,,,,,,,,,,,,,,,,,,,,,,,,,,,,,,,,,,,,,,,,,,,,,,,,,,,,,,,,,,,,,,,,,,,,,,,,,,,,,
293,ogygeklq,,0,0,18,,,,0,,,0.0,,,,,,,,,,,,,,vjx2fex2,,,,,0,1.0,https://app.prolific.com/submissions/complete?cc=C1BTHULB,0.0,Experiment_1_Persistence,293,,0.0,,1,1,293,,0.0,,,,,,,,,,,,,,,1,1,293,,0.0,,,,,,,,,,1,1,293,,0.0,,,,,,,,,,,,,,,,,,1,1,293,,0.0,,,,,,,,,,,,,1,1,293,,0.0,0,0,0,0,0,0,0,0,0,,,,,1,1,,,,,,,,,,,,,,,,,,,,,,,,,,,,,,,,,,,,,,,,,,,,,,,,,,,,,,,,,,,,,,,,,,,,,,,,,,,,,,,,,,,,,,,,,,,,,,,,,,,,,,,,,,,,,,,,,,,,,,,,,,,,,,,,,,,,,,,,,,,,,,,,,,,,,,,,,,,,,,,,,,,,,,,,,,,,,,,,,,,,,,,,,,,,,,,,,,,,,,,,,,,,,,,,,,,,,,,,,,,,,,,,,,,,,,,,,,,,,,,,,,,,,,,,,,,,,,,,,,,,,,,,,,,,,,,,,,,,,,,,,,,,,,,,,,,,,,,,,,,,,,,,,,,,,,,,,,,
294,lcyeu41o,,0,0,18,,,,0,,,0.0,,,,,,,,,,,,,,vjx2fex2,,,,,0,1.0,https://app.prolific.com/submissions/complete?cc=C1BTHULB,0.0,Experiment_1_Persistence,294,,0.0,,1,1,294,,0.0,,,,,,,,,,,,,,,1,1,294,,0.0,,,,,,,,,,1,1,294,,0.0,,,,,,,,,,,,,,,,,,1,1,294,,0.0,,,,,,,,,,,,,1,1,294,,0.0,0,0,0,0,0,0,0,0,0,,,,,1,1,,,,,,,,,,,,,,,,,,,,,,,,,,,,,,,,,,,,,,,,,,,,,,,,,,,,,,,,,,,,,,,,,,,,,,,,,,,,,,,,,,,,,,,,,,,,,,,,,,,,,,,,,,,,,,,,,,,,,,,,,,,,,,,,,,,,,,,,,,,,,,,,,,,,,,,,,,,,,,,,,,,,,,,,,,,,,,,,,,,,,,,,,,,,,,,,,,,,,,,,,,,,,,,,,,,,,,,,,,,,,,,,,,,,,,,,,,,,,,,,,,,,,,,,,,,,,,,,,,,,,,,,,,,,,,,,,,,,,,,,,,,,,,,,,,,,,,,,,,,,,,,,,,,,,,,,,,,
295,o43keqyg,,0,0,18,,,,0,,,0.0,,,,,,,,,,,,,,vjx2fex2,,,,,0,1.0,https://app.prolific.com/submissions/complete?cc=C1BTHULB,0.0,Experiment_1_Persistence,295,,0.0,,1,1,295,,0.0,,,,,,,,,,,,,,,1,1,295,,0.0,,,,,,,,,,1,1,295,,0.0,,,,,,,,,,,,,,,,,,1,1,295,,0.0,,,,,,,,,,,,,1,1,295,,0.0,0,0,0,0,0,0,0,0,0,,,,,1,1,,,,,,,,,,,,,,,,,,,,,,,,,,,,,,,,,,,,,,,,,,,,,,,,,,,,,,,,,,,,,,,,,,,,,,,,,,,,,,,,,,,,,,,,,,,,,,,,,,,,,,,,,,,,,,,,,,,,,,,,,,,,,,,,,,,,,,,,,,,,,,,,,,,,,,,,,,,,,,,,,,,,,,,,,,,,,,,,,,,,,,,,,,,,,,,,,,,,,,,,,,,,,,,,,,,,,,,,,,,,,,,,,,,,,,,,,,,,,,,,,,,,,,,,,,,,,,,,,,,,,,,,,,,,,,,,,,,,,,,,,,,,,,,,,,,,,,,,,,,,,,,,,,,,,,,,,,,
296,98szssjv,,0,0,18,,,,0,,,0.0,,,,,,,,,,,,,,vjx2fex2,,,,,0,1.0,https://app.prolific.com/submissions/complete?cc=C1BTHULB,0.0,Experiment_1_Persistence,296,,0.0,,1,1,296,,0.0,,,,,,,,,,,,,,,1,1,296,,0.0,,,,,,,,,,1,1,296,,0.0,,,,,,,,,,,,,,,,,,1,1,296,,0.0,,,,,,,,,,,,,1,1,296,,0.0,0,0,0,0,0,0,0,0,0,,,,,1,1,,,,,,,,,,,,,,,,,,,,,,,,,,,,,,,,,,,,,,,,,,,,,,,,,,,,,,,,,,,,,,,,,,,,,,,,,,,,,,,,,,,,,,,,,,,,,,,,,,,,,,,,,,,,,,,,,,,,,,,,,,,,,,,,,,,,,,,,,,,,,,,,,,,,,,,,,,,,,,,,,,,,,,,,,,,,,,,,,,,,,,,,,,,,,,,,,,,,,,,,,,,,,,,,,,,,,,,,,,,,,,,,,,,,,,,,,,,,,,,,,,,,,,,,,,,,,,,,,,,,,,,,,,,,,,,,,,,,,,,,,,,,,,,,,,,,,,,,,,,,,,,,,,,,,,,,,,,
297,n40qqnyr,,0,0,18,,,,0,,,0.0,,,,,,,,,,,,,,vjx2fex2,,,,,0,1.0,https://app.prolific.com/submissions/complete?cc=C1BTHULB,0.0,Experiment_1_Persistence,297,,0.0,,1,1,297,,0.0,,,,,,,,,,,,,,,1,1,297,,0.0,,,,,,,,,,1,1,297,,0.0,,,,,,,,,,,,,,,,,,1,1,297,,0.0,,,,,,,,,,,,,1,1,297,,0.0,0,0,0,0,0,0,0,0,0,,,,,1,1,,,,,,,,,,,,,,,,,,,,,,,,,,,,,,,,,,,,,,,,,,,,,,,,,,,,,,,,,,,,,,,,,,,,,,,,,,,,,,,,,,,,,,,,,,,,,,,,,,,,,,,,,,,,,,,,,,,,,,,,,,,,,,,,,,,,,,,,,,,,,,,,,,,,,,,,,,,,,,,,,,,,,,,,,,,,,,,,,,,,,,,,,,,,,,,,,,,,,,,,,,,,,,,,,,,,,,,,,,,,,,,,,,,,,,,,,,,,,,,,,,,,,,,,,,,,,,,,,,,,,,,,,,,,,,,,,,,,,,,,,,,,,,,,,,,,,,,,,,,,,,,,,,,,,,,,,,,
298,mbfnn1d7,,0,0,18,,,,0,,,0.0,,,,,,,,,,,,,,vjx2fex2,,,,,0,1.0,https://app.prolific.com/submissions/complete?cc=C1BTHULB,0.0,Experiment_1_Persistence,298,,0.0,,1,1,298,,0.0,,,,,,,,,,,,,,,1,1,298,,0.0,,,,,,,,,,1,1,298,,0.0,,,,,,,,,,,,,,,,,,1,1,298,,0.0,,,,,,,,,,,,,1,1,298,,0.0,0,0,0,0,0,0,0,0,0,,,,,1,1,,,,,,,,,,,,,,,,,,,,,,,,,,,,,,,,,,,,,,,,,,,,,,,,,,,,,,,,,,,,,,,,,,,,,,,,,,,,,,,,,,,,,,,,,,,,,,,,,,,,,,,,,,,,,,,,,,,,,,,,,,,,,,,,,,,,,,,,,,,,,,,,,,,,,,,,,,,,,,,,,,,,,,,,,,,,,,,,,,,,,,,,,,,,,,,,,,,,,,,,,,,,,,,,,,,,,,,,,,,,,,,,,,,,,,,,,,,,,,,,,,,,,,,,,,,,,,,,,,,,,,,,,,,,,,,,,,,,,,,,,,,,,,,,,,,,,,,,,,,,,,,,,,,,,,,,,,,
299,dgf6juqr,,0,0,18,,,,0,,,0.0,,,,,,,,,,,,,,vjx2fex2,,,,,0,1.0,https://app.prolific.com/submissions/complete?cc=C1BTHULB,0.0,Experiment_1_Persistence,299,,0.0,,1,1,299,,0.0,,,,,,,,,,,,,,,1,1,299,,0.0,,,,,,,,,,1,1,299,,0.0,,,,,,,,,,,,,,,,,,1,1,299,,0.0,,,,,,,,,,,,,1,1,299,,0.0,0,0,0,0,0,0,0,0,0,,,,,1,1,,,,,,,,,,,,,,,,,,,,,,,,,,,,,,,,,,,,,,,,,,,,,,,,,,,,,,,,,,,,,,,,,,,,,,,,,,,,,,,,,,,,,,,,,,,,,,,,,,,,,,,,,,,,,,,,,,,,,,,,,,,,,,,,,,,,,,,,,,,,,,,,,,,,,,,,,,,,,,,,,,,,,,,,,,,,,,,,,,,,,,,,,,,,,,,,,,,,,,,,,,,,,,,,,,,,,,,,,,,,,,,,,,,,,,,,,,,,,,,,,,,,,,,,,,,,,,,,,,,,,,,,,,,,,,,,,,,,,,,,,,,,,,,,,,,,,,,,,,,,,,,,,,,,,,,,,,,
300,gidl0jj4,,0,0,18,,,,0,,,0.0,,,,,,,,,,,,,,vjx2fex2,,,,,0,1.0,https://app.prolific.com/submissions/complete?cc=C1BTHULB,0.0,Experiment_1_Persistence,300,,0.0,,1,1,300,,0.0,,,,,,,,,,,,,,,1,1,300,,0.0,,,,,,,,,,1,1,300,,0.0,,,,,,,,,,,,,,,,,,1,1,300,,0.0,,,,,,,,,,,,,1,1,300,,0.0,0,0,0,0,0,0,0,0,0,,,,,1,1,,,,,,,,,,,,,,,,,,,,,,,,,,,,,,,,,,,,,,,,,,,,,,,,,,,,,,,,,,,,,,,,,,,,,,,,,,,,,,,,,,,,,,,,,,,,,,,,,,,,,,,,,,,,,,,,,,,,,,,,,,,,,,,,,,,,,,,,,,,,,,,,,,,,,,,,,,,,,,,,,,,,,,,,,,,,,,,,,,,,,,,,,,,,,,,,,,,,,,,,,,,,,,,,,,,,,,,,,,,,,,,,,,,,,,,,,,,,,,,,,,,,,,,,,,,,,,,,,,,,,,,,,,,,,,,,,,,,,,,,,,,,,,,,,,,,,,,,,,,,,,,,,,,,,,,,,,,
301,yypdzmt6,,0,0,18,,,,0,,,0.0,,,,,,,,,,,,,,vjx2fex2,,,,,0,1.0,https://app.prolific.com/submissions/complete?cc=C1BTHULB,0.0,Experiment_1_Persistence,301,,0.0,,1,1,301,,0.0,,,,,,,,,,,,,,,1,1,301,,0.0,,,,,,,,,,1,1,301,,0.0,,,,,,,,,,,,,,,,,,1,1,301,,0.0,,,,,,,,,,,,,1,1,301,,0.0,0,0,0,0,0,0,0,0,0,,,,,1,1,,,,,,,,,,,,,,,,,,,,,,,,,,,,,,,,,,,,,,,,,,,,,,,,,,,,,,,,,,,,,,,,,,,,,,,,,,,,,,,,,,,,,,,,,,,,,,,,,,,,,,,,,,,,,,,,,,,,,,,,,,,,,,,,,,,,,,,,,,,,,,,,,,,,,,,,,,,,,,,,,,,,,,,,,,,,,,,,,,,,,,,,,,,,,,,,,,,,,,,,,,,,,,,,,,,,,,,,,,,,,,,,,,,,,,,,,,,,,,,,,,,,,,,,,,,,,,,,,,,,,,,,,,,,,,,,,,,,,,,,,,,,,,,,,,,,,,,,,,,,,,,,,,,,,,,,,,,
302,o6pt2ndo,,0,0,18,,,,0,,,0.0,,,,,,,,,,,,,,vjx2fex2,,,,,0,1.0,https://app.prolific.com/submissions/complete?cc=C1BTHULB,0.0,Experiment_1_Persistence,302,,0.0,,1,1,302,,0.0,,,,,,,,,,,,,,,1,1,302,,0.0,,,,,,,,,,1,1,302,,0.0,,,,,,,,,,,,,,,,,,1,1,302,,0.0,,,,,,,,,,,,,1,1,302,,0.0,0,0,0,0,0,0,0,0,0,,,,,1,1,,,,,,,,,,,,,,,,,,,,,,,,,,,,,,,,,,,,,,,,,,,,,,,,,,,,,,,,,,,,,,,,,,,,,,,,,,,,,,,,,,,,,,,,,,,,,,,,,,,,,,,,,,,,,,,,,,,,,,,,,,,,,,,,,,,,,,,,,,,,,,,,,,,,,,,,,,,,,,,,,,,,,,,,,,,,,,,,,,,,,,,,,,,,,,,,,,,,,,,,,,,,,,,,,,,,,,,,,,,,,,,,,,,,,,,,,,,,,,,,,,,,,,,,,,,,,,,,,,,,,,,,,,,,,,,,,,,,,,,,,,,,,,,,,,,,,,,,,,,,,,,,,,,,,,,,,,,
303,c0e2f2i0,,0,0,18,,,,0,,,0.0,,,,,,,,,,,,,,vjx2fex2,,,,,0,1.0,https://app.prolific.com/submissions/complete?cc=C1BTHULB,0.0,Experiment_1_Persistence,303,,0.0,,1,1,303,,0.0,,,,,,,,,,,,,,,1,1,303,,0.0,,,,,,,,,,1,1,303,,0.0,,,,,,,,,,,,,,,,,,1,1,303,,0.0,,,,,,,,,,,,,1,1,303,,0.0,0,0,0,0,0,0,0,0,0,,,,,1,1,,,,,,,,,,,,,,,,,,,,,,,,,,,,,,,,,,,,,,,,,,,,,,,,,,,,,,,,,,,,,,,,,,,,,,,,,,,,,,,,,,,,,,,,,,,,,,,,,,,,,,,,,,,,,,,,,,,,,,,,,,,,,,,,,,,,,,,,,,,,,,,,,,,,,,,,,,,,,,,,,,,,,,,,,,,,,,,,,,,,,,,,,,,,,,,,,,,,,,,,,,,,,,,,,,,,,,,,,,,,,,,,,,,,,,,,,,,,,,,,,,,,,,,,,,,,,,,,,,,,,,,,,,,,,,,,,,,,,,,,,,,,,,,,,,,,,,,,,,,,,,,,,,,,,,,,,,,
304,l2ikxm6o,,0,0,18,,,,0,,,0.0,,,,,,,,,,,,,,vjx2fex2,,,,,0,1.0,https://app.prolific.com/submissions/complete?cc=C1BTHULB,0.0,Experiment_1_Persistence,304,,0.0,,1,1,304,,0.0,,,,,,,,,,,,,,,1,1,304,,0.0,,,,,,,,,,1,1,304,,0.0,,,,,,,,,,,,,,,,,,1,1,304,,0.0,,,,,,,,,,,,,1,1,304,,0.0,0,0,0,0,0,0,0,0,0,,,,,1,1,,,,,,,,,,,,,,,,,,,,,,,,,,,,,,,,,,,,,,,,,,,,,,,,,,,,,,,,,,,,,,,,,,,,,,,,,,,,,,,,,,,,,,,,,,,,,,,,,,,,,,,,,,,,,,,,,,,,,,,,,,,,,,,,,,,,,,,,,,,,,,,,,,,,,,,,,,,,,,,,,,,,,,,,,,,,,,,,,,,,,,,,,,,,,,,,,,,,,,,,,,,,,,,,,,,,,,,,,,,,,,,,,,,,,,,,,,,,,,,,,,,,,,,,,,,,,,,,,,,,,,,,,,,,,,,,,,,,,,,,,,,,,,,,,,,,,,,,,,,,,,,,,,,,,,,,,,,
305,7ai15e8d,,0,0,18,,,,0,,,0.0,,,,,,,,,,,,,,vjx2fex2,,,,,0,1.0,https://app.prolific.com/submissions/complete?cc=C1BTHULB,0.0,Experiment_1_Persistence,305,,0.0,,1,1,305,,0.0,,,,,,,,,,,,,,,1,1,305,,0.0,,,,,,,,,,1,1,305,,0.0,,,,,,,,,,,,,,,,,,1,1,305,,0.0,,,,,,,,,,,,,1,1,305,,0.0,0,0,0,0,0,0,0,0,0,,,,,1,1,,,,,,,,,,,,,,,,,,,,,,,,,,,,,,,,,,,,,,,,,,,,,,,,,,,,,,,,,,,,,,,,,,,,,,,,,,,,,,,,,,,,,,,,,,,,,,,,,,,,,,,,,,,,,,,,,,,,,,,,,,,,,,,,,,,,,,,,,,,,,,,,,,,,,,,,,,,,,,,,,,,,,,,,,,,,,,,,,,,,,,,,,,,,,,,,,,,,,,,,,,,,,,,,,,,,,,,,,,,,,,,,,,,,,,,,,,,,,,,,,,,,,,,,,,,,,,,,,,,,,,,,,,,,,,,,,,,,,,,,,,,,,,,,,,,,,,,,,,,,,,,,,,,,,,,,,,,
306,wxwcsgbt,,0,0,18,,,,0,,,0.0,,,,,,,,,,,,,,vjx2fex2,,,,,0,1.0,https://app.prolific.com/submissions/complete?cc=C1BTHULB,0.0,Experiment_1_Persistence,306,,0.0,,1,1,306,,0.0,,,,,,,,,,,,,,,1,1,306,,0.0,,,,,,,,,,1,1,306,,0.0,,,,,,,,,,,,,,,,,,1,1,306,,0.0,,,,,,,,,,,,,1,1,306,,0.0,0,0,0,0,0,0,0,0,0,,,,,1,1,,,,,,,,,,,,,,,,,,,,,,,,,,,,,,,,,,,,,,,,,,,,,,,,,,,,,,,,,,,,,,,,,,,,,,,,,,,,,,,,,,,,,,,,,,,,,,,,,,,,,,,,,,,,,,,,,,,,,,,,,,,,,,,,,,,,,,,,,,,,,,,,,,,,,,,,,,,,,,,,,,,,,,,,,,,,,,,,,,,,,,,,,,,,,,,,,,,,,,,,,,,,,,,,,,,,,,,,,,,,,,,,,,,,,,,,,,,,,,,,,,,,,,,,,,,,,,,,,,,,,,,,,,,,,,,,,,,,,,,,,,,,,,,,,,,,,,,,,,,,,,,,,,,,,,,,,,,
307,gr30fcjp,,0,0,18,,,,0,,,0.0,,,,,,,,,,,,,,vjx2fex2,,,,,0,1.0,https://app.prolific.com/submissions/complete?cc=C1BTHULB,0.0,Experiment_1_Persistence,307,,0.0,,1,1,307,,0.0,,,,,,,,,,,,,,,1,1,307,,0.0,,,,,,,,,,1,1,307,,0.0,,,,,,,,,,,,,,,,,,1,1,307,,0.0,,,,,,,,,,,,,1,1,307,,0.0,0,0,0,0,0,0,0,0,0,,,,,1,1,,,,,,,,,,,,,,,,,,,,,,,,,,,,,,,,,,,,,,,,,,,,,,,,,,,,,,,,,,,,,,,,,,,,,,,,,,,,,,,,,,,,,,,,,,,,,,,,,,,,,,,,,,,,,,,,,,,,,,,,,,,,,,,,,,,,,,,,,,,,,,,,,,,,,,,,,,,,,,,,,,,,,,,,,,,,,,,,,,,,,,,,,,,,,,,,,,,,,,,,,,,,,,,,,,,,,,,,,,,,,,,,,,,,,,,,,,,,,,,,,,,,,,,,,,,,,,,,,,,,,,,,,,,,,,,,,,,,,,,,,,,,,,,,,,,,,,,,,,,,,,,,,,,,,,,,,,,
308,llwbvimr,,0,0,18,,,,0,,,0.0,,,,,,,,,,,,,,vjx2fex2,,,,,0,1.0,https://app.prolific.com/submissions/complete?cc=C1BTHULB,0.0,Experiment_1_Persistence,308,,0.0,,1,1,308,,0.0,,,,,,,,,,,,,,,1,1,308,,0.0,,,,,,,,,,1,1,308,,0.0,,,,,,,,,,,,,,,,,,1,1,308,,0.0,,,,,,,,,,,,,1,1,308,,0.0,0,0,0,0,0,0,0,0,0,,,,,1,1,,,,,,,,,,,,,,,,,,,,,,,,,,,,,,,,,,,,,,,,,,,,,,,,,,,,,,,,,,,,,,,,,,,,,,,,,,,,,,,,,,,,,,,,,,,,,,,,,,,,,,,,,,,,,,,,,,,,,,,,,,,,,,,,,,,,,,,,,,,,,,,,,,,,,,,,,,,,,,,,,,,,,,,,,,,,,,,,,,,,,,,,,,,,,,,,,,,,,,,,,,,,,,,,,,,,,,,,,,,,,,,,,,,,,,,,,,,,,,,,,,,,,,,,,,,,,,,,,,,,,,,,,,,,,,,,,,,,,,,,,,,,,,,,,,,,,,,,,,,,,,,,,,,,,,,,,,,
309,o7zr21jd,,0,0,18,,,,0,,,0.0,,,,,,,,,,,,,,vjx2fex2,,,,,0,1.0,https://app.prolific.com/submissions/complete?cc=C1BTHULB,0.0,Experiment_1_Persistence,309,,0.0,,1,1,309,,0.0,,,,,,,,,,,,,,,1,1,309,,0.0,,,,,,,,,,1,1,309,,0.0,,,,,,,,,,,,,,,,,,1,1,309,,0.0,,,,,,,,,,,,,1,1,309,,0.0,0,0,0,0,0,0,0,0,0,,,,,1,1,,,,,,,,,,,,,,,,,,,,,,,,,,,,,,,,,,,,,,,,,,,,,,,,,,,,,,,,,,,,,,,,,,,,,,,,,,,,,,,,,,,,,,,,,,,,,,,,,,,,,,,,,,,,,,,,,,,,,,,,,,,,,,,,,,,,,,,,,,,,,,,,,,,,,,,,,,,,,,,,,,,,,,,,,,,,,,,,,,,,,,,,,,,,,,,,,,,,,,,,,,,,,,,,,,,,,,,,,,,,,,,,,,,,,,,,,,,,,,,,,,,,,,,,,,,,,,,,,,,,,,,,,,,,,,,,,,,,,,,,,,,,,,,,,,,,,,,,,,,,,,,,,,,,,,,,,,,
310,gtoxjnhp,,0,0,18,,,,0,,,0.0,,,,,,,,,,,,,,vjx2fex2,,,,,0,1.0,https://app.prolific.com/submissions/complete?cc=C1BTHULB,0.0,Experiment_1_Persistence,310,,0.0,,1,1,310,,0.0,,,,,,,,,,,,,,,1,1,310,,0.0,,,,,,,,,,1,1,310,,0.0,,,,,,,,,,,,,,,,,,1,1,310,,0.0,,,,,,,,,,,,,1,1,310,,0.0,0,0,0,0,0,0,0,0,0,,,,,1,1,,,,,,,,,,,,,,,,,,,,,,,,,,,,,,,,,,,,,,,,,,,,,,,,,,,,,,,,,,,,,,,,,,,,,,,,,,,,,,,,,,,,,,,,,,,,,,,,,,,,,,,,,,,,,,,,,,,,,,,,,,,,,,,,,,,,,,,,,,,,,,,,,,,,,,,,,,,,,,,,,,,,,,,,,,,,,,,,,,,,,,,,,,,,,,,,,,,,,,,,,,,,,,,,,,,,,,,,,,,,,,,,,,,,,,,,,,,,,,,,,,,,,,,,,,,,,,,,,,,,,,,,,,,,,,,,,,,,,,,,,,,,,,,,,,,,,,,,,,,,,,,,,,,,,,,,,,,
311,8zp8isrn,,0,0,18,,,,0,,,0.0,,,,,,,,,,,,,,vjx2fex2,,,,,0,1.0,https://app.prolific.com/submissions/complete?cc=C1BTHULB,0.0,Experiment_1_Persistence,311,,0.0,,1,1,311,,0.0,,,,,,,,,,,,,,,1,1,311,,0.0,,,,,,,,,,1,1,311,,0.0,,,,,,,,,,,,,,,,,,1,1,311,,0.0,,,,,,,,,,,,,1,1,311,,0.0,0,0,0,0,0,0,0,0,0,,,,,1,1,,,,,,,,,,,,,,,,,,,,,,,,,,,,,,,,,,,,,,,,,,,,,,,,,,,,,,,,,,,,,,,,,,,,,,,,,,,,,,,,,,,,,,,,,,,,,,,,,,,,,,,,,,,,,,,,,,,,,,,,,,,,,,,,,,,,,,,,,,,,,,,,,,,,,,,,,,,,,,,,,,,,,,,,,,,,,,,,,,,,,,,,,,,,,,,,,,,,,,,,,,,,,,,,,,,,,,,,,,,,,,,,,,,,,,,,,,,,,,,,,,,,,,,,,,,,,,,,,,,,,,,,,,,,,,,,,,,,,,,,,,,,,,,,,,,,,,,,,,,,,,,,,,,,,,,,,,,
312,yl0iny9r,,0,0,18,,,,0,,,0.0,,,,,,,,,,,,,,vjx2fex2,,,,,0,1.0,https://app.prolific.com/submissions/complete?cc=C1BTHULB,0.0,Experiment_1_Persistence,312,,0.0,,1,1,312,,0.0,,,,,,,,,,,,,,,1,1,312,,0.0,,,,,,,,,,1,1,312,,0.0,,,,,,,,,,,,,,,,,,1,1,312,,0.0,,,,,,,,,,,,,1,1,312,,0.0,0,0,0,0,0,0,0,0,0,,,,,1,1,,,,,,,,,,,,,,,,,,,,,,,,,,,,,,,,,,,,,,,,,,,,,,,,,,,,,,,,,,,,,,,,,,,,,,,,,,,,,,,,,,,,,,,,,,,,,,,,,,,,,,,,,,,,,,,,,,,,,,,,,,,,,,,,,,,,,,,,,,,,,,,,,,,,,,,,,,,,,,,,,,,,,,,,,,,,,,,,,,,,,,,,,,,,,,,,,,,,,,,,,,,,,,,,,,,,,,,,,,,,,,,,,,,,,,,,,,,,,,,,,,,,,,,,,,,,,,,,,,,,,,,,,,,,,,,,,,,,,,,,,,,,,,,,,,,,,,,,,,,,,,,,,,,,,,,,,,,
313,7ewa7482,,0,0,18,,,,0,,,0.0,,,,,,,,,,,,,,vjx2fex2,,,,,0,1.0,https://app.prolific.com/submissions/complete?cc=C1BTHULB,0.0,Experiment_1_Persistence,313,,0.0,,1,1,313,,0.0,,,,,,,,,,,,,,,1,1,313,,0.0,,,,,,,,,,1,1,313,,0.0,,,,,,,,,,,,,,,,,,1,1,313,,0.0,,,,,,,,,,,,,1,1,313,,0.0,0,0,0,0,0,0,0,0,0,,,,,1,1,,,,,,,,,,,,,,,,,,,,,,,,,,,,,,,,,,,,,,,,,,,,,,,,,,,,,,,,,,,,,,,,,,,,,,,,,,,,,,,,,,,,,,,,,,,,,,,,,,,,,,,,,,,,,,,,,,,,,,,,,,,,,,,,,,,,,,,,,,,,,,,,,,,,,,,,,,,,,,,,,,,,,,,,,,,,,,,,,,,,,,,,,,,,,,,,,,,,,,,,,,,,,,,,,,,,,,,,,,,,,,,,,,,,,,,,,,,,,,,,,,,,,,,,,,,,,,,,,,,,,,,,,,,,,,,,,,,,,,,,,,,,,,,,,,,,,,,,,,,,,,,,,,,,,,,,,,,
314,h4ucmtxs,,0,0,18,,,,0,,,0.0,,,,,,,,,,,,,,vjx2fex2,,,,,0,1.0,https://app.prolific.com/submissions/complete?cc=C1BTHULB,0.0,Experiment_1_Persistence,314,,0.0,,1,1,314,,0.0,,,,,,,,,,,,,,,1,1,314,,0.0,,,,,,,,,,1,1,314,,0.0,,,,,,,,,,,,,,,,,,1,1,314,,0.0,,,,,,,,,,,,,1,1,314,,0.0,0,0,0,0,0,0,0,0,0,,,,,1,1,,,,,,,,,,,,,,,,,,,,,,,,,,,,,,,,,,,,,,,,,,,,,,,,,,,,,,,,,,,,,,,,,,,,,,,,,,,,,,,,,,,,,,,,,,,,,,,,,,,,,,,,,,,,,,,,,,,,,,,,,,,,,,,,,,,,,,,,,,,,,,,,,,,,,,,,,,,,,,,,,,,,,,,,,,,,,,,,,,,,,,,,,,,,,,,,,,,,,,,,,,,,,,,,,,,,,,,,,,,,,,,,,,,,,,,,,,,,,,,,,,,,,,,,,,,,,,,,,,,,,,,,,,,,,,,,,,,,,,,,,,,,,,,,,,,,,,,,,,,,,,,,,,,,,,,,,,,
315,t48fsh37,,0,0,18,,,,0,,,0.0,,,,,,,,,,,,,,vjx2fex2,,,,,0,1.0,https://app.prolific.com/submissions/complete?cc=C1BTHULB,0.0,Experiment_1_Persistence,315,,0.0,,1,1,315,,0.0,,,,,,,,,,,,,,,1,1,315,,0.0,,,,,,,,,,1,1,315,,0.0,,,,,,,,,,,,,,,,,,1,1,315,,0.0,,,,,,,,,,,,,1,1,315,,0.0,0,0,0,0,0,0,0,0,0,,,,,1,1,,,,,,,,,,,,,,,,,,,,,,,,,,,,,,,,,,,,,,,,,,,,,,,,,,,,,,,,,,,,,,,,,,,,,,,,,,,,,,,,,,,,,,,,,,,,,,,,,,,,,,,,,,,,,,,,,,,,,,,,,,,,,,,,,,,,,,,,,,,,,,,,,,,,,,,,,,,,,,,,,,,,,,,,,,,,,,,,,,,,,,,,,,,,,,,,,,,,,,,,,,,,,,,,,,,,,,,,,,,,,,,,,,,,,,,,,,,,,,,,,,,,,,,,,,,,,,,,,,,,,,,,,,,,,,,,,,,,,,,,,,,,,,,,,,,,,,,,,,,,,,,,,,,,,,,,,,,
316,uyll79q3,,0,0,18,,,,0,,,0.0,,,,,,,,,,,,,,vjx2fex2,,,,,0,1.0,https://app.prolific.com/submissions/complete?cc=C1BTHULB,0.0,Experiment_1_Persistence,316,,0.0,,1,1,316,,0.0,,,,,,,,,,,,,,,1,1,316,,0.0,,,,,,,,,,1,1,316,,0.0,,,,,,,,,,,,,,,,,,1,1,316,,0.0,,,,,,,,,,,,,1,1,316,,0.0,0,0,0,0,0,0,0,0,0,,,,,1,1,,,,,,,,,,,,,,,,,,,,,,,,,,,,,,,,,,,,,,,,,,,,,,,,,,,,,,,,,,,,,,,,,,,,,,,,,,,,,,,,,,,,,,,,,,,,,,,,,,,,,,,,,,,,,,,,,,,,,,,,,,,,,,,,,,,,,,,,,,,,,,,,,,,,,,,,,,,,,,,,,,,,,,,,,,,,,,,,,,,,,,,,,,,,,,,,,,,,,,,,,,,,,,,,,,,,,,,,,,,,,,,,,,,,,,,,,,,,,,,,,,,,,,,,,,,,,,,,,,,,,,,,,,,,,,,,,,,,,,,,,,,,,,,,,,,,,,,,,,,,,,,,,,,,,,,,,,,
317,qproizv1,,0,0,18,,,,0,,,0.0,,,,,,,,,,,,,,vjx2fex2,,,,,0,1.0,https://app.prolific.com/submissions/complete?cc=C1BTHULB,0.0,Experiment_1_Persistence,317,,0.0,,1,1,317,,0.0,,,,,,,,,,,,,,,1,1,317,,0.0,,,,,,,,,,1,1,317,,0.0,,,,,,,,,,,,,,,,,,1,1,317,,0.0,,,,,,,,,,,,,1,1,317,,0.0,0,0,0,0,0,0,0,0,0,,,,,1,1,,,,,,,,,,,,,,,,,,,,,,,,,,,,,,,,,,,,,,,,,,,,,,,,,,,,,,,,,,,,,,,,,,,,,,,,,,,,,,,,,,,,,,,,,,,,,,,,,,,,,,,,,,,,,,,,,,,,,,,,,,,,,,,,,,,,,,,,,,,,,,,,,,,,,,,,,,,,,,,,,,,,,,,,,,,,,,,,,,,,,,,,,,,,,,,,,,,,,,,,,,,,,,,,,,,,,,,,,,,,,,,,,,,,,,,,,,,,,,,,,,,,,,,,,,,,,,,,,,,,,,,,,,,,,,,,,,,,,,,,,,,,,,,,,,,,,,,,,,,,,,,,,,,,,,,,,,,
318,xhuh006d,,0,0,18,,,,0,,,0.0,,,,,,,,,,,,,,vjx2fex2,,,,,0,1.0,https://app.prolific.com/submissions/complete?cc=C1BTHULB,0.0,Experiment_1_Persistence,318,,0.0,,1,1,318,,0.0,,,,,,,,,,,,,,,1,1,318,,0.0,,,,,,,,,,1,1,318,,0.0,,,,,,,,,,,,,,,,,,1,1,318,,0.0,,,,,,,,,,,,,1,1,318,,0.0,0,0,0,0,0,0,0,0,0,,,,,1,1,,,,,,,,,,,,,,,,,,,,,,,,,,,,,,,,,,,,,,,,,,,,,,,,,,,,,,,,,,,,,,,,,,,,,,,,,,,,,,,,,,,,,,,,,,,,,,,,,,,,,,,,,,,,,,,,,,,,,,,,,,,,,,,,,,,,,,,,,,,,,,,,,,,,,,,,,,,,,,,,,,,,,,,,,,,,,,,,,,,,,,,,,,,,,,,,,,,,,,,,,,,,,,,,,,,,,,,,,,,,,,,,,,,,,,,,,,,,,,,,,,,,,,,,,,,,,,,,,,,,,,,,,,,,,,,,,,,,,,,,,,,,,,,,,,,,,,,,,,,,,,,,,,,,,,,,,,,
319,k7usu7uo,,0,0,18,,,,0,,,0.0,,,,,,,,,,,,,,vjx2fex2,,,,,0,1.0,https://app.prolific.com/submissions/complete?cc=C1BTHULB,0.0,Experiment_1_Persistence,319,,0.0,,1,1,319,,0.0,,,,,,,,,,,,,,,1,1,319,,0.0,,,,,,,,,,1,1,319,,0.0,,,,,,,,,,,,,,,,,,1,1,319,,0.0,,,,,,,,,,,,,1,1,319,,0.0,0,0,0,0,0,0,0,0,0,,,,,1,1,,,,,,,,,,,,,,,,,,,,,,,,,,,,,,,,,,,,,,,,,,,,,,,,,,,,,,,,,,,,,,,,,,,,,,,,,,,,,,,,,,,,,,,,,,,,,,,,,,,,,,,,,,,,,,,,,,,,,,,,,,,,,,,,,,,,,,,,,,,,,,,,,,,,,,,,,,,,,,,,,,,,,,,,,,,,,,,,,,,,,,,,,,,,,,,,,,,,,,,,,,,,,,,,,,,,,,,,,,,,,,,,,,,,,,,,,,,,,,,,,,,,,,,,,,,,,,,,,,,,,,,,,,,,,,,,,,,,,,,,,,,,,,,,,,,,,,,,,,,,,,,,,,,,,,,,,,,
320,rhhomi6i,,0,0,18,,,,0,,,0.0,,,,,,,,,,,,,,vjx2fex2,,,,,0,1.0,https://app.prolific.com/submissions/complete?cc=C1BTHULB,0.0,Experiment_1_Persistence,320,,0.0,,1,1,320,,0.0,,,,,,,,,,,,,,,1,1,320,,0.0,,,,,,,,,,1,1,320,,0.0,,,,,,,,,,,,,,,,,,1,1,320,,0.0,,,,,,,,,,,,,1,1,320,,0.0,0,0,0,0,0,0,0,0,0,,,,,1,1,,,,,,,,,,,,,,,,,,,,,,,,,,,,,,,,,,,,,,,,,,,,,,,,,,,,,,,,,,,,,,,,,,,,,,,,,,,,,,,,,,,,,,,,,,,,,,,,,,,,,,,,,,,,,,,,,,,,,,,,,,,,,,,,,,,,,,,,,,,,,,,,,,,,,,,,,,,,,,,,,,,,,,,,,,,,,,,,,,,,,,,,,,,,,,,,,,,,,,,,,,,,,,,,,,,,,,,,,,,,,,,,,,,,,,,,,,,,,,,,,,,,,,,,,,,,,,,,,,,,,,,,,,,,,,,,,,,,,,,,,,,,,,,,,,,,,,,,,,,,,,,,,,,,,,,,,,,
321,uh527upb,,0,0,18,,,,0,,,0.0,,,,,,,,,,,,,,vjx2fex2,,,,,0,1.0,https://app.prolific.com/submissions/complete?cc=C1BTHULB,0.0,Experiment_1_Persistence,321,,0.0,,1,1,321,,0.0,,,,,,,,,,,,,,,1,1,321,,0.0,,,,,,,,,,1,1,321,,0.0,,,,,,,,,,,,,,,,,,1,1,321,,0.0,,,,,,,,,,,,,1,1,321,,0.0,0,0,0,0,0,0,0,0,0,,,,,1,1,,,,,,,,,,,,,,,,,,,,,,,,,,,,,,,,,,,,,,,,,,,,,,,,,,,,,,,,,,,,,,,,,,,,,,,,,,,,,,,,,,,,,,,,,,,,,,,,,,,,,,,,,,,,,,,,,,,,,,,,,,,,,,,,,,,,,,,,,,,,,,,,,,,,,,,,,,,,,,,,,,,,,,,,,,,,,,,,,,,,,,,,,,,,,,,,,,,,,,,,,,,,,,,,,,,,,,,,,,,,,,,,,,,,,,,,,,,,,,,,,,,,,,,,,,,,,,,,,,,,,,,,,,,,,,,,,,,,,,,,,,,,,,,,,,,,,,,,,,,,,,,,,,,,,,,,,,,
322,21k1v1rs,,0,0,18,,,,0,,,0.0,,,,,,,,,,,,,,vjx2fex2,,,,,0,1.0,https://app.prolific.com/submissions/complete?cc=C1BTHULB,0.0,Experiment_1_Persistence,322,,0.0,,1,1,322,,0.0,,,,,,,,,,,,,,,1,1,322,,0.0,,,,,,,,,,1,1,322,,0.0,,,,,,,,,,,,,,,,,,1,1,322,,0.0,,,,,,,,,,,,,1,1,322,,0.0,0,0,0,0,0,0,0,0,0,,,,,1,1,,,,,,,,,,,,,,,,,,,,,,,,,,,,,,,,,,,,,,,,,,,,,,,,,,,,,,,,,,,,,,,,,,,,,,,,,,,,,,,,,,,,,,,,,,,,,,,,,,,,,,,,,,,,,,,,,,,,,,,,,,,,,,,,,,,,,,,,,,,,,,,,,,,,,,,,,,,,,,,,,,,,,,,,,,,,,,,,,,,,,,,,,,,,,,,,,,,,,,,,,,,,,,,,,,,,,,,,,,,,,,,,,,,,,,,,,,,,,,,,,,,,,,,,,,,,,,,,,,,,,,,,,,,,,,,,,,,,,,,,,,,,,,,,,,,,,,,,,,,,,,,,,,,,,,,,,,,
323,5ch21ivl,,0,0,18,,,,0,,,0.0,,,,,,,,,,,,,,vjx2fex2,,,,,0,1.0,https://app.prolific.com/submissions/complete?cc=C1BTHULB,0.0,Experiment_1_Persistence,323,,0.0,,1,1,323,,0.0,,,,,,,,,,,,,,,1,1,323,,0.0,,,,,,,,,,1,1,323,,0.0,,,,,,,,,,,,,,,,,,1,1,323,,0.0,,,,,,,,,,,,,1,1,323,,0.0,0,0,0,0,0,0,0,0,0,,,,,1,1,,,,,,,,,,,,,,,,,,,,,,,,,,,,,,,,,,,,,,,,,,,,,,,,,,,,,,,,,,,,,,,,,,,,,,,,,,,,,,,,,,,,,,,,,,,,,,,,,,,,,,,,,,,,,,,,,,,,,,,,,,,,,,,,,,,,,,,,,,,,,,,,,,,,,,,,,,,,,,,,,,,,,,,,,,,,,,,,,,,,,,,,,,,,,,,,,,,,,,,,,,,,,,,,,,,,,,,,,,,,,,,,,,,,,,,,,,,,,,,,,,,,,,,,,,,,,,,,,,,,,,,,,,,,,,,,,,,,,,,,,,,,,,,,,,,,,,,,,,,,,,,,,,,,,,,,,,,
324,i2y4ysz3,,0,0,18,,,,0,,,0.0,,,,,,,,,,,,,,vjx2fex2,,,,,0,1.0,https://app.prolific.com/submissions/complete?cc=C1BTHULB,0.0,Experiment_1_Persistence,324,,0.0,,1,1,324,,0.0,,,,,,,,,,,,,,,1,1,324,,0.0,,,,,,,,,,1,1,324,,0.0,,,,,,,,,,,,,,,,,,1,1,324,,0.0,,,,,,,,,,,,,1,1,324,,0.0,0,0,0,0,0,0,0,0,0,,,,,1,1,,,,,,,,,,,,,,,,,,,,,,,,,,,,,,,,,,,,,,,,,,,,,,,,,,,,,,,,,,,,,,,,,,,,,,,,,,,,,,,,,,,,,,,,,,,,,,,,,,,,,,,,,,,,,,,,,,,,,,,,,,,,,,,,,,,,,,,,,,,,,,,,,,,,,,,,,,,,,,,,,,,,,,,,,,,,,,,,,,,,,,,,,,,,,,,,,,,,,,,,,,,,,,,,,,,,,,,,,,,,,,,,,,,,,,,,,,,,,,,,,,,,,,,,,,,,,,,,,,,,,,,,,,,,,,,,,,,,,,,,,,,,,,,,,,,,,,,,,,,,,,,,,,,,,,,,,,,
325,q7f301w9,,0,0,18,,,,0,,,0.0,,,,,,,,,,,,,,vjx2fex2,,,,,0,1.0,https://app.prolific.com/submissions/complete?cc=C1BTHULB,0.0,Experiment_1_Persistence,325,,0.0,,1,1,325,,0.0,,,,,,,,,,,,,,,1,1,325,,0.0,,,,,,,,,,1,1,325,,0.0,,,,,,,,,,,,,,,,,,1,1,325,,0.0,,,,,,,,,,,,,1,1,325,,0.0,0,0,0,0,0,0,0,0,0,,,,,1,1,,,,,,,,,,,,,,,,,,,,,,,,,,,,,,,,,,,,,,,,,,,,,,,,,,,,,,,,,,,,,,,,,,,,,,,,,,,,,,,,,,,,,,,,,,,,,,,,,,,,,,,,,,,,,,,,,,,,,,,,,,,,,,,,,,,,,,,,,,,,,,,,,,,,,,,,,,,,,,,,,,,,,,,,,,,,,,,,,,,,,,,,,,,,,,,,,,,,,,,,,,,,,,,,,,,,,,,,,,,,,,,,,,,,,,,,,,,,,,,,,,,,,,,,,,,,,,,,,,,,,,,,,,,,,,,,,,,,,,,,,,,,,,,,,,,,,,,,,,,,,,,,,,,,,,,,,,,
326,4uemtv1q,,0,0,18,,,,0,,,0.0,,,,,,,,,,,,,,vjx2fex2,,,,,0,1.0,https://app.prolific.com/submissions/complete?cc=C1BTHULB,0.0,Experiment_1_Persistence,326,,0.0,,1,1,326,,0.0,,,,,,,,,,,,,,,1,1,326,,0.0,,,,,,,,,,1,1,326,,0.0,,,,,,,,,,,,,,,,,,1,1,326,,0.0,,,,,,,,,,,,,1,1,326,,0.0,0,0,0,0,0,0,0,0,0,,,,,1,1,,,,,,,,,,,,,,,,,,,,,,,,,,,,,,,,,,,,,,,,,,,,,,,,,,,,,,,,,,,,,,,,,,,,,,,,,,,,,,,,,,,,,,,,,,,,,,,,,,,,,,,,,,,,,,,,,,,,,,,,,,,,,,,,,,,,,,,,,,,,,,,,,,,,,,,,,,,,,,,,,,,,,,,,,,,,,,,,,,,,,,,,,,,,,,,,,,,,,,,,,,,,,,,,,,,,,,,,,,,,,,,,,,,,,,,,,,,,,,,,,,,,,,,,,,,,,,,,,,,,,,,,,,,,,,,,,,,,,,,,,,,,,,,,,,,,,,,,,,,,,,,,,,,,,,,,,,,
327,erkmcepr,,0,0,18,,,,0,,,0.0,,,,,,,,,,,,,,vjx2fex2,,,,,0,1.0,https://app.prolific.com/submissions/complete?cc=C1BTHULB,0.0,Experiment_1_Persistence,327,,0.0,,1,1,327,,0.0,,,,,,,,,,,,,,,1,1,327,,0.0,,,,,,,,,,1,1,327,,0.0,,,,,,,,,,,,,,,,,,1,1,327,,0.0,,,,,,,,,,,,,1,1,327,,0.0,0,0,0,0,0,0,0,0,0,,,,,1,1,,,,,,,,,,,,,,,,,,,,,,,,,,,,,,,,,,,,,,,,,,,,,,,,,,,,,,,,,,,,,,,,,,,,,,,,,,,,,,,,,,,,,,,,,,,,,,,,,,,,,,,,,,,,,,,,,,,,,,,,,,,,,,,,,,,,,,,,,,,,,,,,,,,,,,,,,,,,,,,,,,,,,,,,,,,,,,,,,,,,,,,,,,,,,,,,,,,,,,,,,,,,,,,,,,,,,,,,,,,,,,,,,,,,,,,,,,,,,,,,,,,,,,,,,,,,,,,,,,,,,,,,,,,,,,,,,,,,,,,,,,,,,,,,,,,,,,,,,,,,,,,,,,,,,,,,,,,
328,mwfk3ck7,,0,0,18,,,,0,,,0.0,,,,,,,,,,,,,,vjx2fex2,,,,,0,1.0,https://app.prolific.com/submissions/complete?cc=C1BTHULB,0.0,Experiment_1_Persistence,328,,0.0,,1,1,328,,0.0,,,,,,,,,,,,,,,1,1,328,,0.0,,,,,,,,,,1,1,328,,0.0,,,,,,,,,,,,,,,,,,1,1,328,,0.0,,,,,,,,,,,,,1,1,328,,0.0,0,0,0,0,0,0,0,0,0,,,,,1,1,,,,,,,,,,,,,,,,,,,,,,,,,,,,,,,,,,,,,,,,,,,,,,,,,,,,,,,,,,,,,,,,,,,,,,,,,,,,,,,,,,,,,,,,,,,,,,,,,,,,,,,,,,,,,,,,,,,,,,,,,,,,,,,,,,,,,,,,,,,,,,,,,,,,,,,,,,,,,,,,,,,,,,,,,,,,,,,,,,,,,,,,,,,,,,,,,,,,,,,,,,,,,,,,,,,,,,,,,,,,,,,,,,,,,,,,,,,,,,,,,,,,,,,,,,,,,,,,,,,,,,,,,,,,,,,,,,,,,,,,,,,,,,,,,,,,,,,,,,,,,,,,,,,,,,,,,,,
329,kvwqkx44,,0,0,18,,,,0,,,0.0,,,,,,,,,,,,,,vjx2fex2,,,,,0,1.0,https://app.prolific.com/submissions/complete?cc=C1BTHULB,0.0,Experiment_1_Persistence,329,,0.0,,1,1,329,,0.0,,,,,,,,,,,,,,,1,1,329,,0.0,,,,,,,,,,1,1,329,,0.0,,,,,,,,,,,,,,,,,,1,1,329,,0.0,,,,,,,,,,,,,1,1,329,,0.0,0,0,0,0,0,0,0,0,0,,,,,1,1,,,,,,,,,,,,,,,,,,,,,,,,,,,,,,,,,,,,,,,,,,,,,,,,,,,,,,,,,,,,,,,,,,,,,,,,,,,,,,,,,,,,,,,,,,,,,,,,,,,,,,,,,,,,,,,,,,,,,,,,,,,,,,,,,,,,,,,,,,,,,,,,,,,,,,,,,,,,,,,,,,,,,,,,,,,,,,,,,,,,,,,,,,,,,,,,,,,,,,,,,,,,,,,,,,,,,,,,,,,,,,,,,,,,,,,,,,,,,,,,,,,,,,,,,,,,,,,,,,,,,,,,,,,,,,,,,,,,,,,,,,,,,,,,,,,,,,,,,,,,,,,,,,,,,,,,,,,
330,3unos3td,,0,0,18,,,,0,,,0.0,,,,,,,,,,,,,,vjx2fex2,,,,,0,1.0,https://app.prolific.com/submissions/complete?cc=C1BTHULB,0.0,Experiment_1_Persistence,330,,0.0,,1,1,330,,0.0,,,,,,,,,,,,,,,1,1,330,,0.0,,,,,,,,,,1,1,330,,0.0,,,,,,,,,,,,,,,,,,1,1,330,,0.0,,,,,,,,,,,,,1,1,330,,0.0,0,0,0,0,0,0,0,0,0,,,,,1,1,,,,,,,,,,,,,,,,,,,,,,,,,,,,,,,,,,,,,,,,,,,,,,,,,,,,,,,,,,,,,,,,,,,,,,,,,,,,,,,,,,,,,,,,,,,,,,,,,,,,,,,,,,,,,,,,,,,,,,,,,,,,,,,,,,,,,,,,,,,,,,,,,,,,,,,,,,,,,,,,,,,,,,,,,,,,,,,,,,,,,,,,,,,,,,,,,,,,,,,,,,,,,,,,,,,,,,,,,,,,,,,,,,,,,,,,,,,,,,,,,,,,,,,,,,,,,,,,,,,,,,,,,,,,,,,,,,,,,,,,,,,,,,,,,,,,,,,,,,,,,,,,,,,,,,,,,,,
331,svk30mz0,,0,0,18,,,,0,,,0.0,,,,,,,,,,,,,,vjx2fex2,,,,,0,1.0,https://app.prolific.com/submissions/complete?cc=C1BTHULB,0.0,Experiment_1_Persistence,331,,0.0,,1,1,331,,0.0,,,,,,,,,,,,,,,1,1,331,,0.0,,,,,,,,,,1,1,331,,0.0,,,,,,,,,,,,,,,,,,1,1,331,,0.0,,,,,,,,,,,,,1,1,331,,0.0,0,0,0,0,0,0,0,0,0,,,,,1,1,,,,,,,,,,,,,,,,,,,,,,,,,,,,,,,,,,,,,,,,,,,,,,,,,,,,,,,,,,,,,,,,,,,,,,,,,,,,,,,,,,,,,,,,,,,,,,,,,,,,,,,,,,,,,,,,,,,,,,,,,,,,,,,,,,,,,,,,,,,,,,,,,,,,,,,,,,,,,,,,,,,,,,,,,,,,,,,,,,,,,,,,,,,,,,,,,,,,,,,,,,,,,,,,,,,,,,,,,,,,,,,,,,,,,,,,,,,,,,,,,,,,,,,,,,,,,,,,,,,,,,,,,,,,,,,,,,,,,,,,,,,,,,,,,,,,,,,,,,,,,,,,,,,,,,,,,,,
332,9xlcugk1,,0,0,18,,,,0,,,0.0,,,,,,,,,,,,,,vjx2fex2,,,,,0,1.0,https://app.prolific.com/submissions/complete?cc=C1BTHULB,0.0,Experiment_1_Persistence,332,,0.0,,1,1,332,,0.0,,,,,,,,,,,,,,,1,1,332,,0.0,,,,,,,,,,1,1,332,,0.0,,,,,,,,,,,,,,,,,,1,1,332,,0.0,,,,,,,,,,,,,1,1,332,,0.0,0,0,0,0,0,0,0,0,0,,,,,1,1,,,,,,,,,,,,,,,,,,,,,,,,,,,,,,,,,,,,,,,,,,,,,,,,,,,,,,,,,,,,,,,,,,,,,,,,,,,,,,,,,,,,,,,,,,,,,,,,,,,,,,,,,,,,,,,,,,,,,,,,,,,,,,,,,,,,,,,,,,,,,,,,,,,,,,,,,,,,,,,,,,,,,,,,,,,,,,,,,,,,,,,,,,,,,,,,,,,,,,,,,,,,,,,,,,,,,,,,,,,,,,,,,,,,,,,,,,,,,,,,,,,,,,,,,,,,,,,,,,,,,,,,,,,,,,,,,,,,,,,,,,,,,,,,,,,,,,,,,,,,,,,,,,,,,,,,,,,
333,mvmqahco,,0,0,18,,,,0,,,0.0,,,,,,,,,,,,,,vjx2fex2,,,,,0,1.0,https://app.prolific.com/submissions/complete?cc=C1BTHULB,0.0,Experiment_1_Persistence,333,,0.0,,1,1,333,,0.0,,,,,,,,,,,,,,,1,1,333,,0.0,,,,,,,,,,1,1,333,,0.0,,,,,,,,,,,,,,,,,,1,1,333,,0.0,,,,,,,,,,,,,1,1,333,,0.0,0,0,0,0,0,0,0,0,0,,,,,1,1,,,,,,,,,,,,,,,,,,,,,,,,,,,,,,,,,,,,,,,,,,,,,,,,,,,,,,,,,,,,,,,,,,,,,,,,,,,,,,,,,,,,,,,,,,,,,,,,,,,,,,,,,,,,,,,,,,,,,,,,,,,,,,,,,,,,,,,,,,,,,,,,,,,,,,,,,,,,,,,,,,,,,,,,,,,,,,,,,,,,,,,,,,,,,,,,,,,,,,,,,,,,,,,,,,,,,,,,,,,,,,,,,,,,,,,,,,,,,,,,,,,,,,,,,,,,,,,,,,,,,,,,,,,,,,,,,,,,,,,,,,,,,,,,,,,,,,,,,,,,,,,,,,,,,,,,,,,
334,0p2w4on6,,0,0,18,,,,0,,,0.0,,,,,,,,,,,,,,vjx2fex2,,,,,0,1.0,https://app.prolific.com/submissions/complete?cc=C1BTHULB,0.0,Experiment_1_Persistence,334,,0.0,,1,1,334,,0.0,,,,,,,,,,,,,,,1,1,334,,0.0,,,,,,,,,,1,1,334,,0.0,,,,,,,,,,,,,,,,,,1,1,334,,0.0,,,,,,,,,,,,,1,1,334,,0.0,0,0,0,0,0,0,0,0,0,,,,,1,1,,,,,,,,,,,,,,,,,,,,,,,,,,,,,,,,,,,,,,,,,,,,,,,,,,,,,,,,,,,,,,,,,,,,,,,,,,,,,,,,,,,,,,,,,,,,,,,,,,,,,,,,,,,,,,,,,,,,,,,,,,,,,,,,,,,,,,,,,,,,,,,,,,,,,,,,,,,,,,,,,,,,,,,,,,,,,,,,,,,,,,,,,,,,,,,,,,,,,,,,,,,,,,,,,,,,,,,,,,,,,,,,,,,,,,,,,,,,,,,,,,,,,,,,,,,,,,,,,,,,,,,,,,,,,,,,,,,,,,,,,,,,,,,,,,,,,,,,,,,,,,,,,,,,,,,,,,,
335,4t8yl0f3,,0,0,18,,,,0,,,0.0,,,,,,,,,,,,,,vjx2fex2,,,,,0,1.0,https://app.prolific.com/submissions/complete?cc=C1BTHULB,0.0,Experiment_1_Persistence,335,,0.0,,1,1,335,,0.0,,,,,,,,,,,,,,,1,1,335,,0.0,,,,,,,,,,1,1,335,,0.0,,,,,,,,,,,,,,,,,,1,1,335,,0.0,,,,,,,,,,,,,1,1,335,,0.0,0,0,0,0,0,0,0,0,0,,,,,1,1,,,,,,,,,,,,,,,,,,,,,,,,,,,,,,,,,,,,,,,,,,,,,,,,,,,,,,,,,,,,,,,,,,,,,,,,,,,,,,,,,,,,,,,,,,,,,,,,,,,,,,,,,,,,,,,,,,,,,,,,,,,,,,,,,,,,,,,,,,,,,,,,,,,,,,,,,,,,,,,,,,,,,,,,,,,,,,,,,,,,,,,,,,,,,,,,,,,,,,,,,,,,,,,,,,,,,,,,,,,,,,,,,,,,,,,,,,,,,,,,,,,,,,,,,,,,,,,,,,,,,,,,,,,,,,,,,,,,,,,,,,,,,,,,,,,,,,,,,,,,,,,,,,,,,,,,,,,
336,iv66fls2,,0,0,18,,,,0,,,0.0,,,,,,,,,,,,,,vjx2fex2,,,,,0,1.0,https://app.prolific.com/submissions/complete?cc=C1BTHULB,0.0,Experiment_1_Persistence,336,,0.0,,1,1,336,,0.0,,,,,,,,,,,,,,,1,1,336,,0.0,,,,,,,,,,1,1,336,,0.0,,,,,,,,,,,,,,,,,,1,1,336,,0.0,,,,,,,,,,,,,1,1,336,,0.0,0,0,0,0,0,0,0,0,0,,,,,1,1,,,,,,,,,,,,,,,,,,,,,,,,,,,,,,,,,,,,,,,,,,,,,,,,,,,,,,,,,,,,,,,,,,,,,,,,,,,,,,,,,,,,,,,,,,,,,,,,,,,,,,,,,,,,,,,,,,,,,,,,,,,,,,,,,,,,,,,,,,,,,,,,,,,,,,,,,,,,,,,,,,,,,,,,,,,,,,,,,,,,,,,,,,,,,,,,,,,,,,,,,,,,,,,,,,,,,,,,,,,,,,,,,,,,,,,,,,,,,,,,,,,,,,,,,,,,,,,,,,,,,,,,,,,,,,,,,,,,,,,,,,,,,,,,,,,,,,,,,,,,,,,,,,,,,,,,,,,
337,p3lc3l0x,,0,0,18,,,,0,,,0.0,,,,,,,,,,,,,,vjx2fex2,,,,,0,1.0,https://app.prolific.com/submissions/complete?cc=C1BTHULB,0.0,Experiment_1_Persistence,337,,0.0,,1,1,337,,0.0,,,,,,,,,,,,,,,1,1,337,,0.0,,,,,,,,,,1,1,337,,0.0,,,,,,,,,,,,,,,,,,1,1,337,,0.0,,,,,,,,,,,,,1,1,337,,0.0,0,0,0,0,0,0,0,0,0,,,,,1,1,,,,,,,,,,,,,,,,,,,,,,,,,,,,,,,,,,,,,,,,,,,,,,,,,,,,,,,,,,,,,,,,,,,,,,,,,,,,,,,,,,,,,,,,,,,,,,,,,,,,,,,,,,,,,,,,,,,,,,,,,,,,,,,,,,,,,,,,,,,,,,,,,,,,,,,,,,,,,,,,,,,,,,,,,,,,,,,,,,,,,,,,,,,,,,,,,,,,,,,,,,,,,,,,,,,,,,,,,,,,,,,,,,,,,,,,,,,,,,,,,,,,,,,,,,,,,,,,,,,,,,,,,,,,,,,,,,,,,,,,,,,,,,,,,,,,,,,,,,,,,,,,,,,,,,,,,,,
338,nh05xt7u,,0,0,18,,,,0,,,0.0,,,,,,,,,,,,,,vjx2fex2,,,,,0,1.0,https://app.prolific.com/submissions/complete?cc=C1BTHULB,0.0,Experiment_1_Persistence,338,,0.0,,1,1,338,,0.0,,,,,,,,,,,,,,,1,1,338,,0.0,,,,,,,,,,1,1,338,,0.0,,,,,,,,,,,,,,,,,,1,1,338,,0.0,,,,,,,,,,,,,1,1,338,,0.0,0,0,0,0,0,0,0,0,0,,,,,1,1,,,,,,,,,,,,,,,,,,,,,,,,,,,,,,,,,,,,,,,,,,,,,,,,,,,,,,,,,,,,,,,,,,,,,,,,,,,,,,,,,,,,,,,,,,,,,,,,,,,,,,,,,,,,,,,,,,,,,,,,,,,,,,,,,,,,,,,,,,,,,,,,,,,,,,,,,,,,,,,,,,,,,,,,,,,,,,,,,,,,,,,,,,,,,,,,,,,,,,,,,,,,,,,,,,,,,,,,,,,,,,,,,,,,,,,,,,,,,,,,,,,,,,,,,,,,,,,,,,,,,,,,,,,,,,,,,,,,,,,,,,,,,,,,,,,,,,,,,,,,,,,,,,,,,,,,,,,
339,3dh88pp9,,0,0,18,,,,0,,,0.0,,,,,,,,,,,,,,vjx2fex2,,,,,0,1.0,https://app.prolific.com/submissions/complete?cc=C1BTHULB,0.0,Experiment_1_Persistence,339,,0.0,,1,1,339,,0.0,,,,,,,,,,,,,,,1,1,339,,0.0,,,,,,,,,,1,1,339,,0.0,,,,,,,,,,,,,,,,,,1,1,339,,0.0,,,,,,,,,,,,,1,1,339,,0.0,0,0,0,0,0,0,0,0,0,,,,,1,1,,,,,,,,,,,,,,,,,,,,,,,,,,,,,,,,,,,,,,,,,,,,,,,,,,,,,,,,,,,,,,,,,,,,,,,,,,,,,,,,,,,,,,,,,,,,,,,,,,,,,,,,,,,,,,,,,,,,,,,,,,,,,,,,,,,,,,,,,,,,,,,,,,,,,,,,,,,,,,,,,,,,,,,,,,,,,,,,,,,,,,,,,,,,,,,,,,,,,,,,,,,,,,,,,,,,,,,,,,,,,,,,,,,,,,,,,,,,,,,,,,,,,,,,,,,,,,,,,,,,,,,,,,,,,,,,,,,,,,,,,,,,,,,,,,,,,,,,,,,,,,,,,,,,,,,,,,,
340,dpnuumog,,0,0,18,,,,0,,,0.0,,,,,,,,,,,,,,vjx2fex2,,,,,0,1.0,https://app.prolific.com/submissions/complete?cc=C1BTHULB,0.0,Experiment_1_Persistence,340,,0.0,,1,1,340,,0.0,,,,,,,,,,,,,,,1,1,340,,0.0,,,,,,,,,,1,1,340,,0.0,,,,,,,,,,,,,,,,,,1,1,340,,0.0,,,,,,,,,,,,,1,1,340,,0.0,0,0,0,0,0,0,0,0,0,,,,,1,1,,,,,,,,,,,,,,,,,,,,,,,,,,,,,,,,,,,,,,,,,,,,,,,,,,,,,,,,,,,,,,,,,,,,,,,,,,,,,,,,,,,,,,,,,,,,,,,,,,,,,,,,,,,,,,,,,,,,,,,,,,,,,,,,,,,,,,,,,,,,,,,,,,,,,,,,,,,,,,,,,,,,,,,,,,,,,,,,,,,,,,,,,,,,,,,,,,,,,,,,,,,,,,,,,,,,,,,,,,,,,,,,,,,,,,,,,,,,,,,,,,,,,,,,,,,,,,,,,,,,,,,,,,,,,,,,,,,,,,,,,,,,,,,,,,,,,,,,,,,,,,,,,,,,,,,,,,,
341,0snz6moh,,0,0,18,,,,0,,,0.0,,,,,,,,,,,,,,vjx2fex2,,,,,0,1.0,https://app.prolific.com/submissions/complete?cc=C1BTHULB,0.0,Experiment_1_Persistence,341,,0.0,,1,1,341,,0.0,,,,,,,,,,,,,,,1,1,341,,0.0,,,,,,,,,,1,1,341,,0.0,,,,,,,,,,,,,,,,,,1,1,341,,0.0,,,,,,,,,,,,,1,1,341,,0.0,0,0,0,0,0,0,0,0,0,,,,,1,1,,,,,,,,,,,,,,,,,,,,,,,,,,,,,,,,,,,,,,,,,,,,,,,,,,,,,,,,,,,,,,,,,,,,,,,,,,,,,,,,,,,,,,,,,,,,,,,,,,,,,,,,,,,,,,,,,,,,,,,,,,,,,,,,,,,,,,,,,,,,,,,,,,,,,,,,,,,,,,,,,,,,,,,,,,,,,,,,,,,,,,,,,,,,,,,,,,,,,,,,,,,,,,,,,,,,,,,,,,,,,,,,,,,,,,,,,,,,,,,,,,,,,,,,,,,,,,,,,,,,,,,,,,,,,,,,,,,,,,,,,,,,,,,,,,,,,,,,,,,,,,,,,,,,,,,,,,,
342,rqcapqbs,,0,0,18,,,,0,,,0.0,,,,,,,,,,,,,,vjx2fex2,,,,,0,1.0,https://app.prolific.com/submissions/complete?cc=C1BTHULB,0.0,Experiment_1_Persistence,342,,0.0,,1,1,342,,0.0,,,,,,,,,,,,,,,1,1,342,,0.0,,,,,,,,,,1,1,342,,0.0,,,,,,,,,,,,,,,,,,1,1,342,,0.0,,,,,,,,,,,,,1,1,342,,0.0,0,0,0,0,0,0,0,0,0,,,,,1,1,,,,,,,,,,,,,,,,,,,,,,,,,,,,,,,,,,,,,,,,,,,,,,,,,,,,,,,,,,,,,,,,,,,,,,,,,,,,,,,,,,,,,,,,,,,,,,,,,,,,,,,,,,,,,,,,,,,,,,,,,,,,,,,,,,,,,,,,,,,,,,,,,,,,,,,,,,,,,,,,,,,,,,,,,,,,,,,,,,,,,,,,,,,,,,,,,,,,,,,,,,,,,,,,,,,,,,,,,,,,,,,,,,,,,,,,,,,,,,,,,,,,,,,,,,,,,,,,,,,,,,,,,,,,,,,,,,,,,,,,,,,,,,,,,,,,,,,,,,,,,,,,,,,,,,,,,,,
343,bbhbupl9,,0,0,18,,,,0,,,0.0,,,,,,,,,,,,,,vjx2fex2,,,,,0,1.0,https://app.prolific.com/submissions/complete?cc=C1BTHULB,0.0,Experiment_1_Persistence,343,,0.0,,1,1,343,,0.0,,,,,,,,,,,,,,,1,1,343,,0.0,,,,,,,,,,1,1,343,,0.0,,,,,,,,,,,,,,,,,,1,1,343,,0.0,,,,,,,,,,,,,1,1,343,,0.0,0,0,0,0,0,0,0,0,0,,,,,1,1,,,,,,,,,,,,,,,,,,,,,,,,,,,,,,,,,,,,,,,,,,,,,,,,,,,,,,,,,,,,,,,,,,,,,,,,,,,,,,,,,,,,,,,,,,,,,,,,,,,,,,,,,,,,,,,,,,,,,,,,,,,,,,,,,,,,,,,,,,,,,,,,,,,,,,,,,,,,,,,,,,,,,,,,,,,,,,,,,,,,,,,,,,,,,,,,,,,,,,,,,,,,,,,,,,,,,,,,,,,,,,,,,,,,,,,,,,,,,,,,,,,,,,,,,,,,,,,,,,,,,,,,,,,,,,,,,,,,,,,,,,,,,,,,,,,,,,,,,,,,,,,,,,,,,,,,,,,
344,ib32xaqw,,0,0,18,,,,0,,,0.0,,,,,,,,,,,,,,vjx2fex2,,,,,0,1.0,https://app.prolific.com/submissions/complete?cc=C1BTHULB,0.0,Experiment_1_Persistence,344,,0.0,,1,1,344,,0.0,,,,,,,,,,,,,,,1,1,344,,0.0,,,,,,,,,,1,1,344,,0.0,,,,,,,,,,,,,,,,,,1,1,344,,0.0,,,,,,,,,,,,,1,1,344,,0.0,0,0,0,0,0,0,0,0,0,,,,,1,1,,,,,,,,,,,,,,,,,,,,,,,,,,,,,,,,,,,,,,,,,,,,,,,,,,,,,,,,,,,,,,,,,,,,,,,,,,,,,,,,,,,,,,,,,,,,,,,,,,,,,,,,,,,,,,,,,,,,,,,,,,,,,,,,,,,,,,,,,,,,,,,,,,,,,,,,,,,,,,,,,,,,,,,,,,,,,,,,,,,,,,,,,,,,,,,,,,,,,,,,,,,,,,,,,,,,,,,,,,,,,,,,,,,,,,,,,,,,,,,,,,,,,,,,,,,,,,,,,,,,,,,,,,,,,,,,,,,,,,,,,,,,,,,,,,,,,,,,,,,,,,,,,,,,,,,,,,,
345,mcdoifx0,,0,0,18,,,,0,,,0.0,,,,,,,,,,,,,,vjx2fex2,,,,,0,1.0,https://app.prolific.com/submissions/complete?cc=C1BTHULB,0.0,Experiment_1_Persistence,345,,0.0,,1,1,345,,0.0,,,,,,,,,,,,,,,1,1,345,,0.0,,,,,,,,,,1,1,345,,0.0,,,,,,,,,,,,,,,,,,1,1,345,,0.0,,,,,,,,,,,,,1,1,345,,0.0,0,0,0,0,0,0,0,0,0,,,,,1,1,,,,,,,,,,,,,,,,,,,,,,,,,,,,,,,,,,,,,,,,,,,,,,,,,,,,,,,,,,,,,,,,,,,,,,,,,,,,,,,,,,,,,,,,,,,,,,,,,,,,,,,,,,,,,,,,,,,,,,,,,,,,,,,,,,,,,,,,,,,,,,,,,,,,,,,,,,,,,,,,,,,,,,,,,,,,,,,,,,,,,,,,,,,,,,,,,,,,,,,,,,,,,,,,,,,,,,,,,,,,,,,,,,,,,,,,,,,,,,,,,,,,,,,,,,,,,,,,,,,,,,,,,,,,,,,,,,,,,,,,,,,,,,,,,,,,,,,,,,,,,,,,,,,,,,,,,,,
346,20h38bbl,,0,0,18,,,,0,,,0.0,,,,,,,,,,,,,,vjx2fex2,,,,,0,1.0,https://app.prolific.com/submissions/complete?cc=C1BTHULB,0.0,Experiment_1_Persistence,346,,0.0,,1,1,346,,0.0,,,,,,,,,,,,,,,1,1,346,,0.0,,,,,,,,,,1,1,346,,0.0,,,,,,,,,,,,,,,,,,1,1,346,,0.0,,,,,,,,,,,,,1,1,346,,0.0,0,0,0,0,0,0,0,0,0,,,,,1,1,,,,,,,,,,,,,,,,,,,,,,,,,,,,,,,,,,,,,,,,,,,,,,,,,,,,,,,,,,,,,,,,,,,,,,,,,,,,,,,,,,,,,,,,,,,,,,,,,,,,,,,,,,,,,,,,,,,,,,,,,,,,,,,,,,,,,,,,,,,,,,,,,,,,,,,,,,,,,,,,,,,,,,,,,,,,,,,,,,,,,,,,,,,,,,,,,,,,,,,,,,,,,,,,,,,,,,,,,,,,,,,,,,,,,,,,,,,,,,,,,,,,,,,,,,,,,,,,,,,,,,,,,,,,,,,,,,,,,,,,,,,,,,,,,,,,,,,,,,,,,,,,,,,,,,,,,,,
347,xx2quwkv,,0,0,18,,,,0,,,0.0,,,,,,,,,,,,,,vjx2fex2,,,,,0,1.0,https://app.prolific.com/submissions/complete?cc=C1BTHULB,0.0,Experiment_1_Persistence,347,,0.0,,1,1,347,,0.0,,,,,,,,,,,,,,,1,1,347,,0.0,,,,,,,,,,1,1,347,,0.0,,,,,,,,,,,,,,,,,,1,1,347,,0.0,,,,,,,,,,,,,1,1,347,,0.0,0,0,0,0,0,0,0,0,0,,,,,1,1,,,,,,,,,,,,,,,,,,,,,,,,,,,,,,,,,,,,,,,,,,,,,,,,,,,,,,,,,,,,,,,,,,,,,,,,,,,,,,,,,,,,,,,,,,,,,,,,,,,,,,,,,,,,,,,,,,,,,,,,,,,,,,,,,,,,,,,,,,,,,,,,,,,,,,,,,,,,,,,,,,,,,,,,,,,,,,,,,,,,,,,,,,,,,,,,,,,,,,,,,,,,,,,,,,,,,,,,,,,,,,,,,,,,,,,,,,,,,,,,,,,,,,,,,,,,,,,,,,,,,,,,,,,,,,,,,,,,,,,,,,,,,,,,,,,,,,,,,,,,,,,,,,,,,,,,,,,
348,squp6lw6,,0,0,18,,,,0,,,0.0,,,,,,,,,,,,,,vjx2fex2,,,,,0,1.0,https://app.prolific.com/submissions/complete?cc=C1BTHULB,0.0,Experiment_1_Persistence,348,,0.0,,1,1,348,,0.0,,,,,,,,,,,,,,,1,1,348,,0.0,,,,,,,,,,1,1,348,,0.0,,,,,,,,,,,,,,,,,,1,1,348,,0.0,,,,,,,,,,,,,1,1,348,,0.0,0,0,0,0,0,0,0,0,0,,,,,1,1,,,,,,,,,,,,,,,,,,,,,,,,,,,,,,,,,,,,,,,,,,,,,,,,,,,,,,,,,,,,,,,,,,,,,,,,,,,,,,,,,,,,,,,,,,,,,,,,,,,,,,,,,,,,,,,,,,,,,,,,,,,,,,,,,,,,,,,,,,,,,,,,,,,,,,,,,,,,,,,,,,,,,,,,,,,,,,,,,,,,,,,,,,,,,,,,,,,,,,,,,,,,,,,,,,,,,,,,,,,,,,,,,,,,,,,,,,,,,,,,,,,,,,,,,,,,,,,,,,,,,,,,,,,,,,,,,,,,,,,,,,,,,,,,,,,,,,,,,,,,,,,,,,,,,,,,,,,
349,pvenuzyz,,0,0,18,,,,0,,,0.0,,,,,,,,,,,,,,vjx2fex2,,,,,0,1.0,https://app.prolific.com/submissions/complete?cc=C1BTHULB,0.0,Experiment_1_Persistence,349,,0.0,,1,1,349,,0.0,,,,,,,,,,,,,,,1,1,349,,0.0,,,,,,,,,,1,1,349,,0.0,,,,,,,,,,,,,,,,,,1,1,349,,0.0,,,,,,,,,,,,,1,1,349,,0.0,0,0,0,0,0,0,0,0,0,,,,,1,1,,,,,,,,,,,,,,,,,,,,,,,,,,,,,,,,,,,,,,,,,,,,,,,,,,,,,,,,,,,,,,,,,,,,,,,,,,,,,,,,,,,,,,,,,,,,,,,,,,,,,,,,,,,,,,,,,,,,,,,,,,,,,,,,,,,,,,,,,,,,,,,,,,,,,,,,,,,,,,,,,,,,,,,,,,,,,,,,,,,,,,,,,,,,,,,,,,,,,,,,,,,,,,,,,,,,,,,,,,,,,,,,,,,,,,,,,,,,,,,,,,,,,,,,,,,,,,,,,,,,,,,,,,,,,,,,,,,,,,,,,,,,,,,,,,,,,,,,,,,,,,,,,,,,,,,,,,,
350,35dtcey9,,0,0,18,,,,0,,,0.0,,,,,,,,,,,,,,vjx2fex2,,,,,0,1.0,https://app.prolific.com/submissions/complete?cc=C1BTHULB,0.0,Experiment_1_Persistence,350,,0.0,,1,1,350,,0.0,,,,,,,,,,,,,,,1,1,350,,0.0,,,,,,,,,,1,1,350,,0.0,,,,,,,,,,,,,,,,,,1,1,350,,0.0,,,,,,,,,,,,,1,1,350,,0.0,0,0,0,0,0,0,0,0,0,,,,,1,1,,,,,,,,,,,,,,,,,,,,,,,,,,,,,,,,,,,,,,,,,,,,,,,,,,,,,,,,,,,,,,,,,,,,,,,,,,,,,,,,,,,,,,,,,,,,,,,,,,,,,,,,,,,,,,,,,,,,,,,,,,,,,,,,,,,,,,,,,,,,,,,,,,,,,,,,,,,,,,,,,,,,,,,,,,,,,,,,,,,,,,,,,,,,,,,,,,,,,,,,,,,,,,,,,,,,,,,,,,,,,,,,,,,,,,,,,,,,,,,,,,,,,,,,,,,,,,,,,,,,,,,,,,,,,,,,,,,,,,,,,,,,,,,,,,,,,,,,,,,,,,,,,,,,,,,,,,,
351,knj86dm6,,0,0,18,,,,0,,,0.0,,,,,,,,,,,,,,vjx2fex2,,,,,0,1.0,https://app.prolific.com/submissions/complete?cc=C1BTHULB,0.0,Experiment_1_Persistence,351,,0.0,,1,1,351,,0.0,,,,,,,,,,,,,,,1,1,351,,0.0,,,,,,,,,,1,1,351,,0.0,,,,,,,,,,,,,,,,,,1,1,351,,0.0,,,,,,,,,,,,,1,1,351,,0.0,0,0,0,0,0,0,0,0,0,,,,,1,1,,,,,,,,,,,,,,,,,,,,,,,,,,,,,,,,,,,,,,,,,,,,,,,,,,,,,,,,,,,,,,,,,,,,,,,,,,,,,,,,,,,,,,,,,,,,,,,,,,,,,,,,,,,,,,,,,,,,,,,,,,,,,,,,,,,,,,,,,,,,,,,,,,,,,,,,,,,,,,,,,,,,,,,,,,,,,,,,,,,,,,,,,,,,,,,,,,,,,,,,,,,,,,,,,,,,,,,,,,,,,,,,,,,,,,,,,,,,,,,,,,,,,,,,,,,,,,,,,,,,,,,,,,,,,,,,,,,,,,,,,,,,,,,,,,,,,,,,,,,,,,,,,,,,,,,,,,,
352,90t45c8p,,0,0,18,,,,0,,,0.0,,,,,,,,,,,,,,vjx2fex2,,,,,0,1.0,https://app.prolific.com/submissions/complete?cc=C1BTHULB,0.0,Experiment_1_Persistence,352,,0.0,,1,1,352,,0.0,,,,,,,,,,,,,,,1,1,352,,0.0,,,,,,,,,,1,1,352,,0.0,,,,,,,,,,,,,,,,,,1,1,352,,0.0,,,,,,,,,,,,,1,1,352,,0.0,0,0,0,0,0,0,0,0,0,,,,,1,1,,,,,,,,,,,,,,,,,,,,,,,,,,,,,,,,,,,,,,,,,,,,,,,,,,,,,,,,,,,,,,,,,,,,,,,,,,,,,,,,,,,,,,,,,,,,,,,,,,,,,,,,,,,,,,,,,,,,,,,,,,,,,,,,,,,,,,,,,,,,,,,,,,,,,,,,,,,,,,,,,,,,,,,,,,,,,,,,,,,,,,,,,,,,,,,,,,,,,,,,,,,,,,,,,,,,,,,,,,,,,,,,,,,,,,,,,,,,,,,,,,,,,,,,,,,,,,,,,,,,,,,,,,,,,,,,,,,,,,,,,,,,,,,,,,,,,,,,,,,,,,,,,,,,,,,,,,,
353,xio7o9eg,,0,0,18,,,,0,,,0.0,,,,,,,,,,,,,,vjx2fex2,,,,,0,1.0,https://app.prolific.com/submissions/complete?cc=C1BTHULB,0.0,Experiment_1_Persistence,353,,0.0,,1,1,353,,0.0,,,,,,,,,,,,,,,1,1,353,,0.0,,,,,,,,,,1,1,353,,0.0,,,,,,,,,,,,,,,,,,1,1,353,,0.0,,,,,,,,,,,,,1,1,353,,0.0,0,0,0,0,0,0,0,0,0,,,,,1,1,,,,,,,,,,,,,,,,,,,,,,,,,,,,,,,,,,,,,,,,,,,,,,,,,,,,,,,,,,,,,,,,,,,,,,,,,,,,,,,,,,,,,,,,,,,,,,,,,,,,,,,,,,,,,,,,,,,,,,,,,,,,,,,,,,,,,,,,,,,,,,,,,,,,,,,,,,,,,,,,,,,,,,,,,,,,,,,,,,,,,,,,,,,,,,,,,,,,,,,,,,,,,,,,,,,,,,,,,,,,,,,,,,,,,,,,,,,,,,,,,,,,,,,,,,,,,,,,,,,,,,,,,,,,,,,,,,,,,,,,,,,,,,,,,,,,,,,,,,,,,,,,,,,,,,,,,,,
354,pmqzw23p,,0,0,18,,,,0,,,0.0,,,,,,,,,,,,,,vjx2fex2,,,,,0,1.0,https://app.prolific.com/submissions/complete?cc=C1BTHULB,0.0,Experiment_1_Persistence,354,,0.0,,1,1,354,,0.0,,,,,,,,,,,,,,,1,1,354,,0.0,,,,,,,,,,1,1,354,,0.0,,,,,,,,,,,,,,,,,,1,1,354,,0.0,,,,,,,,,,,,,1,1,354,,0.0,0,0,0,0,0,0,0,0,0,,,,,1,1,,,,,,,,,,,,,,,,,,,,,,,,,,,,,,,,,,,,,,,,,,,,,,,,,,,,,,,,,,,,,,,,,,,,,,,,,,,,,,,,,,,,,,,,,,,,,,,,,,,,,,,,,,,,,,,,,,,,,,,,,,,,,,,,,,,,,,,,,,,,,,,,,,,,,,,,,,,,,,,,,,,,,,,,,,,,,,,,,,,,,,,,,,,,,,,,,,,,,,,,,,,,,,,,,,,,,,,,,,,,,,,,,,,,,,,,,,,,,,,,,,,,,,,,,,,,,,,,,,,,,,,,,,,,,,,,,,,,,,,,,,,,,,,,,,,,,,,,,,,,,,,,,,,,,,,,,,,
355,xhhoivwh,,0,0,18,,,,0,,,0.0,,,,,,,,,,,,,,vjx2fex2,,,,,0,1.0,https://app.prolific.com/submissions/complete?cc=C1BTHULB,0.0,Experiment_1_Persistence,355,,0.0,,1,1,355,,0.0,,,,,,,,,,,,,,,1,1,355,,0.0,,,,,,,,,,1,1,355,,0.0,,,,,,,,,,,,,,,,,,1,1,355,,0.0,,,,,,,,,,,,,1,1,355,,0.0,0,0,0,0,0,0,0,0,0,,,,,1,1,,,,,,,,,,,,,,,,,,,,,,,,,,,,,,,,,,,,,,,,,,,,,,,,,,,,,,,,,,,,,,,,,,,,,,,,,,,,,,,,,,,,,,,,,,,,,,,,,,,,,,,,,,,,,,,,,,,,,,,,,,,,,,,,,,,,,,,,,,,,,,,,,,,,,,,,,,,,,,,,,,,,,,,,,,,,,,,,,,,,,,,,,,,,,,,,,,,,,,,,,,,,,,,,,,,,,,,,,,,,,,,,,,,,,,,,,,,,,,,,,,,,,,,,,,,,,,,,,,,,,,,,,,,,,,,,,,,,,,,,,,,,,,,,,,,,,,,,,,,,,,,,,,,,,,,,,,,
356,smhdcw6g,,0,0,18,,,,0,,,0.0,,,,,,,,,,,,,,vjx2fex2,,,,,0,1.0,https://app.prolific.com/submissions/complete?cc=C1BTHULB,0.0,Experiment_1_Persistence,356,,0.0,,1,1,356,,0.0,,,,,,,,,,,,,,,1,1,356,,0.0,,,,,,,,,,1,1,356,,0.0,,,,,,,,,,,,,,,,,,1,1,356,,0.0,,,,,,,,,,,,,1,1,356,,0.0,0,0,0,0,0,0,0,0,0,,,,,1,1,,,,,,,,,,,,,,,,,,,,,,,,,,,,,,,,,,,,,,,,,,,,,,,,,,,,,,,,,,,,,,,,,,,,,,,,,,,,,,,,,,,,,,,,,,,,,,,,,,,,,,,,,,,,,,,,,,,,,,,,,,,,,,,,,,,,,,,,,,,,,,,,,,,,,,,,,,,,,,,,,,,,,,,,,,,,,,,,,,,,,,,,,,,,,,,,,,,,,,,,,,,,,,,,,,,,,,,,,,,,,,,,,,,,,,,,,,,,,,,,,,,,,,,,,,,,,,,,,,,,,,,,,,,,,,,,,,,,,,,,,,,,,,,,,,,,,,,,,,,,,,,,,,,,,,,,,,,
357,f7vkgqot,,0,0,18,,,,0,,,0.0,,,,,,,,,,,,,,vjx2fex2,,,,,0,1.0,https://app.prolific.com/submissions/complete?cc=C1BTHULB,0.0,Experiment_1_Persistence,357,,0.0,,1,1,357,,0.0,,,,,,,,,,,,,,,1,1,357,,0.0,,,,,,,,,,1,1,357,,0.0,,,,,,,,,,,,,,,,,,1,1,357,,0.0,,,,,,,,,,,,,1,1,357,,0.0,0,0,0,0,0,0,0,0,0,,,,,1,1,,,,,,,,,,,,,,,,,,,,,,,,,,,,,,,,,,,,,,,,,,,,,,,,,,,,,,,,,,,,,,,,,,,,,,,,,,,,,,,,,,,,,,,,,,,,,,,,,,,,,,,,,,,,,,,,,,,,,,,,,,,,,,,,,,,,,,,,,,,,,,,,,,,,,,,,,,,,,,,,,,,,,,,,,,,,,,,,,,,,,,,,,,,,,,,,,,,,,,,,,,,,,,,,,,,,,,,,,,,,,,,,,,,,,,,,,,,,,,,,,,,,,,,,,,,,,,,,,,,,,,,,,,,,,,,,,,,,,,,,,,,,,,,,,,,,,,,,,,,,,,,,,,,,,,,,,,,
358,91tdjor3,,0,0,18,,,,0,,,0.0,,,,,,,,,,,,,,vjx2fex2,,,,,0,1.0,https://app.prolific.com/submissions/complete?cc=C1BTHULB,0.0,Experiment_1_Persistence,358,,0.0,,1,1,358,,0.0,,,,,,,,,,,,,,,1,1,358,,0.0,,,,,,,,,,1,1,358,,0.0,,,,,,,,,,,,,,,,,,1,1,358,,0.0,,,,,,,,,,,,,1,1,358,,0.0,0,0,0,0,0,0,0,0,0,,,,,1,1,,,,,,,,,,,,,,,,,,,,,,,,,,,,,,,,,,,,,,,,,,,,,,,,,,,,,,,,,,,,,,,,,,,,,,,,,,,,,,,,,,,,,,,,,,,,,,,,,,,,,,,,,,,,,,,,,,,,,,,,,,,,,,,,,,,,,,,,,,,,,,,,,,,,,,,,,,,,,,,,,,,,,,,,,,,,,,,,,,,,,,,,,,,,,,,,,,,,,,,,,,,,,,,,,,,,,,,,,,,,,,,,,,,,,,,,,,,,,,,,,,,,,,,,,,,,,,,,,,,,,,,,,,,,,,,,,,,,,,,,,,,,,,,,,,,,,,,,,,,,,,,,,,,,,,,,,,,
359,enxcdxnf,,0,0,18,,,,0,,,0.0,,,,,,,,,,,,,,vjx2fex2,,,,,0,1.0,https://app.prolific.com/submissions/complete?cc=C1BTHULB,0.0,Experiment_1_Persistence,359,,0.0,,1,1,359,,0.0,,,,,,,,,,,,,,,1,1,359,,0.0,,,,,,,,,,1,1,359,,0.0,,,,,,,,,,,,,,,,,,1,1,359,,0.0,,,,,,,,,,,,,1,1,359,,0.0,0,0,0,0,0,0,0,0,0,,,,,1,1,,,,,,,,,,,,,,,,,,,,,,,,,,,,,,,,,,,,,,,,,,,,,,,,,,,,,,,,,,,,,,,,,,,,,,,,,,,,,,,,,,,,,,,,,,,,,,,,,,,,,,,,,,,,,,,,,,,,,,,,,,,,,,,,,,,,,,,,,,,,,,,,,,,,,,,,,,,,,,,,,,,,,,,,,,,,,,,,,,,,,,,,,,,,,,,,,,,,,,,,,,,,,,,,,,,,,,,,,,,,,,,,,,,,,,,,,,,,,,,,,,,,,,,,,,,,,,,,,,,,,,,,,,,,,,,,,,,,,,,,,,,,,,,,,,,,,,,,,,,,,,,,,,,,,,,,,,,
360,31g1rbkr,,0,0,18,,,,0,,,0.0,,,,,,,,,,,,,,vjx2fex2,,,,,0,1.0,https://app.prolific.com/submissions/complete?cc=C1BTHULB,0.0,Experiment_1_Persistence,360,,0.0,,1,1,360,,0.0,,,,,,,,,,,,,,,1,1,360,,0.0,,,,,,,,,,1,1,360,,0.0,,,,,,,,,,,,,,,,,,1,1,360,,0.0,,,,,,,,,,,,,1,1,360,,0.0,0,0,0,0,0,0,0,0,0,,,,,1,1,,,,,,,,,,,,,,,,,,,,,,,,,,,,,,,,,,,,,,,,,,,,,,,,,,,,,,,,,,,,,,,,,,,,,,,,,,,,,,,,,,,,,,,,,,,,,,,,,,,,,,,,,,,,,,,,,,,,,,,,,,,,,,,,,,,,,,,,,,,,,,,,,,,,,,,,,,,,,,,,,,,,,,,,,,,,,,,,,,,,,,,,,,,,,,,,,,,,,,,,,,,,,,,,,,,,,,,,,,,,,,,,,,,,,,,,,,,,,,,,,,,,,,,,,,,,,,,,,,,,,,,,,,,,,,,,,,,,,,,,,,,,,,,,,,,,,,,,,,,,,,,,,,,,,,,,,,,
361,ro9em1fm,,0,0,18,,,,0,,,0.0,,,,,,,,,,,,,,vjx2fex2,,,,,0,1.0,https://app.prolific.com/submissions/complete?cc=C1BTHULB,0.0,Experiment_1_Persistence,361,,0.0,,1,1,361,,0.0,,,,,,,,,,,,,,,1,1,361,,0.0,,,,,,,,,,1,1,361,,0.0,,,,,,,,,,,,,,,,,,1,1,361,,0.0,,,,,,,,,,,,,1,1,361,,0.0,0,0,0,0,0,0,0,0,0,,,,,1,1,,,,,,,,,,,,,,,,,,,,,,,,,,,,,,,,,,,,,,,,,,,,,,,,,,,,,,,,,,,,,,,,,,,,,,,,,,,,,,,,,,,,,,,,,,,,,,,,,,,,,,,,,,,,,,,,,,,,,,,,,,,,,,,,,,,,,,,,,,,,,,,,,,,,,,,,,,,,,,,,,,,,,,,,,,,,,,,,,,,,,,,,,,,,,,,,,,,,,,,,,,,,,,,,,,,,,,,,,,,,,,,,,,,,,,,,,,,,,,,,,,,,,,,,,,,,,,,,,,,,,,,,,,,,,,,,,,,,,,,,,,,,,,,,,,,,,,,,,,,,,,,,,,,,,,,,,,,
362,x51r7pgr,,0,0,18,,,,0,,,0.0,,,,,,,,,,,,,,vjx2fex2,,,,,0,1.0,https://app.prolific.com/submissions/complete?cc=C1BTHULB,0.0,Experiment_1_Persistence,362,,0.0,,1,1,362,,0.0,,,,,,,,,,,,,,,1,1,362,,0.0,,,,,,,,,,1,1,362,,0.0,,,,,,,,,,,,,,,,,,1,1,362,,0.0,,,,,,,,,,,,,1,1,362,,0.0,0,0,0,0,0,0,0,0,0,,,,,1,1,,,,,,,,,,,,,,,,,,,,,,,,,,,,,,,,,,,,,,,,,,,,,,,,,,,,,,,,,,,,,,,,,,,,,,,,,,,,,,,,,,,,,,,,,,,,,,,,,,,,,,,,,,,,,,,,,,,,,,,,,,,,,,,,,,,,,,,,,,,,,,,,,,,,,,,,,,,,,,,,,,,,,,,,,,,,,,,,,,,,,,,,,,,,,,,,,,,,,,,,,,,,,,,,,,,,,,,,,,,,,,,,,,,,,,,,,,,,,,,,,,,,,,,,,,,,,,,,,,,,,,,,,,,,,,,,,,,,,,,,,,,,,,,,,,,,,,,,,,,,,,,,,,,,,,,,,,,
363,wgzjejmk,,0,0,18,,,,0,,,0.0,,,,,,,,,,,,,,vjx2fex2,,,,,0,1.0,https://app.prolific.com/submissions/complete?cc=C1BTHULB,0.0,Experiment_1_Persistence,363,,0.0,,1,1,363,,0.0,,,,,,,,,,,,,,,1,1,363,,0.0,,,,,,,,,,1,1,363,,0.0,,,,,,,,,,,,,,,,,,1,1,363,,0.0,,,,,,,,,,,,,1,1,363,,0.0,0,0,0,0,0,0,0,0,0,,,,,1,1,,,,,,,,,,,,,,,,,,,,,,,,,,,,,,,,,,,,,,,,,,,,,,,,,,,,,,,,,,,,,,,,,,,,,,,,,,,,,,,,,,,,,,,,,,,,,,,,,,,,,,,,,,,,,,,,,,,,,,,,,,,,,,,,,,,,,,,,,,,,,,,,,,,,,,,,,,,,,,,,,,,,,,,,,,,,,,,,,,,,,,,,,,,,,,,,,,,,,,,,,,,,,,,,,,,,,,,,,,,,,,,,,,,,,,,,,,,,,,,,,,,,,,,,,,,,,,,,,,,,,,,,,,,,,,,,,,,,,,,,,,,,,,,,,,,,,,,,,,,,,,,,,,,,,,,,,,,
364,t73eflpt,,0,0,18,,,,0,,,0.0,,,,,,,,,,,,,,vjx2fex2,,,,,0,1.0,https://app.prolific.com/submissions/complete?cc=C1BTHULB,0.0,Experiment_1_Persistence,364,,0.0,,1,1,364,,0.0,,,,,,,,,,,,,,,1,1,364,,0.0,,,,,,,,,,1,1,364,,0.0,,,,,,,,,,,,,,,,,,1,1,364,,0.0,,,,,,,,,,,,,1,1,364,,0.0,0,0,0,0,0,0,0,0,0,,,,,1,1,,,,,,,,,,,,,,,,,,,,,,,,,,,,,,,,,,,,,,,,,,,,,,,,,,,,,,,,,,,,,,,,,,,,,,,,,,,,,,,,,,,,,,,,,,,,,,,,,,,,,,,,,,,,,,,,,,,,,,,,,,,,,,,,,,,,,,,,,,,,,,,,,,,,,,,,,,,,,,,,,,,,,,,,,,,,,,,,,,,,,,,,,,,,,,,,,,,,,,,,,,,,,,,,,,,,,,,,,,,,,,,,,,,,,,,,,,,,,,,,,,,,,,,,,,,,,,,,,,,,,,,,,,,,,,,,,,,,,,,,,,,,,,,,,,,,,,,,,,,,,,,,,,,,,,,,,,,
365,9o265128,,0,0,18,,,,0,,,0.0,,,,,,,,,,,,,,vjx2fex2,,,,,0,1.0,https://app.prolific.com/submissions/complete?cc=C1BTHULB,0.0,Experiment_1_Persistence,365,,0.0,,1,1,365,,0.0,,,,,,,,,,,,,,,1,1,365,,0.0,,,,,,,,,,1,1,365,,0.0,,,,,,,,,,,,,,,,,,1,1,365,,0.0,,,,,,,,,,,,,1,1,365,,0.0,0,0,0,0,0,0,0,0,0,,,,,1,1,,,,,,,,,,,,,,,,,,,,,,,,,,,,,,,,,,,,,,,,,,,,,,,,,,,,,,,,,,,,,,,,,,,,,,,,,,,,,,,,,,,,,,,,,,,,,,,,,,,,,,,,,,,,,,,,,,,,,,,,,,,,,,,,,,,,,,,,,,,,,,,,,,,,,,,,,,,,,,,,,,,,,,,,,,,,,,,,,,,,,,,,,,,,,,,,,,,,,,,,,,,,,,,,,,,,,,,,,,,,,,,,,,,,,,,,,,,,,,,,,,,,,,,,,,,,,,,,,,,,,,,,,,,,,,,,,,,,,,,,,,,,,,,,,,,,,,,,,,,,,,,,,,,,,,,,,,,
366,do92lblq,,0,0,18,,,,0,,,0.0,,,,,,,,,,,,,,vjx2fex2,,,,,0,1.0,https://app.prolific.com/submissions/complete?cc=C1BTHULB,0.0,Experiment_1_Persistence,366,,0.0,,1,1,366,,0.0,,,,,,,,,,,,,,,1,1,366,,0.0,,,,,,,,,,1,1,366,,0.0,,,,,,,,,,,,,,,,,,1,1,366,,0.0,,,,,,,,,,,,,1,1,366,,0.0,0,0,0,0,0,0,0,0,0,,,,,1,1,,,,,,,,,,,,,,,,,,,,,,,,,,,,,,,,,,,,,,,,,,,,,,,,,,,,,,,,,,,,,,,,,,,,,,,,,,,,,,,,,,,,,,,,,,,,,,,,,,,,,,,,,,,,,,,,,,,,,,,,,,,,,,,,,,,,,,,,,,,,,,,,,,,,,,,,,,,,,,,,,,,,,,,,,,,,,,,,,,,,,,,,,,,,,,,,,,,,,,,,,,,,,,,,,,,,,,,,,,,,,,,,,,,,,,,,,,,,,,,,,,,,,,,,,,,,,,,,,,,,,,,,,,,,,,,,,,,,,,,,,,,,,,,,,,,,,,,,,,,,,,,,,,,,,,,,,,,
367,g11a959a,,0,0,18,,,,0,,,0.0,,,,,,,,,,,,,,vjx2fex2,,,,,0,1.0,https://app.prolific.com/submissions/complete?cc=C1BTHULB,0.0,Experiment_1_Persistence,367,,0.0,,1,1,367,,0.0,,,,,,,,,,,,,,,1,1,367,,0.0,,,,,,,,,,1,1,367,,0.0,,,,,,,,,,,,,,,,,,1,1,367,,0.0,,,,,,,,,,,,,1,1,367,,0.0,0,0,0,0,0,0,0,0,0,,,,,1,1,,,,,,,,,,,,,,,,,,,,,,,,,,,,,,,,,,,,,,,,,,,,,,,,,,,,,,,,,,,,,,,,,,,,,,,,,,,,,,,,,,,,,,,,,,,,,,,,,,,,,,,,,,,,,,,,,,,,,,,,,,,,,,,,,,,,,,,,,,,,,,,,,,,,,,,,,,,,,,,,,,,,,,,,,,,,,,,,,,,,,,,,,,,,,,,,,,,,,,,,,,,,,,,,,,,,,,,,,,,,,,,,,,,,,,,,,,,,,,,,,,,,,,,,,,,,,,,,,,,,,,,,,,,,,,,,,,,,,,,,,,,,,,,,,,,,,,,,,,,,,,,,,,,,,,,,,,,
368,ouy0u0cj,,0,0,18,,,,0,,,0.0,,,,,,,,,,,,,,vjx2fex2,,,,,0,1.0,https://app.prolific.com/submissions/complete?cc=C1BTHULB,0.0,Experiment_1_Persistence,368,,0.0,,1,1,368,,0.0,,,,,,,,,,,,,,,1,1,368,,0.0,,,,,,,,,,1,1,368,,0.0,,,,,,,,,,,,,,,,,,1,1,368,,0.0,,,,,,,,,,,,,1,1,368,,0.0,0,0,0,0,0,0,0,0,0,,,,,1,1,,,,,,,,,,,,,,,,,,,,,,,,,,,,,,,,,,,,,,,,,,,,,,,,,,,,,,,,,,,,,,,,,,,,,,,,,,,,,,,,,,,,,,,,,,,,,,,,,,,,,,,,,,,,,,,,,,,,,,,,,,,,,,,,,,,,,,,,,,,,,,,,,,,,,,,,,,,,,,,,,,,,,,,,,,,,,,,,,,,,,,,,,,,,,,,,,,,,,,,,,,,,,,,,,,,,,,,,,,,,,,,,,,,,,,,,,,,,,,,,,,,,,,,,,,,,,,,,,,,,,,,,,,,,,,,,,,,,,,,,,,,,,,,,,,,,,,,,,,,,,,,,,,,,,,,,,,,
369,dgxph823,,0,0,18,,,,0,,,0.0,,,,,,,,,,,,,,vjx2fex2,,,,,0,1.0,https://app.prolific.com/submissions/complete?cc=C1BTHULB,0.0,Experiment_1_Persistence,369,,0.0,,1,1,369,,0.0,,,,,,,,,,,,,,,1,1,369,,0.0,,,,,,,,,,1,1,369,,0.0,,,,,,,,,,,,,,,,,,1,1,369,,0.0,,,,,,,,,,,,,1,1,369,,0.0,0,0,0,0,0,0,0,0,0,,,,,1,1,,,,,,,,,,,,,,,,,,,,,,,,,,,,,,,,,,,,,,,,,,,,,,,,,,,,,,,,,,,,,,,,,,,,,,,,,,,,,,,,,,,,,,,,,,,,,,,,,,,,,,,,,,,,,,,,,,,,,,,,,,,,,,,,,,,,,,,,,,,,,,,,,,,,,,,,,,,,,,,,,,,,,,,,,,,,,,,,,,,,,,,,,,,,,,,,,,,,,,,,,,,,,,,,,,,,,,,,,,,,,,,,,,,,,,,,,,,,,,,,,,,,,,,,,,,,,,,,,,,,,,,,,,,,,,,,,,,,,,,,,,,,,,,,,,,,,,,,,,,,,,,,,,,,,,,,,,,
370,falt1fyd,,0,0,18,,,,0,,,0.0,,,,,,,,,,,,,,vjx2fex2,,,,,0,1.0,https://app.prolific.com/submissions/complete?cc=C1BTHULB,0.0,Experiment_1_Persistence,370,,0.0,,1,1,370,,0.0,,,,,,,,,,,,,,,1,1,370,,0.0,,,,,,,,,,1,1,370,,0.0,,,,,,,,,,,,,,,,,,1,1,370,,0.0,,,,,,,,,,,,,1,1,370,,0.0,0,0,0,0,0,0,0,0,0,,,,,1,1,,,,,,,,,,,,,,,,,,,,,,,,,,,,,,,,,,,,,,,,,,,,,,,,,,,,,,,,,,,,,,,,,,,,,,,,,,,,,,,,,,,,,,,,,,,,,,,,,,,,,,,,,,,,,,,,,,,,,,,,,,,,,,,,,,,,,,,,,,,,,,,,,,,,,,,,,,,,,,,,,,,,,,,,,,,,,,,,,,,,,,,,,,,,,,,,,,,,,,,,,,,,,,,,,,,,,,,,,,,,,,,,,,,,,,,,,,,,,,,,,,,,,,,,,,,,,,,,,,,,,,,,,,,,,,,,,,,,,,,,,,,,,,,,,,,,,,,,,,,,,,,,,,,,,,,,,,,
371,mbo0tlqb,,0,0,18,,,,0,,,0.0,,,,,,,,,,,,,,vjx2fex2,,,,,0,1.0,https://app.prolific.com/submissions/complete?cc=C1BTHULB,0.0,Experiment_1_Persistence,371,,0.0,,1,1,371,,0.0,,,,,,,,,,,,,,,1,1,371,,0.0,,,,,,,,,,1,1,371,,0.0,,,,,,,,,,,,,,,,,,1,1,371,,0.0,,,,,,,,,,,,,1,1,371,,0.0,0,0,0,0,0,0,0,0,0,,,,,1,1,,,,,,,,,,,,,,,,,,,,,,,,,,,,,,,,,,,,,,,,,,,,,,,,,,,,,,,,,,,,,,,,,,,,,,,,,,,,,,,,,,,,,,,,,,,,,,,,,,,,,,,,,,,,,,,,,,,,,,,,,,,,,,,,,,,,,,,,,,,,,,,,,,,,,,,,,,,,,,,,,,,,,,,,,,,,,,,,,,,,,,,,,,,,,,,,,,,,,,,,,,,,,,,,,,,,,,,,,,,,,,,,,,,,,,,,,,,,,,,,,,,,,,,,,,,,,,,,,,,,,,,,,,,,,,,,,,,,,,,,,,,,,,,,,,,,,,,,,,,,,,,,,,,,,,,,,,,
372,9xuzviih,,0,0,18,,,,0,,,0.0,,,,,,,,,,,,,,vjx2fex2,,,,,0,1.0,https://app.prolific.com/submissions/complete?cc=C1BTHULB,0.0,Experiment_1_Persistence,372,,0.0,,1,1,372,,0.0,,,,,,,,,,,,,,,1,1,372,,0.0,,,,,,,,,,1,1,372,,0.0,,,,,,,,,,,,,,,,,,1,1,372,,0.0,,,,,,,,,,,,,1,1,372,,0.0,0,0,0,0,0,0,0,0,0,,,,,1,1,,,,,,,,,,,,,,,,,,,,,,,,,,,,,,,,,,,,,,,,,,,,,,,,,,,,,,,,,,,,,,,,,,,,,,,,,,,,,,,,,,,,,,,,,,,,,,,,,,,,,,,,,,,,,,,,,,,,,,,,,,,,,,,,,,,,,,,,,,,,,,,,,,,,,,,,,,,,,,,,,,,,,,,,,,,,,,,,,,,,,,,,,,,,,,,,,,,,,,,,,,,,,,,,,,,,,,,,,,,,,,,,,,,,,,,,,,,,,,,,,,,,,,,,,,,,,,,,,,,,,,,,,,,,,,,,,,,,,,,,,,,,,,,,,,,,,,,,,,,,,,,,,,,,,,,,,,,
373,a6s9k8p0,,0,0,18,,,,0,,,0.0,,,,,,,,,,,,,,vjx2fex2,,,,,0,1.0,https://app.prolific.com/submissions/complete?cc=C1BTHULB,0.0,Experiment_1_Persistence,373,,0.0,,1,1,373,,0.0,,,,,,,,,,,,,,,1,1,373,,0.0,,,,,,,,,,1,1,373,,0.0,,,,,,,,,,,,,,,,,,1,1,373,,0.0,,,,,,,,,,,,,1,1,373,,0.0,0,0,0,0,0,0,0,0,0,,,,,1,1,,,,,,,,,,,,,,,,,,,,,,,,,,,,,,,,,,,,,,,,,,,,,,,,,,,,,,,,,,,,,,,,,,,,,,,,,,,,,,,,,,,,,,,,,,,,,,,,,,,,,,,,,,,,,,,,,,,,,,,,,,,,,,,,,,,,,,,,,,,,,,,,,,,,,,,,,,,,,,,,,,,,,,,,,,,,,,,,,,,,,,,,,,,,,,,,,,,,,,,,,,,,,,,,,,,,,,,,,,,,,,,,,,,,,,,,,,,,,,,,,,,,,,,,,,,,,,,,,,,,,,,,,,,,,,,,,,,,,,,,,,,,,,,,,,,,,,,,,,,,,,,,,,,,,,,,,,,
374,qfk9ml5e,,0,0,18,,,,0,,,0.0,,,,,,,,,,,,,,vjx2fex2,,,,,0,1.0,https://app.prolific.com/submissions/complete?cc=C1BTHULB,0.0,Experiment_1_Persistence,374,,0.0,,1,1,374,,0.0,,,,,,,,,,,,,,,1,1,374,,0.0,,,,,,,,,,1,1,374,,0.0,,,,,,,,,,,,,,,,,,1,1,374,,0.0,,,,,,,,,,,,,1,1,374,,0.0,0,0,0,0,0,0,0,0,0,,,,,1,1,,,,,,,,,,,,,,,,,,,,,,,,,,,,,,,,,,,,,,,,,,,,,,,,,,,,,,,,,,,,,,,,,,,,,,,,,,,,,,,,,,,,,,,,,,,,,,,,,,,,,,,,,,,,,,,,,,,,,,,,,,,,,,,,,,,,,,,,,,,,,,,,,,,,,,,,,,,,,,,,,,,,,,,,,,,,,,,,,,,,,,,,,,,,,,,,,,,,,,,,,,,,,,,,,,,,,,,,,,,,,,,,,,,,,,,,,,,,,,,,,,,,,,,,,,,,,,,,,,,,,,,,,,,,,,,,,,,,,,,,,,,,,,,,,,,,,,,,,,,,,,,,,,,,,,,,,,,
375,tc0xc88o,,0,0,18,,,,0,,,0.0,,,,,,,,,,,,,,vjx2fex2,,,,,0,1.0,https://app.prolific.com/submissions/complete?cc=C1BTHULB,0.0,Experiment_1_Persistence,375,,0.0,,1,1,375,,0.0,,,,,,,,,,,,,,,1,1,375,,0.0,,,,,,,,,,1,1,375,,0.0,,,,,,,,,,,,,,,,,,1,1,375,,0.0,,,,,,,,,,,,,1,1,375,,0.0,0,0,0,0,0,0,0,0,0,,,,,1,1,,,,,,,,,,,,,,,,,,,,,,,,,,,,,,,,,,,,,,,,,,,,,,,,,,,,,,,,,,,,,,,,,,,,,,,,,,,,,,,,,,,,,,,,,,,,,,,,,,,,,,,,,,,,,,,,,,,,,,,,,,,,,,,,,,,,,,,,,,,,,,,,,,,,,,,,,,,,,,,,,,,,,,,,,,,,,,,,,,,,,,,,,,,,,,,,,,,,,,,,,,,,,,,,,,,,,,,,,,,,,,,,,,,,,,,,,,,,,,,,,,,,,,,,,,,,,,,,,,,,,,,,,,,,,,,,,,,,,,,,,,,,,,,,,,,,,,,,,,,,,,,,,,,,,,,,,,,
376,pea3g9fk,,0,0,18,,,,0,,,0.0,,,,,,,,,,,,,,vjx2fex2,,,,,0,1.0,https://app.prolific.com/submissions/complete?cc=C1BTHULB,0.0,Experiment_1_Persistence,376,,0.0,,1,1,376,,0.0,,,,,,,,,,,,,,,1,1,376,,0.0,,,,,,,,,,1,1,376,,0.0,,,,,,,,,,,,,,,,,,1,1,376,,0.0,,,,,,,,,,,,,1,1,376,,0.0,0,0,0,0,0,0,0,0,0,,,,,1,1,,,,,,,,,,,,,,,,,,,,,,,,,,,,,,,,,,,,,,,,,,,,,,,,,,,,,,,,,,,,,,,,,,,,,,,,,,,,,,,,,,,,,,,,,,,,,,,,,,,,,,,,,,,,,,,,,,,,,,,,,,,,,,,,,,,,,,,,,,,,,,,,,,,,,,,,,,,,,,,,,,,,,,,,,,,,,,,,,,,,,,,,,,,,,,,,,,,,,,,,,,,,,,,,,,,,,,,,,,,,,,,,,,,,,,,,,,,,,,,,,,,,,,,,,,,,,,,,,,,,,,,,,,,,,,,,,,,,,,,,,,,,,,,,,,,,,,,,,,,,,,,,,,,,,,,,,,,
377,03oaryy8,,0,0,18,,,,0,,,0.0,,,,,,,,,,,,,,vjx2fex2,,,,,0,1.0,https://app.prolific.com/submissions/complete?cc=C1BTHULB,0.0,Experiment_1_Persistence,377,,0.0,,1,1,377,,0.0,,,,,,,,,,,,,,,1,1,377,,0.0,,,,,,,,,,1,1,377,,0.0,,,,,,,,,,,,,,,,,,1,1,377,,0.0,,,,,,,,,,,,,1,1,377,,0.0,0,0,0,0,0,0,0,0,0,,,,,1,1,,,,,,,,,,,,,,,,,,,,,,,,,,,,,,,,,,,,,,,,,,,,,,,,,,,,,,,,,,,,,,,,,,,,,,,,,,,,,,,,,,,,,,,,,,,,,,,,,,,,,,,,,,,,,,,,,,,,,,,,,,,,,,,,,,,,,,,,,,,,,,,,,,,,,,,,,,,,,,,,,,,,,,,,,,,,,,,,,,,,,,,,,,,,,,,,,,,,,,,,,,,,,,,,,,,,,,,,,,,,,,,,,,,,,,,,,,,,,,,,,,,,,,,,,,,,,,,,,,,,,,,,,,,,,,,,,,,,,,,,,,,,,,,,,,,,,,,,,,,,,,,,,,,,,,,,,,,
378,52jjvtcc,,0,0,18,,,,0,,,0.0,,,,,,,,,,,,,,vjx2fex2,,,,,0,1.0,https://app.prolific.com/submissions/complete?cc=C1BTHULB,0.0,Experiment_1_Persistence,378,,0.0,,1,1,378,,0.0,,,,,,,,,,,,,,,1,1,378,,0.0,,,,,,,,,,1,1,378,,0.0,,,,,,,,,,,,,,,,,,1,1,378,,0.0,,,,,,,,,,,,,1,1,378,,0.0,0,0,0,0,0,0,0,0,0,,,,,1,1,,,,,,,,,,,,,,,,,,,,,,,,,,,,,,,,,,,,,,,,,,,,,,,,,,,,,,,,,,,,,,,,,,,,,,,,,,,,,,,,,,,,,,,,,,,,,,,,,,,,,,,,,,,,,,,,,,,,,,,,,,,,,,,,,,,,,,,,,,,,,,,,,,,,,,,,,,,,,,,,,,,,,,,,,,,,,,,,,,,,,,,,,,,,,,,,,,,,,,,,,,,,,,,,,,,,,,,,,,,,,,,,,,,,,,,,,,,,,,,,,,,,,,,,,,,,,,,,,,,,,,,,,,,,,,,,,,,,,,,,,,,,,,,,,,,,,,,,,,,,,,,,,,,,,,,,,,,
379,anv22qbf,,0,0,18,,,,0,,,0.0,,,,,,,,,,,,,,vjx2fex2,,,,,0,1.0,https://app.prolific.com/submissions/complete?cc=C1BTHULB,0.0,Experiment_1_Persistence,379,,0.0,,1,1,379,,0.0,,,,,,,,,,,,,,,1,1,379,,0.0,,,,,,,,,,1,1,379,,0.0,,,,,,,,,,,,,,,,,,1,1,379,,0.0,,,,,,,,,,,,,1,1,379,,0.0,0,0,0,0,0,0,0,0,0,,,,,1,1,,,,,,,,,,,,,,,,,,,,,,,,,,,,,,,,,,,,,,,,,,,,,,,,,,,,,,,,,,,,,,,,,,,,,,,,,,,,,,,,,,,,,,,,,,,,,,,,,,,,,,,,,,,,,,,,,,,,,,,,,,,,,,,,,,,,,,,,,,,,,,,,,,,,,,,,,,,,,,,,,,,,,,,,,,,,,,,,,,,,,,,,,,,,,,,,,,,,,,,,,,,,,,,,,,,,,,,,,,,,,,,,,,,,,,,,,,,,,,,,,,,,,,,,,,,,,,,,,,,,,,,,,,,,,,,,,,,,,,,,,,,,,,,,,,,,,,,,,,,,,,,,,,,,,,,,,,,
380,kwfajkl2,,0,0,18,,,,0,,,0.0,,,,,,,,,,,,,,vjx2fex2,,,,,0,1.0,https://app.prolific.com/submissions/complete?cc=C1BTHULB,0.0,Experiment_1_Persistence,380,,0.0,,1,1,380,,0.0,,,,,,,,,,,,,,,1,1,380,,0.0,,,,,,,,,,1,1,380,,0.0,,,,,,,,,,,,,,,,,,1,1,380,,0.0,,,,,,,,,,,,,1,1,380,,0.0,0,0,0,0,0,0,0,0,0,,,,,1,1,,,,,,,,,,,,,,,,,,,,,,,,,,,,,,,,,,,,,,,,,,,,,,,,,,,,,,,,,,,,,,,,,,,,,,,,,,,,,,,,,,,,,,,,,,,,,,,,,,,,,,,,,,,,,,,,,,,,,,,,,,,,,,,,,,,,,,,,,,,,,,,,,,,,,,,,,,,,,,,,,,,,,,,,,,,,,,,,,,,,,,,,,,,,,,,,,,,,,,,,,,,,,,,,,,,,,,,,,,,,,,,,,,,,,,,,,,,,,,,,,,,,,,,,,,,,,,,,,,,,,,,,,,,,,,,,,,,,,,,,,,,,,,,,,,,,,,,,,,,,,,,,,,,,,,,,,,,
381,fyloq8qa,,0,0,18,,,,0,,,0.0,,,,,,,,,,,,,,vjx2fex2,,,,,0,1.0,https://app.prolific.com/submissions/complete?cc=C1BTHULB,0.0,Experiment_1_Persistence,381,,0.0,,1,1,381,,0.0,,,,,,,,,,,,,,,1,1,381,,0.0,,,,,,,,,,1,1,381,,0.0,,,,,,,,,,,,,,,,,,1,1,381,,0.0,,,,,,,,,,,,,1,1,381,,0.0,0,0,0,0,0,0,0,0,0,,,,,1,1,,,,,,,,,,,,,,,,,,,,,,,,,,,,,,,,,,,,,,,,,,,,,,,,,,,,,,,,,,,,,,,,,,,,,,,,,,,,,,,,,,,,,,,,,,,,,,,,,,,,,,,,,,,,,,,,,,,,,,,,,,,,,,,,,,,,,,,,,,,,,,,,,,,,,,,,,,,,,,,,,,,,,,,,,,,,,,,,,,,,,,,,,,,,,,,,,,,,,,,,,,,,,,,,,,,,,,,,,,,,,,,,,,,,,,,,,,,,,,,,,,,,,,,,,,,,,,,,,,,,,,,,,,,,,,,,,,,,,,,,,,,,,,,,,,,,,,,,,,,,,,,,,,,,,,,,,,,
382,9qhicpga,,0,0,18,,,,0,,,0.0,,,,,,,,,,,,,,vjx2fex2,,,,,0,1.0,https://app.prolific.com/submissions/complete?cc=C1BTHULB,0.0,Experiment_1_Persistence,382,,0.0,,1,1,382,,0.0,,,,,,,,,,,,,,,1,1,382,,0.0,,,,,,,,,,1,1,382,,0.0,,,,,,,,,,,,,,,,,,1,1,382,,0.0,,,,,,,,,,,,,1,1,382,,0.0,0,0,0,0,0,0,0,0,0,,,,,1,1,,,,,,,,,,,,,,,,,,,,,,,,,,,,,,,,,,,,,,,,,,,,,,,,,,,,,,,,,,,,,,,,,,,,,,,,,,,,,,,,,,,,,,,,,,,,,,,,,,,,,,,,,,,,,,,,,,,,,,,,,,,,,,,,,,,,,,,,,,,,,,,,,,,,,,,,,,,,,,,,,,,,,,,,,,,,,,,,,,,,,,,,,,,,,,,,,,,,,,,,,,,,,,,,,,,,,,,,,,,,,,,,,,,,,,,,,,,,,,,,,,,,,,,,,,,,,,,,,,,,,,,,,,,,,,,,,,,,,,,,,,,,,,,,,,,,,,,,,,,,,,,,,,,,,,,,,,,
383,l4ycyz05,,0,0,18,,,,0,,,0.0,,,,,,,,,,,,,,vjx2fex2,,,,,0,1.0,https://app.prolific.com/submissions/complete?cc=C1BTHULB,0.0,Experiment_1_Persistence,383,,0.0,,1,1,383,,0.0,,,,,,,,,,,,,,,1,1,383,,0.0,,,,,,,,,,1,1,383,,0.0,,,,,,,,,,,,,,,,,,1,1,383,,0.0,,,,,,,,,,,,,1,1,383,,0.0,0,0,0,0,0,0,0,0,0,,,,,1,1,,,,,,,,,,,,,,,,,,,,,,,,,,,,,,,,,,,,,,,,,,,,,,,,,,,,,,,,,,,,,,,,,,,,,,,,,,,,,,,,,,,,,,,,,,,,,,,,,,,,,,,,,,,,,,,,,,,,,,,,,,,,,,,,,,,,,,,,,,,,,,,,,,,,,,,,,,,,,,,,,,,,,,,,,,,,,,,,,,,,,,,,,,,,,,,,,,,,,,,,,,,,,,,,,,,,,,,,,,,,,,,,,,,,,,,,,,,,,,,,,,,,,,,,,,,,,,,,,,,,,,,,,,,,,,,,,,,,,,,,,,,,,,,,,,,,,,,,,,,,,,,,,,,,,,,,,,,
384,3lwynfrj,,0,0,18,,,,0,,,0.0,,,,,,,,,,,,,,vjx2fex2,,,,,0,1.0,https://app.prolific.com/submissions/complete?cc=C1BTHULB,0.0,Experiment_1_Persistence,384,,0.0,,1,1,384,,0.0,,,,,,,,,,,,,,,1,1,384,,0.0,,,,,,,,,,1,1,384,,0.0,,,,,,,,,,,,,,,,,,1,1,384,,0.0,,,,,,,,,,,,,1,1,384,,0.0,0,0,0,0,0,0,0,0,0,,,,,1,1,,,,,,,,,,,,,,,,,,,,,,,,,,,,,,,,,,,,,,,,,,,,,,,,,,,,,,,,,,,,,,,,,,,,,,,,,,,,,,,,,,,,,,,,,,,,,,,,,,,,,,,,,,,,,,,,,,,,,,,,,,,,,,,,,,,,,,,,,,,,,,,,,,,,,,,,,,,,,,,,,,,,,,,,,,,,,,,,,,,,,,,,,,,,,,,,,,,,,,,,,,,,,,,,,,,,,,,,,,,,,,,,,,,,,,,,,,,,,,,,,,,,,,,,,,,,,,,,,,,,,,,,,,,,,,,,,,,,,,,,,,,,,,,,,,,,,,,,,,,,,,,,,,,,,,,,,,,
385,deplmib8,,0,0,18,,,,0,,,0.0,,,,,,,,,,,,,,vjx2fex2,,,,,0,1.0,https://app.prolific.com/submissions/complete?cc=C1BTHULB,0.0,Experiment_1_Persistence,385,,0.0,,1,1,385,,0.0,,,,,,,,,,,,,,,1,1,385,,0.0,,,,,,,,,,1,1,385,,0.0,,,,,,,,,,,,,,,,,,1,1,385,,0.0,,,,,,,,,,,,,1,1,385,,0.0,0,0,0,0,0,0,0,0,0,,,,,1,1,,,,,,,,,,,,,,,,,,,,,,,,,,,,,,,,,,,,,,,,,,,,,,,,,,,,,,,,,,,,,,,,,,,,,,,,,,,,,,,,,,,,,,,,,,,,,,,,,,,,,,,,,,,,,,,,,,,,,,,,,,,,,,,,,,,,,,,,,,,,,,,,,,,,,,,,,,,,,,,,,,,,,,,,,,,,,,,,,,,,,,,,,,,,,,,,,,,,,,,,,,,,,,,,,,,,,,,,,,,,,,,,,,,,,,,,,,,,,,,,,,,,,,,,,,,,,,,,,,,,,,,,,,,,,,,,,,,,,,,,,,,,,,,,,,,,,,,,,,,,,,,,,,,,,,,,,,,
386,u8jv3kqm,,0,0,18,,,,0,,,0.0,,,,,,,,,,,,,,vjx2fex2,,,,,0,1.0,https://app.prolific.com/submissions/complete?cc=C1BTHULB,0.0,Experiment_1_Persistence,386,,0.0,,1,1,386,,0.0,,,,,,,,,,,,,,,1,1,386,,0.0,,,,,,,,,,1,1,386,,0.0,,,,,,,,,,,,,,,,,,1,1,386,,0.0,,,,,,,,,,,,,1,1,386,,0.0,0,0,0,0,0,0,0,0,0,,,,,1,1,,,,,,,,,,,,,,,,,,,,,,,,,,,,,,,,,,,,,,,,,,,,,,,,,,,,,,,,,,,,,,,,,,,,,,,,,,,,,,,,,,,,,,,,,,,,,,,,,,,,,,,,,,,,,,,,,,,,,,,,,,,,,,,,,,,,,,,,,,,,,,,,,,,,,,,,,,,,,,,,,,,,,,,,,,,,,,,,,,,,,,,,,,,,,,,,,,,,,,,,,,,,,,,,,,,,,,,,,,,,,,,,,,,,,,,,,,,,,,,,,,,,,,,,,,,,,,,,,,,,,,,,,,,,,,,,,,,,,,,,,,,,,,,,,,,,,,,,,,,,,,,,,,,,,,,,,,,
387,30knj6k9,,0,0,18,,,,0,,,0.0,,,,,,,,,,,,,,vjx2fex2,,,,,0,1.0,https://app.prolific.com/submissions/complete?cc=C1BTHULB,0.0,Experiment_1_Persistence,387,,0.0,,1,1,387,,0.0,,,,,,,,,,,,,,,1,1,387,,0.0,,,,,,,,,,1,1,387,,0.0,,,,,,,,,,,,,,,,,,1,1,387,,0.0,,,,,,,,,,,,,1,1,387,,0.0,0,0,0,0,0,0,0,0,0,,,,,1,1,,,,,,,,,,,,,,,,,,,,,,,,,,,,,,,,,,,,,,,,,,,,,,,,,,,,,,,,,,,,,,,,,,,,,,,,,,,,,,,,,,,,,,,,,,,,,,,,,,,,,,,,,,,,,,,,,,,,,,,,,,,,,,,,,,,,,,,,,,,,,,,,,,,,,,,,,,,,,,,,,,,,,,,,,,,,,,,,,,,,,,,,,,,,,,,,,,,,,,,,,,,,,,,,,,,,,,,,,,,,,,,,,,,,,,,,,,,,,,,,,,,,,,,,,,,,,,,,,,,,,,,,,,,,,,,,,,,,,,,,,,,,,,,,,,,,,,,,,,,,,,,,,,,,,,,,,,,
388,m40di3bi,,0,0,18,,,,0,,,0.0,,,,,,,,,,,,,,vjx2fex2,,,,,0,1.0,https://app.prolific.com/submissions/complete?cc=C1BTHULB,0.0,Experiment_1_Persistence,388,,0.0,,1,1,388,,0.0,,,,,,,,,,,,,,,1,1,388,,0.0,,,,,,,,,,1,1,388,,0.0,,,,,,,,,,,,,,,,,,1,1,388,,0.0,,,,,,,,,,,,,1,1,388,,0.0,0,0,0,0,0,0,0,0,0,,,,,1,1,,,,,,,,,,,,,,,,,,,,,,,,,,,,,,,,,,,,,,,,,,,,,,,,,,,,,,,,,,,,,,,,,,,,,,,,,,,,,,,,,,,,,,,,,,,,,,,,,,,,,,,,,,,,,,,,,,,,,,,,,,,,,,,,,,,,,,,,,,,,,,,,,,,,,,,,,,,,,,,,,,,,,,,,,,,,,,,,,,,,,,,,,,,,,,,,,,,,,,,,,,,,,,,,,,,,,,,,,,,,,,,,,,,,,,,,,,,,,,,,,,,,,,,,,,,,,,,,,,,,,,,,,,,,,,,,,,,,,,,,,,,,,,,,,,,,,,,,,,,,,,,,,,,,,,,,,,,
389,1c7gd8pw,,0,0,18,,,,0,,,0.0,,,,,,,,,,,,,,vjx2fex2,,,,,0,1.0,https://app.prolific.com/submissions/complete?cc=C1BTHULB,0.0,Experiment_1_Persistence,389,,0.0,,1,1,389,,0.0,,,,,,,,,,,,,,,1,1,389,,0.0,,,,,,,,,,1,1,389,,0.0,,,,,,,,,,,,,,,,,,1,1,389,,0.0,,,,,,,,,,,,,1,1,389,,0.0,0,0,0,0,0,0,0,0,0,,,,,1,1,,,,,,,,,,,,,,,,,,,,,,,,,,,,,,,,,,,,,,,,,,,,,,,,,,,,,,,,,,,,,,,,,,,,,,,,,,,,,,,,,,,,,,,,,,,,,,,,,,,,,,,,,,,,,,,,,,,,,,,,,,,,,,,,,,,,,,,,,,,,,,,,,,,,,,,,,,,,,,,,,,,,,,,,,,,,,,,,,,,,,,,,,,,,,,,,,,,,,,,,,,,,,,,,,,,,,,,,,,,,,,,,,,,,,,,,,,,,,,,,,,,,,,,,,,,,,,,,,,,,,,,,,,,,,,,,,,,,,,,,,,,,,,,,,,,,,,,,,,,,,,,,,,,,,,,,,,,
390,7ynohy66,,0,0,18,,,,0,,,0.0,,,,,,,,,,,,,,vjx2fex2,,,,,0,1.0,https://app.prolific.com/submissions/complete?cc=C1BTHULB,0.0,Experiment_1_Persistence,390,,0.0,,1,1,390,,0.0,,,,,,,,,,,,,,,1,1,390,,0.0,,,,,,,,,,1,1,390,,0.0,,,,,,,,,,,,,,,,,,1,1,390,,0.0,,,,,,,,,,,,,1,1,390,,0.0,0,0,0,0,0,0,0,0,0,,,,,1,1,,,,,,,,,,,,,,,,,,,,,,,,,,,,,,,,,,,,,,,,,,,,,,,,,,,,,,,,,,,,,,,,,,,,,,,,,,,,,,,,,,,,,,,,,,,,,,,,,,,,,,,,,,,,,,,,,,,,,,,,,,,,,,,,,,,,,,,,,,,,,,,,,,,,,,,,,,,,,,,,,,,,,,,,,,,,,,,,,,,,,,,,,,,,,,,,,,,,,,,,,,,,,,,,,,,,,,,,,,,,,,,,,,,,,,,,,,,,,,,,,,,,,,,,,,,,,,,,,,,,,,,,,,,,,,,,,,,,,,,,,,,,,,,,,,,,,,,,,,,,,,,,,,,,,,,,,,,
391,7gf6ezd4,,0,0,18,,,,0,,,0.0,,,,,,,,,,,,,,vjx2fex2,,,,,0,1.0,https://app.prolific.com/submissions/complete?cc=C1BTHULB,0.0,Experiment_1_Persistence,391,,0.0,,1,1,391,,0.0,,,,,,,,,,,,,,,1,1,391,,0.0,,,,,,,,,,1,1,391,,0.0,,,,,,,,,,,,,,,,,,1,1,391,,0.0,,,,,,,,,,,,,1,1,391,,0.0,0,0,0,0,0,0,0,0,0,,,,,1,1,,,,,,,,,,,,,,,,,,,,,,,,,,,,,,,,,,,,,,,,,,,,,,,,,,,,,,,,,,,,,,,,,,,,,,,,,,,,,,,,,,,,,,,,,,,,,,,,,,,,,,,,,,,,,,,,,,,,,,,,,,,,,,,,,,,,,,,,,,,,,,,,,,,,,,,,,,,,,,,,,,,,,,,,,,,,,,,,,,,,,,,,,,,,,,,,,,,,,,,,,,,,,,,,,,,,,,,,,,,,,,,,,,,,,,,,,,,,,,,,,,,,,,,,,,,,,,,,,,,,,,,,,,,,,,,,,,,,,,,,,,,,,,,,,,,,,,,,,,,,,,,,,,,,,,,,,,,
392,ttii8jom,,0,0,18,,,,0,,,0.0,,,,,,,,,,,,,,vjx2fex2,,,,,0,1.0,https://app.prolific.com/submissions/complete?cc=C1BTHULB,0.0,Experiment_1_Persistence,392,,0.0,,1,1,392,,0.0,,,,,,,,,,,,,,,1,1,392,,0.0,,,,,,,,,,1,1,392,,0.0,,,,,,,,,,,,,,,,,,1,1,392,,0.0,,,,,,,,,,,,,1,1,392,,0.0,0,0,0,0,0,0,0,0,0,,,,,1,1,,,,,,,,,,,,,,,,,,,,,,,,,,,,,,,,,,,,,,,,,,,,,,,,,,,,,,,,,,,,,,,,,,,,,,,,,,,,,,,,,,,,,,,,,,,,,,,,,,,,,,,,,,,,,,,,,,,,,,,,,,,,,,,,,,,,,,,,,,,,,,,,,,,,,,,,,,,,,,,,,,,,,,,,,,,,,,,,,,,,,,,,,,,,,,,,,,,,,,,,,,,,,,,,,,,,,,,,,,,,,,,,,,,,,,,,,,,,,,,,,,,,,,,,,,,,,,,,,,,,,,,,,,,,,,,,,,,,,,,,,,,,,,,,,,,,,,,,,,,,,,,,,,,,,,,,,,,
393,f4sge72t,,0,0,18,,,,0,,,0.0,,,,,,,,,,,,,,vjx2fex2,,,,,0,1.0,https://app.prolific.com/submissions/complete?cc=C1BTHULB,0.0,Experiment_1_Persistence,393,,0.0,,1,1,393,,0.0,,,,,,,,,,,,,,,1,1,393,,0.0,,,,,,,,,,1,1,393,,0.0,,,,,,,,,,,,,,,,,,1,1,393,,0.0,,,,,,,,,,,,,1,1,393,,0.0,0,0,0,0,0,0,0,0,0,,,,,1,1,,,,,,,,,,,,,,,,,,,,,,,,,,,,,,,,,,,,,,,,,,,,,,,,,,,,,,,,,,,,,,,,,,,,,,,,,,,,,,,,,,,,,,,,,,,,,,,,,,,,,,,,,,,,,,,,,,,,,,,,,,,,,,,,,,,,,,,,,,,,,,,,,,,,,,,,,,,,,,,,,,,,,,,,,,,,,,,,,,,,,,,,,,,,,,,,,,,,,,,,,,,,,,,,,,,,,,,,,,,,,,,,,,,,,,,,,,,,,,,,,,,,,,,,,,,,,,,,,,,,,,,,,,,,,,,,,,,,,,,,,,,,,,,,,,,,,,,,,,,,,,,,,,,,,,,,,,,
394,xziv08g6,,0,0,18,,,,0,,,0.0,,,,,,,,,,,,,,vjx2fex2,,,,,0,1.0,https://app.prolific.com/submissions/complete?cc=C1BTHULB,0.0,Experiment_1_Persistence,394,,0.0,,1,1,394,,0.0,,,,,,,,,,,,,,,1,1,394,,0.0,,,,,,,,,,1,1,394,,0.0,,,,,,,,,,,,,,,,,,1,1,394,,0.0,,,,,,,,,,,,,1,1,394,,0.0,0,0,0,0,0,0,0,0,0,,,,,1,1,,,,,,,,,,,,,,,,,,,,,,,,,,,,,,,,,,,,,,,,,,,,,,,,,,,,,,,,,,,,,,,,,,,,,,,,,,,,,,,,,,,,,,,,,,,,,,,,,,,,,,,,,,,,,,,,,,,,,,,,,,,,,,,,,,,,,,,,,,,,,,,,,,,,,,,,,,,,,,,,,,,,,,,,,,,,,,,,,,,,,,,,,,,,,,,,,,,,,,,,,,,,,,,,,,,,,,,,,,,,,,,,,,,,,,,,,,,,,,,,,,,,,,,,,,,,,,,,,,,,,,,,,,,,,,,,,,,,,,,,,,,,,,,,,,,,,,,,,,,,,,,,,,,,,,,,,,,
395,qnu612ca,,0,0,18,,,,0,,,0.0,,,,,,,,,,,,,,vjx2fex2,,,,,0,1.0,https://app.prolific.com/submissions/complete?cc=C1BTHULB,0.0,Experiment_1_Persistence,395,,0.0,,1,1,395,,0.0,,,,,,,,,,,,,,,1,1,395,,0.0,,,,,,,,,,1,1,395,,0.0,,,,,,,,,,,,,,,,,,1,1,395,,0.0,,,,,,,,,,,,,1,1,395,,0.0,0,0,0,0,0,0,0,0,0,,,,,1,1,,,,,,,,,,,,,,,,,,,,,,,,,,,,,,,,,,,,,,,,,,,,,,,,,,,,,,,,,,,,,,,,,,,,,,,,,,,,,,,,,,,,,,,,,,,,,,,,,,,,,,,,,,,,,,,,,,,,,,,,,,,,,,,,,,,,,,,,,,,,,,,,,,,,,,,,,,,,,,,,,,,,,,,,,,,,,,,,,,,,,,,,,,,,,,,,,,,,,,,,,,,,,,,,,,,,,,,,,,,,,,,,,,,,,,,,,,,,,,,,,,,,,,,,,,,,,,,,,,,,,,,,,,,,,,,,,,,,,,,,,,,,,,,,,,,,,,,,,,,,,,,,,,,,,,,,,,,
396,gmp2dgpd,,0,0,18,,,,0,,,0.0,,,,,,,,,,,,,,vjx2fex2,,,,,0,1.0,https://app.prolific.com/submissions/complete?cc=C1BTHULB,0.0,Experiment_1_Persistence,396,,0.0,,1,1,396,,0.0,,,,,,,,,,,,,,,1,1,396,,0.0,,,,,,,,,,1,1,396,,0.0,,,,,,,,,,,,,,,,,,1,1,396,,0.0,,,,,,,,,,,,,1,1,396,,0.0,0,0,0,0,0,0,0,0,0,,,,,1,1,,,,,,,,,,,,,,,,,,,,,,,,,,,,,,,,,,,,,,,,,,,,,,,,,,,,,,,,,,,,,,,,,,,,,,,,,,,,,,,,,,,,,,,,,,,,,,,,,,,,,,,,,,,,,,,,,,,,,,,,,,,,,,,,,,,,,,,,,,,,,,,,,,,,,,,,,,,,,,,,,,,,,,,,,,,,,,,,,,,,,,,,,,,,,,,,,,,,,,,,,,,,,,,,,,,,,,,,,,,,,,,,,,,,,,,,,,,,,,,,,,,,,,,,,,,,,,,,,,,,,,,,,,,,,,,,,,,,,,,,,,,,,,,,,,,,,,,,,,,,,,,,,,,,,,,,,,,
397,cx3de9ah,,0,0,18,,,,0,,,0.0,,,,,,,,,,,,,,vjx2fex2,,,,,0,1.0,https://app.prolific.com/submissions/complete?cc=C1BTHULB,0.0,Experiment_1_Persistence,397,,0.0,,1,1,397,,0.0,,,,,,,,,,,,,,,1,1,397,,0.0,,,,,,,,,,1,1,397,,0.0,,,,,,,,,,,,,,,,,,1,1,397,,0.0,,,,,,,,,,,,,1,1,397,,0.0,0,0,0,0,0,0,0,0,0,,,,,1,1,,,,,,,,,,,,,,,,,,,,,,,,,,,,,,,,,,,,,,,,,,,,,,,,,,,,,,,,,,,,,,,,,,,,,,,,,,,,,,,,,,,,,,,,,,,,,,,,,,,,,,,,,,,,,,,,,,,,,,,,,,,,,,,,,,,,,,,,,,,,,,,,,,,,,,,,,,,,,,,,,,,,,,,,,,,,,,,,,,,,,,,,,,,,,,,,,,,,,,,,,,,,,,,,,,,,,,,,,,,,,,,,,,,,,,,,,,,,,,,,,,,,,,,,,,,,,,,,,,,,,,,,,,,,,,,,,,,,,,,,,,,,,,,,,,,,,,,,,,,,,,,,,,,,,,,,,,,
398,10fq65cn,,0,0,18,,,,0,,,0.0,,,,,,,,,,,,,,vjx2fex2,,,,,0,1.0,https://app.prolific.com/submissions/complete?cc=C1BTHULB,0.0,Experiment_1_Persistence,398,,0.0,,1,1,398,,0.0,,,,,,,,,,,,,,,1,1,398,,0.0,,,,,,,,,,1,1,398,,0.0,,,,,,,,,,,,,,,,,,1,1,398,,0.0,,,,,,,,,,,,,1,1,398,,0.0,0,0,0,0,0,0,0,0,0,,,,,1,1,,,,,,,,,,,,,,,,,,,,,,,,,,,,,,,,,,,,,,,,,,,,,,,,,,,,,,,,,,,,,,,,,,,,,,,,,,,,,,,,,,,,,,,,,,,,,,,,,,,,,,,,,,,,,,,,,,,,,,,,,,,,,,,,,,,,,,,,,,,,,,,,,,,,,,,,,,,,,,,,,,,,,,,,,,,,,,,,,,,,,,,,,,,,,,,,,,,,,,,,,,,,,,,,,,,,,,,,,,,,,,,,,,,,,,,,,,,,,,,,,,,,,,,,,,,,,,,,,,,,,,,,,,,,,,,,,,,,,,,,,,,,,,,,,,,,,,,,,,,,,,,,,,,,,,,,,,,
399,h2oez657,,0,0,18,,,,0,,,0.0,,,,,,,,,,,,,,vjx2fex2,,,,,0,1.0,https://app.prolific.com/submissions/complete?cc=C1BTHULB,0.0,Experiment_1_Persistence,399,,0.0,,1,1,399,,0.0,,,,,,,,,,,,,,,1,1,399,,0.0,,,,,,,,,,1,1,399,,0.0,,,,,,,,,,,,,,,,,,1,1,399,,0.0,,,,,,,,,,,,,1,1,399,,0.0,0,0,0,0,0,0,0,0,0,,,,,1,1,,,,,,,,,,,,,,,,,,,,,,,,,,,,,,,,,,,,,,,,,,,,,,,,,,,,,,,,,,,,,,,,,,,,,,,,,,,,,,,,,,,,,,,,,,,,,,,,,,,,,,,,,,,,,,,,,,,,,,,,,,,,,,,,,,,,,,,,,,,,,,,,,,,,,,,,,,,,,,,,,,,,,,,,,,,,,,,,,,,,,,,,,,,,,,,,,,,,,,,,,,,,,,,,,,,,,,,,,,,,,,,,,,,,,,,,,,,,,,,,,,,,,,,,,,,,,,,,,,,,,,,,,,,,,,,,,,,,,,,,,,,,,,,,,,,,,,,,,,,,,,,,,,,,,,,,,,,
400,ca53ljhx,,0,0,18,,,,0,,,0.0,,,,,,,,,,,,,,vjx2fex2,,,,,0,1.0,https://app.prolific.com/submissions/complete?cc=C1BTHULB,0.0,Experiment_1_Persistence,400,,0.0,,1,1,400,,0.0,,,,,,,,,,,,,,,1,1,400,,0.0,,,,,,,,,,1,1,400,,0.0,,,,,,,,,,,,,,,,,,1,1,400,,0.0,,,,,,,,,,,,,1,1,400,,0.0,0,0,0,0,0,0,0,0,0,,,,,1,1,,,,,,,,,,,,,,,,,,,,,,,,,,,,,,,,,,,,,,,,,,,,,,,,,,,,,,,,,,,,,,,,,,,,,,,,,,,,,,,,,,,,,,,,,,,,,,,,,,,,,,,,,,,,,,,,,,,,,,,,,,,,,,,,,,,,,,,,,,,,,,,,,,,,,,,,,,,,,,,,,,,,,,,,,,,,,,,,,,,,,,,,,,,,,,,,,,,,,,,,,,,,,,,,,,,,,,,,,,,,,,,,,,,,,,,,,,,,,,,,,,,,,,,,,,,,,,,,,,,,,,,,,,,,,,,,,,,,,,,,,,,,,,,,,,,,,,,,,,,,,,,,,,,,,,,,,,,
