,Intro.1.player.prolific_id,Section_1.1.player.question1,Section_1.1.player.question2,Section_1.1.player.question3,Section_1.1.player.question4,Section_1.1.player.question5,Section_1.1.player.question6,Section_1.1.player.question7,Section_1.1.player.question8,Section_1.1.player.question9,Section_1.1.player.question10,Section_1.1.player.stem_quiz_1_answers,Section_1.1.player.stem_quiz_1_score,Section_1.1.player.num_tab_switches_in_section_1,Section_1.1.player.total_time_hidden_in_section_1,Section_2_3.1.player.track,Section_2_3.1.player.path,Section_2_3.1.player.info_structure,Section_2_3.1.player.performance,Section_2_3.1.player.ball_color,Section_2_3.1.player.overplacement,Section_2_3.1.player.overestimation,Section_2_3.1.player.passing_threshold,Section_2_3.1.player.ball_origin_estimation,Section_4_5.1.player.question1,Section_4_5.1.player.question2,Section_4_5.1.player.question3,Section_4_5.1.player.question4,Section_4_5.1.player.question5,Section_4_5.1.player.question6,Section_4_5.1.player.question7,Section_4_5.1.player.question8,Section_4_5.1.player.question9,Section_4_5.1.player.question10,Section_4_5.1.player.quiz_2_answers,Section_4_5.1.player.quiz_2_score,Section_4_5.1.player.preferred_second_survey,Section_4_5.1.player.num_tab_switches_in_section_5,Section_4_5.1.player.total_time_hidden_in_section_5,Section_6.1.player.question1,Section_6.1.player.question2,Section_6.1.player.question3,Section_6.1.player.question4,Section_6.1.player.question5,Section_6.1.player.question6,Section_6.1.player.question7,Section_6.1.player.question8,Section_6.1.player.question9,Section_6.1.player.question10,Section_6.1.player.question11,Section_6.1.player.risk_tolerance_answers,Section_7.1.player.schools_private_independent,Section_7.1.player.schools_private_religious,Section_7.1.player.schools_public_school,Section_7.1.player.schools_homeschool,Section_7.1.player.schools_online_school,Section_7.1.player.schools_charter_school,Section_7.1.player.schools_all_girls_school,Section_7.1.player.schools_all_boys_school,Section_7.1.player.schools_stem_oriented_school,Section_7.1.player.track_decision,Section_7.1.player.experience,Section_7.1.player.preferred_second_survey,Time taken,Total approvals,Ethnicity,Highest education level completed,Age,Sex,Ethnicity simplified,Country of birth,Country of residence,Nationality,Language,Student status,Employment status
0,67358127d2ddef8a950df734,A,A,A,B,A,C,D,A,C,B,AAABACDACB,0.6,0.0,0.0,noisy,random,negative,Pass,red,60.0,5.0,5.0,Pass Box,B,A,C,C,A,D,C,A,B,C,BACCADCABC,0.9,STEM Track,0.0,0.0,R,R,R,R,R,R,R,R,R,R,C,RRRRRRRRRRC,0,0,1,0,0,0,0,0,0,To test my abilities ,not too bad,STEM Track,662.0,9,East Asian,Undergraduate degree (BA/BSc/other),21,Male,Asian,United States,United States,Vietnam,English,Yes,Part-Time
2,63368a7379eb43fa2105d971,B,B,B,C,D,A,C,A,D,C,BBBCDACADC,0.0,0.0,0.0,noisy,random,negative,Fail,black,5.0,2.0,1.0,Fail Box,D,B,A,C,B,D,A,B,C,D,DBACBDABCD,1.0,Non-STEM Track,1.0,2.52,R,R,R,R,R,C,C,C,C,C,C,RRRRRCCCCCC,0,0,1,0,0,0,0,0,0,I am horrible at those problems ,Very anxiety provoking ,Non-STEM Track,745.0,4841,White,Technical/community college,40,Male,White,United States,United States,United States,English,No,Full-Time
4,63614a46bd1e8547e0a8b8ba,B,C,B,A,A,B,C,C,D,A,BCBAABCCDA,0.2,1.0,0.72,noisy,random,ground,Pass,red,10.0,2.0,2.0,Fail Box,D,B,A,C,B,D,A,B,C,D,DBACBDABCD,1.0,Non-STEM Track,1.0,0.74,R,R,R,R,C,C,C,C,C,C,C,RRRRCCCCCCC,0,0,0,1,0,0,0,0,0,i'm not knowledgeable in the STEM area.,simple & straightforward,Non-STEM Track,1087.0,1771,White,High school diploma/A-levels,33,Male,White,United States,United States,United States,English,No,Full-Time
5,673350bbb92b09a7fbbb2f3f,,,,,,,,,,,__________,0.0,0.0,0.0,noisy,random,ground,Fail,black,60.0,4.0,6.0,Pass Box,,,,,,,,,,,__________,0.0,Non-STEM Track,0.0,0.0,R,C,C,C,C,C,C,C,C,C,C,RCCCCCCCCCC,0,0,1,0,0,0,0,0,0,It has good education quality, The experience was great,Non-STEM Track,2500.0,0,White,Graduate degree (MA/MSc/MPhil/other),34,Female,White,United States,United States,United States,English,DATA_EXPIRED,DATA_EXPIRED
6,65957fe9e5da382be7bf68df,D,A,A,C,B,B,D,C,B,A,DAACBBDCBA,0.5,1.0,1.441,noisy,random,negative,Pass,red,50.0,4.0,5.0,Fail Box,D,B,A,C,B,D,A,B,C,D,DBACBDABCD,1.0,Non-STEM Track,0.0,0.0,R,R,C,C,C,C,C,C,C,C,C,RRCCCCCCCCC,0,1,0,0,0,0,1,0,0,I feel more confident with non-stem subjects ,No additional feedback,Non-STEM Track,698.0,196,South East Asian,Undergraduate degree (BA/BSc/other),29,Female,Asian,United States,United States,United States,English,No,DATA_EXPIRED
7,67354657253f396591767b63,D,A,A,B,D,B,C,A,D,,DAABDBCAD_,0.3,0.0,0.0,noisy,random,positive,Fail,red,70.0,5.0,5.0,Not Sure,B,B,D,C,A,D,C,A,,C,BBDCADCA_C,0.6,STEM Track,0.0,0.0,R,R,R,R,R,R,C,C,C,C,C,RRRRRRCCCCC,0,1,1,1,0,0,0,0,0,I am an engineer,Fun but it made me feel like I need to take a math course again,STEM Track,1194.0,16,White,Undergraduate degree (BA/BSc/other),24,Male,White,United States,United States,United States,English,No,Full-Time
8,6646448ac83b162ea65a4fff,B,C,B,B,D,A,C,C,C,,BCBBDACCC_,0.3,0.0,0.0,noisy,random,ground,Fail,black,90.0,0.0,5.0,Fail Box,D,B,A,C,B,D,A,B,C,D,DBACBDABCD,1.0,Non-STEM Track,0.0,0.0,R,R,R,R,R,R,R,R,R,R,R,RRRRRRRRRRR,0,0,1,0,0,0,0,0,0,"I am literally terrible at math, and I prefer English literature and history.",I was embarrassed about my abysmal math skills but felt pretty confident with the vocabulary questions. ,Non-STEM Track,860.0,460,White,Graduate degree (MA/MSc/MPhil/other),29,Female,White,United States,United States,United States,English,No,Full-Time
9,66fc12c9f1dfb65972597a3f,D,A,D,B,B,,,,,,DADBB_____,0.3,3.0,8.479,noisy,random,ground,Fail,black,50.0,5.0,5.0,Fail Box,D,B,A,C,B,D,A,B,C,C,DBACBDABCC,0.9,Non-STEM Track,2.0,0.779,R,R,R,C,C,C,C,C,C,C,C,RRRCCCCCCCC,0,0,1,0,1,1,0,0,0,i decided to choose the non stem track because i wasn't able to finish all of the math questions on section 2 so i got nervous,it was fun i just wish i had noticed there was a timer for section 2,Non-STEM Track,839.0,133,Latino/Hispanic,Undergraduate degree (BA/BSc/other),29,Female,White,United States,United States,Cuba,Spanish,Yes,Full-Time
10,67357e87a8bbd1bf5737b12f,D,C,B,C,,,,,,,DCBC______,0.0,0.0,0.0,noisy,random,negative,Fail,black,50.0,1.0,1.0,Fail Box,D,B,A,C,B,D,A,B,C,D,DBACBDABCD,1.0,Non-STEM Track,0.0,0.0,R,R,R,C,C,C,C,C,C,C,C,RRRCCCCCCCC,0,0,1,0,0,0,0,0,0,I'm not great at math,this was confusing,Non-STEM Track,879.0,11,White,Doctorate degree (PhD/other),40,Female,White,United States,United States,United States,English,No,Part-Time
11,671c1279b3833d369b3a5531,A,C,C,B,B,A,D,C,B,C,ACCBBADCBC,0.6,1.0,2.225,noisy,random,negative,Fail,black,70.0,7.0,8.0,Fail Box,B,A,C,A,A,D,C,A,B,C,BACAADCABC,1.0,STEM Track,2.0,10.872,R,C,C,C,C,C,C,C,C,C,C,RCCCCCCCCCC,0,0,1,0,0,0,0,0,0,I decided to choose the stem track because I wanted to work on the task,It was a nice experience and the task involves a lot of thinking,STEM Track,1791.0,0,Black/African American,Undergraduate degree (BA/BSc/other),29,Male,Black,Ghana,United States,United States,English,DATA_EXPIRED,DATA_EXPIRED
13,67337ca58aad7d9595168322,A,C,A,B,B,B,D,C,C,B,ACABBBDCCB,0.8,1.0,2.23,noisy,random,positive,Pass,red,80.0,7.0,6.0,Pass Box,D,B,A,C,B,D,A,B,C,D,DBACBDABCD,1.0,Non-STEM Track,0.0,0.0,R,R,R,R,R,R,C,C,C,C,C,RRRRRRCCCCC,0,0,1,0,0,0,0,0,0,I chose it before it will be less tasking.,The task was a little bit challenging but I enjoyed it.,Non-STEM Track,1042.0,18,Black/African American,Graduate degree (MA/MSc/MPhil/other),37,Male,Black,United States,United States,United States,English,Yes,Part-Time
14,55d3586fda14d7000e9531d9,A,C,D,B,A,C,D,C,A,C,ACDBACDCAC,0.4,0.0,0.0,noisy,random,negative,Fail,red,100.0,6.0,5.0,Pass Box,D,B,A,C,B,D,A,B,C,D,DBACBDABCD,1.0,Non-STEM Track,0.0,0.0,R,R,R,R,R,R,C,C,C,C,C,RRRRRRCCCCC,0,0,1,0,0,0,0,0,0,It would be easier for me to answer correctly,Good,Non-STEM Track,787.0,2648,White,Undergraduate degree (BA/BSc/other),33,Female,White,United States,United States,United States,English,DATA_EXPIRED,Part-Time
15,66f2afde336a7132150eabe6,A,B,D,C,D,C,D,B,A,B,ABDCDCDBAB,0.3,0.0,0.0,noisy,random,ground,Fail,black,20.0,3.0,5.0,Fail Box,D,B,A,C,B,D,A,B,C,D,DBACBDABCD,1.0,Non-STEM Track,0.0,0.0,R,R,R,R,R,R,R,C,C,C,C,RRRRRRRCCCC,0,0,1,0,0,0,0,0,0,I am not great with math and STEM related questions.,na,Non-STEM Track,530.0,85,White,Technical/community college,31,Female,White,United States,United States,United States,English,No,"Not in paid work (e.g. homemaker', 'retired or disabled)"
16,63ed36862c7f66f95ab44d1b,A,A,A,A,A,A,A,A,A,A,AAAAAAAAAA,0.2,0.0,0.0,noisy,random,ground,Pass,red,0.0,0.0,0.0,Pass Box,D,B,A,C,B,D,A,B,C,D,DBACBDABCD,1.0,Non-STEM Track,0.0,0.0,R,R,R,R,R,C,C,C,C,C,C,RRRRRCCCCCC,0,0,1,0,0,0,0,0,0,I have a better understanding and am more adept at using things like language and logic than unfamiliar math. ,"The initial math quiz threw me off, I wasn't expecting to be dumped into a math quiz right off the bat lol. ",Non-STEM Track,533.0,317,Mixed,High school diploma/A-levels,42,Male,White,United States,United States,United States,English,DATA_EXPIRED,DATA_EXPIRED
17,60871d664054c52f5b2741ae,B,A,B,D,C,A,A,A,D,B,BABDCAAADB,0.2,0.0,0.0,noisy,random,ground,Pass,red,10.0,1.0,1.0,Pass Box,D,B,A,C,B,D,A,B,C,D,DBACBDABCD,1.0,Non-STEM Track,0.0,0.0,R,R,R,R,R,R,C,C,C,C,C,RRRRRRCCCCC,0,1,0,0,0,0,0,0,0,I am not good at STEM subjects.,A little overwhelming.  I didn't know how to compute any of those math problems.  ,Non-STEM Track,457.0,1716,White,Undergraduate degree (BA/BSc/other),52,Female,White,United States,United States,United States,English,No,Full-Time
18,66c75aaf68881d4b4e1248b6,D,A,B,C,B,B,,,,,DABCBB____,0.3,0.0,0.0,noisy,random,ground,Fail,black,50.0,1.0,5.0,Fail Box,D,B,A,C,B,D,A,B,C,D,DBACBDABCD,1.0,Non-STEM Track,0.0,0.0,R,R,R,R,R,C,C,C,C,C,C,RRRRRCCCCCC,1,1,1,0,0,0,0,0,0,THe Stem track was hard!,It was difficult and stressfull because the timer malke me feel rushed and the questions took me some time to breakdown and attempt to calculate.,Non-STEM Track,858.0,210,Latino/Hispanic,Undergraduate degree (BA/BSc/other),49,Female,Other,United States,United States,United States,English,No,DATA_EXPIRED
19,6732fe93f2e4c4706cc58ec0,D,A,D,D,A,C,D,A,A,A,DADDACDAAA,0.2,1.0,7.478,noisy,random,negative,Fail,red,70.0,4.0,5.0,Pass Box,C,B,A,B,B,D,A,B,C,D,CBABBDABCD,0.8,Non-STEM Track,0.0,0.0,R,R,R,R,R,C,C,C,C,C,C,RRRRRCCCCCC,0,1,0,0,0,0,0,0,0,the previous questions were tidious,no,Non-STEM Track,1552.0,1,White,Graduate degree (MA/MSc/MPhil/other),33,Female,White,United States,United States,United States,English,DATA_EXPIRED,DATA_EXPIRED
20,5e2610aad15fdb000c054503,D,A,B,C,D,A,C,C,C,B,DABCDACCCB,0.4,0.0,0.0,noisy,random,positive,Pass,black,70.0,5.0,4.0,Pass Box,A,A,B,C,A,D,C,A,C,C,AABCADCACC,0.6,STEM Track,0.0,0.0,R,R,R,R,R,C,C,C,C,C,C,RRRRRCCCCCC,0,0,1,0,0,0,0,0,0,I enjoy Stem subjects more than others.,"This was very fun! Given a bit more time, I am sure that I could've gotten more problems right, but rthe time limit was frazzling me!",STEM Track,1420.0,5732,White,Undergraduate degree (BA/BSc/other),60,Male,White,United States,United States,United States,English,No,Full-Time
21,65a2bed50652b97162516095,D,C,A,A,D,D,A,B,C,C,DCAADDABCC,0.1,0.0,0.0,noisy,random,ground,Fail,black,25.0,2.0,10.0,Fail Box,D,B,A,C,B,D,A,B,C,B,DBACBDABCB,0.9,Non-STEM Track,0.0,0.0,R,R,R,R,R,C,C,C,C,C,C,RRRRRCCCCCC,0,0,1,0,0,0,0,0,0,Not strong in math,It was stressful reading and answering the first part of the survey when asked stem questions,Non-STEM Track,900.0,714,South East Asian,Undergraduate degree (BA/BSc/other),27,Female,Asian,United States,United States,United States,Khmer,Yes,DATA_EXPIRED
22,6413c7853eba2b2215197ff4,B,B,C,B,C,D,B,D,B,B,BBCBCDBDBB,0.3,0.0,0.0,noisy,random,ground,Pass,red,0.0,0.0,0.0,Not Sure,C,C,B,D,A,D,D,C,B,C,CCBDADDCBC,0.4,STEM Track,0.0,0.0,R,R,R,R,R,C,C,C,C,C,C,RRRRRCCCCCC,0,0,1,0,0,0,0,0,0,Predictable misery vs fear of the unknown?,I don't know how to do algebra. It's kind of embarrassing.,STEM Track,669.0,2254,White,Technical/community college,69,Female,White,United States,United States,United States,English,No,Other
23,666096aa3e8745239c08f8b1,A,A,A,A,A,,A,C,,,AAAAA_AC__,0.3,1.0,1.467,noisy,random,ground,Fail,black,24.0,3.0,4.0,Fail Box,D,B,A,C,B,D,A,B,C,D,DBACBDABCD,1.0,Non-STEM Track,0.0,0.0,R,R,R,R,R,R,C,C,C,C,C,RRRRRRCCCCC,0,0,1,0,0,0,0,0,0,I am not good at math and thought I'd do better at something else,I tried on the math part but I know I didn't do good. I mostly guessed or tried to make an educated guess.,Non-STEM Track,905.0,244,Latino/Hispanic,Technical/community college,32,Female,Mixed,United States,United States,United States,English,No,Part-Time
24,65f835fa888514d736f32ece,D,A,C,A,B,C,C,D,B,B,DACABCCDBB,0.4,0.0,0.0,noisy,random,negative,Pass,red,0.0,0.0,0.0,Fail Box,A,D,D,A,A,A,A,A,A,A,ADDAAAAAAA,0.3,STEM Track,0.0,0.0,R,R,R,R,R,C,C,C,C,C,C,RRRRRCCCCCC,0,0,1,0,0,0,0,0,0,Because I'm not good at math so I figured I could pick the answer that looks like the outlier for each answer and have a good shot at getting zero of them correct. ,Was a bit confusing on the wording but it ended up being okay. ,STEM Track,621.0,261,White,Undergraduate degree (BA/BSc/other),31,Female,White,United States,United States,United States,English,DATA_EXPIRED,"Not in paid work (e.g. homemaker', 'retired or disabled)"
25,668a0371be5eedd5c545e1ff,B,A,B,C,B,D,A,C,D,C,BABCBDACDC,0.3,0.0,0.0,noisy,random,negative,Fail,black,50.0,3.0,5.0,Fail Box,D,B,A,C,B,D,A,B,C,D,DBACBDABCD,1.0,Non-STEM Track,0.0,0.0,R,R,R,R,R,R,R,C,C,C,C,RRRRRRRCCCC,0,0,1,0,0,0,0,0,0,difficulty,the math was more difficult ,Non-STEM Track,968.0,226,White,Technical/community college,53,Female,White,United States,United States,United States,English,No,Part-Time
27,672298d38faba7cd4fdf3679,B,A,B,C,C,B,A,C,B,A,BABCCBACBA,0.3,0.0,0.0,noisy,random,positive,Fail,red,20.0,4.0,4.0,Fail Box,C,C,D,C,A,D,C,A,C,C,CCDCADCACC,0.5,STEM Track,0.0,0.0,R,R,R,R,R,R,R,C,C,C,C,RRRRRRRCCCC,0,0,1,0,1,0,0,0,0,$2 for 4 questions was a better chance than $.20 for each question.,Stressful,STEM Track,1227.0,56,Black/African American,Undergraduate degree (BA/BSc/other),24,Female,Black,United States,United States,United States,English,No,Full-Time
28,66e8ab881b2f3a27ce5ffb32,A,A,C,A,B,B,D,D,A,C,AACABBDDAC,0.6,0.0,0.0,noisy,random,ground,Pass,red,20.0,2.0,2.0,Pass Box,B,C,C,B,C,D,D,A,C,C,BCCBCDDACC,0.5,STEM Track,0.0,0.0,R,R,R,R,R,C,C,C,C,C,C,RRRRRCCCCCC,0,0,1,0,0,0,0,0,0,I love solving math problems,"good, thank you",STEM Track,931.0,261,White,High school diploma/A-levels,25,Female,White,United States,United States,United States,English,No,"Not in paid work (e.g. homemaker', 'retired or disabled)"
29,6637fc287f16270ca8025b20,D,A,C,B,B,D,D,B,C,A,DACBBDDBCA,0.6,0.0,0.0,noisy,random,positive,Pass,black,40.0,4.0,6.0,Pass Box,D,B,A,C,B,D,A,B,C,D,DBACBDABCD,1.0,Non-STEM Track,0.0,0.0,R,R,R,R,R,R,R,C,C,C,C,RRRRRRRCCCC,0,0,1,0,0,0,0,0,0,I did not have the confidence to answer those questions,it was interesting to see these types of problems again,Non-STEM Track,683.0,455,East Asian,Undergraduate degree (BA/BSc/other),30,Male,Asian,United States,United States,Korea,English,DATA_EXPIRED,DATA_EXPIRED
30,5fd4814a3f26f11eb67b686c,C,A,B,C,B,B,D,C,B,A,CABCBBDCBA,0.5,0.0,0.0,noisy,random,negative,Pass,red,30.0,3.0,4.0,Pass Box,B,A,C,A,A,D,C,B,B,C,BACAADCBBC,0.9,STEM Track,0.0,0.0,R,R,R,R,R,C,C,C,C,C,C,RRRRRCCCCCC,0,0,1,0,0,0,0,0,0,I think I trust in my previous education enough to choose the STEM track.,"The experience was smooth, not much ""interference"" when going through the sections.",STEM Track,783.0,805,East Asian,Technical/community college,26,Male,Asian,United States,United States,United States,English,Yes,DATA_EXPIRED
31,672872eabd3885faa5ee4260,A,C,A,B,B,B,D,C,C,B,ACABBBDCCB,0.8,0.0,0.0,noisy,random,positive,Pass,red,80.0,7.0,6.0,Pass Box,D,B,A,C,B,D,A,B,C,D,DBACBDABCD,1.0,Non-STEM Track,0.0,0.0,R,R,R,R,R,R,C,C,C,C,C,RRRRRRCCCCC,0,0,1,0,0,0,0,0,0,Because I don't really like anything that involve much mathematics,I had a nice time ,Non-STEM Track,866.0,15,Black/African American,Graduate degree (MA/MSc/MPhil/other),27,Male,Black,Kenya,United States,United States,English,Yes,Part-Time
32,6647b89b36a2cd9d343fe7c1,D,A,B,D,D,D,B,C,B,A,DABDDDBCBA,0.2,0.0,0.0,noisy,random,ground,Fail,black,20.0,3.0,3.0,Fail Box,D,B,A,C,B,D,A,B,C,D,DBACBDABCD,1.0,Non-STEM Track,0.0,0.0,R,R,R,R,R,C,C,C,C,C,C,RRRRRCCCCCC,0,0,1,0,0,0,0,0,0,I liked my odds better with answers counting individually towards rewards.,Everything was fine.,Non-STEM Track,564.0,269,White,Undergraduate degree (BA/BSc/other),35,Female,White,United States,United States,United States,English,No,Unemployed (and job seeking)
33,62fd76d3f0824c29d4b1e6bd,C,D,A,B,D,B,B,A,D,A,CDABDBBADA,0.2,0.0,0.0,noisy,random,ground,Fail,black,45.0,4.0,4.0,Fail Box,B,C,B,C,B,B,C,B,C,B,BCBCBBCBCB,0.2,STEM Track,0.0,0.0,R,C,C,C,C,C,C,C,C,C,C,RCCCCCCCCCC,0,0,1,0,0,0,0,0,0,I just thought the first STEM test was fun and wanted more like it. ,Thank you!,STEM Track,895.0,2024,White,High school diploma/A-levels,31,Male,White,United States,United States,United States,English,No,Part-Time
34,5feeeea3341f421a1fd59597,B,B,B,C,D,C,A,C,,,BBBCDCAC__,0.1,2.0,6.307,noisy,random,negative,Fail,black,25.0,2.0,5.0,Fail Box,D,B,A,C,B,D,A,B,C,D,DBACBDABCD,1.0,Non-STEM Track,1.0,2.739,R,C,C,C,R,C,C,C,C,C,C,RCCCRCCCCCC,0,0,1,0,0,0,0,0,0,Because I am better at the Non-STEM content.,,Non-STEM Track,1470.0,624,White,Graduate degree (MA/MSc/MPhil/other),63,Female,White,United States,United States,United States,English,DATA_EXPIRED,Part-Time
36,60fdca1a87839971dfef0270,D,A,B,C,D,B,C,C,B,D,DABCDBCCBD,0.3,0.0,0.0,noisy,random,ground,Fail,black,30.0,3.0,4.0,Fail Box,D,B,A,C,B,D,A,B,C,D,DBACBDABCD,1.0,Non-STEM Track,0.0,0.0,R,R,C,C,C,C,C,C,C,C,C,RRCCCCCCCCC,0,1,1,0,0,0,0,0,0,I am awful at math ,,Non-STEM Track,670.0,878,White,Graduate degree (MA/MSc/MPhil/other),26,Female,White,United States,United States,United States,English,DATA_EXPIRED,DATA_EXPIRED
37,663d0e210e239265b07238f1,,,,,,,,,,,__________,0.0,0.0,0.0,noisy,random,negative,Fail,red,70.0,8.0,5.0,Pass Box,B,C,C,A,A,D,C,D,B,C,BCCAADCDBC,0.8,STEM Track,0.0,0.0,R,C,R,R,R,R,R,R,C,C,C,RCRRRRRRCCC,1,0,0,0,1,0,0,0,0," I have always been fascinated by science and technology. I enjoy problem-solving and the analytical thinking that comes with these subjects. Additionally, I believe that a strong foundation in STEM will open up numerous career opportunities in the future, especially in a rapidly evolving job market.","My experience has been largely positive, as I appreciate the hands-on learning opportunities I've had. However, I feel that there could be more mentorship programs available for students pursuing STEM fields. Connecting students with professionals could provide valuable insights and guidance for their future careers.  ",STEM Track,1463.0,288,Black/African American,Doctorate degree (PhD/other),36,Male,Mixed,United States,United States,United States,English,No,DATA_EXPIRED
38,6604618d2ee080f8246f2f61,C,A,B,D,B,B,C,A,A,D,CABDBBCAAD,0.3,0.0,0.0,noisy,random,ground,Fail,black,20.0,4.0,5.0,Fail Box,A,B,A,C,B,D,A,D,C,D,ABACBDADCD,0.8,Non-STEM Track,0.0,0.0,R,R,R,R,C,C,C,C,C,C,C,RRRRCCCCCCC,0,0,1,0,0,0,0,0,0,It was guaranteed at least some bonus or higher chances of.,,Non-STEM Track,439.0,223,Caribbean,High school diploma/A-levels,23,Female,White,United States,United States,United States,English,DATA_EXPIRED,DATA_EXPIRED
39,6674e27d7068f7b381b54c73,C,B,B,C,A,C,C,D,B,D,CBBCACCDBD,0.0,0.0,0.0,noisy,random,positive,Fail,red,45.0,2.0,2.0,Fail Box,B,B,D,C,A,A,D,C,D,B,BBDCAADCDB,0.2,STEM Track,0.0,0.0,R,R,R,R,C,C,C,C,C,C,C,RRRRCCCCCCC,0,0,1,0,0,0,0,0,0,unsure,good,STEM Track,857.0,304,White,Undergraduate degree (BA/BSc/other),49,Female,White,United States,United States,United States,English,No,Part-Time
40,670d7afbadf6cefd9a2f4e72,D,A,A,C,B,B,D,C,C,B,DAACBBDCCB,0.7,0.0,0.0,noisy,random,positive,Pass,red,75.0,4.0,5.0,Fail Box,D,B,A,C,B,D,A,B,C,D,DBACBDABCD,1.0,Non-STEM Track,0.0,0.0,R,R,R,R,R,C,C,C,C,C,C,RRRRRCCCCCC,0,0,1,0,0,0,0,0,0,The first quiz was time consuming and I didn't do well.,The experience was fine. No feedback.,Non-STEM Track,794.0,241,White,High school diploma/A-levels,41,Male,White,United States,United States,United States,English,No,"Not in paid work (e.g. homemaker', 'retired or disabled)"
41,663e638df48d765486d59a0f,D,A,D,C,A,B,D,C,B,A,DADCABDCBA,0.4,0.0,0.0,noisy,random,positive,Fail,red,25.0,4.0,5.0,Fail Box,D,B,A,C,B,D,A,B,C,D,DBACBDABCD,1.0,Non-STEM Track,0.0,0.0,R,R,R,R,C,C,C,C,C,C,C,RRRRCCCCCCC,0,0,1,0,0,0,0,0,0,I was hoping it would be something I had reviewed in the last 15 years.,"The math had me stressing, but I was pumped regarding the synonym test.",Non-STEM Track,1210.0,312,White,Undergraduate degree (BA/BSc/other),36,Female,White,United States,United States,United States,English,No,Full-Time
42,6643c8d8f6c2189fd555f249,D,A,B,A,B,A,B,A,C,A,DABABABACA,0.3,0.0,0.0,noisy,random,negative,Pass,red,20.0,2.0,3.0,Fail Box,D,B,A,C,B,D,A,B,C,D,DBACBDABCD,1.0,Non-STEM Track,0.0,0.0,R,R,R,R,R,C,C,C,C,C,C,RRRRRCCCCCC,0,0,1,0,0,0,0,0,0,easier ,Fun Survey :^,Non-STEM Track,524.0,187,White,Undergraduate degree (BA/BSc/other),24,Male,White,United States,United States,United States,English,No,Unemployed (and job seeking)
43,6683fdcdf7e5580c12bb591c,D,A,A,C,B,B,,C,,,DAACBB_C__,0.4,1.0,1.636,noisy,random,positive,Pass,red,30.0,2.0,1.0,Pass Box,D,B,A,C,B,D,A,B,C,D,DBACBDABCD,1.0,Non-STEM Track,0.0,0.0,R,R,C,C,C,C,C,C,C,C,C,RRCCCCCCCCC,0,0,1,0,0,0,0,0,0,"I come from a literature background. Also, math was my worst subject.","Math makes me panic and my husband came in in the middle, so I started to panic and couldn't do any math.",Non-STEM Track,875.0,587,White,Undergraduate degree (BA/BSc/other),41,Female,White,United States,United States,United States,English,No,Full-Time
44,662949dcb3c06ccdd7352db5,D,A,B,C,B,B,D,B,C,B,DABCBBDBCB,0.6,0.0,0.0,noisy,random,ground,Pass,red,85.0,6.0,5.0,Pass Box,B,B,C,B,A,D,C,C,C,C,BBCBADCCCC,0.6,STEM Track,0.0,0.0,R,R,R,R,R,C,C,C,C,C,C,RRRRRCCCCCC,0,0,1,0,0,0,0,0,0,I thought I'd do better on it than I actually did.  I've been out of school too long and have forgotten a lot.,good,STEM Track,1102.0,658,White,Graduate degree (MA/MSc/MPhil/other),43,Female,White,United States,United States,United States,English,No,Full-Time
45,663a71833186f44039c05a68,D,A,C,C,D,C,B,B,C,D,DACCDCBBCD,0.3,0.0,0.0,noisy,random,negative,Fail,red,50.0,2.0,4.0,Fail Box,D,B,A,C,B,D,A,B,C,D,DBACBDABCD,1.0,Non-STEM Track,0.0,0.0,R,R,R,R,R,C,C,C,C,C,C,RRRRRCCCCCC,0,0,1,0,1,0,0,0,0,Because math is not my strong suit and it overwhelms me. ,It was fine. Math questions were stressing me out so I mostly just guessed answers because I had no idea what I was doing there. ,Non-STEM Track,976.0,156,White,Technical/community college,35,Female,White,United States,United States,United States,English,DATA_EXPIRED,DATA_EXPIRED
47,579181fa913c71000197531b,B,C,D,C,A,B,D,D,D,A,BCDCABDDDA,0.2,0.0,0.0,noisy,random,ground,Fail,black,20.0,4.0,4.0,Fail Box,A,A,C,C,B,A,D,D,C,C,AACCBADDCC,0.3,STEM Track,0.0,0.0,R,R,R,R,C,C,C,C,C,C,C,RRRRCCCCCCC,0,0,1,0,0,0,0,0,0,I wanted to try it. ,I tried to think rationally but they were hard. ,STEM Track,564.0,3299,White,High school diploma/A-levels,48,Female,White,United States,United States,United States,English,DATA_EXPIRED,DATA_EXPIRED
48,670aae8ee861252b0528662d,B,B,D,C,C,A,B,A,C,B,BBDCCABACB,0.2,0.0,0.0,noisy,random,positive,Fail,red,40.0,2.0,4.0,Fail Box,D,B,A,C,B,D,A,B,C,A,DBACBDABCA,0.9,Non-STEM Track,0.0,0.0,R,R,R,R,R,C,C,C,C,C,C,RRRRRCCCCCC,0,0,1,0,0,0,0,0,0,I've never been especially gifted at STEM related subjects or topics. I think I'm best at English and writing.,My experience was good.,Non-STEM Track,637.0,45,Black/African American,No formal qualifications,18,Male,Black,United States,United States,United States,English,Yes,Unemployed (and job seeking)
49,6667897db5b8a719d60f6a78,B,D,C,C,A,B,D,A,C,A,BDCCABDACA,0.4,1.0,3.19,noisy,random,ground,Pass,red,2.0,2.0,1.0,Pass Box,D,B,A,C,B,D,A,B,C,D,DBACBDABCD,1.0,Non-STEM Track,0.0,0.0,R,R,R,R,R,C,C,C,C,C,C,RRRRRCCCCCC,0,0,1,0,0,0,0,0,0,Felt it might be easier.,Thank you!,Non-STEM Track,955.0,207,White,Undergraduate degree (BA/BSc/other),57,Female,White,United States,United States,United States,English,No,Full-Time
50,5ae3223938df950001455e66,B,C,B,C,B,C,B,B,B,C,BCBCBCBBBC,0.1,0.0,0.0,noisy,random,negative,Fail,red,50.0,3.0,3.0,Pass Box,B,C,C,C,B,C,C,A,B,C,BCCCBCCABC,0.6,STEM Track,0.0,0.0,R,R,R,C,C,C,C,C,C,C,C,RRRCCCCCCCC,0,0,1,0,0,0,0,0,0,The bonus would require less work. 3 answers correct versus 15.,it was fun and challenging,STEM Track,923.0,2076,Native American or Alaskan Native,Technical/community college,46,Male,Mixed,United Kingdom,United States,United States,English,No,Part-Time
51,5e89533c4d3d675e800bfc7c,C,B,C,D,D,A,B,B,C,B,CBCDDABBCB,0.3,1.0,0.121,noisy,random,positive,Pass,black,2.0,0.0,3.0,Pass Box,D,B,A,C,B,B,A,B,C,D,DBACBBABCD,0.9,Non-STEM Track,0.0,0.0,R,R,R,R,C,C,C,C,C,C,C,RRRRCCCCCCC,0,0,1,0,0,0,0,0,0,I am terrible at STEM - much better at word stuff.,Great! No feedback.,Non-STEM Track,283.0,5048,White,Undergraduate degree (BA/BSc/other),37,Male,White,United States,United States,United States,English,No,Full-Time
52,56270b0dddff3c0005bcd882,A,A,B,,,,,,,,AAB_______,0.2,0.0,0.0,noisy,random,ground,Pass,red,5.0,1.0,1.0,Fail Box,B,,C,,A,D,C,,,,B_C_ADC___,0.5,STEM Track,0.0,0.0,R,R,R,C,C,C,C,C,C,C,C,RRRCCCCCCCC,0,0,1,0,0,0,0,0,0,I wanted to see if I could continue to challenge myself without worrying so much about bonuses and feeling pressured to get the answers right.,"The questions were difficult, as I haven't been to school in many years. But the study went well, with no issues.",STEM Track,1350.0,1716,Latino/Hispanic,Technical/community college,37,Female,Mixed,United States,United States,United States,English,No,Unemployed (and job seeking)
53,65522f42982b5a1126a27834,B,A,A,C,C,,,,,,BAACC_____,0.1,0.0,0.0,noisy,random,negative,Pass,red,10.0,0.0,1.0,Fail Box,B,D,C,C,A,B,C,D,B,A,BDCCABCDBA,0.5,STEM Track,0.0,0.0,R,R,R,C,C,C,C,C,C,C,C,RRRCCCCCCCC,0,0,0,0,0,0,0,0,0,It's better to try than to not try at all.,"I didn't really like it. Not because of the amount of knowledge that I've lacked/forgotten, but the lack of preparation to start the tests.",STEM Track,1479.0,133,Black/African American,High school diploma/A-levels,32,Male,Black,United States,United States,United States,English,No,Due to start a new job within the next month
55,65d5079a533c306b850e15fa,D,A,C,B,A,B,D,A,A,B,DACBABDAAB,0.6,0.0,0.0,noisy,random,negative,Pass,red,30.0,4.0,5.0,Fail Box,D,B,A,C,B,D,A,B,C,D,DBACBDABCD,1.0,Non-STEM Track,0.0,0.0,R,R,R,R,R,C,C,C,C,C,C,RRRRRCCCCCC,0,0,1,0,0,0,0,0,0,I know that I am better at humanities studies than STEM. I am a humanities major in college and I'm relatively well-read. I remember performing poorly in STEM classes previously.,It was good! The questions were worded clearly and the guidance for how to answer them made sense.,Non-STEM Track,647.0,13,East Asian,High school diploma/A-levels,21,Female,Asian,China,United States,United States,English,Yes,DATA_EXPIRED
56,653e66aefcd12ed6a4565fa6,B,C,B,C,C,B,D,A,A,C,BCBCCBDAAC,0.2,1.0,3.329,noisy,random,positive,Fail,red,10.0,5.0,3.0,Fail Box,D,B,A,C,B,D,A,B,C,A,DBACBDABCA,0.9,Non-STEM Track,0.0,0.0,R,C,C,C,C,C,C,C,C,C,C,RCCCCCCCCCC,0,0,1,0,0,0,0,0,0,After seeing the questions from earlier I knew there wasn't any chance of getting anything right so it was in my best interest to change tracks. ,I felt stupid on the first half but I appreciate you allowed an easier subject.,Non-STEM Track,534.0,548,White,High school diploma/A-levels,32,Female,White,United States,United States,United States,English,No,Full-Time
57,661fc8bb0644ba960f0e3b65,B,A,D,B,B,B,D,C,C,B,BADBBBDCCB,0.8,0.0,0.0,noisy,random,positive,Fail,red,100.0,9.0,10.0,Fail Box,B,A,C,A,A,D,C,C,B,C,BACAADCCBC,0.9,STEM Track,0.0,0.0,R,R,R,R,R,C,C,C,C,C,C,RRRRRCCCCCC,0,0,1,0,0,0,0,0,0,I believe I am very good at math,Good,STEM Track,822.0,699,East Asian,Undergraduate degree (BA/BSc/other),24,Male,Asian,United States,United States,United States,English,No,Full-Time
58,5bf628eb7ea49f0001baa974,A,A,C,B,C,B,B,C,B,B,AACBCBBCBB,0.7,0.0,0.0,noisy,random,positive,Pass,red,0.0,2.0,2.0,Fail Box,D,B,A,C,B,D,A,B,C,D,DBACBDABCD,1.0,Non-STEM Track,0.0,0.0,R,R,R,R,R,C,C,C,C,C,C,RRRRRCCCCCC,0,0,1,0,0,0,0,0,0,because i have dyscalculia and am bad at math due to that,Really disliked the math,Non-STEM Track,563.0,621,White,Undergraduate degree (BA/BSc/other),29,Female,White,United States,United States,United States,English,No,Full-Time
59,62b14f89e9222d3aab48489b,D,A,B,C,B,C,A,A,B,A,DABCBCAABA,0.2,0.0,0.0,noisy,random,negative,Fail,red,80.0,4.0,4.0,Pass Box,D,B,A,C,B,D,A,B,C,D,DBACBDABCD,1.0,Non-STEM Track,0.0,0.0,R,R,R,R,R,C,C,C,C,C,C,RRRRRCCCCCC,1,0,1,0,0,0,0,0,1,"The STEM track was ""all or nothing"", meaning there is nearly 100% chance I will fail whereas the Non-STEM track had nearly 100% chance that I would win > $0","One thing is that I often use a timer to track my time, I usually start it at the start of the study and stop after. I can't remember if I started the time before or after I started the study but I promise I didn't cheat or leave the tab after I read the rule about not doing so. Otherwise everything went great and I had fun!",Non-STEM Track,848.0,2614,Latino/Hispanic,High school diploma/A-levels,37,Male,White,United States,United States,United States,English,No,DATA_EXPIRED
60,65c63f9b7a891fff8a4c45a2,A,C,B,C,D,B,B,B,A,B,ACBCDBBBAB,0.3,0.0,0.0,noisy,random,negative,Pass,red,0.0,0.0,1.0,Pass Box,D,B,A,C,B,D,A,B,C,D,DBACBDABCD,1.0,Non-STEM Track,0.0,0.0,R,R,R,R,C,C,C,C,C,C,C,RRRRCCCCCCC,0,0,1,0,0,0,0,0,0,I didn't understand any of the first math questions.,I didn't understand a single one of the math questions and had to guess at them all.,Non-STEM Track,581.0,1297,White,High school diploma/A-levels,72,Female,White,United States,United States,United States,English,No,"Not in paid work (e.g. homemaker', 'retired or disabled)"
62,6630ddcd4f10b79b19d77585,D,B,B,D,C,A,C,A,A,A,DBBDCACAAA,0.0,0.0,0.0,noisy,random,negative,Fail,black,10.0,2.0,1.0,Fail Box,D,B,A,C,B,A,A,B,C,D,DBACBAABCD,0.9,Non-STEM Track,0.0,0.0,R,R,R,C,C,C,C,C,C,C,C,RRRCCCCCCCC,0,1,1,0,0,0,0,0,0,"I am not very good at math and science; generally speaking, I perform much better in history, language arts, etc.",I was certainly overwhelmed by the STEM questions and had my confidence rattled by how poorly I did in the quiz!,Non-STEM Track,526.0,499,Mixed,Undergraduate degree (BA/BSc/other),38,Female,Mixed,Spain,United States,United States,English,DATA_EXPIRED,DATA_EXPIRED
63,610786681f59e722c0a8b371,C,A,C,D,A,B,C,C,B,A,CACDABCCBA,0.4,1.0,12.728,noisy,random,negative,Pass,red,15.0,3.0,4.0,Fail Box,D,B,A,C,B,D,A,B,C,D,DBACBDABCD,1.0,Non-STEM Track,0.0,0.0,R,R,R,R,R,C,C,C,C,C,C,RRRRRCCCCCC,0,0,1,0,0,0,0,0,0,I am better with language arts and non STEM subjects,No issues,Non-STEM Track,422.0,1732,White,Undergraduate degree (BA/BSc/other),29,Female,White,United States,United States,United States,English,No,Full-Time
64,583661f545d1d700013ebb53,D,A,D,A,D,B,D,C,C,B,DADADBDCCB,0.6,0.0,0.0,noisy,random,positive,Fail,red,90.0,7.0,7.0,Pass Box,D,B,A,C,B,D,A,B,C,C,DBACBDABCC,0.9,Non-STEM Track,0.0,0.0,R,R,R,R,R,C,C,C,C,C,C,RRRRRCCCCCC,0,0,1,0,0,0,0,0,1,I have not done math/science problems in a long time and felt non-STEM might be easier,Experience was good. The math problems were pretty challenging considering I have not done math problems like that in a long time.,Non-STEM Track,1010.0,584,East Asian,Undergraduate degree (BA/BSc/other),29,Male,Asian,China,United States,United States,Chinese,No,Full-Time
65,5a282206b279aa0001b0e002,B,C,C,B,C,C,A,D,D,B,BCCBCCADDB,0.3,1.0,0.0,noisy,random,ground,Pass,red,5.0,2.0,2.0,Pass Box,B,D,C,A,B,C,C,D,C,C,BDCABCCDCC,0.5,STEM Track,0.0,0.0,R,R,R,R,R,C,C,C,C,C,C,RRRRRCCCCCC,0,0,1,0,0,0,0,0,0,I thought it would be challenging ,I thought it was interesting and challenging at the same time,STEM Track,1820.0,3709,Latino/Hispanic,Technical/community college,38,Female,White,United States,United States,United States,English,No,Full-Time
66,65dcb8de27f5cb588f25952f,A,B,B,A,B,A,C,A,B,C,ABBABACABC,0.2,0.0,0.0,noisy,random,positive,Pass,black,50.0,2.0,1.0,Pass Box,D,B,A,C,B,D,A,B,C,D,DBACBDABCD,1.0,Non-STEM Track,0.0,0.0,R,R,R,R,R,C,C,C,C,C,C,RRRRRCCCCCC,0,0,1,0,0,0,0,0,0,I was better at English and history than math.,It was fine. No issues.,Non-STEM Track,802.0,615,White,Technical/community college,49,Male,White,United States,United States,United States,English,No,Full-Time
67,65cb861421aeac903f98037f,D,A,B,C,D,B,D,D,B,D,DABCDBDDBD,0.3,0.0,0.0,noisy,random,ground,Pass,red,7.0,3.0,1.0,Pass Box,B,D,B,B,A,D,C,A,C,C,BDBBADCACC,0.6,STEM Track,0.0,0.0,R,R,R,R,R,C,C,C,C,C,C,RRRRRCCCCCC,0,0,1,0,0,0,0,0,0,I was confident I would get at least one question correct.,"I guessed on a lot of the answers, but there were always a couple of questions I know I could get correct.",STEM Track,808.0,1348,East Asian,Doctorate degree (PhD/other),43,Female,Asian,United States,United States,United States,English,No,Part-Time
68,6021d9655d5b332710d8d984,D,A,B,C,B,B,D,C,A,A,DABCBBDCAA,0.5,0.0,0.0,noisy,random,positive,Pass,black,65.0,4.0,4.0,Pass Box,D,B,A,C,B,D,A,B,C,D,DBACBDABCD,1.0,Non-STEM Track,0.0,0.0,R,R,R,R,C,C,C,C,C,C,C,RRRRCCCCCCC,0,0,0,0,0,1,0,0,0,Haven't worked with that level of math from the STEAM track in a while. Completing it was possible but the time limit was restrictive.,This study was interesting and I have no feedback.,Non-STEM Track,1025.0,115,Middle Eastern,Undergraduate degree (BA/BSc/other),26,Male,White,United States,United States,United States,English,No,Unemployed (and job seeking)
69,666312108dab14d3494560c2,A,A,C,B,B,A,A,A,C,B,AACBBAAACB,0.7,0.0,0.0,noisy,random,ground,Pass,red,20.0,4.0,4.0,Pass Box,D,B,A,C,B,A,A,B,C,D,DBACBAABCD,0.9,Non-STEM Track,0.0,0.0,R,R,R,R,R,R,R,C,C,C,C,RRRRRRRCCCC,1,0,0,0,0,0,0,0,0,I forgot all the geometry ,,Non-STEM Track,766.0,506,White,Graduate degree (MA/MSc/MPhil/other),36,Female,White,United States,United States,United States,English,No,DATA_EXPIRED
70,66253a71e3f7bc1aa48ddc4e,C,B,B,D,B,C,A,A,C,A,CBBDBCAACA,0.2,0.0,0.0,noisy,random,negative,Pass,red,60.0,0.0,2.0,Pass Box,D,B,A,C,B,D,A,B,C,D,DBACBDABCD,1.0,Non-STEM Track,0.0,0.0,R,R,R,R,R,C,C,C,C,C,C,RRRRRCCCCCC,0,0,1,0,0,0,0,0,0,I'm horrible at STEM questions.,I honestly was very stressed out answering the STEM questions knowing that they affect payment simply because I do not know how to answer any of the STEM questions that were given so I tried to figure them out then took my best quess. ,Non-STEM Track,857.0,158,White,Secondary education (e.g. GED/GCSE),26,Female,White,United States,United States,United States,English,No,Other
71,65e0a44487246a12016ff05b,C,B,C,B,B,C,B,B,B,C,CBCBBCBBBC,0.3,1.0,2.069,noisy,random,negative,Fail,black,50.0,5.0,5.0,Pass Box,B,C,B,C,B,B,C,A,A,B,BCBCBBCAAB,0.3,STEM Track,0.0,0.0,R,R,R,R,R,R,R,R,R,R,R,RRRRRRRRRRR,1,0,0,0,0,0,0,0,0,"I decided to choose the STEM track because I’ve always had a strong interest in problem-solving and figuring out how things work. From a young age, I enjoyed subjects like math and science, where I could apply logic to understand complex concepts. The idea of using technology and innovation to solve real-world problems really excites me, especially in areas like engineering or computer science.    Additionally, I’m drawn to STEM because of the wide range of career opportunities it offers. I appreciate that STEM fields are in high demand, which means there are many pathways to explore, with the potential for both job security and making a meaningful impact. Whether it’s working on sustainable technology or developing new medical solutions, I see STEM as a way to contribute positively to society.    Lastly, I love how STEM is always evolving and pushing the boundaries of what’s possible. That constant sense of discovery and growth keeps me motivated to continue learning and tackling new challenges.",,STEM Track,1581.0,519,Black/African American,Undergraduate degree (BA/BSc/other),35,Male,Black,Ghana,United States,United States,English,DATA_EXPIRED,DATA_EXPIRED
72,664bc76dd28ece3da4f96158,B,A,A,A,A,A,B,B,B,B,BAAAAABBBB,0.2,0.0,0.0,noisy,random,negative,Pass,red,0.0,1.0,1.0,Pass Box,A,A,A,A,A,A,A,A,A,A,AAAAAAAAAA,0.4,STEM Track,0.0,0.0,R,R,R,R,R,R,R,C,C,C,C,RRRRRRRCCCC,0,0,1,0,1,0,0,0,0,Salary after college,easy,STEM Track,693.0,236,Black/African American,Undergraduate degree (BA/BSc/other),28,Female,Black,United States,United States,United States,English,Yes,Full-Time
73,640156a5f2395bf80ca0c451,D,C,A,C,B,A,D,C,C,B,DCACBADCCB,0.5,0.0,0.0,noisy,random,negative,Pass,red,50.0,2.0,5.0,Fail Box,B,A,D,C,B,D,C,C,B,C,BADCBDCCBC,0.6,STEM Track,0.0,0.0,R,R,R,R,R,C,C,C,C,C,C,RRRRRCCCCCC,0,0,1,0,0,0,0,0,0,Chance at a higher bonus.,"Fine, I'm terrible at math.",STEM Track,1264.0,1542,White,Undergraduate degree (BA/BSc/other),34,Male,White,United States,United States,United States,English,DATA_EXPIRED,DATA_EXPIRED
74,5d58d7d6280de7001aa7952a,D,C,B,C,B,A,D,A,B,D,DCBCBADABD,0.2,0.0,0.0,noisy,random,negative,Fail,red,50.0,3.0,3.0,Not Sure,D,B,A,C,B,D,A,B,C,D,DBACBDABCD,1.0,Non-STEM Track,0.0,0.0,R,R,C,C,C,C,C,C,C,C,C,RRCCCCCCCCC,0,0,1,0,0,0,0,0,0,I felt I would do better.,it was pretty good.,Non-STEM Track,1624.0,4818,Mixed,Graduate degree (MA/MSc/MPhil/other),40,Female,Mixed,United States,United States,United States,English,No,Full-Time
75,60fe17ee7caf4703b6754ab2,,,,,,,,,,,__________,0.0,0.0,0.0,noisy,random,negative,Fail,black,40.0,3.0,5.0,Fail Box,B,C,D,A,A,B,A,C,B,B,BCDAABACBB,0.4,STEM Track,0.0,0.0,R,R,R,R,R,C,C,C,C,C,C,RRRRRCCCCCC,0,0,1,0,0,0,0,0,0,I wanted another chance at the questions,Difficult,STEM Track,894.0,265,White Sephardic Jew,Undergraduate degree (BA/BSc/other),21,Male,White,United States,United States,United States,English,Yes,Part-Time
76,668ac2114bd6ee74ae22e09b,B,A,A,B,B,C,A,B,B,A,BAABBCABBA,0.3,0.0,0.0,noisy,random,negative,Fail,black,34.0,3.0,5.0,Fail Box,B,D,D,C,A,D,C,C,B,C,BDDCADCCBC,0.6,STEM Track,0.0,0.0,R,R,R,R,R,R,R,C,C,C,C,RRRRRRRCCCC,0,0,1,0,0,0,0,0,0,might as well,made me feel stupid lol,STEM Track,984.0,457,Latino/Hispanic,Graduate degree (MA/MSc/MPhil/other),31,Female,Other,United States,United States,United States,English,Yes,Full-Time
78,656dc7fd90a5c4aea3678692,D,C,C,B,A,C,D,A,A,C,DCCBACDAAC,0.3,0.0,0.0,noisy,random,positive,Pass,red,10.0,1.0,1.0,Pass Box,D,B,A,C,B,D,A,B,C,D,DBACBDABCD,1.0,Non-STEM Track,0.0,0.0,R,R,R,R,R,R,C,C,C,C,C,RRRRRRCCCCC,0,1,1,0,0,0,0,0,0,I don't do well with numbers ,A little anxious with the questions asked,Non-STEM Track,681.0,291,Latino/Hispanic,Technical/community college,33,Female,Other,Dominican Republic,United States,United States,Spanish,No,Full-Time
79,5cbde499f015c800186299f2,D,A,B,C,D,B,A,C,B,B,DABCDBACBB,0.4,0.0,0.0,noisy,random,positive,Pass,black,40.0,4.0,3.0,Pass Box,B,B,C,A,A,D,C,A,D,A,BBCAADCADA,0.7,STEM Track,0.0,0.0,R,R,R,R,C,C,C,C,C,C,C,RRRRCCCCCCC,1,0,0,0,0,0,0,0,0,"No reason not to, and for the challenge",the math problems were interesting,STEM Track,1082.0,2254,White,Graduate degree (MA/MSc/MPhil/other),55,Female,White,United States,United States,United States,English,DATA_EXPIRED,DATA_EXPIRED
80,5d60bd4ec253680017cf4c0f,D,A,A,C,B,A,D,C,C,B,DAACBADCCB,0.6,0.0,0.0,noisy,random,negative,Fail,red,80.0,7.0,7.0,Pass Box,D,B,A,C,B,D,A,B,C,D,DBACBDABCD,1.0,Non-STEM Track,0.0,0.0,R,R,R,R,R,C,C,C,C,C,C,RRRRRCCCCCC,0,0,1,0,1,0,0,0,0,I hoped the questions were easier.,State whether or not I could use a calculator.,Non-STEM Track,655.0,490,White,Undergraduate degree (BA/BSc/other),26,Male,White,United States,United States,United States,English,No,Full-Time
81,664c96f5fdfc411c8d0cd939,B,C,D,A,A,B,C,C,C,B,BCDAABCCCB,0.4,0.0,0.0,noisy,random,positive,Fail,red,10.0,10.0,5.0,Fail Box,D,B,A,C,B,D,A,B,C,D,DBACBDABCD,1.0,Non-STEM Track,0.0,0.0,R,C,R,C,C,C,R,C,C,C,C,RCRCCCRCCCC,0,0,1,0,0,0,0,0,0,I felt I would better understand it.,"It was an interesting survey, I really had to think a great deal for this one.",Non-STEM Track,307.0,231,White,Technical/community college,33,Female,White,United States,United States,United States,English,No,Part-Time
82,5a47b7be2f91ec0001dcbfee,B,A,B,B,D,D,C,D,B,A,BABBDDCDBA,0.2,0.0,0.0,noisy,random,positive,Pass,black,25.0,0.0,2.0,Pass Box,A,B,A,C,B,D,B,B,C,D,ABACBDBBCD,0.8,Non-STEM Track,0.0,0.0,R,R,R,R,R,R,C,C,C,C,C,RRRRRRCCCCC,0,0,1,0,0,0,0,0,0,The math part was very difficult and I didn't understand it at all.,Fine.,Non-STEM Track,663.0,4915,White,High school diploma/A-levels,39,Female,White,United States,United States,United States,English,No,"Not in paid work (e.g. homemaker', 'retired or disabled)"
83,665f5e237e47262ff05820fc,D,C,A,A,A,A,A,A,A,A,DCAAAAAAAA,0.0,0.0,0.0,noisy,random,ground,Pass,red,0.0,0.0,0.0,Pass Box,D,B,A,C,B,D,A,B,C,D,DBACBDABCD,1.0,Non-STEM Track,0.0,0.0,R,R,R,R,R,C,C,C,C,C,C,RRRRRCCCCCC,0,0,1,0,0,0,0,0,0,I cant do math,The math in the begining broke my brain. It was horribly stressful. I chose answers to those questions randomly because I had absolutely no idea how to solve the problems. It felt so much better to answer the non STEM questions.,Non-STEM Track,505.0,480,White,Undergraduate degree (BA/BSc/other),52,Female,White,United States,United States,United States,English,No,"Not in paid work (e.g. homemaker', 'retired or disabled)"
84,5e1553fd1e2e58b6448d8dcc,D,C,A,B,B,C,A,C,C,D,DCABBCACCD,0.4,0.0,0.0,noisy,random,negative,Pass,red,20.0,2.0,2.0,Fail Box,B,B,C,C,C,D,C,C,B,A,BBCCCDCCBA,0.5,STEM Track,0.0,0.0,R,R,R,R,R,R,C,C,C,C,C,RRRRRRCCCCC,0,0,1,0,0,0,0,0,0,I felt confident that I would at least solve some of the problems given though they range by subject. ,,STEM Track,1172.0,1555,White,Technical/community college,24,Male,White,United States,United States,United States,English,Yes,Part-Time
85,668aa7c12a88af987360e490,B,A,D,C,A,D,C,B,D,C,BADCADCBDC,0.1,0.0,0.0,noisy,random,positive,Fail,red,90.0,5.0,4.0,Fail Box,D,B,A,B,C,B,A,D,B,B,DBABCBADBB,0.4,Non-STEM Track,0.0,0.0,R,R,R,C,R,C,R,R,R,C,C,RRRCRCRRRCC,0,0,0,0,1,0,0,0,1,I wanted to do something different,No,Non-STEM Track,1152.0,351,Black/African American,Undergraduate degree (BA/BSc/other),20,Female,Mixed,Ghana,United States,United States,English,No,Full-Time
86,6575ccea94910ddce0170a18,A,D,C,B,D,B,D,C,C,A,ADCBDBDCCA,0.7,1.0,0.95,noisy,random,ground,Fail,black,65.0,7.0,8.0,Fail Box,B,A,C,A,A,D,C,A,B,C,BACAADCABC,1.0,STEM Track,0.0,0.0,R,R,R,C,C,C,C,C,C,C,C,RRRCCCCCCCC,0,0,1,0,0,0,0,0,0,I had a deep interested in technology since I enjoy learning math and science.,It went well as expected.,STEM Track,1106.0,373,South Asian,High school diploma/A-levels,21,Male,Asian,United States,United States,United States,English,Yes,DATA_EXPIRED
87,601b9077694f034f0092dd8f,D,C,D,B,B,A,A,A,B,D,DCDBBAAABD,0.2,0.0,0.0,noisy,random,negative,Pass,red,0.0,1.0,1.0,Fail Box,D,B,A,C,B,D,A,B,C,D,DBACBDABCD,1.0,Non-STEM Track,0.0,0.0,R,R,R,R,R,C,C,C,C,C,C,RRRRRCCCCCC,0,0,1,0,0,0,0,0,0,I chose the Non-stem track because I am absolutely horrible at math. ,It was fine. The math was stressful. I had to guess for all of them I think. I'm so horrible at math. ,Non-STEM Track,690.0,2595,White,High school diploma/A-levels,37,Female,White,United States,United States,United States,English,No,"Not in paid work (e.g. homemaker', 'retired or disabled)"
88,67359134e8f75b0c81fb8c7f,A,A,B,C,A,A,B,B,B,A,AABCAABBBA,0.2,0.0,0.0,noisy,random,negative,Pass,red,0.0,1.0,0.0,Fail Box,C,B,C,B,D,D,D,B,A,C,CBCBDDDBAC,0.3,STEM Track,0.0,0.0,R,R,R,R,R,C,C,C,C,C,C,RRRRRCCCCCC,0,0,1,0,0,0,0,0,0,"I'm not the best at math and for the second portion, I figured I wouldn't get any right.",It definitely made me wish I paid attention during my math tutoring. ,STEM Track,733.0,5,Mixed,Technical/community college,30,Female,White,United States,United States,United States,English,No,Full-Time
90,66a7036786f60251fc454bdb,D,C,B,D,C,C,C,A,B,C,DCBDCCCABC,0.0,0.0,0.0,noisy,random,ground,Fail,black,30.0,2.0,2.0,Fail Box,D,B,A,C,B,D,A,B,A,D,DBACBDABAD,0.9,Non-STEM Track,0.0,0.0,R,R,C,C,C,C,C,C,C,C,C,RRCCCCCCCCC,0,0,1,0,0,0,0,0,0,The math question were a bit hard,Fun,Non-STEM Track,684.0,232,White,Graduate degree (MA/MSc/MPhil/other),55,Female,White,Italy,United States,United States,Italian,No,Part-Time
92,66045a2983025b44add4864b,D,B,C,A,C,C,D,A,B,B,DBCACCDABB,0.3,0.0,0.0,noisy,random,ground,Fail,black,50.0,3.0,4.0,Fail Box,A,B,A,C,B,D,A,D,C,D,ABACBDADCD,0.8,Non-STEM Track,0.0,0.0,R,R,R,R,R,C,C,C,C,C,C,RRRRRCCCCCC,0,0,1,0,0,0,0,0,0,It was easier to receive a bonus.,No,Non-STEM Track,234.0,190,Latino/Hispanic,High school diploma/A-levels,26,Male,White,United States,United States,United States,English,DATA_EXPIRED,DATA_EXPIRED
93,665dd4c4f25dc25f070bd22b,C,D,D,C,A,C,D,D,A,B,CDDCACDDAB,0.2,0.0,0.0,noisy,random,positive,Fail,red,65.0,3.0,5.0,Fail Box,D,B,A,C,B,D,A,B,C,D,DBACBDABCD,1.0,Non-STEM Track,0.0,0.0,R,R,R,R,R,R,R,R,R,R,R,RRRRRRRRRRR,0,0,1,0,0,0,0,0,0,I am better at non stem topics. Stem was really hard in such a short time.,The math was difficult especially with that short time.,Non-STEM Track,589.0,338,Latino/Hispanic,Undergraduate degree (BA/BSc/other),29,Female,Other,United States,United States,United States,Spanish,Yes,Part-Time
94,673170c4b540ee9075d27d4a,B,B,B,B,A,C,A,B,A,A,BBBBACABAA,0.1,0.0,0.0,noisy,random,negative,Pass,red,0.0,2.0,0.0,Fail Box,A,D,D,D,A,B,D,C,B,C,ADDDABDCBC,0.3,STEM Track,0.0,0.0,R,R,R,R,R,C,C,C,C,C,C,RRRRRCCCCCC,0,1,1,0,0,0,0,0,0,It had a higher chance of receiving a bonus ,Very difficult math problems for the average person,STEM Track,1063.0,13,White,Undergraduate degree (BA/BSc/other),35,Female,White,Germany,United States,United States,English,No,DATA_EXPIRED
95,668959a7ecf71cb66cf9768a,A,C,B,C,B,C,D,A,B,A,ACBCBCDABA,0.3,0.0,0.0,noisy,random,negative,Pass,red,90.0,3.0,3.0,Pass Box,D,B,A,C,B,D,A,B,C,D,DBACBDABCD,1.0,Non-STEM Track,0.0,0.0,R,R,R,R,C,C,C,C,C,C,C,RRRRCCCCCCC,0,0,1,1,0,0,0,0,0,I am much better at liberal arts,Stressful. I'm not good at math. ,Non-STEM Track,640.0,113,White,Graduate degree (MA/MSc/MPhil/other),35,Male,White,United States,United States,United States,English,No,Full-Time
96,6543ba9056ed19f45e686e85,B,A,C,B,A,B,B,A,B,A,BACBABBABA,0.4,0.0,0.0,noisy,random,ground,Fail,black,40.0,3.0,5.0,Fail Box,D,B,A,C,B,A,A,C,C,D,DBACBAACCD,0.8,Non-STEM Track,0.0,0.0,R,R,R,C,C,C,C,C,C,C,C,RRRCCCCCCCC,0,0,1,0,0,0,0,0,0,I chose the non-STEM track because my math skills are a bit rusty.,It was a pretty interesting process and I think it was fun to think back to the old days of doing not-so-basic math.,Non-STEM Track,941.0,479,Mixed,Technical/community college,25,Female,Mixed,United States,United States,United States,English,No,Full-Time
97,66298f03416104b5b53f56b5,D,C,A,C,C,C,B,D,A,C,DCACCCBDAC,0.0,0.0,0.0,noisy,random,negative,Fail,black,50.0,5.0,3.0,Fail Box,D,B,A,C,B,D,A,B,C,D,DBACBDABCD,1.0,Non-STEM Track,0.0,0.0,R,C,C,C,C,C,C,C,C,C,C,RCCCCCCCCCC,0,0,1,0,0,0,0,0,0,I'm terrible with math and such. ,No feedback.,Non-STEM Track,409.0,313,White,Technical/community college,54,Female,White,United States,United States,United States,English,Yes,"Not in paid work (e.g. homemaker', 'retired or disabled)"
99,665a9b5ac6a631387e988bc1,D,B,A,C,B,D,C,B,A,D,DBACBDCBAD,0.1,0.0,0.0,noisy,random,negative,Fail,red,38.0,3.0,3.0,Pass Box,D,B,A,C,B,D,A,D,C,D,DBACBDADCD,0.9,Non-STEM Track,0.0,0.0,R,R,R,R,R,R,R,C,C,C,C,RRRRRRRCCCC,0,0,1,0,0,0,0,0,0,Was unable to answer the first round of STEM questions with any certainty in my answers. ,"Experience was overall okay, felt a tad confused at times, and a bit flustered when not understand the more challenging questions.",Non-STEM Track,804.0,15,White,High school diploma/A-levels,24,Male,White,United States,United States,United States,English,No,DATA_EXPIRED
100,65ff3a4e1892ec3f6991a29e,A,C,B,B,A,A,D,B,A,D,ACBBAADBAD,0.3,0.0,0.0,noisy,random,positive,Fail,red,7.0,8.0,5.0,Pass Box,B,A,B,C,A,A,C,D,A,C,BABCAACDAC,0.1,Non-STEM Track,0.0,0.0,R,C,R,R,R,C,R,C,R,R,R,RCRRRCRCRRR,0,0,0,1,0,0,0,0,0,,,Non-STEM Track,257.0,182,Black/African American,Graduate degree (MA/MSc/MPhil/other),33,Male,Black,Ghana,United States,United States,English,Yes,Full-Time
101,66bf8fef98b165333e46f4eb,D,C,A,B,C,D,B,C,A,C,DCABCDBCAC,0.2,0.0,0.0,noisy,random,positive,Pass,red,20.0,2.0,2.0,Pass Box,D,D,A,C,B,D,A,B,C,D,DDACBDABCD,0.9,Non-STEM Track,0.0,0.0,R,R,R,R,R,C,C,C,C,C,C,RRRRRCCCCCC,0,0,1,0,0,0,0,0,0,I did not feel confident to choose the STEM track.,I found the experience stressful. No feedback to provide. ,Non-STEM Track,641.0,102,White,Undergraduate degree (BA/BSc/other),36,Female,White,United States,United States,United States,English,No,Part-Time
102,663e42e7e16f08b87c46f9a6,D,A,D,D,B,B,D,B,C,B,DADDBBDBCB,0.6,0.0,0.0,noisy,random,negative,Fail,red,95.0,9.0,9.0,Pass Box,B,B,C,A,A,D,C,A,B,C,BBCAADCABC,0.9,STEM Track,0.0,0.0,R,R,R,R,R,R,C,C,C,C,C,RRRRRRCCCCC,0,1,0,1,0,0,0,0,0,I thought I would get more money,Fun!,STEM Track,1573.0,520,White,Undergraduate degree (BA/BSc/other),29,Male,White,United States,United States,United States,English,DATA_EXPIRED,Full-Time
103,652c6b8265aebce5986591b2,A,A,,,B,B,D,,,,AA__BBD___,0.5,0.0,0.0,noisy,random,positive,Pass,black,50.0,3.0,1.0,Pass Box,B,A,C,,A,D,,A,,C,BAC_AD_A_C,0.7,STEM Track,0.0,0.0,R,R,R,R,R,R,C,C,C,C,C,RRRRRRCCCCC,0,0,1,0,1,0,0,0,0,I felt that it was the safest option for me since I would have a guaranteed reward of $2 if I answered one question correctly.,,STEM Track,1517.0,323,South East Asian,High school diploma/A-levels,19,Female,Asian,United States,United States,United States,Vietnamese,Yes,DATA_EXPIRED
104,65bf9aeb592e888df327d648,A,C,C,B,B,B,C,,,,ACCBBBC___,0.5,0.0,0.0,noisy,random,ground,Pass,red,0.0,7.0,2.0,Pass Box,A,B,D,D,C,B,D,C,A,A,ABDDCBDCAA,0.0,STEM Track,0.0,0.0,R,R,C,R,C,C,C,R,R,R,C,RRCRCCCRRRC,0,0,1,0,1,0,0,0,0,wanted to test my knowledge,no comments,STEM Track,1302.0,561,Latino/Hispanic,High school diploma/A-levels,20,Female,Mixed,United States,United States,United States,English,No,DATA_EXPIRED
105,5fd8f6060b671a3395afde6c,B,D,B,C,B,D,A,D,C,B,BDBCBDADCB,0.3,3.0,8.912,noisy,random,positive,Pass,red,5.0,1.0,0.0,Fail Box,D,B,A,C,B,D,A,B,C,D,DBACBDABCD,1.0,Non-STEM Track,0.0,0.0,R,C,C,C,C,C,C,C,C,C,C,RCCCCCCCCCC,0,0,0,1,0,0,0,0,0,Because the only STEM subject I might do well on would be science and that depends on the topics.,"Fine, I suppose. The math test was...honestly, awful for me, because I never even learnt how to solve those type of problems. No feedback - except maybe title your studies better so people that want to take them actually know what they are getting in to.",Non-STEM Track,732.0,1849,White,High school diploma/A-levels,36,Female,White,United States,United States,United States,English,DATA_EXPIRED,DATA_EXPIRED
106,63d000d62878aa92b833c5fc,D,A,C,A,D,B,,,,,DACADB____,0.3,0.0,0.0,noisy,random,negative,Pass,red,40.0,2.0,3.0,Fail Box,C,D,B,D,A,D,C,C,D,,CDBDADCCD_,0.3,STEM Track,0.0,0.0,R,R,R,R,C,C,C,C,C,C,C,RRRRCCCCCCC,0,0,1,0,0,0,0,0,0,You did not describe the type of non-STEM questions would be asked on the other track.,"My experience was fine. I haven't taken an algebra class in 20 years, though, so I really could've used more time to work out the problems on paper.",STEM Track,1229.0,3615,White,Undergraduate degree (BA/BSc/other),41,Female,White,United States,United States,United States,English,No,Full-Time
108,6632a3b5ee60e7692fd50a7a,A,A,A,,,B,,,,,AAA__B____,0.3,0.0,0.0,noisy,random,ground,Pass,red,20.0,2.0,3.0,Pass Box,D,B,A,C,B,D,A,B,C,D,DBACBDABCD,1.0,Non-STEM Track,0.0,0.0,R,R,R,R,R,C,C,C,C,C,C,RRRRRCCCCCC,0,0,1,0,0,0,0,0,0,Not my strong suit.  A lot of stuff I no longer remember how to solve.,Fun to see how I could do,Non-STEM Track,875.0,701,White,Undergraduate degree (BA/BSc/other),54,Female,White,United States,United States,United States,English,No,"Not in paid work (e.g. homemaker', 'retired or disabled)"
109,5e86c320939b3030601f7fcb,D,A,C,C,B,B,D,A,B,B,DACCBBDABB,0.6,2.0,0.221,noisy,random,negative,Pass,red,60.0,4.0,3.0,Pass Box,D,B,A,C,B,D,A,B,C,D,DBACBDABCD,1.0,Non-STEM Track,0.0,0.0,R,R,R,R,R,C,C,C,C,C,C,RRRRRCCCCCC,0,0,1,0,0,0,0,0,0,The math was frustrating and I prefer non-stem fields.,it went well,Non-STEM Track,485.0,3355,White,Undergraduate degree (BA/BSc/other),23,Male,White,United States,United States,United States,English,DATA_EXPIRED,DATA_EXPIRED
110,65cb9a512efd76eb9e920010,D,A,A,B,D,B,A,D,B,A,DAABDBADBA,0.3,0.0,0.0,noisy,random,negative,Fail,black,50.0,6.0,5.0,Fail Box,B,C,C,D,A,D,C,A,B,C,BCCDADCABC,0.8,STEM Track,0.0,0.0,R,R,R,R,R,R,C,C,C,C,C,RRRRRRCCCCC,0,0,0,0,0,1,0,0,0,I thought it'd be more challenging and fun,It was fun!,STEM Track,868.0,942,East Asian,Undergraduate degree (BA/BSc/other),22,Female,Asian,United States,United States,United States,English,DATA_EXPIRED,DATA_EXPIRED
111,62e19208352cd518d7b2f085,B,A,A,C,A,B,C,C,A,B,BAACABCCAB,0.4,0.0,0.0,noisy,random,ground,Pass,red,40.0,3.0,3.0,Pass Box,D,B,A,C,B,D,A,B,C,A,DBACBDABCA,0.9,Non-STEM Track,0.0,0.0,R,R,R,R,R,R,R,R,C,C,C,RRRRRRRRCCC,0,1,1,1,0,0,0,0,0,"Because I not only hate math, but I'm terrible at it.","It was good. Even though difficult, I enjoyed the challenge. Thank you.",Non-STEM Track,858.0,2243,White,High school diploma/A-levels,35,Male,White,United States,United States,United States,English,No,Full-Time
112,57749a1f760c1f0001ca7679,D,A,,,B,B,D,,,B,DA__BBD__B,0.5,0.0,0.0,noisy,random,ground,Pass,red,75.0,5.0,5.0,Pass Box,B,,B,,A,D,C,,B,C,B_B_ADC_BC,0.6,STEM Track,0.0,0.0,R,R,R,C,C,C,C,C,C,C,C,RRRCCCCCCCC,0,0,1,0,0,0,0,0,0,I thought I would answer enough questions correctly.,The questions were interesting and I enjoyed them.,STEM Track,1393.0,1157,White,Undergraduate degree (BA/BSc/other),42,Male,White,United States,United States,United States,English,DATA_EXPIRED,DATA_EXPIRED
113,61313fad6454dab291dc1256,A,B,A,D,C,C,C,D,,,ABADCCCD__,0.1,0.0,0.0,noisy,random,positive,Fail,red,20.0,2.0,2.0,Fail Box,D,B,A,C,B,D,A,B,C,D,DBACBDABCD,1.0,Non-STEM Track,0.0,0.0,R,R,C,C,C,C,C,C,C,C,C,RRCCCCCCCCC,0,0,1,0,0,0,0,0,0,I wasnt sure if I was going to get 2 answers correct so i rather chance getting some money than none,The math part was sort of pressuring but the other half i felt better about,Non-STEM Track,1183.0,2836,Black/African American,Technical/community college,51,Female,Black,United States,United States,United States,English,No,"Not in paid work (e.g. homemaker', 'retired or disabled)"
114,638e39edc03272bc8071cbb6,C,C,A,B,A,B,D,C,A,C,CCABABDCAC,0.4,0.0,0.0,noisy,random,ground,Pass,red,15.0,1.0,3.0,Pass Box,D,B,A,C,B,D,A,B,C,D,DBACBDABCD,1.0,Non-STEM Track,0.0,0.0,R,R,R,R,R,C,C,C,C,C,C,RRRRRCCCCCC,0,0,1,0,0,0,0,0,0,I feel like I know non-stem better.,It was fine and no feedback.,Non-STEM Track,841.0,2572,Latino/Hispanic,High school diploma/A-levels,30,Female,White,United States,United States,United States,English,No,Full-Time
115,65240f7dfda71bbdb9a04f0c,D,A,D,C,D,B,A,C,,A,DADCDBAC_A,0.3,0.0,0.0,noisy,random,negative,Pass,red,50.0,2.0,1.0,Not Sure,B,A,C,A,B,D,C,A,,,BACABDCA__,0.7,STEM Track,0.0,0.0,R,R,R,C,C,C,C,C,C,C,C,RRRCCCCCCCC,0,1,1,0,0,0,0,0,0,I had an interest in medicine,"I've obviously not manually performed any type of algebra or high school level math in a long time! It would be great to have more immediate feedback, such as explanation or an example showing the correct/incorrect solutions to questions.",STEM Track,1422.0,316,White,Undergraduate degree (BA/BSc/other),55,Female,White,United States,United States,United States,English,No,Full-Time
116,5b0fa626bd9c310001568d6c,A,B,B,C,D,A,A,C,A,A,ABBCDAACAA,0.2,0.0,0.0,noisy,random,positive,Pass,black,5.0,1.0,1.0,Pass Box,D,B,A,C,B,D,A,B,C,D,DBACBDABCD,1.0,Non-STEM Track,0.0,0.0,R,R,R,R,R,C,C,C,C,C,C,RRRRRCCCCCC,0,0,1,0,0,0,0,0,0,The stem quiz was really difficult and thought the non-stem track might be a little easier.,"I had a good experience even though the first quiz was very difficult, it was still interesting and I tried my best throughout. Thank you for the opportunity to participate.",Non-STEM Track,738.0,1907,White,Technical/community college,58,Female,White,United States,United States,United States,English,No,Part-Time
117,6725801d4e269454c407aa86,A,A,C,B,C,B,,,,,AACBCB____,0.5,0.0,0.0,noisy,random,ground,Fail,black,30.0,2.0,6.0,Fail Box,D,B,A,C,B,D,A,B,C,D,DBACBDABCD,1.0,Non-STEM Track,0.0,0.0,R,R,R,R,R,R,R,R,R,C,C,RRRRRRRRRCC,1,0,1,0,0,0,0,0,0,"I'm very bad at math, as I'm sure the math test results will show.","Was not clear from description there would be a math test, would've liked to know that first",Non-STEM Track,932.0,3,White,High school diploma/A-levels,19,Male,White,United States,United States,United States,English,Yes,Other
118,6657584ca6e3645f4a99e753,B,A,A,C,B,C,D,B,C,B,BAACBCDBCB,0.5,1.0,2.77,noisy,random,negative,Fail,red,80.0,7.0,8.0,Fail Box,B,C,B,A,B,A,C,A,B,C,BCBABACABC,0.6,STEM Track,0.0,0.0,R,R,C,C,R,R,R,R,R,R,R,RRCCRRRRRRR,0,0,1,0,0,0,0,0,0,Stem Track entails career growth. ,This study was intensive.,STEM Track,1826.0,277,Latino/Hispanic,Technical/community college,31,Male,Other,United States,United States,United States,English,Yes,Full-Time
119,6159fe7811a7e1b94401c33f,D,A,D,B,C,B,D,C,B,D,DADBCBDCBD,0.5,0.0,0.0,noisy,random,negative,Pass,red,20.0,4.0,5.0,Not Sure,D,B,A,C,B,D,A,B,C,D,DBACBDABCD,1.0,Non-STEM Track,0.0,0.0,R,R,R,R,R,C,C,C,C,C,C,RRRRRCCCCCC,0,0,1,0,0,0,0,0,0,"I am much stronger in non-STEM subjects, though especially if the STEM subject is math.","I was very frustrated by the first part. The survey said ""a study on decision making"" and then I was given 8 minutes to solve 10 algebra questions and it's been 25 years since I had any sort of algebra class (and it was never my strong suit). ",Non-STEM Track,1108.0,316,White,High school diploma/A-levels,50,Female,White,United States,United States,United States,English,No,"Not in paid work (e.g. homemaker', 'retired or disabled)"
120,662e50cf3365a5b0f91e89e5,D,A,B,C,D,B,A,C,B,B,DABCDBACBB,0.4,0.0,0.0,noisy,random,negative,Fail,red,70.0,3.0,7.0,Fail Box,D,B,A,C,B,D,A,B,C,D,DBACBDABCD,1.0,Non-STEM Track,0.0,0.0,R,R,R,R,R,C,C,C,C,C,C,RRRRRCCCCCC,0,0,1,0,0,0,0,0,0,"I had more of an opportunity of getting back something, as opposed to nothing at all.","The math portion was stressful, as these were things I haven't seen in nearly half my life, and had no reason to retain the knowledge.  The english portion was more my speed.",Non-STEM Track,1101.0,909,White,Technical/community college,32,Female,White,United States,United States,United States,English,No,"Not in paid work (e.g. homemaker', 'retired or disabled)"
121,65330c348f7089b3bd87236b,D,B,C,B,C,B,C,B,D,A,DBCBCBCBDA,0.3,0.0,0.0,noisy,random,ground,Pass,red,50.0,4.0,3.0,Pass Box,D,C,C,B,D,B,C,B,D,D,DCCBDBCBDD,0.2,STEM Track,0.0,0.0,R,R,R,R,R,C,C,C,C,C,C,RRRRRCCCCCC,0,0,1,0,0,0,0,0,0,To get a chance to get the bonus,"It got me thinking, pretty complicated to do in head",STEM Track,527.0,258,Latino/Hispanic,High school diploma/A-levels,31,Female,Other,United States,United States,United States,Spanish,No,Part-Time
122,666203105e0c216230d31016,D,A,C,C,D,C,C,B,D,B,DACCDCCBDB,0.3,0.0,0.0,noisy,random,negative,Fail,black,50.0,5.0,4.0,Fail Box,A,B,A,C,B,D,A,B,C,D,ABACBDABCD,0.9,Non-STEM Track,0.0,0.0,R,C,C,C,C,C,C,C,C,C,C,RCCCCCCCCCC,0,0,1,0,0,0,0,1,0,Felt there was a high probability to win some questions and  get a bonus. ,no,Non-STEM Track,858.0,420,Black/African American,High school diploma/A-levels,49,Male,Other,Kenya,United States,United States,Other,No,Part-Time
123,6647b8648a67a4ef6585458a,C,C,A,A,D,D,C,B,B,A,CCAADDCBBA,0.0,0.0,0.0,noisy,random,ground,Fail,black,25.0,2.0,2.0,Fail Box,D,B,A,C,B,D,A,B,C,D,DBACBDABCD,1.0,Non-STEM Track,0.0,0.0,R,R,R,R,C,C,C,C,C,C,C,RRRRCCCCCCC,0,1,0,0,0,0,0,0,0,Math is not my strongest subject,the math was difficult but the english section was easy,Non-STEM Track,524.0,355,Latino/Hispanic,High school diploma/A-levels,32,Female,Other,United States,United States,United States,English,No,Other
124,671a5bbb63850300396b8552,C,B,C,C,,,,,,,CBCC______,0.1,0.0,0.0,noisy,random,negative,Fail,black,50.0,5.0,5.0,Pass Box,A,B,B,B,B,D,D,,,,ABBBBDD___,0.1,STEM Track,0.0,0.0,R,R,R,R,R,R,R,C,C,C,C,RRRRRRRCCCC,0,0,1,0,0,0,0,0,0,Projects of stem,No,STEM Track,1580.0,18,Black/African American,High school diploma/A-levels,54,Female,Black,United States,United States,United States,English,No,Other
126,5dc474fd45b8f933f16d6241,D,A,A,B,B,A,C,C,A,C,DAABBACCAC,0.4,0.0,0.0,noisy,random,negative,Pass,red,0.0,2.0,0.0,Not Sure,B,B,C,B,C,D,D,B,B,B,BBCBCDDBBB,0.4,STEM Track,0.0,0.0,R,R,R,R,R,R,C,C,C,C,C,RRRRRRCCCCC,0,0,1,0,0,0,0,0,0,So i could make more money,good,STEM Track,596.0,2453,White,Technical/community college,34,Female,White,United States,United States,United States,English,No,"Not in paid work (e.g. homemaker', 'retired or disabled)"
128,655fa42dc06a6e0974ee183b,B,B,A,C,C,A,B,A,B,B,BBACCABABB,0.1,0.0,0.0,noisy,random,negative,Fail,red,25.0,3.0,2.0,Pass Box,D,B,A,C,B,D,A,B,C,D,DBACBDABCD,1.0,Non-STEM Track,0.0,0.0,R,R,R,R,R,C,C,C,C,C,C,RRRRRCCCCCC,0,0,1,0,0,0,0,0,0,I am not good at math.,The first set of questions were very hard and the last set was very easy.,Non-STEM Track,907.0,1137,East Asian,Undergraduate degree (BA/BSc/other),37,Female,Asian,United States,United States,United States,English,No,Full-Time
129,672f19e70cc94bcb0619f6ca,A,A,B,B,D,A,C,B,C,B,AABBDACBCB,0.5,0.0,0.0,noisy,random,positive,Pass,black,40.0,4.0,4.0,Pass Box,D,B,A,B,B,D,A,B,C,D,DBABBDABCD,0.9,Non-STEM Track,0.0,0.0,R,R,R,R,R,R,R,R,R,R,C,RRRRRRRRRRC,0,0,1,0,0,0,0,0,0,It is easier,It was okay. ,Non-STEM Track,1742.0,0,Black/African American,Undergraduate degree (BA/BSc/other),23,Male,Black,Ghana,United States,United States,Twi,No,Full-Time
130,665f7bbebb044e364be28582,D,A,B,C,B,C,D,C,B,A,DABCBCDCBA,0.4,0.0,0.0,noisy,random,positive,Pass,red,50.0,3.0,3.0,Fail Box,D,B,A,C,B,D,A,B,C,D,DBACBDABCD,1.0,Non-STEM Track,0.0,0.0,R,C,C,C,C,C,C,C,C,C,C,RCCCCCCCCCC,0,0,1,0,0,0,0,0,0,Because I hate math.,I don’t remember learning any of this in school.,Non-STEM Track,1399.0,367,East Asian,Doctorate degree (PhD/other),55,Female,Asian,United States,United States,United States,English,No,DATA_EXPIRED
131,665743d0e52bc5d24caee2a2,D,D,B,C,C,B,A,B,A,A,DDBCCBABAA,0.1,0.0,0.0,noisy,random,ground,Fail,black,50.0,3.0,3.0,Fail Box,D,B,A,C,B,D,A,B,C,D,DBACBDABCD,1.0,Non-STEM Track,0.0,0.0,R,R,R,R,C,C,C,C,C,C,C,RRRRCCCCCCC,0,0,1,0,0,0,0,0,0,I chose the non-stem track because I have not done algebra in over 20 years and I have forgotten most of it.,"I found the math to be frustrating because I recognized it, but did not remember how to solve most of it. I was very happy to have the choice to choose the non-stem track! Overall, I enjoyed the experience. ",Non-STEM Track,918.0,261,White,Undergraduate degree (BA/BSc/other),45,Female,White,United States,United States,United States,English,No,"Not in paid work (e.g. homemaker', 'retired or disabled)"
132,6434ffef48955a4096db0ea0,D,A,A,C,C,C,C,A,C,,DAACCCCAC_,0.2,3.0,10.395,noisy,random,positive,Pass,black,15.0,2.0,1.0,Pass Box,D,D,A,B,B,D,A,B,C,C,DDABBDABCC,0.7,Non-STEM Track,0.0,0.0,R,R,R,C,C,C,C,C,C,C,C,RRRCCCCCCCC,0,0,1,1,1,0,0,0,0,"Even though I used to be very proficient in math when I was in school, it has been a while since I brushed up on those skills so I was not very confident that I would be able to do well.","I was a little confused at first especially with the limited time I had to try to do the test, but I eventually figured it out that I just had to try and make my best guess if I wasn't sure of the answer. ",Non-STEM Track,1201.0,166,White,Secondary education (e.g. GED/GCSE),23,Female,White,United States,United States,United States,English,No,"Not in paid work (e.g. homemaker', 'retired or disabled)"
133,65ce1b0bf3ab63f4f81cdd94,D,A,A,,B,A,A,A,,B,DAA_BAAA_B,0.3,0.0,0.0,noisy,random,positive,Pass,red,20.0,2.0,2.0,Pass Box,D,B,A,C,B,D,A,B,C,D,DBACBDABCD,1.0,Non-STEM Track,0.0,0.0,R,R,R,R,R,C,C,C,C,C,C,RRRRRCCCCCC,0,0,1,0,0,0,0,0,0,Because I knew I did poorly on the first STEM questions,"I felt bad that I didn't even know how to even try to solve most of the STEM questions, but after doing the non-STEM test, I felt a lot better because I knew all the answers to that one.",Non-STEM Track,1306.0,709,Mixed,Technical/community college,43,Female,Mixed,Korea,United States,United States,English,DATA_EXPIRED,Full-Time
134,60fdc40f41e8e10a0ddabb22,D,C,A,C,A,A,,,,,DCACAA____,0.0,0.0,0.0,noisy,random,positive,Fail,red,5.0,3.0,5.0,Fail Box,D,B,A,C,B,D,A,B,C,D,DBACBDABCD,1.0,Non-STEM Track,0.0,0.0,R,R,R,R,C,C,C,C,C,C,C,RRRRCCCCCCC,0,0,1,0,0,1,0,0,0,Because I did terribly at the initial STEM track quiz.,Realizing how much I let math fall by the wayside,Non-STEM Track,1177.0,2036,White Sephardic Jew,Undergraduate degree (BA/BSc/other),56,Female,White,United States,United States,United States,English,DATA_EXPIRED,DATA_EXPIRED
135,605b8cf6c07b6842b5cab429,D,C,A,C,B,B,D,A,B,A,DCACBBDABA,0.3,1.0,1.184,noisy,random,ground,Fail,black,70.0,5.0,5.0,Fail Box,D,B,A,C,B,D,A,B,C,D,DBACBDABCD,1.0,Non-STEM Track,0.0,0.0,R,R,R,R,R,R,C,C,C,C,C,RRRRRRCCCCC,0,0,1,0,0,0,0,0,0,"It's been a while since I've done math problems, and while I believe I could figure most of them out with enough time, I'm not confident enough in my abilities to perform well under a time crunch. I figured I would perform much better in the Non-STEM track, and therefore earn a bonus.","I felt very unintelligent when the math problems were first shown to me, but I felt a little better after answering a few of them. I was surprised by what I retained from school, whether or not it meant I was answering the questions correctly.    No feedback! Pretty straightforward process.",Non-STEM Track,856.0,2976,White,Undergraduate degree (BA/BSc/other),28,Male,White,United States,United States,United States,English,No,Unemployed (and job seeking)
136,626865bc5ebc6a94aa84fce2,D,D,A,C,D,D,B,A,D,B,DDACDDBADB,0.1,0.0,0.0,noisy,random,positive,Pass,black,5.0,0.0,1.0,Fail Box,D,B,A,D,A,D,C,D,C,C,DBADADCDCC,0.4,STEM Track,0.0,0.0,R,R,R,R,C,C,C,C,C,C,C,RRRRCCCCCCC,0,0,1,0,0,0,0,0,0,I preferred the bonus option of the STEM Track,"I mostly guessed. Math has never been my strong suit, especially algebra, and word problems.",STEM Track,1390.0,584,White,Undergraduate degree (BA/BSc/other),55,Female,White,United Kingdom,United States,United States,English,No,"Not in paid work (e.g. homemaker', 'retired or disabled)"
139,6606f581a55dc7199a7cf7ab,D,C,A,D,B,B,D,B,D,,DCADBBDBD_,0.3,0.0,0.0,noisy,random,positive,Fail,red,80.0,5.0,5.0,Fail Box,D,B,A,C,B,D,A,B,C,D,DBACBDABCD,1.0,Non-STEM Track,0.0,0.0,R,R,R,C,C,C,C,C,C,C,C,RRRCCCCCCCC,0,0,1,0,0,0,0,0,0,I already helped my daughter with math homework today and I'm tired of thinking about math content,The experience was mentally engaging!,Non-STEM Track,840.0,674,White,Undergraduate degree (BA/BSc/other),49,Female,White,United States,United States,United States,English,DATA_EXPIRED,Full-Time
140,671f79baac356f9efe623cef,,,,,,,,,,,__________,0.0,0.0,0.0,noisy,random,positive,Fail,red,50.0,5.0,5.0,Fail Box,B,A,C,C,B,C,B,C,B,B,BACCBCBCBB,0.4,STEM Track,0.0,0.0,R,R,R,R,R,R,C,C,C,C,C,RRRRRRCCCCC,0,0,1,0,0,0,0,0,0,I thought i would be able to answer them,,STEM Track,1623.0,36,Black/African American,Undergraduate degree (BA/BSc/other),24,Male,Black,Ghana,United States,United States,English,Yes,Full-Time
141,6696ce2085087c25d102f853,B,A,B,B,B,B,D,B,B,B,BABBBBDBBB,0.6,0.0,0.0,noisy,random,ground,Fail,black,80.0,6.0,7.0,Fail Box,B,B,A,A,A,D,D,C,A,C,BBAAADDCAC,0.5,STEM Track,0.0,0.0,R,R,R,R,R,R,C,C,C,C,C,RRRRRRCCCCC,0,0,1,0,0,0,0,0,0,I like Math,had to really think back to some challenging math courses,STEM Track,1026.0,336,White,Undergraduate degree (BA/BSc/other),25,Male,White,United States,United States,United States,English,No,Full-Time
142,5eb44aa8de8a2a291bd522df,D,A,B,C,B,A,C,B,C,C,DABCBACBCC,0.3,0.0,0.0,noisy,random,positive,Pass,black,1.0,0.0,1.0,Not Sure,D,B,A,C,B,D,A,B,C,D,DBACBDABCD,1.0,Non-STEM Track,0.0,0.0,R,R,C,C,C,C,C,C,C,C,C,RRCCCCCCCCC,0,1,1,0,0,0,0,0,0,The STEM track was too confusing,Fine,Non-STEM Track,310.0,4450,White,Undergraduate degree (BA/BSc/other),58,Female,White,United States,United States,United States,English,No,"Not in paid work (e.g. homemaker', 'retired or disabled)"
143,6614b9cbe0e2912e3ffd0705,D,A,A,C,B,A,D,C,B,D,DAACBADCBD,0.4,0.0,0.0,noisy,random,positive,Pass,red,50.0,3.0,3.0,Not Sure,D,B,A,C,B,D,A,B,C,D,DBACBDABCD,1.0,Non-STEM Track,0.0,0.0,R,R,R,C,C,C,C,C,C,C,C,RRRCCCCCCCC,0,1,1,0,0,0,0,0,0,I wasn't confident that I would get 3 or more correct.,I might have chose the STEM Track if I knew the type of questions that would appear.,Non-STEM Track,1089.0,350,East Asian,Technical/community college,51,Male,Asian,United States,United States,United States,English,No,Full-Time
144,59f224ce40333e00017edfe8,B,D,D,C,B,D,B,A,C,C,BDDCBDBACC,0.2,2.0,10.068,noisy,random,negative,Pass,red,0.0,1.0,1.0,Fail Box,B,D,A,D,B,A,D,A,B,D,BDADBADABD,0.3,STEM Track,0.0,0.0,R,R,R,R,R,R,R,C,C,C,C,RRRRRRRCCCC,0,0,1,0,0,0,0,0,0,I wanted to see if I could answer 1 correctly.,It was horrid because I am so bad at math.,STEM Track,905.0,6474,White,High school diploma/A-levels,39,Female,White,United States,United States,United States,English,No,Full-Time
145,672e62ea8e95b429516418ca,B,A,D,C,B,B,A,,,,BADCBBA___,0.3,0.0,0.0,noisy,random,negative,Fail,red,25.0,5.0,5.0,Pass Box,B,D,C,A,A,D,C,A,B,C,BDCAADCABC,0.9,STEM Track,0.0,0.0,R,R,R,R,R,R,R,C,C,C,C,RRRRRRRCCCC,0,0,1,0,0,0,0,0,0,I'm more interested in STEM topics and I don't know what the non-STEM options could include,"It was enjoyable, I love math personally. Maybe advise us to get a notebook and pencil so we can write out our work.",STEM Track,1691.0,7,Latino/Hispanic,Technical/community college,22,Male,Other,United States,United States,United States,English,No,Part-Time
146,637ee3e42ee7996a07233f21,B,B,A,B,B,B,C,D,B,B,BBABBBCDBB,0.4,1.0,0.61,noisy,random,positive,Fail,red,70.0,8.0,7.0,Pass Box,C,C,A,B,B,B,C,D,A,A,CCABBBCDAA,0.1,STEM Track,0.0,0.0,R,R,R,C,C,C,R,R,C,R,R,RRRCCCRRCRR,0,0,1,0,0,0,0,0,1,BECAUSE IT WAS GOOD,INSIGHTFUL,STEM Track,352.0,3105,White,Undergraduate degree (BA/BSc/other),50,Male,White,United States,United States,United States,English,Yes,Full-Time
148,66293dfe581e19f0c8b56268,D,A,D,B,D,D,C,B,C,B,DADBDDCBCB,0.4,0.0,0.0,noisy,random,positive,Pass,red,50.0,3.0,2.0,Fail Box,D,B,A,C,B,D,A,B,C,D,DBACBDABCD,1.0,Non-STEM Track,0.0,0.0,R,R,R,R,R,C,C,C,C,C,C,RRRRRCCCCCC,0,0,1,0,0,0,0,0,0,I didn't know how to do most of the math problems without a calculator or other support,,Non-STEM Track,573.0,814,White,Undergraduate degree (BA/BSc/other),53,Female,White,United States,United States,United States,English,DATA_EXPIRED,Full-Time
149,66cd2c8c84efe6e84fa88f1e,C,D,C,C,B,A,D,C,A,A,CDCCBADCAA,0.4,0.0,0.0,noisy,random,negative,Pass,red,5.0,2.0,3.0,Fail Box,D,B,A,C,B,D,A,B,C,D,DBACBDABCD,1.0,Non-STEM Track,0.0,0.0,R,R,R,C,C,C,C,C,C,C,C,RRRCCCCCCCC,0,0,1,0,0,0,0,0,0,I don't think I did too hot on the first STEM set of questions.,This was both fun and engaging ,Non-STEM Track,857.0,189,White,Undergraduate degree (BA/BSc/other),33,Male,White,United States,United States,United States,English,No,Full-Time
150,6711b26adcd255be11e409cd,A,C,B,B,C,B,D,C,A,A,ACBBCBDCAA,0.5,0.0,0.0,noisy,random,positive,Pass,red,50.0,8.0,5.0,Pass Box,D,B,A,C,B,D,A,B,C,D,DBACBDABCD,1.0,Non-STEM Track,0.0,0.0,R,R,R,R,R,C,C,C,C,C,C,RRRRRCCCCCC,0,0,1,0,0,0,0,0,0,I dont enjoy stem,tedious ,Non-STEM Track,784.0,28,White,High school diploma/A-levels,31,Female,White,United States,United States,United States,English,No,Part-Time
151,6733c8ed72d14762aea01247,D,A,A,C,D,A,A,C,B,C,DAACDAACBC,0.2,0.0,0.0,noisy,random,ground,Fail,black,75.0,6.0,6.0,Fail Box,B,D,C,C,C,B,D,B,B,C,BDCCCBDBBC,0.4,STEM Track,0.0,0.0,R,R,R,R,R,C,C,C,C,C,C,RRRRRCCCCCC,0,0,1,0,1,0,0,0,0,To receive extra payment,,STEM Track,740.0,3,East Asian,Undergraduate degree (BA/BSc/other),35,Female,Asian,Pakistan,United States,United States,English,No,DATA_EXPIRED
152,60fd0594288ddce37ec599d1,B,D,C,B,A,D,B,D,C,A,BDCBADBDCA,0.3,0.0,0.0,noisy,random,positive,Pass,black,40.0,3.0,2.0,Pass Box,A,B,A,C,B,D,A,B,C,D,ABACBDABCD,0.9,Non-STEM Track,0.0,0.0,R,R,R,R,R,C,C,C,C,C,C,RRRRRCCCCCC,0,1,1,0,1,0,0,0,0,The math problems were too complex to solve in the given amount of time,I was stressed out to solve the problems and maintain questionnaire compliance,Non-STEM Track,861.0,693,White,Technical/community college,24,Female,White,United States,United States,United States,English,Yes,Part-Time
153,5f35ae3a8f69605c71446dce,A,D,B,C,C,A,A,A,B,B,ADBCCAAABB,0.2,0.0,0.0,noisy,random,negative,Pass,red,90.0,3.0,2.0,Pass Box,D,B,A,C,B,D,A,B,C,D,DBACBDABCD,1.0,Non-STEM Track,0.0,0.0,R,R,R,R,R,R,R,R,R,R,C,RRRRRRRRRRC,1,1,1,0,0,0,0,0,0,id rather have a chance at getting more money per question rather than risk getting none,,Non-STEM Track,1224.0,64,White,High school diploma/A-levels,33,Male,White,United States,United States,Czech Republic,English,No,Full-Time
155,6715436581def11c20ce3786,D,A,B,C,B,D,C,A,C,B,DABCBDCACB,0.4,0.0,0.0,noisy,random,ground,Fail,black,25.0,3.0,5.0,Fail Box,D,B,A,C,B,B,A,B,C,A,DBACBBABCA,0.8,Non-STEM Track,0.0,0.0,R,R,R,R,R,C,C,C,C,C,C,RRRRRCCCCCC,0,0,1,0,0,0,0,0,0,I'm not confident in my answers,Good,Non-STEM Track,763.0,15,White,Undergraduate degree (BA/BSc/other),21,Female,White,United States,United States,United States,English,Yes,DATA_EXPIRED
156,5765c0fcf2e23200017ded5e,C,A,D,C,D,C,D,A,C,B,CADCDCDACB,0.4,0.0,0.0,noisy,random,negative,Pass,red,2.0,0.0,0.0,Pass Box,D,B,A,D,B,D,A,B,C,C,DBADBDABCC,0.8,Non-STEM Track,0.0,0.0,R,C,C,C,C,C,C,C,C,C,C,RCCCCCCCCCC,0,0,0,1,0,0,0,0,0,Thought it'd be easier.,Thanks -- enjoyable and fun work!,Non-STEM Track,187.0,7257,Latino/Hispanic,No formal qualifications,32,Male,Other,United States,United States,United States,English,No,Other
157,666dc3db9ac2e5ee4b2c3d6c,A,D,D,A,C,B,D,C,A,A,ADDACBDCAA,0.4,0.0,0.0,noisy,random,positive,Fail,red,50.0,5.0,5.0,Fail Box,D,B,A,C,B,D,A,B,C,D,DBACBDABCD,1.0,Non-STEM Track,0.0,0.0,R,R,R,R,R,C,C,C,C,C,C,RRRRRCCCCCC,0,0,1,1,0,0,0,0,0,"I was thrown back into the school mindset for a bit, and was worried about the possibility of me failing the test.","I like that this survey took me back to a time where I had to actually solve these sort of math problems, whether I am good at them or not!",Non-STEM Track,862.0,301,White,Undergraduate degree (BA/BSc/other),24,Male,White,United States,United States,United States,English,Yes,DATA_EXPIRED
158,66f5face3afaaf7cf64980db,D,A,B,B,B,D,D,C,B,B,DABBBDDCBB,0.6,0.0,0.0,noisy,random,negative,Pass,red,35.0,2.0,1.0,Pass Box,D,B,A,C,B,D,A,B,C,D,DBACBDABCD,1.0,Non-STEM Track,0.0,0.0,R,R,R,R,R,C,C,C,C,C,C,RRRRRCCCCCC,0,0,1,0,0,0,0,0,0,Much better in other subjects.,good,Non-STEM Track,490.0,11,White,Undergraduate degree (BA/BSc/other),50,Male,White,United States,United States,United States,English,No,Full-Time
159,66296df130c9444696571bc7,D,A,B,B,D,A,B,C,A,B,DABBDABCAB,0.4,0.0,0.0,noisy,random,ground,Fail,black,40.0,3.0,5.0,Fail Box,D,B,A,C,B,D,A,B,C,D,DBACBDABCD,1.0,Non-STEM Track,0.0,0.0,R,R,R,R,C,C,C,C,C,C,C,RRRRCCCCCCC,0,0,1,0,0,0,0,0,0,I was a history major and am also an avid reader. ,"It definitely let me know that I’ve forgotten most of my math classes. I enjoyed it, though!",Non-STEM Track,997.0,692,White,High school diploma/A-levels,48,Female,White,United States,United States,United States,English,DATA_EXPIRED,DATA_EXPIRED
160,5a6b7f02e6cc4a0001b6a591,B,C,D,B,B,C,C,B,B,C,BCDBBCCBBC,0.2,0.0,0.0,noisy,random,ground,Pass,red,5.0,2.0,1.0,Not Sure,D,B,A,C,B,D,A,B,C,D,DBACBDABCD,1.0,Non-STEM Track,0.0,0.0,R,R,R,R,C,C,C,C,C,C,C,RRRRCCCCCCC,0,0,1,0,0,0,0,0,0,Because I am terrible at math and had to guess at all the answers in the Stem section. ,I was frustrated with the first questions as I did not know any answers. I was fine with the non stem questions. ,Non-STEM Track,360.0,3265,White,Technical/community college,56,Female,White,Canada,United States,United States,English,No,Part-Time
163,66edc42d538ac1d18fa2d1dd,D,A,A,B,D,C,D,C,C,A,DAABDCDCCA,0.5,0.0,0.0,noisy,random,positive,Pass,black,55.0,1.0,2.0,Fail Box,D,B,A,C,B,D,A,B,C,D,DBACBDABCD,1.0,Non-STEM Track,0.0,0.0,R,R,R,R,C,C,C,C,C,C,C,RRRRCCCCCCC,0,0,1,0,0,0,0,0,0,The STEM track was difficult.,"The math was incredibly difficult but I found this research very interesting, thank you.",Non-STEM Track,813.0,74,White,Technical/community college,37,Male,White,United States,United States,United States,English,No,DATA_EXPIRED
166,62e07b7bce4301b22b769df8,D,A,B,B,B,B,D,C,C,A,DABBBBDCCA,0.7,0.0,0.0,noisy,random,negative,Pass,red,60.0,3.0,5.0,Pass Box,B,C,C,A,A,D,C,C,B,C,BCCAADCCBC,0.8,STEM Track,0.0,0.0,R,R,R,R,C,C,C,C,C,C,C,RRRRCCCCCCC,0,0,1,0,0,0,0,0,1,Money and it was interesting and a bit of my parents wanted me to. ,Always fun to do SAT questions 8 years after I left school.,STEM Track,1076.0,394,East Asian,Undergraduate degree (BA/BSc/other),28,Male,Asian,United States,United States,United States,Chinese,No,Full-Time
167,66bba307f316e9d93bdd0039,B,A,B,B,C,D,A,C,A,B,BABBCDACAB,0.4,1.0,2.498,noisy,random,positive,Fail,red,100.0,2.0,5.0,Pass Box,D,B,A,C,B,D,A,B,C,D,DBACBDABCD,1.0,Non-STEM Track,0.0,0.0,R,R,R,R,R,R,R,R,R,C,C,RRRRRRRRRCC,0,0,1,0,0,0,0,0,0,Had to think too much for such a small reward,It was okay,Non-STEM Track,509.0,42,White,Undergraduate degree (BA/BSc/other),44,Male,White,United States,United States,United States,English,No,DATA_EXPIRED
168,5e63e24eaf3bd51660031dbe,B,B,D,A,C,A,A,C,A,A,BBDACAACAA,0.1,0.0,0.0,noisy,random,ground,Fail,black,50.0,5.0,5.0,Fail Box,D,B,A,C,B,D,A,B,C,D,DBACBDABCD,1.0,Non-STEM Track,0.0,0.0,R,R,R,R,C,C,C,C,C,C,C,RRRRCCCCCCC,0,0,1,0,0,0,0,0,0,I felt my chances were better,Everything was fine.,Non-STEM Track,502.0,8359,White,Technical/community college,38,Male,White,United States,United States,United States,English,Yes,Full-Time
169,5dedf0483711364928753ecd,B,A,A,B,D,B,A,B,C,A,BAABDBABCA,0.4,0.0,0.0,noisy,random,negative,Pass,red,25.0,2.0,1.0,Pass Box,D,B,A,C,B,D,A,B,C,D,DBACBDABCD,1.0,Non-STEM Track,0.0,0.0,R,R,R,R,R,C,C,C,C,C,C,RRRRRCCCCCC,0,0,1,0,0,0,0,0,0,I wasn't confident in my ability to pass another STEM quiz.,I found it somewhat fun.,Non-STEM Track,933.0,4344,East Asian,Undergraduate degree (BA/BSc/other),39,Male,Asian,United States,United States,United States,English,No,Full-Time
170,5c4e3977c0783c00016936f9,D,A,A,B,B,C,B,A,B,A,DAABBCBABA,0.3,0.0,0.0,noisy,random,negative,Fail,black,20.0,2.0,5.0,Fail Box,D,B,A,C,B,D,A,B,C,D,DBACBDABCD,1.0,Non-STEM Track,0.0,0.0,R,R,C,C,C,C,C,C,C,C,C,RRCCCCCCCCC,0,0,1,0,0,0,0,0,0,The amount of time given to solve the equations was sufficient enough ,No feedback,Non-STEM Track,509.0,2117,White,Undergraduate degree (BA/BSc/other),30,Male,White,United States,United States,United States,English,Yes,Full-Time
171,5d7472ad3bc4020015f3bb56,D,B,A,C,A,B,D,A,D,A,DBACABDADA,0.2,0.0,0.0,noisy,random,negative,Fail,black,30.0,5.0,3.0,Fail Box,D,B,A,C,B,D,A,B,C,D,DBACBDABCD,1.0,Non-STEM Track,0.0,0.0,R,R,R,R,R,R,R,C,C,C,C,RRRRRRRCCCC,0,0,0,1,1,0,0,0,0,It seemed like the easier option for me.,No,Non-STEM Track,618.0,2746,White,High school diploma/A-levels,27,Male,White,United States,United States,United States,English,No,Due to start a new job within the next month
173,57c137bf5b8c510001af5981,B,C,A,D,C,D,B,C,A,D,BCADCDBCAD,0.1,0.0,0.0,noisy,random,negative,Fail,red,10.0,2.0,3.0,Fail Box,D,B,A,C,B,D,A,B,C,D,DBACBDABCD,1.0,Non-STEM Track,0.0,0.0,R,R,R,R,R,C,C,C,C,C,C,RRRRRCCCCCC,0,0,1,0,0,0,0,0,0,Those are my stronger subjects,My math is really bad =),Non-STEM Track,589.0,2626,White,High school diploma/A-levels,36,Male,White,United States,United States,United States,English,No,DATA_EXPIRED
174,65f00615cafbc1008642ff08,A,C,B,A,C,A,B,B,C,A,ACBACABBCA,0.2,0.0,0.0,noisy,random,positive,Fail,red,50.0,3.0,5.0,Fail Box,D,B,A,C,B,D,A,B,C,D,DBACBDABCD,1.0,Non-STEM Track,0.0,0.0,R,R,R,R,R,C,C,C,C,C,C,RRRRRCCCCCC,0,0,1,0,0,0,0,0,0,Because I’m bad at math ,It was okay ,Non-STEM Track,432.0,516,White,High school diploma/A-levels,36,Male,White,United States,United States,United States,English,DATA_EXPIRED,Unemployed (and job seeking)
175,6689a12457342b4e43fe5af3,D,A,A,C,D,A,D,D,B,B,DAACDADDBB,0.3,0.0,0.0,noisy,random,ground,Pass,red,30.0,5.0,3.0,Pass Box,D,B,A,C,B,D,A,B,C,D,DBACBDABCD,1.0,Non-STEM Track,0.0,0.0,R,R,R,R,R,C,C,C,C,C,C,RRRRRCCCCCC,0,1,1,0,0,0,0,0,0,Simple algebra was not on the menu for my brain this afternoon,"Fairly enjoyable, outside of the headache that occurred due to the algebra haha",Non-STEM Track,902.0,134,White,Technical/community college,34,Male,White,United States,United States,United States,English,No,Part-Time
176,5e9389d87d6dc1078fe0ebee,B,C,B,B,C,A,B,C,C,D,BCBBCABCCD,0.3,1.0,2.327,noisy,random,positive,Pass,black,29.0,1.0,2.0,Pass Box,D,B,A,C,B,A,A,B,C,D,DBACBAABCD,0.9,Non-STEM Track,1.0,0.885,R,R,R,R,C,C,C,C,C,C,C,RRRRCCCCCCC,0,0,1,0,0,0,0,0,0,My STEM knowledge is a little rusty ,It was nerve-racking because I know I am not the strongest in math ,Non-STEM Track,1437.0,3197,Black/African American,Technical/community college,26,Female,Black,United States,United States,United States,English,No,Full-Time
177,6637a175f1ecda0cc7ffc8c9,A,A,C,C,B,B,,,,,AACCBB____,0.5,0.0,0.0,noisy,random,negative,Pass,red,40.0,5.0,5.0,Pass Box,B,A,C,D,A,D,B,B,B,C,BACDADBBBC,0.7,STEM Track,0.0,0.0,R,R,R,R,R,C,C,C,C,C,C,RRRRRCCCCCC,1,0,1,0,0,0,0,1,0,I was always interested in STEM since I was a child.,It was a pleasant experience.,STEM Track,1200.0,477,African,Undergraduate degree (BA/BSc/other),40,Male,Black,Kenya,United States,United States,English,DATA_EXPIRED,Full-Time
179,61692a71630be6d801e55db0,D,A,B,C,C,B,D,C,A,B,DABCCBDCAB,0.5,0.0,0.0,noisy,random,negative,Pass,red,100.0,6.0,5.0,Pass Box,D,B,A,C,B,D,A,B,C,D,DBACBDABCD,1.0,Non-STEM Track,0.0,0.0,R,R,R,R,R,C,C,C,C,C,C,RRRRRCCCCCC,0,0,1,0,0,0,0,0,0,"I thought I would do better on it, and I'm definitely correct in that regard since I got every question right on the Non-STEM track.",I liked the tests; I feel like the third question asking about how the test taker did on the first round of questions could have been better explained. (The one asking for a number out of /10),Non-STEM Track,746.0,1090,White,High school diploma/A-levels,26,Male,White,United States,United States,United States,English,No,"Not in paid work (e.g. homemaker', 'retired or disabled)"
180,5c989ea4c7f75b0001677fa8,D,C,C,B,B,B,A,A,B,A,DCCBBBAABA,0.4,0.0,0.0,noisy,random,negative,Fail,black,75.0,2.0,6.0,Fail Box,C,A,B,B,D,D,C,A,C,A,CABBDDCACA,0.4,STEM Track,0.0,0.0,R,R,R,C,C,C,C,C,C,C,C,RRRCCCCCCCC,0,1,0,0,0,0,0,0,0,I struggled with math in elementary and high school but began to grow my confidence in math in college so I wanted to accept that challenge to test myself.,N/A I had a pleasant experience and don't feel as though I have suggestions or recommendations. Thank you!,STEM Track,1102.0,822,White,Undergraduate degree (BA/BSc/other),39,Male,White,United States,United States,United States,English,DATA_EXPIRED,DATA_EXPIRED
181,663ce4e0481cec08d00ab105,D,D,A,C,C,A,A,A,A,B,DDACCAAAAB,0.1,0.0,0.0,noisy,random,positive,Fail,red,40.0,2.0,3.0,Fail Box,D,B,A,C,B,D,A,B,C,D,DBACBDABCD,1.0,Non-STEM Track,0.0,0.0,R,R,R,R,R,C,C,C,C,C,C,RRRRRCCCCCC,0,0,1,0,0,0,0,0,0,Because I am more confident outside of science and math,I,Non-STEM Track,450.0,771,White,Graduate degree (MA/MSc/MPhil/other),42,Male,White,United States,United States,United States,English,DATA_EXPIRED,DATA_EXPIRED
183,5bcc26ba4f22df00010f166d,D,A,B,C,D,B,D,C,D,B,DABCDBDCDB,0.5,0.0,0.0,noisy,random,negative,Pass,red,40.0,3.0,4.0,Pass Box,D,B,A,C,B,D,A,B,C,D,DBACBDABCD,1.0,Non-STEM Track,0.0,0.0,R,R,R,R,C,C,C,C,C,C,C,RRRRCCCCCCC,0,0,1,0,0,0,0,0,0,Because I felt more confident in answering the non-STEM questions accurately,All of the various instructions were a bit confusing and tedious,Non-STEM Track,776.0,1366,Latino/Hispanic,High school diploma/A-levels,34,Male,Other,United States,United States,United States,English,No,Full-Time
184,6728ac4e1f0ac5ccaa3d7675,C,C,B,B,B,B,C,C,C,C,CCBBBBCCCC,0.5,0.0,0.0,noisy,random,negative,Fail,red,80.0,8.0,9.0,Pass Box,C,B,B,B,C,B,B,B,B,B,CBBBCBBBBB,0.1,STEM Track,0.0,0.0,R,R,R,R,R,R,R,R,R,R,C,RRRRRRRRRRC,0,0,0,0,1,0,0,0,0,it will help me,good,STEM Track,731.0,10,African,High school diploma/A-levels,31,Male,Black,Ghana,United States,United States,English,Yes,DATA_EXPIRED
185,67158a52bdda9ea30d07de25,C,C,A,B,B,C,D,D,A,C,CCABBCDDAC,0.3,0.0,0.0,noisy,random,positive,Fail,red,50.0,7.0,5.0,Pass Box,B,C,B,C,D,D,B,C,D,A,BCBCDDBCDA,0.2,STEM Track,0.0,0.0,R,R,R,R,R,C,C,C,C,C,C,RRRRRCCCCCC,0,0,1,0,0,0,0,0,0,I like mathematics.,,STEM Track,451.0,46,White,Technical/community college,25,Male,White,United States,United States,United States,English,Yes,Part-Time
186,663afb4c74805516d7983f27,D,C,B,A,C,A,D,C,D,A,DCBACADCDA,0.2,1.0,3.909,noisy,random,negative,Pass,red,5.0,1.0,1.0,Pass Box,D,B,A,C,B,D,A,B,C,D,DBACBDABCD,1.0,Non-STEM Track,0.0,0.0,R,C,C,C,C,C,C,C,C,C,C,RCCCCCCCCCC,0,0,1,0,0,0,0,0,0,I haven't taken those types of math classes in a long time and barely remember any of it.,"It was kind of fun. When I saw the math questions I was like, what? Lol",Non-STEM Track,1381.0,937,White,High school diploma/A-levels,47,Female,White,United States,United States,United States,English,No,Full-Time
187,658289aeaf946c0306a5c083,A,A,B,B,B,B,D,C,B,B,AABBBBDCBB,0.8,0.0,0.0,noisy,random,ground,Fail,black,100.0,10.0,10.0,Fail Box,B,A,C,A,A,D,C,A,B,C,BACAADCABC,1.0,STEM Track,0.0,0.0,R,R,C,C,C,C,C,C,C,C,C,RRCCCCCCCCC,0,0,1,0,0,0,0,0,0,I major in a STEM field so I am confident in my mathematical abilities. ,"It was great actually, provided a great set of exercises to challenge myself.",STEM Track,1563.0,406,East Asian,High school diploma/A-levels,24,Male,Asian,United States,United States,United States,English,Yes,Unemployed (and job seeking)
188,66fb614bb2ee41889ae13f1c,D,A,A,C,C,B,B,C,D,A,DAACCBBCDA,0.3,0.0,0.0,noisy,random,negative,Pass,red,11.0,2.0,0.0,Pass Box,D,D,D,D,D,D,D,D,D,D,DDDDDDDDDD,0.1,STEM Track,0.0,0.0,R,R,R,R,R,C,C,C,C,C,C,RRRRRCCCCCC,0,0,1,0,0,0,0,0,0,I'd get $2 if I got them all wrong.,I wish I hadn't come here!  ;-),STEM Track,405.0,31,White,High school diploma/A-levels,46,Male,White,United States,United States,United States,English,No,Part-Time
190,62f9c9926b5d15714845f331,C,A,D,C,B,A,A,A,B,A,CADCBAAABA,0.2,0.0,0.0,noisy,random,negative,Fail,red,32.0,2.0,3.0,Fail Box,D,B,A,C,B,A,A,B,C,D,DBACBAABCD,0.9,Non-STEM Track,0.0,0.0,C,R,R,R,R,R,C,R,R,R,R,CRRRRRCRRRR,0,0,1,0,0,0,0,0,0,I didn't want to do any more math problems because math isn't my strongest subject,It was great for people who are decent in math for the first part. The English part was easier for me.,Non-STEM Track,676.0,292,White,High school diploma/A-levels,35,Male,White,United States,United States,United States,English,No,"Not in paid work (e.g. homemaker', 'retired or disabled)"
191,6728ecb8f622c6f2a2eaa6fc,C,B,A,D,B,C,C,A,A,B,CBADBCCAAB,0.2,0.0,0.0,noisy,random,positive,Pass,black,2.0,3.0,1.0,Fail Box,A,A,A,A,A,A,A,A,A,A,AAAAAAAAAA,0.4,STEM Track,0.0,0.0,R,R,C,C,C,C,C,C,C,C,C,RRCCCCCCCCC,0,0,1,0,0,0,0,0,0,I'll gamble for a dollar ,Enjoysble,STEM Track,445.0,26,Mixed,Undergraduate degree (BA/BSc/other),37,Male,White,United States,United States,United States,English,No,DATA_EXPIRED
192,664e3a724e9031ecde986655,B,C,A,A,B,A,A,B,C,A,BCAABAABCA,0.2,0.0,0.0,noisy,random,positive,Fail,red,50.0,5.0,5.0,Pass Box,C,B,B,B,B,B,A,A,B,B,CBBBBBAABB,0.2,STEM Track,0.0,0.0,R,R,R,R,R,R,R,C,C,C,C,RRRRRRRCCCC,0,0,1,0,0,0,0,0,0,Because I love science ,I thought it was a lot ,STEM Track,549.0,102,White Mexican,Technical/community college,43,Male,White,United States,United States,United States,English,No,Full-Time
193,6612f75ce40b8b512658beaf,D,C,A,B,C,D,B,C,A,B,DCABCDBCAB,0.3,0.0,0.0,noisy,random,ground,Fail,black,90.0,5.0,5.0,Fail Box,D,B,A,C,D,D,A,B,C,D,DBACDDABCD,0.9,Non-STEM Track,0.0,0.0,R,C,C,C,C,C,C,C,C,C,C,RCCCCCCCCCC,0,0,1,0,0,0,0,0,0,I believe I would do better with my knowledge ,Fun,Non-STEM Track,311.0,161,White,Undergraduate degree (BA/BSc/other),46,Male,White,United States,United States,United States,English,No,Full-Time
194,60bae1ebe45be85442acce84,D,A,B,C,D,B,C,C,C,B,DABCDBCCCB,0.5,0.0,0.0,noisy,random,positive,Pass,black,25.0,3.0,3.0,Pass Box,D,B,A,C,B,D,A,B,C,D,DBACBDABCD,1.0,Non-STEM Track,0.0,0.0,R,R,C,C,C,C,C,C,C,C,C,RRCCCCCCCCC,0,1,0,0,0,0,0,0,0,"I have not done complex math since I was in high school, 10 years ago. I know I'm not great at math anymore.","I don't have any particular feedback. Everything about the study seemed to work well, and I didn't have any problems or technical issues.",Non-STEM Track,894.0,2584,White,High school diploma/A-levels,29,Male,White,United States,United States,United States,English,No,Other
195,6132cc931d18eb3ce734accf,D,C,D,D,B,B,,,,,DCDDBB____,0.2,0.0,0.0,noisy,random,negative,Pass,red,50.0,3.0,2.0,Pass Box,C,B,B,A,A,B,C,A,B,A,CBBAABCABA,0.5,STEM Track,0.0,0.0,R,R,R,R,C,C,C,C,C,C,C,RRRRCCCCCCC,0,0,1,0,0,0,0,0,0,Only 2 correct answers were required to pass,I don't remember most of my schooling,STEM Track,1362.0,2087,White,Undergraduate degree (BA/BSc/other),58,Male,White,United States,United States,United States,English,No,Full-Time
196,5ec9112305ac273ed882f22a,C,A,A,C,C,B,C,B,C,C,CAACCBCBCC,0.3,0.0,0.0,noisy,random,positive,Fail,red,5.0,2.0,4.0,Fail Box,D,B,A,C,B,D,A,B,C,D,DBACBDABCD,1.0,Non-STEM Track,0.0,0.0,R,R,R,R,C,C,C,C,C,C,C,RRRRCCCCCCC,0,1,0,1,0,0,0,0,0,I am more comfortable with non-STEM topics and have not studied algebra or geometry in decades.,The STEM test was difficult.,Non-STEM Track,501.0,1069,White,Doctorate degree (PhD/other),39,Male,White,United States,United States,United States,English,No,Full-Time
197,65dd00763076d70c85c24b1b,A,A,B,C,B,B,C,A,B,B,AABCBBCABB,0.5,1.0,0.69,noisy,random,negative,Pass,red,10.0,0.0,0.0,Fail Box,D,B,A,C,B,D,A,B,C,D,DBACBDABCD,1.0,Non-STEM Track,0.0,0.0,R,R,R,R,R,C,C,C,C,C,C,RRRRRCCCCCC,0,0,1,0,0,0,0,0,0,I was not able to solve most of the math problems from the 1st section,It was a good experience to see where I was and if my knowledge from back in school still stuck with me.,Non-STEM Track,380.0,487,South East Asian,Technical/community college,22,Male,Asian,United States,United States,United States,Vietnamese,Yes,Part-Time
198,6696cb900298e5e424ddbb00,D,C,C,C,C,C,B,D,C,B,DCCCCCBDCB,0.3,0.0,0.0,noisy,random,negative,Fail,red,65.0,5.0,4.0,Fail Box,D,B,A,C,B,D,A,B,C,B,DBACBDABCB,0.9,Non-STEM Track,0.0,0.0,R,C,C,R,R,C,C,C,C,C,C,RCCRRCCCCCC,0,0,1,0,0,0,0,0,0,seemed better for me ,all good ,Non-STEM Track,564.0,199,Black/African American,Undergraduate degree (BA/BSc/other),33,Male,Black,United States,United States,United States,English,Yes,Unemployed (and job seeking)
199,611c3a95571912992fae32cf,B,B,A,C,B,A,A,C,B,A,BBACBAACBA,0.2,0.0,0.0,noisy,random,negative,Fail,red,43.0,1.0,3.0,Pass Box,C,B,D,C,C,B,B,B,A,B,CBDCCBBBAB,0.0,STEM Track,0.0,0.0,R,C,C,R,R,R,C,C,C,C,C,RCCRRRCCCCC,0,0,1,0,0,0,0,0,0,I like technology.,BORING,STEM Track,728.0,2762,White,High school diploma/A-levels,31,Male,White,United States,United States,United States,English,Yes,Unemployed (and job seeking)
200,66b81adbc27d50653ded3da4,B,A,B,D,A,D,D,C,B,B,BABDADDCBB,0.4,0.0,0.0,noisy,random,positive,Pass,red,25.0,3.0,4.0,Fail Box,B,B,C,A,A,D,C,A,B,A,BBCAADCABA,0.8,STEM Track,0.0,0.0,R,R,R,R,R,C,C,C,C,C,C,RRRRRCCCCCC,0,0,1,0,0,0,0,0,0,Money,"No feedback, it was fun",STEM Track,683.0,550,East Asian,Undergraduate degree (BA/BSc/other),28,Male,Asian,China,United States,United States,Chinese,Yes,Full-Time
202,649609322cee8b311a1c3f0f,B,B,C,D,C,B,A,B,D,A,BBCDCBABDA,0.2,0.0,0.0,noisy,random,ground,Fail,black,60.0,3.0,3.0,Fail Box,A,D,C,B,C,B,C,C,C,D,ADCBCBCCCD,0.2,STEM Track,0.0,0.0,R,R,R,R,R,C,C,C,C,C,C,RRRRRCCCCCC,0,0,1,0,0,0,0,0,0,Hope to get lucky and win more money somehow.,I haven't understood any of this since high school.,STEM Track,647.0,3331,White,Technical/community college,37,Male,White,United States,United States,United States,English,No,Part-Time
203,66aabe2a82ed5061379fa052,D,D,,,B,B,,B,,A,DD__BB_B_A,0.2,0.0,0.0,noisy,random,ground,Fail,black,30.0,3.0,3.0,Fail Box,D,B,A,C,B,D,A,B,C,D,DBACBDABCD,1.0,Non-STEM Track,0.0,0.0,R,C,C,C,C,C,C,C,C,C,C,RCCCCCCCCCC,1,0,1,0,0,0,0,0,0,It's what I enjoy doing,I enjoyed every bit of it.,Non-STEM Track,1208.0,373,Black/African American,Graduate degree (MA/MSc/MPhil/other),34,Male,Black,United States,United States,United States,English,DATA_EXPIRED,Full-Time
205,66fd131b4ece3a7928716865,A,B,C,B,C,B,B,B,C,B,ABCBCBBBCB,0.6,0.0,0.0,noisy,random,negative,Pass,red,30.0,4.0,5.0,Pass Box,C,B,D,C,B,C,C,C,D,A,CBDCBCCCDA,0.1,STEM Track,0.0,0.0,R,R,R,R,R,C,C,C,C,C,R,RRRRRCCCCCR,0,0,1,0,0,0,0,0,0,because i wanted to increase my bonus chances,it was great,STEM Track,475.0,227,Latino/Hispanic,Graduate degree (MA/MSc/MPhil/other),43,Male,Other,United States,United States,United States,English,No,Full-Time
206,65d76ebb8291ac6b90e131a7,A,A,B,B,B,C,B,C,D,B,AABBBCBCDB,0.6,0.0,0.0,noisy,random,ground,Pass,red,50.0,5.0,6.0,Pass Box,B,D,C,B,A,D,C,A,B,C,BDCBADCABC,0.8,STEM Track,0.0,0.0,R,R,R,R,R,C,C,C,C,C,C,RRRRRCCCCCC,1,1,1,0,0,0,0,1,0,Personal Interest,,STEM Track,976.0,279,South Asian,Undergraduate degree (BA/BSc/other),26,Male,Asian,United States,United States,United States,English,No,DATA_EXPIRED
207,667e3c908dfe54c0973bbe34,D,C,C,C,B,D,C,B,B,C,DCCCBDCBBC,0.2,0.0,0.0,noisy,random,positive,Fail,red,2.0,3.0,3.0,Fail Box,D,B,A,C,B,D,A,B,C,D,DBACBDABCD,1.0,Non-STEM Track,0.0,0.0,R,R,R,C,C,C,C,C,C,C,C,RRRCCCCCCCC,0,0,1,0,0,0,0,0,0,algebra was not my strongest subject to be honest so i chose not to fail again.,The experience was interesting and fun.,Non-STEM Track,970.0,491,Black/African American,High school diploma/A-levels,50,Female,Black,United States,United States,United States,English,No,Full-Time
208,66e3a5d19b4dd663d2c8b9ad,C,C,C,C,C,C,C,C,C,C,CCCCCCCCCC,0.3,0.0,0.0,noisy,random,positive,Pass,red,25.0,3.0,3.0,Not Sure,D,B,A,C,B,D,A,B,C,D,DBACBDABCD,1.0,Non-STEM Track,0.0,0.0,R,R,R,R,C,C,C,C,C,C,C,RRRRCCCCCCC,0,0,1,0,0,0,0,0,0,Im horrible at stem subjects,Easy and enjoyable except the math ,Non-STEM Track,375.0,99,Black/African American,High school diploma/A-levels,25,Male,Black,United States,United States,United States,English,No,Unemployed (and job seeking)
209,6681a790567ed4edc86ca4a4,D,A,B,C,C,C,B,A,A,B,DABCCCBAAB,0.2,0.0,0.0,noisy,random,positive,Fail,red,51.0,1.0,5.0,Fail Box,D,B,A,C,B,D,A,B,C,D,DBACBDABCD,1.0,Non-STEM Track,0.0,0.0,R,R,R,C,C,C,C,C,C,C,C,RRRCCCCCCCC,0,0,1,0,0,1,0,0,0,I had an extremely low chance of answering any of the questions correctly.,It was somewhat confusing and forced me to use brain cells that have been dormant for decades.,Non-STEM Track,977.0,470,White,High school diploma/A-levels,49,Male,White,United States,United States,United States,English,No,"Not in paid work (e.g. homemaker', 'retired or disabled)"
210,666e2123f31347ddef69f7a1,B,C,D,B,D,B,B,A,B,A,BCDBDBBABA,0.2,0.0,0.0,noisy,random,positive,Pass,red,50.0,1.0,1.0,Not Sure,B,A,C,B,A,D,C,A,B,A,BACBADCABA,0.8,STEM Track,0.0,0.0,R,R,R,R,R,C,C,C,C,C,C,RRRRRCCCCCC,0,0,1,0,0,0,0,0,0,I wanted to try my luck for the bonus payment.,My experience was good.,STEM Track,1095.0,481,Black/African American,High school diploma/A-levels,28,Male,Black,United States,United States,United States,English,No,Full-Time
211,6734a50bb2f6e5f5ab60c014,B,C,A,A,C,B,D,C,A,A,BCAACBDCAA,0.3,0.0,0.0,noisy,random,ground,Fail,black,50.0,4.0,4.0,Pass Box,B,B,D,D,B,B,A,B,D,C,BBDDBBABDC,0.2,STEM Track,0.0,0.0,R,C,C,C,C,C,C,C,C,C,C,RCCCCCCCCCC,1,1,0,0,0,0,0,0,0,to learn,good experience,STEM Track,604.0,17,Black/African American,High school diploma/A-levels,20,Male,Black,Ghana,United States,United States,English,Yes,DATA_EXPIRED
213,5fc6e3a0040c3f0e7cb45c8a,B,B,B,C,B,A,B,B,C,A,BBBCBABBCA,0.2,0.0,0.0,noisy,random,ground,Pass,red,50.0,2.0,1.0,Pass Box,C,C,B,C,A,B,C,B,B,B,CCBCABCBBB,0.3,STEM Track,0.0,0.0,C,R,R,R,R,R,R,R,R,C,C,CRRRRRRRRCC,0,0,0,1,0,0,0,0,0,It paid more,no experience just schooling with college degree.,STEM Track,639.0,7220,White,Technical/community college,34,Female,White,United States,United States,United States,English,No,"Not in paid work (e.g. homemaker', 'retired or disabled)"
214,6632a45ac854ff55d9eb87e4,D,A,A,C,B,B,D,C,A,B,DAACBBDCAB,0.6,0.0,0.0,noisy,random,positive,Pass,red,60.0,7.0,6.0,Pass Box,D,B,A,C,B,D,A,B,C,D,DBACBDABCD,1.0,Non-STEM Track,0.0,0.0,R,R,R,R,C,C,C,C,C,C,C,RRRRCCCCCCC,0,0,1,0,0,0,0,0,0,The non-STEM track had a higher chance of offering something consistent.,,Non-STEM Track,758.0,624,Latino/Hispanic,Technical/community college,27,Male,Other,Mexico,United States,United States,Spanish,DATA_EXPIRED,DATA_EXPIRED
215,5ea96f2dbd3d10051fc94b30,C,B,B,A,C,B,A,A,D,A,CBBACBAADA,0.1,0.0,0.0,noisy,random,positive,Fail,red,40.0,1.0,2.0,Fail Box,D,D,A,C,B,D,A,B,C,D,DDACBDABCD,0.9,Non-STEM Track,0.0,0.0,R,R,R,R,C,C,C,C,C,C,C,RRRRCCCCCCC,0,0,1,0,0,0,0,0,0,The first set of STEM questions were difficult ,It was a good survey ,Non-STEM Track,1297.0,535,Middle Eastern,Undergraduate degree (BA/BSc/other),36,Male,Other,United States,United States,Lebanon,English,No,Full-Time
216,62f975cbc3507ecf77180d00,D,A,C,B,B,D,B,C,C,B,DACBBDBCCB,0.7,0.0,0.0,noisy,random,negative,Pass,red,40.0,4.0,5.0,Fail Box,D,B,A,C,B,D,A,B,C,D,DBACBDABCD,1.0,Non-STEM Track,0.0,0.0,R,R,R,R,C,C,C,C,C,C,C,RRRRCCCCCCC,0,0,1,1,0,0,0,0,0,I knew it would be easier for me.,"It was fine, no feedback.",Non-STEM Track,721.0,1951,White,Secondary education (e.g. GED/GCSE),21,Male,White,United States,United States,United States,English,No,Unemployed (and job seeking)
217,65f0e572d1ca00e646860bff,D,A,B,C,C,A,D,A,A,B,DABCCADAAB,0.3,0.0,0.0,noisy,random,negative,Pass,red,40.0,4.0,3.0,Pass Box,D,B,A,C,B,D,A,B,C,D,DBACBDABCD,1.0,Non-STEM Track,0.0,0.0,R,R,C,C,C,C,C,C,C,C,C,RRCCCCCCCCC,0,0,1,0,0,0,0,0,0,I am not at all confident in my math capability and it is something I have not studied at all on a personal level since being out of school. It is something I do not have a strong interest in.,"I felt like I was being teased by an evil , whimsical robot math wizard who was stirring up all my forgotten nightmares about Pre Calc. But I was surprised I could even think my way through any of the problems, so that was nice. Also I am beefy when it comes to vocabulary so thank god I didn’t choose the STEM track the second round. ",Non-STEM Track,1063.0,584,White,Technical/community college,32,Female,White,United States,United States,United States,English,No,"Not in paid work (e.g. homemaker', 'retired or disabled)"
218,614de6895ac2892842f52ec7,B,A,D,D,C,B,D,A,A,A,BADDCBDAAA,0.3,0.0,0.0,noisy,random,negative,Fail,red,30.0,3.0,5.0,Fail Box,D,B,A,C,B,D,A,B,C,D,DBACBDABCD,1.0,Non-STEM Track,0.0,0.0,R,R,R,R,C,C,C,C,C,C,C,RRRRCCCCCCC,0,0,1,0,0,0,0,0,0,Because I have not done that kind of math in over 20 years.,I was a bit sad about how much math I have forgotten!,Non-STEM Track,633.0,984,White,High school diploma/A-levels,44,Male,White,United States,United States,United States,English,Yes,Unemployed (and job seeking)
219,61177ea521a68858654a2cdf,B,A,A,B,D,,,,,,BAABD_____,0.2,1.0,1.44,noisy,random,negative,Pass,red,25.0,3.0,2.0,Pass Box,D,B,A,C,B,D,A,B,C,D,DBACBDABCD,1.0,Non-STEM Track,1.0,2.041,R,R,R,C,C,C,C,C,C,C,C,RRRCCCCCCCC,0,0,1,0,0,0,0,0,0,It bore less risk for losing money.,"It was an interesting study and the first part was quite challenging. It's been a while since I've done math. Interesting study, thanks!",Non-STEM Track,994.0,1324,White,Technical/community college,35,Male,White,United States,United States,United States,English,No,Part-Time
220,664fa131c7b117a8b479e5f3,D,A,A,B,B,B,D,C,B,D,DAABBBDCBD,0.6,0.0,0.0,noisy,random,ground,Pass,red,30.0,4.0,4.0,Pass Box,B,B,C,C,A,D,C,A,C,C,BBCCADCACC,0.7,STEM Track,0.0,0.0,R,R,R,R,R,C,C,C,C,C,C,RRRRRCCCCCC,0,0,1,1,0,0,0,0,0,I major in the STEM field.,It was okay,STEM Track,830.0,415,White,High school diploma/A-levels,20,Male,White,United States,United States,United States,English,Yes,Part-Time
222,5f1bf8c6fe7ca34249b7c334,A,A,D,B,B,B,D,C,B,B,AADBBBDCBB,0.8,0.0,0.0,noisy,random,ground,Pass,red,90.0,9.0,5.0,Pass Box,D,B,A,C,B,D,A,B,C,D,DBACBDABCD,1.0,Non-STEM Track,0.0,0.0,R,R,R,R,C,C,C,C,C,C,C,RRRRCCCCCCC,0,0,1,0,1,0,0,0,0,"I enjoy STEM, but wanted a chance to earn .20 per question.",It was fun!,Non-STEM Track,719.0,2580,White,Technical/community college,30,Female,White,United States,United States,United States,English,Yes,Full-Time
223,5cc8039e3ef93000171c96b8,C,A,A,C,B,B,C,B,B,D,CAACBBCBBD,0.3,0.0,0.0,noisy,random,negative,Fail,red,65.0,4.0,4.0,Pass Box,B,B,C,C,A,A,C,A,C,A,BBCCAACACA,0.5,STEM Track,0.0,0.0,R,R,R,R,R,C,C,C,C,C,C,RRRRRCCCCCC,0,0,1,0,0,0,0,0,0,I think I'm good enough at math to get at least 4 right most of the time,Some of the questions were really easy and some were too hard that it wasn't worth the time to try to figure them out,STEM Track,735.0,5124,White,Undergraduate degree (BA/BSc/other),38,Male,White,United States,United States,United States,English,No,Part-Time
224,65cb9a592b3565cba17bc37c,D,A,B,A,B,B,D,C,C,B,DABABBDCCB,0.7,0.0,0.0,noisy,random,positive,Fail,red,100.0,10.0,10.0,Pass Box,B,B,B,C,A,D,C,A,B,C,BBBCADCABC,0.7,STEM Track,0.0,0.0,R,R,R,R,R,C,C,C,C,C,C,RRRRRCCCCCC,0,0,1,0,0,0,0,0,0,I felt confident in my math skills.,,STEM Track,1092.0,1308,East Asian,Graduate degree (MA/MSc/MPhil/other),27,Female,Asian,United States,United States,United States,Mandarin,DATA_EXPIRED,Full-Time
225,67104c7deff954cb22438402,B,C,D,B,A,D,D,B,A,A,BCDBADDBAA,0.2,0.0,0.0,noisy,random,ground,Pass,red,0.0,0.0,0.0,Pass Box,C,B,B,B,A,B,C,C,B,C,CBBBABCCBC,0.4,STEM Track,0.0,0.0,R,C,C,C,C,C,C,C,C,C,C,RCCCCCCCCCC,0,0,1,0,0,0,0,0,0,Because math and I do not work well together at all but I can’t bring myself to take the easy path,My brain hurts,STEM Track,818.0,158,White,High school diploma/A-levels,48,Female,White,United States,United States,United States,English,No,"Not in paid work (e.g. homemaker', 'retired or disabled)"
226,60d8c6bc9686529cdc824a49,A,B,A,C,A,A,D,C,B,A,ABACAADCBA,0.3,0.0,0.0,noisy,random,positive,Fail,red,23.0,2.0,4.0,Fail Box,A,C,B,B,A,A,D,C,D,A,ACBBAADCDA,0.1,STEM Track,0.0,0.0,R,R,R,R,R,R,C,C,C,C,C,RRRRRRCCCCC,0,0,1,0,0,0,0,0,0,intuituion,it was fine,STEM Track,1338.0,4775,White,High school diploma/A-levels,38,Female,White,United States,United States,United States,English,No,"Not in paid work (e.g. homemaker', 'retired or disabled)"
