Unnamed: 0,Intro.1.player.prolific_id,Section_1.1.player.question1,Section_1.1.player.question2,Section_1.1.player.question3,Section_1.1.player.question4,Section_1.1.player.question5,Section_1.1.player.question6,Section_1.1.player.question7,Section_1.1.player.question8,Section_1.1.player.question9,Section_1.1.player.question10,Section_1.1.player.stem_quiz_1_answers,Section_1.1.player.stem_quiz_1_score,Section_1.1.player.num_tab_switches_in_section_1,Section_1.1.player.total_time_hidden_in_section_1,Section_2_3.1.player.track,Section_2_3.1.player.path,Section_2_3.1.player.info_structure,Section_2_3.1.player.performance,Section_2_3.1.player.ball_color,Section_2_3.1.player.overplacement,Section_2_3.1.player.overestimation,Section_2_3.1.player.passing_threshold,Section_2_3.1.player.ball_origin_estimation,Section_4_5.1.player.question1,Section_4_5.1.player.question2,Section_4_5.1.player.question3,Section_4_5.1.player.question4,Section_4_5.1.player.question5,Section_4_5.1.player.question6,Section_4_5.1.player.question7,Section_4_5.1.player.question8,Section_4_5.1.player.question9,Section_4_5.1.player.question10,Section_4_5.1.player.quiz_2_answers,Section_4_5.1.player.quiz_2_score,Section_4_5.1.player.preferred_second_survey,Section_4_5.1.player.num_tab_switches_in_section_5,Section_4_5.1.player.total_time_hidden_in_section_5,Section_6.1.player.question1,Section_6.1.player.question2,Section_6.1.player.question3,Section_6.1.player.question4,Section_6.1.player.question5,Section_6.1.player.question6,Section_6.1.player.question7,Section_6.1.player.question8,Section_6.1.player.question9,Section_6.1.player.question10,Section_6.1.player.question11,Section_6.1.player.risk_tolerance_answers,Section_7.1.player.schools_private_independent,Section_7.1.player.schools_private_religious,Section_7.1.player.schools_public_school,Section_7.1.player.schools_homeschool,Section_7.1.player.schools_online_school,Section_7.1.player.schools_charter_school,Section_7.1.player.schools_all_girls_school,Section_7.1.player.schools_all_boys_school,Section_7.1.player.schools_stem_oriented_school,Section_7.1.player.track_decision,Section_7.1.player.experience,Section_7.1.player.preferred_second_survey,Time taken,Total approvals,Ethnicity,Highest education level completed,Age,Sex,Ethnicity simplified,Country of birth,Country of residence,Nationality,Language,Student status,Employment status,continue_or_quit
0,5c8541b79c5a3000016b2597,D,D,C,B,C,A,C,B,C,D,DDCBCACBCD,0.3,0.0,0.0,noisy,random,positive,Fail,red,50.0,3.0,5.0,Fail Box,D,B,A,C,B,D,A,B,C,D,DBACBDABCD,1.0,Non-STEM Track,0.0,0.0,R,R,R,C,C,C,C,C,C,C,C,RRRCCCCCCCC,0,0,1,0,0,0,0,0,0,Much easier,,Non-STEM Track,413.0,6058,White,Undergraduate degree (BA/BSc/other),51,Male,White,Germany,United States,United States,English,No,Full-Time,0
1,652a68b774692c0a5cceba01,D,A,B,C,D,B,C,A,B,B,DABCDBCABB,0.3,0.0,0.0,noisy,random,positive,Fail,red,25.0,3.0,4.0,Fail Box,D,B,A,C,B,D,A,B,C,D,DBACBDABCD,1.0,Non-STEM Track,0.0,0.0,R,R,R,R,R,R,R,C,C,C,C,RRRRRRRCCCC,0,0,1,0,0,0,0,0,0,"I have not taken math since I was 16 years old, and the first quiz confirmed I am absolutely not a mathematician. I love reading and writing, so gravitate towards non-STEM disciplines. ","I am worse at math than I remembered, that's for sure! But, it was fun to try to force my brain to try to remember how to work it out.",Non-STEM Track,870.0,138,White,Graduate degree (MA/MSc/MPhil/other),27,Female,White,United States,United States,United States,English,No,DATA_EXPIRED,0
2,5d8a65fe43543b0001a33e4b,B,C,A,C,B,A,C,A,D,A,BCACBACADA,0.1,0.0,0.0,noisy,random,positive,Fail,red,25.0,3.0,2.0,Fail Box,D,B,A,C,B,D,A,B,C,D,DBACBDABCD,1.0,Non-STEM Track,0.0,0.0,R,R,R,C,C,C,C,C,C,C,C,RRRCCCCCCCC,0,0,1,0,0,0,0,0,0,"I don't have a strong stem background, so I hoped that I would perform better in an alternate task.",Fun! ,Non-STEM Track,770.0,424,White,Undergraduate degree (BA/BSc/other),48,Female,White,United States,United States,United States,English,No,Part-Time,0
3,66f45672aa769deaf0cc6417,D,D,D,C,B,B,A,D,C,B,DDDCBBADCB,0.4,0.0,0.0,noisy,random,positive,Pass,red,10.0,0.0,0.0,Pass Box,D,D,A,C,B,D,A,B,C,D,DDACBDABCD,0.9,Non-STEM Track,0.0,0.0,R,R,R,R,R,C,C,C,C,C,C,RRRRRCCCCCC,0,0,1,0,0,0,0,0,0,I chose the non-stem track because I do not perform well regarding stem related tasks. Stem is not a strong suit of mine.,My experience was great! I think the study went smoothly!,Non-STEM Track,901.0,3,White,Undergraduate degree (BA/BSc/other),22,Female,White,United States,United States,United States,English,No,DATA_EXPIRED,0
4,66e2e4974bf2eb1a77116882,D,A,D,B,D,B,D,C,A,B,DADBDBDCAB,0.6,0.0,0.0,noisy,random,positive,Pass,red,0.0,6.0,4.0,Pass Box,B,A,C,A,C,D,C,A,B,A,BACACDCABA,0.8,STEM Track,0.0,0.0,R,R,C,C,C,C,C,C,C,C,C,RRCCCCCCCCC,1,0,1,0,0,0,0,0,0,I am good at it since my school days.,,STEM Track,1206.0,5,Black/African American,Undergraduate degree (BA/BSc/other),27,Male,White,United States,United States,United States,English,No,Unemployed (and job seeking),1
5,66e53659bbbd7070ab7a6a3b,B,B,B,C,D,A,C,C,A,D,BBBCDACCAD,0.1,0.0,0.0,noisy,random,positive,Fail,red,20.0,4.0,2.0,Pass Box,D,B,A,B,B,D,B,B,C,D,DBABBDBBCD,0.8,Non-STEM Track,0.0,0.0,R,C,C,C,C,R,C,R,C,R,R,RCCCCRCRCRR,0,1,0,0,0,0,0,0,0,It was more flexible,,Non-STEM Track,984.0,16,White,Graduate degree (MA/MSc/MPhil/other),47,Female,Other,United States,United States,United States,English,Yes,Full-Time,0
6,66f46179fa81f408915abaaa,B,A,A,C,A,A,A,C,B,B,BAACAAACBB,0.3,0.0,0.0,noisy,random,ground,Pass,red,50.0,1.0,3.0,Pass Box,D,B,A,C,B,D,A,B,C,D,DBACBDABCD,1.0,Non-STEM Track,0.0,0.0,R,R,R,R,R,C,C,C,C,C,C,RRRRRCCCCCC,0,0,1,0,0,0,0,0,0,I feel that I am better at non-STEM questions.,Great experience!,Non-STEM Track,532.0,0,White,High school diploma/A-levels,33,Female,White,United States,United States,United States,English,No,"Not in paid work (e.g. homemaker', 'retired or disabled)",0
7,66720b609998ec67e708dfb0,A,D,B,B,D,A,A,C,B,D,ADBBDAACBD,0.3,1.0,5.042,noisy,random,negative,Pass,red,10.0,1.0,1.0,Fail Box,D,B,A,C,B,D,A,B,C,D,DBACBDABCD,1.0,Non-STEM Track,0.0,0.0,R,R,R,R,C,C,C,C,C,C,C,RRRRCCCCCCC,0,0,1,0,0,0,0,0,0,im not a math girly ,it was fine,Non-STEM Track,412.0,448,White,High school diploma/A-levels,32,Female,White,United States,United States,United States,English,No,Part-Time,0
8,66d5bccce3bc16e181051a0d,B,C,A,C,C,C,C,C,C,C,BCACCCCCCC,0.2,0.0,0.0,noisy,random,ground,Pass,red,0.0,0.0,0.0,Pass Box,C,B,C,C,C,D,C,C,B,B,CBCCCDCCBB,0.4,STEM Track,0.0,0.0,R,R,R,R,R,C,C,C,C,C,C,RRRRRCCCCCC,0,0,1,0,0,0,0,0,0,do not really know,It was stressful. ,STEM Track,610.0,5,White Sephardic Jew,Undergraduate degree (BA/BSc/other),63,Female,White,United States,United States,United States,English,No,Part-Time,1
9,600fbe707a1fdb1a423f1cda,D,C,C,C,C,C,C,B,A,D,DCCCCCCBAD,0.1,0.0,0.0,noisy,random,ground,Pass,red,20.0,2.0,1.0,Pass Box,D,B,A,C,B,D,A,B,C,D,DBACBDABCD,1.0,Non-STEM Track,0.0,0.0,R,R,R,R,R,R,C,C,C,C,C,RRRRRRCCCCC,0,0,1,0,0,0,0,0,0,"I am better versed in literature, language, and the arts.",Its been so long since I've had to do math problems that I felt out of my element in that area.,Non-STEM Track,858.0,6,Other (please feel free to let us know your ethnicity via email),Technical/community college,30,Male,Mixed,United States,United States,United States,English,No,Part-Time,0
12,5d47292b4bfe1600016925ac,D,A,A,C,B,B,A,C,C,B,DAACBBACCB,0.6,0.0,0.0,noisy,random,negative,Pass,red,60.0,4.0,5.0,Pass Box,D,B,A,C,B,D,A,B,C,D,DBACBDABCD,1.0,Non-STEM Track,0.0,0.0,R,R,R,R,R,C,C,C,C,C,C,RRRRRCCCCCC,0,0,1,0,0,0,0,0,0,"I did more non-stem course in college, so I feel a little more confident in them.",It was a fun study ,Non-STEM Track,766.0,1293,White,Undergraduate degree (BA/BSc/other),31,Male,White,United States,United States,United States,English,No,Full-Time,0
13,61267e282a445af9eb95beae,A,B,D,B,A,D,B,C,A,A,ABDBADBCAA,0.3,0.0,0.0,noisy,random,ground,Pass,red,50.0,1.0,1.0,Pass Box,C,D,A,A,D,A,C,C,B,D,CDAADACCBD,0.3,STEM Track,0.0,0.0,R,R,R,C,C,C,C,C,C,C,C,RRRCCCCCCCC,0,0,1,0,0,0,0,0,0,"Because I figured I could at least get one question right, where the non-STEM one I would lose out.",It was hard to remember some of the equations for most of the questions since I haven't done these since I was in school.,STEM Track,887.0,1626,White,High school diploma/A-levels,37,Female,White,United States,United States,United States,English,No,"Not in paid work (e.g. homemaker', 'retired or disabled)",1
14,6549876fa2301d20c2c9f79c,D,A,C,C,D,B,A,C,C,B,DACCDBACCB,0.6,0.0,0.0,noisy,random,ground,Pass,red,50.0,6.0,5.0,Pass Box,D,B,A,C,B,D,A,B,C,D,DBACBDABCD,1.0,Non-STEM Track,0.0,0.0,R,R,R,C,C,C,C,C,C,C,C,RRRCCCCCCCC,0,0,1,0,0,0,0,0,0,"Because I would need scratch paper and a pencil to work out some of the problems, and I didn't know whether that was allowed, and I kind of didn't feel like doing it. I am well-read, so I figured I would probably do better on the non-STEM questions, and I was much more confident on those and found them to be a *lot* easier. I am a word-nerd and writer and once worked as an editor, and my questions on the second part were all vocabulary questions.","I think a lot of the questions are just too complex. I didn't have the mental wherewithal to do precise calculations on the bonus calculation stuff, so I just approximated. Of course I do want a bonus, but I also am a person who doesn't like risk, so I tend to just ""take what I can get"" as it were, even if it's not 100% the optimal chance for a bonus. The amounts here are relatively small, but I suppose if it were a huge bonus, I would put in more effort to try to maximize my chances. I did the best answers that I could think of, but I didn't try to calculate precisely in my head (the bonus stuff, I mean).",Non-STEM Track,894.0,383,White,High school diploma/A-levels,52,Female,White,United States,United States,United States,English,No,"Not in paid work (e.g. homemaker', 'retired or disabled)",0
15,5d3700db048a4f001767b040,D,D,C,C,B,A,B,B,A,A,DDCCBABBAA,0.2,0.0,0.0,noisy,random,negative,Pass,red,10.0,3.0,2.0,Fail Box,D,B,A,C,B,D,A,B,C,D,DBACBDABCD,1.0,Non-STEM Track,0.0,0.0,R,R,R,R,C,C,C,C,C,C,C,RRRRCCCCCCC,0,0,1,0,0,0,0,0,0,I am a writer,"I loved this test, though I found the STEM questions difficult.",Non-STEM Track,460.0,778,White,Undergraduate degree (BA/BSc/other),26,Female,White,United States,United States,United States,English,Yes,Full-Time,0
17,6607112e33d4fd1fb766d2e2,C,A,C,B,A,B,D,C,A,D,CACBABDCAD,0.6,0.0,0.0,noisy,random,positive,Pass,black,70.0,7.0,6.0,Pass Box,A,B,A,D,B,D,A,A,C,B,ABADBDAACB,0.6,Non-STEM Track,0.0,0.0,R,R,R,R,R,C,C,C,C,C,C,RRRRRCCCCCC,0,0,1,0,0,0,0,0,0,To skipped the quizzes,,Non-STEM Track,1182.0,213,Black/African American,Undergraduate degree (BA/BSc/other),24,Male,Black,United States,United States,United States,English,DATA_EXPIRED,Full-Time,0
18,652396e2b5323ae8517c4ec9,D,A,C,C,D,B,C,D,C,C,DACCDBCDCC,0.4,0.0,0.0,noisy,random,negative,Pass,red,15.0,2.0,2.0,Fail Box,D,B,A,C,B,D,A,B,C,D,DBACBDABCD,1.0,Non-STEM Track,0.0,0.0,R,R,R,R,C,C,C,C,C,C,C,RRRRCCCCCCC,0,0,1,0,1,0,0,0,0,I'm not good at STEM,It was good,Non-STEM Track,424.0,230,White,Technical/community college,27,Female,Other,Canada,United States,United States,English,Yes,DATA_EXPIRED,0
19,66ce2f9a9a9402052c85abb6,A,A,C,B,B,B,D,C,,,AACBBBDC__,0.8,0.0,0.0,noisy,random,positive,Pass,red,80.0,8.0,8.0,Pass Box,B,A,C,A,A,D,C,A,,,BACAADCA__,0.8,STEM Track,0.0,0.0,R,R,R,R,R,R,C,C,C,C,C,RRRRRRCCCCC,0,1,1,0,0,0,0,0,0,Because it was a fun challenge,,STEM Track,1429.0,75,Other (please feel free to let us know your ethnicity via email),Graduate degree (MA/MSc/MPhil/other),50,Male,Other,Poland,United States,United States,Polish,No,Full-Time,1
20,60cab9dd5a974695b32eb2ab,B,A,A,C,C,C,D,C,B,A,BAACCCDCBA,0.3,0.0,0.0,noisy,random,ground,Fail,black,80.0,2.0,6.0,Fail Box,D,B,A,C,B,D,A,B,C,D,DBACBDABCD,1.0,Non-STEM Track,0.0,0.0,R,R,R,C,C,C,C,C,C,C,C,RRRCCCCCCCC,0,0,1,0,0,0,0,0,0,"I am horrible at math. Not to mention, I don't use equations in everyday life. ",It was fun! Kept me on my toes. ,Non-STEM Track,800.0,921,White Sephardic Jew,Graduate degree (MA/MSc/MPhil/other),28,Female,Mixed,United States,United States,United States,English,Yes,DATA_EXPIRED,0
23,66f3beed5ca742d8eaeca673,D,A,B,A,C,A,C,C,B,A,DABACACCBA,0.2,0.0,0.0,noisy,random,negative,Fail,red,30.0,4.0,4.0,Pass Box,D,B,A,C,B,D,A,B,C,D,DBACBDABCD,1.0,Non-STEM Track,0.0,0.0,R,R,R,C,C,C,C,C,C,C,C,RRRCCCCCCCC,0,0,1,0,0,0,0,0,0,More confidence in those abilities ,it was stressful ,Non-STEM Track,600.0,7,White,Undergraduate degree (BA/BSc/other),24,Male,White,United States,United States,United States,English,Yes,"Not in paid work (e.g. homemaker', 'retired or disabled)",0
24,66043185681ea0b36d451b01,B,C,A,C,B,C,B,D,B,C,BCACBCBDBC,0.1,0.0,0.0,noisy,random,positive,Fail,red,0.0,0.0,10.0,Fail Box,D,B,A,C,B,D,A,B,C,D,DBACBDABCD,1.0,Non-STEM Track,0.0,0.0,R,R,R,R,R,R,C,C,C,C,C,RRRRRRCCCCC,0,0,1,0,0,0,0,0,0,The math questions were outside of my area of expertise ,"The math questions were difficult.  Otherwise, thank you for the opportunity to participate and much success in your future endeavors. ",Non-STEM Track,617.0,337,Black/African American,Undergraduate degree (BA/BSc/other),35,Female,Black,United States,United States,United States,English,DATA_EXPIRED,DATA_EXPIRED,0
25,5d1bd1bd998087001c623a73,A,B,A,C,B,B,A,A,C,A,ABACBBAACA,0.4,0.0,0.0,noisy,random,positive,Fail,red,50.0,3.0,5.0,Fail Box,D,B,A,C,B,D,A,B,C,D,DBACBDABCD,1.0,Non-STEM Track,0.0,0.0,R,R,R,R,R,C,C,C,C,C,C,RRRRRCCCCCC,0,0,0,1,0,0,0,0,0,Faster,No,Non-STEM Track,981.0,738,White,Undergraduate degree (BA/BSc/other),33,Male,White,United States,United States,United States,English,No,Full-Time,0
26,66e916a67081975f3b28341b,B,D,A,D,C,C,B,D,B,C,BDADCCBDBC,0.0,0.0,0.0,noisy,random,ground,Fail,black,30.0,2.0,3.0,Fail Box,D,B,A,C,B,D,A,B,C,D,DBACBDABCD,1.0,Non-STEM Track,0.0,0.0,R,R,R,R,R,C,C,C,C,C,C,RRRRRCCCCCC,0,0,0,1,0,0,0,0,0,I haven't taken math in a long time,it was fine,Non-STEM Track,431.0,8,East Asian,Undergraduate degree (BA/BSc/other),24,Female,Asian,United States,United States,United States,English,Yes,Unemployed (and job seeking),0
27,5dd0d2f02b033b190687eaee,D,A,D,C,D,B,D,B,B,,DADCDBDBB_,0.3,0.0,0.0,noisy,random,positive,Fail,red,50.0,4.0,5.0,Pass Box,D,B,A,C,B,D,A,B,C,D,DBACBDABCD,1.0,Non-STEM Track,0.0,0.0,R,R,R,R,C,C,C,C,C,C,C,RRRRCCCCCCC,0,0,1,0,0,0,0,0,0,I'm almost 50 years out of college and I'm rusty on math theory and processes. I could've done these questions easily about 40 years ago.,"challenging on the math stuff, very easy on the non-STEM stuff.",Non-STEM Track,890.0,1348,Other (please feel free to let us know your ethnicity via email),Undergraduate degree (BA/BSc/other),70,Male,White,United States,United States,United States,English,No,"Not in paid work (e.g. homemaker', 'retired or disabled)",0
29,61412d50c1d83f94e448c0f3,D,D,C,B,A,A,D,C,B,C,DDCBAADCBC,0.4,0.0,0.0,noisy,random,negative,Fail,red,100.0,8.0,8.0,Not Sure,D,B,A,C,B,D,A,B,C,D,DBACBDABCD,1.0,Non-STEM Track,0.0,0.0,R,R,R,R,R,R,R,C,C,C,C,RRRRRRRCCCC,0,0,1,0,1,0,0,0,0,It was much easier and faster to answer.,It was great,Non-STEM Track,906.0,2048,Black/African American,Graduate degree (MA/MSc/MPhil/other),23,Male,Black,United States,United States,United States,English,No,Part-Time,0
31,654d71ed0f6cf09a1436d4fd,D,C,A,C,C,B,C,B,C,B,DCACCBCBCB,0.3,0.0,0.0,noisy,random,positive,Pass,red,50.0,1.0,1.0,Fail Box,D,B,A,C,B,D,A,B,C,D,DBACBDABCD,1.0,Non-STEM Track,0.0,0.0,R,R,R,R,R,R,C,C,C,C,C,RRRRRRCCCCC,0,0,1,0,0,0,0,0,0,"Because I don’t use any advanced math in my daily life, and I don’t remember how to do that type of math. ","The math questions were too difficult from the outset, which made the process of navigating the questions frustrating. Paired with the timer, I just chose things at random. ",Non-STEM Track,610.0,375,Mixed,Graduate degree (MA/MSc/MPhil/other),45,Female,White,United States,United States,United States,English,No,Unemployed (and job seeking),0
32,6669d8d5d67867239ed2e85c,B,D,C,A,A,C,D,A,B,D,BDCAACDABD,0.2,0.0,0.0,noisy,random,positive,Pass,red,0.0,1.0,1.0,Fail Box,D,B,A,C,B,D,A,B,C,D,DBACBDABCD,1.0,Non-STEM Track,0.0,0.0,R,R,R,R,R,C,C,C,C,C,C,RRRRRCCCCCC,0,0,1,0,0,0,0,0,0,It really wasn't popular when I went to school so it wasn't talked about.,It was great minus the math.,Non-STEM Track,489.0,364,White,Technical/community college,48,Female,White,United States,United States,United States,English,No,Full-Time,0
33,601b9e9372f5e856dc3edf8b,D,A,B,B,A,,,C,B,C,DABBA__CBC,0.3,0.0,0.0,noisy,random,ground,Pass,red,1.0,0.0,0.0,Pass Box,D,B,A,C,B,D,A,B,C,D,DBACBDABCD,1.0,Non-STEM Track,0.0,0.0,R,R,R,R,C,C,C,C,C,C,C,RRRRCCCCCCC,0,0,1,0,0,0,0,0,0,"I was never good at Stem subjects in school, I was always better at english class",My experience was a bit hectic as I was not prepared to start doing some math ,Non-STEM Track,865.0,67,White,Undergraduate degree (BA/BSc/other),23,Female,White,United States,United States,United States,English,Yes,Unemployed (and job seeking),0
34,6616965da366a89dbc8086fa,A,D,A,B,D,D,C,D,B,C,ADABDDCDBC,0.2,0.0,0.0,noisy,random,positive,Fail,red,75.0,7.0,4.0,Fail Box,D,B,A,C,B,D,A,B,C,D,DBACBDABCD,1.0,Non-STEM Track,0.0,0.0,R,R,R,R,R,R,C,C,C,C,C,RRRRRRCCCCC,0,0,1,0,1,0,0,0,0,seemed to be the better route in terms of my time,make so much more of these I love being able to use my mind and relax with no pressure,Non-STEM Track,612.0,85,Latino/Hispanic,High school diploma/A-levels,36,Male,Mixed,United States,United States,United States,English,No,Unemployed (and job seeking),0
35,659485a70452c534a91718ee,C,C,D,C,B,A,B,C,C,B,CCDCBABCCB,0.4,0.0,0.0,noisy,random,negative,Pass,red,20.0,2.0,2.0,Fail Box,D,B,A,C,B,D,A,B,C,D,DBACBDABCD,1.0,Non-STEM Track,0.0,0.0,R,R,R,R,R,R,R,C,C,C,C,RRRRRRRCCCC,0,0,1,0,0,0,0,0,0,math is hard,warn people they have to do math,Non-STEM Track,620.0,160,Latino/Hispanic,High school diploma/A-levels,43,Female,Other,United States,United States,United States,English,No,Full-Time,0
36,614e07461fd23406f92023c7,C,A,B,C,B,B,D,C,B,D,CABCBBDCBD,0.5,0.0,0.0,noisy,random,ground,Pass,red,50.0,5.0,5.0,Not Sure,D,B,A,C,B,D,A,B,C,D,DBACBDABCD,1.0,Non-STEM Track,0.0,0.0,R,R,R,R,R,C,C,C,C,C,C,RRRRRCCCCCC,0,0,1,0,0,0,0,0,0,I am egregiously bad at math and didn't want to potentially do more.,Good luck with your research,Non-STEM Track,731.0,832,White,Graduate degree (MA/MSc/MPhil/other),36,Female,White,United States,United States,United States,English,Yes,Full-Time,0
37,665bb3facf3b60004a908818,B,C,D,C,C,D,A,A,C,C,BCDCCDAACC,0.1,0.0,0.0,noisy,random,negative,Fail,red,50.0,1.0,2.0,Fail Box,D,B,A,C,B,D,A,B,C,D,DBACBDABCD,1.0,Non-STEM Track,0.0,0.0,R,R,R,C,C,C,C,C,C,C,C,RRRCCCCCCCC,0,0,1,0,0,0,0,0,0,I am not good at math,the stem questions were hard,Non-STEM Track,539.0,573,White,Undergraduate degree (BA/BSc/other),32,Male,White,United States,United States,United States,English,Yes,Full-Time,0
39,66491b44f08238d03d4395f0,B,A,A,C,B,B,C,A,D,C,BAACBBCADC,0.3,0.0,0.0,noisy,random,negative,Pass,red,20.0,2.0,2.0,Pass Box,D,B,A,C,B,D,A,B,C,D,DBACBDABCD,1.0,Non-STEM Track,0.0,0.0,R,R,R,R,R,R,C,C,C,C,C,RRRRRRCCCCC,0,0,1,0,0,0,0,0,0,Because that topic is difficult for me,It was hard and made me anxious ,Non-STEM Track,381.0,219,White,Technical/community college,35,Female,White,United States,United States,United States,English,No,Part-Time,0
41,662a71616a36b54eb97191eb,D,A,,,,,,,,,DA________,0.1,0.0,0.0,noisy,random,ground,Fail,black,30.0,5.0,2.0,Fail Box,D,B,A,C,B,D,A,B,C,D,DBACBDABCD,1.0,Non-STEM Track,0.0,0.0,R,R,R,R,C,C,C,C,C,C,C,RRRRCCCCCCC,0,0,1,0,0,0,0,0,0,Because I assumed it would be quicker since the test is timed. ,I felt rushed on the timed tests,Non-STEM Track,1164.0,51,White,Doctorate degree (PhD/other),72,Female,White,United States,United States,United States,English,No,Part-Time,0
42,65daf1e5e45ada925fab406d,A,D,B,A,C,B,A,B,D,B,ADBACBABDB,0.3,0.0,0.0,noisy,random,ground,Pass,red,40.0,2.0,2.0,Pass Box,D,B,A,C,B,D,A,B,C,D,DBACBDABCD,1.0,Non-STEM Track,0.0,0.0,R,C,C,C,C,C,C,C,C,C,C,RCCCCCCCCCC,0,0,1,0,0,0,0,0,0,I have a humanities background,no,Non-STEM Track,570.0,89,South East Asian,Graduate degree (MA/MSc/MPhil/other),37,Female,Asian,United States,United States,United States,English,No,Full-Time,0
43,610888fa9082bb5758d4f7d8,B,A,C,D,B,A,D,B,D,B,BACDBADBDB,0.5,0.0,0.0,noisy,random,negative,Fail,black,42.0,2.0,7.0,Fail Box,D,A,A,C,B,D,A,B,C,D,DAACBDABCD,0.9,Non-STEM Track,0.0,0.0,R,R,R,R,R,R,R,R,R,R,C,RRRRRRRRRRC,0,0,1,0,0,0,0,0,0,I'm terrible at math.,I don't think I did well on the math questions ,Non-STEM Track,658.0,177,White,Technical/community college,22,Female,White,United States,United States,United States,English,Yes,DATA_EXPIRED,0
46,66513ed9e6ee0568b12ce18c,D,C,B,A,C,D,D,B,A,C,DCBACDDBAC,0.1,0.0,0.0,noisy,random,ground,Fail,black,100.0,10.0,10.0,Pass Box,D,B,A,C,B,D,A,B,C,D,DBACBDABCD,1.0,Non-STEM Track,0.0,0.0,R,R,R,R,R,C,C,C,C,C,C,RRRRRCCCCCC,0,0,0,1,0,0,0,0,0,My brain was tired fro the first set of math questions. ,"no feedback, good experience. ",Non-STEM Track,895.0,84,White,High school diploma/A-levels,35,Female,White,United States,United States,United States,English,No,"Not in paid work (e.g. homemaker', 'retired or disabled)",0
47,66f3ecd883793141904a00b3,C,A,B,B,B,C,C,C,A,B,CABBBCCCAB,0.5,1.0,4.623,noisy,random,positive,Pass,red,3.0,2.0,2.0,Pass Box,D,A,A,C,B,D,A,B,C,D,DAACBDABCD,0.9,Non-STEM Track,0.0,0.0,R,R,R,R,R,C,C,C,C,C,C,RRRRRCCCCCC,0,0,0,1,0,0,0,0,0,im not very good at math,it was good no feed back ,Non-STEM Track,817.0,5,White,High school diploma/A-levels,21,Female,White,United States,United States,United States,English,No,DATA_EXPIRED,0
48,65b114038111be8590d8e184,D,A,C,D,A,B,C,A,C,A,DACDABCACA,0.4,0.0,0.0,noisy,random,negative,Pass,red,10.0,1.0,3.0,Fail Box,D,B,A,C,B,D,A,B,C,D,DBACBDABCD,1.0,Non-STEM Track,0.0,0.0,R,R,R,R,R,C,C,C,C,C,C,RRRRRCCCCCC,0,0,1,0,0,0,0,0,0,"My background is in language. I have a degree in French linguistics and am a certified English teacher. I am not strong in math, so I was certain that I would do better on the non-STEM track.",The first section was stressful as I honestly did not know how to answer most of the math problems. ,Non-STEM Track,562.0,563,White,Undergraduate degree (BA/BSc/other),36,Female,White,United States,United States,United States,English,No,Full-Time,0
49,6664a1bc5d0140d6c3570178,A,A,D,B,D,B,C,C,,,AADBDBCC__,0.5,0.0,0.0,noisy,random,positive,Fail,red,80.0,10.0,10.0,Pass Box,D,B,A,C,B,D,A,B,C,D,DBACBDABCD,1.0,Non-STEM Track,0.0,0.0,R,R,C,C,C,C,C,C,R,R,C,RRCCCCCCRRC,0,0,1,0,0,0,0,0,0,I decided this because i didn't know rather to continue or not. I didn't know if I would still receive money for the other assignment completed.,My experience was great. I enjoyed solve problems and being challenged. ,Non-STEM Track,1329.0,177,Black/African American,Undergraduate degree (BA/BSc/other),37,Female,Mixed,United States,United States,United States,English,Yes,Other,0
50,66abd7d501b21036f9f9994a,D,C,B,C,D,A,B,B,A,B,DCBCDABBAB,0.1,0.0,0.0,noisy,random,negative,Fail,black,40.0,4.0,4.0,Fail Box,D,B,A,C,B,D,A,B,C,D,DBACBDABCD,1.0,Non-STEM Track,0.0,0.0,R,R,R,R,C,C,C,C,C,C,C,RRRRCCCCCCC,0,0,1,0,0,0,0,0,0,I am not good with math at all.,"I found the STEM section stressful, but I enjoyed the non-STEM section.",Non-STEM Track,750.0,13,White,Undergraduate degree (BA/BSc/other),54,Female,White,United States,United States,United States,English,No,Unemployed (and job seeking),0
51,62c37638a93211ca8441aadb,B,A,D,B,B,B,B,B,C,B,BADBBBBBCB,0.6,0.0,0.0,noisy,random,positive,Pass,black,75.0,5.0,4.0,Pass Box,D,B,A,C,B,D,A,B,C,D,DBACBDABCD,1.0,Non-STEM Track,0.0,0.0,R,R,R,R,R,C,C,C,C,C,C,RRRRRCCCCCC,0,0,1,0,0,0,0,0,0,im more of a social sciences guy,no feedback,Non-STEM Track,938.0,207,Middle Eastern,Secondary education (e.g. GED/GCSE),21,Male,White,United States,United States,United States,English,Yes,Unemployed (and job seeking),0
52,655f82f3b777e4c757101326,D,A,B,C,C,B,A,C,C,A,DABCCBACCA,0.4,0.0,0.0,noisy,random,positive,Pass,black,38.0,0.0,4.0,Fail Box,D,B,A,C,B,D,A,B,C,D,DBACBDABCD,1.0,Non-STEM Track,0.0,0.0,R,R,C,R,C,C,C,C,C,C,C,RRCRCCCCCCC,0,0,1,0,0,0,0,0,0,easier,,Non-STEM Track,929.0,279,Black/African American,Undergraduate degree (BA/BSc/other),45,Female,Black,United States,United States,United States,English,Yes,Full-Time,0
53,668edc4e7f59ae2c7858032f,B,D,A,D,B,C,A,B,A,C,BDADBCABAC,0.1,0.0,0.0,noisy,random,ground,Fail,black,10.0,2.0,5.0,Fail Box,D,B,A,C,B,D,A,B,C,D,DBACBDABCD,1.0,Non-STEM Track,0.0,0.0,R,R,R,C,C,C,C,C,C,C,C,RRRCCCCCCCC,0,0,1,0,0,0,0,0,0,I can't solve the math problems fast enough and I haven't learned those equations.,"It was a bit anxiety-inducing because I wasn't expecting the math questions. However, I loved the non-STEM, I'm good with words.",Non-STEM Track,1135.0,272,Black/African American,Undergraduate degree (BA/BSc/other),32,Female,Black,United States,United States,United States,English,Yes,Part-Time,0
54,5f330bfd7109cd0e649566b6,B,D,B,C,B,B,B,D,A,C,BDBCBBBDAC,0.2,0.0,0.0,noisy,random,positive,Pass,red,23.0,1.0,1.0,Fail Box,D,B,A,C,B,D,A,B,C,D,DBACBDABCD,1.0,Non-STEM Track,0.0,0.0,R,R,R,C,C,C,C,C,C,C,C,RRRCCCCCCCC,0,0,1,0,1,0,0,0,0,Because college math is ridiculously difficult.,I was only able to read through the first 6 math questions.  I just randomly selected answers to the rest.,Non-STEM Track,941.0,2421,White,Technical/community college,53,Female,White,United States,United States,United States,English,No,Other,0
55,667d4322e59995857a56e1d3,C,B,D,A,C,D,B,C,B,B,CBDACDBCBB,0.2,0.0,0.0,noisy,random,ground,Fail,black,80.0,6.0,7.0,Pass Box,C,B,D,A,C,C,A,C,B,B,CBDACCACBB,0.2,STEM Track,0.0,0.0,R,C,R,C,R,C,C,R,R,C,R,RCRCRCCRRCR,0,0,1,0,0,1,0,0,0,Very great,Brilliant submission,STEM Track,386.0,344,Mixed,Undergraduate degree (BA/BSc/other),21,Female,Mixed,Ghana,United States,United States,English,No,Full-Time,1
56,66370a20a4b5b1a460904760,B,A,A,D,B,B,,C,B,A,BAADBB_CBA,0.4,0.0,0.0,noisy,random,negative,Pass,red,50.0,3.0,3.0,Pass Box,B,A,C,,C,C,C,A,B,A,BAC_CCCABA,0.6,STEM Track,0.0,0.0,R,R,R,R,C,C,C,C,C,C,C,RRRRCCCCCCC,0,0,1,0,0,0,0,0,0,I thought i could get at least 3 correct. ,Somewhat time consuming and stressful,STEM Track,1396.0,335,White,Technical/community college,28,Male,White,United States,United States,United States,English,No,Unemployed (and job seeking),1
57,5f4859d23306481f0f0dd2a5,D,D,D,A,D,C,D,C,B,A,DDDADCDCBA,0.2,0.0,0.0,noisy,random,ground,Fail,black,32.0,4.0,6.0,Fail Box,D,B,A,C,B,D,A,B,C,D,DBACBDABCD,1.0,Non-STEM Track,0.0,0.0,R,R,R,R,R,R,R,C,C,C,C,RRRRRRRCCCC,1,1,0,0,0,0,0,0,0,Because I'm tired and I don't math well then,Interesting but a bit confusing,Non-STEM Track,629.0,3071,Native American or Alaskan Native,Undergraduate degree (BA/BSc/other),39,Male,White,United States,United States,United States,English,DATA_EXPIRED,Full-Time,0
58,614dece04ee1516045ed298d,D,A,A,C,D,B,D,C,D,B,DAACDBDCDB,0.5,0.0,0.0,noisy,random,positive,Fail,red,75.0,6.0,6.0,Not Sure,D,B,A,C,B,D,A,B,C,D,DBACBDABCD,1.0,Non-STEM Track,0.0,0.0,R,R,R,R,C,C,C,C,C,C,C,RRRRCCCCCCC,0,1,0,0,0,0,0,0,0,THe STEM questions from the prior sampling were fairly challenging.  Figured I'd take the chance on a different subject ,positive - didn't quite fully understand the box ball drop quiz ,Non-STEM Track,745.0,1923,White,Graduate degree (MA/MSc/MPhil/other),51,Male,White,United States,United States,United States,English,No,Full-Time,0
59,5e428b48902afe117c45d261,A,C,B,C,A,C,B,B,D,B,ACBCACBBDB,0.2,2.0,28.791,noisy,random,positive,Fail,red,10.0,2.0,4.0,Fail Box,D,B,A,C,B,D,A,B,C,D,DBACBDABCD,1.0,Non-STEM Track,2.0,14.758,R,R,R,R,R,C,C,C,C,C,C,RRRRRCCCCCC,0,0,1,0,0,0,0,0,0,I didn’t want to do more math problems.,It was fine. Really liked the “match word” part.,Non-STEM Track,685.0,1989,White,Graduate degree (MA/MSc/MPhil/other),41,Male,White,United States,United States,United States,English,No,Full-Time,0
60,669dc0a58f347e772c21aea1,A,C,D,C,A,B,C,A,C,C,ACDCABCACC,0.3,1.0,2.901,noisy,random,negative,Pass,red,2.0,2.0,0.0,Pass Box,D,B,A,C,B,A,A,D,C,D,DBACBAADCD,0.8,Non-STEM Track,0.0,0.0,C,C,C,C,C,C,R,R,R,R,R,CCCCCCRRRRR,0,0,1,0,0,0,0,0,0,not good at it,aweful. totally unexpected,Non-STEM Track,708.0,207,Black/African American,High school diploma/A-levels,21,Female,Black,United States,United States,United States,English,No,Other,0
63,5a3012083eff6600016f259c,D,B,B,D,D,C,D,C,C,B,DBBDDCDCCB,0.4,0.0,0.0,noisy,random,ground,Pass,red,30.0,2.0,1.0,Pass Box,D,B,A,C,B,D,A,B,C,D,DBACBDABCD,1.0,Non-STEM Track,0.0,0.0,R,R,R,R,R,C,C,C,C,C,C,RRRRRCCCCCC,0,0,1,0,0,0,0,0,0,I did not have much confidence in my STEM knowledge.,,Non-STEM Track,575.0,285,White,High school diploma/A-levels,35,Male,White,United States,United States,United States,English,DATA_EXPIRED,Part-Time,0
64,669036ec04e2d3a5271a5c9d,D,A,B,C,C,B,B,A,B,D,DABCCBBABD,0.2,0.0,0.0,noisy,random,ground,Fail,black,50.0,4.0,7.0,Fail Box,B,B,C,B,D,D,C,C,B,A,BBCBDDCCBA,0.5,STEM Track,0.0,0.0,R,R,R,R,R,R,C,C,C,C,C,RRRRRRCCCCC,1,0,1,0,0,0,0,0,0,Because I enjoy math and I love a challenge to my brain.,"I don't understand the purpose of the experiment necessarily, but I do want to relearn all the algebra that I've forgotten.",STEM Track,1264.0,283,Middle Eastern,Undergraduate degree (BA/BSc/other),43,Female,White,Turkey,United States,United States,English,No,Full-Time,1
65,60fe3068239127c9477e476c,A,A,C,B,B,B,D,C,C,B,AACBBBDCCB,1.0,0.0,0.0,noisy,random,ground,Pass,red,80.0,7.0,8.0,Pass Box,B,B,C,A,A,D,C,A,D,C,BBCAADCADC,0.8,STEM Track,0.0,0.0,R,R,R,R,R,C,C,C,C,C,C,RRRRRCCCCCC,0,0,1,0,0,0,0,0,0,"STEM major in college, always excelled in the STEM fields",,STEM Track,1034.0,337,East Asian,High school diploma/A-levels,21,Female,Mixed,United States,United States,United States,English,DATA_EXPIRED,Unemployed (and job seeking),1
67,66f308db3bb07131500f1697,B,C,B,B,C,B,C,B,B,A,BCBBCBCBBA,0.2,0.0,0.0,noisy,random,negative,Fail,black,60.0,3.0,4.0,Fail Box,D,B,A,C,B,D,A,B,C,D,DBACBDABCD,1.0,Non-STEM Track,0.0,0.0,R,R,R,R,R,C,C,C,C,C,C,RRRRRCCCCCC,0,0,0,1,0,0,0,0,0,I’m smarter at questions not involving math & equations.,Good. No feedback.,Non-STEM Track,364.0,11,Mixed,High school diploma/A-levels,23,Female,Asian,United States,United States,United States,English,No,Full-Time,0
68,668472211016cb9f459f4cee,D,A,A,C,B,C,A,A,C,B,DAACBCAACB,0.4,0.0,0.0,noisy,random,ground,Pass,red,24.0,3.0,3.0,Pass Box,D,A,A,C,B,D,A,B,C,D,DAACBDABCD,0.9,Non-STEM Track,0.0,0.0,R,R,R,R,R,C,C,C,C,C,C,RRRRRCCCCCC,0,0,1,0,0,0,0,0,0,I'm not that good at math,none,Non-STEM Track,375.0,129,South Asian,High school diploma/A-levels,27,Male,Asian,United States,United States,United States,Punjabi,No,Unemployed (and job seeking),0
69,611316bf2877819a0ec3e0a2,D,C,B,B,A,C,A,A,D,A,DCBBACAADA,0.1,0.0,0.0,noisy,random,positive,Fail,red,20.0,1.0,2.0,Fail Box,D,B,A,C,B,D,A,B,C,D,DBACBDABCD,1.0,Non-STEM Track,0.0,0.0,R,R,R,R,C,C,C,C,C,C,C,RRRRCCCCCCC,0,0,1,0,1,0,0,0,0,I don't love math,No feedback currently,Non-STEM Track,788.0,1729,Latino/Hispanic,High school diploma/A-levels,32,Female,White,United States,United States,United States,English,Yes,Full-Time,0
70,65bfa2967c731d263eb29732,D,A,A,B,D,D,B,B,C,A,DAABDDBBCA,0.3,0.0,0.0,noisy,random,ground,Fail,black,10.0,2.0,4.0,Fail Box,D,B,A,C,B,D,A,B,C,D,DBACBDABCD,1.0,Non-STEM Track,0.0,0.0,R,R,R,R,R,R,C,C,C,C,C,RRRRRRCCCCC,0,0,1,0,0,1,0,0,0,Math isn't my strongsuit and the questions in the first part of the quiz were hard.,I struggled quite a bit I think.,Non-STEM Track,542.0,434,White,High school diploma/A-levels,28,Female,White,United States,United States,United States,English,No,DATA_EXPIRED,0
72,661a574da7be5c13ab451572,C,C,D,D,B,C,C,B,A,C,CCDDBCCBAC,0.1,0.0,0.0,noisy,random,positive,Pass,red,10.0,2.0,1.0,Fail Box,C,C,C,C,C,C,C,C,C,C,CCCCCCCCCC,0.3,STEM Track,0.0,0.0,R,R,C,C,C,C,C,C,C,C,C,RRCCCCCCCCC,0,0,1,0,0,0,0,0,0,I thought it would be a better chance of winning a bonus,I’ve never really been good at math and looking at the equation. It looks like a foreign language to me I’m pretty much had to take guesses on all of them.,STEM Track,713.0,301,White Mexican,Undergraduate degree (BA/BSc/other),45,Female,White,United States,United States,United States,English,No,Part-Time,1
74,66c5e8a3e7d09c15312ec9e9,A,B,D,C,A,C,B,A,C,D,ABDCACBACD,0.2,0.0,0.0,noisy,random,negative,Fail,black,20.0,3.0,5.0,Fail Box,D,A,A,C,B,D,A,C,C,D,DAACBDACCD,0.8,Non-STEM Track,0.0,0.0,R,C,C,C,C,C,C,C,C,C,C,RCCCCCCCCCC,0,0,1,0,0,0,0,0,0,"After doing the Stem one, and feeling like i got them all wrong, i figured the Non-STEM track had to be easier",good,Non-STEM Track,713.0,125,Black/African American,Technical/community college,34,Female,Black,United States,United States,United States,English,No,Unemployed (and job seeking),0
75,6622d9137685d20597e07347,A,D,B,C,C,A,B,A,C,B,ADBCCABACB,0.3,0.0,0.0,noisy,random,negative,Fail,black,60.0,5.0,5.0,Fail Box,D,B,A,C,B,D,A,B,C,D,DBACBDABCD,1.0,Non-STEM Track,0.0,0.0,R,R,R,R,R,C,C,C,C,C,C,RRRRRCCCCCC,0,0,0,1,1,0,0,0,0,I did better on English and History in high school.,It was good! The math was difficult! ,Non-STEM Track,472.0,181,Mixed,Undergraduate degree (BA/BSc/other),23,Male,Mixed,United States,United States,United States,English,Yes,Full-Time,0
76,60ce4fceb13609a2c039248e,A,A,C,B,B,B,D,B,B,D,AACBBBDBBD,0.7,0.0,0.0,noisy,random,negative,Pass,red,90.0,6.0,1.0,Pass Box,B,B,C,B,A,D,C,,,C,BBCBADC__C,0.6,STEM Track,0.0,0.0,R,R,C,C,C,C,C,C,C,C,C,RRCCCCCCCCC,1,0,1,0,0,0,0,0,0,I knew I could at least answer 1 question correctly for the bonus. The non-STEM track I had no idea what the questions would be.,Tense. I hate timed questionnaires.,STEM Track,1574.0,1489,Latino/Hispanic,Undergraduate degree (BA/BSc/other),40,Male,White,United States,United States,United States,English,DATA_EXPIRED,DATA_EXPIRED,1
77,651ad403421d2fff5bb7df09,D,C,B,C,A,B,A,A,A,A,DCBCABAAAA,0.1,0.0,0.0,noisy,random,ground,Fail,black,50.0,5.0,2.0,Pass Box,B,C,C,A,A,D,C,A,B,D,BCCAADCABD,0.8,STEM Track,0.0,0.0,R,R,R,R,R,R,R,C,R,C,C,RRRRRRRCRCC,0,0,1,0,0,0,0,0,0,"It only required me to get two questions correct to pass. I'd rather take the chance, as I look at these math problems logically, and can usually narrow down the answer to one or two right ones. There were definitely a couple that were difficult, but the ones with orders of operation were pretty easy. Even the XY coordinate questions weren't bad. I felt like based on the first test I could do OK on the second test.","At first, it felt excruciating, but once I got into it, I kind of enjoyed it. Math can be fun. I suspected we weren't measuring my math skills so much as how I take risks and chances, but I'm not sure.",STEM Track,1265.0,1345,White,Undergraduate degree (BA/BSc/other),47,Female,White,United States,United States,United States,English,No,Part-Time,1
78,62ce6179fe6f8ec7e399cea0,D,B,A,B,D,C,B,C,A,D,DBABDCBCAD,0.2,1.0,0.656,noisy,random,negative,Fail,red,50.0,4.0,7.0,Fail Box,D,B,A,C,B,D,A,B,C,D,DBACBDABCD,1.0,Non-STEM Track,0.0,0.0,R,R,R,R,R,C,C,C,C,C,C,RRRRRCCCCCC,0,0,1,0,0,0,0,0,0,I was not confident in my ability to answer 7 STEM questions correctly,,Non-STEM Track,942.0,3097,White,Undergraduate degree (BA/BSc/other),33,Male,White,United States,United States,United States,English,No,Full-Time,0
79,66d1561ce0504aa0fbb33ce7,D,B,B,B,A,B,A,B,B,C,DBBBABABBC,0.2,0.0,0.0,noisy,random,negative,Pass,red,30.0,1.0,1.0,Pass Box,A,B,C,B,C,D,B,B,D,B,ABCBCDBBDB,0.2,STEM Track,0.0,0.0,R,R,R,R,R,R,R,R,R,R,R,RRRRRRRRRRR,0,0,1,0,0,0,0,0,0,I didn't ,No,STEM Track,1106.0,60,Black/African American,High school diploma/A-levels,59,Female,Black,United States,United States,United States,English,No,Unemployed (and job seeking),1
80,5e9746fb1eed951eed404015,B,B,C,D,C,C,B,D,A,D,BBCDCCBDAD,0.1,0.0,0.0,noisy,random,positive,Fail,red,50.0,3.0,5.0,Fail Box,D,B,A,C,B,D,A,B,C,D,DBACBDABCD,1.0,Non-STEM Track,0.0,0.0,R,R,R,R,R,C,C,C,C,C,C,RRRRRCCCCCC,0,1,1,0,0,0,0,0,0,Because I have a better chance at passing with those set of questions.,It was interesting.,Non-STEM Track,372.0,5887,Other (please feel free to let us know your ethnicity via email),Undergraduate degree (BA/BSc/other),32,Female,Other,United States,United States,United States,English,DATA_EXPIRED,Full-Time,0
82,662942298bc71e33a4250e33,D,A,A,C,B,A,A,B,C,A,DAACBAABCA,0.3,0.0,0.0,noisy,random,positive,Pass,black,10.0,1.0,3.0,Fail Box,D,B,A,C,B,D,A,B,C,D,DBACBDABCD,1.0,Non-STEM Track,0.0,0.0,R,R,R,R,R,C,C,C,C,C,C,RRRRRCCCCCC,0,1,1,0,0,0,0,0,0,Because I had no idea how to do the STEM ones.,The STEM part was hard! ,Non-STEM Track,580.0,82,White,Undergraduate degree (BA/BSc/other),53,Female,White,United States,United States,United States,English,No,Part-Time,0
84,652977232f395d3a7ca54bf9,B,A,B,C,B,C,C,C,B,C,BABCBCCCBC,0.3,0.0,0.0,noisy,random,ground,Pass,red,5.0,3.0,2.0,Pass Box,D,B,A,C,B,D,A,B,C,B,DBACBDABCB,0.9,Non-STEM Track,0.0,0.0,R,R,R,R,C,C,C,C,C,C,C,RRRRCCCCCCC,0,0,1,0,0,0,0,0,0,I have forgotten everything about math.,The STEM quiz was terrible for me. I am not very fond of this process. ,Non-STEM Track,588.0,176,Latino/Hispanic,High school diploma/A-levels,19,Female,Other,United States,United States,Dominican Republic,English,Yes,Part-Time,0
85,5de32329b5bed7350391666c,B,C,B,B,C,A,B,B,C,B,BCBBCABBCB,0.3,0.0,0.0,noisy,random,ground,Fail,black,60.0,6.0,6.0,Fail Box,D,B,A,C,B,D,A,B,C,D,DBACBDABCD,1.0,Non-STEM Track,0.0,0.0,R,R,R,R,C,C,C,C,C,C,C,RRRRCCCCCCC,0,0,1,0,0,0,0,0,0,I liked the bonus structure more,"Very pleasant, everything loaded very quickly.  ",Non-STEM Track,397.0,5306,White,Technical/community college,33,Male,White,United States,United States,United States,English,DATA_EXPIRED,Full-Time,0
87,66c3b7035a46fdbb0859d0ab,D,D,B,C,B,C,A,B,C,A,DDBCBCABCA,0.2,0.0,0.0,noisy,random,ground,Fail,black,50.0,1.0,10.0,Fail Box,D,B,A,C,B,D,A,B,C,D,DBACBDABCD,1.0,Non-STEM Track,0.0,0.0,R,R,R,R,R,C,C,C,C,C,C,RRRRRCCCCCC,0,0,1,0,0,0,0,0,0,Not confident in my abilities,Very fun and thought provoking,Non-STEM Track,589.0,182,White,Undergraduate degree (BA/BSc/other),67,Male,White,United States,United States,United States,English,No,"Not in paid work (e.g. homemaker', 'retired or disabled)",0
88,5fbc1e05d509f10a309e796b,A,B,C,B,B,B,D,C,B,A,ABCBBBDCBA,0.7,0.0,0.0,noisy,random,negative,Pass,red,30.0,4.0,4.0,Pass Box,B,A,C,B,A,D,C,C,B,C,BACBADCCBC,0.8,STEM Track,0.0,0.0,C,R,C,C,C,R,C,R,R,R,R,CRCCCRCRRRR,0,0,1,0,0,0,0,0,0,I wanted to challenge myself and see if I was able to do it.,It was fun! I wish I saw the timer as you scroll as well. ,STEM Track,1232.0,573,South Asian,Undergraduate degree (BA/BSc/other),24,Female,Asian,United States,United States,Vietnam,Vietnamese,Yes,Full-Time,1
89,5dd61dcccaee3e5c8b9141cf,D,C,A,C,D,,,,,,DCACD_____,0.0,0.0,0.0,noisy,random,positive,Fail,red,35.0,1.0,10.0,Not Sure,D,A,A,C,B,D,A,B,C,D,DAACBDABCD,0.9,Non-STEM Track,0.0,0.0,R,R,R,R,R,C,C,C,C,C,C,RRRRRCCCCCC,0,0,1,0,1,0,0,0,0,"Because I am not a ""math person,"" I am a language person! ","It gave me a greater appreciation for my daughter, who studied applied mathematics in college.",Non-STEM Track,817.0,1966,White,Technical/community college,62,Female,White,United States,United States,United States,English,No,Part-Time,0
91,666f2488909bc0331b8563e6,B,A,,B,B,B,D,C,C,B,BA_BBBDCCB,0.8,0.0,0.0,noisy,random,positive,Pass,black,50.0,6.0,6.0,Pass Box,B,D,C,B,A,B,C,A,C,C,BDCBABCACC,0.6,STEM Track,0.0,0.0,R,R,R,R,R,C,C,C,C,C,C,RRRRRCCCCCC,0,1,0,0,0,0,0,0,0,Because I am good at math,It was good. I wasn't sure if I could use a pen and paper though so I was doing it all in my head. ,STEM Track,1238.0,220,White,Undergraduate degree (BA/BSc/other),25,Female,White,United States,United States,United States,English,Yes,Other,1
92,6612a67ee493f43db1d23c08,A,A,B,D,B,D,A,B,B,C,AABDBDABBC,0.3,0.0,0.0,noisy,random,positive,Pass,black,50.0,2.0,3.0,Pass Box,D,B,A,C,B,D,A,B,C,D,DBACBDABCD,1.0,Non-STEM Track,0.0,0.0,R,R,R,R,R,C,C,C,C,C,C,RRRRRCCCCCC,0,0,1,0,0,0,0,0,0,based on the first quiz I was not confident I would answer many questions correctly,,Non-STEM Track,870.0,254,Mixed,Undergraduate degree (BA/BSc/other),26,Male,Mixed,United States,United States,United States,English,No,Full-Time,0
93,66c75d4ae3999dd3a6ebfb2b,C,C,A,C,D,D,B,C,C,C,CCACDDBCCC,0.2,1.0,8.263,noisy,random,ground,Fail,black,5.0,4.0,5.0,Fail Box,B,A,D,C,C,B,D,B,B,A,BADCCBDBBA,0.3,STEM Track,0.0,0.0,R,C,C,C,C,C,C,C,C,C,C,RCCCCCCCCCC,0,0,1,1,1,0,0,0,0,Wanted another or better chance ,Scrambled egg brain but was interesting and different ,STEM Track,859.0,59,White,Technical/community college,32,Female,White,United States,United States,United States,English,No,"Not in paid work (e.g. homemaker', 'retired or disabled)",1
94,66f345d99f77fd011b0d1e10,,,,,,,,,,,__________,0.0,0.0,0.0,noisy,random,negative,Fail,black,40.0,6.0,7.0,Fail Box,,,,,,,,,,,__________,0.0,STEM Track,0.0,0.0,R,R,R,C,C,C,C,C,C,C,C,RRRCCCCCCCC,0,0,0,0,0,0,1,0,0,To try my luck,stressed,STEM Track,1566.0,6,White,Graduate degree (MA/MSc/MPhil/other),24,Female,White,United States,United States,United States,English,No,Full-Time,1
95,610971868fe9338237d6b193,C,C,B,C,B,B,C,D,B,A,CCBCBBCDBA,0.2,1.0,1.224,noisy,random,positive,Fail,red,50.0,5.0,6.0,Pass Box,B,C,B,C,C,D,C,A,D,,BCBCCDCAD_,0.4,STEM Track,0.0,0.0,R,R,R,R,C,C,C,C,C,C,C,RRRRCCCCCCC,0,0,1,0,0,0,0,0,0,I wanted another chance to try and get questions right,I struggled because I haven't done a math problem since I was in school,STEM Track,1385.0,657,East Asian,Undergraduate degree (BA/BSc/other),38,Female,Asian,United States,United States,Philippines,English,DATA_EXPIRED,DATA_EXPIRED,1
97,6598a694e91b332d5e90d9a6,B,C,B,D,A,B,D,,,,BCBDABD___,0.2,0.0,0.0,noisy,random,positive,Pass,black,5.0,1.0,0.0,Pass Box,B,B,C,D,B,D,C,A,C,A,BBCDBDCACA,0.5,STEM Track,0.0,0.0,R,R,R,R,R,C,C,C,C,C,C,RRRRRCCCCCC,0,1,0,0,0,0,0,0,0,Because the prompt stated that to pass and receive the $2 bonus I had to answer at least 0 questions correctly thus the bonus is guaranteed,"These math problems were extremely humbling. I oddly felt sharper the second STEM test, but still developing a headache...",STEM Track,1456.0,73,White,Undergraduate degree (BA/BSc/other),72,Male,White,United States,United States,United States,English,DATA_EXPIRED,DATA_EXPIRED,1
98,5c7dcd11f066ff001568e56a,A,A,C,B,B,B,D,C,C,B,AACBBBDCCB,1.0,0.0,0.0,noisy,random,negative,Pass,red,75.0,6.0,6.0,Pass Box,B,C,C,C,A,D,C,A,B,C,BCCCADCABC,0.8,STEM Track,0.0,0.0,R,R,R,R,R,C,C,C,C,C,C,RRRRRCCCCCC,0,0,1,0,0,0,0,0,0,I just kinda like doing math problems and I wasn't sure what the other types of problems would be.,Everything went well.,STEM Track,984.0,1385,White,Undergraduate degree (BA/BSc/other),31,Female,White,United States,United States,United States,English,No,Unemployed (and job seeking),1
100,66ed4ad69a1dfd682aaa0fbd,D,C,B,C,D,C,A,B,C,A,DCBCDCABCA,0.1,0.0,0.0,noisy,random,negative,Fail,red,50.0,3.0,7.0,Pass Box,A,A,A,B,A,A,D,B,B,A,AAABAADBBA,0.3,STEM Track,0.0,0.0,R,R,R,R,R,R,C,C,C,C,C,RRRRRRCCCCC,0,0,1,1,1,0,0,0,0,To earn a bonus.,I do not like math ,STEM Track,675.0,3,White,Technical/community college,49,Female,White,United States,United States,United States,English,No,Part-Time,1
101,66c4c510b1e6550705cf95fd,A,A,A,B,B,B,D,C,C,A,AAABBBDCCA,0.8,0.0,0.0,noisy,random,negative,Pass,red,70.0,7.0,6.0,Pass Box,B,A,B,C,D,D,B,C,B,B,BABCDDBCBB,0.4,STEM Track,0.0,0.0,R,R,C,C,C,C,C,C,C,C,C,RRCCCCCCCCC,0,0,1,1,1,0,0,0,0,"I thought it was interesting, and i wanted to try more.","Good? I thought that last part of asking if i wanted a 50% chance of winning $10, or a guarantee of $10 was funny.",STEM Track,977.0,149,White,Undergraduate degree (BA/BSc/other),23,Female,White,United States,United States,United States,English,Yes,Unemployed (and job seeking),1
102,5b87dd09019cf60001a115b3,D,C,D,C,A,C,C,A,A,A,DCDCACCAAA,0.0,1.0,0.328,noisy,random,negative,Fail,black,20.0,1.0,2.0,Fail Box,C,B,C,B,C,D,C,C,B,B,CBCBCDCCBB,0.4,STEM Track,0.0,0.0,R,R,R,R,R,C,C,C,C,C,C,RRRRRCCCCCC,0,0,1,0,0,0,0,0,0,I figured I'd try to earn the bonus,It made me think about how poor I am at math.,STEM Track,422.0,3353,White,Undergraduate degree (BA/BSc/other),29,Male,White,United States,United States,United States,English,Yes,Full-Time,1
103,66f1fcdc934638c50f5bdfc2,D,A,B,C,B,B,,,,,DABCBB____,0.3,0.0,0.0,noisy,random,negative,Fail,red,60.0,4.0,5.0,Fail Box,D,B,A,C,B,D,A,B,C,D,DBACBDABCD,1.0,Non-STEM Track,0.0,0.0,R,R,R,R,C,C,C,C,C,C,C,RRRRCCCCCCC,1,0,0,0,0,0,1,0,0,"I haven't completed math problems of the kind presented in part I in years, and I feel I need a refresher in order to do well on the STEM track.",It would be helpful to have more time for part I,Non-STEM Track,897.0,5,Black/African American,Graduate degree (MA/MSc/MPhil/other),48,Female,Black,United States,United States,United States,English,No,DATA_EXPIRED,0
104,65fb35ee38c24ea27c017846,D,C,C,A,B,A,B,B,A,B,DCCABABBAB,0.3,0.0,0.0,noisy,random,negative,Pass,red,30.0,3.0,3.0,Pass Box,D,B,A,C,B,D,A,B,C,D,DBACBDABCD,1.0,Non-STEM Track,0.0,0.0,R,R,R,R,R,R,C,C,C,C,C,RRRRRRCCCCC,0,0,1,0,0,0,0,0,0,easier,good,Non-STEM Track,607.0,390,Other (please feel free to let us know your ethnicity via email),Technical/community college,43,Female,Mixed,United States,United States,United States,English,No,Other,0
105,5bad4be8b712f30001b87947,D,B,D,C,C,A,A,C,B,B,DBDCCAACBB,0.2,0.0,0.0,noisy,random,positive,Pass,black,0.0,2.0,1.0,Pass Box,B,C,D,B,B,B,C,C,,,BCDBBBCC__,0.2,STEM Track,0.0,0.0,R,R,R,R,C,C,C,C,C,C,C,RRRRCCCCCCC,0,0,1,0,0,0,0,0,0,I got another chance at solving problems. ,Easy instructions.,STEM Track,1392.0,2073,White,High school diploma/A-levels,40,Male,White,United States,United States,United States,English,No,Full-Time,1
106,65591ffa6dea856e0bacff84,B,C,A,A,B,B,D,B,C,C,BCAABBDBCC,0.4,0.0,0.0,noisy,random,ground,Pass,red,10.0,2.0,2.0,Pass Box,D,B,A,C,B,D,A,B,C,D,DBACBDABCD,1.0,Non-STEM Track,0.0,0.0,R,R,R,R,R,R,R,R,C,C,C,RRRRRRRRCCC,0,0,1,0,0,0,0,0,0,I am much better in most subjects that aren't math,"It was cool, I enjoyed this survey a lot more than most to be honest.",Non-STEM Track,635.0,657,South East Asian,High school diploma/A-levels,27,Female,Asian,United States,United States,United States,English,No,Other,0
107,5d321a7348bf98001646aeb2,B,C,B,D,C,C,B,C,A,A,BCBDCCBCAA,0.1,0.0,0.0,noisy,random,ground,Fail,black,50.0,0.0,5.0,Fail Box,D,B,A,C,B,D,A,B,C,D,DBACBDABCD,1.0,Non-STEM Track,0.0,0.0,R,R,R,R,R,R,R,C,C,C,C,RRRRRRRCCCC,0,0,1,0,0,0,0,0,0,I am horrible at math and don't remember any of that type math.,It was fine.,Non-STEM Track,1326.0,5162,White,High school diploma/A-levels,63,Female,White,United States,United States,United States,English,No,"Not in paid work (e.g. homemaker', 'retired or disabled)",0
108,6629a194aff94667d3c1cee5,D,A,B,C,D,B,B,C,C,C,DABCDBBCCC,0.4,0.0,0.0,noisy,random,positive,Pass,red,2.0,2.0,2.0,Fail Box,D,B,A,C,B,D,A,B,C,D,DBACBDABCD,1.0,Non-STEM Track,0.0,0.0,R,R,R,R,C,C,C,C,C,C,C,RRRRCCCCCCC,0,1,0,0,0,0,0,0,0,"I am not good at STEM, and I don't enjoy it.  ",The math questions stressed me out.  ,Non-STEM Track,601.0,831,White,Undergraduate degree (BA/BSc/other),39,Female,White,United States,United States,United States,English,No,DATA_EXPIRED,0
109,66c6d6e031937c73ad6848b3,B,A,C,B,C,B,A,D,B,B,BACBCBADBB,0.5,0.0,0.0,noisy,random,positive,Pass,black,1.0,1.0,2.0,Pass Box,D,B,A,C,B,D,A,B,C,D,DBACBDABCD,1.0,Non-STEM Track,0.0,0.0,R,R,R,R,R,R,C,C,C,C,C,RRRRRRCCCCC,0,0,1,0,0,0,0,0,0,Because I know I didn't do well on the math questions.,I haven't done math in years and it was completely foreign to me!,Non-STEM Track,575.0,92,East Asian,Technical/community college,58,Male,Asian,United States,United States,United States,English,No,Full-Time,0
110,6632e29a99699a0b259f5cdb,B,C,D,A,C,D,C,A,C,C,BCDACDCACC,0.1,0.0,0.0,noisy,random,positive,Pass,red,40.0,0.0,1.0,Fail Box,D,B,A,C,B,D,A,B,C,D,DBACBDABCD,1.0,Non-STEM Track,0.0,0.0,R,R,R,R,C,C,C,C,C,C,C,RRRRCCCCCCC,0,0,1,0,0,0,0,0,0,I am not good at math,the stem questions were hard,Non-STEM Track,204.0,686,White,Undergraduate degree (BA/BSc/other),29,Female,White,United States,United States,United States,English,Yes,"Not in paid work (e.g. homemaker', 'retired or disabled)",0
111,5f6d434b44cd121bbb5179dc,D,A,A,C,D,A,D,A,B,B,DAACDADABB,0.3,0.0,0.0,noisy,random,ground,Pass,red,56.0,3.0,3.0,Pass Box,B,D,D,A,A,D,C,A,C,C,BDDAADCACC,0.7,STEM Track,0.0,0.0,R,R,R,R,R,C,C,C,C,C,C,RRRRRCCCCCC,0,0,1,0,0,0,0,0,0,"I enjoy more technical subjects, but not necessarily doing this type of math in my head.",Frustrating but good.,STEM Track,925.0,1824,Latino/Hispanic,Graduate degree (MA/MSc/MPhil/other),39,Female,Mixed,United States,United States,United States,English,No,Part-Time,1
112,66cabbb148729ce025dac559,B,C,B,A,A,C,A,D,A,B,BCBAACADAB,0.1,0.0,0.0,noisy,random,positive,Fail,red,50.0,3.0,2.0,Fail Box,B,B,B,C,A,B,B,C,C,B,BBBCABBCCB,0.2,STEM Track,0.0,0.0,R,R,R,R,R,R,R,C,C,C,C,RRRRRRRCCCC,0,0,1,0,0,0,0,0,0,To get the opportunity to try more questions and gauge my memory.,I am happy to carry out the task it has reminded me some of the mathematics questions.,STEM Track,2281.0,27,White,Graduate degree (MA/MSc/MPhil/other),33,Female,White,United States,United States,United States,English,DATA_EXPIRED,DATA_EXPIRED,1
113,66eb689a046e6268ffd125a9,C,A,B,C,B,B,D,B,C,A,CABCBBDBCA,0.5,0.0,0.0,noisy,random,ground,Fail,black,62.0,4.0,7.0,Fail Box,D,B,A,C,D,D,A,B,C,C,DBACDDABCC,0.8,Non-STEM Track,0.0,0.0,R,R,R,R,R,C,C,C,C,C,C,RRRRRCCCCCC,0,0,1,0,0,0,0,0,0,"i didnt feel confident in my stem answers in a short period of time, given more time i would feel confident with the stem questions","i liked it, being out of college for a couple years, my stem skills definitely went lower ",Non-STEM Track,1001.0,9,White,Undergraduate degree (BA/BSc/other),28,Male,White,United States,United States,United States,English,No,Full-Time,0
114,66798b8a34a8b245d6641de9,,,,,,,,,,,__________,0.0,0.0,0.0,noisy,random,positive,Fail,red,25.0,2.0,4.0,Fail Box,D,B,A,C,B,A,A,C,C,B,DBACBAACCB,0.7,Non-STEM Track,0.0,0.0,R,R,R,R,R,R,R,R,R,R,R,RRRRRRRRRRR,0,0,1,0,0,0,0,0,0,It has been a while since I have been to college.,I liked it. It showed me I need to go back and study up my math. ,Non-STEM Track,978.0,172,Latino/Hispanic,Undergraduate degree (BA/BSc/other),28,Male,Other,United States,United States,United States,Spanish,Yes,Full-Time,0
115,668d1fa802c28e6b55fd9467,C,B,A,B,D,C,C,A,B,A,CBABDCCABA,0.1,0.0,0.0,noisy,random,negative,Pass,red,10.0,1.0,1.0,Fail Box,D,B,A,C,B,D,A,B,C,D,DBACBDABCD,1.0,Non-STEM Track,0.0,0.0,R,R,R,R,R,C,C,C,C,C,C,RRRRRCCCCCC,0,0,0,1,0,0,0,0,0,I figured I would have a better chance at getting more questions right ,,Non-STEM Track,1215.0,162,White,High school diploma/A-levels,23,Female,White,United States,United States,United States,English,Yes,Unemployed (and job seeking),0
116,638d038b8d32d51c219a5aa2,B,C,B,A,D,A,C,B,C,C,BCBADACBCC,0.1,0.0,0.0,noisy,random,positive,Pass,black,0.0,1.0,0.0,Pass Box,D,B,A,C,B,D,A,B,C,D,DBACBDABCD,1.0,Non-STEM Track,0.0,0.0,R,R,R,R,R,R,C,C,C,C,C,RRRRRRCCCCC,0,0,1,0,0,0,0,0,0,I hate math,The first (STEM) section was torture,Non-STEM Track,773.0,967,White,Undergraduate degree (BA/BSc/other),68,Female,White,United States,United States,United States,English,No,Part-Time,0
118,663faf257d50f1ec92e1568a,D,A,B,C,C,A,D,C,C,D,DABCCADCCD,0.4,0.0,0.0,noisy,random,ground,Pass,red,10.0,2.0,1.0,Fail Box,D,B,A,C,B,D,A,B,C,D,DBACBDABCD,1.0,Non-STEM Track,1.0,1.442,R,R,R,R,R,C,C,C,C,C,C,RRRRRCCCCCC,0,1,1,0,0,0,0,0,0,because I did not feel the study provided enough time to solve the first set of questions considering I haven't taken math courses in several years,,Non-STEM Track,889.0,353,Latino/Hispanic,Undergraduate degree (BA/BSc/other),42,Male,Other,United States,United States,Puerto Rico,Spanish,No,Full-Time,0
119,5f21d57a48386f1550a2e7c2,A,A,A,A,A,A,A,A,A,A,AAAAAAAAAA,0.2,0.0,0.0,noisy,random,ground,Pass,red,10.0,2.0,2.0,Pass Box,A,A,A,A,A,A,A,A,A,A,AAAAAAAAAA,0.4,STEM Track,0.0,0.0,R,R,R,R,C,C,C,C,C,C,C,RRRRCCCCCCC,0,1,1,0,0,0,0,0,0,Statistically the odds were better.,"I had ZERO idea how to do any of those math problems, so I statistically chose answer A for all 10 of them on the probability that I would be correct at least some percentage of the time.",STEM Track,339.0,1715,White,Undergraduate degree (BA/BSc/other),52,Male,White,United States,United States,United States,English,No,Full-Time,1
120,669a8a113c058df5b00aa6df,C,B,C,A,A,C,D,A,B,C,CBCAACDABC,0.2,0.0,0.0,noisy,random,positive,Fail,red,1.0,1.0,5.0,Fail Box,D,B,A,C,B,D,A,D,C,B,DBACBDADCB,0.8,Non-STEM Track,0.0,0.0,R,R,R,R,R,R,R,C,C,C,C,RRRRRRRCCCC,0,0,1,0,0,0,0,0,0,I did not want to take another quiz,no,Non-STEM Track,419.0,265,White,Undergraduate degree (BA/BSc/other),33,Male,White,United States,United States,Turkey,English,No,Full-Time,0
121,65ca69b55784b4308a73a2e5,D,C,B,C,D,B,B,B,B,A,DCBCDBBBBA,0.1,0.0,0.0,noisy,random,positive,Fail,red,50.0,0.0,5.0,Pass Box,C,A,C,C,A,B,B,C,C,A,CACCABBCCA,0.3,STEM Track,0.0,0.0,R,R,R,C,C,C,C,C,C,C,C,RRRCCCCCCCC,0,0,1,0,0,0,0,0,0,I don't know,I honestly didn't understand this whole survey. I did not understand the math questions and chance/probability. ,STEM Track,1286.0,87,Black/African American,Undergraduate degree (BA/BSc/other),36,Female,Black,United States,United States,United States,English,No,"Not in paid work (e.g. homemaker', 'retired or disabled)",1
122,66f368eca0ea5ba3a2a06436,B,D,B,A,C,D,A,B,C,C,BDBACDABCC,0.1,0.0,0.0,noisy,random,negative,Fail,black,50.0,2.0,5.0,Fail Box,D,A,A,C,B,D,A,B,C,B,DAACBDABCB,0.8,Non-STEM Track,0.0,0.0,R,R,R,R,R,C,C,C,C,C,C,RRRRRCCCCCC,0,1,1,0,0,0,0,0,0,I don't like math,"It was interesting. I didn't enjoy the math test, but the test afterwards was quite enjoyable. ",Non-STEM Track,783.0,9,South East Asian,Technical/community college,33,Female,Asian,Philippines,United States,United States,English,No,"Not in paid work (e.g. homemaker', 'retired or disabled)",0
124,5be8dd56d153f500019ab3cf,D,A,,D,C,B,B,C,,,DA_DCBBC__,0.3,0.0,0.0,noisy,random,negative,Pass,red,50.0,2.0,2.0,Fail Box,C,,D,,A,A,C,A,,,C_D_AACA__,0.3,STEM Track,0.0,0.0,R,R,C,R,R,R,C,C,C,C,C,RRCRRRCCCCC,0,0,1,0,0,0,0,0,0,I've always enjoyed STEM although I'm not strong in math skills.,I needed more time to think about the questions. ,STEM Track,1570.0,2655,White,Doctorate degree (PhD/other),60,Female,White,United States,United States,United States,English,No,"Not in paid work (e.g. homemaker', 'retired or disabled)",1
126,615a0d3f2f3c6dac605c34c0,D,C,B,C,B,C,D,A,B,B,DCBCBCDABB,0.3,0.0,0.0,noisy,random,negative,Pass,red,5.0,2.0,2.0,Pass Box,D,B,A,C,B,D,A,B,C,D,DBACBDABCD,1.0,Non-STEM Track,0.0,0.0,R,C,C,R,R,R,R,R,R,R,R,RCCRRRRRRRR,0,0,1,0,0,0,0,0,0,"While I can solve the math problems, I've never been fast at math and the timer heightened my math anxiety.",,Non-STEM Track,328.0,432,White,Graduate degree (MA/MSc/MPhil/other),49,Female,White,United States,United States,United States,English,No,Part-Time,0
127,66293a05b562a4ed52474172,D,D,C,B,A,B,A,D,C,A,DDCBABADCA,0.4,0.0,0.0,noisy,random,positive,Pass,red,50.0,2.0,2.0,Fail Box,B,A,C,C,A,D,C,C,C,B,BACCADCCCB,0.6,STEM Track,0.0,0.0,R,R,R,R,R,C,C,C,C,C,C,RRRRRCCCCCC,0,1,0,0,0,0,0,1,0,I thought it was going to include science or tech questions. ,Good ,STEM Track,1145.0,329,Latino/Hispanic,Graduate degree (MA/MSc/MPhil/other),48,Male,White,United States,United States,United States,English,No,Full-Time,1
128,5b0a01a9bd9c3100015611ce,D,A,A,C,C,B,B,,,,DAACCBB___,0.2,0.0,0.0,noisy,random,positive,Pass,black,50.0,2.0,2.0,Pass Box,D,B,A,C,B,D,A,B,C,D,DBACBDABCD,1.0,Non-STEM Track,0.0,0.0,R,R,R,R,R,R,C,C,C,C,C,RRRRRRCCCCC,0,0,1,0,0,0,0,0,0,"I have not done the kind of math in the STEM quiz for ages, so this proved too difficult for me.",It was an interesting experience.  I enjoyed the second language-related quiz much more than the first quiz.,Non-STEM Track,1047.0,432,White,Technical/community college,44,Female,White,United States,United States,United States,English,No,"Not in paid work (e.g. homemaker', 'retired or disabled)",0
129,63d1787e133386074516c177,B,C,B,C,C,D,A,C,B,D,BCBCCDACBD,0.1,0.0,0.0,noisy,random,positive,Fail,red,1.0,3.0,2.0,Fail Box,D,B,A,C,B,D,A,A,C,D,DBACBDAACD,0.9,Non-STEM Track,0.0,0.0,R,R,R,R,R,R,R,R,R,C,C,RRRRRRRRRCC,0,0,1,0,0,0,0,0,0,"Anything math, science, etc related cause me anxiety and stress. It puts me right back into that part of school which caused me to cry all the time. So as soon as I see those type of questions or problem-solving, my brain shuts down.",It was traumatizing at first. Then I felt relaxed towards the end. It's great that it was challenging even if I did not enjoy the challenge.,Non-STEM Track,498.0,1533,Mixed,Undergraduate degree (BA/BSc/other),35,Female,Other,United States,United States,United States,English,No,Part-Time,0
130,6108781e0d1dd936d2b75432,D,C,B,B,D,C,A,B,C,D,DCBBDCABCD,0.2,0.0,0.0,noisy,random,positive,Fail,red,20.0,2.0,5.0,Fail Box,D,B,A,C,B,D,A,B,C,D,DBACBDABCD,1.0,Non-STEM Track,0.0,0.0,R,R,R,R,R,C,C,C,C,C,C,RRRRRCCCCCC,0,0,1,0,0,0,0,0,0,I had a feeling I would be able to answer them with more confidence.,,Non-STEM Track,713.0,4904,White,Technical/community college,33,Female,White,United States,United States,United States,English,No,Part-Time,0
131,66afa64501dab5fc8e5af98c,B,C,A,B,C,A,C,B,B,C,BCABCACBBC,0.1,3.0,29.975,noisy,random,negative,Fail,red,60.0,5.0,8.0,Pass Box,B,C,B,A,D,B,C,A,B,D,BCBADBCABD,0.5,STEM Track,0.0,0.0,R,R,C,C,C,R,R,C,C,C,C,RRCCCRRCCCC,0,0,1,0,0,0,0,0,0, I chose the STEM track because of my passion for problem-solving and innovation in technology.,it was good,STEM Track,1091.0,11,Black/African American,Graduate degree (MA/MSc/MPhil/other),29,Male,Black,United States,United States,United States,English,Yes,Full-Time,1
132,5fd298b32f6cb7062fd9aea0,D,A,C,B,A,D,B,A,B,C,DACBADBABC,0.3,0.0,0.0,noisy,random,ground,Pass,red,0.0,1.0,2.0,Pass Box,D,B,A,C,B,D,A,B,C,D,DBACBDABCD,1.0,Non-STEM Track,0.0,0.0,R,R,R,R,C,C,C,C,C,C,C,RRRRCCCCCCC,0,0,1,0,0,0,0,0,0,I have a learning disability that makes doing math hard and all the questions were math I didn't know how to do.,I almost gave up when I saw the math at the beginning but it was an interesting survey.,Non-STEM Track,482.0,1077,White,High school diploma/A-levels,40,Female,White,United States,United States,United States,English,No,Full-Time,0
133,66463fe42ca49efed3412fdf,D,A,B,C,B,B,D,C,B,A,DABCBBDCBA,0.5,0.0,0.0,noisy,random,ground,Fail,black,50.0,6.0,6.0,Fail Box,D,B,A,C,B,D,A,B,C,D,DBACBDABCD,1.0,Non-STEM Track,0.0,0.0,R,R,R,R,R,C,C,C,C,C,C,RRRRRCCCCCC,1,0,1,0,0,0,0,0,0,I'm better with words than with numbers,It was hard but enjoyable to try and remember some of the math equations,Non-STEM Track,612.0,504,White,Undergraduate degree (BA/BSc/other),33,Male,White,United States,United States,United States,English,No,Full-Time,0
134,66df32a1d3e539edfe5a25c8,B,D,A,B,B,C,A,B,A,A,BDABBCABAA,0.2,0.0,0.0,noisy,random,negative,Fail,black,25.0,3.0,4.0,Fail Box,A,D,D,B,C,D,C,C,B,C,ADDBCDCCBC,0.4,STEM Track,0.0,0.0,R,R,R,R,C,R,C,C,C,C,C,RRRRCRCCCCC,0,1,1,1,1,0,0,0,0,"Terrible with math, but wanted to try anyway.",,STEM Track,1419.0,24,Rather not say,Secondary education (e.g. GED/GCSE),22,Female,White,United States,United States,United States,English,Yes,Unemployed (and job seeking),1
135,5b393581c49ecb00010a6693,D,A,B,C,D,B,C,A,A,A,DABCDBCAAA,0.2,0.0,0.0,noisy,random,positive,Fail,red,50.0,3.0,4.0,Fail Box,D,B,A,C,B,D,A,B,C,D,DBACBDABCD,1.0,Non-STEM Track,0.0,0.0,R,R,R,C,C,C,C,C,C,C,C,RRRCCCCCCCC,0,0,1,0,1,0,0,0,0,I don't remember much from my STEM study days.,It was fun! I definitely need to take some courses in my free time though!,Non-STEM Track,620.0,1395,Latino/Hispanic,High school diploma/A-levels,24,Male,White,United States,United States,United States,English,DATA_EXPIRED,DATA_EXPIRED,0
136,5cfb459229a6c2001764e10d,B,A,B,A,C,B,B,C,B,B,BABACBBCBB,0.4,1.0,2.301,noisy,random,negative,Pass,red,50.0,4.0,4.0,Pass Box,D,B,A,C,B,D,A,B,C,C,DBACBDABCC,0.9,Non-STEM Track,0.0,0.0,R,R,R,R,R,R,C,C,C,C,C,RRRRRRCCCCC,0,0,0,0,1,1,0,0,0,"I generally suck at math, especially compared to subjects like English and other non-STEM fields.",Good.,Non-STEM Track,590.0,826,White Sephardic Jew,Technical/community college,24,Male,White,United States,United States,United States,English,Yes,Other,0
137,664439645a9a29be43d5bf5a,D,A,B,C,A,D,B,A,C,B,DABCADBACB,0.3,0.0,0.0,noisy,random,ground,Pass,red,0.0,3.0,3.0,Pass Box,D,B,A,C,B,D,A,B,C,D,DBACBDABCD,1.0,Non-STEM Track,0.0,0.0,R,R,R,R,R,C,C,C,C,C,C,RRRRRCCCCCC,0,0,1,0,0,0,0,0,0,"not interested, didnt feel capable",no feedback,Non-STEM Track,573.0,600,White,Technical/community college,41,Male,White,United States,United States,United States,English,No,"Not in paid work (e.g. homemaker', 'retired or disabled)",0
138,65a34aebff22f2a843566830,D,B,B,C,D,D,D,C,B,A,DBBCDDDCBA,0.2,1.0,2.027,noisy,random,ground,Pass,red,25.0,2.0,2.0,Pass Box,D,B,A,C,B,D,A,B,C,D,DBACBDABCD,1.0,Non-STEM Track,0.0,0.0,R,R,R,C,C,C,C,C,C,C,C,RRRCCCCCCCC,0,0,1,0,0,0,0,0,0,Did not know the first set of questions. Majored in a primarily non stem major in college.,"good, first part was extremely difficult",Non-STEM Track,538.0,456,White,Undergraduate degree (BA/BSc/other),23,Female,White,United States,United States,United States,English,No,DATA_EXPIRED,0
139,6633cc63d968983a40e40db1,C,B,B,C,A,D,B,D,A,C,CBBCADBDAC,0.0,0.0,0.0,noisy,random,ground,Fail,black,10.0,3.0,2.0,Fail Box,D,B,A,C,B,B,A,B,C,D,DBACBBABCD,0.9,Non-STEM Track,0.0,0.0,R,R,R,C,C,C,C,C,C,C,C,RRRCCCCCCCC,0,0,1,0,0,0,0,0,0,i wasn't positive i would pass it,no,Non-STEM Track,437.0,177,Latino/Hispanic,High school diploma/A-levels,29,Female,Other,United States,United States,United States,English,No,Part-Time,0
141,661a98854b5b5e468aaa5295,B,C,A,B,A,A,B,C,A,D,BCABAABCAD,0.2,0.0,0.0,noisy,random,negative,Pass,red,50.0,1.0,0.0,Fail Box,D,D,A,C,B,D,A,B,C,B,DDACBDABCB,0.8,Non-STEM Track,0.0,0.0,R,R,R,R,R,R,R,R,R,R,C,RRRRRRRRRRC,0,0,0,1,0,0,0,0,0,just cause ,not great,Non-STEM Track,392.0,195,Latino/Hispanic,High school diploma/A-levels,26,Male,Mixed,United States,United States,United States,English,Yes,DATA_EXPIRED,0
142,66c396ad1fd21de8d95c3921,C,B,C,B,D,A,C,A,C,A,CBCBDACACA,0.3,0.0,0.0,noisy,random,negative,Fail,black,10.0,2.0,4.0,Fail Box,D,B,A,C,B,D,A,B,C,D,DBACBDABCD,1.0,Non-STEM Track,0.0,0.0,R,R,R,R,C,C,C,C,C,R,C,RRRRCCCCCRC,0,0,1,0,0,0,0,0,0,stronger abilities in that,none,Non-STEM Track,323.0,146,East Asian,Undergraduate degree (BA/BSc/other),23,Male,Asian,United States,United States,United States,English,Yes,Unemployed (and job seeking),0
143,6643bb2edd8c6657e9bc57f1,D,C,B,D,A,C,B,A,C,C,DCBDACBACC,0.1,0.0,0.0,noisy,random,ground,Fail,black,45.0,3.0,2.0,Fail Box,A,A,C,C,A,D,C,A,D,C,AACCADCADC,0.7,STEM Track,0.0,0.0,R,R,R,R,R,C,C,C,C,C,C,RRRRRCCCCCC,0,0,1,0,0,0,0,0,0,I was unsure what the other track would be and I was scared.,It was a little stressful. I felt like I was doing a math test in school.,STEM Track,969.0,3,White,Technical/community college,32,Female,White,United States,United States,United States,English,Yes,Full-Time,1
144,6672e8e609169272b5e82910,B,C,D,B,C,C,C,B,B,D,BCDBCCCBBD,0.1,0.0,0.0,noisy,random,negative,Fail,black,30.0,3.0,4.0,Fail Box,D,B,A,C,B,D,A,B,C,D,DBACBDABCD,1.0,Non-STEM Track,0.0,0.0,R,R,R,R,R,R,R,R,C,C,C,RRRRRRRRCCC,0,0,1,1,0,0,0,0,0,I never learned that kind of stuff in school,,Non-STEM Track,1063.0,47,Black/African American,No formal qualifications,24,Male,Black,United States,United States,United States,English,No,Unemployed (and job seeking),0
146,63ed2515d3fe6335b2c11094,C,D,B,B,C,D,C,B,B,A,CDBBCDCBBA,0.1,0.0,0.0,noisy,random,negative,Pass,red,50.0,1.0,1.0,Fail Box,A,B,C,B,C,B,A,C,B,C,ABCBCBACBC,0.3,STEM Track,0.0,0.0,C,C,C,C,C,C,C,C,R,R,R,CCCCCCCCRRR,0,0,1,0,0,0,0,0,0,i needed a second chance,it was hard,STEM Track,554.0,2860,Latino/Hispanic,High school diploma/A-levels,50,Female,White,United States,United States,United States,English,DATA_EXPIRED,Part-Time,1
147,666d9406189d162d36686be9,D,D,B,B,D,D,A,C,B,C,DDBBDDACBC,0.2,0.0,0.0,noisy,random,positive,Fail,red,50.0,4.0,4.0,Pass Box,D,B,C,C,D,D,C,C,C,C,DBCCDDCCCC,0.4,STEM Track,0.0,0.0,R,C,C,C,C,C,C,C,C,C,C,RCCCCCCCCCC,0,1,0,0,0,0,0,0,0,I work in a STEM career,It was fine,STEM Track,433.0,244,White,Undergraduate degree (BA/BSc/other),37,Male,White,United States,United States,United States,English,No,Full-Time,1
148,62a1ee789484077eb466542f,A,B,B,D,B,C,B,A,A,A,ABBDBCBAAA,0.2,0.0,0.0,noisy,random,ground,Pass,red,10.0,2.0,1.0,Fail Box,D,B,A,C,B,D,A,B,C,D,DBACBDABCD,1.0,Non-STEM Track,0.0,0.0,R,R,R,R,C,C,C,C,C,C,C,RRRRCCCCCCC,0,0,1,0,0,0,0,0,0,I'm not great at math.,No feedback,Non-STEM Track,940.0,1207,White,High school diploma/A-levels,42,Male,White,United States,United States,United States,English,DATA_EXPIRED,DATA_EXPIRED,0
150,66985059ff08abc91b78325b,D,A,D,C,D,B,A,B,,,DADCDBAB__,0.2,0.0,0.0,noisy,random,positive,Pass,red,70.0,3.0,2.0,Pass Box,B,A,C,B,A,D,C,A,B,,BACBADCAB_,0.8,STEM Track,0.0,0.0,R,R,R,C,C,C,C,C,C,C,C,RRRCCCCCCCC,0,1,1,0,0,0,0,0,0,I am a logic thinker.,I felt I forgot a lot.,STEM Track,1428.0,285,White,Technical/community college,42,Female,White,United States,United States,United States,English,No,DATA_EXPIRED,1
151,60e9e639ca992b3ffc3dee53,C,C,A,C,B,D,C,A,B,C,CCACBDCABC,0.1,0.0,0.0,noisy,random,positive,Fail,red,6.0,3.0,2.0,Fail Box,D,B,A,D,B,D,A,B,C,A,DBADBDABCA,0.8,Non-STEM Track,0.0,0.0,R,R,R,R,C,C,C,C,C,C,C,RRRRCCCCCCC,0,0,1,0,0,0,0,0,0,Because the fists STEM track that I had was quite difficult for me.,"I enjoyed it, thank you for having me!",Non-STEM Track,977.0,2073,Latino/Hispanic,Undergraduate degree (BA/BSc/other),35,Male,Mixed,United States,United States,United States,English,DATA_EXPIRED,Full-Time,0
152,66d761ecb471fd4fc04e5d68,D,A,B,C,B,D,C,C,C,B,DABCBDCCCB,0.5,0.0,0.0,noisy,random,ground,Pass,red,50.0,3.0,5.0,Fail Box,D,B,A,C,B,D,A,B,C,D,DBACBDABCD,1.0,Non-STEM Track,0.0,0.0,R,R,R,R,R,C,C,C,C,C,C,RRRRRCCCCCC,1,0,0,0,0,0,0,0,0,I'm better at non-stem questions,Good! Enjoyed it,Non-STEM Track,362.0,26,Latino/Hispanic,Doctorate degree (PhD/other),43,Male,Mixed,United States,United States,United States,English,No,Part-Time,0
153,65ec050240cb115908f6b9f4,B,D,A,C,A,C,C,D,B,A,BDACACCDBA,0.0,0.0,0.0,noisy,random,positive,Fail,red,60.0,5.0,4.0,Fail Box,D,B,A,C,B,D,A,B,C,D,DBACBDABCD,1.0,Non-STEM Track,0.0,0.0,R,R,R,R,R,C,C,C,C,C,C,RRRRRCCCCCC,0,0,1,0,0,0,0,0,0,I wasn't sure how much more time I would have to spend on this and if it was really worth the little money,No comment,Non-STEM Track,1073.0,398,Black/African American,Undergraduate degree (BA/BSc/other),39,Male,Black,United States,United States,United States,English,DATA_EXPIRED,DATA_EXPIRED,0
154,56b57cc50759c90008c0271a,C,D,A,C,C,C,C,D,C,C,CDACCCCDCC,0.1,0.0,0.0,noisy,random,positive,Fail,red,20.0,2.0,3.0,Fail Box,D,B,A,C,B,D,A,B,C,D,DBACBDABCD,1.0,Non-STEM Track,0.0,0.0,R,R,R,R,C,C,C,C,C,C,C,RRRRCCCCCCC,0,0,1,0,0,0,0,0,0,Because I was more confident in my ability to answer non stem questions on my own without any help and I feel strong on my ability to answer those types of questions under time constraints,it was interesting,Non-STEM Track,692.0,115,Black/African American,Undergraduate degree (BA/BSc/other),40,Female,Black,United States,United States,United States,English,No,Part-Time,0
156,662fb3c5e1820641167cb02a,D,A,A,C,B,B,B,A,A,A,DAACBBBAAA,0.3,1.0,4.54,noisy,random,negative,Pass,red,50.0,2.0,2.0,Fail Box,D,B,A,C,B,D,A,B,C,D,DBACBDABCD,1.0,Non-STEM Track,2.0,3.948,R,R,R,R,C,C,C,C,C,C,C,RRRRCCCCCCC,0,0,1,0,0,0,0,0,0,Math is hard for me,I hate math so it wasn't pleasent,Non-STEM Track,756.0,294,White,Undergraduate degree (BA/BSc/other),39,Female,White,United States,United States,United States,English,No,Part-Time,0
157,666c88b9d74e89acb4f92aaf,D,A,A,C,B,A,D,C,B,C,DAACBADCBC,0.4,0.0,0.0,noisy,random,positive,Fail,red,50.0,4.0,5.0,Fail Box,D,B,A,C,B,D,A,B,C,D,DBACBDABCD,1.0,Non-STEM Track,0.0,0.0,R,R,R,R,R,R,R,R,C,C,C,RRRRRRRRCCC,0,0,1,0,0,0,0,0,0,"The math questions were so tough, I decided to try a different route.",It would be nice to know which questions I answered correctly.,Non-STEM Track,794.0,427,White,Technical/community college,41,Female,White,United States,United States,United States,English,No,"Not in paid work (e.g. homemaker', 'retired or disabled)",0
158,5f04b7a99b50ac10df3a9eac,D,A,A,C,C,A,A,B,A,B,DAACCAABAB,0.2,0.0,0.0,noisy,random,negative,Fail,black,10.0,1.0,5.0,Fail Box,D,B,A,C,B,D,A,B,C,D,DBACBDABCD,1.0,Non-STEM Track,0.0,0.0,R,R,R,C,C,C,C,C,C,C,C,RRRCCCCCCCC,0,0,1,0,0,0,0,0,0,I'm terrible at math! ,The math test was so hard!,Non-STEM Track,550.0,495,White,Undergraduate degree (BA/BSc/other),42,Female,White,United States,United States,United States,English,No,"Not in paid work (e.g. homemaker', 'retired or disabled)",0
161,5e1c138a2bf9514062e4de6b,D,B,D,A,B,D,B,D,B,A,DBDABDBDBA,0.1,0.0,0.0,noisy,random,positive,Pass,black,1.0,1.0,1.0,Pass Box,B,C,A,B,B,D,C,C,C,A,BCABBDCCCA,0.3,STEM Track,0.0,0.0,R,R,R,R,R,C,C,C,C,C,C,RRRRRCCCCCC,0,0,1,0,0,0,0,0,0,To challenge myself.,Thank you.,STEM Track,476.0,5908,White,Technical/community college,38,Male,White,United States,United States,United States,English,No,Full-Time,1
162,666521a72d980c779a45cbbd,D,B,B,C,A,A,C,B,C,B,DBBCAACBCB,0.2,0.0,0.0,noisy,random,negative,Pass,red,50.0,2.0,2.0,Pass Box,C,C,A,D,D,B,C,C,D,A,CCADDBCCDA,0.1,STEM Track,0.0,0.0,R,R,R,R,R,C,C,C,C,C,C,RRRRRCCCCCC,0,0,1,0,0,0,0,0,0,I wanted the higher bonus,the math was hard ,STEM Track,899.0,144,White,Technical/community college,44,Female,White,United States,United States,United States,English,No,Part-Time,1
163,5c7f17223eaee4001614f4b1,A,A,B,B,D,B,D,A,C,C,AABBDBDACC,0.6,0.0,0.0,noisy,random,negative,Fail,red,90.0,6.0,7.0,Pass Box,D,B,A,C,B,D,A,B,C,D,DBACBDABCD,1.0,Non-STEM Track,0.0,0.0,R,R,R,R,R,C,C,C,C,C,C,RRRRRCCCCCC,0,0,1,0,0,0,0,0,0,I decided to choose the Non-STEM track because the questions that I were given previously were rather hard to solve. I didn't know if the next STEM track would be even harder so I decided to play it safe.,I think it was a very interesting experience since I wasnt prepared for STEM questions but it was also a nice change of pace.,Non-STEM Track,776.0,603,Black/African American,Undergraduate degree (BA/BSc/other),23,Male,Black,United States,United States,United States,English,No,Unemployed (and job seeking),0
165,6637ab726b91eaf9e6582b89,D,D,B,C,B,B,C,D,C,A,DDBCBBCDCA,0.3,0.0,0.0,noisy,random,positive,Pass,black,0.0,2.0,2.0,Pass Box,D,B,A,C,B,D,A,B,C,D,DBACBDABCD,1.0,Non-STEM Track,0.0,0.0,R,R,R,R,R,C,C,C,C,C,C,RRRRRCCCCCC,0,0,0,1,1,0,0,0,0,Math is not my best subjects. ,"Experience was good, no feedback! ",Non-STEM Track,382.0,17,White,Technical/community college,31,Female,White,United States,United States,United States,English,No,Part-Time,0
166,66c49506c24e39d11f5d89fc,D,D,B,B,B,A,D,C,A,B,DDBBBADCAB,0.5,0.0,0.0,noisy,random,ground,Pass,red,50.0,4.0,4.0,Pass Box,D,B,A,C,B,D,A,B,C,D,DBACBDABCD,1.0,Non-STEM Track,0.0,0.0,R,R,R,R,R,C,C,C,C,C,C,RRRRRCCCCCC,0,0,1,0,0,0,0,0,0,guaranteed money and seemed less confusing,"It was a little confusing but alot of fun, thank you!",Non-STEM Track,767.0,168,White,Undergraduate degree (BA/BSc/other),37,Female,White,United States,United States,United States,English,No,Part-Time,0
167,666e6fdc0d4a47213fa8722a,D,C,C,D,C,A,B,B,C,C,DCCDCABBCC,0.2,0.0,0.0,noisy,random,ground,Fail,black,60.0,4.0,5.0,Fail Box,D,B,A,C,B,A,A,B,C,D,DBACBAABCD,0.9,Non-STEM Track,0.0,0.0,R,R,R,R,C,C,C,R,C,C,C,RRRRCCCRCCC,0,0,1,0,0,0,0,0,0,I had stem teachers that didn't encourage or teach properly. Didn't really learn.,Na,Non-STEM Track,894.0,42,Latino/Hispanic,High school diploma/A-levels,25,Female,Other,United States,United States,Guatemala,English,No,Part-Time,0
168,58be2fc3bfc0f4000179f3c5,,,,,,,,,,,__________,0.0,0.0,0.0,noisy,random,negative,Fail,red,64.0,6.0,5.0,Pass Box,B,C,C,B,A,D,C,A,C,C,BCCBADCACC,0.7,STEM Track,0.0,0.0,R,R,R,R,R,C,C,C,C,C,C,RRRRRCCCCCC,0,0,1,0,0,0,0,0,1,I thought science was the basis of reality.,"I had no paper handy. If I had scratch paper I would likely have done much better. As it was, on the second set I just guessed on the last few after I knew I had gottern five or six right.",STEM Track,1279.0,5025,White,Doctorate degree (PhD/other),53,Male,White,United States,United States,United States,English,No,Unemployed (and job seeking),1
169,5f4fe426bc50f511ff591125,D,C,B,B,A,B,B,B,A,A,DCBBABBBAA,0.2,0.0,0.0,noisy,random,negative,Pass,red,5.0,1.0,1.0,Pass Box,A,A,A,A,A,A,A,A,A,A,AAAAAAAAAA,0.4,STEM Track,0.0,0.0,R,R,R,R,R,R,C,C,C,C,C,RRRRRRCCCCC,0,0,1,0,0,0,0,0,0,more chance of more money,,STEM Track,546.0,965,Caribbean,High school diploma/A-levels,22,Male,Mixed,United States,United States,United States,English,Yes,Unemployed (and job seeking),1
170,668327594e2bd7a211c3fa6f,D,D,D,D,D,D,D,D,D,D,DDDDDDDDDD,0.1,0.0,0.0,noisy,random,negative,Fail,black,75.0,3.0,3.0,Fail Box,D,B,A,C,B,D,A,B,C,D,DBACBDABCD,1.0,Non-STEM Track,0.0,0.0,R,R,R,R,R,C,C,C,C,C,C,RRRRRCCCCCC,0,0,1,0,1,0,0,0,0,"Because I assumed the black ball indicated that I failed the first test, so I wanted to try something different. I felt pressured with the timer and hadn't done algebra in nearly 20 years.",Experience was enjoyable. No feedback.,Non-STEM Track,888.0,310,White,Technical/community college,34,Female,White,United States,United States,United States,English,No,Full-Time,0
171,66463b51bfb8084f4f45b602,D,A,C,C,B,B,D,C,B,B,DACCBBDCBB,0.7,0.0,0.0,noisy,random,positive,Fail,red,80.0,8.0,8.0,Pass Box,B,B,C,C,A,D,C,A,D,C,BBCCADCADC,0.7,STEM Track,0.0,0.0,R,R,R,C,C,C,C,C,C,C,C,RRRCCCCCCCC,1,0,0,0,0,0,0,0,0,It seemed like a less risky track given the previous questions,Everything went well,STEM Track,1258.0,697,Mixed,Undergraduate degree (BA/BSc/other),30,Female,Mixed,United States,United States,United States,English,No,Full-Time,1
172,6134d9cf96a9c6192e24866d,B,B,C,C,B,D,C,B,C,B,BBCCBDCBCB,0.4,1.0,8.717,noisy,random,negative,Pass,red,50.0,4.0,4.0,Fail Box,D,B,A,C,B,D,A,B,C,D,DBACBDABCD,1.0,Non-STEM Track,0.0,0.0,R,R,R,R,R,C,C,C,C,C,C,RRRRRCCCCCC,0,0,1,0,0,0,0,0,0,I wanted to answer easier questions.  ,The experience was good but the math was beyond my level of math skills.  ,Non-STEM Track,901.0,2560,White,High school diploma/A-levels,64,Female,White,United States,United States,United States,English,No,Full-Time,0
173,61000d9f866cb789b6472c51,D,D,D,D,C,B,B,C,C,A,DDDDCBBCCA,0.3,0.0,0.0,noisy,random,positive,Pass,black,10.0,2.0,3.0,Pass Box,C,A,C,D,A,C,B,D,A,A,CACDACBDAA,0.3,STEM Track,0.0,0.0,R,C,C,C,C,C,C,C,C,C,C,RCCCCCCCCCC,0,0,1,0,0,0,0,0,0,I wasnt sure what stem vs non stem meant so i just chose stem,it was very difficult to understand.,STEM Track,274.0,849,White,Undergraduate degree (BA/BSc/other),31,Female,White,United States,United States,United States,English,No,Full-Time,1
174,60fcec5f448d6d34a22bcafb,C,D,C,A,B,C,B,A,B,C,CDCABCBABC,0.2,0.0,0.0,noisy,random,positive,Pass,red,0.0,0.0,0.0,Fail Box,D,B,A,C,B,D,A,B,C,D,DBACBDABCD,1.0,Non-STEM Track,0.0,0.0,R,R,R,R,R,R,R,C,C,C,C,RRRRRRRCCCC,0,0,1,0,0,0,0,0,0,I thought I would have a better chance of answering correctly.,Great. ,Non-STEM Track,558.0,2300,White,Technical/community college,38,Female,White,United States,United States,United States,English,No,Full-Time,0
175,5f5128c3aa1c4e30e4506d2c,D,A,D,C,B,A,C,C,C,B,DADCBACCCB,0.5,0.0,0.0,noisy,random,negative,Pass,red,50.0,5.0,4.0,Pass Box,D,B,A,C,B,D,A,B,C,D,DBACBDABCD,1.0,Non-STEM Track,0.0,0.0,R,R,R,R,R,R,C,C,C,C,C,RRRRRRCCCCC,0,0,1,0,0,0,0,0,0,"I expected another math test, which I wasn't confident in doing sufficiently well.",It was very complex.  I spent a lot of time figuring out wat was being asked.,Non-STEM Track,1123.0,1214,White,Undergraduate degree (BA/BSc/other),79,Male,White,United States,United States,United States,English,DATA_EXPIRED,DATA_EXPIRED,0
176,666e78556e916cd782e9c41b,D,A,D,C,B,C,A,A,B,B,DADCBCAABB,0.3,0.0,0.0,noisy,random,ground,Fail,black,60.0,5.0,5.0,Fail Box,B,D,C,A,B,D,C,A,B,D,BDCABDCABD,0.7,STEM Track,0.0,0.0,R,R,R,C,C,C,C,C,C,C,C,RRRCCCCCCCC,0,0,1,0,1,0,0,0,0,"I decided to choose the STEM track, as I used to have a fascination with mathematics along with science. I had previously wanted to become a pediatric neurologist which, in turn, propelled me to do well in my studies. I have since taken a different route in finance & accounting, but I still enjoy mathematics.",My experience was great. I enjoyed the challenge of this study and hope to be able to participate in similar studies at a future date. Thank you for the opportunity. ,STEM Track,1498.0,187,Latino/Hispanic,Undergraduate degree (BA/BSc/other),22,Male,Mixed,United States,United States,United States,English,Yes,Part-Time,1
177,6595826f3295eff742fead3b,D,A,,B,B,B,D,C,,B,DA_BBBDC_B,0.7,0.0,0.0,noisy,random,positive,Pass,red,80.0,6.0,7.0,Not Sure,B,D,C,A,A,D,C,A,B,C,BDCAADCABC,0.9,STEM Track,0.0,0.0,R,R,R,R,R,C,C,C,C,C,C,RRRRRCCCCCC,0,0,1,0,0,0,0,0,1,I like math,"Fine, no comments",STEM Track,1122.0,835,East Asian,Graduate degree (MA/MSc/MPhil/other),32,Female,Asian,China,United States,United States,English,DATA_EXPIRED,DATA_EXPIRED,1
179,664bd0f088bcdd76b857ce24,D,B,A,B,D,B,C,A,D,A,DBABDBCADA,0.2,0.0,0.0,noisy,random,negative,Fail,black,30.0,1.0,3.0,Fail Box,D,B,A,C,B,D,A,B,C,D,DBACBDABCD,1.0,Non-STEM Track,0.0,0.0,R,R,R,R,R,R,C,C,C,C,C,RRRRRRCCCCC,0,1,0,0,0,0,0,0,0,I tend to do better with language than i do with math lately,Pretty good tho im kinda sad with how bad i did on the first math portion,Non-STEM Track,619.0,401,White,Technical/community college,24,Male,White,United States,United States,United States,English,Yes,Unemployed (and job seeking),0
180,66d77183848780bed7462056,D,A,A,A,D,A,A,A,A,A,DAAADAAAAA,0.1,0.0,0.0,noisy,random,ground,Fail,black,50.0,1.0,3.0,Fail Box,D,B,A,C,B,D,A,B,C,D,DBACBDABCD,1.0,Non-STEM Track,0.0,0.0,R,R,R,R,R,C,C,C,C,C,C,RRRRRCCCCCC,0,0,1,0,0,0,0,0,0,"My skills are more language oriented and less math and science oriented, so I would do better at non-STEM activities. ",It'd be interesting to see if I guessed any of the math answers correctly. ,Non-STEM Track,930.0,60,White,Undergraduate degree (BA/BSc/other),63,Female,White,United States,United States,United States,English,No,Part-Time,0
181,66783438ca6ccf63acf349d8,B,B,A,C,A,C,B,A,B,D,BBACACBABD,0.0,0.0,0.0,noisy,random,ground,Fail,black,100.0,2.0,1.0,Pass Box,C,C,C,C,C,C,C,C,C,C,CCCCCCCCCC,0.3,STEM Track,0.0,0.0,R,R,C,R,R,R,R,R,R,R,R,RRCRRRRRRRR,0,0,0,0,1,0,0,0,0,The chance,Good,STEM Track,449.0,151,Mixed,Undergraduate degree (BA/BSc/other),31,Male,White,United States,United States,United States,English,No,Full-Time,1
182,60873d2ab16643e5a08cafd2,D,A,B,D,C,A,B,D,B,C,DABDCABDBC,0.1,0.0,0.0,noisy,random,positive,Fail,red,50.0,4.0,3.0,Fail Box,D,B,A,C,B,D,A,B,C,D,DBACBDABCD,1.0,Non-STEM Track,0.0,0.0,R,R,R,R,R,C,C,C,C,C,C,RRRRRCCCCCC,0,0,1,0,0,0,0,0,0,I felt like I wanted payment for each question I answered.,I enjoyed the task. The math was very difficult.,Non-STEM Track,979.0,2231,White,Undergraduate degree (BA/BSc/other),32,Male,White,United States,United States,United States,English,No,Full-Time,0
183,66b838839480f958acce79d0,B,C,A,A,D,B,A,A,C,B,BCAADBAACB,0.3,0.0,0.0,noisy,random,positive,Fail,red,5.0,2.0,5.0,Pass Box,B,A,C,D,A,A,B,C,B,A,BACDAABCBA,0.5,STEM Track,0.0,0.0,R,R,R,R,R,C,R,C,C,C,C,RRRRRCRCCCC,1,0,0,0,0,0,0,0,0,Extra money ,It was okay hope I got the bonus the survey was buggy when clicking my choices ,STEM Track,410.0,184,White,High school diploma/A-levels,27,Male,White,United States,United States,United States,English,No,Full-Time,1
184,65c3f7ea5a1dc70da3d465e9,D,B,A,C,A,B,A,A,A,B,DBACABAAAB,0.2,0.0,0.0,noisy,random,ground,Pass,red,10.0,0.0,1.0,Pass Box,D,B,A,C,B,D,A,B,C,D,DBACBDABCD,1.0,Non-STEM Track,0.0,0.0,R,R,R,R,R,R,R,C,C,C,C,RRRRRRRCCCC,0,0,1,0,0,0,0,0,0,"I'm not very good with numbers or math. I wasn't sure what the non-STEM track would test me on, but I knew I had a better chance with that option than the STEM track.","The first test without any warning was really hard! It definitely was a challenge, I don't think I have ever seen math like that. It's impressive that people can solve those problems like it's nothing. It's really fascinating that people have their distinct strengths and weaknesses. No feedback, thank you.",Non-STEM Track,730.0,220,White,High school diploma/A-levels,21,Female,White,United States,United States,United States,English,No,Full-Time,0
185,6653b92cc7f248306bafe316,D,A,B,C,D,B,,,,,DABCDB____,0.2,1.0,1.916,noisy,random,ground,Fail,black,55.0,2.0,3.0,Fail Box,D,B,A,C,B,D,A,B,C,D,DBACBDABCD,1.0,Non-STEM Track,0.0,0.0,R,R,R,R,C,C,C,C,C,C,C,RRRRCCCCCCC,0,0,1,0,0,0,0,0,0,I have always referred to math as black magic. It is sinful to practice lol,It was fun.,Non-STEM Track,1061.0,194,Black/African American,High school diploma/A-levels,32,Male,Black,United States,United States,United States,English,No,Other,0
187,60fce077c28a6e5608c284e6,D,A,B,B,D,B,C,C,A,B,DABBDBCCAB,0.5,0.0,0.0,noisy,random,positive,Pass,black,30.0,1.0,2.0,Pass Box,B,B,C,C,A,B,C,D,A,C,BBCCABCDAC,0.5,STEM Track,0.0,0.0,R,R,R,R,C,C,C,C,C,C,C,RRRRCCCCCCC,0,0,1,0,0,0,0,0,0,It gave the most money ,,STEM Track,939.0,268,Black/African American,High school diploma/A-levels,26,Female,Black,United States,United States,United States,English,Yes,Unemployed (and job seeking),1
188,5b6c72f29dc5550001f8a514,D,A,C,B,B,D,C,A,A,C,DACBBDCAAC,0.4,0.0,0.0,noisy,random,negative,Fail,black,20.0,4.0,5.0,Fail Box,D,B,A,C,B,D,A,B,C,D,DBACBDABCD,1.0,Non-STEM Track,0.0,0.0,R,R,R,R,C,C,C,C,C,C,C,RRRRCCCCCCC,0,0,1,0,0,0,0,0,0,I do not enjoy answering math questions.,"it was good, no feedback.",Non-STEM Track,421.0,5261,White,Undergraduate degree (BA/BSc/other),39,Male,White,United States,United States,United States,English,No,DATA_EXPIRED,0
189,667ff6d2bd193b9a57cbb7cc,C,A,C,C,B,C,C,A,C,B,CACCBCCACB,0.5,0.0,0.0,noisy,random,ground,Pass,red,20.0,2.0,5.0,Fail Box,D,B,A,C,B,D,A,B,C,D,DBACBDABCD,1.0,Non-STEM Track,0.0,0.0,R,R,R,R,R,C,C,C,C,C,C,RRRRRCCCCCC,0,0,1,0,0,0,0,0,0,Because I suck at math. ,the math was ridiculous,Non-STEM Track,593.0,236,Black/African American,Technical/community college,48,Male,Black,United States,United States,United States,English,No,Full-Time,0
190,616d6463aa6ae2ee832b3804,C,C,B,A,D,C,C,A,D,C,CCBADCCADC,0.0,0.0,0.0,noisy,random,ground,Fail,black,40.0,2.0,2.0,Fail Box,B,C,C,C,C,D,C,C,C,C,BCCCCDCCCC,0.5,STEM Track,0.0,0.0,R,R,R,R,C,C,C,C,C,C,C,RRRRCCCCCCC,0,1,1,0,0,0,0,0,0,could get a bonus IF I got 2 questions rigt,it all worked,STEM Track,947.0,3462,White,Undergraduate degree (BA/BSc/other),35,Male,White,United States,United States,United States,English,No,Other,1
192,60c154002491061548587ff5,D,A,B,C,D,C,A,A,C,B,DABCDCAACB,0.3,0.0,0.0,noisy,random,positive,Fail,red,95.0,7.0,9.0,Pass Box,B,A,C,B,B,D,C,A,C,B,BACBBDCACB,0.6,STEM Track,0.0,0.0,R,R,R,R,R,C,C,C,C,C,C,RRRRRCCCCCC,0,0,1,0,0,0,0,0,0,I like a challenge,A little tedious ,STEM Track,846.0,328,Latino/Hispanic,Graduate degree (MA/MSc/MPhil/other),38,Male,Mixed,United States,United States,United States,English,No,Full-Time,1
193,5783e984160201000103ece2,B,A,C,B,D,A,B,B,D,B,BACBDABBDB,0.4,0.0,0.0,noisy,random,ground,Pass,red,55.0,3.0,3.0,Pass Box,B,D,C,C,A,D,C,B,B,C,BDCCADCBBC,0.7,STEM Track,0.0,0.0,R,R,R,R,R,C,C,C,C,C,C,RRRRRCCCCCC,0,0,1,0,0,0,0,0,0,I thought I had reasonably good chance of getting at least 3 right.,I suck at math!,STEM Track,842.0,1102,Other (please feel free to let us know your ethnicity via email),Undergraduate degree (BA/BSc/other),44,Male,White,United States,United States,United States,English,DATA_EXPIRED,DATA_EXPIRED,1
194,66735e86343dec85410151d0,C,A,A,B,B,C,A,C,B,B,CAABBCACBB,0.5,0.0,0.0,noisy,random,ground,Pass,red,50.0,6.0,4.0,Fail Box,D,B,A,C,B,D,A,B,C,D,DBACBDABCD,1.0,Non-STEM Track,0.0,0.0,R,R,R,C,C,C,C,C,C,C,C,RRRCCCCCCCC,0,0,1,0,0,0,0,0,0,Because I felt like I had a better chance and whatever the second portion of the test was,I enjoyed the test,Non-STEM Track,503.0,88,White,Undergraduate degree (BA/BSc/other),40,Male,White,United States,United States,United States,English,Yes,Part-Time,0
195,636ac3f10d9f3b6a0eb54eeb,A,B,C,C,A,B,C,A,B,B,ABCCABCABB,0.4,0.0,0.0,noisy,random,positive,Fail,red,70.0,7.0,5.0,Fail Box,B,C,D,A,C,D,B,C,B,A,BCDACDBCBA,0.4,STEM Track,0.0,0.0,C,C,C,C,C,C,C,C,C,C,C,CCCCCCCCCCC,0,0,1,0,0,0,0,0,0,"Choosing the STEM track is often motivated by a passion for science, technology, engineering, and mathematics, and a desire to solve real-world problems.",no,STEM Track,1443.0,1463,White,Graduate degree (MA/MSc/MPhil/other),69,Male,White,United States,United States,United States,English,No,Part-Time,1
196,5b79bd77c4e6ad0001d2f312,C,C,B,B,C,B,A,C,B,C,CCBBCBACBC,0.3,0.0,0.0,noisy,random,positive,Pass,black,2.0,1.0,1.0,Pass Box,B,A,C,B,D,D,C,B,B,B,BACBDDCBBB,0.6,STEM Track,0.0,0.0,R,R,R,R,R,C,C,C,C,C,C,RRRRRCCCCCC,0,0,1,0,0,0,0,0,0,for the bonus,it was fun,STEM Track,318.0,2509,White Sephardic Jew,Doctorate degree (PhD/other),77,Male,White,United States,United States,United States,English,No,"Not in paid work (e.g. homemaker', 'retired or disabled)",1
197,609a5974625e18ab158c9a3e,D,A,C,C,B,B,B,D,C,B,DACCBBBDCB,0.6,0.0,0.0,noisy,random,ground,Pass,red,50.0,5.0,5.0,Pass Box,D,B,A,C,B,D,A,B,C,D,DBACBDABCD,1.0,Non-STEM Track,0.0,0.0,R,R,R,R,R,R,C,C,C,C,C,RRRRRRCCCCC,0,0,1,0,0,0,0,0,0,It seemed easier.,,Non-STEM Track,711.0,8160,White,Undergraduate degree (BA/BSc/other),63,Male,White,United States,United States,United States,English,No,Full-Time,0
199,66ae7826a1df4204b1b27aab,B,A,C,C,C,B,C,C,A,A,BACCCBCCAA,0.4,1.0,1.115,noisy,random,positive,Fail,red,10.0,1.0,5.0,Fail Box,D,B,A,C,B,D,A,B,C,D,DBACBDABCD,1.0,Non-STEM Track,0.0,0.0,R,R,R,R,R,C,C,R,C,C,C,RRRRRCCRCCC,1,0,0,0,0,0,0,1,0,I was never good at STEM subjects. The questio s in the first part were like another language. ,It was great. Easy to understand questions. ,Non-STEM Track,466.0,98,White,High school diploma/A-levels,38,Male,White,United States,United States,United States,English,No,Full-Time,0
200,5fd85ea88b7f1919bf0e5546,A,C,D,B,B,C,D,C,,,ACDBBCDC__,0.5,1.0,2.283,noisy,random,negative,Pass,red,60.0,6.0,5.0,Pass Box,D,B,A,C,B,D,A,B,C,B,DBACBDABCB,0.9,Non-STEM Track,1.0,2.506,R,R,R,R,C,C,C,C,C,C,C,RRRRCCCCCCC,0,0,1,0,0,0,0,0,0,"I was not trying to do another math test at this moment in time, I did not expect this survey to be like this.",The experience was fine.,Non-STEM Track,758.0,742,White,Technical/community college,25,Male,White,United States,United States,United States,English,Yes,Part-Time,0
202,60fe07f8bf59907b6249b488,D,C,B,C,A,B,B,D,B,B,DCBCABBDBB,0.2,0.0,0.0,noisy,random,ground,Fail,black,30.0,2.0,3.0,Fail Box,D,B,A,C,B,D,A,B,C,D,DBACBDABCD,1.0,Non-STEM Track,0.0,0.0,R,R,C,C,C,C,C,C,C,C,C,RRCCCCCCCCC,0,0,1,0,0,0,0,0,0,I don't like math,It was fine,Non-STEM Track,342.0,327,Black/African American,Doctorate degree (PhD/other),29,Male,Black,United States,United States,United States,English,No,Other,0
203,6644b6b44b6e997b3b2f3e6a,,,,,,,,,,,__________,0.0,0.0,0.0,noisy,random,negative,Fail,red,50.0,5.0,5.0,Pass Box,D,B,A,C,B,D,A,B,C,D,DBACBDABCD,1.0,Non-STEM Track,0.0,0.0,R,R,R,R,R,C,C,C,C,C,C,RRRRRCCCCCC,0,0,1,0,0,0,0,0,0,no specific reason,youu need to have an option to be able to look away from the study page. not for cheating but i had to make sure i had enough time to finish the study on prolifics end with out being timed out,Non-STEM Track,2349.0,478,Black/African American,High school diploma/A-levels,38,Male,Black,United States,United States,United States,English,No,Full-Time,0
204,662c271f0e6fc408b5b8c07c,D,D,A,C,D,B,C,C,C,C,DDACDBCCCC,0.3,0.0,0.0,noisy,random,positive,Pass,black,50.0,2.0,2.0,Pass Box,D,B,A,C,B,D,A,B,C,D,DBACBDABCD,1.0,Non-STEM Track,0.0,0.0,R,R,R,C,C,C,C,C,C,C,C,RRRCCCCCCCC,0,0,1,0,0,0,0,0,0,i thought it would be more complicated math/pre calculous or geometry questions,I'd like to know what I got right. I do like math but those seemed more complicated than usual. I'm even wondering if there was really a correct answer provided in the multiple choice.,Non-STEM Track,628.0,256,White,High school diploma/A-levels,43,Male,White,United States,United States,United States,English,No,Part-Time,0
205,5f547ac6c2e4fb7f2ae0e6fc,A,D,B,C,C,C,B,C,D,B,ADBCCCBCDB,0.3,1.0,1.479,noisy,random,negative,Pass,red,20.0,2.0,2.0,Pass Box,D,B,A,C,B,D,A,B,C,D,DBACBDABCD,1.0,Non-STEM Track,0.0,0.0,R,R,R,R,C,C,C,C,C,C,C,RRRRCCCCCCC,0,0,1,0,0,0,0,0,0,It was better,,Non-STEM Track,713.0,1266,Latino/Hispanic,Technical/community college,23,Male,White,United States,United States,United States,Spanish,Yes,Full-Time,0
206,66c4d4954d4f9967f543cd97,B,A,D,B,D,C,C,A,B,D,BADBDCCABD,0.2,3.0,7.89,noisy,random,ground,Fail,black,50.0,5.0,7.0,Fail Box,A,B,C,C,A,A,B,D,A,A,ABCCAABDAA,0.2,STEM Track,1.0,12.177,R,C,R,R,R,C,R,C,C,C,C,RCRRRCRCCCC,0,0,1,1,1,0,0,0,0,it emphasizes critical thinking,no ,STEM Track,717.0,41,Black/African American,High school diploma/A-levels,29,Male,Black,United States,United States,United States,English,No,Unemployed (and job seeking),1
207,60de61dea4354d456dd1039d,C,C,C,C,C,C,C,C,C,C,CCCCCCCCCC,0.3,0.0,0.0,noisy,random,ground,Pass,red,0.0,2.0,2.0,Pass Box,D,B,A,C,B,D,A,B,C,D,DBACBDABCD,1.0,Non-STEM Track,0.0,0.0,R,R,C,C,C,C,C,C,C,C,C,RRCCCCCCCCC,0,0,1,0,0,0,0,0,0,I have completely forgotten how to work algebra other than very basic,Great,Non-STEM Track,586.0,1258,Mixed,Technical/community college,53,Male,Mixed,United States,United States,United States,English,No,Full-Time,0
208,5f73f37ed13ce303cc14ae35,A,A,C,B,A,D,C,C,B,D,AACBADCCBD,0.5,0.0,0.0,noisy,random,positive,Pass,red,56.0,3.0,5.0,Fail Box,D,B,A,C,B,D,A,B,C,D,DBACBDABCD,1.0,Non-STEM Track,0.0,0.0,R,R,R,R,R,R,C,C,C,C,C,RRRRRRCCCCC,0,0,1,0,0,0,0,0,0,I chose the Non-STEM track because I am not good at STEM subjects.,The process was challenging but not too difficult.,Non-STEM Track,352.0,4148,East Asian,Undergraduate degree (BA/BSc/other),32,Male,Asian,United States,United States,United States,English,No,Full-Time,0
209,6672d7c8f27a75aa9998abab,B,C,B,B,D,A,C,B,D,A,BCBBDACBDA,0.1,0.0,0.0,noisy,random,positive,Fail,red,25.0,3.0,5.0,Fail Box,D,B,A,C,B,D,A,B,C,D,DBACBDABCD,1.0,Non-STEM Track,0.0,0.0,R,R,C,C,C,C,C,C,C,C,C,RRCCCCCCCCC,0,1,1,0,1,0,0,0,0,Easier qeustions,Good experience ,Non-STEM Track,435.0,269,White,High school diploma/A-levels,23,Male,White,United States,United States,United States,English,No,Full-Time,0
210,662190146ef67bab626e48cb,B,A,B,C,D,A,B,C,D,A,BABCDABCDA,0.2,0.0,0.0,noisy,random,negative,Fail,red,10.0,1.0,4.0,Pass Box,D,B,A,C,B,D,A,B,C,D,DBACBDABCD,1.0,Non-STEM Track,0.0,0.0,R,R,R,R,R,C,C,C,C,C,C,RRRRRCCCCCC,0,0,1,0,0,0,0,0,0,Im better at it.,all good,Non-STEM Track,423.0,953,White,High school diploma/A-levels,44,Male,White,United States,United States,United States,English,No,Part-Time,0
211,66e738df937b233c0ad3427e,D,A,D,,,,,,,,DAD_______,0.1,0.0,0.0,noisy,random,ground,Fail,black,50.0,1.0,2.0,Fail Box,D,B,A,C,B,D,A,B,C,D,DBACBDABCD,1.0,Non-STEM Track,0.0,0.0,R,C,C,C,C,C,C,C,C,C,C,RCCCCCCCCCC,0,0,1,0,0,0,0,0,0,The STEM questions were very difficult for me.,Very difficult!,Non-STEM Track,773.0,42,East Asian,Graduate degree (MA/MSc/MPhil/other),43,Male,Mixed,United States,United States,United States,English,No,Unemployed (and job seeking),0
212,66e998697bd6ac455eef101b,A,C,C,A,D,B,A,D,D,B,ACCADBADDB,0.4,0.0,0.0,noisy,random,ground,Fail,black,25.0,4.0,5.0,Fail Box,C,B,B,A,D,A,C,C,B,A,CBBADACCBA,0.3,STEM Track,0.0,0.0,R,R,R,R,R,C,C,C,C,C,C,RRRRRCCCCCC,0,0,1,0,0,0,0,0,0,opportunity for more money,it was fun,STEM Track,359.0,54,White,High school diploma/A-levels,29,Male,White,United States,United States,United States,English,No,Full-Time,1
213,660fe8b910d0f16114179923,B,C,C,B,B,D,B,B,D,B,BCCBBDBBDB,0.4,0.0,0.0,noisy,random,negative,Pass,red,0.0,3.0,3.0,Pass Box,D,B,A,C,B,D,A,B,C,D,DBACBDABCD,1.0,Non-STEM Track,0.0,0.0,R,R,R,R,R,C,C,C,C,C,C,RRRRRCCCCCC,0,0,1,0,0,0,0,0,0,Better fit for my skill set,,Non-STEM Track,359.0,571,White,Technical/community college,62,Male,White,United States,United States,United States,English,No,Full-Time,0
214,66b61425c6abfeabcdc8c958,D,A,C,C,D,A,A,A,B,B,DACCDAAABB,0.3,0.0,0.0,noisy,random,ground,Fail,black,75.0,6.0,4.0,Fail Box,B,B,B,A,A,D,C,A,A,D,BBBAADCAAD,0.6,STEM Track,0.0,0.0,R,R,R,R,R,C,C,C,C,C,C,RRRRRCCCCCC,0,0,1,0,0,0,0,0,0,"i like math, but it has been a long time since i did math like this",it was difficult!,STEM Track,2121.0,157,White,Graduate degree (MA/MSc/MPhil/other),36,Male,White,United States,United States,United States,English,No,"Not in paid work (e.g. homemaker', 'retired or disabled)",1
216,5e8b9c7054a5cc07dd6e174d,D,A,C,A,C,D,A,D,A,C,DACACDADAC,0.2,0.0,0.0,noisy,random,ground,Fail,black,50.0,3.0,5.0,Fail Box,D,B,A,C,B,D,A,B,C,D,DBACBDABCD,1.0,Non-STEM Track,0.0,0.0,R,R,R,R,C,C,C,C,C,C,C,RRRRCCCCCCC,0,0,1,0,0,0,0,0,0,I really did not enjoy the math questions.  They were irritating.,"I felt like I was in school again, and school is for kids.  Real learning doesn't actually happen until you're an adult in the real world.",Non-STEM Track,513.0,2495,White,Technical/community college,51,Male,White,United States,United States,United States,English,DATA_EXPIRED,DATA_EXPIRED,0
217,66798db816f49af0a6c7f6e2,A,A,C,B,C,B,D,C,C,B,AACBCBDCCB,0.9,0.0,0.0,noisy,random,ground,Pass,red,100.0,9.0,9.0,Pass Box,B,B,C,A,A,D,C,A,,,BBCAADCA__,0.7,STEM Track,0.0,0.0,R,R,R,R,R,C,C,C,C,C,C,RRRRRCCCCCC,0,0,1,0,0,0,0,0,0,I thought I would have more STEM knowledge.,The experiment went smoothly.,STEM Track,1345.0,392,East Asian,Doctorate degree (PhD/other),25,Male,Asian,United States,United States,United States,English,No,Full-Time,1
218,5f1b84872171f838a8a3cfa9,C,C,B,C,C,B,B,B,A,D,CCBCCBBBAD,0.1,0.0,0.0,noisy,random,ground,Fail,black,50.0,4.0,4.0,Fail Box,D,B,A,C,B,D,A,B,C,D,DBACBDABCD,1.0,Non-STEM Track,0.0,0.0,R,R,R,R,R,C,C,C,C,C,C,RRRRRCCCCCC,0,0,0,1,0,0,0,0,0,,,Non-STEM Track,1041.0,1400,White,Undergraduate degree (BA/BSc/other),43,Male,White,United States,United States,United States,English,No,DATA_EXPIRED,0
219,61506367db75b2669d9d2d72,A,A,D,B,C,B,B,B,A,C,AADBCBBBAC,0.4,0.0,0.0,noisy,random,positive,Pass,black,30.0,3.0,3.0,Pass Box,B,B,C,B,B,B,B,B,A,A,BBCBBBBBAA,0.2,STEM Track,0.0,0.0,R,R,R,R,R,R,R,C,C,C,C,RRRRRRRCCCC,0,0,1,0,0,0,0,0,0,Because I wanted to see how challenging the questions were,I am a bit rusty on these old math problems! Interesting survey and best of luck with your research,STEM Track,832.0,1569,White,Undergraduate degree (BA/BSc/other),44,Male,White,United States,United States,United States,English,No,Full-Time,1
220,646d98275114aaaa1c776bae,B,A,A,B,A,B,A,B,C,D,BAABABABCD,0.4,0.0,0.0,noisy,random,ground,Pass,red,40.0,4.0,4.0,Pass Box,,,,,,,,,,,__________,0.0,STEM Track,0.0,0.0,R,C,C,C,C,C,C,C,C,C,C,RCCCCCCCCCC,1,0,1,0,1,0,0,0,0,I like math,,STEM Track,1473.0,736,Black/African American,Undergraduate degree (BA/BSc/other),58,Male,White,United States,United States,United States,English,Yes,DATA_EXPIRED,1
221,5ce753de5434fd001b47e9fc,C,A,A,D,A,D,C,C,B,C,CAADADCCBC,0.2,0.0,0.0,noisy,random,ground,Fail,black,50.0,2.0,3.0,Fail Box,D,B,A,C,B,D,A,B,C,C,DBACBDABCC,0.9,Non-STEM Track,0.0,0.0,R,R,R,R,R,R,C,C,C,C,C,RRRRRRCCCCC,0,1,0,0,0,0,0,0,0,I did not know the formulas needed in the STEM track.,,Non-STEM Track,1087.0,706,Black/African American,High school diploma/A-levels,28,Male,Black,United States,United States,United States,English,No,Part-Time,0
223,5e6482c9142c3c204d56baa0,B,C,B,A,B,B,D,C,B,B,BCBABBDCBB,0.5,0.0,0.0,noisy,random,positive,Pass,black,25.0,7.0,4.0,Pass Box,D,B,A,C,B,D,A,B,C,D,DBACBDABCD,1.0,Non-STEM Track,0.0,0.0,R,R,R,R,R,C,C,C,C,C,C,RRRRRCCCCCC,0,0,1,0,0,0,0,0,0,Im not good at math,Good,Non-STEM Track,530.0,3234,Mixed,Technical/community college,36,Male,Mixed,United States,United States,United States,English,No,Unemployed (and job seeking),0
224,663154d3db316e62c35e16ae,B,D,C,A,B,B,C,C,B,B,BDCABBCCBB,0.5,0.0,0.0,noisy,random,negative,Pass,red,1.0,1.0,1.0,Fail Box,A,B,B,B,C,A,B,C,B,D,ABBBCABCBD,0.1,STEM Track,0.0,0.0,C,C,R,R,R,R,R,R,R,R,R,CCRRRRRRRRR,0,0,1,0,0,0,0,0,0,Because That made the most sense,Weird test kind of...not sure of a few things,STEM Track,509.0,156,Black/African American,High school diploma/A-levels,38,Male,Black,United States,United States,United States,English,No,Full-Time,1
225,5c4d5328889752000156a11d,D,A,A,B,,,B,A,C,D,DAAB__BACD,0.3,0.0,0.0,noisy,random,negative,Pass,red,22.0,2.0,2.0,Pass Box,D,B,A,C,B,D,A,B,C,D,DBACBDABCD,1.0,Non-STEM Track,0.0,0.0,R,R,C,C,C,C,C,C,C,C,C,RRCCCCCCCCC,1,0,1,0,0,0,0,0,0,"I am bad at math to begin with, and I am quite tired today as well, so I was unlikely to be reliable in a math context. Even though, if I recall, the bar was set low for the STEM track, the stress level associated with taking that option would have been high, as it had been to some extent the first time. I wanted to get some exposure to challenges at which I thought likely I would have a better chance of doing better and of finding the material more approachable and maybe more interesting. ",I think things were mostly pretty straightforward. I liked that there were multiple pauses between sections and ongoing instructions. ,Non-STEM Track,1243.0,4899,White,Undergraduate degree (BA/BSc/other),52,Male,White,United States,United States,United States,English,DATA_EXPIRED,DATA_EXPIRED,0
226,5f5ab115b8e6411bcb5dadf1,D,A,D,C,B,,,,,C,DADCB____C,0.2,0.0,0.0,noisy,random,negative,Fail,black,30.0,3.0,4.0,Fail Box,D,B,A,C,B,D,A,B,C,D,DBACBDABCD,1.0,Non-STEM Track,0.0,0.0,R,R,R,R,R,C,C,C,C,C,C,RRRRRCCCCCC,0,0,1,0,0,0,0,0,0,"Because I'm not good at STEM, particularly math","Everything was good, thanks!",Non-STEM Track,2362.0,3543,Black/African American,Undergraduate degree (BA/BSc/other),25,Male,Black,United States,United States,United States,English,No,Full-Time,0
227,5fc531028afba30009cb3234,D,A,C,C,,,,A,,,DACC___A__,0.2,1.0,3.448,noisy,random,ground,Fail,black,70.0,3.0,6.0,Fail Box,D,B,A,C,B,D,A,B,C,D,DBACBDABCD,1.0,Non-STEM Track,0.0,0.0,R,R,R,R,R,C,C,C,C,C,C,RRRRRCCCCCC,0,0,1,0,0,0,0,0,0,"STEM subjects, Math in particular is my weak point.","Challenging, at least the math quiz section. No, the study was well written clearly and instructions easy to understand.",Non-STEM Track,960.0,201,White,Technical/community college,30,Male,White,United States,United States,United States,English,No,Other,0
229,628ecc32276d54517f4c004d,B,C,A,C,B,B,C,A,C,A,BCACBBCACA,0.3,0.0,0.0,noisy,random,positive,Pass,black,50.0,2.0,3.0,Not Sure,D,B,A,C,B,D,A,B,C,D,DBACBDABCD,1.0,Non-STEM Track,0.0,0.0,R,R,R,R,R,R,C,C,C,C,C,RRRRRRCCCCC,0,0,1,0,0,0,0,0,0,"Because I'm atrocious at math, especially after graduating a decade ago. ",Have a nice day.,Non-STEM Track,778.0,1366,Black/African American,Technical/community college,27,Male,Black,United States,United States,United States,English,Yes,Full-Time,0
231,66059fef7d2576212925f9f9,D,A,B,B,B,B,D,C,B,C,DABBBBDCBC,0.6,0.0,0.0,noisy,random,positive,Pass,red,80.0,5.0,5.0,Pass Box,B,D,C,B,A,D,C,A,B,C,BDCBADCABC,0.8,STEM Track,0.0,0.0,R,R,R,R,R,C,C,C,C,C,C,RRRRRCCCCCC,0,0,1,0,0,0,0,0,0,I like it,I liked it. ,STEM Track,2499.0,501,White,Undergraduate degree (BA/BSc/other),37,Male,White,United States,United States,United States,English,No,Full-Time,1
232,5ffe235ea848b74a3b3ccd07,D,C,D,D,D,C,D,B,A,C,DCDDDCDBAC,0.1,0.0,0.0,noisy,random,negative,Fail,black,10.0,2.0,2.0,Fail Box,D,B,A,C,B,D,A,B,C,D,DBACBDABCD,1.0,Non-STEM Track,0.0,0.0,R,R,R,C,C,C,C,C,C,C,C,RRRCCCCCCCC,0,0,1,0,0,0,0,0,0,Because the questions on the first test were ridiculous given I haven't used the type of math required for them in over a decade. And that's coming from someone who works in STEM. Very few fields use that type of algebra on a day to day basis.,Giving people a big algebra-style test without telling them to get pen and paper out or a basic calculator to begin with is pretty poor survey design if you actually want to them to answer the questions properly. I'm 40 and they allowed graphing calculators at the bare minimum since middle school for me.,Non-STEM Track,1344.0,5870,White,Undergraduate degree (BA/BSc/other),40,Male,White,United States,United States,United States,English,No,DATA_EXPIRED,0
234,6544ff9e0fb2eaaf83e2de5c,D,B,C,C,A,B,D,C,A,A,DBCCABDCAA,0.4,1.0,2.895,noisy,random,negative,Pass,red,5.0,1.0,3.0,Fail Box,D,B,A,C,B,D,A,B,C,D,DBACBDABCD,1.0,Non-STEM Track,0.0,0.0,R,R,R,C,C,C,C,C,C,C,C,RRRCCCCCCCC,0,1,0,0,0,0,1,0,0,I thought it may be less challenging.,It was interesting!,Non-STEM Track,609.0,1709,White,Undergraduate degree (BA/BSc/other),62,Female,White,United States,United States,United States,English,No,Other,0
0,66a403d685b8011f29d8cace,B,B,B,D,A,C,B,B,B,A,BBBDACBBBA,0.0,0.0,0.0,noisy,random,positive,Fail,red,50.0,5.0,5.0,Pass Box,D,B,A,C,B,D,A,B,C,D,DBACBDABCD,1.0,Non-STEM Track,0.0,0.0,R,R,C,C,C,C,C,C,C,C,C,RRCCCCCCCCC,0,0,1,0,0,0,0,0,0,Been awhile since school,Interesting set of questions,Non-STEM Track,417.0,6,Mixed,Technical/community college,43,Female,Other,United States,United States,United States,English,No,Full-Time,0
1,5924f4910a3e3e0001f1018e,D,A,B,B,B,A,A,C,B,D,DABBBAACBD,0.4,0.0,0.0,noisy,random,negative,Pass,red,10.0,1.0,2.0,Pass Box,D,B,A,C,B,D,A,B,C,D,DBACBDABCD,1.0,Non-STEM Track,0.0,0.0,R,R,R,R,R,C,C,C,C,C,C,RRRRRCCCCCC,0,0,1,0,0,0,0,0,0,I am not good at math. ,My experience was fine throughout this process.,Non-STEM Track,549.0,3484,South Asian,Undergraduate degree (BA/BSc/other),47,Male,Asian,United States,United States,United States,English,No,Part-Time,0
2,66f4741301fe3b3ef8362ab8,A,C,B,C,B,D,B,C,C,B,ACBCBDBCCB,0.5,0.0,0.0,noisy,random,ground,Pass,red,20.0,1.0,3.0,Pass Box,D,B,A,C,B,D,A,B,C,C,DBACBDABCC,0.9,Non-STEM Track,0.0,0.0,R,R,R,R,R,C,C,C,C,C,C,RRRRRCCCCCC,0,0,1,0,1,0,0,0,0,I am more interested in the liberal arts,Good.,Non-STEM Track,643.0,8,Rather not say,High school diploma/A-levels,22,Male,White,United States,United States,United States,English,No,DATA_EXPIRED,0
3,66bcc693015b9f04ddf0d858,D,B,B,C,A,A,A,A,B,C,DBBCAAAABC,0.0,0.0,0.0,noisy,random,negative,Fail,black,5.0,0.0,1.0,Fail Box,A,D,B,C,A,D,D,C,C,C,ADBCADDCCC,0.3,STEM Track,0.0,0.0,R,R,R,R,C,C,C,C,C,C,C,RRRRCCCCCCC,0,0,1,0,0,0,0,0,0,Random,Difficult ,STEM Track,959.0,99,Mixed,High school diploma/A-levels,35,Female,Other,United States,United States,United States,English,No,Full-Time,1
4,5b1200ffd282ff00015c0154,D,A,A,B,D,B,A,A,B,A,DAABDBAABA,0.3,0.0,0.0,noisy,random,negative,Pass,red,10.0,1.0,2.0,Not Sure,D,B,A,C,B,D,A,B,C,D,DBACBDABCD,1.0,Non-STEM Track,0.0,0.0,R,R,R,C,C,C,C,C,C,C,C,RRRCCCCCCCC,0,1,1,0,0,0,0,0,0,I stink at math and am good at English,"It made me feel dumb, but that's okay.",Non-STEM Track,466.0,2215,East Asian,High school diploma/A-levels,37,Male,Asian,United States,United States,United States,English,No,Full-Time,0
5,66439aa2599ba2e93a6060be,A,C,B,B,D,B,D,C,A,D,ACBBDBDCAD,0.5,0.0,0.0,noisy,random,negative,Fail,black,75.0,7.0,6.0,Fail Box,D,A,A,C,B,D,A,B,C,D,DAACBDABCD,0.9,Non-STEM Track,0.0,0.0,C,R,R,R,R,R,R,C,C,C,C,CRRRRRRCCCC,1,1,1,0,0,0,0,0,1,"Because it's more guaranteed money due to how STEM can encompass a grand net that, regardless of what I studied, would include things that I could possibly not be prepared for.","It felt simple enough, no real feedback here",Non-STEM Track,766.0,190,Latino/Hispanic,Undergraduate degree (BA/BSc/other),24,Male,Other,United States,United States,United States,English,No,Unemployed (and job seeking),0
6,66a965386e7c4019aa30a91c,D,C,A,D,C,A,C,A,C,C,DCADCACACC,0.1,0.0,0.0,noisy,random,negative,Fail,red,50.0,6.0,3.0,Fail Box,C,A,C,C,A,A,D,B,B,C,CACCAADBBC,0.5,STEM Track,0.0,0.0,R,R,R,R,R,C,C,C,C,C,C,RRRRRCCCCCC,0,0,1,0,0,0,0,0,0,I like a challenge ,It was different from other studies I enjoyed it,STEM Track,667.0,21,White,High school diploma/A-levels,40,Female,White,United States,United States,United States,English,No,Part-Time,1
7,66b5830fb162e9d0650ff37d,D,A,B,B,B,B,C,A,A,C,DABBBBCAAC,0.4,0.0,0.0,noisy,random,ground,Pass,red,30.0,2.0,2.0,Pass Box,D,B,A,C,B,D,A,B,C,D,DBACBDABCD,1.0,Non-STEM Track,0.0,0.0,R,R,R,R,R,R,C,C,C,C,C,RRRRRRCCCCC,0,0,1,0,0,0,0,0,0,"I wasn't a STEM student and never excelled at math, so I doubt I would've performed adequately. ",,Non-STEM Track,936.0,25,Middle Eastern,Undergraduate degree (BA/BSc/other),27,Male,White,United States,United States,United States,English,No,DATA_EXPIRED,0
8,656363e1970350a7d45fbb75,D,A,C,C,D,B,A,A,A,A,DACCDBAAAA,0.3,0.0,0.0,noisy,random,positive,Fail,red,0.0,4.0,5.0,Not Sure,D,B,A,C,B,D,A,B,C,D,DBACBDABCD,1.0,Non-STEM Track,0.0,0.0,R,R,C,C,C,C,C,C,C,C,C,RRCCCCCCCCC,0,1,1,0,0,0,0,0,0,"I didn't know how to answer the first group of questions, so I figured anything else would be better.","The STEM questions were tough for me, but it was fun to try!",Non-STEM Track,1159.0,142,Mixed,Graduate degree (MA/MSc/MPhil/other),34,Female,White,United States,United States,United States,English,No,DATA_EXPIRED,0
9,64332b93d1cde024292baf53,B,C,C,D,C,A,D,C,A,C,BCCDCADCAC,0.3,0.0,0.0,noisy,random,ground,Pass,red,10.0,0.0,2.0,Fail Box,A,A,A,C,B,D,A,B,C,D,AAACBDABCD,0.8,Non-STEM Track,0.0,0.0,R,R,R,R,C,C,C,C,C,C,C,RRRRCCCCCCC,0,0,1,0,0,0,0,0,0,I'm not sure.  ,YIKES!  I was so confused.  I've never done math like that. ,Non-STEM Track,917.0,1013,White,High school diploma/A-levels,51,Female,White,United States,United States,United States,English,No,Full-Time,0
10,5edf975930f30b270a6d90c7,A,A,A,A,A,A,A,A,A,A,AAAAAAAAAA,0.2,0.0,0.0,noisy,random,ground,Fail,black,25.0,2.0,3.0,Fail Box,D,B,A,C,B,D,A,B,C,C,DBACBDABCC,0.9,Non-STEM Track,0.0,0.0,R,R,R,R,C,C,C,C,C,C,C,RRRRCCCCCCC,0,0,1,0,0,0,0,0,0,I suck at math,Made me remember how much I hate math. ,Non-STEM Track,323.0,3,White,Undergraduate degree (BA/BSc/other),27,Male,White,United States,United States,United States,English,No,Part-Time,0
11,667ac00c047d4032dcc8c0bf,C,B,B,C,B,A,C,B,C,B,CBBCBACBCB,0.3,0.0,0.0,noisy,random,positive,Pass,red,10.0,2.0,3.0,Pass Box,C,B,A,B,C,D,A,C,B,A,CBABCDACBA,0.4,Non-STEM Track,0.0,0.0,R,C,C,C,C,C,C,C,C,C,C,RCCCCCCCCCC,0,0,1,0,0,0,0,0,0,To avoid take more quiz and get it wrong. , math classes somewhat helped me but i can't barely remember most of them,Non-STEM Track,689.0,76,East Asian,Undergraduate degree (BA/BSc/other),33,Female,Asian,China,United States,United States,Chinese,No,Full-Time,0
12,66639c6e0338018d61a0f486,A,A,A,B,D,B,D,C,A,B,AAABDBDCAB,0.7,0.0,0.0,noisy,random,ground,Pass,red,68.0,8.0,7.0,Pass Box,D,B,A,C,B,D,A,B,C,D,DBACBDABCD,1.0,Non-STEM Track,0.0,0.0,R,R,R,R,C,C,C,C,C,C,C,RRRRCCCCCCC,0,1,1,0,0,0,0,0,0,I am more confident in my non-STEM abilities ,I would have preferred to have more time for the math questions.,Non-STEM Track,962.0,253,Middle Eastern,Undergraduate degree (BA/BSc/other),23,Female,Mixed,United States,United States,United States,English,No,Unemployed (and job seeking),0
13,66afc0d5fc45830162eb750e,B,A,B,B,C,,,,,,BABBC_____,0.2,0.0,0.0,noisy,random,ground,Fail,black,50.0,2.0,10.0,Fail Box,B,D,D,,,,,,,,BDD_______,0.1,STEM Track,0.0,0.0,R,C,C,C,C,C,C,C,C,C,C,RCCCCCCCCCC,0,0,1,0,0,0,0,0,0,I love math.,"Good experience, no problems.",STEM Track,1958.0,127,Black/African American,Undergraduate degree (BA/BSc/other),53,Female,Black,United States,United States,United States,English,No,Full-Time,1
14,59e8b9e96100f9000194a7fb,D,B,A,C,A,B,C,B,C,D,DBACABCBCD,0.2,0.0,0.0,noisy,random,negative,Pass,red,10.0,1.0,1.0,Pass Box,D,B,A,C,B,D,A,B,C,D,DBACBDABCD,1.0,Non-STEM Track,0.0,0.0,R,R,R,R,R,C,C,C,C,C,C,RRRRRCCCCCC,0,0,1,0,0,0,0,0,0,Math is not my strong suit,It was interesting ,Non-STEM Track,776.0,4,Mixed,Secondary education (e.g. GED/GCSE),33,Female,Mixed,United States,United States,United States,English,No,Unemployed (and job seeking),0
15,5e862ffe5c1f8424c8d03c25,A,A,C,B,B,B,D,C,D,B,AACBBBDCDB,0.9,0.0,0.0,noisy,random,ground,Pass,red,70.0,5.0,5.0,Pass Box,B,D,C,A,A,D,C,A,B,C,BDCAADCABC,0.9,STEM Track,0.0,0.0,R,R,R,R,R,C,R,C,C,C,C,RRRRRCRCCCC,0,0,1,1,1,1,0,0,0,"I wanted to see how far my knowledge extends, given my age and being out of practice.",,STEM Track,1171.0,75,Mixed,Technical/community college,32,Female,Mixed,United States,United States,United States,English,No,Unemployed (and job seeking),1
16,60de6e510a35511890793ba4,A,A,D,B,B,B,D,C,C,B,AADBBBDCCB,0.9,0.0,0.0,noisy,random,positive,Pass,red,95.0,9.0,8.0,Pass Box,B,B,C,A,A,D,C,,C,C,BBCAADC_CC,0.7,STEM Track,0.0,0.0,R,R,R,R,R,R,R,R,C,C,C,RRRRRRRRCCC,0,0,1,0,0,0,0,0,0,"I like STEM and having to solve problems, especially math related.",It was really fun and would love to do more studies like this!!!!!,STEM Track,1140.0,393,Middle Eastern,Undergraduate degree (BA/BSc/other),24,Male,Other,United States,United States,United States,Arabic,No,Full-Time,1
17,5b2a37ee5b5c0900018b0ca5,D,C,B,B,A,A,B,A,B,A,DCBBAABABA,0.1,0.0,0.0,noisy,random,positive,Pass,black,10.0,1.0,0.0,Pass Box,D,B,A,C,B,D,A,B,C,D,DBACBDABCD,1.0,Non-STEM Track,0.0,0.0,R,R,R,R,R,R,R,C,C,C,C,RRRRRRRCCCC,0,0,1,0,0,0,0,0,0,Not so great at math,Math was too hard ,Non-STEM Track,445.0,2333,White,Undergraduate degree (BA/BSc/other),60,Female,White,United States,United States,United States,English,No,Full-Time,0
19,66d9ac1f7e6ebe7d5f9c0991,D,A,D,B,A,A,C,C,B,B,DADBAACCBB,0.4,0.0,0.0,noisy,random,ground,Pass,red,20.0,3.0,4.0,Pass Box,D,B,A,C,B,D,A,B,C,D,DBACBDABCD,1.0,Non-STEM Track,0.0,0.0,R,C,C,C,C,C,C,C,C,C,C,RCCCCCCCCCC,0,0,1,0,0,0,0,0,1,The time I had to answer the question. you had 10 mins to answer 10 questions and non stem question would be easier with the time given,it was ok,Non-STEM Track,934.0,9,Black/African American,Graduate degree (MA/MSc/MPhil/other),35,Female,Black,United States,United States,United States,English,No,Full-Time,0
20,6073ad2cd288215f64f51efa,B,A,C,A,D,B,C,B,D,B,BACADBCBDB,0.4,0.0,0.0,noisy,random,positive,Pass,black,50.0,3.0,2.0,Pass Box,D,A,A,C,B,A,A,B,C,D,DAACBAABCD,0.8,Non-STEM Track,0.0,0.0,R,R,R,R,R,R,C,C,C,C,C,RRRRRRCCCCC,0,0,1,0,0,0,0,0,0,Been a long day and wanted something I was more comfortable with,It was great.,Non-STEM Track,326.0,4350,South Asian,Graduate degree (MA/MSc/MPhil/other),33,Male,White,United States,United States,United States,English,No,Full-Time,0
21,664fe69f49d37def14a294f3,B,A,B,C,D,C,B,A,B,A,BABCDCBABA,0.1,0.0,0.0,noisy,random,negative,Fail,black,40.0,3.0,10.0,Pass Box,D,B,A,C,B,D,A,B,C,D,DBACBDABCD,1.0,Non-STEM Track,0.0,0.0,R,R,R,R,R,R,R,R,C,C,C,RRRRRRRRCCC,0,1,1,0,0,0,0,0,0,I felt I would know more.,None.,Non-STEM Track,303.0,33,White,Undergraduate degree (BA/BSc/other),31,Male,White,United States,United States,United States,English,No,Full-Time,0
22,5f29dfe7512c2817f7957e1a,A,A,A,B,D,C,D,C,B,,AAABDCDCB_,0.5,0.0,0.0,noisy,random,ground,Fail,black,75.0,7.0,6.0,Not Sure,D,B,A,C,B,D,A,B,C,D,DBACBDABCD,1.0,Non-STEM Track,0.0,0.0,R,R,R,R,R,R,R,C,C,C,C,RRRRRRRCCCC,0,0,1,0,0,0,0,0,0,Wanted something different.,Good,Non-STEM Track,1354.0,1302,Black/African American,Graduate degree (MA/MSc/MPhil/other),26,Female,Black,United States,United States,United States,English,Yes,Full-Time,0
23,6020eeadf4c4d470d3ed246f,D,A,B,B,D,B,,,,,DABBDB____,0.3,0.0,0.0,noisy,random,positive,Fail,red,50.0,4.0,5.0,Fail Box,D,B,A,C,B,D,A,B,C,D,DBACBDABCD,1.0,Non-STEM Track,0.0,0.0,R,R,R,R,R,R,R,C,C,C,C,RRRRRRRCCCC,0,0,1,0,0,0,0,0,0,I was going too slow at the STEM questions and i didn't have any paper or a calculator,This has shown me I really need to go back to school.,Non-STEM Track,815.0,29,White,Technical/community college,39,Female,White,United States,United States,United States,English,No,"Not in paid work (e.g. homemaker', 'retired or disabled)",0
24,5b18248744127b00013f90ce,D,A,B,C,B,B,D,C,C,B,DABCBBDCCB,0.7,0.0,0.0,noisy,random,negative,Pass,red,85.0,5.0,4.0,Pass Box,B,B,C,C,A,D,C,A,B,C,BBCCADCABC,0.8,STEM Track,0.0,0.0,R,R,R,R,R,C,C,C,C,C,C,RRRRRCCCCCC,0,0,1,0,0,0,0,0,0,I felt confident I could answer at least 4 questions correctly and get the higher bonus.,No feedback.,STEM Track,850.0,4300,White,Undergraduate degree (BA/BSc/other),30,Male,White,United States,United States,United States,English,No,Full-Time,1
25,666b4439752ed005b7514383,D,A,C,B,D,D,A,A,B,C,DACBDDAABC,0.3,0.0,0.0,noisy,random,ground,Fail,black,75.0,7.0,6.0,Fail Box,D,B,A,C,B,D,A,D,C,D,DBACBDADCD,0.9,Non-STEM Track,0.0,0.0,R,R,R,R,R,R,C,C,C,C,C,RRRRRRCCCCC,0,0,1,0,1,0,0,0,0,I didnt want to risk 0,no.,Non-STEM Track,630.0,335,South Asian,Graduate degree (MA/MSc/MPhil/other),35,Male,Asian,United States,United States,United States,English,No,Full-Time,0
26,5ec79b5033c65502ce2acade,C,A,A,C,B,C,D,B,B,B,CAACBCDBBB,0.4,0.0,0.0,noisy,random,negative,Pass,red,50.0,3.0,4.0,Fail Box,D,B,A,C,B,A,A,B,C,D,DBACBAABCD,0.9,Non-STEM Track,0.0,0.0,R,R,R,R,R,C,R,C,C,C,C,RRRRRCRCCCC,0,0,1,0,0,0,0,0,0,Because the first set of questions were quite hard,My experience was good. I do not have anything meaningful to add.,Non-STEM Track,634.0,1990,White,Undergraduate degree (BA/BSc/other),24,Male,White,United States,United States,United States,English,Yes,DATA_EXPIRED,0
29,666c86f7f5f40814f41f7db9,C,A,C,C,C,D,A,C,C,B,CACCCDACCB,0.5,0.0,0.0,noisy,random,negative,Pass,red,50.0,3.0,4.0,Fail Box,D,B,A,C,B,D,A,B,C,D,DBACBDABCD,1.0,Non-STEM Track,0.0,0.0,R,R,C,C,C,C,C,C,C,C,C,RRCCCCCCCCC,0,0,1,0,0,0,0,0,0,I am much better at writing than I am at math. ,,Non-STEM Track,631.0,216,White,High school diploma/A-levels,21,Female,White,United States,United States,United States,English,Yes,DATA_EXPIRED,0
30,61085d4d8b0fc852f4b8cc5b,B,A,B,B,B,B,D,A,A,A,BABBBBDAAA,0.5,0.0,0.0,noisy,random,positive,Fail,red,80.0,7.0,6.0,Fail Box,B,D,C,B,A,D,C,A,C,C,BDCBADCACC,0.7,STEM Track,0.0,0.0,R,R,R,R,R,C,C,C,C,C,C,RRRRRCCCCCC,0,0,1,0,0,0,0,0,0,I thought I could pass the test,Good,STEM Track,667.0,295,White,Undergraduate degree (BA/BSc/other),25,Female,White,United States,United States,United States,English,Yes,Other,1
31,667b0207aa45819cfc27e751,B,D,B,A,B,A,D,A,A,A,BDBABADAAA,0.2,0.0,0.0,noisy,random,negative,Fail,black,50.0,5.0,5.0,Not Sure,A,D,C,C,A,B,D,A,B,A,ADCCABDABA,0.4,STEM Track,1.0,1.804,R,R,R,C,C,C,C,C,C,C,C,RRRCCCCCCCC,1,0,0,0,0,0,0,0,0,Curiosity,Awesome,STEM Track,1141.0,12,Black/African American,Undergraduate degree (BA/BSc/other),24,Male,Black,United States,United States,United States,English,No,Other,1
32,6658b337cb2020d6b19f88d9,B,C,B,B,C,C,A,D,C,A,BCBBCCADCA,0.2,0.0,0.0,noisy,random,positive,Pass,red,5.0,1.0,2.0,Fail Box,D,B,A,C,B,D,A,B,C,A,DBACBDABCA,0.9,Non-STEM Track,0.0,0.0,R,R,R,R,R,R,C,C,C,C,C,RRRRRRCCCCC,1,0,1,0,0,0,0,0,0,I chose non-STEM because my schooling was not focused in STEM.,I don't think I did well with the math problems but the last portion was much easier.,Non-STEM Track,512.0,220,East Asian,Undergraduate degree (BA/BSc/other),29,Female,Asian,China,United States,United States,English,No,"Not in paid work (e.g. homemaker', 'retired or disabled)",0
33,66ad75302bba5cdc6b55c5c8,A,C,B,C,C,C,C,A,C,C,ACBCCCCACC,0.2,0.0,0.0,noisy,random,ground,Pass,red,30.0,3.0,1.0,Fail Box,C,C,C,C,C,B,D,C,D,B,CCCCCBDCDB,0.1,STEM Track,0.0,0.0,R,R,R,R,R,C,C,C,C,C,C,RRRRRCCCCCC,0,1,0,0,0,0,0,0,0,To challenge myself.,It was a great experience for me. It challenged me. No feedback.,STEM Track,1332.0,23,Black/African American,Undergraduate degree (BA/BSc/other),35,Female,Black,United States,United States,United States,English,Yes,Part-Time,1
34,5f04bd7038cbb210b85195fd,B,A,C,B,D,B,D,C,A,C,BACBDBDCAC,0.6,0.0,0.0,noisy,random,ground,Pass,red,55.0,4.0,5.0,Pass Box,D,B,A,C,B,D,A,B,C,D,DBACBDABCD,1.0,Non-STEM Track,0.0,0.0,R,R,R,R,C,C,C,C,C,C,C,RRRRCCCCCCC,0,0,1,0,0,0,0,0,0,I found the math questions very difficult and know that my non-STEM skills are typically stronger.,"As mentioned above, I found the math questions very challenging. It was discouraging to feel a bit stupid as I'm trying to figure out how to even start to answer the questions.",Non-STEM Track,687.0,1214,White,Undergraduate degree (BA/BSc/other),40,Female,White,United States,United States,United States,English,No,Unemployed (and job seeking),0
35,5f052fd4e9163a8320120e43,B,C,B,D,D,C,B,A,C,B,BCBDDCBACB,0.2,0.0,0.0,noisy,random,ground,Fail,black,50.0,2.0,3.0,Fail Box,D,B,A,C,B,D,A,B,C,D,DBACBDABCD,1.0,Non-STEM Track,0.0,0.0,R,R,R,R,C,C,C,C,C,C,C,RRRRCCCCCCC,0,0,1,0,0,0,0,0,0,Those questions are hard for me.,It went well.,Non-STEM Track,455.0,1335,White,Undergraduate degree (BA/BSc/other),35,Female,White,United States,United States,United States,English,No,Part-Time,0
37,58cb138127e23a0001b4fb5d,D,C,B,C,B,C,C,C,B,C,DCBCBCCCBC,0.2,0.0,0.0,noisy,random,ground,Pass,red,1.0,0.0,1.0,Not Sure,D,B,A,C,B,D,A,B,C,D,DBACBDABCD,1.0,Non-STEM Track,0.0,0.0,R,R,R,C,C,C,C,C,C,C,C,RRRCCCCCCCC,0,0,1,0,0,0,0,0,0,Because I'm terrible at math.,I guessed all of the math questions because I'm terrible at math. My last math course was Statistics in college over 40 years ago.,Non-STEM Track,766.0,2635,Latino/Hispanic,Undergraduate degree (BA/BSc/other),61,Female,Mixed,United States,United States,United States,English,No,Full-Time,0
38,668b4d070be8f04729bd5fb7,D,A,C,B,D,A,B,A,B,B,DACBDABABB,0.4,0.0,0.0,noisy,random,positive,Pass,red,50.0,3.0,2.0,Fail Box,D,B,A,C,B,D,A,B,C,D,DBACBDABCD,1.0,Non-STEM Track,0.0,0.0,R,R,R,R,R,C,C,C,C,C,C,RRRRRCCCCCC,0,0,1,0,0,0,0,0,0,I have not done that type of math in a while and felt like my current skills would fit different questions better.,,Non-STEM Track,574.0,362,White,High school diploma/A-levels,43,Male,White,United States,United States,United States,English,No,Full-Time,0
39,66edfcde8ccf64ce2bb4d3e0,B,A,B,D,D,A,B,A,A,C,BABDDABAAC,0.1,0.0,0.0,noisy,random,ground,Fail,black,80.0,7.0,7.0,Fail Box,A,C,C,A,B,C,A,A,A,C,ACCABCAAAC,0.4,STEM Track,0.0,0.0,R,R,R,R,R,R,R,C,C,C,C,RRRRRRRCCCC,0,1,1,0,1,0,0,0,0,Stem is the new way of education moving forward,none,STEM Track,1381.0,12,White,Graduate degree (MA/MSc/MPhil/other),58,Female,White,United Kingdom,United States,United States,English,No,Full-Time,1
40,6631a2d22bcd9ccaf132b90a,B,C,C,A,B,B,D,A,A,B,BCCABBDAAB,0.5,0.0,0.0,noisy,random,negative,Pass,red,50.0,3.0,4.0,Pass Box,C,A,A,D,B,D,C,B,B,C,CAADBDCBBC,0.5,STEM Track,0.0,0.0,R,R,C,R,C,C,C,C,C,C,C,RRCRCCCCCCC,0,0,1,0,0,0,0,0,0,I enjoy math and science. ,"It went well, but the equations were really hard for the amount of time I had. ",STEM Track,1592.0,292,Native American or Alaskan Native,Undergraduate degree (BA/BSc/other),40,Female,Other,United States,United States,United States,English,No,Part-Time,1
41,66a418d30633a5522466bcfc,D,A,B,C,D,D,B,A,B,B,DABCDDBABB,0.2,0.0,0.0,noisy,random,ground,Fail,black,20.0,5.0,5.0,Fail Box,D,B,A,C,B,D,A,B,C,D,DBACBDABCD,1.0,Non-STEM Track,0.0,0.0,R,R,R,C,C,C,C,C,C,C,C,RRRCCCCCCCC,0,0,1,0,0,0,0,0,0,I am better at non-stem related subjects. ,It was fun.,Non-STEM Track,644.0,144,White,Undergraduate degree (BA/BSc/other),49,Female,White,United States,United States,Poland,English,No,"Not in paid work (e.g. homemaker', 'retired or disabled)",0
42,66ea401fa9604d4b2e8a80e0,D,A,B,C,B,,,,,,DABCB_____,0.2,0.0,0.0,noisy,random,negative,Fail,black,5.0,2.0,4.0,Pass Box,B,,B,C,A,C,C,,B,,B_BCACC_B_,0.4,STEM Track,0.0,0.0,R,R,R,R,R,R,C,C,C,C,C,RRRRRRCCCCC,0,0,1,0,0,0,0,0,0,I was good in math ( 40 years ago :-),"Great study. Wake up call for me! Time to go ""back to school"" to relearn basic math. Thank you!",STEM Track,1546.0,12,White,Graduate degree (MA/MSc/MPhil/other),63,Female,White,Ukraine,United States,United States,Russian,No,Full-Time,1
45,63e54d97fa5c58916e667110,B,A,A,C,D,B,D,B,B,B,BAACDBDBBB,0.4,0.0,0.0,noisy,random,ground,Fail,black,25.0,5.0,8.0,Fail Box,D,B,A,C,B,D,A,B,C,D,DBACBDABCD,1.0,Non-STEM Track,0.0,0.0,R,R,R,R,R,R,C,C,C,C,C,RRRRRRCCCCC,0,0,1,0,0,0,0,0,0,Because the initial questions were Algebra 2 questions and I have not done math in over 15 years. I did not want to have my bonus based on that again so I chose the option for .20 per correct hoping to get something.,"good, first set of questions was stressful though.",Non-STEM Track,944.0,486,White Sephardic Jew,Secondary education (e.g. GED/GCSE),40,Male,White,United States,United States,United States,English,No,Due to start a new job within the next month,0
46,66288972d0b9059cc9082a4c,A,C,B,C,C,C,B,C,B,B,ACBCCCBCBB,0.3,0.0,0.0,noisy,random,positive,Fail,red,30.0,4.0,5.0,Pass Box,B,C,A,C,C,D,B,B,A,D,BCACCDBBAD,0.2,STEM Track,0.0,0.0,R,R,R,R,R,R,R,R,C,C,C,RRRRRRRRCCC,0,0,1,0,0,0,0,0,0,SCIENCE!,Enjoyed seeing the math again.,STEM Track,463.0,397,White,Technical/community college,57,Male,White,United States,United States,United States,English,No,Full-Time,1
47,63bf8a649931574320e98357,D,A,C,C,B,B,D,B,B,,DACCBBDBB_,0.5,0.0,0.0,noisy,random,negative,Fail,black,50.0,6.0,6.0,Pass Box,B,D,C,C,A,B,C,A,C,C,BDCCABCACC,0.6,STEM Track,0.0,0.0,R,R,R,R,R,C,C,C,C,C,C,RRRRRCCCCCC,0,0,1,0,0,0,0,0,0,I went to school for a STEM education and my current career is in STEM.,This was a long process. I recommend making this survey shorter.,STEM Track,1116.0,4430,South East Asian,Graduate degree (MA/MSc/MPhil/other),32,Male,Asian,United States,United States,United States,English,DATA_EXPIRED,DATA_EXPIRED,1
48,63d3f9de61039d451f5601cf,A,A,D,C,C,A,D,B,C,B,AADCCADBCB,0.5,0.0,0.0,noisy,random,ground,Pass,red,33.0,3.0,5.0,Pass Box,D,B,A,C,B,D,A,B,C,D,DBACBDABCD,1.0,Non-STEM Track,0.0,0.0,R,R,R,R,C,C,C,C,C,C,C,RRRRCCCCCCC,0,0,1,0,0,0,0,0,0,"I was feeling like the STEM would be more math, and I wasnt feeling very strong in my mental math",the math questions were stressfull,Non-STEM Track,665.0,4475,White,Graduate degree (MA/MSc/MPhil/other),34,Female,White,United States,United States,United States,English,No,Full-Time,0
49,6642463d44cfca730a03301f,B,A,C,B,A,B,C,D,A,B,BACBABCDAB,0.5,0.0,0.0,noisy,random,positive,Pass,red,50.0,5.0,5.0,Fail Box,A,B,A,C,B,D,A,C,C,B,ABACBDACCB,0.7,Non-STEM Track,0.0,0.0,R,R,R,R,C,C,C,C,C,C,C,RRRRCCCCCCC,0,0,1,0,0,0,0,0,0,I am not that great at math,No,Non-STEM Track,758.0,470,White,Technical/community college,23,Female,White,United States,United States,United States,English,Yes,Unemployed (and job seeking),0
50,66c3ed034cb6e25a0018514e,B,A,C,B,A,D,C,A,D,C,BACBADCADC,0.3,0.0,0.0,noisy,random,positive,Fail,red,55.0,4.0,4.0,Fail Box,D,B,A,D,B,D,B,D,C,C,DBADBDBDCC,0.6,Non-STEM Track,0.0,0.0,R,R,R,R,R,C,C,C,C,C,C,RRRRRCCCCCC,0,0,1,0,0,0,0,0,0,It is what I felt like taking because I know STEM school work on figures a lot which I am not good at,no,Non-STEM Track,1159.0,25,Black/African American,Technical/community college,30,Female,Asian,United States,United States,United States,English,Yes,Full-Time,0
51,5f95a44920f542417f4263cb,C,A,B,B,C,A,D,B,A,B,CABBCADBAB,0.4,0.0,0.0,noisy,random,positive,Pass,red,40.0,6.0,4.0,Pass Box,D,B,A,C,B,D,A,B,C,D,DBACBDABCD,1.0,Non-STEM Track,0.0,0.0,R,R,R,C,C,C,C,C,C,C,C,RRRCCCCCCCC,0,0,1,0,0,0,0,0,0,I was not confident in remembering the math concepts that reappeared here for me. I was banking on something to do with English popping up.,"The STEM questions were a bit hard, but I gave them enough of an effort to not be sure if I was just guessing or actually remembering how to solve them.",Non-STEM Track,818.0,896,Latino/Hispanic,High school diploma/A-levels,26,Male,Other,United States,United States,United States,English,No,"Not in paid work (e.g. homemaker', 'retired or disabled)",0
52,656009a284706961654d6a96,B,C,A,B,A,,,,,,BCABA_____,0.1,0.0,0.0,noisy,random,positive,Fail,red,2.0,2.0,2.0,Pass Box,D,B,A,C,B,D,A,B,C,D,DBACBDABCD,1.0,Non-STEM Track,0.0,0.0,R,C,C,C,C,C,C,C,C,C,C,RCCCCCCCCCC,0,0,1,0,0,0,0,0,0,I just decided to pick non-stem track,My experience was okay. ,Non-STEM Track,1447.0,16,Mixed,Undergraduate degree (BA/BSc/other),48,Female,Black,United States,United States,United States,English,No,Part-Time,0
53,62bbcce64f644bd5698c9422,A,A,D,B,B,B,D,B,C,B,AADBBBDBCB,0.8,0.0,0.0,noisy,random,positive,Pass,red,90.0,7.0,8.0,Fail Box,D,B,A,C,B,D,A,B,C,D,DBACBDABCD,1.0,Non-STEM Track,0.0,0.0,R,R,C,C,C,C,C,C,C,C,C,RRCCCCCCCCC,0,0,1,0,0,0,0,0,0,"It was hard enough trying to do the first part under pressure of the timer, I did not want to try again.",It all went well and I enjoyed it very much,Non-STEM Track,911.0,2947,White,Technical/community college,45,Male,White,United States,United States,United States,English,DATA_EXPIRED,Full-Time,0
54,5e3461bd8ec4fc0230fef43a,D,A,D,D,C,A,C,B,B,B,DADDCACBBB,0.2,0.0,0.0,noisy,random,negative,Fail,red,20.0,3.0,5.0,Fail Box,D,B,A,C,B,D,A,B,C,D,DBACBDABCD,1.0,Non-STEM Track,0.0,0.0,R,C,C,C,C,C,C,C,C,C,C,RCCCCCCCCCC,0,0,1,0,0,0,0,0,0,I have a spectacular vocabulary.,STEM was tough. Vocab a piece of cake. Thanks for the study.,Non-STEM Track,894.0,2851,White,Undergraduate degree (BA/BSc/other),76,Male,White,United States,United States,United States,English,No,"Not in paid work (e.g. homemaker', 'retired or disabled)",0
55,663f8b8c5491cf738a5d35db,B,C,B,D,A,D,B,D,B,A,BCBDADBDBA,0.0,0.0,0.0,noisy,random,negative,Fail,red,20.0,3.0,5.0,Fail Box,D,B,A,C,B,D,A,B,C,D,DBACBDABCD,1.0,Non-STEM Track,0.0,0.0,R,R,R,R,R,C,C,C,C,C,C,RRRRRCCCCCC,0,0,1,0,0,0,0,0,0,I suspected it would be easier for me / requires less effort.,"I enjoyed the non-STEM quiz, but not the math.",Non-STEM Track,389.0,578,Mixed,Undergraduate degree (BA/BSc/other),31,Female,Mixed,United States,United States,United States,English,No,Unemployed (and job seeking),0
56,6107940dd15a7e73888abc62,D,A,B,C,B,D,C,B,A,A,DABCBDCBAA,0.2,0.0,0.0,noisy,random,negative,Fail,black,0.0,3.0,5.0,Fail Box,D,B,A,C,B,D,A,B,C,C,DBACBDABCC,0.9,Non-STEM Track,0.0,0.0,R,R,C,C,C,C,C,C,C,C,C,RRCCCCCCCCC,0,0,1,0,0,0,0,0,0,I chose the Non-Stem Track because I am not good at STEM but I have always done well in non-stem subjects.,My experience taking the stem track was stressful because I couldn't remember how to solve some of those types of questions and it reminded me of how I felt back in school.,Non-STEM Track,939.0,731,Mixed,Undergraduate degree (BA/BSc/other),27,Female,Mixed,United States,United States,United States,English,Yes,Full-Time,0
57,66da3f07b1ff5e8145e12657,B,A,C,D,D,A,C,D,A,B,BACDDACDAB,0.3,0.0,0.0,noisy,random,ground,Fail,black,1.0,0.0,7.0,Fail Box,D,B,A,C,B,A,A,B,C,D,DBACBAABCD,0.9,Non-STEM Track,0.0,0.0,R,R,R,R,R,C,C,C,C,C,C,RRRRRCCCCCC,0,1,0,0,0,0,0,0,0,was my parents choice,the math was unexpected ,Non-STEM Track,333.0,13,Mixed,Technical/community college,47,Female,Other,United States,United States,United States,English,No,Full-Time,0
58,66df47a9c26ea6aa4a71fc0f,D,C,B,D,A,C,D,A,A,C,DCBDACDAAC,0.1,0.0,0.0,noisy,random,ground,Fail,black,0.0,0.0,2.0,Fail Box,D,B,A,C,B,D,A,B,C,D,DBACBDABCD,1.0,Non-STEM Track,0.0,0.0,R,R,R,R,R,C,C,C,C,C,C,RRRRRCCCCCC,1,1,0,0,0,0,0,0,0,No particular reason ,No,Non-STEM Track,751.0,40,South Asian,Undergraduate degree (BA/BSc/other),63,Male,Asian,India,United States,United States,English,No,Full-Time,0
59,60f880007ca7b1a971cd271c,B,D,B,,,,,,,,BDB_______,0.0,1.0,7.092,noisy,random,negative,Fail,black,40.0,6.0,5.0,Fail Box,D,B,A,C,B,D,A,B,C,D,DBACBDABCD,1.0,Non-STEM Track,0.0,0.0,R,C,C,C,C,C,C,C,C,C,C,RCCCCCCCCCC,0,0,1,0,0,0,0,0,0,Math isn't my strongest subject so I was worried I wouldn't be able to answer the questions correctly.,I found the math questions very challenging but the survey was interesting.,Non-STEM Track,2115.0,481,White Sephardic Jew,High school diploma/A-levels,38,Female,White,United States,United States,United States,English,No,Full-Time,0
60,60641cdc8536a607a60e0612,A,A,B,B,B,B,D,C,A,B,AABBBBDCAB,0.8,0.0,0.0,noisy,random,ground,Fail,black,90.0,9.0,10.0,Fail Box,B,A,C,A,A,D,C,A,B,C,BACAADCABC,1.0,STEM Track,0.0,0.0,R,R,R,R,C,C,C,C,C,C,C,RRRRCCCCCCC,0,0,1,0,0,0,0,0,0,It felt easier to understand and do.,it was simple,STEM Track,1917.0,684,Latino/Hispanic,High school diploma/A-levels,21,Female,Other,United States,United States,United States,Spanish,No,Other,1
61,6643c5d1c53f7ffbef7b96e0,D,A,B,B,D,C,D,C,B,A,DABBDCDCBA,0.4,0.0,0.0,noisy,random,ground,Pass,red,10.0,5.0,3.0,Pass Box,D,B,A,C,B,D,A,B,C,D,DBACBDABCD,1.0,Non-STEM Track,0.0,0.0,R,R,C,C,C,C,C,C,C,C,C,RRCCCCCCCCC,0,1,1,1,0,0,0,0,0,Wasn't sure if I would know the answer.,No it was clear.,Non-STEM Track,291.0,12,White,High school diploma/A-levels,33,Female,White,United States,United States,United States,English,No,Full-Time,0
62,66bf8af89823f6ea72d66573,A,C,D,B,A,B,D,B,A,A,ACDBABDBAA,0.4,0.0,0.0,noisy,random,negative,Fail,red,70.0,8.0,9.0,Pass Box,D,B,A,C,B,D,A,B,C,D,DBACBDABCD,1.0,Non-STEM Track,0.0,0.0,R,R,C,C,C,C,C,C,C,C,C,RRCCCCCCCCC,0,0,0,0,0,0,1,0,0,"I chose the non-stem track because it does not correspond with my educational background and as such, i lack adequate information on its related courses.",It was a good experience to learn.,Non-STEM Track,1736.0,101,Black/African American,Undergraduate degree (BA/BSc/other),23,Female,Black,United States,United States,United States,English,No,Full-Time,0
63,600e0095145338647568af91,D,A,B,D,D,A,D,B,D,B,DABDDADBDB,0.3,0.0,0.0,noisy,random,ground,Pass,red,50.0,1.0,2.0,Pass Box,B,C,A,B,B,D,C,B,A,B,BCABBDCBAB,0.3,STEM Track,0.0,0.0,R,R,R,R,R,C,C,C,C,C,C,RRRRRCCCCCC,0,1,0,0,0,0,0,0,0,I was hoping for some science questions.  Math isn’t my strong suit.,stressful,STEM Track,990.0,750,White,Undergraduate degree (BA/BSc/other),53,Male,White,United States,United States,United States,English,No,Full-Time,1
64,66294b3fb5ddd7c7e15fd6e6,D,A,C,C,B,B,D,C,C,C,DACCBBDCCC,0.7,0.0,0.0,noisy,random,ground,Pass,red,25.0,2.0,3.0,Pass Box,D,B,A,C,B,D,A,B,C,D,DBACBDABCD,1.0,Non-STEM Track,0.0,0.0,R,R,R,R,R,C,C,C,C,C,C,RRRRRCCCCCC,0,0,1,0,0,0,0,0,0,I suck at STEM,"the STEM part was annoying, but the rest was ok",Non-STEM Track,698.0,109,White,Technical/community college,51,Female,White,United States,United States,United States,English,No,Full-Time,0
65,60f780f13d153d16a6d4a3a0,D,A,A,B,B,C,,B,B,C,DAABBC_BBC,0.3,0.0,0.0,noisy,random,ground,Fail,black,25.0,2.0,5.0,Fail Box,D,B,A,C,B,D,A,B,C,C,DBACBDABCC,0.9,Non-STEM Track,0.0,0.0,R,R,R,R,R,R,R,R,R,R,C,RRRRRRRRRRC,0,0,1,0,0,0,0,0,0,I am terrible at Math,Pleasant ,Non-STEM Track,947.0,698,Black/African American,High school diploma/A-levels,42,Female,Black,United States,United States,United States,English,No,Full-Time,0
66,60c76fb5887b0728245b0695,D,D,D,D,D,D,D,D,D,D,DDDDDDDDDD,0.1,0.0,0.0,noisy,random,positive,Pass,red,0.0,0.0,1.0,Fail Box,D,B,A,C,B,D,A,B,C,D,DBACBDABCD,1.0,Non-STEM Track,0.0,0.0,R,R,R,R,C,R,C,R,R,C,C,RRRRCRCRRCC,0,0,1,0,0,0,0,0,0,I detest math and would have not done this survey if I'd known.,frustrating since you misled me,Non-STEM Track,511.0,3381,White,Graduate degree (MA/MSc/MPhil/other),72,Female,White,United States,United States,United States,English,No,Other,0
67,666c46b6444950c3ade659b3,B,D,D,D,B,D,A,D,A,B,BDDDBDADAB,0.2,0.0,0.0,noisy,random,positive,Fail,red,1.0,5.0,5.0,Pass Box,D,B,A,C,B,D,A,B,C,D,DBACBDABCD,1.0,Non-STEM Track,0.0,0.0,R,R,R,R,R,R,R,C,C,C,C,RRRRRRRCCCC,0,1,1,0,1,0,0,0,0,I just didn't want to do a Stem track test. ,,Non-STEM Track,690.0,66,Black/African American,Undergraduate degree (BA/BSc/other),36,Female,Black,United States,United States,United States,English,No,Full-Time,0
68,63d1564c61aebfe6f8b38847,C,D,C,B,D,C,C,D,C,C,CDCBDCCDCC,0.3,0.0,0.0,noisy,random,ground,Fail,black,10.0,10.0,10.0,Fail Box,A,B,A,C,B,D,A,D,C,B,ABACBDADCB,0.7,Non-STEM Track,0.0,0.0,R,R,R,C,C,C,C,C,C,C,C,RRRCCCCCCCC,0,0,1,0,0,0,0,0,0,Just more familiar ,Challenges ,Non-STEM Track,641.0,258,White,High school diploma/A-levels,55,Female,White,United States,United States,United States,English,No,Other,0
69,5c49d511cdb1b7000103af85,D,A,C,C,D,C,B,D,A,B,DACCDCBDAB,0.3,0.0,0.0,noisy,random,positive,Fail,red,10.0,2.0,5.0,Fail Box,D,B,A,C,B,D,A,B,C,D,DBACBDABCD,1.0,Non-STEM Track,0.0,0.0,R,R,R,C,C,C,C,C,C,C,C,RRRCCCCCCCC,0,0,1,0,0,0,0,0,0,I'm terrible at math.,Got a little nervous with the math but no problems with the actual test.,Non-STEM Track,654.0,132,White,Graduate degree (MA/MSc/MPhil/other),60,Female,White,United States,United States,United States,English,No,DATA_EXPIRED,0
71,5f0e053325c53a0ae3436e02,D,C,C,C,,B,A,B,B,B,DCCC_BABBB,0.3,0.0,0.0,noisy,random,negative,Pass,red,5.0,1.0,1.0,Pass Box,D,B,A,C,B,D,A,B,C,B,DBACBDABCB,0.9,Non-STEM Track,0.0,0.0,R,R,R,R,R,C,C,C,C,C,C,RRRRRCCCCCC,0,0,1,0,0,0,0,0,0,Math is my weak subject,Hard & Intense for me as I am weak in math. Using my brain cells.,Non-STEM Track,967.0,109,South East Asian,Undergraduate degree (BA/BSc/other),57,Female,Asian,Singapore,United States,United States,English,No,Full-Time,0
72,66f1144bc26128cdebfa334c,C,B,A,A,A,C,B,D,D,B,CBAAACBDDB,0.1,0.0,0.0,noisy,random,positive,Fail,red,70.0,3.0,2.0,Fail Box,B,A,A,A,A,A,B,C,C,C,BAAAAABCCC,0.2,Non-STEM Track,0.0,0.0,C,C,R,C,R,R,C,R,C,C,R,CCRCRRCRCCR,0,0,0,0,0,0,1,0,0,,,Non-STEM Track,142.0,5,Black/African American,No formal qualifications,21,Female,White,United States,United States,United States,English,No,Unemployed (and job seeking),0
74,56f29ff9ed0cf6000691157f,D,A,C,C,D,B,A,A,C,A,DACCDBAACA,0.4,0.0,0.0,noisy,random,ground,Fail,black,40.0,3.0,5.0,Fail Box,D,B,A,C,B,D,A,B,C,D,DBACBDABCD,1.0,Non-STEM Track,0.0,0.0,R,R,C,C,C,C,C,C,C,C,C,RRCCCCCCCCC,0,0,1,0,0,0,0,0,0,"Because I was fairly confident I could get all the questions right, whereas with the STEM track I wasn't confident I could get the 5 right to pass.",It was okay. Definitely a lot worse in math than I used to be. ,Non-STEM Track,977.0,992,White,Technical/community college,41,Male,White,United States,United States,United States,English,No,Full-Time,0
76,5cbe2edd577eb000184124b9,C,C,C,C,C,C,C,B,A,C,CCCCCCCBAC,0.1,0.0,0.0,noisy,random,negative,Pass,red,10.0,0.0,0.0,Pass Box,B,D,B,A,D,D,A,D,B,D,BDBADDADBD,0.4,STEM Track,0.0,0.0,R,R,R,R,R,C,C,C,C,C,C,RRRRRCCCCCC,0,0,1,0,0,0,0,0,0,im horrible at math so i know it got them all wrong ,"fine, and no",STEM Track,436.0,1142,Black/African American,Technical/community college,24,Female,Black,United States,United States,United States,English,DATA_EXPIRED,Unemployed (and job seeking),1
77,6632d54e8e0d4661a148acf9,D,A,B,D,B,C,C,C,B,A,DABDBCCCBA,0.3,0.0,0.0,noisy,random,positive,Pass,red,2.0,1.0,1.0,Fail Box,D,B,A,C,B,D,A,B,C,D,DBACBDABCD,1.0,Non-STEM Track,0.0,0.0,R,R,R,C,C,C,C,C,C,C,C,RRRCCCCCCCC,0,0,1,0,0,0,0,0,0,"Math is not my jam, I can read all day",I had a great time once I was done with the math problems.,Non-STEM Track,459.0,574,White,Undergraduate degree (BA/BSc/other),45,Male,White,United States,United States,United States,English,No,Full-Time,0
78,66a218f455df3fda0c1230c1,,A,,A,B,B,D,C,,A,_A_ABBDC_A,0.5,1.0,2.032,noisy,random,ground,Pass,red,40.0,7.0,5.0,Pass Box,B,,C,A,A,D,C,A,B,C,B_CAADCABC,0.9,STEM Track,0.0,0.0,R,R,R,R,R,R,R,C,C,C,C,RRRRRRRCCCC,0,1,0,0,0,0,0,0,0,I enjoy solving math problems.,This process was very smooth.,STEM Track,1342.0,219,South East Asian,High school diploma/A-levels,21,Female,Asian,United States,United States,United States,English,No,Part-Time,1
79,662ae95388403e308b37514d,B,B,C,B,A,B,B,C,C,B,BBCBABBCCB,0.6,0.0,0.0,noisy,random,ground,Pass,red,50.0,3.0,5.0,Pass Box,D,B,A,C,B,D,A,B,C,D,DBACBDABCD,1.0,Non-STEM Track,0.0,0.0,R,R,R,R,R,R,R,R,R,R,C,RRRRRRRRRRC,0,0,1,0,0,0,0,0,0,Because I am bad at math,the math was too hard,Non-STEM Track,517.0,313,White,Undergraduate degree (BA/BSc/other),48,Female,White,United States,United States,United States,English,No,Full-Time,0
81,55d0d4b334e9060005e57470,D,A,A,D,B,A,B,B,A,A,DAADBABBAA,0.2,0.0,0.0,noisy,random,ground,Fail,black,20.0,2.0,4.0,Fail Box,D,B,A,C,B,D,A,B,C,D,DBACBDABCD,1.0,Non-STEM Track,0.0,0.0,R,R,R,R,C,C,C,C,C,C,C,RRRRCCCCCCC,0,0,1,0,0,0,0,0,0,"I am not good with math questions, and was feeling frustrated after that quiz.","It was interesting. The math test was extremely frustrating, but I assume that's the point. ",Non-STEM Track,644.0,2637,White,Undergraduate degree (BA/BSc/other),38,Female,White,United States,United States,United States,English,No,Full-Time,0
82,66b40d38e496f3b60c9e8139,D,C,D,D,A,,,,,,DCDDA_____,0.0,0.0,0.0,noisy,random,positive,Fail,red,15.0,2.0,3.0,Not Sure,D,B,A,C,B,D,A,B,C,D,DBACBDABCD,1.0,Non-STEM Track,0.0,0.0,R,R,R,C,C,C,C,C,C,C,C,RRRCCCCCCCC,0,0,1,0,0,0,0,0,0,Math is my weakest skill. Writing is my trade.,That math test was soooo hard! ,Non-STEM Track,901.0,81,White,Technical/community college,50,Female,White,United States,United States,United States,English,No,Unemployed (and job seeking),0
83,558ed072fdf99b3a6486371d,D,A,D,C,B,B,C,A,C,B,DADCBBCACB,0.5,0.0,0.0,noisy,random,negative,Pass,red,5.0,2.0,1.0,Pass Box,D,B,A,C,B,D,A,B,C,D,DBACBDABCD,1.0,Non-STEM Track,0.0,0.0,R,R,R,R,R,C,C,C,C,C,C,RRRRRCCCCCC,0,0,1,0,0,0,0,0,0,I was exhausted trying to remember math I haven't done in 35 years!,It was fine,Non-STEM Track,553.0,2619,White,Doctorate degree (PhD/other),57,Female,White,United States,United States,United States,English,No,Full-Time,0
84,66b7f6c214435f12cd1aae02,B,D,C,D,A,A,B,D,,,BDCDAABD__,0.1,0.0,0.0,noisy,random,positive,Fail,red,2.0,2.0,5.0,Pass Box,A,C,A,C,C,C,C,C,B,C,ACACCCCCBC,0.3,STEM Track,0.0,0.0,R,R,R,R,R,C,C,C,C,C,C,RRRRRCCCCCC,0,0,1,0,0,0,0,0,0,to try to learn more about it,Interesting how much I did not know or remember,STEM Track,1573.0,96,Black/African American,High school diploma/A-levels,71,Female,Black,United States,United States,United States,English,No,"Not in paid work (e.g. homemaker', 'retired or disabled)",1
85,5f5f457ae16a900375572c32,D,A,A,A,D,B,A,B,B,B,DAAADBABBB,0.3,0.0,0.0,noisy,random,negative,Pass,red,60.0,4.0,3.0,Pass Box,C,C,C,C,D,D,C,A,D,B,CCCCDDCADB,0.4,STEM Track,0.0,0.0,R,R,R,R,R,C,C,C,C,C,C,RRRRRCCCCCC,0,0,1,0,0,0,0,0,0,Its easier for me,It was fun!,STEM Track,864.0,779,White,High school diploma/A-levels,35,Male,White,United States,United States,United States,English,No,Full-Time,1
90,662969c1ca8cb33f8644876a,D,A,D,B,D,,,,,,DADBD_____,0.2,0.0,0.0,noisy,random,ground,Fail,black,25.0,1.0,5.0,Fail Box,D,B,A,C,B,D,A,B,C,D,DBACBDABCD,1.0,Non-STEM Track,0.0,0.0,R,R,R,R,R,R,C,C,C,C,C,RRRRRRCCCCC,0,0,1,0,0,0,0,0,0,I didn't think I would have enough time to finish all of the questions.,My experience was that I didn't finish the Stem Track questions and maybe more time should have been given.,Non-STEM Track,1013.0,193,Black/African American,Graduate degree (MA/MSc/MPhil/other),50,Female,Black,United States,United States,United States,English,No,Full-Time,0
91,5dd321de568ca5331021fb2b,C,B,C,C,C,B,C,A,C,C,CBCCCBCACC,0.3,0.0,0.0,noisy,random,negative,Pass,red,50.0,2.0,2.0,Fail Box,C,C,C,C,C,C,D,C,C,C,CCCCCCDCCC,0.2,STEM Track,0.0,0.0,R,R,R,C,C,C,C,C,C,C,C,RRRCCCCCCCC,0,0,1,0,0,0,0,0,0,"Because I am bad at math anyway, so I figured that I would not stand as good of chance at getting more than a couple correct.","It was fun, I hope I get a bonus.",STEM Track,485.0,3490,White,Technical/community college,52,Male,White,United States,United States,United States,English,No,Full-Time,1
92,5cd068a83b44a700164e9933,D,A,A,B,B,B,D,C,C,B,DAABBBDCCB,0.8,0.0,0.0,noisy,random,positive,Pass,black,60.0,5.0,3.0,Pass Box,B,D,C,A,A,D,C,A,B,C,BDCAADCABC,0.9,STEM Track,1.0,14.602,R,R,R,R,R,C,C,C,C,C,C,RRRRRCCCCCC,0,0,1,0,0,0,0,0,0,I used to be an Algebra teacher.,I had a hard time because I'm tired but I appreciated the less difficult problems and the chance to get a good bonus.,STEM Track,1200.0,1699,White,Graduate degree (MA/MSc/MPhil/other),43,Female,White,United States,United States,United States,English,No,Full-Time,1
94,65b965069a415587a755a7de,C,B,A,B,C,D,A,C,B,C,CBABCDACBC,0.2,0.0,0.0,noisy,random,positive,Fail,red,30.0,3.0,3.0,Not Sure,C,A,D,B,C,D,C,D,B,,CADBCDCDB_,0.4,STEM Track,0.0,0.0,R,R,R,R,R,R,C,C,C,C,C,RRRRRRCCCCC,0,0,1,0,0,0,0,0,0,I enjoyed trying to answer complicated math equations.,I found this study both quite interesting and challenging.,STEM Track,1394.0,638,East Asian,Technical/community college,35,Male,Asian,United States,United States,United States,English,DATA_EXPIRED,Full-Time,1
95,632d189d6b8f03d0d3db4c48,D,A,A,B,A,B,A,C,A,B,DAABABACAB,0.5,0.0,0.0,noisy,random,positive,Pass,black,100.0,5.0,4.0,Pass Box,D,B,A,C,B,D,A,B,C,D,DBACBDABCD,1.0,Non-STEM Track,0.0,0.0,R,R,R,R,C,C,C,C,C,C,C,RRRRCCCCCCC,0,1,1,0,1,0,0,1,0,I was in a rush,good ,Non-STEM Track,669.0,36,White,High school diploma/A-levels,33,Male,White,United States,United States,United States,English,Yes,Unemployed (and job seeking),0
96,66d1dda5c2bc8b135dcbc557,D,A,A,,,,,,,,DAA_______,0.1,0.0,0.0,noisy,random,ground,Pass,red,50.0,2.0,1.0,Fail Box,D,B,A,C,B,D,A,B,C,D,DBACBDABCD,1.0,Non-STEM Track,0.0,0.0,R,R,R,R,R,C,C,C,C,C,C,RRRRRCCCCCC,0,0,1,0,0,0,0,0,0,STEM are not my strongest subjects,I hadn't done complex math problems in a while so that was pretty stressful especially since it was timed,Non-STEM Track,1039.0,95,Black/African American,Graduate degree (MA/MSc/MPhil/other),46,Female,Black,United States,United States,United States,English,No,Full-Time,0
97,61095d528d0b97a520a20bd7,B,C,A,D,B,B,C,A,D,C,BCADBBCADC,0.2,0.0,0.0,noisy,random,ground,Fail,black,40.0,2.0,4.0,Fail Box,B,C,A,D,C,B,A,C,D,B,BCADCBACDB,0.1,STEM Track,0.0,0.0,R,R,C,C,C,C,C,C,C,C,C,RRCCCCCCCCC,0,0,1,0,0,0,0,0,0,I thought it would be interesting,No feedback,STEM Track,319.0,757,White,Technical/community college,40,Female,White,United States,United States,United States,English,Yes,Unemployed (and job seeking),1
98,66e8ba86b35cd54fc4fdd970,C,D,D,C,D,C,B,C,B,C,CDDCDCBCBC,0.1,0.0,0.0,noisy,random,positive,Fail,red,96.0,8.0,10.0,Pass Box,D,B,A,C,B,A,A,B,C,D,DBACBAABCD,0.9,Non-STEM Track,0.0,0.0,R,R,R,R,R,R,R,R,R,R,C,RRRRRRRRRRC,0,0,1,0,0,0,0,0,0,im not too good in math so i didnt chance more questions that were math just to fail ,math was difficult the rest was cool,Non-STEM Track,1631.0,15,White,Secondary education (e.g. GED/GCSE),47,Female,White,United States,United States,United States,English,No,"Not in paid work (e.g. homemaker', 'retired or disabled)",0
100,5ded95de4ee10e4632cab59b,D,A,A,D,B,B,D,C,B,B,DAADBBDCBB,0.6,0.0,0.0,noisy,random,negative,Pass,red,70.0,7.0,6.0,Pass Box,D,B,A,C,B,D,A,B,C,D,DBACBDABCD,1.0,Non-STEM Track,0.0,0.0,R,R,R,R,R,R,R,R,R,C,C,RRRRRRRRRCC,0,0,1,0,0,0,0,0,0,I am more comfortable outside of stem fields,I enjoyed my experience throughout this process,Non-STEM Track,456.0,185,White,High school diploma/A-levels,21,Male,White,United States,United States,United States,English,Yes,"Not in paid work (e.g. homemaker', 'retired or disabled)",0
105,65ea01869d4ee8777df1c12d,B,D,A,B,B,B,B,C,C,C,BDABBBBCCC,0.5,0.0,0.0,noisy,random,negative,Pass,red,45.0,4.0,3.0,Fail Box,D,B,A,C,B,D,A,B,C,D,DBACBDABCD,1.0,Non-STEM Track,0.0,0.0,R,R,R,R,R,C,C,C,C,C,C,RRRRRCCCCCC,0,0,1,0,0,0,0,0,0,Clearly I answered those more accurately and probably failed the first section,If I knew STEM was involved I probably would have not participated,Non-STEM Track,439.0,512,White,Technical/community college,59,Female,White,United States,United States,United States,English,DATA_EXPIRED,Full-Time,0
106,5dccb82a76eab294aa4837ff,D,C,B,B,A,A,A,A,A,A,DCBBAAAAAA,0.1,0.0,0.0,noisy,random,positive,Fail,red,10.0,4.0,3.0,Not Sure,D,B,A,C,B,D,A,B,C,D,DBACBDABCD,1.0,Non-STEM Track,0.0,0.0,R,R,R,C,C,C,C,C,C,C,C,RRRCCCCCCCC,0,0,1,0,0,0,0,0,0, The math questions were really hard for me. It's been years since I've had to solve any sort of complex equations. , I was anxious and frustrated during the math test.,Non-STEM Track,519.0,2284,White,High school diploma/A-levels,53,Male,White,United States,United States,United States,English,No,"Not in paid work (e.g. homemaker', 'retired or disabled)",0
107,651b43625c3bc6e2217a7e24,D,A,A,D,A,A,D,B,B,D,DAADAADBBD,0.2,1.0,1.661,noisy,random,ground,Fail,black,50.0,5.0,5.0,Fail Box,D,A,A,C,B,D,A,B,C,B,DAACBDABCB,0.8,Non-STEM Track,0.0,0.0,R,R,R,R,R,R,C,C,C,C,C,RRRRRRCCCCC,0,0,1,0,0,0,0,0,0,I am stronger at the non-stem than stem and didnt want to risk failing,The first section with stem made me feel a bit dumb but the non stem made me remember im capable,Non-STEM Track,605.0,379,Mixed,Undergraduate degree (BA/BSc/other),29,Female,Mixed,United States,United States,United States,English,Yes,Unemployed (and job seeking),0
108,66f48848bf50e9c784c4ba2a,A,C,B,B,B,C,C,B,D,D,ACBBBCCBDD,0.3,0.0,0.0,noisy,random,positive,Pass,black,40.0,3.0,2.0,Pass Box,A,D,C,A,A,B,B,B,C,D,ADCAABBBCD,0.3,STEM Track,0.0,0.0,C,C,C,C,C,C,C,C,C,C,C,CCCCCCCCCCC,0,0,1,0,0,0,0,0,0,I thought I could do it,This was more difficult than I thought,STEM Track,969.0,0,White,Technical/community college,62,Female,White,United States,United States,United States,English,No,Full-Time,1
109,65603afb8e9cfc182d7b55bc,D,D,D,C,B,D,B,C,B,A,DDDCBDBCBA,0.2,0.0,0.0,noisy,random,negative,Pass,red,1.0,1.0,1.0,Not Sure,D,B,A,C,B,D,A,B,C,D,DBACBDABCD,1.0,Non-STEM Track,0.0,0.0,R,R,R,R,R,C,C,C,C,C,C,RRRRRCCCCCC,0,0,1,0,0,0,0,0,0,I thought it would be less difficult. ,Fine. The math section was difficult for me.,Non-STEM Track,829.0,912,Black/African American,Undergraduate degree (BA/BSc/other),55,Female,Black,United States,United States,United States,English,No,Full-Time,0
110,5ba7a90d168e5e0001e47228,B,C,B,C,B,C,B,C,C,B,BCBCBCBCCB,0.4,0.0,0.0,noisy,random,negative,Pass,red,20.0,1.0,1.0,Fail Box,D,B,A,C,B,D,A,B,C,C,DBACBDABCC,0.9,Non-STEM Track,0.0,0.0,R,R,R,R,R,C,C,C,C,C,C,RRRRRCCCCCC,0,1,0,0,0,0,0,0,0,Easier to answer and get more money,Good,Non-STEM Track,347.0,1473,South Asian,Undergraduate degree (BA/BSc/other),23,Male,Asian,United States,United States,Vietnam,English,No,Full-Time,0
111,66634b9fd11b27b999a3c56c,C,C,B,B,D,C,B,C,A,C,CCBBDCBCAC,0.2,0.0,0.0,noisy,random,ground,Fail,black,50.0,3.0,3.0,Fail Box,D,B,A,B,B,D,A,B,C,A,DBABBDABCA,0.8,Non-STEM Track,0.0,0.0,R,R,R,R,R,R,C,C,C,C,C,RRRRRRCCCCC,0,0,1,0,0,0,0,0,0,I don't like math,,Non-STEM Track,700.0,167,Latino/Hispanic,Undergraduate degree (BA/BSc/other),24,Female,White,United States,United States,United States,Spanish,No,Unemployed (and job seeking),0
112,65be81e55f100cf3f591e989,A,D,B,C,D,B,A,C,C,C,ADBCDBACCC,0.4,0.0,0.0,noisy,random,ground,Fail,black,50.0,6.0,5.0,Fail Box,A,B,A,C,B,D,A,D,C,A,ABACBDADCA,0.7,Non-STEM Track,0.0,0.0,R,R,R,R,R,C,C,C,C,C,C,RRRRRCCCCCC,1,1,1,1,0,0,0,0,0,Was not sure how well I would do on the other.,Good!,Non-STEM Track,429.0,411,Mixed,Technical/community college,32,Male,Mixed,United States,United States,United States,English,DATA_EXPIRED,DATA_EXPIRED,0
113,66a845e15861e2e51f8cc0a9,D,C,C,A,A,B,B,B,B,A,DCCAABBBBA,0.2,0.0,0.0,noisy,random,negative,Fail,black,0.0,0.0,3.0,Fail Box,D,B,A,C,B,D,A,B,C,D,DBACBDABCD,1.0,Non-STEM Track,0.0,0.0,R,R,R,R,R,C,C,C,C,C,C,RRRRRCCCCCC,0,0,1,0,0,0,0,0,0,"If it what was to come was anything like the previous, I didn't want to take any chances",Go easier on the participants next time.  The first round was hard. lol. ,Non-STEM Track,776.0,35,Black/African American,Undergraduate degree (BA/BSc/other),46,Female,Black,United States,United States,United States,English,No,Full-Time,0
114,66db815e9a6cfec92c483ab4,D,B,B,D,B,A,C,A,C,C,DBBDBACACC,0.2,0.0,0.0,noisy,random,positive,Fail,red,40.0,4.0,6.0,Pass Box,C,B,D,D,B,D,D,A,B,A,CBDDBDDABA,0.3,STEM Track,0.0,0.0,R,R,R,C,C,C,C,C,C,C,C,RRRCCCCCCCC,0,0,1,0,0,0,0,0,0,I wanted to take the chance to see if I could answer the questions.,,STEM Track,817.0,14,White,Undergraduate degree (BA/BSc/other),34,Female,White,United States,United States,United States,English,No,Full-Time,1
116,66d4c3c7a0c3bbfd9379c7cf,B,C,B,D,D,B,B,B,C,B,BCBDDBBBCB,0.3,0.0,0.0,noisy,random,negative,Fail,red,70.0,6.0,4.0,Pass Box,B,D,C,A,A,D,C,C,B,C,BDCAADCCBC,0.8,STEM Track,0.0,0.0,R,R,R,C,C,C,C,C,C,C,C,RRRCCCCCCCC,0,0,1,0,0,0,0,0,0,I like math and science.,Challenging. Without a timer i felt an internal pressure to finish fast since the instructions said it was timed.,STEM Track,1418.0,53,White,Undergraduate degree (BA/BSc/other),59,Male,White,United States,United States,United States,English,No,Full-Time,1
118,66325a097b34af78bbc59edd,D,A,D,,D,B,A,C,,,DAD_DBAC__,0.3,0.0,0.0,noisy,random,ground,Pass,red,65.0,6.0,1.0,Pass Box,B,,C,,A,,C,A,,,B_C_A_CA__,0.5,STEM Track,0.0,0.0,R,R,R,R,R,R,R,R,C,C,C,RRRRRRRRCCC,0,0,1,0,0,0,0,0,0,I like math,It's been a long time since I've had to do heavy math. I am still working on one of the questions.,STEM Track,1720.0,319,East Asian,Undergraduate degree (BA/BSc/other),51,Female,Asian,United States,United States,United States,English,No,Full-Time,1
119,63d520bc8833c489caf0023a,D,A,B,C,A,C,B,B,C,A,DABCACBBCA,0.2,0.0,0.0,noisy,random,negative,Fail,black,45.0,3.0,4.0,Fail Box,B,C,A,D,C,B,A,C,D,B,BCADCBACDB,0.1,STEM Track,0.0,0.0,R,R,R,R,R,C,C,C,C,C,C,RRRRRCCCCCC,0,1,0,0,0,0,0,0,0,I think STEM is important for those who take it seriously,Very well,STEM Track,464.0,2896,Latino/Hispanic,Undergraduate degree (BA/BSc/other),35,Male,Other,United States,United States,Puerto Rico,English,No,Full-Time,1
120,5e6bdd2a3ea572199bb7f6b6,C,D,D,,,,C,C,A,A,CDD___CCAA,0.1,0.0,0.0,noisy,random,positive,Fail,red,25.0,3.0,3.0,Pass Box,D,B,A,C,B,D,A,B,C,D,DBACBDABCD,1.0,Non-STEM Track,0.0,0.0,R,R,R,R,C,C,C,C,C,C,C,RRRRCCCCCCC,0,0,1,0,0,0,0,0,0,Because I haven't taken an Algebra class for 45 years and I have forgotten what I did learn.  (Math was my least favorite subject.),It just reminded me how awful I have always been at math!! My brain does not work that way.,Non-STEM Track,1216.0,4423,White,Undergraduate degree (BA/BSc/other),63,Female,White,United States,United States,United States,English,No,DATA_EXPIRED,0
121,66f39d9f1c6985f1b5a11361,D,C,C,D,C,A,B,B,,C,DCCDCABB_C,0.1,1.0,1.449,noisy,random,ground,Fail,black,80.0,5.0,5.0,Fail Box,C,C,B,C,B,D,D,C,D,D,CCBCBDDCDD,0.1,STEM Track,0.0,0.0,R,R,R,R,R,R,R,C,C,C,C,RRRRRRRCCCC,1,0,0,0,0,0,0,0,0,I wanted to try answering the question to see how well I would perform,It was quite challenging. I couldn't remember some formulas,STEM Track,1704.0,13,East Asian,Undergraduate degree (BA/BSc/other),25,Female,Asian,China,United States,United States,English,No,Full-Time,1
122,66ba46a40010ec60f6d992a2,D,D,C,B,C,A,D,C,A,A,DDCBCADCAA,0.4,0.0,0.0,noisy,random,negative,Fail,red,10.0,4.0,5.0,Fail Box,B,B,D,C,D,D,,,,,BBDCDD____,0.2,STEM Track,0.0,0.0,R,R,R,R,R,C,C,C,C,C,C,RRRRRCCCCCC,0,0,1,0,0,0,0,0,0,because i knew what to expect because of proir question,it was good no,STEM Track,1334.0,49,Black/African American,Technical/community college,41,Female,Black,United States,United States,United States,English,No,"Not in paid work (e.g. homemaker', 'retired or disabled)",1
123,559c1e28fdf99b2189ee807d,D,D,A,B,D,C,C,C,B,A,DDABDCCCBA,0.2,0.0,0.0,noisy,random,ground,Fail,black,5.0,1.0,4.0,Fail Box,D,B,A,C,B,D,A,B,C,D,DBACBDABCD,1.0,Non-STEM Track,0.0,0.0,R,R,C,C,C,C,C,C,C,C,C,RRCCCCCCCCC,0,0,1,0,0,0,0,0,0,I wasn't sure if I could answer 4 questions after the math park,If was good,Non-STEM Track,880.0,2521,White,Technical/community college,56,Female,White,United States,United States,United States,English,No,Full-Time,0
124,5f712c16875f0375275c57d5,D,A,B,B,B,B,D,B,C,B,DABBBBDBCB,0.7,0.0,0.0,noisy,random,ground,Pass,red,75.0,7.0,7.0,Pass Box,B,B,C,,A,D,C,C,C,C,BBC_ADCCCC,0.6,STEM Track,0.0,0.0,R,R,R,R,R,C,C,C,C,C,C,RRRRRCCCCCC,0,0,1,0,0,0,0,0,0,"I thought I did well on the first portion, so if the questions were similar I thought I could do similarly well.",It was very straight forward.,STEM Track,1181.0,4167,White,Undergraduate degree (BA/BSc/other),30,Male,White,United States,United States,United States,English,No,Full-Time,1
126,669a67a9378a5b8bcb87071a,D,B,B,D,,,A,C,B,,DBBD__ACB_,0.1,0.0,0.0,noisy,random,positive,Pass,red,35.0,0.0,0.0,Fail Box,A,D,A,C,B,D,A,B,C,D,ADACBDABCD,0.8,Non-STEM Track,0.0,0.0,R,R,C,C,C,C,C,C,C,C,C,RRCCCCCCCCC,0,0,1,0,0,0,0,0,0,I suck at basic math let alone anything else.,It was fine. Just felt dumb for a second.,Non-STEM Track,967.0,81,Black/African American,Undergraduate degree (BA/BSc/other),31,Female,Black,United States,United States,United States,English,Yes,Full-Time,0
127,66202163d9e5dba57c5e831d,D,D,B,C,B,D,A,B,B,C,DDBCBDABBC,0.1,0.0,0.0,noisy,random,negative,Fail,red,25.0,2.0,5.0,Pass Box,A,B,A,C,B,D,A,B,C,D,ABACBDABCD,0.9,Non-STEM Track,0.0,0.0,R,R,R,R,R,C,C,C,C,C,C,RRRRRCCCCCC,0,0,1,0,1,0,0,0,0,felt it would be easier and have a better chance at getting some of a bonus ,it went good i think,Non-STEM Track,468.0,733,White,High school diploma/A-levels,34,Male,White,United States,United States,United States,English,No,Unemployed (and job seeking),0
129,5ea9a252ef7ece0cd4993841,B,C,A,A,B,,,,,,BCAAB_____,0.1,0.0,0.0,noisy,random,negative,Fail,black,50.0,5.0,5.0,Fail Box,B,B,D,C,A,D,D,A,C,C,BBDCADDACC,0.5,STEM Track,0.0,0.0,R,R,C,C,C,C,C,C,C,C,C,RRCCCCCCCCC,0,1,1,0,0,0,0,0,0,"I love science and math; I would have gone for the other track, but I wanted to try to get more with the reward. I've got a Masters of English, so I actually prefer that over STEM.",No,STEM Track,1305.0,4709,White,Graduate degree (MA/MSc/MPhil/other),36,Female,White,United States,United States,United States,English,No,"Not in paid work (e.g. homemaker', 'retired or disabled)",1
130,6595867278f0d1e8b2378cc6,D,A,D,D,B,C,D,C,B,B,DADDBCDCBB,0.5,0.0,0.0,noisy,random,ground,Pass,red,70.0,5.0,5.0,Pass Box,D,B,A,C,B,D,A,B,C,D,DBACBDABCD,1.0,Non-STEM Track,1.0,2.154,R,R,R,R,R,C,C,C,C,C,C,RRRRRCCCCCC,0,0,1,0,0,0,0,0,0,I thought it would be easier for me,No,Non-STEM Track,701.0,137,East Asian,Graduate degree (MA/MSc/MPhil/other),40,Female,Asian,United States,United States,United States,English,DATA_EXPIRED,DATA_EXPIRED,0
131,6109ab5dba8ad610b799450a,B,A,B,C,C,B,B,B,B,D,BABCCBBBBD,0.2,0.0,0.0,noisy,random,positive,Pass,black,0.0,2.0,2.0,Pass Box,D,B,A,C,B,D,A,B,C,D,DBACBDABCD,1.0,Non-STEM Track,0.0,0.0,R,R,R,R,R,C,C,C,C,C,C,RRRRRCCCCCC,0,1,1,0,0,0,0,0,0,I am not good at math.,It was fun but the math was very difficult.,Non-STEM Track,572.0,4870,White,Undergraduate degree (BA/BSc/other),68,Female,White,United States,United States,United States,English,No,Part-Time,0
132,65c10cd68294498f2342fcd0,C,A,C,A,C,C,D,B,A,B,CACACCDBAB,0.4,0.0,0.0,noisy,random,ground,Pass,red,30.0,2.0,2.0,Pass Box,D,B,A,C,B,D,A,B,C,D,DBACBDABCD,1.0,Non-STEM Track,0.0,0.0,R,R,R,R,R,C,C,C,C,C,C,RRRRRCCCCCC,0,0,1,0,0,0,0,0,0,"Because I figured the other option would be literature related, which I'm better at.",No. I'm curious to know how many I got right!,Non-STEM Track,842.0,72,Black/African American,Technical/community college,39,Female,Black,United States,United States,United States,English,No,Full-Time,0
133,65fca331fa0a2eaf667d9318,C,B,A,C,D,B,B,C,C,A,CBACDBBCCA,0.3,0.0,0.0,noisy,random,positive,Fail,red,40.0,5.0,5.0,Fail Box,C,A,B,D,B,C,A,D,C,A,CABDBCADCA,0.1,STEM Track,0.0,0.0,R,C,C,C,C,C,C,C,C,C,C,RCCCCCCCCCC,0,0,1,0,0,0,0,0,0,extra chances,it was good,STEM Track,1664.0,781,White,High school diploma/A-levels,32,Male,White,United States,United States,United States,English,No,Full-Time,1
134,6695c426cd9399b87624659b,D,C,B,B,A,C,A,A,D,B,DCBBACAADB,0.2,0.0,0.0,noisy,random,positive,Fail,red,50.0,0.0,5.0,Not Sure,B,A,C,B,B,C,C,D,A,C,BACBBCCDAC,0.5,STEM Track,0.0,0.0,R,C,C,C,C,C,C,C,C,C,C,RCCCCCCCCCC,0,0,1,0,0,0,0,0,0,I do love math but very rusty as my current occupation does not require math,"A key would have been helpful. Every math problem has a formula that tells how to solve it. Just for sake of helping, a key would have been great!",STEM Track,613.0,73,Rather not say,Technical/community college,51,Female,Other,United States,United States,United States,English,No,Unemployed (and job seeking),1
135,5ee5b8930f2771312c3b822f,C,B,A,D,A,B,A,C,A,C,CBADABACAC,0.2,0.0,0.0,noisy,random,negative,Fail,black,20.0,2.0,3.0,Fail Box,D,B,A,C,B,D,A,B,C,A,DBACBDABCA,0.9,Non-STEM Track,0.0,0.0,R,R,R,R,C,C,C,C,C,C,C,RRRRCCCCCCC,0,0,1,0,0,0,0,0,0,I am just not good at math.,No feedback. Solid survey.,Non-STEM Track,258.0,111,Latino/Hispanic,Undergraduate degree (BA/BSc/other),27,Male,Other,United States,United States,United States,English,No,Full-Time,0
136,5e74ff093115e00576f0187c,D,A,B,B,C,C,A,C,A,C,DABBCCACAC,0.3,0.0,0.0,noisy,random,ground,Pass,red,33.0,3.0,3.0,Pass Box,D,B,A,C,B,D,A,B,C,D,DBACBDABCD,1.0,Non-STEM Track,0.0,0.0,R,R,R,C,C,C,C,C,C,C,C,RRRCCCCCCCC,1,0,0,0,0,0,0,0,0,I was a humanities major for a reason. ,I was not expecting the math quiz and do not expect I did well on it,Non-STEM Track,714.0,2290,White,Undergraduate degree (BA/BSc/other),36,Male,White,United States,United States,United States,English,Yes,Full-Time,0
139,66561f43036fa71956d44743,D,B,B,D,A,C,A,A,C,A,DBBDACAACA,0.1,0.0,0.0,noisy,random,negative,Fail,black,55.0,3.0,2.0,Fail Box,D,B,A,C,B,C,D,B,A,A,DBACBCDBAA,0.0,STEM Track,0.0,0.0,R,R,R,C,C,C,C,C,C,C,C,RRRCCCCCCCC,0,0,1,0,0,0,0,0,0,just to see if i could do it,it was way harder then i was thinking but i like a challenge. but i would like time to get familiar with before,STEM Track,933.0,220,White,High school diploma/A-levels,27,Male,White,United States,United States,United States,English,No,Other,1
140,610e063896c52970e2c24bb5,C,B,D,C,B,C,B,C,B,C,CBDCBCBCBC,0.2,0.0,0.0,noisy,random,negative,Fail,black,12.0,3.0,4.0,Fail Box,D,B,A,C,B,D,A,B,C,D,DBACBDABCD,1.0,Non-STEM Track,0.0,0.0,R,R,R,R,R,R,R,R,C,C,C,RRRRRRRRCCC,0,0,0,1,1,0,0,0,0,I felt my non-STEM skills would be better then my STEM skills,"Great, none!",Non-STEM Track,535.0,839,White,Undergraduate degree (BA/BSc/other),21,Female,White,United States,United States,United States,English,Yes,Part-Time,0
141,5f741b74992460061db87287,C,A,D,C,B,C,B,A,D,A,CADCBCBADA,0.2,0.0,0.0,noisy,random,negative,Fail,red,20.0,2.0,8.0,Fail Box,D,B,A,C,B,D,A,B,C,D,DBACBDABCD,1.0,Non-STEM Track,0.0,0.0,R,R,R,R,C,C,C,C,C,C,C,RRRRCCCCCCC,0,0,1,0,0,0,0,0,0,I don't do well with math.,"Fine, but very jarring.",Non-STEM Track,410.0,794,White,High school diploma/A-levels,34,Male,White,United States,United States,United States,English,DATA_EXPIRED,DATA_EXPIRED,0
142,66d8a8a4486ac018f50f9091,D,A,A,A,A,A,A,A,A,A,DAAAAAAAAA,0.1,0.0,0.0,noisy,random,negative,Pass,red,50.0,2.0,1.0,Pass Box,A,A,A,A,A,C,C,A,A,A,AAAAACCAAA,0.5,STEM Track,0.0,0.0,R,R,R,R,R,C,C,C,C,C,C,RRRRRCCCCCC,0,0,0,1,0,0,0,0,0,I thought you would ask science questions,"You would have to be paying me more to try and relearn math i forgot four years ago, i really just can't",STEM Track,1953.0,38,White,Undergraduate degree (BA/BSc/other),23,Female,White,United States,United States,United States,English,No,Part-Time,1
143,657dae23f3bac23e1b62a01e,D,A,C,B,B,B,D,C,A,D,DACBBBDCAD,0.7,0.0,0.0,noisy,random,negative,Pass,red,39.0,4.0,3.0,Pass Box,D,B,A,C,B,D,A,B,C,D,DBACBDABCD,1.0,Non-STEM Track,0.0,0.0,R,R,R,R,C,C,C,C,C,C,C,RRRRCCCCCCC,0,1,0,0,0,0,0,0,0,Stem just isn’t my strength,,Non-STEM Track,2491.0,281,Latino/Hispanic,Undergraduate degree (BA/BSc/other),24,Female,Other,United States,United States,United States,Spanish,Yes,Due to start a new job within the next month,0
145,66e0811a4eaeb1b4168bffd5,B,C,A,B,C,B,D,A,B,A,BCABCBDABA,0.3,0.0,0.0,noisy,random,negative,Fail,black,50.0,3.0,4.0,Fail Box,D,A,A,C,B,B,A,B,C,D,DAACBBABCD,0.8,Non-STEM Track,0.0,0.0,R,R,R,R,R,C,C,C,C,C,C,RRRRRCCCCCC,0,0,1,0,0,0,0,0,0,Not familiar with STEM,My experience was surprised with my lack of knowledge on the questions ,Non-STEM Track,908.0,17,White,Undergraduate degree (BA/BSc/other),23,Female,White,United States,United States,United States,English,No,Full-Time,0
146,6648a72ac62125647c5b1ef1,C,A,A,D,D,D,D,B,A,D,CAADDDDBAD,0.2,1.0,16.956,noisy,random,ground,Pass,red,1.0,1.0,1.0,Pass Box,D,B,A,C,B,D,A,B,C,D,DBACBDABCD,1.0,Non-STEM Track,3.0,28.091,R,R,C,C,C,C,C,C,C,C,C,RRCCCCCCCCC,0,0,1,0,0,0,1,0,0,I perfer a guaranteed win or loss.,No,Non-STEM Track,1213.0,543,African,Undergraduate degree (BA/BSc/other),31,Female,Black,Nigeria,United States,United States,English,Yes,Full-Time,0
147,62b755ac8d4ceeb1a463c05a,B,B,B,D,,,,,,,BBBD______,0.0,0.0,0.0,noisy,random,ground,Fail,black,5.0,1.0,1.0,Fail Box,D,B,A,C,B,D,A,B,C,C,DBACBDABCC,0.9,Non-STEM Track,0.0,0.0,R,R,R,R,R,R,C,C,C,C,C,RRRRRRCCCCC,0,1,0,0,0,0,0,0,0,"Because I thought it would be more of the same, that kind of math I am not so good at. ","It was fun to see how much I knew, I had trouble with the math but I did better with the other part I believe. ",Non-STEM Track,1313.0,2922,White,Technical/community college,60,Female,White,United States,United States,United States,English,No,DATA_EXPIRED,0
148,566a17d07da0350012b3e876,B,C,A,C,C,C,D,C,B,B,BCACCCDCBB,0.3,0.0,0.0,noisy,random,ground,Pass,red,80.0,2.0,2.0,Pass Box,C,B,D,B,C,D,C,D,B,A,CBDBCDCDBA,0.3,STEM Track,0.0,0.0,R,R,R,R,C,C,C,C,C,C,C,RRRRCCCCCCC,0,0,1,0,0,0,0,0,0,I thought I could get 2 right.,It was difficult. Thank You.,STEM Track,1057.0,3095,White,High school diploma/A-levels,54,Male,White,United States,United States,United States,English,No,Full-Time,1
149,65e4b150feb15ebecb2fe5e8,A,C,A,,D,B,A,B,A,A,ACA_DBABAA,0.2,0.0,0.0,noisy,random,negative,Fail,black,25.0,2.0,3.0,Fail Box,D,B,A,C,B,D,A,B,C,D,DBACBDABCD,1.0,Non-STEM Track,0.0,0.0,R,R,R,R,R,R,C,C,C,C,C,RRRRRRCCCCC,0,0,1,0,0,0,0,0,0,"I was in honors classes for English, and I have published several books. However, I was never good at match or sciences, with the exception of some of the biologies. I thought it would be to my advantage to avoid STEM questions.",I hate math so much that those questions were giving me flashbacks haha! Good job on making it brutal!,Non-STEM Track,1148.0,244,White,Technical/community college,43,Female,White,United States,United States,United States,English,Yes,Part-Time,0
150,5bdcd88176d6d50001bc3849,D,A,B,C,C,B,D,C,B,B,DABCCBDCBB,0.5,0.0,0.0,noisy,random,negative,Pass,red,50.0,3.0,4.0,Fail Box,B,A,C,A,A,D,C,A,C,C,BACAADCACC,0.9,STEM Track,0.0,0.0,R,R,R,R,R,C,C,C,C,C,C,RRRRRCCCCCC,0,0,1,0,0,0,0,0,0,Pretty sure I could get four correct,"Good, have not done most of that math in decades",STEM Track,1128.0,5856,White,Undergraduate degree (BA/BSc/other),59,Male,White,United States,United States,United States,English,No,"Not in paid work (e.g. homemaker', 'retired or disabled)",1
151,5e0cbb0be297d545c33e1739,D,C,B,C,D,A,A,A,B,C,DCBCDAAABC,0.0,0.0,0.0,noisy,random,ground,Fail,black,50.0,1.0,3.0,Fail Box,D,B,A,C,B,D,A,B,C,D,DBACBDABCD,1.0,Non-STEM Track,0.0,0.0,R,R,C,C,C,C,C,C,C,C,C,RRCCCCCCCCC,0,1,1,0,0,0,0,0,0,Easier,Section 1 sucked,Non-STEM Track,718.0,421,White,High school diploma/A-levels,73,Female,White,United States,United States,Poland,English,No,Other,0
152,66f31b6205f13a616bd3c9bc,D,A,A,B,A,C,D,B,C,B,DAABACDBCB,0.5,0.0,0.0,noisy,random,negative,Pass,red,40.0,3.0,2.0,Pass Box,D,B,A,C,B,D,A,B,C,D,DBACBDABCD,1.0,Non-STEM Track,0.0,0.0,R,R,R,R,C,C,C,C,C,C,C,RRRRCCCCCCC,0,0,1,0,0,0,0,0,0,"I assumed it would be easier to complete, especially after witnessing the first questions that were given to me (which I found difficult).","I am indifferent to the process, everything went ok. I do not have feedback.",Non-STEM Track,910.0,5,White,High school diploma/A-levels,18,Male,White,United States,United States,United States,English,No,Part-Time,0
153,66f2edccc82cfc39ba5d85c4,D,A,D,C,B,B,A,C,B,B,DADCBBACBB,0.5,0.0,0.0,noisy,random,ground,Pass,red,50.0,5.0,3.0,Pass Box,B,B,C,A,B,D,C,C,D,D,BBCABDCCDD,0.5,STEM Track,0.0,0.0,R,R,R,R,R,R,R,C,C,C,C,RRRRRRRCCCC,0,0,1,0,0,0,0,0,0,It is challenging as I have not practiced STEM related problems in years,,STEM Track,1217.0,12,Latino/Hispanic,Technical/community college,30,Female,Mixed,United States,United States,United States,Spanish,No,Full-Time,1
154,5b0b8252e9270900013ba88f,D,A,D,B,B,D,D,B,C,B,DADBBDDBCB,0.6,0.0,0.0,noisy,random,ground,Pass,red,70.0,6.0,5.0,Pass Box,D,B,A,C,B,D,A,B,C,D,DBACBDABCD,1.0,Non-STEM Track,0.0,0.0,R,R,R,R,R,C,C,C,C,C,C,RRRRRCCCCCC,0,0,1,0,0,0,0,0,1,I had trouble recalling some math methods and decided to play it safe.,The instructions were clear and the process flowed smoothly.,Non-STEM Track,1000.0,2185,Latino/Hispanic,Undergraduate degree (BA/BSc/other),54,Female,Mixed,United States,United States,United States,English,No,DATA_EXPIRED,0
155,66818dfd69bdb3f339514a29,C,B,B,B,A,A,B,B,D,B,CBBBAABBDB,0.2,0.0,0.0,noisy,random,positive,Pass,black,50.0,2.0,2.0,Fail Box,D,A,A,C,B,D,A,B,C,D,DAACBDABCD,0.9,Non-STEM Track,0.0,0.0,R,R,R,R,R,R,R,R,R,R,C,RRRRRRRRRRC,0,0,0,0,0,1,0,0,0,I chose the Non-Stem Track since math is not my strongest subject.,It was a little stressful with the math section of this survey but after completing the first section it was a breeze.,Non-STEM Track,735.0,186,Latino/Hispanic,Technical/community college,25,Female,Other,United States,United States,United States,English,No,Full-Time,0
156,665377aea47ffa34fb49bd71,D,B,A,C,B,B,B,C,,,DBACBBBC__,0.3,0.0,0.0,noisy,random,positive,Fail,red,80.0,4.0,5.0,Fail Box,D,B,A,C,B,D,A,B,C,D,DBACBDABCD,1.0,Non-STEM Track,0.0,0.0,R,R,R,R,R,C,C,C,C,C,C,RRRRRCCCCCC,0,0,1,0,0,0,0,0,0,I was not confident in answering questions I already struggled with.,"I was not expecting difficult math I have not done in years without any refreshers. It was difficult, but interesting.",Non-STEM Track,950.0,405,Mixed,Technical/community college,32,Male,Mixed,United States,United States,United States,English,No,Unemployed (and job seeking),0
157,6651118444f987017d94bd63,C,B,C,D,C,B,C,C,C,C,CBCDCBCCCC,0.4,0.0,0.0,noisy,random,negative,Fail,red,50.0,5.0,5.0,Not Sure,D,B,A,C,B,D,A,B,C,D,DBACBDABCD,1.0,Non-STEM Track,0.0,0.0,R,C,C,C,C,C,C,C,C,C,C,RCCCCCCCCCC,0,0,1,0,0,0,0,0,0,Easier,Tough.,Non-STEM Track,631.0,733,Caribbean,Undergraduate degree (BA/BSc/other),34,Male,Asian,United States,United States,United States,English,Yes,Full-Time,0
158,66d8ec93a0cbaf5384fe2148,A,C,C,B,C,D,A,C,C,B,ACCBCDACCB,0.6,0.0,0.0,noisy,random,positive,Fail,red,1.0,3.0,7.0,Fail Box,D,B,A,C,B,D,A,B,C,D,DBACBDABCD,1.0,Non-STEM Track,0.0,0.0,R,R,R,R,C,C,C,C,C,C,C,RRRRCCCCCCC,0,0,1,0,0,0,0,0,0,Not strong at stem subjects,intrigued,Non-STEM Track,773.0,65,White,High school diploma/A-levels,43,Female,White,United States,United States,United States,English,No,Full-Time,0
159,614e7196ef4fbb72f9a5223c,D,A,,,B,B,,C,,,DA__BB_C__,0.4,0.0,0.0,noisy,random,negative,Fail,red,70.0,4.0,5.0,Pass Box,D,B,A,C,B,D,A,B,C,D,DBACBDABCD,1.0,Non-STEM Track,0.0,0.0,R,R,R,R,R,R,C,C,C,C,C,RRRRRRCCCCC,0,0,1,0,0,0,0,0,0,Forgot too much math since school,Made it humble,Non-STEM Track,948.0,4307,White,Undergraduate degree (BA/BSc/other),76,Male,White,United States,United States,United States,English,No,"Not in paid work (e.g. homemaker', 'retired or disabled)",0
161,65216075939674db7a47e7d0,D,C,B,D,A,B,C,B,C,A,DCBDABCBCA,0.2,0.0,0.0,noisy,random,ground,Pass,red,10.0,1.0,2.0,Fail Box,B,B,C,C,B,D,C,C,A,B,BBCCBDCCAB,0.4,STEM Track,0.0,0.0,R,R,C,C,C,C,C,C,C,C,C,RRCCCCCCCCC,0,0,1,0,0,0,0,0,0,"I thought it would have been something else in the STEM realm, like science.","It was just very hard, as it was a lot of math I have not had to do since Sophomore year of high school.",STEM Track,693.0,793,White,Graduate degree (MA/MSc/MPhil/other),26,Female,White,United States,United States,United States,English,DATA_EXPIRED,Full-Time,1
162,65a6b6153abd42a5a5d2ac10,B,A,B,C,D,A,B,C,,,BABCDABC__,0.2,0.0,0.0,noisy,random,positive,Fail,red,50.0,3.0,5.0,Fail Box,D,B,A,C,B,D,A,B,C,D,DBACBDABCD,1.0,Non-STEM Track,0.0,0.0,R,R,R,R,R,R,C,C,C,C,C,RRRRRRCCCCC,0,0,1,1,0,0,0,0,0,I haven't done math like that since I was in high school and was not confident in my ability to answer the questions correctly. ,The math section was stressful because I like to get things right. But overall the study was straightforward and I didn't have any issues with the instructions. ,Non-STEM Track,997.0,368,Mixed,Technical/community college,34,Female,Mixed,United States,United States,United States,English,No,Full-Time,0
163,637e447c16e05f6828930612,D,A,B,C,D,C,B,B,B,C,DABCDCBBBC,0.1,0.0,0.0,noisy,random,negative,Fail,black,20.0,2.0,4.0,Fail Box,D,B,A,C,B,D,A,B,C,D,DBACBDABCD,1.0,Non-STEM Track,0.0,0.0,R,R,R,C,C,C,C,C,C,C,C,RRRCCCCCCCC,0,0,1,0,0,0,0,0,0,"I am much better with language arts than with the sciences, plus the questions in the first round were almost impossible",I was frustrated with the first set of questions and I enjoyed answerering the second set.,Non-STEM Track,672.0,3493,White,Doctorate degree (PhD/other),69,Male,White,United States,United States,United States,English,No,Full-Time,0
166,63eab089ff73041bdea22229,D,A,C,C,C,B,D,A,C,A,DACCCBDACA,0.5,2.0,13.191,noisy,random,positive,Fail,red,60.0,4.0,6.0,Pass Box,D,B,A,C,B,D,A,B,C,D,DBACBDABCD,1.0,Non-STEM Track,0.0,0.0,R,R,R,R,R,C,C,C,C,C,C,RRRRRCCCCCC,0,0,1,0,0,0,0,0,0,Not so good at STEM personally.,It was fun and interesting!!,Non-STEM Track,408.0,494,White,High school diploma/A-levels,35,Male,White,United States,United States,United States,English,No,DATA_EXPIRED,0
167,66e784bf7e22eae95ee3b5c7,D,A,B,A,D,B,D,C,B,B,DABADBDCBB,0.5,1.0,5.094,noisy,random,ground,Fail,black,80.0,9.0,8.0,Pass Box,B,A,C,A,A,D,C,A,B,C,BACAADCABC,1.0,STEM Track,0.0,0.0,R,R,R,R,C,C,C,C,C,C,C,RRRRCCCCCCC,0,1,0,0,0,0,0,0,0,I thought my odds would be better.,"I clicked off the tab a few times during the first timed section to adjust my music. I didn't know that clicking off wasn't aloud but I read it before I submitted my first section. I completed the rest of the study without clicking off. If that is a problem, please give me partial payment for my time.",STEM Track,1211.0,29,South Asian,High school diploma/A-levels,21,Male,Asian,United States,United States,United States,English,Yes,Unemployed (and job seeking),1
168,64ec1d84372b0dbb94589054,D,B,A,B,B,B,D,A,C,B,DBABBBDACB,0.6,0.0,0.0,noisy,random,positive,Pass,black,20.0,2.0,3.0,Pass Box,D,B,A,C,B,D,A,B,C,D,DBACBDABCD,1.0,Non-STEM Track,1.0,0.704,R,R,R,R,R,C,C,C,C,C,C,RRRRRCCCCCC,0,0,1,0,0,0,0,0,0,I was not confident in my abilities to answer more STEM questions given my performance on the first part.,No feedback :),Non-STEM Track,601.0,433,White,Undergraduate degree (BA/BSc/other),26,Female,White,United States,United States,United States,English,Yes,Other,0
169,608e2cb9067eb028500433d5,D,A,A,C,D,B,A,A,C,A,DAACDBAACA,0.3,0.0,0.0,noisy,random,positive,Pass,red,50.0,2.0,3.0,Fail Box,D,B,A,C,B,D,A,B,C,D,DBACBDABCD,1.0,Non-STEM Track,0.0,0.0,R,R,C,C,C,C,C,C,C,C,C,RRCCCCCCCCC,0,0,1,0,0,0,0,0,0,Because the math questions were very hard for me.,This was challenging for me.,Non-STEM Track,1000.0,4119,White,Undergraduate degree (BA/BSc/other),69,Female,White,United States,United States,United States,English,No,"Not in paid work (e.g. homemaker', 'retired or disabled)",0
170,66b629016f7dd536321ee5f8,D,B,C,C,B,D,B,C,B,C,DBCCBDBCBC,0.3,0.0,0.0,noisy,random,negative,Pass,red,0.0,0.0,1.0,Pass Box,D,B,A,C,B,D,A,B,C,D,DBACBDABCD,1.0,Non-STEM Track,0.0,0.0,R,R,R,R,R,C,C,C,C,C,C,RRRRRCCCCCC,0,0,1,0,0,0,0,0,0,Because I cant do stem,"I hated the first set of questions, and felt stupid because I haven't had this type of math in 50 years",Non-STEM Track,644.0,168,White,High school diploma/A-levels,56,Female,White,United States,United States,United States,English,No,Part-Time,0
171,6637f62f0645db241bee0959,D,D,A,B,C,A,C,C,A,C,DDABCACCAC,0.2,0.0,0.0,noisy,random,negative,Fail,black,50.0,2.0,5.0,Fail Box,D,B,A,C,B,D,A,B,C,D,DBACBDABCD,1.0,Non-STEM Track,0.0,0.0,R,R,R,C,C,C,C,C,C,C,C,RRRCCCCCCCC,0,0,1,0,1,0,0,0,0,It seemed easier ,The first set of questions were difficult ,Non-STEM Track,1203.0,393,White,High school diploma/A-levels,32,Female,White,United States,United States,United States,English,No,"Not in paid work (e.g. homemaker', 'retired or disabled)",0
172,6682c6f76c5e575920a7afc0,B,A,B,B,D,C,B,A,A,A,BABBDCBAAA,0.2,0.0,0.0,noisy,random,ground,Fail,black,50.0,6.0,6.0,Pass Box,D,B,A,D,B,D,A,B,C,D,DBADBDABCD,0.9,Non-STEM Track,2.0,26.298,R,R,R,R,R,R,R,R,R,R,R,RRRRRRRRRRR,0,0,1,0,0,0,0,0,0,Because i knew there could be another chance to win ,,Non-STEM Track,1380.0,178,Black/African American,Undergraduate degree (BA/BSc/other),34,Female,Black,United States,United States,United States,English,Yes,Full-Time,0
173,66d7b32212721220c5da226f,D,A,A,D,C,A,C,B,C,A,DAADCACBCA,0.2,0.0,0.0,noisy,random,ground,Fail,black,25.0,0.0,3.0,Fail Box,D,D,A,C,B,D,A,B,C,B,DDACBDABCB,0.8,Non-STEM Track,0.0,0.0,R,C,C,C,C,C,C,C,C,C,C,RCCCCCCCCCC,0,0,1,0,0,0,0,0,0,the probability that i would pass the stem was too low,Even though i think i didnt do well on the Stem part i enjoyed doing the test because it made me think differently,Non-STEM Track,1011.0,69,Black/African American,Undergraduate degree (BA/BSc/other),39,Female,Black,United States,United States,United States,English,No,Full-Time,0
174,66f21c08e32dccbb7b7bb996,C,D,A,C,D,B,B,A,C,D,CDACDBBACD,0.2,0.0,0.0,noisy,random,negative,Pass,red,45.0,1.0,1.0,Pass Box,A,B,A,C,B,D,A,C,C,D,ABACBDACCD,0.8,Non-STEM Track,0.0,0.0,R,R,R,R,R,R,R,R,R,R,C,RRRRRRRRRRC,0,0,1,0,0,0,0,0,0,I am not a fan of STEM,Great experience ,Non-STEM Track,1112.0,18,Black/African American,Undergraduate degree (BA/BSc/other),34,Female,Black,United States,United States,United States,English,No,DATA_EXPIRED,0
175,66ae0ded9f6746fe2d597817,C,B,C,B,B,C,B,C,B,C,CBCBBCBCBC,0.4,0.0,0.0,noisy,random,negative,Fail,black,45.0,6.0,7.0,Pass Box,B,C,B,C,C,B,C,B,C,B,BCBCCBCBCB,0.2,STEM Track,0.0,0.0,R,R,C,R,C,R,R,C,R,C,R,RRCRCRRCRCR,0,0,1,0,0,0,0,0,0," For people who are curious about how things work or want to make a tangible impact, STEM can be an exciting field that offers endless possibilities.",25,STEM Track,1044.0,84,Black/African American,Doctorate degree (PhD/other),52,Male,Black,United States,United States,United States,English,DATA_EXPIRED,Full-Time,1
176,66abb1d19603aab212118aea,B,C,A,C,A,D,A,B,A,A,BCACADABAA,0.0,0.0,0.0,noisy,random,negative,Fail,black,50.0,3.0,5.0,Fail Box,C,C,C,C,C,D,D,A,D,C,CCCCCDDADC,0.4,STEM Track,0.0,0.0,R,R,R,C,C,C,C,C,C,C,C,RRRCCCCCCCC,0,0,1,0,0,0,0,0,0,Taking a chance.,"I enjoyed the survey, it was different than others!",STEM Track,931.0,54,White,Technical/community college,30,Female,White,United States,United States,United States,English,Yes,DATA_EXPIRED,1
177,6315dbda57439d794f865dbd,,,,,,,,,,,__________,0.0,0.0,0.0,noisy,random,negative,Fail,red,50.0,5.0,5.0,Pass Box,A,C,C,A,B,A,C,C,A,B,ACCABACCAB,0.3,STEM Track,0.0,0.0,R,R,R,R,R,R,R,C,C,C,C,RRRRRRRCCCC,0,0,1,0,0,0,0,0,0,it seemed the most profitable and definite,,STEM Track,1427.0,2841,White,Undergraduate degree (BA/BSc/other),53,Male,White,United States,United States,Ireland,English,No,Full-Time,1
178,5f1b4845cbf55f3192e33b89,C,D,A,B,A,C,A,A,B,D,CDABACAABD,0.1,0.0,0.0,noisy,random,ground,Fail,black,60.0,3.0,4.0,Fail Box,D,B,A,C,B,D,A,C,C,D,DBACBDACCD,0.9,Non-STEM Track,0.0,0.0,R,R,R,R,R,C,C,C,C,C,C,RRRRRCCCCCC,0,0,1,0,0,0,0,0,0,I struggled with the math portion. ,,Non-STEM Track,850.0,2351,Latino/Hispanic,Undergraduate degree (BA/BSc/other),27,Male,White,United States,United States,United States,Spanish,No,Full-Time,0
179,5e9e19d808b9931ef37373c6,A,D,A,B,B,B,D,B,C,A,ADABBBDBCA,0.6,0.0,0.0,noisy,random,positive,Pass,red,50.0,7.0,5.0,Fail Box,B,A,C,A,A,D,C,A,B,C,BACAADCABC,1.0,STEM Track,0.0,0.0,C,C,C,C,C,C,C,C,C,C,C,CCCCCCCCCCC,0,0,1,0,0,0,0,0,0,I am more STEM inclined given my background,It was good,STEM Track,897.0,1768,South East Asian,Undergraduate degree (BA/BSc/other),29,Male,Asian,United States,United States,United States,Urdu,Yes,Other,1
180,5fe2ca269568d5e8f57933aa,A,A,D,,D,B,D,C,,,AAD_DBDC__,0.5,0.0,0.0,noisy,random,ground,Pass,red,59.0,6.0,5.0,Pass Box,B,,C,C,A,D,C,A,B,,B_CCADCAB_,0.7,STEM Track,0.0,0.0,R,R,R,R,C,C,C,C,C,C,C,RRRRCCCCCCC,0,0,0,0,0,1,0,0,0,Because science and technology are among my favorite subjects.,,STEM Track,1322.0,1201,South Asian,Undergraduate degree (BA/BSc/other),22,Male,Asian,United States,United States,United States,English,No,Part-Time,1
182,66bbd43c705fea676d6d8028,D,C,B,B,D,D,,,,,DCBBDD____,0.1,0.0,0.0,noisy,random,ground,Pass,red,2.0,2.0,1.0,Pass Box,D,B,A,C,B,D,A,B,C,D,DBACBDABCD,1.0,Non-STEM Track,0.0,0.0,R,R,R,R,R,C,C,C,C,C,C,RRRRRCCCCCC,0,0,1,0,0,0,0,0,0,because I am not strong in math,i did not expect those math questions and I was panicking.,Non-STEM Track,1081.0,40,White,Undergraduate degree (BA/BSc/other),59,Female,White,United States,United States,United States,English,No,Full-Time,0
183,666c98937b4260f665e21de9,D,A,A,C,A,A,D,A,B,C,DAACAADABC,0.2,1.0,3.365,noisy,random,ground,Fail,black,50.0,5.0,4.0,Fail Box,D,B,A,C,B,D,A,B,C,D,DBACBDABCD,1.0,Non-STEM Track,0.0,0.0,R,R,R,R,R,C,C,C,C,C,C,RRRRRCCCCCC,0,1,1,0,0,0,0,0,0,Never was very good at math,Good,Non-STEM Track,777.0,75,White,High school diploma/A-levels,60,Male,White,United States,United States,United States,English,No,Full-Time,0
184,658400102871818387a49d0f,C,B,B,B,B,B,D,C,C,A,CBBBBBDCCA,0.6,0.0,0.0,noisy,random,ground,Pass,red,20.0,2.0,2.0,Pass Box,D,B,A,C,B,B,A,B,C,C,DBACBBABCC,0.8,Non-STEM Track,0.0,0.0,R,C,C,C,C,C,C,C,C,C,C,RCCCCCCCCCC,0,0,1,0,0,0,0,0,0,I find it easier.,It made me think.,Non-STEM Track,433.0,1743,Latino/Hispanic,Undergraduate degree (BA/BSc/other),32,Female,White,United States,United States,United States,English,No,Full-Time,0
185,56e6a66af6ed900006a5867c,C,B,B,D,B,C,B,D,A,B,CBBDBCBDAB,0.2,0.0,0.0,noisy,random,negative,Pass,red,5.0,2.0,1.0,Fail Box,A,B,A,B,C,C,C,B,D,B,ABABCCCBDB,0.1,STEM Track,0.0,0.0,R,R,R,C,C,C,C,C,C,C,C,RRRCCCCCCCC,0,0,1,0,0,0,0,0,1,I took engineering classes in vocational school.,I am terrible at math and avoid algebra. I doubt I got much if any answers right.,STEM Track,669.0,7561,White,High school diploma/A-levels,44,Male,White,United States,United States,United States,English,No,Part-Time,1
186,630814cd5bc4b17afd65d786,D,D,A,A,D,B,A,,,,DDAADBA___,0.1,0.0,0.0,noisy,random,ground,Fail,black,5.0,1.0,2.0,Fail Box,D,B,A,C,B,D,A,B,C,D,DBACBDABCD,1.0,Non-STEM Track,0.0,0.0,R,R,R,R,R,R,C,C,C,C,C,RRRRRRCCCCC,0,0,1,0,0,0,0,0,0,Because the math questions all kicked my ass.  I haven't felt that dumb in a long time.,"I felt dumb, then I got to feel smart, so that was nice.",Non-STEM Track,821.0,989,White,Undergraduate degree (BA/BSc/other),43,Male,White,United States,United States,United States,English,No,Full-Time,0
187,66b78b91e30ea5e1939d7635,B,C,B,C,C,B,D,C,A,B,BCBCCBDCAB,0.4,0.0,0.0,noisy,random,positive,Pass,red,0.0,0.0,4.0,Fail Box,A,C,B,C,A,B,D,C,C,B,ACBCABDCCB,0.1,STEM Track,0.0,0.0,R,R,R,R,C,C,C,C,C,C,C,RRRRCCCCCCC,0,0,1,0,0,0,0,0,0,the money,,STEM Track,852.0,155,White,High school diploma/A-levels,64,Female,White,United States,United States,United States,English,No,Full-Time,1
188,665cd37d244c81a07e68f20f,A,A,B,B,D,B,D,A,C,B,AABBDBDACB,0.7,0.0,0.0,noisy,random,ground,Pass,red,65.0,6.0,6.0,Pass Box,B,A,C,B,A,D,C,A,B,C,BACBADCABC,0.9,STEM Track,0.0,0.0,R,R,R,R,R,C,C,C,C,C,C,RRRRRCCCCCC,0,0,1,0,0,0,0,0,0,My college major is Stem.,I had a positive experience,STEM Track,891.0,161,White,High school diploma/A-levels,19,Male,White,United States,United States,United States,English,Yes,Other,1
189,66e637b2ab80048018709cfe,D,C,B,C,C,B,C,D,A,B,DCBCCBCDAB,0.2,0.0,0.0,noisy,random,ground,Fail,black,65.0,5.0,7.0,Fail Box,C,C,B,A,D,D,C,C,C,D,CCBADDCCCD,0.3,STEM Track,0.0,0.0,R,R,R,R,R,C,C,C,C,C,C,RRRRRCCCCCC,0,1,1,0,1,0,0,0,0,I wanted to test my knowledge ,There wasn’t much time to calculate the problems,STEM Track,404.0,24,Black/African American,Graduate degree (MA/MSc/MPhil/other),40,Female,Black,United States,United States,United States,English,No,Due to start a new job within the next month,1
190,5ac43d51a3ba7a0001b498d0,B,D,A,C,D,B,B,B,A,A,BDACDBBBAA,0.1,0.0,0.0,noisy,random,negative,Fail,black,40.0,3.0,4.0,Fail Box,D,B,A,C,B,D,A,B,C,D,DBACBDABCD,1.0,Non-STEM Track,0.0,0.0,R,R,R,C,C,C,C,C,C,C,C,RRRCCCCCCCC,0,0,1,0,0,0,0,0,0,"iThe STEM questions were too advanced for me. It's been years since I used algebra and couldn't remeber a lot of what I learned when answering those questions, therefore I knew I had a better chance of answering the non stem questions to earn a little something at least","Struggled during the stem/ mathematically based questions, otherwise pretty easy and straightforward",Non-STEM Track,959.0,5256,White,High school diploma/A-levels,40,Male,White,United States,United States,United States,English,No,Full-Time,0
191,63d881ab484805569b553bd8,B,C,D,A,B,A,B,C,D,B,BCDABABCDB,0.3,0.0,0.0,noisy,random,ground,Fail,black,26.0,3.0,4.0,Fail Box,D,B,A,C,B,D,A,B,C,D,DBACBDABCD,1.0,Non-STEM Track,0.0,0.0,R,R,R,R,R,R,R,C,C,C,C,RRRRRRRCCCC,0,0,1,0,0,0,0,0,0,Math is not my strong suite. ,fun. ,Non-STEM Track,488.0,2589,Mixed,High school diploma/A-levels,35,Male,Mixed,United States,United States,United States,English,No,Full-Time,0
192,66708de4e9ac26476fb628d2,A,,,,,,D,C,A,B,A_____DCAB,0.4,0.0,0.0,noisy,random,ground,Fail,black,50.0,4.0,5.0,Fail Box,D,B,A,C,B,D,A,B,C,D,DBACBDABCD,1.0,Non-STEM Track,0.0,0.0,R,R,R,R,R,R,C,C,C,C,C,RRRRRRCCCCC,0,0,1,0,0,0,0,0,0,"I was an English major. Also, I timed out while doing the math.",8 minutes is not enough for us earnest writer-types trying to recall high school math.,Non-STEM Track,847.0,61,White,Undergraduate degree (BA/BSc/other),35,Male,White,United States,United States,United States,English,No,Full-Time,0
193,66a5a4766966a5ed53b144ab,D,B,A,C,B,C,C,A,B,D,DBACBCCABD,0.1,0.0,0.0,noisy,random,positive,Fail,red,50.0,5.0,5.0,Fail Box,D,B,A,D,B,D,A,B,C,D,DBADBDABCD,0.9,Non-STEM Track,0.0,0.0,R,R,R,R,C,C,C,C,C,C,C,RRRRCCCCCCC,0,0,1,0,0,0,0,0,0,i chose the non-steam track thinking my previous results were lower than 50% correct,,Non-STEM Track,705.0,187,Mixed,High school diploma/A-levels,35,Male,Mixed,United States,United States,United States,English,No,Unemployed (and job seeking),0
195,66f33be2bc0c71ae9547b7bb,D,D,A,C,D,B,B,B,D,B,DDACDBBBDB,0.2,0.0,0.0,noisy,random,positive,Fail,red,20.0,7.0,7.0,Pass Box,D,B,A,C,B,D,A,B,C,C,DBACBDABCC,0.9,Non-STEM Track,0.0,0.0,R,C,C,C,C,C,C,C,C,C,C,RCCCCCCCCCC,0,0,1,0,1,0,0,0,0,There’s a chance I could’ve got a harder math one and failed.,It was reminiscent of school. I don’t understand what you’re trying to accomplish so no feedback.,Non-STEM Track,699.0,7,Latino/Hispanic,High school diploma/A-levels,27,Male,Other,United States,United States,United States,English,No,DATA_EXPIRED,0
196,641374feea489f74a9c8db95,A,A,A,B,B,C,A,C,B,C,AAABBCACBC,0.5,0.0,0.0,noisy,random,ground,Pass,red,50.0,5.0,5.0,Pass Box,B,A,C,A,A,D,C,A,B,C,BACAADCABC,1.0,STEM Track,0.0,0.0,R,R,R,R,R,C,C,C,C,C,C,RRRRRCCCCCC,0,0,1,0,0,0,0,0,0,For a chance at more money,No,STEM Track,1104.0,1897,White,Undergraduate degree (BA/BSc/other),28,Male,White,United States,United States,United States,English,No,Unemployed (and job seeking),1
198,6646081c27e58027db72b129,D,D,A,B,D,A,B,C,B,C,DDABDABCBC,0.2,0.0,0.0,noisy,random,negative,Pass,red,0.0,0.0,0.0,Fail Box,B,C,A,D,B,B,B,A,C,B,BCADBBBACB,0.2,STEM Track,0.0,0.0,R,R,R,R,R,R,C,C,C,C,C,RRRRRRCCCCC,0,0,1,0,1,0,0,0,0,"I'm pretty sure I did poorly on the first STEM quiz, so I figured I wasn't going to do any better on the second quiz.",No comments.,STEM Track,819.0,423,Mixed,High school diploma/A-levels,22,Male,Mixed,United States,United States,United States,English,Yes,Unemployed (and job seeking),1
199,633f6d8b53e5f194a6f73724,D,A,D,A,B,B,D,C,B,,DADABBDCB_,0.5,0.0,0.0,noisy,random,positive,Pass,black,60.0,5.0,4.0,Pass Box,D,B,A,C,B,D,A,B,C,D,DBACBDABCD,1.0,Non-STEM Track,0.0,0.0,R,R,R,R,R,C,C,C,C,C,C,RRRRRCCCCCC,0,0,1,0,0,0,0,0,0,I am tired and the math requires a lot of thinking,this was an interesting study. thank you,Non-STEM Track,884.0,1606,White,Graduate degree (MA/MSc/MPhil/other),44,Male,White,United States,United States,United States,English,No,Full-Time,0
200,66908468a367218ba2c439be,A,C,D,B,C,A,D,B,A,C,ACDBCADBAC,0.3,0.0,0.0,noisy,random,negative,Fail,black,30.0,2.0,4.0,Fail Box,D,B,A,C,B,D,A,B,C,D,DBACBDABCD,1.0,Non-STEM Track,0.0,0.0,R,C,C,C,C,C,C,C,C,C,C,RCCCCCCCCCC,0,0,1,0,0,0,0,0,0,Becuase I gave up after the math portion,It was pretty fun,Non-STEM Track,377.0,65,East Asian,High school diploma/A-levels,20,Male,Asian,United States,United States,United States,English,Yes,Part-Time,0
201,66b8308b9c4b8eb534b5a45b,D,A,,,B,B,D,C,C,B,DA__BBDCCB,0.7,1.0,8.812,noisy,random,ground,Pass,red,50.0,6.0,6.0,Pass Box,B,B,D,C,A,D,C,A,B,C,BBDCADCABC,0.7,STEM Track,0.0,0.0,R,R,R,R,R,C,C,C,C,C,C,RRRRRCCCCCC,0,0,1,0,0,0,0,0,0,"I was always better at stem subjects when I was in school, and there was no information about the non stem category. It could have been all questions I know nothing about, like basket weaving or something",Just reminds me how little I remember from my time in school.,STEM Track,1316.0,230,White,Technical/community college,38,Male,White,United States,United States,United States,English,No,Full-Time,1
203,63b7852af635d2133764fcc8,C,B,C,B,D,B,B,D,C,B,CBCBDBBDCB,0.5,0.0,0.0,noisy,random,positive,Pass,red,35.0,4.0,5.0,Fail Box,D,B,A,C,B,D,A,B,C,D,DBACBDABCD,1.0,Non-STEM Track,0.0,0.0,R,R,C,C,C,C,C,C,C,C,C,RRCCCCCCCCC,0,1,1,0,0,0,0,0,0,Math is harder for me to recall and formulas are not the easiest when you have not done them in awhile,Fun,Non-STEM Track,659.0,3399,Black/African American,Undergraduate degree (BA/BSc/other),44,Female,Black,United States,United States,United States,English,No,Full-Time,0
204,610ccf09b1b0759b2668ded1,A,A,B,A,A,A,A,A,A,A,AABAAAAAAA,0.2,0.0,0.0,noisy,random,positive,Pass,red,20.0,1.0,2.0,Fail Box,B,A,C,B,A,B,C,B,A,A,BACBABCBAA,0.5,STEM Track,0.0,0.0,R,R,R,R,R,R,C,C,C,C,C,RRRRRRCCCCC,0,0,1,0,0,0,0,0,0,I like stem subjects,No feedback,STEM Track,445.0,5329,White,Undergraduate degree (BA/BSc/other),44,Male,White,United States,United States,United States,English,No,Full-Time,1
205,66d8880a6b84a55da0e21a45,D,A,D,B,D,B,D,A,B,B,DADBDBDABB,0.5,0.0,0.0,noisy,random,positive,Pass,red,65.0,5.0,4.0,Pass Box,B,C,C,C,A,D,C,C,C,C,BCCCADCCCC,0.6,STEM Track,0.0,0.0,R,R,R,R,R,R,R,R,R,R,C,RRRRRRRRRRC,0,0,1,0,0,0,0,0,1,"I wanted to become a professional within the STEM field, such as an engineer.",The process tested math skills that were familiar to me though are not used in my day to day work.,STEM Track,1112.0,65,South East Asian,Undergraduate degree (BA/BSc/other),33,Male,Asian,United States,United States,United States,Tagalog-Filipino,No,Full-Time,1
206,669fdb306d5acea50129ac90,A,C,C,A,D,D,D,C,B,A,ACCADDDCBA,0.4,0.0,0.0,noisy,random,negative,Fail,black,60.0,8.0,8.0,Pass Box,D,B,A,B,B,D,A,B,C,B,DBABBDABCB,0.8,Non-STEM Track,0.0,0.0,R,C,C,C,R,R,C,C,R,R,R,RCCCRRCCRRR,0,0,1,0,0,0,0,0,0,i used my intuitions ,no,Non-STEM Track,1192.0,27,Black/African American,Graduate degree (MA/MSc/MPhil/other),38,Male,Black,United States,United States,United States,English,No,Part-Time,0
207,5e6424248e335b000af4d6a3,D,D,B,B,D,A,D,B,B,B,DDBBDADBBB,0.3,0.0,0.0,noisy,random,negative,Fail,red,62.0,6.0,5.0,Pass Box,D,B,A,C,B,D,A,B,C,D,DBACBDABCD,1.0,Non-STEM Track,0.0,0.0,R,R,R,C,C,C,C,C,C,C,C,RRRCCCCCCCC,1,0,1,0,0,0,0,0,0,I wanted to see what the other quiz was like and to see how well I would do.,"I thought the process was good, would have like to see how I did after submitting a page",Non-STEM Track,713.0,575,White,Undergraduate degree (BA/BSc/other),27,Male,White,United States,United States,United States,English,DATA_EXPIRED,Part-Time,0
208,668c8ffbae575baf6cad36f7,D,C,A,C,A,C,C,B,B,B,DCACACCBBB,0.1,0.0,0.0,noisy,random,positive,Fail,red,20.0,2.0,2.0,Fail Box,D,B,A,C,B,D,A,B,C,D,DBACBDABCD,1.0,Non-STEM Track,0.0,0.0,R,R,R,R,R,C,C,C,C,C,C,RRRRRCCCCCC,0,0,1,0,0,0,0,0,0,im not good at stem,it was a good experience,Non-STEM Track,642.0,295,White,Undergraduate degree (BA/BSc/other),43,Male,White,United States,United States,United States,English,No,Full-Time,0
209,66bb7f23dfeb90cc288bd460,D,B,D,B,C,A,A,C,B,C,DBDBCAACBC,0.2,1.0,12.191,noisy,random,positive,Pass,red,75.0,4.0,2.0,Fail Box,B,D,B,C,B,D,C,C,C,B,BDBCBDCCCB,0.3,STEM Track,0.0,0.0,R,R,R,R,R,C,C,C,C,C,C,RRRRRCCCCCC,0,0,1,0,0,1,0,0,0,I want the chance to continue going if I answered the certain amount correctly.,"The math problems were difficult. I remember learning some of them in school, but that was about 14 years ago.",STEM Track,1189.0,102,White Mexican,High school diploma/A-levels,32,Male,White,United States,United States,United States,English,Yes,Part-Time,1
210,6662149979f662803eff17de,D,A,,C,D,,,,,,DA_CD_____,0.1,0.0,0.0,noisy,random,ground,Fail,black,50.0,3.0,3.0,Fail Box,B,,A,,,D,C,A,,,B_A__DCA__,0.4,STEM Track,0.0,0.0,R,R,R,R,R,C,C,C,C,C,C,RRRRRCCCCCC,0,0,1,0,0,0,0,0,0,Confident in my ability to earn the higher bonus,Experience was positive,STEM Track,1526.0,560,White,Undergraduate degree (BA/BSc/other),36,Male,White,United States,United States,United States,English,No,Full-Time,1
211,668ea84ebd40d8a08ffc47ce,C,D,C,C,C,C,A,A,A,D,CDCCCCAAAD,0.1,0.0,0.0,noisy,random,positive,Fail,red,50.0,2.0,3.0,Fail Box,D,B,A,B,B,D,A,B,C,D,DBABBDABCD,0.9,Non-STEM Track,0.0,0.0,R,C,C,C,C,C,C,C,C,C,C,RCCCCCCCCCC,0,1,0,0,0,0,0,0,0,safe-fair-realistic,Math is hard :),Non-STEM Track,868.0,402,White,High school diploma/A-levels,65,Male,White,United States,United States,Italy,English,No,"Not in paid work (e.g. homemaker', 'retired or disabled)",0
212,66933bd9ffa8d76ccb02aa43,D,A,A,C,C,B,D,D,B,A,DAACCBDDBA,0.3,0.0,0.0,noisy,random,positive,Pass,red,25.0,2.0,2.0,Fail Box,D,B,A,C,B,D,A,B,C,D,DBACBDABCD,1.0,Non-STEM Track,0.0,0.0,R,R,R,R,R,R,C,R,C,C,C,RRRRRRCRCCC,0,1,0,0,0,0,0,0,0,I’ve never been good with complex stem questions ,I didn’t like the stem but the rest was fun ,Non-STEM Track,679.0,245,White,Undergraduate degree (BA/BSc/other),35,Male,White,United States,United States,United States,English,No,Unemployed (and job seeking),0
213,5c9a7872e2a8d00001585513,B,A,B,D,D,B,D,C,A,B,BABDDBDCAB,0.5,0.0,0.0,noisy,random,positive,Pass,black,20.0,2.0,3.0,Pass Box,D,B,A,C,B,D,A,B,C,D,DBACBDABCD,1.0,Non-STEM Track,0.0,0.0,R,R,R,R,C,C,C,C,C,C,C,RRRRCCCCCCC,0,0,1,1,1,0,0,0,0,Easier to get correct answers.,Instructions were a little difficult to understand for the decisions after the STEM quiz.,Non-STEM Track,888.0,1610,White,Undergraduate degree (BA/BSc/other),35,Male,White,United States,United States,United States,English,No,Unemployed (and job seeking),0
214,65e398ef884e5dd8e5970152,D,C,A,B,B,A,D,B,A,C,DCABBADBAC,0.3,0.0,0.0,noisy,random,negative,Pass,red,10.0,1.0,1.0,Fail Box,D,B,A,C,B,D,A,B,C,D,DBACBDABCD,1.0,Non-STEM Track,0.0,0.0,R,R,R,R,C,C,C,C,C,C,C,RRRRCCCCCCC,0,0,1,0,0,0,0,0,0,I thought I would perform better.,It was fun.,Non-STEM Track,762.0,819,Latino/Hispanic,Technical/community college,34,Female,Other,United States,United States,United States,English,DATA_EXPIRED,DATA_EXPIRED,0
215,669b29f514caa691679be385,D,A,B,B,A,B,D,C,C,B,DABBABDCCB,0.7,0.0,0.0,noisy,random,ground,Fail,black,90.0,9.0,9.0,Fail Box,D,B,A,C,B,D,A,B,C,D,DBACBDABCD,1.0,Non-STEM Track,0.0,0.0,R,R,R,R,R,C,C,C,C,C,C,RRRRRCCCCCC,0,0,1,0,1,0,0,0,0,I have never been good at math and I think I am better at other things.,I had fun. It felt like I was back in school again. I wish I knew the purpose of this test.,Non-STEM Track,931.0,199,White,High school diploma/A-levels,22,Male,White,United States,United States,United States,English,Yes,Other,0
216,661a91f75f980845e760cf62,C,A,A,B,B,B,D,C,C,C,CAABBBDCCC,0.7,0.0,0.0,noisy,random,ground,Pass,red,40.0,5.0,4.0,Pass Box,B,D,C,B,A,D,C,A,C,C,BDCBADCACC,0.7,STEM Track,0.0,0.0,R,R,R,R,C,C,C,C,C,C,C,RRRRCCCCCCC,0,0,1,0,0,0,0,0,0,Better in math than english,"cool survey, liked the questions",STEM Track,1191.0,195,South Asian,Undergraduate degree (BA/BSc/other),23,Male,Asian,Pakistan,United States,United States,Urdu,Yes,Full-Time,1
217,5d0c46b3dff7d70019e6dda7,D,C,B,C,C,C,,,,,DCBCCC____,0.0,0.0,0.0,noisy,random,negative,Pass,red,0.0,0.0,0.0,Pass Box,D,B,A,C,B,D,A,B,C,D,DBACBDABCD,1.0,Non-STEM Track,0.0,0.0,R,R,R,R,R,C,C,C,C,C,C,RRRRRCCCCCC,0,0,1,0,0,0,0,0,0,I figured it'd be easier,It was easy,Non-STEM Track,841.0,990,White,High school diploma/A-levels,39,Male,White,United States,United States,United States,English,DATA_EXPIRED,DATA_EXPIRED,0
218,5c1a7f152a85450001a876e0,D,A,B,C,A,A,C,A,C,B,DABCAACACB,0.3,2.0,3.637,noisy,random,negative,Pass,red,2.0,0.0,1.0,Pass Box,D,B,A,C,B,D,A,B,C,D,DBACBDABCD,1.0,Non-STEM Track,1.0,3.991,R,R,R,R,R,R,C,C,C,C,C,RRRRRRCCCCC,0,0,1,0,0,0,0,0,0,My brain is tired,,Non-STEM Track,597.0,4892,Black/African American,Undergraduate degree (BA/BSc/other),56,Male,Black,United States,United States,United States,English,DATA_EXPIRED,DATA_EXPIRED,0
219,627448a7458cf55c0cdea3bb,C,A,B,B,B,C,C,B,B,B,CABBBCCBBB,0.4,0.0,0.0,noisy,random,positive,Fail,red,20.0,2.0,7.0,Pass Box,D,B,A,C,B,D,A,B,C,D,DBACBDABCD,1.0,Non-STEM Track,0.0,0.0,R,C,C,C,C,C,C,C,C,C,C,RCCCCCCCCCC,0,1,1,0,1,0,0,0,0,"I'm a former foster kid, I did my best in school but it's been a long time and a hard life since then. I went to over 12 schools overall.","It was okay, if I had the tools to do so I would have done a better job but alas my knowledge is still lacking in some crucial areas. ",Non-STEM Track,409.0,2966,White,High school diploma/A-levels,30,Male,White,United States,United States,United States,English,Yes,DATA_EXPIRED,0
220,668f5c308e23cd8a217c5dfe,B,A,A,B,B,A,C,D,B,B,BAABBACDBB,0.4,0.0,0.0,noisy,random,negative,Pass,red,50.0,4.0,2.0,Pass Box,A,B,A,D,B,D,A,D,C,D,ABADBDADCD,0.7,Non-STEM Track,0.0,0.0,R,R,R,R,R,C,C,C,C,C,C,RRRRRCCCCCC,1,0,1,0,0,0,0,0,0,I chose it because I felt that I could get more right on the Non-STEM track. ,It was good ,Non-STEM Track,603.0,25,White,High school diploma/A-levels,18,Male,White,United States,United States,United States,English,Yes,Other,0
221,632339023c3bf456b2b2061d,D,B,D,D,B,B,D,C,A,B,DBDDBBDCAB,0.5,0.0,0.0,noisy,random,positive,Fail,red,70.0,6.0,6.0,Fail Box,D,B,A,C,B,D,A,B,C,C,DBACBDABCC,0.9,Non-STEM Track,0.0,0.0,R,R,R,R,R,C,C,C,C,C,C,RRRRRCCCCCC,0,0,1,0,0,1,0,0,0,I didn't trust my ability to get the answers right.,,Non-STEM Track,745.0,302,Latino/Hispanic,High school diploma/A-levels,46,Male,Other,United States,United States,United States,English,No,Full-Time,0
222,66f1dc27b04f13110f25da48,B,A,A,D,C,C,A,D,D,A,BAADCCADDA,0.1,0.0,0.0,noisy,random,negative,Fail,red,33.0,4.0,4.0,Fail Box,D,B,A,C,B,D,A,B,C,D,DBACBDABCD,1.0,Non-STEM Track,0.0,0.0,R,R,R,R,C,C,C,C,C,C,C,RRRRCCCCCCC,0,0,1,0,1,0,0,0,0,It's been a while since I had to deal with STEM related questions and I felt like I wouldn't be able to properly answer them in the time given to a successful degree.,It was stressful but fun!,Non-STEM Track,704.0,25,White,High school diploma/A-levels,24,Male,White,United States,United States,United States,English,No,DATA_EXPIRED,0
223,66b2062c8571c93aa39a8abc,C,A,B,C,A,B,C,D,A,A,CABCABCDAA,0.2,0.0,0.0,noisy,random,positive,Fail,red,35.0,2.0,4.0,Fail Box,D,B,A,C,B,D,A,B,C,D,DBACBDABCD,1.0,Non-STEM Track,0.0,0.0,R,R,R,R,C,C,C,C,C,C,C,RRRRCCCCCCC,0,0,1,0,0,1,0,0,0,I was not confident in my ability to answer the stem related questions because I could not remember how to solve a lot of the questions in the first test. ,my experience was fine i just wish i had more time to try and solve the first batch of stem questions. ,Non-STEM Track,1276.0,62,White,High school diploma/A-levels,22,Male,White,United States,United States,United States,English,No,Unemployed (and job seeking),0
225,6145a88c94a2c86532d36b0f,A,A,D,B,A,B,C,B,B,C,AADBABCBBC,0.4,0.0,0.0,noisy,random,positive,Fail,red,100.0,5.0,5.0,Pass Box,D,B,A,C,B,D,A,B,C,D,DBACBDABCD,1.0,Non-STEM Track,0.0,0.0,R,R,R,R,R,R,R,R,R,R,C,RRRRRRRRRRC,0,0,0,0,1,0,0,0,0,Math takes much longer ,,Non-STEM Track,856.0,2880,Latino/Hispanic,High school diploma/A-levels,26,Male,Other,United States,United States,United States,English,Yes,Full-Time,0
226,66b8051213c46524cf76d1a2,D,A,A,B,D,B,D,B,D,B,DAABDBDBDB,0.5,0.0,0.0,noisy,random,positive,Fail,red,50.0,8.0,7.0,Fail Box,B,B,C,C,A,D,C,A,B,C,BBCCADCABC,0.8,STEM Track,0.0,0.0,R,R,R,R,R,R,C,C,C,C,C,RRRRRRCCCCC,0,0,1,0,0,0,0,0,0,I have always done somewhat well in the STEM field previously.,No feedback,STEM Track,881.0,41,White,Undergraduate degree (BA/BSc/other),22,Male,White,United States,United States,United States,English,Yes,DATA_EXPIRED,1
227,6678c37722059e0a2e718dbb,D,C,C,B,D,C,B,A,C,C,DCCBDCBACC,0.3,0.0,0.0,noisy,random,positive,Fail,red,10.0,2.0,4.0,Fail Box,A,A,A,C,B,B,A,C,C,D,AAACBBACCD,0.6,Non-STEM Track,0.0,0.0,R,R,C,C,C,C,C,C,C,C,C,RRCCCCCCCCC,0,0,1,0,0,0,0,0,0,go big or go home,tough,Non-STEM Track,966.0,185,White,Technical/community college,69,Male,White,United States,United States,United States,English,No,DATA_EXPIRED,0
229,641c6e365da0d222c4471854,D,A,B,B,C,A,B,B,D,B,DABBCABBDB,0.3,0.0,0.0,noisy,random,positive,Fail,red,90.0,3.0,10.0,Fail Box,D,B,A,C,B,D,A,B,C,D,DBACBDABCD,1.0,Non-STEM Track,0.0,0.0,R,C,C,C,C,C,C,C,C,C,C,RCCCCCCCCCC,0,0,1,0,0,0,0,0,0,I thought it would be a waste of my time as I was not going to get the questions correct.,"I enjoyed it, it was a fun experience.",Non-STEM Track,526.0,414,White,High school diploma/A-levels,20,Male,White,United States,United States,United States,English,DATA_EXPIRED,DATA_EXPIRED,0
230,66abec2fd3d6ab33fb42bd60,B,D,C,D,B,C,A,D,C,B,BDCDBCADCB,0.4,0.0,0.0,noisy,random,positive,Pass,black,10.0,2.0,3.0,Pass Box,D,B,A,C,B,D,A,B,C,D,DBACBDABCD,1.0,Non-STEM Track,0.0,0.0,R,R,R,R,C,C,C,C,C,C,C,RRRRCCCCCCC,0,0,1,0,0,0,0,0,0,I didn’t really know any of the math questions as it has been years since I’ve done those kind of equations. ,,Non-STEM Track,683.0,227,White,Graduate degree (MA/MSc/MPhil/other),36,Male,White,United States,United States,United States,English,No,Full-Time,0
231,58578946c41fd90001434680,B,C,B,C,B,C,A,C,C,C,BCBCBCACCC,0.3,0.0,0.0,noisy,random,positive,Pass,red,20.0,2.0,2.0,Fail Box,D,B,A,C,B,D,A,B,C,D,DBACBDABCD,1.0,Non-STEM Track,0.0,0.0,R,R,R,R,R,C,C,C,C,C,C,RRRRRCCCCCC,0,0,1,0,0,0,0,0,0,The math questions were too difficult for me. ,The STEM test was very difficult and honestly made me feel completely out of my element but I know I aced the second test so I feel a bit better about myself.,Non-STEM Track,1125.0,4698,White,High school diploma/A-levels,69,Male,White,United States,United States,United States,English,No,"Not in paid work (e.g. homemaker', 'retired or disabled)",0
232,642ee1cb7e6da0f6158a6743,C,B,D,A,A,B,B,B,C,C,CBDAABBBCC,0.2,0.0,0.0,noisy,random,ground,Fail,black,50.0,2.0,3.0,Fail Box,D,B,A,C,B,D,A,B,C,D,DBACBDABCD,1.0,Non-STEM Track,0.0,0.0,R,R,R,R,R,C,C,C,C,C,C,RRRRRCCCCCC,0,0,1,0,0,0,0,0,0,"As much as I enjoy science-math my math skills are absent to solve those problems. I am 63 years old and last college math class was 40 years ago, and thought I would give the non-stem a whirl since I thought my odds of getting a right answer were greater.","That was a challenging stem test for me, the non-stem test seemed way too easy.",Non-STEM Track,1356.0,3142,White,Undergraduate degree (BA/BSc/other),63,Male,White,United States,United States,United States,English,No,"Not in paid work (e.g. homemaker', 'retired or disabled)",0
233,664657170bccfb6ddea4249c,D,C,B,D,A,B,C,B,C,B,DCBDABCBCB,0.3,0.0,0.0,noisy,random,ground,Pass,red,2.0,1.0,2.0,Pass Box,D,B,A,C,B,D,A,B,C,D,DBACBDABCD,1.0,Non-STEM Track,0.0,0.0,R,R,R,R,R,R,C,C,C,C,C,RRRRRRCCCCC,0,0,1,0,0,0,0,0,0,I'm stronger with non-STEM subjects.,It was fine.,Non-STEM Track,308.0,597,White,Undergraduate degree (BA/BSc/other),32,Male,White,United States,United States,United States,English,No,Full-Time,0
236,60a48adfe091e410f4eaba34,A,A,C,A,C,B,B,C,A,B,AACACBBCAB,0.6,0.0,0.0,noisy,random,positive,Pass,red,50.0,3.0,3.0,Fail Box,B,B,A,A,B,B,B,C,B,A,BBAABBBCBA,0.3,STEM Track,0.0,0.0,R,R,R,R,R,C,C,C,C,C,C,RRRRRCCCCCC,0,0,1,0,0,0,0,0,0,I was hoping I could win some money,It was fine,STEM Track,699.0,6659,White,Undergraduate degree (BA/BSc/other),31,Male,White,United States,United States,United States,English,DATA_EXPIRED,DATA_EXPIRED,1
237,6663c41c8e2b0242b66198ec,B,D,B,B,B,B,D,A,D,A,BDBBBBDADA,0.4,0.0,0.0,noisy,random,positive,Fail,red,50.0,3.0,8.0,Fail Box,B,D,C,A,B,D,C,B,D,C,BDCABDCBDC,0.6,STEM Track,0.0,0.0,R,R,R,R,R,R,C,C,C,C,C,RRRRRRCCCCC,0,0,1,0,0,0,0,0,0,sounded interesting,no,STEM Track,967.0,91,East Asian,Undergraduate degree (BA/BSc/other),42,Male,Asian,United States,United States,United States,English,No,Full-Time,1
238,5bdbce5593c9ba0001ef52a0,D,A,B,C,C,,,,,,DABCC_____,0.1,0.0,0.0,noisy,random,ground,Pass,red,10.0,0.0,1.0,Pass Box,D,B,A,C,B,D,A,B,C,D,DBACBDABCD,1.0,Non-STEM Track,0.0,0.0,R,R,R,R,C,C,C,C,C,C,C,RRRRCCCCCCC,0,0,1,0,0,0,0,0,0,"I'm horrible at math as soon as it starts involving letters and equations, having repeated one math class twice in high school due to just not 'getting it.'",Good god am I terrible at mathematics.,Non-STEM Track,846.0,3076,White,High school diploma/A-levels,28,Male,White,United States,United States,United States,English,No,Unemployed (and job seeking),0
239,628eab48a8c8dc1ecec338dd,A,A,B,C,D,C,D,B,B,B,AABCDCDBBB,0.4,0.0,0.0,noisy,random,negative,Pass,red,50.0,4.0,4.0,Pass Box,B,B,C,C,A,D,C,A,C,C,BBCCADCACC,0.7,STEM Track,0.0,0.0,R,R,R,R,R,C,C,C,C,C,C,RRRRRCCCCCC,0,0,1,0,0,0,0,0,0,Because I enjoy science and environmental issues.,fine. no.,STEM Track,1318.0,3582,White,Undergraduate degree (BA/BSc/other),30,Male,White,United States,United States,United States,English,No,Full-Time,1
240,615c777509f34c8977bc45a7,A,A,D,B,B,C,D,C,D,B,AADBBCDCDB,0.7,0.0,0.0,noisy,random,positive,Pass,red,87.0,7.0,6.0,Pass Box,D,B,A,C,B,D,A,B,C,D,DBACBDABCD,1.0,Non-STEM Track,0.0,0.0,R,R,R,R,R,R,R,C,C,C,C,RRRRRRRCCCC,0,0,1,1,0,0,0,0,0,"I was not expecting a STEM related exam, to be honest. I was a little burnt out already given it's nearing 7:30pm after doing the first track, hence the non-stem answer.","I might not have done this given the description had it said ""exam related questionnaire"" to be honest. Not a bad thing, necessarily. ",Non-STEM Track,809.0,5247,White,Technical/community college,35,Male,White,United States,United States,United States,English,No,Full-Time,0
241,65198f8427370d082c643285,A,D,C,C,D,C,C,C,B,C,ADCCDCCCBC,0.3,0.0,0.0,noisy,random,negative,Fail,black,95.0,9.0,9.0,Fail Box,C,C,C,C,C,D,B,C,C,C,CCCCCDBCCC,0.3,STEM Track,0.0,0.0,R,C,C,R,C,R,C,C,C,C,C,RCCRCRCCCCC,0,0,1,0,0,0,0,0,0,"Because, my passion is stem related.","yeah, you should have given us more time to solve the math problem.",STEM Track,806.0,421,Latino/Hispanic,High school diploma/A-levels,21,Male,Other,United States,United States,United States,Spanish,Yes,Part-Time,1
242,667c6cdf30aebf82d16ebaf6,D,A,B,B,C,B,C,C,B,A,DABBCBCCBA,0.4,0.0,0.0,noisy,random,positive,Fail,red,99.0,5.0,5.0,Pass Box,B,C,A,A,A,D,B,A,B,C,BCAAADBABC,0.7,STEM Track,0.0,0.0,R,R,R,R,R,C,C,C,C,C,C,RRRRRCCCCCC,0,0,0,0,0,0,0,0,1,I have an interest in STEM,NO,STEM Track,1683.0,276,Black/African American,Undergraduate degree (BA/BSc/other),21,Female,Mixed,Ghana,United States,United States,English,Yes,Other,1
243,6291293b4da216ae257c1867,D,A,C,B,D,B,D,C,C,B,DACBDBDCCB,0.8,2.0,2.261,noisy,random,positive,Pass,black,100.0,10.0,8.0,Pass Box,B,B,C,C,A,D,C,A,C,C,BBCCADCACC,0.7,STEM Track,0.0,0.0,R,R,R,R,R,R,C,C,C,C,C,RRRRRRCCCCC,0,0,1,0,0,0,0,0,0,My background is in STEM.,Everything went well,STEM Track,1760.0,843,White,Undergraduate degree (BA/BSc/other),36,Male,White,United States,United States,United States,English,No,Part-Time,1
244,5e69d69465f14102e116627b,B,A,C,B,D,B,C,D,B,B,BACBDBCDBB,0.5,0.0,0.0,noisy,random,negative,Pass,red,10.0,3.0,4.0,Fail Box,D,B,A,C,B,D,A,B,C,D,DBACBDABCD,1.0,Non-STEM Track,0.0,0.0,R,R,R,R,C,C,C,C,C,C,C,RRRRCCCCCCC,0,0,1,0,0,0,0,0,0,Felt like I had a better chance on something else after how bad I did on the STEM track.,"The experience was fine, probably not my best performance but I tried my best",Non-STEM Track,972.0,1735,Latino/Hispanic,High school diploma/A-levels,32,Male,Other,United States,United States,Puerto Rico,English,No,Part-Time,0
245,66da5c48c2eae634acb3ccbe,D,C,D,D,B,C,,,,,DCDDBC____,0.1,1.0,3.327,noisy,random,negative,Pass,red,0.0,0.0,0.0,Pass Box,D,B,A,C,B,D,A,B,C,D,DBACBDABCD,1.0,Non-STEM Track,0.0,0.0,R,R,R,R,R,R,C,C,C,C,C,RRRRRRCCCCC,0,0,1,0,0,0,0,0,0,Im bad at math.,Math is scary lol. Great job!,Non-STEM Track,1381.0,73,Mixed,Technical/community college,45,Female,Black,United States,United States,United States,English,No,Other,0
246,5e30dae130e5260d9c345bac,C,C,C,C,C,C,C,C,C,C,CCCCCCCCCC,0.3,0.0,0.0,noisy,random,ground,Pass,red,25.0,2.0,2.0,Fail Box,D,B,A,C,B,D,A,B,C,D,DBACBDABCD,1.0,Non-STEM Track,0.0,0.0,R,R,R,R,C,C,C,C,C,C,C,RRRRCCCCCCC,0,1,1,0,0,0,0,0,0,"The first 10 math questions I could probably solve with more time, but I would need a lot more time.",I think most people will fail the 10 math questions in 8 minutes.,Non-STEM Track,660.0,2503,White,Graduate degree (MA/MSc/MPhil/other),43,Male,White,United States,United States,United States,English,No,Full-Time,0
247,66d5b1868358bf809fcfc0f0,A,C,C,B,A,C,C,B,D,C,ACCBACCBDC,0.3,0.0,0.0,noisy,random,positive,Pass,black,20.0,0.0,3.0,Pass Box,C,C,D,C,B,C,C,B,A,B,CCDCBCCBAB,0.1,STEM Track,0.0,0.0,R,R,R,R,R,R,R,R,R,R,C,RRRRRRRRRRC,0,1,0,0,0,0,1,0,0,I wanted to challenge myself with math.,I feel less confident in math now.  This was definitely a challenge that I was not prepared for.  Had fun trying.,STEM Track,1466.0,39,Black/African American,High school diploma/A-levels,42,Female,Mixed,United States,United States,United States,English,No,Full-Time,1
248,64077ddd11208afe2bec171a,B,C,B,A,A,D,B,C,D,A,BCBAADBCDA,0.1,0.0,0.0,noisy,random,positive,Fail,red,25.0,3.0,4.0,Fail Box,D,B,A,C,B,D,A,B,C,D,DBACBDABCD,1.0,Non-STEM Track,0.0,0.0,R,R,R,R,R,R,C,C,C,C,C,RRRRRRCCCCC,0,0,1,0,1,0,0,0,0,I didn't believe I could get enough questions on the STEM track correct.,I had a good experience and everything went well.,Non-STEM Track,2456.0,3074,White,High school diploma/A-levels,28,Male,White,United States,United States,United States,English,No,DATA_EXPIRED,0
249,663ff3e539df6ec6f060f875,A,B,C,B,D,B,C,B,,,ABCBDBCB__,0.4,0.0,0.0,noisy,random,ground,Pass,red,0.0,0.0,0.0,Fail Box,D,B,A,C,B,D,A,B,C,D,DBACBDABCD,1.0,Non-STEM Track,0.0,0.0,C,C,C,C,C,C,C,C,C,C,C,CCCCCCCCCCC,0,0,1,1,0,1,0,0,0,Because I'm terrible at math. I was in school and I still am,"It was very confusing, but enjoyable.",Non-STEM Track,683.0,534,White,High school diploma/A-levels,26,Female,White,United States,United States,United States,English,No,Unemployed (and job seeking),0
250,663abe859bcc3ea8ef9bbdf3,A,D,D,D,A,C,B,A,B,A,ADDDACBABA,0.1,0.0,0.0,noisy,random,positive,Fail,red,20.0,2.0,5.0,Not Sure,D,B,A,C,B,D,A,B,C,D,DBACBDABCD,1.0,Non-STEM Track,0.0,0.0,R,R,R,C,C,C,C,C,C,C,C,RRRCCCCCCCC,0,0,1,0,0,0,0,0,0,I wasn't  sure if i would pass the test,it was challenging ,Non-STEM Track,815.0,676,Mixed,Undergraduate degree (BA/BSc/other),58,Female,Black,United States,United States,United States,English,No,"Not in paid work (e.g. homemaker', 'retired or disabled)",0
0,67358127d2ddef8a950df734,A,A,A,B,A,C,D,A,C,B,AAABACDACB,0.6,0.0,0.0,noisy,random,negative,Pass,red,60.0,5.0,5.0,Pass Box,B,A,C,C,A,D,C,A,B,C,BACCADCABC,0.9,STEM Track,0.0,0.0,R,R,R,R,R,R,R,R,R,R,C,RRRRRRRRRRC,0,0,1,0,0,0,0,0,0,To test my abilities ,not too bad,STEM Track,662.0,9,East Asian,Undergraduate degree (BA/BSc/other),21,Male,Asian,United States,United States,Vietnam,English,Yes,Part-Time,1
2,63368a7379eb43fa2105d971,B,B,B,C,D,A,C,A,D,C,BBBCDACADC,0.0,0.0,0.0,noisy,random,negative,Fail,black,5.0,2.0,1.0,Fail Box,D,B,A,C,B,D,A,B,C,D,DBACBDABCD,1.0,Non-STEM Track,1.0,2.52,R,R,R,R,R,C,C,C,C,C,C,RRRRRCCCCCC,0,0,1,0,0,0,0,0,0,I am horrible at those problems ,Very anxiety provoking ,Non-STEM Track,745.0,4841,White,Technical/community college,40,Male,White,United States,United States,United States,English,No,Full-Time,0
4,63614a46bd1e8547e0a8b8ba,B,C,B,A,A,B,C,C,D,A,BCBAABCCDA,0.2,1.0,0.72,noisy,random,ground,Pass,red,10.0,2.0,2.0,Fail Box,D,B,A,C,B,D,A,B,C,D,DBACBDABCD,1.0,Non-STEM Track,1.0,0.74,R,R,R,R,C,C,C,C,C,C,C,RRRRCCCCCCC,0,0,0,1,0,0,0,0,0,i'm not knowledgeable in the STEM area.,simple & straightforward,Non-STEM Track,1087.0,1771,White,High school diploma/A-levels,33,Male,White,United States,United States,United States,English,No,Full-Time,0
5,673350bbb92b09a7fbbb2f3f,,,,,,,,,,,__________,0.0,0.0,0.0,noisy,random,ground,Fail,black,60.0,4.0,6.0,Pass Box,,,,,,,,,,,__________,0.0,Non-STEM Track,0.0,0.0,R,C,C,C,C,C,C,C,C,C,C,RCCCCCCCCCC,0,0,1,0,0,0,0,0,0,It has good education quality, The experience was great,Non-STEM Track,2500.0,0,White,Graduate degree (MA/MSc/MPhil/other),34,Female,White,United States,United States,United States,English,DATA_EXPIRED,DATA_EXPIRED,0
6,65957fe9e5da382be7bf68df,D,A,A,C,B,B,D,C,B,A,DAACBBDCBA,0.5,1.0,1.441,noisy,random,negative,Pass,red,50.0,4.0,5.0,Fail Box,D,B,A,C,B,D,A,B,C,D,DBACBDABCD,1.0,Non-STEM Track,0.0,0.0,R,R,C,C,C,C,C,C,C,C,C,RRCCCCCCCCC,0,1,0,0,0,0,1,0,0,I feel more confident with non-stem subjects ,No additional feedback,Non-STEM Track,698.0,196,South East Asian,Undergraduate degree (BA/BSc/other),29,Female,Asian,United States,United States,United States,English,No,DATA_EXPIRED,0
7,67354657253f396591767b63,D,A,A,B,D,B,C,A,D,,DAABDBCAD_,0.3,0.0,0.0,noisy,random,positive,Fail,red,70.0,5.0,5.0,Not Sure,B,B,D,C,A,D,C,A,,C,BBDCADCA_C,0.6,STEM Track,0.0,0.0,R,R,R,R,R,R,C,C,C,C,C,RRRRRRCCCCC,0,1,1,1,0,0,0,0,0,I am an engineer,Fun but it made me feel like I need to take a math course again,STEM Track,1194.0,16,White,Undergraduate degree (BA/BSc/other),24,Male,White,United States,United States,United States,English,No,Full-Time,1
8,6646448ac83b162ea65a4fff,B,C,B,B,D,A,C,C,C,,BCBBDACCC_,0.3,0.0,0.0,noisy,random,ground,Fail,black,90.0,0.0,5.0,Fail Box,D,B,A,C,B,D,A,B,C,D,DBACBDABCD,1.0,Non-STEM Track,0.0,0.0,R,R,R,R,R,R,R,R,R,R,R,RRRRRRRRRRR,0,0,1,0,0,0,0,0,0,"I am literally terrible at math, and I prefer English literature and history.",I was embarrassed about my abysmal math skills but felt pretty confident with the vocabulary questions. ,Non-STEM Track,860.0,460,White,Graduate degree (MA/MSc/MPhil/other),29,Female,White,United States,United States,United States,English,No,Full-Time,0
9,66fc12c9f1dfb65972597a3f,D,A,D,B,B,,,,,,DADBB_____,0.3,3.0,8.479,noisy,random,ground,Fail,black,50.0,5.0,5.0,Fail Box,D,B,A,C,B,D,A,B,C,C,DBACBDABCC,0.9,Non-STEM Track,2.0,0.779,R,R,R,C,C,C,C,C,C,C,C,RRRCCCCCCCC,0,0,1,0,1,1,0,0,0,i decided to choose the non stem track because i wasn't able to finish all of the math questions on section 2 so i got nervous,it was fun i just wish i had noticed there was a timer for section 2,Non-STEM Track,839.0,133,Latino/Hispanic,Undergraduate degree (BA/BSc/other),29,Female,White,United States,United States,Cuba,Spanish,Yes,Full-Time,0
10,67357e87a8bbd1bf5737b12f,D,C,B,C,,,,,,,DCBC______,0.0,0.0,0.0,noisy,random,negative,Fail,black,50.0,1.0,1.0,Fail Box,D,B,A,C,B,D,A,B,C,D,DBACBDABCD,1.0,Non-STEM Track,0.0,0.0,R,R,R,C,C,C,C,C,C,C,C,RRRCCCCCCCC,0,0,1,0,0,0,0,0,0,I'm not great at math,this was confusing,Non-STEM Track,879.0,11,White,Doctorate degree (PhD/other),40,Female,White,United States,United States,United States,English,No,Part-Time,0
11,671c1279b3833d369b3a5531,A,C,C,B,B,A,D,C,B,C,ACCBBADCBC,0.6,1.0,2.225,noisy,random,negative,Fail,black,70.0,7.0,8.0,Fail Box,B,A,C,A,A,D,C,A,B,C,BACAADCABC,1.0,STEM Track,2.0,10.872,R,C,C,C,C,C,C,C,C,C,C,RCCCCCCCCCC,0,0,1,0,0,0,0,0,0,I decided to choose the stem track because I wanted to work on the task,It was a nice experience and the task involves a lot of thinking,STEM Track,1791.0,0,Black/African American,Undergraduate degree (BA/BSc/other),29,Male,Black,Ghana,United States,United States,English,DATA_EXPIRED,DATA_EXPIRED,1
13,67337ca58aad7d9595168322,A,C,A,B,B,B,D,C,C,B,ACABBBDCCB,0.8,1.0,2.23,noisy,random,positive,Pass,red,80.0,7.0,6.0,Pass Box,D,B,A,C,B,D,A,B,C,D,DBACBDABCD,1.0,Non-STEM Track,0.0,0.0,R,R,R,R,R,R,C,C,C,C,C,RRRRRRCCCCC,0,0,1,0,0,0,0,0,0,I chose it before it will be less tasking.,The task was a little bit challenging but I enjoyed it.,Non-STEM Track,1042.0,18,Black/African American,Graduate degree (MA/MSc/MPhil/other),37,Male,Black,United States,United States,United States,English,Yes,Part-Time,0
14,55d3586fda14d7000e9531d9,A,C,D,B,A,C,D,C,A,C,ACDBACDCAC,0.4,0.0,0.0,noisy,random,negative,Fail,red,100.0,6.0,5.0,Pass Box,D,B,A,C,B,D,A,B,C,D,DBACBDABCD,1.0,Non-STEM Track,0.0,0.0,R,R,R,R,R,R,C,C,C,C,C,RRRRRRCCCCC,0,0,1,0,0,0,0,0,0,It would be easier for me to answer correctly,Good,Non-STEM Track,787.0,2648,White,Undergraduate degree (BA/BSc/other),33,Female,White,United States,United States,United States,English,DATA_EXPIRED,Part-Time,0
15,66f2afde336a7132150eabe6,A,B,D,C,D,C,D,B,A,B,ABDCDCDBAB,0.3,0.0,0.0,noisy,random,ground,Fail,black,20.0,3.0,5.0,Fail Box,D,B,A,C,B,D,A,B,C,D,DBACBDABCD,1.0,Non-STEM Track,0.0,0.0,R,R,R,R,R,R,R,C,C,C,C,RRRRRRRCCCC,0,0,1,0,0,0,0,0,0,I am not great with math and STEM related questions.,na,Non-STEM Track,530.0,85,White,Technical/community college,31,Female,White,United States,United States,United States,English,No,"Not in paid work (e.g. homemaker', 'retired or disabled)",0
16,63ed36862c7f66f95ab44d1b,A,A,A,A,A,A,A,A,A,A,AAAAAAAAAA,0.2,0.0,0.0,noisy,random,ground,Pass,red,0.0,0.0,0.0,Pass Box,D,B,A,C,B,D,A,B,C,D,DBACBDABCD,1.0,Non-STEM Track,0.0,0.0,R,R,R,R,R,C,C,C,C,C,C,RRRRRCCCCCC,0,0,1,0,0,0,0,0,0,I have a better understanding and am more adept at using things like language and logic than unfamiliar math. ,"The initial math quiz threw me off, I wasn't expecting to be dumped into a math quiz right off the bat lol. ",Non-STEM Track,533.0,317,Mixed,High school diploma/A-levels,42,Male,White,United States,United States,United States,English,DATA_EXPIRED,DATA_EXPIRED,0
17,60871d664054c52f5b2741ae,B,A,B,D,C,A,A,A,D,B,BABDCAAADB,0.2,0.0,0.0,noisy,random,ground,Pass,red,10.0,1.0,1.0,Pass Box,D,B,A,C,B,D,A,B,C,D,DBACBDABCD,1.0,Non-STEM Track,0.0,0.0,R,R,R,R,R,R,C,C,C,C,C,RRRRRRCCCCC,0,1,0,0,0,0,0,0,0,I am not good at STEM subjects.,A little overwhelming.  I didn't know how to compute any of those math problems.  ,Non-STEM Track,457.0,1716,White,Undergraduate degree (BA/BSc/other),52,Female,White,United States,United States,United States,English,No,Full-Time,0
18,66c75aaf68881d4b4e1248b6,D,A,B,C,B,B,,,,,DABCBB____,0.3,0.0,0.0,noisy,random,ground,Fail,black,50.0,1.0,5.0,Fail Box,D,B,A,C,B,D,A,B,C,D,DBACBDABCD,1.0,Non-STEM Track,0.0,0.0,R,R,R,R,R,C,C,C,C,C,C,RRRRRCCCCCC,1,1,1,0,0,0,0,0,0,THe Stem track was hard!,It was difficult and stressfull because the timer malke me feel rushed and the questions took me some time to breakdown and attempt to calculate.,Non-STEM Track,858.0,210,Latino/Hispanic,Undergraduate degree (BA/BSc/other),49,Female,Other,United States,United States,United States,English,No,DATA_EXPIRED,0
19,6732fe93f2e4c4706cc58ec0,D,A,D,D,A,C,D,A,A,A,DADDACDAAA,0.2,1.0,7.478,noisy,random,negative,Fail,red,70.0,4.0,5.0,Pass Box,C,B,A,B,B,D,A,B,C,D,CBABBDABCD,0.8,Non-STEM Track,0.0,0.0,R,R,R,R,R,C,C,C,C,C,C,RRRRRCCCCCC,0,1,0,0,0,0,0,0,0,the previous questions were tidious,no,Non-STEM Track,1552.0,1,White,Graduate degree (MA/MSc/MPhil/other),33,Female,White,United States,United States,United States,English,DATA_EXPIRED,DATA_EXPIRED,0
20,5e2610aad15fdb000c054503,D,A,B,C,D,A,C,C,C,B,DABCDACCCB,0.4,0.0,0.0,noisy,random,positive,Pass,black,70.0,5.0,4.0,Pass Box,A,A,B,C,A,D,C,A,C,C,AABCADCACC,0.6,STEM Track,0.0,0.0,R,R,R,R,R,C,C,C,C,C,C,RRRRRCCCCCC,0,0,1,0,0,0,0,0,0,I enjoy Stem subjects more than others.,"This was very fun! Given a bit more time, I am sure that I could've gotten more problems right, but rthe time limit was frazzling me!",STEM Track,1420.0,5732,White,Undergraduate degree (BA/BSc/other),60,Male,White,United States,United States,United States,English,No,Full-Time,1
21,65a2bed50652b97162516095,D,C,A,A,D,D,A,B,C,C,DCAADDABCC,0.1,0.0,0.0,noisy,random,ground,Fail,black,25.0,2.0,10.0,Fail Box,D,B,A,C,B,D,A,B,C,B,DBACBDABCB,0.9,Non-STEM Track,0.0,0.0,R,R,R,R,R,C,C,C,C,C,C,RRRRRCCCCCC,0,0,1,0,0,0,0,0,0,Not strong in math,It was stressful reading and answering the first part of the survey when asked stem questions,Non-STEM Track,900.0,714,South East Asian,Undergraduate degree (BA/BSc/other),27,Female,Asian,United States,United States,United States,Khmer,Yes,DATA_EXPIRED,0
22,6413c7853eba2b2215197ff4,B,B,C,B,C,D,B,D,B,B,BBCBCDBDBB,0.3,0.0,0.0,noisy,random,ground,Pass,red,0.0,0.0,0.0,Not Sure,C,C,B,D,A,D,D,C,B,C,CCBDADDCBC,0.4,STEM Track,0.0,0.0,R,R,R,R,R,C,C,C,C,C,C,RRRRRCCCCCC,0,0,1,0,0,0,0,0,0,Predictable misery vs fear of the unknown?,I don't know how to do algebra. It's kind of embarrassing.,STEM Track,669.0,2254,White,Technical/community college,69,Female,White,United States,United States,United States,English,No,Other,1
23,666096aa3e8745239c08f8b1,A,A,A,A,A,,A,C,,,AAAAA_AC__,0.3,1.0,1.467,noisy,random,ground,Fail,black,24.0,3.0,4.0,Fail Box,D,B,A,C,B,D,A,B,C,D,DBACBDABCD,1.0,Non-STEM Track,0.0,0.0,R,R,R,R,R,R,C,C,C,C,C,RRRRRRCCCCC,0,0,1,0,0,0,0,0,0,I am not good at math and thought I'd do better at something else,I tried on the math part but I know I didn't do good. I mostly guessed or tried to make an educated guess.,Non-STEM Track,905.0,244,Latino/Hispanic,Technical/community college,32,Female,Mixed,United States,United States,United States,English,No,Part-Time,0
24,65f835fa888514d736f32ece,D,A,C,A,B,C,C,D,B,B,DACABCCDBB,0.4,0.0,0.0,noisy,random,negative,Pass,red,0.0,0.0,0.0,Fail Box,A,D,D,A,A,A,A,A,A,A,ADDAAAAAAA,0.3,STEM Track,0.0,0.0,R,R,R,R,R,C,C,C,C,C,C,RRRRRCCCCCC,0,0,1,0,0,0,0,0,0,Because I'm not good at math so I figured I could pick the answer that looks like the outlier for each answer and have a good shot at getting zero of them correct. ,Was a bit confusing on the wording but it ended up being okay. ,STEM Track,621.0,261,White,Undergraduate degree (BA/BSc/other),31,Female,White,United States,United States,United States,English,DATA_EXPIRED,"Not in paid work (e.g. homemaker', 'retired or disabled)",1
25,668a0371be5eedd5c545e1ff,B,A,B,C,B,D,A,C,D,C,BABCBDACDC,0.3,0.0,0.0,noisy,random,negative,Fail,black,50.0,3.0,5.0,Fail Box,D,B,A,C,B,D,A,B,C,D,DBACBDABCD,1.0,Non-STEM Track,0.0,0.0,R,R,R,R,R,R,R,C,C,C,C,RRRRRRRCCCC,0,0,1,0,0,0,0,0,0,difficulty,the math was more difficult ,Non-STEM Track,968.0,226,White,Technical/community college,53,Female,White,United States,United States,United States,English,No,Part-Time,0
27,672298d38faba7cd4fdf3679,B,A,B,C,C,B,A,C,B,A,BABCCBACBA,0.3,0.0,0.0,noisy,random,positive,Fail,red,20.0,4.0,4.0,Fail Box,C,C,D,C,A,D,C,A,C,C,CCDCADCACC,0.5,STEM Track,0.0,0.0,R,R,R,R,R,R,R,C,C,C,C,RRRRRRRCCCC,0,0,1,0,1,0,0,0,0,$2 for 4 questions was a better chance than $.20 for each question.,Stressful,STEM Track,1227.0,56,Black/African American,Undergraduate degree (BA/BSc/other),24,Female,Black,United States,United States,United States,English,No,Full-Time,1
28,66e8ab881b2f3a27ce5ffb32,A,A,C,A,B,B,D,D,A,C,AACABBDDAC,0.6,0.0,0.0,noisy,random,ground,Pass,red,20.0,2.0,2.0,Pass Box,B,C,C,B,C,D,D,A,C,C,BCCBCDDACC,0.5,STEM Track,0.0,0.0,R,R,R,R,R,C,C,C,C,C,C,RRRRRCCCCCC,0,0,1,0,0,0,0,0,0,I love solving math problems,"good, thank you",STEM Track,931.0,261,White,High school diploma/A-levels,25,Female,White,United States,United States,United States,English,No,"Not in paid work (e.g. homemaker', 'retired or disabled)",1
29,6637fc287f16270ca8025b20,D,A,C,B,B,D,D,B,C,A,DACBBDDBCA,0.6,0.0,0.0,noisy,random,positive,Pass,black,40.0,4.0,6.0,Pass Box,D,B,A,C,B,D,A,B,C,D,DBACBDABCD,1.0,Non-STEM Track,0.0,0.0,R,R,R,R,R,R,R,C,C,C,C,RRRRRRRCCCC,0,0,1,0,0,0,0,0,0,I did not have the confidence to answer those questions,it was interesting to see these types of problems again,Non-STEM Track,683.0,455,East Asian,Undergraduate degree (BA/BSc/other),30,Male,Asian,United States,United States,Korea,English,DATA_EXPIRED,DATA_EXPIRED,0
30,5fd4814a3f26f11eb67b686c,C,A,B,C,B,B,D,C,B,A,CABCBBDCBA,0.5,0.0,0.0,noisy,random,negative,Pass,red,30.0,3.0,4.0,Pass Box,B,A,C,A,A,D,C,B,B,C,BACAADCBBC,0.9,STEM Track,0.0,0.0,R,R,R,R,R,C,C,C,C,C,C,RRRRRCCCCCC,0,0,1,0,0,0,0,0,0,I think I trust in my previous education enough to choose the STEM track.,"The experience was smooth, not much ""interference"" when going through the sections.",STEM Track,783.0,805,East Asian,Technical/community college,26,Male,Asian,United States,United States,United States,English,Yes,DATA_EXPIRED,1
31,672872eabd3885faa5ee4260,A,C,A,B,B,B,D,C,C,B,ACABBBDCCB,0.8,0.0,0.0,noisy,random,positive,Pass,red,80.0,7.0,6.0,Pass Box,D,B,A,C,B,D,A,B,C,D,DBACBDABCD,1.0,Non-STEM Track,0.0,0.0,R,R,R,R,R,R,C,C,C,C,C,RRRRRRCCCCC,0,0,1,0,0,0,0,0,0,Because I don't really like anything that involve much mathematics,I had a nice time ,Non-STEM Track,866.0,15,Black/African American,Graduate degree (MA/MSc/MPhil/other),27,Male,Black,Kenya,United States,United States,English,Yes,Part-Time,0
32,6647b89b36a2cd9d343fe7c1,D,A,B,D,D,D,B,C,B,A,DABDDDBCBA,0.2,0.0,0.0,noisy,random,ground,Fail,black,20.0,3.0,3.0,Fail Box,D,B,A,C,B,D,A,B,C,D,DBACBDABCD,1.0,Non-STEM Track,0.0,0.0,R,R,R,R,R,C,C,C,C,C,C,RRRRRCCCCCC,0,0,1,0,0,0,0,0,0,I liked my odds better with answers counting individually towards rewards.,Everything was fine.,Non-STEM Track,564.0,269,White,Undergraduate degree (BA/BSc/other),35,Female,White,United States,United States,United States,English,No,Unemployed (and job seeking),0
33,62fd76d3f0824c29d4b1e6bd,C,D,A,B,D,B,B,A,D,A,CDABDBBADA,0.2,0.0,0.0,noisy,random,ground,Fail,black,45.0,4.0,4.0,Fail Box,B,C,B,C,B,B,C,B,C,B,BCBCBBCBCB,0.2,STEM Track,0.0,0.0,R,C,C,C,C,C,C,C,C,C,C,RCCCCCCCCCC,0,0,1,0,0,0,0,0,0,I just thought the first STEM test was fun and wanted more like it. ,Thank you!,STEM Track,895.0,2024,White,High school diploma/A-levels,31,Male,White,United States,United States,United States,English,No,Part-Time,1
34,5feeeea3341f421a1fd59597,B,B,B,C,D,C,A,C,,,BBBCDCAC__,0.1,2.0,6.307,noisy,random,negative,Fail,black,25.0,2.0,5.0,Fail Box,D,B,A,C,B,D,A,B,C,D,DBACBDABCD,1.0,Non-STEM Track,1.0,2.739,R,C,C,C,R,C,C,C,C,C,C,RCCCRCCCCCC,0,0,1,0,0,0,0,0,0,Because I am better at the Non-STEM content.,,Non-STEM Track,1470.0,624,White,Graduate degree (MA/MSc/MPhil/other),63,Female,White,United States,United States,United States,English,DATA_EXPIRED,Part-Time,0
36,60fdca1a87839971dfef0270,D,A,B,C,D,B,C,C,B,D,DABCDBCCBD,0.3,0.0,0.0,noisy,random,ground,Fail,black,30.0,3.0,4.0,Fail Box,D,B,A,C,B,D,A,B,C,D,DBACBDABCD,1.0,Non-STEM Track,0.0,0.0,R,R,C,C,C,C,C,C,C,C,C,RRCCCCCCCCC,0,1,1,0,0,0,0,0,0,I am awful at math ,,Non-STEM Track,670.0,878,White,Graduate degree (MA/MSc/MPhil/other),26,Female,White,United States,United States,United States,English,DATA_EXPIRED,DATA_EXPIRED,0
37,663d0e210e239265b07238f1,,,,,,,,,,,__________,0.0,0.0,0.0,noisy,random,negative,Fail,red,70.0,8.0,5.0,Pass Box,B,C,C,A,A,D,C,D,B,C,BCCAADCDBC,0.8,STEM Track,0.0,0.0,R,C,R,R,R,R,R,R,C,C,C,RCRRRRRRCCC,1,0,0,0,1,0,0,0,0," I have always been fascinated by science and technology. I enjoy problem-solving and the analytical thinking that comes with these subjects. Additionally, I believe that a strong foundation in STEM will open up numerous career opportunities in the future, especially in a rapidly evolving job market.","My experience has been largely positive, as I appreciate the hands-on learning opportunities I've had. However, I feel that there could be more mentorship programs available for students pursuing STEM fields. Connecting students with professionals could provide valuable insights and guidance for their future careers.  ",STEM Track,1463.0,288,Black/African American,Doctorate degree (PhD/other),36,Male,Mixed,United States,United States,United States,English,No,DATA_EXPIRED,1
38,6604618d2ee080f8246f2f61,C,A,B,D,B,B,C,A,A,D,CABDBBCAAD,0.3,0.0,0.0,noisy,random,ground,Fail,black,20.0,4.0,5.0,Fail Box,A,B,A,C,B,D,A,D,C,D,ABACBDADCD,0.8,Non-STEM Track,0.0,0.0,R,R,R,R,C,C,C,C,C,C,C,RRRRCCCCCCC,0,0,1,0,0,0,0,0,0,It was guaranteed at least some bonus or higher chances of.,,Non-STEM Track,439.0,223,Caribbean,High school diploma/A-levels,23,Female,White,United States,United States,United States,English,DATA_EXPIRED,DATA_EXPIRED,0
39,6674e27d7068f7b381b54c73,C,B,B,C,A,C,C,D,B,D,CBBCACCDBD,0.0,0.0,0.0,noisy,random,positive,Fail,red,45.0,2.0,2.0,Fail Box,B,B,D,C,A,A,D,C,D,B,BBDCAADCDB,0.2,STEM Track,0.0,0.0,R,R,R,R,C,C,C,C,C,C,C,RRRRCCCCCCC,0,0,1,0,0,0,0,0,0,unsure,good,STEM Track,857.0,304,White,Undergraduate degree (BA/BSc/other),49,Female,White,United States,United States,United States,English,No,Part-Time,1
40,670d7afbadf6cefd9a2f4e72,D,A,A,C,B,B,D,C,C,B,DAACBBDCCB,0.7,0.0,0.0,noisy,random,positive,Pass,red,75.0,4.0,5.0,Fail Box,D,B,A,C,B,D,A,B,C,D,DBACBDABCD,1.0,Non-STEM Track,0.0,0.0,R,R,R,R,R,C,C,C,C,C,C,RRRRRCCCCCC,0,0,1,0,0,0,0,0,0,The first quiz was time consuming and I didn't do well.,The experience was fine. No feedback.,Non-STEM Track,794.0,241,White,High school diploma/A-levels,41,Male,White,United States,United States,United States,English,No,"Not in paid work (e.g. homemaker', 'retired or disabled)",0
41,663e638df48d765486d59a0f,D,A,D,C,A,B,D,C,B,A,DADCABDCBA,0.4,0.0,0.0,noisy,random,positive,Fail,red,25.0,4.0,5.0,Fail Box,D,B,A,C,B,D,A,B,C,D,DBACBDABCD,1.0,Non-STEM Track,0.0,0.0,R,R,R,R,C,C,C,C,C,C,C,RRRRCCCCCCC,0,0,1,0,0,0,0,0,0,I was hoping it would be something I had reviewed in the last 15 years.,"The math had me stressing, but I was pumped regarding the synonym test.",Non-STEM Track,1210.0,312,White,Undergraduate degree (BA/BSc/other),36,Female,White,United States,United States,United States,English,No,Full-Time,0
42,6643c8d8f6c2189fd555f249,D,A,B,A,B,A,B,A,C,A,DABABABACA,0.3,0.0,0.0,noisy,random,negative,Pass,red,20.0,2.0,3.0,Fail Box,D,B,A,C,B,D,A,B,C,D,DBACBDABCD,1.0,Non-STEM Track,0.0,0.0,R,R,R,R,R,C,C,C,C,C,C,RRRRRCCCCCC,0,0,1,0,0,0,0,0,0,easier ,Fun Survey :^),Non-STEM Track,524.0,187,White,Undergraduate degree (BA/BSc/other),24,Male,White,United States,United States,United States,English,No,Unemployed (and job seeking),0
43,6683fdcdf7e5580c12bb591c,D,A,A,C,B,B,,C,,,DAACBB_C__,0.4,1.0,1.636,noisy,random,positive,Pass,red,30.0,2.0,1.0,Pass Box,D,B,A,C,B,D,A,B,C,D,DBACBDABCD,1.0,Non-STEM Track,0.0,0.0,R,R,C,C,C,C,C,C,C,C,C,RRCCCCCCCCC,0,0,1,0,0,0,0,0,0,"I come from a literature background. Also, math was my worst subject.","Math makes me panic and my husband came in in the middle, so I started to panic and couldn't do any math.",Non-STEM Track,875.0,587,White,Undergraduate degree (BA/BSc/other),41,Female,White,United States,United States,United States,English,No,Full-Time,0
44,662949dcb3c06ccdd7352db5,D,A,B,C,B,B,D,B,C,B,DABCBBDBCB,0.6,0.0,0.0,noisy,random,ground,Pass,red,85.0,6.0,5.0,Pass Box,B,B,C,B,A,D,C,C,C,C,BBCBADCCCC,0.6,STEM Track,0.0,0.0,R,R,R,R,R,C,C,C,C,C,C,RRRRRCCCCCC,0,0,1,0,0,0,0,0,0,I thought I'd do better on it than I actually did.  I've been out of school too long and have forgotten a lot.,good,STEM Track,1102.0,658,White,Graduate degree (MA/MSc/MPhil/other),43,Female,White,United States,United States,United States,English,No,Full-Time,1
45,663a71833186f44039c05a68,D,A,C,C,D,C,B,B,C,D,DACCDCBBCD,0.3,0.0,0.0,noisy,random,negative,Fail,red,50.0,2.0,4.0,Fail Box,D,B,A,C,B,D,A,B,C,D,DBACBDABCD,1.0,Non-STEM Track,0.0,0.0,R,R,R,R,R,C,C,C,C,C,C,RRRRRCCCCCC,0,0,1,0,1,0,0,0,0,Because math is not my strong suit and it overwhelms me. ,It was fine. Math questions were stressing me out so I mostly just guessed answers because I had no idea what I was doing there. ,Non-STEM Track,976.0,156,White,Technical/community college,35,Female,White,United States,United States,United States,English,DATA_EXPIRED,DATA_EXPIRED,0
47,579181fa913c71000197531b,B,C,D,C,A,B,D,D,D,A,BCDCABDDDA,0.2,0.0,0.0,noisy,random,ground,Fail,black,20.0,4.0,4.0,Fail Box,A,A,C,C,B,A,D,D,C,C,AACCBADDCC,0.3,STEM Track,0.0,0.0,R,R,R,R,C,C,C,C,C,C,C,RRRRCCCCCCC,0,0,1,0,0,0,0,0,0,I wanted to try it. ,I tried to think rationally but they were hard. ,STEM Track,564.0,3299,White,High school diploma/A-levels,48,Female,White,United States,United States,United States,English,DATA_EXPIRED,DATA_EXPIRED,1
48,670aae8ee861252b0528662d,B,B,D,C,C,A,B,A,C,B,BBDCCABACB,0.2,0.0,0.0,noisy,random,positive,Fail,red,40.0,2.0,4.0,Fail Box,D,B,A,C,B,D,A,B,C,A,DBACBDABCA,0.9,Non-STEM Track,0.0,0.0,R,R,R,R,R,C,C,C,C,C,C,RRRRRCCCCCC,0,0,1,0,0,0,0,0,0,I've never been especially gifted at STEM related subjects or topics. I think I'm best at English and writing.,My experience was good.,Non-STEM Track,637.0,45,Black/African American,No formal qualifications,18,Male,Black,United States,United States,United States,English,Yes,Unemployed (and job seeking),0
49,6667897db5b8a719d60f6a78,B,D,C,C,A,B,D,A,C,A,BDCCABDACA,0.4,1.0,3.19,noisy,random,ground,Pass,red,2.0,2.0,1.0,Pass Box,D,B,A,C,B,D,A,B,C,D,DBACBDABCD,1.0,Non-STEM Track,0.0,0.0,R,R,R,R,R,C,C,C,C,C,C,RRRRRCCCCCC,0,0,1,0,0,0,0,0,0,Felt it might be easier.,Thank you!,Non-STEM Track,955.0,207,White,Undergraduate degree (BA/BSc/other),57,Female,White,United States,United States,United States,English,No,Full-Time,0
50,5ae3223938df950001455e66,B,C,B,C,B,C,B,B,B,C,BCBCBCBBBC,0.1,0.0,0.0,noisy,random,negative,Fail,red,50.0,3.0,3.0,Pass Box,B,C,C,C,B,C,C,A,B,C,BCCCBCCABC,0.6,STEM Track,0.0,0.0,R,R,R,C,C,C,C,C,C,C,C,RRRCCCCCCCC,0,0,1,0,0,0,0,0,0,The bonus would require less work. 3 answers correct versus 15.,it was fun and challenging,STEM Track,923.0,2076,Native American or Alaskan Native,Technical/community college,46,Male,Mixed,United Kingdom,United States,United States,English,No,Part-Time,1
51,5e89533c4d3d675e800bfc7c,C,B,C,D,D,A,B,B,C,B,CBCDDABBCB,0.3,1.0,0.121,noisy,random,positive,Pass,black,2.0,0.0,3.0,Pass Box,D,B,A,C,B,B,A,B,C,D,DBACBBABCD,0.9,Non-STEM Track,0.0,0.0,R,R,R,R,C,C,C,C,C,C,C,RRRRCCCCCCC,0,0,1,0,0,0,0,0,0,I am terrible at STEM - much better at word stuff.,Great! No feedback.,Non-STEM Track,283.0,5048,White,Undergraduate degree (BA/BSc/other),37,Male,White,United States,United States,United States,English,No,Full-Time,0
52,56270b0dddff3c0005bcd882,A,A,B,,,,,,,,AAB_______,0.2,0.0,0.0,noisy,random,ground,Pass,red,5.0,1.0,1.0,Fail Box,B,,C,,A,D,C,,,,B_C_ADC___,0.5,STEM Track,0.0,0.0,R,R,R,C,C,C,C,C,C,C,C,RRRCCCCCCCC,0,0,1,0,0,0,0,0,0,I wanted to see if I could continue to challenge myself without worrying so much about bonuses and feeling pressured to get the answers right.,"The questions were difficult, as I haven't been to school in many years. But the study went well, with no issues.",STEM Track,1350.0,1716,Latino/Hispanic,Technical/community college,37,Female,Mixed,United States,United States,United States,English,No,Unemployed (and job seeking),1
53,65522f42982b5a1126a27834,B,A,A,C,C,,,,,,BAACC_____,0.1,0.0,0.0,noisy,random,negative,Pass,red,10.0,0.0,1.0,Fail Box,B,D,C,C,A,B,C,D,B,A,BDCCABCDBA,0.5,STEM Track,0.0,0.0,R,R,R,C,C,C,C,C,C,C,C,RRRCCCCCCCC,0,0,0,0,0,0,0,0,0,It's better to try than to not try at all.,"I didn't really like it. Not because of the amount of knowledge that I've lacked/forgotten, but the lack of preparation to start the tests.",STEM Track,1479.0,133,Black/African American,High school diploma/A-levels,32,Male,Black,United States,United States,United States,English,No,Due to start a new job within the next month,1
55,65d5079a533c306b850e15fa,D,A,C,B,A,B,D,A,A,B,DACBABDAAB,0.6,0.0,0.0,noisy,random,negative,Pass,red,30.0,4.0,5.0,Fail Box,D,B,A,C,B,D,A,B,C,D,DBACBDABCD,1.0,Non-STEM Track,0.0,0.0,R,R,R,R,R,C,C,C,C,C,C,RRRRRCCCCCC,0,0,1,0,0,0,0,0,0,I know that I am better at humanities studies than STEM. I am a humanities major in college and I'm relatively well-read. I remember performing poorly in STEM classes previously.,It was good! The questions were worded clearly and the guidance for how to answer them made sense.,Non-STEM Track,647.0,13,East Asian,High school diploma/A-levels,21,Female,Asian,China,United States,United States,English,Yes,DATA_EXPIRED,0
56,653e66aefcd12ed6a4565fa6,B,C,B,C,C,B,D,A,A,C,BCBCCBDAAC,0.2,1.0,3.329,noisy,random,positive,Fail,red,10.0,5.0,3.0,Fail Box,D,B,A,C,B,D,A,B,C,A,DBACBDABCA,0.9,Non-STEM Track,0.0,0.0,R,C,C,C,C,C,C,C,C,C,C,RCCCCCCCCCC,0,0,1,0,0,0,0,0,0,After seeing the questions from earlier I knew there wasn't any chance of getting anything right so it was in my best interest to change tracks. ,I felt stupid on the first half but I appreciate you allowed an easier subject.,Non-STEM Track,534.0,548,White,High school diploma/A-levels,32,Female,White,United States,United States,United States,English,No,Full-Time,0
57,661fc8bb0644ba960f0e3b65,B,A,D,B,B,B,D,C,C,B,BADBBBDCCB,0.8,0.0,0.0,noisy,random,positive,Fail,red,100.0,9.0,10.0,Fail Box,B,A,C,A,A,D,C,C,B,C,BACAADCCBC,0.9,STEM Track,0.0,0.0,R,R,R,R,R,C,C,C,C,C,C,RRRRRCCCCCC,0,0,1,0,0,0,0,0,0,I believe I am very good at math,Good,STEM Track,822.0,699,East Asian,Undergraduate degree (BA/BSc/other),24,Male,Asian,United States,United States,United States,English,No,Full-Time,1
58,5bf628eb7ea49f0001baa974,A,A,C,B,C,B,B,C,B,B,AACBCBBCBB,0.7,0.0,0.0,noisy,random,positive,Pass,red,0.0,2.0,2.0,Fail Box,D,B,A,C,B,D,A,B,C,D,DBACBDABCD,1.0,Non-STEM Track,0.0,0.0,R,R,R,R,R,C,C,C,C,C,C,RRRRRCCCCCC,0,0,1,0,0,0,0,0,0,because i have dyscalculia and am bad at math due to that,Really disliked the math,Non-STEM Track,563.0,621,White,Undergraduate degree (BA/BSc/other),29,Female,White,United States,United States,United States,English,No,Full-Time,0
59,62b14f89e9222d3aab48489b,D,A,B,C,B,C,A,A,B,A,DABCBCAABA,0.2,0.0,0.0,noisy,random,negative,Fail,red,80.0,4.0,4.0,Pass Box,D,B,A,C,B,D,A,B,C,D,DBACBDABCD,1.0,Non-STEM Track,0.0,0.0,R,R,R,R,R,C,C,C,C,C,C,RRRRRCCCCCC,1,0,1,0,0,0,0,0,1,"The STEM track was ""all or nothing"", meaning there is nearly 100% chance I will fail whereas the Non-STEM track had nearly 100% chance that I would win > $0","One thing is that I often use a timer to track my time, I usually start it at the start of the study and stop after. I can't remember if I started the time before or after I started the study but I promise I didn't cheat or leave the tab after I read the rule about not doing so. Otherwise everything went great and I had fun!",Non-STEM Track,848.0,2614,Latino/Hispanic,High school diploma/A-levels,37,Male,White,United States,United States,United States,English,No,DATA_EXPIRED,0
60,65c63f9b7a891fff8a4c45a2,A,C,B,C,D,B,B,B,A,B,ACBCDBBBAB,0.3,0.0,0.0,noisy,random,negative,Pass,red,0.0,0.0,1.0,Pass Box,D,B,A,C,B,D,A,B,C,D,DBACBDABCD,1.0,Non-STEM Track,0.0,0.0,R,R,R,R,C,C,C,C,C,C,C,RRRRCCCCCCC,0,0,1,0,0,0,0,0,0,I didn't understand any of the first math questions.,I didn't understand a single one of the math questions and had to guess at them all.,Non-STEM Track,581.0,1297,White,High school diploma/A-levels,72,Female,White,United States,United States,United States,English,No,"Not in paid work (e.g. homemaker', 'retired or disabled)",0
62,6630ddcd4f10b79b19d77585,D,B,B,D,C,A,C,A,A,A,DBBDCACAAA,0.0,0.0,0.0,noisy,random,negative,Fail,black,10.0,2.0,1.0,Fail Box,D,B,A,C,B,A,A,B,C,D,DBACBAABCD,0.9,Non-STEM Track,0.0,0.0,R,R,R,C,C,C,C,C,C,C,C,RRRCCCCCCCC,0,1,1,0,0,0,0,0,0,"I am not very good at math and science; generally speaking, I perform much better in history, language arts, etc.",I was certainly overwhelmed by the STEM questions and had my confidence rattled by how poorly I did in the quiz!,Non-STEM Track,526.0,499,Mixed,Undergraduate degree (BA/BSc/other),38,Female,Mixed,Spain,United States,United States,English,DATA_EXPIRED,DATA_EXPIRED,0
63,610786681f59e722c0a8b371,C,A,C,D,A,B,C,C,B,A,CACDABCCBA,0.4,1.0,12.728,noisy,random,negative,Pass,red,15.0,3.0,4.0,Fail Box,D,B,A,C,B,D,A,B,C,D,DBACBDABCD,1.0,Non-STEM Track,0.0,0.0,R,R,R,R,R,C,C,C,C,C,C,RRRRRCCCCCC,0,0,1,0,0,0,0,0,0,I am better with language arts and non STEM subjects,No issues,Non-STEM Track,422.0,1732,White,Undergraduate degree (BA/BSc/other),29,Female,White,United States,United States,United States,English,No,Full-Time,0
64,583661f545d1d700013ebb53,D,A,D,A,D,B,D,C,C,B,DADADBDCCB,0.6,0.0,0.0,noisy,random,positive,Fail,red,90.0,7.0,7.0,Pass Box,D,B,A,C,B,D,A,B,C,C,DBACBDABCC,0.9,Non-STEM Track,0.0,0.0,R,R,R,R,R,C,C,C,C,C,C,RRRRRCCCCCC,0,0,1,0,0,0,0,0,1,I have not done math/science problems in a long time and felt non-STEM might be easier,Experience was good. The math problems were pretty challenging considering I have not done math problems like that in a long time.,Non-STEM Track,1010.0,584,East Asian,Undergraduate degree (BA/BSc/other),29,Male,Asian,China,United States,United States,Chinese,No,Full-Time,0
65,5a282206b279aa0001b0e002,B,C,C,B,C,C,A,D,D,B,BCCBCCADDB,0.3,1.0,0.0,noisy,random,ground,Pass,red,5.0,2.0,2.0,Pass Box,B,D,C,A,B,C,C,D,C,C,BDCABCCDCC,0.5,STEM Track,0.0,0.0,R,R,R,R,R,C,C,C,C,C,C,RRRRRCCCCCC,0,0,1,0,0,0,0,0,0,I thought it would be challenging ,I thought it was interesting and challenging at the same time,STEM Track,1820.0,3709,Latino/Hispanic,Technical/community college,38,Female,White,United States,United States,United States,English,No,Full-Time,1
66,65dcb8de27f5cb588f25952f,A,B,B,A,B,A,C,A,B,C,ABBABACABC,0.2,0.0,0.0,noisy,random,positive,Pass,black,50.0,2.0,1.0,Pass Box,D,B,A,C,B,D,A,B,C,D,DBACBDABCD,1.0,Non-STEM Track,0.0,0.0,R,R,R,R,R,C,C,C,C,C,C,RRRRRCCCCCC,0,0,1,0,0,0,0,0,0,I was better at English and history than math.,It was fine. No issues.,Non-STEM Track,802.0,615,White,Technical/community college,49,Male,White,United States,United States,United States,English,No,Full-Time,0
67,65cb861421aeac903f98037f,D,A,B,C,D,B,D,D,B,D,DABCDBDDBD,0.3,0.0,0.0,noisy,random,ground,Pass,red,7.0,3.0,1.0,Pass Box,B,D,B,B,A,D,C,A,C,C,BDBBADCACC,0.6,STEM Track,0.0,0.0,R,R,R,R,R,C,C,C,C,C,C,RRRRRCCCCCC,0,0,1,0,0,0,0,0,0,I was confident I would get at least one question correct.,"I guessed on a lot of the answers, but there were always a couple of questions I know I could get correct.",STEM Track,808.0,1348,East Asian,Doctorate degree (PhD/other),43,Female,Asian,United States,United States,United States,English,No,Part-Time,1
68,6021d9655d5b332710d8d984,D,A,B,C,B,B,D,C,A,A,DABCBBDCAA,0.5,0.0,0.0,noisy,random,positive,Pass,black,65.0,4.0,4.0,Pass Box,D,B,A,C,B,D,A,B,C,D,DBACBDABCD,1.0,Non-STEM Track,0.0,0.0,R,R,R,R,C,C,C,C,C,C,C,RRRRCCCCCCC,0,0,0,0,0,1,0,0,0,Haven't worked with that level of math from the STEAM track in a while. Completing it was possible but the time limit was restrictive.,This study was interesting and I have no feedback.,Non-STEM Track,1025.0,115,Middle Eastern,Undergraduate degree (BA/BSc/other),26,Male,White,United States,United States,United States,English,No,Unemployed (and job seeking),0
69,666312108dab14d3494560c2,A,A,C,B,B,A,A,A,C,B,AACBBAAACB,0.7,0.0,0.0,noisy,random,ground,Pass,red,20.0,4.0,4.0,Pass Box,D,B,A,C,B,A,A,B,C,D,DBACBAABCD,0.9,Non-STEM Track,0.0,0.0,R,R,R,R,R,R,R,C,C,C,C,RRRRRRRCCCC,1,0,0,0,0,0,0,0,0,I forgot all the geometry ,,Non-STEM Track,766.0,506,White,Graduate degree (MA/MSc/MPhil/other),36,Female,White,United States,United States,United States,English,No,DATA_EXPIRED,0
70,66253a71e3f7bc1aa48ddc4e,C,B,B,D,B,C,A,A,C,A,CBBDBCAACA,0.2,0.0,0.0,noisy,random,negative,Pass,red,60.0,0.0,2.0,Pass Box,D,B,A,C,B,D,A,B,C,D,DBACBDABCD,1.0,Non-STEM Track,0.0,0.0,R,R,R,R,R,C,C,C,C,C,C,RRRRRCCCCCC,0,0,1,0,0,0,0,0,0,I'm horrible at STEM questions.,I honestly was very stressed out answering the STEM questions knowing that they affect payment simply because I do not know how to answer any of the STEM questions that were given so I tried to figure them out then took my best quess. ,Non-STEM Track,857.0,158,White,Secondary education (e.g. GED/GCSE),26,Female,White,United States,United States,United States,English,No,Other,0
71,65e0a44487246a12016ff05b,C,B,C,B,B,C,B,B,B,C,CBCBBCBBBC,0.3,1.0,2.069,noisy,random,negative,Fail,black,50.0,5.0,5.0,Pass Box,B,C,B,C,B,B,C,A,A,B,BCBCBBCAAB,0.3,STEM Track,0.0,0.0,R,R,R,R,R,R,R,R,R,R,R,RRRRRRRRRRR,1,0,0,0,0,0,0,0,0,"I decided to choose the STEM track because I’ve always had a strong interest in problem-solving and figuring out how things work. From a young age, I enjoyed subjects like math and science, where I could apply logic to understand complex concepts. The idea of using technology and innovation to solve real-world problems really excites me, especially in areas like engineering or computer science.    Additionally, I’m drawn to STEM because of the wide range of career opportunities it offers. I appreciate that STEM fields are in high demand, which means there are many pathways to explore, with the potential for both job security and making a meaningful impact. Whether it’s working on sustainable technology or developing new medical solutions, I see STEM as a way to contribute positively to society.    Lastly, I love how STEM is always evolving and pushing the boundaries of what’s possible. That constant sense of discovery and growth keeps me motivated to continue learning and tackling new challenges.",,STEM Track,1581.0,519,Black/African American,Undergraduate degree (BA/BSc/other),35,Male,Black,Ghana,United States,United States,English,DATA_EXPIRED,DATA_EXPIRED,1
72,664bc76dd28ece3da4f96158,B,A,A,A,A,A,B,B,B,B,BAAAAABBBB,0.2,0.0,0.0,noisy,random,negative,Pass,red,0.0,1.0,1.0,Pass Box,A,A,A,A,A,A,A,A,A,A,AAAAAAAAAA,0.4,STEM Track,0.0,0.0,R,R,R,R,R,R,R,C,C,C,C,RRRRRRRCCCC,0,0,1,0,1,0,0,0,0,Salary after college,easy,STEM Track,693.0,236,Black/African American,Undergraduate degree (BA/BSc/other),28,Female,Black,United States,United States,United States,English,Yes,Full-Time,1
73,640156a5f2395bf80ca0c451,D,C,A,C,B,A,D,C,C,B,DCACBADCCB,0.5,0.0,0.0,noisy,random,negative,Pass,red,50.0,2.0,5.0,Fail Box,B,A,D,C,B,D,C,C,B,C,BADCBDCCBC,0.6,STEM Track,0.0,0.0,R,R,R,R,R,C,C,C,C,C,C,RRRRRCCCCCC,0,0,1,0,0,0,0,0,0,Chance at a higher bonus.,"Fine, I'm terrible at math.",STEM Track,1264.0,1542,White,Undergraduate degree (BA/BSc/other),34,Male,White,United States,United States,United States,English,DATA_EXPIRED,DATA_EXPIRED,1
74,5d58d7d6280de7001aa7952a,D,C,B,C,B,A,D,A,B,D,DCBCBADABD,0.2,0.0,0.0,noisy,random,negative,Fail,red,50.0,3.0,3.0,Not Sure,D,B,A,C,B,D,A,B,C,D,DBACBDABCD,1.0,Non-STEM Track,0.0,0.0,R,R,C,C,C,C,C,C,C,C,C,RRCCCCCCCCC,0,0,1,0,0,0,0,0,0,I felt I would do better.,it was pretty good.,Non-STEM Track,1624.0,4818,Mixed,Graduate degree (MA/MSc/MPhil/other),40,Female,Mixed,United States,United States,United States,English,No,Full-Time,0
75,60fe17ee7caf4703b6754ab2,,,,,,,,,,,__________,0.0,0.0,0.0,noisy,random,negative,Fail,black,40.0,3.0,5.0,Fail Box,B,C,D,A,A,B,A,C,B,B,BCDAABACBB,0.4,STEM Track,0.0,0.0,R,R,R,R,R,C,C,C,C,C,C,RRRRRCCCCCC,0,0,1,0,0,0,0,0,0,I wanted another chance at the questions,Difficult,STEM Track,894.0,265,White Sephardic Jew,Undergraduate degree (BA/BSc/other),21,Male,White,United States,United States,United States,English,Yes,Part-Time,1
76,668ac2114bd6ee74ae22e09b,B,A,A,B,B,C,A,B,B,A,BAABBCABBA,0.3,0.0,0.0,noisy,random,negative,Fail,black,34.0,3.0,5.0,Fail Box,B,D,D,C,A,D,C,C,B,C,BDDCADCCBC,0.6,STEM Track,0.0,0.0,R,R,R,R,R,R,R,C,C,C,C,RRRRRRRCCCC,0,0,1,0,0,0,0,0,0,might as well,made me feel stupid lol,STEM Track,984.0,457,Latino/Hispanic,Graduate degree (MA/MSc/MPhil/other),31,Female,Other,United States,United States,United States,English,Yes,Full-Time,1
78,656dc7fd90a5c4aea3678692,D,C,C,B,A,C,D,A,A,C,DCCBACDAAC,0.3,0.0,0.0,noisy,random,positive,Pass,red,10.0,1.0,1.0,Pass Box,D,B,A,C,B,D,A,B,C,D,DBACBDABCD,1.0,Non-STEM Track,0.0,0.0,R,R,R,R,R,R,C,C,C,C,C,RRRRRRCCCCC,0,1,1,0,0,0,0,0,0,I don't do well with numbers ,A little anxious with the questions asked,Non-STEM Track,681.0,291,Latino/Hispanic,Technical/community college,33,Female,Other,Dominican Republic,United States,United States,Spanish,No,Full-Time,0
79,5cbde499f015c800186299f2,D,A,B,C,D,B,A,C,B,B,DABCDBACBB,0.4,0.0,0.0,noisy,random,positive,Pass,black,40.0,4.0,3.0,Pass Box,B,B,C,A,A,D,C,A,D,A,BBCAADCADA,0.7,STEM Track,0.0,0.0,R,R,R,R,C,C,C,C,C,C,C,RRRRCCCCCCC,1,0,0,0,0,0,0,0,0,"No reason not to, and for the challenge",the math problems were interesting,STEM Track,1082.0,2254,White,Graduate degree (MA/MSc/MPhil/other),55,Female,White,United States,United States,United States,English,DATA_EXPIRED,DATA_EXPIRED,1
80,5d60bd4ec253680017cf4c0f,D,A,A,C,B,A,D,C,C,B,DAACBADCCB,0.6,0.0,0.0,noisy,random,negative,Fail,red,80.0,7.0,7.0,Pass Box,D,B,A,C,B,D,A,B,C,D,DBACBDABCD,1.0,Non-STEM Track,0.0,0.0,R,R,R,R,R,C,C,C,C,C,C,RRRRRCCCCCC,0,0,1,0,1,0,0,0,0,I hoped the questions were easier.,State whether or not I could use a calculator.,Non-STEM Track,655.0,490,White,Undergraduate degree (BA/BSc/other),26,Male,White,United States,United States,United States,English,No,Full-Time,0
81,664c96f5fdfc411c8d0cd939,B,C,D,A,A,B,C,C,C,B,BCDAABCCCB,0.4,0.0,0.0,noisy,random,positive,Fail,red,10.0,10.0,5.0,Fail Box,D,B,A,C,B,D,A,B,C,D,DBACBDABCD,1.0,Non-STEM Track,0.0,0.0,R,C,R,C,C,C,R,C,C,C,C,RCRCCCRCCCC,0,0,1,0,0,0,0,0,0,I felt I would better understand it.,"It was an interesting survey, I really had to think a great deal for this one.",Non-STEM Track,307.0,231,White,Technical/community college,33,Female,White,United States,United States,United States,English,No,Part-Time,0
82,5a47b7be2f91ec0001dcbfee,B,A,B,B,D,D,C,D,B,A,BABBDDCDBA,0.2,0.0,0.0,noisy,random,positive,Pass,black,25.0,0.0,2.0,Pass Box,A,B,A,C,B,D,B,B,C,D,ABACBDBBCD,0.8,Non-STEM Track,0.0,0.0,R,R,R,R,R,R,C,C,C,C,C,RRRRRRCCCCC,0,0,1,0,0,0,0,0,0,The math part was very difficult and I didn't understand it at all.,Fine.,Non-STEM Track,663.0,4915,White,High school diploma/A-levels,39,Female,White,United States,United States,United States,English,No,"Not in paid work (e.g. homemaker', 'retired or disabled)",0
83,665f5e237e47262ff05820fc,D,C,A,A,A,A,A,A,A,A,DCAAAAAAAA,0.0,0.0,0.0,noisy,random,ground,Pass,red,0.0,0.0,0.0,Pass Box,D,B,A,C,B,D,A,B,C,D,DBACBDABCD,1.0,Non-STEM Track,0.0,0.0,R,R,R,R,R,C,C,C,C,C,C,RRRRRCCCCCC,0,0,1,0,0,0,0,0,0,I cant do math,The math in the begining broke my brain. It was horribly stressful. I chose answers to those questions randomly because I had absolutely no idea how to solve the problems. It felt so much better to answer the non STEM questions.,Non-STEM Track,505.0,480,White,Undergraduate degree (BA/BSc/other),52,Female,White,United States,United States,United States,English,No,"Not in paid work (e.g. homemaker', 'retired or disabled)",0
84,5e1553fd1e2e58b6448d8dcc,D,C,A,B,B,C,A,C,C,D,DCABBCACCD,0.4,0.0,0.0,noisy,random,negative,Pass,red,20.0,2.0,2.0,Fail Box,B,B,C,C,C,D,C,C,B,A,BBCCCDCCBA,0.5,STEM Track,0.0,0.0,R,R,R,R,R,R,C,C,C,C,C,RRRRRRCCCCC,0,0,1,0,0,0,0,0,0,I felt confident that I would at least solve some of the problems given though they range by subject. ,,STEM Track,1172.0,1555,White,Technical/community college,24,Male,White,United States,United States,United States,English,Yes,Part-Time,1
85,668aa7c12a88af987360e490,B,A,D,C,A,D,C,B,D,C,BADCADCBDC,0.1,0.0,0.0,noisy,random,positive,Fail,red,90.0,5.0,4.0,Fail Box,D,B,A,B,C,B,A,D,B,B,DBABCBADBB,0.4,Non-STEM Track,0.0,0.0,R,R,R,C,R,C,R,R,R,C,C,RRRCRCRRRCC,0,0,0,0,1,0,0,0,1,I wanted to do something different,No,Non-STEM Track,1152.0,351,Black/African American,Undergraduate degree (BA/BSc/other),20,Female,Mixed,Ghana,United States,United States,English,No,Full-Time,0
86,6575ccea94910ddce0170a18,A,D,C,B,D,B,D,C,C,A,ADCBDBDCCA,0.7,1.0,0.95,noisy,random,ground,Fail,black,65.0,7.0,8.0,Fail Box,B,A,C,A,A,D,C,A,B,C,BACAADCABC,1.0,STEM Track,0.0,0.0,R,R,R,C,C,C,C,C,C,C,C,RRRCCCCCCCC,0,0,1,0,0,0,0,0,0,I had a deep interested in technology since I enjoy learning math and science.,It went well as expected.,STEM Track,1106.0,373,South Asian,High school diploma/A-levels,21,Male,Asian,United States,United States,United States,English,Yes,DATA_EXPIRED,1
87,601b9077694f034f0092dd8f,D,C,D,B,B,A,A,A,B,D,DCDBBAAABD,0.2,0.0,0.0,noisy,random,negative,Pass,red,0.0,1.0,1.0,Fail Box,D,B,A,C,B,D,A,B,C,D,DBACBDABCD,1.0,Non-STEM Track,0.0,0.0,R,R,R,R,R,C,C,C,C,C,C,RRRRRCCCCCC,0,0,1,0,0,0,0,0,0,I chose the Non-stem track because I am absolutely horrible at math. ,It was fine. The math was stressful. I had to guess for all of them I think. I'm so horrible at math. ,Non-STEM Track,690.0,2595,White,High school diploma/A-levels,37,Female,White,United States,United States,United States,English,No,"Not in paid work (e.g. homemaker', 'retired or disabled)",0
88,67359134e8f75b0c81fb8c7f,A,A,B,C,A,A,B,B,B,A,AABCAABBBA,0.2,0.0,0.0,noisy,random,negative,Pass,red,0.0,1.0,0.0,Fail Box,C,B,C,B,D,D,D,B,A,C,CBCBDDDBAC,0.3,STEM Track,0.0,0.0,R,R,R,R,R,C,C,C,C,C,C,RRRRRCCCCCC,0,0,1,0,0,0,0,0,0,"I'm not the best at math and for the second portion, I figured I wouldn't get any right.",It definitely made me wish I paid attention during my math tutoring. ,STEM Track,733.0,5,Mixed,Technical/community college,30,Female,White,United States,United States,United States,English,No,Full-Time,1
90,66a7036786f60251fc454bdb,D,C,B,D,C,C,C,A,B,C,DCBDCCCABC,0.0,0.0,0.0,noisy,random,ground,Fail,black,30.0,2.0,2.0,Fail Box,D,B,A,C,B,D,A,B,A,D,DBACBDABAD,0.9,Non-STEM Track,0.0,0.0,R,R,C,C,C,C,C,C,C,C,C,RRCCCCCCCCC,0,0,1,0,0,0,0,0,0,The math question were a bit hard,Fun,Non-STEM Track,684.0,232,White,Graduate degree (MA/MSc/MPhil/other),55,Female,White,Italy,United States,United States,Italian,No,Part-Time,0
92,66045a2983025b44add4864b,D,B,C,A,C,C,D,A,B,B,DBCACCDABB,0.3,0.0,0.0,noisy,random,ground,Fail,black,50.0,3.0,4.0,Fail Box,A,B,A,C,B,D,A,D,C,D,ABACBDADCD,0.8,Non-STEM Track,0.0,0.0,R,R,R,R,R,C,C,C,C,C,C,RRRRRCCCCCC,0,0,1,0,0,0,0,0,0,It was easier to receive a bonus.,No,Non-STEM Track,234.0,190,Latino/Hispanic,High school diploma/A-levels,26,Male,White,United States,United States,United States,English,DATA_EXPIRED,DATA_EXPIRED,0
93,665dd4c4f25dc25f070bd22b,C,D,D,C,A,C,D,D,A,B,CDDCACDDAB,0.2,0.0,0.0,noisy,random,positive,Fail,red,65.0,3.0,5.0,Fail Box,D,B,A,C,B,D,A,B,C,D,DBACBDABCD,1.0,Non-STEM Track,0.0,0.0,R,R,R,R,R,R,R,R,R,R,R,RRRRRRRRRRR,0,0,1,0,0,0,0,0,0,I am better at non stem topics. Stem was really hard in such a short time.,The math was difficult especially with that short time.,Non-STEM Track,589.0,338,Latino/Hispanic,Undergraduate degree (BA/BSc/other),29,Female,Other,United States,United States,United States,Spanish,Yes,Part-Time,0
94,673170c4b540ee9075d27d4a,B,B,B,B,A,C,A,B,A,A,BBBBACABAA,0.1,0.0,0.0,noisy,random,negative,Pass,red,0.0,2.0,0.0,Fail Box,A,D,D,D,A,B,D,C,B,C,ADDDABDCBC,0.3,STEM Track,0.0,0.0,R,R,R,R,R,C,C,C,C,C,C,RRRRRCCCCCC,0,1,1,0,0,0,0,0,0,It had a higher chance of receiving a bonus ,Very difficult math problems for the average person,STEM Track,1063.0,13,White,Undergraduate degree (BA/BSc/other),35,Female,White,Germany,United States,United States,English,No,DATA_EXPIRED,1
95,668959a7ecf71cb66cf9768a,A,C,B,C,B,C,D,A,B,A,ACBCBCDABA,0.3,0.0,0.0,noisy,random,negative,Pass,red,90.0,3.0,3.0,Pass Box,D,B,A,C,B,D,A,B,C,D,DBACBDABCD,1.0,Non-STEM Track,0.0,0.0,R,R,R,R,C,C,C,C,C,C,C,RRRRCCCCCCC,0,0,1,1,0,0,0,0,0,I am much better at liberal arts,Stressful. I'm not good at math. ,Non-STEM Track,640.0,113,White,Graduate degree (MA/MSc/MPhil/other),35,Male,White,United States,United States,United States,English,No,Full-Time,0
96,6543ba9056ed19f45e686e85,B,A,C,B,A,B,B,A,B,A,BACBABBABA,0.4,0.0,0.0,noisy,random,ground,Fail,black,40.0,3.0,5.0,Fail Box,D,B,A,C,B,A,A,C,C,D,DBACBAACCD,0.8,Non-STEM Track,0.0,0.0,R,R,R,C,C,C,C,C,C,C,C,RRRCCCCCCCC,0,0,1,0,0,0,0,0,0,I chose the non-STEM track because my math skills are a bit rusty.,It was a pretty interesting process and I think it was fun to think back to the old days of doing not-so-basic math.,Non-STEM Track,941.0,479,Mixed,Technical/community college,25,Female,Mixed,United States,United States,United States,English,No,Full-Time,0
97,66298f03416104b5b53f56b5,D,C,A,C,C,C,B,D,A,C,DCACCCBDAC,0.0,0.0,0.0,noisy,random,negative,Fail,black,50.0,5.0,3.0,Fail Box,D,B,A,C,B,D,A,B,C,D,DBACBDABCD,1.0,Non-STEM Track,0.0,0.0,R,C,C,C,C,C,C,C,C,C,C,RCCCCCCCCCC,0,0,1,0,0,0,0,0,0,I'm terrible with math and such. ,No feedback.,Non-STEM Track,409.0,313,White,Technical/community college,54,Female,White,United States,United States,United States,English,Yes,"Not in paid work (e.g. homemaker', 'retired or disabled)",0
99,665a9b5ac6a631387e988bc1,D,B,A,C,B,D,C,B,A,D,DBACBDCBAD,0.1,0.0,0.0,noisy,random,negative,Fail,red,38.0,3.0,3.0,Pass Box,D,B,A,C,B,D,A,D,C,D,DBACBDADCD,0.9,Non-STEM Track,0.0,0.0,R,R,R,R,R,R,R,C,C,C,C,RRRRRRRCCCC,0,0,1,0,0,0,0,0,0,Was unable to answer the first round of STEM questions with any certainty in my answers. ,"Experience was overall okay, felt a tad confused at times, and a bit flustered when not understand the more challenging questions.",Non-STEM Track,804.0,15,White,High school diploma/A-levels,24,Male,White,United States,United States,United States,English,No,DATA_EXPIRED,0
100,65ff3a4e1892ec3f6991a29e,A,C,B,B,A,A,D,B,A,D,ACBBAADBAD,0.3,0.0,0.0,noisy,random,positive,Fail,red,7.0,8.0,5.0,Pass Box,B,A,B,C,A,A,C,D,A,C,BABCAACDAC,0.1,Non-STEM Track,0.0,0.0,R,C,R,R,R,C,R,C,R,R,R,RCRRRCRCRRR,0,0,0,1,0,0,0,0,0,,,Non-STEM Track,257.0,182,Black/African American,Graduate degree (MA/MSc/MPhil/other),33,Male,Black,Ghana,United States,United States,English,Yes,Full-Time,0
101,66bf8fef98b165333e46f4eb,D,C,A,B,C,D,B,C,A,C,DCABCDBCAC,0.2,0.0,0.0,noisy,random,positive,Pass,red,20.0,2.0,2.0,Pass Box,D,D,A,C,B,D,A,B,C,D,DDACBDABCD,0.9,Non-STEM Track,0.0,0.0,R,R,R,R,R,C,C,C,C,C,C,RRRRRCCCCCC,0,0,1,0,0,0,0,0,0,I did not feel confident to choose the STEM track.,I found the experience stressful. No feedback to provide. ,Non-STEM Track,641.0,102,White,Undergraduate degree (BA/BSc/other),36,Female,White,United States,United States,United States,English,No,Part-Time,0
102,663e42e7e16f08b87c46f9a6,D,A,D,D,B,B,D,B,C,B,DADDBBDBCB,0.6,0.0,0.0,noisy,random,negative,Fail,red,95.0,9.0,9.0,Pass Box,B,B,C,A,A,D,C,A,B,C,BBCAADCABC,0.9,STEM Track,0.0,0.0,R,R,R,R,R,R,C,C,C,C,C,RRRRRRCCCCC,0,1,0,1,0,0,0,0,0,I thought I would get more money,Fun!,STEM Track,1573.0,520,White,Undergraduate degree (BA/BSc/other),29,Male,White,United States,United States,United States,English,DATA_EXPIRED,Full-Time,1
103,652c6b8265aebce5986591b2,A,A,,,B,B,D,,,,AA__BBD___,0.5,0.0,0.0,noisy,random,positive,Pass,black,50.0,3.0,1.0,Pass Box,B,A,C,,A,D,,A,,C,BAC_AD_A_C,0.7,STEM Track,0.0,0.0,R,R,R,R,R,R,C,C,C,C,C,RRRRRRCCCCC,0,0,1,0,1,0,0,0,0,I felt that it was the safest option for me since I would have a guaranteed reward of $2 if I answered one question correctly.,,STEM Track,1517.0,323,South East Asian,High school diploma/A-levels,19,Female,Asian,United States,United States,United States,Vietnamese,Yes,DATA_EXPIRED,1
104,65bf9aeb592e888df327d648,A,C,C,B,B,B,C,,,,ACCBBBC___,0.5,0.0,0.0,noisy,random,ground,Pass,red,0.0,7.0,2.0,Pass Box,A,B,D,D,C,B,D,C,A,A,ABDDCBDCAA,0.0,STEM Track,0.0,0.0,R,R,C,R,C,C,C,R,R,R,C,RRCRCCCRRRC,0,0,1,0,1,0,0,0,0,wanted to test my knowledge,no comments,STEM Track,1302.0,561,Latino/Hispanic,High school diploma/A-levels,20,Female,Mixed,United States,United States,United States,English,No,DATA_EXPIRED,1
105,5fd8f6060b671a3395afde6c,B,D,B,C,B,D,A,D,C,B,BDBCBDADCB,0.3,3.0,8.912,noisy,random,positive,Pass,red,5.0,1.0,0.0,Fail Box,D,B,A,C,B,D,A,B,C,D,DBACBDABCD,1.0,Non-STEM Track,0.0,0.0,R,C,C,C,C,C,C,C,C,C,C,RCCCCCCCCCC,0,0,0,1,0,0,0,0,0,Because the only STEM subject I might do well on would be science and that depends on the topics.,"Fine, I suppose. The math test was...honestly, awful for me, because I never even learnt how to solve those type of problems. No feedback - except maybe title your studies better so people that want to take them actually know what they are getting in to.",Non-STEM Track,732.0,1849,White,High school diploma/A-levels,36,Female,White,United States,United States,United States,English,DATA_EXPIRED,DATA_EXPIRED,0
106,63d000d62878aa92b833c5fc,D,A,C,A,D,B,,,,,DACADB____,0.3,0.0,0.0,noisy,random,negative,Pass,red,40.0,2.0,3.0,Fail Box,C,D,B,D,A,D,C,C,D,,CDBDADCCD_,0.3,STEM Track,0.0,0.0,R,R,R,R,C,C,C,C,C,C,C,RRRRCCCCCCC,0,0,1,0,0,0,0,0,0,You did not describe the type of non-STEM questions would be asked on the other track.,"My experience was fine. I haven't taken an algebra class in 20 years, though, so I really could've used more time to work out the problems on paper.",STEM Track,1229.0,3615,White,Undergraduate degree (BA/BSc/other),41,Female,White,United States,United States,United States,English,No,Full-Time,1
108,6632a3b5ee60e7692fd50a7a,A,A,A,,,B,,,,,AAA__B____,0.3,0.0,0.0,noisy,random,ground,Pass,red,20.0,2.0,3.0,Pass Box,D,B,A,C,B,D,A,B,C,D,DBACBDABCD,1.0,Non-STEM Track,0.0,0.0,R,R,R,R,R,C,C,C,C,C,C,RRRRRCCCCCC,0,0,1,0,0,0,0,0,0,Not my strong suit.  A lot of stuff I no longer remember how to solve.,Fun to see how I could do,Non-STEM Track,875.0,701,White,Undergraduate degree (BA/BSc/other),54,Female,White,United States,United States,United States,English,No,"Not in paid work (e.g. homemaker', 'retired or disabled)",0
109,5e86c320939b3030601f7fcb,D,A,C,C,B,B,D,A,B,B,DACCBBDABB,0.6,2.0,0.221,noisy,random,negative,Pass,red,60.0,4.0,3.0,Pass Box,D,B,A,C,B,D,A,B,C,D,DBACBDABCD,1.0,Non-STEM Track,0.0,0.0,R,R,R,R,R,C,C,C,C,C,C,RRRRRCCCCCC,0,0,1,0,0,0,0,0,0,The math was frustrating and I prefer non-stem fields.,it went well,Non-STEM Track,485.0,3355,White,Undergraduate degree (BA/BSc/other),23,Male,White,United States,United States,United States,English,DATA_EXPIRED,DATA_EXPIRED,0
110,65cb9a512efd76eb9e920010,D,A,A,B,D,B,A,D,B,A,DAABDBADBA,0.3,0.0,0.0,noisy,random,negative,Fail,black,50.0,6.0,5.0,Fail Box,B,C,C,D,A,D,C,A,B,C,BCCDADCABC,0.8,STEM Track,0.0,0.0,R,R,R,R,R,R,C,C,C,C,C,RRRRRRCCCCC,0,0,0,0,0,1,0,0,0,I thought it'd be more challenging and fun,It was fun!,STEM Track,868.0,942,East Asian,Undergraduate degree (BA/BSc/other),22,Female,Asian,United States,United States,United States,English,DATA_EXPIRED,DATA_EXPIRED,1
111,62e19208352cd518d7b2f085,B,A,A,C,A,B,C,C,A,B,BAACABCCAB,0.4,0.0,0.0,noisy,random,ground,Pass,red,40.0,3.0,3.0,Pass Box,D,B,A,C,B,D,A,B,C,A,DBACBDABCA,0.9,Non-STEM Track,0.0,0.0,R,R,R,R,R,R,R,R,C,C,C,RRRRRRRRCCC,0,1,1,1,0,0,0,0,0,"Because I not only hate math, but I'm terrible at it.","It was good. Even though difficult, I enjoyed the challenge. Thank you.",Non-STEM Track,858.0,2243,White,High school diploma/A-levels,35,Male,White,United States,United States,United States,English,No,Full-Time,0
112,57749a1f760c1f0001ca7679,D,A,,,B,B,D,,,B,DA__BBD__B,0.5,0.0,0.0,noisy,random,ground,Pass,red,75.0,5.0,5.0,Pass Box,B,,B,,A,D,C,,B,C,B_B_ADC_BC,0.6,STEM Track,0.0,0.0,R,R,R,C,C,C,C,C,C,C,C,RRRCCCCCCCC,0,0,1,0,0,0,0,0,0,I thought I would answer enough questions correctly.,The questions were interesting and I enjoyed them.,STEM Track,1393.0,1157,White,Undergraduate degree (BA/BSc/other),42,Male,White,United States,United States,United States,English,DATA_EXPIRED,DATA_EXPIRED,1
113,61313fad6454dab291dc1256,A,B,A,D,C,C,C,D,,,ABADCCCD__,0.1,0.0,0.0,noisy,random,positive,Fail,red,20.0,2.0,2.0,Fail Box,D,B,A,C,B,D,A,B,C,D,DBACBDABCD,1.0,Non-STEM Track,0.0,0.0,R,R,C,C,C,C,C,C,C,C,C,RRCCCCCCCCC,0,0,1,0,0,0,0,0,0,I wasnt sure if I was going to get 2 answers correct so i rather chance getting some money than none,The math part was sort of pressuring but the other half i felt better about,Non-STEM Track,1183.0,2836,Black/African American,Technical/community college,51,Female,Black,United States,United States,United States,English,No,"Not in paid work (e.g. homemaker', 'retired or disabled)",0
114,638e39edc03272bc8071cbb6,C,C,A,B,A,B,D,C,A,C,CCABABDCAC,0.4,0.0,0.0,noisy,random,ground,Pass,red,15.0,1.0,3.0,Pass Box,D,B,A,C,B,D,A,B,C,D,DBACBDABCD,1.0,Non-STEM Track,0.0,0.0,R,R,R,R,R,C,C,C,C,C,C,RRRRRCCCCCC,0,0,1,0,0,0,0,0,0,I feel like I know non-stem better.,It was fine and no feedback.,Non-STEM Track,841.0,2572,Latino/Hispanic,High school diploma/A-levels,30,Female,White,United States,United States,United States,English,No,Full-Time,0
115,65240f7dfda71bbdb9a04f0c,D,A,D,C,D,B,A,C,,A,DADCDBAC_A,0.3,0.0,0.0,noisy,random,negative,Pass,red,50.0,2.0,1.0,Not Sure,B,A,C,A,B,D,C,A,,,BACABDCA__,0.7,STEM Track,0.0,0.0,R,R,R,C,C,C,C,C,C,C,C,RRRCCCCCCCC,0,1,1,0,0,0,0,0,0,I had an interest in medicine,"I've obviously not manually performed any type of algebra or high school level math in a long time! It would be great to have more immediate feedback, such as explanation or an example showing the correct/incorrect solutions to questions.",STEM Track,1422.0,316,White,Undergraduate degree (BA/BSc/other),55,Female,White,United States,United States,United States,English,No,Full-Time,1
116,5b0fa626bd9c310001568d6c,A,B,B,C,D,A,A,C,A,A,ABBCDAACAA,0.2,0.0,0.0,noisy,random,positive,Pass,black,5.0,1.0,1.0,Pass Box,D,B,A,C,B,D,A,B,C,D,DBACBDABCD,1.0,Non-STEM Track,0.0,0.0,R,R,R,R,R,C,C,C,C,C,C,RRRRRCCCCCC,0,0,1,0,0,0,0,0,0,The stem quiz was really difficult and thought the non-stem track might be a little easier.,"I had a good experience even though the first quiz was very difficult, it was still interesting and I tried my best throughout. Thank you for the opportunity to participate.",Non-STEM Track,738.0,1907,White,Technical/community college,58,Female,White,United States,United States,United States,English,No,Part-Time,0
117,6725801d4e269454c407aa86,A,A,C,B,C,B,,,,,AACBCB____,0.5,0.0,0.0,noisy,random,ground,Fail,black,30.0,2.0,6.0,Fail Box,D,B,A,C,B,D,A,B,C,D,DBACBDABCD,1.0,Non-STEM Track,0.0,0.0,R,R,R,R,R,R,R,R,R,C,C,RRRRRRRRRCC,1,0,1,0,0,0,0,0,0,"I'm very bad at math, as I'm sure the math test results will show.","Was not clear from description there would be a math test, would've liked to know that first",Non-STEM Track,932.0,3,White,High school diploma/A-levels,19,Male,White,United States,United States,United States,English,Yes,Other,0
118,6657584ca6e3645f4a99e753,B,A,A,C,B,C,D,B,C,B,BAACBCDBCB,0.5,1.0,2.77,noisy,random,negative,Fail,red,80.0,7.0,8.0,Fail Box,B,C,B,A,B,A,C,A,B,C,BCBABACABC,0.6,STEM Track,0.0,0.0,R,R,C,C,R,R,R,R,R,R,R,RRCCRRRRRRR,0,0,1,0,0,0,0,0,0,Stem Track entails career growth. ,This study was intensive.,STEM Track,1826.0,277,Latino/Hispanic,Technical/community college,31,Male,Other,United States,United States,United States,English,Yes,Full-Time,1
119,6159fe7811a7e1b94401c33f,D,A,D,B,C,B,D,C,B,D,DADBCBDCBD,0.5,0.0,0.0,noisy,random,negative,Pass,red,20.0,4.0,5.0,Not Sure,D,B,A,C,B,D,A,B,C,D,DBACBDABCD,1.0,Non-STEM Track,0.0,0.0,R,R,R,R,R,C,C,C,C,C,C,RRRRRCCCCCC,0,0,1,0,0,0,0,0,0,"I am much stronger in non-STEM subjects, though especially if the STEM subject is math.","I was very frustrated by the first part. The survey said ""a study on decision making"" and then I was given 8 minutes to solve 10 algebra questions and it's been 25 years since I had any sort of algebra class (and it was never my strong suit). ",Non-STEM Track,1108.0,316,White,High school diploma/A-levels,50,Female,White,United States,United States,United States,English,No,"Not in paid work (e.g. homemaker', 'retired or disabled)",0
120,662e50cf3365a5b0f91e89e5,D,A,B,C,D,B,A,C,B,B,DABCDBACBB,0.4,0.0,0.0,noisy,random,negative,Fail,red,70.0,3.0,7.0,Fail Box,D,B,A,C,B,D,A,B,C,D,DBACBDABCD,1.0,Non-STEM Track,0.0,0.0,R,R,R,R,R,C,C,C,C,C,C,RRRRRCCCCCC,0,0,1,0,0,0,0,0,0,"I had more of an opportunity of getting back something, as opposed to nothing at all.","The math portion was stressful, as these were things I haven't seen in nearly half my life, and had no reason to retain the knowledge.  The english portion was more my speed.",Non-STEM Track,1101.0,909,White,Technical/community college,32,Female,White,United States,United States,United States,English,No,"Not in paid work (e.g. homemaker', 'retired or disabled)",0
121,65330c348f7089b3bd87236b,D,B,C,B,C,B,C,B,D,A,DBCBCBCBDA,0.3,0.0,0.0,noisy,random,ground,Pass,red,50.0,4.0,3.0,Pass Box,D,C,C,B,D,B,C,B,D,D,DCCBDBCBDD,0.2,STEM Track,0.0,0.0,R,R,R,R,R,C,C,C,C,C,C,RRRRRCCCCCC,0,0,1,0,0,0,0,0,0,To get a chance to get the bonus,"It got me thinking, pretty complicated to do in head",STEM Track,527.0,258,Latino/Hispanic,High school diploma/A-levels,31,Female,Other,United States,United States,United States,Spanish,No,Part-Time,1
122,666203105e0c216230d31016,D,A,C,C,D,C,C,B,D,B,DACCDCCBDB,0.3,0.0,0.0,noisy,random,negative,Fail,black,50.0,5.0,4.0,Fail Box,A,B,A,C,B,D,A,B,C,D,ABACBDABCD,0.9,Non-STEM Track,0.0,0.0,R,C,C,C,C,C,C,C,C,C,C,RCCCCCCCCCC,0,0,1,0,0,0,0,1,0,Felt there was a high probability to win some questions and  get a bonus. ,no,Non-STEM Track,858.0,420,Black/African American,High school diploma/A-levels,49,Male,Other,Kenya,United States,United States,Other,No,Part-Time,0
123,6647b8648a67a4ef6585458a,C,C,A,A,D,D,C,B,B,A,CCAADDCBBA,0.0,0.0,0.0,noisy,random,ground,Fail,black,25.0,2.0,2.0,Fail Box,D,B,A,C,B,D,A,B,C,D,DBACBDABCD,1.0,Non-STEM Track,0.0,0.0,R,R,R,R,C,C,C,C,C,C,C,RRRRCCCCCCC,0,1,0,0,0,0,0,0,0,Math is not my strongest subject,the math was difficult but the english section was easy,Non-STEM Track,524.0,355,Latino/Hispanic,High school diploma/A-levels,32,Female,Other,United States,United States,United States,English,No,Other,0
124,671a5bbb63850300396b8552,C,B,C,C,,,,,,,CBCC______,0.1,0.0,0.0,noisy,random,negative,Fail,black,50.0,5.0,5.0,Pass Box,A,B,B,B,B,D,D,,,,ABBBBDD___,0.1,STEM Track,0.0,0.0,R,R,R,R,R,R,R,C,C,C,C,RRRRRRRCCCC,0,0,1,0,0,0,0,0,0,Projects of stem,No,STEM Track,1580.0,18,Black/African American,High school diploma/A-levels,54,Female,Black,United States,United States,United States,English,No,Other,1
126,5dc474fd45b8f933f16d6241,D,A,A,B,B,A,C,C,A,C,DAABBACCAC,0.4,0.0,0.0,noisy,random,negative,Pass,red,0.0,2.0,0.0,Not Sure,B,B,C,B,C,D,D,B,B,B,BBCBCDDBBB,0.4,STEM Track,0.0,0.0,R,R,R,R,R,R,C,C,C,C,C,RRRRRRCCCCC,0,0,1,0,0,0,0,0,0,So i could make more money,good,STEM Track,596.0,2453,White,Technical/community college,34,Female,White,United States,United States,United States,English,No,"Not in paid work (e.g. homemaker', 'retired or disabled)",1
128,655fa42dc06a6e0974ee183b,B,B,A,C,C,A,B,A,B,B,BBACCABABB,0.1,0.0,0.0,noisy,random,negative,Fail,red,25.0,3.0,2.0,Pass Box,D,B,A,C,B,D,A,B,C,D,DBACBDABCD,1.0,Non-STEM Track,0.0,0.0,R,R,R,R,R,C,C,C,C,C,C,RRRRRCCCCCC,0,0,1,0,0,0,0,0,0,I am not good at math.,The first set of questions were very hard and the last set was very easy.,Non-STEM Track,907.0,1137,East Asian,Undergraduate degree (BA/BSc/other),37,Female,Asian,United States,United States,United States,English,No,Full-Time,0
129,672f19e70cc94bcb0619f6ca,A,A,B,B,D,A,C,B,C,B,AABBDACBCB,0.5,0.0,0.0,noisy,random,positive,Pass,black,40.0,4.0,4.0,Pass Box,D,B,A,B,B,D,A,B,C,D,DBABBDABCD,0.9,Non-STEM Track,0.0,0.0,R,R,R,R,R,R,R,R,R,R,C,RRRRRRRRRRC,0,0,1,0,0,0,0,0,0,It is easier,It was okay. ,Non-STEM Track,1742.0,0,Black/African American,Undergraduate degree (BA/BSc/other),23,Male,Black,Ghana,United States,United States,Twi,No,Full-Time,0
130,665f7bbebb044e364be28582,D,A,B,C,B,C,D,C,B,A,DABCBCDCBA,0.4,0.0,0.0,noisy,random,positive,Pass,red,50.0,3.0,3.0,Fail Box,D,B,A,C,B,D,A,B,C,D,DBACBDABCD,1.0,Non-STEM Track,0.0,0.0,R,C,C,C,C,C,C,C,C,C,C,RCCCCCCCCCC,0,0,1,0,0,0,0,0,0,Because I hate math.,I don’t remember learning any of this in school.,Non-STEM Track,1399.0,367,East Asian,Doctorate degree (PhD/other),55,Female,Asian,United States,United States,United States,English,No,DATA_EXPIRED,0
131,665743d0e52bc5d24caee2a2,D,D,B,C,C,B,A,B,A,A,DDBCCBABAA,0.1,0.0,0.0,noisy,random,ground,Fail,black,50.0,3.0,3.0,Fail Box,D,B,A,C,B,D,A,B,C,D,DBACBDABCD,1.0,Non-STEM Track,0.0,0.0,R,R,R,R,C,C,C,C,C,C,C,RRRRCCCCCCC,0,0,1,0,0,0,0,0,0,I chose the non-stem track because I have not done algebra in over 20 years and I have forgotten most of it.,"I found the math to be frustrating because I recognized it, but did not remember how to solve most of it. I was very happy to have the choice to choose the non-stem track! Overall, I enjoyed the experience. ",Non-STEM Track,918.0,261,White,Undergraduate degree (BA/BSc/other),45,Female,White,United States,United States,United States,English,No,"Not in paid work (e.g. homemaker', 'retired or disabled)",0
132,6434ffef48955a4096db0ea0,D,A,A,C,C,C,C,A,C,,DAACCCCAC_,0.2,3.0,10.395,noisy,random,positive,Pass,black,15.0,2.0,1.0,Pass Box,D,D,A,B,B,D,A,B,C,C,DDABBDABCC,0.7,Non-STEM Track,0.0,0.0,R,R,R,C,C,C,C,C,C,C,C,RRRCCCCCCCC,0,0,1,1,1,0,0,0,0,"Even though I used to be very proficient in math when I was in school, it has been a while since I brushed up on those skills so I was not very confident that I would be able to do well.","I was a little confused at first especially with the limited time I had to try to do the test, but I eventually figured it out that I just had to try and make my best guess if I wasn't sure of the answer. ",Non-STEM Track,1201.0,166,White,Secondary education (e.g. GED/GCSE),23,Female,White,United States,United States,United States,English,No,"Not in paid work (e.g. homemaker', 'retired or disabled)",0
133,65ce1b0bf3ab63f4f81cdd94,D,A,A,,B,A,A,A,,B,DAA_BAAA_B,0.3,0.0,0.0,noisy,random,positive,Pass,red,20.0,2.0,2.0,Pass Box,D,B,A,C,B,D,A,B,C,D,DBACBDABCD,1.0,Non-STEM Track,0.0,0.0,R,R,R,R,R,C,C,C,C,C,C,RRRRRCCCCCC,0,0,1,0,0,0,0,0,0,Because I knew I did poorly on the first STEM questions,"I felt bad that I didn't even know how to even try to solve most of the STEM questions, but after doing the non-STEM test, I felt a lot better because I knew all the answers to that one.",Non-STEM Track,1306.0,709,Mixed,Technical/community college,43,Female,Mixed,Korea,United States,United States,English,DATA_EXPIRED,Full-Time,0
134,60fdc40f41e8e10a0ddabb22,D,C,A,C,A,A,,,,,DCACAA____,0.0,0.0,0.0,noisy,random,positive,Fail,red,5.0,3.0,5.0,Fail Box,D,B,A,C,B,D,A,B,C,D,DBACBDABCD,1.0,Non-STEM Track,0.0,0.0,R,R,R,R,C,C,C,C,C,C,C,RRRRCCCCCCC,0,0,1,0,0,1,0,0,0,Because I did terribly at the initial STEM track quiz.,Realizing how much I let math fall by the wayside,Non-STEM Track,1177.0,2036,White Sephardic Jew,Undergraduate degree (BA/BSc/other),56,Female,White,United States,United States,United States,English,DATA_EXPIRED,DATA_EXPIRED,0
135,605b8cf6c07b6842b5cab429,D,C,A,C,B,B,D,A,B,A,DCACBBDABA,0.3,1.0,1.184,noisy,random,ground,Fail,black,70.0,5.0,5.0,Fail Box,D,B,A,C,B,D,A,B,C,D,DBACBDABCD,1.0,Non-STEM Track,0.0,0.0,R,R,R,R,R,R,C,C,C,C,C,RRRRRRCCCCC,0,0,1,0,0,0,0,0,0,"It's been a while since I've done math problems, and while I believe I could figure most of them out with enough time, I'm not confident enough in my abilities to perform well under a time crunch. I figured I would perform much better in the Non-STEM track, and therefore earn a bonus.","I felt very unintelligent when the math problems were first shown to me, but I felt a little better after answering a few of them. I was surprised by what I retained from school, whether or not it meant I was answering the questions correctly.    No feedback! Pretty straightforward process.",Non-STEM Track,856.0,2976,White,Undergraduate degree (BA/BSc/other),28,Male,White,United States,United States,United States,English,No,Unemployed (and job seeking),0
136,626865bc5ebc6a94aa84fce2,D,D,A,C,D,D,B,A,D,B,DDACDDBADB,0.1,0.0,0.0,noisy,random,positive,Pass,black,5.0,0.0,1.0,Fail Box,D,B,A,D,A,D,C,D,C,C,DBADADCDCC,0.4,STEM Track,0.0,0.0,R,R,R,R,C,C,C,C,C,C,C,RRRRCCCCCCC,0,0,1,0,0,0,0,0,0,I preferred the bonus option of the STEM Track,"I mostly guessed. Math has never been my strong suit, especially algebra, and word problems.",STEM Track,1390.0,584,White,Undergraduate degree (BA/BSc/other),55,Female,White,United Kingdom,United States,United States,English,No,"Not in paid work (e.g. homemaker', 'retired or disabled)",1
139,6606f581a55dc7199a7cf7ab,D,C,A,D,B,B,D,B,D,,DCADBBDBD_,0.3,0.0,0.0,noisy,random,positive,Fail,red,80.0,5.0,5.0,Fail Box,D,B,A,C,B,D,A,B,C,D,DBACBDABCD,1.0,Non-STEM Track,0.0,0.0,R,R,R,C,C,C,C,C,C,C,C,RRRCCCCCCCC,0,0,1,0,0,0,0,0,0,I already helped my daughter with math homework today and I'm tired of thinking about math content,The experience was mentally engaging!,Non-STEM Track,840.0,674,White,Undergraduate degree (BA/BSc/other),49,Female,White,United States,United States,United States,English,DATA_EXPIRED,Full-Time,0
140,671f79baac356f9efe623cef,,,,,,,,,,,__________,0.0,0.0,0.0,noisy,random,positive,Fail,red,50.0,5.0,5.0,Fail Box,B,A,C,C,B,C,B,C,B,B,BACCBCBCBB,0.4,STEM Track,0.0,0.0,R,R,R,R,R,R,C,C,C,C,C,RRRRRRCCCCC,0,0,1,0,0,0,0,0,0,I thought i would be able to answer them,,STEM Track,1623.0,36,Black/African American,Undergraduate degree (BA/BSc/other),24,Male,Black,Ghana,United States,United States,English,Yes,Full-Time,1
141,6696ce2085087c25d102f853,B,A,B,B,B,B,D,B,B,B,BABBBBDBBB,0.6,0.0,0.0,noisy,random,ground,Fail,black,80.0,6.0,7.0,Fail Box,B,B,A,A,A,D,D,C,A,C,BBAAADDCAC,0.5,STEM Track,0.0,0.0,R,R,R,R,R,R,C,C,C,C,C,RRRRRRCCCCC,0,0,1,0,0,0,0,0,0,I like Math,had to really think back to some challenging math courses,STEM Track,1026.0,336,White,Undergraduate degree (BA/BSc/other),25,Male,White,United States,United States,United States,English,No,Full-Time,1
142,5eb44aa8de8a2a291bd522df,D,A,B,C,B,A,C,B,C,C,DABCBACBCC,0.3,0.0,0.0,noisy,random,positive,Pass,black,1.0,0.0,1.0,Not Sure,D,B,A,C,B,D,A,B,C,D,DBACBDABCD,1.0,Non-STEM Track,0.0,0.0,R,R,C,C,C,C,C,C,C,C,C,RRCCCCCCCCC,0,1,1,0,0,0,0,0,0,The STEM track was too confusing,Fine,Non-STEM Track,310.0,4450,White,Undergraduate degree (BA/BSc/other),58,Female,White,United States,United States,United States,English,No,"Not in paid work (e.g. homemaker', 'retired or disabled)",0
143,6614b9cbe0e2912e3ffd0705,D,A,A,C,B,A,D,C,B,D,DAACBADCBD,0.4,0.0,0.0,noisy,random,positive,Pass,red,50.0,3.0,3.0,Not Sure,D,B,A,C,B,D,A,B,C,D,DBACBDABCD,1.0,Non-STEM Track,0.0,0.0,R,R,R,C,C,C,C,C,C,C,C,RRRCCCCCCCC,0,1,1,0,0,0,0,0,0,I wasn't confident that I would get 3 or more correct.,I might have chose the STEM Track if I knew the type of questions that would appear.,Non-STEM Track,1089.0,350,East Asian,Technical/community college,51,Male,Asian,United States,United States,United States,English,No,Full-Time,0
144,59f224ce40333e00017edfe8,B,D,D,C,B,D,B,A,C,C,BDDCBDBACC,0.2,2.0,10.068,noisy,random,negative,Pass,red,0.0,1.0,1.0,Fail Box,B,D,A,D,B,A,D,A,B,D,BDADBADABD,0.3,STEM Track,0.0,0.0,R,R,R,R,R,R,R,C,C,C,C,RRRRRRRCCCC,0,0,1,0,0,0,0,0,0,I wanted to see if I could answer 1 correctly.,It was horrid because I am so bad at math.,STEM Track,905.0,6474,White,High school diploma/A-levels,39,Female,White,United States,United States,United States,English,No,Full-Time,1
145,672e62ea8e95b429516418ca,B,A,D,C,B,B,A,,,,BADCBBA___,0.3,0.0,0.0,noisy,random,negative,Fail,red,25.0,5.0,5.0,Pass Box,B,D,C,A,A,D,C,A,B,C,BDCAADCABC,0.9,STEM Track,0.0,0.0,R,R,R,R,R,R,R,C,C,C,C,RRRRRRRCCCC,0,0,1,0,0,0,0,0,0,I'm more interested in STEM topics and I don't know what the non-STEM options could include,"It was enjoyable, I love math personally. Maybe advise us to get a notebook and pencil so we can write out our work.",STEM Track,1691.0,7,Latino/Hispanic,Technical/community college,22,Male,Other,United States,United States,United States,English,No,Part-Time,1
146,637ee3e42ee7996a07233f21,B,B,A,B,B,B,C,D,B,B,BBABBBCDBB,0.4,1.0,0.61,noisy,random,positive,Fail,red,70.0,8.0,7.0,Pass Box,C,C,A,B,B,B,C,D,A,A,CCABBBCDAA,0.1,STEM Track,0.0,0.0,R,R,R,C,C,C,R,R,C,R,R,RRRCCCRRCRR,0,0,1,0,0,0,0,0,1,BECAUSE IT WAS GOOD,INSIGHTFUL,STEM Track,352.0,3105,White,Undergraduate degree (BA/BSc/other),50,Male,White,United States,United States,United States,English,Yes,Full-Time,1
148,66293dfe581e19f0c8b56268,D,A,D,B,D,D,C,B,C,B,DADBDDCBCB,0.4,0.0,0.0,noisy,random,positive,Pass,red,50.0,3.0,2.0,Fail Box,D,B,A,C,B,D,A,B,C,D,DBACBDABCD,1.0,Non-STEM Track,0.0,0.0,R,R,R,R,R,C,C,C,C,C,C,RRRRRCCCCCC,0,0,1,0,0,0,0,0,0,I didn't know how to do most of the math problems without a calculator or other support,,Non-STEM Track,573.0,814,White,Undergraduate degree (BA/BSc/other),53,Female,White,United States,United States,United States,English,DATA_EXPIRED,Full-Time,0
149,66cd2c8c84efe6e84fa88f1e,C,D,C,C,B,A,D,C,A,A,CDCCBADCAA,0.4,0.0,0.0,noisy,random,negative,Pass,red,5.0,2.0,3.0,Fail Box,D,B,A,C,B,D,A,B,C,D,DBACBDABCD,1.0,Non-STEM Track,0.0,0.0,R,R,R,C,C,C,C,C,C,C,C,RRRCCCCCCCC,0,0,1,0,0,0,0,0,0,I don't think I did too hot on the first STEM set of questions.,This was both fun and engaging ,Non-STEM Track,857.0,189,White,Undergraduate degree (BA/BSc/other),33,Male,White,United States,United States,United States,English,No,Full-Time,0
150,6711b26adcd255be11e409cd,A,C,B,B,C,B,D,C,A,A,ACBBCBDCAA,0.5,0.0,0.0,noisy,random,positive,Pass,red,50.0,8.0,5.0,Pass Box,D,B,A,C,B,D,A,B,C,D,DBACBDABCD,1.0,Non-STEM Track,0.0,0.0,R,R,R,R,R,C,C,C,C,C,C,RRRRRCCCCCC,0,0,1,0,0,0,0,0,0,I dont enjoy stem,tedious ,Non-STEM Track,784.0,28,White,High school diploma/A-levels,31,Female,White,United States,United States,United States,English,No,Part-Time,0
151,6733c8ed72d14762aea01247,D,A,A,C,D,A,A,C,B,C,DAACDAACBC,0.2,0.0,0.0,noisy,random,ground,Fail,black,75.0,6.0,6.0,Fail Box,B,D,C,C,C,B,D,B,B,C,BDCCCBDBBC,0.4,STEM Track,0.0,0.0,R,R,R,R,R,C,C,C,C,C,C,RRRRRCCCCCC,0,0,1,0,1,0,0,0,0,To receive extra payment,,STEM Track,740.0,3,East Asian,Undergraduate degree (BA/BSc/other),35,Female,Asian,Pakistan,United States,United States,English,No,DATA_EXPIRED,1
152,60fd0594288ddce37ec599d1,B,D,C,B,A,D,B,D,C,A,BDCBADBDCA,0.3,0.0,0.0,noisy,random,positive,Pass,black,40.0,3.0,2.0,Pass Box,A,B,A,C,B,D,A,B,C,D,ABACBDABCD,0.9,Non-STEM Track,0.0,0.0,R,R,R,R,R,C,C,C,C,C,C,RRRRRCCCCCC,0,1,1,0,1,0,0,0,0,The math problems were too complex to solve in the given amount of time,I was stressed out to solve the problems and maintain questionnaire compliance,Non-STEM Track,861.0,693,White,Technical/community college,24,Female,White,United States,United States,United States,English,Yes,Part-Time,0
153,5f35ae3a8f69605c71446dce,A,D,B,C,C,A,A,A,B,B,ADBCCAAABB,0.2,0.0,0.0,noisy,random,negative,Pass,red,90.0,3.0,2.0,Pass Box,D,B,A,C,B,D,A,B,C,D,DBACBDABCD,1.0,Non-STEM Track,0.0,0.0,R,R,R,R,R,R,R,R,R,R,C,RRRRRRRRRRC,1,1,1,0,0,0,0,0,0,id rather have a chance at getting more money per question rather than risk getting none,,Non-STEM Track,1224.0,64,White,High school diploma/A-levels,33,Male,White,United States,United States,Czech Republic,English,No,Full-Time,0
155,6715436581def11c20ce3786,D,A,B,C,B,D,C,A,C,B,DABCBDCACB,0.4,0.0,0.0,noisy,random,ground,Fail,black,25.0,3.0,5.0,Fail Box,D,B,A,C,B,B,A,B,C,A,DBACBBABCA,0.8,Non-STEM Track,0.0,0.0,R,R,R,R,R,C,C,C,C,C,C,RRRRRCCCCCC,0,0,1,0,0,0,0,0,0,I'm not confident in my answers,Good,Non-STEM Track,763.0,15,White,Undergraduate degree (BA/BSc/other),21,Female,White,United States,United States,United States,English,Yes,DATA_EXPIRED,0
156,5765c0fcf2e23200017ded5e,C,A,D,C,D,C,D,A,C,B,CADCDCDACB,0.4,0.0,0.0,noisy,random,negative,Pass,red,2.0,0.0,0.0,Pass Box,D,B,A,D,B,D,A,B,C,C,DBADBDABCC,0.8,Non-STEM Track,0.0,0.0,R,C,C,C,C,C,C,C,C,C,C,RCCCCCCCCCC,0,0,0,1,0,0,0,0,0,Thought it'd be easier.,Thanks -- enjoyable and fun work!,Non-STEM Track,187.0,7257,Latino/Hispanic,No formal qualifications,32,Male,Other,United States,United States,United States,English,No,Other,0
157,666dc3db9ac2e5ee4b2c3d6c,A,D,D,A,C,B,D,C,A,A,ADDACBDCAA,0.4,0.0,0.0,noisy,random,positive,Fail,red,50.0,5.0,5.0,Fail Box,D,B,A,C,B,D,A,B,C,D,DBACBDABCD,1.0,Non-STEM Track,0.0,0.0,R,R,R,R,R,C,C,C,C,C,C,RRRRRCCCCCC,0,0,1,1,0,0,0,0,0,"I was thrown back into the school mindset for a bit, and was worried about the possibility of me failing the test.","I like that this survey took me back to a time where I had to actually solve these sort of math problems, whether I am good at them or not!",Non-STEM Track,862.0,301,White,Undergraduate degree (BA/BSc/other),24,Male,White,United States,United States,United States,English,Yes,DATA_EXPIRED,0
158,66f5face3afaaf7cf64980db,D,A,B,B,B,D,D,C,B,B,DABBBDDCBB,0.6,0.0,0.0,noisy,random,negative,Pass,red,35.0,2.0,1.0,Pass Box,D,B,A,C,B,D,A,B,C,D,DBACBDABCD,1.0,Non-STEM Track,0.0,0.0,R,R,R,R,R,C,C,C,C,C,C,RRRRRCCCCCC,0,0,1,0,0,0,0,0,0,Much better in other subjects.,good,Non-STEM Track,490.0,11,White,Undergraduate degree (BA/BSc/other),50,Male,White,United States,United States,United States,English,No,Full-Time,0
159,66296df130c9444696571bc7,D,A,B,B,D,A,B,C,A,B,DABBDABCAB,0.4,0.0,0.0,noisy,random,ground,Fail,black,40.0,3.0,5.0,Fail Box,D,B,A,C,B,D,A,B,C,D,DBACBDABCD,1.0,Non-STEM Track,0.0,0.0,R,R,R,R,C,C,C,C,C,C,C,RRRRCCCCCCC,0,0,1,0,0,0,0,0,0,I was a history major and am also an avid reader. ,"It definitely let me know that I’ve forgotten most of my math classes. I enjoyed it, though!",Non-STEM Track,997.0,692,White,High school diploma/A-levels,48,Female,White,United States,United States,United States,English,DATA_EXPIRED,DATA_EXPIRED,0
160,5a6b7f02e6cc4a0001b6a591,B,C,D,B,B,C,C,B,B,C,BCDBBCCBBC,0.2,0.0,0.0,noisy,random,ground,Pass,red,5.0,2.0,1.0,Not Sure,D,B,A,C,B,D,A,B,C,D,DBACBDABCD,1.0,Non-STEM Track,0.0,0.0,R,R,R,R,C,C,C,C,C,C,C,RRRRCCCCCCC,0,0,1,0,0,0,0,0,0,Because I am terrible at math and had to guess at all the answers in the Stem section. ,I was frustrated with the first questions as I did not know any answers. I was fine with the non stem questions. ,Non-STEM Track,360.0,3265,White,Technical/community college,56,Female,White,Canada,United States,United States,English,No,Part-Time,0
163,66edc42d538ac1d18fa2d1dd,D,A,A,B,D,C,D,C,C,A,DAABDCDCCA,0.5,0.0,0.0,noisy,random,positive,Pass,black,55.0,1.0,2.0,Fail Box,D,B,A,C,B,D,A,B,C,D,DBACBDABCD,1.0,Non-STEM Track,0.0,0.0,R,R,R,R,C,C,C,C,C,C,C,RRRRCCCCCCC,0,0,1,0,0,0,0,0,0,The STEM track was difficult.,"The math was incredibly difficult but I found this research very interesting, thank you.",Non-STEM Track,813.0,74,White,Technical/community college,37,Male,White,United States,United States,United States,English,No,DATA_EXPIRED,0
166,62e07b7bce4301b22b769df8,D,A,B,B,B,B,D,C,C,A,DABBBBDCCA,0.7,0.0,0.0,noisy,random,negative,Pass,red,60.0,3.0,5.0,Pass Box,B,C,C,A,A,D,C,C,B,C,BCCAADCCBC,0.8,STEM Track,0.0,0.0,R,R,R,R,C,C,C,C,C,C,C,RRRRCCCCCCC,0,0,1,0,0,0,0,0,1,Money and it was interesting and a bit of my parents wanted me to. ,Always fun to do SAT questions 8 years after I left school.,STEM Track,1076.0,394,East Asian,Undergraduate degree (BA/BSc/other),28,Male,Asian,United States,United States,United States,Chinese,No,Full-Time,1
167,66bba307f316e9d93bdd0039,B,A,B,B,C,D,A,C,A,B,BABBCDACAB,0.4,1.0,2.498,noisy,random,positive,Fail,red,100.0,2.0,5.0,Pass Box,D,B,A,C,B,D,A,B,C,D,DBACBDABCD,1.0,Non-STEM Track,0.0,0.0,R,R,R,R,R,R,R,R,R,C,C,RRRRRRRRRCC,0,0,1,0,0,0,0,0,0,Had to think too much for such a small reward,It was okay,Non-STEM Track,509.0,42,White,Undergraduate degree (BA/BSc/other),44,Male,White,United States,United States,United States,English,No,DATA_EXPIRED,0
168,5e63e24eaf3bd51660031dbe,B,B,D,A,C,A,A,C,A,A,BBDACAACAA,0.1,0.0,0.0,noisy,random,ground,Fail,black,50.0,5.0,5.0,Fail Box,D,B,A,C,B,D,A,B,C,D,DBACBDABCD,1.0,Non-STEM Track,0.0,0.0,R,R,R,R,C,C,C,C,C,C,C,RRRRCCCCCCC,0,0,1,0,0,0,0,0,0,I felt my chances were better,Everything was fine.,Non-STEM Track,502.0,8359,White,Technical/community college,38,Male,White,United States,United States,United States,English,Yes,Full-Time,0
169,5dedf0483711364928753ecd,B,A,A,B,D,B,A,B,C,A,BAABDBABCA,0.4,0.0,0.0,noisy,random,negative,Pass,red,25.0,2.0,1.0,Pass Box,D,B,A,C,B,D,A,B,C,D,DBACBDABCD,1.0,Non-STEM Track,0.0,0.0,R,R,R,R,R,C,C,C,C,C,C,RRRRRCCCCCC,0,0,1,0,0,0,0,0,0,I wasn't confident in my ability to pass another STEM quiz.,I found it somewhat fun.,Non-STEM Track,933.0,4344,East Asian,Undergraduate degree (BA/BSc/other),39,Male,Asian,United States,United States,United States,English,No,Full-Time,0
170,5c4e3977c0783c00016936f9,D,A,A,B,B,C,B,A,B,A,DAABBCBABA,0.3,0.0,0.0,noisy,random,negative,Fail,black,20.0,2.0,5.0,Fail Box,D,B,A,C,B,D,A,B,C,D,DBACBDABCD,1.0,Non-STEM Track,0.0,0.0,R,R,C,C,C,C,C,C,C,C,C,RRCCCCCCCCC,0,0,1,0,0,0,0,0,0,The amount of time given to solve the equations was sufficient enough ,No feedback,Non-STEM Track,509.0,2117,White,Undergraduate degree (BA/BSc/other),30,Male,White,United States,United States,United States,English,Yes,Full-Time,0
171,5d7472ad3bc4020015f3bb56,D,B,A,C,A,B,D,A,D,A,DBACABDADA,0.2,0.0,0.0,noisy,random,negative,Fail,black,30.0,5.0,3.0,Fail Box,D,B,A,C,B,D,A,B,C,D,DBACBDABCD,1.0,Non-STEM Track,0.0,0.0,R,R,R,R,R,R,R,C,C,C,C,RRRRRRRCCCC,0,0,0,1,1,0,0,0,0,It seemed like the easier option for me.,No,Non-STEM Track,618.0,2746,White,High school diploma/A-levels,27,Male,White,United States,United States,United States,English,No,Due to start a new job within the next month,0
173,57c137bf5b8c510001af5981,B,C,A,D,C,D,B,C,A,D,BCADCDBCAD,0.1,0.0,0.0,noisy,random,negative,Fail,red,10.0,2.0,3.0,Fail Box,D,B,A,C,B,D,A,B,C,D,DBACBDABCD,1.0,Non-STEM Track,0.0,0.0,R,R,R,R,R,C,C,C,C,C,C,RRRRRCCCCCC,0,0,1,0,0,0,0,0,0,Those are my stronger subjects,My math is really bad =),Non-STEM Track,589.0,2626,White,High school diploma/A-levels,36,Male,White,United States,United States,United States,English,No,DATA_EXPIRED,0
174,65f00615cafbc1008642ff08,A,C,B,A,C,A,B,B,C,A,ACBACABBCA,0.2,0.0,0.0,noisy,random,positive,Fail,red,50.0,3.0,5.0,Fail Box,D,B,A,C,B,D,A,B,C,D,DBACBDABCD,1.0,Non-STEM Track,0.0,0.0,R,R,R,R,R,C,C,C,C,C,C,RRRRRCCCCCC,0,0,1,0,0,0,0,0,0,Because I’m bad at math ,It was okay ,Non-STEM Track,432.0,516,White,High school diploma/A-levels,36,Male,White,United States,United States,United States,English,DATA_EXPIRED,Unemployed (and job seeking),0
175,6689a12457342b4e43fe5af3,D,A,A,C,D,A,D,D,B,B,DAACDADDBB,0.3,0.0,0.0,noisy,random,ground,Pass,red,30.0,5.0,3.0,Pass Box,D,B,A,C,B,D,A,B,C,D,DBACBDABCD,1.0,Non-STEM Track,0.0,0.0,R,R,R,R,R,C,C,C,C,C,C,RRRRRCCCCCC,0,1,1,0,0,0,0,0,0,Simple algebra was not on the menu for my brain this afternoon,"Fairly enjoyable, outside of the headache that occurred due to the algebra haha",Non-STEM Track,902.0,134,White,Technical/community college,34,Male,White,United States,United States,United States,English,No,Part-Time,0
176,5e9389d87d6dc1078fe0ebee,B,C,B,B,C,A,B,C,C,D,BCBBCABCCD,0.3,1.0,2.327,noisy,random,positive,Pass,black,29.0,1.0,2.0,Pass Box,D,B,A,C,B,A,A,B,C,D,DBACBAABCD,0.9,Non-STEM Track,1.0,0.885,R,R,R,R,C,C,C,C,C,C,C,RRRRCCCCCCC,0,0,1,0,0,0,0,0,0,My STEM knowledge is a little rusty ,It was nerve-racking because I know I am not the strongest in math ,Non-STEM Track,1437.0,3197,Black/African American,Technical/community college,26,Female,Black,United States,United States,United States,English,No,Full-Time,0
177,6637a175f1ecda0cc7ffc8c9,A,A,C,C,B,B,,,,,AACCBB____,0.5,0.0,0.0,noisy,random,negative,Pass,red,40.0,5.0,5.0,Pass Box,B,A,C,D,A,D,B,B,B,C,BACDADBBBC,0.7,STEM Track,0.0,0.0,R,R,R,R,R,C,C,C,C,C,C,RRRRRCCCCCC,1,0,1,0,0,0,0,1,0,I was always interested in STEM since I was a child.,It was a pleasant experience.,STEM Track,1200.0,477,African,Undergraduate degree (BA/BSc/other),40,Male,Black,Kenya,United States,United States,English,DATA_EXPIRED,Full-Time,1
179,61692a71630be6d801e55db0,D,A,B,C,C,B,D,C,A,B,DABCCBDCAB,0.5,0.0,0.0,noisy,random,negative,Pass,red,100.0,6.0,5.0,Pass Box,D,B,A,C,B,D,A,B,C,D,DBACBDABCD,1.0,Non-STEM Track,0.0,0.0,R,R,R,R,R,C,C,C,C,C,C,RRRRRCCCCCC,0,0,1,0,0,0,0,0,0,"I thought I would do better on it, and I'm definitely correct in that regard since I got every question right on the Non-STEM track.",I liked the tests; I feel like the third question asking about how the test taker did on the first round of questions could have been better explained. (The one asking for a number out of /10),Non-STEM Track,746.0,1090,White,High school diploma/A-levels,26,Male,White,United States,United States,United States,English,No,"Not in paid work (e.g. homemaker', 'retired or disabled)",0
180,5c989ea4c7f75b0001677fa8,D,C,C,B,B,B,A,A,B,A,DCCBBBAABA,0.4,0.0,0.0,noisy,random,negative,Fail,black,75.0,2.0,6.0,Fail Box,C,A,B,B,D,D,C,A,C,A,CABBDDCACA,0.4,STEM Track,0.0,0.0,R,R,R,C,C,C,C,C,C,C,C,RRRCCCCCCCC,0,1,0,0,0,0,0,0,0,I struggled with math in elementary and high school but began to grow my confidence in math in college so I wanted to accept that challenge to test myself.,N/A I had a pleasant experience and don't feel as though I have suggestions or recommendations. Thank you!,STEM Track,1102.0,822,White,Undergraduate degree (BA/BSc/other),39,Male,White,United States,United States,United States,English,DATA_EXPIRED,DATA_EXPIRED,1
181,663ce4e0481cec08d00ab105,D,D,A,C,C,A,A,A,A,B,DDACCAAAAB,0.1,0.0,0.0,noisy,random,positive,Fail,red,40.0,2.0,3.0,Fail Box,D,B,A,C,B,D,A,B,C,D,DBACBDABCD,1.0,Non-STEM Track,0.0,0.0,R,R,R,R,R,C,C,C,C,C,C,RRRRRCCCCCC,0,0,1,0,0,0,0,0,0,Because I am more confident outside of science and math,I,Non-STEM Track,450.0,771,White,Graduate degree (MA/MSc/MPhil/other),42,Male,White,United States,United States,United States,English,DATA_EXPIRED,DATA_EXPIRED,0
183,5bcc26ba4f22df00010f166d,D,A,B,C,D,B,D,C,D,B,DABCDBDCDB,0.5,0.0,0.0,noisy,random,negative,Pass,red,40.0,3.0,4.0,Pass Box,D,B,A,C,B,D,A,B,C,D,DBACBDABCD,1.0,Non-STEM Track,0.0,0.0,R,R,R,R,C,C,C,C,C,C,C,RRRRCCCCCCC,0,0,1,0,0,0,0,0,0,Because I felt more confident in answering the non-STEM questions accurately,All of the various instructions were a bit confusing and tedious,Non-STEM Track,776.0,1366,Latino/Hispanic,High school diploma/A-levels,34,Male,Other,United States,United States,United States,English,No,Full-Time,0
184,6728ac4e1f0ac5ccaa3d7675,C,C,B,B,B,B,C,C,C,C,CCBBBBCCCC,0.5,0.0,0.0,noisy,random,negative,Fail,red,80.0,8.0,9.0,Pass Box,C,B,B,B,C,B,B,B,B,B,CBBBCBBBBB,0.1,STEM Track,0.0,0.0,R,R,R,R,R,R,R,R,R,R,C,RRRRRRRRRRC,0,0,0,0,1,0,0,0,0,it will help me,good,STEM Track,731.0,10,African,High school diploma/A-levels,31,Male,Black,Ghana,United States,United States,English,Yes,DATA_EXPIRED,1
185,67158a52bdda9ea30d07de25,C,C,A,B,B,C,D,D,A,C,CCABBCDDAC,0.3,0.0,0.0,noisy,random,positive,Fail,red,50.0,7.0,5.0,Pass Box,B,C,B,C,D,D,B,C,D,A,BCBCDDBCDA,0.2,STEM Track,0.0,0.0,R,R,R,R,R,C,C,C,C,C,C,RRRRRCCCCCC,0,0,1,0,0,0,0,0,0,I like mathematics.,,STEM Track,451.0,46,White,Technical/community college,25,Male,White,United States,United States,United States,English,Yes,Part-Time,1
186,663afb4c74805516d7983f27,D,C,B,A,C,A,D,C,D,A,DCBACADCDA,0.2,1.0,3.909,noisy,random,negative,Pass,red,5.0,1.0,1.0,Pass Box,D,B,A,C,B,D,A,B,C,D,DBACBDABCD,1.0,Non-STEM Track,0.0,0.0,R,C,C,C,C,C,C,C,C,C,C,RCCCCCCCCCC,0,0,1,0,0,0,0,0,0,I haven't taken those types of math classes in a long time and barely remember any of it.,"It was kind of fun. When I saw the math questions I was like, what? Lol",Non-STEM Track,1381.0,937,White,High school diploma/A-levels,47,Female,White,United States,United States,United States,English,No,Full-Time,0
187,658289aeaf946c0306a5c083,A,A,B,B,B,B,D,C,B,B,AABBBBDCBB,0.8,0.0,0.0,noisy,random,ground,Fail,black,100.0,10.0,10.0,Fail Box,B,A,C,A,A,D,C,A,B,C,BACAADCABC,1.0,STEM Track,0.0,0.0,R,R,C,C,C,C,C,C,C,C,C,RRCCCCCCCCC,0,0,1,0,0,0,0,0,0,I major in a STEM field so I am confident in my mathematical abilities. ,"It was great actually, provided a great set of exercises to challenge myself.",STEM Track,1563.0,406,East Asian,High school diploma/A-levels,24,Male,Asian,United States,United States,United States,English,Yes,Unemployed (and job seeking),1
188,66fb614bb2ee41889ae13f1c,D,A,A,C,C,B,B,C,D,A,DAACCBBCDA,0.3,0.0,0.0,noisy,random,negative,Pass,red,11.0,2.0,0.0,Pass Box,D,D,D,D,D,D,D,D,D,D,DDDDDDDDDD,0.1,STEM Track,0.0,0.0,R,R,R,R,R,C,C,C,C,C,C,RRRRRCCCCCC,0,0,1,0,0,0,0,0,0,I'd get $2 if I got them all wrong.,I wish I hadn't come here!  ;-),STEM Track,405.0,31,White,High school diploma/A-levels,46,Male,White,United States,United States,United States,English,No,Part-Time,1
190,62f9c9926b5d15714845f331,C,A,D,C,B,A,A,A,B,A,CADCBAAABA,0.2,0.0,0.0,noisy,random,negative,Fail,red,32.0,2.0,3.0,Fail Box,D,B,A,C,B,A,A,B,C,D,DBACBAABCD,0.9,Non-STEM Track,0.0,0.0,C,R,R,R,R,R,C,R,R,R,R,CRRRRRCRRRR,0,0,1,0,0,0,0,0,0,I didn't want to do any more math problems because math isn't my strongest subject,It was great for people who are decent in math for the first part. The English part was easier for me.,Non-STEM Track,676.0,292,White,High school diploma/A-levels,35,Male,White,United States,United States,United States,English,No,"Not in paid work (e.g. homemaker', 'retired or disabled)",0
191,6728ecb8f622c6f2a2eaa6fc,C,B,A,D,B,C,C,A,A,B,CBADBCCAAB,0.2,0.0,0.0,noisy,random,positive,Pass,black,2.0,3.0,1.0,Fail Box,A,A,A,A,A,A,A,A,A,A,AAAAAAAAAA,0.4,STEM Track,0.0,0.0,R,R,C,C,C,C,C,C,C,C,C,RRCCCCCCCCC,0,0,1,0,0,0,0,0,0,I'll gamble for a dollar ,Enjoysble,STEM Track,445.0,26,Mixed,Undergraduate degree (BA/BSc/other),37,Male,White,United States,United States,United States,English,No,DATA_EXPIRED,1
192,664e3a724e9031ecde986655,B,C,A,A,B,A,A,B,C,A,BCAABAABCA,0.2,0.0,0.0,noisy,random,positive,Fail,red,50.0,5.0,5.0,Pass Box,C,B,B,B,B,B,A,A,B,B,CBBBBBAABB,0.2,STEM Track,0.0,0.0,R,R,R,R,R,R,R,C,C,C,C,RRRRRRRCCCC,0,0,1,0,0,0,0,0,0,Because I love science ,I thought it was a lot ,STEM Track,549.0,102,White Mexican,Technical/community college,43,Male,White,United States,United States,United States,English,No,Full-Time,1
193,6612f75ce40b8b512658beaf,D,C,A,B,C,D,B,C,A,B,DCABCDBCAB,0.3,0.0,0.0,noisy,random,ground,Fail,black,90.0,5.0,5.0,Fail Box,D,B,A,C,D,D,A,B,C,D,DBACDDABCD,0.9,Non-STEM Track,0.0,0.0,R,C,C,C,C,C,C,C,C,C,C,RCCCCCCCCCC,0,0,1,0,0,0,0,0,0,I believe I would do better with my knowledge ,Fun,Non-STEM Track,311.0,161,White,Undergraduate degree (BA/BSc/other),46,Male,White,United States,United States,United States,English,No,Full-Time,0
194,60bae1ebe45be85442acce84,D,A,B,C,D,B,C,C,C,B,DABCDBCCCB,0.5,0.0,0.0,noisy,random,positive,Pass,black,25.0,3.0,3.0,Pass Box,D,B,A,C,B,D,A,B,C,D,DBACBDABCD,1.0,Non-STEM Track,0.0,0.0,R,R,C,C,C,C,C,C,C,C,C,RRCCCCCCCCC,0,1,0,0,0,0,0,0,0,"I have not done complex math since I was in high school, 10 years ago. I know I'm not great at math anymore.","I don't have any particular feedback. Everything about the study seemed to work well, and I didn't have any problems or technical issues.",Non-STEM Track,894.0,2584,White,High school diploma/A-levels,29,Male,White,United States,United States,United States,English,No,Other,0
195,6132cc931d18eb3ce734accf,D,C,D,D,B,B,,,,,DCDDBB____,0.2,0.0,0.0,noisy,random,negative,Pass,red,50.0,3.0,2.0,Pass Box,C,B,B,A,A,B,C,A,B,A,CBBAABCABA,0.5,STEM Track,0.0,0.0,R,R,R,R,C,C,C,C,C,C,C,RRRRCCCCCCC,0,0,1,0,0,0,0,0,0,Only 2 correct answers were required to pass,I don't remember most of my schooling,STEM Track,1362.0,2087,White,Undergraduate degree (BA/BSc/other),58,Male,White,United States,United States,United States,English,No,Full-Time,1
196,5ec9112305ac273ed882f22a,C,A,A,C,C,B,C,B,C,C,CAACCBCBCC,0.3,0.0,0.0,noisy,random,positive,Fail,red,5.0,2.0,4.0,Fail Box,D,B,A,C,B,D,A,B,C,D,DBACBDABCD,1.0,Non-STEM Track,0.0,0.0,R,R,R,R,C,C,C,C,C,C,C,RRRRCCCCCCC,0,1,0,1,0,0,0,0,0,I am more comfortable with non-STEM topics and have not studied algebra or geometry in decades.,The STEM test was difficult.,Non-STEM Track,501.0,1069,White,Doctorate degree (PhD/other),39,Male,White,United States,United States,United States,English,No,Full-Time,0
197,65dd00763076d70c85c24b1b,A,A,B,C,B,B,C,A,B,B,AABCBBCABB,0.5,1.0,0.69,noisy,random,negative,Pass,red,10.0,0.0,0.0,Fail Box,D,B,A,C,B,D,A,B,C,D,DBACBDABCD,1.0,Non-STEM Track,0.0,0.0,R,R,R,R,R,C,C,C,C,C,C,RRRRRCCCCCC,0,0,1,0,0,0,0,0,0,I was not able to solve most of the math problems from the 1st section,It was a good experience to see where I was and if my knowledge from back in school still stuck with me.,Non-STEM Track,380.0,487,South East Asian,Technical/community college,22,Male,Asian,United States,United States,United States,Vietnamese,Yes,Part-Time,0
198,6696cb900298e5e424ddbb00,D,C,C,C,C,C,B,D,C,B,DCCCCCBDCB,0.3,0.0,0.0,noisy,random,negative,Fail,red,65.0,5.0,4.0,Fail Box,D,B,A,C,B,D,A,B,C,B,DBACBDABCB,0.9,Non-STEM Track,0.0,0.0,R,C,C,R,R,C,C,C,C,C,C,RCCRRCCCCCC,0,0,1,0,0,0,0,0,0,seemed better for me ,all good ,Non-STEM Track,564.0,199,Black/African American,Undergraduate degree (BA/BSc/other),33,Male,Black,United States,United States,United States,English,Yes,Unemployed (and job seeking),0
199,611c3a95571912992fae32cf,B,B,A,C,B,A,A,C,B,A,BBACBAACBA,0.2,0.0,0.0,noisy,random,negative,Fail,red,43.0,1.0,3.0,Pass Box,C,B,D,C,C,B,B,B,A,B,CBDCCBBBAB,0.0,STEM Track,0.0,0.0,R,C,C,R,R,R,C,C,C,C,C,RCCRRRCCCCC,0,0,1,0,0,0,0,0,0,I like technology.,BORING,STEM Track,728.0,2762,White,High school diploma/A-levels,31,Male,White,United States,United States,United States,English,Yes,Unemployed (and job seeking),1
200,66b81adbc27d50653ded3da4,B,A,B,D,A,D,D,C,B,B,BABDADDCBB,0.4,0.0,0.0,noisy,random,positive,Pass,red,25.0,3.0,4.0,Fail Box,B,B,C,A,A,D,C,A,B,A,BBCAADCABA,0.8,STEM Track,0.0,0.0,R,R,R,R,R,C,C,C,C,C,C,RRRRRCCCCCC,0,0,1,0,0,0,0,0,0,Money,"No feedback, it was fun",STEM Track,683.0,550,East Asian,Undergraduate degree (BA/BSc/other),28,Male,Asian,China,United States,United States,Chinese,Yes,Full-Time,1
202,649609322cee8b311a1c3f0f,B,B,C,D,C,B,A,B,D,A,BBCDCBABDA,0.2,0.0,0.0,noisy,random,ground,Fail,black,60.0,3.0,3.0,Fail Box,A,D,C,B,C,B,C,C,C,D,ADCBCBCCCD,0.2,STEM Track,0.0,0.0,R,R,R,R,R,C,C,C,C,C,C,RRRRRCCCCCC,0,0,1,0,0,0,0,0,0,Hope to get lucky and win more money somehow.,I haven't understood any of this since high school.,STEM Track,647.0,3331,White,Technical/community college,37,Male,White,United States,United States,United States,English,No,Part-Time,1
203,66aabe2a82ed5061379fa052,D,D,,,B,B,,B,,A,DD__BB_B_A,0.2,0.0,0.0,noisy,random,ground,Fail,black,30.0,3.0,3.0,Fail Box,D,B,A,C,B,D,A,B,C,D,DBACBDABCD,1.0,Non-STEM Track,0.0,0.0,R,C,C,C,C,C,C,C,C,C,C,RCCCCCCCCCC,1,0,1,0,0,0,0,0,0,It's what I enjoy doing,I enjoyed every bit of it.,Non-STEM Track,1208.0,373,Black/African American,Graduate degree (MA/MSc/MPhil/other),34,Male,Black,United States,United States,United States,English,DATA_EXPIRED,Full-Time,0
205,66fd131b4ece3a7928716865,A,B,C,B,C,B,B,B,C,B,ABCBCBBBCB,0.6,0.0,0.0,noisy,random,negative,Pass,red,30.0,4.0,5.0,Pass Box,C,B,D,C,B,C,C,C,D,A,CBDCBCCCDA,0.1,STEM Track,0.0,0.0,R,R,R,R,R,C,C,C,C,C,R,RRRRRCCCCCR,0,0,1,0,0,0,0,0,0,because i wanted to increase my bonus chances,it was great,STEM Track,475.0,227,Latino/Hispanic,Graduate degree (MA/MSc/MPhil/other),43,Male,Other,United States,United States,United States,English,No,Full-Time,1
206,65d76ebb8291ac6b90e131a7,A,A,B,B,B,C,B,C,D,B,AABBBCBCDB,0.6,0.0,0.0,noisy,random,ground,Pass,red,50.0,5.0,6.0,Pass Box,B,D,C,B,A,D,C,A,B,C,BDCBADCABC,0.8,STEM Track,0.0,0.0,R,R,R,R,R,C,C,C,C,C,C,RRRRRCCCCCC,1,1,1,0,0,0,0,1,0,Personal Interest,,STEM Track,976.0,279,South Asian,Undergraduate degree (BA/BSc/other),26,Male,Asian,United States,United States,United States,English,No,DATA_EXPIRED,1
207,667e3c908dfe54c0973bbe34,D,C,C,C,B,D,C,B,B,C,DCCCBDCBBC,0.2,0.0,0.0,noisy,random,positive,Fail,red,2.0,3.0,3.0,Fail Box,D,B,A,C,B,D,A,B,C,D,DBACBDABCD,1.0,Non-STEM Track,0.0,0.0,R,R,R,C,C,C,C,C,C,C,C,RRRCCCCCCCC,0,0,1,0,0,0,0,0,0,algebra was not my strongest subject to be honest so i chose not to fail again.,The experience was interesting and fun.,Non-STEM Track,970.0,491,Black/African American,High school diploma/A-levels,50,Female,Black,United States,United States,United States,English,No,Full-Time,0
208,66e3a5d19b4dd663d2c8b9ad,C,C,C,C,C,C,C,C,C,C,CCCCCCCCCC,0.3,0.0,0.0,noisy,random,positive,Pass,red,25.0,3.0,3.0,Not Sure,D,B,A,C,B,D,A,B,C,D,DBACBDABCD,1.0,Non-STEM Track,0.0,0.0,R,R,R,R,C,C,C,C,C,C,C,RRRRCCCCCCC,0,0,1,0,0,0,0,0,0,Im horrible at stem subjects,Easy and enjoyable except the math ,Non-STEM Track,375.0,99,Black/African American,High school diploma/A-levels,25,Male,Black,United States,United States,United States,English,No,Unemployed (and job seeking),0
209,6681a790567ed4edc86ca4a4,D,A,B,C,C,C,B,A,A,B,DABCCCBAAB,0.2,0.0,0.0,noisy,random,positive,Fail,red,51.0,1.0,5.0,Fail Box,D,B,A,C,B,D,A,B,C,D,DBACBDABCD,1.0,Non-STEM Track,0.0,0.0,R,R,R,C,C,C,C,C,C,C,C,RRRCCCCCCCC,0,0,1,0,0,1,0,0,0,I had an extremely low chance of answering any of the questions correctly.,It was somewhat confusing and forced me to use brain cells that have been dormant for decades.,Non-STEM Track,977.0,470,White,High school diploma/A-levels,49,Male,White,United States,United States,United States,English,No,"Not in paid work (e.g. homemaker', 'retired or disabled)",0
210,666e2123f31347ddef69f7a1,B,C,D,B,D,B,B,A,B,A,BCDBDBBABA,0.2,0.0,0.0,noisy,random,positive,Pass,red,50.0,1.0,1.0,Not Sure,B,A,C,B,A,D,C,A,B,A,BACBADCABA,0.8,STEM Track,0.0,0.0,R,R,R,R,R,C,C,C,C,C,C,RRRRRCCCCCC,0,0,1,0,0,0,0,0,0,I wanted to try my luck for the bonus payment.,My experience was good.,STEM Track,1095.0,481,Black/African American,High school diploma/A-levels,28,Male,Black,United States,United States,United States,English,No,Full-Time,1
211,6734a50bb2f6e5f5ab60c014,B,C,A,A,C,B,D,C,A,A,BCAACBDCAA,0.3,0.0,0.0,noisy,random,ground,Fail,black,50.0,4.0,4.0,Pass Box,B,B,D,D,B,B,A,B,D,C,BBDDBBABDC,0.2,STEM Track,0.0,0.0,R,C,C,C,C,C,C,C,C,C,C,RCCCCCCCCCC,1,1,0,0,0,0,0,0,0,to learn,good experience,STEM Track,604.0,17,Black/African American,High school diploma/A-levels,20,Male,Black,Ghana,United States,United States,English,Yes,DATA_EXPIRED,1
213,5fc6e3a0040c3f0e7cb45c8a,B,B,B,C,B,A,B,B,C,A,BBBCBABBCA,0.2,0.0,0.0,noisy,random,ground,Pass,red,50.0,2.0,1.0,Pass Box,C,C,B,C,A,B,C,B,B,B,CCBCABCBBB,0.3,STEM Track,0.0,0.0,C,R,R,R,R,R,R,R,R,C,C,CRRRRRRRRCC,0,0,0,1,0,0,0,0,0,It paid more,no experience just schooling with college degree.,STEM Track,639.0,7220,White,Technical/community college,34,Female,White,United States,United States,United States,English,No,"Not in paid work (e.g. homemaker', 'retired or disabled)",1
214,6632a45ac854ff55d9eb87e4,D,A,A,C,B,B,D,C,A,B,DAACBBDCAB,0.6,0.0,0.0,noisy,random,positive,Pass,red,60.0,7.0,6.0,Pass Box,D,B,A,C,B,D,A,B,C,D,DBACBDABCD,1.0,Non-STEM Track,0.0,0.0,R,R,R,R,C,C,C,C,C,C,C,RRRRCCCCCCC,0,0,1,0,0,0,0,0,0,The non-STEM track had a higher chance of offering something consistent.,,Non-STEM Track,758.0,624,Latino/Hispanic,Technical/community college,27,Male,Other,Mexico,United States,United States,Spanish,DATA_EXPIRED,DATA_EXPIRED,0
215,5ea96f2dbd3d10051fc94b30,C,B,B,A,C,B,A,A,D,A,CBBACBAADA,0.1,0.0,0.0,noisy,random,positive,Fail,red,40.0,1.0,2.0,Fail Box,D,D,A,C,B,D,A,B,C,D,DDACBDABCD,0.9,Non-STEM Track,0.0,0.0,R,R,R,R,C,C,C,C,C,C,C,RRRRCCCCCCC,0,0,1,0,0,0,0,0,0,The first set of STEM questions were difficult ,It was a good survey ,Non-STEM Track,1297.0,535,Middle Eastern,Undergraduate degree (BA/BSc/other),36,Male,Other,United States,United States,Lebanon,English,No,Full-Time,0
216,62f975cbc3507ecf77180d00,D,A,C,B,B,D,B,C,C,B,DACBBDBCCB,0.7,0.0,0.0,noisy,random,negative,Pass,red,40.0,4.0,5.0,Fail Box,D,B,A,C,B,D,A,B,C,D,DBACBDABCD,1.0,Non-STEM Track,0.0,0.0,R,R,R,R,C,C,C,C,C,C,C,RRRRCCCCCCC,0,0,1,1,0,0,0,0,0,I knew it would be easier for me.,"It was fine, no feedback.",Non-STEM Track,721.0,1951,White,Secondary education (e.g. GED/GCSE),21,Male,White,United States,United States,United States,English,No,Unemployed (and job seeking),0
217,65f0e572d1ca00e646860bff,D,A,B,C,C,A,D,A,A,B,DABCCADAAB,0.3,0.0,0.0,noisy,random,negative,Pass,red,40.0,4.0,3.0,Pass Box,D,B,A,C,B,D,A,B,C,D,DBACBDABCD,1.0,Non-STEM Track,0.0,0.0,R,R,C,C,C,C,C,C,C,C,C,RRCCCCCCCCC,0,0,1,0,0,0,0,0,0,I am not at all confident in my math capability and it is something I have not studied at all on a personal level since being out of school. It is something I do not have a strong interest in.,"I felt like I was being teased by an evil , whimsical robot math wizard who was stirring up all my forgotten nightmares about Pre Calc. But I was surprised I could even think my way through any of the problems, so that was nice. Also I am beefy when it comes to vocabulary so thank god I didn’t choose the STEM track the second round. ",Non-STEM Track,1063.0,584,White,Technical/community college,32,Female,White,United States,United States,United States,English,No,"Not in paid work (e.g. homemaker', 'retired or disabled)",0
218,614de6895ac2892842f52ec7,B,A,D,D,C,B,D,A,A,A,BADDCBDAAA,0.3,0.0,0.0,noisy,random,negative,Fail,red,30.0,3.0,5.0,Fail Box,D,B,A,C,B,D,A,B,C,D,DBACBDABCD,1.0,Non-STEM Track,0.0,0.0,R,R,R,R,C,C,C,C,C,C,C,RRRRCCCCCCC,0,0,1,0,0,0,0,0,0,Because I have not done that kind of math in over 20 years.,I was a bit sad about how much math I have forgotten!,Non-STEM Track,633.0,984,White,High school diploma/A-levels,44,Male,White,United States,United States,United States,English,Yes,Unemployed (and job seeking),0
219,61177ea521a68858654a2cdf,B,A,A,B,D,,,,,,BAABD_____,0.2,1.0,1.44,noisy,random,negative,Pass,red,25.0,3.0,2.0,Pass Box,D,B,A,C,B,D,A,B,C,D,DBACBDABCD,1.0,Non-STEM Track,1.0,2.041,R,R,R,C,C,C,C,C,C,C,C,RRRCCCCCCCC,0,0,1,0,0,0,0,0,0,It bore less risk for losing money.,"It was an interesting study and the first part was quite challenging. It's been a while since I've done math. Interesting study, thanks!",Non-STEM Track,994.0,1324,White,Technical/community college,35,Male,White,United States,United States,United States,English,No,Part-Time,0
220,664fa131c7b117a8b479e5f3,D,A,A,B,B,B,D,C,B,D,DAABBBDCBD,0.6,0.0,0.0,noisy,random,ground,Pass,red,30.0,4.0,4.0,Pass Box,B,B,C,C,A,D,C,A,C,C,BBCCADCACC,0.7,STEM Track,0.0,0.0,R,R,R,R,R,C,C,C,C,C,C,RRRRRCCCCCC,0,0,1,1,0,0,0,0,0,I major in the STEM field.,It was okay,STEM Track,830.0,415,White,High school diploma/A-levels,20,Male,White,United States,United States,United States,English,Yes,Part-Time,1
222,5f1bf8c6fe7ca34249b7c334,A,A,D,B,B,B,D,C,B,B,AADBBBDCBB,0.8,0.0,0.0,noisy,random,ground,Pass,red,90.0,9.0,5.0,Pass Box,D,B,A,C,B,D,A,B,C,D,DBACBDABCD,1.0,Non-STEM Track,0.0,0.0,R,R,R,R,C,C,C,C,C,C,C,RRRRCCCCCCC,0,0,1,0,1,0,0,0,0,"I enjoy STEM, but wanted a chance to earn .20 per question.",It was fun!,Non-STEM Track,719.0,2580,White,Technical/community college,30,Female,White,United States,United States,United States,English,Yes,Full-Time,0
223,5cc8039e3ef93000171c96b8,C,A,A,C,B,B,C,B,B,D,CAACBBCBBD,0.3,0.0,0.0,noisy,random,negative,Fail,red,65.0,4.0,4.0,Pass Box,B,B,C,C,A,A,C,A,C,A,BBCCAACACA,0.5,STEM Track,0.0,0.0,R,R,R,R,R,C,C,C,C,C,C,RRRRRCCCCCC,0,0,1,0,0,0,0,0,0,I think I'm good enough at math to get at least 4 right most of the time,Some of the questions were really easy and some were too hard that it wasn't worth the time to try to figure them out,STEM Track,735.0,5124,White,Undergraduate degree (BA/BSc/other),38,Male,White,United States,United States,United States,English,No,Part-Time,1
224,65cb9a592b3565cba17bc37c,D,A,B,A,B,B,D,C,C,B,DABABBDCCB,0.7,0.0,0.0,noisy,random,positive,Fail,red,100.0,10.0,10.0,Pass Box,B,B,B,C,A,D,C,A,B,C,BBBCADCABC,0.7,STEM Track,0.0,0.0,R,R,R,R,R,C,C,C,C,C,C,RRRRRCCCCCC,0,0,1,0,0,0,0,0,0,I felt confident in my math skills.,,STEM Track,1092.0,1308,East Asian,Graduate degree (MA/MSc/MPhil/other),27,Female,Asian,United States,United States,United States,Mandarin,DATA_EXPIRED,Full-Time,1
225,67104c7deff954cb22438402,B,C,D,B,A,D,D,B,A,A,BCDBADDBAA,0.2,0.0,0.0,noisy,random,ground,Pass,red,0.0,0.0,0.0,Pass Box,C,B,B,B,A,B,C,C,B,C,CBBBABCCBC,0.4,STEM Track,0.0,0.0,R,C,C,C,C,C,C,C,C,C,C,RCCCCCCCCCC,0,0,1,0,0,0,0,0,0,Because math and I do not work well together at all but I can’t bring myself to take the easy path,My brain hurts,STEM Track,818.0,158,White,High school diploma/A-levels,48,Female,White,United States,United States,United States,English,No,"Not in paid work (e.g. homemaker', 'retired or disabled)",1
226,60d8c6bc9686529cdc824a49,A,B,A,C,A,A,D,C,B,A,ABACAADCBA,0.3,0.0,0.0,noisy,random,positive,Fail,red,23.0,2.0,4.0,Fail Box,A,C,B,B,A,A,D,C,D,A,ACBBAADCDA,0.1,STEM Track,0.0,0.0,R,R,R,R,R,R,C,C,C,C,C,RRRRRRCCCCC,0,0,1,0,0,0,0,0,0,intuituion,it was fine,STEM Track,1338.0,4775,White,High school diploma/A-levels,38,Female,White,United States,United States,United States,English,No,"Not in paid work (e.g. homemaker', 'retired or disabled)",1
