prolific_id,time_taken,total_approvals,ethnicity,highest_education,age,sex,ethnicity_simplified,country_of_birth,country_of_residence,nationality,language,student_status,employment_status,stem_quiz_1_answers,stem_quiz_1_score,section_1_num_tab_switches,section_1_time_hidden,info_structure,player_performance,overplacement,overestimation,passing_threshold,ball_origin_estimation,preferred_second_survey,section_5_num_tab_switches,section_5_time_hidden,ball_color,schools_private_independent,schools_private_religious,schools_public_school,schools_homeschool,schools_online_school,schools_charter_school,schools_all_girls_school,schools_all_boys_school,schools_stem_oriented_school,track_decision,experience,preferred_second_survey_explanation,stem_quiz_1_1,quiz_2_1,stem_quiz_1_2,quiz_2_2,stem_quiz_1_3,quiz_2_3,stem_quiz_1_4,quiz_2_4,stem_quiz_1_5,quiz_2_5,stem_quiz_1_6,quiz_2_6,stem_quiz_1_7,quiz_2_7,stem_quiz_1_8,quiz_2_8,stem_quiz_1_9,quiz_2_9,stem_quiz_1_10,quiz_2_10,risk_tolerance_1,risk_tolerance_2,risk_tolerance_3,risk_tolerance_4,risk_tolerance_5,risk_tolerance_6,risk_tolerance_7,risk_tolerance_8,risk_tolerance_9,risk_tolerance_10,risk_tolerance_11,continue_or_quit
5c8541b79c5a3000016b2597,413.0,6058,White,Undergraduate degree (BA/BSc/other),51,Male,White,Germany,United States,United States,English,No,Full-Time,DDCBCACBCD,0.3,0.0,0.0,positive,Fail,50.0,3.0,5.0,Fail Box,Non-STEM Track,0.0,0.0,red,0,0,1,0,0,0,0,0,0,Much easier,,Non-STEM Track,D,D,D,B,C,A,B,C,C,B,A,D,C,A,B,B,C,C,D,D,R,R,R,C,C,C,C,C,C,C,C,0
652a68b774692c0a5cceba01,870.0,138,White,Graduate degree (MA/MSc/MPhil/other),27,Female,White,United States,United States,United States,English,No,DATA_EXPIRED,DABCDBCABB,0.3,0.0,0.0,positive,Fail,25.0,3.0,4.0,Fail Box,Non-STEM Track,0.0,0.0,red,0,0,1,0,0,0,0,0,0,"I have not taken math since I was 16 years old, and the first quiz confirmed I am absolutely not a mathematician. I love reading and writing, so gravitate towards non-STEM disciplines. ","I am worse at math than I remembered, that's for sure! But, it was fun to try to force my brain to try to remember how to work it out.",Non-STEM Track,D,D,A,B,B,A,C,C,D,B,B,D,C,A,A,B,B,C,B,D,R,R,R,R,R,R,R,C,C,C,C,0
5d8a65fe43543b0001a33e4b,770.0,424,White,Undergraduate degree (BA/BSc/other),48,Female,White,United States,United States,United States,English,No,Part-Time,BCACBACADA,0.1,0.0,0.0,positive,Fail,25.0,3.0,2.0,Fail Box,Non-STEM Track,0.0,0.0,red,0,0,1,0,0,0,0,0,0,"I don't have a strong stem background, so I hoped that I would perform better in an alternate task.",Fun! ,Non-STEM Track,B,D,C,B,A,A,C,C,B,B,A,D,C,A,A,B,D,C,A,D,R,R,R,C,C,C,C,C,C,C,C,0
66f45672aa769deaf0cc6417,901.0,3,White,Undergraduate degree (BA/BSc/other),22,Female,White,United States,United States,United States,English,No,DATA_EXPIRED,DDDCBBADCB,0.4,0.0,0.0,positive,Pass,10.0,0.0,0.0,Pass Box,Non-STEM Track,0.0,0.0,red,0,0,1,0,0,0,0,0,0,I chose the non-stem track because I do not perform well regarding stem related tasks. Stem is not a strong suit of mine.,My experience was great! I think the study went smoothly!,Non-STEM Track,D,D,D,D,D,A,C,C,B,B,B,D,A,A,D,B,C,C,B,D,R,R,R,R,R,C,C,C,C,C,C,0
66e2e4974bf2eb1a77116882,1206.0,5,Black/African American,Undergraduate degree (BA/BSc/other),27,Male,White,United States,United States,United States,English,No,Unemployed (and job seeking),DADBDBDCAB,0.6,0.0,0.0,positive,Pass,0.0,6.0,4.0,Pass Box,STEM Track,0.0,0.0,red,1,0,1,0,0,0,0,0,0,I am good at it since my school days.,,STEM Track,D,B,A,A,D,C,B,A,D,C,B,D,D,C,C,A,A,B,B,A,R,R,C,C,C,C,C,C,C,C,C,1
66e53659bbbd7070ab7a6a3b,984.0,16,White,Graduate degree (MA/MSc/MPhil/other),47,Female,Other,United States,United States,United States,English,Yes,Full-Time,BBBCDACCAD,0.1,0.0,0.0,positive,Fail,20.0,4.0,2.0,Pass Box,Non-STEM Track,0.0,0.0,red,0,1,0,0,0,0,0,0,0,It was more flexible,,Non-STEM Track,B,D,B,B,B,A,C,B,D,B,A,D,C,B,C,B,A,C,D,D,R,C,C,C,C,R,C,R,C,R,R,0
66f46179fa81f408915abaaa,532.0,0,White,High school diploma/A-levels,33,Female,White,United States,United States,United States,English,No,"Not in paid work (e.g. homemaker', 'retired or disabled)",BAACAAACBB,0.3,0.0,0.0,ground,Pass,50.0,1.0,3.0,Pass Box,Non-STEM Track,0.0,0.0,red,0,0,1,0,0,0,0,0,0,I feel that I am better at non-STEM questions.,Great experience!,Non-STEM Track,B,D,A,B,A,A,C,C,A,B,A,D,A,A,C,B,B,C,B,D,R,R,R,R,R,C,C,C,C,C,C,0
66720b609998ec67e708dfb0,412.0,448,White,High school diploma/A-levels,32,Female,White,United States,United States,United States,English,No,Part-Time,ADBBDAACBD,0.3,1.0,5.042,negative,Pass,10.0,1.0,1.0,Fail Box,Non-STEM Track,0.0,0.0,red,0,0,1,0,0,0,0,0,0,im not a math girly ,it was fine,Non-STEM Track,A,D,D,B,B,A,B,C,D,B,A,D,A,A,C,B,B,C,D,D,R,R,R,R,C,C,C,C,C,C,C,0
66d5bccce3bc16e181051a0d,610.0,5,White Sephardic Jew,Undergraduate degree (BA/BSc/other),63,Female,White,United States,United States,United States,English,No,Part-Time,BCACCCCCCC,0.2,0.0,0.0,ground,Pass,0.0,0.0,0.0,Pass Box,STEM Track,0.0,0.0,red,0,0,1,0,0,0,0,0,0,do not really know,It was stressful. ,STEM Track,B,C,C,B,A,C,C,C,C,C,C,D,C,C,C,C,C,B,C,B,R,R,R,R,R,C,C,C,C,C,C,1
600fbe707a1fdb1a423f1cda,858.0,6,Other (please feel free to let us know your ethnicity via email),Technical/community college,30,Male,Mixed,United States,United States,United States,English,No,Part-Time,DCCCCCCBAD,0.1,0.0,0.0,ground,Pass,20.0,2.0,1.0,Pass Box,Non-STEM Track,0.0,0.0,red,0,0,1,0,0,0,0,0,0,"I am better versed in literature, language, and the arts.",Its been so long since I've had to do math problems that I felt out of my element in that area.,Non-STEM Track,D,D,C,B,C,A,C,C,C,B,C,D,C,A,B,B,A,C,D,D,R,R,R,R,R,R,C,C,C,C,C,0
5d47292b4bfe1600016925ac,766.0,1293,White,Undergraduate degree (BA/BSc/other),31,Male,White,United States,United States,United States,English,No,Full-Time,DAACBBACCB,0.6,0.0,0.0,negative,Pass,60.0,4.0,5.0,Pass Box,Non-STEM Track,0.0,0.0,red,0,0,1,0,0,0,0,0,0,"I did more non-stem course in college, so I feel a little more confident in them.",It was a fun study ,Non-STEM Track,D,D,A,B,A,A,C,C,B,B,B,D,A,A,C,B,C,C,B,D,R,R,R,R,R,C,C,C,C,C,C,0
61267e282a445af9eb95beae,887.0,1626,White,High school diploma/A-levels,37,Female,White,United States,United States,United States,English,No,"Not in paid work (e.g. homemaker', 'retired or disabled)",ABDBADBCAA,0.3,0.0,0.0,ground,Pass,50.0,1.0,1.0,Pass Box,STEM Track,0.0,0.0,red,0,0,1,0,0,0,0,0,0,"Because I figured I could at least get one question right, where the non-STEM one I would lose out.",It was hard to remember some of the equations for most of the questions since I haven't done these since I was in school.,STEM Track,A,C,B,D,D,A,B,A,A,D,D,A,B,C,C,C,A,B,A,D,R,R,R,C,C,C,C,C,C,C,C,1
6549876fa2301d20c2c9f79c,894.0,383,White,High school diploma/A-levels,52,Female,White,United States,United States,United States,English,No,"Not in paid work (e.g. homemaker', 'retired or disabled)",DACCDBACCB,0.6,0.0,0.0,ground,Pass,50.0,6.0,5.0,Pass Box,Non-STEM Track,0.0,0.0,red,0,0,1,0,0,0,0,0,0,"Because I would need scratch paper and a pencil to work out some of the problems, and I didn't know whether that was allowed, and I kind of didn't feel like doing it. I am well-read, so I figured I would probably do better on the non-STEM questions, and I was much more confident on those and found them to be a *lot* easier. I am a word-nerd and writer and once worked as an editor, and my questions on the second part were all vocabulary questions.","I think a lot of the questions are just too complex. I didn't have the mental wherewithal to do precise calculations on the bonus calculation stuff, so I just approximated. Of course I do want a bonus, but I also am a person who doesn't like risk, so I tend to just ""take what I can get"" as it were, even if it's not 100% the optimal chance for a bonus. The amounts here are relatively small, but I suppose if it were a huge bonus, I would put in more effort to try to maximize my chances. I did the best answers that I could think of, but I didn't try to calculate precisely in my head (the bonus stuff, I mean).",Non-STEM Track,D,D,A,B,C,A,C,C,D,B,B,D,A,A,C,B,C,C,B,D,R,R,R,C,C,C,C,C,C,C,C,0
5d3700db048a4f001767b040,460.0,778,White,Undergraduate degree (BA/BSc/other),26,Female,White,United States,United States,United States,English,Yes,Full-Time,DDCCBABBAA,0.2,0.0,0.0,negative,Pass,10.0,3.0,2.0,Fail Box,Non-STEM Track,0.0,0.0,red,0,0,1,0,0,0,0,0,0,I am a writer,"I loved this test, though I found the STEM questions difficult.",Non-STEM Track,D,D,D,B,C,A,C,C,B,B,A,D,B,A,B,B,A,C,A,D,R,R,R,R,C,C,C,C,C,C,C,0
6607112e33d4fd1fb766d2e2,1182.0,213,Black/African American,Undergraduate degree (BA/BSc/other),24,Male,Black,United States,United States,United States,English,DATA_EXPIRED,Full-Time,CACBABDCAD,0.6,0.0,0.0,positive,Pass,70.0,7.0,6.0,Pass Box,Non-STEM Track,0.0,0.0,black,0,0,1,0,0,0,0,0,0,To skipped the quizzes,,Non-STEM Track,C,A,A,B,C,A,B,D,A,B,B,D,D,A,C,A,A,C,D,B,R,R,R,R,R,C,C,C,C,C,C,0
652396e2b5323ae8517c4ec9,424.0,230,White,Technical/community college,27,Female,Other,Canada,United States,United States,English,Yes,DATA_EXPIRED,DACCDBCDCC,0.4,0.0,0.0,negative,Pass,15.0,2.0,2.0,Fail Box,Non-STEM Track,0.0,0.0,red,0,0,1,0,1,0,0,0,0,I'm not good at STEM,It was good,Non-STEM Track,D,D,A,B,C,A,C,C,D,B,B,D,C,A,D,B,C,C,C,D,R,R,R,R,C,C,C,C,C,C,C,0
66ce2f9a9a9402052c85abb6,1429.0,75,Other (please feel free to let us know your ethnicity via email),Graduate degree (MA/MSc/MPhil/other),50,Male,Other,Poland,United States,United States,Polish,No,Full-Time,AACBBBDC__,0.8,0.0,0.0,positive,Pass,80.0,8.0,8.0,Pass Box,STEM Track,0.0,0.0,red,0,1,1,0,0,0,0,0,0,Because it was a fun challenge,,STEM Track,A,B,A,A,C,C,B,A,B,A,B,D,D,C,C,A,,,,,R,R,R,R,R,R,C,C,C,C,C,1
60cab9dd5a974695b32eb2ab,800.0,921,White Sephardic Jew,Graduate degree (MA/MSc/MPhil/other),28,Female,Mixed,United States,United States,United States,English,Yes,DATA_EXPIRED,BAACCCDCBA,0.3,0.0,0.0,ground,Fail,80.0,2.0,6.0,Fail Box,Non-STEM Track,0.0,0.0,black,0,0,1,0,0,0,0,0,0,"I am horrible at math. Not to mention, I don't use equations in everyday life. ",It was fun! Kept me on my toes. ,Non-STEM Track,B,D,A,B,A,A,C,C,C,B,C,D,D,A,C,B,B,C,A,D,R,R,R,C,C,C,C,C,C,C,C,0
66f3beed5ca742d8eaeca673,600.0,7,White,Undergraduate degree (BA/BSc/other),24,Male,White,United States,United States,United States,English,Yes,"Not in paid work (e.g. homemaker', 'retired or disabled)",DABACACCBA,0.2,0.0,0.0,negative,Fail,30.0,4.0,4.0,Pass Box,Non-STEM Track,0.0,0.0,red,0,0,1,0,0,0,0,0,0,More confidence in those abilities ,it was stressful ,Non-STEM Track,D,D,A,B,B,A,A,C,C,B,A,D,C,A,C,B,B,C,A,D,R,R,R,C,C,C,C,C,C,C,C,0
66043185681ea0b36d451b01,617.0,337,Black/African American,Undergraduate degree (BA/BSc/other),35,Female,Black,United States,United States,United States,English,DATA_EXPIRED,DATA_EXPIRED,BCACBCBDBC,0.1,0.0,0.0,positive,Fail,0.0,0.0,10.0,Fail Box,Non-STEM Track,0.0,0.0,red,0,0,1,0,0,0,0,0,0,The math questions were outside of my area of expertise ,"The math questions were difficult.  Otherwise, thank you for the opportunity to participate and much success in your future endeavors. ",Non-STEM Track,B,D,C,B,A,A,C,C,B,B,C,D,B,A,D,B,B,C,C,D,R,R,R,R,R,R,C,C,C,C,C,0
5d1bd1bd998087001c623a73,981.0,738,White,Undergraduate degree (BA/BSc/other),33,Male,White,United States,United States,United States,English,No,Full-Time,ABACBBAACA,0.4,0.0,0.0,positive,Fail,50.0,3.0,5.0,Fail Box,Non-STEM Track,0.0,0.0,red,0,0,0,1,0,0,0,0,0,Faster,No,Non-STEM Track,A,D,B,B,A,A,C,C,B,B,B,D,A,A,A,B,C,C,A,D,R,R,R,R,R,C,C,C,C,C,C,0
66e916a67081975f3b28341b,431.0,8,East Asian,Undergraduate degree (BA/BSc/other),24,Female,Asian,United States,United States,United States,English,Yes,Unemployed (and job seeking),BDADCCBDBC,0.0,0.0,0.0,ground,Fail,30.0,2.0,3.0,Fail Box,Non-STEM Track,0.0,0.0,black,0,0,0,1,0,0,0,0,0,I haven't taken math in a long time,it was fine,Non-STEM Track,B,D,D,B,A,A,D,C,C,B,C,D,B,A,D,B,B,C,C,D,R,R,R,R,R,C,C,C,C,C,C,0
5dd0d2f02b033b190687eaee,890.0,1348,Other (please feel free to let us know your ethnicity via email),Undergraduate degree (BA/BSc/other),70,Male,White,United States,United States,United States,English,No,"Not in paid work (e.g. homemaker', 'retired or disabled)",DADCDBDBB_,0.3,0.0,0.0,positive,Fail,50.0,4.0,5.0,Pass Box,Non-STEM Track,0.0,0.0,red,0,0,1,0,0,0,0,0,0,I'm almost 50 years out of college and I'm rusty on math theory and processes. I could've done these questions easily about 40 years ago.,"challenging on the math stuff, very easy on the non-STEM stuff.",Non-STEM Track,D,D,A,B,D,A,C,C,D,B,B,D,D,A,B,B,B,C,,D,R,R,R,R,C,C,C,C,C,C,C,0
61412d50c1d83f94e448c0f3,906.0,2048,Black/African American,Graduate degree (MA/MSc/MPhil/other),23,Male,Black,United States,United States,United States,English,No,Part-Time,DDCBAADCBC,0.4,0.0,0.0,negative,Fail,100.0,8.0,8.0,Not Sure,Non-STEM Track,0.0,0.0,red,0,0,1,0,1,0,0,0,0,It was much easier and faster to answer.,It was great,Non-STEM Track,D,D,D,B,C,A,B,C,A,B,A,D,D,A,C,B,B,C,C,D,R,R,R,R,R,R,R,C,C,C,C,0
654d71ed0f6cf09a1436d4fd,610.0,375,Mixed,Graduate degree (MA/MSc/MPhil/other),45,Female,White,United States,United States,United States,English,No,Unemployed (and job seeking),DCACCBCBCB,0.3,0.0,0.0,positive,Pass,50.0,1.0,1.0,Fail Box,Non-STEM Track,0.0,0.0,red,0,0,1,0,0,0,0,0,0,"Because I don’t use any advanced math in my daily life, and I don’t remember how to do that type of math. ","The math questions were too difficult from the outset, which made the process of navigating the questions frustrating. Paired with the timer, I just chose things at random. ",Non-STEM Track,D,D,C,B,A,A,C,C,C,B,B,D,C,A,B,B,C,C,B,D,R,R,R,R,R,R,C,C,C,C,C,0
6669d8d5d67867239ed2e85c,489.0,364,White,Technical/community college,48,Female,White,United States,United States,United States,English,No,Full-Time,BDCAACDABD,0.2,0.0,0.0,positive,Pass,0.0,1.0,1.0,Fail Box,Non-STEM Track,0.0,0.0,red,0,0,1,0,0,0,0,0,0,It really wasn't popular when I went to school so it wasn't talked about.,It was great minus the math.,Non-STEM Track,B,D,D,B,C,A,A,C,A,B,C,D,D,A,A,B,B,C,D,D,R,R,R,R,R,C,C,C,C,C,C,0
601b9e9372f5e856dc3edf8b,865.0,67,White,Undergraduate degree (BA/BSc/other),23,Female,White,United States,United States,United States,English,Yes,Unemployed (and job seeking),DABBA__CBC,0.3,0.0,0.0,ground,Pass,1.0,0.0,0.0,Pass Box,Non-STEM Track,0.0,0.0,red,0,0,1,0,0,0,0,0,0,"I was never good at Stem subjects in school, I was always better at english class",My experience was a bit hectic as I was not prepared to start doing some math ,Non-STEM Track,D,D,A,B,B,A,B,C,A,B,,D,,A,C,B,B,C,C,D,R,R,R,R,C,C,C,C,C,C,C,0
6616965da366a89dbc8086fa,612.0,85,Latino/Hispanic,High school diploma/A-levels,36,Male,Mixed,United States,United States,United States,English,No,Unemployed (and job seeking),ADABDDCDBC,0.2,0.0,0.0,positive,Fail,75.0,7.0,4.0,Fail Box,Non-STEM Track,0.0,0.0,red,0,0,1,0,1,0,0,0,0,seemed to be the better route in terms of my time,make so much more of these I love being able to use my mind and relax with no pressure,Non-STEM Track,A,D,D,B,A,A,B,C,D,B,D,D,C,A,D,B,B,C,C,D,R,R,R,R,R,R,C,C,C,C,C,0
659485a70452c534a91718ee,620.0,160,Latino/Hispanic,High school diploma/A-levels,43,Female,Other,United States,United States,United States,English,No,Full-Time,CCDCBABCCB,0.4,0.0,0.0,negative,Pass,20.0,2.0,2.0,Fail Box,Non-STEM Track,0.0,0.0,red,0,0,1,0,0,0,0,0,0,math is hard,warn people they have to do math,Non-STEM Track,C,D,C,B,D,A,C,C,B,B,A,D,B,A,C,B,C,C,B,D,R,R,R,R,R,R,R,C,C,C,C,0
614e07461fd23406f92023c7,731.0,832,White,Graduate degree (MA/MSc/MPhil/other),36,Female,White,United States,United States,United States,English,Yes,Full-Time,CABCBBDCBD,0.5,0.0,0.0,ground,Pass,50.0,5.0,5.0,Not Sure,Non-STEM Track,0.0,0.0,red,0,0,1,0,0,0,0,0,0,I am egregiously bad at math and didn't want to potentially do more.,Good luck with your research,Non-STEM Track,C,D,A,B,B,A,C,C,B,B,B,D,D,A,C,B,B,C,D,D,R,R,R,R,R,C,C,C,C,C,C,0
665bb3facf3b60004a908818,539.0,573,White,Undergraduate degree (BA/BSc/other),32,Male,White,United States,United States,United States,English,Yes,Full-Time,BCDCCDAACC,0.1,0.0,0.0,negative,Fail,50.0,1.0,2.0,Fail Box,Non-STEM Track,0.0,0.0,red,0,0,1,0,0,0,0,0,0,I am not good at math,the stem questions were hard,Non-STEM Track,B,D,C,B,D,A,C,C,C,B,D,D,A,A,A,B,C,C,C,D,R,R,R,C,C,C,C,C,C,C,C,0
66491b44f08238d03d4395f0,381.0,219,White,Technical/community college,35,Female,White,United States,United States,United States,English,No,Part-Time,BAACBBCADC,0.3,0.0,0.0,negative,Pass,20.0,2.0,2.0,Pass Box,Non-STEM Track,0.0,0.0,red,0,0,1,0,0,0,0,0,0,Because that topic is difficult for me,It was hard and made me anxious ,Non-STEM Track,B,D,A,B,A,A,C,C,B,B,B,D,C,A,A,B,D,C,C,D,R,R,R,R,R,R,C,C,C,C,C,0
662a71616a36b54eb97191eb,1164.0,51,White,Doctorate degree (PhD/other),72,Female,White,United States,United States,United States,English,No,Part-Time,DA________,0.1,0.0,0.0,ground,Fail,30.0,5.0,2.0,Fail Box,Non-STEM Track,0.0,0.0,black,0,0,1,0,0,0,0,0,0,Because I assumed it would be quicker since the test is timed. ,I felt rushed on the timed tests,Non-STEM Track,D,D,A,B,,A,,C,,B,,D,,A,,B,,C,,D,R,R,R,R,C,C,C,C,C,C,C,0
65daf1e5e45ada925fab406d,570.0,89,South East Asian,Graduate degree (MA/MSc/MPhil/other),37,Female,Asian,United States,United States,United States,English,No,Full-Time,ADBACBABDB,0.3,0.0,0.0,ground,Pass,40.0,2.0,2.0,Pass Box,Non-STEM Track,0.0,0.0,red,0,0,1,0,0,0,0,0,0,I have a humanities background,no,Non-STEM Track,A,D,D,B,B,A,A,C,C,B,B,D,A,A,B,B,D,C,B,D,R,C,C,C,C,C,C,C,C,C,C,0
610888fa9082bb5758d4f7d8,658.0,177,White,Technical/community college,22,Female,White,United States,United States,United States,English,Yes,DATA_EXPIRED,BACDBADBDB,0.5,0.0,0.0,negative,Fail,42.0,2.0,7.0,Fail Box,Non-STEM Track,0.0,0.0,black,0,0,1,0,0,0,0,0,0,I'm terrible at math.,I don't think I did well on the math questions ,Non-STEM Track,B,D,A,A,C,A,D,C,B,B,A,D,D,A,B,B,D,C,B,D,R,R,R,R,R,R,R,R,R,R,C,0
66513ed9e6ee0568b12ce18c,895.0,84,White,High school diploma/A-levels,35,Female,White,United States,United States,United States,English,No,"Not in paid work (e.g. homemaker', 'retired or disabled)",DCBACDDBAC,0.1,0.0,0.0,ground,Fail,100.0,10.0,10.0,Pass Box,Non-STEM Track,0.0,0.0,black,0,0,0,1,0,0,0,0,0,My brain was tired fro the first set of math questions. ,"no feedback, good experience. ",Non-STEM Track,D,D,C,B,B,A,A,C,C,B,D,D,D,A,B,B,A,C,C,D,R,R,R,R,R,C,C,C,C,C,C,0
66f3ecd883793141904a00b3,817.0,5,White,High school diploma/A-levels,21,Female,White,United States,United States,United States,English,No,DATA_EXPIRED,CABBBCCCAB,0.5,1.0,4.623,positive,Pass,3.0,2.0,2.0,Pass Box,Non-STEM Track,0.0,0.0,red,0,0,0,1,0,0,0,0,0,im not very good at math,it was good no feed back ,Non-STEM Track,C,D,A,A,B,A,B,C,B,B,C,D,C,A,C,B,A,C,B,D,R,R,R,R,R,C,C,C,C,C,C,0
65b114038111be8590d8e184,562.0,563,White,Undergraduate degree (BA/BSc/other),36,Female,White,United States,United States,United States,English,No,Full-Time,DACDABCACA,0.4,0.0,0.0,negative,Pass,10.0,1.0,3.0,Fail Box,Non-STEM Track,0.0,0.0,red,0,0,1,0,0,0,0,0,0,"My background is in language. I have a degree in French linguistics and am a certified English teacher. I am not strong in math, so I was certain that I would do better on the non-STEM track.",The first section was stressful as I honestly did not know how to answer most of the math problems. ,Non-STEM Track,D,D,A,B,C,A,D,C,A,B,B,D,C,A,A,B,C,C,A,D,R,R,R,R,R,C,C,C,C,C,C,0
6664a1bc5d0140d6c3570178,1329.0,177,Black/African American,Undergraduate degree (BA/BSc/other),37,Female,Mixed,United States,United States,United States,English,Yes,Other,AADBDBCC__,0.5,0.0,0.0,positive,Fail,80.0,10.0,10.0,Pass Box,Non-STEM Track,0.0,0.0,red,0,0,1,0,0,0,0,0,0,I decided this because i didn't know rather to continue or not. I didn't know if I would still receive money for the other assignment completed.,My experience was great. I enjoyed solve problems and being challenged. ,Non-STEM Track,A,D,A,B,D,A,B,C,D,B,B,D,C,A,C,B,,C,,D,R,R,C,C,C,C,C,C,R,R,C,0
66abd7d501b21036f9f9994a,750.0,13,White,Undergraduate degree (BA/BSc/other),54,Female,White,United States,United States,United States,English,No,Unemployed (and job seeking),DCBCDABBAB,0.1,0.0,0.0,negative,Fail,40.0,4.0,4.0,Fail Box,Non-STEM Track,0.0,0.0,black,0,0,1,0,0,0,0,0,0,I am not good with math at all.,"I found the STEM section stressful, but I enjoyed the non-STEM section.",Non-STEM Track,D,D,C,B,B,A,C,C,D,B,A,D,B,A,B,B,A,C,B,D,R,R,R,R,C,C,C,C,C,C,C,0
62c37638a93211ca8441aadb,938.0,207,Middle Eastern,Secondary education (e.g. GED/GCSE),21,Male,White,United States,United States,United States,English,Yes,Unemployed (and job seeking),BADBBBBBCB,0.6,0.0,0.0,positive,Pass,75.0,5.0,4.0,Pass Box,Non-STEM Track,0.0,0.0,black,0,0,1,0,0,0,0,0,0,im more of a social sciences guy,no feedback,Non-STEM Track,B,D,A,B,D,A,B,C,B,B,B,D,B,A,B,B,C,C,B,D,R,R,R,R,R,C,C,C,C,C,C,0
655f82f3b777e4c757101326,929.0,279,Black/African American,Undergraduate degree (BA/BSc/other),45,Female,Black,United States,United States,United States,English,Yes,Full-Time,DABCCBACCA,0.4,0.0,0.0,positive,Pass,38.0,0.0,4.0,Fail Box,Non-STEM Track,0.0,0.0,black,0,0,1,0,0,0,0,0,0,easier,,Non-STEM Track,D,D,A,B,B,A,C,C,C,B,B,D,A,A,C,B,C,C,A,D,R,R,C,R,C,C,C,C,C,C,C,0
668edc4e7f59ae2c7858032f,1135.0,272,Black/African American,Undergraduate degree (BA/BSc/other),32,Female,Black,United States,United States,United States,English,Yes,Part-Time,BDADBCABAC,0.1,0.0,0.0,ground,Fail,10.0,2.0,5.0,Fail Box,Non-STEM Track,0.0,0.0,black,0,0,1,0,0,0,0,0,0,I can't solve the math problems fast enough and I haven't learned those equations.,"It was a bit anxiety-inducing because I wasn't expecting the math questions. However, I loved the non-STEM, I'm good with words.",Non-STEM Track,B,D,D,B,A,A,D,C,B,B,C,D,A,A,B,B,A,C,C,D,R,R,R,C,C,C,C,C,C,C,C,0
5f330bfd7109cd0e649566b6,941.0,2421,White,Technical/community college,53,Female,White,United States,United States,United States,English,No,Other,BDBCBBBDAC,0.2,0.0,0.0,positive,Pass,23.0,1.0,1.0,Fail Box,Non-STEM Track,0.0,0.0,red,0,0,1,0,1,0,0,0,0,Because college math is ridiculously difficult.,I was only able to read through the first 6 math questions.  I just randomly selected answers to the rest.,Non-STEM Track,B,D,D,B,B,A,C,C,B,B,B,D,B,A,D,B,A,C,C,D,R,R,R,C,C,C,C,C,C,C,C,0
667d4322e59995857a56e1d3,386.0,344,Mixed,Undergraduate degree (BA/BSc/other),21,Female,Mixed,Ghana,United States,United States,English,No,Full-Time,CBDACDBCBB,0.2,0.0,0.0,ground,Fail,80.0,6.0,7.0,Pass Box,STEM Track,0.0,0.0,black,0,0,1,0,0,1,0,0,0,Very great,Brilliant submission,STEM Track,C,C,B,B,D,D,A,A,C,C,D,C,B,A,C,C,B,B,B,B,R,C,R,C,R,C,C,R,R,C,R,1
66370a20a4b5b1a460904760,1396.0,335,White,Technical/community college,28,Male,White,United States,United States,United States,English,No,Unemployed (and job seeking),BAADBB_CBA,0.4,0.0,0.0,negative,Pass,50.0,3.0,3.0,Pass Box,STEM Track,0.0,0.0,red,0,0,1,0,0,0,0,0,0,I thought i could get at least 3 correct. ,Somewhat time consuming and stressful,STEM Track,B,B,A,A,A,C,D,,B,C,B,C,,C,C,A,B,B,A,A,R,R,R,R,C,C,C,C,C,C,C,1
5f4859d23306481f0f0dd2a5,629.0,3071,Native American or Alaskan Native,Undergraduate degree (BA/BSc/other),39,Male,White,United States,United States,United States,English,DATA_EXPIRED,Full-Time,DDDADCDCBA,0.2,0.0,0.0,ground,Fail,32.0,4.0,6.0,Fail Box,Non-STEM Track,0.0,0.0,black,1,1,0,0,0,0,0,0,0,Because I'm tired and I don't math well then,Interesting but a bit confusing,Non-STEM Track,D,D,D,B,D,A,A,C,D,B,C,D,D,A,C,B,B,C,A,D,R,R,R,R,R,R,R,C,C,C,C,0
614dece04ee1516045ed298d,745.0,1923,White,Graduate degree (MA/MSc/MPhil/other),51,Male,White,United States,United States,United States,English,No,Full-Time,DAACDBDCDB,0.5,0.0,0.0,positive,Fail,75.0,6.0,6.0,Not Sure,Non-STEM Track,0.0,0.0,red,0,1,0,0,0,0,0,0,0,THe STEM questions from the prior sampling were fairly challenging.  Figured I'd take the chance on a different subject ,positive - didn't quite fully understand the box ball drop quiz ,Non-STEM Track,D,D,A,B,A,A,C,C,D,B,B,D,D,A,C,B,D,C,B,D,R,R,R,R,C,C,C,C,C,C,C,0
5e428b48902afe117c45d261,685.0,1989,White,Graduate degree (MA/MSc/MPhil/other),41,Male,White,United States,United States,United States,English,No,Full-Time,ACBCACBBDB,0.2,2.0,28.791,positive,Fail,10.0,2.0,4.0,Fail Box,Non-STEM Track,2.0,14.758,red,0,0,1,0,0,0,0,0,0,I didn’t want to do more math problems.,It was fine. Really liked the “match word” part.,Non-STEM Track,A,D,C,B,B,A,C,C,A,B,C,D,B,A,B,B,D,C,B,D,R,R,R,R,R,C,C,C,C,C,C,0
669dc0a58f347e772c21aea1,708.0,207,Black/African American,High school diploma/A-levels,21,Female,Black,United States,United States,United States,English,No,Other,ACDCABCACC,0.3,1.0,2.901,negative,Pass,2.0,2.0,0.0,Pass Box,Non-STEM Track,0.0,0.0,red,0,0,1,0,0,0,0,0,0,not good at it,aweful. totally unexpected,Non-STEM Track,A,D,C,B,D,A,C,C,A,B,B,A,C,A,A,D,C,C,C,D,C,C,C,C,C,C,R,R,R,R,R,0
5a3012083eff6600016f259c,575.0,285,White,High school diploma/A-levels,35,Male,White,United States,United States,United States,English,DATA_EXPIRED,Part-Time,DBBDDCDCCB,0.4,0.0,0.0,ground,Pass,30.0,2.0,1.0,Pass Box,Non-STEM Track,0.0,0.0,red,0,0,1,0,0,0,0,0,0,I did not have much confidence in my STEM knowledge.,,Non-STEM Track,D,D,B,B,B,A,D,C,D,B,C,D,D,A,C,B,C,C,B,D,R,R,R,R,R,C,C,C,C,C,C,0
669036ec04e2d3a5271a5c9d,1264.0,283,Middle Eastern,Undergraduate degree (BA/BSc/other),43,Female,White,Turkey,United States,United States,English,No,Full-Time,DABCCBBABD,0.2,0.0,0.0,ground,Fail,50.0,4.0,7.0,Fail Box,STEM Track,0.0,0.0,black,1,0,1,0,0,0,0,0,0,Because I enjoy math and I love a challenge to my brain.,"I don't understand the purpose of the experiment necessarily, but I do want to relearn all the algebra that I've forgotten.",STEM Track,D,B,A,B,B,C,C,B,C,D,B,D,B,C,A,C,B,B,D,A,R,R,R,R,R,R,C,C,C,C,C,1
60fe3068239127c9477e476c,1034.0,337,East Asian,High school diploma/A-levels,21,Female,Mixed,United States,United States,United States,English,DATA_EXPIRED,Unemployed (and job seeking),AACBBBDCCB,1.0,0.0,0.0,ground,Pass,80.0,7.0,8.0,Pass Box,STEM Track,0.0,0.0,red,0,0,1,0,0,0,0,0,0,"STEM major in college, always excelled in the STEM fields",,STEM Track,A,B,A,B,C,C,B,A,B,A,B,D,D,C,C,A,C,D,B,C,R,R,R,R,R,C,C,C,C,C,C,1
66f308db3bb07131500f1697,364.0,11,Mixed,High school diploma/A-levels,23,Female,Asian,United States,United States,United States,English,No,Full-Time,BCBBCBCBBA,0.2,0.0,0.0,negative,Fail,60.0,3.0,4.0,Fail Box,Non-STEM Track,0.0,0.0,black,0,0,0,1,0,0,0,0,0,I’m smarter at questions not involving math & equations.,Good. No feedback.,Non-STEM Track,B,D,C,B,B,A,B,C,C,B,B,D,C,A,B,B,B,C,A,D,R,R,R,R,R,C,C,C,C,C,C,0
668472211016cb9f459f4cee,375.0,129,South Asian,High school diploma/A-levels,27,Male,Asian,United States,United States,United States,Punjabi,No,Unemployed (and job seeking),DAACBCAACB,0.4,0.0,0.0,ground,Pass,24.0,3.0,3.0,Pass Box,Non-STEM Track,0.0,0.0,red,0,0,1,0,0,0,0,0,0,I'm not that good at math,none,Non-STEM Track,D,D,A,A,A,A,C,C,B,B,C,D,A,A,A,B,C,C,B,D,R,R,R,R,R,C,C,C,C,C,C,0
611316bf2877819a0ec3e0a2,788.0,1729,Latino/Hispanic,High school diploma/A-levels,32,Female,White,United States,United States,United States,English,Yes,Full-Time,DCBBACAADA,0.1,0.0,0.0,positive,Fail,20.0,1.0,2.0,Fail Box,Non-STEM Track,0.0,0.0,red,0,0,1,0,1,0,0,0,0,I don't love math,No feedback currently,Non-STEM Track,D,D,C,B,B,A,B,C,A,B,C,D,A,A,A,B,D,C,A,D,R,R,R,R,C,C,C,C,C,C,C,0
65bfa2967c731d263eb29732,542.0,434,White,High school diploma/A-levels,28,Female,White,United States,United States,United States,English,No,DATA_EXPIRED,DAABDDBBCA,0.3,0.0,0.0,ground,Fail,10.0,2.0,4.0,Fail Box,Non-STEM Track,0.0,0.0,black,0,0,1,0,0,1,0,0,0,Math isn't my strongsuit and the questions in the first part of the quiz were hard.,I struggled quite a bit I think.,Non-STEM Track,D,D,A,B,A,A,B,C,D,B,D,D,B,A,B,B,C,C,A,D,R,R,R,R,R,R,C,C,C,C,C,0
661a574da7be5c13ab451572,713.0,301,White Mexican,Undergraduate degree (BA/BSc/other),45,Female,White,United States,United States,United States,English,No,Part-Time,CCDDBCCBAC,0.1,0.0,0.0,positive,Pass,10.0,2.0,1.0,Fail Box,STEM Track,0.0,0.0,red,0,0,1,0,0,0,0,0,0,I thought it would be a better chance of winning a bonus,I’ve never really been good at math and looking at the equation. It looks like a foreign language to me I’m pretty much had to take guesses on all of them.,STEM Track,C,C,C,C,D,C,D,C,B,C,C,C,C,C,B,C,A,C,C,C,R,R,C,C,C,C,C,C,C,C,C,1
66c5e8a3e7d09c15312ec9e9,713.0,125,Black/African American,Technical/community college,34,Female,Black,United States,United States,United States,English,No,Unemployed (and job seeking),ABDCACBACD,0.2,0.0,0.0,negative,Fail,20.0,3.0,5.0,Fail Box,Non-STEM Track,0.0,0.0,black,0,0,1,0,0,0,0,0,0,"After doing the Stem one, and feeling like i got them all wrong, i figured the Non-STEM track had to be easier",good,Non-STEM Track,A,D,B,A,D,A,C,C,A,B,C,D,B,A,A,C,C,C,D,D,R,C,C,C,C,C,C,C,C,C,C,0
6622d9137685d20597e07347,472.0,181,Mixed,Undergraduate degree (BA/BSc/other),23,Male,Mixed,United States,United States,United States,English,Yes,Full-Time,ADBCCABACB,0.3,0.0,0.0,negative,Fail,60.0,5.0,5.0,Fail Box,Non-STEM Track,0.0,0.0,black,0,0,0,1,1,0,0,0,0,I did better on English and History in high school.,It was good! The math was difficult! ,Non-STEM Track,A,D,D,B,B,A,C,C,C,B,A,D,B,A,A,B,C,C,B,D,R,R,R,R,R,C,C,C,C,C,C,0
60ce4fceb13609a2c039248e,1574.0,1489,Latino/Hispanic,Undergraduate degree (BA/BSc/other),40,Male,White,United States,United States,United States,English,DATA_EXPIRED,DATA_EXPIRED,AACBBBDBBD,0.7,0.0,0.0,negative,Pass,90.0,6.0,1.0,Pass Box,STEM Track,0.0,0.0,red,1,0,1,0,0,0,0,0,0,I knew I could at least answer 1 question correctly for the bonus. The non-STEM track I had no idea what the questions would be.,Tense. I hate timed questionnaires.,STEM Track,A,B,A,B,C,C,B,B,B,A,B,D,D,C,B,,B,,D,C,R,R,C,C,C,C,C,C,C,C,C,1
651ad403421d2fff5bb7df09,1265.0,1345,White,Undergraduate degree (BA/BSc/other),47,Female,White,United States,United States,United States,English,No,Part-Time,DCBCABAAAA,0.1,0.0,0.0,ground,Fail,50.0,5.0,2.0,Pass Box,STEM Track,0.0,0.0,black,0,0,1,0,0,0,0,0,0,"It only required me to get two questions correct to pass. I'd rather take the chance, as I look at these math problems logically, and can usually narrow down the answer to one or two right ones. There were definitely a couple that were difficult, but the ones with orders of operation were pretty easy. Even the XY coordinate questions weren't bad. I felt like based on the first test I could do OK on the second test.","At first, it felt excruciating, but once I got into it, I kind of enjoyed it. Math can be fun. I suspected we weren't measuring my math skills so much as how I take risks and chances, but I'm not sure.",STEM Track,D,B,C,C,B,C,C,A,A,A,B,D,A,C,A,A,A,B,A,D,R,R,R,R,R,R,R,C,R,C,C,1
62ce6179fe6f8ec7e399cea0,942.0,3097,White,Undergraduate degree (BA/BSc/other),33,Male,White,United States,United States,United States,English,No,Full-Time,DBABDCBCAD,0.2,1.0,0.656,negative,Fail,50.0,4.0,7.0,Fail Box,Non-STEM Track,0.0,0.0,red,0,0,1,0,0,0,0,0,0,I was not confident in my ability to answer 7 STEM questions correctly,,Non-STEM Track,D,D,B,B,A,A,B,C,D,B,C,D,B,A,C,B,A,C,D,D,R,R,R,R,R,C,C,C,C,C,C,0
66d1561ce0504aa0fbb33ce7,1106.0,60,Black/African American,High school diploma/A-levels,59,Female,Black,United States,United States,United States,English,No,Unemployed (and job seeking),DBBBABABBC,0.2,0.0,0.0,negative,Pass,30.0,1.0,1.0,Pass Box,STEM Track,0.0,0.0,red,0,0,1,0,0,0,0,0,0,I didn't ,No,STEM Track,D,A,B,B,B,C,B,B,A,C,B,D,A,B,B,B,B,D,C,B,R,R,R,R,R,R,R,R,R,R,R,1
5e9746fb1eed951eed404015,372.0,5887,Other (please feel free to let us know your ethnicity via email),Undergraduate degree (BA/BSc/other),32,Female,Other,United States,United States,United States,English,DATA_EXPIRED,Full-Time,BBCDCCBDAD,0.1,0.0,0.0,positive,Fail,50.0,3.0,5.0,Fail Box,Non-STEM Track,0.0,0.0,red,0,1,1,0,0,0,0,0,0,Because I have a better chance at passing with those set of questions.,It was interesting.,Non-STEM Track,B,D,B,B,C,A,D,C,C,B,C,D,B,A,D,B,A,C,D,D,R,R,R,R,R,C,C,C,C,C,C,0
662942298bc71e33a4250e33,580.0,82,White,Undergraduate degree (BA/BSc/other),53,Female,White,United States,United States,United States,English,No,Part-Time,DAACBAABCA,0.3,0.0,0.0,positive,Pass,10.0,1.0,3.0,Fail Box,Non-STEM Track,0.0,0.0,black,0,1,1,0,0,0,0,0,0,Because I had no idea how to do the STEM ones.,The STEM part was hard! ,Non-STEM Track,D,D,A,B,A,A,C,C,B,B,A,D,A,A,B,B,C,C,A,D,R,R,R,R,R,C,C,C,C,C,C,0
652977232f395d3a7ca54bf9,588.0,176,Latino/Hispanic,High school diploma/A-levels,19,Female,Other,United States,United States,Dominican Republic,English,Yes,Part-Time,BABCBCCCBC,0.3,0.0,0.0,ground,Pass,5.0,3.0,2.0,Pass Box,Non-STEM Track,0.0,0.0,red,0,0,1,0,0,0,0,0,0,I have forgotten everything about math.,The STEM quiz was terrible for me. I am not very fond of this process. ,Non-STEM Track,B,D,A,B,B,A,C,C,B,B,C,D,C,A,C,B,B,C,C,B,R,R,R,R,C,C,C,C,C,C,C,0
5de32329b5bed7350391666c,397.0,5306,White,Technical/community college,33,Male,White,United States,United States,United States,English,DATA_EXPIRED,Full-Time,BCBBCABBCB,0.3,0.0,0.0,ground,Fail,60.0,6.0,6.0,Fail Box,Non-STEM Track,0.0,0.0,black,0,0,1,0,0,0,0,0,0,I liked the bonus structure more,"Very pleasant, everything loaded very quickly.  ",Non-STEM Track,B,D,C,B,B,A,B,C,C,B,A,D,B,A,B,B,C,C,B,D,R,R,R,R,C,C,C,C,C,C,C,0
66c3b7035a46fdbb0859d0ab,589.0,182,White,Undergraduate degree (BA/BSc/other),67,Male,White,United States,United States,United States,English,No,"Not in paid work (e.g. homemaker', 'retired or disabled)",DDBCBCABCA,0.2,0.0,0.0,ground,Fail,50.0,1.0,10.0,Fail Box,Non-STEM Track,0.0,0.0,black,0,0,1,0,0,0,0,0,0,Not confident in my abilities,Very fun and thought provoking,Non-STEM Track,D,D,D,B,B,A,C,C,B,B,C,D,A,A,B,B,C,C,A,D,R,R,R,R,R,C,C,C,C,C,C,0
5fbc1e05d509f10a309e796b,1232.0,573,South Asian,Undergraduate degree (BA/BSc/other),24,Female,Asian,United States,United States,Vietnam,Vietnamese,Yes,Full-Time,ABCBBBDCBA,0.7,0.0,0.0,negative,Pass,30.0,4.0,4.0,Pass Box,STEM Track,0.0,0.0,red,0,0,1,0,0,0,0,0,0,I wanted to challenge myself and see if I was able to do it.,It was fun! I wish I saw the timer as you scroll as well. ,STEM Track,A,B,B,A,C,C,B,B,B,A,B,D,D,C,C,C,B,B,A,C,C,R,C,C,C,R,C,R,R,R,R,1
5dd61dcccaee3e5c8b9141cf,817.0,1966,White,Technical/community college,62,Female,White,United States,United States,United States,English,No,Part-Time,DCACD_____,0.0,0.0,0.0,positive,Fail,35.0,1.0,10.0,Not Sure,Non-STEM Track,0.0,0.0,red,0,0,1,0,1,0,0,0,0,"Because I am not a ""math person,"" I am a language person! ","It gave me a greater appreciation for my daughter, who studied applied mathematics in college.",Non-STEM Track,D,D,C,A,A,A,C,C,D,B,,D,,A,,B,,C,,D,R,R,R,R,R,C,C,C,C,C,C,0
666f2488909bc0331b8563e6,1238.0,220,White,Undergraduate degree (BA/BSc/other),25,Female,White,United States,United States,United States,English,Yes,Other,BA_BBBDCCB,0.8,0.0,0.0,positive,Pass,50.0,6.0,6.0,Pass Box,STEM Track,0.0,0.0,black,0,1,0,0,0,0,0,0,0,Because I am good at math,It was good. I wasn't sure if I could use a pen and paper though so I was doing it all in my head. ,STEM Track,B,B,A,D,,C,B,B,B,A,B,B,D,C,C,A,C,C,B,C,R,R,R,R,R,C,C,C,C,C,C,1
6612a67ee493f43db1d23c08,870.0,254,Mixed,Undergraduate degree (BA/BSc/other),26,Male,Mixed,United States,United States,United States,English,No,Full-Time,AABDBDABBC,0.3,0.0,0.0,positive,Pass,50.0,2.0,3.0,Pass Box,Non-STEM Track,0.0,0.0,black,0,0,1,0,0,0,0,0,0,based on the first quiz I was not confident I would answer many questions correctly,,Non-STEM Track,A,D,A,B,B,A,D,C,B,B,D,D,A,A,B,B,B,C,C,D,R,R,R,R,R,C,C,C,C,C,C,0
66c75d4ae3999dd3a6ebfb2b,859.0,59,White,Technical/community college,32,Female,White,United States,United States,United States,English,No,"Not in paid work (e.g. homemaker', 'retired or disabled)",CCACDDBCCC,0.2,1.0,8.263,ground,Fail,5.0,4.0,5.0,Fail Box,STEM Track,0.0,0.0,black,0,0,1,1,1,0,0,0,0,Wanted another or better chance ,Scrambled egg brain but was interesting and different ,STEM Track,C,B,C,A,A,D,C,C,D,C,D,B,B,D,C,B,C,B,C,A,R,C,C,C,C,C,C,C,C,C,C,1
66f345d99f77fd011b0d1e10,1566.0,6,White,Graduate degree (MA/MSc/MPhil/other),24,Female,White,United States,United States,United States,English,No,Full-Time,__________,0.0,0.0,0.0,negative,Fail,40.0,6.0,7.0,Fail Box,STEM Track,0.0,0.0,black,0,0,0,0,0,0,1,0,0,To try my luck,stressed,STEM Track,,,,,,,,,,,,,,,,,,,,,R,R,R,C,C,C,C,C,C,C,C,1
610971868fe9338237d6b193,1385.0,657,East Asian,Undergraduate degree (BA/BSc/other),38,Female,Asian,United States,United States,Philippines,English,DATA_EXPIRED,DATA_EXPIRED,CCBCBBCDBA,0.2,1.0,1.224,positive,Fail,50.0,5.0,6.0,Pass Box,STEM Track,0.0,0.0,red,0,0,1,0,0,0,0,0,0,I wanted another chance to try and get questions right,I struggled because I haven't done a math problem since I was in school,STEM Track,C,B,C,C,B,B,C,C,B,C,B,D,C,C,D,A,B,D,A,,R,R,R,R,C,C,C,C,C,C,C,1
6598a694e91b332d5e90d9a6,1456.0,73,White,Undergraduate degree (BA/BSc/other),72,Male,White,United States,United States,United States,English,DATA_EXPIRED,DATA_EXPIRED,BCBDABD___,0.2,0.0,0.0,positive,Pass,5.0,1.0,0.0,Pass Box,STEM Track,0.0,0.0,black,0,1,0,0,0,0,0,0,0,Because the prompt stated that to pass and receive the $2 bonus I had to answer at least 0 questions correctly thus the bonus is guaranteed,"These math problems were extremely humbling. I oddly felt sharper the second STEM test, but still developing a headache...",STEM Track,B,B,C,B,B,C,D,D,A,B,B,D,D,C,,A,,C,,A,R,R,R,R,R,C,C,C,C,C,C,1
5c7dcd11f066ff001568e56a,984.0,1385,White,Undergraduate degree (BA/BSc/other),31,Female,White,United States,United States,United States,English,No,Unemployed (and job seeking),AACBBBDCCB,1.0,0.0,0.0,negative,Pass,75.0,6.0,6.0,Pass Box,STEM Track,0.0,0.0,red,0,0,1,0,0,0,0,0,0,I just kinda like doing math problems and I wasn't sure what the other types of problems would be.,Everything went well.,STEM Track,A,B,A,C,C,C,B,C,B,A,B,D,D,C,C,A,C,B,B,C,R,R,R,R,R,C,C,C,C,C,C,1
66ed4ad69a1dfd682aaa0fbd,675.0,3,White,Technical/community college,49,Female,White,United States,United States,United States,English,No,Part-Time,DCBCDCABCA,0.1,0.0,0.0,negative,Fail,50.0,3.0,7.0,Pass Box,STEM Track,0.0,0.0,red,0,0,1,1,1,0,0,0,0,To earn a bonus.,I do not like math ,STEM Track,D,A,C,A,B,A,C,B,D,A,C,A,A,D,B,B,C,B,A,A,R,R,R,R,R,R,C,C,C,C,C,1
66c4c510b1e6550705cf95fd,977.0,149,White,Undergraduate degree (BA/BSc/other),23,Female,White,United States,United States,United States,English,Yes,Unemployed (and job seeking),AAABBBDCCA,0.8,0.0,0.0,negative,Pass,70.0,7.0,6.0,Pass Box,STEM Track,0.0,0.0,red,0,0,1,1,1,0,0,0,0,"I thought it was interesting, and i wanted to try more.","Good? I thought that last part of asking if i wanted a 50% chance of winning $10, or a guarantee of $10 was funny.",STEM Track,A,B,A,A,A,B,B,C,B,D,B,D,D,B,C,C,C,B,A,B,R,R,C,C,C,C,C,C,C,C,C,1
5b87dd09019cf60001a115b3,422.0,3353,White,Undergraduate degree (BA/BSc/other),29,Male,White,United States,United States,United States,English,Yes,Full-Time,DCDCACCAAA,0.0,1.0,0.328,negative,Fail,20.0,1.0,2.0,Fail Box,STEM Track,0.0,0.0,black,0,0,1,0,0,0,0,0,0,I figured I'd try to earn the bonus,It made me think about how poor I am at math.,STEM Track,D,C,C,B,D,C,C,B,A,C,C,D,C,C,A,C,A,B,A,B,R,R,R,R,R,C,C,C,C,C,C,1
66f1fcdc934638c50f5bdfc2,897.0,5,Black/African American,Graduate degree (MA/MSc/MPhil/other),48,Female,Black,United States,United States,United States,English,No,DATA_EXPIRED,DABCBB____,0.3,0.0,0.0,negative,Fail,60.0,4.0,5.0,Fail Box,Non-STEM Track,0.0,0.0,red,1,0,0,0,0,0,1,0,0,"I haven't completed math problems of the kind presented in part I in years, and I feel I need a refresher in order to do well on the STEM track.",It would be helpful to have more time for part I,Non-STEM Track,D,D,A,B,B,A,C,C,B,B,B,D,,A,,B,,C,,D,R,R,R,R,C,C,C,C,C,C,C,0
65fb35ee38c24ea27c017846,607.0,390,Other (please feel free to let us know your ethnicity via email),Technical/community college,43,Female,Mixed,United States,United States,United States,English,No,Other,DCCABABBAB,0.3,0.0,0.0,negative,Pass,30.0,3.0,3.0,Pass Box,Non-STEM Track,0.0,0.0,red,0,0,1,0,0,0,0,0,0,easier,good,Non-STEM Track,D,D,C,B,C,A,A,C,B,B,A,D,B,A,B,B,A,C,B,D,R,R,R,R,R,R,C,C,C,C,C,0
5bad4be8b712f30001b87947,1392.0,2073,White,High school diploma/A-levels,40,Male,White,United States,United States,United States,English,No,Full-Time,DBDCCAACBB,0.2,0.0,0.0,positive,Pass,0.0,2.0,1.0,Pass Box,STEM Track,0.0,0.0,black,0,0,1,0,0,0,0,0,0,I got another chance at solving problems. ,Easy instructions.,STEM Track,D,B,B,C,D,D,C,B,C,B,A,B,A,C,C,C,B,,B,,R,R,R,R,C,C,C,C,C,C,C,1
65591ffa6dea856e0bacff84,635.0,657,South East Asian,High school diploma/A-levels,27,Female,Asian,United States,United States,United States,English,No,Other,BCAABBDBCC,0.4,0.0,0.0,ground,Pass,10.0,2.0,2.0,Pass Box,Non-STEM Track,0.0,0.0,red,0,0,1,0,0,0,0,0,0,I am much better in most subjects that aren't math,"It was cool, I enjoyed this survey a lot more than most to be honest.",Non-STEM Track,B,D,C,B,A,A,A,C,B,B,B,D,D,A,B,B,C,C,C,D,R,R,R,R,R,R,R,R,C,C,C,0
5d321a7348bf98001646aeb2,1326.0,5162,White,High school diploma/A-levels,63,Female,White,United States,United States,United States,English,No,"Not in paid work (e.g. homemaker', 'retired or disabled)",BCBDCCBCAA,0.1,0.0,0.0,ground,Fail,50.0,0.0,5.0,Fail Box,Non-STEM Track,0.0,0.0,black,0,0,1,0,0,0,0,0,0,I am horrible at math and don't remember any of that type math.,It was fine.,Non-STEM Track,B,D,C,B,B,A,D,C,C,B,C,D,B,A,C,B,A,C,A,D,R,R,R,R,R,R,R,C,C,C,C,0
6629a194aff94667d3c1cee5,601.0,831,White,Undergraduate degree (BA/BSc/other),39,Female,White,United States,United States,United States,English,No,DATA_EXPIRED,DABCDBBCCC,0.4,0.0,0.0,positive,Pass,2.0,2.0,2.0,Fail Box,Non-STEM Track,0.0,0.0,red,0,1,0,0,0,0,0,0,0,"I am not good at STEM, and I don't enjoy it.  ",The math questions stressed me out.  ,Non-STEM Track,D,D,A,B,B,A,C,C,D,B,B,D,B,A,C,B,C,C,C,D,R,R,R,R,C,C,C,C,C,C,C,0
66c6d6e031937c73ad6848b3,575.0,92,East Asian,Technical/community college,58,Male,Asian,United States,United States,United States,English,No,Full-Time,BACBCBADBB,0.5,0.0,0.0,positive,Pass,1.0,1.0,2.0,Pass Box,Non-STEM Track,0.0,0.0,black,0,0,1,0,0,0,0,0,0,Because I know I didn't do well on the math questions.,I haven't done math in years and it was completely foreign to me!,Non-STEM Track,B,D,A,B,C,A,B,C,C,B,B,D,A,A,D,B,B,C,B,D,R,R,R,R,R,R,C,C,C,C,C,0
6632e29a99699a0b259f5cdb,204.0,686,White,Undergraduate degree (BA/BSc/other),29,Female,White,United States,United States,United States,English,Yes,"Not in paid work (e.g. homemaker', 'retired or disabled)",BCDACDCACC,0.1,0.0,0.0,positive,Pass,40.0,0.0,1.0,Fail Box,Non-STEM Track,0.0,0.0,red,0,0,1,0,0,0,0,0,0,I am not good at math,the stem questions were hard,Non-STEM Track,B,D,C,B,D,A,A,C,C,B,D,D,C,A,A,B,C,C,C,D,R,R,R,R,C,C,C,C,C,C,C,0
5f6d434b44cd121bbb5179dc,925.0,1824,Latino/Hispanic,Graduate degree (MA/MSc/MPhil/other),39,Female,Mixed,United States,United States,United States,English,No,Part-Time,DAACDADABB,0.3,0.0,0.0,ground,Pass,56.0,3.0,3.0,Pass Box,STEM Track,0.0,0.0,red,0,0,1,0,0,0,0,0,0,"I enjoy more technical subjects, but not necessarily doing this type of math in my head.",Frustrating but good.,STEM Track,D,B,A,D,A,D,C,A,D,A,A,D,D,C,A,A,B,C,B,C,R,R,R,R,R,C,C,C,C,C,C,1
66cabbb148729ce025dac559,2281.0,27,White,Graduate degree (MA/MSc/MPhil/other),33,Female,White,United States,United States,United States,English,DATA_EXPIRED,DATA_EXPIRED,BCBAACADAB,0.1,0.0,0.0,positive,Fail,50.0,3.0,2.0,Fail Box,STEM Track,0.0,0.0,red,0,0,1,0,0,0,0,0,0,To get the opportunity to try more questions and gauge my memory.,I am happy to carry out the task it has reminded me some of the mathematics questions.,STEM Track,B,B,C,B,B,B,A,C,A,A,C,B,A,B,D,C,A,C,B,B,R,R,R,R,R,R,R,C,C,C,C,1
66eb689a046e6268ffd125a9,1001.0,9,White,Undergraduate degree (BA/BSc/other),28,Male,White,United States,United States,United States,English,No,Full-Time,CABCBBDBCA,0.5,0.0,0.0,ground,Fail,62.0,4.0,7.0,Fail Box,Non-STEM Track,0.0,0.0,black,0,0,1,0,0,0,0,0,0,"i didnt feel confident in my stem answers in a short period of time, given more time i would feel confident with the stem questions","i liked it, being out of college for a couple years, my stem skills definitely went lower ",Non-STEM Track,C,D,A,B,B,A,C,C,B,D,B,D,D,A,B,B,C,C,A,C,R,R,R,R,R,C,C,C,C,C,C,0
66798b8a34a8b245d6641de9,978.0,172,Latino/Hispanic,Undergraduate degree (BA/BSc/other),28,Male,Other,United States,United States,United States,Spanish,Yes,Full-Time,__________,0.0,0.0,0.0,positive,Fail,25.0,2.0,4.0,Fail Box,Non-STEM Track,0.0,0.0,red,0,0,1,0,0,0,0,0,0,It has been a while since I have been to college.,I liked it. It showed me I need to go back and study up my math. ,Non-STEM Track,,D,,B,,A,,C,,B,,A,,A,,C,,C,,B,R,R,R,R,R,R,R,R,R,R,R,0
668d1fa802c28e6b55fd9467,1215.0,162,White,High school diploma/A-levels,23,Female,White,United States,United States,United States,English,Yes,Unemployed (and job seeking),CBABDCCABA,0.1,0.0,0.0,negative,Pass,10.0,1.0,1.0,Fail Box,Non-STEM Track,0.0,0.0,red,0,0,0,1,0,0,0,0,0,I figured I would have a better chance at getting more questions right ,,Non-STEM Track,C,D,B,B,A,A,B,C,D,B,C,D,C,A,A,B,B,C,A,D,R,R,R,R,R,C,C,C,C,C,C,0
638d038b8d32d51c219a5aa2,773.0,967,White,Undergraduate degree (BA/BSc/other),68,Female,White,United States,United States,United States,English,No,Part-Time,BCBADACBCC,0.1,0.0,0.0,positive,Pass,0.0,1.0,0.0,Pass Box,Non-STEM Track,0.0,0.0,black,0,0,1,0,0,0,0,0,0,I hate math,The first (STEM) section was torture,Non-STEM Track,B,D,C,B,B,A,A,C,D,B,A,D,C,A,B,B,C,C,C,D,R,R,R,R,R,R,C,C,C,C,C,0
663faf257d50f1ec92e1568a,889.0,353,Latino/Hispanic,Undergraduate degree (BA/BSc/other),42,Male,Other,United States,United States,Puerto Rico,Spanish,No,Full-Time,DABCCADCCD,0.4,0.0,0.0,ground,Pass,10.0,2.0,1.0,Fail Box,Non-STEM Track,1.0,1.442,red,0,1,1,0,0,0,0,0,0,because I did not feel the study provided enough time to solve the first set of questions considering I haven't taken math courses in several years,,Non-STEM Track,D,D,A,B,B,A,C,C,C,B,A,D,D,A,C,B,C,C,D,D,R,R,R,R,R,C,C,C,C,C,C,0
5f21d57a48386f1550a2e7c2,339.0,1715,White,Undergraduate degree (BA/BSc/other),52,Male,White,United States,United States,United States,English,No,Full-Time,AAAAAAAAAA,0.2,0.0,0.0,ground,Pass,10.0,2.0,2.0,Pass Box,STEM Track,0.0,0.0,red,0,1,1,0,0,0,0,0,0,Statistically the odds were better.,"I had ZERO idea how to do any of those math problems, so I statistically chose answer A for all 10 of them on the probability that I would be correct at least some percentage of the time.",STEM Track,A,A,A,A,A,A,A,A,A,A,A,A,A,A,A,A,A,A,A,A,R,R,R,R,C,C,C,C,C,C,C,1
669a8a113c058df5b00aa6df,419.0,265,White,Undergraduate degree (BA/BSc/other),33,Male,White,United States,United States,Turkey,English,No,Full-Time,CBCAACDABC,0.2,0.0,0.0,positive,Fail,1.0,1.0,5.0,Fail Box,Non-STEM Track,0.0,0.0,red,0,0,1,0,0,0,0,0,0,I did not want to take another quiz,no,Non-STEM Track,C,D,B,B,C,A,A,C,A,B,C,D,D,A,A,D,B,C,C,B,R,R,R,R,R,R,R,C,C,C,C,0
65ca69b55784b4308a73a2e5,1286.0,87,Black/African American,Undergraduate degree (BA/BSc/other),36,Female,Black,United States,United States,United States,English,No,"Not in paid work (e.g. homemaker', 'retired or disabled)",DCBCDBBBBA,0.1,0.0,0.0,positive,Fail,50.0,0.0,5.0,Pass Box,STEM Track,0.0,0.0,red,0,0,1,0,0,0,0,0,0,I don't know,I honestly didn't understand this whole survey. I did not understand the math questions and chance/probability. ,STEM Track,D,C,C,A,B,C,C,C,D,A,B,B,B,B,B,C,B,C,A,A,R,R,R,C,C,C,C,C,C,C,C,1
66f368eca0ea5ba3a2a06436,783.0,9,South East Asian,Technical/community college,33,Female,Asian,Philippines,United States,United States,English,No,"Not in paid work (e.g. homemaker', 'retired or disabled)",BDBACDABCC,0.1,0.0,0.0,negative,Fail,50.0,2.0,5.0,Fail Box,Non-STEM Track,0.0,0.0,black,0,1,1,0,0,0,0,0,0,I don't like math,"It was interesting. I didn't enjoy the math test, but the test afterwards was quite enjoyable. ",Non-STEM Track,B,D,D,A,B,A,A,C,C,B,D,D,A,A,B,B,C,C,C,B,R,R,R,R,R,C,C,C,C,C,C,0
5be8dd56d153f500019ab3cf,1570.0,2655,White,Doctorate degree (PhD/other),60,Female,White,United States,United States,United States,English,No,"Not in paid work (e.g. homemaker', 'retired or disabled)",DA_DCBBC__,0.3,0.0,0.0,negative,Pass,50.0,2.0,2.0,Fail Box,STEM Track,0.0,0.0,red,0,0,1,0,0,0,0,0,0,I've always enjoyed STEM although I'm not strong in math skills.,I needed more time to think about the questions. ,STEM Track,D,C,A,,,D,D,,C,A,B,A,B,C,C,A,,,,,R,R,C,R,R,R,C,C,C,C,C,1
615a0d3f2f3c6dac605c34c0,328.0,432,White,Graduate degree (MA/MSc/MPhil/other),49,Female,White,United States,United States,United States,English,No,Part-Time,DCBCBCDABB,0.3,0.0,0.0,negative,Pass,5.0,2.0,2.0,Pass Box,Non-STEM Track,0.0,0.0,red,0,0,1,0,0,0,0,0,0,"While I can solve the math problems, I've never been fast at math and the timer heightened my math anxiety.",,Non-STEM Track,D,D,C,B,B,A,C,C,B,B,C,D,D,A,A,B,B,C,B,D,R,C,C,R,R,R,R,R,R,R,R,0
66293a05b562a4ed52474172,1145.0,329,Latino/Hispanic,Graduate degree (MA/MSc/MPhil/other),48,Male,White,United States,United States,United States,English,No,Full-Time,DDCBABADCA,0.4,0.0,0.0,positive,Pass,50.0,2.0,2.0,Fail Box,STEM Track,0.0,0.0,red,0,1,0,0,0,0,0,1,0,I thought it was going to include science or tech questions. ,Good ,STEM Track,D,B,D,A,C,C,B,C,A,A,B,D,A,C,D,C,C,C,A,B,R,R,R,R,R,C,C,C,C,C,C,1
5b0a01a9bd9c3100015611ce,1047.0,432,White,Technical/community college,44,Female,White,United States,United States,United States,English,No,"Not in paid work (e.g. homemaker', 'retired or disabled)",DAACCBB___,0.2,0.0,0.0,positive,Pass,50.0,2.0,2.0,Pass Box,Non-STEM Track,0.0,0.0,black,0,0,1,0,0,0,0,0,0,"I have not done the kind of math in the STEM quiz for ages, so this proved too difficult for me.",It was an interesting experience.  I enjoyed the second language-related quiz much more than the first quiz.,Non-STEM Track,D,D,A,B,A,A,C,C,C,B,B,D,B,A,,B,,C,,D,R,R,R,R,R,R,C,C,C,C,C,0
63d1787e133386074516c177,498.0,1533,Mixed,Undergraduate degree (BA/BSc/other),35,Female,Other,United States,United States,United States,English,No,Part-Time,BCBCCDACBD,0.1,0.0,0.0,positive,Fail,1.0,3.0,2.0,Fail Box,Non-STEM Track,0.0,0.0,red,0,0,1,0,0,0,0,0,0,"Anything math, science, etc related cause me anxiety and stress. It puts me right back into that part of school which caused me to cry all the time. So as soon as I see those type of questions or problem-solving, my brain shuts down.",It was traumatizing at first. Then I felt relaxed towards the end. It's great that it was challenging even if I did not enjoy the challenge.,Non-STEM Track,B,D,C,B,B,A,C,C,C,B,D,D,A,A,C,A,B,C,D,D,R,R,R,R,R,R,R,R,R,C,C,0
6108781e0d1dd936d2b75432,713.0,4904,White,Technical/community college,33,Female,White,United States,United States,United States,English,No,Part-Time,DCBBDCABCD,0.2,0.0,0.0,positive,Fail,20.0,2.0,5.0,Fail Box,Non-STEM Track,0.0,0.0,red,0,0,1,0,0,0,0,0,0,I had a feeling I would be able to answer them with more confidence.,,Non-STEM Track,D,D,C,B,B,A,B,C,D,B,C,D,A,A,B,B,C,C,D,D,R,R,R,R,R,C,C,C,C,C,C,0
66afa64501dab5fc8e5af98c,1091.0,11,Black/African American,Graduate degree (MA/MSc/MPhil/other),29,Male,Black,United States,United States,United States,English,Yes,Full-Time,BCABCACBBC,0.1,3.0,29.975,negative,Fail,60.0,5.0,8.0,Pass Box,STEM Track,0.0,0.0,red,0,0,1,0,0,0,0,0,0, I chose the STEM track because of my passion for problem-solving and innovation in technology.,it was good,STEM Track,B,B,C,C,A,B,B,A,C,D,A,B,C,C,B,A,B,B,C,D,R,R,C,C,C,R,R,C,C,C,C,1
5fd298b32f6cb7062fd9aea0,482.0,1077,White,High school diploma/A-levels,40,Female,White,United States,United States,United States,English,No,Full-Time,DACBADBABC,0.3,0.0,0.0,ground,Pass,0.0,1.0,2.0,Pass Box,Non-STEM Track,0.0,0.0,red,0,0,1,0,0,0,0,0,0,I have a learning disability that makes doing math hard and all the questions were math I didn't know how to do.,I almost gave up when I saw the math at the beginning but it was an interesting survey.,Non-STEM Track,D,D,A,B,C,A,B,C,A,B,D,D,B,A,A,B,B,C,C,D,R,R,R,R,C,C,C,C,C,C,C,0
66463fe42ca49efed3412fdf,612.0,504,White,Undergraduate degree (BA/BSc/other),33,Male,White,United States,United States,United States,English,No,Full-Time,DABCBBDCBA,0.5,0.0,0.0,ground,Fail,50.0,6.0,6.0,Fail Box,Non-STEM Track,0.0,0.0,black,1,0,1,0,0,0,0,0,0,I'm better with words than with numbers,It was hard but enjoyable to try and remember some of the math equations,Non-STEM Track,D,D,A,B,B,A,C,C,B,B,B,D,D,A,C,B,B,C,A,D,R,R,R,R,R,C,C,C,C,C,C,0
66df32a1d3e539edfe5a25c8,1419.0,24,Rather not say,Secondary education (e.g. GED/GCSE),22,Female,White,United States,United States,United States,English,Yes,Unemployed (and job seeking),BDABBCABAA,0.2,0.0,0.0,negative,Fail,25.0,3.0,4.0,Fail Box,STEM Track,0.0,0.0,black,0,1,1,1,1,0,0,0,0,"Terrible with math, but wanted to try anyway.",,STEM Track,B,A,D,D,A,D,B,B,B,C,C,D,A,C,B,C,A,B,A,C,R,R,R,R,C,R,C,C,C,C,C,1
5b393581c49ecb00010a6693,620.0,1395,Latino/Hispanic,High school diploma/A-levels,24,Male,White,United States,United States,United States,English,DATA_EXPIRED,DATA_EXPIRED,DABCDBCAAA,0.2,0.0,0.0,positive,Fail,50.0,3.0,4.0,Fail Box,Non-STEM Track,0.0,0.0,red,0,0,1,0,1,0,0,0,0,I don't remember much from my STEM study days.,It was fun! I definitely need to take some courses in my free time though!,Non-STEM Track,D,D,A,B,B,A,C,C,D,B,B,D,C,A,A,B,A,C,A,D,R,R,R,C,C,C,C,C,C,C,C,0
5cfb459229a6c2001764e10d,590.0,826,White Sephardic Jew,Technical/community college,24,Male,White,United States,United States,United States,English,Yes,Other,BABACBBCBB,0.4,1.0,2.301,negative,Pass,50.0,4.0,4.0,Pass Box,Non-STEM Track,0.0,0.0,red,0,0,0,0,1,1,0,0,0,"I generally suck at math, especially compared to subjects like English and other non-STEM fields.",Good.,Non-STEM Track,B,D,A,B,B,A,A,C,C,B,B,D,B,A,C,B,B,C,B,C,R,R,R,R,R,R,C,C,C,C,C,0
664439645a9a29be43d5bf5a,573.0,600,White,Technical/community college,41,Male,White,United States,United States,United States,English,No,"Not in paid work (e.g. homemaker', 'retired or disabled)",DABCADBACB,0.3,0.0,0.0,ground,Pass,0.0,3.0,3.0,Pass Box,Non-STEM Track,0.0,0.0,red,0,0,1,0,0,0,0,0,0,"not interested, didnt feel capable",no feedback,Non-STEM Track,D,D,A,B,B,A,C,C,A,B,D,D,B,A,A,B,C,C,B,D,R,R,R,R,R,C,C,C,C,C,C,0
65a34aebff22f2a843566830,538.0,456,White,Undergraduate degree (BA/BSc/other),23,Female,White,United States,United States,United States,English,No,DATA_EXPIRED,DBBCDDDCBA,0.2,1.0,2.027,ground,Pass,25.0,2.0,2.0,Pass Box,Non-STEM Track,0.0,0.0,red,0,0,1,0,0,0,0,0,0,Did not know the first set of questions. Majored in a primarily non stem major in college.,"good, first part was extremely difficult",Non-STEM Track,D,D,B,B,B,A,C,C,D,B,D,D,D,A,C,B,B,C,A,D,R,R,R,C,C,C,C,C,C,C,C,0
6633cc63d968983a40e40db1,437.0,177,Latino/Hispanic,High school diploma/A-levels,29,Female,Other,United States,United States,United States,English,No,Part-Time,CBBCADBDAC,0.0,0.0,0.0,ground,Fail,10.0,3.0,2.0,Fail Box,Non-STEM Track,0.0,0.0,black,0,0,1,0,0,0,0,0,0,i wasn't positive i would pass it,no,Non-STEM Track,C,D,B,B,B,A,C,C,A,B,D,B,B,A,D,B,A,C,C,D,R,R,R,C,C,C,C,C,C,C,C,0
661a98854b5b5e468aaa5295,392.0,195,Latino/Hispanic,High school diploma/A-levels,26,Male,Mixed,United States,United States,United States,English,Yes,DATA_EXPIRED,BCABAABCAD,0.2,0.0,0.0,negative,Pass,50.0,1.0,0.0,Fail Box,Non-STEM Track,0.0,0.0,red,0,0,0,1,0,0,0,0,0,just cause ,not great,Non-STEM Track,B,D,C,D,A,A,B,C,A,B,A,D,B,A,C,B,A,C,D,B,R,R,R,R,R,R,R,R,R,R,C,0
66c396ad1fd21de8d95c3921,323.0,146,East Asian,Undergraduate degree (BA/BSc/other),23,Male,Asian,United States,United States,United States,English,Yes,Unemployed (and job seeking),CBCBDACACA,0.3,0.0,0.0,negative,Fail,10.0,2.0,4.0,Fail Box,Non-STEM Track,0.0,0.0,black,0,0,1,0,0,0,0,0,0,stronger abilities in that,none,Non-STEM Track,C,D,B,B,C,A,B,C,D,B,A,D,C,A,A,B,C,C,A,D,R,R,R,R,C,C,C,C,C,R,C,0
6643bb2edd8c6657e9bc57f1,969.0,3,White,Technical/community college,32,Female,White,United States,United States,United States,English,Yes,Full-Time,DCBDACBACC,0.1,0.0,0.0,ground,Fail,45.0,3.0,2.0,Fail Box,STEM Track,0.0,0.0,black,0,0,1,0,0,0,0,0,0,I was unsure what the other track would be and I was scared.,It was a little stressful. I felt like I was doing a math test in school.,STEM Track,D,A,C,A,B,C,D,C,A,A,C,D,B,C,A,A,C,D,C,C,R,R,R,R,R,C,C,C,C,C,C,1
6672e8e609169272b5e82910,1063.0,47,Black/African American,No formal qualifications,24,Male,Black,United States,United States,United States,English,No,Unemployed (and job seeking),BCDBCCCBBD,0.1,0.0,0.0,negative,Fail,30.0,3.0,4.0,Fail Box,Non-STEM Track,0.0,0.0,black,0,0,1,1,0,0,0,0,0,I never learned that kind of stuff in school,,Non-STEM Track,B,D,C,B,D,A,B,C,C,B,C,D,C,A,B,B,B,C,D,D,R,R,R,R,R,R,R,R,C,C,C,0
63ed2515d3fe6335b2c11094,554.0,2860,Latino/Hispanic,High school diploma/A-levels,50,Female,White,United States,United States,United States,English,DATA_EXPIRED,Part-Time,CDBBCDCBBA,0.1,0.0,0.0,negative,Pass,50.0,1.0,1.0,Fail Box,STEM Track,0.0,0.0,red,0,0,1,0,0,0,0,0,0,i needed a second chance,it was hard,STEM Track,C,A,D,B,B,C,B,B,C,C,D,B,C,A,B,C,B,B,A,C,C,C,C,C,C,C,C,C,R,R,R,1
666d9406189d162d36686be9,433.0,244,White,Undergraduate degree (BA/BSc/other),37,Male,White,United States,United States,United States,English,No,Full-Time,DDBBDDACBC,0.2,0.0,0.0,positive,Fail,50.0,4.0,4.0,Pass Box,STEM Track,0.0,0.0,red,0,1,0,0,0,0,0,0,0,I work in a STEM career,It was fine,STEM Track,D,D,D,B,B,C,B,C,D,D,D,D,A,C,C,C,B,C,C,C,R,C,C,C,C,C,C,C,C,C,C,1
62a1ee789484077eb466542f,940.0,1207,White,High school diploma/A-levels,42,Male,White,United States,United States,United States,English,DATA_EXPIRED,DATA_EXPIRED,ABBDBCBAAA,0.2,0.0,0.0,ground,Pass,10.0,2.0,1.0,Fail Box,Non-STEM Track,0.0,0.0,red,0,0,1,0,0,0,0,0,0,I'm not great at math.,No feedback,Non-STEM Track,A,D,B,B,B,A,D,C,B,B,C,D,B,A,A,B,A,C,A,D,R,R,R,R,C,C,C,C,C,C,C,0
66985059ff08abc91b78325b,1428.0,285,White,Technical/community college,42,Female,White,United States,United States,United States,English,No,DATA_EXPIRED,DADCDBAB__,0.2,0.0,0.0,positive,Pass,70.0,3.0,2.0,Pass Box,STEM Track,0.0,0.0,red,0,1,1,0,0,0,0,0,0,I am a logic thinker.,I felt I forgot a lot.,STEM Track,D,B,A,A,D,C,C,B,D,A,B,D,A,C,B,A,,B,,,R,R,R,C,C,C,C,C,C,C,C,1
60e9e639ca992b3ffc3dee53,977.0,2073,Latino/Hispanic,Undergraduate degree (BA/BSc/other),35,Male,Mixed,United States,United States,United States,English,DATA_EXPIRED,Full-Time,CCACBDCABC,0.1,0.0,0.0,positive,Fail,6.0,3.0,2.0,Fail Box,Non-STEM Track,0.0,0.0,red,0,0,1,0,0,0,0,0,0,Because the fists STEM track that I had was quite difficult for me.,"I enjoyed it, thank you for having me!",Non-STEM Track,C,D,C,B,A,A,C,D,B,B,D,D,C,A,A,B,B,C,C,A,R,R,R,R,C,C,C,C,C,C,C,0
66d761ecb471fd4fc04e5d68,362.0,26,Latino/Hispanic,Doctorate degree (PhD/other),43,Male,Mixed,United States,United States,United States,English,No,Part-Time,DABCBDCCCB,0.5,0.0,0.0,ground,Pass,50.0,3.0,5.0,Fail Box,Non-STEM Track,0.0,0.0,red,1,0,0,0,0,0,0,0,0,I'm better at non-stem questions,Good! Enjoyed it,Non-STEM Track,D,D,A,B,B,A,C,C,B,B,D,D,C,A,C,B,C,C,B,D,R,R,R,R,R,C,C,C,C,C,C,0
65ec050240cb115908f6b9f4,1073.0,398,Black/African American,Undergraduate degree (BA/BSc/other),39,Male,Black,United States,United States,United States,English,DATA_EXPIRED,DATA_EXPIRED,BDACACCDBA,0.0,0.0,0.0,positive,Fail,60.0,5.0,4.0,Fail Box,Non-STEM Track,0.0,0.0,red,0,0,1,0,0,0,0,0,0,I wasn't sure how much more time I would have to spend on this and if it was really worth the little money,No comment,Non-STEM Track,B,D,D,B,A,A,C,C,A,B,C,D,C,A,D,B,B,C,A,D,R,R,R,R,R,C,C,C,C,C,C,0
56b57cc50759c90008c0271a,692.0,115,Black/African American,Undergraduate degree (BA/BSc/other),40,Female,Black,United States,United States,United States,English,No,Part-Time,CDACCCCDCC,0.1,0.0,0.0,positive,Fail,20.0,2.0,3.0,Fail Box,Non-STEM Track,0.0,0.0,red,0,0,1,0,0,0,0,0,0,Because I was more confident in my ability to answer non stem questions on my own without any help and I feel strong on my ability to answer those types of questions under time constraints,it was interesting,Non-STEM Track,C,D,D,B,A,A,C,C,C,B,C,D,C,A,D,B,C,C,C,D,R,R,R,R,C,C,C,C,C,C,C,0
662fb3c5e1820641167cb02a,756.0,294,White,Undergraduate degree (BA/BSc/other),39,Female,White,United States,United States,United States,English,No,Part-Time,DAACBBBAAA,0.3,1.0,4.54,negative,Pass,50.0,2.0,2.0,Fail Box,Non-STEM Track,2.0,3.948,red,0,0,1,0,0,0,0,0,0,Math is hard for me,I hate math so it wasn't pleasent,Non-STEM Track,D,D,A,B,A,A,C,C,B,B,B,D,B,A,A,B,A,C,A,D,R,R,R,R,C,C,C,C,C,C,C,0
666c88b9d74e89acb4f92aaf,794.0,427,White,Technical/community college,41,Female,White,United States,United States,United States,English,No,"Not in paid work (e.g. homemaker', 'retired or disabled)",DAACBADCBC,0.4,0.0,0.0,positive,Fail,50.0,4.0,5.0,Fail Box,Non-STEM Track,0.0,0.0,red,0,0,1,0,0,0,0,0,0,"The math questions were so tough, I decided to try a different route.",It would be nice to know which questions I answered correctly.,Non-STEM Track,D,D,A,B,A,A,C,C,B,B,A,D,D,A,C,B,B,C,C,D,R,R,R,R,R,R,R,R,C,C,C,0
5f04b7a99b50ac10df3a9eac,550.0,495,White,Undergraduate degree (BA/BSc/other),42,Female,White,United States,United States,United States,English,No,"Not in paid work (e.g. homemaker', 'retired or disabled)",DAACCAABAB,0.2,0.0,0.0,negative,Fail,10.0,1.0,5.0,Fail Box,Non-STEM Track,0.0,0.0,black,0,0,1,0,0,0,0,0,0,I'm terrible at math! ,The math test was so hard!,Non-STEM Track,D,D,A,B,A,A,C,C,C,B,A,D,A,A,B,B,A,C,B,D,R,R,R,C,C,C,C,C,C,C,C,0
5e1c138a2bf9514062e4de6b,476.0,5908,White,Technical/community college,38,Male,White,United States,United States,United States,English,No,Full-Time,DBDABDBDBA,0.1,0.0,0.0,positive,Pass,1.0,1.0,1.0,Pass Box,STEM Track,0.0,0.0,black,0,0,1,0,0,0,0,0,0,To challenge myself.,Thank you.,STEM Track,D,B,B,C,D,A,A,B,B,B,D,D,B,C,D,C,B,C,A,A,R,R,R,R,R,C,C,C,C,C,C,1
666521a72d980c779a45cbbd,899.0,144,White,Technical/community college,44,Female,White,United States,United States,United States,English,No,Part-Time,DBBCAACBCB,0.2,0.0,0.0,negative,Pass,50.0,2.0,2.0,Pass Box,STEM Track,0.0,0.0,red,0,0,1,0,0,0,0,0,0,I wanted the higher bonus,the math was hard ,STEM Track,D,C,B,C,B,A,C,D,A,D,A,B,C,C,B,C,C,D,B,A,R,R,R,R,R,C,C,C,C,C,C,1
5c7f17223eaee4001614f4b1,776.0,603,Black/African American,Undergraduate degree (BA/BSc/other),23,Male,Black,United States,United States,United States,English,No,Unemployed (and job seeking),AABBDBDACC,0.6,0.0,0.0,negative,Fail,90.0,6.0,7.0,Pass Box,Non-STEM Track,0.0,0.0,red,0,0,1,0,0,0,0,0,0,I decided to choose the Non-STEM track because the questions that I were given previously were rather hard to solve. I didn't know if the next STEM track would be even harder so I decided to play it safe.,I think it was a very interesting experience since I wasnt prepared for STEM questions but it was also a nice change of pace.,Non-STEM Track,A,D,A,B,B,A,B,C,D,B,B,D,D,A,A,B,C,C,C,D,R,R,R,R,R,C,C,C,C,C,C,0
6637ab726b91eaf9e6582b89,382.0,17,White,Technical/community college,31,Female,White,United States,United States,United States,English,No,Part-Time,DDBCBBCDCA,0.3,0.0,0.0,positive,Pass,0.0,2.0,2.0,Pass Box,Non-STEM Track,0.0,0.0,black,0,0,0,1,1,0,0,0,0,Math is not my best subjects. ,"Experience was good, no feedback! ",Non-STEM Track,D,D,D,B,B,A,C,C,B,B,B,D,C,A,D,B,C,C,A,D,R,R,R,R,R,C,C,C,C,C,C,0
66c49506c24e39d11f5d89fc,767.0,168,White,Undergraduate degree (BA/BSc/other),37,Female,White,United States,United States,United States,English,No,Part-Time,DDBBBADCAB,0.5,0.0,0.0,ground,Pass,50.0,4.0,4.0,Pass Box,Non-STEM Track,0.0,0.0,red,0,0,1,0,0,0,0,0,0,guaranteed money and seemed less confusing,"It was a little confusing but alot of fun, thank you!",Non-STEM Track,D,D,D,B,B,A,B,C,B,B,A,D,D,A,C,B,A,C,B,D,R,R,R,R,R,C,C,C,C,C,C,0
666e6fdc0d4a47213fa8722a,894.0,42,Latino/Hispanic,High school diploma/A-levels,25,Female,Other,United States,United States,Guatemala,English,No,Part-Time,DCCDCABBCC,0.2,0.0,0.0,ground,Fail,60.0,4.0,5.0,Fail Box,Non-STEM Track,0.0,0.0,black,0,0,1,0,0,0,0,0,0,I had stem teachers that didn't encourage or teach properly. Didn't really learn.,Na,Non-STEM Track,D,D,C,B,C,A,D,C,C,B,A,A,B,A,B,B,C,C,C,D,R,R,R,R,C,C,C,R,C,C,C,0
58be2fc3bfc0f4000179f3c5,1279.0,5025,White,Doctorate degree (PhD/other),53,Male,White,United States,United States,United States,English,No,Unemployed (and job seeking),__________,0.0,0.0,0.0,negative,Fail,64.0,6.0,5.0,Pass Box,STEM Track,0.0,0.0,red,0,0,1,0,0,0,0,0,1,I thought science was the basis of reality.,"I had no paper handy. If I had scratch paper I would likely have done much better. As it was, on the second set I just guessed on the last few after I knew I had gottern five or six right.",STEM Track,,B,,C,,C,,B,,A,,D,,C,,A,,C,,C,R,R,R,R,R,C,C,C,C,C,C,1
5f4fe426bc50f511ff591125,546.0,965,Caribbean,High school diploma/A-levels,22,Male,Mixed,United States,United States,United States,English,Yes,Unemployed (and job seeking),DCBBABBBAA,0.2,0.0,0.0,negative,Pass,5.0,1.0,1.0,Pass Box,STEM Track,0.0,0.0,red,0,0,1,0,0,0,0,0,0,more chance of more money,,STEM Track,D,A,C,A,B,A,B,A,A,A,B,A,B,A,B,A,A,A,A,A,R,R,R,R,R,R,C,C,C,C,C,1
668327594e2bd7a211c3fa6f,888.0,310,White,Technical/community college,34,Female,White,United States,United States,United States,English,No,Full-Time,DDDDDDDDDD,0.1,0.0,0.0,negative,Fail,75.0,3.0,3.0,Fail Box,Non-STEM Track,0.0,0.0,black,0,0,1,0,1,0,0,0,0,"Because I assumed the black ball indicated that I failed the first test, so I wanted to try something different. I felt pressured with the timer and hadn't done algebra in nearly 20 years.",Experience was enjoyable. No feedback.,Non-STEM Track,D,D,D,B,D,A,D,C,D,B,D,D,D,A,D,B,D,C,D,D,R,R,R,R,R,C,C,C,C,C,C,0
66463b51bfb8084f4f45b602,1258.0,697,Mixed,Undergraduate degree (BA/BSc/other),30,Female,Mixed,United States,United States,United States,English,No,Full-Time,DACCBBDCBB,0.7,0.0,0.0,positive,Fail,80.0,8.0,8.0,Pass Box,STEM Track,0.0,0.0,red,1,0,0,0,0,0,0,0,0,It seemed like a less risky track given the previous questions,Everything went well,STEM Track,D,B,A,B,C,C,C,C,B,A,B,D,D,C,C,A,B,D,B,C,R,R,R,C,C,C,C,C,C,C,C,1
6134d9cf96a9c6192e24866d,901.0,2560,White,High school diploma/A-levels,64,Female,White,United States,United States,United States,English,No,Full-Time,BBCCBDCBCB,0.4,1.0,8.717,negative,Pass,50.0,4.0,4.0,Fail Box,Non-STEM Track,0.0,0.0,red,0,0,1,0,0,0,0,0,0,I wanted to answer easier questions.  ,The experience was good but the math was beyond my level of math skills.  ,Non-STEM Track,B,D,B,B,C,A,C,C,B,B,D,D,C,A,B,B,C,C,B,D,R,R,R,R,R,C,C,C,C,C,C,0
61000d9f866cb789b6472c51,274.0,849,White,Undergraduate degree (BA/BSc/other),31,Female,White,United States,United States,United States,English,No,Full-Time,DDDDCBBCCA,0.3,0.0,0.0,positive,Pass,10.0,2.0,3.0,Pass Box,STEM Track,0.0,0.0,black,0,0,1,0,0,0,0,0,0,I wasnt sure what stem vs non stem meant so i just chose stem,it was very difficult to understand.,STEM Track,D,C,D,A,D,C,D,D,C,A,B,C,B,B,C,D,C,A,A,A,R,C,C,C,C,C,C,C,C,C,C,1
60fcec5f448d6d34a22bcafb,558.0,2300,White,Technical/community college,38,Female,White,United States,United States,United States,English,No,Full-Time,CDCABCBABC,0.2,0.0,0.0,positive,Pass,0.0,0.0,0.0,Fail Box,Non-STEM Track,0.0,0.0,red,0,0,1,0,0,0,0,0,0,I thought I would have a better chance of answering correctly.,Great. ,Non-STEM Track,C,D,D,B,C,A,A,C,B,B,C,D,B,A,A,B,B,C,C,D,R,R,R,R,R,R,R,C,C,C,C,0
5f5128c3aa1c4e30e4506d2c,1123.0,1214,White,Undergraduate degree (BA/BSc/other),79,Male,White,United States,United States,United States,English,DATA_EXPIRED,DATA_EXPIRED,DADCBACCCB,0.5,0.0,0.0,negative,Pass,50.0,5.0,4.0,Pass Box,Non-STEM Track,0.0,0.0,red,0,0,1,0,0,0,0,0,0,"I expected another math test, which I wasn't confident in doing sufficiently well.",It was very complex.  I spent a lot of time figuring out wat was being asked.,Non-STEM Track,D,D,A,B,D,A,C,C,B,B,A,D,C,A,C,B,C,C,B,D,R,R,R,R,R,R,C,C,C,C,C,0
666e78556e916cd782e9c41b,1498.0,187,Latino/Hispanic,Undergraduate degree (BA/BSc/other),22,Male,Mixed,United States,United States,United States,English,Yes,Part-Time,DADCBCAABB,0.3,0.0,0.0,ground,Fail,60.0,5.0,5.0,Fail Box,STEM Track,0.0,0.0,black,0,0,1,0,1,0,0,0,0,"I decided to choose the STEM track, as I used to have a fascination with mathematics along with science. I had previously wanted to become a pediatric neurologist which, in turn, propelled me to do well in my studies. I have since taken a different route in finance & accounting, but I still enjoy mathematics.",My experience was great. I enjoyed the challenge of this study and hope to be able to participate in similar studies at a future date. Thank you for the opportunity. ,STEM Track,D,B,A,D,D,C,C,A,B,B,C,D,A,C,A,A,B,B,B,D,R,R,R,C,C,C,C,C,C,C,C,1
6595826f3295eff742fead3b,1122.0,835,East Asian,Graduate degree (MA/MSc/MPhil/other),32,Female,Asian,China,United States,United States,English,DATA_EXPIRED,DATA_EXPIRED,DA_BBBDC_B,0.7,0.0,0.0,positive,Pass,80.0,6.0,7.0,Not Sure,STEM Track,0.0,0.0,red,0,0,1,0,0,0,0,0,1,I like math,"Fine, no comments",STEM Track,D,B,A,D,,C,B,A,B,A,B,D,D,C,C,A,,B,B,C,R,R,R,R,R,C,C,C,C,C,C,1
664bd0f088bcdd76b857ce24,619.0,401,White,Technical/community college,24,Male,White,United States,United States,United States,English,Yes,Unemployed (and job seeking),DBABDBCADA,0.2,0.0,0.0,negative,Fail,30.0,1.0,3.0,Fail Box,Non-STEM Track,0.0,0.0,black,0,1,0,0,0,0,0,0,0,I tend to do better with language than i do with math lately,Pretty good tho im kinda sad with how bad i did on the first math portion,Non-STEM Track,D,D,B,B,A,A,B,C,D,B,B,D,C,A,A,B,D,C,A,D,R,R,R,R,R,R,C,C,C,C,C,0
66d77183848780bed7462056,930.0,60,White,Undergraduate degree (BA/BSc/other),63,Female,White,United States,United States,United States,English,No,Part-Time,DAAADAAAAA,0.1,0.0,0.0,ground,Fail,50.0,1.0,3.0,Fail Box,Non-STEM Track,0.0,0.0,black,0,0,1,0,0,0,0,0,0,"My skills are more language oriented and less math and science oriented, so I would do better at non-STEM activities. ",It'd be interesting to see if I guessed any of the math answers correctly. ,Non-STEM Track,D,D,A,B,A,A,A,C,D,B,A,D,A,A,A,B,A,C,A,D,R,R,R,R,R,C,C,C,C,C,C,0
66783438ca6ccf63acf349d8,449.0,151,Mixed,Undergraduate degree (BA/BSc/other),31,Male,White,United States,United States,United States,English,No,Full-Time,BBACACBABD,0.0,0.0,0.0,ground,Fail,100.0,2.0,1.0,Pass Box,STEM Track,0.0,0.0,black,0,0,0,0,1,0,0,0,0,The chance,Good,STEM Track,B,C,B,C,A,C,C,C,A,C,C,C,B,C,A,C,B,C,D,C,R,R,C,R,R,R,R,R,R,R,R,1
60873d2ab16643e5a08cafd2,979.0,2231,White,Undergraduate degree (BA/BSc/other),32,Male,White,United States,United States,United States,English,No,Full-Time,DABDCABDBC,0.1,0.0,0.0,positive,Fail,50.0,4.0,3.0,Fail Box,Non-STEM Track,0.0,0.0,red,0,0,1,0,0,0,0,0,0,I felt like I wanted payment for each question I answered.,I enjoyed the task. The math was very difficult.,Non-STEM Track,D,D,A,B,B,A,D,C,C,B,A,D,B,A,D,B,B,C,C,D,R,R,R,R,R,C,C,C,C,C,C,0
66b838839480f958acce79d0,410.0,184,White,High school diploma/A-levels,27,Male,White,United States,United States,United States,English,No,Full-Time,BCAADBAACB,0.3,0.0,0.0,positive,Fail,5.0,2.0,5.0,Pass Box,STEM Track,0.0,0.0,red,1,0,0,0,0,0,0,0,0,Extra money ,It was okay hope I got the bonus the survey was buggy when clicking my choices ,STEM Track,B,B,C,A,A,C,A,D,D,A,B,A,A,B,A,C,C,B,B,A,R,R,R,R,R,C,R,C,C,C,C,1
65c3f7ea5a1dc70da3d465e9,730.0,220,White,High school diploma/A-levels,21,Female,White,United States,United States,United States,English,No,Full-Time,DBACABAAAB,0.2,0.0,0.0,ground,Pass,10.0,0.0,1.0,Pass Box,Non-STEM Track,0.0,0.0,red,0,0,1,0,0,0,0,0,0,"I'm not very good with numbers or math. I wasn't sure what the non-STEM track would test me on, but I knew I had a better chance with that option than the STEM track.","The first test without any warning was really hard! It definitely was a challenge, I don't think I have ever seen math like that. It's impressive that people can solve those problems like it's nothing. It's really fascinating that people have their distinct strengths and weaknesses. No feedback, thank you.",Non-STEM Track,D,D,B,B,A,A,C,C,A,B,B,D,A,A,A,B,A,C,B,D,R,R,R,R,R,R,R,C,C,C,C,0
6653b92cc7f248306bafe316,1061.0,194,Black/African American,High school diploma/A-levels,32,Male,Black,United States,United States,United States,English,No,Other,DABCDB____,0.2,1.0,1.916,ground,Fail,55.0,2.0,3.0,Fail Box,Non-STEM Track,0.0,0.0,black,0,0,1,0,0,0,0,0,0,I have always referred to math as black magic. It is sinful to practice lol,It was fun.,Non-STEM Track,D,D,A,B,B,A,C,C,D,B,B,D,,A,,B,,C,,D,R,R,R,R,C,C,C,C,C,C,C,0
60fce077c28a6e5608c284e6,939.0,268,Black/African American,High school diploma/A-levels,26,Female,Black,United States,United States,United States,English,Yes,Unemployed (and job seeking),DABBDBCCAB,0.5,0.0,0.0,positive,Pass,30.0,1.0,2.0,Pass Box,STEM Track,0.0,0.0,black,0,0,1,0,0,0,0,0,0,It gave the most money ,,STEM Track,D,B,A,B,B,C,B,C,D,A,B,B,C,C,C,D,A,A,B,C,R,R,R,R,C,C,C,C,C,C,C,1
5b6c72f29dc5550001f8a514,421.0,5261,White,Undergraduate degree (BA/BSc/other),39,Male,White,United States,United States,United States,English,No,DATA_EXPIRED,DACBBDCAAC,0.4,0.0,0.0,negative,Fail,20.0,4.0,5.0,Fail Box,Non-STEM Track,0.0,0.0,black,0,0,1,0,0,0,0,0,0,I do not enjoy answering math questions.,"it was good, no feedback.",Non-STEM Track,D,D,A,B,C,A,B,C,B,B,D,D,C,A,A,B,A,C,C,D,R,R,R,R,C,C,C,C,C,C,C,0
667ff6d2bd193b9a57cbb7cc,593.0,236,Black/African American,Technical/community college,48,Male,Black,United States,United States,United States,English,No,Full-Time,CACCBCCACB,0.5,0.0,0.0,ground,Pass,20.0,2.0,5.0,Fail Box,Non-STEM Track,0.0,0.0,red,0,0,1,0,0,0,0,0,0,Because I suck at math. ,the math was ridiculous,Non-STEM Track,C,D,A,B,C,A,C,C,B,B,C,D,C,A,A,B,C,C,B,D,R,R,R,R,R,C,C,C,C,C,C,0
616d6463aa6ae2ee832b3804,947.0,3462,White,Undergraduate degree (BA/BSc/other),35,Male,White,United States,United States,United States,English,No,Other,CCBADCCADC,0.0,0.0,0.0,ground,Fail,40.0,2.0,2.0,Fail Box,STEM Track,0.0,0.0,black,0,1,1,0,0,0,0,0,0,could get a bonus IF I got 2 questions rigt,it all worked,STEM Track,C,B,C,C,B,C,A,C,D,C,C,D,C,C,A,C,D,C,C,C,R,R,R,R,C,C,C,C,C,C,C,1
60c154002491061548587ff5,846.0,328,Latino/Hispanic,Graduate degree (MA/MSc/MPhil/other),38,Male,Mixed,United States,United States,United States,English,No,Full-Time,DABCDCAACB,0.3,0.0,0.0,positive,Fail,95.0,7.0,9.0,Pass Box,STEM Track,0.0,0.0,red,0,0,1,0,0,0,0,0,0,I like a challenge,A little tedious ,STEM Track,D,B,A,A,B,C,C,B,D,B,C,D,A,C,A,A,C,C,B,B,R,R,R,R,R,C,C,C,C,C,C,1
5783e984160201000103ece2,842.0,1102,Other (please feel free to let us know your ethnicity via email),Undergraduate degree (BA/BSc/other),44,Male,White,United States,United States,United States,English,DATA_EXPIRED,DATA_EXPIRED,BACBDABBDB,0.4,0.0,0.0,ground,Pass,55.0,3.0,3.0,Pass Box,STEM Track,0.0,0.0,red,0,0,1,0,0,0,0,0,0,I thought I had reasonably good chance of getting at least 3 right.,I suck at math!,STEM Track,B,B,A,D,C,C,B,C,D,A,A,D,B,C,B,B,D,B,B,C,R,R,R,R,R,C,C,C,C,C,C,1
66735e86343dec85410151d0,503.0,88,White,Undergraduate degree (BA/BSc/other),40,Male,White,United States,United States,United States,English,Yes,Part-Time,CAABBCACBB,0.5,0.0,0.0,ground,Pass,50.0,6.0,4.0,Fail Box,Non-STEM Track,0.0,0.0,red,0,0,1,0,0,0,0,0,0,Because I felt like I had a better chance and whatever the second portion of the test was,I enjoyed the test,Non-STEM Track,C,D,A,B,A,A,B,C,B,B,C,D,A,A,C,B,B,C,B,D,R,R,R,C,C,C,C,C,C,C,C,0
636ac3f10d9f3b6a0eb54eeb,1443.0,1463,White,Graduate degree (MA/MSc/MPhil/other),69,Male,White,United States,United States,United States,English,No,Part-Time,ABCCABCABB,0.4,0.0,0.0,positive,Fail,70.0,7.0,5.0,Fail Box,STEM Track,0.0,0.0,red,0,0,1,0,0,0,0,0,0,"Choosing the STEM track is often motivated by a passion for science, technology, engineering, and mathematics, and a desire to solve real-world problems.",no,STEM Track,A,B,B,C,C,D,C,A,A,C,B,D,C,B,A,C,B,B,B,A,C,C,C,C,C,C,C,C,C,C,C,1
5b79bd77c4e6ad0001d2f312,318.0,2509,White Sephardic Jew,Doctorate degree (PhD/other),77,Male,White,United States,United States,United States,English,No,"Not in paid work (e.g. homemaker', 'retired or disabled)",CCBBCBACBC,0.3,0.0,0.0,positive,Pass,2.0,1.0,1.0,Pass Box,STEM Track,0.0,0.0,black,0,0,1,0,0,0,0,0,0,for the bonus,it was fun,STEM Track,C,B,C,A,B,C,B,B,C,D,B,D,A,C,C,B,B,B,C,B,R,R,R,R,R,C,C,C,C,C,C,1
609a5974625e18ab158c9a3e,711.0,8160,White,Undergraduate degree (BA/BSc/other),63,Male,White,United States,United States,United States,English,No,Full-Time,DACCBBBDCB,0.6,0.0,0.0,ground,Pass,50.0,5.0,5.0,Pass Box,Non-STEM Track,0.0,0.0,red,0,0,1,0,0,0,0,0,0,It seemed easier.,,Non-STEM Track,D,D,A,B,C,A,C,C,B,B,B,D,B,A,D,B,C,C,B,D,R,R,R,R,R,R,C,C,C,C,C,0
66ae7826a1df4204b1b27aab,466.0,98,White,High school diploma/A-levels,38,Male,White,United States,United States,United States,English,No,Full-Time,BACCCBCCAA,0.4,1.0,1.115,positive,Fail,10.0,1.0,5.0,Fail Box,Non-STEM Track,0.0,0.0,red,1,0,0,0,0,0,0,1,0,I was never good at STEM subjects. The questio s in the first part were like another language. ,It was great. Easy to understand questions. ,Non-STEM Track,B,D,A,B,C,A,C,C,C,B,B,D,C,A,C,B,A,C,A,D,R,R,R,R,R,C,C,R,C,C,C,0
5fd85ea88b7f1919bf0e5546,758.0,742,White,Technical/community college,25,Male,White,United States,United States,United States,English,Yes,Part-Time,ACDBBCDC__,0.5,1.0,2.283,negative,Pass,60.0,6.0,5.0,Pass Box,Non-STEM Track,1.0,2.506,red,0,0,1,0,0,0,0,0,0,"I was not trying to do another math test at this moment in time, I did not expect this survey to be like this.",The experience was fine.,Non-STEM Track,A,D,C,B,D,A,B,C,B,B,C,D,D,A,C,B,,C,,B,R,R,R,R,C,C,C,C,C,C,C,0
60fe07f8bf59907b6249b488,342.0,327,Black/African American,Doctorate degree (PhD/other),29,Male,Black,United States,United States,United States,English,No,Other,DCBCABBDBB,0.2,0.0,0.0,ground,Fail,30.0,2.0,3.0,Fail Box,Non-STEM Track,0.0,0.0,black,0,0,1,0,0,0,0,0,0,I don't like math,It was fine,Non-STEM Track,D,D,C,B,B,A,C,C,A,B,B,D,B,A,D,B,B,C,B,D,R,R,C,C,C,C,C,C,C,C,C,0
6644b6b44b6e997b3b2f3e6a,2349.0,478,Black/African American,High school diploma/A-levels,38,Male,Black,United States,United States,United States,English,No,Full-Time,__________,0.0,0.0,0.0,negative,Fail,50.0,5.0,5.0,Pass Box,Non-STEM Track,0.0,0.0,red,0,0,1,0,0,0,0,0,0,no specific reason,youu need to have an option to be able to look away from the study page. not for cheating but i had to make sure i had enough time to finish the study on prolifics end with out being timed out,Non-STEM Track,,D,,B,,A,,C,,B,,D,,A,,B,,C,,D,R,R,R,R,R,C,C,C,C,C,C,0
662c271f0e6fc408b5b8c07c,628.0,256,White,High school diploma/A-levels,43,Male,White,United States,United States,United States,English,No,Part-Time,DDACDBCCCC,0.3,0.0,0.0,positive,Pass,50.0,2.0,2.0,Pass Box,Non-STEM Track,0.0,0.0,black,0,0,1,0,0,0,0,0,0,i thought it would be more complicated math/pre calculous or geometry questions,I'd like to know what I got right. I do like math but those seemed more complicated than usual. I'm even wondering if there was really a correct answer provided in the multiple choice.,Non-STEM Track,D,D,D,B,A,A,C,C,D,B,B,D,C,A,C,B,C,C,C,D,R,R,R,C,C,C,C,C,C,C,C,0
5f547ac6c2e4fb7f2ae0e6fc,713.0,1266,Latino/Hispanic,Technical/community college,23,Male,White,United States,United States,United States,Spanish,Yes,Full-Time,ADBCCCBCDB,0.3,1.0,1.479,negative,Pass,20.0,2.0,2.0,Pass Box,Non-STEM Track,0.0,0.0,red,0,0,1,0,0,0,0,0,0,It was better,,Non-STEM Track,A,D,D,B,B,A,C,C,C,B,C,D,B,A,C,B,D,C,B,D,R,R,R,R,C,C,C,C,C,C,C,0
66c4d4954d4f9967f543cd97,717.0,41,Black/African American,High school diploma/A-levels,29,Male,Black,United States,United States,United States,English,No,Unemployed (and job seeking),BADBDCCABD,0.2,3.0,7.89,ground,Fail,50.0,5.0,7.0,Fail Box,STEM Track,1.0,12.177,black,0,0,1,1,1,0,0,0,0,it emphasizes critical thinking,no ,STEM Track,B,A,A,B,D,C,B,C,D,A,C,A,C,B,A,D,B,A,D,A,R,C,R,R,R,C,R,C,C,C,C,1
60de61dea4354d456dd1039d,586.0,1258,Mixed,Technical/community college,53,Male,Mixed,United States,United States,United States,English,No,Full-Time,CCCCCCCCCC,0.3,0.0,0.0,ground,Pass,0.0,2.0,2.0,Pass Box,Non-STEM Track,0.0,0.0,red,0,0,1,0,0,0,0,0,0,I have completely forgotten how to work algebra other than very basic,Great,Non-STEM Track,C,D,C,B,C,A,C,C,C,B,C,D,C,A,C,B,C,C,C,D,R,R,C,C,C,C,C,C,C,C,C,0
5f73f37ed13ce303cc14ae35,352.0,4148,East Asian,Undergraduate degree (BA/BSc/other),32,Male,Asian,United States,United States,United States,English,No,Full-Time,AACBADCCBD,0.5,0.0,0.0,positive,Pass,56.0,3.0,5.0,Fail Box,Non-STEM Track,0.0,0.0,red,0,0,1,0,0,0,0,0,0,I chose the Non-STEM track because I am not good at STEM subjects.,The process was challenging but not too difficult.,Non-STEM Track,A,D,A,B,C,A,B,C,A,B,D,D,C,A,C,B,B,C,D,D,R,R,R,R,R,R,C,C,C,C,C,0
6672d7c8f27a75aa9998abab,435.0,269,White,High school diploma/A-levels,23,Male,White,United States,United States,United States,English,No,Full-Time,BCBBDACBDA,0.1,0.0,0.0,positive,Fail,25.0,3.0,5.0,Fail Box,Non-STEM Track,0.0,0.0,red,0,1,1,0,1,0,0,0,0,Easier qeustions,Good experience ,Non-STEM Track,B,D,C,B,B,A,B,C,D,B,A,D,C,A,B,B,D,C,A,D,R,R,C,C,C,C,C,C,C,C,C,0
662190146ef67bab626e48cb,423.0,953,White,High school diploma/A-levels,44,Male,White,United States,United States,United States,English,No,Part-Time,BABCDABCDA,0.2,0.0,0.0,negative,Fail,10.0,1.0,4.0,Pass Box,Non-STEM Track,0.0,0.0,red,0,0,1,0,0,0,0,0,0,Im better at it.,all good,Non-STEM Track,B,D,A,B,B,A,C,C,D,B,A,D,B,A,C,B,D,C,A,D,R,R,R,R,R,C,C,C,C,C,C,0
66e738df937b233c0ad3427e,773.0,42,East Asian,Graduate degree (MA/MSc/MPhil/other),43,Male,Mixed,United States,United States,United States,English,No,Unemployed (and job seeking),DAD_______,0.1,0.0,0.0,ground,Fail,50.0,1.0,2.0,Fail Box,Non-STEM Track,0.0,0.0,black,0,0,1,0,0,0,0,0,0,The STEM questions were very difficult for me.,Very difficult!,Non-STEM Track,D,D,A,B,D,A,,C,,B,,D,,A,,B,,C,,D,R,C,C,C,C,C,C,C,C,C,C,0
66e998697bd6ac455eef101b,359.0,54,White,High school diploma/A-levels,29,Male,White,United States,United States,United States,English,No,Full-Time,ACCADBADDB,0.4,0.0,0.0,ground,Fail,25.0,4.0,5.0,Fail Box,STEM Track,0.0,0.0,black,0,0,1,0,0,0,0,0,0,opportunity for more money,it was fun,STEM Track,A,C,C,B,C,B,A,A,D,D,B,A,A,C,D,C,D,B,B,A,R,R,R,R,R,C,C,C,C,C,C,1
660fe8b910d0f16114179923,359.0,571,White,Technical/community college,62,Male,White,United States,United States,United States,English,No,Full-Time,BCCBBDBBDB,0.4,0.0,0.0,negative,Pass,0.0,3.0,3.0,Pass Box,Non-STEM Track,0.0,0.0,red,0,0,1,0,0,0,0,0,0,Better fit for my skill set,,Non-STEM Track,B,D,C,B,C,A,B,C,B,B,D,D,B,A,B,B,D,C,B,D,R,R,R,R,R,C,C,C,C,C,C,0
66b61425c6abfeabcdc8c958,2121.0,157,White,Graduate degree (MA/MSc/MPhil/other),36,Male,White,United States,United States,United States,English,No,"Not in paid work (e.g. homemaker', 'retired or disabled)",DACCDAAABB,0.3,0.0,0.0,ground,Fail,75.0,6.0,4.0,Fail Box,STEM Track,0.0,0.0,black,0,0,1,0,0,0,0,0,0,"i like math, but it has been a long time since i did math like this",it was difficult!,STEM Track,D,B,A,B,C,B,C,A,D,A,A,D,A,C,A,A,B,A,B,D,R,R,R,R,R,C,C,C,C,C,C,1
5e8b9c7054a5cc07dd6e174d,513.0,2495,White,Technical/community college,51,Male,White,United States,United States,United States,English,DATA_EXPIRED,DATA_EXPIRED,DACACDADAC,0.2,0.0,0.0,ground,Fail,50.0,3.0,5.0,Fail Box,Non-STEM Track,0.0,0.0,black,0,0,1,0,0,0,0,0,0,I really did not enjoy the math questions.  They were irritating.,"I felt like I was in school again, and school is for kids.  Real learning doesn't actually happen until you're an adult in the real world.",Non-STEM Track,D,D,A,B,C,A,A,C,C,B,D,D,A,A,D,B,A,C,C,D,R,R,R,R,C,C,C,C,C,C,C,0
66798db816f49af0a6c7f6e2,1345.0,392,East Asian,Doctorate degree (PhD/other),25,Male,Asian,United States,United States,United States,English,No,Full-Time,AACBCBDCCB,0.9,0.0,0.0,ground,Pass,100.0,9.0,9.0,Pass Box,STEM Track,0.0,0.0,red,0,0,1,0,0,0,0,0,0,I thought I would have more STEM knowledge.,The experiment went smoothly.,STEM Track,A,B,A,B,C,C,B,A,C,A,B,D,D,C,C,A,C,,B,,R,R,R,R,R,C,C,C,C,C,C,1
5f1b84872171f838a8a3cfa9,1041.0,1400,White,Undergraduate degree (BA/BSc/other),43,Male,White,United States,United States,United States,English,No,DATA_EXPIRED,CCBCCBBBAD,0.1,0.0,0.0,ground,Fail,50.0,4.0,4.0,Fail Box,Non-STEM Track,0.0,0.0,black,0,0,0,1,0,0,0,0,0,,,Non-STEM Track,C,D,C,B,B,A,C,C,C,B,B,D,B,A,B,B,A,C,D,D,R,R,R,R,R,C,C,C,C,C,C,0
61506367db75b2669d9d2d72,832.0,1569,White,Undergraduate degree (BA/BSc/other),44,Male,White,United States,United States,United States,English,No,Full-Time,AADBCBBBAC,0.4,0.0,0.0,positive,Pass,30.0,3.0,3.0,Pass Box,STEM Track,0.0,0.0,black,0,0,1,0,0,0,0,0,0,Because I wanted to see how challenging the questions were,I am a bit rusty on these old math problems! Interesting survey and best of luck with your research,STEM Track,A,B,A,B,D,C,B,B,C,B,B,B,B,B,B,B,A,A,C,A,R,R,R,R,R,R,R,C,C,C,C,1
646d98275114aaaa1c776bae,1473.0,736,Black/African American,Undergraduate degree (BA/BSc/other),58,Male,White,United States,United States,United States,English,Yes,DATA_EXPIRED,BAABABABCD,0.4,0.0,0.0,ground,Pass,40.0,4.0,4.0,Pass Box,STEM Track,0.0,0.0,red,1,0,1,0,1,0,0,0,0,I like math,,STEM Track,B,,A,,A,,B,,A,,B,,A,,B,,C,,D,,R,C,C,C,C,C,C,C,C,C,C,1
5ce753de5434fd001b47e9fc,1087.0,706,Black/African American,High school diploma/A-levels,28,Male,Black,United States,United States,United States,English,No,Part-Time,CAADADCCBC,0.2,0.0,0.0,ground,Fail,50.0,2.0,3.0,Fail Box,Non-STEM Track,0.0,0.0,black,0,1,0,0,0,0,0,0,0,I did not know the formulas needed in the STEM track.,,Non-STEM Track,C,D,A,B,A,A,D,C,A,B,D,D,C,A,C,B,B,C,C,C,R,R,R,R,R,R,C,C,C,C,C,0
5e6482c9142c3c204d56baa0,530.0,3234,Mixed,Technical/community college,36,Male,Mixed,United States,United States,United States,English,No,Unemployed (and job seeking),BCBABBDCBB,0.5,0.0,0.0,positive,Pass,25.0,7.0,4.0,Pass Box,Non-STEM Track,0.0,0.0,black,0,0,1,0,0,0,0,0,0,Im not good at math,Good,Non-STEM Track,B,D,C,B,B,A,A,C,B,B,B,D,D,A,C,B,B,C,B,D,R,R,R,R,R,C,C,C,C,C,C,0
663154d3db316e62c35e16ae,509.0,156,Black/African American,High school diploma/A-levels,38,Male,Black,United States,United States,United States,English,No,Full-Time,BDCABBCCBB,0.5,0.0,0.0,negative,Pass,1.0,1.0,1.0,Fail Box,STEM Track,0.0,0.0,red,0,0,1,0,0,0,0,0,0,Because That made the most sense,Weird test kind of...not sure of a few things,STEM Track,B,A,D,B,C,B,A,B,B,C,B,A,C,B,C,C,B,B,B,D,C,C,R,R,R,R,R,R,R,R,R,1
5c4d5328889752000156a11d,1243.0,4899,White,Undergraduate degree (BA/BSc/other),52,Male,White,United States,United States,United States,English,DATA_EXPIRED,DATA_EXPIRED,DAAB__BACD,0.3,0.0,0.0,negative,Pass,22.0,2.0,2.0,Pass Box,Non-STEM Track,0.0,0.0,red,1,0,1,0,0,0,0,0,0,"I am bad at math to begin with, and I am quite tired today as well, so I was unlikely to be reliable in a math context. Even though, if I recall, the bar was set low for the STEM track, the stress level associated with taking that option would have been high, as it had been to some extent the first time. I wanted to get some exposure to challenges at which I thought likely I would have a better chance of doing better and of finding the material more approachable and maybe more interesting. ",I think things were mostly pretty straightforward. I liked that there were multiple pauses between sections and ongoing instructions. ,Non-STEM Track,D,D,A,B,A,A,B,C,,B,,D,B,A,A,B,C,C,D,D,R,R,C,C,C,C,C,C,C,C,C,0
5f5ab115b8e6411bcb5dadf1,2362.0,3543,Black/African American,Undergraduate degree (BA/BSc/other),25,Male,Black,United States,United States,United States,English,No,Full-Time,DADCB____C,0.2,0.0,0.0,negative,Fail,30.0,3.0,4.0,Fail Box,Non-STEM Track,0.0,0.0,black,0,0,1,0,0,0,0,0,0,"Because I'm not good at STEM, particularly math","Everything was good, thanks!",Non-STEM Track,D,D,A,B,D,A,C,C,B,B,,D,,A,,B,,C,C,D,R,R,R,R,R,C,C,C,C,C,C,0
5fc531028afba30009cb3234,960.0,201,White,Technical/community college,30,Male,White,United States,United States,United States,English,No,Other,DACC___A__,0.2,1.0,3.448,ground,Fail,70.0,3.0,6.0,Fail Box,Non-STEM Track,0.0,0.0,black,0,0,1,0,0,0,0,0,0,"STEM subjects, Math in particular is my weak point.","Challenging, at least the math quiz section. No, the study was well written clearly and instructions easy to understand.",Non-STEM Track,D,D,A,B,C,A,C,C,,B,,D,,A,A,B,,C,,D,R,R,R,R,R,C,C,C,C,C,C,0
628ecc32276d54517f4c004d,778.0,1366,Black/African American,Technical/community college,27,Male,Black,United States,United States,United States,English,Yes,Full-Time,BCACBBCACA,0.3,0.0,0.0,positive,Pass,50.0,2.0,3.0,Not Sure,Non-STEM Track,0.0,0.0,black,0,0,1,0,0,0,0,0,0,"Because I'm atrocious at math, especially after graduating a decade ago. ",Have a nice day.,Non-STEM Track,B,D,C,B,A,A,C,C,B,B,B,D,C,A,A,B,C,C,A,D,R,R,R,R,R,R,C,C,C,C,C,0
66059fef7d2576212925f9f9,2499.0,501,White,Undergraduate degree (BA/BSc/other),37,Male,White,United States,United States,United States,English,No,Full-Time,DABBBBDCBC,0.6,0.0,0.0,positive,Pass,80.0,5.0,5.0,Pass Box,STEM Track,0.0,0.0,red,0,0,1,0,0,0,0,0,0,I like it,I liked it. ,STEM Track,D,B,A,D,B,C,B,B,B,A,B,D,D,C,C,A,B,B,C,C,R,R,R,R,R,C,C,C,C,C,C,1
5ffe235ea848b74a3b3ccd07,1344.0,5870,White,Undergraduate degree (BA/BSc/other),40,Male,White,United States,United States,United States,English,No,DATA_EXPIRED,DCDDDCDBAC,0.1,0.0,0.0,negative,Fail,10.0,2.0,2.0,Fail Box,Non-STEM Track,0.0,0.0,black,0,0,1,0,0,0,0,0,0,Because the questions on the first test were ridiculous given I haven't used the type of math required for them in over a decade. And that's coming from someone who works in STEM. Very few fields use that type of algebra on a day to day basis.,Giving people a big algebra-style test without telling them to get pen and paper out or a basic calculator to begin with is pretty poor survey design if you actually want to them to answer the questions properly. I'm 40 and they allowed graphing calculators at the bare minimum since middle school for me.,Non-STEM Track,D,D,C,B,D,A,D,C,D,B,C,D,D,A,B,B,A,C,C,D,R,R,R,C,C,C,C,C,C,C,C,0
6544ff9e0fb2eaaf83e2de5c,609.0,1709,White,Undergraduate degree (BA/BSc/other),62,Female,White,United States,United States,United States,English,No,Other,DBCCABDCAA,0.4,1.0,2.895,negative,Pass,5.0,1.0,3.0,Fail Box,Non-STEM Track,0.0,0.0,red,0,1,0,0,0,0,1,0,0,I thought it may be less challenging.,It was interesting!,Non-STEM Track,D,D,B,B,C,A,C,C,A,B,B,D,D,A,C,B,A,C,A,D,R,R,R,C,C,C,C,C,C,C,C,0
66a403d685b8011f29d8cace,417.0,6,Mixed,Technical/community college,43,Female,Other,United States,United States,United States,English,No,Full-Time,BBBDACBBBA,0.0,0.0,0.0,positive,Fail,50.0,5.0,5.0,Pass Box,Non-STEM Track,0.0,0.0,red,0,0,1,0,0,0,0,0,0,Been awhile since school,Interesting set of questions,Non-STEM Track,B,D,B,B,B,A,D,C,A,B,C,D,B,A,B,B,B,C,A,D,R,R,C,C,C,C,C,C,C,C,C,0
5924f4910a3e3e0001f1018e,549.0,3484,South Asian,Undergraduate degree (BA/BSc/other),47,Male,Asian,United States,United States,United States,English,No,Part-Time,DABBBAACBD,0.4,0.0,0.0,negative,Pass,10.0,1.0,2.0,Pass Box,Non-STEM Track,0.0,0.0,red,0,0,1,0,0,0,0,0,0,I am not good at math. ,My experience was fine throughout this process.,Non-STEM Track,D,D,A,B,B,A,B,C,B,B,A,D,A,A,C,B,B,C,D,D,R,R,R,R,R,C,C,C,C,C,C,0
66f4741301fe3b3ef8362ab8,643.0,8,Rather not say,High school diploma/A-levels,22,Male,White,United States,United States,United States,English,No,DATA_EXPIRED,ACBCBDBCCB,0.5,0.0,0.0,ground,Pass,20.0,1.0,3.0,Pass Box,Non-STEM Track,0.0,0.0,red,0,0,1,0,1,0,0,0,0,I am more interested in the liberal arts,Good.,Non-STEM Track,A,D,C,B,B,A,C,C,B,B,D,D,B,A,C,B,C,C,B,C,R,R,R,R,R,C,C,C,C,C,C,0
66bcc693015b9f04ddf0d858,959.0,99,Mixed,High school diploma/A-levels,35,Female,Other,United States,United States,United States,English,No,Full-Time,DBBCAAAABC,0.0,0.0,0.0,negative,Fail,5.0,0.0,1.0,Fail Box,STEM Track,0.0,0.0,black,0,0,1,0,0,0,0,0,0,Random,Difficult ,STEM Track,D,A,B,D,B,B,C,C,A,A,A,D,A,D,A,C,B,C,C,C,R,R,R,R,C,C,C,C,C,C,C,1
5b1200ffd282ff00015c0154,466.0,2215,East Asian,High school diploma/A-levels,37,Male,Asian,United States,United States,United States,English,No,Full-Time,DAABDBAABA,0.3,0.0,0.0,negative,Pass,10.0,1.0,2.0,Not Sure,Non-STEM Track,0.0,0.0,red,0,1,1,0,0,0,0,0,0,I stink at math and am good at English,"It made me feel dumb, but that's okay.",Non-STEM Track,D,D,A,B,A,A,B,C,D,B,B,D,A,A,A,B,B,C,A,D,R,R,R,C,C,C,C,C,C,C,C,0
66439aa2599ba2e93a6060be,766.0,190,Latino/Hispanic,Undergraduate degree (BA/BSc/other),24,Male,Other,United States,United States,United States,English,No,Unemployed (and job seeking),ACBBDBDCAD,0.5,0.0,0.0,negative,Fail,75.0,7.0,6.0,Fail Box,Non-STEM Track,0.0,0.0,black,1,1,1,0,0,0,0,0,1,"Because it's more guaranteed money due to how STEM can encompass a grand net that, regardless of what I studied, would include things that I could possibly not be prepared for.","It felt simple enough, no real feedback here",Non-STEM Track,A,D,C,A,B,A,B,C,D,B,B,D,D,A,C,B,A,C,D,D,C,R,R,R,R,R,R,C,C,C,C,0
66a965386e7c4019aa30a91c,667.0,21,White,High school diploma/A-levels,40,Female,White,United States,United States,United States,English,No,Part-Time,DCADCACACC,0.1,0.0,0.0,negative,Fail,50.0,6.0,3.0,Fail Box,STEM Track,0.0,0.0,red,0,0,1,0,0,0,0,0,0,I like a challenge ,It was different from other studies I enjoyed it,STEM Track,D,C,C,A,A,C,D,C,C,A,A,A,C,D,A,B,C,B,C,C,R,R,R,R,R,C,C,C,C,C,C,1
66b5830fb162e9d0650ff37d,936.0,25,Middle Eastern,Undergraduate degree (BA/BSc/other),27,Male,White,United States,United States,United States,English,No,DATA_EXPIRED,DABBBBCAAC,0.4,0.0,0.0,ground,Pass,30.0,2.0,2.0,Pass Box,Non-STEM Track,0.0,0.0,red,0,0,1,0,0,0,0,0,0,"I wasn't a STEM student and never excelled at math, so I doubt I would've performed adequately. ",,Non-STEM Track,D,D,A,B,B,A,B,C,B,B,B,D,C,A,A,B,A,C,C,D,R,R,R,R,R,R,C,C,C,C,C,0
656363e1970350a7d45fbb75,1159.0,142,Mixed,Graduate degree (MA/MSc/MPhil/other),34,Female,White,United States,United States,United States,English,No,DATA_EXPIRED,DACCDBAAAA,0.3,0.0,0.0,positive,Fail,0.0,4.0,5.0,Not Sure,Non-STEM Track,0.0,0.0,red,0,1,1,0,0,0,0,0,0,"I didn't know how to answer the first group of questions, so I figured anything else would be better.","The STEM questions were tough for me, but it was fun to try!",Non-STEM Track,D,D,A,B,C,A,C,C,D,B,B,D,A,A,A,B,A,C,A,D,R,R,C,C,C,C,C,C,C,C,C,0
64332b93d1cde024292baf53,917.0,1013,White,High school diploma/A-levels,51,Female,White,United States,United States,United States,English,No,Full-Time,BCCDCADCAC,0.3,0.0,0.0,ground,Pass,10.0,0.0,2.0,Fail Box,Non-STEM Track,0.0,0.0,red,0,0,1,0,0,0,0,0,0,I'm not sure.  ,YIKES!  I was so confused.  I've never done math like that. ,Non-STEM Track,B,A,C,A,C,A,D,C,C,B,A,D,D,A,C,B,A,C,C,D,R,R,R,R,C,C,C,C,C,C,C,0
5edf975930f30b270a6d90c7,323.0,3,White,Undergraduate degree (BA/BSc/other),27,Male,White,United States,United States,United States,English,No,Part-Time,AAAAAAAAAA,0.2,0.0,0.0,ground,Fail,25.0,2.0,3.0,Fail Box,Non-STEM Track,0.0,0.0,black,0,0,1,0,0,0,0,0,0,I suck at math,Made me remember how much I hate math. ,Non-STEM Track,A,D,A,B,A,A,A,C,A,B,A,D,A,A,A,B,A,C,A,C,R,R,R,R,C,C,C,C,C,C,C,0
667ac00c047d4032dcc8c0bf,689.0,76,East Asian,Undergraduate degree (BA/BSc/other),33,Female,Asian,China,United States,United States,Chinese,No,Full-Time,CBBCBACBCB,0.3,0.0,0.0,positive,Pass,10.0,2.0,3.0,Pass Box,Non-STEM Track,0.0,0.0,red,0,0,1,0,0,0,0,0,0,To avoid take more quiz and get it wrong. , math classes somewhat helped me but i can't barely remember most of them,Non-STEM Track,C,C,B,B,B,A,C,B,B,C,A,D,C,A,B,C,C,B,B,A,R,C,C,C,C,C,C,C,C,C,C,0
66639c6e0338018d61a0f486,962.0,253,Middle Eastern,Undergraduate degree (BA/BSc/other),23,Female,Mixed,United States,United States,United States,English,No,Unemployed (and job seeking),AAABDBDCAB,0.7,0.0,0.0,ground,Pass,68.0,8.0,7.0,Pass Box,Non-STEM Track,0.0,0.0,red,0,1,1,0,0,0,0,0,0,I am more confident in my non-STEM abilities ,I would have preferred to have more time for the math questions.,Non-STEM Track,A,D,A,B,A,A,B,C,D,B,B,D,D,A,C,B,A,C,B,D,R,R,R,R,C,C,C,C,C,C,C,0
66afc0d5fc45830162eb750e,1958.0,127,Black/African American,Undergraduate degree (BA/BSc/other),53,Female,Black,United States,United States,United States,English,No,Full-Time,BABBC_____,0.2,0.0,0.0,ground,Fail,50.0,2.0,10.0,Fail Box,STEM Track,0.0,0.0,black,0,0,1,0,0,0,0,0,0,I love math.,"Good experience, no problems.",STEM Track,B,B,A,D,B,D,B,,C,,,,,,,,,,,,R,C,C,C,C,C,C,C,C,C,C,1
59e8b9e96100f9000194a7fb,776.0,4,Mixed,Secondary education (e.g. GED/GCSE),33,Female,Mixed,United States,United States,United States,English,No,Unemployed (and job seeking),DBACABCBCD,0.2,0.0,0.0,negative,Pass,10.0,1.0,1.0,Pass Box,Non-STEM Track,0.0,0.0,red,0,0,1,0,0,0,0,0,0,Math is not my strong suit,It was interesting ,Non-STEM Track,D,D,B,B,A,A,C,C,A,B,B,D,C,A,B,B,C,C,D,D,R,R,R,R,R,C,C,C,C,C,C,0
5e862ffe5c1f8424c8d03c25,1171.0,75,Mixed,Technical/community college,32,Female,Mixed,United States,United States,United States,English,No,Unemployed (and job seeking),AACBBBDCDB,0.9,0.0,0.0,ground,Pass,70.0,5.0,5.0,Pass Box,STEM Track,0.0,0.0,red,0,0,1,1,1,1,0,0,0,"I wanted to see how far my knowledge extends, given my age and being out of practice.",,STEM Track,A,B,A,D,C,C,B,A,B,A,B,D,D,C,C,A,D,B,B,C,R,R,R,R,R,C,R,C,C,C,C,1
60de6e510a35511890793ba4,1140.0,393,Middle Eastern,Undergraduate degree (BA/BSc/other),24,Male,Other,United States,United States,United States,Arabic,No,Full-Time,AADBBBDCCB,0.9,0.0,0.0,positive,Pass,95.0,9.0,8.0,Pass Box,STEM Track,0.0,0.0,red,0,0,1,0,0,0,0,0,0,"I like STEM and having to solve problems, especially math related.",It was really fun and would love to do more studies like this!!!!!,STEM Track,A,B,A,B,D,C,B,A,B,A,B,D,D,C,C,,C,C,B,C,R,R,R,R,R,R,R,R,C,C,C,1
5b2a37ee5b5c0900018b0ca5,445.0,2333,White,Undergraduate degree (BA/BSc/other),60,Female,White,United States,United States,United States,English,No,Full-Time,DCBBAABABA,0.1,0.0,0.0,positive,Pass,10.0,1.0,0.0,Pass Box,Non-STEM Track,0.0,0.0,black,0,0,1,0,0,0,0,0,0,Not so great at math,Math was too hard ,Non-STEM Track,D,D,C,B,B,A,B,C,A,B,A,D,B,A,A,B,B,C,A,D,R,R,R,R,R,R,R,C,C,C,C,0
66d9ac1f7e6ebe7d5f9c0991,934.0,9,Black/African American,Graduate degree (MA/MSc/MPhil/other),35,Female,Black,United States,United States,United States,English,No,Full-Time,DADBAACCBB,0.4,0.0,0.0,ground,Pass,20.0,3.0,4.0,Pass Box,Non-STEM Track,0.0,0.0,red,0,0,1,0,0,0,0,0,1,The time I had to answer the question. you had 10 mins to answer 10 questions and non stem question would be easier with the time given,it was ok,Non-STEM Track,D,D,A,B,D,A,B,C,A,B,A,D,C,A,C,B,B,C,B,D,R,C,C,C,C,C,C,C,C,C,C,0
6073ad2cd288215f64f51efa,326.0,4350,South Asian,Graduate degree (MA/MSc/MPhil/other),33,Male,White,United States,United States,United States,English,No,Full-Time,BACADBCBDB,0.4,0.0,0.0,positive,Pass,50.0,3.0,2.0,Pass Box,Non-STEM Track,0.0,0.0,black,0,0,1,0,0,0,0,0,0,Been a long day and wanted something I was more comfortable with,It was great.,Non-STEM Track,B,D,A,A,C,A,A,C,D,B,B,A,C,A,B,B,D,C,B,D,R,R,R,R,R,R,C,C,C,C,C,0
664fe69f49d37def14a294f3,303.0,33,White,Undergraduate degree (BA/BSc/other),31,Male,White,United States,United States,United States,English,No,Full-Time,BABCDCBABA,0.1,0.0,0.0,negative,Fail,40.0,3.0,10.0,Pass Box,Non-STEM Track,0.0,0.0,black,0,1,1,0,0,0,0,0,0,I felt I would know more.,None.,Non-STEM Track,B,D,A,B,B,A,C,C,D,B,C,D,B,A,A,B,B,C,A,D,R,R,R,R,R,R,R,R,C,C,C,0
5f29dfe7512c2817f7957e1a,1354.0,1302,Black/African American,Graduate degree (MA/MSc/MPhil/other),26,Female,Black,United States,United States,United States,English,Yes,Full-Time,AAABDCDCB_,0.5,0.0,0.0,ground,Fail,75.0,7.0,6.0,Not Sure,Non-STEM Track,0.0,0.0,black,0,0,1,0,0,0,0,0,0,Wanted something different.,Good,Non-STEM Track,A,D,A,B,A,A,B,C,D,B,C,D,D,A,C,B,B,C,,D,R,R,R,R,R,R,R,C,C,C,C,0
6020eeadf4c4d470d3ed246f,815.0,29,White,Technical/community college,39,Female,White,United States,United States,United States,English,No,"Not in paid work (e.g. homemaker', 'retired or disabled)",DABBDB____,0.3,0.0,0.0,positive,Fail,50.0,4.0,5.0,Fail Box,Non-STEM Track,0.0,0.0,red,0,0,1,0,0,0,0,0,0,I was going too slow at the STEM questions and i didn't have any paper or a calculator,This has shown me I really need to go back to school.,Non-STEM Track,D,D,A,B,B,A,B,C,D,B,B,D,,A,,B,,C,,D,R,R,R,R,R,R,R,C,C,C,C,0
5b18248744127b00013f90ce,850.0,4300,White,Undergraduate degree (BA/BSc/other),30,Male,White,United States,United States,United States,English,No,Full-Time,DABCBBDCCB,0.7,0.0,0.0,negative,Pass,85.0,5.0,4.0,Pass Box,STEM Track,0.0,0.0,red,0,0,1,0,0,0,0,0,0,I felt confident I could answer at least 4 questions correctly and get the higher bonus.,No feedback.,STEM Track,D,B,A,B,B,C,C,C,B,A,B,D,D,C,C,A,C,B,B,C,R,R,R,R,R,C,C,C,C,C,C,1
666b4439752ed005b7514383,630.0,335,South Asian,Graduate degree (MA/MSc/MPhil/other),35,Male,Asian,United States,United States,United States,English,No,Full-Time,DACBDDAABC,0.3,0.0,0.0,ground,Fail,75.0,7.0,6.0,Fail Box,Non-STEM Track,0.0,0.0,black,0,0,1,0,1,0,0,0,0,I didnt want to risk 0,no.,Non-STEM Track,D,D,A,B,C,A,B,C,D,B,D,D,A,A,A,D,B,C,C,D,R,R,R,R,R,R,C,C,C,C,C,0
5ec79b5033c65502ce2acade,634.0,1990,White,Undergraduate degree (BA/BSc/other),24,Male,White,United States,United States,United States,English,Yes,DATA_EXPIRED,CAACBCDBBB,0.4,0.0,0.0,negative,Pass,50.0,3.0,4.0,Fail Box,Non-STEM Track,0.0,0.0,red,0,0,1,0,0,0,0,0,0,Because the first set of questions were quite hard,My experience was good. I do not have anything meaningful to add.,Non-STEM Track,C,D,A,B,A,A,C,C,B,B,C,A,D,A,B,B,B,C,B,D,R,R,R,R,R,C,R,C,C,C,C,0
666c86f7f5f40814f41f7db9,631.0,216,White,High school diploma/A-levels,21,Female,White,United States,United States,United States,English,Yes,DATA_EXPIRED,CACCCDACCB,0.5,0.0,0.0,negative,Pass,50.0,3.0,4.0,Fail Box,Non-STEM Track,0.0,0.0,red,0,0,1,0,0,0,0,0,0,I am much better at writing than I am at math. ,,Non-STEM Track,C,D,A,B,C,A,C,C,C,B,D,D,A,A,C,B,C,C,B,D,R,R,C,C,C,C,C,C,C,C,C,0
61085d4d8b0fc852f4b8cc5b,667.0,295,White,Undergraduate degree (BA/BSc/other),25,Female,White,United States,United States,United States,English,Yes,Other,BABBBBDAAA,0.5,0.0,0.0,positive,Fail,80.0,7.0,6.0,Fail Box,STEM Track,0.0,0.0,red,0,0,1,0,0,0,0,0,0,I thought I could pass the test,Good,STEM Track,B,B,A,D,B,C,B,B,B,A,B,D,D,C,A,A,A,C,A,C,R,R,R,R,R,C,C,C,C,C,C,1
667b0207aa45819cfc27e751,1141.0,12,Black/African American,Undergraduate degree (BA/BSc/other),24,Male,Black,United States,United States,United States,English,No,Other,BDBABADAAA,0.2,0.0,0.0,negative,Fail,50.0,5.0,5.0,Not Sure,STEM Track,1.0,1.804,black,1,0,0,0,0,0,0,0,0,Curiosity,Awesome,STEM Track,B,A,D,D,B,C,A,C,B,A,A,B,D,D,A,A,A,B,A,A,R,R,R,C,C,C,C,C,C,C,C,1
6658b337cb2020d6b19f88d9,512.0,220,East Asian,Undergraduate degree (BA/BSc/other),29,Female,Asian,China,United States,United States,English,No,"Not in paid work (e.g. homemaker', 'retired or disabled)",BCBBCCADCA,0.2,0.0,0.0,positive,Pass,5.0,1.0,2.0,Fail Box,Non-STEM Track,0.0,0.0,red,1,0,1,0,0,0,0,0,0,I chose non-STEM because my schooling was not focused in STEM.,I don't think I did well with the math problems but the last portion was much easier.,Non-STEM Track,B,D,C,B,B,A,B,C,C,B,C,D,A,A,D,B,C,C,A,A,R,R,R,R,R,R,C,C,C,C,C,0
66ad75302bba5cdc6b55c5c8,1332.0,23,Black/African American,Undergraduate degree (BA/BSc/other),35,Female,Black,United States,United States,United States,English,Yes,Part-Time,ACBCCCCACC,0.2,0.0,0.0,ground,Pass,30.0,3.0,1.0,Fail Box,STEM Track,0.0,0.0,red,0,1,0,0,0,0,0,0,0,To challenge myself.,It was a great experience for me. It challenged me. No feedback.,STEM Track,A,C,C,C,B,C,C,C,C,C,C,B,C,D,A,C,C,D,C,B,R,R,R,R,R,C,C,C,C,C,C,1
5f04bd7038cbb210b85195fd,687.0,1214,White,Undergraduate degree (BA/BSc/other),40,Female,White,United States,United States,United States,English,No,Unemployed (and job seeking),BACBDBDCAC,0.6,0.0,0.0,ground,Pass,55.0,4.0,5.0,Pass Box,Non-STEM Track,0.0,0.0,red,0,0,1,0,0,0,0,0,0,I found the math questions very difficult and know that my non-STEM skills are typically stronger.,"As mentioned above, I found the math questions very challenging. It was discouraging to feel a bit stupid as I'm trying to figure out how to even start to answer the questions.",Non-STEM Track,B,D,A,B,C,A,B,C,D,B,B,D,D,A,C,B,A,C,C,D,R,R,R,R,C,C,C,C,C,C,C,0
5f052fd4e9163a8320120e43,455.0,1335,White,Undergraduate degree (BA/BSc/other),35,Female,White,United States,United States,United States,English,No,Part-Time,BCBDDCBACB,0.2,0.0,0.0,ground,Fail,50.0,2.0,3.0,Fail Box,Non-STEM Track,0.0,0.0,black,0,0,1,0,0,0,0,0,0,Those questions are hard for me.,It went well.,Non-STEM Track,B,D,C,B,B,A,D,C,D,B,C,D,B,A,A,B,C,C,B,D,R,R,R,R,C,C,C,C,C,C,C,0
58cb138127e23a0001b4fb5d,766.0,2635,Latino/Hispanic,Undergraduate degree (BA/BSc/other),61,Female,Mixed,United States,United States,United States,English,No,Full-Time,DCBCBCCCBC,0.2,0.0,0.0,ground,Pass,1.0,0.0,1.0,Not Sure,Non-STEM Track,0.0,0.0,red,0,0,1,0,0,0,0,0,0,Because I'm terrible at math.,I guessed all of the math questions because I'm terrible at math. My last math course was Statistics in college over 40 years ago.,Non-STEM Track,D,D,C,B,B,A,C,C,B,B,C,D,C,A,C,B,B,C,C,D,R,R,R,C,C,C,C,C,C,C,C,0
668b4d070be8f04729bd5fb7,574.0,362,White,High school diploma/A-levels,43,Male,White,United States,United States,United States,English,No,Full-Time,DACBDABABB,0.4,0.0,0.0,positive,Pass,50.0,3.0,2.0,Fail Box,Non-STEM Track,0.0,0.0,red,0,0,1,0,0,0,0,0,0,I have not done that type of math in a while and felt like my current skills would fit different questions better.,,Non-STEM Track,D,D,A,B,C,A,B,C,D,B,A,D,B,A,A,B,B,C,B,D,R,R,R,R,R,C,C,C,C,C,C,0
66edfcde8ccf64ce2bb4d3e0,1381.0,12,White,Graduate degree (MA/MSc/MPhil/other),58,Female,White,United Kingdom,United States,United States,English,No,Full-Time,BABDDABAAC,0.1,0.0,0.0,ground,Fail,80.0,7.0,7.0,Fail Box,STEM Track,0.0,0.0,black,0,1,1,0,1,0,0,0,0,Stem is the new way of education moving forward,none,STEM Track,B,A,A,C,B,C,D,A,D,B,A,C,B,A,A,A,A,A,C,C,R,R,R,R,R,R,R,C,C,C,C,1
6631a2d22bcd9ccaf132b90a,1592.0,292,Native American or Alaskan Native,Undergraduate degree (BA/BSc/other),40,Female,Other,United States,United States,United States,English,No,Part-Time,BCCABBDAAB,0.5,0.0,0.0,negative,Pass,50.0,3.0,4.0,Pass Box,STEM Track,0.0,0.0,red,0,0,1,0,0,0,0,0,0,I enjoy math and science. ,"It went well, but the equations were really hard for the amount of time I had. ",STEM Track,B,C,C,A,C,A,A,D,B,B,B,D,D,C,A,B,A,B,B,C,R,R,C,R,C,C,C,C,C,C,C,1
66a418d30633a5522466bcfc,644.0,144,White,Undergraduate degree (BA/BSc/other),49,Female,White,United States,United States,Poland,English,No,"Not in paid work (e.g. homemaker', 'retired or disabled)",DABCDDBABB,0.2,0.0,0.0,ground,Fail,20.0,5.0,5.0,Fail Box,Non-STEM Track,0.0,0.0,black,0,0,1,0,0,0,0,0,0,I am better at non-stem related subjects. ,It was fun.,Non-STEM Track,D,D,A,B,B,A,C,C,D,B,D,D,B,A,A,B,B,C,B,D,R,R,R,C,C,C,C,C,C,C,C,0
66ea401fa9604d4b2e8a80e0,1546.0,12,White,Graduate degree (MA/MSc/MPhil/other),63,Female,White,Ukraine,United States,United States,Russian,No,Full-Time,DABCB_____,0.2,0.0,0.0,negative,Fail,5.0,2.0,4.0,Pass Box,STEM Track,0.0,0.0,black,0,0,1,0,0,0,0,0,0,I was good in math ( 40 years ago :-),"Great study. Wake up call for me! Time to go ""back to school"" to relearn basic math. Thank you!",STEM Track,D,B,A,,B,B,C,C,B,A,,C,,C,,,,B,,,R,R,R,R,R,R,C,C,C,C,C,1
63e54d97fa5c58916e667110,944.0,486,White Sephardic Jew,Secondary education (e.g. GED/GCSE),40,Male,White,United States,United States,United States,English,No,Due to start a new job within the next month,BAACDBDBBB,0.4,0.0,0.0,ground,Fail,25.0,5.0,8.0,Fail Box,Non-STEM Track,0.0,0.0,black,0,0,1,0,0,0,0,0,0,Because the initial questions were Algebra 2 questions and I have not done math in over 15 years. I did not want to have my bonus based on that again so I chose the option for .20 per correct hoping to get something.,"good, first set of questions was stressful though.",Non-STEM Track,B,D,A,B,A,A,C,C,D,B,B,D,D,A,B,B,B,C,B,D,R,R,R,R,R,R,C,C,C,C,C,0
66288972d0b9059cc9082a4c,463.0,397,White,Technical/community college,57,Male,White,United States,United States,United States,English,No,Full-Time,ACBCCCBCBB,0.3,0.0,0.0,positive,Fail,30.0,4.0,5.0,Pass Box,STEM Track,0.0,0.0,red,0,0,1,0,0,0,0,0,0,SCIENCE!,Enjoyed seeing the math again.,STEM Track,A,B,C,C,B,A,C,C,C,C,C,D,B,B,C,B,B,A,B,D,R,R,R,R,R,R,R,R,C,C,C,1
63bf8a649931574320e98357,1116.0,4430,South East Asian,Graduate degree (MA/MSc/MPhil/other),32,Male,Asian,United States,United States,United States,English,DATA_EXPIRED,DATA_EXPIRED,DACCBBDBB_,0.5,0.0,0.0,negative,Fail,50.0,6.0,6.0,Pass Box,STEM Track,0.0,0.0,black,0,0,1,0,0,0,0,0,0,I went to school for a STEM education and my current career is in STEM.,This was a long process. I recommend making this survey shorter.,STEM Track,D,B,A,D,C,C,C,C,B,A,B,B,D,C,B,A,B,C,,C,R,R,R,R,R,C,C,C,C,C,C,1
63d3f9de61039d451f5601cf,665.0,4475,White,Graduate degree (MA/MSc/MPhil/other),34,Female,White,United States,United States,United States,English,No,Full-Time,AADCCADBCB,0.5,0.0,0.0,ground,Pass,33.0,3.0,5.0,Pass Box,Non-STEM Track,0.0,0.0,red,0,0,1,0,0,0,0,0,0,"I was feeling like the STEM would be more math, and I wasnt feeling very strong in my mental math",the math questions were stressfull,Non-STEM Track,A,D,A,B,D,A,C,C,C,B,A,D,D,A,B,B,C,C,B,D,R,R,R,R,C,C,C,C,C,C,C,0
6642463d44cfca730a03301f,758.0,470,White,Technical/community college,23,Female,White,United States,United States,United States,English,Yes,Unemployed (and job seeking),BACBABCDAB,0.5,0.0,0.0,positive,Pass,50.0,5.0,5.0,Fail Box,Non-STEM Track,0.0,0.0,red,0,0,1,0,0,0,0,0,0,I am not that great at math,No,Non-STEM Track,B,A,A,B,C,A,B,C,A,B,B,D,C,A,D,C,A,C,B,B,R,R,R,R,C,C,C,C,C,C,C,0
66c3ed034cb6e25a0018514e,1159.0,25,Black/African American,Technical/community college,30,Female,Asian,United States,United States,United States,English,Yes,Full-Time,BACBADCADC,0.3,0.0,0.0,positive,Fail,55.0,4.0,4.0,Fail Box,Non-STEM Track,0.0,0.0,red,0,0,1,0,0,0,0,0,0,It is what I felt like taking because I know STEM school work on figures a lot which I am not good at,no,Non-STEM Track,B,D,A,B,C,A,B,D,A,B,D,D,C,B,A,D,D,C,C,C,R,R,R,R,R,C,C,C,C,C,C,0
5f95a44920f542417f4263cb,818.0,896,Latino/Hispanic,High school diploma/A-levels,26,Male,Other,United States,United States,United States,English,No,"Not in paid work (e.g. homemaker', 'retired or disabled)",CABBCADBAB,0.4,0.0,0.0,positive,Pass,40.0,6.0,4.0,Pass Box,Non-STEM Track,0.0,0.0,red,0,0,1,0,0,0,0,0,0,I was not confident in remembering the math concepts that reappeared here for me. I was banking on something to do with English popping up.,"The STEM questions were a bit hard, but I gave them enough of an effort to not be sure if I was just guessing or actually remembering how to solve them.",Non-STEM Track,C,D,A,B,B,A,B,C,C,B,A,D,D,A,B,B,A,C,B,D,R,R,R,C,C,C,C,C,C,C,C,0
656009a284706961654d6a96,1447.0,16,Mixed,Undergraduate degree (BA/BSc/other),48,Female,Black,United States,United States,United States,English,No,Part-Time,BCABA_____,0.1,0.0,0.0,positive,Fail,2.0,2.0,2.0,Pass Box,Non-STEM Track,0.0,0.0,red,0,0,1,0,0,0,0,0,0,I just decided to pick non-stem track,My experience was okay. ,Non-STEM Track,B,D,C,B,A,A,B,C,A,B,,D,,A,,B,,C,,D,R,C,C,C,C,C,C,C,C,C,C,0
62bbcce64f644bd5698c9422,911.0,2947,White,Technical/community college,45,Male,White,United States,United States,United States,English,DATA_EXPIRED,Full-Time,AADBBBDBCB,0.8,0.0,0.0,positive,Pass,90.0,7.0,8.0,Fail Box,Non-STEM Track,0.0,0.0,red,0,0,1,0,0,0,0,0,0,"It was hard enough trying to do the first part under pressure of the timer, I did not want to try again.",It all went well and I enjoyed it very much,Non-STEM Track,A,D,A,B,D,A,B,C,B,B,B,D,D,A,B,B,C,C,B,D,R,R,C,C,C,C,C,C,C,C,C,0
5e3461bd8ec4fc0230fef43a,894.0,2851,White,Undergraduate degree (BA/BSc/other),76,Male,White,United States,United States,United States,English,No,"Not in paid work (e.g. homemaker', 'retired or disabled)",DADDCACBBB,0.2,0.0,0.0,negative,Fail,20.0,3.0,5.0,Fail Box,Non-STEM Track,0.0,0.0,red,0,0,1,0,0,0,0,0,0,I have a spectacular vocabulary.,STEM was tough. Vocab a piece of cake. Thanks for the study.,Non-STEM Track,D,D,A,B,D,A,D,C,C,B,A,D,C,A,B,B,B,C,B,D,R,C,C,C,C,C,C,C,C,C,C,0
663f8b8c5491cf738a5d35db,389.0,578,Mixed,Undergraduate degree (BA/BSc/other),31,Female,Mixed,United States,United States,United States,English,No,Unemployed (and job seeking),BCBDADBDBA,0.0,0.0,0.0,negative,Fail,20.0,3.0,5.0,Fail Box,Non-STEM Track,0.0,0.0,red,0,0,1,0,0,0,0,0,0,I suspected it would be easier for me / requires less effort.,"I enjoyed the non-STEM quiz, but not the math.",Non-STEM Track,B,D,C,B,B,A,D,C,A,B,D,D,B,A,D,B,B,C,A,D,R,R,R,R,R,C,C,C,C,C,C,0
6107940dd15a7e73888abc62,939.0,731,Mixed,Undergraduate degree (BA/BSc/other),27,Female,Mixed,United States,United States,United States,English,Yes,Full-Time,DABCBDCBAA,0.2,0.0,0.0,negative,Fail,0.0,3.0,5.0,Fail Box,Non-STEM Track,0.0,0.0,black,0,0,1,0,0,0,0,0,0,I chose the Non-Stem Track because I am not good at STEM but I have always done well in non-stem subjects.,My experience taking the stem track was stressful because I couldn't remember how to solve some of those types of questions and it reminded me of how I felt back in school.,Non-STEM Track,D,D,A,B,B,A,C,C,B,B,D,D,C,A,B,B,A,C,A,C,R,R,C,C,C,C,C,C,C,C,C,0
66da3f07b1ff5e8145e12657,333.0,13,Mixed,Technical/community college,47,Female,Other,United States,United States,United States,English,No,Full-Time,BACDDACDAB,0.3,0.0,0.0,ground,Fail,1.0,0.0,7.0,Fail Box,Non-STEM Track,0.0,0.0,black,0,1,0,0,0,0,0,0,0,was my parents choice,the math was unexpected ,Non-STEM Track,B,D,A,B,C,A,D,C,D,B,A,A,C,A,D,B,A,C,B,D,R,R,R,R,R,C,C,C,C,C,C,0
66df47a9c26ea6aa4a71fc0f,751.0,40,South Asian,Undergraduate degree (BA/BSc/other),63,Male,Asian,India,United States,United States,English,No,Full-Time,DCBDACDAAC,0.1,0.0,0.0,ground,Fail,0.0,0.0,2.0,Fail Box,Non-STEM Track,0.0,0.0,black,1,1,0,0,0,0,0,0,0,No particular reason ,No,Non-STEM Track,D,D,C,B,B,A,D,C,A,B,C,D,D,A,A,B,A,C,C,D,R,R,R,R,R,C,C,C,C,C,C,0
60f880007ca7b1a971cd271c,2115.0,481,White Sephardic Jew,High school diploma/A-levels,38,Female,White,United States,United States,United States,English,No,Full-Time,BDB_______,0.0,1.0,7.092,negative,Fail,40.0,6.0,5.0,Fail Box,Non-STEM Track,0.0,0.0,black,0,0,1,0,0,0,0,0,0,Math isn't my strongest subject so I was worried I wouldn't be able to answer the questions correctly.,I found the math questions very challenging but the survey was interesting.,Non-STEM Track,B,D,D,B,B,A,,C,,B,,D,,A,,B,,C,,D,R,C,C,C,C,C,C,C,C,C,C,0
60641cdc8536a607a60e0612,1917.0,684,Latino/Hispanic,High school diploma/A-levels,21,Female,Other,United States,United States,United States,Spanish,No,Other,AABBBBDCAB,0.8,0.0,0.0,ground,Fail,90.0,9.0,10.0,Fail Box,STEM Track,0.0,0.0,black,0,0,1,0,0,0,0,0,0,It felt easier to understand and do.,it was simple,STEM Track,A,B,A,A,B,C,B,A,B,A,B,D,D,C,C,A,A,B,B,C,R,R,R,R,C,C,C,C,C,C,C,1
6643c5d1c53f7ffbef7b96e0,291.0,12,White,High school diploma/A-levels,33,Female,White,United States,United States,United States,English,No,Full-Time,DABBDCDCBA,0.4,0.0,0.0,ground,Pass,10.0,5.0,3.0,Pass Box,Non-STEM Track,0.0,0.0,red,0,1,1,1,0,0,0,0,0,Wasn't sure if I would know the answer.,No it was clear.,Non-STEM Track,D,D,A,B,B,A,B,C,D,B,C,D,D,A,C,B,B,C,A,D,R,R,C,C,C,C,C,C,C,C,C,0
66bf8af89823f6ea72d66573,1736.0,101,Black/African American,Undergraduate degree (BA/BSc/other),23,Female,Black,United States,United States,United States,English,No,Full-Time,ACDBABDBAA,0.4,0.0,0.0,negative,Fail,70.0,8.0,9.0,Pass Box,Non-STEM Track,0.0,0.0,red,0,0,0,0,0,0,1,0,0,"I chose the non-stem track because it does not correspond with my educational background and as such, i lack adequate information on its related courses.",It was a good experience to learn.,Non-STEM Track,A,D,C,B,D,A,B,C,A,B,B,D,D,A,B,B,A,C,A,D,R,R,C,C,C,C,C,C,C,C,C,0
600e0095145338647568af91,990.0,750,White,Undergraduate degree (BA/BSc/other),53,Male,White,United States,United States,United States,English,No,Full-Time,DABDDADBDB,0.3,0.0,0.0,ground,Pass,50.0,1.0,2.0,Pass Box,STEM Track,0.0,0.0,red,0,1,0,0,0,0,0,0,0,I was hoping for some science questions.  Math isn’t my strong suit.,stressful,STEM Track,D,B,A,C,B,A,D,B,D,B,A,D,D,C,B,B,D,A,B,B,R,R,R,R,R,C,C,C,C,C,C,1
66294b3fb5ddd7c7e15fd6e6,698.0,109,White,Technical/community college,51,Female,White,United States,United States,United States,English,No,Full-Time,DACCBBDCCC,0.7,0.0,0.0,ground,Pass,25.0,2.0,3.0,Pass Box,Non-STEM Track,0.0,0.0,red,0,0,1,0,0,0,0,0,0,I suck at STEM,"the STEM part was annoying, but the rest was ok",Non-STEM Track,D,D,A,B,C,A,C,C,B,B,B,D,D,A,C,B,C,C,C,D,R,R,R,R,R,C,C,C,C,C,C,0
60f780f13d153d16a6d4a3a0,947.0,698,Black/African American,High school diploma/A-levels,42,Female,Black,United States,United States,United States,English,No,Full-Time,DAABBC_BBC,0.3,0.0,0.0,ground,Fail,25.0,2.0,5.0,Fail Box,Non-STEM Track,0.0,0.0,black,0,0,1,0,0,0,0,0,0,I am terrible at Math,Pleasant ,Non-STEM Track,D,D,A,B,A,A,B,C,B,B,C,D,,A,B,B,B,C,C,C,R,R,R,R,R,R,R,R,R,R,C,0
60c76fb5887b0728245b0695,511.0,3381,White,Graduate degree (MA/MSc/MPhil/other),72,Female,White,United States,United States,United States,English,No,Other,DDDDDDDDDD,0.1,0.0,0.0,positive,Pass,0.0,0.0,1.0,Fail Box,Non-STEM Track,0.0,0.0,red,0,0,1,0,0,0,0,0,0,I detest math and would have not done this survey if I'd known.,frustrating since you misled me,Non-STEM Track,D,D,D,B,D,A,D,C,D,B,D,D,D,A,D,B,D,C,D,D,R,R,R,R,C,R,C,R,R,C,C,0
666c46b6444950c3ade659b3,690.0,66,Black/African American,Undergraduate degree (BA/BSc/other),36,Female,Black,United States,United States,United States,English,No,Full-Time,BDDDBDADAB,0.2,0.0,0.0,positive,Fail,1.0,5.0,5.0,Pass Box,Non-STEM Track,0.0,0.0,red,0,1,1,0,1,0,0,0,0,I just didn't want to do a Stem track test. ,,Non-STEM Track,B,D,D,B,D,A,D,C,B,B,D,D,A,A,D,B,A,C,B,D,R,R,R,R,R,R,R,C,C,C,C,0
63d1564c61aebfe6f8b38847,641.0,258,White,High school diploma/A-levels,55,Female,White,United States,United States,United States,English,No,Other,CDCBDCCDCC,0.3,0.0,0.0,ground,Fail,10.0,10.0,10.0,Fail Box,Non-STEM Track,0.0,0.0,black,0,0,1,0,0,0,0,0,0,Just more familiar ,Challenges ,Non-STEM Track,C,A,D,B,C,A,B,C,D,B,C,D,C,A,D,D,C,C,C,B,R,R,R,C,C,C,C,C,C,C,C,0
5c49d511cdb1b7000103af85,654.0,132,White,Graduate degree (MA/MSc/MPhil/other),60,Female,White,United States,United States,United States,English,No,DATA_EXPIRED,DACCDCBDAB,0.3,0.0,0.0,positive,Fail,10.0,2.0,5.0,Fail Box,Non-STEM Track,0.0,0.0,red,0,0,1,0,0,0,0,0,0,I'm terrible at math.,Got a little nervous with the math but no problems with the actual test.,Non-STEM Track,D,D,A,B,C,A,C,C,D,B,C,D,B,A,D,B,A,C,B,D,R,R,R,C,C,C,C,C,C,C,C,0
5f0e053325c53a0ae3436e02,967.0,109,South East Asian,Undergraduate degree (BA/BSc/other),57,Female,Asian,Singapore,United States,United States,English,No,Full-Time,DCCC_BABBB,0.3,0.0,0.0,negative,Pass,5.0,1.0,1.0,Pass Box,Non-STEM Track,0.0,0.0,red,0,0,1,0,0,0,0,0,0,Math is my weak subject,Hard & Intense for me as I am weak in math. Using my brain cells.,Non-STEM Track,D,D,C,B,C,A,C,C,,B,B,D,A,A,B,B,B,C,B,B,R,R,R,R,R,C,C,C,C,C,C,0
66f1144bc26128cdebfa334c,142.0,5,Black/African American,No formal qualifications,21,Female,White,United States,United States,United States,English,No,Unemployed (and job seeking),CBAAACBDDB,0.1,0.0,0.0,positive,Fail,70.0,3.0,2.0,Fail Box,Non-STEM Track,0.0,0.0,red,0,0,0,0,0,0,1,0,0,,,Non-STEM Track,C,B,B,A,A,A,A,A,A,A,C,A,B,B,D,C,D,C,B,C,C,C,R,C,R,R,C,R,C,C,R,0
56f29ff9ed0cf6000691157f,977.0,992,White,Technical/community college,41,Male,White,United States,United States,United States,English,No,Full-Time,DACCDBAACA,0.4,0.0,0.0,ground,Fail,40.0,3.0,5.0,Fail Box,Non-STEM Track,0.0,0.0,black,0,0,1,0,0,0,0,0,0,"Because I was fairly confident I could get all the questions right, whereas with the STEM track I wasn't confident I could get the 5 right to pass.",It was okay. Definitely a lot worse in math than I used to be. ,Non-STEM Track,D,D,A,B,C,A,C,C,D,B,B,D,A,A,A,B,C,C,A,D,R,R,C,C,C,C,C,C,C,C,C,0
5cbe2edd577eb000184124b9,436.0,1142,Black/African American,Technical/community college,24,Female,Black,United States,United States,United States,English,DATA_EXPIRED,Unemployed (and job seeking),CCCCCCCBAC,0.1,0.0,0.0,negative,Pass,10.0,0.0,0.0,Pass Box,STEM Track,0.0,0.0,red,0,0,1,0,0,0,0,0,0,im horrible at math so i know it got them all wrong ,"fine, and no",STEM Track,C,B,C,D,C,B,C,A,C,D,C,D,C,A,B,D,A,B,C,D,R,R,R,R,R,C,C,C,C,C,C,1
6632d54e8e0d4661a148acf9,459.0,574,White,Undergraduate degree (BA/BSc/other),45,Male,White,United States,United States,United States,English,No,Full-Time,DABDBCCCBA,0.3,0.0,0.0,positive,Pass,2.0,1.0,1.0,Fail Box,Non-STEM Track,0.0,0.0,red,0,0,1,0,0,0,0,0,0,"Math is not my jam, I can read all day",I had a great time once I was done with the math problems.,Non-STEM Track,D,D,A,B,B,A,D,C,B,B,C,D,C,A,C,B,B,C,A,D,R,R,R,C,C,C,C,C,C,C,C,0
66a218f455df3fda0c1230c1,1342.0,219,South East Asian,High school diploma/A-levels,21,Female,Asian,United States,United States,United States,English,No,Part-Time,_A_ABBDC_A,0.5,1.0,2.032,ground,Pass,40.0,7.0,5.0,Pass Box,STEM Track,0.0,0.0,red,0,1,0,0,0,0,0,0,0,I enjoy solving math problems.,This process was very smooth.,STEM Track,,B,A,,,C,A,A,B,A,B,D,D,C,C,A,,B,A,C,R,R,R,R,R,R,R,C,C,C,C,1
662ae95388403e308b37514d,517.0,313,White,Undergraduate degree (BA/BSc/other),48,Female,White,United States,United States,United States,English,No,Full-Time,BBCBABBCCB,0.6,0.0,0.0,ground,Pass,50.0,3.0,5.0,Pass Box,Non-STEM Track,0.0,0.0,red,0,0,1,0,0,0,0,0,0,Because I am bad at math,the math was too hard,Non-STEM Track,B,D,B,B,C,A,B,C,A,B,B,D,B,A,C,B,C,C,B,D,R,R,R,R,R,R,R,R,R,R,C,0
55d0d4b334e9060005e57470,644.0,2637,White,Undergraduate degree (BA/BSc/other),38,Female,White,United States,United States,United States,English,No,Full-Time,DAADBABBAA,0.2,0.0,0.0,ground,Fail,20.0,2.0,4.0,Fail Box,Non-STEM Track,0.0,0.0,black,0,0,1,0,0,0,0,0,0,"I am not good with math questions, and was feeling frustrated after that quiz.","It was interesting. The math test was extremely frustrating, but I assume that's the point. ",Non-STEM Track,D,D,A,B,A,A,D,C,B,B,A,D,B,A,B,B,A,C,A,D,R,R,R,R,C,C,C,C,C,C,C,0
66b40d38e496f3b60c9e8139,901.0,81,White,Technical/community college,50,Female,White,United States,United States,United States,English,No,Unemployed (and job seeking),DCDDA_____,0.0,0.0,0.0,positive,Fail,15.0,2.0,3.0,Not Sure,Non-STEM Track,0.0,0.0,red,0,0,1,0,0,0,0,0,0,Math is my weakest skill. Writing is my trade.,That math test was soooo hard! ,Non-STEM Track,D,D,C,B,D,A,D,C,A,B,,D,,A,,B,,C,,D,R,R,R,C,C,C,C,C,C,C,C,0
558ed072fdf99b3a6486371d,553.0,2619,White,Doctorate degree (PhD/other),57,Female,White,United States,United States,United States,English,No,Full-Time,DADCBBCACB,0.5,0.0,0.0,negative,Pass,5.0,2.0,1.0,Pass Box,Non-STEM Track,0.0,0.0,red,0,0,1,0,0,0,0,0,0,I was exhausted trying to remember math I haven't done in 35 years!,It was fine,Non-STEM Track,D,D,A,B,D,A,C,C,B,B,B,D,C,A,A,B,C,C,B,D,R,R,R,R,R,C,C,C,C,C,C,0
66b7f6c214435f12cd1aae02,1573.0,96,Black/African American,High school diploma/A-levels,71,Female,Black,United States,United States,United States,English,No,"Not in paid work (e.g. homemaker', 'retired or disabled)",BDCDAABD__,0.1,0.0,0.0,positive,Fail,2.0,2.0,5.0,Pass Box,STEM Track,0.0,0.0,red,0,0,1,0,0,0,0,0,0,to try to learn more about it,Interesting how much I did not know or remember,STEM Track,B,A,D,C,C,A,D,C,A,C,A,C,B,C,D,C,,B,,C,R,R,R,R,R,C,C,C,C,C,C,1
5f5f457ae16a900375572c32,864.0,779,White,High school diploma/A-levels,35,Male,White,United States,United States,United States,English,No,Full-Time,DAAADBABBB,0.3,0.0,0.0,negative,Pass,60.0,4.0,3.0,Pass Box,STEM Track,0.0,0.0,red,0,0,1,0,0,0,0,0,0,Its easier for me,It was fun!,STEM Track,D,C,A,C,A,C,A,C,D,D,B,D,A,C,B,A,B,D,B,B,R,R,R,R,R,C,C,C,C,C,C,1
662969c1ca8cb33f8644876a,1013.0,193,Black/African American,Graduate degree (MA/MSc/MPhil/other),50,Female,Black,United States,United States,United States,English,No,Full-Time,DADBD_____,0.2,0.0,0.0,ground,Fail,25.0,1.0,5.0,Fail Box,Non-STEM Track,0.0,0.0,black,0,0,1,0,0,0,0,0,0,I didn't think I would have enough time to finish all of the questions.,My experience was that I didn't finish the Stem Track questions and maybe more time should have been given.,Non-STEM Track,D,D,A,B,D,A,B,C,D,B,,D,,A,,B,,C,,D,R,R,R,R,R,R,C,C,C,C,C,0
5dd321de568ca5331021fb2b,485.0,3490,White,Technical/community college,52,Male,White,United States,United States,United States,English,No,Full-Time,CBCCCBCACC,0.3,0.0,0.0,negative,Pass,50.0,2.0,2.0,Fail Box,STEM Track,0.0,0.0,red,0,0,1,0,0,0,0,0,0,"Because I am bad at math anyway, so I figured that I would not stand as good of chance at getting more than a couple correct.","It was fun, I hope I get a bonus.",STEM Track,C,C,B,C,C,C,C,C,C,C,B,C,C,D,A,C,C,C,C,C,R,R,R,C,C,C,C,C,C,C,C,1
5cd068a83b44a700164e9933,1200.0,1699,White,Graduate degree (MA/MSc/MPhil/other),43,Female,White,United States,United States,United States,English,No,Full-Time,DAABBBDCCB,0.8,0.0,0.0,positive,Pass,60.0,5.0,3.0,Pass Box,STEM Track,1.0,14.602,black,0,0,1,0,0,0,0,0,0,I used to be an Algebra teacher.,I had a hard time because I'm tired but I appreciated the less difficult problems and the chance to get a good bonus.,STEM Track,D,B,A,D,A,C,B,A,B,A,B,D,D,C,C,A,C,B,B,C,R,R,R,R,R,C,C,C,C,C,C,1
65b965069a415587a755a7de,1394.0,638,East Asian,Technical/community college,35,Male,Asian,United States,United States,United States,English,DATA_EXPIRED,Full-Time,CBABCDACBC,0.2,0.0,0.0,positive,Fail,30.0,3.0,3.0,Not Sure,STEM Track,0.0,0.0,red,0,0,1,0,0,0,0,0,0,I enjoyed trying to answer complicated math equations.,I found this study both quite interesting and challenging.,STEM Track,C,C,B,A,A,D,B,B,C,C,D,D,A,C,C,D,B,B,C,,R,R,R,R,R,R,C,C,C,C,C,1
632d189d6b8f03d0d3db4c48,669.0,36,White,High school diploma/A-levels,33,Male,White,United States,United States,United States,English,Yes,Unemployed (and job seeking),DAABABACAB,0.5,0.0,0.0,positive,Pass,100.0,5.0,4.0,Pass Box,Non-STEM Track,0.0,0.0,black,0,1,1,0,1,0,0,1,0,I was in a rush,good ,Non-STEM Track,D,D,A,B,A,A,B,C,A,B,B,D,A,A,C,B,A,C,B,D,R,R,R,R,C,C,C,C,C,C,C,0
66d1dda5c2bc8b135dcbc557,1039.0,95,Black/African American,Graduate degree (MA/MSc/MPhil/other),46,Female,Black,United States,United States,United States,English,No,Full-Time,DAA_______,0.1,0.0,0.0,ground,Pass,50.0,2.0,1.0,Fail Box,Non-STEM Track,0.0,0.0,red,0,0,1,0,0,0,0,0,0,STEM are not my strongest subjects,I hadn't done complex math problems in a while so that was pretty stressful especially since it was timed,Non-STEM Track,D,D,A,B,A,A,,C,,B,,D,,A,,B,,C,,D,R,R,R,R,R,C,C,C,C,C,C,0
61095d528d0b97a520a20bd7,319.0,757,White,Technical/community college,40,Female,White,United States,United States,United States,English,Yes,Unemployed (and job seeking),BCADBBCADC,0.2,0.0,0.0,ground,Fail,40.0,2.0,4.0,Fail Box,STEM Track,0.0,0.0,black,0,0,1,0,0,0,0,0,0,I thought it would be interesting,No feedback,STEM Track,B,B,C,C,A,A,D,D,B,C,B,B,C,A,A,C,D,D,C,B,R,R,C,C,C,C,C,C,C,C,C,1
66e8ba86b35cd54fc4fdd970,1631.0,15,White,Secondary education (e.g. GED/GCSE),47,Female,White,United States,United States,United States,English,No,"Not in paid work (e.g. homemaker', 'retired or disabled)",CDDCDCBCBC,0.1,0.0,0.0,positive,Fail,96.0,8.0,10.0,Pass Box,Non-STEM Track,0.0,0.0,red,0,0,1,0,0,0,0,0,0,im not too good in math so i didnt chance more questions that were math just to fail ,math was difficult the rest was cool,Non-STEM Track,C,D,D,B,D,A,C,C,D,B,C,A,B,A,C,B,B,C,C,D,R,R,R,R,R,R,R,R,R,R,C,0
5ded95de4ee10e4632cab59b,456.0,185,White,High school diploma/A-levels,21,Male,White,United States,United States,United States,English,Yes,"Not in paid work (e.g. homemaker', 'retired or disabled)",DAADBBDCBB,0.6,0.0,0.0,negative,Pass,70.0,7.0,6.0,Pass Box,Non-STEM Track,0.0,0.0,red,0,0,1,0,0,0,0,0,0,I am more comfortable outside of stem fields,I enjoyed my experience throughout this process,Non-STEM Track,D,D,A,B,A,A,D,C,B,B,B,D,D,A,C,B,B,C,B,D,R,R,R,R,R,R,R,R,R,C,C,0
65ea01869d4ee8777df1c12d,439.0,512,White,Technical/community college,59,Female,White,United States,United States,United States,English,DATA_EXPIRED,Full-Time,BDABBBBCCC,0.5,0.0,0.0,negative,Pass,45.0,4.0,3.0,Fail Box,Non-STEM Track,0.0,0.0,red,0,0,1,0,0,0,0,0,0,Clearly I answered those more accurately and probably failed the first section,If I knew STEM was involved I probably would have not participated,Non-STEM Track,B,D,D,B,A,A,B,C,B,B,B,D,B,A,C,B,C,C,C,D,R,R,R,R,R,C,C,C,C,C,C,0
5dccb82a76eab294aa4837ff,519.0,2284,White,High school diploma/A-levels,53,Male,White,United States,United States,United States,English,No,"Not in paid work (e.g. homemaker', 'retired or disabled)",DCBBAAAAAA,0.1,0.0,0.0,positive,Fail,10.0,4.0,3.0,Not Sure,Non-STEM Track,0.0,0.0,red,0,0,1,0,0,0,0,0,0, The math questions were really hard for me. It's been years since I've had to solve any sort of complex equations. , I was anxious and frustrated during the math test.,Non-STEM Track,D,D,C,B,B,A,B,C,A,B,A,D,A,A,A,B,A,C,A,D,R,R,R,C,C,C,C,C,C,C,C,0
651b43625c3bc6e2217a7e24,605.0,379,Mixed,Undergraduate degree (BA/BSc/other),29,Female,Mixed,United States,United States,United States,English,Yes,Unemployed (and job seeking),DAADAADBBD,0.2,1.0,1.661,ground,Fail,50.0,5.0,5.0,Fail Box,Non-STEM Track,0.0,0.0,black,0,0,1,0,0,0,0,0,0,I am stronger at the non-stem than stem and didnt want to risk failing,The first section with stem made me feel a bit dumb but the non stem made me remember im capable,Non-STEM Track,D,D,A,A,A,A,D,C,A,B,A,D,D,A,B,B,B,C,D,B,R,R,R,R,R,R,C,C,C,C,C,0
66f48848bf50e9c784c4ba2a,969.0,0,White,Technical/community college,62,Female,White,United States,United States,United States,English,No,Full-Time,ACBBBCCBDD,0.3,0.0,0.0,positive,Pass,40.0,3.0,2.0,Pass Box,STEM Track,0.0,0.0,black,0,0,1,0,0,0,0,0,0,I thought I could do it,This was more difficult than I thought,STEM Track,A,A,C,D,B,C,B,A,B,A,C,B,C,B,B,B,D,C,D,D,C,C,C,C,C,C,C,C,C,C,C,1
65603afb8e9cfc182d7b55bc,829.0,912,Black/African American,Undergraduate degree (BA/BSc/other),55,Female,Black,United States,United States,United States,English,No,Full-Time,DDDCBDBCBA,0.2,0.0,0.0,negative,Pass,1.0,1.0,1.0,Not Sure,Non-STEM Track,0.0,0.0,red,0,0,1,0,0,0,0,0,0,I thought it would be less difficult. ,Fine. The math section was difficult for me.,Non-STEM Track,D,D,D,B,D,A,C,C,B,B,D,D,B,A,C,B,B,C,A,D,R,R,R,R,R,C,C,C,C,C,C,0
5ba7a90d168e5e0001e47228,347.0,1473,South Asian,Undergraduate degree (BA/BSc/other),23,Male,Asian,United States,United States,Vietnam,English,No,Full-Time,BCBCBCBCCB,0.4,0.0,0.0,negative,Pass,20.0,1.0,1.0,Fail Box,Non-STEM Track,0.0,0.0,red,0,1,0,0,0,0,0,0,0,Easier to answer and get more money,Good,Non-STEM Track,B,D,C,B,B,A,C,C,B,B,C,D,B,A,C,B,C,C,B,C,R,R,R,R,R,C,C,C,C,C,C,0
66634b9fd11b27b999a3c56c,700.0,167,Latino/Hispanic,Undergraduate degree (BA/BSc/other),24,Female,White,United States,United States,United States,Spanish,No,Unemployed (and job seeking),CCBBDCBCAC,0.2,0.0,0.0,ground,Fail,50.0,3.0,3.0,Fail Box,Non-STEM Track,0.0,0.0,black,0,0,1,0,0,0,0,0,0,I don't like math,,Non-STEM Track,C,D,C,B,B,A,B,B,D,B,C,D,B,A,C,B,A,C,C,A,R,R,R,R,R,R,C,C,C,C,C,0
65be81e55f100cf3f591e989,429.0,411,Mixed,Technical/community college,32,Male,Mixed,United States,United States,United States,English,DATA_EXPIRED,DATA_EXPIRED,ADBCDBACCC,0.4,0.0,0.0,ground,Fail,50.0,6.0,5.0,Fail Box,Non-STEM Track,0.0,0.0,black,1,1,1,1,0,0,0,0,0,Was not sure how well I would do on the other.,Good!,Non-STEM Track,A,A,D,B,B,A,C,C,D,B,B,D,A,A,C,D,C,C,C,A,R,R,R,R,R,C,C,C,C,C,C,0
66a845e15861e2e51f8cc0a9,776.0,35,Black/African American,Undergraduate degree (BA/BSc/other),46,Female,Black,United States,United States,United States,English,No,Full-Time,DCCAABBBBA,0.2,0.0,0.0,negative,Fail,0.0,0.0,3.0,Fail Box,Non-STEM Track,0.0,0.0,black,0,0,1,0,0,0,0,0,0,"If it what was to come was anything like the previous, I didn't want to take any chances",Go easier on the participants next time.  The first round was hard. lol. ,Non-STEM Track,D,D,C,B,C,A,A,C,A,B,B,D,B,A,B,B,B,C,A,D,R,R,R,R,R,C,C,C,C,C,C,0
66db815e9a6cfec92c483ab4,817.0,14,White,Undergraduate degree (BA/BSc/other),34,Female,White,United States,United States,United States,English,No,Full-Time,DBBDBACACC,0.2,0.0,0.0,positive,Fail,40.0,4.0,6.0,Pass Box,STEM Track,0.0,0.0,red,0,0,1,0,0,0,0,0,0,I wanted to take the chance to see if I could answer the questions.,,STEM Track,D,C,B,B,B,D,D,D,B,B,A,D,C,D,A,A,C,B,C,A,R,R,R,C,C,C,C,C,C,C,C,1
66d4c3c7a0c3bbfd9379c7cf,1418.0,53,White,Undergraduate degree (BA/BSc/other),59,Male,White,United States,United States,United States,English,No,Full-Time,BCBDDBBBCB,0.3,0.0,0.0,negative,Fail,70.0,6.0,4.0,Pass Box,STEM Track,0.0,0.0,red,0,0,1,0,0,0,0,0,0,I like math and science.,Challenging. Without a timer i felt an internal pressure to finish fast since the instructions said it was timed.,STEM Track,B,B,C,D,B,C,D,A,D,A,B,D,B,C,B,C,C,B,B,C,R,R,R,C,C,C,C,C,C,C,C,1
66325a097b34af78bbc59edd,1720.0,319,East Asian,Undergraduate degree (BA/BSc/other),51,Female,Asian,United States,United States,United States,English,No,Full-Time,DAD_DBAC__,0.3,0.0,0.0,ground,Pass,65.0,6.0,1.0,Pass Box,STEM Track,0.0,0.0,red,0,0,1,0,0,0,0,0,0,I like math,It's been a long time since I've had to do heavy math. I am still working on one of the questions.,STEM Track,D,B,A,,D,C,,,D,A,B,,A,C,C,A,,,,,R,R,R,R,R,R,R,R,C,C,C,1
63d520bc8833c489caf0023a,464.0,2896,Latino/Hispanic,Undergraduate degree (BA/BSc/other),35,Male,Other,United States,United States,Puerto Rico,English,No,Full-Time,DABCACBBCA,0.2,0.0,0.0,negative,Fail,45.0,3.0,4.0,Fail Box,STEM Track,0.0,0.0,black,0,1,0,0,0,0,0,0,0,I think STEM is important for those who take it seriously,Very well,STEM Track,D,B,A,C,B,A,C,D,A,C,C,B,B,A,B,C,C,D,A,B,R,R,R,R,R,C,C,C,C,C,C,1
5e6bdd2a3ea572199bb7f6b6,1216.0,4423,White,Undergraduate degree (BA/BSc/other),63,Female,White,United States,United States,United States,English,No,DATA_EXPIRED,CDD___CCAA,0.1,0.0,0.0,positive,Fail,25.0,3.0,3.0,Pass Box,Non-STEM Track,0.0,0.0,red,0,0,1,0,0,0,0,0,0,Because I haven't taken an Algebra class for 45 years and I have forgotten what I did learn.  (Math was my least favorite subject.),It just reminded me how awful I have always been at math!! My brain does not work that way.,Non-STEM Track,C,D,D,B,D,A,,C,,B,,D,C,A,C,B,A,C,A,D,R,R,R,R,C,C,C,C,C,C,C,0
66f39d9f1c6985f1b5a11361,1704.0,13,East Asian,Undergraduate degree (BA/BSc/other),25,Female,Asian,China,United States,United States,English,No,Full-Time,DCCDCABB_C,0.1,1.0,1.449,ground,Fail,80.0,5.0,5.0,Fail Box,STEM Track,0.0,0.0,black,1,0,0,0,0,0,0,0,0,I wanted to try answering the question to see how well I would perform,It was quite challenging. I couldn't remember some formulas,STEM Track,D,C,C,C,C,B,D,C,C,B,A,D,B,D,B,C,,D,C,D,R,R,R,R,R,R,R,C,C,C,C,1
66ba46a40010ec60f6d992a2,1334.0,49,Black/African American,Technical/community college,41,Female,Black,United States,United States,United States,English,No,"Not in paid work (e.g. homemaker', 'retired or disabled)",DDCBCADCAA,0.4,0.0,0.0,negative,Fail,10.0,4.0,5.0,Fail Box,STEM Track,0.0,0.0,red,0,0,1,0,0,0,0,0,0,because i knew what to expect because of proir question,it was good no,STEM Track,D,B,D,B,C,D,B,C,C,D,A,D,D,,C,,A,,A,,R,R,R,R,R,C,C,C,C,C,C,1
559c1e28fdf99b2189ee807d,880.0,2521,White,Technical/community college,56,Female,White,United States,United States,United States,English,No,Full-Time,DDABDCCCBA,0.2,0.0,0.0,ground,Fail,5.0,1.0,4.0,Fail Box,Non-STEM Track,0.0,0.0,black,0,0,1,0,0,0,0,0,0,I wasn't sure if I could answer 4 questions after the math park,If was good,Non-STEM Track,D,D,D,B,A,A,B,C,D,B,C,D,C,A,C,B,B,C,A,D,R,R,C,C,C,C,C,C,C,C,C,0
5f712c16875f0375275c57d5,1181.0,4167,White,Undergraduate degree (BA/BSc/other),30,Male,White,United States,United States,United States,English,No,Full-Time,DABBBBDBCB,0.7,0.0,0.0,ground,Pass,75.0,7.0,7.0,Pass Box,STEM Track,0.0,0.0,red,0,0,1,0,0,0,0,0,0,"I thought I did well on the first portion, so if the questions were similar I thought I could do similarly well.",It was very straight forward.,STEM Track,D,B,A,B,B,C,B,,B,A,B,D,D,C,B,C,C,C,B,C,R,R,R,R,R,C,C,C,C,C,C,1
669a67a9378a5b8bcb87071a,967.0,81,Black/African American,Undergraduate degree (BA/BSc/other),31,Female,Black,United States,United States,United States,English,Yes,Full-Time,DBBD__ACB_,0.1,0.0,0.0,positive,Pass,35.0,0.0,0.0,Fail Box,Non-STEM Track,0.0,0.0,red,0,0,1,0,0,0,0,0,0,I suck at basic math let alone anything else.,It was fine. Just felt dumb for a second.,Non-STEM Track,D,A,B,D,B,A,D,C,,B,,D,A,A,C,B,B,C,,D,R,R,C,C,C,C,C,C,C,C,C,0
66202163d9e5dba57c5e831d,468.0,733,White,High school diploma/A-levels,34,Male,White,United States,United States,United States,English,No,Unemployed (and job seeking),DDBCBDABBC,0.1,0.0,0.0,negative,Fail,25.0,2.0,5.0,Pass Box,Non-STEM Track,0.0,0.0,red,0,0,1,0,1,0,0,0,0,felt it would be easier and have a better chance at getting some of a bonus ,it went good i think,Non-STEM Track,D,A,D,B,B,A,C,C,B,B,D,D,A,A,B,B,B,C,C,D,R,R,R,R,R,C,C,C,C,C,C,0
5ea9a252ef7ece0cd4993841,1305.0,4709,White,Graduate degree (MA/MSc/MPhil/other),36,Female,White,United States,United States,United States,English,No,"Not in paid work (e.g. homemaker', 'retired or disabled)",BCAAB_____,0.1,0.0,0.0,negative,Fail,50.0,5.0,5.0,Fail Box,STEM Track,0.0,0.0,black,0,1,1,0,0,0,0,0,0,"I love science and math; I would have gone for the other track, but I wanted to try to get more with the reward. I've got a Masters of English, so I actually prefer that over STEM.",No,STEM Track,B,B,C,B,A,D,A,C,B,A,,D,,D,,A,,C,,C,R,R,C,C,C,C,C,C,C,C,C,1
6595867278f0d1e8b2378cc6,701.0,137,East Asian,Graduate degree (MA/MSc/MPhil/other),40,Female,Asian,United States,United States,United States,English,DATA_EXPIRED,DATA_EXPIRED,DADDBCDCBB,0.5,0.0,0.0,ground,Pass,70.0,5.0,5.0,Pass Box,Non-STEM Track,1.0,2.154,red,0,0,1,0,0,0,0,0,0,I thought it would be easier for me,No,Non-STEM Track,D,D,A,B,D,A,D,C,B,B,C,D,D,A,C,B,B,C,B,D,R,R,R,R,R,C,C,C,C,C,C,0
6109ab5dba8ad610b799450a,572.0,4870,White,Undergraduate degree (BA/BSc/other),68,Female,White,United States,United States,United States,English,No,Part-Time,BABCCBBBBD,0.2,0.0,0.0,positive,Pass,0.0,2.0,2.0,Pass Box,Non-STEM Track,0.0,0.0,black,0,1,1,0,0,0,0,0,0,I am not good at math.,It was fun but the math was very difficult.,Non-STEM Track,B,D,A,B,B,A,C,C,C,B,B,D,B,A,B,B,B,C,D,D,R,R,R,R,R,C,C,C,C,C,C,0
65c10cd68294498f2342fcd0,842.0,72,Black/African American,Technical/community college,39,Female,Black,United States,United States,United States,English,No,Full-Time,CACACCDBAB,0.4,0.0,0.0,ground,Pass,30.0,2.0,2.0,Pass Box,Non-STEM Track,0.0,0.0,red,0,0,1,0,0,0,0,0,0,"Because I figured the other option would be literature related, which I'm better at.",No. I'm curious to know how many I got right!,Non-STEM Track,C,D,A,B,C,A,A,C,C,B,C,D,D,A,B,B,A,C,B,D,R,R,R,R,R,C,C,C,C,C,C,0
65fca331fa0a2eaf667d9318,1664.0,781,White,High school diploma/A-levels,32,Male,White,United States,United States,United States,English,No,Full-Time,CBACDBBCCA,0.3,0.0,0.0,positive,Fail,40.0,5.0,5.0,Fail Box,STEM Track,0.0,0.0,red,0,0,1,0,0,0,0,0,0,extra chances,it was good,STEM Track,C,C,B,A,A,B,C,D,D,B,B,C,B,A,C,D,C,C,A,A,R,C,C,C,C,C,C,C,C,C,C,1
6695c426cd9399b87624659b,613.0,73,Rather not say,Technical/community college,51,Female,Other,United States,United States,United States,English,No,Unemployed (and job seeking),DCBBACAADB,0.2,0.0,0.0,positive,Fail,50.0,0.0,5.0,Not Sure,STEM Track,0.0,0.0,red,0,0,1,0,0,0,0,0,0,I do love math but very rusty as my current occupation does not require math,"A key would have been helpful. Every math problem has a formula that tells how to solve it. Just for sake of helping, a key would have been great!",STEM Track,D,B,C,A,B,C,B,B,A,B,C,C,A,C,A,D,D,A,B,C,R,C,C,C,C,C,C,C,C,C,C,1
5ee5b8930f2771312c3b822f,258.0,111,Latino/Hispanic,Undergraduate degree (BA/BSc/other),27,Male,Other,United States,United States,United States,English,No,Full-Time,CBADABACAC,0.2,0.0,0.0,negative,Fail,20.0,2.0,3.0,Fail Box,Non-STEM Track,0.0,0.0,black,0,0,1,0,0,0,0,0,0,I am just not good at math.,No feedback. Solid survey.,Non-STEM Track,C,D,B,B,A,A,D,C,A,B,B,D,A,A,C,B,A,C,C,A,R,R,R,R,C,C,C,C,C,C,C,0
5e74ff093115e00576f0187c,714.0,2290,White,Undergraduate degree (BA/BSc/other),36,Male,White,United States,United States,United States,English,Yes,Full-Time,DABBCCACAC,0.3,0.0,0.0,ground,Pass,33.0,3.0,3.0,Pass Box,Non-STEM Track,0.0,0.0,red,1,0,0,0,0,0,0,0,0,I was a humanities major for a reason. ,I was not expecting the math quiz and do not expect I did well on it,Non-STEM Track,D,D,A,B,B,A,B,C,C,B,C,D,A,A,C,B,A,C,C,D,R,R,R,C,C,C,C,C,C,C,C,0
66561f43036fa71956d44743,933.0,220,White,High school diploma/A-levels,27,Male,White,United States,United States,United States,English,No,Other,DBBDACAACA,0.1,0.0,0.0,negative,Fail,55.0,3.0,2.0,Fail Box,STEM Track,0.0,0.0,black,0,0,1,0,0,0,0,0,0,just to see if i could do it,it was way harder then i was thinking but i like a challenge. but i would like time to get familiar with before,STEM Track,D,D,B,B,B,A,D,C,A,B,C,C,A,D,A,B,C,A,A,A,R,R,R,C,C,C,C,C,C,C,C,1
610e063896c52970e2c24bb5,535.0,839,White,Undergraduate degree (BA/BSc/other),21,Female,White,United States,United States,United States,English,Yes,Part-Time,CBDCBCBCBC,0.2,0.0,0.0,negative,Fail,12.0,3.0,4.0,Fail Box,Non-STEM Track,0.0,0.0,black,0,0,0,1,1,0,0,0,0,I felt my non-STEM skills would be better then my STEM skills,"Great, none!",Non-STEM Track,C,D,B,B,D,A,C,C,B,B,C,D,B,A,C,B,B,C,C,D,R,R,R,R,R,R,R,R,C,C,C,0
5f741b74992460061db87287,410.0,794,White,High school diploma/A-levels,34,Male,White,United States,United States,United States,English,DATA_EXPIRED,DATA_EXPIRED,CADCBCBADA,0.2,0.0,0.0,negative,Fail,20.0,2.0,8.0,Fail Box,Non-STEM Track,0.0,0.0,red,0,0,1,0,0,0,0,0,0,I don't do well with math.,"Fine, but very jarring.",Non-STEM Track,C,D,A,B,D,A,C,C,B,B,C,D,B,A,A,B,D,C,A,D,R,R,R,R,C,C,C,C,C,C,C,0
66d8a8a4486ac018f50f9091,1953.0,38,White,Undergraduate degree (BA/BSc/other),23,Female,White,United States,United States,United States,English,No,Part-Time,DAAAAAAAAA,0.1,0.0,0.0,negative,Pass,50.0,2.0,1.0,Pass Box,STEM Track,0.0,0.0,red,0,0,0,1,0,0,0,0,0,I thought you would ask science questions,"You would have to be paying me more to try and relearn math i forgot four years ago, i really just can't",STEM Track,D,A,A,A,A,A,A,A,A,A,A,C,A,C,A,A,A,A,A,A,R,R,R,R,R,C,C,C,C,C,C,1
657dae23f3bac23e1b62a01e,2491.0,281,Latino/Hispanic,Undergraduate degree (BA/BSc/other),24,Female,Other,United States,United States,United States,Spanish,Yes,Due to start a new job within the next month,DACBBBDCAD,0.7,0.0,0.0,negative,Pass,39.0,4.0,3.0,Pass Box,Non-STEM Track,0.0,0.0,red,0,1,0,0,0,0,0,0,0,Stem just isn’t my strength,,Non-STEM Track,D,D,A,B,C,A,B,C,B,B,B,D,D,A,C,B,A,C,D,D,R,R,R,R,C,C,C,C,C,C,C,0
66e0811a4eaeb1b4168bffd5,908.0,17,White,Undergraduate degree (BA/BSc/other),23,Female,White,United States,United States,United States,English,No,Full-Time,BCABCBDABA,0.3,0.0,0.0,negative,Fail,50.0,3.0,4.0,Fail Box,Non-STEM Track,0.0,0.0,black,0,0,1,0,0,0,0,0,0,Not familiar with STEM,My experience was surprised with my lack of knowledge on the questions ,Non-STEM Track,B,D,C,A,A,A,B,C,C,B,B,B,D,A,A,B,B,C,A,D,R,R,R,R,R,C,C,C,C,C,C,0
6648a72ac62125647c5b1ef1,1213.0,543,African,Undergraduate degree (BA/BSc/other),31,Female,Black,Nigeria,United States,United States,English,Yes,Full-Time,CAADDDDBAD,0.2,1.0,16.956,ground,Pass,1.0,1.0,1.0,Pass Box,Non-STEM Track,3.0,28.091,red,0,0,1,0,0,0,1,0,0,I perfer a guaranteed win or loss.,No,Non-STEM Track,C,D,A,B,A,A,D,C,D,B,D,D,D,A,B,B,A,C,D,D,R,R,C,C,C,C,C,C,C,C,C,0
62b755ac8d4ceeb1a463c05a,1313.0,2922,White,Technical/community college,60,Female,White,United States,United States,United States,English,No,DATA_EXPIRED,BBBD______,0.0,0.0,0.0,ground,Fail,5.0,1.0,1.0,Fail Box,Non-STEM Track,0.0,0.0,black,0,1,0,0,0,0,0,0,0,"Because I thought it would be more of the same, that kind of math I am not so good at. ","It was fun to see how much I knew, I had trouble with the math but I did better with the other part I believe. ",Non-STEM Track,B,D,B,B,B,A,D,C,,B,,D,,A,,B,,C,,C,R,R,R,R,R,R,C,C,C,C,C,0
566a17d07da0350012b3e876,1057.0,3095,White,High school diploma/A-levels,54,Male,White,United States,United States,United States,English,No,Full-Time,BCACCCDCBB,0.3,0.0,0.0,ground,Pass,80.0,2.0,2.0,Pass Box,STEM Track,0.0,0.0,red,0,0,1,0,0,0,0,0,0,I thought I could get 2 right.,It was difficult. Thank You.,STEM Track,B,C,C,B,A,D,C,B,C,C,C,D,D,C,C,D,B,B,B,A,R,R,R,R,C,C,C,C,C,C,C,1
65e4b150feb15ebecb2fe5e8,1148.0,244,White,Technical/community college,43,Female,White,United States,United States,United States,English,Yes,Part-Time,ACA_DBABAA,0.2,0.0,0.0,negative,Fail,25.0,2.0,3.0,Fail Box,Non-STEM Track,0.0,0.0,black,0,0,1,0,0,0,0,0,0,"I was in honors classes for English, and I have published several books. However, I was never good at match or sciences, with the exception of some of the biologies. I thought it would be to my advantage to avoid STEM questions.",I hate math so much that those questions were giving me flashbacks haha! Good job on making it brutal!,Non-STEM Track,A,D,C,B,A,A,,C,D,B,B,D,A,A,B,B,A,C,A,D,R,R,R,R,R,R,C,C,C,C,C,0
5bdcd88176d6d50001bc3849,1128.0,5856,White,Undergraduate degree (BA/BSc/other),59,Male,White,United States,United States,United States,English,No,"Not in paid work (e.g. homemaker', 'retired or disabled)",DABCCBDCBB,0.5,0.0,0.0,negative,Pass,50.0,3.0,4.0,Fail Box,STEM Track,0.0,0.0,red,0,0,1,0,0,0,0,0,0,Pretty sure I could get four correct,"Good, have not done most of that math in decades",STEM Track,D,B,A,A,B,C,C,A,C,A,B,D,D,C,C,A,B,C,B,C,R,R,R,R,R,C,C,C,C,C,C,1
5e0cbb0be297d545c33e1739,718.0,421,White,High school diploma/A-levels,73,Female,White,United States,United States,Poland,English,No,Other,DCBCDAAABC,0.0,0.0,0.0,ground,Fail,50.0,1.0,3.0,Fail Box,Non-STEM Track,0.0,0.0,black,0,1,1,0,0,0,0,0,0,Easier,Section 1 sucked,Non-STEM Track,D,D,C,B,B,A,C,C,D,B,A,D,A,A,A,B,B,C,C,D,R,R,C,C,C,C,C,C,C,C,C,0
66f31b6205f13a616bd3c9bc,910.0,5,White,High school diploma/A-levels,18,Male,White,United States,United States,United States,English,No,Part-Time,DAABACDBCB,0.5,0.0,0.0,negative,Pass,40.0,3.0,2.0,Pass Box,Non-STEM Track,0.0,0.0,red,0,0,1,0,0,0,0,0,0,"I assumed it would be easier to complete, especially after witnessing the first questions that were given to me (which I found difficult).","I am indifferent to the process, everything went ok. I do not have feedback.",Non-STEM Track,D,D,A,B,A,A,B,C,A,B,C,D,D,A,B,B,C,C,B,D,R,R,R,R,C,C,C,C,C,C,C,0
66f2edccc82cfc39ba5d85c4,1217.0,12,Latino/Hispanic,Technical/community college,30,Female,Mixed,United States,United States,United States,Spanish,No,Full-Time,DADCBBACBB,0.5,0.0,0.0,ground,Pass,50.0,5.0,3.0,Pass Box,STEM Track,0.0,0.0,red,0,0,1,0,0,0,0,0,0,It is challenging as I have not practiced STEM related problems in years,,STEM Track,D,B,A,B,D,C,C,A,B,B,B,D,A,C,C,C,B,D,B,D,R,R,R,R,R,R,R,C,C,C,C,1
5b0b8252e9270900013ba88f,1000.0,2185,Latino/Hispanic,Undergraduate degree (BA/BSc/other),54,Female,Mixed,United States,United States,United States,English,No,DATA_EXPIRED,DADBBDDBCB,0.6,0.0,0.0,ground,Pass,70.0,6.0,5.0,Pass Box,Non-STEM Track,0.0,0.0,red,0,0,1,0,0,0,0,0,1,I had trouble recalling some math methods and decided to play it safe.,The instructions were clear and the process flowed smoothly.,Non-STEM Track,D,D,A,B,D,A,B,C,B,B,D,D,D,A,B,B,C,C,B,D,R,R,R,R,R,C,C,C,C,C,C,0
66818dfd69bdb3f339514a29,735.0,186,Latino/Hispanic,Technical/community college,25,Female,Other,United States,United States,United States,English,No,Full-Time,CBBBAABBDB,0.2,0.0,0.0,positive,Pass,50.0,2.0,2.0,Fail Box,Non-STEM Track,0.0,0.0,black,0,0,0,0,0,1,0,0,0,I chose the Non-Stem Track since math is not my strongest subject.,It was a little stressful with the math section of this survey but after completing the first section it was a breeze.,Non-STEM Track,C,D,B,A,B,A,B,C,A,B,A,D,B,A,B,B,D,C,B,D,R,R,R,R,R,R,R,R,R,R,C,0
665377aea47ffa34fb49bd71,950.0,405,Mixed,Technical/community college,32,Male,Mixed,United States,United States,United States,English,No,Unemployed (and job seeking),DBACBBBC__,0.3,0.0,0.0,positive,Fail,80.0,4.0,5.0,Fail Box,Non-STEM Track,0.0,0.0,red,0,0,1,0,0,0,0,0,0,I was not confident in answering questions I already struggled with.,"I was not expecting difficult math I have not done in years without any refreshers. It was difficult, but interesting.",Non-STEM Track,D,D,B,B,A,A,C,C,B,B,B,D,B,A,C,B,,C,,D,R,R,R,R,R,C,C,C,C,C,C,0
6651118444f987017d94bd63,631.0,733,Caribbean,Undergraduate degree (BA/BSc/other),34,Male,Asian,United States,United States,United States,English,Yes,Full-Time,CBCDCBCCCC,0.4,0.0,0.0,negative,Fail,50.0,5.0,5.0,Not Sure,Non-STEM Track,0.0,0.0,red,0,0,1,0,0,0,0,0,0,Easier,Tough.,Non-STEM Track,C,D,B,B,C,A,D,C,C,B,B,D,C,A,C,B,C,C,C,D,R,C,C,C,C,C,C,C,C,C,C,0
66d8ec93a0cbaf5384fe2148,773.0,65,White,High school diploma/A-levels,43,Female,White,United States,United States,United States,English,No,Full-Time,ACCBCDACCB,0.6,0.0,0.0,positive,Fail,1.0,3.0,7.0,Fail Box,Non-STEM Track,0.0,0.0,red,0,0,1,0,0,0,0,0,0,Not strong at stem subjects,intrigued,Non-STEM Track,A,D,C,B,C,A,B,C,C,B,D,D,A,A,C,B,C,C,B,D,R,R,R,R,C,C,C,C,C,C,C,0
614e7196ef4fbb72f9a5223c,948.0,4307,White,Undergraduate degree (BA/BSc/other),76,Male,White,United States,United States,United States,English,No,"Not in paid work (e.g. homemaker', 'retired or disabled)",DA__BB_C__,0.4,0.0,0.0,negative,Fail,70.0,4.0,5.0,Pass Box,Non-STEM Track,0.0,0.0,red,0,0,1,0,0,0,0,0,0,Forgot too much math since school,Made it humble,Non-STEM Track,D,D,A,B,,A,,C,B,B,B,D,,A,C,B,,C,,D,R,R,R,R,R,R,C,C,C,C,C,0
65216075939674db7a47e7d0,693.0,793,White,Graduate degree (MA/MSc/MPhil/other),26,Female,White,United States,United States,United States,English,DATA_EXPIRED,Full-Time,DCBDABCBCA,0.2,0.0,0.0,ground,Pass,10.0,1.0,2.0,Fail Box,STEM Track,0.0,0.0,red,0,0,1,0,0,0,0,0,0,"I thought it would have been something else in the STEM realm, like science.","It was just very hard, as it was a lot of math I have not had to do since Sophomore year of high school.",STEM Track,D,B,C,B,B,C,D,C,A,B,B,D,C,C,B,C,C,A,A,B,R,R,C,C,C,C,C,C,C,C,C,1
65a6b6153abd42a5a5d2ac10,997.0,368,Mixed,Technical/community college,34,Female,Mixed,United States,United States,United States,English,No,Full-Time,BABCDABC__,0.2,0.0,0.0,positive,Fail,50.0,3.0,5.0,Fail Box,Non-STEM Track,0.0,0.0,red,0,0,1,1,0,0,0,0,0,I haven't done math like that since I was in high school and was not confident in my ability to answer the questions correctly. ,The math section was stressful because I like to get things right. But overall the study was straightforward and I didn't have any issues with the instructions. ,Non-STEM Track,B,D,A,B,B,A,C,C,D,B,A,D,B,A,C,B,,C,,D,R,R,R,R,R,R,C,C,C,C,C,0
637e447c16e05f6828930612,672.0,3493,White,Doctorate degree (PhD/other),69,Male,White,United States,United States,United States,English,No,Full-Time,DABCDCBBBC,0.1,0.0,0.0,negative,Fail,20.0,2.0,4.0,Fail Box,Non-STEM Track,0.0,0.0,black,0,0,1,0,0,0,0,0,0,"I am much better with language arts than with the sciences, plus the questions in the first round were almost impossible",I was frustrated with the first set of questions and I enjoyed answerering the second set.,Non-STEM Track,D,D,A,B,B,A,C,C,D,B,C,D,B,A,B,B,B,C,C,D,R,R,R,C,C,C,C,C,C,C,C,0
63eab089ff73041bdea22229,408.0,494,White,High school diploma/A-levels,35,Male,White,United States,United States,United States,English,No,DATA_EXPIRED,DACCCBDACA,0.5,2.0,13.191,positive,Fail,60.0,4.0,6.0,Pass Box,Non-STEM Track,0.0,0.0,red,0,0,1,0,0,0,0,0,0,Not so good at STEM personally.,It was fun and interesting!!,Non-STEM Track,D,D,A,B,C,A,C,C,C,B,B,D,D,A,A,B,C,C,A,D,R,R,R,R,R,C,C,C,C,C,C,0
66e784bf7e22eae95ee3b5c7,1211.0,29,South Asian,High school diploma/A-levels,21,Male,Asian,United States,United States,United States,English,Yes,Unemployed (and job seeking),DABADBDCBB,0.5,1.0,5.094,ground,Fail,80.0,9.0,8.0,Pass Box,STEM Track,0.0,0.0,black,0,1,0,0,0,0,0,0,0,I thought my odds would be better.,"I clicked off the tab a few times during the first timed section to adjust my music. I didn't know that clicking off wasn't aloud but I read it before I submitted my first section. I completed the rest of the study without clicking off. If that is a problem, please give me partial payment for my time.",STEM Track,D,B,A,A,B,C,A,A,D,A,B,D,D,C,C,A,B,B,B,C,R,R,R,R,C,C,C,C,C,C,C,1
64ec1d84372b0dbb94589054,601.0,433,White,Undergraduate degree (BA/BSc/other),26,Female,White,United States,United States,United States,English,Yes,Other,DBABBBDACB,0.6,0.0,0.0,positive,Pass,20.0,2.0,3.0,Pass Box,Non-STEM Track,1.0,0.704,black,0,0,1,0,0,0,0,0,0,I was not confident in my abilities to answer more STEM questions given my performance on the first part.,No feedback :),Non-STEM Track,D,D,B,B,A,A,B,C,B,B,B,D,D,A,A,B,C,C,B,D,R,R,R,R,R,C,C,C,C,C,C,0
608e2cb9067eb028500433d5,1000.0,4119,White,Undergraduate degree (BA/BSc/other),69,Female,White,United States,United States,United States,English,No,"Not in paid work (e.g. homemaker', 'retired or disabled)",DAACDBAACA,0.3,0.0,0.0,positive,Pass,50.0,2.0,3.0,Fail Box,Non-STEM Track,0.0,0.0,red,0,0,1,0,0,0,0,0,0,Because the math questions were very hard for me.,This was challenging for me.,Non-STEM Track,D,D,A,B,A,A,C,C,D,B,B,D,A,A,A,B,C,C,A,D,R,R,C,C,C,C,C,C,C,C,C,0
66b629016f7dd536321ee5f8,644.0,168,White,High school diploma/A-levels,56,Female,White,United States,United States,United States,English,No,Part-Time,DBCCBDBCBC,0.3,0.0,0.0,negative,Pass,0.0,0.0,1.0,Pass Box,Non-STEM Track,0.0,0.0,red,0,0,1,0,0,0,0,0,0,Because I cant do stem,"I hated the first set of questions, and felt stupid because I haven't had this type of math in 50 years",Non-STEM Track,D,D,B,B,C,A,C,C,B,B,D,D,B,A,C,B,B,C,C,D,R,R,R,R,R,C,C,C,C,C,C,0
6637f62f0645db241bee0959,1203.0,393,White,High school diploma/A-levels,32,Female,White,United States,United States,United States,English,No,"Not in paid work (e.g. homemaker', 'retired or disabled)",DDABCACCAC,0.2,0.0,0.0,negative,Fail,50.0,2.0,5.0,Fail Box,Non-STEM Track,0.0,0.0,black,0,0,1,0,1,0,0,0,0,It seemed easier ,The first set of questions were difficult ,Non-STEM Track,D,D,D,B,A,A,B,C,C,B,A,D,C,A,C,B,A,C,C,D,R,R,R,C,C,C,C,C,C,C,C,0
6682c6f76c5e575920a7afc0,1380.0,178,Black/African American,Undergraduate degree (BA/BSc/other),34,Female,Black,United States,United States,United States,English,Yes,Full-Time,BABBDCBAAA,0.2,0.0,0.0,ground,Fail,50.0,6.0,6.0,Pass Box,Non-STEM Track,2.0,26.298,black,0,0,1,0,0,0,0,0,0,Because i knew there could be another chance to win ,,Non-STEM Track,B,D,A,B,B,A,B,D,D,B,C,D,B,A,A,B,A,C,A,D,R,R,R,R,R,R,R,R,R,R,R,0
66d7b32212721220c5da226f,1011.0,69,Black/African American,Undergraduate degree (BA/BSc/other),39,Female,Black,United States,United States,United States,English,No,Full-Time,DAADCACBCA,0.2,0.0,0.0,ground,Fail,25.0,0.0,3.0,Fail Box,Non-STEM Track,0.0,0.0,black,0,0,1,0,0,0,0,0,0,the probability that i would pass the stem was too low,Even though i think i didnt do well on the Stem part i enjoyed doing the test because it made me think differently,Non-STEM Track,D,D,A,D,A,A,D,C,C,B,A,D,C,A,B,B,C,C,A,B,R,C,C,C,C,C,C,C,C,C,C,0
66f21c08e32dccbb7b7bb996,1112.0,18,Black/African American,Undergraduate degree (BA/BSc/other),34,Female,Black,United States,United States,United States,English,No,DATA_EXPIRED,CDACDBBACD,0.2,0.0,0.0,negative,Pass,45.0,1.0,1.0,Pass Box,Non-STEM Track,0.0,0.0,red,0,0,1,0,0,0,0,0,0,I am not a fan of STEM,Great experience ,Non-STEM Track,C,A,D,B,A,A,C,C,D,B,B,D,B,A,A,C,C,C,D,D,R,R,R,R,R,R,R,R,R,R,C,0
66ae0ded9f6746fe2d597817,1044.0,84,Black/African American,Doctorate degree (PhD/other),52,Male,Black,United States,United States,United States,English,DATA_EXPIRED,Full-Time,CBCBBCBCBC,0.4,0.0,0.0,negative,Fail,45.0,6.0,7.0,Pass Box,STEM Track,0.0,0.0,black,0,0,1,0,0,0,0,0,0," For people who are curious about how things work or want to make a tangible impact, STEM can be an exciting field that offers endless possibilities.",25,STEM Track,C,B,B,C,C,B,B,C,B,C,C,B,B,C,C,B,B,C,C,B,R,R,C,R,C,R,R,C,R,C,R,1
66abb1d19603aab212118aea,931.0,54,White,Technical/community college,30,Female,White,United States,United States,United States,English,Yes,DATA_EXPIRED,BCACADABAA,0.0,0.0,0.0,negative,Fail,50.0,3.0,5.0,Fail Box,STEM Track,0.0,0.0,black,0,0,1,0,0,0,0,0,0,Taking a chance.,"I enjoyed the survey, it was different than others!",STEM Track,B,C,C,C,A,C,C,C,A,C,D,D,A,D,B,A,A,D,A,C,R,R,R,C,C,C,C,C,C,C,C,1
6315dbda57439d794f865dbd,1427.0,2841,White,Undergraduate degree (BA/BSc/other),53,Male,White,United States,United States,Ireland,English,No,Full-Time,__________,0.0,0.0,0.0,negative,Fail,50.0,5.0,5.0,Pass Box,STEM Track,0.0,0.0,red,0,0,1,0,0,0,0,0,0,it seemed the most profitable and definite,,STEM Track,,A,,C,,C,,A,,B,,A,,C,,C,,A,,B,R,R,R,R,R,R,R,C,C,C,C,1
5f1b4845cbf55f3192e33b89,850.0,2351,Latino/Hispanic,Undergraduate degree (BA/BSc/other),27,Male,White,United States,United States,United States,Spanish,No,Full-Time,CDABACAABD,0.1,0.0,0.0,ground,Fail,60.0,3.0,4.0,Fail Box,Non-STEM Track,0.0,0.0,black,0,0,1,0,0,0,0,0,0,I struggled with the math portion. ,,Non-STEM Track,C,D,D,B,A,A,B,C,A,B,C,D,A,A,A,C,B,C,D,D,R,R,R,R,R,C,C,C,C,C,C,0
5e9e19d808b9931ef37373c6,897.0,1768,South East Asian,Undergraduate degree (BA/BSc/other),29,Male,Asian,United States,United States,United States,Urdu,Yes,Other,ADABBBDBCA,0.6,0.0,0.0,positive,Pass,50.0,7.0,5.0,Fail Box,STEM Track,0.0,0.0,red,0,0,1,0,0,0,0,0,0,I am more STEM inclined given my background,It was good,STEM Track,A,B,D,A,A,C,B,A,B,A,B,D,D,C,B,A,C,B,A,C,C,C,C,C,C,C,C,C,C,C,C,1
5fe2ca269568d5e8f57933aa,1322.0,1201,South Asian,Undergraduate degree (BA/BSc/other),22,Male,Asian,United States,United States,United States,English,No,Part-Time,AAD_DBDC__,0.5,0.0,0.0,ground,Pass,59.0,6.0,5.0,Pass Box,STEM Track,0.0,0.0,red,0,0,0,0,0,1,0,0,0,Because science and technology are among my favorite subjects.,,STEM Track,A,B,A,,D,C,,C,D,A,B,D,D,C,C,A,,B,,,R,R,R,R,C,C,C,C,C,C,C,1
66bbd43c705fea676d6d8028,1081.0,40,White,Undergraduate degree (BA/BSc/other),59,Female,White,United States,United States,United States,English,No,Full-Time,DCBBDD____,0.1,0.0,0.0,ground,Pass,2.0,2.0,1.0,Pass Box,Non-STEM Track,0.0,0.0,red,0,0,1,0,0,0,0,0,0,because I am not strong in math,i did not expect those math questions and I was panicking.,Non-STEM Track,D,D,C,B,B,A,B,C,D,B,D,D,,A,,B,,C,,D,R,R,R,R,R,C,C,C,C,C,C,0
666c98937b4260f665e21de9,777.0,75,White,High school diploma/A-levels,60,Male,White,United States,United States,United States,English,No,Full-Time,DAACAADABC,0.2,1.0,3.365,ground,Fail,50.0,5.0,4.0,Fail Box,Non-STEM Track,0.0,0.0,black,0,1,1,0,0,0,0,0,0,Never was very good at math,Good,Non-STEM Track,D,D,A,B,A,A,C,C,A,B,A,D,D,A,A,B,B,C,C,D,R,R,R,R,R,C,C,C,C,C,C,0
658400102871818387a49d0f,433.0,1743,Latino/Hispanic,Undergraduate degree (BA/BSc/other),32,Female,White,United States,United States,United States,English,No,Full-Time,CBBBBBDCCA,0.6,0.0,0.0,ground,Pass,20.0,2.0,2.0,Pass Box,Non-STEM Track,0.0,0.0,red,0,0,1,0,0,0,0,0,0,I find it easier.,It made me think.,Non-STEM Track,C,D,B,B,B,A,B,C,B,B,B,B,D,A,C,B,C,C,A,C,R,C,C,C,C,C,C,C,C,C,C,0
56e6a66af6ed900006a5867c,669.0,7561,White,High school diploma/A-levels,44,Male,White,United States,United States,United States,English,No,Part-Time,CBBDBCBDAB,0.2,0.0,0.0,negative,Pass,5.0,2.0,1.0,Fail Box,STEM Track,0.0,0.0,red,0,0,1,0,0,0,0,0,1,I took engineering classes in vocational school.,I am terrible at math and avoid algebra. I doubt I got much if any answers right.,STEM Track,C,A,B,B,B,A,D,B,B,C,C,C,B,C,D,B,A,D,B,B,R,R,R,C,C,C,C,C,C,C,C,1
630814cd5bc4b17afd65d786,821.0,989,White,Undergraduate degree (BA/BSc/other),43,Male,White,United States,United States,United States,English,No,Full-Time,DDAADBA___,0.1,0.0,0.0,ground,Fail,5.0,1.0,2.0,Fail Box,Non-STEM Track,0.0,0.0,black,0,0,1,0,0,0,0,0,0,Because the math questions all kicked my ass.  I haven't felt that dumb in a long time.,"I felt dumb, then I got to feel smart, so that was nice.",Non-STEM Track,D,D,D,B,A,A,A,C,D,B,B,D,A,A,,B,,C,,D,R,R,R,R,R,R,C,C,C,C,C,0
66b78b91e30ea5e1939d7635,852.0,155,White,High school diploma/A-levels,64,Female,White,United States,United States,United States,English,No,Full-Time,BCBCCBDCAB,0.4,0.0,0.0,positive,Pass,0.0,0.0,4.0,Fail Box,STEM Track,0.0,0.0,red,0,0,1,0,0,0,0,0,0,the money,,STEM Track,B,A,C,C,B,B,C,C,C,A,B,B,D,D,C,C,A,C,B,B,R,R,R,R,C,C,C,C,C,C,C,1
665cd37d244c81a07e68f20f,891.0,161,White,High school diploma/A-levels,19,Male,White,United States,United States,United States,English,Yes,Other,AABBDBDACB,0.7,0.0,0.0,ground,Pass,65.0,6.0,6.0,Pass Box,STEM Track,0.0,0.0,red,0,0,1,0,0,0,0,0,0,My college major is Stem.,I had a positive experience,STEM Track,A,B,A,A,B,C,B,B,D,A,B,D,D,C,A,A,C,B,B,C,R,R,R,R,R,C,C,C,C,C,C,1
66e637b2ab80048018709cfe,404.0,24,Black/African American,Graduate degree (MA/MSc/MPhil/other),40,Female,Black,United States,United States,United States,English,No,Due to start a new job within the next month,DCBCCBCDAB,0.2,0.0,0.0,ground,Fail,65.0,5.0,7.0,Fail Box,STEM Track,0.0,0.0,black,0,1,1,0,1,0,0,0,0,I wanted to test my knowledge ,There wasn’t much time to calculate the problems,STEM Track,D,C,C,C,B,B,C,A,C,D,B,D,C,C,D,C,A,C,B,D,R,R,R,R,R,C,C,C,C,C,C,1
5ac43d51a3ba7a0001b498d0,959.0,5256,White,High school diploma/A-levels,40,Male,White,United States,United States,United States,English,No,Full-Time,BDACDBBBAA,0.1,0.0,0.0,negative,Fail,40.0,3.0,4.0,Fail Box,Non-STEM Track,0.0,0.0,black,0,0,1,0,0,0,0,0,0,"iThe STEM questions were too advanced for me. It's been years since I used algebra and couldn't remeber a lot of what I learned when answering those questions, therefore I knew I had a better chance of answering the non stem questions to earn a little something at least","Struggled during the stem/ mathematically based questions, otherwise pretty easy and straightforward",Non-STEM Track,B,D,D,B,A,A,C,C,D,B,B,D,B,A,B,B,A,C,A,D,R,R,R,C,C,C,C,C,C,C,C,0
63d881ab484805569b553bd8,488.0,2589,Mixed,High school diploma/A-levels,35,Male,Mixed,United States,United States,United States,English,No,Full-Time,BCDABABCDB,0.3,0.0,0.0,ground,Fail,26.0,3.0,4.0,Fail Box,Non-STEM Track,0.0,0.0,black,0,0,1,0,0,0,0,0,0,Math is not my strong suite. ,fun. ,Non-STEM Track,B,D,C,B,D,A,A,C,B,B,A,D,B,A,C,B,D,C,B,D,R,R,R,R,R,R,R,C,C,C,C,0
66708de4e9ac26476fb628d2,847.0,61,White,Undergraduate degree (BA/BSc/other),35,Male,White,United States,United States,United States,English,No,Full-Time,A_____DCAB,0.4,0.0,0.0,ground,Fail,50.0,4.0,5.0,Fail Box,Non-STEM Track,0.0,0.0,black,0,0,1,0,0,0,0,0,0,"I was an English major. Also, I timed out while doing the math.",8 minutes is not enough for us earnest writer-types trying to recall high school math.,Non-STEM Track,A,D,,B,,A,,C,,B,,D,D,A,C,B,A,C,B,D,R,R,R,R,R,R,C,C,C,C,C,0
66a5a4766966a5ed53b144ab,705.0,187,Mixed,High school diploma/A-levels,35,Male,Mixed,United States,United States,United States,English,No,Unemployed (and job seeking),DBACBCCABD,0.1,0.0,0.0,positive,Fail,50.0,5.0,5.0,Fail Box,Non-STEM Track,0.0,0.0,red,0,0,1,0,0,0,0,0,0,i chose the non-steam track thinking my previous results were lower than 50% correct,,Non-STEM Track,D,D,B,B,A,A,C,D,B,B,C,D,C,A,A,B,B,C,D,D,R,R,R,R,C,C,C,C,C,C,C,0
66f33be2bc0c71ae9547b7bb,699.0,7,Latino/Hispanic,High school diploma/A-levels,27,Male,Other,United States,United States,United States,English,No,DATA_EXPIRED,DDACDBBBDB,0.2,0.0,0.0,positive,Fail,20.0,7.0,7.0,Pass Box,Non-STEM Track,0.0,0.0,red,0,0,1,0,1,0,0,0,0,There’s a chance I could’ve got a harder math one and failed.,It was reminiscent of school. I don’t understand what you’re trying to accomplish so no feedback.,Non-STEM Track,D,D,D,B,A,A,C,C,D,B,B,D,B,A,B,B,D,C,B,C,R,C,C,C,C,C,C,C,C,C,C,0
641374feea489f74a9c8db95,1104.0,1897,White,Undergraduate degree (BA/BSc/other),28,Male,White,United States,United States,United States,English,No,Unemployed (and job seeking),AAABBCACBC,0.5,0.0,0.0,ground,Pass,50.0,5.0,5.0,Pass Box,STEM Track,0.0,0.0,red,0,0,1,0,0,0,0,0,0,For a chance at more money,No,STEM Track,A,B,A,A,A,C,B,A,B,A,C,D,A,C,C,A,B,B,C,C,R,R,R,R,R,C,C,C,C,C,C,1
6646081c27e58027db72b129,819.0,423,Mixed,High school diploma/A-levels,22,Male,Mixed,United States,United States,United States,English,Yes,Unemployed (and job seeking),DDABDABCBC,0.2,0.0,0.0,negative,Pass,0.0,0.0,0.0,Fail Box,STEM Track,0.0,0.0,red,0,0,1,0,1,0,0,0,0,"I'm pretty sure I did poorly on the first STEM quiz, so I figured I wasn't going to do any better on the second quiz.",No comments.,STEM Track,D,B,D,C,A,A,B,D,D,B,A,B,B,B,C,A,B,C,C,B,R,R,R,R,R,R,C,C,C,C,C,1
633f6d8b53e5f194a6f73724,884.0,1606,White,Graduate degree (MA/MSc/MPhil/other),44,Male,White,United States,United States,United States,English,No,Full-Time,DADABBDCB_,0.5,0.0,0.0,positive,Pass,60.0,5.0,4.0,Pass Box,Non-STEM Track,0.0,0.0,black,0,0,1,0,0,0,0,0,0,I am tired and the math requires a lot of thinking,this was an interesting study. thank you,Non-STEM Track,D,D,A,B,D,A,A,C,B,B,B,D,D,A,C,B,B,C,,D,R,R,R,R,R,C,C,C,C,C,C,0
66908468a367218ba2c439be,377.0,65,East Asian,High school diploma/A-levels,20,Male,Asian,United States,United States,United States,English,Yes,Part-Time,ACDBCADBAC,0.3,0.0,0.0,negative,Fail,30.0,2.0,4.0,Fail Box,Non-STEM Track,0.0,0.0,black,0,0,1,0,0,0,0,0,0,Becuase I gave up after the math portion,It was pretty fun,Non-STEM Track,A,D,C,B,D,A,B,C,C,B,A,D,D,A,B,B,A,C,C,D,R,C,C,C,C,C,C,C,C,C,C,0
66b8308b9c4b8eb534b5a45b,1316.0,230,White,Technical/community college,38,Male,White,United States,United States,United States,English,No,Full-Time,DA__BBDCCB,0.7,1.0,8.812,ground,Pass,50.0,6.0,6.0,Pass Box,STEM Track,0.0,0.0,red,0,0,1,0,0,0,0,0,0,"I was always better at stem subjects when I was in school, and there was no information about the non stem category. It could have been all questions I know nothing about, like basket weaving or something",Just reminds me how little I remember from my time in school.,STEM Track,D,B,A,B,,D,,C,B,A,B,D,D,C,C,A,C,B,B,C,R,R,R,R,R,C,C,C,C,C,C,1
63b7852af635d2133764fcc8,659.0,3399,Black/African American,Undergraduate degree (BA/BSc/other),44,Female,Black,United States,United States,United States,English,No,Full-Time,CBCBDBBDCB,0.5,0.0,0.0,positive,Pass,35.0,4.0,5.0,Fail Box,Non-STEM Track,0.0,0.0,red,0,1,1,0,0,0,0,0,0,Math is harder for me to recall and formulas are not the easiest when you have not done them in awhile,Fun,Non-STEM Track,C,D,B,B,C,A,B,C,D,B,B,D,B,A,D,B,C,C,B,D,R,R,C,C,C,C,C,C,C,C,C,0
610ccf09b1b0759b2668ded1,445.0,5329,White,Undergraduate degree (BA/BSc/other),44,Male,White,United States,United States,United States,English,No,Full-Time,AABAAAAAAA,0.2,0.0,0.0,positive,Pass,20.0,1.0,2.0,Fail Box,STEM Track,0.0,0.0,red,0,0,1,0,0,0,0,0,0,I like stem subjects,No feedback,STEM Track,A,B,A,A,B,C,A,B,A,A,A,B,A,C,A,B,A,A,A,A,R,R,R,R,R,R,C,C,C,C,C,1
66d8880a6b84a55da0e21a45,1112.0,65,South East Asian,Undergraduate degree (BA/BSc/other),33,Male,Asian,United States,United States,United States,Tagalog-Filipino,No,Full-Time,DADBDBDABB,0.5,0.0,0.0,positive,Pass,65.0,5.0,4.0,Pass Box,STEM Track,0.0,0.0,red,0,0,1,0,0,0,0,0,1,"I wanted to become a professional within the STEM field, such as an engineer.",The process tested math skills that were familiar to me though are not used in my day to day work.,STEM Track,D,B,A,C,D,C,B,C,D,A,B,D,D,C,A,C,B,C,B,C,R,R,R,R,R,R,R,R,R,R,C,1
669fdb306d5acea50129ac90,1192.0,27,Black/African American,Graduate degree (MA/MSc/MPhil/other),38,Male,Black,United States,United States,United States,English,No,Part-Time,ACCADDDCBA,0.4,0.0,0.0,negative,Fail,60.0,8.0,8.0,Pass Box,Non-STEM Track,0.0,0.0,black,0,0,1,0,0,0,0,0,0,i used my intuitions ,no,Non-STEM Track,A,D,C,B,C,A,A,B,D,B,D,D,D,A,C,B,B,C,A,B,R,C,C,C,R,R,C,C,R,R,R,0
5e6424248e335b000af4d6a3,713.0,575,White,Undergraduate degree (BA/BSc/other),27,Male,White,United States,United States,United States,English,DATA_EXPIRED,Part-Time,DDBBDADBBB,0.3,0.0,0.0,negative,Fail,62.0,6.0,5.0,Pass Box,Non-STEM Track,0.0,0.0,red,1,0,1,0,0,0,0,0,0,I wanted to see what the other quiz was like and to see how well I would do.,"I thought the process was good, would have like to see how I did after submitting a page",Non-STEM Track,D,D,D,B,B,A,B,C,D,B,A,D,D,A,B,B,B,C,B,D,R,R,R,C,C,C,C,C,C,C,C,0
668c8ffbae575baf6cad36f7,642.0,295,White,Undergraduate degree (BA/BSc/other),43,Male,White,United States,United States,United States,English,No,Full-Time,DCACACCBBB,0.1,0.0,0.0,positive,Fail,20.0,2.0,2.0,Fail Box,Non-STEM Track,0.0,0.0,red,0,0,1,0,0,0,0,0,0,im not good at stem,it was a good experience,Non-STEM Track,D,D,C,B,A,A,C,C,A,B,C,D,C,A,B,B,B,C,B,D,R,R,R,R,R,C,C,C,C,C,C,0
66bb7f23dfeb90cc288bd460,1189.0,102,White Mexican,High school diploma/A-levels,32,Male,White,United States,United States,United States,English,Yes,Part-Time,DBDBCAACBC,0.2,1.0,12.191,positive,Pass,75.0,4.0,2.0,Fail Box,STEM Track,0.0,0.0,red,0,0,1,0,0,1,0,0,0,I want the chance to continue going if I answered the certain amount correctly.,"The math problems were difficult. I remember learning some of them in school, but that was about 14 years ago.",STEM Track,D,B,B,D,D,B,B,C,C,B,A,D,A,C,C,C,B,C,C,B,R,R,R,R,R,C,C,C,C,C,C,1
6662149979f662803eff17de,1526.0,560,White,Undergraduate degree (BA/BSc/other),36,Male,White,United States,United States,United States,English,No,Full-Time,DA_CD_____,0.1,0.0,0.0,ground,Fail,50.0,3.0,3.0,Fail Box,STEM Track,0.0,0.0,black,0,0,1,0,0,0,0,0,0,Confident in my ability to earn the higher bonus,Experience was positive,STEM Track,D,B,A,,,A,C,,D,,,D,,C,,A,,,,,R,R,R,R,R,C,C,C,C,C,C,1
668ea84ebd40d8a08ffc47ce,868.0,402,White,High school diploma/A-levels,65,Male,White,United States,United States,Italy,English,No,"Not in paid work (e.g. homemaker', 'retired or disabled)",CDCCCCAAAD,0.1,0.0,0.0,positive,Fail,50.0,2.0,3.0,Fail Box,Non-STEM Track,0.0,0.0,red,0,1,0,0,0,0,0,0,0,safe-fair-realistic,Math is hard :),Non-STEM Track,C,D,D,B,C,A,C,B,C,B,C,D,A,A,A,B,A,C,D,D,R,C,C,C,C,C,C,C,C,C,C,0
66933bd9ffa8d76ccb02aa43,679.0,245,White,Undergraduate degree (BA/BSc/other),35,Male,White,United States,United States,United States,English,No,Unemployed (and job seeking),DAACCBDDBA,0.3,0.0,0.0,positive,Pass,25.0,2.0,2.0,Fail Box,Non-STEM Track,0.0,0.0,red,0,1,0,0,0,0,0,0,0,I’ve never been good with complex stem questions ,I didn’t like the stem but the rest was fun ,Non-STEM Track,D,D,A,B,A,A,C,C,C,B,B,D,D,A,D,B,B,C,A,D,R,R,R,R,R,R,C,R,C,C,C,0
5c9a7872e2a8d00001585513,888.0,1610,White,Undergraduate degree (BA/BSc/other),35,Male,White,United States,United States,United States,English,No,Unemployed (and job seeking),BABDDBDCAB,0.5,0.0,0.0,positive,Pass,20.0,2.0,3.0,Pass Box,Non-STEM Track,0.0,0.0,black,0,0,1,1,1,0,0,0,0,Easier to get correct answers.,Instructions were a little difficult to understand for the decisions after the STEM quiz.,Non-STEM Track,B,D,A,B,B,A,D,C,D,B,B,D,D,A,C,B,A,C,B,D,R,R,R,R,C,C,C,C,C,C,C,0
65e398ef884e5dd8e5970152,762.0,819,Latino/Hispanic,Technical/community college,34,Female,Other,United States,United States,United States,English,DATA_EXPIRED,DATA_EXPIRED,DCABBADBAC,0.3,0.0,0.0,negative,Pass,10.0,1.0,1.0,Fail Box,Non-STEM Track,0.0,0.0,red,0,0,1,0,0,0,0,0,0,I thought I would perform better.,It was fun.,Non-STEM Track,D,D,C,B,A,A,B,C,B,B,A,D,D,A,B,B,A,C,C,D,R,R,R,R,C,C,C,C,C,C,C,0
669b29f514caa691679be385,931.0,199,White,High school diploma/A-levels,22,Male,White,United States,United States,United States,English,Yes,Other,DABBABDCCB,0.7,0.0,0.0,ground,Fail,90.0,9.0,9.0,Fail Box,Non-STEM Track,0.0,0.0,black,0,0,1,0,1,0,0,0,0,I have never been good at math and I think I am better at other things.,I had fun. It felt like I was back in school again. I wish I knew the purpose of this test.,Non-STEM Track,D,D,A,B,B,A,B,C,A,B,B,D,D,A,C,B,C,C,B,D,R,R,R,R,R,C,C,C,C,C,C,0
661a91f75f980845e760cf62,1191.0,195,South Asian,Undergraduate degree (BA/BSc/other),23,Male,Asian,Pakistan,United States,United States,Urdu,Yes,Full-Time,CAABBBDCCC,0.7,0.0,0.0,ground,Pass,40.0,5.0,4.0,Pass Box,STEM Track,0.0,0.0,red,0,0,1,0,0,0,0,0,0,Better in math than english,"cool survey, liked the questions",STEM Track,C,B,A,D,A,C,B,B,B,A,B,D,D,C,C,A,C,C,C,C,R,R,R,R,C,C,C,C,C,C,C,1
5d0c46b3dff7d70019e6dda7,841.0,990,White,High school diploma/A-levels,39,Male,White,United States,United States,United States,English,DATA_EXPIRED,DATA_EXPIRED,DCBCCC____,0.0,0.0,0.0,negative,Pass,0.0,0.0,0.0,Pass Box,Non-STEM Track,0.0,0.0,red,0,0,1,0,0,0,0,0,0,I figured it'd be easier,It was easy,Non-STEM Track,D,D,C,B,B,A,C,C,C,B,C,D,,A,,B,,C,,D,R,R,R,R,R,C,C,C,C,C,C,0
5c1a7f152a85450001a876e0,597.0,4892,Black/African American,Undergraduate degree (BA/BSc/other),56,Male,Black,United States,United States,United States,English,DATA_EXPIRED,DATA_EXPIRED,DABCAACACB,0.3,2.0,3.637,negative,Pass,2.0,0.0,1.0,Pass Box,Non-STEM Track,1.0,3.991,red,0,0,1,0,0,0,0,0,0,My brain is tired,,Non-STEM Track,D,D,A,B,B,A,C,C,A,B,A,D,C,A,A,B,C,C,B,D,R,R,R,R,R,R,C,C,C,C,C,0
627448a7458cf55c0cdea3bb,409.0,2966,White,High school diploma/A-levels,30,Male,White,United States,United States,United States,English,Yes,DATA_EXPIRED,CABBBCCBBB,0.4,0.0,0.0,positive,Fail,20.0,2.0,7.0,Pass Box,Non-STEM Track,0.0,0.0,red,0,1,1,0,1,0,0,0,0,"I'm a former foster kid, I did my best in school but it's been a long time and a hard life since then. I went to over 12 schools overall.","It was okay, if I had the tools to do so I would have done a better job but alas my knowledge is still lacking in some crucial areas. ",Non-STEM Track,C,D,A,B,B,A,B,C,B,B,C,D,C,A,B,B,B,C,B,D,R,C,C,C,C,C,C,C,C,C,C,0
668f5c308e23cd8a217c5dfe,603.0,25,White,High school diploma/A-levels,18,Male,White,United States,United States,United States,English,Yes,Other,BAABBACDBB,0.4,0.0,0.0,negative,Pass,50.0,4.0,2.0,Pass Box,Non-STEM Track,0.0,0.0,red,1,0,1,0,0,0,0,0,0,I chose it because I felt that I could get more right on the Non-STEM track. ,It was good ,Non-STEM Track,B,A,A,B,A,A,B,D,B,B,A,D,C,A,D,D,B,C,B,D,R,R,R,R,R,C,C,C,C,C,C,0
632339023c3bf456b2b2061d,745.0,302,Latino/Hispanic,High school diploma/A-levels,46,Male,Other,United States,United States,United States,English,No,Full-Time,DBDDBBDCAB,0.5,0.0,0.0,positive,Fail,70.0,6.0,6.0,Fail Box,Non-STEM Track,0.0,0.0,red,0,0,1,0,0,1,0,0,0,I didn't trust my ability to get the answers right.,,Non-STEM Track,D,D,B,B,D,A,D,C,B,B,B,D,D,A,C,B,A,C,B,C,R,R,R,R,R,C,C,C,C,C,C,0
66f1dc27b04f13110f25da48,704.0,25,White,High school diploma/A-levels,24,Male,White,United States,United States,United States,English,No,DATA_EXPIRED,BAADCCADDA,0.1,0.0,0.0,negative,Fail,33.0,4.0,4.0,Fail Box,Non-STEM Track,0.0,0.0,red,0,0,1,0,1,0,0,0,0,It's been a while since I had to deal with STEM related questions and I felt like I wouldn't be able to properly answer them in the time given to a successful degree.,It was stressful but fun!,Non-STEM Track,B,D,A,B,A,A,D,C,C,B,C,D,A,A,D,B,D,C,A,D,R,R,R,R,C,C,C,C,C,C,C,0
66b2062c8571c93aa39a8abc,1276.0,62,White,High school diploma/A-levels,22,Male,White,United States,United States,United States,English,No,Unemployed (and job seeking),CABCABCDAA,0.2,0.0,0.0,positive,Fail,35.0,2.0,4.0,Fail Box,Non-STEM Track,0.0,0.0,red,0,0,1,0,0,1,0,0,0,I was not confident in my ability to answer the stem related questions because I could not remember how to solve a lot of the questions in the first test. ,my experience was fine i just wish i had more time to try and solve the first batch of stem questions. ,Non-STEM Track,C,D,A,B,B,A,C,C,A,B,B,D,C,A,D,B,A,C,A,D,R,R,R,R,C,C,C,C,C,C,C,0
6145a88c94a2c86532d36b0f,856.0,2880,Latino/Hispanic,High school diploma/A-levels,26,Male,Other,United States,United States,United States,English,Yes,Full-Time,AADBABCBBC,0.4,0.0,0.0,positive,Fail,100.0,5.0,5.0,Pass Box,Non-STEM Track,0.0,0.0,red,0,0,0,0,1,0,0,0,0,Math takes much longer ,,Non-STEM Track,A,D,A,B,D,A,B,C,A,B,B,D,C,A,B,B,B,C,C,D,R,R,R,R,R,R,R,R,R,R,C,0
66b8051213c46524cf76d1a2,881.0,41,White,Undergraduate degree (BA/BSc/other),22,Male,White,United States,United States,United States,English,Yes,DATA_EXPIRED,DAABDBDBDB,0.5,0.0,0.0,positive,Fail,50.0,8.0,7.0,Fail Box,STEM Track,0.0,0.0,red,0,0,1,0,0,0,0,0,0,I have always done somewhat well in the STEM field previously.,No feedback,STEM Track,D,B,A,B,A,C,B,C,D,A,B,D,D,C,B,A,D,B,B,C,R,R,R,R,R,R,C,C,C,C,C,1
6678c37722059e0a2e718dbb,966.0,185,White,Technical/community college,69,Male,White,United States,United States,United States,English,No,DATA_EXPIRED,DCCBDCBACC,0.3,0.0,0.0,positive,Fail,10.0,2.0,4.0,Fail Box,Non-STEM Track,0.0,0.0,red,0,0,1,0,0,0,0,0,0,go big or go home,tough,Non-STEM Track,D,A,C,A,C,A,B,C,D,B,C,B,B,A,A,C,C,C,C,D,R,R,C,C,C,C,C,C,C,C,C,0
641c6e365da0d222c4471854,526.0,414,White,High school diploma/A-levels,20,Male,White,United States,United States,United States,English,DATA_EXPIRED,DATA_EXPIRED,DABBCABBDB,0.3,0.0,0.0,positive,Fail,90.0,3.0,10.0,Fail Box,Non-STEM Track,0.0,0.0,red,0,0,1,0,0,0,0,0,0,I thought it would be a waste of my time as I was not going to get the questions correct.,"I enjoyed it, it was a fun experience.",Non-STEM Track,D,D,A,B,B,A,B,C,C,B,A,D,B,A,B,B,D,C,B,D,R,C,C,C,C,C,C,C,C,C,C,0
66abec2fd3d6ab33fb42bd60,683.0,227,White,Graduate degree (MA/MSc/MPhil/other),36,Male,White,United States,United States,United States,English,No,Full-Time,BDCDBCADCB,0.4,0.0,0.0,positive,Pass,10.0,2.0,3.0,Pass Box,Non-STEM Track,0.0,0.0,black,0,0,1,0,0,0,0,0,0,I didn’t really know any of the math questions as it has been years since I’ve done those kind of equations. ,,Non-STEM Track,B,D,D,B,C,A,D,C,B,B,C,D,A,A,D,B,C,C,B,D,R,R,R,R,C,C,C,C,C,C,C,0
58578946c41fd90001434680,1125.0,4698,White,High school diploma/A-levels,69,Male,White,United States,United States,United States,English,No,"Not in paid work (e.g. homemaker', 'retired or disabled)",BCBCBCACCC,0.3,0.0,0.0,positive,Pass,20.0,2.0,2.0,Fail Box,Non-STEM Track,0.0,0.0,red,0,0,1,0,0,0,0,0,0,The math questions were too difficult for me. ,The STEM test was very difficult and honestly made me feel completely out of my element but I know I aced the second test so I feel a bit better about myself.,Non-STEM Track,B,D,C,B,B,A,C,C,B,B,C,D,A,A,C,B,C,C,C,D,R,R,R,R,R,C,C,C,C,C,C,0
642ee1cb7e6da0f6158a6743,1356.0,3142,White,Undergraduate degree (BA/BSc/other),63,Male,White,United States,United States,United States,English,No,"Not in paid work (e.g. homemaker', 'retired or disabled)",CBDAABBBCC,0.2,0.0,0.0,ground,Fail,50.0,2.0,3.0,Fail Box,Non-STEM Track,0.0,0.0,black,0,0,1,0,0,0,0,0,0,"As much as I enjoy science-math my math skills are absent to solve those problems. I am 63 years old and last college math class was 40 years ago, and thought I would give the non-stem a whirl since I thought my odds of getting a right answer were greater.","That was a challenging stem test for me, the non-stem test seemed way too easy.",Non-STEM Track,C,D,B,B,D,A,A,C,A,B,B,D,B,A,B,B,C,C,C,D,R,R,R,R,R,C,C,C,C,C,C,0
664657170bccfb6ddea4249c,308.0,597,White,Undergraduate degree (BA/BSc/other),32,Male,White,United States,United States,United States,English,No,Full-Time,DCBDABCBCB,0.3,0.0,0.0,ground,Pass,2.0,1.0,2.0,Pass Box,Non-STEM Track,0.0,0.0,red,0,0,1,0,0,0,0,0,0,I'm stronger with non-STEM subjects.,It was fine.,Non-STEM Track,D,D,C,B,B,A,D,C,A,B,B,D,C,A,B,B,C,C,B,D,R,R,R,R,R,R,C,C,C,C,C,0
60a48adfe091e410f4eaba34,699.0,6659,White,Undergraduate degree (BA/BSc/other),31,Male,White,United States,United States,United States,English,DATA_EXPIRED,DATA_EXPIRED,AACACBBCAB,0.6,0.0,0.0,positive,Pass,50.0,3.0,3.0,Fail Box,STEM Track,0.0,0.0,red,0,0,1,0,0,0,0,0,0,I was hoping I could win some money,It was fine,STEM Track,A,B,A,B,C,A,A,A,C,B,B,B,B,B,C,C,A,B,B,A,R,R,R,R,R,C,C,C,C,C,C,1
6663c41c8e2b0242b66198ec,967.0,91,East Asian,Undergraduate degree (BA/BSc/other),42,Male,Asian,United States,United States,United States,English,No,Full-Time,BDBBBBDADA,0.4,0.0,0.0,positive,Fail,50.0,3.0,8.0,Fail Box,STEM Track,0.0,0.0,red,0,0,1,0,0,0,0,0,0,sounded interesting,no,STEM Track,B,B,D,D,B,C,B,A,B,B,B,D,D,C,A,B,D,D,A,C,R,R,R,R,R,R,C,C,C,C,C,1
5bdbce5593c9ba0001ef52a0,846.0,3076,White,High school diploma/A-levels,28,Male,White,United States,United States,United States,English,No,Unemployed (and job seeking),DABCC_____,0.1,0.0,0.0,ground,Pass,10.0,0.0,1.0,Pass Box,Non-STEM Track,0.0,0.0,red,0,0,1,0,0,0,0,0,0,"I'm horrible at math as soon as it starts involving letters and equations, having repeated one math class twice in high school due to just not 'getting it.'",Good god am I terrible at mathematics.,Non-STEM Track,D,D,A,B,B,A,C,C,C,B,,D,,A,,B,,C,,D,R,R,R,R,C,C,C,C,C,C,C,0
628eab48a8c8dc1ecec338dd,1318.0,3582,White,Undergraduate degree (BA/BSc/other),30,Male,White,United States,United States,United States,English,No,Full-Time,AABCDCDBBB,0.4,0.0,0.0,negative,Pass,50.0,4.0,4.0,Pass Box,STEM Track,0.0,0.0,red,0,0,1,0,0,0,0,0,0,Because I enjoy science and environmental issues.,fine. no.,STEM Track,A,B,A,B,B,C,C,C,D,A,C,D,D,C,B,A,B,C,B,C,R,R,R,R,R,C,C,C,C,C,C,1
615c777509f34c8977bc45a7,809.0,5247,White,Technical/community college,35,Male,White,United States,United States,United States,English,No,Full-Time,AADBBCDCDB,0.7,0.0,0.0,positive,Pass,87.0,7.0,6.0,Pass Box,Non-STEM Track,0.0,0.0,red,0,0,1,1,0,0,0,0,0,"I was not expecting a STEM related exam, to be honest. I was a little burnt out already given it's nearing 7:30pm after doing the first track, hence the non-stem answer.","I might not have done this given the description had it said ""exam related questionnaire"" to be honest. Not a bad thing, necessarily. ",Non-STEM Track,A,D,A,B,D,A,B,C,B,B,C,D,D,A,C,B,D,C,B,D,R,R,R,R,R,R,R,C,C,C,C,0
65198f8427370d082c643285,806.0,421,Latino/Hispanic,High school diploma/A-levels,21,Male,Other,United States,United States,United States,Spanish,Yes,Part-Time,ADCCDCCCBC,0.3,0.0,0.0,negative,Fail,95.0,9.0,9.0,Fail Box,STEM Track,0.0,0.0,black,0,0,1,0,0,0,0,0,0,"Because, my passion is stem related.","yeah, you should have given us more time to solve the math problem.",STEM Track,A,C,D,C,C,C,C,C,D,C,C,D,C,B,C,C,B,C,C,C,R,C,C,R,C,R,C,C,C,C,C,1
667c6cdf30aebf82d16ebaf6,1683.0,276,Black/African American,Undergraduate degree (BA/BSc/other),21,Female,Mixed,Ghana,United States,United States,English,Yes,Other,DABBCBCCBA,0.4,0.0,0.0,positive,Fail,99.0,5.0,5.0,Pass Box,STEM Track,0.0,0.0,red,0,0,0,0,0,0,0,0,1,I have an interest in STEM,NO,STEM Track,D,B,A,C,B,A,B,A,C,A,B,D,C,B,C,A,B,B,A,C,R,R,R,R,R,C,C,C,C,C,C,1
6291293b4da216ae257c1867,1760.0,843,White,Undergraduate degree (BA/BSc/other),36,Male,White,United States,United States,United States,English,No,Part-Time,DACBDBDCCB,0.8,2.0,2.261,positive,Pass,100.0,10.0,8.0,Pass Box,STEM Track,0.0,0.0,black,0,0,1,0,0,0,0,0,0,My background is in STEM.,Everything went well,STEM Track,D,B,A,B,C,C,B,C,D,A,B,D,D,C,C,A,C,C,B,C,R,R,R,R,R,R,C,C,C,C,C,1
5e69d69465f14102e116627b,972.0,1735,Latino/Hispanic,High school diploma/A-levels,32,Male,Other,United States,United States,Puerto Rico,English,No,Part-Time,BACBDBCDBB,0.5,0.0,0.0,negative,Pass,10.0,3.0,4.0,Fail Box,Non-STEM Track,0.0,0.0,red,0,0,1,0,0,0,0,0,0,Felt like I had a better chance on something else after how bad I did on the STEM track.,"The experience was fine, probably not my best performance but I tried my best",Non-STEM Track,B,D,A,B,C,A,B,C,D,B,B,D,C,A,D,B,B,C,B,D,R,R,R,R,C,C,C,C,C,C,C,0
66da5c48c2eae634acb3ccbe,1381.0,73,Mixed,Technical/community college,45,Female,Black,United States,United States,United States,English,No,Other,DCDDBC____,0.1,1.0,3.327,negative,Pass,0.0,0.0,0.0,Pass Box,Non-STEM Track,0.0,0.0,red,0,0,1,0,0,0,0,0,0,Im bad at math.,Math is scary lol. Great job!,Non-STEM Track,D,D,C,B,D,A,D,C,B,B,C,D,,A,,B,,C,,D,R,R,R,R,R,R,C,C,C,C,C,0
5e30dae130e5260d9c345bac,660.0,2503,White,Graduate degree (MA/MSc/MPhil/other),43,Male,White,United States,United States,United States,English,No,Full-Time,CCCCCCCCCC,0.3,0.0,0.0,ground,Pass,25.0,2.0,2.0,Fail Box,Non-STEM Track,0.0,0.0,red,0,1,1,0,0,0,0,0,0,"The first 10 math questions I could probably solve with more time, but I would need a lot more time.",I think most people will fail the 10 math questions in 8 minutes.,Non-STEM Track,C,D,C,B,C,A,C,C,C,B,C,D,C,A,C,B,C,C,C,D,R,R,R,R,C,C,C,C,C,C,C,0
66d5b1868358bf809fcfc0f0,1466.0,39,Black/African American,High school diploma/A-levels,42,Female,Mixed,United States,United States,United States,English,No,Full-Time,ACCBACCBDC,0.3,0.0,0.0,positive,Pass,20.0,0.0,3.0,Pass Box,STEM Track,0.0,0.0,black,0,1,0,0,0,0,1,0,0,I wanted to challenge myself with math.,I feel less confident in math now.  This was definitely a challenge that I was not prepared for.  Had fun trying.,STEM Track,A,C,C,C,C,D,B,C,A,B,C,C,C,C,B,B,D,A,C,B,R,R,R,R,R,R,R,R,R,R,C,1
64077ddd11208afe2bec171a,2456.0,3074,White,High school diploma/A-levels,28,Male,White,United States,United States,United States,English,No,DATA_EXPIRED,BCBAADBCDA,0.1,0.0,0.0,positive,Fail,25.0,3.0,4.0,Fail Box,Non-STEM Track,0.0,0.0,red,0,0,1,0,1,0,0,0,0,I didn't believe I could get enough questions on the STEM track correct.,I had a good experience and everything went well.,Non-STEM Track,B,D,C,B,B,A,A,C,A,B,D,D,B,A,C,B,D,C,A,D,R,R,R,R,R,R,C,C,C,C,C,0
663ff3e539df6ec6f060f875,683.0,534,White,High school diploma/A-levels,26,Female,White,United States,United States,United States,English,No,Unemployed (and job seeking),ABCBDBCB__,0.4,0.0,0.0,ground,Pass,0.0,0.0,0.0,Fail Box,Non-STEM Track,0.0,0.0,red,0,0,1,1,0,1,0,0,0,Because I'm terrible at math. I was in school and I still am,"It was very confusing, but enjoyable.",Non-STEM Track,A,D,B,B,C,A,B,C,D,B,B,D,C,A,B,B,,C,,D,C,C,C,C,C,C,C,C,C,C,C,0
663abe859bcc3ea8ef9bbdf3,815.0,676,Mixed,Undergraduate degree (BA/BSc/other),58,Female,Black,United States,United States,United States,English,No,"Not in paid work (e.g. homemaker', 'retired or disabled)",ADDDACBABA,0.1,0.0,0.0,positive,Fail,20.0,2.0,5.0,Not Sure,Non-STEM Track,0.0,0.0,red,0,0,1,0,0,0,0,0,0,I wasn't  sure if i would pass the test,it was challenging ,Non-STEM Track,A,D,D,B,D,A,D,C,A,B,C,D,B,A,A,B,B,C,A,D,R,R,R,C,C,C,C,C,C,C,C,0
67358127d2ddef8a950df734,662.0,9,East Asian,Undergraduate degree (BA/BSc/other),21,Male,Asian,United States,United States,Vietnam,English,Yes,Part-Time,AAABACDACB,0.6,0.0,0.0,negative,Pass,60.0,5.0,5.0,Pass Box,STEM Track,0.0,0.0,red,0,0,1,0,0,0,0,0,0,To test my abilities ,not too bad,STEM Track,A,B,A,A,A,C,B,C,A,A,C,D,D,C,A,A,C,B,B,C,R,R,R,R,R,R,R,R,R,R,C,1
63368a7379eb43fa2105d971,745.0,4841,White,Technical/community college,40,Male,White,United States,United States,United States,English,No,Full-Time,BBBCDACADC,0.0,0.0,0.0,negative,Fail,5.0,2.0,1.0,Fail Box,Non-STEM Track,1.0,2.52,black,0,0,1,0,0,0,0,0,0,I am horrible at those problems ,Very anxiety provoking ,Non-STEM Track,B,D,B,B,B,A,C,C,D,B,A,D,C,A,A,B,D,C,C,D,R,R,R,R,R,C,C,C,C,C,C,0
63614a46bd1e8547e0a8b8ba,1087.0,1771,White,High school diploma/A-levels,33,Male,White,United States,United States,United States,English,No,Full-Time,BCBAABCCDA,0.2,1.0,0.72,ground,Pass,10.0,2.0,2.0,Fail Box,Non-STEM Track,1.0,0.74,red,0,0,0,1,0,0,0,0,0,i'm not knowledgeable in the STEM area.,simple & straightforward,Non-STEM Track,B,D,C,B,B,A,A,C,A,B,B,D,C,A,C,B,D,C,A,D,R,R,R,R,C,C,C,C,C,C,C,0
673350bbb92b09a7fbbb2f3f,2500.0,0,White,Graduate degree (MA/MSc/MPhil/other),34,Female,White,United States,United States,United States,English,DATA_EXPIRED,DATA_EXPIRED,__________,0.0,0.0,0.0,ground,Fail,60.0,4.0,6.0,Pass Box,Non-STEM Track,0.0,0.0,black,0,0,1,0,0,0,0,0,0,It has good education quality, The experience was great,Non-STEM Track,,,,,,,,,,,,,,,,,,,,,R,C,C,C,C,C,C,C,C,C,C,0
65957fe9e5da382be7bf68df,698.0,196,South East Asian,Undergraduate degree (BA/BSc/other),29,Female,Asian,United States,United States,United States,English,No,DATA_EXPIRED,DAACBBDCBA,0.5,1.0,1.441,negative,Pass,50.0,4.0,5.0,Fail Box,Non-STEM Track,0.0,0.0,red,0,1,0,0,0,0,1,0,0,I feel more confident with non-stem subjects ,No additional feedback,Non-STEM Track,D,D,A,B,A,A,C,C,B,B,B,D,D,A,C,B,B,C,A,D,R,R,C,C,C,C,C,C,C,C,C,0
67354657253f396591767b63,1194.0,16,White,Undergraduate degree (BA/BSc/other),24,Male,White,United States,United States,United States,English,No,Full-Time,DAABDBCAD_,0.3,0.0,0.0,positive,Fail,70.0,5.0,5.0,Not Sure,STEM Track,0.0,0.0,red,0,1,1,1,0,0,0,0,0,I am an engineer,Fun but it made me feel like I need to take a math course again,STEM Track,D,B,A,B,A,D,B,C,D,A,B,D,C,C,A,A,D,,,C,R,R,R,R,R,R,C,C,C,C,C,1
6646448ac83b162ea65a4fff,860.0,460,White,Graduate degree (MA/MSc/MPhil/other),29,Female,White,United States,United States,United States,English,No,Full-Time,BCBBDACCC_,0.3,0.0,0.0,ground,Fail,90.0,0.0,5.0,Fail Box,Non-STEM Track,0.0,0.0,black,0,0,1,0,0,0,0,0,0,"I am literally terrible at math, and I prefer English literature and history.",I was embarrassed about my abysmal math skills but felt pretty confident with the vocabulary questions. ,Non-STEM Track,B,D,C,B,B,A,B,C,D,B,A,D,C,A,C,B,C,C,,D,R,R,R,R,R,R,R,R,R,R,R,0
66fc12c9f1dfb65972597a3f,839.0,133,Latino/Hispanic,Undergraduate degree (BA/BSc/other),29,Female,White,United States,United States,Cuba,Spanish,Yes,Full-Time,DADBB_____,0.3,3.0,8.479,ground,Fail,50.0,5.0,5.0,Fail Box,Non-STEM Track,2.0,0.779,black,0,0,1,0,1,1,0,0,0,i decided to choose the non stem track because i wasn't able to finish all of the math questions on section 2 so i got nervous,it was fun i just wish i had noticed there was a timer for section 2,Non-STEM Track,D,D,A,B,D,A,B,C,B,B,,D,,A,,B,,C,,C,R,R,R,C,C,C,C,C,C,C,C,0
67357e87a8bbd1bf5737b12f,879.0,11,White,Doctorate degree (PhD/other),40,Female,White,United States,United States,United States,English,No,Part-Time,DCBC______,0.0,0.0,0.0,negative,Fail,50.0,1.0,1.0,Fail Box,Non-STEM Track,0.0,0.0,black,0,0,1,0,0,0,0,0,0,I'm not great at math,this was confusing,Non-STEM Track,D,D,C,B,B,A,C,C,,B,,D,,A,,B,,C,,D,R,R,R,C,C,C,C,C,C,C,C,0
671c1279b3833d369b3a5531,1791.0,0,Black/African American,Undergraduate degree (BA/BSc/other),29,Male,Black,Ghana,United States,United States,English,DATA_EXPIRED,DATA_EXPIRED,ACCBBADCBC,0.6,1.0,2.225,negative,Fail,70.0,7.0,8.0,Fail Box,STEM Track,2.0,10.872,black,0,0,1,0,0,0,0,0,0,I decided to choose the stem track because I wanted to work on the task,It was a nice experience and the task involves a lot of thinking,STEM Track,A,B,C,A,C,C,B,A,B,A,A,D,D,C,C,A,B,B,C,C,R,C,C,C,C,C,C,C,C,C,C,1
67337ca58aad7d9595168322,1042.0,18,Black/African American,Graduate degree (MA/MSc/MPhil/other),37,Male,Black,United States,United States,United States,English,Yes,Part-Time,ACABBBDCCB,0.8,1.0,2.23,positive,Pass,80.0,7.0,6.0,Pass Box,Non-STEM Track,0.0,0.0,red,0,0,1,0,0,0,0,0,0,I chose it before it will be less tasking.,The task was a little bit challenging but I enjoyed it.,Non-STEM Track,A,D,C,B,A,A,B,C,B,B,B,D,D,A,C,B,C,C,B,D,R,R,R,R,R,R,C,C,C,C,C,0
55d3586fda14d7000e9531d9,787.0,2648,White,Undergraduate degree (BA/BSc/other),33,Female,White,United States,United States,United States,English,DATA_EXPIRED,Part-Time,ACDBACDCAC,0.4,0.0,0.0,negative,Fail,100.0,6.0,5.0,Pass Box,Non-STEM Track,0.0,0.0,red,0,0,1,0,0,0,0,0,0,It would be easier for me to answer correctly,Good,Non-STEM Track,A,D,C,B,D,A,B,C,A,B,C,D,D,A,C,B,A,C,C,D,R,R,R,R,R,R,C,C,C,C,C,0
66f2afde336a7132150eabe6,530.0,85,White,Technical/community college,31,Female,White,United States,United States,United States,English,No,"Not in paid work (e.g. homemaker', 'retired or disabled)",ABDCDCDBAB,0.3,0.0,0.0,ground,Fail,20.0,3.0,5.0,Fail Box,Non-STEM Track,0.0,0.0,black,0,0,1,0,0,0,0,0,0,I am not great with math and STEM related questions.,na,Non-STEM Track,A,D,B,B,D,A,C,C,D,B,C,D,D,A,B,B,A,C,B,D,R,R,R,R,R,R,R,C,C,C,C,0
63ed36862c7f66f95ab44d1b,533.0,317,Mixed,High school diploma/A-levels,42,Male,White,United States,United States,United States,English,DATA_EXPIRED,DATA_EXPIRED,AAAAAAAAAA,0.2,0.0,0.0,ground,Pass,0.0,0.0,0.0,Pass Box,Non-STEM Track,0.0,0.0,red,0,0,1,0,0,0,0,0,0,I have a better understanding and am more adept at using things like language and logic than unfamiliar math. ,"The initial math quiz threw me off, I wasn't expecting to be dumped into a math quiz right off the bat lol. ",Non-STEM Track,A,D,A,B,A,A,A,C,A,B,A,D,A,A,A,B,A,C,A,D,R,R,R,R,R,C,C,C,C,C,C,0
60871d664054c52f5b2741ae,457.0,1716,White,Undergraduate degree (BA/BSc/other),52,Female,White,United States,United States,United States,English,No,Full-Time,BABDCAAADB,0.2,0.0,0.0,ground,Pass,10.0,1.0,1.0,Pass Box,Non-STEM Track,0.0,0.0,red,0,1,0,0,0,0,0,0,0,I am not good at STEM subjects.,A little overwhelming.  I didn't know how to compute any of those math problems.  ,Non-STEM Track,B,D,A,B,B,A,D,C,C,B,A,D,A,A,A,B,D,C,B,D,R,R,R,R,R,R,C,C,C,C,C,0
66c75aaf68881d4b4e1248b6,858.0,210,Latino/Hispanic,Undergraduate degree (BA/BSc/other),49,Female,Other,United States,United States,United States,English,No,DATA_EXPIRED,DABCBB____,0.3,0.0,0.0,ground,Fail,50.0,1.0,5.0,Fail Box,Non-STEM Track,0.0,0.0,black,1,1,1,0,0,0,0,0,0,THe Stem track was hard!,It was difficult and stressfull because the timer malke me feel rushed and the questions took me some time to breakdown and attempt to calculate.,Non-STEM Track,D,D,A,B,B,A,C,C,B,B,B,D,,A,,B,,C,,D,R,R,R,R,R,C,C,C,C,C,C,0
6732fe93f2e4c4706cc58ec0,1552.0,1,White,Graduate degree (MA/MSc/MPhil/other),33,Female,White,United States,United States,United States,English,DATA_EXPIRED,DATA_EXPIRED,DADDACDAAA,0.2,1.0,7.478,negative,Fail,70.0,4.0,5.0,Pass Box,Non-STEM Track,0.0,0.0,red,0,1,0,0,0,0,0,0,0,the previous questions were tidious,no,Non-STEM Track,D,C,A,B,D,A,D,B,A,B,C,D,D,A,A,B,A,C,A,D,R,R,R,R,R,C,C,C,C,C,C,0
5e2610aad15fdb000c054503,1420.0,5732,White,Undergraduate degree (BA/BSc/other),60,Male,White,United States,United States,United States,English,No,Full-Time,DABCDACCCB,0.4,0.0,0.0,positive,Pass,70.0,5.0,4.0,Pass Box,STEM Track,0.0,0.0,black,0,0,1,0,0,0,0,0,0,I enjoy Stem subjects more than others.,"This was very fun! Given a bit more time, I am sure that I could've gotten more problems right, but rthe time limit was frazzling me!",STEM Track,D,A,A,A,B,B,C,C,D,A,A,D,C,C,C,A,C,C,B,C,R,R,R,R,R,C,C,C,C,C,C,1
65a2bed50652b97162516095,900.0,714,South East Asian,Undergraduate degree (BA/BSc/other),27,Female,Asian,United States,United States,United States,Khmer,Yes,DATA_EXPIRED,DCAADDABCC,0.1,0.0,0.0,ground,Fail,25.0,2.0,10.0,Fail Box,Non-STEM Track,0.0,0.0,black,0,0,1,0,0,0,0,0,0,Not strong in math,It was stressful reading and answering the first part of the survey when asked stem questions,Non-STEM Track,D,D,C,B,A,A,A,C,D,B,D,D,A,A,B,B,C,C,C,B,R,R,R,R,R,C,C,C,C,C,C,0
6413c7853eba2b2215197ff4,669.0,2254,White,Technical/community college,69,Female,White,United States,United States,United States,English,No,Other,BBCBCDBDBB,0.3,0.0,0.0,ground,Pass,0.0,0.0,0.0,Not Sure,STEM Track,0.0,0.0,red,0,0,1,0,0,0,0,0,0,Predictable misery vs fear of the unknown?,I don't know how to do algebra. It's kind of embarrassing.,STEM Track,B,C,B,C,C,B,B,D,C,A,D,D,B,D,D,C,B,B,B,C,R,R,R,R,R,C,C,C,C,C,C,1
666096aa3e8745239c08f8b1,905.0,244,Latino/Hispanic,Technical/community college,32,Female,Mixed,United States,United States,United States,English,No,Part-Time,AAAAA_AC__,0.3,1.0,1.467,ground,Fail,24.0,3.0,4.0,Fail Box,Non-STEM Track,0.0,0.0,black,0,0,1,0,0,0,0,0,0,I am not good at math and thought I'd do better at something else,I tried on the math part but I know I didn't do good. I mostly guessed or tried to make an educated guess.,Non-STEM Track,A,D,A,B,A,A,A,C,A,B,,D,A,A,C,B,,C,,D,R,R,R,R,R,R,C,C,C,C,C,0
65f835fa888514d736f32ece,621.0,261,White,Undergraduate degree (BA/BSc/other),31,Female,White,United States,United States,United States,English,DATA_EXPIRED,"Not in paid work (e.g. homemaker', 'retired or disabled)",DACABCCDBB,0.4,0.0,0.0,negative,Pass,0.0,0.0,0.0,Fail Box,STEM Track,0.0,0.0,red,0,0,1,0,0,0,0,0,0,Because I'm not good at math so I figured I could pick the answer that looks like the outlier for each answer and have a good shot at getting zero of them correct. ,Was a bit confusing on the wording but it ended up being okay. ,STEM Track,D,A,A,D,C,D,A,A,B,A,C,A,C,A,D,A,B,A,B,A,R,R,R,R,R,C,C,C,C,C,C,1
668a0371be5eedd5c545e1ff,968.0,226,White,Technical/community college,53,Female,White,United States,United States,United States,English,No,Part-Time,BABCBDACDC,0.3,0.0,0.0,negative,Fail,50.0,3.0,5.0,Fail Box,Non-STEM Track,0.0,0.0,black,0,0,1,0,0,0,0,0,0,difficulty,the math was more difficult ,Non-STEM Track,B,D,A,B,B,A,C,C,B,B,D,D,A,A,C,B,D,C,C,D,R,R,R,R,R,R,R,C,C,C,C,0
672298d38faba7cd4fdf3679,1227.0,56,Black/African American,Undergraduate degree (BA/BSc/other),24,Female,Black,United States,United States,United States,English,No,Full-Time,BABCCBACBA,0.3,0.0,0.0,positive,Fail,20.0,4.0,4.0,Fail Box,STEM Track,0.0,0.0,red,0,0,1,0,1,0,0,0,0,$2 for 4 questions was a better chance than $.20 for each question.,Stressful,STEM Track,B,C,A,C,B,D,C,C,C,A,B,D,A,C,C,A,B,C,A,C,R,R,R,R,R,R,R,C,C,C,C,1
66e8ab881b2f3a27ce5ffb32,931.0,261,White,High school diploma/A-levels,25,Female,White,United States,United States,United States,English,No,"Not in paid work (e.g. homemaker', 'retired or disabled)",AACABBDDAC,0.6,0.0,0.0,ground,Pass,20.0,2.0,2.0,Pass Box,STEM Track,0.0,0.0,red,0,0,1,0,0,0,0,0,0,I love solving math problems,"good, thank you",STEM Track,A,B,A,C,C,C,A,B,B,C,B,D,D,D,D,A,A,C,C,C,R,R,R,R,R,C,C,C,C,C,C,1
6637fc287f16270ca8025b20,683.0,455,East Asian,Undergraduate degree (BA/BSc/other),30,Male,Asian,United States,United States,Korea,English,DATA_EXPIRED,DATA_EXPIRED,DACBBDDBCA,0.6,0.0,0.0,positive,Pass,40.0,4.0,6.0,Pass Box,Non-STEM Track,0.0,0.0,black,0,0,1,0,0,0,0,0,0,I did not have the confidence to answer those questions,it was interesting to see these types of problems again,Non-STEM Track,D,D,A,B,C,A,B,C,B,B,D,D,D,A,B,B,C,C,A,D,R,R,R,R,R,R,R,C,C,C,C,0
5fd4814a3f26f11eb67b686c,783.0,805,East Asian,Technical/community college,26,Male,Asian,United States,United States,United States,English,Yes,DATA_EXPIRED,CABCBBDCBA,0.5,0.0,0.0,negative,Pass,30.0,3.0,4.0,Pass Box,STEM Track,0.0,0.0,red,0,0,1,0,0,0,0,0,0,I think I trust in my previous education enough to choose the STEM track.,"The experience was smooth, not much ""interference"" when going through the sections.",STEM Track,C,B,A,A,B,C,C,A,B,A,B,D,D,C,C,B,B,B,A,C,R,R,R,R,R,C,C,C,C,C,C,1
672872eabd3885faa5ee4260,866.0,15,Black/African American,Graduate degree (MA/MSc/MPhil/other),27,Male,Black,Kenya,United States,United States,English,Yes,Part-Time,ACABBBDCCB,0.8,0.0,0.0,positive,Pass,80.0,7.0,6.0,Pass Box,Non-STEM Track,0.0,0.0,red,0,0,1,0,0,0,0,0,0,Because I don't really like anything that involve much mathematics,I had a nice time ,Non-STEM Track,A,D,C,B,A,A,B,C,B,B,B,D,D,A,C,B,C,C,B,D,R,R,R,R,R,R,C,C,C,C,C,0
6647b89b36a2cd9d343fe7c1,564.0,269,White,Undergraduate degree (BA/BSc/other),35,Female,White,United States,United States,United States,English,No,Unemployed (and job seeking),DABDDDBCBA,0.2,0.0,0.0,ground,Fail,20.0,3.0,3.0,Fail Box,Non-STEM Track,0.0,0.0,black,0,0,1,0,0,0,0,0,0,I liked my odds better with answers counting individually towards rewards.,Everything was fine.,Non-STEM Track,D,D,A,B,B,A,D,C,D,B,D,D,B,A,C,B,B,C,A,D,R,R,R,R,R,C,C,C,C,C,C,0
62fd76d3f0824c29d4b1e6bd,895.0,2024,White,High school diploma/A-levels,31,Male,White,United States,United States,United States,English,No,Part-Time,CDABDBBADA,0.2,0.0,0.0,ground,Fail,45.0,4.0,4.0,Fail Box,STEM Track,0.0,0.0,black,0,0,1,0,0,0,0,0,0,I just thought the first STEM test was fun and wanted more like it. ,Thank you!,STEM Track,C,B,D,C,A,B,B,C,D,B,B,B,B,C,A,B,D,C,A,B,R,C,C,C,C,C,C,C,C,C,C,1
5feeeea3341f421a1fd59597,1470.0,624,White,Graduate degree (MA/MSc/MPhil/other),63,Female,White,United States,United States,United States,English,DATA_EXPIRED,Part-Time,BBBCDCAC__,0.1,2.0,6.307,negative,Fail,25.0,2.0,5.0,Fail Box,Non-STEM Track,1.0,2.739,black,0,0,1,0,0,0,0,0,0,Because I am better at the Non-STEM content.,,Non-STEM Track,B,D,B,B,B,A,C,C,D,B,C,D,A,A,C,B,,C,,D,R,C,C,C,R,C,C,C,C,C,C,0
60fdca1a87839971dfef0270,670.0,878,White,Graduate degree (MA/MSc/MPhil/other),26,Female,White,United States,United States,United States,English,DATA_EXPIRED,DATA_EXPIRED,DABCDBCCBD,0.3,0.0,0.0,ground,Fail,30.0,3.0,4.0,Fail Box,Non-STEM Track,0.0,0.0,black,0,1,1,0,0,0,0,0,0,I am awful at math ,,Non-STEM Track,D,D,A,B,B,A,C,C,D,B,B,D,C,A,C,B,B,C,D,D,R,R,C,C,C,C,C,C,C,C,C,0
663d0e210e239265b07238f1,1463.0,288,Black/African American,Doctorate degree (PhD/other),36,Male,Mixed,United States,United States,United States,English,No,DATA_EXPIRED,__________,0.0,0.0,0.0,negative,Fail,70.0,8.0,5.0,Pass Box,STEM Track,0.0,0.0,red,1,0,0,0,1,0,0,0,0," I have always been fascinated by science and technology. I enjoy problem-solving and the analytical thinking that comes with these subjects. Additionally, I believe that a strong foundation in STEM will open up numerous career opportunities in the future, especially in a rapidly evolving job market.","My experience has been largely positive, as I appreciate the hands-on learning opportunities I've had. However, I feel that there could be more mentorship programs available for students pursuing STEM fields. Connecting students with professionals could provide valuable insights and guidance for their future careers.  ",STEM Track,,B,,C,,C,,A,,A,,D,,C,,D,,B,,C,R,C,R,R,R,R,R,R,C,C,C,1
6604618d2ee080f8246f2f61,439.0,223,Caribbean,High school diploma/A-levels,23,Female,White,United States,United States,United States,English,DATA_EXPIRED,DATA_EXPIRED,CABDBBCAAD,0.3,0.0,0.0,ground,Fail,20.0,4.0,5.0,Fail Box,Non-STEM Track,0.0,0.0,black,0,0,1,0,0,0,0,0,0,It was guaranteed at least some bonus or higher chances of.,,Non-STEM Track,C,A,A,B,B,A,D,C,B,B,B,D,C,A,A,D,A,C,D,D,R,R,R,R,C,C,C,C,C,C,C,0
6674e27d7068f7b381b54c73,857.0,304,White,Undergraduate degree (BA/BSc/other),49,Female,White,United States,United States,United States,English,No,Part-Time,CBBCACCDBD,0.0,0.0,0.0,positive,Fail,45.0,2.0,2.0,Fail Box,STEM Track,0.0,0.0,red,0,0,1,0,0,0,0,0,0,unsure,good,STEM Track,C,B,B,B,B,D,C,C,A,A,C,A,C,D,D,C,B,D,D,B,R,R,R,R,C,C,C,C,C,C,C,1
670d7afbadf6cefd9a2f4e72,794.0,241,White,High school diploma/A-levels,41,Male,White,United States,United States,United States,English,No,"Not in paid work (e.g. homemaker', 'retired or disabled)",DAACBBDCCB,0.7,0.0,0.0,positive,Pass,75.0,4.0,5.0,Fail Box,Non-STEM Track,0.0,0.0,red,0,0,1,0,0,0,0,0,0,The first quiz was time consuming and I didn't do well.,The experience was fine. No feedback.,Non-STEM Track,D,D,A,B,A,A,C,C,B,B,B,D,D,A,C,B,C,C,B,D,R,R,R,R,R,C,C,C,C,C,C,0
663e638df48d765486d59a0f,1210.0,312,White,Undergraduate degree (BA/BSc/other),36,Female,White,United States,United States,United States,English,No,Full-Time,DADCABDCBA,0.4,0.0,0.0,positive,Fail,25.0,4.0,5.0,Fail Box,Non-STEM Track,0.0,0.0,red,0,0,1,0,0,0,0,0,0,I was hoping it would be something I had reviewed in the last 15 years.,"The math had me stressing, but I was pumped regarding the synonym test.",Non-STEM Track,D,D,A,B,D,A,C,C,A,B,B,D,D,A,C,B,B,C,A,D,R,R,R,R,C,C,C,C,C,C,C,0
6643c8d8f6c2189fd555f249,524.0,187,White,Undergraduate degree (BA/BSc/other),24,Male,White,United States,United States,United States,English,No,Unemployed (and job seeking),DABABABACA,0.3,0.0,0.0,negative,Pass,20.0,2.0,3.0,Fail Box,Non-STEM Track,0.0,0.0,red,0,0,1,0,0,0,0,0,0,easier ,Fun Survey :^),Non-STEM Track,D,D,A,B,B,A,A,C,B,B,A,D,B,A,A,B,C,C,A,D,R,R,R,R,R,C,C,C,C,C,C,0
6683fdcdf7e5580c12bb591c,875.0,587,White,Undergraduate degree (BA/BSc/other),41,Female,White,United States,United States,United States,English,No,Full-Time,DAACBB_C__,0.4,1.0,1.636,positive,Pass,30.0,2.0,1.0,Pass Box,Non-STEM Track,0.0,0.0,red,0,0,1,0,0,0,0,0,0,"I come from a literature background. Also, math was my worst subject.","Math makes me panic and my husband came in in the middle, so I started to panic and couldn't do any math.",Non-STEM Track,D,D,A,B,A,A,C,C,B,B,B,D,,A,C,B,,C,,D,R,R,C,C,C,C,C,C,C,C,C,0
662949dcb3c06ccdd7352db5,1102.0,658,White,Graduate degree (MA/MSc/MPhil/other),43,Female,White,United States,United States,United States,English,No,Full-Time,DABCBBDBCB,0.6,0.0,0.0,ground,Pass,85.0,6.0,5.0,Pass Box,STEM Track,0.0,0.0,red,0,0,1,0,0,0,0,0,0,I thought I'd do better on it than I actually did.  I've been out of school too long and have forgotten a lot.,good,STEM Track,D,B,A,B,B,C,C,B,B,A,B,D,D,C,B,C,C,C,B,C,R,R,R,R,R,C,C,C,C,C,C,1
663a71833186f44039c05a68,976.0,156,White,Technical/community college,35,Female,White,United States,United States,United States,English,DATA_EXPIRED,DATA_EXPIRED,DACCDCBBCD,0.3,0.0,0.0,negative,Fail,50.0,2.0,4.0,Fail Box,Non-STEM Track,0.0,0.0,red,0,0,1,0,1,0,0,0,0,Because math is not my strong suit and it overwhelms me. ,It was fine. Math questions were stressing me out so I mostly just guessed answers because I had no idea what I was doing there. ,Non-STEM Track,D,D,A,B,C,A,C,C,D,B,C,D,B,A,B,B,C,C,D,D,R,R,R,R,R,C,C,C,C,C,C,0
579181fa913c71000197531b,564.0,3299,White,High school diploma/A-levels,48,Female,White,United States,United States,United States,English,DATA_EXPIRED,DATA_EXPIRED,BCDCABDDDA,0.2,0.0,0.0,ground,Fail,20.0,4.0,4.0,Fail Box,STEM Track,0.0,0.0,black,0,0,1,0,0,0,0,0,0,I wanted to try it. ,I tried to think rationally but they were hard. ,STEM Track,B,A,C,A,D,C,C,C,A,B,B,A,D,D,D,D,D,C,A,C,R,R,R,R,C,C,C,C,C,C,C,1
670aae8ee861252b0528662d,637.0,45,Black/African American,No formal qualifications,18,Male,Black,United States,United States,United States,English,Yes,Unemployed (and job seeking),BBDCCABACB,0.2,0.0,0.0,positive,Fail,40.0,2.0,4.0,Fail Box,Non-STEM Track,0.0,0.0,red,0,0,1,0,0,0,0,0,0,I've never been especially gifted at STEM related subjects or topics. I think I'm best at English and writing.,My experience was good.,Non-STEM Track,B,D,B,B,D,A,C,C,C,B,A,D,B,A,A,B,C,C,B,A,R,R,R,R,R,C,C,C,C,C,C,0
6667897db5b8a719d60f6a78,955.0,207,White,Undergraduate degree (BA/BSc/other),57,Female,White,United States,United States,United States,English,No,Full-Time,BDCCABDACA,0.4,1.0,3.19,ground,Pass,2.0,2.0,1.0,Pass Box,Non-STEM Track,0.0,0.0,red,0,0,1,0,0,0,0,0,0,Felt it might be easier.,Thank you!,Non-STEM Track,B,D,D,B,C,A,C,C,A,B,B,D,D,A,A,B,C,C,A,D,R,R,R,R,R,C,C,C,C,C,C,0
5ae3223938df950001455e66,923.0,2076,Native American or Alaskan Native,Technical/community college,46,Male,Mixed,United Kingdom,United States,United States,English,No,Part-Time,BCBCBCBBBC,0.1,0.0,0.0,negative,Fail,50.0,3.0,3.0,Pass Box,STEM Track,0.0,0.0,red,0,0,1,0,0,0,0,0,0,The bonus would require less work. 3 answers correct versus 15.,it was fun and challenging,STEM Track,B,B,C,C,B,C,C,C,B,B,C,C,B,C,B,A,B,B,C,C,R,R,R,C,C,C,C,C,C,C,C,1
5e89533c4d3d675e800bfc7c,283.0,5048,White,Undergraduate degree (BA/BSc/other),37,Male,White,United States,United States,United States,English,No,Full-Time,CBCDDABBCB,0.3,1.0,0.121,positive,Pass,2.0,0.0,3.0,Pass Box,Non-STEM Track,0.0,0.0,black,0,0,1,0,0,0,0,0,0,I am terrible at STEM - much better at word stuff.,Great! No feedback.,Non-STEM Track,C,D,B,B,C,A,D,C,D,B,A,B,B,A,B,B,C,C,B,D,R,R,R,R,C,C,C,C,C,C,C,0
56270b0dddff3c0005bcd882,1350.0,1716,Latino/Hispanic,Technical/community college,37,Female,Mixed,United States,United States,United States,English,No,Unemployed (and job seeking),AAB_______,0.2,0.0,0.0,ground,Pass,5.0,1.0,1.0,Fail Box,STEM Track,0.0,0.0,red,0,0,1,0,0,0,0,0,0,I wanted to see if I could continue to challenge myself without worrying so much about bonuses and feeling pressured to get the answers right.,"The questions were difficult, as I haven't been to school in many years. But the study went well, with no issues.",STEM Track,A,B,A,,B,C,,,,A,,D,,C,,,,,,,R,R,R,C,C,C,C,C,C,C,C,1
65522f42982b5a1126a27834,1479.0,133,Black/African American,High school diploma/A-levels,32,Male,Black,United States,United States,United States,English,No,Due to start a new job within the next month,BAACC_____,0.1,0.0,0.0,negative,Pass,10.0,0.0,1.0,Fail Box,STEM Track,0.0,0.0,red,0,0,0,0,0,0,0,0,0,It's better to try than to not try at all.,"I didn't really like it. Not because of the amount of knowledge that I've lacked/forgotten, but the lack of preparation to start the tests.",STEM Track,B,B,A,D,A,C,C,C,C,A,,B,,C,,D,,B,,A,R,R,R,C,C,C,C,C,C,C,C,1
65d5079a533c306b850e15fa,647.0,13,East Asian,High school diploma/A-levels,21,Female,Asian,China,United States,United States,English,Yes,DATA_EXPIRED,DACBABDAAB,0.6,0.0,0.0,negative,Pass,30.0,4.0,5.0,Fail Box,Non-STEM Track,0.0,0.0,red,0,0,1,0,0,0,0,0,0,I know that I am better at humanities studies than STEM. I am a humanities major in college and I'm relatively well-read. I remember performing poorly in STEM classes previously.,It was good! The questions were worded clearly and the guidance for how to answer them made sense.,Non-STEM Track,D,D,A,B,C,A,B,C,A,B,B,D,D,A,A,B,A,C,B,D,R,R,R,R,R,C,C,C,C,C,C,0
653e66aefcd12ed6a4565fa6,534.0,548,White,High school diploma/A-levels,32,Female,White,United States,United States,United States,English,No,Full-Time,BCBCCBDAAC,0.2,1.0,3.329,positive,Fail,10.0,5.0,3.0,Fail Box,Non-STEM Track,0.0,0.0,red,0,0,1,0,0,0,0,0,0,After seeing the questions from earlier I knew there wasn't any chance of getting anything right so it was in my best interest to change tracks. ,I felt stupid on the first half but I appreciate you allowed an easier subject.,Non-STEM Track,B,D,C,B,B,A,C,C,C,B,B,D,D,A,A,B,A,C,C,A,R,C,C,C,C,C,C,C,C,C,C,0
661fc8bb0644ba960f0e3b65,822.0,699,East Asian,Undergraduate degree (BA/BSc/other),24,Male,Asian,United States,United States,United States,English,No,Full-Time,BADBBBDCCB,0.8,0.0,0.0,positive,Fail,100.0,9.0,10.0,Fail Box,STEM Track,0.0,0.0,red,0,0,1,0,0,0,0,0,0,I believe I am very good at math,Good,STEM Track,B,B,A,A,D,C,B,A,B,A,B,D,D,C,C,C,C,B,B,C,R,R,R,R,R,C,C,C,C,C,C,1
5bf628eb7ea49f0001baa974,563.0,621,White,Undergraduate degree (BA/BSc/other),29,Female,White,United States,United States,United States,English,No,Full-Time,AACBCBBCBB,0.7,0.0,0.0,positive,Pass,0.0,2.0,2.0,Fail Box,Non-STEM Track,0.0,0.0,red,0,0,1,0,0,0,0,0,0,because i have dyscalculia and am bad at math due to that,Really disliked the math,Non-STEM Track,A,D,A,B,C,A,B,C,C,B,B,D,B,A,C,B,B,C,B,D,R,R,R,R,R,C,C,C,C,C,C,0
62b14f89e9222d3aab48489b,848.0,2614,Latino/Hispanic,High school diploma/A-levels,37,Male,White,United States,United States,United States,English,No,DATA_EXPIRED,DABCBCAABA,0.2,0.0,0.0,negative,Fail,80.0,4.0,4.0,Pass Box,Non-STEM Track,0.0,0.0,red,1,0,1,0,0,0,0,0,1,"The STEM track was ""all or nothing"", meaning there is nearly 100% chance I will fail whereas the Non-STEM track had nearly 100% chance that I would win > $0","One thing is that I often use a timer to track my time, I usually start it at the start of the study and stop after. I can't remember if I started the time before or after I started the study but I promise I didn't cheat or leave the tab after I read the rule about not doing so. Otherwise everything went great and I had fun!",Non-STEM Track,D,D,A,B,B,A,C,C,B,B,C,D,A,A,A,B,B,C,A,D,R,R,R,R,R,C,C,C,C,C,C,0
65c63f9b7a891fff8a4c45a2,581.0,1297,White,High school diploma/A-levels,72,Female,White,United States,United States,United States,English,No,"Not in paid work (e.g. homemaker', 'retired or disabled)",ACBCDBBBAB,0.3,0.0,0.0,negative,Pass,0.0,0.0,1.0,Pass Box,Non-STEM Track,0.0,0.0,red,0,0,1,0,0,0,0,0,0,I didn't understand any of the first math questions.,I didn't understand a single one of the math questions and had to guess at them all.,Non-STEM Track,A,D,C,B,B,A,C,C,D,B,B,D,B,A,B,B,A,C,B,D,R,R,R,R,C,C,C,C,C,C,C,0
6630ddcd4f10b79b19d77585,526.0,499,Mixed,Undergraduate degree (BA/BSc/other),38,Female,Mixed,Spain,United States,United States,English,DATA_EXPIRED,DATA_EXPIRED,DBBDCACAAA,0.0,0.0,0.0,negative,Fail,10.0,2.0,1.0,Fail Box,Non-STEM Track,0.0,0.0,black,0,1,1,0,0,0,0,0,0,"I am not very good at math and science; generally speaking, I perform much better in history, language arts, etc.",I was certainly overwhelmed by the STEM questions and had my confidence rattled by how poorly I did in the quiz!,Non-STEM Track,D,D,B,B,B,A,D,C,C,B,A,A,C,A,A,B,A,C,A,D,R,R,R,C,C,C,C,C,C,C,C,0
610786681f59e722c0a8b371,422.0,1732,White,Undergraduate degree (BA/BSc/other),29,Female,White,United States,United States,United States,English,No,Full-Time,CACDABCCBA,0.4,1.0,12.728,negative,Pass,15.0,3.0,4.0,Fail Box,Non-STEM Track,0.0,0.0,red,0,0,1,0,0,0,0,0,0,I am better with language arts and non STEM subjects,No issues,Non-STEM Track,C,D,A,B,C,A,D,C,A,B,B,D,C,A,C,B,B,C,A,D,R,R,R,R,R,C,C,C,C,C,C,0
583661f545d1d700013ebb53,1010.0,584,East Asian,Undergraduate degree (BA/BSc/other),29,Male,Asian,China,United States,United States,Chinese,No,Full-Time,DADADBDCCB,0.6,0.0,0.0,positive,Fail,90.0,7.0,7.0,Pass Box,Non-STEM Track,0.0,0.0,red,0,0,1,0,0,0,0,0,1,I have not done math/science problems in a long time and felt non-STEM might be easier,Experience was good. The math problems were pretty challenging considering I have not done math problems like that in a long time.,Non-STEM Track,D,D,A,B,D,A,A,C,D,B,B,D,D,A,C,B,C,C,B,C,R,R,R,R,R,C,C,C,C,C,C,0
5a282206b279aa0001b0e002,1820.0,3709,Latino/Hispanic,Technical/community college,38,Female,White,United States,United States,United States,English,No,Full-Time,BCCBCCADDB,0.3,1.0,0.0,ground,Pass,5.0,2.0,2.0,Pass Box,STEM Track,0.0,0.0,red,0,0,1,0,0,0,0,0,0,I thought it would be challenging ,I thought it was interesting and challenging at the same time,STEM Track,B,B,C,D,C,C,B,A,C,B,C,C,A,C,D,D,D,C,B,C,R,R,R,R,R,C,C,C,C,C,C,1
65dcb8de27f5cb588f25952f,802.0,615,White,Technical/community college,49,Male,White,United States,United States,United States,English,No,Full-Time,ABBABACABC,0.2,0.0,0.0,positive,Pass,50.0,2.0,1.0,Pass Box,Non-STEM Track,0.0,0.0,black,0,0,1,0,0,0,0,0,0,I was better at English and history than math.,It was fine. No issues.,Non-STEM Track,A,D,B,B,B,A,A,C,B,B,A,D,C,A,A,B,B,C,C,D,R,R,R,R,R,C,C,C,C,C,C,0
65cb861421aeac903f98037f,808.0,1348,East Asian,Doctorate degree (PhD/other),43,Female,Asian,United States,United States,United States,English,No,Part-Time,DABCDBDDBD,0.3,0.0,0.0,ground,Pass,7.0,3.0,1.0,Pass Box,STEM Track,0.0,0.0,red,0,0,1,0,0,0,0,0,0,I was confident I would get at least one question correct.,"I guessed on a lot of the answers, but there were always a couple of questions I know I could get correct.",STEM Track,D,B,A,D,B,B,C,B,D,A,B,D,D,C,D,A,B,C,D,C,R,R,R,R,R,C,C,C,C,C,C,1
6021d9655d5b332710d8d984,1025.0,115,Middle Eastern,Undergraduate degree (BA/BSc/other),26,Male,White,United States,United States,United States,English,No,Unemployed (and job seeking),DABCBBDCAA,0.5,0.0,0.0,positive,Pass,65.0,4.0,4.0,Pass Box,Non-STEM Track,0.0,0.0,black,0,0,0,0,0,1,0,0,0,Haven't worked with that level of math from the STEAM track in a while. Completing it was possible but the time limit was restrictive.,This study was interesting and I have no feedback.,Non-STEM Track,D,D,A,B,B,A,C,C,B,B,B,D,D,A,C,B,A,C,A,D,R,R,R,R,C,C,C,C,C,C,C,0
666312108dab14d3494560c2,766.0,506,White,Graduate degree (MA/MSc/MPhil/other),36,Female,White,United States,United States,United States,English,No,DATA_EXPIRED,AACBBAAACB,0.7,0.0,0.0,ground,Pass,20.0,4.0,4.0,Pass Box,Non-STEM Track,0.0,0.0,red,1,0,0,0,0,0,0,0,0,I forgot all the geometry ,,Non-STEM Track,A,D,A,B,C,A,B,C,B,B,A,A,A,A,A,B,C,C,B,D,R,R,R,R,R,R,R,C,C,C,C,0
66253a71e3f7bc1aa48ddc4e,857.0,158,White,Secondary education (e.g. GED/GCSE),26,Female,White,United States,United States,United States,English,No,Other,CBBDBCAACA,0.2,0.0,0.0,negative,Pass,60.0,0.0,2.0,Pass Box,Non-STEM Track,0.0,0.0,red,0,0,1,0,0,0,0,0,0,I'm horrible at STEM questions.,I honestly was very stressed out answering the STEM questions knowing that they affect payment simply because I do not know how to answer any of the STEM questions that were given so I tried to figure them out then took my best quess. ,Non-STEM Track,C,D,B,B,B,A,D,C,B,B,C,D,A,A,A,B,C,C,A,D,R,R,R,R,R,C,C,C,C,C,C,0
65e0a44487246a12016ff05b,1581.0,519,Black/African American,Undergraduate degree (BA/BSc/other),35,Male,Black,Ghana,United States,United States,English,DATA_EXPIRED,DATA_EXPIRED,CBCBBCBBBC,0.3,1.0,2.069,negative,Fail,50.0,5.0,5.0,Pass Box,STEM Track,0.0,0.0,black,1,0,0,0,0,0,0,0,0,"I decided to choose the STEM track because I’ve always had a strong interest in problem-solving and figuring out how things work. From a young age, I enjoyed subjects like math and science, where I could apply logic to understand complex concepts. The idea of using technology and innovation to solve real-world problems really excites me, especially in areas like engineering or computer science.    Additionally, I’m drawn to STEM because of the wide range of career opportunities it offers. I appreciate that STEM fields are in high demand, which means there are many pathways to explore, with the potential for both job security and making a meaningful impact. Whether it’s working on sustainable technology or developing new medical solutions, I see STEM as a way to contribute positively to society.    Lastly, I love how STEM is always evolving and pushing the boundaries of what’s possible. That constant sense of discovery and growth keeps me motivated to continue learning and tackling new challenges.",,STEM Track,C,B,B,C,C,B,B,C,B,B,C,B,B,C,B,A,B,A,C,B,R,R,R,R,R,R,R,R,R,R,R,1
664bc76dd28ece3da4f96158,693.0,236,Black/African American,Undergraduate degree (BA/BSc/other),28,Female,Black,United States,United States,United States,English,Yes,Full-Time,BAAAAABBBB,0.2,0.0,0.0,negative,Pass,0.0,1.0,1.0,Pass Box,STEM Track,0.0,0.0,red,0,0,1,0,1,0,0,0,0,Salary after college,easy,STEM Track,B,A,A,A,A,A,A,A,A,A,A,A,B,A,B,A,B,A,B,A,R,R,R,R,R,R,R,C,C,C,C,1
640156a5f2395bf80ca0c451,1264.0,1542,White,Undergraduate degree (BA/BSc/other),34,Male,White,United States,United States,United States,English,DATA_EXPIRED,DATA_EXPIRED,DCACBADCCB,0.5,0.0,0.0,negative,Pass,50.0,2.0,5.0,Fail Box,STEM Track,0.0,0.0,red,0,0,1,0,0,0,0,0,0,Chance at a higher bonus.,"Fine, I'm terrible at math.",STEM Track,D,B,C,A,A,D,C,C,B,B,A,D,D,C,C,C,C,B,B,C,R,R,R,R,R,C,C,C,C,C,C,1
5d58d7d6280de7001aa7952a,1624.0,4818,Mixed,Graduate degree (MA/MSc/MPhil/other),40,Female,Mixed,United States,United States,United States,English,No,Full-Time,DCBCBADABD,0.2,0.0,0.0,negative,Fail,50.0,3.0,3.0,Not Sure,Non-STEM Track,0.0,0.0,red,0,0,1,0,0,0,0,0,0,I felt I would do better.,it was pretty good.,Non-STEM Track,D,D,C,B,B,A,C,C,B,B,A,D,D,A,A,B,B,C,D,D,R,R,C,C,C,C,C,C,C,C,C,0
60fe17ee7caf4703b6754ab2,894.0,265,White Sephardic Jew,Undergraduate degree (BA/BSc/other),21,Male,White,United States,United States,United States,English,Yes,Part-Time,__________,0.0,0.0,0.0,negative,Fail,40.0,3.0,5.0,Fail Box,STEM Track,0.0,0.0,black,0,0,1,0,0,0,0,0,0,I wanted another chance at the questions,Difficult,STEM Track,,B,,C,,D,,A,,A,,B,,A,,C,,B,,B,R,R,R,R,R,C,C,C,C,C,C,1
668ac2114bd6ee74ae22e09b,984.0,457,Latino/Hispanic,Graduate degree (MA/MSc/MPhil/other),31,Female,Other,United States,United States,United States,English,Yes,Full-Time,BAABBCABBA,0.3,0.0,0.0,negative,Fail,34.0,3.0,5.0,Fail Box,STEM Track,0.0,0.0,black,0,0,1,0,0,0,0,0,0,might as well,made me feel stupid lol,STEM Track,B,B,A,D,A,D,B,C,B,A,C,D,A,C,B,C,B,B,A,C,R,R,R,R,R,R,R,C,C,C,C,1
656dc7fd90a5c4aea3678692,681.0,291,Latino/Hispanic,Technical/community college,33,Female,Other,Dominican Republic,United States,United States,Spanish,No,Full-Time,DCCBACDAAC,0.3,0.0,0.0,positive,Pass,10.0,1.0,1.0,Pass Box,Non-STEM Track,0.0,0.0,red,0,1,1,0,0,0,0,0,0,I don't do well with numbers ,A little anxious with the questions asked,Non-STEM Track,D,D,C,B,C,A,B,C,A,B,C,D,D,A,A,B,A,C,C,D,R,R,R,R,R,R,C,C,C,C,C,0
5cbde499f015c800186299f2,1082.0,2254,White,Graduate degree (MA/MSc/MPhil/other),55,Female,White,United States,United States,United States,English,DATA_EXPIRED,DATA_EXPIRED,DABCDBACBB,0.4,0.0,0.0,positive,Pass,40.0,4.0,3.0,Pass Box,STEM Track,0.0,0.0,black,1,0,0,0,0,0,0,0,0,"No reason not to, and for the challenge",the math problems were interesting,STEM Track,D,B,A,B,B,C,C,A,D,A,B,D,A,C,C,A,B,D,B,A,R,R,R,R,C,C,C,C,C,C,C,1
5d60bd4ec253680017cf4c0f,655.0,490,White,Undergraduate degree (BA/BSc/other),26,Male,White,United States,United States,United States,English,No,Full-Time,DAACBADCCB,0.6,0.0,0.0,negative,Fail,80.0,7.0,7.0,Pass Box,Non-STEM Track,0.0,0.0,red,0,0,1,0,1,0,0,0,0,I hoped the questions were easier.,State whether or not I could use a calculator.,Non-STEM Track,D,D,A,B,A,A,C,C,B,B,A,D,D,A,C,B,C,C,B,D,R,R,R,R,R,C,C,C,C,C,C,0
664c96f5fdfc411c8d0cd939,307.0,231,White,Technical/community college,33,Female,White,United States,United States,United States,English,No,Part-Time,BCDAABCCCB,0.4,0.0,0.0,positive,Fail,10.0,10.0,5.0,Fail Box,Non-STEM Track,0.0,0.0,red,0,0,1,0,0,0,0,0,0,I felt I would better understand it.,"It was an interesting survey, I really had to think a great deal for this one.",Non-STEM Track,B,D,C,B,D,A,A,C,A,B,B,D,C,A,C,B,C,C,B,D,R,C,R,C,C,C,R,C,C,C,C,0
5a47b7be2f91ec0001dcbfee,663.0,4915,White,High school diploma/A-levels,39,Female,White,United States,United States,United States,English,No,"Not in paid work (e.g. homemaker', 'retired or disabled)",BABBDDCDBA,0.2,0.0,0.0,positive,Pass,25.0,0.0,2.0,Pass Box,Non-STEM Track,0.0,0.0,black,0,0,1,0,0,0,0,0,0,The math part was very difficult and I didn't understand it at all.,Fine.,Non-STEM Track,B,A,A,B,B,A,B,C,D,B,D,D,C,B,D,B,B,C,A,D,R,R,R,R,R,R,C,C,C,C,C,0
665f5e237e47262ff05820fc,505.0,480,White,Undergraduate degree (BA/BSc/other),52,Female,White,United States,United States,United States,English,No,"Not in paid work (e.g. homemaker', 'retired or disabled)",DCAAAAAAAA,0.0,0.0,0.0,ground,Pass,0.0,0.0,0.0,Pass Box,Non-STEM Track,0.0,0.0,red,0,0,1,0,0,0,0,0,0,I cant do math,The math in the begining broke my brain. It was horribly stressful. I chose answers to those questions randomly because I had absolutely no idea how to solve the problems. It felt so much better to answer the non STEM questions.,Non-STEM Track,D,D,C,B,A,A,A,C,A,B,A,D,A,A,A,B,A,C,A,D,R,R,R,R,R,C,C,C,C,C,C,0
5e1553fd1e2e58b6448d8dcc,1172.0,1555,White,Technical/community college,24,Male,White,United States,United States,United States,English,Yes,Part-Time,DCABBCACCD,0.4,0.0,0.0,negative,Pass,20.0,2.0,2.0,Fail Box,STEM Track,0.0,0.0,red,0,0,1,0,0,0,0,0,0,I felt confident that I would at least solve some of the problems given though they range by subject. ,,STEM Track,D,B,C,B,A,C,B,C,B,C,C,D,A,C,C,C,C,B,D,A,R,R,R,R,R,R,C,C,C,C,C,1
668aa7c12a88af987360e490,1152.0,351,Black/African American,Undergraduate degree (BA/BSc/other),20,Female,Mixed,Ghana,United States,United States,English,No,Full-Time,BADCADCBDC,0.1,0.0,0.0,positive,Fail,90.0,5.0,4.0,Fail Box,Non-STEM Track,0.0,0.0,red,0,0,0,0,1,0,0,0,1,I wanted to do something different,No,Non-STEM Track,B,D,A,B,D,A,C,B,A,C,D,B,C,A,B,D,D,B,C,B,R,R,R,C,R,C,R,R,R,C,C,0
6575ccea94910ddce0170a18,1106.0,373,South Asian,High school diploma/A-levels,21,Male,Asian,United States,United States,United States,English,Yes,DATA_EXPIRED,ADCBDBDCCA,0.7,1.0,0.95,ground,Fail,65.0,7.0,8.0,Fail Box,STEM Track,0.0,0.0,black,0,0,1,0,0,0,0,0,0,I had a deep interested in technology since I enjoy learning math and science.,It went well as expected.,STEM Track,A,B,D,A,C,C,B,A,D,A,B,D,D,C,C,A,C,B,A,C,R,R,R,C,C,C,C,C,C,C,C,1
601b9077694f034f0092dd8f,690.0,2595,White,High school diploma/A-levels,37,Female,White,United States,United States,United States,English,No,"Not in paid work (e.g. homemaker', 'retired or disabled)",DCDBBAAABD,0.2,0.0,0.0,negative,Pass,0.0,1.0,1.0,Fail Box,Non-STEM Track,0.0,0.0,red,0,0,1,0,0,0,0,0,0,I chose the Non-stem track because I am absolutely horrible at math. ,It was fine. The math was stressful. I had to guess for all of them I think. I'm so horrible at math. ,Non-STEM Track,D,D,C,B,D,A,B,C,B,B,A,D,A,A,A,B,B,C,D,D,R,R,R,R,R,C,C,C,C,C,C,0
67359134e8f75b0c81fb8c7f,733.0,5,Mixed,Technical/community college,30,Female,White,United States,United States,United States,English,No,Full-Time,AABCAABBBA,0.2,0.0,0.0,negative,Pass,0.0,1.0,0.0,Fail Box,STEM Track,0.0,0.0,red,0,0,1,0,0,0,0,0,0,"I'm not the best at math and for the second portion, I figured I wouldn't get any right.",It definitely made me wish I paid attention during my math tutoring. ,STEM Track,A,C,A,B,B,C,C,B,A,D,A,D,B,D,B,B,B,A,A,C,R,R,R,R,R,C,C,C,C,C,C,1
66a7036786f60251fc454bdb,684.0,232,White,Graduate degree (MA/MSc/MPhil/other),55,Female,White,Italy,United States,United States,Italian,No,Part-Time,DCBDCCCABC,0.0,0.0,0.0,ground,Fail,30.0,2.0,2.0,Fail Box,Non-STEM Track,0.0,0.0,black,0,0,1,0,0,0,0,0,0,The math question were a bit hard,Fun,Non-STEM Track,D,D,C,B,B,A,D,C,C,B,C,D,C,A,A,B,B,A,C,D,R,R,C,C,C,C,C,C,C,C,C,0
66045a2983025b44add4864b,234.0,190,Latino/Hispanic,High school diploma/A-levels,26,Male,White,United States,United States,United States,English,DATA_EXPIRED,DATA_EXPIRED,DBCACCDABB,0.3,0.0,0.0,ground,Fail,50.0,3.0,4.0,Fail Box,Non-STEM Track,0.0,0.0,black,0,0,1,0,0,0,0,0,0,It was easier to receive a bonus.,No,Non-STEM Track,D,A,B,B,C,A,A,C,C,B,C,D,D,A,A,D,B,C,B,D,R,R,R,R,R,C,C,C,C,C,C,0
665dd4c4f25dc25f070bd22b,589.0,338,Latino/Hispanic,Undergraduate degree (BA/BSc/other),29,Female,Other,United States,United States,United States,Spanish,Yes,Part-Time,CDDCACDDAB,0.2,0.0,0.0,positive,Fail,65.0,3.0,5.0,Fail Box,Non-STEM Track,0.0,0.0,red,0,0,1,0,0,0,0,0,0,I am better at non stem topics. Stem was really hard in such a short time.,The math was difficult especially with that short time.,Non-STEM Track,C,D,D,B,D,A,C,C,A,B,C,D,D,A,D,B,A,C,B,D,R,R,R,R,R,R,R,R,R,R,R,0
673170c4b540ee9075d27d4a,1063.0,13,White,Undergraduate degree (BA/BSc/other),35,Female,White,Germany,United States,United States,English,No,DATA_EXPIRED,BBBBACABAA,0.1,0.0,0.0,negative,Pass,0.0,2.0,0.0,Fail Box,STEM Track,0.0,0.0,red,0,1,1,0,0,0,0,0,0,It had a higher chance of receiving a bonus ,Very difficult math problems for the average person,STEM Track,B,A,B,D,B,D,B,D,A,A,C,B,A,D,B,C,A,B,A,C,R,R,R,R,R,C,C,C,C,C,C,1
668959a7ecf71cb66cf9768a,640.0,113,White,Graduate degree (MA/MSc/MPhil/other),35,Male,White,United States,United States,United States,English,No,Full-Time,ACBCBCDABA,0.3,0.0,0.0,negative,Pass,90.0,3.0,3.0,Pass Box,Non-STEM Track,0.0,0.0,red,0,0,1,1,0,0,0,0,0,I am much better at liberal arts,Stressful. I'm not good at math. ,Non-STEM Track,A,D,C,B,B,A,C,C,B,B,C,D,D,A,A,B,B,C,A,D,R,R,R,R,C,C,C,C,C,C,C,0
6543ba9056ed19f45e686e85,941.0,479,Mixed,Technical/community college,25,Female,Mixed,United States,United States,United States,English,No,Full-Time,BACBABBABA,0.4,0.0,0.0,ground,Fail,40.0,3.0,5.0,Fail Box,Non-STEM Track,0.0,0.0,black,0,0,1,0,0,0,0,0,0,I chose the non-STEM track because my math skills are a bit rusty.,It was a pretty interesting process and I think it was fun to think back to the old days of doing not-so-basic math.,Non-STEM Track,B,D,A,B,C,A,B,C,A,B,B,A,B,A,A,C,B,C,A,D,R,R,R,C,C,C,C,C,C,C,C,0
66298f03416104b5b53f56b5,409.0,313,White,Technical/community college,54,Female,White,United States,United States,United States,English,Yes,"Not in paid work (e.g. homemaker', 'retired or disabled)",DCACCCBDAC,0.0,0.0,0.0,negative,Fail,50.0,5.0,3.0,Fail Box,Non-STEM Track,0.0,0.0,black,0,0,1,0,0,0,0,0,0,I'm terrible with math and such. ,No feedback.,Non-STEM Track,D,D,C,B,A,A,C,C,C,B,C,D,B,A,D,B,A,C,C,D,R,C,C,C,C,C,C,C,C,C,C,0
665a9b5ac6a631387e988bc1,804.0,15,White,High school diploma/A-levels,24,Male,White,United States,United States,United States,English,No,DATA_EXPIRED,DBACBDCBAD,0.1,0.0,0.0,negative,Fail,38.0,3.0,3.0,Pass Box,Non-STEM Track,0.0,0.0,red,0,0,1,0,0,0,0,0,0,Was unable to answer the first round of STEM questions with any certainty in my answers. ,"Experience was overall okay, felt a tad confused at times, and a bit flustered when not understand the more challenging questions.",Non-STEM Track,D,D,B,B,A,A,C,C,B,B,D,D,C,A,B,D,A,C,D,D,R,R,R,R,R,R,R,C,C,C,C,0
65ff3a4e1892ec3f6991a29e,257.0,182,Black/African American,Graduate degree (MA/MSc/MPhil/other),33,Male,Black,Ghana,United States,United States,English,Yes,Full-Time,ACBBAADBAD,0.3,0.0,0.0,positive,Fail,7.0,8.0,5.0,Pass Box,Non-STEM Track,0.0,0.0,red,0,0,0,1,0,0,0,0,0,,,Non-STEM Track,A,B,C,A,B,B,B,C,A,A,A,A,D,C,B,D,A,A,D,C,R,C,R,R,R,C,R,C,R,R,R,0
66bf8fef98b165333e46f4eb,641.0,102,White,Undergraduate degree (BA/BSc/other),36,Female,White,United States,United States,United States,English,No,Part-Time,DCABCDBCAC,0.2,0.0,0.0,positive,Pass,20.0,2.0,2.0,Pass Box,Non-STEM Track,0.0,0.0,red,0,0,1,0,0,0,0,0,0,I did not feel confident to choose the STEM track.,I found the experience stressful. No feedback to provide. ,Non-STEM Track,D,D,C,D,A,A,B,C,C,B,D,D,B,A,C,B,A,C,C,D,R,R,R,R,R,C,C,C,C,C,C,0
663e42e7e16f08b87c46f9a6,1573.0,520,White,Undergraduate degree (BA/BSc/other),29,Male,White,United States,United States,United States,English,DATA_EXPIRED,Full-Time,DADDBBDBCB,0.6,0.0,0.0,negative,Fail,95.0,9.0,9.0,Pass Box,STEM Track,0.0,0.0,red,0,1,0,1,0,0,0,0,0,I thought I would get more money,Fun!,STEM Track,D,B,A,B,D,C,D,A,B,A,B,D,D,C,B,A,C,B,B,C,R,R,R,R,R,R,C,C,C,C,C,1
652c6b8265aebce5986591b2,1517.0,323,South East Asian,High school diploma/A-levels,19,Female,Asian,United States,United States,United States,Vietnamese,Yes,DATA_EXPIRED,AA__BBD___,0.5,0.0,0.0,positive,Pass,50.0,3.0,1.0,Pass Box,STEM Track,0.0,0.0,black,0,0,1,0,1,0,0,0,0,I felt that it was the safest option for me since I would have a guaranteed reward of $2 if I answered one question correctly.,,STEM Track,A,B,A,A,,C,,,B,A,B,D,D,,,A,,,,C,R,R,R,R,R,R,C,C,C,C,C,1
65bf9aeb592e888df327d648,1302.0,561,Latino/Hispanic,High school diploma/A-levels,20,Female,Mixed,United States,United States,United States,English,No,DATA_EXPIRED,ACCBBBC___,0.5,0.0,0.0,ground,Pass,0.0,7.0,2.0,Pass Box,STEM Track,0.0,0.0,red,0,0,1,0,1,0,0,0,0,wanted to test my knowledge,no comments,STEM Track,A,A,C,B,C,D,B,D,B,C,B,B,C,D,,C,,A,,A,R,R,C,R,C,C,C,R,R,R,C,1
5fd8f6060b671a3395afde6c,732.0,1849,White,High school diploma/A-levels,36,Female,White,United States,United States,United States,English,DATA_EXPIRED,DATA_EXPIRED,BDBCBDADCB,0.3,3.0,8.912,positive,Pass,5.0,1.0,0.0,Fail Box,Non-STEM Track,0.0,0.0,red,0,0,0,1,0,0,0,0,0,Because the only STEM subject I might do well on would be science and that depends on the topics.,"Fine, I suppose. The math test was...honestly, awful for me, because I never even learnt how to solve those type of problems. No feedback - except maybe title your studies better so people that want to take them actually know what they are getting in to.",Non-STEM Track,B,D,D,B,B,A,C,C,B,B,D,D,A,A,D,B,C,C,B,D,R,C,C,C,C,C,C,C,C,C,C,0
63d000d62878aa92b833c5fc,1229.0,3615,White,Undergraduate degree (BA/BSc/other),41,Female,White,United States,United States,United States,English,No,Full-Time,DACADB____,0.3,0.0,0.0,negative,Pass,40.0,2.0,3.0,Fail Box,STEM Track,0.0,0.0,red,0,0,1,0,0,0,0,0,0,You did not describe the type of non-STEM questions would be asked on the other track.,"My experience was fine. I haven't taken an algebra class in 20 years, though, so I really could've used more time to work out the problems on paper.",STEM Track,D,C,A,D,C,B,A,D,D,A,B,D,,C,,C,,D,,,R,R,R,R,C,C,C,C,C,C,C,1
6632a3b5ee60e7692fd50a7a,875.0,701,White,Undergraduate degree (BA/BSc/other),54,Female,White,United States,United States,United States,English,No,"Not in paid work (e.g. homemaker', 'retired or disabled)",AAA__B____,0.3,0.0,0.0,ground,Pass,20.0,2.0,3.0,Pass Box,Non-STEM Track,0.0,0.0,red,0,0,1,0,0,0,0,0,0,Not my strong suit.  A lot of stuff I no longer remember how to solve.,Fun to see how I could do,Non-STEM Track,A,D,A,B,A,A,,C,,B,B,D,,A,,B,,C,,D,R,R,R,R,R,C,C,C,C,C,C,0
5e86c320939b3030601f7fcb,485.0,3355,White,Undergraduate degree (BA/BSc/other),23,Male,White,United States,United States,United States,English,DATA_EXPIRED,DATA_EXPIRED,DACCBBDABB,0.6,2.0,0.221,negative,Pass,60.0,4.0,3.0,Pass Box,Non-STEM Track,0.0,0.0,red,0,0,1,0,0,0,0,0,0,The math was frustrating and I prefer non-stem fields.,it went well,Non-STEM Track,D,D,A,B,C,A,C,C,B,B,B,D,D,A,A,B,B,C,B,D,R,R,R,R,R,C,C,C,C,C,C,0
65cb9a512efd76eb9e920010,868.0,942,East Asian,Undergraduate degree (BA/BSc/other),22,Female,Asian,United States,United States,United States,English,DATA_EXPIRED,DATA_EXPIRED,DAABDBADBA,0.3,0.0,0.0,negative,Fail,50.0,6.0,5.0,Fail Box,STEM Track,0.0,0.0,black,0,0,0,0,0,1,0,0,0,I thought it'd be more challenging and fun,It was fun!,STEM Track,D,B,A,C,A,C,B,D,D,A,B,D,A,C,D,A,B,B,A,C,R,R,R,R,R,R,C,C,C,C,C,1
62e19208352cd518d7b2f085,858.0,2243,White,High school diploma/A-levels,35,Male,White,United States,United States,United States,English,No,Full-Time,BAACABCCAB,0.4,0.0,0.0,ground,Pass,40.0,3.0,3.0,Pass Box,Non-STEM Track,0.0,0.0,red,0,1,1,1,0,0,0,0,0,"Because I not only hate math, but I'm terrible at it.","It was good. Even though difficult, I enjoyed the challenge. Thank you.",Non-STEM Track,B,D,A,B,A,A,C,C,A,B,B,D,C,A,C,B,A,C,B,A,R,R,R,R,R,R,R,R,C,C,C,0
57749a1f760c1f0001ca7679,1393.0,1157,White,Undergraduate degree (BA/BSc/other),42,Male,White,United States,United States,United States,English,DATA_EXPIRED,DATA_EXPIRED,DA__BBD__B,0.5,0.0,0.0,ground,Pass,75.0,5.0,5.0,Pass Box,STEM Track,0.0,0.0,red,0,0,1,0,0,0,0,0,0,I thought I would answer enough questions correctly.,The questions were interesting and I enjoyed them.,STEM Track,D,B,A,,,B,,,B,A,B,D,D,C,,,,B,B,C,R,R,R,C,C,C,C,C,C,C,C,1
61313fad6454dab291dc1256,1183.0,2836,Black/African American,Technical/community college,51,Female,Black,United States,United States,United States,English,No,"Not in paid work (e.g. homemaker', 'retired or disabled)",ABADCCCD__,0.1,0.0,0.0,positive,Fail,20.0,2.0,2.0,Fail Box,Non-STEM Track,0.0,0.0,red,0,0,1,0,0,0,0,0,0,I wasnt sure if I was going to get 2 answers correct so i rather chance getting some money than none,The math part was sort of pressuring but the other half i felt better about,Non-STEM Track,A,D,B,B,A,A,D,C,C,B,C,D,C,A,D,B,,C,,D,R,R,C,C,C,C,C,C,C,C,C,0
638e39edc03272bc8071cbb6,841.0,2572,Latino/Hispanic,High school diploma/A-levels,30,Female,White,United States,United States,United States,English,No,Full-Time,CCABABDCAC,0.4,0.0,0.0,ground,Pass,15.0,1.0,3.0,Pass Box,Non-STEM Track,0.0,0.0,red,0,0,1,0,0,0,0,0,0,I feel like I know non-stem better.,It was fine and no feedback.,Non-STEM Track,C,D,C,B,A,A,B,C,A,B,B,D,D,A,C,B,A,C,C,D,R,R,R,R,R,C,C,C,C,C,C,0
65240f7dfda71bbdb9a04f0c,1422.0,316,White,Undergraduate degree (BA/BSc/other),55,Female,White,United States,United States,United States,English,No,Full-Time,DADCDBAC_A,0.3,0.0,0.0,negative,Pass,50.0,2.0,1.0,Not Sure,STEM Track,0.0,0.0,red,0,1,1,0,0,0,0,0,0,I had an interest in medicine,"I've obviously not manually performed any type of algebra or high school level math in a long time! It would be great to have more immediate feedback, such as explanation or an example showing the correct/incorrect solutions to questions.",STEM Track,D,B,A,A,D,C,C,A,D,B,B,D,A,C,C,A,,,A,,R,R,R,C,C,C,C,C,C,C,C,1
5b0fa626bd9c310001568d6c,738.0,1907,White,Technical/community college,58,Female,White,United States,United States,United States,English,No,Part-Time,ABBCDAACAA,0.2,0.0,0.0,positive,Pass,5.0,1.0,1.0,Pass Box,Non-STEM Track,0.0,0.0,black,0,0,1,0,0,0,0,0,0,The stem quiz was really difficult and thought the non-stem track might be a little easier.,"I had a good experience even though the first quiz was very difficult, it was still interesting and I tried my best throughout. Thank you for the opportunity to participate.",Non-STEM Track,A,D,B,B,B,A,C,C,D,B,A,D,A,A,C,B,A,C,A,D,R,R,R,R,R,C,C,C,C,C,C,0
6725801d4e269454c407aa86,932.0,3,White,High school diploma/A-levels,19,Male,White,United States,United States,United States,English,Yes,Other,AACBCB____,0.5,0.0,0.0,ground,Fail,30.0,2.0,6.0,Fail Box,Non-STEM Track,0.0,0.0,black,1,0,1,0,0,0,0,0,0,"I'm very bad at math, as I'm sure the math test results will show.","Was not clear from description there would be a math test, would've liked to know that first",Non-STEM Track,A,D,A,B,C,A,B,C,C,B,B,D,,A,,B,,C,,D,R,R,R,R,R,R,R,R,R,C,C,0
6657584ca6e3645f4a99e753,1826.0,277,Latino/Hispanic,Technical/community college,31,Male,Other,United States,United States,United States,English,Yes,Full-Time,BAACBCDBCB,0.5,1.0,2.77,negative,Fail,80.0,7.0,8.0,Fail Box,STEM Track,0.0,0.0,red,0,0,1,0,0,0,0,0,0,Stem Track entails career growth. ,This study was intensive.,STEM Track,B,B,A,C,A,B,C,A,B,B,C,A,D,C,B,A,C,B,B,C,R,R,C,C,R,R,R,R,R,R,R,1
6159fe7811a7e1b94401c33f,1108.0,316,White,High school diploma/A-levels,50,Female,White,United States,United States,United States,English,No,"Not in paid work (e.g. homemaker', 'retired or disabled)",DADBCBDCBD,0.5,0.0,0.0,negative,Pass,20.0,4.0,5.0,Not Sure,Non-STEM Track,0.0,0.0,red,0,0,1,0,0,0,0,0,0,"I am much stronger in non-STEM subjects, though especially if the STEM subject is math.","I was very frustrated by the first part. The survey said ""a study on decision making"" and then I was given 8 minutes to solve 10 algebra questions and it's been 25 years since I had any sort of algebra class (and it was never my strong suit). ",Non-STEM Track,D,D,A,B,D,A,B,C,C,B,B,D,D,A,C,B,B,C,D,D,R,R,R,R,R,C,C,C,C,C,C,0
662e50cf3365a5b0f91e89e5,1101.0,909,White,Technical/community college,32,Female,White,United States,United States,United States,English,No,"Not in paid work (e.g. homemaker', 'retired or disabled)",DABCDBACBB,0.4,0.0,0.0,negative,Fail,70.0,3.0,7.0,Fail Box,Non-STEM Track,0.0,0.0,red,0,0,1,0,0,0,0,0,0,"I had more of an opportunity of getting back something, as opposed to nothing at all.","The math portion was stressful, as these were things I haven't seen in nearly half my life, and had no reason to retain the knowledge.  The english portion was more my speed.",Non-STEM Track,D,D,A,B,B,A,C,C,D,B,B,D,A,A,C,B,B,C,B,D,R,R,R,R,R,C,C,C,C,C,C,0
65330c348f7089b3bd87236b,527.0,258,Latino/Hispanic,High school diploma/A-levels,31,Female,Other,United States,United States,United States,Spanish,No,Part-Time,DBCBCBCBDA,0.3,0.0,0.0,ground,Pass,50.0,4.0,3.0,Pass Box,STEM Track,0.0,0.0,red,0,0,1,0,0,0,0,0,0,To get a chance to get the bonus,"It got me thinking, pretty complicated to do in head",STEM Track,D,D,B,C,C,C,B,B,C,D,B,B,C,C,B,B,D,D,A,D,R,R,R,R,R,C,C,C,C,C,C,1
666203105e0c216230d31016,858.0,420,Black/African American,High school diploma/A-levels,49,Male,Other,Kenya,United States,United States,Other,No,Part-Time,DACCDCCBDB,0.3,0.0,0.0,negative,Fail,50.0,5.0,4.0,Fail Box,Non-STEM Track,0.0,0.0,black,0,0,1,0,0,0,0,1,0,Felt there was a high probability to win some questions and  get a bonus. ,no,Non-STEM Track,D,A,A,B,C,A,C,C,D,B,C,D,C,A,B,B,D,C,B,D,R,C,C,C,C,C,C,C,C,C,C,0
6647b8648a67a4ef6585458a,524.0,355,Latino/Hispanic,High school diploma/A-levels,32,Female,Other,United States,United States,United States,English,No,Other,CCAADDCBBA,0.0,0.0,0.0,ground,Fail,25.0,2.0,2.0,Fail Box,Non-STEM Track,0.0,0.0,black,0,1,0,0,0,0,0,0,0,Math is not my strongest subject,the math was difficult but the english section was easy,Non-STEM Track,C,D,C,B,A,A,A,C,D,B,D,D,C,A,B,B,B,C,A,D,R,R,R,R,C,C,C,C,C,C,C,0
671a5bbb63850300396b8552,1580.0,18,Black/African American,High school diploma/A-levels,54,Female,Black,United States,United States,United States,English,No,Other,CBCC______,0.1,0.0,0.0,negative,Fail,50.0,5.0,5.0,Pass Box,STEM Track,0.0,0.0,black,0,0,1,0,0,0,0,0,0,Projects of stem,No,STEM Track,C,A,B,B,C,B,C,B,,B,,D,,D,,,,,,,R,R,R,R,R,R,R,C,C,C,C,1
5dc474fd45b8f933f16d6241,596.0,2453,White,Technical/community college,34,Female,White,United States,United States,United States,English,No,"Not in paid work (e.g. homemaker', 'retired or disabled)",DAABBACCAC,0.4,0.0,0.0,negative,Pass,0.0,2.0,0.0,Not Sure,STEM Track,0.0,0.0,red,0,0,1,0,0,0,0,0,0,So i could make more money,good,STEM Track,D,B,A,B,A,C,B,B,B,C,A,D,C,D,C,B,A,B,C,B,R,R,R,R,R,R,C,C,C,C,C,1
655fa42dc06a6e0974ee183b,907.0,1137,East Asian,Undergraduate degree (BA/BSc/other),37,Female,Asian,United States,United States,United States,English,No,Full-Time,BBACCABABB,0.1,0.0,0.0,negative,Fail,25.0,3.0,2.0,Pass Box,Non-STEM Track,0.0,0.0,red,0,0,1,0,0,0,0,0,0,I am not good at math.,The first set of questions were very hard and the last set was very easy.,Non-STEM Track,B,D,B,B,A,A,C,C,C,B,A,D,B,A,A,B,B,C,B,D,R,R,R,R,R,C,C,C,C,C,C,0
672f19e70cc94bcb0619f6ca,1742.0,0,Black/African American,Undergraduate degree (BA/BSc/other),23,Male,Black,Ghana,United States,United States,Twi,No,Full-Time,AABBDACBCB,0.5,0.0,0.0,positive,Pass,40.0,4.0,4.0,Pass Box,Non-STEM Track,0.0,0.0,black,0,0,1,0,0,0,0,0,0,It is easier,It was okay. ,Non-STEM Track,A,D,A,B,B,A,B,B,D,B,A,D,C,A,B,B,C,C,B,D,R,R,R,R,R,R,R,R,R,R,C,0
665f7bbebb044e364be28582,1399.0,367,East Asian,Doctorate degree (PhD/other),55,Female,Asian,United States,United States,United States,English,No,DATA_EXPIRED,DABCBCDCBA,0.4,0.0,0.0,positive,Pass,50.0,3.0,3.0,Fail Box,Non-STEM Track,0.0,0.0,red,0,0,1,0,0,0,0,0,0,Because I hate math.,I don’t remember learning any of this in school.,Non-STEM Track,D,D,A,B,B,A,C,C,B,B,C,D,D,A,C,B,B,C,A,D,R,C,C,C,C,C,C,C,C,C,C,0
665743d0e52bc5d24caee2a2,918.0,261,White,Undergraduate degree (BA/BSc/other),45,Female,White,United States,United States,United States,English,No,"Not in paid work (e.g. homemaker', 'retired or disabled)",DDBCCBABAA,0.1,0.0,0.0,ground,Fail,50.0,3.0,3.0,Fail Box,Non-STEM Track,0.0,0.0,black,0,0,1,0,0,0,0,0,0,I chose the non-stem track because I have not done algebra in over 20 years and I have forgotten most of it.,"I found the math to be frustrating because I recognized it, but did not remember how to solve most of it. I was very happy to have the choice to choose the non-stem track! Overall, I enjoyed the experience. ",Non-STEM Track,D,D,D,B,B,A,C,C,C,B,B,D,A,A,B,B,A,C,A,D,R,R,R,R,C,C,C,C,C,C,C,0
6434ffef48955a4096db0ea0,1201.0,166,White,Secondary education (e.g. GED/GCSE),23,Female,White,United States,United States,United States,English,No,"Not in paid work (e.g. homemaker', 'retired or disabled)",DAACCCCAC_,0.2,3.0,10.395,positive,Pass,15.0,2.0,1.0,Pass Box,Non-STEM Track,0.0,0.0,black,0,0,1,1,1,0,0,0,0,"Even though I used to be very proficient in math when I was in school, it has been a while since I brushed up on those skills so I was not very confident that I would be able to do well.","I was a little confused at first especially with the limited time I had to try to do the test, but I eventually figured it out that I just had to try and make my best guess if I wasn't sure of the answer. ",Non-STEM Track,D,D,A,D,A,A,C,B,C,B,C,D,C,A,A,B,C,C,,C,R,R,R,C,C,C,C,C,C,C,C,0
65ce1b0bf3ab63f4f81cdd94,1306.0,709,Mixed,Technical/community college,43,Female,Mixed,Korea,United States,United States,English,DATA_EXPIRED,Full-Time,DAA_BAAA_B,0.3,0.0,0.0,positive,Pass,20.0,2.0,2.0,Pass Box,Non-STEM Track,0.0,0.0,red,0,0,1,0,0,0,0,0,0,Because I knew I did poorly on the first STEM questions,"I felt bad that I didn't even know how to even try to solve most of the STEM questions, but after doing the non-STEM test, I felt a lot better because I knew all the answers to that one.",Non-STEM Track,D,D,A,B,A,A,,C,B,B,A,D,A,A,A,B,,C,B,D,R,R,R,R,R,C,C,C,C,C,C,0
60fdc40f41e8e10a0ddabb22,1177.0,2036,White Sephardic Jew,Undergraduate degree (BA/BSc/other),56,Female,White,United States,United States,United States,English,DATA_EXPIRED,DATA_EXPIRED,DCACAA____,0.0,0.0,0.0,positive,Fail,5.0,3.0,5.0,Fail Box,Non-STEM Track,0.0,0.0,red,0,0,1,0,0,1,0,0,0,Because I did terribly at the initial STEM track quiz.,Realizing how much I let math fall by the wayside,Non-STEM Track,D,D,C,B,A,A,C,C,A,B,A,D,,A,,B,,C,,D,R,R,R,R,C,C,C,C,C,C,C,0
605b8cf6c07b6842b5cab429,856.0,2976,White,Undergraduate degree (BA/BSc/other),28,Male,White,United States,United States,United States,English,No,Unemployed (and job seeking),DCACBBDABA,0.3,1.0,1.184,ground,Fail,70.0,5.0,5.0,Fail Box,Non-STEM Track,0.0,0.0,black,0,0,1,0,0,0,0,0,0,"It's been a while since I've done math problems, and while I believe I could figure most of them out with enough time, I'm not confident enough in my abilities to perform well under a time crunch. I figured I would perform much better in the Non-STEM track, and therefore earn a bonus.","I felt very unintelligent when the math problems were first shown to me, but I felt a little better after answering a few of them. I was surprised by what I retained from school, whether or not it meant I was answering the questions correctly.    No feedback! Pretty straightforward process.",Non-STEM Track,D,D,C,B,A,A,C,C,B,B,B,D,D,A,A,B,B,C,A,D,R,R,R,R,R,R,C,C,C,C,C,0
626865bc5ebc6a94aa84fce2,1390.0,584,White,Undergraduate degree (BA/BSc/other),55,Female,White,United Kingdom,United States,United States,English,No,"Not in paid work (e.g. homemaker', 'retired or disabled)",DDACDDBADB,0.1,0.0,0.0,positive,Pass,5.0,0.0,1.0,Fail Box,STEM Track,0.0,0.0,black,0,0,1,0,0,0,0,0,0,I preferred the bonus option of the STEM Track,"I mostly guessed. Math has never been my strong suit, especially algebra, and word problems.",STEM Track,D,D,D,B,A,A,C,D,D,A,D,D,B,C,A,D,D,C,B,C,R,R,R,R,C,C,C,C,C,C,C,1
6606f581a55dc7199a7cf7ab,840.0,674,White,Undergraduate degree (BA/BSc/other),49,Female,White,United States,United States,United States,English,DATA_EXPIRED,Full-Time,DCADBBDBD_,0.3,0.0,0.0,positive,Fail,80.0,5.0,5.0,Fail Box,Non-STEM Track,0.0,0.0,red,0,0,1,0,0,0,0,0,0,I already helped my daughter with math homework today and I'm tired of thinking about math content,The experience was mentally engaging!,Non-STEM Track,D,D,C,B,A,A,D,C,B,B,B,D,D,A,B,B,D,C,,D,R,R,R,C,C,C,C,C,C,C,C,0
671f79baac356f9efe623cef,1623.0,36,Black/African American,Undergraduate degree (BA/BSc/other),24,Male,Black,Ghana,United States,United States,English,Yes,Full-Time,__________,0.0,0.0,0.0,positive,Fail,50.0,5.0,5.0,Fail Box,STEM Track,0.0,0.0,red,0,0,1,0,0,0,0,0,0,I thought i would be able to answer them,,STEM Track,,B,,A,,C,,C,,B,,C,,B,,C,,B,,B,R,R,R,R,R,R,C,C,C,C,C,1
6696ce2085087c25d102f853,1026.0,336,White,Undergraduate degree (BA/BSc/other),25,Male,White,United States,United States,United States,English,No,Full-Time,BABBBBDBBB,0.6,0.0,0.0,ground,Fail,80.0,6.0,7.0,Fail Box,STEM Track,0.0,0.0,black,0,0,1,0,0,0,0,0,0,I like Math,had to really think back to some challenging math courses,STEM Track,B,B,A,B,B,A,B,A,B,A,B,D,D,D,B,C,B,A,B,C,R,R,R,R,R,R,C,C,C,C,C,1
5eb44aa8de8a2a291bd522df,310.0,4450,White,Undergraduate degree (BA/BSc/other),58,Female,White,United States,United States,United States,English,No,"Not in paid work (e.g. homemaker', 'retired or disabled)",DABCBACBCC,0.3,0.0,0.0,positive,Pass,1.0,0.0,1.0,Not Sure,Non-STEM Track,0.0,0.0,black,0,1,1,0,0,0,0,0,0,The STEM track was too confusing,Fine,Non-STEM Track,D,D,A,B,B,A,C,C,B,B,A,D,C,A,B,B,C,C,C,D,R,R,C,C,C,C,C,C,C,C,C,0
6614b9cbe0e2912e3ffd0705,1089.0,350,East Asian,Technical/community college,51,Male,Asian,United States,United States,United States,English,No,Full-Time,DAACBADCBD,0.4,0.0,0.0,positive,Pass,50.0,3.0,3.0,Not Sure,Non-STEM Track,0.0,0.0,red,0,1,1,0,0,0,0,0,0,I wasn't confident that I would get 3 or more correct.,I might have chose the STEM Track if I knew the type of questions that would appear.,Non-STEM Track,D,D,A,B,A,A,C,C,B,B,A,D,D,A,C,B,B,C,D,D,R,R,R,C,C,C,C,C,C,C,C,0
59f224ce40333e00017edfe8,905.0,6474,White,High school diploma/A-levels,39,Female,White,United States,United States,United States,English,No,Full-Time,BDDCBDBACC,0.2,2.0,10.068,negative,Pass,0.0,1.0,1.0,Fail Box,STEM Track,0.0,0.0,red,0,0,1,0,0,0,0,0,0,I wanted to see if I could answer 1 correctly.,It was horrid because I am so bad at math.,STEM Track,B,B,D,D,D,A,C,D,B,B,D,A,B,D,A,A,C,B,C,D,R,R,R,R,R,R,R,C,C,C,C,1
672e62ea8e95b429516418ca,1691.0,7,Latino/Hispanic,Technical/community college,22,Male,Other,United States,United States,United States,English,No,Part-Time,BADCBBA___,0.3,0.0,0.0,negative,Fail,25.0,5.0,5.0,Pass Box,STEM Track,0.0,0.0,red,0,0,1,0,0,0,0,0,0,I'm more interested in STEM topics and I don't know what the non-STEM options could include,"It was enjoyable, I love math personally. Maybe advise us to get a notebook and pencil so we can write out our work.",STEM Track,B,B,A,D,D,C,C,A,B,A,B,D,A,C,,A,,B,,C,R,R,R,R,R,R,R,C,C,C,C,1
637ee3e42ee7996a07233f21,352.0,3105,White,Undergraduate degree (BA/BSc/other),50,Male,White,United States,United States,United States,English,Yes,Full-Time,BBABBBCDBB,0.4,1.0,0.61,positive,Fail,70.0,8.0,7.0,Pass Box,STEM Track,0.0,0.0,red,0,0,1,0,0,0,0,0,1,BECAUSE IT WAS GOOD,INSIGHTFUL,STEM Track,B,C,B,C,A,A,B,B,B,B,B,B,C,C,D,D,B,A,B,A,R,R,R,C,C,C,R,R,C,R,R,1
66293dfe581e19f0c8b56268,573.0,814,White,Undergraduate degree (BA/BSc/other),53,Female,White,United States,United States,United States,English,DATA_EXPIRED,Full-Time,DADBDDCBCB,0.4,0.0,0.0,positive,Pass,50.0,3.0,2.0,Fail Box,Non-STEM Track,0.0,0.0,red,0,0,1,0,0,0,0,0,0,I didn't know how to do most of the math problems without a calculator or other support,,Non-STEM Track,D,D,A,B,D,A,B,C,D,B,D,D,C,A,B,B,C,C,B,D,R,R,R,R,R,C,C,C,C,C,C,0
66cd2c8c84efe6e84fa88f1e,857.0,189,White,Undergraduate degree (BA/BSc/other),33,Male,White,United States,United States,United States,English,No,Full-Time,CDCCBADCAA,0.4,0.0,0.0,negative,Pass,5.0,2.0,3.0,Fail Box,Non-STEM Track,0.0,0.0,red,0,0,1,0,0,0,0,0,0,I don't think I did too hot on the first STEM set of questions.,This was both fun and engaging ,Non-STEM Track,C,D,D,B,C,A,C,C,B,B,A,D,D,A,C,B,A,C,A,D,R,R,R,C,C,C,C,C,C,C,C,0
6711b26adcd255be11e409cd,784.0,28,White,High school diploma/A-levels,31,Female,White,United States,United States,United States,English,No,Part-Time,ACBBCBDCAA,0.5,0.0,0.0,positive,Pass,50.0,8.0,5.0,Pass Box,Non-STEM Track,0.0,0.0,red,0,0,1,0,0,0,0,0,0,I dont enjoy stem,tedious ,Non-STEM Track,A,D,C,B,B,A,B,C,C,B,B,D,D,A,C,B,A,C,A,D,R,R,R,R,R,C,C,C,C,C,C,0
6733c8ed72d14762aea01247,740.0,3,East Asian,Undergraduate degree (BA/BSc/other),35,Female,Asian,Pakistan,United States,United States,English,No,DATA_EXPIRED,DAACDAACBC,0.2,0.0,0.0,ground,Fail,75.0,6.0,6.0,Fail Box,STEM Track,0.0,0.0,black,0,0,1,0,1,0,0,0,0,To receive extra payment,,STEM Track,D,B,A,D,A,C,C,C,D,C,A,B,A,D,C,B,B,B,C,C,R,R,R,R,R,C,C,C,C,C,C,1
60fd0594288ddce37ec599d1,861.0,693,White,Technical/community college,24,Female,White,United States,United States,United States,English,Yes,Part-Time,BDCBADBDCA,0.3,0.0,0.0,positive,Pass,40.0,3.0,2.0,Pass Box,Non-STEM Track,0.0,0.0,black,0,1,1,0,1,0,0,0,0,The math problems were too complex to solve in the given amount of time,I was stressed out to solve the problems and maintain questionnaire compliance,Non-STEM Track,B,A,D,B,C,A,B,C,A,B,D,D,B,A,D,B,C,C,A,D,R,R,R,R,R,C,C,C,C,C,C,0
5f35ae3a8f69605c71446dce,1224.0,64,White,High school diploma/A-levels,33,Male,White,United States,United States,Czech Republic,English,No,Full-Time,ADBCCAAABB,0.2,0.0,0.0,negative,Pass,90.0,3.0,2.0,Pass Box,Non-STEM Track,0.0,0.0,red,1,1,1,0,0,0,0,0,0,id rather have a chance at getting more money per question rather than risk getting none,,Non-STEM Track,A,D,D,B,B,A,C,C,C,B,A,D,A,A,A,B,B,C,B,D,R,R,R,R,R,R,R,R,R,R,C,0
6715436581def11c20ce3786,763.0,15,White,Undergraduate degree (BA/BSc/other),21,Female,White,United States,United States,United States,English,Yes,DATA_EXPIRED,DABCBDCACB,0.4,0.0,0.0,ground,Fail,25.0,3.0,5.0,Fail Box,Non-STEM Track,0.0,0.0,black,0,0,1,0,0,0,0,0,0,I'm not confident in my answers,Good,Non-STEM Track,D,D,A,B,B,A,C,C,B,B,D,B,C,A,A,B,C,C,B,A,R,R,R,R,R,C,C,C,C,C,C,0
5765c0fcf2e23200017ded5e,187.0,7257,Latino/Hispanic,No formal qualifications,32,Male,Other,United States,United States,United States,English,No,Other,CADCDCDACB,0.4,0.0,0.0,negative,Pass,2.0,0.0,0.0,Pass Box,Non-STEM Track,0.0,0.0,red,0,0,0,1,0,0,0,0,0,Thought it'd be easier.,Thanks -- enjoyable and fun work!,Non-STEM Track,C,D,A,B,D,A,C,D,D,B,C,D,D,A,A,B,C,C,B,C,R,C,C,C,C,C,C,C,C,C,C,0
666dc3db9ac2e5ee4b2c3d6c,862.0,301,White,Undergraduate degree (BA/BSc/other),24,Male,White,United States,United States,United States,English,Yes,DATA_EXPIRED,ADDACBDCAA,0.4,0.0,0.0,positive,Fail,50.0,5.0,5.0,Fail Box,Non-STEM Track,0.0,0.0,red,0,0,1,1,0,0,0,0,0,"I was thrown back into the school mindset for a bit, and was worried about the possibility of me failing the test.","I like that this survey took me back to a time where I had to actually solve these sort of math problems, whether I am good at them or not!",Non-STEM Track,A,D,D,B,D,A,A,C,C,B,B,D,D,A,C,B,A,C,A,D,R,R,R,R,R,C,C,C,C,C,C,0
66f5face3afaaf7cf64980db,490.0,11,White,Undergraduate degree (BA/BSc/other),50,Male,White,United States,United States,United States,English,No,Full-Time,DABBBDDCBB,0.6,0.0,0.0,negative,Pass,35.0,2.0,1.0,Pass Box,Non-STEM Track,0.0,0.0,red,0,0,1,0,0,0,0,0,0,Much better in other subjects.,good,Non-STEM Track,D,D,A,B,B,A,B,C,B,B,D,D,D,A,C,B,B,C,B,D,R,R,R,R,R,C,C,C,C,C,C,0
66296df130c9444696571bc7,997.0,692,White,High school diploma/A-levels,48,Female,White,United States,United States,United States,English,DATA_EXPIRED,DATA_EXPIRED,DABBDABCAB,0.4,0.0,0.0,ground,Fail,40.0,3.0,5.0,Fail Box,Non-STEM Track,0.0,0.0,black,0,0,1,0,0,0,0,0,0,I was a history major and am also an avid reader. ,"It definitely let me know that I’ve forgotten most of my math classes. I enjoyed it, though!",Non-STEM Track,D,D,A,B,B,A,B,C,D,B,A,D,B,A,C,B,A,C,B,D,R,R,R,R,C,C,C,C,C,C,C,0
5a6b7f02e6cc4a0001b6a591,360.0,3265,White,Technical/community college,56,Female,White,Canada,United States,United States,English,No,Part-Time,BCDBBCCBBC,0.2,0.0,0.0,ground,Pass,5.0,2.0,1.0,Not Sure,Non-STEM Track,0.0,0.0,red,0,0,1,0,0,0,0,0,0,Because I am terrible at math and had to guess at all the answers in the Stem section. ,I was frustrated with the first questions as I did not know any answers. I was fine with the non stem questions. ,Non-STEM Track,B,D,C,B,D,A,B,C,B,B,C,D,C,A,B,B,B,C,C,D,R,R,R,R,C,C,C,C,C,C,C,0
66edc42d538ac1d18fa2d1dd,813.0,74,White,Technical/community college,37,Male,White,United States,United States,United States,English,No,DATA_EXPIRED,DAABDCDCCA,0.5,0.0,0.0,positive,Pass,55.0,1.0,2.0,Fail Box,Non-STEM Track,0.0,0.0,black,0,0,1,0,0,0,0,0,0,The STEM track was difficult.,"The math was incredibly difficult but I found this research very interesting, thank you.",Non-STEM Track,D,D,A,B,A,A,B,C,D,B,C,D,D,A,C,B,C,C,A,D,R,R,R,R,C,C,C,C,C,C,C,0
62e07b7bce4301b22b769df8,1076.0,394,East Asian,Undergraduate degree (BA/BSc/other),28,Male,Asian,United States,United States,United States,Chinese,No,Full-Time,DABBBBDCCA,0.7,0.0,0.0,negative,Pass,60.0,3.0,5.0,Pass Box,STEM Track,0.0,0.0,red,0,0,1,0,0,0,0,0,1,Money and it was interesting and a bit of my parents wanted me to. ,Always fun to do SAT questions 8 years after I left school.,STEM Track,D,B,A,C,B,C,B,A,B,A,B,D,D,C,C,C,C,B,A,C,R,R,R,R,C,C,C,C,C,C,C,1
66bba307f316e9d93bdd0039,509.0,42,White,Undergraduate degree (BA/BSc/other),44,Male,White,United States,United States,United States,English,No,DATA_EXPIRED,BABBCDACAB,0.4,1.0,2.498,positive,Fail,100.0,2.0,5.0,Pass Box,Non-STEM Track,0.0,0.0,red,0,0,1,0,0,0,0,0,0,Had to think too much for such a small reward,It was okay,Non-STEM Track,B,D,A,B,B,A,B,C,C,B,D,D,A,A,C,B,A,C,B,D,R,R,R,R,R,R,R,R,R,C,C,0
5e63e24eaf3bd51660031dbe,502.0,8359,White,Technical/community college,38,Male,White,United States,United States,United States,English,Yes,Full-Time,BBDACAACAA,0.1,0.0,0.0,ground,Fail,50.0,5.0,5.0,Fail Box,Non-STEM Track,0.0,0.0,black,0,0,1,0,0,0,0,0,0,I felt my chances were better,Everything was fine.,Non-STEM Track,B,D,B,B,D,A,A,C,C,B,A,D,A,A,C,B,A,C,A,D,R,R,R,R,C,C,C,C,C,C,C,0
5dedf0483711364928753ecd,933.0,4344,East Asian,Undergraduate degree (BA/BSc/other),39,Male,Asian,United States,United States,United States,English,No,Full-Time,BAABDBABCA,0.4,0.0,0.0,negative,Pass,25.0,2.0,1.0,Pass Box,Non-STEM Track,0.0,0.0,red,0,0,1,0,0,0,0,0,0,I wasn't confident in my ability to pass another STEM quiz.,I found it somewhat fun.,Non-STEM Track,B,D,A,B,A,A,B,C,D,B,B,D,A,A,B,B,C,C,A,D,R,R,R,R,R,C,C,C,C,C,C,0
5c4e3977c0783c00016936f9,509.0,2117,White,Undergraduate degree (BA/BSc/other),30,Male,White,United States,United States,United States,English,Yes,Full-Time,DAABBCBABA,0.3,0.0,0.0,negative,Fail,20.0,2.0,5.0,Fail Box,Non-STEM Track,0.0,0.0,black,0,0,1,0,0,0,0,0,0,The amount of time given to solve the equations was sufficient enough ,No feedback,Non-STEM Track,D,D,A,B,A,A,B,C,B,B,C,D,B,A,A,B,B,C,A,D,R,R,C,C,C,C,C,C,C,C,C,0
5d7472ad3bc4020015f3bb56,618.0,2746,White,High school diploma/A-levels,27,Male,White,United States,United States,United States,English,No,Due to start a new job within the next month,DBACABDADA,0.2,0.0,0.0,negative,Fail,30.0,5.0,3.0,Fail Box,Non-STEM Track,0.0,0.0,black,0,0,0,1,1,0,0,0,0,It seemed like the easier option for me.,No,Non-STEM Track,D,D,B,B,A,A,C,C,A,B,B,D,D,A,A,B,D,C,A,D,R,R,R,R,R,R,R,C,C,C,C,0
57c137bf5b8c510001af5981,589.0,2626,White,High school diploma/A-levels,36,Male,White,United States,United States,United States,English,No,DATA_EXPIRED,BCADCDBCAD,0.1,0.0,0.0,negative,Fail,10.0,2.0,3.0,Fail Box,Non-STEM Track,0.0,0.0,red,0,0,1,0,0,0,0,0,0,Those are my stronger subjects,My math is really bad =),Non-STEM Track,B,D,C,B,A,A,D,C,C,B,D,D,B,A,C,B,A,C,D,D,R,R,R,R,R,C,C,C,C,C,C,0
65f00615cafbc1008642ff08,432.0,516,White,High school diploma/A-levels,36,Male,White,United States,United States,United States,English,DATA_EXPIRED,Unemployed (and job seeking),ACBACABBCA,0.2,0.0,0.0,positive,Fail,50.0,3.0,5.0,Fail Box,Non-STEM Track,0.0,0.0,red,0,0,1,0,0,0,0,0,0,Because I’m bad at math ,It was okay ,Non-STEM Track,A,D,C,B,B,A,A,C,C,B,A,D,B,A,B,B,C,C,A,D,R,R,R,R,R,C,C,C,C,C,C,0
6689a12457342b4e43fe5af3,902.0,134,White,Technical/community college,34,Male,White,United States,United States,United States,English,No,Part-Time,DAACDADDBB,0.3,0.0,0.0,ground,Pass,30.0,5.0,3.0,Pass Box,Non-STEM Track,0.0,0.0,red,0,1,1,0,0,0,0,0,0,Simple algebra was not on the menu for my brain this afternoon,"Fairly enjoyable, outside of the headache that occurred due to the algebra haha",Non-STEM Track,D,D,A,B,A,A,C,C,D,B,A,D,D,A,D,B,B,C,B,D,R,R,R,R,R,C,C,C,C,C,C,0
5e9389d87d6dc1078fe0ebee,1437.0,3197,Black/African American,Technical/community college,26,Female,Black,United States,United States,United States,English,No,Full-Time,BCBBCABCCD,0.3,1.0,2.327,positive,Pass,29.0,1.0,2.0,Pass Box,Non-STEM Track,1.0,0.885,black,0,0,1,0,0,0,0,0,0,My STEM knowledge is a little rusty ,It was nerve-racking because I know I am not the strongest in math ,Non-STEM Track,B,D,C,B,B,A,B,C,C,B,A,A,B,A,C,B,C,C,D,D,R,R,R,R,C,C,C,C,C,C,C,0
6637a175f1ecda0cc7ffc8c9,1200.0,477,African,Undergraduate degree (BA/BSc/other),40,Male,Black,Kenya,United States,United States,English,DATA_EXPIRED,Full-Time,AACCBB____,0.5,0.0,0.0,negative,Pass,40.0,5.0,5.0,Pass Box,STEM Track,0.0,0.0,red,1,0,1,0,0,0,0,1,0,I was always interested in STEM since I was a child.,It was a pleasant experience.,STEM Track,A,B,A,A,C,C,C,D,B,A,B,D,,B,,B,,B,,C,R,R,R,R,R,C,C,C,C,C,C,1
61692a71630be6d801e55db0,746.0,1090,White,High school diploma/A-levels,26,Male,White,United States,United States,United States,English,No,"Not in paid work (e.g. homemaker', 'retired or disabled)",DABCCBDCAB,0.5,0.0,0.0,negative,Pass,100.0,6.0,5.0,Pass Box,Non-STEM Track,0.0,0.0,red,0,0,1,0,0,0,0,0,0,"I thought I would do better on it, and I'm definitely correct in that regard since I got every question right on the Non-STEM track.",I liked the tests; I feel like the third question asking about how the test taker did on the first round of questions could have been better explained. (The one asking for a number out of /10),Non-STEM Track,D,D,A,B,B,A,C,C,C,B,B,D,D,A,C,B,A,C,B,D,R,R,R,R,R,C,C,C,C,C,C,0
5c989ea4c7f75b0001677fa8,1102.0,822,White,Undergraduate degree (BA/BSc/other),39,Male,White,United States,United States,United States,English,DATA_EXPIRED,DATA_EXPIRED,DCCBBBAABA,0.4,0.0,0.0,negative,Fail,75.0,2.0,6.0,Fail Box,STEM Track,0.0,0.0,black,0,1,0,0,0,0,0,0,0,I struggled with math in elementary and high school but began to grow my confidence in math in college so I wanted to accept that challenge to test myself.,N/A I had a pleasant experience and don't feel as though I have suggestions or recommendations. Thank you!,STEM Track,D,C,C,A,C,B,B,B,B,D,B,D,A,C,A,A,B,C,A,A,R,R,R,C,C,C,C,C,C,C,C,1
663ce4e0481cec08d00ab105,450.0,771,White,Graduate degree (MA/MSc/MPhil/other),42,Male,White,United States,United States,United States,English,DATA_EXPIRED,DATA_EXPIRED,DDACCAAAAB,0.1,0.0,0.0,positive,Fail,40.0,2.0,3.0,Fail Box,Non-STEM Track,0.0,0.0,red,0,0,1,0,0,0,0,0,0,Because I am more confident outside of science and math,I,Non-STEM Track,D,D,D,B,A,A,C,C,C,B,A,D,A,A,A,B,A,C,B,D,R,R,R,R,R,C,C,C,C,C,C,0
5bcc26ba4f22df00010f166d,776.0,1366,Latino/Hispanic,High school diploma/A-levels,34,Male,Other,United States,United States,United States,English,No,Full-Time,DABCDBDCDB,0.5,0.0,0.0,negative,Pass,40.0,3.0,4.0,Pass Box,Non-STEM Track,0.0,0.0,red,0,0,1,0,0,0,0,0,0,Because I felt more confident in answering the non-STEM questions accurately,All of the various instructions were a bit confusing and tedious,Non-STEM Track,D,D,A,B,B,A,C,C,D,B,B,D,D,A,C,B,D,C,B,D,R,R,R,R,C,C,C,C,C,C,C,0
6728ac4e1f0ac5ccaa3d7675,731.0,10,African,High school diploma/A-levels,31,Male,Black,Ghana,United States,United States,English,Yes,DATA_EXPIRED,CCBBBBCCCC,0.5,0.0,0.0,negative,Fail,80.0,8.0,9.0,Pass Box,STEM Track,0.0,0.0,red,0,0,0,0,1,0,0,0,0,it will help me,good,STEM Track,C,C,C,B,B,B,B,B,B,C,B,B,C,B,C,B,C,B,C,B,R,R,R,R,R,R,R,R,R,R,C,1
67158a52bdda9ea30d07de25,451.0,46,White,Technical/community college,25,Male,White,United States,United States,United States,English,Yes,Part-Time,CCABBCDDAC,0.3,0.0,0.0,positive,Fail,50.0,7.0,5.0,Pass Box,STEM Track,0.0,0.0,red,0,0,1,0,0,0,0,0,0,I like mathematics.,,STEM Track,C,B,C,C,A,B,B,C,B,D,C,D,D,B,D,C,A,D,C,A,R,R,R,R,R,C,C,C,C,C,C,1
663afb4c74805516d7983f27,1381.0,937,White,High school diploma/A-levels,47,Female,White,United States,United States,United States,English,No,Full-Time,DCBACADCDA,0.2,1.0,3.909,negative,Pass,5.0,1.0,1.0,Pass Box,Non-STEM Track,0.0,0.0,red,0,0,1,0,0,0,0,0,0,I haven't taken those types of math classes in a long time and barely remember any of it.,"It was kind of fun. When I saw the math questions I was like, what? Lol",Non-STEM Track,D,D,C,B,B,A,A,C,C,B,A,D,D,A,C,B,D,C,A,D,R,C,C,C,C,C,C,C,C,C,C,0
658289aeaf946c0306a5c083,1563.0,406,East Asian,High school diploma/A-levels,24,Male,Asian,United States,United States,United States,English,Yes,Unemployed (and job seeking),AABBBBDCBB,0.8,0.0,0.0,ground,Fail,100.0,10.0,10.0,Fail Box,STEM Track,0.0,0.0,black,0,0,1,0,0,0,0,0,0,I major in a STEM field so I am confident in my mathematical abilities. ,"It was great actually, provided a great set of exercises to challenge myself.",STEM Track,A,B,A,A,B,C,B,A,B,A,B,D,D,C,C,A,B,B,B,C,R,R,C,C,C,C,C,C,C,C,C,1
66fb614bb2ee41889ae13f1c,405.0,31,White,High school diploma/A-levels,46,Male,White,United States,United States,United States,English,No,Part-Time,DAACCBBCDA,0.3,0.0,0.0,negative,Pass,11.0,2.0,0.0,Pass Box,STEM Track,0.0,0.0,red,0,0,1,0,0,0,0,0,0,I'd get $2 if I got them all wrong.,I wish I hadn't come here!  ;-),STEM Track,D,D,A,D,A,D,C,D,C,D,B,D,B,D,C,D,D,D,A,D,R,R,R,R,R,C,C,C,C,C,C,1
62f9c9926b5d15714845f331,676.0,292,White,High school diploma/A-levels,35,Male,White,United States,United States,United States,English,No,"Not in paid work (e.g. homemaker', 'retired or disabled)",CADCBAAABA,0.2,0.0,0.0,negative,Fail,32.0,2.0,3.0,Fail Box,Non-STEM Track,0.0,0.0,red,0,0,1,0,0,0,0,0,0,I didn't want to do any more math problems because math isn't my strongest subject,It was great for people who are decent in math for the first part. The English part was easier for me.,Non-STEM Track,C,D,A,B,D,A,C,C,B,B,A,A,A,A,A,B,B,C,A,D,C,R,R,R,R,R,C,R,R,R,R,0
6728ecb8f622c6f2a2eaa6fc,445.0,26,Mixed,Undergraduate degree (BA/BSc/other),37,Male,White,United States,United States,United States,English,No,DATA_EXPIRED,CBADBCCAAB,0.2,0.0,0.0,positive,Pass,2.0,3.0,1.0,Fail Box,STEM Track,0.0,0.0,black,0,0,1,0,0,0,0,0,0,I'll gamble for a dollar ,Enjoysble,STEM Track,C,A,B,A,A,A,D,A,B,A,C,A,C,A,A,A,A,A,B,A,R,R,C,C,C,C,C,C,C,C,C,1
664e3a724e9031ecde986655,549.0,102,White Mexican,Technical/community college,43,Male,White,United States,United States,United States,English,No,Full-Time,BCAABAABCA,0.2,0.0,0.0,positive,Fail,50.0,5.0,5.0,Pass Box,STEM Track,0.0,0.0,red,0,0,1,0,0,0,0,0,0,Because I love science ,I thought it was a lot ,STEM Track,B,C,C,B,A,B,A,B,B,B,A,B,A,A,B,A,C,B,A,B,R,R,R,R,R,R,R,C,C,C,C,1
6612f75ce40b8b512658beaf,311.0,161,White,Undergraduate degree (BA/BSc/other),46,Male,White,United States,United States,United States,English,No,Full-Time,DCABCDBCAB,0.3,0.0,0.0,ground,Fail,90.0,5.0,5.0,Fail Box,Non-STEM Track,0.0,0.0,black,0,0,1,0,0,0,0,0,0,I believe I would do better with my knowledge ,Fun,Non-STEM Track,D,D,C,B,A,A,B,C,C,D,D,D,B,A,C,B,A,C,B,D,R,C,C,C,C,C,C,C,C,C,C,0
60bae1ebe45be85442acce84,894.0,2584,White,High school diploma/A-levels,29,Male,White,United States,United States,United States,English,No,Other,DABCDBCCCB,0.5,0.0,0.0,positive,Pass,25.0,3.0,3.0,Pass Box,Non-STEM Track,0.0,0.0,black,0,1,0,0,0,0,0,0,0,"I have not done complex math since I was in high school, 10 years ago. I know I'm not great at math anymore.","I don't have any particular feedback. Everything about the study seemed to work well, and I didn't have any problems or technical issues.",Non-STEM Track,D,D,A,B,B,A,C,C,D,B,B,D,C,A,C,B,C,C,B,D,R,R,C,C,C,C,C,C,C,C,C,0
6132cc931d18eb3ce734accf,1362.0,2087,White,Undergraduate degree (BA/BSc/other),58,Male,White,United States,United States,United States,English,No,Full-Time,DCDDBB____,0.2,0.0,0.0,negative,Pass,50.0,3.0,2.0,Pass Box,STEM Track,0.0,0.0,red,0,0,1,0,0,0,0,0,0,Only 2 correct answers were required to pass,I don't remember most of my schooling,STEM Track,D,C,C,B,D,B,D,A,B,A,B,B,,C,,A,,B,,A,R,R,R,R,C,C,C,C,C,C,C,1
5ec9112305ac273ed882f22a,501.0,1069,White,Doctorate degree (PhD/other),39,Male,White,United States,United States,United States,English,No,Full-Time,CAACCBCBCC,0.3,0.0,0.0,positive,Fail,5.0,2.0,4.0,Fail Box,Non-STEM Track,0.0,0.0,red,0,1,0,1,0,0,0,0,0,I am more comfortable with non-STEM topics and have not studied algebra or geometry in decades.,The STEM test was difficult.,Non-STEM Track,C,D,A,B,A,A,C,C,C,B,B,D,C,A,B,B,C,C,C,D,R,R,R,R,C,C,C,C,C,C,C,0
65dd00763076d70c85c24b1b,380.0,487,South East Asian,Technical/community college,22,Male,Asian,United States,United States,United States,Vietnamese,Yes,Part-Time,AABCBBCABB,0.5,1.0,0.69,negative,Pass,10.0,0.0,0.0,Fail Box,Non-STEM Track,0.0,0.0,red,0,0,1,0,0,0,0,0,0,I was not able to solve most of the math problems from the 1st section,It was a good experience to see where I was and if my knowledge from back in school still stuck with me.,Non-STEM Track,A,D,A,B,B,A,C,C,B,B,B,D,C,A,A,B,B,C,B,D,R,R,R,R,R,C,C,C,C,C,C,0
6696cb900298e5e424ddbb00,564.0,199,Black/African American,Undergraduate degree (BA/BSc/other),33,Male,Black,United States,United States,United States,English,Yes,Unemployed (and job seeking),DCCCCCBDCB,0.3,0.0,0.0,negative,Fail,65.0,5.0,4.0,Fail Box,Non-STEM Track,0.0,0.0,red,0,0,1,0,0,0,0,0,0,seemed better for me ,all good ,Non-STEM Track,D,D,C,B,C,A,C,C,C,B,C,D,B,A,D,B,C,C,B,B,R,C,C,R,R,C,C,C,C,C,C,0
611c3a95571912992fae32cf,728.0,2762,White,High school diploma/A-levels,31,Male,White,United States,United States,United States,English,Yes,Unemployed (and job seeking),BBACBAACBA,0.2,0.0,0.0,negative,Fail,43.0,1.0,3.0,Pass Box,STEM Track,0.0,0.0,red,0,0,1,0,0,0,0,0,0,I like technology.,BORING,STEM Track,B,C,B,B,A,D,C,C,B,C,A,B,A,B,C,B,B,A,A,B,R,C,C,R,R,R,C,C,C,C,C,1
66b81adbc27d50653ded3da4,683.0,550,East Asian,Undergraduate degree (BA/BSc/other),28,Male,Asian,China,United States,United States,Chinese,Yes,Full-Time,BABDADDCBB,0.4,0.0,0.0,positive,Pass,25.0,3.0,4.0,Fail Box,STEM Track,0.0,0.0,red,0,0,1,0,0,0,0,0,0,Money,"No feedback, it was fun",STEM Track,B,B,A,B,B,C,D,A,A,A,D,D,D,C,C,A,B,B,B,A,R,R,R,R,R,C,C,C,C,C,C,1
649609322cee8b311a1c3f0f,647.0,3331,White,Technical/community college,37,Male,White,United States,United States,United States,English,No,Part-Time,BBCDCBABDA,0.2,0.0,0.0,ground,Fail,60.0,3.0,3.0,Fail Box,STEM Track,0.0,0.0,black,0,0,1,0,0,0,0,0,0,Hope to get lucky and win more money somehow.,I haven't understood any of this since high school.,STEM Track,B,A,B,D,C,C,D,B,C,C,B,B,A,C,B,C,D,C,A,D,R,R,R,R,R,C,C,C,C,C,C,1
66aabe2a82ed5061379fa052,1208.0,373,Black/African American,Graduate degree (MA/MSc/MPhil/other),34,Male,Black,United States,United States,United States,English,DATA_EXPIRED,Full-Time,DD__BB_B_A,0.2,0.0,0.0,ground,Fail,30.0,3.0,3.0,Fail Box,Non-STEM Track,0.0,0.0,black,1,0,1,0,0,0,0,0,0,It's what I enjoy doing,I enjoyed every bit of it.,Non-STEM Track,D,D,D,B,,A,,C,B,B,B,D,,A,B,B,,C,A,D,R,C,C,C,C,C,C,C,C,C,C,0
66fd131b4ece3a7928716865,475.0,227,Latino/Hispanic,Graduate degree (MA/MSc/MPhil/other),43,Male,Other,United States,United States,United States,English,No,Full-Time,ABCBCBBBCB,0.6,0.0,0.0,negative,Pass,30.0,4.0,5.0,Pass Box,STEM Track,0.0,0.0,red,0,0,1,0,0,0,0,0,0,because i wanted to increase my bonus chances,it was great,STEM Track,A,C,B,B,C,D,B,C,C,B,B,C,B,C,B,C,C,D,B,A,R,R,R,R,R,C,C,C,C,C,R,1
65d76ebb8291ac6b90e131a7,976.0,279,South Asian,Undergraduate degree (BA/BSc/other),26,Male,Asian,United States,United States,United States,English,No,DATA_EXPIRED,AABBBCBCDB,0.6,0.0,0.0,ground,Pass,50.0,5.0,6.0,Pass Box,STEM Track,0.0,0.0,red,1,1,1,0,0,0,0,1,0,Personal Interest,,STEM Track,A,B,A,D,B,C,B,B,B,A,C,D,B,C,C,A,D,B,B,C,R,R,R,R,R,C,C,C,C,C,C,1
667e3c908dfe54c0973bbe34,970.0,491,Black/African American,High school diploma/A-levels,50,Female,Black,United States,United States,United States,English,No,Full-Time,DCCCBDCBBC,0.2,0.0,0.0,positive,Fail,2.0,3.0,3.0,Fail Box,Non-STEM Track,0.0,0.0,red,0,0,1,0,0,0,0,0,0,algebra was not my strongest subject to be honest so i chose not to fail again.,The experience was interesting and fun.,Non-STEM Track,D,D,C,B,C,A,C,C,B,B,D,D,C,A,B,B,B,C,C,D,R,R,R,C,C,C,C,C,C,C,C,0
66e3a5d19b4dd663d2c8b9ad,375.0,99,Black/African American,High school diploma/A-levels,25,Male,Black,United States,United States,United States,English,No,Unemployed (and job seeking),CCCCCCCCCC,0.3,0.0,0.0,positive,Pass,25.0,3.0,3.0,Not Sure,Non-STEM Track,0.0,0.0,red,0,0,1,0,0,0,0,0,0,Im horrible at stem subjects,Easy and enjoyable except the math ,Non-STEM Track,C,D,C,B,C,A,C,C,C,B,C,D,C,A,C,B,C,C,C,D,R,R,R,R,C,C,C,C,C,C,C,0
6681a790567ed4edc86ca4a4,977.0,470,White,High school diploma/A-levels,49,Male,White,United States,United States,United States,English,No,"Not in paid work (e.g. homemaker', 'retired or disabled)",DABCCCBAAB,0.2,0.0,0.0,positive,Fail,51.0,1.0,5.0,Fail Box,Non-STEM Track,0.0,0.0,red,0,0,1,0,0,1,0,0,0,I had an extremely low chance of answering any of the questions correctly.,It was somewhat confusing and forced me to use brain cells that have been dormant for decades.,Non-STEM Track,D,D,A,B,B,A,C,C,C,B,C,D,B,A,A,B,A,C,B,D,R,R,R,C,C,C,C,C,C,C,C,0
666e2123f31347ddef69f7a1,1095.0,481,Black/African American,High school diploma/A-levels,28,Male,Black,United States,United States,United States,English,No,Full-Time,BCDBDBBABA,0.2,0.0,0.0,positive,Pass,50.0,1.0,1.0,Not Sure,STEM Track,0.0,0.0,red,0,0,1,0,0,0,0,0,0,I wanted to try my luck for the bonus payment.,My experience was good.,STEM Track,B,B,C,A,D,C,B,B,D,A,B,D,B,C,A,A,B,B,A,A,R,R,R,R,R,C,C,C,C,C,C,1
6734a50bb2f6e5f5ab60c014,604.0,17,Black/African American,High school diploma/A-levels,20,Male,Black,Ghana,United States,United States,English,Yes,DATA_EXPIRED,BCAACBDCAA,0.3,0.0,0.0,ground,Fail,50.0,4.0,4.0,Pass Box,STEM Track,0.0,0.0,black,1,1,0,0,0,0,0,0,0,to learn,good experience,STEM Track,B,B,C,B,A,D,A,D,C,B,B,B,D,A,C,B,A,D,A,C,R,C,C,C,C,C,C,C,C,C,C,1
5fc6e3a0040c3f0e7cb45c8a,639.0,7220,White,Technical/community college,34,Female,White,United States,United States,United States,English,No,"Not in paid work (e.g. homemaker', 'retired or disabled)",BBBCBABBCA,0.2,0.0,0.0,ground,Pass,50.0,2.0,1.0,Pass Box,STEM Track,0.0,0.0,red,0,0,0,1,0,0,0,0,0,It paid more,no experience just schooling with college degree.,STEM Track,B,C,B,C,B,B,C,C,B,A,A,B,B,C,B,B,C,B,A,B,C,R,R,R,R,R,R,R,R,C,C,1
6632a45ac854ff55d9eb87e4,758.0,624,Latino/Hispanic,Technical/community college,27,Male,Other,Mexico,United States,United States,Spanish,DATA_EXPIRED,DATA_EXPIRED,DAACBBDCAB,0.6,0.0,0.0,positive,Pass,60.0,7.0,6.0,Pass Box,Non-STEM Track,0.0,0.0,red,0,0,1,0,0,0,0,0,0,The non-STEM track had a higher chance of offering something consistent.,,Non-STEM Track,D,D,A,B,A,A,C,C,B,B,B,D,D,A,C,B,A,C,B,D,R,R,R,R,C,C,C,C,C,C,C,0
5ea96f2dbd3d10051fc94b30,1297.0,535,Middle Eastern,Undergraduate degree (BA/BSc/other),36,Male,Other,United States,United States,Lebanon,English,No,Full-Time,CBBACBAADA,0.1,0.0,0.0,positive,Fail,40.0,1.0,2.0,Fail Box,Non-STEM Track,0.0,0.0,red,0,0,1,0,0,0,0,0,0,The first set of STEM questions were difficult ,It was a good survey ,Non-STEM Track,C,D,B,D,B,A,A,C,C,B,B,D,A,A,A,B,D,C,A,D,R,R,R,R,C,C,C,C,C,C,C,0
62f975cbc3507ecf77180d00,721.0,1951,White,Secondary education (e.g. GED/GCSE),21,Male,White,United States,United States,United States,English,No,Unemployed (and job seeking),DACBBDBCCB,0.7,0.0,0.0,negative,Pass,40.0,4.0,5.0,Fail Box,Non-STEM Track,0.0,0.0,red,0,0,1,1,0,0,0,0,0,I knew it would be easier for me.,"It was fine, no feedback.",Non-STEM Track,D,D,A,B,C,A,B,C,B,B,D,D,B,A,C,B,C,C,B,D,R,R,R,R,C,C,C,C,C,C,C,0
65f0e572d1ca00e646860bff,1063.0,584,White,Technical/community college,32,Female,White,United States,United States,United States,English,No,"Not in paid work (e.g. homemaker', 'retired or disabled)",DABCCADAAB,0.3,0.0,0.0,negative,Pass,40.0,4.0,3.0,Pass Box,Non-STEM Track,0.0,0.0,red,0,0,1,0,0,0,0,0,0,I am not at all confident in my math capability and it is something I have not studied at all on a personal level since being out of school. It is something I do not have a strong interest in.,"I felt like I was being teased by an evil , whimsical robot math wizard who was stirring up all my forgotten nightmares about Pre Calc. But I was surprised I could even think my way through any of the problems, so that was nice. Also I am beefy when it comes to vocabulary so thank god I didn’t choose the STEM track the second round. ",Non-STEM Track,D,D,A,B,B,A,C,C,C,B,A,D,D,A,A,B,A,C,B,D,R,R,C,C,C,C,C,C,C,C,C,0
614de6895ac2892842f52ec7,633.0,984,White,High school diploma/A-levels,44,Male,White,United States,United States,United States,English,Yes,Unemployed (and job seeking),BADDCBDAAA,0.3,0.0,0.0,negative,Fail,30.0,3.0,5.0,Fail Box,Non-STEM Track,0.0,0.0,red,0,0,1,0,0,0,0,0,0,Because I have not done that kind of math in over 20 years.,I was a bit sad about how much math I have forgotten!,Non-STEM Track,B,D,A,B,D,A,D,C,C,B,B,D,D,A,A,B,A,C,A,D,R,R,R,R,C,C,C,C,C,C,C,0
61177ea521a68858654a2cdf,994.0,1324,White,Technical/community college,35,Male,White,United States,United States,United States,English,No,Part-Time,BAABD_____,0.2,1.0,1.44,negative,Pass,25.0,3.0,2.0,Pass Box,Non-STEM Track,1.0,2.041,red,0,0,1,0,0,0,0,0,0,It bore less risk for losing money.,"It was an interesting study and the first part was quite challenging. It's been a while since I've done math. Interesting study, thanks!",Non-STEM Track,B,D,A,B,A,A,B,C,D,B,,D,,A,,B,,C,,D,R,R,R,C,C,C,C,C,C,C,C,0
664fa131c7b117a8b479e5f3,830.0,415,White,High school diploma/A-levels,20,Male,White,United States,United States,United States,English,Yes,Part-Time,DAABBBDCBD,0.6,0.0,0.0,ground,Pass,30.0,4.0,4.0,Pass Box,STEM Track,0.0,0.0,red,0,0,1,1,0,0,0,0,0,I major in the STEM field.,It was okay,STEM Track,D,B,A,B,A,C,B,C,B,A,B,D,D,C,C,A,B,C,D,C,R,R,R,R,R,C,C,C,C,C,C,1
5f1bf8c6fe7ca34249b7c334,719.0,2580,White,Technical/community college,30,Female,White,United States,United States,United States,English,Yes,Full-Time,AADBBBDCBB,0.8,0.0,0.0,ground,Pass,90.0,9.0,5.0,Pass Box,Non-STEM Track,0.0,0.0,red,0,0,1,0,1,0,0,0,0,"I enjoy STEM, but wanted a chance to earn .20 per question.",It was fun!,Non-STEM Track,A,D,A,B,D,A,B,C,B,B,B,D,D,A,C,B,B,C,B,D,R,R,R,R,C,C,C,C,C,C,C,0
5cc8039e3ef93000171c96b8,735.0,5124,White,Undergraduate degree (BA/BSc/other),38,Male,White,United States,United States,United States,English,No,Part-Time,CAACBBCBBD,0.3,0.0,0.0,negative,Fail,65.0,4.0,4.0,Pass Box,STEM Track,0.0,0.0,red,0,0,1,0,0,0,0,0,0,I think I'm good enough at math to get at least 4 right most of the time,Some of the questions were really easy and some were too hard that it wasn't worth the time to try to figure them out,STEM Track,C,B,A,B,A,C,C,C,B,A,B,A,C,C,B,A,B,C,D,A,R,R,R,R,R,C,C,C,C,C,C,1
65cb9a592b3565cba17bc37c,1092.0,1308,East Asian,Graduate degree (MA/MSc/MPhil/other),27,Female,Asian,United States,United States,United States,Mandarin,DATA_EXPIRED,Full-Time,DABABBDCCB,0.7,0.0,0.0,positive,Fail,100.0,10.0,10.0,Pass Box,STEM Track,0.0,0.0,red,0,0,1,0,0,0,0,0,0,I felt confident in my math skills.,,STEM Track,D,B,A,B,B,B,A,C,B,A,B,D,D,C,C,A,C,B,B,C,R,R,R,R,R,C,C,C,C,C,C,1
67104c7deff954cb22438402,818.0,158,White,High school diploma/A-levels,48,Female,White,United States,United States,United States,English,No,"Not in paid work (e.g. homemaker', 'retired or disabled)",BCDBADDBAA,0.2,0.0,0.0,ground,Pass,0.0,0.0,0.0,Pass Box,STEM Track,0.0,0.0,red,0,0,1,0,0,0,0,0,0,Because math and I do not work well together at all but I can’t bring myself to take the easy path,My brain hurts,STEM Track,B,C,C,B,D,B,B,B,A,A,D,B,D,C,B,C,A,B,A,C,R,C,C,C,C,C,C,C,C,C,C,1
60d8c6bc9686529cdc824a49,1338.0,4775,White,High school diploma/A-levels,38,Female,White,United States,United States,United States,English,No,"Not in paid work (e.g. homemaker', 'retired or disabled)",ABACAADCBA,0.3,0.0,0.0,positive,Fail,23.0,2.0,4.0,Fail Box,STEM Track,0.0,0.0,red,0,0,1,0,0,0,0,0,0,intuituion,it was fine,STEM Track,A,A,B,C,A,B,C,B,A,A,A,A,D,D,C,C,B,D,A,A,R,R,R,R,R,R,C,C,C,C,C,1
5b9eddfed259900001106b05,746.0,5302,White,Doctorate degree (PhD/other),39,Male,White,United States,United States,United States,English,No,Full-Time,DABDBADCBC,0.4,0.0,0.0,positive,Pass,20.0,3.0,3.0,Not Sure,STEM Track,0.0,0.0,red,0,0,1,0,0,0,0,0,0,"I like math and logic problems, though my advanced math like this was always a little shaky","the questions were tough, been a VERY long time since I did these",STEM Track,D,B,A,D,B,A,D,B,B,A,A,D,D,C,C,D,B,B,C,B,R,R,R,R,C,C,C,C,C,C,C,1
66660a053b08e2a34f9b945c,768.0,1299,Mixed,Technical/community college,36,Female,Mixed,United States,United States,United States,English,DATA_EXPIRED,DATA_EXPIRED,BDACDDBABD,0.0,0.0,0.0,negative,Fail,20.0,2.0,2.0,Fail Box,Non-STEM Track,0.0,0.0,red,0,0,1,0,0,0,0,0,0,"Because I am better at writing, arts, etc.","this was fun, the math was super hard though",Non-STEM Track,B,D,D,B,A,A,C,C,D,B,D,D,B,A,A,B,B,C,D,D,R,R,R,R,R,C,C,C,C,C,C,0
5f8f54c1450c2d1b5984c34f,596.0,628,White Sephardic Jew,Undergraduate degree (BA/BSc/other),27,Female,Other,United States,United States,United States,English,Yes,Unemployed (and job seeking),ADDCBADCAB,0.5,0.0,0.0,negative,Fail,30.0,2.0,9.0,Fail Box,Non-STEM Track,0.0,0.0,red,0,0,0,1,0,1,0,0,0,I haven't done that kind of math for 10 years. But I AM in a humanities grad program,Math was stressful D:,Non-STEM Track,A,D,D,B,D,A,C,C,B,B,A,D,D,A,C,B,A,C,B,D,R,R,C,C,C,C,C,C,C,C,C,0
65e9c96c5c619ee0d04d3508,1464.0,266,Black/African American,Technical/community college,30,Female,Mixed,United States,United States,United States,English,Yes,Full-Time,DD________,0.0,0.0,0.0,negative,Fail,38.0,5.0,2.0,Fail Box,STEM Track,0.0,0.0,black,0,0,1,1,1,0,0,0,0,I just enjoy a challenge.,It was pretty tough. I don't enjoy math.,STEM Track,D,,D,,,,,,,,,,,C,,A,,B,,C,R,R,R,R,R,C,C,C,C,C,C,1
65b29244459729780361bfbc,783.0,136,Mixed,Undergraduate degree (BA/BSc/other),35,Female,Mixed,United States,United States,United States,English,No,Full-Time,DACBCACCBA,0.4,0.0,0.0,positive,Fail,4.0,2.0,7.0,Fail Box,Non-STEM Track,0.0,0.0,red,0,0,1,0,0,0,0,0,0,I am not the best at STEM,it was fine. ,Non-STEM Track,D,D,A,B,C,A,B,C,C,B,A,D,C,A,C,B,B,C,A,D,R,C,R,C,C,R,C,R,C,C,C,0
6711ad38bd46729f0fe8c1b2,738.0,413,Latino/Hispanic,High school diploma/A-levels,34,Male,White,United States,United States,United States,English,No,Full-Time,BDDABCDABC,0.2,1.0,3.117,positive,Fail,60.0,8.0,8.0,Fail Box,Non-STEM Track,0.0,0.0,red,0,0,1,0,1,0,0,0,0,I thought I would fail I am not confident in my self,I had fun and love a challenge,Non-STEM Track,B,D,D,B,D,A,A,C,B,B,C,A,D,A,A,B,B,C,C,B,R,R,C,C,C,C,C,C,C,C,C,0
6630e55b3b999569b5a36635,243.0,1242,Latino/Hispanic,Graduate degree (MA/MSc/MPhil/other),44,Male,Mixed,United States,United States,United States,English,No,Part-Time,BADBACDACA,0.4,0.0,0.0,ground,Fail,30.0,2.0,5.0,Not Sure,Non-STEM Track,0.0,0.0,black,0,1,1,0,0,0,0,0,0,The Non-Stem track was more simplified.,I really enjoyed this experience.  Thank you.,Non-STEM Track,B,B,A,B,D,C,B,A,A,D,C,A,D,D,A,A,C,B,A,D,R,R,R,C,C,C,C,C,C,C,C,0
6717c51227a6e153e6871be2,1015.0,22,Latino/Hispanic,High school diploma/A-levels,20,Male,Other,United States,United States,United States,English,Yes,Other,DAACBBDBBB,0.5,0.0,0.0,negative,Pass,51.0,6.0,5.0,Pass Box,STEM Track,0.0,0.0,red,0,0,1,0,0,0,0,0,0,I have always enjoyed math and I excelled at it in high school.,"I really enjoyed it, I haven't done math in a long time.",STEM Track,D,B,A,B,A,C,C,A,B,A,B,D,D,C,B,A,B,A,B,C,R,R,R,R,R,C,C,C,C,C,C,1
5ec44da606cb7931f04a35e9,347.0,5822,White,Technical/community college,59,Male,White,United States,United States,United States,English,No,"Not in paid work (e.g. homemaker', 'retired or disabled)",BBDCBADBCA,0.3,0.0,0.0,positive,Pass,5.0,1.0,2.0,Not Sure,Non-STEM Track,0.0,0.0,red,0,0,1,0,0,0,0,0,0,I expected I would be more likely to answer the questions correctly.,,Non-STEM Track,B,D,B,B,D,A,C,C,B,B,A,D,D,A,B,B,C,C,A,D,R,C,C,C,C,C,C,C,C,C,C,0
610aad45c4b4a0723399e73b,529.0,437,White,Undergraduate degree (BA/BSc/other),22,Female,White,United States,United States,United States,English,No,Unemployed (and job seeking),CACCCADAAC,0.3,0.0,0.0,negative,Pass,40.0,2.0,3.0,Pass Box,STEM Track,0.0,0.0,red,0,0,1,0,0,0,0,0,0,I went to school for biomedical science and hoped the STEM track would line up more with science than math.,It was a struggle. The only math I took in college was statistics.,STEM Track,C,B,A,C,C,A,C,D,C,B,A,C,D,A,A,C,A,D,C,B,R,R,R,R,C,C,C,C,C,C,C,1
67106a7b8daf2fe26964584a,688.0,316,White,Undergraduate degree (BA/BSc/other),41,Female,White,United States,United States,United States,English,No,Full-Time,DACCABACDB,0.5,0.0,0.0,positive,Pass,50.0,2.0,2.0,Pass Box,Non-STEM Track,0.0,0.0,black,0,0,1,0,0,0,0,0,0,easier,fine,Non-STEM Track,D,D,A,B,C,A,C,C,A,B,B,D,A,A,C,B,D,C,B,D,R,R,R,R,R,C,C,C,C,C,C,0
66fd835228aebc29f41c47ca,805.0,367,Rather not say,High school diploma/A-levels,46,Female,Other,United States,United States,United States,English,No,"Not in paid work (e.g. homemaker', 'retired or disabled)",DBACACCCBB,0.2,0.0,0.0,ground,Pass,0.0,0.0,0.0,Not Sure,Non-STEM Track,0.0,0.0,red,0,1,1,0,0,1,0,0,0,Math is not a strong subject for me.,The instructions were a bit confusing.,Non-STEM Track,D,D,B,B,A,A,C,C,A,B,C,D,C,A,C,B,B,C,B,D,R,R,R,R,R,C,C,C,C,C,C,0
5d45c2d1da9cb60015aa4312,648.0,7916,White,Undergraduate degree (BA/BSc/other),44,Female,White,United States,United States,United States,English,No,Full-Time,ACCBAACACD,0.4,0.0,0.0,ground,Pass,1.0,0.0,0.0,Pass Box,STEM Track,1.0,7.79,red,0,0,1,0,0,0,0,0,0,I thought it gave me the best chance at a bonus,I am not good at math so I am pretty sure I did not well,STEM Track,A,B,C,C,C,D,B,C,A,A,A,B,C,D,A,B,C,C,D,B,R,C,C,C,C,C,C,C,C,C,C,1
631b32b0796f2941b55e7d58,636.0,4286,White,Technical/community college,35,Male,White,United States,United States,United States,English,No,Full-Time,DDBADCAACA,0.1,0.0,0.0,negative,Fail,25.0,2.0,4.0,Fail Box,Non-STEM Track,0.0,0.0,red,0,0,1,0,0,0,0,0,0,Because I feel like I didn't do well on the previous STEM questions.,I felt like the test was hard.,Non-STEM Track,D,D,D,B,B,A,A,C,D,B,C,D,A,A,A,B,C,C,A,D,R,R,R,R,R,R,C,C,C,C,C,0
60a2a8570a0f9cc00d6b9d1a,465.0,2043,White,High school diploma/A-levels,46,Female,White,United States,United States,United States,English,No,DATA_EXPIRED,BDACCDCDCC,0.1,0.0,0.0,positive,Fail,10.0,10.0,10.0,Fail Box,Non-STEM Track,0.0,0.0,red,0,0,1,1,0,0,0,0,0,I didnt like the first one ,,Non-STEM Track,B,D,D,B,A,A,C,C,C,B,D,D,C,A,D,B,C,C,C,D,R,R,R,R,R,C,C,C,C,C,C,0
6679a4fceb90622d2070dfd7,654.0,437,White,Technical/community college,46,Female,White,United States,United States,United States,English,DATA_EXPIRED,DATA_EXPIRED,BBAADCCACB,0.2,0.0,0.0,ground,Fail,50.0,3.0,5.0,Fail Box,Non-STEM Track,0.0,0.0,black,0,0,1,0,0,0,0,0,0,i'm not good at math,it was fine,Non-STEM Track,B,D,B,B,A,A,A,C,D,B,C,D,C,A,A,B,C,C,B,D,R,R,R,R,R,C,C,C,C,C,C,0
5fa0adf677c87511c18c2475,771.0,3797,White,Graduate degree (MA/MSc/MPhil/other),40,Female,White,United States,United States,United States,English,No,Part-Time,CACBBBCDBB,0.6,0.0,0.0,ground,Pass,50.0,4.0,3.0,Pass Box,Non-STEM Track,0.0,0.0,red,0,1,1,0,0,0,0,0,0,I don’t know what this question is referring to. For my schooling? Or my life now?,What process? This survey? Or my schooling? Thank you for reminding me how I have had literally no need to use any algebra for the past 20+ years. ,Non-STEM Track,C,D,A,B,C,A,B,C,B,B,B,D,C,A,D,B,B,C,B,D,R,R,R,C,C,C,C,C,C,C,C,0
678d504e948df9ca4553cf36,1038.0,61,Mixed,High school diploma/A-levels,41,Female,Mixed,United States,United States,United States,English,No,Full-Time,DCBBBDACAC,0.3,0.0,0.0,positive,Fail,20.0,2.0,4.0,Fail Box,Non-STEM Track,0.0,0.0,red,0,0,1,0,0,0,0,0,0,I am not very knowledgable with STEM related topics.,"It made me feel stupid because the math questions sounded like a foreign language. It made me feel very anxious. However, I felt confident with the word comparison questions",Non-STEM Track,D,D,C,B,B,A,B,C,B,B,D,D,A,A,C,B,A,C,C,D,R,R,R,C,C,C,C,C,C,C,C,0
6427402d1463cb72eca94b3e,1336.0,53,White,High school diploma/A-levels,22,Male,White,United States,United States,United States,English,No,Full-Time,DDCBB_AC_A,0.4,1.0,1.831,ground,Fail,75.0,7.0,5.0,Fail Box,STEM Track,3.0,13.173,black,0,0,1,1,1,0,0,0,0,Data structures and algorithms are fascinating.,Fun,STEM Track,D,B,D,D,C,C,B,B,B,A,,D,A,C,C,A,,,A,C,R,R,R,R,R,C,C,C,C,C,C,1
664ce0e5ae712ea0be372f76,355.0,421,Black/African American,High school diploma/A-levels,26,Female,Black,United States,United States,United States,English,No,Part-Time,DBBACBACDC,0.2,0.0,0.0,positive,Pass,7.0,2.0,1.0,Pass Box,STEM Track,0.0,0.0,black,0,1,1,1,1,0,0,0,0,I'm not sure what that means,No feedback but thank you for study,STEM Track,D,B,B,C,B,A,A,B,C,D,B,B,A,A,C,B,D,C,C,B,R,R,C,R,C,C,R,C,C,C,C,1
5d20189bb34728001a230962,924.0,3148,Black/African American,Graduate degree (MA/MSc/MPhil/other),58,Female,Black,United States,United States,United States,English,No,Other,AAAC______,0.2,0.0,0.0,ground,Pass,10.0,1.0,1.0,Pass Box,Non-STEM Track,0.0,0.0,red,0,0,1,0,1,0,0,0,0,I knew my chances were better. Math is not my forte,This was quite interesting. Refreshingly so.,Non-STEM Track,A,D,A,B,A,A,C,C,,B,,D,,A,,B,,C,,D,R,R,R,R,R,R,C,C,C,C,C,0
672e70f58954e501e96e73d5,1405.0,262,White Mexican,Graduate degree (MA/MSc/MPhil/other),33,Female,White,United States,United States,United States,English,No,Full-Time,DABBCBBA__,0.3,2.0,4.836,negative,Fail,50.0,10.0,10.0,Pass Box,STEM Track,2.0,15.312,black,1,1,1,1,1,0,0,0,0,GOOD,GOOD,STEM Track,D,B,A,A,B,C,B,A,C,,B,,B,,A,,,,,,R,R,R,C,R,C,R,R,C,R,R,1
5ec5925cb3d6035afea34d20,635.0,2314,White,Undergraduate degree (BA/BSc/other),25,Female,White,United States,United States,United States,English,Yes,Part-Time,BACBABDACA,0.6,0.0,0.0,ground,Pass,50.0,4.0,3.0,Pass Box,STEM Track,1.0,8.99,red,0,0,1,0,0,0,0,0,1,That is where I felt most successful.,Great!,STEM Track,B,B,A,A,C,A,B,C,A,A,B,D,D,C,A,A,C,B,A,C,R,R,R,R,C,C,C,C,C,C,C,1
66a9979ad8c56c6f29446781,621.0,1001,Mixed,Undergraduate degree (BA/BSc/other),26,Male,Mixed,United States,United States,United States,English,No,Full-Time,ACBCBCDCCB,0.6,0.0,0.0,positive,Pass,50.0,6.0,5.0,Pass Box,Non-STEM Track,0.0,0.0,black,0,0,1,0,0,0,0,0,1,I figured it'd be easier!,"I had a great time, this was a good exercise for my brain.",Non-STEM Track,A,D,C,B,B,A,C,C,B,B,C,D,D,A,C,B,C,C,B,D,R,R,R,R,R,R,R,R,R,R,R,0
67506b7a6aadbfb56b28bc43,555.0,203,White,Graduate degree (MA/MSc/MPhil/other),61,Female,White,United States,United States,United States,English,No,"Not in paid work (e.g. homemaker', 'retired or disabled)",DBBDABCBDA,0.1,0.0,0.0,positive,Fail,45.0,4.0,4.0,Fail Box,Non-STEM Track,0.0,0.0,red,1,0,0,0,0,0,0,0,0,Ineeded more time to think about the other questions ,I enjoyed it,Non-STEM Track,D,D,B,B,B,A,D,C,A,B,B,D,C,A,B,B,D,C,A,D,R,R,R,R,R,R,R,R,C,C,C,0
6320e0bc9b0649f05c5bb242,1139.0,2977,White,High school diploma/A-levels,57,Male,White,United States,United States,United States,English,No,Full-Time,BABCBBDBA_,0.4,0.0,0.0,negative,Pass,50.0,4.0,4.0,Pass Box,Non-STEM Track,0.0,0.0,red,0,1,1,0,0,0,0,0,0,"It has been several years since I have taken math classes. I recognized some of the equations, but did not feel confident enough in my math/STEM skills to repeat it.","The math section was frustrating, but good to know where I stand with it. The non-STEM section was enjoyable to take because I felt a lot more confident in my vocabulary skills.",Non-STEM Track,B,D,A,B,B,A,C,C,B,B,B,D,D,A,B,B,A,C,,D,R,R,C,C,C,C,C,C,C,C,C,0
651ed09bae5c435e44627f99,1209.0,1719,White,Doctorate degree (PhD/other),30,Female,White,United States,United States,United States,English,No,Full-Time,_ABBBBDC_D,0.6,0.0,0.0,positive,Pass,65.0,6.0,4.0,Pass Box,STEM Track,0.0,0.0,black,0,0,1,0,0,0,0,0,0,I wasn't sure what the other track would be and I am decently confident in my math skills.,I want to know what the right answers were and how I did :),STEM Track,,B,A,,B,C,B,,B,A,B,D,D,C,C,A,,B,D,C,R,R,R,R,R,R,C,C,C,C,C,1
67342f08f661cea4a99e62e0,610.0,16,White,Undergraduate degree (BA/BSc/other),39,Male,White,United States,United States,United States,English,No,Full-Time,DDACABDCCB,0.5,0.0,0.0,ground,Pass,50.0,3.0,3.0,Pass Box,Non-STEM Track,0.0,0.0,red,0,1,1,0,0,0,0,0,0,I'm not good at math.,It's been an interesting study. The vocab test was much more fun than the math one.,Non-STEM Track,D,D,D,B,A,A,C,C,A,B,B,D,D,A,C,B,C,C,B,D,R,R,R,C,C,C,C,C,C,C,C,0
6761973ee6070e2ddaf4da28,1667.0,27,Mixed,High school diploma/A-levels,19,Male,Mixed,United States,United States,United States,English,No,Unemployed (and job seeking),DCABCBDBCB,0.5,0.0,0.0,positive,Pass,70.0,5.0,5.0,Pass Box,Non-STEM Track,0.0,0.0,red,0,0,1,0,1,1,0,0,0,I wasn't very academically ahead and thought it would be hard but the other track seemed easy so who knows,I like this not many surveys do hard questions or math,Non-STEM Track,D,D,C,A,A,A,B,B,C,B,B,B,D,A,B,B,C,C,B,D,R,R,R,R,R,R,C,C,C,C,C,0
5a6e5b8a0384310001948ab4,732.0,3139,White,High school diploma/A-levels,35,Female,White,United States,United States,United States,English,No,"Not in paid work (e.g. homemaker', 'retired or disabled)",DAACCACABA,0.1,0.0,0.0,negative,Fail,45.0,4.0,5.0,Fail Box,Non-STEM Track,0.0,0.0,black,0,0,1,0,0,1,0,0,0,I do not always test well at stem. I'm usually better with other things.,Fine.,Non-STEM Track,D,D,A,B,A,A,C,C,C,B,A,D,C,A,A,B,B,C,A,D,R,R,R,R,C,C,C,C,C,C,C,0
568e7144e3ef9e000da20149,749.0,6486,Mixed,High school diploma/A-levels,40,Male,Mixed,United States,United States,United States,English,No,Full-Time,AAAAAAAAAA,0.2,0.0,0.0,positive,Pass,0.0,0.0,0.0,Not Sure,STEM Track,0.0,0.0,red,0,1,1,0,0,0,0,0,0,had to pick something ,i hated it way too much work for shit pay do you see how much shit costs right now,STEM Track,A,A,A,A,A,A,A,A,A,A,A,A,A,A,A,A,A,A,A,A,R,C,C,C,C,C,C,C,C,C,C,1
5febd397ad8fbad21bcd6182,442.0,6953,White,Technical/community college,34,Male,White,United States,United States,United States,English,Yes,Full-Time,BAACBBCADB,0.4,0.0,0.0,ground,Fail,30.0,3.0,5.0,Fail Box,Non-STEM Track,0.0,0.0,black,0,0,1,0,0,0,0,0,0,That's my strength,"That math was hard, would've liked using a calc or paper.",Non-STEM Track,B,D,A,B,A,A,C,C,B,B,B,D,C,A,A,B,D,C,B,D,R,R,R,R,C,C,C,C,C,C,C,0
5eeab6c160ae2d1dcb69e7de,449.0,24,White,Undergraduate degree (BA/BSc/other),37,Male,White,United States,United States,United States,English,No,Full-Time,CABCABDCAB,0.5,0.0,0.0,positive,Pass,30.0,3.0,3.0,Pass Box,STEM Track,0.0,0.0,black,0,0,1,0,0,0,0,0,0,more potential for bonus money,great,STEM Track,C,B,A,C,B,C,C,C,A,C,B,C,D,C,C,C,A,B,B,C,R,R,R,R,R,C,C,C,C,C,C,1
641319b8fbec2db7b9736f35,1260.0,1197,White,Technical/community college,56,Female,White,United States,United States,United States,English,No,Full-Time,CDBBDA____,0.1,0.0,0.0,negative,Pass,50.0,0.0,1.0,Fail Box,STEM Track,0.0,0.0,red,0,0,1,0,0,0,0,0,0,No special reason,I have obviously forgotten all of my mathematical training,STEM Track,C,C,D,A,B,A,B,A,D,C,A,B,,C,,C,,C,,D,R,R,C,C,C,C,C,C,C,C,C,1
678ec19f9693124570e3a39d,1022.0,30,White,Undergraduate degree (BA/BSc/other),26,Female,White,United States,United States,United States,English,Yes,Part-Time,BDCBBBBCBB,0.6,0.0,0.0,positive,Pass,50.0,4.0,3.0,Fail Box,STEM Track,0.0,0.0,red,1,0,0,0,0,0,0,0,0,to brainstorm and earn more bonus,i have no feedback,STEM Track,B,B,D,B,C,D,B,B,B,B,B,D,B,B,C,A,B,C,B,C,R,R,R,C,C,C,C,C,C,C,C,1
671bdf1f387885333e5f10a2,828.0,459,White,Undergraduate degree (BA/BSc/other),48,Female,White,United States,United States,United States,English,No,Unemployed (and job seeking),DACCBBBC_A,0.5,0.0,0.0,negative,Pass,50.0,4.0,3.0,Pass Box,Non-STEM Track,0.0,0.0,red,0,0,1,0,0,0,0,0,0,The first quiz was hard as I have not done math like that for a long time.,The first quiz was hard.,Non-STEM Track,D,D,A,B,C,A,C,C,B,B,B,D,B,A,C,B,,C,A,D,R,R,R,C,C,C,C,C,C,C,C,0
5f13ea38e764c61a82f38588,1517.0,2532,East Asian,Undergraduate degree (BA/BSc/other),29,Female,Asian,China,United States,United States,Chinese,No,DATA_EXPIRED,DACB_BDC_B,0.7,2.0,15.227,negative,Pass,10.0,3.0,5.0,Pass Box,Non-STEM Track,0.0,0.0,red,0,0,1,0,0,0,0,0,0,I havent done math in a long time and struggled with part 1 ,I was growing panicked with part 1,Non-STEM Track,D,D,A,B,C,A,B,C,,B,B,D,D,A,C,B,,C,B,D,R,R,R,R,C,C,C,C,C,C,C,0
674c8ba24e7fea1e1cad9244,1067.0,61,White,Technical/community college,32,Female,White,United States,United States,United States,English,DATA_EXPIRED,DATA_EXPIRED,CDCBADDCBA,0.4,0.0,0.0,negative,Pass,0.0,1.0,1.0,Fail Box,Non-STEM Track,0.0,0.0,red,0,0,1,0,1,0,0,0,0,I'm not very good at math,no,Non-STEM Track,C,D,D,B,C,A,B,C,A,B,D,A,D,A,C,B,B,C,A,C,R,R,R,C,C,C,C,C,C,C,C,0
66790e08c1c5767636feee8d,810.0,573,White,Undergraduate degree (BA/BSc/other),44,Male,White,United States,United States,United States,English,No,Full-Time,DADCCBDBCB,0.5,0.0,0.0,negative,Pass,70.0,5.0,2.0,Pass Box,STEM Track,0.0,0.0,red,0,0,1,0,0,0,0,0,0,Confident in my abilities,,STEM Track,D,C,A,C,D,C,C,B,C,A,B,D,D,C,B,C,C,B,B,B,R,R,R,R,R,C,C,C,C,C,C,1
675b1da4018ac0d278aaa52c,432.0,14,White,Undergraduate degree (BA/BSc/other),39,Male,White,United States,United States,United States,English,DATA_EXPIRED,DATA_EXPIRED,DACBCADBAC,0.4,0.0,0.0,positive,Pass,20.0,4.0,4.0,Fail Box,Non-STEM Track,0.0,0.0,red,0,0,1,0,0,0,0,0,0,I'm not very good at math and rely on computers for any analysis that I do. ,The first set of questions I was completely unsure of.  I haven't done that type of math in over 20 years.  The second type I aligned with.  ,Non-STEM Track,D,D,A,B,C,A,B,C,C,B,A,B,D,A,B,B,A,C,C,D,R,R,R,R,R,C,C,C,C,C,C,0
628d14b52b5bd1d83ed1f7d2,795.0,4326,Mixed,Technical/community college,37,Female,Mixed,United States,United States,United States,English,No,Unemployed (and job seeking),BCB_DC_B__,0.0,0.0,0.0,ground,Fail,40.0,3.0,4.0,Fail Box,Non-STEM Track,0.0,0.0,black,0,1,0,0,0,0,0,0,0,I am not good at meth.,"The study was difficult for me, no other feedback.",Non-STEM Track,B,D,C,B,B,A,,C,D,B,C,D,,A,B,B,,C,,D,R,R,R,R,R,C,C,C,C,C,C,0
66a3f9e04ef0793e01b941d7,580.0,1055,White,Undergraduate degree (BA/BSc/other),46,Female,White,United States,United States,United States,English,No,Part-Time,AADCBBDCBC,0.6,0.0,0.0,ground,Pass,0.0,2.0,0.0,Pass Box,STEM Track,0.0,0.0,red,0,0,1,0,0,0,0,0,0,because I didn't need to get any right for a guaranteed bonus.,"I am not good at math at all, so it was challenging, but I enjoyed it.",STEM Track,A,B,A,A,D,D,C,C,B,B,B,A,D,C,C,C,B,C,C,C,R,R,C,C,C,C,C,C,C,C,C,1
6620a09b51dd0cf06035b3b1,906.0,400,White,Undergraduate degree (BA/BSc/other),28,Female,White,United States,United States,United States,English,No,"Not in paid work (e.g. homemaker', 'retired or disabled)",DBBCDBACCB,0.4,0.0,0.0,ground,Pass,56.0,5.0,4.0,Pass Box,Non-STEM Track,0.0,0.0,red,0,0,1,0,0,0,0,0,0,I'm not particularly confident in my math skills. ,The math test was very difficult without a pen and paper.,Non-STEM Track,D,D,B,B,B,A,C,C,D,B,B,D,A,A,C,B,C,C,B,D,R,R,R,R,R,R,R,C,C,C,C,0
678e69996debb07354f037ed,1477.0,64,Mixed,Undergraduate degree (BA/BSc/other),33,Female,White,United States,United States,United States,English,Yes,Full-Time,DACBBBDCBB,0.8,0.0,0.0,negative,Pass,75.0,9.0,8.0,Pass Box,STEM Track,0.0,0.0,red,0,0,1,0,1,0,0,0,0,I've always been interested in STEM and am in a STEM field,"Stressful, I felt like I was back in school! But happy to refresh and confirm I still got it",STEM Track,D,B,A,A,C,B,B,A,B,B,B,D,D,C,C,A,B,B,B,C,R,R,R,R,R,C,C,C,C,C,C,1
6791337a984fa58bf2ff4119,1956.0,28,White,Graduate degree (MA/MSc/MPhil/other),27,Male,White,United States,United States,United States,English,Yes,Full-Time,DCACBBDCBC,0.4,0.0,0.0,positive,Fail,40.0,6.0,5.0,Pass Box,STEM Track,0.0,0.0,red,0,1,0,0,0,0,0,0,0,I enjoy engineering  ,"It was very interesting, I enjoyed the topics",STEM Track,D,B,C,B,A,C,C,C,B,A,B,D,D,C,C,A,B,C,C,B,R,R,R,R,R,C,C,C,C,C,C,1
676eb73af96a0d7856604762,1092.0,135,Black/African American,Undergraduate degree (BA/BSc/other),21,Male,Black,United States,United States,United States,English,No,Part-Time,BADBBBABBA,0.4,0.0,0.0,positive,Fail,80.0,7.0,8.0,Pass Box,Non-STEM Track,0.0,0.0,red,1,0,0,1,1,0,0,0,0,more work,stress and got me doing maths i never thoight i'd ever do again,Non-STEM Track,B,D,A,B,D,A,B,B,B,B,B,D,A,A,B,A,B,C,A,D,R,R,R,R,R,C,C,C,C,C,C,0
5d0bd1f57b7e3c0019a69350,404.0,1812,Latino/Hispanic,Technical/community college,46,Male,White,United States,United States,United States,English,No,Full-Time,DCBDCBABCB,0.3,0.0,0.0,positive,Pass,20.0,2.0,2.0,Pass Box,STEM Track,0.0,0.0,black,0,0,1,0,0,0,0,0,0,Better chance to get a bigger bonus,thank you,STEM Track,D,B,C,C,B,A,D,B,C,C,B,C,A,B,B,C,C,B,B,B,R,R,R,R,R,R,C,C,C,C,C,1
66a56853eae42f430895b05e,815.0,1011,White,Undergraduate degree (BA/BSc/other),46,Female,White,United States,United States,United States,English,DATA_EXPIRED,DATA_EXPIRED,DABCDBDBBB,0.4,0.0,0.0,negative,Fail,40.0,5.0,5.0,Not Sure,Non-STEM Track,0.0,0.0,red,1,1,0,0,0,0,0,0,0,I prefer words to numbers,It reminded me of academic competitions in high school ,Non-STEM Track,D,D,A,B,B,A,C,C,D,B,B,D,D,A,B,B,B,C,B,D,R,R,R,R,R,C,C,C,C,C,C,0
62e750fa810b090c094dc2f0,698.0,1804,White,High school diploma/A-levels,29,Male,White,United States,United States,United States,English,No,Unemployed (and job seeking),DACBDCADBA,0.3,0.0,0.0,positive,Fail,20.0,3.0,5.0,Fail Box,Non-STEM Track,0.0,0.0,red,0,0,1,0,0,0,0,0,0,I've never really enjoyed math.,Slightly stressed because I haven't done similar problems in an inordinate amount of time. Interesting format for a study though.,Non-STEM Track,D,D,A,B,C,A,B,C,D,B,C,D,A,A,D,B,B,C,A,D,R,R,R,R,C,C,C,C,C,C,C,0
673e249d764205ff4fdc5af1,406.0,252,White,High school diploma/A-levels,29,Female,White,United States,United States,United States,English,No,DATA_EXPIRED,ACDABDCABD,0.2,0.0,0.0,negative,Fail,50.0,2.0,5.0,Fail Box,Non-STEM Track,0.0,0.0,black,0,1,1,0,0,0,0,0,0,I am awful at math,N/a,Non-STEM Track,A,D,C,B,D,A,A,C,B,B,D,D,C,A,A,B,B,C,D,D,R,R,R,R,R,C,C,C,C,C,C,0
678beb4407fe6ae23186cd25,870.0,66,White,Undergraduate degree (BA/BSc/other),44,Female,White,United States,United States,United States,English,No,Unemployed (and job seeking),BCCDDDCBBB,0.2,1.0,1.121,ground,Pass,15.0,2.0,2.0,Pass Box,Non-STEM Track,0.0,0.0,red,0,0,1,0,0,0,0,0,0,"I work in stem, but I'm also good with words. ","It was fun... though the math quiz threw me quite far off, I haven't some of this stuff since college.",Non-STEM Track,B,D,C,B,C,A,D,C,D,B,D,D,C,A,B,B,B,C,B,D,R,R,R,R,R,C,C,C,C,C,C,0
6697d66e84c2d16dd3451b8a,1428.0,757,Mixed,Undergraduate degree (BA/BSc/other),60,Male,Other,United States,United States,United States,English,Yes,Part-Time,BCCCDCBCBA,0.2,0.0,0.0,positive,Pass,10.0,3.0,2.0,Pass Box,STEM Track,0.0,0.0,red,0,0,1,0,0,0,0,0,0,To pursue the Engineering Feild of Career.,"Much of the problems presented were hard to recover in memory the exact process to equate an answer. Also, the time added additional stress.",STEM Track,B,A,C,A,C,D,C,B,D,B,C,B,B,C,C,C,B,C,A,C,R,R,R,R,R,R,C,C,C,C,C,1
66803fde87ae0ddcf6378d28,483.0,443,White,Undergraduate degree (BA/BSc/other),35,Female,White,United States,United States,United States,English,No,"Not in paid work (e.g. homemaker', 'retired or disabled)",DACBADCACB,0.5,0.0,0.0,positive,Pass,30.0,1.0,4.0,Pass Box,Non-STEM Track,0.0,0.0,black,0,0,1,0,0,0,0,0,0,I am more familiar with non-STEM topics.,The math was incredibly confusing!,Non-STEM Track,D,D,A,B,C,A,B,C,A,B,D,D,C,A,A,B,C,C,B,D,R,R,R,R,R,R,R,C,C,C,C,0
62fb84322433c8d7e890a145,621.0,5254,White,High school diploma/A-levels,23,Female,White,United States,United States,United States,English,No,Unemployed (and job seeking),BCBCACBCDB,0.2,0.0,0.0,negative,Pass,2.0,1.0,2.0,Fail Box,Non-STEM Track,0.0,0.0,red,0,0,0,1,0,0,0,0,0,I'm not good with it.,"Slightly stressful, but went well I think.",Non-STEM Track,B,A,C,B,B,A,C,C,A,B,C,D,B,A,C,B,D,C,B,D,R,R,R,R,R,C,C,C,C,C,C,0
61080eaae202b0ef135056a5,589.0,1579,Mixed,Secondary education (e.g. GED/GCSE),26,Female,Mixed,United States,United States,United States,English,No,Full-Time,CDCBDCBDBA,0.2,1.0,4.164,negative,Fail,50.0,1.0,4.0,Fail Box,Non-STEM Track,0.0,0.0,red,0,0,1,0,0,0,0,0,0,I am better at non-STEM subjects.,It was somewhat stressful to complete the math portion because I did not know any of the answers.,Non-STEM Track,C,D,D,B,C,A,B,C,D,B,C,D,B,A,D,B,B,C,A,D,R,R,C,C,C,C,C,C,C,C,C,0
5c65b3d45416680001bed9fa,892.0,5449,White,Technical/community college,59,Male,White,United States,United States,United States,English,No,Part-Time,ADACACBCDC,0.2,0.0,0.0,negative,Fail,0.0,0.0,5.0,Pass Box,Non-STEM Track,0.0,0.0,red,0,0,1,0,0,0,0,0,0,"Not good at math. But good at english. So, did not want to take a chance of failing the math. ","All clear, no issues with site. I experience the old test shock of, I dont know this material. But the english I did know.   Thank you, and have a good day.",Non-STEM Track,A,D,D,B,A,A,C,C,A,B,C,D,B,A,C,B,D,C,C,A,R,R,R,R,R,R,R,R,R,R,C,0
67489ac0f4d8c6b4bb65132a,265.0,118,Mixed,Undergraduate degree (BA/BSc/other),24,Male,Black,United States,United States,United States,English,Yes,DATA_EXPIRED,BABCCABDBB,0.2,0.0,0.0,negative,Fail,70.0,7.0,7.0,Fail Box,Non-STEM Track,0.0,0.0,black,0,0,1,0,0,0,0,0,0,I fell to a better fit my skills,It was great,Non-STEM Track,B,D,A,B,B,A,C,C,C,B,A,B,B,A,D,B,B,C,B,C,R,R,C,C,C,R,C,R,R,C,C,0
6730202dcb4ba16a3665fd44,755.0,320,Mixed,Undergraduate degree (BA/BSc/other),51,Female,White,United States,United States,United States,Armenian,No,Part-Time,CBCDCAABBD,0.1,0.0,0.0,positive,Fail,40.0,7.0,9.0,Fail Box,Non-STEM Track,0.0,0.0,red,0,0,1,0,0,0,0,0,0,I just randomly chose non-stem. ,No feedback. My experience was pleasurable and find there were no issues.,Non-STEM Track,C,D,B,B,C,A,D,C,C,B,A,D,A,A,B,B,B,C,D,D,R,R,R,R,R,C,C,C,C,C,C,0
640e4ddaf9f67c6c8ea4936b,1123.0,3777,White,Secondary education (e.g. GED/GCSE),67,Female,White,United States,United States,United States,English,No,"Not in paid work (e.g. homemaker', 'retired or disabled)",CCDBBACACC,0.3,0.0,0.0,negative,Fail,27.0,0.0,4.0,Fail Box,Non-STEM Track,0.0,0.0,black,0,0,1,0,0,0,0,0,0,I did not think I would get them all correct.,"I am not good in math, I do like challenges though. Everything went well.",Non-STEM Track,C,A,C,B,D,A,B,C,B,B,A,B,C,A,A,B,C,C,C,D,R,R,R,C,C,C,C,C,C,C,C,0
6768c93ee44f7da6a168e863,648.0,53,South Asian,Graduate degree (MA/MSc/MPhil/other),38,Male,Black,United States,United States,United States,English,No,Unemployed (and job seeking),BCCABBABDC,0.3,0.0,0.0,negative,Fail,50.0,4.0,5.0,Pass Box,STEM Track,0.0,0.0,red,0,0,1,0,0,0,0,0,0,That money would be really helpul to me.,liked it.,STEM Track,B,B,C,C,C,C,A,D,B,A,B,B,A,A,B,D,D,C,C,D,R,R,C,R,R,R,R,R,R,R,R,1
603470186bba1c26a354c27e,672.0,4989,White,No formal qualifications,29,Female,White,United States,United States,United States,English,No,Other,DABCCDDABA,0.2,0.0,0.0,positive,Fail,10.0,3.0,3.0,Fail Box,STEM Track,0.0,0.0,red,0,0,1,0,0,0,0,0,0,I figured I may possibly be able to get at least 3 right just by doing my best.,Challenging. Thank you so much for this opportunity.,STEM Track,D,C,A,C,B,D,C,B,C,C,D,D,D,C,A,A,B,C,A,A,R,R,R,R,R,R,R,R,R,R,C,1
6753d465d75dd7351fe9970e,1546.0,37,White,Graduate degree (MA/MSc/MPhil/other),58,Male,White,United States,United States,United States,English,No,Part-Time,_ADCBBDCCC,0.6,0.0,0.0,positive,Pass,99.0,7.0,6.0,Fail Box,STEM Track,0.0,0.0,red,0,1,1,0,0,0,0,1,0,I enjoy and have always been good at math and science in school and in the workplace.,It was a little stressful because I like to get things right and the timer was stressing me out a bit.,STEM Track,,B,A,A,D,C,C,A,B,A,B,D,D,C,C,A,C,B,C,C,R,R,R,R,R,C,C,C,C,C,C,1
665f267c82361fbb9f0bc2d9,497.0,728,South East Asian,Technical/community college,32,Male,Asian,United States,United States,United States,English,No,Full-Time,DBCBDCCAAA,0.2,0.0,0.0,ground,Fail,40.0,2.0,4.0,Fail Box,Non-STEM Track,0.0,0.0,black,0,1,0,0,0,0,0,0,0,i know i didnt do well,smooth and easy,Non-STEM Track,D,D,B,B,C,A,B,C,D,B,C,D,C,A,A,B,A,C,A,D,R,R,R,R,R,R,R,R,C,C,C,0
664a8a478bcc9925b4c045e2,1078.0,11,White,Graduate degree (MA/MSc/MPhil/other),31,Female,White,United States,United States,United States,English,Yes,Full-Time,_DBC______,0.0,0.0,0.0,positive,Fail,0.0,0.0,4.0,Fail Box,STEM Track,0.0,0.0,red,0,0,0,0,0,0,0,0,1,I am in STEM related field ,Psychology/neuroscience,STEM Track,,A,D,A,B,C,C,C,,A,,D,,B,,B,,D,,B,R,R,R,R,R,R,R,R,R,R,R,1
6683b31d16dd162d502a8b00,1393.0,797,Latino/Hispanic,Graduate degree (MA/MSc/MPhil/other),27,Male,White,United Kingdom,United States,United States,English,Yes,Full-Time,BACBBBDCCB,0.9,0.0,0.0,negative,Pass,65.0,6.0,5.0,Pass Box,STEM Track,0.0,0.0,red,0,0,1,0,0,0,0,0,0,"I chose the STEM track because I had a STEM-related major in college so I felt more comfortable with it. Additionally, I wasn't sure what non-STEM meant but I knew the STEM track would be more math questions which I think I did okay with",I think the process was overall straightforward. I do think the time listed on Prolific was not entirely accurate so the estimate compensation (at a base rate) is quite low,STEM Track,B,B,A,C,C,B,B,A,B,A,B,D,D,C,C,C,C,C,B,C,R,R,R,R,R,C,C,C,C,C,C,1
601636f7e8edb47a4e205797,598.0,3368,Mixed,High school diploma/A-levels,24,Male,Mixed,United States,United States,United States,English,No,Unemployed (and job seeking),DDBDCDDBCA,0.2,0.0,0.0,ground,Pass,5.0,1.0,2.0,Fail Box,Non-STEM Track,0.0,0.0,red,0,0,1,0,0,0,0,0,0,I thought I would do significantly better at something unrelated to math.,"The STEM part was extremely difficult and I understood very little of how to answer the questions, the Non-STEM was incredibly easy.",Non-STEM Track,D,D,D,B,B,A,D,C,C,B,D,D,D,A,B,B,C,C,A,D,R,R,R,R,R,R,C,C,C,C,C,0
678d41dd6f2e1cb054ca7565,647.0,20,Black/African American,High school diploma/A-levels,27,Male,Black,United States,United States,United States,English,No,Full-Time,ABBACDAACB,0.3,0.0,0.0,negative,Fail,45.0,3.0,5.0,Fail Box,Non-STEM Track,0.0,0.0,black,0,0,1,0,0,0,0,0,0,Unknown questions,Overall decent,Non-STEM Track,A,D,B,B,B,A,A,C,C,B,D,D,A,A,A,B,C,C,B,D,R,R,R,R,R,R,C,C,C,C,C,0
6773e26dd7f566a722047029,1916.0,52,Mixed,Technical/community college,45,Female,Mixed,United States,United States,United States,English,No,"Not in paid work (e.g. homemaker', 'retired or disabled)",__________,0.0,0.0,0.0,ground,Fail,30.0,4.0,7.0,Pass Box,Non-STEM Track,0.0,0.0,black,0,0,1,0,1,0,0,0,0,"Because it has been more than 20 years since I did mathematical equations relating to STEM (via the calculus and physics courses I took back in high school), and since I am more comfortable with words and writing than equations relating to STEM at this point in time, I opted for something I felt I might excel at, rather than something that I was less confident in doing due to the amount of time that has passed since I was last really immersed in a world of equations like that.","My experience throughout the process was a mixture of anxiousness while trying to computer and calculate/figure out the mathematical equations, and more confident and at ease during the word comparison questions. I want to take a moment to thank you for the opportunity to participate in your study. I appreciate it, and found your study to be thought-provoking and interesting. I hope that the data you collect from me and other participants helps you with your research study, and wish you and your research team the very best of luck with your research endeavor. Take care and kindest regards.",Non-STEM Track,,D,,B,,A,,C,,B,,D,,A,,B,,C,,D,R,R,R,R,R,C,C,C,C,C,C,0
6790236904d0cf418a66bf97,923.0,65,East Asian,Doctorate degree (PhD/other),45,Male,Asian,United States,United States,United States,English,No,Unemployed (and job seeking),DAADDBDBDB,0.4,0.0,0.0,positive,Fail,100.0,7.0,6.0,Fail Box,Non-STEM Track,0.0,0.0,red,0,0,1,0,0,0,0,0,0,Not confident in my responses for STEM track earlier. ,Math was tough as I haven't seen those types of question since college (some 25 years ago). ,Non-STEM Track,D,D,A,B,A,A,D,C,D,B,B,D,D,A,B,B,D,C,B,B,R,R,R,R,C,C,C,C,C,C,C,0
66547ab3809c04cb72f4eedf,1333.0,293,South Asian,Undergraduate degree (BA/BSc/other),44,Male,Asian,India,United States,United States,English,No,DATA_EXPIRED,AADBBBDC_B,0.8,0.0,0.0,negative,Pass,80.0,9.0,1.0,Pass Box,STEM Track,0.0,0.0,red,0,0,0,0,0,0,0,0,1,I loved science and I was always trying to understand how things around us work.,The questions reminded me of middle school and high school.,STEM Track,A,B,A,A,D,C,B,A,B,A,B,D,D,C,C,A,,B,B,C,R,R,R,R,C,C,C,C,C,C,C,1
672aa37c77f534a8fd5882f6,618.0,282,Mixed,Technical/community college,39,Female,Mixed,United States,United States,United States,English,No,Part-Time,DAADCBBDBB,0.3,0.0,0.0,ground,Fail,10.0,4.0,6.0,Fail Box,STEM Track,0.0,0.0,black,0,0,1,0,1,0,0,0,0,I wanted to see if I could complete the STEM Track,It was hard because I didn't know a lot of the answers.,STEM Track,D,B,A,B,A,A,D,D,C,C,B,C,B,C,D,A,B,C,B,B,R,C,C,C,C,C,C,C,C,C,C,1
66426e6d71cc0a1b1cd09097,1126.0,1163,White,Graduate degree (MA/MSc/MPhil/other),29,Male,White,United States,United States,United States,English,No,Full-Time,_ADBBBDCCD,0.7,1.0,3.018,ground,Pass,65.0,4.0,5.0,Fail Box,STEM Track,0.0,0.0,red,0,0,1,0,0,0,0,0,0,"I like math, better at math than logic questions",challenging and fast,STEM Track,,B,A,C,D,C,B,D,B,A,B,D,D,C,C,C,C,B,D,C,R,R,R,R,R,R,R,C,C,C,C,1
66cb78cfb80b0b64d242b0b2,438.0,315,White,Undergraduate degree (BA/BSc/other),44,Female,White,United States,United States,United States,English,No,Full-Time,BBBBACBADA,0.1,0.0,0.0,ground,Fail,1.0,0.0,6.0,Fail Box,Non-STEM Track,0.0,0.0,black,0,0,1,0,0,0,0,0,0,I do not understand math and have dyscalculia,none,Non-STEM Track,B,D,B,B,B,A,B,C,A,B,C,D,B,A,A,B,D,C,A,D,R,R,R,R,C,C,C,C,C,C,C,0
65dfa0eb8559652ab54e2cbe,1464.0,485,Mixed,Undergraduate degree (BA/BSc/other),42,Female,White,United States,United States,United States,English,DATA_EXPIRED,DATA_EXPIRED,DA___BDC_B,0.5,0.0,0.0,ground,Pass,50.0,7.0,3.0,Pass Box,STEM Track,0.0,0.0,red,0,1,0,0,0,0,1,0,0,Because I love Math!,I enjoyed the challenges,STEM Track,D,B,A,B,,C,,,,A,B,D,D,C,C,A,,B,B,,R,R,R,R,C,C,C,C,C,C,C,1
60d8b2566935da51a82c650d,384.0,3007,White,High school diploma/A-levels,24,Female,White,United States,United States,United States,English,DATA_EXPIRED,Unemployed (and job seeking),BABBBBBBAA,0.4,0.0,0.0,ground,Fail,50.0,2.0,6.0,Fail Box,Non-STEM Track,0.0,0.0,black,0,0,1,0,0,0,0,0,0,So I could at least get some kind of reward for the answers I did get correct,It was fun and easy!,Non-STEM Track,B,D,A,B,B,A,B,C,B,B,B,A,B,A,B,B,A,C,A,B,R,R,C,C,C,C,C,C,C,C,C,0
66fee0f1aae19e07dc9d2bf3,564.0,305,Middle Eastern,Undergraduate degree (BA/BSc/other),32,Male,Mixed,Canada,United States,United States,English,Yes,Full-Time,BCCCBCCBBB,0.3,0.0,0.0,positive,Fail,20.0,4.0,6.0,Not Sure,Non-STEM Track,0.0,0.0,red,0,0,1,0,0,0,0,0,0,Easier to answer,it was straightforward,Non-STEM Track,B,D,C,B,C,A,C,C,B,B,C,D,C,A,B,C,B,C,B,D,R,R,R,R,R,R,C,C,C,C,C,0
61086ffb7892b26a35514292,882.0,58,White,Undergraduate degree (BA/BSc/other),29,Female,White,United States,United States,United States,English,No,Full-Time,DACCDBCBCA,0.4,0.0,0.0,positive,Pass,40.0,4.0,3.0,Pass Box,Non-STEM Track,0.0,0.0,red,0,0,1,0,0,0,0,0,0,my degree is not in STEM,Stressed by the timer,Non-STEM Track,D,D,A,B,C,A,C,C,D,B,B,D,C,A,B,B,C,C,A,D,R,R,R,R,R,C,C,C,C,C,C,0
5e55d9d5bcdb1e5f55cca145,903.0,9268,Mixed,Technical/community college,40,Male,Other,United States,United States,United States,English,No,Full-Time,AADCDBABDB,0.4,0.0,0.0,negative,Pass,2.0,0.0,1.0,Pass Box,Non-STEM Track,0.0,0.0,red,0,0,1,0,0,0,0,0,0,"I assumed it would be easier (and after doing it, by the way..I can safely say it definitely was easier!)","The math equations portion was hard...the word matching portion, in contrast, was easy.",Non-STEM Track,A,D,A,B,D,A,C,C,D,B,B,D,A,A,B,B,D,C,B,D,R,C,C,C,C,C,C,C,C,C,C,0
6743ab932df5504fb810d1cd,1063.0,296,White,Secondary education (e.g. GED/GCSE),27,Male,White,United States,United States,United States,English,No,DATA_EXPIRED,ABBBABCDBA,0.3,0.0,0.0,positive,Fail,25.0,3.0,4.0,Fail Box,Non-STEM Track,0.0,0.0,red,0,0,1,0,0,0,0,0,0,I'm horrible at math,I was confused on the math part but everything else was very easy to grasp. Thank you! ,Non-STEM Track,A,D,B,B,B,A,B,C,A,B,B,D,C,A,D,B,B,C,A,D,R,R,R,C,C,C,C,C,C,C,C,0
5f49f3262a3d07563d14a7f1,983.0,6065,White,Undergraduate degree (BA/BSc/other),30,Male,White,United States,United States,United States,English,DATA_EXPIRED,DATA_EXPIRED,BABCBCBACA,0.3,0.0,0.0,ground,Pass,40.0,3.0,2.0,Pass Box,Non-STEM Track,0.0,0.0,red,0,0,1,0,0,0,0,0,0,I felt like I might perform better on the Non-STEM track.,I found the math questions to be very challenging.,Non-STEM Track,B,D,A,B,B,A,C,C,B,B,C,D,B,A,A,B,C,C,A,D,R,R,C,C,C,C,C,C,C,C,C,0
62bdd58c792242d931ee4271,785.0,825,Mixed,Undergraduate degree (BA/BSc/other),25,Male,Mixed,United States,United States,United States,English,DATA_EXPIRED,DATA_EXPIRED,BABCABDAAB,0.4,0.0,0.0,positive,Fail,65.0,5.0,5.0,Fail Box,Non-STEM Track,0.0,0.0,red,0,0,1,0,0,0,0,0,0,I feel more confident in my performance in non-Math related questions,,Non-STEM Track,B,D,A,B,B,A,C,C,A,B,B,D,D,A,A,B,A,C,B,D,R,R,R,R,R,C,C,C,C,C,C,0
667c3d0d0928dfca0dc67e27,1218.0,648,White,Undergraduate degree (BA/BSc/other),23,Female,White,United States,United States,United States,English,DATA_EXPIRED,DATA_EXPIRED,DADCB_____,0.2,0.0,0.0,positive,Fail,90.0,2.0,3.0,Fail Box,STEM Track,0.0,0.0,red,0,0,1,0,0,0,0,0,0,"I have a degree in neuroscience, so I know some math, but am definitely better with science than math. I just wanted the $2.",,STEM Track,D,B,A,B,D,C,C,C,B,A,,D,,C,,C,,B,,B,R,R,R,R,R,R,C,C,C,C,C,1
674f186242c25acd6ad52179,1084.0,85,Latino/Hispanic,Technical/community college,45,Male,White,United States,United States,United States,English,No,Full-Time,DBBCAACACA,0.1,0.0,0.0,negative,Pass,51.0,2.0,1.0,Fail Box,STEM Track,0.0,0.0,red,0,1,0,0,0,0,0,0,0,I wanted a challenge.,This was extremely tough for someone who wasn't math oriented. I think the second STEM test should include other STEM fields. ,STEM Track,D,B,B,B,B,C,C,A,A,C,A,D,C,C,A,C,C,D,A,B,R,R,R,R,R,C,C,C,C,C,C,1
5fdee4d96a36576ca62e4518,869.0,3425,Mixed,Undergraduate degree (BA/BSc/other),48,Male,Mixed,United States,United States,United States,English,No,Full-Time,CBBCACBCCB,0.3,0.0,0.0,ground,Pass,10.0,1.0,2.0,Pass Box,Non-STEM Track,0.0,0.0,red,0,0,1,0,0,0,0,0,0,I am not great at math,I felt silly taking the math section because I had little clue how to solve it. ,Non-STEM Track,C,D,B,B,B,A,C,C,A,B,C,D,B,A,C,B,C,C,B,D,R,R,R,R,R,C,C,C,C,C,C,0
66757ab35abe49eff548c364,1529.0,204,Black/African American,Undergraduate degree (BA/BSc/other),28,Female,Black,United States,United States,United States,English,DATA_EXPIRED,DATA_EXPIRED,BCBCCBCBCA,0.2,0.0,0.0,positive,Fail,50.0,2.0,3.0,Fail Box,STEM Track,0.0,0.0,red,0,0,1,0,0,0,0,0,0,Wanted to test myself and see if I could do better ,Pretty good. Challenging in a good way. ,STEM Track,B,B,C,C,B,C,C,B,C,B,B,D,C,C,B,C,C,D,A,B,R,R,R,R,C,C,C,C,C,C,C,1
62711f73b2dbf1f1867a703c,1197.0,803,White,High school diploma/A-levels,36,Male,White,United States,United States,United States,English,No,Due to start a new job within the next month,DBDDBC_B__,0.1,0.0,0.0,ground,Fail,50.0,4.0,2.0,Fail Box,Non-STEM Track,0.0,0.0,black,0,0,1,0,0,0,0,0,0,I was more comfortable performing non-stem task.,It was a tough but enjoyable exercise.,Non-STEM Track,D,D,B,B,D,A,D,C,B,B,C,D,,A,B,B,,C,,D,R,R,R,R,R,R,C,C,C,C,C,0
63e52250d3c1483ed7be8ed8,1456.0,4744,South East Asian,Undergraduate degree (BA/BSc/other),49,Female,Asian,Philippines,United States,United States,Tagalog-Filipino,No,DATA_EXPIRED,CCBCACBCBC,0.1,0.0,0.0,positive,Fail,45.0,6.0,6.0,Pass Box,Non-STEM Track,0.0,0.0,red,0,0,1,0,0,0,0,0,0,more likely ill get it,,Non-STEM Track,C,D,C,B,B,A,C,C,A,B,C,D,B,A,C,D,B,C,C,D,R,R,R,R,R,C,C,C,C,C,C,0
5e654640e35c882c5f4f4fc2,1541.0,1420,South Asian,High school diploma/A-levels,33,Male,Asian,United States,United States,United States,English,No,Full-Time,AADCCBDCBA,0.5,0.0,0.0,negative,Pass,60.0,5.0,5.0,Pass Box,STEM Track,0.0,0.0,red,0,0,1,0,0,0,0,0,0,I enjoy solving STEM problems.,Stressful trying to solve problems in time,STEM Track,A,D,A,B,D,C,C,A,C,A,B,D,D,C,C,A,B,B,A,C,R,R,R,C,C,C,C,C,C,C,C,1
6786011258783b1102093712,554.0,36,Latino/Hispanic,High school diploma/A-levels,18,Female,Mixed,United States,United States,United States,English,Yes,Unemployed (and job seeking),DAABBBCADA,0.4,0.0,0.0,negative,Pass,20.0,2.0,2.0,Pass Box,STEM Track,0.0,0.0,red,0,0,1,0,0,0,0,0,0,For the protentional bonus,No,STEM Track,D,B,A,C,A,A,B,C,B,C,B,B,C,B,A,B,D,A,A,D,R,C,C,C,C,C,C,C,C,C,C,1
668ac4c1b3549e7f656154d4,333.0,641,Mixed,Graduate degree (MA/MSc/MPhil/other),32,Female,Mixed,United States,United States,United States,English,No,Part-Time,DAACCBBABA,0.2,0.0,0.0,positive,Pass,50.0,2.0,2.0,Not Sure,Non-STEM Track,0.0,0.0,red,0,0,1,0,0,0,0,0,0,The questions in the first quiz were very challenging and I was curious about what topic the Non-STEM Track would present.,"I was very confused by a lot of the questions in the first quiz, but enjoyed the test overall. Thanks & best of luck! :)",Non-STEM Track,D,D,A,B,A,A,C,C,C,B,B,D,B,A,A,B,B,C,A,D,R,R,C,C,C,C,C,C,C,C,C,0
66c15f26eb466531b1680061,748.0,597,White,Secondary education (e.g. GED/GCSE),40,Female,White,United States,United States,United States,English,No,Full-Time,BBBCBADCBC,0.3,0.0,0.0,negative,Fail,50.0,3.0,8.0,Fail Box,STEM Track,0.0,0.0,red,0,0,1,0,0,0,0,0,0,not sure,A bit confusing,STEM Track,B,B,B,D,B,C,C,B,B,D,A,A,D,B,C,C,B,A,C,B,R,R,R,R,R,C,C,C,C,C,C,1
63ea5b93d1c6d38e1f57dcfa,833.0,2792,White,Technical/community college,39,Male,White,United States,United States,United States,English,DATA_EXPIRED,DATA_EXPIRED,DCCCBCCACC,0.3,0.0,0.0,negative,Pass,20.0,2.0,3.0,Pass Box,STEM Track,0.0,0.0,red,0,0,1,0,0,0,0,0,0,I felt that I could get three answers correct,The experience was fine,STEM Track,D,B,C,B,C,D,C,C,B,A,C,D,C,C,A,A,C,B,C,C,R,R,R,R,C,C,C,C,C,C,C,1
677d8cf86ffe47737cb9f8b3,656.0,58,White,Undergraduate degree (BA/BSc/other),39,Male,White,United States,United States,United States,English,No,DATA_EXPIRED,DAACBCCCBA,0.3,0.0,0.0,ground,Pass,100.0,2.0,2.0,Pass Box,Non-STEM Track,0.0,0.0,red,0,1,1,0,0,0,0,0,0,I hate the work of stem questions. I also remember how to do the work the least.,It was fine. I don't like stem questions so I tried but knew I didn't know the answers.,Non-STEM Track,D,D,A,B,A,A,C,C,B,B,C,D,C,A,C,B,B,C,A,D,R,C,C,C,C,C,C,C,C,C,C,0
663aba8df8839918efccb2cb,994.0,1191,East Asian,Doctorate degree (PhD/other),35,Male,Asian,United States,United States,United States,English,DATA_EXPIRED,DATA_EXPIRED,DDBBCBAADB,0.3,0.0,0.0,ground,Fail,50.0,4.0,4.0,Fail Box,STEM Track,0.0,0.0,black,0,0,1,0,0,0,0,0,0,I wanted to challenge myself now that I understood the context,I was not prepared for a math test and this felt long but I gave it my best,STEM Track,D,B,D,B,B,C,B,C,C,A,B,D,A,C,A,A,D,B,B,B,R,R,R,R,R,R,C,C,C,C,C,1
5d153b1f40218700189a05df,262.0,2601,White,Technical/community college,38,Male,White,United States,United States,United States,English,No,Other,CBCBBCBCBC,0.4,0.0,0.0,ground,Fail,30.0,3.0,5.0,Fail Box,Non-STEM Track,0.0,0.0,black,0,0,1,0,0,0,0,0,0,didnt have to go 5/5 to get some bonus .. ,it was ok,Non-STEM Track,C,D,B,B,C,A,B,C,B,B,C,D,B,A,C,B,B,C,C,D,R,R,R,R,R,R,C,C,C,C,C,0
5e46145a76a07c101affe1e8,500.0,156,White,Undergraduate degree (BA/BSc/other),27,Male,White,United States,United States,United States,English,No,Full-Time,DBBCDABCAD,0.1,0.0,0.0,ground,Fail,50.0,6.0,4.0,Fail Box,Non-STEM Track,0.0,0.0,black,0,1,0,0,0,0,0,0,0,"I was a journalism major and am good with words, so took my chances away from math",,Non-STEM Track,D,D,B,B,B,A,C,C,D,B,A,D,B,A,C,B,A,C,D,D,R,R,R,R,R,R,R,C,C,C,C,0
6665c6897fb2353775936967,1001.0,31,Latino/Hispanic,High school diploma/A-levels,22,Female,White,United States,United States,United States,English,Yes,Part-Time,BABCD__BBB,0.2,0.0,0.0,ground,Pass,5.0,1.0,2.0,Pass Box,Non-STEM Track,0.0,0.0,red,1,1,0,0,0,0,0,0,0,I do not feel confident in my current STEM-related abilities.,"I felt that some of the instructions/explanations were difficult to comprehend without reading multiple times, and even then (specifically for the pass/fail box section) I was still confused as to if I properly understood what was written.",Non-STEM Track,B,D,A,B,B,A,C,C,D,B,,D,,A,B,B,B,C,B,D,R,R,R,R,R,C,C,C,C,C,C,0
66a653ded4b23649d48e2cd8,735.0,1071,White,Technical/community college,44,Female,White,United States,United States,United States,English,No,Full-Time,BBCAADAACA,0.2,0.0,0.0,positive,Pass,50.0,2.0,1.0,Pass Box,STEM Track,0.0,0.0,black,0,0,1,0,0,0,0,0,0,"I'm not the best at math, but I like to be challenged","It was hard, fun, and challenging",STEM Track,B,A,B,B,C,D,A,A,A,D,D,D,A,C,A,C,C,C,A,B,R,R,R,R,R,R,C,C,C,C,C,1
668972185d486bf277cfaca4,577.0,715,White,Undergraduate degree (BA/BSc/other),42,Male,White,United States,United States,United States,English,No,Full-Time,BAAACBDBBC,0.3,0.0,0.0,ground,Pass,10.0,2.0,1.0,Pass Box,Non-STEM Track,0.0,0.0,red,1,1,0,0,0,0,0,1,0,I suck at math ,"Humiliating, then comforting",Non-STEM Track,B,D,A,B,A,A,A,C,C,B,B,D,D,A,B,B,B,C,C,D,R,R,R,R,C,C,C,C,C,C,C,0
66f81baba81e514e4cb5ff3c,944.0,550,Native American or Alaskan Native,Undergraduate degree (BA/BSc/other),45,Male,Other,United States,United States,United States,English,No,Full-Time,DDDDDDDBCD,0.2,0.0,0.0,negative,Fail,10.0,2.0,10.0,Fail Box,Non-STEM Track,0.0,0.0,red,0,0,1,0,0,0,0,0,0,Because I suck at math and there was no way I would get all 10,Nope. Was fun thanks.,Non-STEM Track,D,D,D,B,D,A,D,C,D,B,D,D,D,A,B,B,C,C,D,D,R,R,R,C,C,C,C,C,C,C,C,0
672ca130c5f43c5ed7d5d4b8,618.0,493,White,Undergraduate degree (BA/BSc/other),48,Female,White,United States,United States,United States,English,No,DATA_EXPIRED,DAACDCBCCB,0.4,0.0,0.0,negative,Pass,80.0,2.0,2.0,Pass Box,Non-STEM Track,0.0,0.0,red,0,0,1,0,0,0,0,0,0,The questions seemed like they would be easier.,no,Non-STEM Track,D,D,A,B,A,A,C,C,D,B,C,D,B,A,C,B,C,C,B,D,R,R,R,C,C,C,C,C,C,C,C,0
67570758821b22b4d92a9dea,969.0,94,Latino/Hispanic,Graduate degree (MA/MSc/MPhil/other),38,Male,White,United States,United States,United States,English,No,Part-Time,AADBBBDCBB,0.8,0.0,0.0,negative,Fail,99.0,9.0,9.0,Fail Box,STEM Track,0.0,0.0,black,0,0,1,0,0,0,0,0,0,I JUST DECIDE,NICE,STEM Track,A,B,A,C,D,D,B,C,B,B,B,C,D,B,C,D,B,D,B,B,R,R,R,R,R,R,R,C,C,C,C,1
66a252056819ec081dcb1a2e,1031.0,559,White,High school diploma/A-levels,50,Female,White,United States,United States,United States,English,No,"Not in paid work (e.g. homemaker', 'retired or disabled)",ADCCBACDB_,0.3,0.0,0.0,negative,Fail,50.0,3.0,5.0,Fail Box,Non-STEM Track,0.0,0.0,black,0,0,1,0,0,0,0,0,0,I was afraid to fail.,The math was something I figured I would never use again. It was fun though.,Non-STEM Track,A,D,D,B,C,A,C,C,B,B,A,D,C,A,D,B,B,C,,D,R,R,R,R,R,R,R,C,C,C,C,0
65e00891e4c0c8cad9c1583a,1261.0,1326,White,High school diploma/A-levels,27,Male,White,United States,United States,United States,English,DATA_EXPIRED,DATA_EXPIRED,DCABCCBBAA,0.1,1.0,17.416,negative,Fail,50.0,3.0,5.0,Pass Box,Non-STEM Track,0.0,0.0,red,0,0,1,0,0,0,0,0,0,I wanted the ensure that I recieve the guarenteed payment rather than to take guesses on questions that I'm unfamiliar with.,"I had an excellent experience, thank you.",Non-STEM Track,D,A,C,B,A,A,B,C,C,D,C,A,B,A,B,D,A,C,A,D,R,R,R,C,C,C,C,C,C,C,C,0
669096537df4a5e8ad991b9f,1194.0,626,White,Undergraduate degree (BA/BSc/other),22,Male,White,United States,United States,United States,English,Yes,Full-Time,AABBBBDCDB,0.8,0.0,0.0,positive,Pass,50.0,7.0,7.0,Pass Box,STEM Track,0.0,0.0,black,0,0,1,0,0,0,0,0,1,my career path,The study was well engaging.,STEM Track,A,B,A,A,B,C,B,A,B,A,B,D,D,C,C,A,D,B,B,C,R,R,R,R,R,R,R,R,R,C,C,1
6616c74455c86e370879cd00,991.0,521,White,High school diploma/A-levels,37,Male,White,United States,United States,United States,English,No,Unemployed (and job seeking),BACBABDCCB,0.8,0.0,0.0,positive,Pass,50.0,3.0,4.0,Not Sure,Non-STEM Track,0.0,0.0,black,0,1,0,0,0,0,0,0,0,"I am far better suited to non-math tracks. The reason is due to a lack of proper education on mathematics at the school I went to until my graduation.  If I had had a better teacher, then my path may have been very different. ",I enjoyed the study and found it to be very interesting. I had no technical issues and I thank you for allowing me to participate. I hope that I could be of help to you with your research.,Non-STEM Track,B,D,A,B,C,A,B,C,A,B,B,D,D,A,C,B,C,C,B,D,R,R,R,R,R,R,C,C,C,C,C,0
669d8f03a8742ea4d11b35d8,1283.0,864,Black/African American,High school diploma/A-levels,18,Male,Black,United States,United States,United States,English,DATA_EXPIRED,DATA_EXPIRED,__________,0.0,0.0,0.0,ground,Fail,70.0,8.0,8.0,Pass Box,STEM Track,0.0,0.0,black,0,0,1,0,0,0,0,0,0,I decided to use the stem track because it seemed better suited for me.,Smooth sailing,STEM Track,,C,,A,,C,,B,,D,,A,,D,,A,,C,,C,R,R,C,C,R,C,R,R,C,C,R,1
5d9c67b131544d00101daef1,669.0,9347,White,Technical/community college,36,Female,White,United States,United States,United States,English,Yes,Full-Time,DBACADCCCC,0.2,0.0,0.0,positive,Fail,1.0,2.0,3.0,Fail Box,Non-STEM Track,0.0,0.0,red,0,1,1,0,0,0,0,0,0,I am more knowledgable of non-STEM subjects.,It was interesting and I'm curious what the point of the experiment is.,Non-STEM Track,D,D,B,B,A,A,C,C,A,B,D,D,C,A,C,B,C,C,C,D,R,C,C,C,C,C,C,C,C,C,C,0
579f1d3bc9abeb0001af52d8,807.0,5974,Black/African American,Undergraduate degree (BA/BSc/other),42,Male,Black,United States,United States,United States,English,No,DATA_EXPIRED,CCDCDABCAA,0.1,0.0,0.0,ground,Fail,40.0,3.0,5.0,Fail Box,Non-STEM Track,0.0,0.0,black,0,1,1,0,0,0,0,0,0,I believe that I would have an easier time answering the questions correctly.,I experienced no issues. ,Non-STEM Track,C,D,C,B,D,A,C,C,D,B,A,D,B,A,C,B,A,C,A,D,R,R,R,R,R,C,C,C,C,C,C,0
67534c2438ce40934860b983,613.0,252,White,High school diploma/A-levels,43,Female,White,United States,United States,United States,English,No,Full-Time,DDBBCCCBBB,0.2,0.0,0.0,negative,Fail,50.0,1.0,5.0,Pass Box,Non-STEM Track,0.0,0.0,red,0,0,1,0,0,0,0,0,0,I'm not great at test taking.,"It was interesting, kind of nerve wracking!",Non-STEM Track,D,A,D,B,B,A,B,C,C,B,C,B,C,A,B,B,B,C,B,D,R,R,R,R,R,C,C,C,C,C,C,0
641420858e37d13196283812,1761.0,2185,Latino/Hispanic,Undergraduate degree (BA/BSc/other),34,Male,Mixed,United States,United States,United States,English,Yes,Full-Time,BBCCCDCBCB,0.3,0.0,0.0,negative,Fail,50.0,5.0,6.0,Fail Box,STEM Track,0.0,0.0,black,0,0,1,0,0,0,0,0,0,I had confidence to do well.,It was good,STEM Track,B,B,B,C,C,A,C,D,C,C,D,C,C,A,B,C,C,B,B,A,R,R,R,R,R,R,R,R,C,C,C,1
66ec879778bf72c70fc9bfba,348.0,682,Mixed,Undergraduate degree (BA/BSc/other),39,Female,Mixed,United States,United States,United States,English,No,"Not in paid work (e.g. homemaker', 'retired or disabled)",CBBADBCCCB,0.4,0.0,0.0,negative,Pass,50.0,3.0,2.0,Pass Box,STEM Track,0.0,0.0,red,0,0,1,0,0,0,0,0,0,At a chance for a bigger bonus.,no,STEM Track,C,B,B,A,B,C,A,C,D,C,B,C,C,C,C,D,C,C,B,C,R,R,R,C,C,C,C,C,C,C,C,1
672658dbfc7d27cee21d040c,971.0,402,White,Doctorate degree (PhD/other),48,Female,White,Romania,United States,United States,English,No,Full-Time,DDB_BAC___,0.1,0.0,0.0,negative,Fail,25.0,2.0,5.0,Fail Box,Non-STEM Track,0.0,0.0,black,0,0,1,0,0,0,0,0,0,"I am trained in the humanities/social sciences -- that's my comfort level. I was never good at math, I never found a way to enjoy it. ",The math part made me feel like a fish out of water :-),Non-STEM Track,D,D,D,B,B,A,,C,B,C,A,D,C,A,,B,,C,,D,R,R,R,R,R,R,C,C,C,C,C,0
66e629463e14ee75bdeb8c0d,778.0,613,White,Undergraduate degree (BA/BSc/other),37,Male,White,United States,United States,United States,English,No,Full-Time,DACBBCCCBD,0.5,0.0,0.0,positive,Pass,60.0,5.0,5.0,Pass Box,Non-STEM Track,0.0,0.0,black,0,0,1,0,0,0,0,0,0,"I knew that I needed to answer every question correctly to receive the bonus, and wasn't confident.","The experience was good, but some of the math questions were difficult. I enjoyed the challenge though.",Non-STEM Track,D,D,A,B,C,A,B,C,B,B,C,D,C,A,C,B,B,C,D,D,R,R,R,R,R,R,C,C,C,C,C,0
6785c221277790fd8eae68c9,672.0,69,White,Technical/community college,30,Female,White,United States,United States,United States,English,Yes,Other,DBACABDCAA,0.3,1.0,2.568,positive,Fail,40.0,2.0,5.0,Fail Box,Non-STEM Track,0.0,0.0,red,0,0,1,0,0,0,0,0,0,"I couldn't remember a lot of how to do the math. I knew my strong points were in non-stem areas, so I chose to play to my strengths rather than risk getting a $0 bonus.","It was tough to answer all those math questions and I felt confused the entire time during the survey. I understood what was expected of me, but I wasn't sure where it was leading. No feedback, however.",Non-STEM Track,D,D,B,B,A,A,C,C,A,B,B,D,D,A,C,B,A,C,A,D,R,R,R,C,C,C,C,C,C,C,C,0
672e5d74e5555c2f2e8f521a,1255.0,373,White Sephardic Jew,Graduate degree (MA/MSc/MPhil/other),36,Male,Black,United States,United States,United States,English,No,Full-Time,CDCDDBCDCC,0.3,0.0,0.0,negative,Fail,50.0,5.0,5.0,Pass Box,STEM Track,1.0,18.21,black,1,0,1,0,0,0,0,0,0,,,STEM Track,C,B,D,A,C,C,D,A,D,C,B,D,C,B,D,A,C,B,C,B,R,C,C,R,C,C,C,R,C,C,C,1
6699b7e8a3fa22647d9ea5c3,604.0,769,White,High school diploma/A-levels,28,Male,White,United States,United States,United States,English,No,Due to start a new job within the next month,AACCCCDCCD,0.6,0.0,0.0,ground,Pass,2.0,3.0,4.0,Pass Box,Non-STEM Track,0.0,0.0,red,0,0,1,0,0,0,0,0,0,I just chose to,It was fine.,Non-STEM Track,A,D,A,B,C,A,C,C,C,B,C,D,D,A,C,B,C,C,D,D,R,C,C,C,C,C,C,C,C,C,C,0
6786964da815926193edcaff,1339.0,10,Black/African American,Undergraduate degree (BA/BSc/other),20,Female,Black,United States,United States,United States,English,Yes,Other,AADBABDBAB,0.6,0.0,0.0,ground,Fail,70.0,6.0,7.0,Fail Box,STEM Track,0.0,0.0,black,0,0,1,0,0,0,0,0,0,I chose the STEM track because i though it would be the thing I'm best at.,It was good! the math question brought me back to high school.,STEM Track,A,B,A,,D,C,B,A,A,,B,D,D,C,B,,A,,B,C,C,C,C,C,C,C,C,C,R,R,R,1
659af0d41796191df48305b0,275.0,227,Mixed,High school diploma/A-levels,26,Female,Mixed,United States,United States,United States,English,Yes,Unemployed (and job seeking),CBBCCBBBCC,0.2,0.0,0.0,negative,Fail,63.0,2.0,5.0,Fail Box,Non-STEM Track,0.0,0.0,black,0,0,1,1,1,0,0,0,0,I thought it would be easier,It was nice and easy going.,Non-STEM Track,C,A,B,B,B,A,C,C,C,B,B,D,B,A,B,B,C,C,C,D,R,R,R,R,R,R,C,C,C,C,C,0
671d33692f7f87f936ad440c,403.0,252,Mixed,Technical/community college,28,Female,Mixed,United States,United States,United States,English,Yes,Part-Time,BBBDBCABAC,0.1,0.0,0.0,positive,Fail,50.0,3.0,5.0,Fail Box,Non-STEM Track,0.0,0.0,red,0,0,1,0,0,0,0,0,0,"Math is not my strong suit, and I was unsure if the questions on the STEM track would continue being mathematical","Fine experience, no feedback",Non-STEM Track,B,D,B,B,B,A,D,C,B,B,C,D,A,A,B,B,A,C,C,D,R,R,R,R,R,R,C,C,C,C,C,0
5db9a46ff8e3f9000f88cb85,1053.0,4215,White,Technical/community college,67,Male,White,United States,United States,United States,English,No,Full-Time,DAACADDABC,0.2,0.0,0.0,ground,Fail,50.0,3.0,5.0,Fail Box,Non-STEM Track,0.0,0.0,black,0,1,0,0,0,1,0,0,0,It's a reward for my success.,I enjoyed it.  No comments.,Non-STEM Track,D,D,A,B,A,A,C,C,A,B,D,D,D,A,A,B,B,C,C,D,R,R,R,R,R,C,C,C,C,C,C,0
66a2f422847b3fd2e5c5f473,836.0,629,White,High school diploma/A-levels,40,Male,White,United States,United States,United States,English,No,Unemployed (and job seeking),DCACDBBBCB,0.3,0.0,0.0,negative,Pass,50.0,6.0,3.0,Pass Box,Non-STEM Track,0.0,0.0,red,0,0,1,0,0,1,0,0,0,Due to the risk of earning $0 for questions I had no idea what we're going to be asked. ,No feedback ,Non-STEM Track,D,D,C,B,A,A,C,C,D,B,B,D,B,A,B,B,C,C,B,D,R,R,R,R,R,R,C,C,C,C,C,0
602aaba2c2eb7c106100e516,1211.0,6555,White,Undergraduate degree (BA/BSc/other),33,Male,White,United States,United States,United States,English,No,Full-Time,DADDBDBADB,0.3,0.0,0.0,negative,Pass,40.0,3.0,3.0,Pass Box,Non-STEM Track,0.0,0.0,red,1,0,1,0,0,0,0,0,0,My math skills are abysmal. I was very confident I would have a better chance at a larger bonus doing almost any other task.,"I had to guess on every question in the first (math-related) part. I tried to logically select the most likely answers for questions I vaguely understood and just guessed ""D"" for the other questions. I'm extremely glad I chose the non-STEM path for the second round of questions; vocabulary is definitely one of my stronger areas!",Non-STEM Track,D,D,A,B,D,A,D,C,B,B,D,D,B,A,A,B,D,C,B,D,R,R,R,R,C,C,C,C,C,C,C,0
5eb5f6d5e38e9f4e6c8dde3f,457.0,8882,White,Undergraduate degree (BA/BSc/other),26,Female,White,United States,United States,United States,English,No,Full-Time,ACACCADCAB,0.4,0.0,0.0,positive,Pass,5.0,2.0,2.0,Pass Box,Non-STEM Track,0.0,0.0,black,0,0,1,0,0,0,0,0,0,"I am not that smart, to be honest.",It was fun,Non-STEM Track,A,D,C,B,A,A,C,C,C,B,A,D,D,A,C,B,A,C,B,D,R,R,R,R,R,R,R,R,C,C,C,0
5e64a02eb7d70b20f250b129,772.0,5657,White,Technical/community college,66,Female,White,United States,United States,United States,English,No,"Not in paid work (e.g. homemaker', 'retired or disabled)",DDCBBBCCBB,0.6,0.0,0.0,positive,Pass,5.0,2.0,2.0,Pass Box,Non-STEM Track,0.0,0.0,black,0,0,1,0,1,0,0,0,0,Because I am horrible with mathematical questions. ,Interesting study although the math questions were extremely difficult for me. ,Non-STEM Track,D,D,D,B,C,A,B,C,B,B,B,D,C,A,C,B,B,C,B,D,R,R,R,C,C,C,C,C,C,C,C,0
664fadc444dc1b020df32c78,1538.0,972,White,Undergraduate degree (BA/BSc/other),32,Male,Black,United States,United States,United States,English,DATA_EXPIRED,DATA_EXPIRED,DABBBBDCBB,0.7,0.0,0.0,ground,Pass,70.0,8.0,7.0,Pass Box,STEM Track,0.0,0.0,red,0,0,1,0,0,0,0,0,1,"I chose the STEM Track because I enjoy problem-solving, logical reasoning, and working with numbers. I also wanted to challenge myself with the math-based questions and see how well I could perform","The process was engaging and well-structured. The math questions were fair, and the hint system was an interesting way to assess performance. It would be helpful to see explanations for missed questions to learn from mistakes.",STEM Track,D,C,A,B,B,C,B,D,B,B,B,D,D,B,C,C,B,C,B,D,R,R,R,R,R,C,C,C,C,C,C,1
67817d6ae31ff11e01454731,686.0,68,White,Technical/community college,19,Female,White,United States,United States,United States,English,Yes,Unemployed (and job seeking),DACBDBACBD,0.5,0.0,0.0,negative,Pass,30.0,3.0,4.0,Pass Box,STEM Track,1.0,10.786,red,0,0,1,0,1,0,0,0,0,"I used to be good at math, but it definitely has gotten harder as I have moved away from the refresh of math classes",,STEM Track,D,A,A,C,C,B,B,C,D,D,B,A,A,B,C,C,B,B,D,D,R,R,R,R,R,C,C,C,C,C,C,1
5df2ebac820526203e557d37,957.0,1445,White,High school diploma/A-levels,56,Female,White,United States,United States,United States,English,No,"Not in paid work (e.g. homemaker', 'retired or disabled)",BCACAACBCC,0.1,0.0,0.0,negative,Pass,0.0,0.0,0.0,Fail Box,Non-STEM Track,0.0,0.0,red,0,0,1,0,0,0,0,0,0,Thought it might be easier,"The first part was hard, second was easy, enjoyed it though.",Non-STEM Track,B,D,C,B,A,A,C,C,A,B,A,D,C,A,B,B,C,C,C,D,R,R,R,C,C,C,C,C,C,C,C,0
61075a765969d97b256603b7,1160.0,1230,Latino/Hispanic,Undergraduate degree (BA/BSc/other),47,Male,Other,United States,United States,United States,English,DATA_EXPIRED,DATA_EXPIRED,ACBBB_____,0.3,0.0,0.0,positive,Pass,2.0,5.0,2.0,Pass Box,STEM Track,0.0,0.0,black,0,1,0,0,0,0,0,0,0,MY WISH,GOOD,STEM Track,A,B,C,C,B,C,B,A,B,A,,D,,C,,A,,A,,C,R,R,R,R,R,R,C,C,C,C,C,1
60fe78024bb07d7a327ec085,682.0,1543,Latino/Hispanic,Graduate degree (MA/MSc/MPhil/other),32,Female,White,United States,United States,United States,English,No,Due to start a new job within the next month,BCACCBDCBC,0.3,0.0,0.0,ground,Fail,28.0,4.0,7.0,Fail Box,Non-STEM Track,0.0,0.0,black,0,1,1,1,1,0,0,0,0,"I've always been great at other subjects besides science, so I took a chance. ","No feedback, the only issue I had was my computer zoomed out quick and I had to click out of the screen to fix it. ",Non-STEM Track,B,D,C,B,A,A,C,C,C,B,B,D,D,A,C,B,B,C,C,D,R,R,R,R,R,C,C,C,C,C,C,0
674382c7325a6cb19d897ca4,187.0,436,White,Graduate degree (MA/MSc/MPhil/other),41,Female,White,United States,United States,United States,English,No,Unemployed (and job seeking),BCCCCCCCCC,0.3,0.0,0.0,negative,Pass,50.0,5.0,3.0,Fail Box,STEM Track,0.0,0.0,red,0,1,0,0,0,0,0,0,0,To try and get the bonus,,STEM Track,B,C,C,C,C,C,C,C,C,C,C,C,C,C,C,C,C,C,C,C,R,R,R,C,C,C,C,C,C,C,C,1
661045b87d3e3a9bda51b367,2348.0,719,White,Undergraduate degree (BA/BSc/other),70,Male,White,United States,United States,United States,English,No,Part-Time,AAACDDCCBC,0.3,0.0,0.0,negative,Fail,50.0,4.0,4.0,Pass Box,STEM Track,0.0,0.0,red,0,0,1,0,0,0,0,0,0,above average on math,"challenging for sure, not enough time for me",STEM Track,A,B,A,A,A,C,C,B,D,A,D,D,C,C,C,A,B,A,C,A,R,R,R,R,R,C,C,C,C,C,C,1
677c3d638b3b40fc2c99292e,890.0,92,Mixed,Undergraduate degree (BA/BSc/other),46,Male,White,United Kingdom,United States,United States,English,No,Full-Time,BACCDABDAA,0.2,0.0,0.0,negative,Fail,40.0,4.0,5.0,Pass Box,STEM Track,0.0,0.0,red,1,0,1,0,0,0,0,0,0,More $$,Very thought provoking and tricky,STEM Track,B,B,A,B,C,C,C,A,D,A,A,B,B,C,D,C,A,B,A,C,R,R,R,R,R,R,C,C,C,C,C,1
6400d8fbeba2f9f8eb604b9a,1077.0,4672,East Asian,Technical/community college,41,Male,Asian,United States,United States,United States,English,Yes,Full-Time,DACBDDAACB,0.5,0.0,0.0,ground,Pass,50.0,3.0,5.0,Pass Box,Non-STEM Track,0.0,0.0,red,0,0,1,0,0,0,0,0,0,I thought I would be more confident there.  ,I thought the STEM questions were quite difficult.  ,Non-STEM Track,D,D,A,B,C,A,B,C,D,B,D,D,A,A,A,B,C,C,B,D,R,R,R,R,R,R,C,C,C,C,C,0
67508cc64d6168582f18c11a,821.0,249,White,Undergraduate degree (BA/BSc/other),33,Female,White,United States,United States,United States,English,No,Full-Time,DABBB_____,0.3,0.0,0.0,negative,Fail,90.0,4.0,5.0,Fail Box,Non-STEM Track,0.0,0.0,black,0,0,1,0,0,0,0,0,0,I did not feel like there was enough time allotted to complete the math questions. I was putting a lot of effort into them and got timed out. You're encouraging cheating then. ,Thank you!,Non-STEM Track,D,D,A,B,B,A,B,C,B,B,,B,,A,,B,,C,,D,R,R,R,R,C,C,C,C,C,C,C,0
6785cdc31fd7b7e0d5d91209,930.0,10,White,Graduate degree (MA/MSc/MPhil/other),28,Male,White,United States,United States,United States,English,No,Full-Time,BAACBBAABC,0.3,0.0,0.0,negative,Fail,20.0,4.0,4.0,Fail Box,Non-STEM Track,0.0,0.0,black,0,0,1,0,0,0,0,0,0,It was decided for me to go to public school.,Math was the tough part.,Non-STEM Track,B,D,A,B,A,A,C,C,B,B,B,D,A,A,A,B,B,C,C,D,R,R,R,R,R,R,C,C,C,C,C,0
663bae5f46106508ead1cc5d,405.0,1144,Mixed,Undergraduate degree (BA/BSc/other),42,Male,Mixed,United States,United States,United States,English,No,Full-Time,BCCDBACAAC,0.2,0.0,0.0,ground,Fail,50.0,10.0,5.0,Fail Box,Non-STEM Track,0.0,0.0,black,0,0,1,0,0,0,0,0,0,THE MATH QUESTIONS BORED ME,THE MATH QUESTIONS SUCKED AND SHOULDNT OF BEEN SO HARD.,Non-STEM Track,B,D,C,B,C,A,D,C,B,B,A,D,C,A,A,B,A,C,C,D,R,R,R,R,R,R,R,C,C,C,C,0
604b9e6373c491acd8aec923,389.0,10189,White,Undergraduate degree (BA/BSc/other),45,Male,White,United States,United States,United States,English,No,Full-Time,CBCACABCDA,0.2,0.0,0.0,negative,Fail,10.0,2.0,10.0,Fail Box,Non-STEM Track,0.0,0.0,black,0,0,1,0,0,0,0,0,0,I am not good at math,none,Non-STEM Track,C,D,B,B,C,A,A,C,C,B,A,D,B,A,C,B,D,C,A,D,R,R,R,R,C,C,C,C,C,C,C,0
66cd09a1e2fb3850eaf08fd8,941.0,84,Mixed,Undergraduate degree (BA/BSc/other),27,Male,Black,United States,United States,United States,English,No,Full-Time,CADBBBCCAC,0.5,1.0,17.083,negative,Fail,60.0,6.0,6.0,Pass Box,Non-STEM Track,0.0,0.0,red,0,0,1,0,0,0,0,0,0,I wanted to challenge myself,The experience was quite smooth,Non-STEM Track,C,D,A,B,D,A,B,C,B,B,B,D,C,A,C,B,A,C,C,D,R,R,R,R,R,R,C,C,C,C,C,0
5c376ea0eecc440001c58889,435.0,7883,White,Undergraduate degree (BA/BSc/other),46,Male,White,United States,United States,United States,English,No,DATA_EXPIRED,DADBBBADDB,0.5,0.0,0.0,ground,Pass,20.0,2.0,3.0,Pass Box,Non-STEM Track,0.0,0.0,red,0,1,0,0,0,0,0,0,0,I'm terrible at math and science.,I had fun. Thank you. I enjoyed making choices.,Non-STEM Track,D,D,A,B,D,A,B,C,B,B,B,D,A,A,D,B,D,C,B,D,R,R,C,C,C,C,C,C,C,C,C,0
6789724c92e45d4199194b86,489.0,26,White,High school diploma/A-levels,21,Male,White,United States,United States,United States,English,Yes,Part-Time,BDBDBADACC,0.3,0.0,0.0,negative,Fail,20.0,4.0,8.0,Pass Box,Non-STEM Track,0.0,0.0,red,0,1,1,0,0,0,0,0,0,The non stem questions seemed easier and the money was more guaranteed.,"I enjoyed the survey, the math questions were hard.",Non-STEM Track,B,D,D,D,B,A,D,C,B,B,A,D,D,A,A,B,C,C,C,D,R,R,R,R,R,R,R,C,C,C,C,0
6308dca0fefa374b1d697aba,572.0,3297,White,Technical/community college,37,Male,White,United States,United States,United States,English,No,Full-Time,DBDBCBDADA,0.3,0.0,0.0,negative,Pass,15.0,3.0,1.0,Pass Box,STEM Track,0.0,0.0,red,0,0,1,0,0,0,0,0,0,The incentive,A nice change of pace for the studies.,STEM Track,D,D,B,C,D,A,B,C,C,A,B,D,D,D,A,B,D,C,A,A,R,R,R,R,R,C,C,C,C,C,C,1
5dd350af4a113a36288b663a,611.0,101,White,Undergraduate degree (BA/BSc/other),56,Female,White,United States,United States,United States,English,No,Unemployed (and job seeking),CCBADABCCA,0.2,0.0,0.0,ground,Fail,20.0,0.0,10.0,Fail Box,Non-STEM Track,0.0,0.0,black,0,0,1,0,0,0,0,0,0,Because I am old and the math questions truly stumped me. ,I suck at math. ,Non-STEM Track,C,D,C,B,B,A,A,C,D,B,A,D,B,A,C,B,C,C,A,D,R,R,R,R,R,R,C,C,C,C,C,0
65c10d09a62f4f913412bd71,963.0,1502,Black/African American,High school diploma/A-levels,29,Female,Black,United States,United States,United States,English,No,Unemployed (and job seeking),ABBBBBDCBB,0.7,0.0,0.0,positive,Pass,25.0,3.0,3.0,Fail Box,Non-STEM Track,0.0,0.0,red,0,0,1,0,0,0,0,0,0,I'm better at literature than math,It really helped me use my brain which I appreciate.,Non-STEM Track,A,D,B,B,B,A,B,C,B,B,B,D,D,A,C,D,B,C,B,D,R,R,R,C,C,C,C,C,C,C,C,0
67acab4438884c095874c5a8,1025.0,5,White,High school diploma/A-levels,25,Female,White,United States,United States,United States,English,No,Part-Time,AADBBBDCCA,0.8,0.0,0.0,negative,Pass,80.0,7.0,6.0,Pass Box,STEM Track,0.0,0.0,red,0,0,1,0,0,0,0,0,0,I have always enjoyed STEM. I think it keeps the brain active.,Good! ,STEM Track,A,B,A,A,D,C,B,A,B,A,B,D,D,C,C,C,C,B,A,C,R,R,R,R,R,R,C,C,C,C,C,1
607e0606cdc6ca6d24343932,1190.0,419,White,Undergraduate degree (BA/BSc/other),21,Female,White,United States,United States,United States,English,Yes,Part-Time,DACBDBDC__,0.6,0.0,0.0,ground,Pass,99.0,6.0,1.0,Pass Box,STEM Track,0.0,0.0,red,0,0,1,0,0,0,0,0,0,I enjoy solving problems and making money.,,STEM Track,D,B,A,B,C,B,B,B,D,A,B,B,D,C,C,A,,B,,C,R,R,R,R,C,C,C,C,C,C,C,1
657b13119af722654ad05679,1230.0,845,South East Asian,Undergraduate degree (BA/BSc/other),26,Female,Asian,United States,United States,United States,Vietnamese,No,Unemployed (and job seeking),AADCBBDCAC,0.6,0.0,0.0,positive,Pass,80.0,7.0,6.0,Pass Box,STEM Track,0.0,0.0,black,0,0,1,0,0,0,0,0,0,I find myself more successful in the STEM track.,I had a lot fun solving and answering the questions.,STEM Track,A,B,A,A,D,C,C,A,B,A,B,D,D,C,C,A,A,B,C,C,R,R,R,R,C,C,C,C,C,C,C,1
5a7e2829000dab00018c6081,736.0,619,White,Technical/community college,34,Male,White,United States,United States,United States,English,Yes,Unemployed (and job seeking),CADCDABCBD,0.2,0.0,0.0,negative,Fail,25.0,2.0,4.0,Pass Box,Non-STEM Track,0.0,0.0,red,0,0,1,0,0,0,0,0,0,STEM seemed hard.,,Non-STEM Track,C,D,A,B,D,A,C,C,D,B,A,D,B,A,C,B,B,C,D,D,R,R,R,R,R,C,C,C,C,C,C,0
663f24ed23e0359c4d0ba28b,853.0,244,Latino/Hispanic,High school diploma/A-levels,22,Male,Other,United States,United States,United States,Spanish,DATA_EXPIRED,DATA_EXPIRED,DBACBDDDBC,0.2,0.0,0.0,positive,Pass,50.0,3.0,1.0,Pass Box,Non-STEM Track,0.0,0.0,red,0,0,1,0,0,0,0,0,0,I feel as if I would do my best on the Non-STEM Track rather than the STEM track/,It was a fun test!,Non-STEM Track,D,D,B,B,A,A,C,D,B,B,D,A,D,A,D,B,B,C,C,A,R,R,R,R,R,C,C,C,C,C,C,0
647652cb5644044df439e1fb,1006.0,2850,White,Undergraduate degree (BA/BSc/other),37,Female,White,United States,United States,United States,English,No,DATA_EXPIRED,CADCBDCAAA,0.2,0.0,0.0,positive,Fail,56.0,5.0,4.0,Fail Box,Non-STEM Track,0.0,0.0,red,0,0,1,0,0,0,0,0,0,I felt I could get more of the questions right since math is not my strong suite.,,Non-STEM Track,C,D,A,B,D,A,C,C,B,B,D,D,C,A,A,B,A,C,A,D,R,R,R,R,R,C,C,C,C,C,C,0
5fc1e71eff237c1f8708ef5a,809.0,5257,White,Undergraduate degree (BA/BSc/other),28,Male,White,United States,United States,United States,English,Yes,DATA_EXPIRED,CCADAABABC,0.0,0.0,0.0,ground,Fail,50.0,3.0,2.0,Pass Box,Non-STEM Track,0.0,0.0,black,0,0,1,0,0,0,0,0,0,I always pick the more safe option,That I need to brush up on my math,Non-STEM Track,C,D,C,B,A,A,D,C,A,B,A,D,B,A,A,C,B,C,C,A,R,R,R,C,C,C,C,C,C,C,C,0
673d25851173193daa4771ca,831.0,287,White,High school diploma/A-levels,30,Female,White,United States,United States,United States,English,No,DATA_EXPIRED,DCCADBBBCD,0.3,0.0,0.0,positive,Pass,25.0,1.0,2.0,Pass Box,STEM Track,0.0,0.0,black,0,0,1,0,0,0,0,0,0,"To be given another chance, thinking the problems would be easier.",It was fine.,STEM Track,D,A,C,C,C,C,A,D,D,A,B,B,B,D,B,C,C,B,D,B,R,R,R,R,R,R,R,R,C,C,C,1
5d474d1fab2d280015bb0110,518.0,2712,East Asian,Graduate degree (MA/MSc/MPhil/other),36,Male,Asian,Vietnam,United States,United States,Chinese,DATA_EXPIRED,DATA_EXPIRED,ABCBBBDBDB,0.7,0.0,0.0,negative,Pass,33.0,4.0,5.0,Pass Box,Non-STEM Track,0.0,0.0,red,1,0,1,0,0,0,0,0,0,I was not a STEM major in college and struggle with those questions.,"This was fun, but stressful.",Non-STEM Track,A,D,B,B,C,A,B,C,B,B,B,D,D,A,B,B,D,C,B,D,R,R,R,R,R,C,C,C,C,C,C,0
673cff9ac211051fd40a2c36,984.0,298,Rather not say,Undergraduate degree (BA/BSc/other),27,Male,Other,United States,United States,United States,English,No,Full-Time,DADBBBDCCB,0.8,0.0,0.0,ground,Fail,90.0,9.0,9.0,Fail Box,STEM Track,0.0,0.0,black,1,0,0,0,0,0,0,0,0,I chose the STEM track because of my deep curiosity and passion for understanding how things work.,The reward feels a bit too technical considering the effort required. It would be more appropriate if the reward aligned better with the level of work involved.,STEM Track,D,B,A,C,D,B,B,A,B,A,B,D,D,C,C,A,C,B,B,C,R,R,R,R,R,C,C,C,C,C,C,1
6716f4eb2129b8fac0ca5df9,632.0,202,White,Undergraduate degree (BA/BSc/other),24,Female,White,United States,United States,United States,English,Yes,DATA_EXPIRED,AADBABDCDB,0.7,0.0,0.0,negative,Pass,90.0,6.0,5.0,Pass Box,STEM Track,0.0,0.0,red,0,0,1,0,0,0,0,0,0,To continue the challenge and increase my chances of bonus money.,no,STEM Track,A,B,A,A,D,C,B,A,A,A,B,D,D,D,C,A,D,C,B,C,R,R,R,R,R,R,C,C,C,C,C,1
671acb9f5ff5180a6a5dceb3,828.0,53,East Asian,High school diploma/A-levels,35,Male,Asian,United States,United States,United States,English,No,Other,BCDBABCACD,0.3,0.0,0.0,ground,Fail,27.0,3.0,8.0,Fail Box,STEM Track,0.0,0.0,black,1,0,1,0,0,0,0,0,0,all or nothing,it took me back to middle school and i all the math i forgot.,STEM Track,B,C,C,B,D,C,B,D,A,A,B,A,C,C,A,D,C,C,D,C,R,R,R,R,R,R,R,C,C,C,C,1
5edf2043d53fce1c797d9f5d,393.0,396,White,High school diploma/A-levels,36,Male,White,United States,United States,United States,English,No,DATA_EXPIRED,BDBACABABC,0.0,0.0,0.0,positive,Fail,30.0,5.0,5.0,Fail Box,Non-STEM Track,0.0,0.0,red,0,1,1,0,0,0,0,0,0,I failed the stem track,Less stem... haha,Non-STEM Track,B,D,D,B,B,A,A,C,C,B,A,D,B,A,A,B,B,C,C,D,R,R,R,C,C,C,C,C,C,C,C,0
66c13ab381431123d64a681f,537.0,599,White,High school diploma/A-levels,44,Female,White,United States,United States,United States,English,DATA_EXPIRED,Unemployed (and job seeking),DACCBABCBA,0.4,0.0,0.0,ground,Pass,10.0,1.0,1.0,Pass Box,Non-STEM Track,0.0,0.0,red,0,1,1,0,0,0,0,0,0,I am terrible at math equations.,It was fine.,Non-STEM Track,D,D,A,B,C,A,C,C,B,B,A,D,B,A,C,B,B,C,A,D,R,R,R,C,C,C,C,C,C,C,C,0
67658a37265a0fe50fee083e,964.0,13,White,High school diploma/A-levels,30,Female,White,United States,United States,United States,English,No,Part-Time,DDBCACBCAA,0.1,0.0,0.0,ground,Pass,10.0,1.0,1.0,Not Sure,STEM Track,0.0,0.0,red,0,0,1,1,0,0,0,0,0,Randomly chose it,It was hard math and long ,STEM Track,D,C,D,B,B,B,C,C,A,B,C,B,B,D,C,C,A,B,A,B,R,R,R,R,C,C,C,C,C,C,C,1
672d025f410f6942b1524e97,771.0,9,White,High school diploma/A-levels,27,Female,White,United States,United States,United States,English,No,Part-Time,AADBBB____,0.5,0.0,0.0,ground,Pass,0.0,5.0,5.0,Fail Box,Non-STEM Track,0.0,0.0,red,0,0,1,0,0,0,0,0,0,Not really sure ,I'm not good at math so that part was a struggle for me,Non-STEM Track,A,D,A,B,D,A,B,C,B,B,B,D,,A,,B,,C,,D,R,R,R,R,R,C,C,C,C,C,C,0
63616dc91955f5390f55d39b,760.0,391,White,High school diploma/A-levels,29,Male,White,United States,United States,United States,English,No,Other,DACBDBBCBA,0.5,0.0,0.0,negative,Pass,50.0,4.0,3.0,Pass Box,Non-STEM Track,0.0,0.0,red,0,0,1,0,0,0,0,0,0,I'm not very good at math and figured I had a better chance at a bonus doing something else.,No feedback ,Non-STEM Track,D,D,A,D,C,A,B,C,D,B,B,D,B,A,C,B,B,C,A,D,R,R,R,R,R,R,C,C,C,C,C,0
6658b487ee74fc67e629df2c,328.0,143,White,Technical/community college,50,Male,White,United States,United States,United States,English,DATA_EXPIRED,DATA_EXPIRED,BCBDBACBDA,0.1,3.0,20.547,negative,Fail,40.0,2.0,5.0,Pass Box,Non-STEM Track,0.0,0.0,red,0,0,1,0,0,0,0,0,0,math is not my best subject,was fun thanks for having me,Non-STEM Track,B,D,C,B,B,A,D,C,B,B,A,D,C,A,B,B,D,C,A,D,R,R,R,C,C,C,C,C,C,C,C,0
65d8e72260facc4cfd7be141,1493.0,310,South East Asian,Undergraduate degree (BA/BSc/other),25,Female,Asian,United States,United States,United States,English,No,Full-Time,DCACDBDCBC,0.3,0.0,0.0,negative,Fail,45.0,6.0,5.0,Fail Box,Non-STEM Track,0.0,0.0,black,1,0,0,0,0,0,1,0,0,it would be easier,i could have better answered the stem questions if i had more time,Non-STEM Track,D,D,C,B,A,A,C,C,D,B,B,D,D,A,C,B,B,C,C,D,R,R,R,R,R,C,C,C,C,C,C,0
671aa38dd09c66a4c08586d5,389.0,212,White,Undergraduate degree (BA/BSc/other),37,Male,White,United States,United States,United States,English,No,Other,DDCBCCCCCC,0.4,0.0,0.0,positive,Pass,20.0,2.0,2.0,Not Sure,Non-STEM Track,0.0,0.0,black,0,1,1,0,0,0,0,0,0,I am horrible at mathematics.,The math questions were stressful and I felt out of my depth.,Non-STEM Track,D,D,D,B,C,A,B,C,C,B,C,D,C,A,C,B,C,C,C,D,R,R,R,R,R,R,R,C,C,C,C,0
66d84e02c99eb8bbe8a3eb70,281.0,485,White,Undergraduate degree (BA/BSc/other),40,Female,White,United States,United States,United States,English,No,Full-Time,ABBBBCDBAC,0.4,0.0,0.0,negative,Pass,29.0,1.0,3.0,Fail Box,Non-STEM Track,0.0,0.0,red,0,1,0,0,0,0,0,0,0,I'm not talented in math. ,The math questions were very difficult! ,Non-STEM Track,A,D,B,B,B,A,B,C,B,B,C,D,D,A,B,B,A,C,C,D,R,R,R,R,C,C,C,C,C,C,C,0
67acb019909044b8385e5879,578.0,34,White,Technical/community college,23,Female,White,United States,United States,United States,English,No,"Not in paid work (e.g. homemaker', 'retired or disabled)",BBCDBCDDBD,0.3,0.0,0.0,ground,Fail,50.0,3.0,4.0,Fail Box,Non-STEM Track,0.0,0.0,black,0,0,1,0,0,0,0,0,0,I do not know a lot about STEM,good,Non-STEM Track,B,D,B,B,C,A,D,C,B,B,C,D,D,A,D,B,B,C,D,D,R,R,R,R,C,C,C,C,C,C,C,0
60493e65aba91587246602a2,399.0,2830,Latino/Hispanic,Undergraduate degree (BA/BSc/other),71,Male,White,United States,United States,United States,Spanish,No,"Not in paid work (e.g. homemaker', 'retired or disabled)",ABBBBBBBBB,0.5,0.0,0.0,ground,Pass,1.0,0.0,0.0,Pass Box,Non-STEM Track,0.0,0.0,red,0,0,1,0,0,0,0,0,0,I don't like math,fine. I don't like math,Non-STEM Track,A,D,B,B,B,A,B,C,B,B,B,D,B,A,B,B,B,C,B,D,R,R,R,C,C,C,C,C,C,C,C,0
66d3cd7f9d78bdbee8f1053c,702.0,324,Mixed,High school diploma/A-levels,19,Female,Mixed,United States,United States,United States,English,No,Unemployed (and job seeking),DBCBCBBCAA,0.4,0.0,0.0,ground,Fail,50.0,4.0,7.0,Fail Box,Non-STEM Track,0.0,0.0,black,0,0,1,0,0,0,0,0,0,English has always been a better subject for me.,It reminded me how much I don't really get algebra.,Non-STEM Track,D,D,B,B,C,A,B,C,C,B,B,D,B,A,C,B,A,C,A,D,R,R,R,R,C,C,C,C,C,C,C,0
669d70875bed73f3e2ce81de,1028.0,413,Native American or Alaskan Native,Secondary education (e.g. GED/GCSE),44,Female,White,United States,United States,United States,English,No,"Not in paid work (e.g. homemaker', 'retired or disabled)",BCBCBABBAB,0.2,0.0,0.0,positive,Pass,4.0,3.0,1.0,Pass Box,STEM Track,0.0,0.0,black,0,1,1,0,0,0,0,0,0,I'm not sure why I chose that option for a challenge I guess.,I learned I'm probably still not good at math.,STEM Track,B,C,C,B,B,C,C,B,B,B,A,A,B,D,B,B,A,B,B,C,R,R,R,R,R,R,R,R,R,R,R,1
649b3ba0c563aa2593be04d7,508.0,1505,White,Undergraduate degree (BA/BSc/other),53,Female,White,United Kingdom,United States,United States,Welsh,DATA_EXPIRED,Other,BDBBBCABCC,0.3,0.0,0.0,negative,Fail,22.0,2.0,4.0,Pass Box,Non-STEM Track,0.0,0.0,red,0,0,1,0,0,0,0,0,0,Because I am useless at maths,"It was good, a nice, different type of study to do. ",Non-STEM Track,B,D,D,B,B,A,B,C,B,B,C,D,A,A,B,B,C,C,C,D,R,R,R,R,C,C,C,C,C,C,C,0
5cd10012174fc60016c10ffd,452.0,1961,White,Technical/community college,37,Female,White,United States,United States,United States,English,No,Full-Time,BDBCADCBDA,0.0,0.0,0.0,positive,Fail,0.0,1.0,1.0,Fail Box,Non-STEM Track,0.0,0.0,red,0,0,1,0,0,0,0,0,0,I was hoping it was easier and I might actually get some answers correctly.,I was not sure of the math quiz but I tried my best. I enjoyed the survey.,Non-STEM Track,B,D,D,B,B,A,C,C,A,B,D,A,C,A,B,B,D,C,A,D,R,R,R,C,C,C,C,C,C,C,C,0
660c9fe7b2e6bf22bcc608b1,1211.0,343,White,High school diploma/A-levels,31,Female,White,United States,United States,United States,English,Yes,Full-Time,DAABCBCBAB,0.4,0.0,0.0,positive,Pass,50.0,4.0,4.0,Pass Box,Non-STEM Track,0.0,0.0,black,0,0,1,0,0,0,0,0,0,Because I don't think my brain could read and attempt to comprehend and answer such math questions a second time.,It was an interesting experience and it also reminded me that I do not miss high school math at all. ,Non-STEM Track,D,D,A,B,A,A,B,C,C,B,B,D,C,A,B,B,A,C,B,D,R,R,R,R,R,C,C,C,C,C,C,0
67616d8e6f724ea73d21b44d,321.0,6,White,Undergraduate degree (BA/BSc/other),26,Male,White,United States,United States,United States,English,No,Full-Time,BABCACBCAD,0.2,0.0,0.0,positive,Fail,50.0,1.0,3.0,Fail Box,STEM Track,0.0,0.0,red,0,0,0,0,0,0,0,0,0,,,STEM Track,B,D,A,B,B,B,C,A,A,B,C,D,B,C,C,B,A,B,D,B,R,C,R,R,R,C,C,C,C,C,C,1
662fc34ba5a75802044a1f81,1053.0,511,Latino/Hispanic,Undergraduate degree (BA/BSc/other),52,Female,White,United States,United States,United States,English,No,Part-Time,DBBDDBCDB_,0.1,0.0,0.0,negative,Fail,45.0,3.0,7.0,Fail Box,Non-STEM Track,0.0,0.0,black,0,0,1,0,0,0,0,0,0,because I knew I performed terribly on those difficult math questions,,Non-STEM Track,D,D,B,B,B,A,D,C,D,B,B,D,C,A,D,B,B,C,,D,R,R,R,R,R,R,C,C,C,C,C,0
65b815c60e980bdc150c964b,1237.0,86,Mixed,Graduate degree (MA/MSc/MPhil/other),26,Female,Mixed,United States,United States,United States,English,No,DATA_EXPIRED,DADB______,0.2,0.0,0.0,ground,Fail,50.0,3.0,4.0,Fail Box,STEM Track,1.0,5.916,black,0,0,1,0,0,0,0,0,0,"I enjoy math problems, and I wanted the bigger bonus","I thought I needed some scratch paper, I tried to remember math lessons from high school",STEM Track,D,B,A,,D,C,B,,,A,,D,,C,,,,,,A,R,R,R,R,R,R,R,C,C,C,C,1
5a21b5afd5510b0001977f1e,436.0,216,White,Doctorate degree (PhD/other),35,Male,White,Bosnia and Herzegovina,United States,United States,Serbian,No,Full-Time,DBAACCDCCB,0.4,0.0,0.0,positive,Pass,66.0,0.0,1.0,Pass Box,Non-STEM Track,0.0,0.0,red,0,1,1,0,0,0,0,0,0,It is not my strength,I was confused during math but aced the non-stem portion.,Non-STEM Track,D,D,B,B,A,A,A,C,C,B,C,D,D,A,C,B,C,C,B,D,R,R,R,R,R,R,R,C,C,C,C,0
62df7fc27c9e824a7a774103,806.0,1189,White,Undergraduate degree (BA/BSc/other),42,Male,White,United States,United States,United States,English,No,Full-Time,BCDCCCCAC_,0.1,0.0,0.0,positive,Fail,10.0,2.0,3.0,Pass Box,Non-STEM Track,0.0,0.0,red,0,0,1,0,0,0,0,0,0,I have dyscalculia.,,Non-STEM Track,B,D,C,B,D,A,C,C,C,B,C,D,C,A,A,B,C,C,,D,R,R,R,R,C,C,C,C,C,C,C,0
663171ab19ea2540eadfaadf,665.0,198,Black/African American,High school diploma/A-levels,43,Female,Black,United States,United States,United States,English,No,"Not in paid work (e.g. homemaker', 'retired or disabled)",ADACCBBDAD,0.2,0.0,0.0,ground,Fail,40.0,6.0,9.0,Pass Box,Non-STEM Track,0.0,0.0,black,0,1,1,0,0,0,0,0,0,Mathematics has never been my strong point,Fun survey,Non-STEM Track,A,D,D,A,A,A,C,C,C,B,B,D,B,A,D,C,A,C,D,D,R,R,R,R,R,R,R,R,C,C,C,0
60bfd281d3caa11b1cbc27ad,1382.0,276,White,Undergraduate degree (BA/BSc/other),25,Female,White,United States,United States,United States,English,No,Part-Time,DAADDBBCD_,0.3,0.0,0.0,negative,Pass,0.0,1.0,1.0,Pass Box,STEM Track,0.0,0.0,red,1,0,1,0,0,0,0,0,0,"Because I only needed to get one question right to receive a bonus; whereas, if I had chosen the normal track I would have needed to get multiple questions right","Math is hard. Haven't thought about any of these types of problems in years. No feedback, just wanted to share :)",STEM Track,D,B,A,B,A,D,D,D,D,A,B,D,B,C,C,D,D,A,,B,R,R,R,R,R,C,C,C,C,C,C,1
66b66a093af457af36097219,1282.0,184,White,Technical/community college,33,Female,White,United States,United States,United States,English,No,Full-Time,DCBBDABCB_,0.2,0.0,0.0,ground,Fail,75.0,5.0,5.0,Fail Box,STEM Track,0.0,0.0,black,0,0,1,0,0,0,0,0,0,Just thought maybe I could answer the questions correctly,The experiences was good.,STEM Track,D,B,C,A,B,D,B,D,D,B,A,D,B,C,C,B,B,C,,B,R,C,C,C,C,C,C,C,C,C,C,1
666786e72031dd6ccf364b5b,949.0,253,White,High school diploma/A-levels,45,Male,White,United States,United States,United States,English,DATA_EXPIRED,DATA_EXPIRED,CDCDADBDCB,0.3,0.0,0.0,ground,Fail,20.0,2.0,5.0,Fail Box,Non-STEM Track,0.0,0.0,black,0,0,1,0,0,0,0,0,0,The Questions in the STEM quiz were very difficult for me.,The first quiz felt very much out of my range of knowledge. Very anxiety inducing.,Non-STEM Track,C,D,D,B,C,A,D,C,A,B,D,D,B,A,D,B,C,C,B,D,R,R,R,R,C,C,C,C,C,C,C,0
60ce5270f1695ea416c25fc3,1073.0,4362,White,Doctorate degree (PhD/other),69,Male,White,United States,United States,United States,English,No,"Not in paid work (e.g. homemaker', 'retired or disabled)",DADBDBDACB,0.6,0.0,0.0,negative,Pass,65.0,4.0,6.0,Not Sure,STEM Track,0.0,0.0,red,0,0,1,0,0,0,0,0,0,I thought I could do better than six questions.,math above my knowledge,STEM Track,D,B,A,D,D,C,B,C,D,A,B,B,D,C,A,C,C,D,B,C,R,R,R,C,C,C,C,C,C,C,C,1
662e78f04fac8f09690ef409,710.0,952,White,Undergraduate degree (BA/BSc/other),30,Female,White,United States,United States,United States,English,No,Full-Time,BCBBBCACCC,0.4,0.0,0.0,positive,Pass,40.0,3.0,3.0,Pass Box,Non-STEM Track,0.0,0.0,black,0,0,1,0,1,0,0,0,0,Because i didn't think i would be able to answer more than 3 questions right.,I thought the math questions were very hard. I liked the 2nd quiz though. ,Non-STEM Track,B,D,C,B,B,A,B,C,B,B,C,D,A,A,C,B,C,C,C,A,R,R,R,R,C,C,C,C,C,C,C,0
5ee68971dde4ef4056079287,438.0,6609,White,Undergraduate degree (BA/BSc/other),38,Male,White,United States,United States,United States,English,DATA_EXPIRED,DATA_EXPIRED,DCBCCCCDCC,0.1,0.0,0.0,positive,Fail,100.0,1.0,5.0,Fail Box,Non-STEM Track,0.0,0.0,red,0,0,1,0,0,0,0,0,0,easier,no,Non-STEM Track,D,D,C,B,B,A,C,C,C,B,C,D,C,A,D,B,C,C,C,D,R,R,R,R,R,R,C,C,C,C,C,0
666f9b23519a8d810a4c5b8a,552.0,958,Latino/Hispanic,Technical/community college,24,Male,White,United States,United States,United States,English,DATA_EXPIRED,DATA_EXPIRED,BCCBCADCCA,0.5,0.0,0.0,positive,Pass,20.0,3.0,4.0,Pass Box,Non-STEM Track,0.0,0.0,black,0,0,1,0,0,0,0,0,0,I felt more confident in my answers ,It was nice to test my knowledge ,Non-STEM Track,B,D,C,B,C,A,B,C,C,B,A,B,D,A,C,B,C,C,A,C,R,R,R,R,R,R,R,C,C,C,C,0
65b523496184c72bb4450dd3,1078.0,947,White,Doctorate degree (PhD/other),53,Female,White,United States,United States,United States,English,DATA_EXPIRED,Part-Time,DABCBBCCAB,0.5,0.0,0.0,ground,Pass,2.0,2.0,5.0,Pass Box,Non-STEM Track,0.0,0.0,red,0,0,1,0,0,0,0,0,0,"It has been a long time since I worked with equations, I am rusty. I felt more confident in non-stem questions.","I was stressed with the initial test, because of the time limit.",Non-STEM Track,D,D,A,B,B,A,C,C,B,B,B,D,C,A,C,B,A,C,B,D,R,R,R,R,C,C,C,C,C,C,C,0
623537f22ffeb94d58da7a10,737.0,5841,White,High school diploma/A-levels,53,Female,White,United States,United States,United States,English,No,Full-Time,DBCCCDBCBC,0.2,0.0,0.0,negative,Fail,10.0,1.0,5.0,Pass Box,Non-STEM Track,0.0,0.0,red,0,0,1,0,0,0,0,0,0,I chose to because I feel that I am stronger in other areas.,Although I did not enjoy the math probelems I feel that the survey itself was well put together and easy to understand.,Non-STEM Track,D,D,B,B,C,A,C,C,C,B,D,D,B,A,C,B,B,C,C,D,R,R,R,R,R,R,C,C,C,C,C,0
67242ff1ff3ad3381947dae2,1216.0,88,White,Undergraduate degree (BA/BSc/other),31,Male,White,United States,United States,United States,English,No,Full-Time,DABCBBABDB,0.4,0.0,0.0,positive,Fail,60.0,5.0,5.0,Fail Box,STEM Track,0.0,0.0,red,0,0,1,0,0,0,0,0,0,I have an engineering degree,I wished I could see the timer at all times,STEM Track,D,B,A,D,B,C,C,C,B,A,B,D,A,C,B,A,D,B,B,B,R,R,R,C,C,C,C,C,C,C,C,1
67392b7ab26d5900008e64b9,903.0,456,East Asian,Graduate degree (MA/MSc/MPhil/other),39,Male,Asian,United States,United States,United States,English,DATA_EXPIRED,Unemployed (and job seeking),DADBABDCCB,0.7,0.0,0.0,positive,Fail,97.0,8.0,9.0,Not Sure,Non-STEM Track,0.0,0.0,red,0,0,1,0,0,0,0,0,0,Because answering 9 questions correctly is hard.,"The first test being timed was stressful, the second test was not.",Non-STEM Track,D,D,A,B,D,A,B,C,A,B,B,D,D,A,C,B,C,C,B,C,R,R,R,R,R,C,C,C,C,C,C,0
5d40da980af3a7001a3ee980,573.0,3760,East Asian,Undergraduate degree (BA/BSc/other),35,Male,Asian,United States,United States,United States,English,No,Full-Time,BCCCABDBCB,0.5,0.0,0.0,ground,Pass,10.0,2.0,2.0,Pass Box,Non-STEM Track,0.0,0.0,red,0,0,1,0,0,0,0,0,0,I am definitely not an intelligent person so I know I would not fair well had I continued down the STEM track. I struggled with the first set of questions so I did not want to continue down that route of chance.,I enjoyed the layout of the study and the STEM questions were definitely changing. I would hope the set of non-STEM questions vary as I would be intrigued to do a study similar to this again.,Non-STEM Track,B,D,C,B,C,A,C,C,A,B,B,D,D,A,B,B,C,C,B,D,R,R,R,R,R,R,C,C,C,C,C,0
5ee6be54321536000905346a,589.0,2679,Mixed,Technical/community college,33,Female,Mixed,United States,United States,United States,English,No,Part-Time,BDABBCCCBA,0.3,0.0,0.0,positive,Fail,7.0,3.0,5.0,Fail Box,Non-STEM Track,0.0,0.0,red,0,1,1,0,0,0,0,0,0,I knew I couldn't get 5 more questions correctly even if I guessed,,Non-STEM Track,B,D,D,B,A,A,B,C,B,B,C,D,C,A,C,B,B,C,A,D,R,R,R,C,C,C,C,C,C,C,C,0
66a0fd20a0cc806dd6cd8e82,370.0,793,Black/African American,Undergraduate degree (BA/BSc/other),43,Male,Black,United States,United States,United States,English,No,Unemployed (and job seeking),BCBADABBCB,0.2,0.0,0.0,ground,Pass,42.0,1.0,1.0,Pass Box,STEM Track,0.0,0.0,red,0,0,1,0,1,0,0,0,0,I have a college background in STEM subjects,Not very good,STEM Track,B,C,C,B,B,A,A,B,D,A,A,D,B,C,B,C,C,A,B,C,C,C,C,C,C,C,C,C,C,R,R,1
6507910a65e6208a9bc07908,511.0,1814,White,High school diploma/A-levels,36,Female,White,United States,United States,United States,English,Yes,Full-Time,BAACDCDABA,0.2,0.0,0.0,negative,Fail,25.0,4.0,3.0,Fail Box,Non-STEM Track,0.0,0.0,black,0,0,1,0,0,0,0,0,0,Because it's easier,"The math was hard, but the non-stem questions were easy",Non-STEM Track,B,D,A,B,A,A,C,C,D,B,C,D,D,A,A,B,B,C,A,D,R,R,R,R,R,C,C,C,C,C,C,0
6700b339b53f86e4335c2d22,1107.0,272,White,High school diploma/A-levels,40,Female,White,United States,United States,United States,English,No,"Not in paid work (e.g. homemaker', 'retired or disabled)",BABCDBBCAA,0.3,0.0,0.0,positive,Pass,25.0,1.0,2.0,Fail Box,Non-STEM Track,0.0,0.0,red,0,0,1,0,0,0,0,0,0,Yes,The process went smoothly,Non-STEM Track,B,D,A,D,B,A,C,C,D,B,B,D,B,A,C,B,A,C,A,D,R,R,R,R,R,C,C,C,C,C,C,0
5ef459442f85d701235bf29e,775.0,1071,Latino/Hispanic,Technical/community college,23,Female,White,United States,United States,United States,English,Yes,Full-Time,BACCBBCBA_,0.4,0.0,0.0,ground,Pass,50.0,4.0,3.0,Fail Box,Non-STEM Track,0.0,0.0,red,0,0,1,1,1,0,0,0,0,"I am not a STEM person, I like ELA and Music","I was stressed during the math section, but that's just because I haven't done math since high school",Non-STEM Track,B,D,A,A,C,A,C,C,B,B,B,D,C,A,B,B,A,C,,D,R,R,R,R,C,C,C,C,C,C,C,0
6655f99ef74e844cb8404cfa,997.0,532,African,Undergraduate degree (BA/BSc/other),22,Male,Black,United States,United States,United States,English,DATA_EXPIRED,DATA_EXPIRED,AADBBBACAB,0.7,0.0,0.0,positive,Pass,60.0,4.0,4.0,Pass Box,Non-STEM Track,0.0,0.0,red,0,0,1,0,1,0,0,0,0,I really do not have any particular reason,quite an interesting one ,Non-STEM Track,A,D,A,B,D,A,B,C,B,B,B,D,A,A,C,B,A,C,B,D,R,R,R,C,C,C,C,C,C,C,C,0
66b52c90e6b2322165c75f2f,488.0,575,South Asian,Undergraduate degree (BA/BSc/other),30,Male,Asian,United States,United States,United States,English,DATA_EXPIRED,DATA_EXPIRED,DCABDDABDA,0.1,0.0,0.0,negative,Fail,50.0,2.0,3.0,Pass Box,Non-STEM Track,0.0,0.0,red,0,0,1,0,0,0,0,0,0,Math was never my strongsuit,"No feedback, reminds me how not so good at math I am",Non-STEM Track,D,D,C,A,A,A,B,C,D,B,D,D,A,A,B,B,D,C,A,D,R,R,R,R,C,C,C,C,C,C,C,0
59d0acd619d3170001b1d654,363.0,100,White,Undergraduate degree (BA/BSc/other),57,Female,White,United States,United States,United States,English,No,Full-Time,BBCBACCACA,0.3,0.0,0.0,positive,Pass,25.0,1.0,1.0,Pass Box,STEM Track,0.0,0.0,black,0,0,1,0,0,0,0,0,0,"I didn't know the answers in the first test, so I just thought I'd give it a shot!",The questions were all a crapshoot for me - I don't remember any of that math!,STEM Track,B,A,B,C,C,C,B,B,A,C,C,B,C,C,A,C,C,B,A,C,R,R,R,R,C,C,C,C,C,C,C,1
66904c8f84f641d0432137e2,1480.0,721,White,Undergraduate degree (BA/BSc/other),52,Male,White,United States,United States,United States,English,No,Other,ACCBCBDB__,0.5,0.0,0.0,negative,Pass,33.0,3.0,3.0,Pass Box,Non-STEM Track,0.0,0.0,red,0,0,1,0,0,0,0,0,1,"I ran out of time on the first STEM test. I didn't allocate my time properly and had to rush at the end, possibly not even selecting an answer for all questions. I expected the non-STEM test to be easier, and it was simple. I breezed through it, and know with 100% certainty that I aced it, perfect score.","It was fine. I just ran out of time on Test 1. Otherwise, this was interesting and enjoyable.",Non-STEM Track,A,D,C,B,C,A,B,C,C,B,B,D,D,A,B,B,,C,,D,R,R,R,R,R,R,R,C,C,C,C,0
62865cb9d41a9e2aaf141c84,682.0,4065,White,Technical/community college,33,Male,White,United States,United States,United States,English,No,Full-Time,DAADDADBAC,0.2,0.0,0.0,negative,Fail,5.0,5.0,5.0,Pass Box,Non-STEM Track,0.0,0.0,red,0,0,1,0,0,0,0,0,0,I wasn't very confident with the math questions.,I enjoyed the study and the variety.,Non-STEM Track,D,D,A,B,A,A,D,C,D,B,A,D,D,A,B,B,A,C,C,D,R,R,C,C,C,C,C,C,C,C,C,0
664c9f50386e6d97c7dd642f,1038.0,615,Latino/Hispanic,Technical/community college,21,Male,Other,United States,United States,Puerto Rico,Spanish,Yes,Part-Time,CDBDD_____,0.0,0.0,0.0,positive,Fail,66.0,3.0,3.0,Fail Box,Non-STEM Track,0.0,0.0,red,0,0,1,1,1,0,0,0,1,to see my options,you did good was a pleasant experience ,Non-STEM Track,C,D,D,B,B,A,D,C,D,B,,D,,A,,B,,C,,A,R,R,R,R,R,R,C,C,C,C,C,0
615f7e73c786c379ed1a06c7,798.0,3617,White,High school diploma/A-levels,35,Male,White,United States,United States,United States,English,DATA_EXPIRED,DATA_EXPIRED,BCABBDCBBB,0.3,0.0,0.0,negative,Pass,35.0,2.0,3.0,Pass Box,Non-STEM Track,0.0,0.0,red,0,0,1,0,0,0,0,0,0,More confident in the other subjects,"Good experience, enjoyed testing my skills.",Non-STEM Track,B,D,C,B,A,A,B,C,B,B,D,D,C,A,B,B,B,C,B,C,R,R,R,C,C,C,C,C,C,C,C,0
670e94aed6adc76de581775a,881.0,629,White,Technical/community college,56,Female,White,United States,United States,United States,English,No,Full-Time,ACCDBDABCD,0.4,0.0,0.0,ground,Fail,1.0,7.0,7.0,Pass Box,Non-STEM Track,0.0,0.0,black,0,0,1,0,0,0,0,0,0,i am old school,i am terrible at math,Non-STEM Track,A,D,C,B,C,A,D,C,B,B,D,D,A,A,B,B,C,C,D,D,R,R,R,R,R,R,C,C,C,C,C,0
6735456e8034ea7e61eac785,386.0,359,White,Graduate degree (MA/MSc/MPhil/other),27,Female,White,United States,United States,United States,English,No,"Not in paid work (e.g. homemaker', 'retired or disabled)",BCACCBDABD,0.2,0.0,0.0,ground,Fail,40.0,2.0,5.0,Fail Box,Non-STEM Track,0.0,0.0,black,0,0,1,0,0,0,0,0,0,"I am very bad at mental math and equations, and was hoping the non-STEM was english based","Good, no feedback",Non-STEM Track,B,D,C,B,A,A,C,C,C,B,B,D,D,A,A,B,B,C,D,D,R,R,R,R,R,C,C,C,C,C,C,0
666d9f2a367d424d6de2c994,799.0,187,White,High school diploma/A-levels,48,Female,White,United States,United States,United States,English,No,Other,CBBADBCCBA,0.2,0.0,0.0,ground,Fail,10.0,1.0,10.0,Fail Box,Non-STEM Track,0.0,0.0,black,0,0,1,0,0,0,0,0,0,I'm not good at stem,It was fine but I felt stupid I didn't know any of the stem stuff,Non-STEM Track,C,D,B,B,B,A,A,C,D,B,B,D,C,A,C,B,B,C,A,D,R,R,R,R,R,R,C,C,C,C,C,0
603862f99e00971c55fe0874,2126.0,4712,African,Secondary education (e.g. GED/GCSE),34,Male,Black,United States,United States,United States,English,Yes,"Not in paid work (e.g. homemaker', 'retired or disabled)",DAB_______,0.1,0.0,0.0,negative,Fail,80.0,9.0,8.0,Fail Box,Non-STEM Track,0.0,0.0,black,0,0,1,0,0,0,0,0,0,I wanted to hedge my bets. I thought there was a good chance I'd get 10 and it wouldn't matter.,I liked this test quite a bit. I think that many people wil lbe confused by the first question on the first test.,Non-STEM Track,D,D,A,B,B,A,,C,,B,,D,,A,,B,,C,,D,R,R,R,C,C,C,C,C,C,C,C,0
66541402baeab50a7ef62b24,815.0,83,Black/African American,Undergraduate degree (BA/BSc/other),27,Female,Black,United States,United States,United States,English,No,Full-Time,BABBCDABBA,0.2,0.0,0.0,positive,Fail,5.0,1.0,3.0,Fail Box,Non-STEM Track,0.0,0.0,red,0,0,1,0,0,0,0,0,0,I have always been better at reading than math. I knew it would be much easier for me. Math makes my brain hurt.,"I did not enjoy the STEM part, especially with the time limit, there was so much pressure and super hard for me to do without using assistance, but I tried my best. It was interesting. I haven't seen or used many of those equations since highschool and I am 27 now! The non-stem task was a breeze for me.",Non-STEM Track,B,D,A,B,B,A,B,C,C,B,D,D,A,A,B,B,B,C,A,D,R,R,R,R,C,C,C,C,C,C,C,0
65d8f6828f8bac48599ad880,892.0,905,White,Technical/community college,68,Female,White,United States,United States,United States,English,No,Part-Time,BBDCDABABA,0.0,0.0,0.0,ground,Fail,10.0,0.0,1.0,Fail Box,STEM Track,0.0,0.0,black,0,0,1,0,0,0,0,0,0,Just guessing,I did not do very good at all. Makes me feel stupid and discouraged. ,STEM Track,B,A,B,A,D,B,C,D,D,A,A,D,B,C,A,C,B,D,A,A,R,R,R,C,C,C,C,C,C,C,C,1
63fa78f21e485a372c6528fa,1033.0,2551,White,High school diploma/A-levels,52,Male,White,United States,United States,United States,English,No,Part-Time,BCACBBCAAB,0.3,0.0,0.0,negative,Pass,22.0,4.0,3.0,Fail Box,STEM Track,0.0,0.0,red,0,0,1,0,0,0,0,0,0," Misunderstood, expected questions besides math. Actually pretty bad at higher math. ",uncomfortable but attentive. ,STEM Track,B,C,C,A,A,B,C,A,B,A,B,D,C,C,A,C,A,B,B,C,R,R,R,R,R,R,C,C,C,C,C,1
5be8d4af25507300010dd4e4,643.0,8433,White,Undergraduate degree (BA/BSc/other),51,Female,White,United States,United States,United States,English,DATA_EXPIRED,Part-Time,CCABACDBCB,0.4,0.0,0.0,negative,Pass,20.0,2.0,1.0,Pass Box,Non-STEM Track,0.0,0.0,red,0,1,1,0,0,0,0,0,0,It is much easier for me.,It was challenging! Thanks,Non-STEM Track,C,D,C,B,A,A,B,C,A,B,C,D,D,A,B,B,C,C,B,D,R,R,R,R,C,C,C,C,C,C,C,0
668ee52b567962714864dbf6,622.0,68,White,Undergraduate degree (BA/BSc/other),33,Female,White,United States,United States,United States,English,DATA_EXPIRED,DATA_EXPIRED,DACBCBBCAA,0.5,0.0,0.0,positive,Pass,20.0,5.0,5.0,Fail Box,Non-STEM Track,0.0,0.0,black,0,0,1,0,0,0,0,0,0,STEM in not my strength ,,Non-STEM Track,D,D,A,A,C,A,B,C,C,B,B,D,B,A,C,B,A,C,A,D,R,R,R,R,R,R,C,C,C,C,C,0
660f099f1453895752656b26,343.0,313,Mixed,Undergraduate degree (BA/BSc/other),24,Male,White,United States,United States,United States,English,DATA_EXPIRED,Full-Time,BBBCBCABCB,0.3,0.0,0.0,positive,Pass,20.0,3.0,2.0,Fail Box,STEM Track,0.0,0.0,red,0,0,1,0,0,0,0,0,0,because it is what made sense to me,it was very well wexplained,STEM Track,B,B,B,A,B,C,C,A,B,C,C,B,A,A,B,B,C,C,B,B,R,C,C,C,C,C,C,C,C,C,C,1
66c094144b460dacc828e656,2087.0,13,White,Technical/community college,45,Female,White,United States,United States,United States,English,No,Unemployed (and job seeking),DBACAAB___,0.0,0.0,0.0,ground,Fail,54.0,3.0,7.0,Fail Box,Non-STEM Track,0.0,0.0,black,0,1,1,0,0,0,0,0,0,"It's been several years since I used math equations like that, it's not an everyday typical problem needing the solution. I would honestly have to say I finished with Non-STEM to have hopes of not failing all. ",It was definitely enjoyable! Having to attempt to put the brain on the spot in such manner inspires me to refresh my learning skills,Non-STEM Track,D,D,B,B,A,A,C,C,A,B,A,D,B,A,,B,,C,,D,R,R,R,R,R,R,R,C,C,C,C,0
5adbc172e0feeb0001ca97ed,1022.0,920,Black/African American,Technical/community college,25,Male,Black,United States,United States,United States,English,DATA_EXPIRED,Full-Time,__________,0.0,0.0,0.0,positive,Fail,30.0,3.0,3.0,Fail Box,STEM Track,0.0,0.0,red,0,0,1,0,0,0,0,0,0,It sounded good,I was struggling with the questions.,STEM Track,,D,,C,,B,,C,,B,,B,,C,,C,,C,,D,R,R,R,C,C,C,C,C,C,C,C,1
671865ac3a94e9d478286704,600.0,260,White,Graduate degree (MA/MSc/MPhil/other),31,Female,White,United States,United States,United States,English,No,Full-Time,DADBDCBBBC,0.2,1.0,3.834,ground,Fail,5.0,4.0,3.0,Fail Box,STEM Track,0.0,0.0,black,0,1,0,0,0,0,1,0,0,I wanted to see if it would be science from STEM rather than math,"Frustrating, I hate math",STEM Track,D,B,A,C,D,C,B,B,D,D,C,A,B,C,B,D,B,B,C,C,R,R,R,R,C,C,C,C,C,C,C,1
5f63a30a09bd340c84c6688d,825.0,2196,White,Secondary education (e.g. GED/GCSE),46,Female,White,United States,United States,United States,English,Yes,Other,ACADD_____,0.1,0.0,0.0,ground,Fail,70.0,4.0,4.0,Fail Box,Non-STEM Track,0.0,0.0,black,0,0,1,0,1,0,0,0,0,Because math is complicated in a timed test due to my dyscalculia,It was challenging but fun! Have a great day!   ,Non-STEM Track,A,D,C,B,A,A,D,C,D,B,,D,,A,,B,,C,,D,R,R,R,R,C,C,C,C,C,C,C,0
63b724532ff8f6701c3fd84c,796.0,1476,White,High school diploma/A-levels,23,Male,White,United States,United States,United States,English,No,Unemployed (and job seeking),DCDABBCCBB,0.4,0.0,0.0,negative,Pass,0.0,2.0,3.0,Fail Box,Non-STEM Track,0.0,0.0,red,0,0,1,0,0,0,0,0,0,The STEM questions were too hard,No feedback at this time,Non-STEM Track,D,D,C,B,D,A,A,C,B,B,B,D,C,A,C,B,B,C,B,D,R,R,R,R,R,R,C,C,C,C,C,0
6788402da6c55d9dd238844f,1447.0,135,White,Graduate degree (MA/MSc/MPhil/other),31,Male,White,United States,United States,United States,English,No,Part-Time,BABCDABDAB,0.2,0.0,0.0,ground,Fail,20.0,3.0,3.0,Pass Box,STEM Track,0.0,0.0,black,0,0,1,1,1,1,0,0,0,Because i was good at my math :),"The time was short, haha  It was somewhat challenging to calculate the math in such as a limited period  of time, but i appreciate for the engagement of both the mind and physical.",STEM Track,B,B,A,B,B,C,C,B,D,A,A,D,B,C,D,A,A,B,B,B,R,R,C,C,C,C,C,C,C,C,C,1
6612fe43da966114e65215b6,1093.0,255,White,High school diploma/A-levels,46,Female,White,United States,United States,United States,English,No,Unemployed (and job seeking),DABBBBCCBB,0.6,0.0,0.0,ground,Pass,5.0,1.0,2.0,Pass Box,STEM Track,0.0,0.0,red,0,0,1,0,0,0,0,0,0,I wanted a challenge and enjoyed it.,None. All good!,STEM Track,D,D,A,B,B,D,B,C,B,B,B,D,C,C,C,C,B,B,B,A,R,R,R,R,C,C,C,C,C,C,C,1
66316ac602a513e2e74d5bdc,845.0,1482,East Asian,Graduate degree (MA/MSc/MPhil/other),30,Male,Asian,United States,United States,United States,English,No,Full-Time,AAABBBDCCB,0.9,0.0,0.0,negative,Pass,70.0,6.0,5.0,Pass Box,STEM Track,0.0,0.0,red,0,0,1,0,0,0,0,0,0,I thought it was going to be easier since the first round wasn't too difficult.,It was good. No,STEM Track,A,B,A,B,A,C,B,C,B,A,B,D,D,C,C,A,C,B,B,C,R,R,R,R,R,C,C,C,C,C,C,1
6647e35a6fd9fa329d3dd13d,925.0,576,Latino/Hispanic,High school diploma/A-levels,29,Male,Other,United States,United States,United States,English,DATA_EXPIRED,DATA_EXPIRED,DCACBADBA_,0.2,0.0,0.0,positive,Fail,35.0,3.0,3.0,Pass Box,Non-STEM Track,0.0,0.0,red,0,0,1,0,0,0,0,0,0,It was difficult for myself.,A bit tough but all was well!,Non-STEM Track,D,A,C,B,A,A,C,B,B,B,A,A,D,A,B,B,A,C,,A,R,R,R,R,R,R,C,C,C,C,C,0
65070a198512d5e5355f8281,824.0,767,Black/African American,Undergraduate degree (BA/BSc/other),55,Male,Black,United States,United States,United States,English,No,Full-Time,CBBBABCBBB,0.3,0.0,0.0,positive,Fail,50.0,3.0,5.0,Fail Box,Non-STEM Track,0.0,0.0,red,0,0,1,0,0,0,0,0,0,My math skills are lacking. I'm way out of practice.,Good experience. ,Non-STEM Track,C,D,B,B,B,A,B,C,A,B,B,D,C,A,B,B,B,C,B,D,R,R,R,R,R,C,C,C,C,C,C,0
5904f5ca56cdc40001bc5629,1393.0,4032,White,Undergraduate degree (BA/BSc/other),34,Male,White,United States,United States,United States,English,No,DATA_EXPIRED,DACBDBDBCB,0.7,0.0,0.0,ground,Pass,100.0,5.0,4.0,Pass Box,STEM Track,0.0,0.0,red,0,0,1,0,1,1,0,0,0,I felt like based on how easy the questions on the first quiz were I could answer at least 4 right on the second quiz,no feedback,STEM Track,D,B,A,A,C,D,B,A,D,A,B,D,D,C,B,A,C,D,B,C,R,R,R,R,R,C,C,C,C,C,C,1
663d1309389a0851c125d533,884.0,1398,White,Undergraduate degree (BA/BSc/other),52,Female,White,United States,United States,United States,English,No,Unemployed (and job seeking),ADBBDBDBCA,0.5,0.0,0.0,positive,Pass,25.0,4.0,1.0,Pass Box,Non-STEM Track,0.0,0.0,red,0,0,1,0,0,0,0,0,0,I have been out of any STEM industry for 30 years,Good. Wish I had more time on the STEM portion,Non-STEM Track,A,D,D,B,B,A,B,C,D,B,B,D,D,A,B,B,C,C,A,D,R,R,R,R,C,C,C,C,C,C,C,0
5ee93810c5c13215484b8336,596.0,1278,White,Graduate degree (MA/MSc/MPhil/other),65,Female,White,United States,United States,United States,Greek,DATA_EXPIRED,DATA_EXPIRED,BDABADCDBA,0.1,0.0,0.0,negative,Fail,50.0,5.0,5.0,Pass Box,STEM Track,0.0,0.0,black,0,0,1,0,0,0,0,0,0,Math and Science are important,Excellent,STEM Track,B,D,D,B,A,B,B,B,A,C,D,C,C,A,D,D,B,D,A,B,R,R,R,R,R,R,R,R,R,R,R,1
647a83a04c8d2f49c0315d78,825.0,205,White,Undergraduate degree (BA/BSc/other),51,Female,White,United States,United States,United States,English,DATA_EXPIRED,DATA_EXPIRED,DABDDCBADA,0.1,0.0,0.0,positive,Pass,5.0,2.0,1.0,Pass Box,STEM Track,0.0,0.0,black,0,0,1,0,0,0,0,0,0,Haven't seen math like that in a long time. Looked interesting. I think I was able to use ancient skills from high school to answer a few. ,You had some typos in some of your questions but I was able to figure out what you meant. ,STEM Track,D,C,A,B,B,C,D,D,D,A,C,D,B,D,A,C,D,B,A,D,R,C,C,C,C,C,C,C,C,C,C,1
6785bda1adcf1ffc11118f8b,923.0,107,White,Graduate degree (MA/MSc/MPhil/other),53,Male,White,United States,United States,United States,English,No,Full-Time,DAACBCCBAB,0.3,0.0,0.0,ground,Fail,50.0,6.0,5.0,Not Sure,Non-STEM Track,0.0,0.0,black,0,0,1,0,0,0,0,0,0,I felt I could do better,Interesting.  I feel its been a while since I have used this type of thought process and its a reminder to go back to it.,Non-STEM Track,D,D,A,B,A,A,C,C,B,B,C,D,C,A,B,B,A,C,B,D,R,R,R,R,R,R,C,C,C,C,C,0
568c67547374ad000cc7448c,515.0,5456,White,Undergraduate degree (BA/BSc/other),42,Male,White,United States,United States,United States,English,No,Full-Time,BDBCADDBCA,0.2,0.0,0.0,negative,Pass,30.0,3.0,2.0,Pass Box,Non-STEM Track,0.0,0.0,red,0,0,1,0,0,0,0,0,0,I know more about non-STEM subjects.,It was fine.,Non-STEM Track,B,D,D,B,B,A,C,C,A,B,D,D,D,A,B,B,C,C,A,D,R,R,R,R,R,C,C,C,C,C,C,0
5a4f2098efd8df000150f6f5,453.0,1137,White,Undergraduate degree (BA/BSc/other),32,Female,White,United States,United States,United States,English,No,Full-Time,DABCBCBBAA,0.2,0.0,0.0,ground,Fail,20.0,3.0,5.0,Fail Box,Non-STEM Track,0.0,0.0,black,0,1,1,0,0,0,0,0,0,"I am not great at math, and don't remember any of those math concepts. The second test was a breeze -the first one was awful. ","It was fun! A little stressful for the timed math test, but  fun.",Non-STEM Track,D,D,A,B,B,A,C,C,B,B,C,D,B,A,B,B,A,C,A,D,R,R,R,R,R,R,C,C,C,C,C,0
67b787bf89834d38bd767a57,727.0,1,White,High school diploma/A-levels,57,Female,White,United States,United States,United States,English,No,"Not in paid work (e.g. homemaker', 'retired or disabled)",ADCACBCCBD,0.4,0.0,0.0,ground,Pass,1.0,3.0,3.0,Pass Box,Non-STEM Track,0.0,0.0,red,1,0,0,0,0,0,0,0,0,Easier questions,My experience was positive. ,Non-STEM Track,A,D,D,B,C,A,A,C,C,B,B,D,C,A,C,B,B,C,D,D,R,R,R,R,R,R,R,R,R,R,C,0
661426c6e03c5d3abd69e1db,363.0,466,White,Undergraduate degree (BA/BSc/other),41,Male,White,United States,United States,United States,English,DATA_EXPIRED,DATA_EXPIRED,CBDADACCAC,0.1,0.0,0.0,negative,Fail,10.0,2.0,2.0,Pass Box,STEM Track,0.0,0.0,red,0,0,1,1,0,0,0,0,0,It was more entertaining,It was enjoyable,STEM Track,C,A,B,A,D,A,A,A,D,A,A,A,C,A,C,A,A,A,C,A,R,R,R,R,R,C,C,C,C,C,C,1
65f0f53fc90e2366538c6ee3,618.0,920,White,Graduate degree (MA/MSc/MPhil/other),39,Female,White,United States,United States,United States,English,No,Full-Time,BBCCBCBBCA,0.3,1.0,6.029,positive,Fail,50.0,4.0,5.0,Pass Box,Non-STEM Track,1.0,8.401,red,0,0,1,0,0,0,0,0,0,I am stronger in Non-stem,fun,Non-STEM Track,B,D,B,B,C,A,C,C,B,B,C,D,B,A,B,B,C,C,A,D,R,R,R,R,R,C,C,C,C,C,C,0
654673a478fa48783a0ad5bc,726.0,1267,South East Asian,Technical/community college,44,Female,Asian,United States,United States,Vietnam,English,No,Full-Time,DAABDBCAAA,0.3,0.0,0.0,negative,Fail,50.0,5.0,5.0,Fail Box,Non-STEM Track,0.0,0.0,black,0,0,1,0,0,0,0,0,0,I felt it would be easier,It was fun.  Thanks!,Non-STEM Track,D,D,A,B,A,A,B,C,D,B,B,D,C,A,A,B,A,C,A,D,R,R,R,C,C,C,C,C,C,C,C,0
62fcffbc11c3ca6d273448b1,960.0,1386,White,Technical/community college,63,Female,White,United States,United States,United States,English,No,Part-Time,DCBCABABC_,0.2,0.0,0.0,negative,Pass,5.0,3.0,2.0,Pass Box,STEM Track,0.0,0.0,red,0,0,1,0,0,0,0,0,0,I don’t know,Fine,STEM Track,D,C,C,B,B,C,C,C,A,A,B,D,A,C,B,C,C,C,,D,R,R,R,R,R,C,C,C,C,C,C,1
662e86c0ca96b47a056ccd7b,408.0,818,White,High school diploma/A-levels,65,Female,White,United States,United States,United States,English,No,Part-Time,BBCCCBDCCB,0.6,0.0,0.0,negative,Pass,25.0,0.0,1.0,Fail Box,Non-STEM Track,0.0,0.0,red,0,0,1,0,0,0,0,0,0,I'm no good at math.,no,Non-STEM Track,B,D,B,B,C,A,C,C,C,B,B,D,D,A,C,B,C,C,B,D,R,R,C,C,C,C,C,C,C,C,C,0
62e1ede63f23cc2eb6170242,705.0,2640,Black/African American,High school diploma/A-levels,38,Male,Black,United States,United States,United States,English,No,Due to start a new job within the next month,BCDDBCCBBA,0.1,0.0,0.0,positive,Pass,0.0,0.0,0.0,Fail Box,Non-STEM Track,0.0,0.0,black,0,0,0,0,0,0,0,0,0,To be honest I didnt care either way,Bad,Non-STEM Track,B,D,C,B,D,A,D,C,B,B,C,B,C,A,B,B,B,C,A,C,R,R,R,R,R,R,R,C,C,C,C,0
6704334ef187df81b8e245e5,899.0,34,Native American or Alaskan Native,Undergraduate degree (BA/BSc/other),55,Female,Other,United States,United States,United States,English,No,Full-Time,BBACAABABA,0.0,0.0,0.0,negative,Pass,0.0,0.0,0.0,Fail Box,STEM Track,0.0,0.0,red,0,0,1,0,0,0,0,0,0,"because it said if I got 0 correct I would receive a 2 dollar bonus, and since I figured my chances were pretty good to get a 0 correct that is why I chose that. ",It was pretty stressful I am terrible at math and wasn't expecting that ,STEM Track,B,C,B,D,A,A,C,D,A,C,A,D,B,D,A,D,B,A,A,A,R,R,R,R,R,R,R,R,R,C,C,1
5b55eeb26a1fa9000103b417,1260.0,1419,White,Undergraduate degree (BA/BSc/other),51,Female,White,United States,United States,United States,English,No,DATA_EXPIRED,CDADDBBBCA,0.2,0.0,0.0,ground,Fail,5.0,1.0,9.0,Fail Box,STEM Track,0.0,0.0,black,0,0,1,0,0,0,0,0,0,I took Calculus courses in college so I thought I would do better and I wanted to have a second chance at it.,That was hard and I am surprised at how poorly I did on both tests.,STEM Track,C,C,D,D,A,C,D,C,D,A,B,A,B,D,B,D,C,B,A,C,R,R,C,C,C,C,C,C,C,C,C,1
674d63d07077fd1293899615,622.0,164,Mixed,Technical/community college,25,Male,Mixed,United States,United States,United States,English,Yes,Full-Time,CCCACBDCCA,0.5,0.0,0.0,positive,Pass,50.0,5.0,5.0,Fail Box,Non-STEM Track,0.0,0.0,red,0,0,1,0,0,0,0,0,0,I have never enjoyed or been good at STEM related subjects.,Initially stressful when met with math equations that looked very difficult. But as the study went on I was more relaxed.,Non-STEM Track,C,D,C,B,C,A,A,C,C,B,B,B,D,A,C,B,C,C,A,C,R,R,R,R,R,R,R,R,R,R,C,0
66aa5f875e073b2ff9868c6b,1311.0,684,Black/African American,High school diploma/A-levels,40,Female,Black,United States,United States,United States,English,No,DATA_EXPIRED,CACBDBACCD,0.6,0.0,0.0,positive,Pass,15.0,2.0,1.0,Pass Box,Non-STEM Track,0.0,0.0,black,0,0,1,0,0,0,0,0,0,Felt I had a better chance receiving money,The math was hard but it was a good study.,Non-STEM Track,C,D,A,D,C,A,B,B,D,B,B,D,A,A,C,B,C,C,D,A,R,R,R,R,R,C,C,C,C,C,C,0
606be651a89a7baf6141e8b9,192.0,4626,African,Graduate degree (MA/MSc/MPhil/other),28,Female,Black,United States,United States,United States,English,Yes,Full-Time,BBBBBBBBBB,0.4,0.0,0.0,ground,Pass,0.0,0.0,0.0,Pass Box,Non-STEM Track,0.0,0.0,red,0,0,1,0,0,0,0,0,0,it is easier and less thought,I thought it was boring,Non-STEM Track,B,D,B,B,B,A,B,C,B,B,B,D,B,A,B,B,B,C,B,D,R,R,C,C,C,C,C,C,C,C,C,0
676379302839a2e46a4d6de5,723.0,158,Mixed,Undergraduate degree (BA/BSc/other),29,Male,Mixed,United States,United States,United States,English,No,Full-Time,DAABADBBCB,0.4,0.0,0.0,negative,Pass,25.0,3.0,3.0,Fail Box,Non-STEM Track,0.0,0.0,red,0,0,1,0,0,0,0,0,0,I am not very good at math,It was a very cool and unique experience!  ,Non-STEM Track,D,D,A,B,A,A,B,C,A,B,D,D,B,A,B,B,C,C,B,D,R,C,C,C,C,C,C,C,C,C,C,0
66b7d8f1b8226e65dab2d674,1014.0,1018,White,High school diploma/A-levels,33,Male,White,United States,United States,United States,English,No,Unemployed (and job seeking),DADDBBDCBB,0.6,0.0,0.0,positive,Pass,50.0,3.0,4.0,Fail Box,STEM Track,0.0,0.0,red,0,0,1,0,0,0,0,0,0,I had a very fond enjoyment of chemistry in high school.,I tried to do the stuff in my head and it was challenging.,STEM Track,D,B,A,C,D,C,D,B,B,A,B,D,D,C,C,A,B,B,B,D,R,R,R,C,C,C,C,C,C,C,C,1
66293e1a129d3f87aa344b26,1716.0,776,White,Graduate degree (MA/MSc/MPhil/other),53,Male,White,United States,United States,United States,English,No,Full-Time,DCDCDBBAAA,0.1,0.0,0.0,negative,Pass,10.0,2.0,1.0,Pass Box,STEM Track,0.0,0.0,red,0,0,1,0,0,0,0,0,0,"I felt that I could, at least, answer one question correctly if I chose A for the answer to each of the 10 questions.  That said, I honestly believe I was able to answer one or two of the questions correctly using my math skills.","It was a little daunting, especially after doing the first section, because I really didn't feel like I had the math skills to answer any of the questions correctly, but I think I answered at least on right.  I thought the rest of the questions in the remaining sections would have very difficult math questions, so I was wondering how hard this would be.  I was happy that the other sections weren't quite as hard as the first section.  Overall, I actually kind of enjoyed myself because I love mental challenges. So, thanks! :)",STEM Track,D,B,C,A,D,C,C,A,D,A,B,A,B,C,A,A,A,C,A,A,R,R,R,R,R,C,C,C,C,C,C,1
5d28e765ebdfd5000127cfdb,781.0,2864,White,Undergraduate degree (BA/BSc/other),38,Female,White,United States,United States,United States,English,No,DATA_EXPIRED,AACBDADDAA,0.5,0.0,0.0,ground,Pass,50.0,2.0,5.0,Pass Box,Non-STEM Track,0.0,0.0,red,0,0,1,0,0,0,0,0,0,"The previous math questions were hard, and I didn't want to do the extra math work or guess when I ran out of time.",The math problems were stressful with a timer.,Non-STEM Track,A,D,A,B,C,A,B,C,D,B,A,D,D,A,D,B,A,C,A,D,R,C,C,C,C,C,C,C,C,C,C,0
6703dfc4ad5997b1fef3dd71,418.0,86,White,Technical/community college,29,Female,White,United States,United States,United States,English,No,Due to start a new job within the next month,CBBCBDBCAA,0.2,0.0,0.0,positive,Pass,75.0,2.0,0.0,Pass Box,STEM Track,0.0,0.0,red,0,1,1,0,1,0,0,0,0,I thought that it was more interesting ,I thought it was evil level hard math lol I was lost,STEM Track,C,B,B,C,B,A,C,C,B,B,D,D,B,D,C,D,A,D,A,D,R,R,R,R,R,C,C,C,C,C,C,1
674e00e2603903212864189b,1016.0,30,Mixed,Technical/community college,32,Female,White,United States,United States,United States,English,Yes,Full-Time,ABAACBABAD,0.2,0.0,0.0,positive,Fail,50.0,5.0,5.0,Pass Box,STEM Track,0.0,0.0,red,0,0,0,0,0,0,1,0,0,I THINK I CAN DO,GOOD,STEM Track,A,B,B,D,A,C,A,C,C,A,B,C,A,D,B,B,A,B,D,B,R,R,R,R,R,R,R,R,R,R,R,1
66854dba287fdc346be76462,731.0,323,White,Graduate degree (MA/MSc/MPhil/other),48,Female,White,United States,United States,United States,English,No,Full-Time,DADDDBADAA,0.2,0.0,0.0,ground,Pass,30.0,3.0,2.0,Pass Box,Non-STEM Track,0.0,0.0,red,0,0,1,0,0,0,0,0,0,Because I don't remember how to do all of those crazy math questions 30+ years after high school.,No issues,Non-STEM Track,D,D,A,B,D,A,D,C,D,B,B,D,A,A,D,B,A,C,A,D,R,R,R,R,R,C,C,C,C,C,C,0
5d391bc980ccd20018ac4006,614.0,2945,White,Technical/community college,40,Male,White,United States,United States,United States,English,DATA_EXPIRED,DATA_EXPIRED,BDABCDACAB,0.3,0.0,0.0,negative,Pass,20.0,4.0,2.0,Pass Box,STEM Track,0.0,0.0,red,0,0,1,0,0,0,0,0,0,seemed interesting enough for me,it was quite the brain challenge,STEM Track,B,A,D,D,A,C,B,A,C,A,D,D,A,B,C,D,A,A,B,D,R,R,C,C,C,C,C,C,C,C,C,1
5a9c44d2f05361000172055b,1180.0,4279,Latino/Hispanic,Undergraduate degree (BA/BSc/other),35,Male,Mixed,United States,United States,United States,English,No,Full-Time,DADCBBDDCB,0.6,0.0,0.0,ground,Pass,80.0,3.0,4.0,Pass Box,Non-STEM Track,0.0,0.0,red,0,0,1,0,0,0,0,0,0,"Algebra and more advanced math was never my strong suit and it's also not my field of study in college, so I was willing to try the alternative and the non-STEM was the better option for me.",The math questions were quite challenging to me but I did the best I could with those.,Non-STEM Track,D,D,A,B,D,A,C,C,B,B,B,D,D,A,D,B,C,C,B,D,R,R,R,R,C,C,C,C,C,C,C,0
5f4d5dcac7c1d116643efed3,756.0,3340,White,High school diploma/A-levels,29,Male,White,United States,United States,United States,English,DATA_EXPIRED,DATA_EXPIRED,CCBDACAACB,0.2,0.0,0.0,positive,Pass,10.0,1.0,0.0,Fail Box,Non-STEM Track,0.0,0.0,red,0,0,1,0,0,0,0,0,0,Because the STEM track was filled with questions and formulas that haven't been relevant to my life since I left school. ,I guessed on every single STEM question. None of the questions or processes have been relevant to me in over a decade.,Non-STEM Track,C,D,C,B,B,A,D,C,A,B,C,D,A,A,A,B,C,C,B,D,R,R,R,R,R,C,C,C,C,C,C,0
677fd09ce5d952ab05b2c304,497.0,162,White,Undergraduate degree (BA/BSc/other),26,Male,White,United States,United States,United States,English,No,Full-Time,DDBBABACBB,0.4,0.0,0.0,negative,Fail,50.0,5.0,5.0,Fail Box,Non-STEM Track,0.0,0.0,black,0,1,0,0,0,0,0,1,0,I felt I had a higher likelihood of answering correctly,The STEM section was difficult because I am out of practice on those forms of Math,Non-STEM Track,D,D,D,B,B,A,B,C,A,B,B,D,A,A,C,B,B,C,B,D,R,R,R,R,R,C,C,C,C,C,C,0
645396c0550cfd6559004c7e,951.0,1373,White,Undergraduate degree (BA/BSc/other),63,Male,White,United States,United States,United States,English,No,"Not in paid work (e.g. homemaker', 'retired or disabled)",DAABBB_BB_,0.4,0.0,0.0,negative,Pass,80.0,3.0,1.0,Pass Box,Non-STEM Track,0.0,0.0,red,0,0,1,0,0,0,0,0,0,Because the STEM questions take too long to evaluate given the time alotted,Thank you for the opportunity to participate in this interesting study,Non-STEM Track,D,D,A,B,A,A,B,C,B,B,B,D,,A,B,B,B,C,,D,R,R,C,C,C,C,C,C,C,C,C,0
655f8b959477c803eb906622,966.0,1236,Middle Eastern,High school diploma/A-levels,21,Female,Asian,United Arab Emirates,United States,United States,Arabic,Yes,Unemployed (and job seeking),CBDBBDDCBC,0.4,0.0,0.0,ground,Fail,55.0,5.0,6.0,Fail Box,Non-STEM Track,0.0,0.0,black,0,0,1,0,0,0,0,0,0,I decided to choose the non-STEM track because I know I didn't do so good on the math test prior and the payout of 0.20 per correct answer seemed more reasonable for me.,My experience was pretty great and I thought the whole process went smoothly.,Non-STEM Track,C,D,B,B,D,A,B,C,B,B,D,D,D,A,C,B,B,C,C,D,R,R,R,R,C,C,C,C,C,C,C,0
659b022a91e97f5662907a19,1041.0,1830,White,Technical/community college,22,Female,White,United States,United States,United States,English,Yes,Other,AACAABDCAB,0.7,0.0,0.0,negative,Pass,50.0,5.0,5.0,Not Sure,STEM Track,0.0,0.0,red,0,0,1,0,0,0,0,0,0,"I chose the STEM track as I am currently in college, majoring in STEM. ",I felt semi-confident in some answers as I took a couple of math classes past semesters last year. ,STEM Track,A,B,A,A,C,A,A,A,A,B,B,D,D,C,C,A,A,B,B,C,R,R,R,R,R,C,C,C,C,C,C,1
66cb66d0d697092a732e6a86,680.0,148,East Asian,Undergraduate degree (BA/BSc/other),22,Female,Asian,United States,United States,United States,English,Yes,Unemployed (and job seeking),DADDBBDCBB,0.6,0.0,0.0,positive,Pass,50.0,4.0,4.0,Pass Box,Non-STEM Track,0.0,0.0,black,0,1,0,0,0,0,0,0,0,"As a psychology master's student, I haven't been able to study STEm that much the past few years and felt weak and not confident enough.",It was fun!,Non-STEM Track,D,D,A,B,D,A,D,C,B,B,B,D,D,A,C,B,B,C,B,A,R,R,R,R,R,C,C,C,C,C,C,0
5c8e72856243bb0001dcdea2,322.0,8325,White,Undergraduate degree (BA/BSc/other),35,Male,White,United States,United States,United States,English,No,Full-Time,DABACBACBD,0.3,0.0,0.0,ground,Fail,10.0,5.0,5.0,Fail Box,Non-STEM Track,0.0,0.0,black,0,0,1,0,0,0,0,0,0,i felt it would be easier,No it was straight forward,Non-STEM Track,D,D,A,B,B,A,A,C,C,B,B,D,A,A,C,B,B,C,D,D,R,R,R,R,R,C,C,C,C,C,C,0
5bb4d7270c8de800012a9dbf,1379.0,5,Black/African American,Technical/community college,45,Female,Black,United States,United States,United States,English,No,Part-Time,ACD_A_____,0.1,0.0,0.0,positive,Fail,50.0,2.0,10.0,Fail Box,STEM Track,0.0,0.0,red,0,1,1,1,1,0,0,0,0,Because that is the one I prefer best.,The math questions were very challenging. I didn't have enough time to complete them,STEM Track,A,C,C,C,D,D,,A,A,B,,D,,C,,A,,B,,,R,R,R,R,C,C,C,C,C,C,C,1
5df2be706e8aab1d1eb46feb,1062.0,4630,Latino/Hispanic,Undergraduate degree (BA/BSc/other),35,Male,Mixed,United States,United States,United States,English,No,Full-Time,AADDDBDC_B,0.6,0.0,0.0,positive,Pass,65.0,6.0,6.0,Pass Box,STEM Track,0.0,0.0,red,0,0,1,0,0,1,0,0,0,It was interesting to me and I had a knack for mathematics and science.,It was good. Thank you!,STEM Track,A,B,A,A,D,C,D,B,D,A,B,D,D,C,C,A,,B,B,C,R,R,R,C,C,C,C,C,C,C,C,1
6630c32c655e37e8b8d59960,836.0,504,White,Graduate degree (MA/MSc/MPhil/other),24,Female,White,United States,United States,United States,English,No,Full-Time,CADCDBDCCB,0.6,0.0,0.0,negative,Pass,20.0,4.0,2.0,Pass Box,Non-STEM Track,0.0,0.0,red,0,0,1,0,0,0,0,0,0,I feel very poorly about my skills in the STEM quiz.,It was very stressful taking the first quiz.,Non-STEM Track,C,D,A,B,D,A,C,C,D,B,B,D,D,A,C,B,C,C,B,D,R,R,R,C,C,C,C,C,C,C,C,0
671a5b360bf8a1c64ef3f4d9,593.0,481,White,Undergraduate degree (BA/BSc/other),30,Female,White,United States,United States,United States,English,No,Full-Time,CDBCDBADCA,0.2,0.0,0.0,positive,Fail,50.0,2.0,5.0,Fail Box,Non-STEM Track,0.0,0.0,red,0,0,1,0,0,0,0,0,0,I am better at non-STEM subjects.,,Non-STEM Track,C,D,D,B,B,A,C,C,D,B,B,D,A,A,D,B,C,C,A,D,R,R,R,R,R,C,C,C,C,C,C,0
654801d7edc99624b1884ce3,905.0,348,Black/African American,Undergraduate degree (BA/BSc/other),26,Female,Black,United States,United States,United States,English,No,Part-Time,BAABACDCAB,0.5,0.0,0.0,ground,Pass,20.0,2.0,3.0,Pass Box,Non-STEM Track,0.0,0.0,red,1,0,0,0,0,0,0,0,0,"The STEM questions were quite challenging and I already figured the level of difficulty, but I decided to take a risk and see what the non-STEM was like, as I felt either way I may not be guaranteed payment but with non STEM I could feel like I possibly had more of a choice. ","Good, no feedback.",Non-STEM Track,B,D,A,B,A,A,B,C,A,B,C,D,D,A,C,B,A,C,B,D,R,R,R,R,R,C,C,C,C,C,C,0
5cad01a91bf1840018cfabc5,345.0,6625,White,Undergraduate degree (BA/BSc/other),51,Female,White,United States,United States,United States,English,No,Full-Time,BCCCCCCCCC,0.3,0.0,0.0,positive,Pass,50.0,1.0,1.0,Fail Box,Non-STEM Track,0.0,0.0,red,0,0,1,0,0,0,0,0,0,easier for me to know the answers,"math is not fun, so did not enjoy that",Non-STEM Track,B,D,C,B,C,A,C,C,C,B,C,D,C,A,C,B,C,C,C,D,R,R,R,R,R,R,R,R,C,C,C,0
67ad344193ea61fa1a397889,818.0,7,White,High school diploma/A-levels,26,Female,White,United States,United States,United States,English,No,"Not in paid work (e.g. homemaker', 'retired or disabled)",BAACCDBACD,0.2,4.0,24.583,ground,Pass,50.0,3.0,2.0,Pass Box,Non-STEM Track,1.0,14.854,red,0,0,1,0,0,0,0,0,0,Not good with math off the top of my head.,Good.,Non-STEM Track,B,D,A,B,A,A,C,C,C,B,D,D,B,A,A,B,C,C,D,D,R,R,R,R,R,C,C,C,C,C,C,0
57d02ffb596f5d0001df741f,865.0,1771,Mixed,High school diploma/A-levels,35,Male,Mixed,United States,United States,United States,English,No,"Not in paid work (e.g. homemaker', 'retired or disabled)",DCBCBCABAD,0.1,0.0,0.0,positive,Fail,15.0,2.0,3.0,Fail Box,Non-STEM Track,0.0,0.0,red,0,0,1,0,0,0,0,0,0,Because I know that I did extremely poorly on the math questions and would continue to do so.,"There were no problems or difficulties getting through the study, even if I was a little slow completing it.",Non-STEM Track,D,D,C,B,B,A,C,C,B,B,C,D,A,A,B,B,A,C,D,D,R,R,R,R,R,R,R,C,C,C,C,0
677c3e75394b977738ddc32d,629.0,45,White,Technical/community college,39,Female,White,United Kingdom,United States,United States,English,No,Full-Time,CABCCABBBA,0.1,0.0,0.0,ground,Fail,25.0,3.0,5.0,Fail Box,Non-STEM Track,0.0,0.0,black,0,0,1,0,0,0,0,0,0,I'm not great with Math questions like the ones on the previous quiz. I would need to relearn a lot in order to do it so I felt more confident choosing the other option,"It was good, it made me realize how outdated my math comprehension skills are. ",Non-STEM Track,C,D,A,B,B,A,C,C,C,B,A,D,B,A,B,B,B,C,A,D,R,R,R,C,C,C,C,C,C,C,C,0
66e32820161dbc2134712ee7,1078.0,482,White,Technical/community college,45,Female,White,United States,United States,United States,English,No,Part-Time,BCACBADCCB,0.5,0.0,0.0,positive,Pass,15.0,3.0,1.0,Pass Box,STEM Track,0.0,0.0,red,0,1,1,0,1,0,0,0,0,took a chance. trying to live life more on the edge ya know?,It made me feel pretty dumb. ,STEM Track,B,B,C,D,A,C,C,D,B,A,A,D,D,D,C,C,C,C,B,D,R,R,R,R,R,C,C,C,C,C,C,1
6748a63d679deb8bd2e9cafb,944.0,213,East Asian,Undergraduate degree (BA/BSc/other),64,Female,Asian,China,United States,United States,English,No,Full-Time,BACBDACCBA,0.4,1.0,1.543,ground,Fail,50.0,3.0,5.0,Fail Box,STEM Track,0.0,0.0,black,0,0,1,0,0,0,0,0,0,I wanted a little bit of a challenge.,I thought some of the questions were to bring back memories of old homework.,STEM Track,B,C,A,D,C,C,B,C,D,A,A,D,C,C,C,A,B,B,A,C,R,R,R,R,R,R,R,C,C,C,C,1
5a82032017ef350001706e9a,1082.0,1340,White,High school diploma/A-levels,26,Male,White,United States,United States,United States,English,No,Unemployed (and job seeking),DACBAABDCB,0.5,0.0,0.0,ground,Pass,50.0,2.0,4.0,Pass Box,Non-STEM Track,0.0,0.0,red,0,0,1,0,0,0,0,0,0,"I had very little idea on how to solve the STEM questions, especially when given a limited time.",,Non-STEM Track,D,D,A,B,C,A,B,C,A,B,A,D,B,A,D,B,C,C,B,D,R,R,R,R,R,C,C,C,C,C,C,0
5e9ffe3988f78b1b0710eff6,559.0,1704,White,Doctorate degree (PhD/other),54,Male,White,United States,United States,United States,English,DATA_EXPIRED,Part-Time,BCCBACDACA,0.4,0.0,0.0,ground,Pass,40.0,2.0,4.0,Pass Box,Non-STEM Track,0.0,0.0,red,0,1,0,0,0,0,0,0,0,because the questions up to that point were a bit too complicated and exhausting,i enjoyeed it but experienced a high level of stress at the beginning because i wasnt prepared for how dificut the questions would be,Non-STEM Track,B,D,C,B,C,A,B,C,A,B,C,D,D,A,A,B,C,C,A,D,R,R,R,R,R,C,C,C,C,C,C,0
559ecce6fdf99b16653fb880,841.0,1472,White,Undergraduate degree (BA/BSc/other),32,Male,White,United States,United States,United States,English,No,Full-Time,BAACDBDADD,0.3,0.0,0.0,positive,Fail,33.0,3.0,4.0,Fail Box,Non-STEM Track,0.0,0.0,red,0,0,1,0,0,0,0,0,0,Better chance at doing well,Instructions seemed overly contrived and I had to re-read a few times at points.,Non-STEM Track,B,D,A,B,A,A,C,C,D,B,B,D,D,A,A,B,D,C,D,D,R,R,R,R,R,C,C,C,C,C,C,0
67105a872efb255dac1f775c,846.0,616,White,Undergraduate degree (BA/BSc/other),44,Female,White,United States,United States,United States,English,No,"Not in paid work (e.g. homemaker', 'retired or disabled)",DAACDADBAB,0.3,0.0,0.0,positive,Fail,50.0,3.0,4.0,Fail Box,Non-STEM Track,0.0,0.0,red,0,0,1,0,0,0,0,0,0,I don't remember enough about math to have felt confident choosing the STEM track.,I found the math questions to be very challenging and was relieved to answer the questions for the non-STEM portion.,Non-STEM Track,D,D,A,B,A,A,C,C,D,B,A,D,D,A,B,B,A,C,B,D,R,R,R,R,R,C,C,C,C,C,C,0
66c7e44e327c32a60a4dda61,344.0,570,White,Technical/community college,41,Female,White,United States,United States,United States,English,No,DATA_EXPIRED,DABCCCABAD,0.1,0.0,0.0,negative,Fail,0.0,3.0,2.0,Pass Box,Non-STEM Track,0.0,0.0,red,0,0,1,1,0,0,0,0,0,I know I am stronger with language arts than math. ,I struggled with the stem track. ,Non-STEM Track,D,D,A,B,B,A,C,C,C,B,C,D,A,A,B,B,A,C,D,D,R,R,R,C,C,C,C,C,C,C,C,0
65f366dfcb46b71238e9418d,773.0,929,Black/African American,High school diploma/A-levels,28,Male,Black,United States,United States,United States,English,No,Full-Time,CBABCABBDA,0.1,0.0,0.0,negative,Fail,50.0,4.0,6.0,Fail Box,STEM Track,0.0,0.0,red,0,0,1,0,0,0,0,0,0,Because of the bonus payment type offered.,"Experience was fine, no feedback.",STEM Track,C,B,B,C,A,C,B,A,C,B,A,D,B,B,B,A,D,B,A,B,R,R,R,R,C,C,C,C,C,C,C,1
61041fc93ff9b89a9d7c47cc,483.0,198,White,Graduate degree (MA/MSc/MPhil/other),34,Female,White,United States,United States,United States,English,DATA_EXPIRED,DATA_EXPIRED,DACBABBCDB,0.6,0.0,0.0,positive,Pass,1.0,2.0,5.0,Fail Box,Non-STEM Track,0.0,0.0,black,0,0,1,0,0,0,0,0,0,My brain is not math-ing right now ,The math section was crazy,Non-STEM Track,D,D,A,B,C,A,B,C,A,B,B,D,B,A,C,B,D,C,B,D,R,R,R,R,R,R,C,C,C,C,C,0
66e200885d76e1646cce21d7,1281.0,663,White,Undergraduate degree (BA/BSc/other),33,Female,White,United States,United States,United States,English,No,"Not in paid work (e.g. homemaker', 'retired or disabled)",DCACBCBABA,0.1,0.0,0.0,positive,Fail,10.0,9.0,7.0,Pass Box,STEM Track,0.0,0.0,red,0,0,1,0,0,0,0,0,0,I read the instructions. ,"This was difficult, but I think that was the point.",STEM Track,D,A,C,B,A,C,C,B,B,B,C,B,B,B,A,C,B,C,A,B,R,C,C,C,C,C,C,C,C,C,C,1
641a604be613385009dd72db,961.0,2020,Latino/Hispanic,Technical/community college,31,Male,Mixed,United States,United States,United States,English,No,Full-Time,DADCBBBBBD,0.3,0.0,0.0,positive,Pass,50.0,3.0,2.0,Fail Box,STEM Track,0.0,0.0,red,0,1,0,0,0,0,0,0,0,cause i didn't feel i was doing to great,good,STEM Track,D,B,A,C,D,D,C,B,B,C,B,D,B,C,B,A,B,C,D,A,R,R,R,R,R,R,R,R,R,C,C,1
63d40052d6042c20ba2ce649,765.0,3102,White,Graduate degree (MA/MSc/MPhil/other),30,Male,White,United States,United States,United States,English,No,Full-Time,AAABDCDCBD,0.5,0.0,0.0,positive,Pass,60.0,5.0,5.0,Fail Box,Non-STEM Track,0.0,0.0,red,0,0,1,0,0,0,0,0,0,My STEM knowledge is very rusty. Non-Stem is just easier.,My math skills are very bad and I need to brush up on them. This was fun though!,Non-STEM Track,A,D,A,B,A,A,B,C,D,B,C,D,D,A,C,B,B,C,D,D,R,R,R,R,R,C,C,C,C,C,C,0
66a292cd2a826dbe7e1d79ab,732.0,500,White,Undergraduate degree (BA/BSc/other),34,Female,White,United States,United States,United States,English,No,Full-Time,DADCBBBBCB,0.5,1.0,1.338,positive,Fail,75.0,6.0,6.0,Pass Box,Non-STEM Track,0.0,0.0,red,0,0,1,0,0,0,0,0,0,I liked the idea of getting a bonus per question and wanted a break from math.,I enjoyed this survey.,Non-STEM Track,D,D,A,B,D,A,C,C,B,B,B,D,B,A,B,B,C,C,B,C,R,R,R,R,R,C,C,C,C,C,C,0
6785e46bcfbaf1e80151b70e,300.0,184,White,High school diploma/A-levels,21,Female,White,United States,United States,United States,English,No,Unemployed (and job seeking),CBBDACCDAB,0.1,0.0,0.0,ground,Fail,0.0,5.0,5.0,Fail Box,STEM Track,0.0,0.0,black,0,1,1,0,1,0,0,0,0,"I just randomly chose, I didn't know what it was.",it all went very well.,STEM Track,C,A,B,C,B,D,D,A,A,C,C,D,C,A,D,C,A,A,B,B,R,R,R,R,R,R,R,C,C,C,C,1
5aee59100ccc2e000185937c,1339.0,1702,White,Technical/community college,37,Male,White,United States,United States,United States,English,No,Part-Time,DABBCDA___,0.2,0.0,0.0,negative,Pass,10.0,1.0,1.0,Pass Box,Non-STEM Track,0.0,0.0,red,0,0,1,0,0,0,0,0,0,I felt I had a better chance of getting questions right on purpose.,"It was a fine experience, it reminded me of why I don't like math.",Non-STEM Track,D,D,A,B,B,A,B,C,C,B,D,D,A,A,,B,,C,,D,R,C,C,C,C,C,C,C,C,C,C,0
66d89e4ec5f4a47cac72d0d0,910.0,36,Mixed,Undergraduate degree (BA/BSc/other),49,Male,Mixed,United States,United States,United States,English,Yes,Other,DBBCCACCAA,0.1,0.0,0.0,negative,Fail,33.0,3.0,4.0,Fail Box,Non-STEM Track,0.0,0.0,black,0,0,1,1,1,0,0,0,0,"I am not all that familiar with STEM style testing, but do have some idea of the concept. Although I returned to college at 49yo, I have a Son who will be starting College next semester. I have helped him with STEM classes in Highschool ",This was the most enjoyable survey I have yet to take. Very much liked it,Non-STEM Track,D,D,B,B,B,A,C,C,C,B,A,D,C,A,C,B,A,C,A,D,R,R,R,R,R,C,C,C,C,C,C,0
5bec5b873ffbad0001e8b968,703.0,6616,White,High school diploma/A-levels,60,Female,White,United States,United States,United States,English,No,"Not in paid work (e.g. homemaker', 'retired or disabled)",BABDAAACCB,0.4,0.0,0.0,negative,Pass,5.0,1.0,1.0,Pass Box,Non-STEM Track,0.0,0.0,red,0,1,1,0,0,0,0,0,0,The STEM questions hurt my head.  Been out of school too long to remember how to do advanced math,very difficult problems,Non-STEM Track,B,D,A,B,B,A,D,C,A,B,A,D,A,A,C,B,C,C,B,D,R,R,R,C,C,C,C,C,C,C,C,0
633af05da0499598ca6a9834,525.0,1571,Latino/Hispanic,High school diploma/A-levels,52,Male,Other,United States,United States,United States,English,No,Full-Time,ACCAABDBAA,0.4,0.0,0.0,ground,Pass,50.0,4.0,1.0,Pass Box,Non-STEM Track,0.0,0.0,red,0,0,1,0,0,0,0,0,0,Didn't think I could get the answers right,good,Non-STEM Track,A,D,C,B,C,A,A,C,A,B,B,D,D,A,B,B,A,C,A,D,R,R,R,C,C,C,C,C,C,C,C,0
67acfb68c3860389b0c4db4b,709.0,37,White,Undergraduate degree (BA/BSc/other),29,Female,White,United States,United States,United States,English,No,Full-Time,BABCDCDBBC,0.2,0.0,0.0,positive,Fail,32.0,2.0,3.0,Fail Box,Non-STEM Track,0.0,0.0,red,0,0,1,0,0,0,0,0,0,My strengths are not math related. I am a much stronger reader than I am in math and sciences.,The math questions were very stressful. I'm a perfectionist so it was hard for me to not remember how to solve the problems and work through them correctly. It was a fun survey though. ,Non-STEM Track,B,D,A,B,B,A,C,C,D,B,C,D,D,A,B,B,B,C,C,D,R,R,R,R,R,R,C,C,C,C,C,0
66fc39329c32ceedaea614b0,477.0,261,White,Technical/community college,44,Male,White,United States,United States,United States,English,No,DATA_EXPIRED,BCBCBBCBBB,0.3,0.0,0.0,ground,Fail,15.0,1.0,5.0,Fail Box,Non-STEM Track,0.0,0.0,black,0,0,0,0,0,0,0,0,0,,,Non-STEM Track,B,D,C,B,B,A,C,C,B,B,B,B,C,A,B,B,B,C,B,D,R,R,R,R,R,C,C,C,C,C,C,0
63d96d5957cdd8a417721253,1170.0,1967,White,Technical/community college,39,Male,White,United States,United States,United States,English,No,DATA_EXPIRED,DABCDBDCCB,0.6,0.0,0.0,ground,Pass,60.0,5.0,5.0,Pass Box,STEM Track,0.0,0.0,red,0,0,1,0,0,0,0,0,0,I am interested in science and computers.,Nothing to add.,STEM Track,D,B,A,B,B,C,C,A,D,A,B,A,D,C,C,A,C,B,B,D,R,R,R,R,R,C,C,C,C,C,C,1
62fcf3d9948e4a6a9623cce8,872.0,4283,White,Graduate degree (MA/MSc/MPhil/other),73,Female,White,United States,United States,United States,English,No,"Not in paid work (e.g. homemaker', 'retired or disabled)",_A__BBDCC_,0.6,0.0,0.0,ground,Pass,50.0,5.0,5.0,Pass Box,Non-STEM Track,0.0,0.0,red,0,0,1,0,0,0,0,0,0,I wasn't confident I'd get 5 problems correct,This was fun and challenging!,Non-STEM Track,,D,A,B,,A,,C,B,B,B,D,D,A,C,B,C,C,,D,R,R,R,C,C,C,C,C,C,C,C,0
639a21660463f7343d9cee2b,1042.0,1189,Black/African American,Technical/community college,55,Female,Black,United States,United States,United States,English,No,Unemployed (and job seeking),DCCADCCDAD,0.1,0.0,0.0,negative,Pass,0.0,1.0,0.0,Fail Box,Non-STEM Track,0.0,0.0,red,0,0,1,0,0,0,0,0,0,Math is not my strong suit. I know the basics but that is all. ,I saw the math problems and panicked because I knew I did not know any of the answers. The English I was very confident.,Non-STEM Track,D,A,C,B,C,A,A,C,D,B,C,D,C,A,D,B,A,C,D,D,R,R,R,R,R,R,R,R,R,R,R,0
5a4ff86beedc32000141f232,624.0,1888,White,Technical/community college,47,Female,White,United States,United States,United States,English,DATA_EXPIRED,DATA_EXPIRED,BCBCCBCDCB,0.3,0.0,0.0,positive,Pass,10.0,4.0,3.0,Pass Box,STEM Track,0.0,0.0,black,0,0,1,0,0,0,0,0,0,Ithought it would work best.,all went well,STEM Track,B,B,C,A,B,C,C,D,C,C,B,B,C,C,D,C,C,B,B,D,R,R,R,R,C,C,C,C,C,C,C,1
5b0df5bde9270900013bdf7f,462.0,637,White,Technical/community college,36,Male,White,United States,United States,United States,English,No,Unemployed (and job seeking),DBCBACBCAB,0.4,0.0,0.0,negative,Pass,45.0,5.0,3.0,Fail Box,Non-STEM Track,0.0,0.0,red,0,0,1,0,0,0,0,0,0,I felt like I was not qualified,Not really,Non-STEM Track,D,D,B,D,C,A,B,C,A,B,C,A,B,A,C,B,A,C,B,D,R,C,C,C,C,C,C,C,C,C,C,0
6716978fa0744303fb9b1a53,1023.0,408,White,Undergraduate degree (BA/BSc/other),38,Female,White,United States,United States,United States,English,No,Part-Time,DABDABBAB_,0.2,0.0,0.0,positive,Fail,50.0,3.0,3.0,Fail Box,STEM Track,0.0,0.0,red,1,0,1,0,1,0,0,0,0,I wanted to further challenge myself. ,"I was flustered through some of it. But I enjoy a challenge, so it wasnt too bad. ",STEM Track,D,B,A,D,B,C,D,C,A,B,B,B,B,A,A,C,B,A,,C,R,R,R,R,R,C,C,C,C,C,C,1
57b359fb869234000179f236,241.0,1655,White,Undergraduate degree (BA/BSc/other),41,Male,White,United States,United States,United States,English,No,Full-Time,CCCCCCCCCC,0.3,0.0,0.0,ground,Fail,5.0,1.0,5.0,Fail Box,Non-STEM Track,0.0,0.0,black,0,0,1,0,0,0,0,0,0,I don't do math,,Non-STEM Track,C,D,C,B,C,A,C,C,C,B,C,D,C,A,C,B,C,C,C,D,R,R,R,R,R,C,C,C,C,C,C,0
576ad50bc8a90000010d99c8,697.0,3526,White,High school diploma/A-levels,50,Female,White,United States,United States,United States,English,No,"Not in paid work (e.g. homemaker', 'retired or disabled)",BBADCBABDA,0.1,0.0,0.0,negative,Fail,5.0,2.0,2.0,Fail Box,Non-STEM Track,0.0,0.0,black,0,1,1,0,0,0,0,0,0,"I don't have great math skills, and it's been over 25 years since I took any math classes.","I felt like a big fat failure, so I'm glad there was SOMETHING I could get right with the definitions.",Non-STEM Track,B,D,B,B,A,A,D,C,C,B,B,D,A,A,B,B,D,C,A,D,R,R,R,R,C,C,C,C,C,C,C,0
668413a08646887a6e57bd48,1671.0,311,White,High school diploma/A-levels,23,Male,White,United States,United States,United States,English,No,Other,DABABBBBC_,0.4,1.0,1.164,ground,Fail,50.0,4.0,6.0,Fail Box,STEM Track,0.0,0.0,black,0,0,1,0,0,0,0,0,0,I like math,Try to better explain the question.,STEM Track,D,B,A,A,B,C,A,B,B,A,B,D,B,C,B,A,C,B,,B,R,R,R,R,R,C,C,C,C,C,C,1
581ed572115ee9000179b44d,1273.0,1199,Black/African American,Undergraduate degree (BA/BSc/other),32,Male,Black,United States,United States,United States,English,No,Full-Time,DACBCDBCBC,0.4,0.0,0.0,positive,Pass,5.0,2.0,3.0,Fail Box,STEM Track,0.0,0.0,red,0,1,1,0,1,0,0,0,0,I grew up working on and with computers.,"My experience was great. The study was wonderful, I'm just not a great math student.",STEM Track,D,B,A,A,C,C,B,A,C,A,D,D,B,C,C,A,B,B,C,B,R,R,R,C,C,C,C,C,C,C,C,1
663e40cb2b99c777c91d0827,902.0,594,White,Graduate degree (MA/MSc/MPhil/other),26,Female,White,United States,United States,United States,English,DATA_EXPIRED,DATA_EXPIRED,DBBCDBACAA,0.2,0.0,0.0,ground,Fail,50.0,4.0,5.0,Fail Box,STEM Track,0.0,0.0,black,0,0,1,0,0,0,0,0,0,So I could potentially earn a bigger bonus,No,STEM Track,D,B,B,A,B,C,C,B,D,A,B,D,A,C,C,A,A,B,A,C,R,R,R,R,R,R,C,C,C,C,C,1
644168ef5feb0150d6d4b3c3,559.0,402,White,High school diploma/A-levels,50,Male,White,United States,United States,United States,English,No,"Not in paid work (e.g. homemaker', 'retired or disabled)",DABDCCBBCB,0.3,0.0,0.0,negative,Pass,25.0,0.0,0.0,Fail Box,STEM Track,0.0,0.0,red,0,0,1,0,0,0,0,0,0,Potential higher reward.,"I don't understand the point of this study.  I guessed on all but one of the questions, as algebra is beyond my mental capacity.",STEM Track,D,B,A,C,B,A,D,A,C,B,C,C,B,D,B,B,C,C,B,A,R,R,R,C,C,C,C,C,C,C,C,1
6684bbcfad6facc374fd6523,1086.0,587,White,Undergraduate degree (BA/BSc/other),29,Female,White,United States,United States,United States,English,Yes,DATA_EXPIRED,DAAABBCBBB,0.4,0.0,0.0,ground,Fail,55.0,5.0,6.0,Fail Box,Non-STEM Track,0.0,0.0,black,0,0,1,0,0,0,0,0,1,"Even though I've studied in STEM fields most of my life, I am only good at a few of the many facets of STEM. Math isn't my strong suit, so if it was another math quiz, I don't think I would have done well. The quiz would have had to have been in a specific STEM area that I'm good at.",It was a bit stressful to try to remember math problems that I haven't seen in many years!,Non-STEM Track,D,D,A,B,A,A,A,C,B,B,B,D,C,A,B,B,B,C,B,D,R,R,R,R,R,R,R,C,C,C,C,0
63fd545c9e693441916712ff,1151.0,620,White,Doctorate degree (PhD/other),65,Male,White,United States,United States,United States,English,No,Full-Time,ADDBBDBCBD,0.4,0.0,0.0,negative,Fail,80.0,6.0,5.0,Fail Box,STEM Track,0.0,0.0,black,0,0,1,0,0,0,0,0,0,It was lucrative,It was boring,STEM Track,A,B,D,A,D,C,B,,B,A,D,D,B,C,C,C,B,B,D,C,R,R,C,C,C,C,C,C,C,C,C,1
671862677002ebe247a450d4,1041.0,260,South East Asian,Undergraduate degree (BA/BSc/other),24,Male,Asian,United States,United States,Cambodia,English,No,"Not in paid work (e.g. homemaker', 'retired or disabled)",DAACDABBBB,0.2,0.0,0.0,negative,Fail,100.0,3.0,5.0,Fail Box,Non-STEM Track,0.0,0.0,black,0,0,1,0,0,0,0,0,0,"I don't think I performed well on the math questions, so I chose non-STEM since mathematics is fundamental to STEM.","I wish I had double the time for section 1, I didn't finish it but there were some that I felt confident about. Perhaps I could have gotten a better score if I had more time. ",Non-STEM Track,D,D,A,B,A,A,C,C,D,B,A,D,B,A,B,B,B,C,B,D,R,R,R,C,C,C,C,C,C,C,C,0
5ecc6fb87c7c7646490f3cf8,847.0,2399,White,Graduate degree (MA/MSc/MPhil/other),40,Male,White,United States,United States,United States,English,DATA_EXPIRED,Full-Time,BABCCBCCCB,0.5,0.0,0.0,positive,Pass,55.0,4.0,3.0,Pass Box,Non-STEM Track,0.0,0.0,black,0,0,1,0,0,0,0,0,0,The first math quiz was pretty stressful and I was unsure of my performance.,The study went well and was interesting.,Non-STEM Track,B,D,A,B,B,A,C,C,C,B,B,D,C,A,C,B,C,C,B,D,R,R,R,R,C,C,C,C,C,C,C,0
632a1ae0d2c0c28e680e9c5a,537.0,1150,White,High school diploma/A-levels,40,Male,White,United States,United States,United States,English,No,Unemployed (and job seeking),CBCDBCCCCB,0.5,1.0,2.763,positive,Pass,30.0,2.0,1.0,Fail Box,STEM Track,1.0,1.579,red,0,0,1,0,0,0,0,0,0,I like the challenge of the questions.,I loved it! Wish you guys put out more of these! Thank you!,STEM Track,C,B,B,A,C,D,D,C,B,A,C,C,C,A,C,D,C,C,B,D,R,R,R,R,R,C,C,C,C,C,C,1
5f2dfc9bcae87215c17d34d4,900.0,2967,Latino/Hispanic,High school diploma/A-levels,25,Female,Other,United States,United States,United States,English,Yes,Unemployed (and job seeking),BCBCABBCCA,0.3,0.0,0.0,negative,Fail,20.0,3.0,5.0,Fail Box,Non-STEM Track,0.0,0.0,red,0,0,1,0,0,0,0,0,0,I thought it would be easier.,The initial math questions were difficult.,Non-STEM Track,B,D,C,B,B,A,C,C,A,B,B,D,B,A,C,C,C,C,A,D,R,R,R,R,R,R,R,R,R,R,C,0
66558897b80ff7608a7b0a08,644.0,830,White,Undergraduate degree (BA/BSc/other),22,Male,White,United States,United States,United States,English,Yes,"Not in paid work (e.g. homemaker', 'retired or disabled)",DCBBDCDCCB,0.5,0.0,0.0,ground,Pass,5.0,4.0,2.0,Fail Box,STEM Track,0.0,0.0,red,0,0,1,0,1,0,0,0,0,Thought it was something else,Very hard,STEM Track,D,B,C,B,B,C,B,B,D,D,C,C,D,C,C,C,C,B,B,D,R,R,R,R,R,C,C,C,C,C,C,1
67880d8b8375161de73f3ff0,357.0,88,White,Undergraduate degree (BA/BSc/other),22,Female,White,United States,United States,United States,English,Yes,Due to start a new job within the next month,CBDCBACBDA,0.1,0.0,0.0,positive,Fail,23.0,2.0,3.0,Fail Box,Non-STEM Track,0.0,0.0,red,0,0,1,0,0,0,0,0,0,I didn't feel I had enough time to figure out the STEM questions and didn't want to guess.,"It was good, a little confusing, but not issues.",Non-STEM Track,C,D,B,B,D,A,C,C,B,B,A,D,C,A,B,B,D,C,A,D,R,R,R,R,R,C,R,R,C,C,C,0
678006318afafe2d811d0277,582.0,182,White,High school diploma/A-levels,22,Female,White,United States,United States,United States,English,No,Full-Time,DDABCAADCA,0.2,0.0,0.0,positive,Fail,20.0,4.0,4.0,Fail Box,Non-STEM Track,0.0,0.0,red,0,0,1,0,0,0,0,0,0,"I am not an analytical brain, I've always done better in creative or english language based assignments.","This survey was very interesting, I appreciate the option to swap off of the math oriented questions.",Non-STEM Track,D,D,D,A,A,A,B,C,C,B,A,D,A,A,D,B,C,C,A,D,R,R,R,R,R,R,R,C,C,C,C,0
641ec1a9d9fe8a0941e39862,773.0,1615,White,Undergraduate degree (BA/BSc/other),45,Male,White,United States,United States,United States,English,DATA_EXPIRED,DATA_EXPIRED,DDBDAADD__,0.1,0.0,0.0,ground,Fail,0.0,2.0,3.0,Fail Box,Non-STEM Track,0.0,0.0,black,0,0,1,0,0,0,0,0,0,its been a while. I need to brush up.,went well,Non-STEM Track,D,D,D,B,B,A,D,C,A,B,A,D,D,A,D,B,,C,,D,R,R,R,R,R,C,C,C,C,C,C,0
60fe58dabcac84f95b003aa0,955.0,551,White,High school diploma/A-levels,24,Female,White,United States,United States,United States,English,No,Unemployed (and job seeking),AADBBDDACB,0.7,0.0,0.0,negative,Fail,75.0,8.0,8.0,Pass Box,Non-STEM Track,0.0,0.0,red,0,0,1,0,0,0,0,0,0,I wanted to switch it up.,No feedback,Non-STEM Track,A,D,A,B,D,A,B,C,B,B,D,D,D,A,A,B,C,C,B,D,R,R,R,R,R,C,C,C,C,C,C,0
5d30cabd5124970019cb706c,2231.0,2669,Latino/Hispanic,Technical/community college,30,Male,Mixed,United States,United States,United States,Spanish,DATA_EXPIRED,DATA_EXPIRED,BBCBBADCCB,0.7,2.0,29.897,positive,Pass,10.0,5.0,4.0,Pass Box,Non-STEM Track,1.0,24.919,black,0,0,1,0,0,0,0,0,0,I had bad teachers in those fields who made feel a lack of interest or teachers who didn't have time to help me learn what I wasn't able to.,It reminded me of school.,Non-STEM Track,B,D,B,B,C,A,B,C,B,B,A,D,D,A,C,B,C,C,B,D,R,R,R,R,R,C,C,C,C,C,C,0
5e52d0122f5f952f2a7b6b28,614.0,4557,Mixed,Undergraduate degree (BA/BSc/other),40,Male,Mixed,United States,United States,United States,English,DATA_EXPIRED,DATA_EXPIRED,DACDBBDCBA,0.6,0.0,0.0,ground,Pass,40.0,3.0,3.0,Pass Box,Non-STEM Track,0.0,0.0,red,0,0,1,0,0,0,0,0,0,I am stronger in Non-STEM fields and wanted a break from math questions.,The experience was good but I wish there was an option to tab out or open a scratch pad for the math section.,Non-STEM Track,D,D,A,B,C,A,D,C,B,B,B,D,D,A,C,B,B,C,A,D,R,R,R,R,R,R,C,C,C,C,C,0
6787ead695a83451ae1abf51,339.0,22,Middle Eastern,No formal qualifications,20,Female,White,United States,United States,United States,English,Yes,Part-Time,AABBCADCCB,0.7,0.0,0.0,ground,Pass,5.0,3.0,3.0,Pass Box,Non-STEM Track,0.0,0.0,red,0,1,0,0,1,0,0,0,0,I am not good at math.,It was good,Non-STEM Track,A,D,A,B,B,A,B,A,C,B,A,D,D,A,C,B,C,C,B,D,R,C,C,C,C,C,C,C,C,C,C,0
66469ef793a8127e49ca1992,378.0,1404,White,Undergraduate degree (BA/BSc/other),38,Female,White,United States,United States,United States,English,No,"Not in paid work (e.g. homemaker', 'retired or disabled)",DCBBDACBDA,0.1,0.0,0.0,negative,Pass,1.0,0.0,0.0,Fail Box,STEM Track,0.0,0.0,red,0,0,1,0,0,0,0,0,0,I wanted to make some money,I thought the questions were too difficult!,STEM Track,D,B,C,C,B,B,B,B,D,D,A,C,C,C,B,C,D,A,A,C,R,R,R,R,R,R,C,C,C,C,C,1
6629412a422a92279cab485e,817.0,30,Other (please feel free to let us know your ethnicity via email),Technical/community college,49,Female,White,United States,United States,United States,English,Yes,Unemployed (and job seeking),DAAD_BDB_B,0.4,0.0,0.0,ground,Fail,60.0,4.0,8.0,Fail Box,Non-STEM Track,0.0,0.0,black,0,0,1,0,0,0,0,0,0,I have always done better with words than numbers,"The math test was a bit stressful since I don't use that knowledge on a daily basis. However, it was interesting to go through the experiment.",Non-STEM Track,D,D,A,B,A,A,D,C,,B,B,D,D,A,B,B,,C,B,D,R,R,C,C,C,C,C,C,C,C,C,0
611bed11fa6a3b35c9226c29,690.0,7090,White,Technical/community college,69,Male,White,United States,United States,United States,English,No,"Not in paid work (e.g. homemaker', 'retired or disabled)",DABBDBCBBA,0.3,0.0,0.0,positive,Fail,50.0,0.0,5.0,Fail Box,Non-STEM Track,0.0,0.0,red,1,1,1,0,0,0,0,1,0,I'm better at those.,I am lousy at maths so I knew I would do badly there.,Non-STEM Track,D,D,A,B,B,A,B,C,D,B,B,D,C,A,B,B,B,C,A,D,R,R,R,R,R,C,C,C,C,C,C,0
677f45994f666dd870c5a5b7,565.0,97,White,Undergraduate degree (BA/BSc/other),27,Male,White,United States,United States,United States,English,No,Full-Time,DADCBDDBBB,0.4,0.0,0.0,ground,Pass,25.0,5.0,4.0,Pass Box,Non-STEM Track,0.0,0.0,red,1,0,1,0,0,0,0,0,0,I thought it would be easier,The questions were hard!,Non-STEM Track,D,D,A,B,D,A,C,C,B,B,D,D,D,A,B,B,B,C,B,D,R,R,R,R,R,C,C,C,C,C,C,0
67b61e207946ebb22db5d282,592.0,5,White,Undergraduate degree (BA/BSc/other),27,Female,White,United States,United States,United States,English,Yes,Full-Time,BBBCACACBD,0.1,0.0,0.0,positive,Fail,10.0,3.0,3.0,Fail Box,Non-STEM Track,0.0,0.0,red,0,0,1,0,0,0,0,0,0,I am not very proficient in mathematics. ,I enjoyed the experience. ,Non-STEM Track,B,D,B,B,B,A,C,C,A,B,C,D,A,A,C,B,B,C,D,D,R,R,R,R,R,R,C,C,C,C,C,0
5815369b94ecc900010b014e,795.0,5754,White,Undergraduate degree (BA/BSc/other),34,Female,White,United States,United States,United States,English,No,DATA_EXPIRED,BCBBDBDBCA,0.4,0.0,0.0,positive,Pass,30.0,2.0,3.0,Fail Box,Non-STEM Track,0.0,0.0,red,0,0,1,0,0,0,0,0,0,Less stress overall,Things went smoothly.,Non-STEM Track,B,D,C,B,B,A,B,C,D,B,B,D,D,A,B,B,C,C,A,D,R,R,R,R,R,C,C,C,C,C,C,0
66d11cef1c98e8d3687a50a8,736.0,302,White,Undergraduate degree (BA/BSc/other),38,Female,White,United States,United States,United States,English,No,"Not in paid work (e.g. homemaker', 'retired or disabled)",DACBDCBCAC,0.4,0.0,0.0,negative,Fail,25.0,3.0,5.0,Fail Box,STEM Track,0.0,0.0,red,0,0,1,0,0,0,0,0,0,I felt confident I could get five answers correctly.,"It was fun, but I wish I would’ve had a paper and pencil to try to work out the problems next to me. Trying to do it in my head and on a timer, I do not feel as confident.",STEM Track,D,B,A,B,C,C,B,D,D,B,C,D,B,C,C,A,A,B,C,C,R,R,R,R,C,C,C,C,C,C,C,1
674b68c7cd96778f0b2b4314,1092.0,468,White,Graduate degree (MA/MSc/MPhil/other),28,Female,White,United States,United States,United States,English,No,Part-Time,AABACADCBB,0.5,0.0,0.0,ground,Pass,25.0,2.0,4.0,Pass Box,STEM Track,0.0,0.0,red,0,0,1,0,0,0,0,0,0,ITS INTERESTIG.,NICE,STEM Track,A,B,A,B,B,C,A,C,C,A,A,D,D,B,C,A,B,B,B,C,R,R,C,R,R,C,R,R,R,R,R,1
6732d7e668e0e0b1e4d10cbd,708.0,281,White,High school diploma/A-levels,22,Female,White,United States,United States,United States,English,No,"Not in paid work (e.g. homemaker', 'retired or disabled)",DABDBBBCBA,0.4,0.0,0.0,negative,Pass,75.0,3.0,4.0,Pass Box,Non-STEM Track,0.0,0.0,red,0,0,1,0,0,0,0,0,0,I haven't used that type of math in my life for a long time so I don't remember how to solve things very well.,I tried my best but I know I didn't do very good because I struggled on the math part,Non-STEM Track,D,D,A,B,B,A,D,C,B,B,B,D,B,A,C,B,B,C,A,D,R,R,R,R,R,C,C,C,C,C,C,0
6668ded39ec8cf407851fbce,325.0,1100,White,High school diploma/A-levels,50,Female,White,United States,United States,United States,English,No,Due to start a new job within the next month,ABCDABCABC,0.3,0.0,0.0,positive,Pass,30.0,1.0,3.0,Pass Box,Non-STEM Track,0.0,0.0,black,0,0,1,0,0,0,0,0,0,I am more confident in non-stem subjects and thought I would perform better at a non-stem task. ,"good, no feedback",Non-STEM Track,A,D,B,B,C,A,D,C,A,B,B,D,C,A,A,B,B,C,C,D,R,R,R,R,R,C,C,C,C,C,C,0
676f28a680afa9fe2cf06ac0,813.0,276,White,Graduate degree (MA/MSc/MPhil/other),48,Female,White,United States,United States,United States,English,No,Unemployed (and job seeking),BCACDBAAAC,0.1,0.0,0.0,ground,Fail,10.0,1.0,5.0,Fail Box,Non-STEM Track,0.0,0.0,black,0,0,1,0,0,0,0,0,0,I do not like math,"The math part was frustrating, but the language part was easy",Non-STEM Track,B,D,C,B,A,A,C,C,D,B,B,D,A,A,A,B,A,C,C,D,R,R,R,R,C,C,C,C,C,C,C,0
670692b29cd73b506df2f3dc,348.0,384,Latino/Hispanic,High school diploma/A-levels,41,Male,Other,United States,United States,United States,English,No,Full-Time,BCBDAADADB,0.2,0.0,0.0,negative,Fail,10.0,1.0,3.0,Fail Box,Non-STEM Track,0.0,0.0,black,0,0,1,0,0,0,0,0,0,Math isn't my strong suit.,none.,Non-STEM Track,B,D,C,B,B,A,D,C,A,B,A,D,D,A,A,B,D,C,B,D,R,R,R,R,R,C,C,C,C,C,C,0
64345bf16b9a2e046128887f,990.0,2053,Latino/Hispanic,High school diploma/A-levels,72,Male,White,United States,United States,United States,English,DATA_EXPIRED,DATA_EXPIRED,BCBDBCABCD,0.2,0.0,0.0,ground,Fail,51.0,5.0,4.0,Fail Box,Non-STEM Track,0.0,0.0,black,0,0,1,0,0,0,0,0,0,Wanted to finis,ok,Non-STEM Track,B,D,C,B,B,A,D,C,B,B,C,D,A,A,B,B,C,C,D,D,R,R,C,C,C,C,C,C,C,C,C,0
67781b8a215a48953cc6af12,1023.0,123,White,Undergraduate degree (BA/BSc/other),38,Female,White,United States,United States,United States,English,No,"Not in paid work (e.g. homemaker', 'retired or disabled)",DBADD_CCBA,0.1,1.0,0.883,ground,Fail,50.0,4.0,2.0,Fail Box,Non-STEM Track,0.0,0.0,black,0,0,1,0,0,0,0,0,0,Because I felt that I would have a better chance to get the answer correct. ,It was fun! ,Non-STEM Track,D,D,B,B,A,A,D,C,D,B,,D,C,A,C,B,B,C,A,A,R,R,R,C,C,C,C,C,C,C,C,0
62b077136224952ffd679d48,599.0,4790,White,High school diploma/A-levels,46,Male,White,United States,United States,United States,English,No,Unemployed (and job seeking),CACBADCCCB,0.6,0.0,0.0,positive,Pass,18.0,0.0,5.0,Fail Box,Non-STEM Track,0.0,0.0,red,0,0,1,0,0,0,0,0,0,The first test was very hard and I wasnt sure if it would be the same type of questions and I did not think I could get more than 5 right.,it was interesting. no feedback,Non-STEM Track,C,D,A,B,C,A,B,C,A,B,D,D,C,A,C,B,C,C,B,D,R,R,R,R,R,R,R,C,C,C,C,0
5deb3ffdf375c625fa83bac7,919.0,5158,Black/African American,High school diploma/A-levels,26,Male,Black,United States,United States,United States,English,Yes,Part-Time,BBCAADBABC,0.1,0.0,0.0,positive,Fail,20.0,3.0,4.0,Fail Box,STEM Track,0.0,0.0,red,0,0,1,0,0,0,0,0,0,Better bonus.,It was difficult.,STEM Track,B,B,B,A,C,B,A,B,A,B,D,A,B,A,A,C,B,D,C,B,C,R,R,R,R,R,R,R,R,C,C,1
678e7fc78628897e2a92bd42,667.0,122,East Asian,Graduate degree (MA/MSc/MPhil/other),40,Male,Asian,United States,United States,United States,English,No,Full-Time,DADBBBDCBC,0.6,0.0,0.0,negative,Pass,20.0,7.0,6.0,Pass Box,STEM Track,0.0,0.0,red,0,0,1,0,0,0,0,0,0,I like math problems,"I think this was a good survey, a bit long.",STEM Track,D,B,A,D,D,C,B,B,B,A,B,D,D,C,C,A,B,B,C,C,R,R,R,R,R,C,C,C,C,C,C,1
67048c644ae2740b0d23f015,1735.0,265,White,Secondary education (e.g. GED/GCSE),39,Female,White,United States,United States,United States,English,No,Unemployed (and job seeking),BAD_______,0.1,0.0,0.0,positive,Fail,50.0,3.0,8.0,Fail Box,Non-STEM Track,0.0,0.0,red,0,0,1,0,0,0,0,0,0,I decided to take a risk it's okay to take a chance once in a while if I ts not harmful,It was a little bit of a challenge and I caught myself using my brain a bit more throughout this study,Non-STEM Track,B,A,A,B,D,A,,C,,B,,D,,A,,D,,C,,D,R,R,R,R,R,R,R,R,R,R,C,0
659dfd474f0722a934e3f8d8,932.0,1628,South East Asian,Undergraduate degree (BA/BSc/other),29,Female,Asian,United States,United States,United States,English,No,Unemployed (and job seeking),BACDDBDC__,0.5,0.0,0.0,negative,Pass,30.0,2.0,3.0,Pass Box,Non-STEM Track,0.0,0.0,red,0,0,1,0,0,0,0,0,0,Stem was too hard.,Everything went well.,Non-STEM Track,B,D,A,B,C,A,D,C,D,B,B,D,D,A,C,B,,C,,C,R,R,R,R,R,R,R,C,C,C,C,0
6608a08d68e3a1502d4c8d58,218.0,457,White,Graduate degree (MA/MSc/MPhil/other),34,Male,White,United States,United States,United States,English,DATA_EXPIRED,DATA_EXPIRED,BCABBBBCCB,0.6,0.0,0.0,ground,Pass,25.0,4.0,3.0,Fail Box,Non-STEM Track,0.0,0.0,red,0,0,1,0,0,0,0,0,0,Easier for me,,Non-STEM Track,B,D,C,B,A,A,B,C,B,B,B,D,B,A,C,B,C,C,B,D,R,R,R,R,R,C,C,C,C,C,C,0
655d867ce204d4f63c3533df,1345.0,1086,East Asian,Doctorate degree (PhD/other),29,Female,Asian,United States,United States,United States,English,DATA_EXPIRED,Full-Time,DAB_BBDCCB,0.7,0.0,0.0,positive,Pass,60.0,6.0,6.0,Fail Box,STEM Track,0.0,0.0,red,0,0,1,0,0,0,0,0,0,higher bonus ,,STEM Track,D,B,A,B,B,C,,C,B,A,B,D,D,C,C,C,C,B,B,C,R,R,R,R,C,C,C,C,C,C,C,1
63e576170eb086a90644efb4,854.0,3012,East Asian,Graduate degree (MA/MSc/MPhil/other),38,Male,Asian,China,United States,United States,Chinese,No,Part-Time,DAABBBDCCB,0.8,0.0,0.0,negative,Pass,51.0,7.0,6.0,Pass Box,Non-STEM Track,0.0,0.0,red,0,0,1,0,0,0,0,0,0,I felt tired and didn't feel like doing more arithmetic,"Considering I had no idea there was going to be a test of basic algebra/geometry that I hadn't exposed myself to in well over a decade, it was kind of surprising...also doesn't help that I'm a bit tired right now",Non-STEM Track,D,D,A,B,A,A,B,C,B,B,B,D,D,A,C,B,C,C,B,D,R,R,R,R,C,C,C,C,C,C,C,0
5a9ab4944eecca0001dd806a,923.0,3015,White,Graduate degree (MA/MSc/MPhil/other),69,Female,White,United States,United States,United States,English,No,"Not in paid work (e.g. homemaker', 'retired or disabled)",B__D__AB__,0.0,0.0,0.0,positive,Fail,1.0,2.0,1.0,Fail Box,Non-STEM Track,0.0,0.0,red,0,0,1,0,0,0,0,0,0,"Because I am too tired today, and I have a headache.",The print is very tiny on the math problems.  I had to fiddle arount making the screen larger to read it.,Non-STEM Track,B,D,,B,,A,D,C,,B,,D,A,A,B,B,,C,,D,R,R,R,R,R,C,C,C,C,C,C,0
63e5fca99d84c2b8004e82df,1174.0,1888,White,Undergraduate degree (BA/BSc/other),46,Male,White,United States,United States,United States,English,DATA_EXPIRED,DATA_EXPIRED,DBACCBCCDA,0.2,0.0,0.0,positive,Pass,25.0,2.0,2.0,Fail Box,Non-STEM Track,0.0,0.0,red,0,0,1,0,0,0,0,0,0,"I thought I did bad for sure, and at least a can get some credit, and if I get them Allright I still get 2.00!","The math part was really hard, like really hard! The English part seemed much easier!",Non-STEM Track,D,D,B,B,A,A,C,C,C,B,B,D,C,A,C,B,D,C,A,D,R,R,R,C,C,C,C,C,C,C,C,0
5aeba5b323fdd50001d0a155,1027.0,931,South Asian,High school diploma/A-levels,34,Female,Asian,United States,United States,United States,Laotian,No,"Not in paid work (e.g. homemaker', 'retired or disabled)",DAADA_____,0.1,0.0,0.0,negative,Pass,40.0,0.0,1.0,Fail Box,Non-STEM Track,0.0,0.0,red,0,0,1,0,0,0,0,0,0,I didn't think I would do well with the stem track.,It was fine.,Non-STEM Track,D,D,A,B,A,A,D,C,A,B,,D,,A,,B,,C,,D,R,R,R,R,R,R,C,C,C,C,C,0
62df0a2b7302265dcb0b7c58,818.0,704,Latino/Hispanic,Technical/community college,29,Male,White,United States,United States,United States,English,No,Full-Time,AAABCBBCCB,0.7,0.0,0.0,negative,Pass,30.0,2.0,4.0,Fail Box,STEM Track,0.0,0.0,red,0,1,1,0,0,0,0,0,0,chance at more money,none,STEM Track,A,B,A,D,A,B,B,C,C,C,B,D,B,C,C,B,C,C,B,C,R,R,R,R,R,C,C,C,C,C,C,1
61004e962509f21ce295df3d,1650.0,4478,East Asian,Undergraduate degree (BA/BSc/other),27,Female,Asian,United States,United States,United States,Korean,No,Part-Time,DACDAAC___,0.2,0.0,0.0,positive,Pass,10.0,2.0,1.0,Pass Box,STEM Track,0.0,0.0,black,0,0,1,0,0,0,0,0,0,Because I feel like I'd get a higher chance of getting more money by getting at least 1 question correct.,I didn't expect those type of math questions in the first part and so it was difficult as I haven't done those in a long time.,STEM Track,D,D,A,B,C,C,D,C,A,A,A,C,C,C,,C,,B,,C,R,C,C,C,C,R,R,R,R,R,R,1
5f4dde95f271beab75bd9d52,557.0,365,White,Undergraduate degree (BA/BSc/other),34,Female,White,United States,United States,United States,English,Yes,Full-Time,DCBBBCBBDA,0.2,0.0,0.0,ground,Pass,0.0,1.0,2.0,Pass Box,Non-STEM Track,0.0,0.0,red,0,0,1,0,0,0,0,0,0,I'm terrible at math and much better at anything that isn't stem.,those math questions were extremely hard and i just guessed. ,Non-STEM Track,D,D,C,B,B,A,B,C,B,B,C,D,B,A,B,B,D,C,A,D,R,R,R,R,R,C,C,C,C,C,C,0
636261a282f90a4b0998fe5c,1866.0,1702,Black/African American,Undergraduate degree (BA/BSc/other),36,Male,Black,United States,United States,United States,English,DATA_EXPIRED,DATA_EXPIRED,__________,0.0,0.0,0.0,negative,Fail,10.0,2.0,5.0,Pass Box,Non-STEM Track,0.0,0.0,red,0,0,1,0,0,0,0,0,0,I knew it would be much easier,,Non-STEM Track,,D,,B,,A,,C,,B,,D,,A,,B,,C,,C,R,R,R,R,C,C,C,C,C,C,C,0
63ed77eac8a7bca85453fa80,383.0,197,Latino/Hispanic,Undergraduate degree (BA/BSc/other),29,Male,Mixed,United States,United States,United States,Spanish,Yes,DATA_EXPIRED,DAACCBCBCC,0.3,0.0,0.0,positive,Fail,30.0,3.0,5.0,Fail Box,Non-STEM Track,0.0,0.0,red,0,0,1,0,1,0,0,0,0,I have to rely on memory and not have to do math problems on paper,No feedback,Non-STEM Track,D,D,A,B,A,A,C,C,C,B,B,D,C,A,B,B,C,C,C,C,R,R,R,R,R,C,C,C,C,C,C,0
666e00ae0d67eb9e9dcd755e,1439.0,200,White,Undergraduate degree (BA/BSc/other),25,Female,White,United States,United States,United States,English,No,Full-Time,BA_CA___BA,0.1,0.0,0.0,negative,Fail,40.0,2.0,3.0,Fail Box,STEM Track,0.0,0.0,red,0,0,1,0,0,0,0,0,0,"I do know, to try again.","I have not done a timed math test in so long, I needed 2 more mins for 1 min/1 question lordddd",STEM Track,B,B,A,,,D,C,,A,A,,D,,,,C,B,,A,C,R,C,C,C,C,C,C,C,C,C,C,1
633f5252efab6885fedfad7d,662.0,3398,Black/African American,High school diploma/A-levels,38,Male,Black,United States,United States,United States,English,No,"Not in paid work (e.g. homemaker', 'retired or disabled)",BCABBACADC,0.2,0.0,0.0,negative,Pass,0.0,1.0,1.0,Fail Box,Non-STEM Track,0.0,0.0,red,0,0,1,0,0,0,0,0,0,I just wanted to get through the test,It was pretty good,Non-STEM Track,B,D,C,B,A,A,B,C,B,B,A,D,C,A,A,B,D,C,C,C,C,C,C,R,R,R,R,R,R,R,R,0
60e5d47e17c05633eef565e3,647.0,4742,White,Graduate degree (MA/MSc/MPhil/other),31,Male,White,United States,United States,United States,English,No,Full-Time,DDBBBADCCC,0.5,0.0,0.0,ground,Pass,75.0,4.0,4.0,Pass Box,Non-STEM Track,0.0,0.0,red,0,0,1,0,0,0,0,0,0,I have more faith in my ability to answer non-STEM academic questions,interesting i suppose,Non-STEM Track,D,D,D,B,B,A,B,C,B,B,A,D,D,A,C,B,C,C,C,D,R,R,R,R,R,C,C,C,C,C,C,0
5efd018b8c837e13097c0cbf,1245.0,938,East Asian,Undergraduate degree (BA/BSc/other),32,Male,Asian,United States,United States,United States,English,No,DATA_EXPIRED,DABBBBDBAB,0.6,0.0,0.0,negative,Pass,75.0,5.0,4.0,Pass Box,STEM Track,1.0,0.005,red,0,0,1,0,0,0,0,0,0,"I had some background with math, so I felt a bit more confident in the STEM track than whatever the other was going to be.","Experience was fairly smooth, though turns out I am incredibly rusty with math. Only thing that would have been nice is to have the timer follow along as I scroll down so I didn't have to scroll all the way up to see the time left.",STEM Track,D,B,A,B,B,C,B,C,B,A,B,D,D,C,B,A,A,B,B,C,R,R,R,R,C,C,C,C,C,C,C,1
5e90b7d2dc69fd3de27660f3,963.0,5964,Black/African American,High school diploma/A-levels,26,Male,Black,United States,United States,United States,English,No,Unemployed (and job seeking),BADBBBAACC,0.5,0.0,0.0,negative,Pass,0.0,2.0,1.0,Pass Box,STEM Track,0.0,0.0,red,0,0,1,0,0,0,0,0,0,"It had a higher bonus. I knew some of the first test's math questions, so I decided to test my luck.",It was great no issues. The stem questions were difficult ,STEM Track,B,C,A,A,D,C,B,C,B,A,B,B,A,C,A,A,C,B,C,B,R,C,C,C,C,C,C,C,C,C,C,1
67414d7323258c912a5a9080,235.0,394,Latino/Hispanic,Undergraduate degree (BA/BSc/other),18,Male,White,United States,United States,United States,English,Yes,Unemployed (and job seeking),CADBBCCABB,0.4,0.0,0.0,ground,Pass,1.0,0.0,2.0,Fail Box,Non-STEM Track,0.0,0.0,red,0,0,1,0,0,0,0,0,0,i didnt like it ,good,Non-STEM Track,C,B,A,D,D,A,B,B,B,C,C,A,C,D,A,B,B,C,B,A,C,R,R,C,R,C,R,C,R,R,R,0
6643dfacb8ceab2254ffe032,557.0,626,White,Undergraduate degree (BA/BSc/other),28,Male,White,United States,United States,United States,English,No,"Not in paid work (e.g. homemaker', 'retired or disabled)",BABBACCBCA,0.3,0.0,0.0,negative,Pass,0.0,1.0,0.0,Fail Box,Non-STEM Track,0.0,0.0,red,0,0,1,0,0,0,0,0,0,I am not confident at stem based questions,Experience for stem questions was less than stellar. however moving over to non stem questions  was more conforming to my capabilities ,Non-STEM Track,B,D,A,B,B,A,B,C,A,B,C,B,C,A,B,B,C,C,A,A,R,C,C,C,C,C,C,C,C,C,C,0
62f4904296e62ae6c19127d4,909.0,1929,Black/African American,Undergraduate degree (BA/BSc/other),36,Male,Mixed,United States,United States,United States,English,Yes,Full-Time,DDBCBCBCDA,0.2,0.0,0.0,ground,Fail,40.0,3.0,4.0,Fail Box,STEM Track,0.0,0.0,black,0,0,0,0,1,0,0,0,0,because I wanted a chance to win the two dollar bonus ,it was a very cool and it seems like a great experience ,STEM Track,D,A,D,A,B,D,C,B,B,A,C,B,B,A,C,D,D,A,A,B,R,C,C,C,C,C,C,C,C,C,C,1
63af5c586c05eee8c3d03730,421.0,4182,White,Graduate degree (MA/MSc/MPhil/other),71,Female,White,United States,United States,United States,English,No,DATA_EXPIRED,BACCCCCCCC,0.4,0.0,0.0,positive,Pass,20.0,2.0,2.0,Fail Box,Non-STEM Track,0.0,0.0,red,0,0,1,0,0,0,0,0,0,I knew I wouldn’t be able to do the math,"It was fine. I knew I wouldn’t be able to do the math, so I didn’t spend much time on it.",Non-STEM Track,B,D,A,B,C,A,C,C,C,B,C,D,C,A,C,B,C,C,C,D,R,R,R,R,R,C,C,C,C,C,C,0
63f78d9a7a3d118594efff74,789.0,4526,Latino/Hispanic,High school diploma/A-levels,32,Male,White,United States,United States,United States,English,No,Unemployed (and job seeking),BCBBDACCAC,0.2,0.0,0.0,ground,Fail,20.0,2.0,3.0,Fail Box,Non-STEM Track,0.0,0.0,black,0,0,1,0,0,0,0,0,0,"Given the original Stem quiz I took first, I found that I didn't do very good and wouldn't be capable of potentially getting at least 3 correct and took the risk on the Non-Stem track being better suited for me.","I thought the wording of the explanations could have been easier to understand, beyond that it was fine. Thank you for the study.",Non-STEM Track,B,D,C,B,B,A,B,C,D,B,A,D,C,A,C,B,A,C,C,D,R,R,R,R,R,C,C,C,C,C,C,0
5e6c057dbc9dab1ba2c5bac4,1526.0,1819,White,Graduate degree (MA/MSc/MPhil/other),71,Male,White,United States,United States,United States,English,No,Other,DCB_DBD___,0.2,0.0,0.0,ground,Fail,75.0,5.0,7.0,Fail Box,STEM Track,0.0,0.0,black,0,1,0,0,0,0,0,0,0,Math ba computer science ms,A little rusty on the geometry questions that I thought were a piece of cake in highschool.,STEM Track,D,B,C,B,B,C,,,D,A,B,D,D,C,,C,,,,C,R,R,C,C,C,C,C,C,C,C,C,1
6774e29d35bfe170ef2d81f4,772.0,136,White,Technical/community college,50,Male,White,United States,United States,United States,English,No,Full-Time,BCADABACCB,0.4,0.0,0.0,negative,Pass,30.0,2.0,3.0,Fail Box,Non-STEM Track,0.0,0.0,red,0,0,1,0,1,0,0,0,0,I am better with words than numbers,No,Non-STEM Track,B,D,C,B,A,A,D,C,A,B,B,D,A,A,C,B,C,C,B,D,R,R,R,R,R,C,C,C,C,C,C,0
5e4f1498f5442136deff0d6e,1079.0,1360,White,High school diploma/A-levels,25,Male,White,United States,United States,United States,English,Yes,Part-Time,BDABBBDDCB,0.6,0.0,0.0,positive,Pass,30.0,5.0,5.0,Pass Box,STEM Track,0.0,0.0,black,0,0,1,1,0,0,0,0,0,I like math and science ,it was fine ,STEM Track,B,B,D,B,A,C,B,C,B,A,B,D,D,C,D,A,C,B,B,C,R,R,R,R,C,C,C,C,C,C,C,1
611830fe665c7b68723910b3,881.0,7373,Mixed,High school diploma/A-levels,48,Male,Mixed,United States,United States,United States,English,No,Full-Time,DABDDABBBB,0.2,0.0,0.0,ground,Pass,20.0,3.0,2.0,Pass Box,STEM Track,0.0,0.0,red,0,0,1,0,0,0,0,0,0,It seemed reasonable that I could get at least two of the questions right.,No feedback.,STEM Track,D,B,A,C,B,C,D,D,D,A,A,D,B,C,B,B,B,C,B,B,R,R,R,R,C,C,C,C,C,C,C,1
67b638def54b0efbedb25462,187.0,9,White,High school diploma/A-levels,21,Female,White,United States,United States,United States,English,Yes,Unemployed (and job seeking),BCCBCDACAA,0.3,0.0,0.0,positive,Pass,50.0,3.0,3.0,Fail Box,Non-STEM Track,0.0,0.0,red,0,0,1,0,0,0,0,0,0,It was interesting. ,It was interesting. ,Non-STEM Track,B,D,C,B,C,A,B,C,C,B,D,B,A,A,C,D,A,C,A,A,R,R,C,C,R,C,R,C,C,R,C,0
63d77a647dbf6c0c53b0d375,609.0,3224,Mixed,Technical/community college,38,Male,White,United States,United States,United States,English,Yes,Part-Time,CDBBBCDBBB,0.4,0.0,0.0,positive,Pass,45.0,4.0,4.0,Not Sure,Non-STEM Track,0.0,0.0,red,0,0,1,0,0,0,0,0,0,"I hate having to do math quickly, I like time to work things out",No problems,Non-STEM Track,C,D,D,B,B,A,B,C,B,B,C,D,D,A,B,B,B,C,B,D,R,R,R,R,R,C,C,C,C,C,C,0
67a926500aa476ab292e59a2,1374.0,34,White,Undergraduate degree (BA/BSc/other),34,Female,White,United States,United States,United States,English,No,Due to start a new job within the next month,DADBBB____,0.4,1.0,11.059,positive,Pass,2.0,6.0,1.0,Pass Box,STEM Track,1.0,14.749,black,0,0,1,0,0,0,0,0,0,I didn't take the STEM track,A lot harder than I thought.,STEM Track,D,B,A,C,D,C,B,B,B,A,B,D,,C,,A,,,,,R,R,R,R,R,R,C,C,C,C,C,1
597f662f89542d0001517d78,695.0,6320,White,Undergraduate degree (BA/BSc/other),43,Male,White,United States,United States,United States,English,No,Full-Time,DCDCBBACCB,0.5,0.0,0.0,negative,Pass,50.0,1.0,1.0,Pass Box,Non-STEM Track,0.0,0.0,red,0,0,1,0,0,0,0,0,0,The math problems were hard. I figured non-stem couldn't be worse. ,"The math was tough, I'm out of practice on those. The English part was easy. ",Non-STEM Track,D,D,C,B,D,A,C,C,B,B,B,D,A,A,C,B,C,C,B,D,R,C,C,C,C,C,C,C,C,C,C,0
656c1adbdb298e7230d7b396,1668.0,790,Latino/Hispanic,Technical/community college,55,Female,White,Colombia,United States,United States,Spanish,No,"Not in paid work (e.g. homemaker', 'retired or disabled)",DBBADCBBAD,0.0,0.0,0.0,ground,Fail,99.0,1.0,1.0,Pass Box,STEM Track,0.0,0.0,black,0,1,0,0,0,0,0,0,0,Para retarme a mí misma,Anxiety,STEM Track,D,A,B,B,B,C,A,A,D,A,C,D,B,D,B,B,A,D,D,B,C,C,C,C,C,C,C,C,C,C,C,1
6679bd4fb5b9e65d18153edb,1547.0,335,White,High school diploma/A-levels,35,Male,White,United States,United States,United States,English,DATA_EXPIRED,DATA_EXPIRED,DB_______A,0.0,0.0,0.0,negative,Fail,85.0,3.0,3.0,Fail Box,Non-STEM Track,0.0,0.0,black,0,0,1,1,0,0,0,0,0,Because I had no confidence in getting any STEM questions correct,semi stressful in STEM but otherwise engaging,Non-STEM Track,D,D,B,B,,A,,C,,B,,D,,A,,B,,C,A,D,R,R,R,R,R,C,C,C,C,C,C,0
5bcbde9d08a62c0001f86bd0,517.0,6399,White,Undergraduate degree (BA/BSc/other),42,Male,White,United States,United States,United States,English,No,Full-Time,CDBBDCBBBB,0.2,1.0,15.84,positive,Fail,60.0,4.0,5.0,Fail Box,Non-STEM Track,0.0,0.0,red,0,0,1,0,0,0,0,0,0,math destroys my brain,"it was ok, thanks for the opportunity",Non-STEM Track,C,D,D,B,B,A,B,C,D,B,C,D,B,A,B,B,B,C,B,D,R,R,R,R,R,C,C,C,C,C,C,0
66eb8f1bb2f36d46387aa1b2,1396.0,443,White,High school diploma/A-levels,58,Male,White,United States,United States,United States,English,No,"Not in paid work (e.g. homemaker', 'retired or disabled)",CBB__D_B__,0.0,0.0,0.0,negative,Fail,10.0,1.0,1.0,Fail Box,Non-STEM Track,0.0,0.0,black,0,1,1,0,0,0,0,0,0,I was a horrible algebra student! That stuff went WAY over my head!,Very interesting! Hope I qualified for the bonus!,Non-STEM Track,C,D,B,B,B,A,,C,,B,D,D,,A,B,B,,C,,D,R,R,R,R,R,C,C,C,C,C,C,0
65eab94c2e93163efc291e8c,610.0,515,White,Undergraduate degree (BA/BSc/other),37,Male,White,United States,United States,United States,English,No,Full-Time,DBCDCDBBCB,0.3,0.0,0.0,positive,Pass,85.0,2.0,2.0,Fail Box,STEM Track,0.0,0.0,red,0,0,1,0,1,0,0,0,0,Because I thought it could be worth taking for the bonus payment of $2.,The questions were very tough for someone who hasn't used math extensively within the past 20 years.,STEM Track,D,D,B,C,C,C,D,C,C,C,D,C,B,C,B,C,C,C,B,C,R,R,R,R,R,C,C,C,C,C,C,1
665e680164927b18554b66ec,974.0,900,White,Undergraduate degree (BA/BSc/other),53,Male,White,United States,United States,United States,English,No,Full-Time,ABACDACCCA,0.3,1.0,1.407,positive,Pass,50.0,3.0,3.0,Pass Box,Non-STEM Track,0.0,0.0,black,0,0,1,0,0,0,0,0,0,The math questions were tedious. ,The experience was fine. No additional feedback. ,Non-STEM Track,A,D,B,B,A,A,C,C,D,B,A,D,C,A,C,B,C,C,A,D,R,R,R,R,C,C,C,C,C,C,C,0
5b05e0d131cebe000177c38e,1108.0,3867,White,High school diploma/A-levels,42,Male,White,United States,United States,United States,English,DATA_EXPIRED,Unemployed (and job seeking),BCACBDACDA,0.2,0.0,0.0,negative,Pass,10.0,2.0,2.0,Pass Box,Non-STEM Track,0.0,0.0,red,0,0,1,1,0,0,0,0,0,Because I am awful at STEM quizzes,It was fine,Non-STEM Track,B,D,C,B,A,A,C,C,B,B,D,D,A,A,C,B,D,C,A,D,R,R,R,R,C,C,C,C,C,C,C,0
66c8ac7da0e6e729c2c90d2d,763.0,871,White,Technical/community college,24,Male,White,United States,United States,United States,English,Yes,Other,AADCBAAA__,0.3,0.0,0.0,negative,Pass,30.0,2.0,3.0,Pass Box,Non-STEM Track,0.0,0.0,red,0,0,1,1,0,0,0,0,0,I felt I would be better at it.,"It was difficult and I felt the initial 10 minute time estimate was very inaccurate, however otherwise it was fine.",Non-STEM Track,A,D,A,B,D,A,C,C,B,B,A,D,A,A,A,B,,C,,C,R,R,C,C,C,C,C,C,C,C,C,0
652d616c13aa00700bfdce1e,953.0,2162,South East Asian,Undergraduate degree (BA/BSc/other),32,Male,Asian,United States,United States,United States,Vietnamese,No,DATA_EXPIRED,DCDBBBDCCB,0.7,0.0,0.0,ground,Pass,50.0,6.0,5.0,Pass Box,STEM Track,0.0,0.0,red,0,0,1,0,0,0,0,0,0,parents,good,STEM Track,D,B,C,B,D,C,B,A,B,A,B,D,D,C,C,A,C,B,B,C,R,R,R,R,R,R,C,C,C,C,C,1
66b75d263e993100952a197e,1082.0,811,White,Graduate degree (MA/MSc/MPhil/other),66,Male,White,United States,United States,United States,English,No,Other,DAAABBACAB,0.5,0.0,0.0,ground,Pass,25.0,5.0,4.0,Pass Box,Non-STEM Track,0.0,0.0,red,0,0,1,0,0,0,0,0,0,It's been 40 years since my college level STEM math.,"Math was frustrating with the time constraints, no question that I understood the processes but didn't want to lose time writing algebra, derivatives, etc.  Non-STEM language was easy.",Non-STEM Track,D,D,A,B,A,A,A,C,B,B,B,D,A,A,C,B,A,C,B,D,R,R,R,C,C,C,C,C,C,C,C,0
5d30790f326b0f0017a2a828,936.0,2544,White,High school diploma/A-levels,31,Male,White,United States,United States,United States,English,Yes,Full-Time,DDACBADBCB,0.4,0.0,0.0,ground,Pass,40.0,4.0,4.0,Pass Box,Non-STEM Track,0.0,0.0,red,0,0,1,0,0,0,0,0,0,I felt my strengths lied in more Non-STEM information.,"It was a very interesting process, I liked it.",Non-STEM Track,D,D,D,B,A,A,C,C,B,B,A,D,D,A,B,B,C,C,B,D,R,R,R,R,C,C,C,C,C,C,C,0
5e79340b6d9a624e3f39586d,720.0,8311,Mixed,Undergraduate degree (BA/BSc/other),46,Male,Mixed,United States,United States,United States,English,No,Full-Time,BAADBCDCCA,0.5,0.0,0.0,positive,Pass,35.0,2.0,3.0,Pass Box,Non-STEM Track,0.0,0.0,black,0,0,1,0,0,0,0,0,0,I am better at subjects like history and language arts than I am with STEM,no feedback; thank you for the study,Non-STEM Track,B,D,A,B,A,A,D,C,B,B,C,D,D,A,C,B,C,C,A,D,R,R,R,R,C,C,C,C,C,C,C,0
571bdf806b0894001262df5b,615.0,1438,Black/African American,Undergraduate degree (BA/BSc/other),73,Female,Black,United States,United States,United States,English,No,Other,DABCCBCCAC,0.3,0.0,0.0,negative,Fail,50.0,1.0,5.0,Fail Box,Non-STEM Track,0.0,0.0,black,0,0,1,0,0,0,0,0,0,I have no stem education.  Before my time.,Way over my head.   Haven't been in school in many decades.,Non-STEM Track,D,D,A,B,B,A,C,C,C,B,B,D,C,A,C,B,A,C,C,D,R,R,R,R,R,C,C,C,C,C,C,0
627986ad0b4e17430bd23d80,1266.0,5656,East Asian,Undergraduate degree (BA/BSc/other),35,Male,Asian,United States,United States,United States,Vietnamese,DATA_EXPIRED,DATA_EXPIRED,__________,0.0,0.0,0.0,positive,Fail,25.0,4.0,3.0,Fail Box,STEM Track,0.0,0.0,red,0,0,1,0,0,0,0,0,0,I wanted to challenge myself and see if I can receive the monetary incentive. ,"I thought the experience was great! Everything went smoothly and I found the math questions to be very challenging, because it has been awhile since I've done math. ",STEM Track,,B,,B,,D,,B,,B,,D,,C,,B,,B,,B,R,R,R,C,C,C,C,C,C,C,C,1
67335ac03cc5d5cf13c0ae4b,1122.0,475,White,Undergraduate degree (BA/BSc/other),24,Female,White,United States,United States,United States,English,No,Full-Time,DABBBBDBAA,0.5,0.0,0.0,negative,Pass,45.0,6.0,4.0,Pass Box,STEM Track,0.0,0.0,red,0,1,1,0,0,0,1,0,0,"I wanted to choose the STEM track because I have always been especially interested and good at math and science. When I learned about computer science, it immediately clicked - it was like solving puzzles and I was so excited to find something that challenged me the way that it does. ",This was definitely a challenge - it makes me want to brush up on my math!  ,STEM Track,D,B,A,B,B,C,B,B,B,A,B,B,D,C,B,A,A,C,A,C,R,R,R,R,R,C,C,C,C,C,C,1
62e174454a461d00781acfe1,1004.0,1465,Latino/Hispanic,Undergraduate degree (BA/BSc/other),26,Female,Other,Mexico,United States,United States,Spanish,No,Full-Time,CBABDBDCCA,0.5,1.0,0.0,ground,Pass,33.0,4.0,2.0,Fail Box,Non-STEM Track,0.0,0.0,red,0,0,1,0,0,0,0,0,0,I have a greater comprehension of non-stem related questions,"The stem questions were very difficult for me but overall, it was an exciting challenge. ",Non-STEM Track,C,D,B,B,A,A,B,C,D,B,B,D,D,A,C,B,C,C,A,D,R,R,R,R,R,C,C,C,C,C,C,0
669a92a04b3c1065d6548062,392.0,297,African,High school diploma/A-levels,20,Female,Black,United States,United States,United States,English,Yes,Part-Time,BABBDBACCB,0.6,3.0,18.226,positive,Pass,5.0,0.0,1.0,Pass Box,Non-STEM Track,0.0,0.0,black,0,0,1,0,0,0,0,0,0,easy i guess,good,Non-STEM Track,B,C,A,B,B,A,B,C,D,B,B,B,A,A,C,D,C,A,B,C,C,C,R,R,R,C,R,C,C,C,R,0
66d981a72dee743557188f95,696.0,392,White,Technical/community college,32,Male,White,United States,United States,United States,English,No,Full-Time,BACBDBBACA,0.5,1.0,3.904,negative,Pass,50.0,3.0,5.0,Pass Box,Non-STEM Track,0.0,0.0,red,0,0,1,0,1,0,0,0,0,More confidence in my abilities in the non-stem track,"Process was fun, thank you, I hope it helps you",Non-STEM Track,B,D,A,B,C,A,B,C,D,B,B,D,B,A,A,B,C,C,A,D,R,R,R,C,C,C,C,C,C,C,C,0
662ad9c7673f1b65868e47de,600.0,1143,Latino/Hispanic,Undergraduate degree (BA/BSc/other),33,Female,White,"Venezuela, Bolivarian Republic of",United States,United States,Spanish,DATA_EXPIRED,DATA_EXPIRED,BCBCACDCCD,0.3,0.0,0.0,negative,Pass,20.0,3.0,2.0,Fail Box,STEM Track,0.0,0.0,red,0,1,0,0,0,0,0,0,0,because the bonus payment was bigger,I am not a math person so it was difficult for me,STEM Track,B,A,C,A,B,C,C,D,A,C,C,B,D,D,C,B,C,B,D,C,R,R,R,R,R,R,R,C,C,C,C,1
673b5242cd8343023316ee4e,1558.0,54,White,Graduate degree (MA/MSc/MPhil/other),58,Male,White,United States,United States,United States,English,No,DATA_EXPIRED,BDADBBABAB,0.3,0.0,0.0,negative,Fail,50.0,4.0,5.0,Pass Box,Non-STEM Track,0.0,0.0,red,0,0,0,0,0,0,1,0,0,I was not sure if i could pass all,it was good and challenging ,Non-STEM Track,B,D,D,B,A,A,D,C,B,B,B,D,A,A,B,B,A,C,B,D,R,R,R,R,R,R,R,R,R,R,R,0
5a21f3731a1ad3000138f901,861.0,2109,White,Undergraduate degree (BA/BSc/other),58,Male,White,United States,United States,United States,English,No,Unemployed (and job seeking),DCCCDBABCB,0.4,0.0,0.0,negative,Fail,20.0,6.0,5.0,Fail Box,Non-STEM Track,0.0,0.0,black,0,0,1,0,0,0,0,0,0,I'm old and don't remember my STEM stuff.,It took 4 minutes longer than expected.,Non-STEM Track,D,D,C,B,C,A,C,C,D,B,B,D,A,A,B,B,C,C,B,D,R,R,R,R,R,C,C,C,C,C,C,0
653bdfd30e0f1ce72623a6b6,705.0,1508,Other (please feel free to let us know your ethnicity via email),Undergraduate degree (BA/BSc/other),25,Female,Other,United States,United States,United States,English,No,Full-Time,BDADAAABCB,0.2,0.0,0.0,negative,Pass,50.0,1.0,1.0,Not Sure,Non-STEM Track,0.0,0.0,red,0,0,1,0,0,0,0,0,0,I am not interested im STEM at all. ,It was a fun experience. ,Non-STEM Track,B,D,D,B,A,A,D,C,A,B,A,D,A,A,B,B,C,C,B,C,R,R,R,C,C,C,C,C,C,C,C,0
65f4de464a8635751f0c14f2,821.0,1721,White,High school diploma/A-levels,39,Female,White,United States,United States,United States,English,No,Full-Time,DDAABBCBAB,0.3,0.0,0.0,negative,Fail,30.0,4.0,4.0,Pass Box,STEM Track,0.0,0.0,red,0,0,1,0,0,0,0,0,0,Seemed interesting,Fun,STEM Track,D,A,D,B,A,C,A,D,B,A,B,B,C,C,B,C,A,D,B,B,R,C,C,C,C,C,C,C,C,C,C,1
66439c3bab98bb0158f84946,681.0,1581,White,Undergraduate degree (BA/BSc/other),36,Female,White,United States,United States,United States,English,DATA_EXPIRED,DATA_EXPIRED,DABCABDCBB,0.5,0.0,0.0,negative,Pass,60.0,3.0,3.0,Pass Box,Non-STEM Track,0.0,0.0,red,0,0,1,0,0,0,0,0,0,I thought I would do better at the non-STEM questions and I was correct.,"The math questions were very difficult for someone who hasn't done higher level math in over a decade, but that was probably by design.",Non-STEM Track,D,D,A,B,B,A,C,C,A,B,B,D,D,A,C,B,B,C,B,D,R,R,R,R,R,R,C,C,C,C,C,0
5fd0ef1dbfdf0801f669f642,311.0,3259,East Asian,Undergraduate degree (BA/BSc/other),33,Male,Asian,United States,United States,United States,English,Yes,Full-Time,DBCBCCDCBC,0.4,0.0,0.0,negative,Pass,35.0,4.0,3.0,Pass Box,STEM Track,0.0,0.0,red,0,0,1,0,1,0,0,0,0,Opportunities and interest ,No,STEM Track,D,B,B,B,C,B,B,B,C,C,C,B,D,C,C,B,B,C,C,C,R,R,C,R,C,C,C,C,C,C,C,1
677827d4ae4731d43ad6c64b,782.0,206,Black/African American,Graduate degree (MA/MSc/MPhil/other),56,Female,Black,United States,United States,United States,English,No,"Not in paid work (e.g. homemaker', 'retired or disabled)",DDABBCCCAC,0.3,0.0,0.0,ground,Fail,65.0,4.0,5.0,Fail Box,Non-STEM Track,0.0,0.0,black,0,1,1,0,0,0,0,0,0,Easier,no,Non-STEM Track,D,D,D,B,A,A,B,C,B,B,C,D,C,A,C,B,A,C,C,D,R,R,R,R,R,C,C,C,C,C,C,0
62fc68b4f44b013950b67b11,823.0,3224,White,High school diploma/A-levels,31,Male,White,United States,United States,United States,English,DATA_EXPIRED,DATA_EXPIRED,BADCDCABCA,0.2,0.0,0.0,ground,Pass,50.0,1.0,0.0,Pass Box,Non-STEM Track,0.0,0.0,red,0,0,1,0,0,0,0,0,0,I'm not mathematically inclined.,I cannot do math so I admit I guessed for the first section.,Non-STEM Track,B,D,A,B,D,A,C,C,D,B,C,D,A,A,B,B,C,C,A,D,R,R,R,R,R,R,R,R,C,C,C,0
6630ec1ebe18d48a3cecb54e,1623.0,1068,South East Asian,Undergraduate degree (BA/BSc/other),34,Male,Asian,United States,United States,Philippines,English,No,Full-Time,DABBCCCCBD,0.3,0.0,0.0,positive,Fail,55.0,2.0,4.0,Fail Box,STEM Track,0.0,0.0,red,0,0,1,0,0,0,0,0,0,I love technology and one of my main hobbies is building computers for gaming purposes,"Overall, I had a positive experience taking this survey. It made me feel a student again where I was challenged with taking exams similar to this one which is both nostalgic and enjoyable for me. I did not experience any issues while taking this study and thank you for giving me this opportunity to take it.",STEM Track,D,C,A,B,B,C,B,C,C,A,C,D,C,C,C,A,B,C,D,C,R,R,R,R,R,R,C,C,C,C,C,1
611e6cebefce9efe7cef106e,1120.0,832,White,High school diploma/A-levels,66,Female,White,United States,United States,United States,English,No,"Not in paid work (e.g. homemaker', 'retired or disabled)",BADAACDCAA,0.3,0.0,0.0,ground,Pass,0.0,2.0,0.0,Pass Box,STEM Track,0.0,0.0,red,0,1,1,0,0,0,0,0,0,Wanted to see if I could do the math.,I see I don't remember math as well.,STEM Track,B,B,A,A,D,D,A,C,A,B,C,D,D,C,C,C,A,A,A,B,R,R,R,R,R,C,C,C,C,C,C,1
59a32fe4bfd73c00010ea43d,519.0,699,White,Graduate degree (MA/MSc/MPhil/other),28,Male,White,United States,United States,United States,English,No,Full-Time,DAACABBBAA,0.2,0.0,0.0,ground,Fail,50.0,2.0,4.0,Pass Box,Non-STEM Track,2.0,3.321,black,0,0,1,0,0,0,0,0,0,"Because I went to college specifically for English, so I had a better chance of doing well.","Everything was fine, no notes! ",Non-STEM Track,D,D,A,B,A,A,C,C,A,B,B,D,B,A,B,B,A,C,A,D,R,R,R,R,R,R,R,C,C,C,C,0
5c0e9691a2f251000137ead2,1309.0,340,White,Undergraduate degree (BA/BSc/other),44,Male,White,United States,United States,United States,English,No,Other,BADCCCBCBB,0.3,0.0,0.0,negative,Pass,60.0,3.0,3.0,Pass Box,STEM Track,0.0,0.0,red,1,1,1,1,1,0,0,0,0,"A few reasons, I assumed the questions would be more challenging which I'd rank as more entertaining. Quitting also reaked of failure, which would be double irksome since I wasn't prepared for a math quiz and didn't even have a calculator on hand. And, of course, I assumed I could manage to answer more than 3 questions correctly either via existing math knowledge or chance.","Well, I'm going to say having an unexpected TIMED math quiz dropped on you is the stuff of nightmares for many people. But, hey, it's certainly not the worst thing that's happened to me recently, kinda refreshing in that regard, since it was a harmless challenge, and no one ended up in the hospital or cemetary, so that's better than the last few months have gone for me in comparison.",STEM Track,B,B,A,A,D,D,C,C,C,A,C,D,B,C,C,C,B,A,B,C,R,R,R,R,C,C,C,C,C,C,C,1
6110a371c00388d587922ff1,276.0,2290,White,Technical/community college,37,Female,White,United States,United States,United States,English,No,Unemployed (and job seeking),BCABBDBADB,0.3,0.0,0.0,negative,Pass,20.0,4.0,0.0,Not Sure,Non-STEM Track,0.0,0.0,red,0,0,1,0,0,0,0,0,0,not sure,no,Non-STEM Track,B,D,C,D,A,A,B,C,B,B,D,A,B,A,A,D,D,C,B,D,R,R,R,R,C,C,C,C,C,C,C,0
6746319f1aea9020c91d4f4d,690.0,318,White,Technical/community college,52,Male,White,United States,United States,United States,English,No,"Not in paid work (e.g. homemaker', 'retired or disabled)",DDCBADABAA,0.2,0.0,0.0,ground,Pass,0.0,0.0,0.0,Pass Box,Non-STEM Track,0.0,0.0,red,1,1,1,0,0,0,0,0,0,i have not been in scool for a long time.,section 1 was difficult for me,Non-STEM Track,D,D,D,B,C,A,B,C,A,B,D,D,A,A,B,B,A,C,A,D,R,R,R,C,C,C,C,C,C,C,C,0
63e55887d67a5c7e32a678fa,932.0,2866,White,High school diploma/A-levels,43,Female,White,United States,United States,United States,English,No,Full-Time,CCDDCBACAA,0.2,0.0,0.0,positive,Fail,78.0,2.0,3.0,Fail Box,STEM Track,0.0,0.0,red,0,0,1,0,0,0,0,0,0,"I like figuring out problems, reminds me of school, kind of miss it.",It was hard and difficult. Had questions I don't even remember in high school!,STEM Track,C,D,C,D,D,D,D,C,C,C,B,B,A,C,C,B,A,B,A,D,R,R,R,C,C,C,C,C,C,C,C,1
5589a309fdf99b7ae5007c33,751.0,2741,White,High school diploma/A-levels,47,Male,White,United States,United States,United States,English,No,Full-Time,DAACCBDBCB,0.5,5.0,18.171,positive,Pass,60.0,4.0,5.0,Not Sure,Non-STEM Track,0.0,0.0,red,0,0,1,0,0,0,0,0,0,"I'm more confident in my non-STEM abilities, I'm an avid reader and enjoy non-STEM subjects more.","Everything went smoothly, there were no problems.",Non-STEM Track,D,D,A,B,A,A,C,C,C,B,B,D,D,A,B,B,C,C,B,D,R,R,R,R,C,C,C,C,C,C,C,0
60bfd72cbf383d740b0d9b00,472.0,924,White,Undergraduate degree (BA/BSc/other),24,Female,White,United States,United States,United States,English,Yes,Full-Time,DADDCAABAC,0.1,0.0,0.0,negative,Fail,40.0,2.0,4.0,Fail Box,Non-STEM Track,0.0,0.0,black,0,0,1,0,1,1,0,0,0,I haven't taken a math class since I was 16,I felt so stressed during the math questions. Kinda sad I can't remember how to do it,Non-STEM Track,D,D,A,B,D,A,D,C,C,B,A,D,A,A,B,B,A,C,C,D,R,R,R,R,R,C,C,C,C,C,C,0
59a6d98590dec70001731889,903.0,932,Mixed,High school diploma/A-levels,33,Female,Mixed,Philippines,United States,United States,English,DATA_EXPIRED,DATA_EXPIRED,BCDADCBCBA,0.1,0.0,0.0,negative,Pass,99.0,1.0,1.0,Fail Box,STEM Track,0.0,0.0,red,0,0,1,0,0,0,0,0,0,I knew that there was a chance some of the questions were easier than the last test. So I had a chance of getting one correct,This was really tough I had to really think,STEM Track,B,A,C,A,D,B,A,C,D,B,C,B,B,C,C,C,B,B,A,D,R,R,R,R,R,C,C,C,C,C,C,1
678e27dc56184eb3ca82fd48,2389.0,49,White,Graduate degree (MA/MSc/MPhil/other),25,Male,White,United States,United States,United States,English,No,DATA_EXPIRED,AADB______,0.3,0.0,0.0,ground,Fail,80.0,8.0,5.0,Fail Box,STEM Track,0.0,0.0,black,0,0,1,0,0,0,0,0,0,because i love to take up challenges ,i love this study,STEM Track,A,B,A,A,D,C,B,A,,A,,D,,C,,A,,B,,C,R,R,R,R,R,R,R,R,R,R,R,1
632b9d9bc38454f47019295c,1353.0,4020,White,Graduate degree (MA/MSc/MPhil/other),46,Male,White,United States,United States,United States,English,No,Unemployed (and job seeking),BCABBBDBAD,0.4,0.0,0.0,ground,Fail,50.0,5.0,5.0,Fail Box,Non-STEM Track,0.0,0.0,black,0,0,1,0,0,0,0,0,0,I felt like I could do better because I am very rusty in STEM subjects. ,I realized that I forgot how to do some of the Math.  It is something that you have to be repetitive with to be good at. ,Non-STEM Track,B,D,C,B,A,A,B,C,B,B,B,D,D,A,B,B,A,C,D,D,R,R,R,R,C,C,C,C,C,C,C,0
67421e5c304fac818596d7f0,562.0,146,White,Technical/community college,38,Female,Mixed,United States,United States,United States,English,No,Part-Time,ADCBDAADBC,0.3,0.0,0.0,ground,Pass,10.0,1.0,1.0,Pass Box,STEM Track,0.0,0.0,red,0,0,1,0,0,0,0,0,0,No real reason,,STEM Track,A,A,D,B,C,A,B,C,D,C,A,D,A,C,D,B,B,C,C,B,R,R,R,R,R,C,C,C,C,C,C,1
663a245615539171d9a3611a,892.0,651,White,Undergraduate degree (BA/BSc/other),25,Female,White,United States,United States,United States,English,No,Full-Time,DDABDBBCAB,0.4,0.0,0.0,ground,Pass,20.0,1.0,1.0,Pass Box,STEM Track,0.0,0.0,red,0,0,1,0,0,0,1,0,0,I chose the stem track for the bonus,stressful,STEM Track,D,B,D,C,A,C,B,B,D,A,B,D,B,D,C,C,A,B,B,B,R,C,C,C,C,C,C,C,C,C,C,1
6656525d91de4ff22fe48813,1102.0,1265,White,High school diploma/A-levels,49,Male,White,United States,United States,United States,English,Yes,Full-Time,CAB_______,0.1,0.0,0.0,ground,Fail,50.0,3.0,3.0,Not Sure,Non-STEM Track,0.0,0.0,black,0,0,1,0,0,0,0,0,0,I found that doing the initial math test to be very hard under the timed condition and preferred to try something different.,I thought the word test was fairly easy compared to the math test. But it was all good and thank you for allowing me to participate.,Non-STEM Track,C,D,A,B,B,A,,C,,B,,D,,A,,B,,C,,D,R,R,R,C,C,C,C,C,C,C,C,0
