,Intro.1.player.prolific_id,Section_1.1.player.question1,Section_1.1.player.question2,Section_1.1.player.question3,Section_1.1.player.question4,Section_1.1.player.question5,Section_1.1.player.question6,Section_1.1.player.question7,Section_1.1.player.question8,Section_1.1.player.question9,Section_1.1.player.question10,Section_1.1.player.stem_quiz_1_answers,Section_1.1.player.stem_quiz_1_score,Section_1.1.player.num_tab_switches_in_section_1,Section_1.1.player.total_time_hidden_in_section_1,Section_2_3.1.player.track,Section_2_3.1.player.path,Section_2_3.1.player.info_structure,Section_2_3.1.player.performance,Section_2_3.1.player.ball_color,Section_2_3.1.player.overplacement,Section_2_3.1.player.overestimation,Section_2_3.1.player.passing_threshold,Section_2_3.1.player.ball_origin_estimation,Section_4_5.1.player.question1,Section_4_5.1.player.question2,Section_4_5.1.player.question3,Section_4_5.1.player.question4,Section_4_5.1.player.question5,Section_4_5.1.player.question6,Section_4_5.1.player.question7,Section_4_5.1.player.question8,Section_4_5.1.player.question9,Section_4_5.1.player.question10,Section_4_5.1.player.quiz_2_answers,Section_4_5.1.player.quiz_2_score,Section_4_5.1.player.preferred_second_survey,Section_4_5.1.player.num_tab_switches_in_section_5,Section_4_5.1.player.total_time_hidden_in_section_5,Section_6.1.player.question1,Section_6.1.player.question2,Section_6.1.player.question3,Section_6.1.player.question4,Section_6.1.player.question5,Section_6.1.player.question6,Section_6.1.player.question7,Section_6.1.player.question8,Section_6.1.player.question9,Section_6.1.player.question10,Section_6.1.player.question11,Section_6.1.player.risk_tolerance_answers,Section_7.1.player.schools_private_independent,Section_7.1.player.schools_private_religious,Section_7.1.player.schools_public_school,Section_7.1.player.schools_homeschool,Section_7.1.player.schools_online_school,Section_7.1.player.schools_charter_school,Section_7.1.player.schools_all_girls_school,Section_7.1.player.schools_all_boys_school,Section_7.1.player.schools_stem_oriented_school,Section_7.1.player.track_decision,Section_7.1.player.experience,Section_7.1.player.preferred_second_survey,Time taken,Total approvals,Ethnicity,Highest education level completed,Age,Sex,Ethnicity simplified,Country of birth,Country of residence,Nationality,Language,Student status,Employment status
0,67acab4438884c095874c5a8,A,A,D,B,B,B,D,C,C,A,AADBBBDCCA,0.8,0.0,0.0,noisy,random,negative,Pass,red,80.0,7.0,6.0,Pass Box,B,A,C,A,A,D,C,C,B,C,BACAADCCBC,0.9,STEM Track,0.0,0.0,R,R,R,R,R,R,C,C,C,C,C,RRRRRRCCCCC,0,0,1,0,0,0,0,0,0,I have always enjoyed STEM. I think it keeps the brain active.,Good! ,STEM Track,1025.0,5,White,High school diploma/A-levels,25,Female,White,United States,United States,United States,English,No,Part-Time
1,607e0606cdc6ca6d24343932,D,A,C,B,D,B,D,C,,,DACBDBDC__,0.6,0.0,0.0,noisy,random,ground,Pass,red,99.0,6.0,1.0,Pass Box,B,B,B,B,A,B,C,A,B,C,BBBBABCABC,0.6,STEM Track,0.0,0.0,R,R,R,R,C,C,C,C,C,C,C,RRRRCCCCCCC,0,0,1,0,0,0,0,0,0,I enjoy solving problems and making money.,,STEM Track,1190.0,419,White,Undergraduate degree (BA/BSc/other),21,Female,White,United States,United States,United States,English,Yes,Part-Time
3,657b13119af722654ad05679,A,A,D,C,B,B,D,C,A,C,AADCBBDCAC,0.6,0.0,0.0,noisy,random,positive,Pass,black,80.0,7.0,6.0,Pass Box,B,A,C,A,A,D,C,A,B,C,BACAADCABC,1.0,STEM Track,0.0,0.0,R,R,R,R,C,C,C,C,C,C,C,RRRRCCCCCCC,0,0,1,0,0,0,0,0,0,I find myself more successful in the STEM track.,I had a lot fun solving and answering the questions.,STEM Track,1230.0,845,South East Asian,Undergraduate degree (BA/BSc/other),26,Female,Asian,United States,United States,United States,Vietnamese,No,Unemployed (and job seeking)
5,5a7e2829000dab00018c6081,C,A,D,C,D,A,B,C,B,D,CADCDABCBD,0.2,0.0,0.0,noisy,random,negative,Fail,red,25.0,2.0,4.0,Pass Box,D,B,A,C,B,D,A,B,C,D,DBACBDABCD,1.0,Non-STEM Track,0.0,0.0,R,R,R,R,R,C,C,C,C,C,C,RRRRRCCCCCC,0,0,1,0,0,0,0,0,0,STEM seemed hard.,,Non-STEM Track,736.0,619,White,Technical/community college,34,Male,White,United States,United States,United States,English,Yes,Unemployed (and job seeking)
6,663f24ed23e0359c4d0ba28b,D,B,A,C,B,D,D,D,B,C,DBACBDDDBC,0.2,0.0,0.0,noisy,random,positive,Pass,red,50.0,3.0,1.0,Pass Box,D,B,A,D,B,A,A,B,C,A,DBADBAABCA,0.7,Non-STEM Track,0.0,0.0,R,R,R,R,R,C,C,C,C,C,C,RRRRRCCCCCC,0,0,1,0,0,0,0,0,0,I feel as if I would do my best on the Non-STEM Track rather than the STEM track/,It was a fun test!,Non-STEM Track,853.0,244,Latino/Hispanic,High school diploma/A-levels,22,Male,Other,United States,United States,United States,Spanish,DATA_EXPIRED,DATA_EXPIRED
7,647652cb5644044df439e1fb,C,A,D,C,B,D,C,A,A,A,CADCBDCAAA,0.2,0.0,0.0,noisy,random,positive,Fail,red,56.0,5.0,4.0,Fail Box,D,B,A,C,B,D,A,B,C,D,DBACBDABCD,1.0,Non-STEM Track,0.0,0.0,R,R,R,R,R,C,C,C,C,C,C,RRRRRCCCCCC,0,0,1,0,0,0,0,0,0,I felt I could get more of the questions right since math is not my strong suite.,,Non-STEM Track,1006.0,2850,White,Undergraduate degree (BA/BSc/other),37,Female,White,United States,United States,United States,English,No,DATA_EXPIRED
9,5fc1e71eff237c1f8708ef5a,C,C,A,D,A,A,B,A,B,C,CCADAABABC,0.0,0.0,0.0,noisy,random,ground,Fail,black,50.0,3.0,2.0,Pass Box,D,B,A,C,B,D,A,C,C,A,DBACBDACCA,0.8,Non-STEM Track,0.0,0.0,R,R,R,C,C,C,C,C,C,C,C,RRRCCCCCCCC,0,0,1,0,0,0,0,0,0,I always pick the more safe option,That I need to brush up on my math,Non-STEM Track,809.0,5257,White,Undergraduate degree (BA/BSc/other),28,Male,White,United States,United States,United States,English,Yes,DATA_EXPIRED
10,673d25851173193daa4771ca,D,C,C,A,D,B,B,B,C,D,DCCADBBBCD,0.3,0.0,0.0,noisy,random,positive,Pass,black,25.0,1.0,2.0,Pass Box,A,C,C,D,A,B,D,C,B,B,ACCDABDCBB,0.3,STEM Track,0.0,0.0,R,R,R,R,R,R,R,R,C,C,C,RRRRRRRRCCC,0,0,1,0,0,0,0,0,0,"To be given another chance, thinking the problems would be easier.",It was fine.,STEM Track,831.0,287,White,High school diploma/A-levels,30,Female,White,United States,United States,United States,English,No,DATA_EXPIRED
11,5d474d1fab2d280015bb0110,A,B,C,B,B,B,D,B,D,B,ABCBBBDBDB,0.7,0.0,0.0,noisy,random,negative,Pass,red,33.0,4.0,5.0,Pass Box,D,B,A,C,B,D,A,B,C,D,DBACBDABCD,1.0,Non-STEM Track,0.0,0.0,R,R,R,R,R,C,C,C,C,C,C,RRRRRCCCCCC,1,0,1,0,0,0,0,0,0,I was not a STEM major in college and struggle with those questions.,"This was fun, but stressful.",Non-STEM Track,518.0,2712,East Asian,Graduate degree (MA/MSc/MPhil/other),36,Male,Asian,Vietnam,United States,United States,Chinese,DATA_EXPIRED,DATA_EXPIRED
12,673cff9ac211051fd40a2c36,D,A,D,B,B,B,D,C,C,B,DADBBBDCCB,0.8,0.0,0.0,noisy,random,ground,Fail,black,90.0,9.0,9.0,Fail Box,B,C,B,A,A,D,C,A,B,C,BCBAADCABC,0.8,STEM Track,0.0,0.0,R,R,R,R,R,C,C,C,C,C,C,RRRRRCCCCCC,1,0,0,0,0,0,0,0,0,I chose the STEM track because of my deep curiosity and passion for understanding how things work.,The reward feels a bit too technical considering the effort required. It would be more appropriate if the reward aligned better with the level of work involved.,STEM Track,984.0,298,Rather not say,Undergraduate degree (BA/BSc/other),27,Male,Other,United States,United States,United States,English,No,Full-Time
13,6716f4eb2129b8fac0ca5df9,A,A,D,B,A,B,D,C,D,B,AADBABDCDB,0.7,0.0,0.0,noisy,random,negative,Pass,red,90.0,6.0,5.0,Pass Box,B,A,C,A,A,D,D,A,C,C,BACAADDACC,0.8,STEM Track,0.0,0.0,R,R,R,R,R,R,C,C,C,C,C,RRRRRRCCCCC,0,0,1,0,0,0,0,0,0,To continue the challenge and increase my chances of bonus money.,no,STEM Track,632.0,202,White,Undergraduate degree (BA/BSc/other),24,Female,White,United States,United States,United States,English,Yes,DATA_EXPIRED
14,671acb9f5ff5180a6a5dceb3,B,C,D,B,A,B,C,A,C,D,BCDBABCACD,0.3,0.0,0.0,noisy,random,ground,Fail,black,27.0,3.0,8.0,Fail Box,C,B,C,D,A,A,C,D,C,C,CBCDAACDCC,0.4,STEM Track,0.0,0.0,R,R,R,R,R,R,R,C,C,C,C,RRRRRRRCCCC,1,0,1,0,0,0,0,0,0,all or nothing,it took me back to middle school and i all the math i forgot.,STEM Track,828.0,53,East Asian,High school diploma/A-levels,35,Male,Asian,United States,United States,United States,English,No,Other
15,5edf2043d53fce1c797d9f5d,B,D,B,A,C,A,B,A,B,C,BDBACABABC,0.0,0.0,0.0,noisy,random,positive,Fail,red,30.0,5.0,5.0,Fail Box,D,B,A,C,B,D,A,B,C,D,DBACBDABCD,1.0,Non-STEM Track,0.0,0.0,R,R,R,C,C,C,C,C,C,C,C,RRRCCCCCCCC,0,1,1,0,0,0,0,0,0,I failed the stem track,Less stem... haha,Non-STEM Track,393.0,396,White,High school diploma/A-levels,36,Male,White,United States,United States,United States,English,No,DATA_EXPIRED
16,66c13ab381431123d64a681f,D,A,C,C,B,A,B,C,B,A,DACCBABCBA,0.4,0.0,0.0,noisy,random,ground,Pass,red,10.0,1.0,1.0,Pass Box,D,B,A,C,B,D,A,B,C,D,DBACBDABCD,1.0,Non-STEM Track,0.0,0.0,R,R,R,C,C,C,C,C,C,C,C,RRRCCCCCCCC,0,1,1,0,0,0,0,0,0,I am terrible at math equations.,It was fine.,Non-STEM Track,537.0,599,White,High school diploma/A-levels,44,Female,White,United States,United States,United States,English,DATA_EXPIRED,Unemployed (and job seeking)
17,67658a37265a0fe50fee083e,D,D,B,C,A,C,B,C,A,A,DDBCACBCAA,0.1,0.0,0.0,noisy,random,ground,Pass,red,10.0,1.0,1.0,Not Sure,C,B,B,C,B,B,D,C,B,B,CBBCBBDCBB,0.1,STEM Track,0.0,0.0,R,R,R,R,C,C,C,C,C,C,C,RRRRCCCCCCC,0,0,1,1,0,0,0,0,0,Randomly chose it,It was hard math and long ,STEM Track,964.0,13,White,High school diploma/A-levels,30,Female,White,United States,United States,United States,English,No,Part-Time
20,672d025f410f6942b1524e97,A,A,D,B,B,B,,,,,AADBBB____,0.5,0.0,0.0,noisy,random,ground,Pass,red,0.0,5.0,5.0,Fail Box,D,B,A,C,B,D,A,B,C,D,DBACBDABCD,1.0,Non-STEM Track,0.0,0.0,R,R,R,R,R,C,C,C,C,C,C,RRRRRCCCCCC,0,0,1,0,0,0,0,0,0,Not really sure ,I'm not good at math so that part was a struggle for me,Non-STEM Track,771.0,9,White,High school diploma/A-levels,27,Female,White,United States,United States,United States,English,No,Part-Time
21,63616dc91955f5390f55d39b,D,A,C,B,D,B,B,C,B,A,DACBDBBCBA,0.5,0.0,0.0,noisy,random,negative,Pass,red,50.0,4.0,3.0,Pass Box,D,D,A,C,B,D,A,B,C,D,DDACBDABCD,0.9,Non-STEM Track,0.0,0.0,R,R,R,R,R,R,C,C,C,C,C,RRRRRRCCCCC,0,0,1,0,0,0,0,0,0,I'm not very good at math and figured I had a better chance at a bonus doing something else.,No feedback ,Non-STEM Track,760.0,391,White,High school diploma/A-levels,29,Male,White,United States,United States,United States,English,No,Other
22,6658b487ee74fc67e629df2c,B,C,B,D,B,A,C,B,D,A,BCBDBACBDA,0.1,3.0,20.547,noisy,random,negative,Fail,red,40.0,2.0,5.0,Pass Box,D,B,A,C,B,D,A,B,C,D,DBACBDABCD,1.0,Non-STEM Track,0.0,0.0,R,R,R,C,C,C,C,C,C,C,C,RRRCCCCCCCC,0,0,1,0,0,0,0,0,0,math is not my best subject,was fun thanks for having me,Non-STEM Track,328.0,143,White,Technical/community college,50,Male,White,United States,United States,United States,English,DATA_EXPIRED,DATA_EXPIRED
23,65d8e72260facc4cfd7be141,D,C,A,C,D,B,D,C,B,C,DCACDBDCBC,0.3,0.0,0.0,noisy,random,negative,Fail,black,45.0,6.0,5.0,Fail Box,D,B,A,C,B,D,A,B,C,D,DBACBDABCD,1.0,Non-STEM Track,0.0,0.0,R,R,R,R,R,C,C,C,C,C,C,RRRRRCCCCCC,1,0,0,0,0,0,1,0,0,it would be easier,i could have better answered the stem questions if i had more time,Non-STEM Track,1493.0,310,South East Asian,Undergraduate degree (BA/BSc/other),25,Female,Asian,United States,United States,United States,English,No,Full-Time
24,671aa38dd09c66a4c08586d5,D,D,C,B,C,C,C,C,C,C,DDCBCCCCCC,0.4,0.0,0.0,noisy,random,positive,Pass,black,20.0,2.0,2.0,Not Sure,D,B,A,C,B,D,A,B,C,D,DBACBDABCD,1.0,Non-STEM Track,0.0,0.0,R,R,R,R,R,R,R,C,C,C,C,RRRRRRRCCCC,0,1,1,0,0,0,0,0,0,I am horrible at mathematics.,The math questions were stressful and I felt out of my depth.,Non-STEM Track,389.0,212,White,Undergraduate degree (BA/BSc/other),37,Male,White,United States,United States,United States,English,No,Other
25,66d84e02c99eb8bbe8a3eb70,A,B,B,B,B,C,D,B,A,C,ABBBBCDBAC,0.4,0.0,0.0,noisy,random,negative,Pass,red,29.0,1.0,3.0,Fail Box,D,B,A,C,B,D,A,B,C,D,DBACBDABCD,1.0,Non-STEM Track,0.0,0.0,R,R,R,R,C,C,C,C,C,C,C,RRRRCCCCCCC,0,1,0,0,0,0,0,0,0,I'm not talented in math. ,The math questions were very difficult! ,Non-STEM Track,281.0,485,White,Undergraduate degree (BA/BSc/other),40,Female,White,United States,United States,United States,English,No,Full-Time
26,67acb019909044b8385e5879,B,B,C,D,B,C,D,D,B,D,BBCDBCDDBD,0.3,0.0,0.0,noisy,random,ground,Fail,black,50.0,3.0,4.0,Fail Box,D,B,A,C,B,D,A,B,C,D,DBACBDABCD,1.0,Non-STEM Track,0.0,0.0,R,R,R,R,C,C,C,C,C,C,C,RRRRCCCCCCC,0,0,1,0,0,0,0,0,0,I do not know a lot about STEM,good,Non-STEM Track,578.0,34,White,Technical/community college,23,Female,White,United States,United States,United States,English,No,"Not in paid work (e.g. homemaker', 'retired or disabled)"
27,60493e65aba91587246602a2,A,B,B,B,B,B,B,B,B,B,ABBBBBBBBB,0.5,0.0,0.0,noisy,random,ground,Pass,red,1.0,0.0,0.0,Pass Box,D,B,A,C,B,D,A,B,C,D,DBACBDABCD,1.0,Non-STEM Track,0.0,0.0,R,R,R,C,C,C,C,C,C,C,C,RRRCCCCCCCC,0,0,1,0,0,0,0,0,0,I don't like math,fine. I don't like math,Non-STEM Track,399.0,2830,Latino/Hispanic,Undergraduate degree (BA/BSc/other),71,Male,White,United States,United States,United States,Spanish,No,"Not in paid work (e.g. homemaker', 'retired or disabled)"
28,66d3cd7f9d78bdbee8f1053c,D,B,C,B,C,B,B,C,A,A,DBCBCBBCAA,0.4,0.0,0.0,noisy,random,ground,Fail,black,50.0,4.0,7.0,Fail Box,D,B,A,C,B,D,A,B,C,D,DBACBDABCD,1.0,Non-STEM Track,0.0,0.0,R,R,R,R,C,C,C,C,C,C,C,RRRRCCCCCCC,0,0,1,0,0,0,0,0,0,English has always been a better subject for me.,It reminded me how much I don't really get algebra.,Non-STEM Track,702.0,324,Mixed,High school diploma/A-levels,19,Female,Mixed,United States,United States,United States,English,No,Unemployed (and job seeking)
29,669d70875bed73f3e2ce81de,B,C,B,C,B,A,B,B,A,B,BCBCBABBAB,0.2,0.0,0.0,noisy,random,positive,Pass,black,4.0,3.0,1.0,Pass Box,C,B,C,B,B,A,D,B,B,C,CBCBBADBBC,0.3,STEM Track,0.0,0.0,R,R,R,R,R,R,R,R,R,R,R,RRRRRRRRRRR,0,1,1,0,0,0,0,0,0,I'm not sure why I chose that option for a challenge I guess.,I learned I'm probably still not good at math.,STEM Track,1028.0,413,Native American or Alaskan Native,Secondary education (e.g. GED/GCSE),44,Female,White,United States,United States,United States,English,No,"Not in paid work (e.g. homemaker', 'retired or disabled)"
30,649b3ba0c563aa2593be04d7,B,D,B,B,B,C,A,B,C,C,BDBBBCABCC,0.3,0.0,0.0,noisy,random,negative,Fail,red,22.0,2.0,4.0,Pass Box,D,B,A,C,B,D,A,B,C,D,DBACBDABCD,1.0,Non-STEM Track,0.0,0.0,R,R,R,R,C,C,C,C,C,C,C,RRRRCCCCCCC,0,0,1,0,0,0,0,0,0,Because I am useless at maths,"It was good, a nice, different type of study to do. ",Non-STEM Track,508.0,1505,White,Undergraduate degree (BA/BSc/other),53,Female,White,United Kingdom,United States,United States,Welsh,DATA_EXPIRED,Other
32,5cd10012174fc60016c10ffd,B,D,B,C,A,D,C,B,D,A,BDBCADCBDA,0.0,0.0,0.0,noisy,random,positive,Fail,red,0.0,1.0,1.0,Fail Box,D,B,A,C,B,A,A,B,C,D,DBACBAABCD,0.9,Non-STEM Track,0.0,0.0,R,R,R,C,C,C,C,C,C,C,C,RRRCCCCCCCC,0,0,1,0,0,0,0,0,0,I was hoping it was easier and I might actually get some answers correctly.,I was not sure of the math quiz but I tried my best. I enjoyed the survey.,Non-STEM Track,452.0,1961,White,Technical/community college,37,Female,White,United States,United States,United States,English,No,Full-Time
33,660c9fe7b2e6bf22bcc608b1,D,A,A,B,C,B,C,B,A,B,DAABCBCBAB,0.4,0.0,0.0,noisy,random,positive,Pass,black,50.0,4.0,4.0,Pass Box,D,B,A,C,B,D,A,B,C,D,DBACBDABCD,1.0,Non-STEM Track,0.0,0.0,R,R,R,R,R,C,C,C,C,C,C,RRRRRCCCCCC,0,0,1,0,0,0,0,0,0,Because I don't think my brain could read and attempt to comprehend and answer such math questions a second time.,It was an interesting experience and it also reminded me that I do not miss high school math at all. ,Non-STEM Track,1211.0,343,White,High school diploma/A-levels,31,Female,White,United States,United States,United States,English,Yes,Full-Time
34,67616d8e6f724ea73d21b44d,B,A,B,C,A,C,B,C,A,D,BABCACBCAD,0.2,0.0,0.0,noisy,random,positive,Fail,red,50.0,1.0,3.0,Fail Box,D,B,B,A,B,D,C,B,B,B,DBBABDCBBB,0.4,STEM Track,0.0,0.0,R,C,R,R,R,C,C,C,C,C,C,RCRRRCCCCCC,0,0,0,0,0,0,0,0,0,,,STEM Track,321.0,6,White,Undergraduate degree (BA/BSc/other),26,Male,White,United States,United States,United States,English,No,Full-Time
35,662fc34ba5a75802044a1f81,D,B,B,D,D,B,C,D,B,,DBBDDBCDB_,0.1,0.0,0.0,noisy,random,negative,Fail,black,45.0,3.0,7.0,Fail Box,D,B,A,C,B,D,A,B,C,D,DBACBDABCD,1.0,Non-STEM Track,0.0,0.0,R,R,R,R,R,R,C,C,C,C,C,RRRRRRCCCCC,0,0,1,0,0,0,0,0,0,because I knew I performed terribly on those difficult math questions,,Non-STEM Track,1053.0,511,Latino/Hispanic,Undergraduate degree (BA/BSc/other),52,Female,White,United States,United States,United States,English,No,Part-Time
36,65b815c60e980bdc150c964b,D,A,D,B,,,,,,,DADB______,0.2,0.0,0.0,noisy,random,ground,Fail,black,50.0,3.0,4.0,Fail Box,B,,C,,A,D,C,,,A,B_C_ADC__A,0.5,STEM Track,1.0,5.916,R,R,R,R,R,R,R,C,C,C,C,RRRRRRRCCCC,0,0,1,0,0,0,0,0,0,"I enjoy math problems, and I wanted the bigger bonus","I thought I needed some scratch paper, I tried to remember math lessons from high school",STEM Track,1237.0,86,Mixed,Graduate degree (MA/MSc/MPhil/other),26,Female,Mixed,United States,United States,United States,English,No,DATA_EXPIRED
37,5a21b5afd5510b0001977f1e,D,B,A,A,C,C,D,C,C,B,DBAACCDCCB,0.4,0.0,0.0,noisy,random,positive,Pass,red,66.0,0.0,1.0,Pass Box,D,B,A,C,B,D,A,B,C,D,DBACBDABCD,1.0,Non-STEM Track,0.0,0.0,R,R,R,R,R,R,R,C,C,C,C,RRRRRRRCCCC,0,1,1,0,0,0,0,0,0,It is not my strength,I was confused during math but aced the non-stem portion.,Non-STEM Track,436.0,216,White,Doctorate degree (PhD/other),35,Male,White,Bosnia and Herzegovina,United States,United States,Serbian,No,Full-Time
38,62df7fc27c9e824a7a774103,B,C,D,C,C,C,C,A,C,,BCDCCCCAC_,0.1,0.0,0.0,noisy,random,positive,Fail,red,10.0,2.0,3.0,Pass Box,D,B,A,C,B,D,A,B,C,D,DBACBDABCD,1.0,Non-STEM Track,0.0,0.0,R,R,R,R,C,C,C,C,C,C,C,RRRRCCCCCCC,0,0,1,0,0,0,0,0,0,I have dyscalculia.,,Non-STEM Track,806.0,1189,White,Undergraduate degree (BA/BSc/other),42,Male,White,United States,United States,United States,English,No,Full-Time
39,663171ab19ea2540eadfaadf,A,D,A,C,C,B,B,D,A,D,ADACCBBDAD,0.2,0.0,0.0,noisy,random,ground,Fail,black,40.0,6.0,9.0,Pass Box,D,A,A,C,B,D,A,C,C,D,DAACBDACCD,0.8,Non-STEM Track,0.0,0.0,R,R,R,R,R,R,R,R,C,C,C,RRRRRRRRCCC,0,1,1,0,0,0,0,0,0,Mathematics has never been my strong point,Fun survey,Non-STEM Track,665.0,198,Black/African American,High school diploma/A-levels,43,Female,Black,United States,United States,United States,English,No,"Not in paid work (e.g. homemaker', 'retired or disabled)"
40,60bfd281d3caa11b1cbc27ad,D,A,A,D,D,B,B,C,D,,DAADDBBCD_,0.3,0.0,0.0,noisy,random,negative,Pass,red,0.0,1.0,1.0,Pass Box,B,B,D,D,A,D,C,D,A,B,BBDDADCDAB,0.4,STEM Track,0.0,0.0,R,R,R,R,R,C,C,C,C,C,C,RRRRRCCCCCC,1,0,1,0,0,0,0,0,0,"Because I only needed to get one question right to receive a bonus; whereas, if I had chosen the normal track I would have needed to get multiple questions right","Math is hard. Haven't thought about any of these types of problems in years. No feedback, just wanted to share :)",STEM Track,1382.0,276,White,Undergraduate degree (BA/BSc/other),25,Female,White,United States,United States,United States,English,No,Part-Time
41,66b66a093af457af36097219,D,C,B,B,D,A,B,C,B,,DCBBDABCB_,0.2,0.0,0.0,noisy,random,ground,Fail,black,75.0,5.0,5.0,Fail Box,B,A,D,D,B,D,C,B,C,B,BADDBDCBCB,0.4,STEM Track,0.0,0.0,R,C,C,C,C,C,C,C,C,C,C,RCCCCCCCCCC,0,0,1,0,0,0,0,0,0,Just thought maybe I could answer the questions correctly,The experiences was good.,STEM Track,1282.0,184,White,Technical/community college,33,Female,White,United States,United States,United States,English,No,Full-Time
42,666786e72031dd6ccf364b5b,C,D,C,D,A,D,B,D,C,B,CDCDADBDCB,0.3,0.0,0.0,noisy,random,ground,Fail,black,20.0,2.0,5.0,Fail Box,D,B,A,C,B,D,A,B,C,D,DBACBDABCD,1.0,Non-STEM Track,0.0,0.0,R,R,R,R,C,C,C,C,C,C,C,RRRRCCCCCCC,0,0,1,0,0,0,0,0,0,The Questions in the STEM quiz were very difficult for me.,The first quiz felt very much out of my range of knowledge. Very anxiety inducing.,Non-STEM Track,949.0,253,White,High school diploma/A-levels,45,Male,White,United States,United States,United States,English,DATA_EXPIRED,DATA_EXPIRED
43,60ce5270f1695ea416c25fc3,D,A,D,B,D,B,D,A,C,B,DADBDBDACB,0.6,0.0,0.0,noisy,random,negative,Pass,red,65.0,4.0,6.0,Not Sure,B,D,C,C,A,B,C,C,D,C,BDCCABCCDC,0.5,STEM Track,0.0,0.0,R,R,R,C,C,C,C,C,C,C,C,RRRCCCCCCCC,0,0,1,0,0,0,0,0,0,I thought I could do better than six questions.,math above my knowledge,STEM Track,1073.0,4362,White,Doctorate degree (PhD/other),69,Male,White,United States,United States,United States,English,No,"Not in paid work (e.g. homemaker', 'retired or disabled)"
44,662e78f04fac8f09690ef409,B,C,B,B,B,C,A,C,C,C,BCBBBCACCC,0.4,0.0,0.0,noisy,random,positive,Pass,black,40.0,3.0,3.0,Pass Box,D,B,A,C,B,D,A,B,C,A,DBACBDABCA,0.9,Non-STEM Track,0.0,0.0,R,R,R,R,C,C,C,C,C,C,C,RRRRCCCCCCC,0,0,1,0,1,0,0,0,0,Because i didn't think i would be able to answer more than 3 questions right.,I thought the math questions were very hard. I liked the 2nd quiz though. ,Non-STEM Track,710.0,952,White,Undergraduate degree (BA/BSc/other),30,Female,White,United States,United States,United States,English,No,Full-Time
45,5ee68971dde4ef4056079287,D,C,B,C,C,C,C,D,C,C,DCBCCCCDCC,0.1,0.0,0.0,noisy,random,positive,Fail,red,100.0,1.0,5.0,Fail Box,D,B,A,C,B,D,A,B,C,D,DBACBDABCD,1.0,Non-STEM Track,0.0,0.0,R,R,R,R,R,R,C,C,C,C,C,RRRRRRCCCCC,0,0,1,0,0,0,0,0,0,easier,no,Non-STEM Track,438.0,6609,White,Undergraduate degree (BA/BSc/other),38,Male,White,United States,United States,United States,English,DATA_EXPIRED,DATA_EXPIRED
46,666f9b23519a8d810a4c5b8a,B,C,C,B,C,A,D,C,C,A,BCCBCADCCA,0.5,0.0,0.0,noisy,random,positive,Pass,black,20.0,3.0,4.0,Pass Box,D,B,A,C,B,B,A,B,C,C,DBACBBABCC,0.8,Non-STEM Track,0.0,0.0,R,R,R,R,R,R,R,C,C,C,C,RRRRRRRCCCC,0,0,1,0,0,0,0,0,0,I felt more confident in my answers ,It was nice to test my knowledge ,Non-STEM Track,552.0,958,Latino/Hispanic,Technical/community college,24,Male,White,United States,United States,United States,English,DATA_EXPIRED,DATA_EXPIRED
48,65b523496184c72bb4450dd3,D,A,B,C,B,B,C,C,A,B,DABCBBCCAB,0.5,0.0,0.0,noisy,random,ground,Pass,red,2.0,2.0,5.0,Pass Box,D,B,A,C,B,D,A,B,C,D,DBACBDABCD,1.0,Non-STEM Track,0.0,0.0,R,R,R,R,C,C,C,C,C,C,C,RRRRCCCCCCC,0,0,1,0,0,0,0,0,0,"It has been a long time since I worked with equations, I am rusty. I felt more confident in non-stem questions.","I was stressed with the initial test, because of the time limit.",Non-STEM Track,1078.0,947,White,Doctorate degree (PhD/other),53,Female,White,United States,United States,United States,English,DATA_EXPIRED,Part-Time
49,623537f22ffeb94d58da7a10,D,B,C,C,C,D,B,C,B,C,DBCCCDBCBC,0.2,0.0,0.0,noisy,random,negative,Fail,red,10.0,1.0,5.0,Pass Box,D,B,A,C,B,D,A,B,C,D,DBACBDABCD,1.0,Non-STEM Track,0.0,0.0,R,R,R,R,R,R,C,C,C,C,C,RRRRRRCCCCC,0,0,1,0,0,0,0,0,0,I chose to because I feel that I am stronger in other areas.,Although I did not enjoy the math probelems I feel that the survey itself was well put together and easy to understand.,Non-STEM Track,737.0,5841,White,High school diploma/A-levels,53,Female,White,United States,United States,United States,English,No,Full-Time
51,67242ff1ff3ad3381947dae2,D,A,B,C,B,B,A,B,D,B,DABCBBABDB,0.4,0.0,0.0,noisy,random,positive,Fail,red,60.0,5.0,5.0,Fail Box,B,D,C,C,A,D,C,A,B,B,BDCCADCABB,0.7,STEM Track,0.0,0.0,R,R,R,C,C,C,C,C,C,C,C,RRRCCCCCCCC,0,0,1,0,0,0,0,0,0,I have an engineering degree,I wished I could see the timer at all times,STEM Track,1216.0,88,White,Undergraduate degree (BA/BSc/other),31,Male,White,United States,United States,United States,English,No,Full-Time
52,67392b7ab26d5900008e64b9,D,A,D,B,A,B,D,C,C,B,DADBABDCCB,0.7,0.0,0.0,noisy,random,positive,Fail,red,97.0,8.0,9.0,Not Sure,D,B,A,C,B,D,A,B,C,C,DBACBDABCC,0.9,Non-STEM Track,0.0,0.0,R,R,R,R,R,C,C,C,C,C,C,RRRRRCCCCCC,0,0,1,0,0,0,0,0,0,Because answering 9 questions correctly is hard.,"The first test being timed was stressful, the second test was not.",Non-STEM Track,903.0,456,East Asian,Graduate degree (MA/MSc/MPhil/other),39,Male,Asian,United States,United States,United States,English,DATA_EXPIRED,Unemployed (and job seeking)
53,5d40da980af3a7001a3ee980,B,C,C,C,A,B,D,B,C,B,BCCCABDBCB,0.5,0.0,0.0,noisy,random,ground,Pass,red,10.0,2.0,2.0,Pass Box,D,B,A,C,B,D,A,B,C,D,DBACBDABCD,1.0,Non-STEM Track,0.0,0.0,R,R,R,R,R,R,C,C,C,C,C,RRRRRRCCCCC,0,0,1,0,0,0,0,0,0,I am definitely not an intelligent person so I know I would not fair well had I continued down the STEM track. I struggled with the first set of questions so I did not want to continue down that route of chance.,I enjoyed the layout of the study and the STEM questions were definitely changing. I would hope the set of non-STEM questions vary as I would be intrigued to do a study similar to this again.,Non-STEM Track,573.0,3760,East Asian,Undergraduate degree (BA/BSc/other),35,Male,Asian,United States,United States,United States,English,No,Full-Time
54,5ee6be54321536000905346a,B,D,A,B,B,C,C,C,B,A,BDABBCCCBA,0.3,0.0,0.0,noisy,random,positive,Fail,red,7.0,3.0,5.0,Fail Box,D,B,A,C,B,D,A,B,C,D,DBACBDABCD,1.0,Non-STEM Track,0.0,0.0,R,R,R,C,C,C,C,C,C,C,C,RRRCCCCCCCC,0,1,1,0,0,0,0,0,0,I knew I couldn't get 5 more questions correctly even if I guessed,,Non-STEM Track,589.0,2679,Mixed,Technical/community college,33,Female,Mixed,United States,United States,United States,English,No,Part-Time
56,66a0fd20a0cc806dd6cd8e82,B,C,B,A,D,A,B,B,C,B,BCBADABBCB,0.2,0.0,0.0,noisy,random,ground,Pass,red,42.0,1.0,1.0,Pass Box,C,B,A,B,A,D,C,C,A,C,CBABADCCAC,0.4,STEM Track,0.0,0.0,C,C,C,C,C,C,C,C,C,R,R,CCCCCCCCCRR,0,0,1,0,1,0,0,0,0,I have a college background in STEM subjects,Not very good,STEM Track,370.0,793,Black/African American,Undergraduate degree (BA/BSc/other),43,Male,Black,United States,United States,United States,English,No,Unemployed (and job seeking)
57,6507910a65e6208a9bc07908,B,A,A,C,D,C,D,A,B,A,BAACDCDABA,0.2,0.0,0.0,noisy,random,negative,Fail,black,25.0,4.0,3.0,Fail Box,D,B,A,C,B,D,A,B,C,D,DBACBDABCD,1.0,Non-STEM Track,0.0,0.0,R,R,R,R,R,C,C,C,C,C,C,RRRRRCCCCCC,0,0,1,0,0,0,0,0,0,Because it's easier,"The math was hard, but the non-stem questions were easy",Non-STEM Track,511.0,1814,White,High school diploma/A-levels,36,Female,White,United States,United States,United States,English,Yes,Full-Time
58,6700b339b53f86e4335c2d22,B,A,B,C,D,B,B,C,A,A,BABCDBBCAA,0.3,0.0,0.0,noisy,random,positive,Pass,red,25.0,1.0,2.0,Fail Box,D,D,A,C,B,D,A,B,C,D,DDACBDABCD,0.9,Non-STEM Track,0.0,0.0,R,R,R,R,R,C,C,C,C,C,C,RRRRRCCCCCC,0,0,1,0,0,0,0,0,0,Yes,The process went smoothly,Non-STEM Track,1107.0,272,White,High school diploma/A-levels,40,Female,White,United States,United States,United States,English,No,"Not in paid work (e.g. homemaker', 'retired or disabled)"
59,5ef459442f85d701235bf29e,B,A,C,C,B,B,C,B,A,,BACCBBCBA_,0.4,0.0,0.0,noisy,random,ground,Pass,red,50.0,4.0,3.0,Fail Box,D,A,A,C,B,D,A,B,C,D,DAACBDABCD,0.9,Non-STEM Track,0.0,0.0,R,R,R,R,C,C,C,C,C,C,C,RRRRCCCCCCC,0,0,1,1,1,0,0,0,0,"I am not a STEM person, I like ELA and Music","I was stressed during the math section, but that's just because I haven't done math since high school",Non-STEM Track,775.0,1071,Latino/Hispanic,Technical/community college,23,Female,White,United States,United States,United States,English,Yes,Full-Time
60,6655f99ef74e844cb8404cfa,A,A,D,B,B,B,A,C,A,B,AADBBBACAB,0.7,0.0,0.0,noisy,random,positive,Pass,red,60.0,4.0,4.0,Pass Box,D,B,A,C,B,D,A,B,C,D,DBACBDABCD,1.0,Non-STEM Track,0.0,0.0,R,R,R,C,C,C,C,C,C,C,C,RRRCCCCCCCC,0,0,1,0,1,0,0,0,0,I really do not have any particular reason,quite an interesting one ,Non-STEM Track,997.0,532,African,Undergraduate degree (BA/BSc/other),22,Male,Black,United States,United States,United States,English,DATA_EXPIRED,DATA_EXPIRED
61,66b52c90e6b2322165c75f2f,D,C,A,B,D,D,A,B,D,A,DCABDDABDA,0.1,0.0,0.0,noisy,random,negative,Fail,red,50.0,2.0,3.0,Pass Box,D,A,A,C,B,D,A,B,C,D,DAACBDABCD,0.9,Non-STEM Track,0.0,0.0,R,R,R,R,C,C,C,C,C,C,C,RRRRCCCCCCC,0,0,1,0,0,0,0,0,0,Math was never my strongsuit,"No feedback, reminds me how not so good at math I am",Non-STEM Track,488.0,575,South Asian,Undergraduate degree (BA/BSc/other),30,Male,Asian,United States,United States,United States,English,DATA_EXPIRED,DATA_EXPIRED
62,59d0acd619d3170001b1d654,B,B,C,B,A,C,C,A,C,A,BBCBACCACA,0.3,0.0,0.0,noisy,random,positive,Pass,black,25.0,1.0,1.0,Pass Box,A,C,C,B,C,B,C,C,B,C,ACCBCBCCBC,0.4,STEM Track,0.0,0.0,R,R,R,R,C,C,C,C,C,C,C,RRRRCCCCCCC,0,0,1,0,0,0,0,0,0,"I didn't know the answers in the first test, so I just thought I'd give it a shot!",The questions were all a crapshoot for me - I don't remember any of that math!,STEM Track,363.0,100,White,Undergraduate degree (BA/BSc/other),57,Female,White,United States,United States,United States,English,No,Full-Time
63,66904c8f84f641d0432137e2,A,C,C,B,C,B,D,B,,,ACCBCBDB__,0.5,0.0,0.0,noisy,random,negative,Pass,red,33.0,3.0,3.0,Pass Box,D,B,A,C,B,D,A,B,C,D,DBACBDABCD,1.0,Non-STEM Track,0.0,0.0,R,R,R,R,R,R,R,C,C,C,C,RRRRRRRCCCC,0,0,1,0,0,0,0,0,1,"I ran out of time on the first STEM test. I didn't allocate my time properly and had to rush at the end, possibly not even selecting an answer for all questions. I expected the non-STEM test to be easier, and it was simple. I breezed through it, and know with 100% certainty that I aced it, perfect score.","It was fine. I just ran out of time on Test 1. Otherwise, this was interesting and enjoyable.",Non-STEM Track,1480.0,721,White,Undergraduate degree (BA/BSc/other),52,Male,White,United States,United States,United States,English,No,Other
64,62865cb9d41a9e2aaf141c84,D,A,A,D,D,A,D,B,A,C,DAADDADBAC,0.2,0.0,0.0,noisy,random,negative,Fail,red,5.0,5.0,5.0,Pass Box,D,B,A,C,B,D,A,B,C,D,DBACBDABCD,1.0,Non-STEM Track,0.0,0.0,R,R,C,C,C,C,C,C,C,C,C,RRCCCCCCCCC,0,0,1,0,0,0,0,0,0,I wasn't very confident with the math questions.,I enjoyed the study and the variety.,Non-STEM Track,682.0,4065,White,Technical/community college,33,Male,White,United States,United States,United States,English,No,Full-Time
65,664c9f50386e6d97c7dd642f,C,D,B,D,D,,,,,,CDBDD_____,0.0,0.0,0.0,noisy,random,positive,Fail,red,66.0,3.0,3.0,Fail Box,D,B,A,C,B,D,A,B,C,A,DBACBDABCA,0.9,Non-STEM Track,0.0,0.0,R,R,R,R,R,R,C,C,C,C,C,RRRRRRCCCCC,0,0,1,1,1,0,0,0,1,to see my options,you did good was a pleasant experience ,Non-STEM Track,1038.0,615,Latino/Hispanic,Technical/community college,21,Male,Other,United States,United States,Puerto Rico,Spanish,Yes,Part-Time
66,615f7e73c786c379ed1a06c7,B,C,A,B,B,D,C,B,B,B,BCABBDCBBB,0.3,0.0,0.0,noisy,random,negative,Pass,red,35.0,2.0,3.0,Pass Box,D,B,A,C,B,D,A,B,C,C,DBACBDABCC,0.9,Non-STEM Track,0.0,0.0,R,R,R,C,C,C,C,C,C,C,C,RRRCCCCCCCC,0,0,1,0,0,0,0,0,0,More confident in the other subjects,"Good experience, enjoyed testing my skills.",Non-STEM Track,798.0,3617,White,High school diploma/A-levels,35,Male,White,United States,United States,United States,English,DATA_EXPIRED,DATA_EXPIRED
67,670e94aed6adc76de581775a,A,C,C,D,B,D,A,B,C,D,ACCDBDABCD,0.4,0.0,0.0,noisy,random,ground,Fail,black,1.0,7.0,7.0,Pass Box,D,B,A,C,B,D,A,B,C,D,DBACBDABCD,1.0,Non-STEM Track,0.0,0.0,R,R,R,R,R,R,C,C,C,C,C,RRRRRRCCCCC,0,0,1,0,0,0,0,0,0,i am old school,i am terrible at math,Non-STEM Track,881.0,629,White,Technical/community college,56,Female,White,United States,United States,United States,English,No,Full-Time
68,6735456e8034ea7e61eac785,B,C,A,C,C,B,D,A,B,D,BCACCBDABD,0.2,0.0,0.0,noisy,random,ground,Fail,black,40.0,2.0,5.0,Fail Box,D,B,A,C,B,D,A,B,C,D,DBACBDABCD,1.0,Non-STEM Track,0.0,0.0,R,R,R,R,R,C,C,C,C,C,C,RRRRRCCCCCC,0,0,1,0,0,0,0,0,0,"I am very bad at mental math and equations, and was hoping the non-STEM was english based","Good, no feedback",Non-STEM Track,386.0,359,White,Graduate degree (MA/MSc/MPhil/other),27,Female,White,United States,United States,United States,English,No,"Not in paid work (e.g. homemaker', 'retired or disabled)"
69,666d9f2a367d424d6de2c994,C,B,B,A,D,B,C,C,B,A,CBBADBCCBA,0.2,0.0,0.0,noisy,random,ground,Fail,black,10.0,1.0,10.0,Fail Box,D,B,A,C,B,D,A,B,C,D,DBACBDABCD,1.0,Non-STEM Track,0.0,0.0,R,R,R,R,R,R,C,C,C,C,C,RRRRRRCCCCC,0,0,1,0,0,0,0,0,0,I'm not good at stem,It was fine but I felt stupid I didn't know any of the stem stuff,Non-STEM Track,799.0,187,White,High school diploma/A-levels,48,Female,White,United States,United States,United States,English,No,Other
70,603862f99e00971c55fe0874,D,A,B,,,,,,,,DAB_______,0.1,0.0,0.0,noisy,random,negative,Fail,black,80.0,9.0,8.0,Fail Box,D,B,A,C,B,D,A,B,C,D,DBACBDABCD,1.0,Non-STEM Track,0.0,0.0,R,R,R,C,C,C,C,C,C,C,C,RRRCCCCCCCC,0,0,1,0,0,0,0,0,0,I wanted to hedge my bets. I thought there was a good chance I'd get 10 and it wouldn't matter.,I liked this test quite a bit. I think that many people wil lbe confused by the first question on the first test.,Non-STEM Track,2126.0,4712,African,Secondary education (e.g. GED/GCSE),34,Male,Black,United States,United States,United States,English,Yes,"Not in paid work (e.g. homemaker', 'retired or disabled)"
72,66541402baeab50a7ef62b24,B,A,B,B,C,D,A,B,B,A,BABBCDABBA,0.2,0.0,0.0,noisy,random,positive,Fail,red,5.0,1.0,3.0,Fail Box,D,B,A,C,B,D,A,B,C,D,DBACBDABCD,1.0,Non-STEM Track,0.0,0.0,R,R,R,R,C,C,C,C,C,C,C,RRRRCCCCCCC,0,0,1,0,0,0,0,0,0,I have always been better at reading than math. I knew it would be much easier for me. Math makes my brain hurt.,"I did not enjoy the STEM part, especially with the time limit, there was so much pressure and super hard for me to do without using assistance, but I tried my best. It was interesting. I haven't seen or used many of those equations since highschool and I am 27 now! The non-stem task was a breeze for me.",Non-STEM Track,815.0,83,Black/African American,Undergraduate degree (BA/BSc/other),27,Female,Black,United States,United States,United States,English,No,Full-Time
73,65d8f6828f8bac48599ad880,B,B,D,C,D,A,B,A,B,A,BBDCDABABA,0.0,0.0,0.0,noisy,random,ground,Fail,black,10.0,0.0,1.0,Fail Box,A,A,B,D,A,D,C,C,D,A,AABDADCCDA,0.4,STEM Track,0.0,0.0,R,R,R,C,C,C,C,C,C,C,C,RRRCCCCCCCC,0,0,1,0,0,0,0,0,0,Just guessing,I did not do very good at all. Makes me feel stupid and discouraged. ,STEM Track,892.0,905,White,Technical/community college,68,Female,White,United States,United States,United States,English,No,Part-Time
74,63fa78f21e485a372c6528fa,B,C,A,C,B,B,C,A,A,B,BCACBBCAAB,0.3,0.0,0.0,noisy,random,negative,Pass,red,22.0,4.0,3.0,Fail Box,C,A,B,A,A,D,C,C,B,C,CABAADCCBC,0.7,STEM Track,0.0,0.0,R,R,R,R,R,R,C,C,C,C,C,RRRRRRCCCCC,0,0,1,0,0,0,0,0,0," Misunderstood, expected questions besides math. Actually pretty bad at higher math. ",uncomfortable but attentive. ,STEM Track,1033.0,2551,White,High school diploma/A-levels,52,Male,White,United States,United States,United States,English,No,Part-Time
75,5be8d4af25507300010dd4e4,C,C,A,B,A,C,D,B,C,B,CCABACDBCB,0.4,0.0,0.0,noisy,random,negative,Pass,red,20.0,2.0,1.0,Pass Box,D,B,A,C,B,D,A,B,C,D,DBACBDABCD,1.0,Non-STEM Track,0.0,0.0,R,R,R,R,C,C,C,C,C,C,C,RRRRCCCCCCC,0,1,1,0,0,0,0,0,0,It is much easier for me.,It was challenging! Thanks,Non-STEM Track,643.0,8433,White,Undergraduate degree (BA/BSc/other),51,Female,White,United States,United States,United States,English,DATA_EXPIRED,Part-Time
76,668ee52b567962714864dbf6,D,A,C,B,C,B,B,C,A,A,DACBCBBCAA,0.5,0.0,0.0,noisy,random,positive,Pass,black,20.0,5.0,5.0,Fail Box,D,A,A,C,B,D,A,B,C,D,DAACBDABCD,0.9,Non-STEM Track,0.0,0.0,R,R,R,R,R,R,C,C,C,C,C,RRRRRRCCCCC,0,0,1,0,0,0,0,0,0,STEM in not my strength ,,Non-STEM Track,622.0,68,White,Undergraduate degree (BA/BSc/other),33,Female,White,United States,United States,United States,English,DATA_EXPIRED,DATA_EXPIRED
77,660f099f1453895752656b26,B,B,B,C,B,C,A,B,C,B,BBBCBCABCB,0.3,0.0,0.0,noisy,random,positive,Pass,red,20.0,3.0,2.0,Fail Box,B,A,C,A,C,B,A,B,C,B,BACACBABCB,0.4,STEM Track,0.0,0.0,R,C,C,C,C,C,C,C,C,C,C,RCCCCCCCCCC,0,0,1,0,0,0,0,0,0,because it is what made sense to me,it was very well wexplained,STEM Track,343.0,313,Mixed,Undergraduate degree (BA/BSc/other),24,Male,White,United States,United States,United States,English,DATA_EXPIRED,Full-Time
78,66c094144b460dacc828e656,D,B,A,C,A,A,B,,,,DBACAAB___,0.0,0.0,0.0,noisy,random,ground,Fail,black,54.0,3.0,7.0,Fail Box,D,B,A,C,B,D,A,B,C,D,DBACBDABCD,1.0,Non-STEM Track,0.0,0.0,R,R,R,R,R,R,R,C,C,C,C,RRRRRRRCCCC,0,1,1,0,0,0,0,0,0,"It's been several years since I used math equations like that, it's not an everyday typical problem needing the solution. I would honestly have to say I finished with Non-STEM to have hopes of not failing all. ",It was definitely enjoyable! Having to attempt to put the brain on the spot in such manner inspires me to refresh my learning skills,Non-STEM Track,2087.0,13,White,Technical/community college,45,Female,White,United States,United States,United States,English,No,Unemployed (and job seeking)
79,5adbc172e0feeb0001ca97ed,,,,,,,,,,,__________,0.0,0.0,0.0,noisy,random,positive,Fail,red,30.0,3.0,3.0,Fail Box,D,C,B,C,B,B,C,C,C,D,DCBCBBCCCD,0.1,STEM Track,0.0,0.0,R,R,R,C,C,C,C,C,C,C,C,RRRCCCCCCCC,0,0,1,0,0,0,0,0,0,It sounded good,I was struggling with the questions.,STEM Track,1022.0,920,Black/African American,Technical/community college,25,Male,Black,United States,United States,United States,English,DATA_EXPIRED,Full-Time
80,671865ac3a94e9d478286704,D,A,D,B,D,C,B,B,B,C,DADBDCBBBC,0.2,1.0,3.834,noisy,random,ground,Fail,black,5.0,4.0,3.0,Fail Box,B,C,C,B,D,A,C,D,B,C,BCCBDACDBC,0.5,STEM Track,0.0,0.0,R,R,R,R,C,C,C,C,C,C,C,RRRRCCCCCCC,0,1,0,0,0,0,1,0,0,I wanted to see if it would be science from STEM rather than math,"Frustrating, I hate math",STEM Track,600.0,260,White,Graduate degree (MA/MSc/MPhil/other),31,Female,White,United States,United States,United States,English,No,Full-Time
81,5f63a30a09bd340c84c6688d,A,C,A,D,D,,,,,,ACADD_____,0.1,0.0,0.0,noisy,random,ground,Fail,black,70.0,4.0,4.0,Fail Box,D,B,A,C,B,D,A,B,C,D,DBACBDABCD,1.0,Non-STEM Track,0.0,0.0,R,R,R,R,C,C,C,C,C,C,C,RRRRCCCCCCC,0,0,1,0,1,0,0,0,0,Because math is complicated in a timed test due to my dyscalculia,It was challenging but fun! Have a great day!   ,Non-STEM Track,825.0,2196,White,Secondary education (e.g. GED/GCSE),46,Female,White,United States,United States,United States,English,Yes,Other
82,63b724532ff8f6701c3fd84c,D,C,D,A,B,B,C,C,B,B,DCDABBCCBB,0.4,0.0,0.0,noisy,random,negative,Pass,red,0.0,2.0,3.0,Fail Box,D,B,A,C,B,D,A,B,C,D,DBACBDABCD,1.0,Non-STEM Track,0.0,0.0,R,R,R,R,R,R,C,C,C,C,C,RRRRRRCCCCC,0,0,1,0,0,0,0,0,0,The STEM questions were too hard,No feedback at this time,Non-STEM Track,796.0,1476,White,High school diploma/A-levels,23,Male,White,United States,United States,United States,English,No,Unemployed (and job seeking)
83,6788402da6c55d9dd238844f,B,A,B,C,D,A,B,D,A,B,BABCDABDAB,0.2,0.0,0.0,noisy,random,ground,Fail,black,20.0,3.0,3.0,Pass Box,B,B,C,B,A,D,C,A,B,B,BBCBADCABB,0.7,STEM Track,0.0,0.0,R,R,C,C,C,C,C,C,C,C,C,RRCCCCCCCCC,0,0,1,1,1,1,0,0,0,Because i was good at my math :),"The time was short, haha  It was somewhat challenging to calculate the math in such as a limited period  of time, but i appreciate for the engagement of both the mind and physical.",STEM Track,1447.0,135,White,Graduate degree (MA/MSc/MPhil/other),31,Male,White,United States,United States,United States,English,No,Part-Time
84,6612fe43da966114e65215b6,D,A,B,B,B,B,C,C,B,B,DABBBBCCBB,0.6,0.0,0.0,noisy,random,ground,Pass,red,5.0,1.0,2.0,Pass Box,D,B,D,C,B,D,C,C,B,A,DBDCBDCCBA,0.3,STEM Track,0.0,0.0,R,R,R,R,C,C,C,C,C,C,C,RRRRCCCCCCC,0,0,1,0,0,0,0,0,0,I wanted a challenge and enjoyed it.,None. All good!,STEM Track,1093.0,255,White,High school diploma/A-levels,46,Female,White,United States,United States,United States,English,No,Unemployed (and job seeking)
85,66316ac602a513e2e74d5bdc,A,A,A,B,B,B,D,C,C,B,AAABBBDCCB,0.9,0.0,0.0,noisy,random,negative,Pass,red,70.0,6.0,5.0,Pass Box,B,B,C,C,A,D,C,A,B,C,BBCCADCABC,0.8,STEM Track,0.0,0.0,R,R,R,R,R,C,C,C,C,C,C,RRRRRCCCCCC,0,0,1,0,0,0,0,0,0,I thought it was going to be easier since the first round wasn't too difficult.,It was good. No,STEM Track,845.0,1482,East Asian,Graduate degree (MA/MSc/MPhil/other),30,Male,Asian,United States,United States,United States,English,No,Full-Time
86,6647e35a6fd9fa329d3dd13d,D,C,A,C,B,A,D,B,A,,DCACBADBA_,0.2,0.0,0.0,noisy,random,positive,Fail,red,35.0,3.0,3.0,Pass Box,A,B,A,B,B,A,A,B,C,A,ABABBAABCA,0.6,Non-STEM Track,0.0,0.0,R,R,R,R,R,R,C,C,C,C,C,RRRRRRCCCCC,0,0,1,0,0,0,0,0,0,It was difficult for myself.,A bit tough but all was well!,Non-STEM Track,925.0,576,Latino/Hispanic,High school diploma/A-levels,29,Male,Other,United States,United States,United States,English,DATA_EXPIRED,DATA_EXPIRED
87,65070a198512d5e5355f8281,C,B,B,B,A,B,C,B,B,B,CBBBABCBBB,0.3,0.0,0.0,noisy,random,positive,Fail,red,50.0,3.0,5.0,Fail Box,D,B,A,C,B,D,A,B,C,D,DBACBDABCD,1.0,Non-STEM Track,0.0,0.0,R,R,R,R,R,C,C,C,C,C,C,RRRRRCCCCCC,0,0,1,0,0,0,0,0,0,My math skills are lacking. I'm way out of practice.,Good experience. ,Non-STEM Track,824.0,767,Black/African American,Undergraduate degree (BA/BSc/other),55,Male,Black,United States,United States,United States,English,No,Full-Time
88,5904f5ca56cdc40001bc5629,D,A,C,B,D,B,D,B,C,B,DACBDBDBCB,0.7,0.0,0.0,noisy,random,ground,Pass,red,100.0,5.0,4.0,Pass Box,B,A,D,A,A,D,C,A,D,C,BADAADCADC,0.8,STEM Track,0.0,0.0,R,R,R,R,R,C,C,C,C,C,C,RRRRRCCCCCC,0,0,1,0,1,1,0,0,0,I felt like based on how easy the questions on the first quiz were I could answer at least 4 right on the second quiz,no feedback,STEM Track,1393.0,4032,White,Undergraduate degree (BA/BSc/other),34,Male,White,United States,United States,United States,English,No,DATA_EXPIRED
89,663d1309389a0851c125d533,A,D,B,B,D,B,D,B,C,A,ADBBDBDBCA,0.5,0.0,0.0,noisy,random,positive,Pass,red,25.0,4.0,1.0,Pass Box,D,B,A,C,B,D,A,B,C,D,DBACBDABCD,1.0,Non-STEM Track,0.0,0.0,R,R,R,R,C,C,C,C,C,C,C,RRRRCCCCCCC,0,0,1,0,0,0,0,0,0,I have been out of any STEM industry for 30 years,Good. Wish I had more time on the STEM portion,Non-STEM Track,884.0,1398,White,Undergraduate degree (BA/BSc/other),52,Female,White,United States,United States,United States,English,No,Unemployed (and job seeking)
90,5ee93810c5c13215484b8336,B,D,A,B,A,D,C,D,B,A,BDABADCDBA,0.1,0.0,0.0,noisy,random,negative,Fail,black,50.0,5.0,5.0,Pass Box,D,B,B,B,C,C,A,D,D,B,DBBBCCADDB,0.0,STEM Track,0.0,0.0,R,R,R,R,R,R,R,R,R,R,R,RRRRRRRRRRR,0,0,1,0,0,0,0,0,0,Math and Science are important,Excellent,STEM Track,596.0,1278,White,Graduate degree (MA/MSc/MPhil/other),65,Female,White,United States,United States,United States,Greek,DATA_EXPIRED,DATA_EXPIRED
92,647a83a04c8d2f49c0315d78,D,A,B,D,D,C,B,A,D,A,DABDDCBADA,0.1,0.0,0.0,noisy,random,positive,Pass,black,5.0,2.0,1.0,Pass Box,C,B,C,D,A,D,D,C,B,D,CBCDADDCBD,0.4,STEM Track,0.0,0.0,R,C,C,C,C,C,C,C,C,C,C,RCCCCCCCCCC,0,0,1,0,0,0,0,0,0,Haven't seen math like that in a long time. Looked interesting. I think I was able to use ancient skills from high school to answer a few. ,You had some typos in some of your questions but I was able to figure out what you meant. ,STEM Track,825.0,205,White,Undergraduate degree (BA/BSc/other),51,Female,White,United States,United States,United States,English,DATA_EXPIRED,DATA_EXPIRED
93,6785bda1adcf1ffc11118f8b,D,A,A,C,B,C,C,B,A,B,DAACBCCBAB,0.3,0.0,0.0,noisy,random,ground,Fail,black,50.0,6.0,5.0,Not Sure,D,B,A,C,B,D,A,B,C,D,DBACBDABCD,1.0,Non-STEM Track,0.0,0.0,R,R,R,R,R,R,C,C,C,C,C,RRRRRRCCCCC,0,0,1,0,0,0,0,0,0,I felt I could do better,Interesting.  I feel its been a while since I have used this type of thought process and its a reminder to go back to it.,Non-STEM Track,923.0,107,White,Graduate degree (MA/MSc/MPhil/other),53,Male,White,United States,United States,United States,English,No,Full-Time
94,568c67547374ad000cc7448c,B,D,B,C,A,D,D,B,C,A,BDBCADDBCA,0.2,0.0,0.0,noisy,random,negative,Pass,red,30.0,3.0,2.0,Pass Box,D,B,A,C,B,D,A,B,C,D,DBACBDABCD,1.0,Non-STEM Track,0.0,0.0,R,R,R,R,R,C,C,C,C,C,C,RRRRRCCCCCC,0,0,1,0,0,0,0,0,0,I know more about non-STEM subjects.,It was fine.,Non-STEM Track,515.0,5456,White,Undergraduate degree (BA/BSc/other),42,Male,White,United States,United States,United States,English,No,Full-Time
95,5a4f2098efd8df000150f6f5,D,A,B,C,B,C,B,B,A,A,DABCBCBBAA,0.2,0.0,0.0,noisy,random,ground,Fail,black,20.0,3.0,5.0,Fail Box,D,B,A,C,B,D,A,B,C,D,DBACBDABCD,1.0,Non-STEM Track,0.0,0.0,R,R,R,R,R,R,C,C,C,C,C,RRRRRRCCCCC,0,1,1,0,0,0,0,0,0,"I am not great at math, and don't remember any of those math concepts. The second test was a breeze -the first one was awful. ","It was fun! A little stressful for the timed math test, but  fun.",Non-STEM Track,453.0,1137,White,Undergraduate degree (BA/BSc/other),32,Female,White,United States,United States,United States,English,No,Full-Time
96,67b787bf89834d38bd767a57,A,D,C,A,C,B,C,C,B,D,ADCACBCCBD,0.4,0.0,0.0,noisy,random,ground,Pass,red,1.0,3.0,3.0,Pass Box,D,B,A,C,B,D,A,B,C,D,DBACBDABCD,1.0,Non-STEM Track,0.0,0.0,R,R,R,R,R,R,R,R,R,R,C,RRRRRRRRRRC,1,0,0,0,0,0,0,0,0,Easier questions,My experience was positive. ,Non-STEM Track,727.0,1,White,High school diploma/A-levels,57,Female,White,United States,United States,United States,English,No,"Not in paid work (e.g. homemaker', 'retired or disabled)"
97,661426c6e03c5d3abd69e1db,C,B,D,A,D,A,C,C,A,C,CBDADACCAC,0.1,0.0,0.0,noisy,random,negative,Fail,red,10.0,2.0,2.0,Pass Box,A,A,A,A,A,A,A,A,A,A,AAAAAAAAAA,0.4,STEM Track,0.0,0.0,R,R,R,R,R,C,C,C,C,C,C,RRRRRCCCCCC,0,0,1,1,0,0,0,0,0,It was more entertaining,It was enjoyable,STEM Track,363.0,466,White,Undergraduate degree (BA/BSc/other),41,Male,White,United States,United States,United States,English,DATA_EXPIRED,DATA_EXPIRED
98,65f0f53fc90e2366538c6ee3,B,B,C,C,B,C,B,B,C,A,BBCCBCBBCA,0.3,1.0,6.029,noisy,random,positive,Fail,red,50.0,4.0,5.0,Pass Box,D,B,A,C,B,D,A,B,C,D,DBACBDABCD,1.0,Non-STEM Track,1.0,8.401,R,R,R,R,R,C,C,C,C,C,C,RRRRRCCCCCC,0,0,1,0,0,0,0,0,0,I am stronger in Non-stem,fun,Non-STEM Track,618.0,920,White,Graduate degree (MA/MSc/MPhil/other),39,Female,White,United States,United States,United States,English,No,Full-Time
99,654673a478fa48783a0ad5bc,D,A,A,B,D,B,C,A,A,A,DAABDBCAAA,0.3,0.0,0.0,noisy,random,negative,Fail,black,50.0,5.0,5.0,Fail Box,D,B,A,C,B,D,A,B,C,D,DBACBDABCD,1.0,Non-STEM Track,0.0,0.0,R,R,R,C,C,C,C,C,C,C,C,RRRCCCCCCCC,0,0,1,0,0,0,0,0,0,I felt it would be easier,It was fun.  Thanks!,Non-STEM Track,726.0,1267,South East Asian,Technical/community college,44,Female,Asian,United States,United States,Vietnam,English,No,Full-Time
100,62fcffbc11c3ca6d273448b1,D,C,B,C,A,B,A,B,C,,DCBCABABC_,0.2,0.0,0.0,noisy,random,negative,Pass,red,5.0,3.0,2.0,Pass Box,C,B,C,C,A,D,C,C,C,D,CBCCADCCCD,0.4,STEM Track,0.0,0.0,R,R,R,R,R,C,C,C,C,C,C,RRRRRCCCCCC,0,0,1,0,0,0,0,0,0,I don’t know,Fine,STEM Track,960.0,1386,White,Technical/community college,63,Female,White,United States,United States,United States,English,No,Part-Time
101,662e86c0ca96b47a056ccd7b,B,B,C,C,C,B,D,C,C,B,BBCCCBDCCB,0.6,0.0,0.0,noisy,random,negative,Pass,red,25.0,0.0,1.0,Fail Box,D,B,A,C,B,D,A,B,C,D,DBACBDABCD,1.0,Non-STEM Track,0.0,0.0,R,R,C,C,C,C,C,C,C,C,C,RRCCCCCCCCC,0,0,1,0,0,0,0,0,0,I'm no good at math.,no,Non-STEM Track,408.0,818,White,High school diploma/A-levels,65,Female,White,United States,United States,United States,English,No,Part-Time
102,62e1ede63f23cc2eb6170242,B,C,D,D,B,C,C,B,B,A,BCDDBCCBBA,0.1,0.0,0.0,noisy,random,positive,Pass,black,0.0,0.0,0.0,Fail Box,D,B,A,C,B,B,A,B,C,C,DBACBBABCC,0.8,Non-STEM Track,0.0,0.0,R,R,R,R,R,R,R,C,C,C,C,RRRRRRRCCCC,0,0,0,0,0,0,0,0,0,To be honest I didnt care either way,Bad,Non-STEM Track,705.0,2640,Black/African American,High school diploma/A-levels,38,Male,Black,United States,United States,United States,English,No,Due to start a new job within the next month
103,6704334ef187df81b8e245e5,B,B,A,C,A,A,B,A,B,A,BBACAABABA,0.0,0.0,0.0,noisy,random,negative,Pass,red,0.0,0.0,0.0,Fail Box,C,D,A,D,C,D,D,D,A,A,CDADCDDDAA,0.1,STEM Track,0.0,0.0,R,R,R,R,R,R,R,R,R,C,C,RRRRRRRRRCC,0,0,1,0,0,0,0,0,0,"because it said if I got 0 correct I would receive a 2 dollar bonus, and since I figured my chances were pretty good to get a 0 correct that is why I chose that. ",It was pretty stressful I am terrible at math and wasn't expecting that ,STEM Track,899.0,34,Native American or Alaskan Native,Undergraduate degree (BA/BSc/other),55,Female,Other,United States,United States,United States,English,No,Full-Time
104,5b55eeb26a1fa9000103b417,C,D,A,D,D,B,B,B,C,A,CDADDBBBCA,0.2,0.0,0.0,noisy,random,ground,Fail,black,5.0,1.0,9.0,Fail Box,C,D,C,C,A,A,D,D,B,C,CDCCAADDBC,0.4,STEM Track,0.0,0.0,R,R,C,C,C,C,C,C,C,C,C,RRCCCCCCCCC,0,0,1,0,0,0,0,0,0,I took Calculus courses in college so I thought I would do better and I wanted to have a second chance at it.,That was hard and I am surprised at how poorly I did on both tests.,STEM Track,1260.0,1419,White,Undergraduate degree (BA/BSc/other),51,Female,White,United States,United States,United States,English,No,DATA_EXPIRED
106,674d63d07077fd1293899615,C,C,C,A,C,B,D,C,C,A,CCCACBDCCA,0.5,0.0,0.0,noisy,random,positive,Pass,red,50.0,5.0,5.0,Fail Box,D,B,A,C,B,B,A,B,C,C,DBACBBABCC,0.8,Non-STEM Track,0.0,0.0,R,R,R,R,R,R,R,R,R,R,C,RRRRRRRRRRC,0,0,1,0,0,0,0,0,0,I have never enjoyed or been good at STEM related subjects.,Initially stressful when met with math equations that looked very difficult. But as the study went on I was more relaxed.,Non-STEM Track,622.0,164,Mixed,Technical/community college,25,Male,Mixed,United States,United States,United States,English,Yes,Full-Time
107,66aa5f875e073b2ff9868c6b,C,A,C,B,D,B,A,C,C,D,CACBDBACCD,0.6,0.0,0.0,noisy,random,positive,Pass,black,15.0,2.0,1.0,Pass Box,D,D,A,B,B,D,A,B,C,A,DDABBDABCA,0.7,Non-STEM Track,0.0,0.0,R,R,R,R,R,C,C,C,C,C,C,RRRRRCCCCCC,0,0,1,0,0,0,0,0,0,Felt I had a better chance receiving money,The math was hard but it was a good study.,Non-STEM Track,1311.0,684,Black/African American,High school diploma/A-levels,40,Female,Black,United States,United States,United States,English,No,DATA_EXPIRED
108,606be651a89a7baf6141e8b9,B,B,B,B,B,B,B,B,B,B,BBBBBBBBBB,0.4,0.0,0.0,noisy,random,ground,Pass,red,0.0,0.0,0.0,Pass Box,D,B,A,C,B,D,A,B,C,D,DBACBDABCD,1.0,Non-STEM Track,0.0,0.0,R,R,C,C,C,C,C,C,C,C,C,RRCCCCCCCCC,0,0,1,0,0,0,0,0,0,it is easier and less thought,I thought it was boring,Non-STEM Track,192.0,4626,African,Graduate degree (MA/MSc/MPhil/other),28,Female,Black,United States,United States,United States,English,Yes,Full-Time
109,676379302839a2e46a4d6de5,D,A,A,B,A,D,B,B,C,B,DAABADBBCB,0.4,0.0,0.0,noisy,random,negative,Pass,red,25.0,3.0,3.0,Fail Box,D,B,A,C,B,D,A,B,C,D,DBACBDABCD,1.0,Non-STEM Track,0.0,0.0,R,C,C,C,C,C,C,C,C,C,C,RCCCCCCCCCC,0,0,1,0,0,0,0,0,0,I am not very good at math,It was a very cool and unique experience!  ,Non-STEM Track,723.0,158,Mixed,Undergraduate degree (BA/BSc/other),29,Male,Mixed,United States,United States,United States,English,No,Full-Time
110,66b7d8f1b8226e65dab2d674,D,A,D,D,B,B,D,C,B,B,DADDBBDCBB,0.6,0.0,0.0,noisy,random,positive,Pass,red,50.0,3.0,4.0,Fail Box,B,C,C,B,A,D,C,A,B,D,BCCBADCABD,0.7,STEM Track,0.0,0.0,R,R,R,C,C,C,C,C,C,C,C,RRRCCCCCCCC,0,0,1,0,0,0,0,0,0,I had a very fond enjoyment of chemistry in high school.,I tried to do the stuff in my head and it was challenging.,STEM Track,1014.0,1018,White,High school diploma/A-levels,33,Male,White,United States,United States,United States,English,No,Unemployed (and job seeking)
111,66293e1a129d3f87aa344b26,D,C,D,C,D,B,B,A,A,A,DCDCDBBAAA,0.1,0.0,0.0,noisy,random,negative,Pass,red,10.0,2.0,1.0,Pass Box,B,A,C,A,A,A,C,A,C,A,BACAAACACA,0.7,STEM Track,0.0,0.0,R,R,R,R,R,C,C,C,C,C,C,RRRRRCCCCCC,0,0,1,0,0,0,0,0,0,"I felt that I could, at least, answer one question correctly if I chose A for the answer to each of the 10 questions.  That said, I honestly believe I was able to answer one or two of the questions correctly using my math skills.","It was a little daunting, especially after doing the first section, because I really didn't feel like I had the math skills to answer any of the questions correctly, but I think I answered at least on right.  I thought the rest of the questions in the remaining sections would have very difficult math questions, so I was wondering how hard this would be.  I was happy that the other sections weren't quite as hard as the first section.  Overall, I actually kind of enjoyed myself because I love mental challenges. So, thanks! :)",STEM Track,1716.0,776,White,Graduate degree (MA/MSc/MPhil/other),53,Male,White,United States,United States,United States,English,No,Full-Time
112,5d28e765ebdfd5000127cfdb,A,A,C,B,D,A,D,D,A,A,AACBDADDAA,0.5,0.0,0.0,noisy,random,ground,Pass,red,50.0,2.0,5.0,Pass Box,D,B,A,C,B,D,A,B,C,D,DBACBDABCD,1.0,Non-STEM Track,0.0,0.0,R,C,C,C,C,C,C,C,C,C,C,RCCCCCCCCCC,0,0,1,0,0,0,0,0,0,"The previous math questions were hard, and I didn't want to do the extra math work or guess when I ran out of time.",The math problems were stressful with a timer.,Non-STEM Track,781.0,2864,White,Undergraduate degree (BA/BSc/other),38,Female,White,United States,United States,United States,English,No,DATA_EXPIRED
113,6703dfc4ad5997b1fef3dd71,C,B,B,C,B,D,B,C,A,A,CBBCBDBCAA,0.2,0.0,0.0,noisy,random,positive,Pass,red,75.0,2.0,0.0,Pass Box,B,C,A,C,B,D,D,D,D,D,BCACBDDDDD,0.2,STEM Track,0.0,0.0,R,R,R,R,R,C,C,C,C,C,C,RRRRRCCCCCC,0,1,1,0,1,0,0,0,0,I thought that it was more interesting ,I thought it was evil level hard math lol I was lost,STEM Track,418.0,86,White,Technical/community college,29,Female,White,United States,United States,United States,English,No,Due to start a new job within the next month
114,674e00e2603903212864189b,A,B,A,A,C,B,A,B,A,D,ABAACBABAD,0.2,0.0,0.0,noisy,random,positive,Fail,red,50.0,5.0,5.0,Pass Box,B,D,C,C,A,C,D,B,B,B,BDCCACDBBB,0.4,STEM Track,0.0,0.0,R,R,R,R,R,R,R,R,R,R,R,RRRRRRRRRRR,0,0,0,0,0,0,1,0,0,I THINK I CAN DO,GOOD,STEM Track,1016.0,30,Mixed,Technical/community college,32,Female,White,United States,United States,United States,English,Yes,Full-Time
115,66854dba287fdc346be76462,D,A,D,D,D,B,A,D,A,A,DADDDBADAA,0.2,0.0,0.0,noisy,random,ground,Pass,red,30.0,3.0,2.0,Pass Box,D,B,A,C,B,D,A,B,C,D,DBACBDABCD,1.0,Non-STEM Track,0.0,0.0,R,R,R,R,R,C,C,C,C,C,C,RRRRRCCCCCC,0,0,1,0,0,0,0,0,0,Because I don't remember how to do all of those crazy math questions 30+ years after high school.,No issues,Non-STEM Track,731.0,323,White,Graduate degree (MA/MSc/MPhil/other),48,Female,White,United States,United States,United States,English,No,Full-Time
117,5d391bc980ccd20018ac4006,B,D,A,B,C,D,A,C,A,B,BDABCDACAB,0.3,0.0,0.0,noisy,random,negative,Pass,red,20.0,4.0,2.0,Pass Box,A,D,C,A,A,D,B,D,A,D,ADCAADBDAD,0.4,STEM Track,0.0,0.0,R,R,C,C,C,C,C,C,C,C,C,RRCCCCCCCCC,0,0,1,0,0,0,0,0,0,seemed interesting enough for me,it was quite the brain challenge,STEM Track,614.0,2945,White,Technical/community college,40,Male,White,United States,United States,United States,English,DATA_EXPIRED,DATA_EXPIRED
118,5a9c44d2f05361000172055b,D,A,D,C,B,B,D,D,C,B,DADCBBDDCB,0.6,0.0,0.0,noisy,random,ground,Pass,red,80.0,3.0,4.0,Pass Box,D,B,A,C,B,D,A,B,C,D,DBACBDABCD,1.0,Non-STEM Track,0.0,0.0,R,R,R,R,C,C,C,C,C,C,C,RRRRCCCCCCC,0,0,1,0,0,0,0,0,0,"Algebra and more advanced math was never my strong suit and it's also not my field of study in college, so I was willing to try the alternative and the non-STEM was the better option for me.",The math questions were quite challenging to me but I did the best I could with those.,Non-STEM Track,1180.0,4279,Latino/Hispanic,Undergraduate degree (BA/BSc/other),35,Male,Mixed,United States,United States,United States,English,No,Full-Time
119,5f4d5dcac7c1d116643efed3,C,C,B,D,A,C,A,A,C,B,CCBDACAACB,0.2,0.0,0.0,noisy,random,positive,Pass,red,10.0,1.0,0.0,Fail Box,D,B,A,C,B,D,A,B,C,D,DBACBDABCD,1.0,Non-STEM Track,0.0,0.0,R,R,R,R,R,C,C,C,C,C,C,RRRRRCCCCCC,0,0,1,0,0,0,0,0,0,Because the STEM track was filled with questions and formulas that haven't been relevant to my life since I left school. ,I guessed on every single STEM question. None of the questions or processes have been relevant to me in over a decade.,Non-STEM Track,756.0,3340,White,High school diploma/A-levels,29,Male,White,United States,United States,United States,English,DATA_EXPIRED,DATA_EXPIRED
122,677fd09ce5d952ab05b2c304,D,D,B,B,A,B,A,C,B,B,DDBBABACBB,0.4,0.0,0.0,noisy,random,negative,Fail,black,50.0,5.0,5.0,Fail Box,D,B,A,C,B,D,A,B,C,D,DBACBDABCD,1.0,Non-STEM Track,0.0,0.0,R,R,R,R,R,C,C,C,C,C,C,RRRRRCCCCCC,0,1,0,0,0,0,0,1,0,I felt I had a higher likelihood of answering correctly,The STEM section was difficult because I am out of practice on those forms of Math,Non-STEM Track,497.0,162,White,Undergraduate degree (BA/BSc/other),26,Male,White,United States,United States,United States,English,No,Full-Time
123,645396c0550cfd6559004c7e,D,A,A,B,B,B,,B,B,,DAABBB_BB_,0.4,0.0,0.0,noisy,random,negative,Pass,red,80.0,3.0,1.0,Pass Box,D,B,A,C,B,D,A,B,C,D,DBACBDABCD,1.0,Non-STEM Track,0.0,0.0,R,R,C,C,C,C,C,C,C,C,C,RRCCCCCCCCC,0,0,1,0,0,0,0,0,0,Because the STEM questions take too long to evaluate given the time alotted,Thank you for the opportunity to participate in this interesting study,Non-STEM Track,951.0,1373,White,Undergraduate degree (BA/BSc/other),63,Male,White,United States,United States,United States,English,No,"Not in paid work (e.g. homemaker', 'retired or disabled)"
124,655f8b959477c803eb906622,C,B,D,B,B,D,D,C,B,C,CBDBBDDCBC,0.4,0.0,0.0,noisy,random,ground,Fail,black,55.0,5.0,6.0,Fail Box,D,B,A,C,B,D,A,B,C,D,DBACBDABCD,1.0,Non-STEM Track,0.0,0.0,R,R,R,R,C,C,C,C,C,C,C,RRRRCCCCCCC,0,0,1,0,0,0,0,0,0,I decided to choose the non-STEM track because I know I didn't do so good on the math test prior and the payout of 0.20 per correct answer seemed more reasonable for me.,My experience was pretty great and I thought the whole process went smoothly.,Non-STEM Track,966.0,1236,Middle Eastern,High school diploma/A-levels,21,Female,Asian,United Arab Emirates,United States,United States,Arabic,Yes,Unemployed (and job seeking)
125,659b022a91e97f5662907a19,A,A,C,A,A,B,D,C,A,B,AACAABDCAB,0.7,0.0,0.0,noisy,random,negative,Pass,red,50.0,5.0,5.0,Not Sure,B,A,A,A,B,D,C,A,B,C,BAAABDCABC,0.8,STEM Track,0.0,0.0,R,R,R,R,R,C,C,C,C,C,C,RRRRRCCCCCC,0,0,1,0,0,0,0,0,0,"I chose the STEM track as I am currently in college, majoring in STEM. ",I felt semi-confident in some answers as I took a couple of math classes past semesters last year. ,STEM Track,1041.0,1830,White,Technical/community college,22,Female,White,United States,United States,United States,English,Yes,Other
126,66cb66d0d697092a732e6a86,D,A,D,D,B,B,D,C,B,B,DADDBBDCBB,0.6,0.0,0.0,noisy,random,positive,Pass,black,50.0,4.0,4.0,Pass Box,D,B,A,C,B,D,A,B,C,A,DBACBDABCA,0.9,Non-STEM Track,0.0,0.0,R,R,R,R,R,C,C,C,C,C,C,RRRRRCCCCCC,0,1,0,0,0,0,0,0,0,"As a psychology master's student, I haven't been able to study STEm that much the past few years and felt weak and not confident enough.",It was fun!,Non-STEM Track,680.0,148,East Asian,Undergraduate degree (BA/BSc/other),22,Female,Asian,United States,United States,United States,English,Yes,Unemployed (and job seeking)
127,5c8e72856243bb0001dcdea2,D,A,B,A,C,B,A,C,B,D,DABACBACBD,0.3,0.0,0.0,noisy,random,ground,Fail,black,10.0,5.0,5.0,Fail Box,D,B,A,C,B,D,A,B,C,D,DBACBDABCD,1.0,Non-STEM Track,0.0,0.0,R,R,R,R,R,C,C,C,C,C,C,RRRRRCCCCCC,0,0,1,0,0,0,0,0,0,i felt it would be easier,No it was straight forward,Non-STEM Track,322.0,8325,White,Undergraduate degree (BA/BSc/other),35,Male,White,United States,United States,United States,English,No,Full-Time
129,5bb4d7270c8de800012a9dbf,A,C,D,,A,,,,,,ACD_A_____,0.1,0.0,0.0,noisy,random,positive,Fail,red,50.0,2.0,10.0,Fail Box,C,C,D,A,B,D,C,A,B,,CCDABDCAB_,0.5,STEM Track,0.0,0.0,R,R,R,R,C,C,C,C,C,C,C,RRRRCCCCCCC,0,1,1,1,1,0,0,0,0,Because that is the one I prefer best.,The math questions were very challenging. I didn't have enough time to complete them,STEM Track,1379.0,5,Black/African American,Technical/community college,45,Female,Black,United States,United States,United States,English,No,Part-Time
130,5df2be706e8aab1d1eb46feb,A,A,D,D,D,B,D,C,,B,AADDDBDC_B,0.6,0.0,0.0,noisy,random,positive,Pass,red,65.0,6.0,6.0,Pass Box,B,A,C,B,A,D,C,A,B,C,BACBADCABC,0.9,STEM Track,0.0,0.0,R,R,R,C,C,C,C,C,C,C,C,RRRCCCCCCCC,0,0,1,0,0,1,0,0,0,It was interesting to me and I had a knack for mathematics and science.,It was good. Thank you!,STEM Track,1062.0,4630,Latino/Hispanic,Undergraduate degree (BA/BSc/other),35,Male,Mixed,United States,United States,United States,English,No,Full-Time
132,6630c32c655e37e8b8d59960,C,A,D,C,D,B,D,C,C,B,CADCDBDCCB,0.6,0.0,0.0,noisy,random,negative,Pass,red,20.0,4.0,2.0,Pass Box,D,B,A,C,B,D,A,B,C,D,DBACBDABCD,1.0,Non-STEM Track,0.0,0.0,R,R,R,C,C,C,C,C,C,C,C,RRRCCCCCCCC,0,0,1,0,0,0,0,0,0,I feel very poorly about my skills in the STEM quiz.,It was very stressful taking the first quiz.,Non-STEM Track,836.0,504,White,Graduate degree (MA/MSc/MPhil/other),24,Female,White,United States,United States,United States,English,No,Full-Time
133,671a5b360bf8a1c64ef3f4d9,C,D,B,C,D,B,A,D,C,A,CDBCDBADCA,0.2,0.0,0.0,noisy,random,positive,Fail,red,50.0,2.0,5.0,Fail Box,D,B,A,C,B,D,A,B,C,D,DBACBDABCD,1.0,Non-STEM Track,0.0,0.0,R,R,R,R,R,C,C,C,C,C,C,RRRRRCCCCCC,0,0,1,0,0,0,0,0,0,I am better at non-STEM subjects.,,Non-STEM Track,593.0,481,White,Undergraduate degree (BA/BSc/other),30,Female,White,United States,United States,United States,English,No,Full-Time
134,654801d7edc99624b1884ce3,B,A,A,B,A,C,D,C,A,B,BAABACDCAB,0.5,0.0,0.0,noisy,random,ground,Pass,red,20.0,2.0,3.0,Pass Box,D,B,A,C,B,D,A,B,C,D,DBACBDABCD,1.0,Non-STEM Track,0.0,0.0,R,R,R,R,R,C,C,C,C,C,C,RRRRRCCCCCC,1,0,0,0,0,0,0,0,0,"The STEM questions were quite challenging and I already figured the level of difficulty, but I decided to take a risk and see what the non-STEM was like, as I felt either way I may not be guaranteed payment but with non STEM I could feel like I possibly had more of a choice. ","Good, no feedback.",Non-STEM Track,905.0,348,Black/African American,Undergraduate degree (BA/BSc/other),26,Female,Black,United States,United States,United States,English,No,Part-Time
135,5cad01a91bf1840018cfabc5,B,C,C,C,C,C,C,C,C,C,BCCCCCCCCC,0.3,0.0,0.0,noisy,random,positive,Pass,red,50.0,1.0,1.0,Fail Box,D,B,A,C,B,D,A,B,C,D,DBACBDABCD,1.0,Non-STEM Track,0.0,0.0,R,R,R,R,R,R,R,R,C,C,C,RRRRRRRRCCC,0,0,1,0,0,0,0,0,0,easier for me to know the answers,"math is not fun, so did not enjoy that",Non-STEM Track,345.0,6625,White,Undergraduate degree (BA/BSc/other),51,Female,White,United States,United States,United States,English,No,Full-Time
136,67ad344193ea61fa1a397889,B,A,A,C,C,D,B,A,C,D,BAACCDBACD,0.2,4.0,24.583,noisy,random,ground,Pass,red,50.0,3.0,2.0,Pass Box,D,B,A,C,B,D,A,B,C,D,DBACBDABCD,1.0,Non-STEM Track,1.0,14.854,R,R,R,R,R,C,C,C,C,C,C,RRRRRCCCCCC,0,0,1,0,0,0,0,0,0,Not good with math off the top of my head.,Good.,Non-STEM Track,818.0,7,White,High school diploma/A-levels,26,Female,White,United States,United States,United States,English,No,"Not in paid work (e.g. homemaker', 'retired or disabled)"
137,57d02ffb596f5d0001df741f,D,C,B,C,B,C,A,B,A,D,DCBCBCABAD,0.1,0.0,0.0,noisy,random,positive,Fail,red,15.0,2.0,3.0,Fail Box,D,B,A,C,B,D,A,B,C,D,DBACBDABCD,1.0,Non-STEM Track,0.0,0.0,R,R,R,R,R,R,R,C,C,C,C,RRRRRRRCCCC,0,0,1,0,0,0,0,0,0,Because I know that I did extremely poorly on the math questions and would continue to do so.,"There were no problems or difficulties getting through the study, even if I was a little slow completing it.",Non-STEM Track,865.0,1771,Mixed,High school diploma/A-levels,35,Male,Mixed,United States,United States,United States,English,No,"Not in paid work (e.g. homemaker', 'retired or disabled)"
139,677c3e75394b977738ddc32d,C,A,B,C,C,A,B,B,B,A,CABCCABBBA,0.1,0.0,0.0,noisy,random,ground,Fail,black,25.0,3.0,5.0,Fail Box,D,B,A,C,B,D,A,B,C,D,DBACBDABCD,1.0,Non-STEM Track,0.0,0.0,R,R,R,C,C,C,C,C,C,C,C,RRRCCCCCCCC,0,0,1,0,0,0,0,0,0,I'm not great with Math questions like the ones on the previous quiz. I would need to relearn a lot in order to do it so I felt more confident choosing the other option,"It was good, it made me realize how outdated my math comprehension skills are. ",Non-STEM Track,629.0,45,White,Technical/community college,39,Female,White,United Kingdom,United States,United States,English,No,Full-Time
140,66e32820161dbc2134712ee7,B,C,A,C,B,A,D,C,C,B,BCACBADCCB,0.5,0.0,0.0,noisy,random,positive,Pass,red,15.0,3.0,1.0,Pass Box,B,D,C,D,A,D,D,C,C,D,BDCDADDCCD,0.4,STEM Track,0.0,0.0,R,R,R,R,R,C,C,C,C,C,C,RRRRRCCCCCC,0,1,1,0,1,0,0,0,0,took a chance. trying to live life more on the edge ya know?,It made me feel pretty dumb. ,STEM Track,1078.0,482,White,Technical/community college,45,Female,White,United States,United States,United States,English,No,Part-Time
141,6748a63d679deb8bd2e9cafb,B,A,C,B,D,A,C,C,B,A,BACBDACCBA,0.4,1.0,1.543,noisy,random,ground,Fail,black,50.0,3.0,5.0,Fail Box,C,D,C,C,A,D,C,A,B,C,CDCCADCABC,0.7,STEM Track,0.0,0.0,R,R,R,R,R,R,R,C,C,C,C,RRRRRRRCCCC,0,0,1,0,0,0,0,0,0,I wanted a little bit of a challenge.,I thought some of the questions were to bring back memories of old homework.,STEM Track,944.0,213,East Asian,Undergraduate degree (BA/BSc/other),64,Female,Asian,China,United States,United States,English,No,Full-Time
142,5a82032017ef350001706e9a,D,A,C,B,A,A,B,D,C,B,DACBAABDCB,0.5,0.0,0.0,noisy,random,ground,Pass,red,50.0,2.0,4.0,Pass Box,D,B,A,C,B,D,A,B,C,D,DBACBDABCD,1.0,Non-STEM Track,0.0,0.0,R,R,R,R,R,C,C,C,C,C,C,RRRRRCCCCCC,0,0,1,0,0,0,0,0,0,"I had very little idea on how to solve the STEM questions, especially when given a limited time.",,Non-STEM Track,1082.0,1340,White,High school diploma/A-levels,26,Male,White,United States,United States,United States,English,No,Unemployed (and job seeking)
143,5e9ffe3988f78b1b0710eff6,B,C,C,B,A,C,D,A,C,A,BCCBACDACA,0.4,0.0,0.0,noisy,random,ground,Pass,red,40.0,2.0,4.0,Pass Box,D,B,A,C,B,D,A,B,C,D,DBACBDABCD,1.0,Non-STEM Track,0.0,0.0,R,R,R,R,R,C,C,C,C,C,C,RRRRRCCCCCC,0,1,0,0,0,0,0,0,0,because the questions up to that point were a bit too complicated and exhausting,i enjoyeed it but experienced a high level of stress at the beginning because i wasnt prepared for how dificut the questions would be,Non-STEM Track,559.0,1704,White,Doctorate degree (PhD/other),54,Male,White,United States,United States,United States,English,DATA_EXPIRED,Part-Time
144,559ecce6fdf99b16653fb880,B,A,A,C,D,B,D,A,D,D,BAACDBDADD,0.3,0.0,0.0,noisy,random,positive,Fail,red,33.0,3.0,4.0,Fail Box,D,B,A,C,B,D,A,B,C,D,DBACBDABCD,1.0,Non-STEM Track,0.0,0.0,R,R,R,R,R,C,C,C,C,C,C,RRRRRCCCCCC,0,0,1,0,0,0,0,0,0,Better chance at doing well,Instructions seemed overly contrived and I had to re-read a few times at points.,Non-STEM Track,841.0,1472,White,Undergraduate degree (BA/BSc/other),32,Male,White,United States,United States,United States,English,No,Full-Time
145,67105a872efb255dac1f775c,D,A,A,C,D,A,D,B,A,B,DAACDADBAB,0.3,0.0,0.0,noisy,random,positive,Fail,red,50.0,3.0,4.0,Fail Box,D,B,A,C,B,D,A,B,C,D,DBACBDABCD,1.0,Non-STEM Track,0.0,0.0,R,R,R,R,R,C,C,C,C,C,C,RRRRRCCCCCC,0,0,1,0,0,0,0,0,0,I don't remember enough about math to have felt confident choosing the STEM track.,I found the math questions to be very challenging and was relieved to answer the questions for the non-STEM portion.,Non-STEM Track,846.0,616,White,Undergraduate degree (BA/BSc/other),44,Female,White,United States,United States,United States,English,No,"Not in paid work (e.g. homemaker', 'retired or disabled)"
147,66c7e44e327c32a60a4dda61,D,A,B,C,C,C,A,B,A,D,DABCCCABAD,0.1,0.0,0.0,noisy,random,negative,Fail,red,0.0,3.0,2.0,Pass Box,D,B,A,C,B,D,A,B,C,D,DBACBDABCD,1.0,Non-STEM Track,0.0,0.0,R,R,R,C,C,C,C,C,C,C,C,RRRCCCCCCCC,0,0,1,1,0,0,0,0,0,I know I am stronger with language arts than math. ,I struggled with the stem track. ,Non-STEM Track,344.0,570,White,Technical/community college,41,Female,White,United States,United States,United States,English,No,DATA_EXPIRED
148,65f366dfcb46b71238e9418d,C,B,A,B,C,A,B,B,D,A,CBABCABBDA,0.1,0.0,0.0,noisy,random,negative,Fail,red,50.0,4.0,6.0,Fail Box,B,C,C,A,B,D,B,A,B,B,BCCABDBABB,0.6,STEM Track,0.0,0.0,R,R,R,R,C,C,C,C,C,C,C,RRRRCCCCCCC,0,0,1,0,0,0,0,0,0,Because of the bonus payment type offered.,"Experience was fine, no feedback.",STEM Track,773.0,929,Black/African American,High school diploma/A-levels,28,Male,Black,United States,United States,United States,English,No,Full-Time
149,61041fc93ff9b89a9d7c47cc,D,A,C,B,A,B,B,C,D,B,DACBABBCDB,0.6,0.0,0.0,noisy,random,positive,Pass,black,1.0,2.0,5.0,Fail Box,D,B,A,C,B,D,A,B,C,D,DBACBDABCD,1.0,Non-STEM Track,0.0,0.0,R,R,R,R,R,R,C,C,C,C,C,RRRRRRCCCCC,0,0,1,0,0,0,0,0,0,My brain is not math-ing right now ,The math section was crazy,Non-STEM Track,483.0,198,White,Graduate degree (MA/MSc/MPhil/other),34,Female,White,United States,United States,United States,English,DATA_EXPIRED,DATA_EXPIRED
151,66e200885d76e1646cce21d7,D,C,A,C,B,C,B,A,B,A,DCACBCBABA,0.1,0.0,0.0,noisy,random,positive,Fail,red,10.0,9.0,7.0,Pass Box,A,B,C,B,B,B,B,C,C,B,ABCBBBBCCB,0.1,STEM Track,0.0,0.0,R,C,C,C,C,C,C,C,C,C,C,RCCCCCCCCCC,0,0,1,0,0,0,0,0,0,I read the instructions. ,"This was difficult, but I think that was the point.",STEM Track,1281.0,663,White,Undergraduate degree (BA/BSc/other),33,Female,White,United States,United States,United States,English,No,"Not in paid work (e.g. homemaker', 'retired or disabled)"
152,641a604be613385009dd72db,D,A,D,C,B,B,B,B,B,D,DADCBBBBBD,0.3,0.0,0.0,noisy,random,positive,Pass,red,50.0,3.0,2.0,Fail Box,B,C,D,B,C,D,C,A,C,A,BCDBCDCACA,0.4,STEM Track,0.0,0.0,R,R,R,R,R,R,R,R,R,C,C,RRRRRRRRRCC,0,1,0,0,0,0,0,0,0,cause i didn't feel i was doing to great,good,STEM Track,961.0,2020,Latino/Hispanic,Technical/community college,31,Male,Mixed,United States,United States,United States,English,No,Full-Time
153,63d40052d6042c20ba2ce649,A,A,A,B,D,C,D,C,B,D,AAABDCDCBD,0.5,0.0,0.0,noisy,random,positive,Pass,red,60.0,5.0,5.0,Fail Box,D,B,A,C,B,D,A,B,C,D,DBACBDABCD,1.0,Non-STEM Track,0.0,0.0,R,R,R,R,R,C,C,C,C,C,C,RRRRRCCCCCC,0,0,1,0,0,0,0,0,0,My STEM knowledge is very rusty. Non-Stem is just easier.,My math skills are very bad and I need to brush up on them. This was fun though!,Non-STEM Track,765.0,3102,White,Graduate degree (MA/MSc/MPhil/other),30,Male,White,United States,United States,United States,English,No,Full-Time
154,66a292cd2a826dbe7e1d79ab,D,A,D,C,B,B,B,B,C,B,DADCBBBBCB,0.5,1.0,1.338,noisy,random,positive,Fail,red,75.0,6.0,6.0,Pass Box,D,B,A,C,B,D,A,B,C,C,DBACBDABCC,0.9,Non-STEM Track,0.0,0.0,R,R,R,R,R,C,C,C,C,C,C,RRRRRCCCCCC,0,0,1,0,0,0,0,0,0,I liked the idea of getting a bonus per question and wanted a break from math.,I enjoyed this survey.,Non-STEM Track,732.0,500,White,Undergraduate degree (BA/BSc/other),34,Female,White,United States,United States,United States,English,No,Full-Time
155,6785e46bcfbaf1e80151b70e,C,B,B,D,A,C,C,D,A,B,CBBDACCDAB,0.1,0.0,0.0,noisy,random,ground,Fail,black,0.0,5.0,5.0,Fail Box,A,C,D,A,C,D,A,C,A,B,ACDACDACAB,0.2,STEM Track,0.0,0.0,R,R,R,R,R,R,R,C,C,C,C,RRRRRRRCCCC,0,1,1,0,1,0,0,0,0,"I just randomly chose, I didn't know what it was.",it all went very well.,STEM Track,300.0,184,White,High school diploma/A-levels,21,Female,White,United States,United States,United States,English,No,Unemployed (and job seeking)
156,5aee59100ccc2e000185937c,D,A,B,B,C,D,A,,,,DABBCDA___,0.2,0.0,0.0,noisy,random,negative,Pass,red,10.0,1.0,1.0,Pass Box,D,B,A,C,B,D,A,B,C,D,DBACBDABCD,1.0,Non-STEM Track,0.0,0.0,R,C,C,C,C,C,C,C,C,C,C,RCCCCCCCCCC,0,0,1,0,0,0,0,0,0,I felt I had a better chance of getting questions right on purpose.,"It was a fine experience, it reminded me of why I don't like math.",Non-STEM Track,1339.0,1702,White,Technical/community college,37,Male,White,United States,United States,United States,English,No,Part-Time
157,66d89e4ec5f4a47cac72d0d0,D,B,B,C,C,A,C,C,A,A,DBBCCACCAA,0.1,0.0,0.0,noisy,random,negative,Fail,black,33.0,3.0,4.0,Fail Box,D,B,A,C,B,D,A,B,C,D,DBACBDABCD,1.0,Non-STEM Track,0.0,0.0,R,R,R,R,R,C,C,C,C,C,C,RRRRRCCCCCC,0,0,1,1,1,0,0,0,0,"I am not all that familiar with STEM style testing, but do have some idea of the concept. Although I returned to college at 49yo, I have a Son who will be starting College next semester. I have helped him with STEM classes in Highschool ",This was the most enjoyable survey I have yet to take. Very much liked it,Non-STEM Track,910.0,36,Mixed,Undergraduate degree (BA/BSc/other),49,Male,Mixed,United States,United States,United States,English,Yes,Other
158,5bec5b873ffbad0001e8b968,B,A,B,D,A,A,A,C,C,B,BABDAAACCB,0.4,0.0,0.0,noisy,random,negative,Pass,red,5.0,1.0,1.0,Pass Box,D,B,A,C,B,D,A,B,C,D,DBACBDABCD,1.0,Non-STEM Track,0.0,0.0,R,R,R,C,C,C,C,C,C,C,C,RRRCCCCCCCC,0,1,1,0,0,0,0,0,0,The STEM questions hurt my head.  Been out of school too long to remember how to do advanced math,very difficult problems,Non-STEM Track,703.0,6616,White,High school diploma/A-levels,60,Female,White,United States,United States,United States,English,No,"Not in paid work (e.g. homemaker', 'retired or disabled)"
159,633af05da0499598ca6a9834,A,C,C,A,A,B,D,B,A,A,ACCAABDBAA,0.4,0.0,0.0,noisy,random,ground,Pass,red,50.0,4.0,1.0,Pass Box,D,B,A,C,B,D,A,B,C,D,DBACBDABCD,1.0,Non-STEM Track,0.0,0.0,R,R,R,C,C,C,C,C,C,C,C,RRRCCCCCCCC,0,0,1,0,0,0,0,0,0,Didn't think I could get the answers right,good,Non-STEM Track,525.0,1571,Latino/Hispanic,High school diploma/A-levels,52,Male,Other,United States,United States,United States,English,No,Full-Time
161,67acfb68c3860389b0c4db4b,B,A,B,C,D,C,D,B,B,C,BABCDCDBBC,0.2,0.0,0.0,noisy,random,positive,Fail,red,32.0,2.0,3.0,Fail Box,D,B,A,C,B,D,A,B,C,D,DBACBDABCD,1.0,Non-STEM Track,0.0,0.0,R,R,R,R,R,R,C,C,C,C,C,RRRRRRCCCCC,0,0,1,0,0,0,0,0,0,My strengths are not math related. I am a much stronger reader than I am in math and sciences.,The math questions were very stressful. I'm a perfectionist so it was hard for me to not remember how to solve the problems and work through them correctly. It was a fun survey though. ,Non-STEM Track,709.0,37,White,Undergraduate degree (BA/BSc/other),29,Female,White,United States,United States,United States,English,No,Full-Time
162,66fc39329c32ceedaea614b0,B,C,B,C,B,B,C,B,B,B,BCBCBBCBBB,0.3,0.0,0.0,noisy,random,ground,Fail,black,15.0,1.0,5.0,Fail Box,D,B,A,C,B,B,A,B,C,D,DBACBBABCD,0.9,Non-STEM Track,0.0,0.0,R,R,R,R,R,C,C,C,C,C,C,RRRRRCCCCCC,0,0,0,0,0,0,0,0,0,,,Non-STEM Track,477.0,261,White,Technical/community college,44,Male,White,United States,United States,United States,English,No,DATA_EXPIRED
163,63d96d5957cdd8a417721253,D,A,B,C,D,B,D,C,C,B,DABCDBDCCB,0.6,0.0,0.0,noisy,random,ground,Pass,red,60.0,5.0,5.0,Pass Box,B,B,C,A,A,A,C,A,B,D,BBCAAACABD,0.7,STEM Track,0.0,0.0,R,R,R,R,R,C,C,C,C,C,C,RRRRRCCCCCC,0,0,1,0,0,0,0,0,0,I am interested in science and computers.,Nothing to add.,STEM Track,1170.0,1967,White,Technical/community college,39,Male,White,United States,United States,United States,English,No,DATA_EXPIRED
164,62fcf3d9948e4a6a9623cce8,,A,,,B,B,D,C,C,,_A__BBDCC_,0.6,0.0,0.0,noisy,random,ground,Pass,red,50.0,5.0,5.0,Pass Box,D,B,A,C,B,D,A,B,C,D,DBACBDABCD,1.0,Non-STEM Track,0.0,0.0,R,R,R,C,C,C,C,C,C,C,C,RRRCCCCCCCC,0,0,1,0,0,0,0,0,0,I wasn't confident I'd get 5 problems correct,This was fun and challenging!,Non-STEM Track,872.0,4283,White,Graduate degree (MA/MSc/MPhil/other),73,Female,White,United States,United States,United States,English,No,"Not in paid work (e.g. homemaker', 'retired or disabled)"
167,639a21660463f7343d9cee2b,D,C,C,A,D,C,C,D,A,D,DCCADCCDAD,0.1,0.0,0.0,noisy,random,negative,Pass,red,0.0,1.0,0.0,Fail Box,A,B,A,C,B,D,A,B,C,D,ABACBDABCD,0.9,Non-STEM Track,0.0,0.0,R,R,R,R,R,R,R,R,R,R,R,RRRRRRRRRRR,0,0,1,0,0,0,0,0,0,Math is not my strong suit. I know the basics but that is all. ,I saw the math problems and panicked because I knew I did not know any of the answers. The English I was very confident.,Non-STEM Track,1042.0,1189,Black/African American,Technical/community college,55,Female,Black,United States,United States,United States,English,No,Unemployed (and job seeking)
168,5a4ff86beedc32000141f232,B,C,B,C,C,B,C,D,C,B,BCBCCBCDCB,0.3,0.0,0.0,noisy,random,positive,Pass,black,10.0,4.0,3.0,Pass Box,B,A,C,D,C,B,C,C,B,D,BACDCBCCBD,0.5,STEM Track,0.0,0.0,R,R,R,R,C,C,C,C,C,C,C,RRRRCCCCCCC,0,0,1,0,0,0,0,0,0,Ithought it would work best.,all went well,STEM Track,624.0,1888,White,Technical/community college,47,Female,White,United States,United States,United States,English,DATA_EXPIRED,DATA_EXPIRED
169,5b0df5bde9270900013bdf7f,D,B,C,B,A,C,B,C,A,B,DBCBACBCAB,0.4,0.0,0.0,noisy,random,negative,Pass,red,45.0,5.0,3.0,Fail Box,D,D,A,C,B,A,A,B,C,D,DDACBAABCD,0.8,Non-STEM Track,0.0,0.0,R,C,C,C,C,C,C,C,C,C,C,RCCCCCCCCCC,0,0,1,0,0,0,0,0,0,I felt like I was not qualified,Not really,Non-STEM Track,462.0,637,White,Technical/community college,36,Male,White,United States,United States,United States,English,No,Unemployed (and job seeking)
170,6716978fa0744303fb9b1a53,D,A,B,D,A,B,B,A,B,,DABDABBAB_,0.2,0.0,0.0,noisy,random,positive,Fail,red,50.0,3.0,3.0,Fail Box,B,D,C,C,B,B,A,C,A,C,BDCCBBACAC,0.3,STEM Track,0.0,0.0,R,R,R,R,R,C,C,C,C,C,C,RRRRRCCCCCC,1,0,1,0,1,0,0,0,0,I wanted to further challenge myself. ,"I was flustered through some of it. But I enjoy a challenge, so it wasnt too bad. ",STEM Track,1023.0,408,White,Undergraduate degree (BA/BSc/other),38,Female,White,United States,United States,United States,English,No,Part-Time
171,57b359fb869234000179f236,C,C,C,C,C,C,C,C,C,C,CCCCCCCCCC,0.3,0.0,0.0,noisy,random,ground,Fail,black,5.0,1.0,5.0,Fail Box,D,B,A,C,B,D,A,B,C,D,DBACBDABCD,1.0,Non-STEM Track,0.0,0.0,R,R,R,R,R,C,C,C,C,C,C,RRRRRCCCCCC,0,0,1,0,0,0,0,0,0,I don't do math,,Non-STEM Track,241.0,1655,White,Undergraduate degree (BA/BSc/other),41,Male,White,United States,United States,United States,English,No,Full-Time
172,576ad50bc8a90000010d99c8,B,B,A,D,C,B,A,B,D,A,BBADCBABDA,0.1,0.0,0.0,noisy,random,negative,Fail,black,5.0,2.0,2.0,Fail Box,D,B,A,C,B,D,A,B,C,D,DBACBDABCD,1.0,Non-STEM Track,0.0,0.0,R,R,R,R,C,C,C,C,C,C,C,RRRRCCCCCCC,0,1,1,0,0,0,0,0,0,"I don't have great math skills, and it's been over 25 years since I took any math classes.","I felt like a big fat failure, so I'm glad there was SOMETHING I could get right with the definitions.",Non-STEM Track,697.0,3526,White,High school diploma/A-levels,50,Female,White,United States,United States,United States,English,No,"Not in paid work (e.g. homemaker', 'retired or disabled)"
173,668413a08646887a6e57bd48,D,A,B,A,B,B,B,B,C,,DABABBBBC_,0.4,1.0,1.164,noisy,random,ground,Fail,black,50.0,4.0,6.0,Fail Box,B,A,C,B,A,D,C,A,B,B,BACBADCABB,0.8,STEM Track,0.0,0.0,R,R,R,R,R,C,C,C,C,C,C,RRRRRCCCCCC,0,0,1,0,0,0,0,0,0,I like math,Try to better explain the question.,STEM Track,1671.0,311,White,High school diploma/A-levels,23,Male,White,United States,United States,United States,English,No,Other
174,581ed572115ee9000179b44d,D,A,C,B,C,D,B,C,B,C,DACBCDBCBC,0.4,0.0,0.0,noisy,random,positive,Pass,red,5.0,2.0,3.0,Fail Box,B,A,C,A,A,D,C,A,B,B,BACAADCABB,0.9,STEM Track,0.0,0.0,R,R,R,C,C,C,C,C,C,C,C,RRRCCCCCCCC,0,1,1,0,1,0,0,0,0,I grew up working on and with computers.,"My experience was great. The study was wonderful, I'm just not a great math student.",STEM Track,1273.0,1199,Black/African American,Undergraduate degree (BA/BSc/other),32,Male,Black,United States,United States,United States,English,No,Full-Time
175,663e40cb2b99c777c91d0827,D,B,B,C,D,B,A,C,A,A,DBBCDBACAA,0.2,0.0,0.0,noisy,random,ground,Fail,black,50.0,4.0,5.0,Fail Box,B,A,C,B,A,D,C,A,B,C,BACBADCABC,0.9,STEM Track,0.0,0.0,R,R,R,R,R,R,C,C,C,C,C,RRRRRRCCCCC,0,0,1,0,0,0,0,0,0,So I could potentially earn a bigger bonus,No,STEM Track,902.0,594,White,Graduate degree (MA/MSc/MPhil/other),26,Female,White,United States,United States,United States,English,DATA_EXPIRED,DATA_EXPIRED
176,644168ef5feb0150d6d4b3c3,D,A,B,D,C,C,B,B,C,B,DABDCCBBCB,0.3,0.0,0.0,noisy,random,negative,Pass,red,25.0,0.0,0.0,Fail Box,B,C,A,A,B,C,D,B,C,A,BCAABCDBCA,0.2,STEM Track,0.0,0.0,R,R,R,C,C,C,C,C,C,C,C,RRRCCCCCCCC,0,0,1,0,0,0,0,0,0,Potential higher reward.,"I don't understand the point of this study.  I guessed on all but one of the questions, as algebra is beyond my mental capacity.",STEM Track,559.0,402,White,High school diploma/A-levels,50,Male,White,United States,United States,United States,English,No,"Not in paid work (e.g. homemaker', 'retired or disabled)"
177,6684bbcfad6facc374fd6523,D,A,A,A,B,B,C,B,B,B,DAAABBCBBB,0.4,0.0,0.0,noisy,random,ground,Fail,black,55.0,5.0,6.0,Fail Box,D,B,A,C,B,D,A,B,C,D,DBACBDABCD,1.0,Non-STEM Track,0.0,0.0,R,R,R,R,R,R,R,C,C,C,C,RRRRRRRCCCC,0,0,1,0,0,0,0,0,1,"Even though I've studied in STEM fields most of my life, I am only good at a few of the many facets of STEM. Math isn't my strong suit, so if it was another math quiz, I don't think I would have done well. The quiz would have had to have been in a specific STEM area that I'm good at.",It was a bit stressful to try to remember math problems that I haven't seen in many years!,Non-STEM Track,1086.0,587,White,Undergraduate degree (BA/BSc/other),29,Female,White,United States,United States,United States,English,Yes,DATA_EXPIRED
178,63fd545c9e693441916712ff,A,D,D,B,B,D,B,C,B,D,ADDBBDBCBD,0.4,0.0,0.0,noisy,random,negative,Fail,black,80.0,6.0,5.0,Fail Box,B,A,C,,A,D,C,C,B,C,BAC_ADCCBC,0.8,STEM Track,0.0,0.0,R,R,C,C,C,C,C,C,C,C,C,RRCCCCCCCCC,0,0,1,0,0,0,0,0,0,It was lucrative,It was boring,STEM Track,1151.0,620,White,Doctorate degree (PhD/other),65,Male,White,United States,United States,United States,English,No,Full-Time
179,671862677002ebe247a450d4,D,A,A,C,D,A,B,B,B,B,DAACDABBBB,0.2,0.0,0.0,noisy,random,negative,Fail,black,100.0,3.0,5.0,Fail Box,D,B,A,C,B,D,A,B,C,D,DBACBDABCD,1.0,Non-STEM Track,0.0,0.0,R,R,R,C,C,C,C,C,C,C,C,RRRCCCCCCCC,0,0,1,0,0,0,0,0,0,"I don't think I performed well on the math questions, so I chose non-STEM since mathematics is fundamental to STEM.","I wish I had double the time for section 1, I didn't finish it but there were some that I felt confident about. Perhaps I could have gotten a better score if I had more time. ",Non-STEM Track,1041.0,260,South East Asian,Undergraduate degree (BA/BSc/other),24,Male,Asian,United States,United States,Cambodia,English,No,"Not in paid work (e.g. homemaker', 'retired or disabled)"
180,5ecc6fb87c7c7646490f3cf8,B,A,B,C,C,B,C,C,C,B,BABCCBCCCB,0.5,0.0,0.0,noisy,random,positive,Pass,black,55.0,4.0,3.0,Pass Box,D,B,A,C,B,D,A,B,C,D,DBACBDABCD,1.0,Non-STEM Track,0.0,0.0,R,R,R,R,C,C,C,C,C,C,C,RRRRCCCCCCC,0,0,1,0,0,0,0,0,0,The first math quiz was pretty stressful and I was unsure of my performance.,The study went well and was interesting.,Non-STEM Track,847.0,2399,White,Graduate degree (MA/MSc/MPhil/other),40,Male,White,United States,United States,United States,English,DATA_EXPIRED,Full-Time
181,632a1ae0d2c0c28e680e9c5a,C,B,C,D,B,C,C,C,C,B,CBCDBCCCCB,0.5,1.0,2.763,noisy,random,positive,Pass,red,30.0,2.0,1.0,Fail Box,B,A,D,C,A,C,A,D,C,D,BADCACADCD,0.3,STEM Track,1.0,1.579,R,R,R,R,R,C,C,C,C,C,C,RRRRRCCCCCC,0,0,1,0,0,0,0,0,0,I like the challenge of the questions.,I loved it! Wish you guys put out more of these! Thank you!,STEM Track,537.0,1150,White,High school diploma/A-levels,40,Male,White,United States,United States,United States,English,No,Unemployed (and job seeking)
183,5f2dfc9bcae87215c17d34d4,B,C,B,C,A,B,B,C,C,A,BCBCABBCCA,0.3,0.0,0.0,noisy,random,negative,Fail,red,20.0,3.0,5.0,Fail Box,D,B,A,C,B,D,A,C,C,D,DBACBDACCD,0.9,Non-STEM Track,0.0,0.0,R,R,R,R,R,R,R,R,R,R,C,RRRRRRRRRRC,0,0,1,0,0,0,0,0,0,I thought it would be easier.,The initial math questions were difficult.,Non-STEM Track,900.0,2967,Latino/Hispanic,High school diploma/A-levels,25,Female,Other,United States,United States,United States,English,Yes,Unemployed (and job seeking)
185,66558897b80ff7608a7b0a08,D,C,B,B,D,C,D,C,C,B,DCBBDCDCCB,0.5,0.0,0.0,noisy,random,ground,Pass,red,5.0,4.0,2.0,Fail Box,B,B,C,B,D,C,C,C,B,D,BBCBDCCCBD,0.4,STEM Track,0.0,0.0,R,R,R,R,R,C,C,C,C,C,C,RRRRRCCCCCC,0,0,1,0,1,0,0,0,0,Thought it was something else,Very hard,STEM Track,644.0,830,White,Undergraduate degree (BA/BSc/other),22,Male,White,United States,United States,United States,English,Yes,"Not in paid work (e.g. homemaker', 'retired or disabled)"
187,67880d8b8375161de73f3ff0,C,B,D,C,B,A,C,B,D,A,CBDCBACBDA,0.1,0.0,0.0,noisy,random,positive,Fail,red,23.0,2.0,3.0,Fail Box,D,B,A,C,B,D,A,B,C,D,DBACBDABCD,1.0,Non-STEM Track,0.0,0.0,R,R,R,R,R,C,R,R,C,C,C,RRRRRCRRCCC,0,0,1,0,0,0,0,0,0,I didn't feel I had enough time to figure out the STEM questions and didn't want to guess.,"It was good, a little confusing, but not issues.",Non-STEM Track,357.0,88,White,Undergraduate degree (BA/BSc/other),22,Female,White,United States,United States,United States,English,Yes,Due to start a new job within the next month
189,678006318afafe2d811d0277,D,D,A,B,C,A,A,D,C,A,DDABCAADCA,0.2,0.0,0.0,noisy,random,positive,Fail,red,20.0,4.0,4.0,Fail Box,D,A,A,C,B,D,A,B,C,D,DAACBDABCD,0.9,Non-STEM Track,0.0,0.0,R,R,R,R,R,R,R,C,C,C,C,RRRRRRRCCCC,0,0,1,0,0,0,0,0,0,"I am not an analytical brain, I've always done better in creative or english language based assignments.","This survey was very interesting, I appreciate the option to swap off of the math oriented questions.",Non-STEM Track,582.0,182,White,High school diploma/A-levels,22,Female,White,United States,United States,United States,English,No,Full-Time
190,641ec1a9d9fe8a0941e39862,D,D,B,D,A,A,D,D,,,DDBDAADD__,0.1,0.0,0.0,noisy,random,ground,Fail,black,0.0,2.0,3.0,Fail Box,D,B,A,C,B,D,A,B,C,D,DBACBDABCD,1.0,Non-STEM Track,0.0,0.0,R,R,R,R,R,C,C,C,C,C,C,RRRRRCCCCCC,0,0,1,0,0,0,0,0,0,its been a while. I need to brush up.,went well,Non-STEM Track,773.0,1615,White,Undergraduate degree (BA/BSc/other),45,Male,White,United States,United States,United States,English,DATA_EXPIRED,DATA_EXPIRED
191,60fe58dabcac84f95b003aa0,A,A,D,B,B,D,D,A,C,B,AADBBDDACB,0.7,0.0,0.0,noisy,random,negative,Fail,red,75.0,8.0,8.0,Pass Box,D,B,A,C,B,D,A,B,C,D,DBACBDABCD,1.0,Non-STEM Track,0.0,0.0,R,R,R,R,R,C,C,C,C,C,C,RRRRRCCCCCC,0,0,1,0,0,0,0,0,0,I wanted to switch it up.,No feedback,Non-STEM Track,955.0,551,White,High school diploma/A-levels,24,Female,White,United States,United States,United States,English,No,Unemployed (and job seeking)
192,5d30cabd5124970019cb706c,B,B,C,B,B,A,D,C,C,B,BBCBBADCCB,0.7,2.0,29.897,noisy,random,positive,Pass,black,10.0,5.0,4.0,Pass Box,D,B,A,C,B,D,A,B,C,D,DBACBDABCD,1.0,Non-STEM Track,1.0,24.919,R,R,R,R,R,C,C,C,C,C,C,RRRRRCCCCCC,0,0,1,0,0,0,0,0,0,I had bad teachers in those fields who made feel a lack of interest or teachers who didn't have time to help me learn what I wasn't able to.,It reminded me of school.,Non-STEM Track,2231.0,2669,Latino/Hispanic,Technical/community college,30,Male,Mixed,United States,United States,United States,Spanish,DATA_EXPIRED,DATA_EXPIRED
193,5e52d0122f5f952f2a7b6b28,D,A,C,D,B,B,D,C,B,A,DACDBBDCBA,0.6,0.0,0.0,noisy,random,ground,Pass,red,40.0,3.0,3.0,Pass Box,D,B,A,C,B,D,A,B,C,D,DBACBDABCD,1.0,Non-STEM Track,0.0,0.0,R,R,R,R,R,R,C,C,C,C,C,RRRRRRCCCCC,0,0,1,0,0,0,0,0,0,I am stronger in Non-STEM fields and wanted a break from math questions.,The experience was good but I wish there was an option to tab out or open a scratch pad for the math section.,Non-STEM Track,614.0,4557,Mixed,Undergraduate degree (BA/BSc/other),40,Male,Mixed,United States,United States,United States,English,DATA_EXPIRED,DATA_EXPIRED
194,6787ead695a83451ae1abf51,A,A,B,B,C,A,D,C,C,B,AABBCADCCB,0.7,0.0,0.0,noisy,random,ground,Pass,red,5.0,3.0,3.0,Pass Box,D,B,A,A,B,D,A,B,C,D,DBAABDABCD,0.9,Non-STEM Track,0.0,0.0,R,C,C,C,C,C,C,C,C,C,C,RCCCCCCCCCC,0,1,0,0,1,0,0,0,0,I am not good at math.,It was good,Non-STEM Track,339.0,22,Middle Eastern,No formal qualifications,20,Female,White,United States,United States,United States,English,Yes,Part-Time
195,66469ef793a8127e49ca1992,D,C,B,B,D,A,C,B,D,A,DCBBDACBDA,0.1,0.0,0.0,noisy,random,negative,Pass,red,1.0,0.0,0.0,Fail Box,B,C,B,B,D,C,C,C,A,C,BCBBDCCCAC,0.3,STEM Track,0.0,0.0,R,R,R,R,R,R,C,C,C,C,C,RRRRRRCCCCC,0,0,1,0,0,0,0,0,0,I wanted to make some money,I thought the questions were too difficult!,STEM Track,378.0,1404,White,Undergraduate degree (BA/BSc/other),38,Female,White,United States,United States,United States,English,No,"Not in paid work (e.g. homemaker', 'retired or disabled)"
196,6629412a422a92279cab485e,D,A,A,D,,B,D,B,,B,DAAD_BDB_B,0.4,0.0,0.0,noisy,random,ground,Fail,black,60.0,4.0,8.0,Fail Box,D,B,A,C,B,D,A,B,C,D,DBACBDABCD,1.0,Non-STEM Track,0.0,0.0,R,R,C,C,C,C,C,C,C,C,C,RRCCCCCCCCC,0,0,1,0,0,0,0,0,0,I have always done better with words than numbers,"The math test was a bit stressful since I don't use that knowledge on a daily basis. However, it was interesting to go through the experiment.",Non-STEM Track,817.0,30,Other (please feel free to let us know your ethnicity via email),Technical/community college,49,Female,White,United States,United States,United States,English,Yes,Unemployed (and job seeking)
197,611bed11fa6a3b35c9226c29,D,A,B,B,D,B,C,B,B,A,DABBDBCBBA,0.3,0.0,0.0,noisy,random,positive,Fail,red,50.0,0.0,5.0,Fail Box,D,B,A,C,B,D,A,B,C,D,DBACBDABCD,1.0,Non-STEM Track,0.0,0.0,R,R,R,R,R,C,C,C,C,C,C,RRRRRCCCCCC,1,1,1,0,0,0,0,1,0,I'm better at those.,I am lousy at maths so I knew I would do badly there.,Non-STEM Track,690.0,7090,White,Technical/community college,69,Male,White,United States,United States,United States,English,No,"Not in paid work (e.g. homemaker', 'retired or disabled)"
198,677f45994f666dd870c5a5b7,D,A,D,C,B,D,D,B,B,B,DADCBDDBBB,0.4,0.0,0.0,noisy,random,ground,Pass,red,25.0,5.0,4.0,Pass Box,D,B,A,C,B,D,A,B,C,D,DBACBDABCD,1.0,Non-STEM Track,0.0,0.0,R,R,R,R,R,C,C,C,C,C,C,RRRRRCCCCCC,1,0,1,0,0,0,0,0,0,I thought it would be easier,The questions were hard!,Non-STEM Track,565.0,97,White,Undergraduate degree (BA/BSc/other),27,Male,White,United States,United States,United States,English,No,Full-Time
199,67b61e207946ebb22db5d282,B,B,B,C,A,C,A,C,B,D,BBBCACACBD,0.1,0.0,0.0,noisy,random,positive,Fail,red,10.0,3.0,3.0,Fail Box,D,B,A,C,B,D,A,B,C,D,DBACBDABCD,1.0,Non-STEM Track,0.0,0.0,R,R,R,R,R,R,C,C,C,C,C,RRRRRRCCCCC,0,0,1,0,0,0,0,0,0,I am not very proficient in mathematics. ,I enjoyed the experience. ,Non-STEM Track,592.0,5,White,Undergraduate degree (BA/BSc/other),27,Female,White,United States,United States,United States,English,Yes,Full-Time
200,5815369b94ecc900010b014e,B,C,B,B,D,B,D,B,C,A,BCBBDBDBCA,0.4,0.0,0.0,noisy,random,positive,Pass,red,30.0,2.0,3.0,Fail Box,D,B,A,C,B,D,A,B,C,D,DBACBDABCD,1.0,Non-STEM Track,0.0,0.0,R,R,R,R,R,C,C,C,C,C,C,RRRRRCCCCCC,0,0,1,0,0,0,0,0,0,Less stress overall,Things went smoothly.,Non-STEM Track,795.0,5754,White,Undergraduate degree (BA/BSc/other),34,Female,White,United States,United States,United States,English,No,DATA_EXPIRED
202,66d11cef1c98e8d3687a50a8,D,A,C,B,D,C,B,C,A,C,DACBDCBCAC,0.4,0.0,0.0,noisy,random,negative,Fail,red,25.0,3.0,5.0,Fail Box,B,B,C,D,B,D,C,A,B,C,BBCDBDCABC,0.7,STEM Track,0.0,0.0,R,R,R,R,C,C,C,C,C,C,C,RRRRCCCCCCC,0,0,1,0,0,0,0,0,0,I felt confident I could get five answers correctly.,"It was fun, but I wish I would’ve had a paper and pencil to try to work out the problems next to me. Trying to do it in my head and on a timer, I do not feel as confident.",STEM Track,736.0,302,White,Undergraduate degree (BA/BSc/other),38,Female,White,United States,United States,United States,English,No,"Not in paid work (e.g. homemaker', 'retired or disabled)"
204,674b68c7cd96778f0b2b4314,A,A,B,A,C,A,D,C,B,B,AABACADCBB,0.5,0.0,0.0,noisy,random,ground,Pass,red,25.0,2.0,4.0,Pass Box,B,B,C,C,A,D,B,A,B,C,BBCCADBABC,0.7,STEM Track,0.0,0.0,R,R,C,R,R,C,R,R,R,R,R,RRCRRCRRRRR,0,0,1,0,0,0,0,0,0,ITS INTERESTIG.,NICE,STEM Track,1092.0,468,White,Graduate degree (MA/MSc/MPhil/other),28,Female,White,United States,United States,United States,English,No,Part-Time
205,6732d7e668e0e0b1e4d10cbd,D,A,B,D,B,B,B,C,B,A,DABDBBBCBA,0.4,0.0,0.0,noisy,random,negative,Pass,red,75.0,3.0,4.0,Pass Box,D,B,A,C,B,D,A,B,C,D,DBACBDABCD,1.0,Non-STEM Track,0.0,0.0,R,R,R,R,R,C,C,C,C,C,C,RRRRRCCCCCC,0,0,1,0,0,0,0,0,0,I haven't used that type of math in my life for a long time so I don't remember how to solve things very well.,I tried my best but I know I didn't do very good because I struggled on the math part,Non-STEM Track,708.0,281,White,High school diploma/A-levels,22,Female,White,United States,United States,United States,English,No,"Not in paid work (e.g. homemaker', 'retired or disabled)"
206,6668ded39ec8cf407851fbce,A,B,C,D,A,B,C,A,B,C,ABCDABCABC,0.3,0.0,0.0,noisy,random,positive,Pass,black,30.0,1.0,3.0,Pass Box,D,B,A,C,B,D,A,B,C,D,DBACBDABCD,1.0,Non-STEM Track,0.0,0.0,R,R,R,R,R,C,C,C,C,C,C,RRRRRCCCCCC,0,0,1,0,0,0,0,0,0,I am more confident in non-stem subjects and thought I would perform better at a non-stem task. ,"good, no feedback",Non-STEM Track,325.0,1100,White,High school diploma/A-levels,50,Female,White,United States,United States,United States,English,No,Due to start a new job within the next month
207,676f28a680afa9fe2cf06ac0,B,C,A,C,D,B,A,A,A,C,BCACDBAAAC,0.1,0.0,0.0,noisy,random,ground,Fail,black,10.0,1.0,5.0,Fail Box,D,B,A,C,B,D,A,B,C,D,DBACBDABCD,1.0,Non-STEM Track,0.0,0.0,R,R,R,R,C,C,C,C,C,C,C,RRRRCCCCCCC,0,0,1,0,0,0,0,0,0,I do not like math,"The math part was frustrating, but the language part was easy",Non-STEM Track,813.0,276,White,Graduate degree (MA/MSc/MPhil/other),48,Female,White,United States,United States,United States,English,No,Unemployed (and job seeking)
208,670692b29cd73b506df2f3dc,B,C,B,D,A,A,D,A,D,B,BCBDAADADB,0.2,0.0,0.0,noisy,random,negative,Fail,black,10.0,1.0,3.0,Fail Box,D,B,A,C,B,D,A,B,C,D,DBACBDABCD,1.0,Non-STEM Track,0.0,0.0,R,R,R,R,R,C,C,C,C,C,C,RRRRRCCCCCC,0,0,1,0,0,0,0,0,0,Math isn't my strong suit.,none.,Non-STEM Track,348.0,384,Latino/Hispanic,High school diploma/A-levels,41,Male,Other,United States,United States,United States,English,No,Full-Time
209,64345bf16b9a2e046128887f,B,C,B,D,B,C,A,B,C,D,BCBDBCABCD,0.2,0.0,0.0,noisy,random,ground,Fail,black,51.0,5.0,4.0,Fail Box,D,B,A,C,B,D,A,B,C,D,DBACBDABCD,1.0,Non-STEM Track,0.0,0.0,R,R,C,C,C,C,C,C,C,C,C,RRCCCCCCCCC,0,0,1,0,0,0,0,0,0,Wanted to finis,ok,Non-STEM Track,990.0,2053,Latino/Hispanic,High school diploma/A-levels,72,Male,White,United States,United States,United States,English,DATA_EXPIRED,DATA_EXPIRED
210,67781b8a215a48953cc6af12,D,B,A,D,D,,C,C,B,A,DBADD_CCBA,0.1,1.0,0.883,noisy,random,ground,Fail,black,50.0,4.0,2.0,Fail Box,D,B,A,C,B,D,A,B,C,A,DBACBDABCA,0.9,Non-STEM Track,0.0,0.0,R,R,R,C,C,C,C,C,C,C,C,RRRCCCCCCCC,0,0,1,0,0,0,0,0,0,Because I felt that I would have a better chance to get the answer correct. ,It was fun! ,Non-STEM Track,1023.0,123,White,Undergraduate degree (BA/BSc/other),38,Female,White,United States,United States,United States,English,No,"Not in paid work (e.g. homemaker', 'retired or disabled)"
211,62b077136224952ffd679d48,C,A,C,B,A,D,C,C,C,B,CACBADCCCB,0.6,0.0,0.0,noisy,random,positive,Pass,red,18.0,0.0,5.0,Fail Box,D,B,A,C,B,D,A,B,C,D,DBACBDABCD,1.0,Non-STEM Track,0.0,0.0,R,R,R,R,R,R,R,C,C,C,C,RRRRRRRCCCC,0,0,1,0,0,0,0,0,0,The first test was very hard and I wasnt sure if it would be the same type of questions and I did not think I could get more than 5 right.,it was interesting. no feedback,Non-STEM Track,599.0,4790,White,High school diploma/A-levels,46,Male,White,United States,United States,United States,English,No,Unemployed (and job seeking)
212,5deb3ffdf375c625fa83bac7,B,B,C,A,A,D,B,A,B,C,BBCAADBABC,0.1,0.0,0.0,noisy,random,positive,Fail,red,20.0,3.0,4.0,Fail Box,B,A,B,B,B,A,A,C,D,B,BABBBAACDB,0.2,STEM Track,0.0,0.0,C,R,R,R,R,R,R,R,R,C,C,CRRRRRRRRCC,0,0,1,0,0,0,0,0,0,Better bonus.,It was difficult.,STEM Track,919.0,5158,Black/African American,High school diploma/A-levels,26,Male,Black,United States,United States,United States,English,Yes,Part-Time
214,678e7fc78628897e2a92bd42,D,A,D,B,B,B,D,C,B,C,DADBBBDCBC,0.6,0.0,0.0,noisy,random,negative,Pass,red,20.0,7.0,6.0,Pass Box,B,D,C,B,A,D,C,A,B,C,BDCBADCABC,0.8,STEM Track,0.0,0.0,R,R,R,R,R,C,C,C,C,C,C,RRRRRCCCCCC,0,0,1,0,0,0,0,0,0,I like math problems,"I think this was a good survey, a bit long.",STEM Track,667.0,122,East Asian,Graduate degree (MA/MSc/MPhil/other),40,Male,Asian,United States,United States,United States,English,No,Full-Time
215,67048c644ae2740b0d23f015,B,A,D,,,,,,,,BAD_______,0.1,0.0,0.0,noisy,random,positive,Fail,red,50.0,3.0,8.0,Fail Box,A,B,A,C,B,D,A,D,C,D,ABACBDADCD,0.8,Non-STEM Track,0.0,0.0,R,R,R,R,R,R,R,R,R,R,C,RRRRRRRRRRC,0,0,1,0,0,0,0,0,0,I decided to take a risk it's okay to take a chance once in a while if I ts not harmful,It was a little bit of a challenge and I caught myself using my brain a bit more throughout this study,Non-STEM Track,1735.0,265,White,Secondary education (e.g. GED/GCSE),39,Female,White,United States,United States,United States,English,No,Unemployed (and job seeking)
216,659dfd474f0722a934e3f8d8,B,A,C,D,D,B,D,C,,,BACDDBDC__,0.5,0.0,0.0,noisy,random,negative,Pass,red,30.0,2.0,3.0,Pass Box,D,B,A,C,B,D,A,B,C,C,DBACBDABCC,0.9,Non-STEM Track,0.0,0.0,R,R,R,R,R,R,R,C,C,C,C,RRRRRRRCCCC,0,0,1,0,0,0,0,0,0,Stem was too hard.,Everything went well.,Non-STEM Track,932.0,1628,South East Asian,Undergraduate degree (BA/BSc/other),29,Female,Asian,United States,United States,United States,English,No,Unemployed (and job seeking)
217,6608a08d68e3a1502d4c8d58,B,C,A,B,B,B,B,C,C,B,BCABBBBCCB,0.6,0.0,0.0,noisy,random,ground,Pass,red,25.0,4.0,3.0,Fail Box,D,B,A,C,B,D,A,B,C,D,DBACBDABCD,1.0,Non-STEM Track,0.0,0.0,R,R,R,R,R,C,C,C,C,C,C,RRRRRCCCCCC,0,0,1,0,0,0,0,0,0,Easier for me,,Non-STEM Track,218.0,457,White,Graduate degree (MA/MSc/MPhil/other),34,Male,White,United States,United States,United States,English,DATA_EXPIRED,DATA_EXPIRED
218,655d867ce204d4f63c3533df,D,A,B,,B,B,D,C,C,B,DAB_BBDCCB,0.7,0.0,0.0,noisy,random,positive,Pass,red,60.0,6.0,6.0,Fail Box,B,B,C,C,A,D,C,C,B,C,BBCCADCCBC,0.7,STEM Track,0.0,0.0,R,R,R,R,C,C,C,C,C,C,C,RRRRCCCCCCC,0,0,1,0,0,0,0,0,0,higher bonus ,,STEM Track,1345.0,1086,East Asian,Doctorate degree (PhD/other),29,Female,Asian,United States,United States,United States,English,DATA_EXPIRED,Full-Time
219,63e576170eb086a90644efb4,D,A,A,B,B,B,D,C,C,B,DAABBBDCCB,0.8,0.0,0.0,noisy,random,negative,Pass,red,51.0,7.0,6.0,Pass Box,D,B,A,C,B,D,A,B,C,D,DBACBDABCD,1.0,Non-STEM Track,0.0,0.0,R,R,R,R,C,C,C,C,C,C,C,RRRRCCCCCCC,0,0,1,0,0,0,0,0,0,I felt tired and didn't feel like doing more arithmetic,"Considering I had no idea there was going to be a test of basic algebra/geometry that I hadn't exposed myself to in well over a decade, it was kind of surprising...also doesn't help that I'm a bit tired right now",Non-STEM Track,854.0,3012,East Asian,Graduate degree (MA/MSc/MPhil/other),38,Male,Asian,China,United States,United States,Chinese,No,Part-Time
220,5a9ab4944eecca0001dd806a,B,,,D,,,A,B,,,B__D__AB__,0.0,0.0,0.0,noisy,random,positive,Fail,red,1.0,2.0,1.0,Fail Box,D,B,A,C,B,D,A,B,C,D,DBACBDABCD,1.0,Non-STEM Track,0.0,0.0,R,R,R,R,R,C,C,C,C,C,C,RRRRRCCCCCC,0,0,1,0,0,0,0,0,0,"Because I am too tired today, and I have a headache.",The print is very tiny on the math problems.  I had to fiddle arount making the screen larger to read it.,Non-STEM Track,923.0,3015,White,Graduate degree (MA/MSc/MPhil/other),69,Female,White,United States,United States,United States,English,No,"Not in paid work (e.g. homemaker', 'retired or disabled)"
221,63e5fca99d84c2b8004e82df,D,B,A,C,C,B,C,C,D,A,DBACCBCCDA,0.2,0.0,0.0,noisy,random,positive,Pass,red,25.0,2.0,2.0,Fail Box,D,B,A,C,B,D,A,B,C,D,DBACBDABCD,1.0,Non-STEM Track,0.0,0.0,R,R,R,C,C,C,C,C,C,C,C,RRRCCCCCCCC,0,0,1,0,0,0,0,0,0,"I thought I did bad for sure, and at least a can get some credit, and if I get them Allright I still get 2.00!","The math part was really hard, like really hard! The English part seemed much easier!",Non-STEM Track,1174.0,1888,White,Undergraduate degree (BA/BSc/other),46,Male,White,United States,United States,United States,English,DATA_EXPIRED,DATA_EXPIRED
222,5aeba5b323fdd50001d0a155,D,A,A,D,A,,,,,,DAADA_____,0.1,0.0,0.0,noisy,random,negative,Pass,red,40.0,0.0,1.0,Fail Box,D,B,A,C,B,D,A,B,C,D,DBACBDABCD,1.0,Non-STEM Track,0.0,0.0,R,R,R,R,R,R,C,C,C,C,C,RRRRRRCCCCC,0,0,1,0,0,0,0,0,0,I didn't think I would do well with the stem track.,It was fine.,Non-STEM Track,1027.0,931,South Asian,High school diploma/A-levels,34,Female,Asian,United States,United States,United States,Laotian,No,"Not in paid work (e.g. homemaker', 'retired or disabled)"
223,62df0a2b7302265dcb0b7c58,A,A,A,B,C,B,B,C,C,B,AAABCBBCCB,0.7,0.0,0.0,noisy,random,negative,Pass,red,30.0,2.0,4.0,Fail Box,B,D,B,C,C,D,C,B,C,C,BDBCCDCBCC,0.4,STEM Track,0.0,0.0,R,R,R,R,R,C,C,C,C,C,C,RRRRRCCCCCC,0,1,1,0,0,0,0,0,0,chance at more money,none,STEM Track,818.0,704,Latino/Hispanic,Technical/community college,29,Male,White,United States,United States,United States,English,No,Full-Time
224,61004e962509f21ce295df3d,D,A,C,D,A,A,C,,,,DACDAAC___,0.2,0.0,0.0,noisy,random,positive,Pass,black,10.0,2.0,1.0,Pass Box,D,B,C,C,A,C,C,C,B,C,DBCCACCCBC,0.5,STEM Track,0.0,0.0,R,C,C,C,C,R,R,R,R,R,R,RCCCCRRRRRR,0,0,1,0,0,0,0,0,0,Because I feel like I'd get a higher chance of getting more money by getting at least 1 question correct.,I didn't expect those type of math questions in the first part and so it was difficult as I haven't done those in a long time.,STEM Track,1650.0,4478,East Asian,Undergraduate degree (BA/BSc/other),27,Female,Asian,United States,United States,United States,Korean,No,Part-Time
226,5f4dde95f271beab75bd9d52,D,C,B,B,B,C,B,B,D,A,DCBBBCBBDA,0.2,0.0,0.0,noisy,random,ground,Pass,red,0.0,1.0,2.0,Pass Box,D,B,A,C,B,D,A,B,C,D,DBACBDABCD,1.0,Non-STEM Track,0.0,0.0,R,R,R,R,R,C,C,C,C,C,C,RRRRRCCCCCC,0,0,1,0,0,0,0,0,0,I'm terrible at math and much better at anything that isn't stem.,those math questions were extremely hard and i just guessed. ,Non-STEM Track,557.0,365,White,Undergraduate degree (BA/BSc/other),34,Female,White,United States,United States,United States,English,Yes,Full-Time
228,636261a282f90a4b0998fe5c,,,,,,,,,,,__________,0.0,0.0,0.0,noisy,random,negative,Fail,red,10.0,2.0,5.0,Pass Box,D,B,A,C,B,D,A,B,C,C,DBACBDABCC,0.9,Non-STEM Track,0.0,0.0,R,R,R,R,C,C,C,C,C,C,C,RRRRCCCCCCC,0,0,1,0,0,0,0,0,0,I knew it would be much easier,,Non-STEM Track,1866.0,1702,Black/African American,Undergraduate degree (BA/BSc/other),36,Male,Black,United States,United States,United States,English,DATA_EXPIRED,DATA_EXPIRED
229,63ed77eac8a7bca85453fa80,D,A,A,C,C,B,C,B,C,C,DAACCBCBCC,0.3,0.0,0.0,noisy,random,positive,Fail,red,30.0,3.0,5.0,Fail Box,D,B,A,C,B,D,A,B,C,C,DBACBDABCC,0.9,Non-STEM Track,0.0,0.0,R,R,R,R,R,C,C,C,C,C,C,RRRRRCCCCCC,0,0,1,0,1,0,0,0,0,I have to rely on memory and not have to do math problems on paper,No feedback,Non-STEM Track,383.0,197,Latino/Hispanic,Undergraduate degree (BA/BSc/other),29,Male,Mixed,United States,United States,United States,Spanish,Yes,DATA_EXPIRED
231,666e00ae0d67eb9e9dcd755e,B,A,,C,A,,,,B,A,BA_CA___BA,0.1,0.0,0.0,noisy,random,negative,Fail,red,40.0,2.0,3.0,Fail Box,B,,D,,A,D,,C,,C,B_D_AD_C_C,0.4,STEM Track,0.0,0.0,R,C,C,C,C,C,C,C,C,C,C,RCCCCCCCCCC,0,0,1,0,0,0,0,0,0,"I do know, to try again.","I have not done a timed math test in so long, I needed 2 more mins for 1 min/1 question lordddd",STEM Track,1439.0,200,White,Undergraduate degree (BA/BSc/other),25,Female,White,United States,United States,United States,English,No,Full-Time
232,633f5252efab6885fedfad7d,B,C,A,B,B,A,C,A,D,C,BCABBACADC,0.2,0.0,0.0,noisy,random,negative,Pass,red,0.0,1.0,1.0,Fail Box,D,B,A,C,B,D,A,B,C,C,DBACBDABCC,0.9,Non-STEM Track,0.0,0.0,C,C,C,R,R,R,R,R,R,R,R,CCCRRRRRRRR,0,0,1,0,0,0,0,0,0,I just wanted to get through the test,It was pretty good,Non-STEM Track,662.0,3398,Black/African American,High school diploma/A-levels,38,Male,Black,United States,United States,United States,English,No,"Not in paid work (e.g. homemaker', 'retired or disabled)"
233,60e5d47e17c05633eef565e3,D,D,B,B,B,A,D,C,C,C,DDBBBADCCC,0.5,0.0,0.0,noisy,random,ground,Pass,red,75.0,4.0,4.0,Pass Box,D,B,A,C,B,D,A,B,C,D,DBACBDABCD,1.0,Non-STEM Track,0.0,0.0,R,R,R,R,R,C,C,C,C,C,C,RRRRRCCCCCC,0,0,1,0,0,0,0,0,0,I have more faith in my ability to answer non-STEM academic questions,interesting i suppose,Non-STEM Track,647.0,4742,White,Graduate degree (MA/MSc/MPhil/other),31,Male,White,United States,United States,United States,English,No,Full-Time
234,5efd018b8c837e13097c0cbf,D,A,B,B,B,B,D,B,A,B,DABBBBDBAB,0.6,0.0,0.0,noisy,random,negative,Pass,red,75.0,5.0,4.0,Pass Box,B,B,C,C,A,D,C,A,B,C,BBCCADCABC,0.8,STEM Track,1.0,0.005,R,R,R,R,C,C,C,C,C,C,C,RRRRCCCCCCC,0,0,1,0,0,0,0,0,0,"I had some background with math, so I felt a bit more confident in the STEM track than whatever the other was going to be.","Experience was fairly smooth, though turns out I am incredibly rusty with math. Only thing that would have been nice is to have the timer follow along as I scroll down so I didn't have to scroll all the way up to see the time left.",STEM Track,1245.0,938,East Asian,Undergraduate degree (BA/BSc/other),32,Male,Asian,United States,United States,United States,English,No,DATA_EXPIRED
236,5e90b7d2dc69fd3de27660f3,B,A,D,B,B,B,A,A,C,C,BADBBBAACC,0.5,0.0,0.0,noisy,random,negative,Pass,red,0.0,2.0,1.0,Pass Box,C,A,C,C,A,B,C,A,B,B,CACCABCABB,0.6,STEM Track,0.0,0.0,R,C,C,C,C,C,C,C,C,C,C,RCCCCCCCCCC,0,0,1,0,0,0,0,0,0,"It had a higher bonus. I knew some of the first test's math questions, so I decided to test my luck.",It was great no issues. The stem questions were difficult ,STEM Track,963.0,5964,Black/African American,High school diploma/A-levels,26,Male,Black,United States,United States,United States,English,No,Unemployed (and job seeking)
237,67414d7323258c912a5a9080,C,A,D,B,B,C,C,A,B,B,CADBBCCABB,0.4,0.0,0.0,noisy,random,ground,Pass,red,1.0,0.0,2.0,Fail Box,B,D,A,B,C,A,D,B,C,A,BDABCADBCA,0.3,Non-STEM Track,0.0,0.0,C,R,R,C,R,C,R,C,R,R,R,CRRCRCRCRRR,0,0,1,0,0,0,0,0,0,i didnt like it ,good,Non-STEM Track,235.0,394,Latino/Hispanic,Undergraduate degree (BA/BSc/other),18,Male,White,United States,United States,United States,English,Yes,Unemployed (and job seeking)
238,6643dfacb8ceab2254ffe032,B,A,B,B,A,C,C,B,C,A,BABBACCBCA,0.3,0.0,0.0,noisy,random,negative,Pass,red,0.0,1.0,0.0,Fail Box,D,B,A,C,B,B,A,B,C,A,DBACBBABCA,0.8,Non-STEM Track,0.0,0.0,R,C,C,C,C,C,C,C,C,C,C,RCCCCCCCCCC,0,0,1,0,0,0,0,0,0,I am not confident at stem based questions,Experience for stem questions was less than stellar. however moving over to non stem questions  was more conforming to my capabilities ,Non-STEM Track,557.0,626,White,Undergraduate degree (BA/BSc/other),28,Male,White,United States,United States,United States,English,No,"Not in paid work (e.g. homemaker', 'retired or disabled)"
239,62f4904296e62ae6c19127d4,D,D,B,C,B,C,B,C,D,A,DDBCBCBCDA,0.2,0.0,0.0,noisy,random,ground,Fail,black,40.0,3.0,4.0,Fail Box,A,A,D,B,A,B,A,D,A,B,AADBABADAB,0.2,STEM Track,0.0,0.0,R,C,C,C,C,C,C,C,C,C,C,RCCCCCCCCCC,0,0,0,0,1,0,0,0,0,because I wanted a chance to win the two dollar bonus ,it was a very cool and it seems like a great experience ,STEM Track,909.0,1929,Black/African American,Undergraduate degree (BA/BSc/other),36,Male,Mixed,United States,United States,United States,English,Yes,Full-Time
240,63af5c586c05eee8c3d03730,B,A,C,C,C,C,C,C,C,C,BACCCCCCCC,0.4,0.0,0.0,noisy,random,positive,Pass,red,20.0,2.0,2.0,Fail Box,D,B,A,C,B,D,A,B,C,D,DBACBDABCD,1.0,Non-STEM Track,0.0,0.0,R,R,R,R,R,C,C,C,C,C,C,RRRRRCCCCCC,0,0,1,0,0,0,0,0,0,I knew I wouldn’t be able to do the math,"It was fine. I knew I wouldn’t be able to do the math, so I didn’t spend much time on it.",Non-STEM Track,421.0,4182,White,Graduate degree (MA/MSc/MPhil/other),71,Female,White,United States,United States,United States,English,No,DATA_EXPIRED
241,63f78d9a7a3d118594efff74,B,C,B,B,D,A,C,C,A,C,BCBBDACCAC,0.2,0.0,0.0,noisy,random,ground,Fail,black,20.0,2.0,3.0,Fail Box,D,B,A,C,B,D,A,B,C,D,DBACBDABCD,1.0,Non-STEM Track,0.0,0.0,R,R,R,R,R,C,C,C,C,C,C,RRRRRCCCCCC,0,0,1,0,0,0,0,0,0,"Given the original Stem quiz I took first, I found that I didn't do very good and wouldn't be capable of potentially getting at least 3 correct and took the risk on the Non-Stem track being better suited for me.","I thought the wording of the explanations could have been easier to understand, beyond that it was fine. Thank you for the study.",Non-STEM Track,789.0,4526,Latino/Hispanic,High school diploma/A-levels,32,Male,White,United States,United States,United States,English,No,Unemployed (and job seeking)
242,5e6c057dbc9dab1ba2c5bac4,D,C,B,,D,B,D,,,,DCB_DBD___,0.2,0.0,0.0,noisy,random,ground,Fail,black,75.0,5.0,7.0,Fail Box,B,B,C,,A,D,C,C,,C,BBC_ADCC_C,0.6,STEM Track,0.0,0.0,R,R,C,C,C,C,C,C,C,C,C,RRCCCCCCCCC,0,1,0,0,0,0,0,0,0,Math ba computer science ms,A little rusty on the geometry questions that I thought were a piece of cake in highschool.,STEM Track,1526.0,1819,White,Graduate degree (MA/MSc/MPhil/other),71,Male,White,United States,United States,United States,English,No,Other
243,6774e29d35bfe170ef2d81f4,B,C,A,D,A,B,A,C,C,B,BCADABACCB,0.4,0.0,0.0,noisy,random,negative,Pass,red,30.0,2.0,3.0,Fail Box,D,B,A,C,B,D,A,B,C,D,DBACBDABCD,1.0,Non-STEM Track,0.0,0.0,R,R,R,R,R,C,C,C,C,C,C,RRRRRCCCCCC,0,0,1,0,1,0,0,0,0,I am better with words than numbers,No,Non-STEM Track,772.0,136,White,Technical/community college,50,Male,White,United States,United States,United States,English,No,Full-Time
244,5e4f1498f5442136deff0d6e,B,D,A,B,B,B,D,D,C,B,BDABBBDDCB,0.6,0.0,0.0,noisy,random,positive,Pass,black,30.0,5.0,5.0,Pass Box,B,B,C,C,A,D,C,A,B,C,BBCCADCABC,0.8,STEM Track,0.0,0.0,R,R,R,R,C,C,C,C,C,C,C,RRRRCCCCCCC,0,0,1,1,0,0,0,0,0,I like math and science ,it was fine ,STEM Track,1079.0,1360,White,High school diploma/A-levels,25,Male,White,United States,United States,United States,English,Yes,Part-Time
245,611830fe665c7b68723910b3,D,A,B,D,D,A,B,B,B,B,DABDDABBBB,0.2,0.0,0.0,noisy,random,ground,Pass,red,20.0,3.0,2.0,Pass Box,B,C,C,D,A,D,C,B,C,B,BCCDADCBCB,0.5,STEM Track,0.0,0.0,R,R,R,R,C,C,C,C,C,C,C,RRRRCCCCCCC,0,0,1,0,0,0,0,0,0,It seemed reasonable that I could get at least two of the questions right.,No feedback.,STEM Track,881.0,7373,Mixed,High school diploma/A-levels,48,Male,Mixed,United States,United States,United States,English,No,Full-Time
246,67b638def54b0efbedb25462,B,C,C,B,C,D,A,C,A,A,BCCBCDACAA,0.3,0.0,0.0,noisy,random,positive,Pass,red,50.0,3.0,3.0,Fail Box,D,B,A,C,B,B,A,D,C,A,DBACBBADCA,0.7,Non-STEM Track,0.0,0.0,R,R,C,C,R,C,R,C,C,R,C,RRCCRCRCCRC,0,0,1,0,0,0,0,0,0,It was interesting. ,It was interesting. ,Non-STEM Track,187.0,9,White,High school diploma/A-levels,21,Female,White,United States,United States,United States,English,Yes,Unemployed (and job seeking)
249,63d77a647dbf6c0c53b0d375,C,D,B,B,B,C,D,B,B,B,CDBBBCDBBB,0.4,0.0,0.0,noisy,random,positive,Pass,red,45.0,4.0,4.0,Not Sure,D,B,A,C,B,D,A,B,C,D,DBACBDABCD,1.0,Non-STEM Track,0.0,0.0,R,R,R,R,R,C,C,C,C,C,C,RRRRRCCCCCC,0,0,1,0,0,0,0,0,0,"I hate having to do math quickly, I like time to work things out",No problems,Non-STEM Track,609.0,3224,Mixed,Technical/community college,38,Male,White,United States,United States,United States,English,Yes,Part-Time
250,67a926500aa476ab292e59a2,D,A,D,B,B,B,,,,,DADBBB____,0.4,1.0,11.059,noisy,random,positive,Pass,black,2.0,6.0,1.0,Pass Box,B,C,C,B,A,D,C,A,,,BCCBADCA__,0.6,STEM Track,1.0,14.749,R,R,R,R,R,R,C,C,C,C,C,RRRRRRCCCCC,0,0,1,0,0,0,0,0,0,I didn't take the STEM track,A lot harder than I thought.,STEM Track,1374.0,34,White,Undergraduate degree (BA/BSc/other),34,Female,White,United States,United States,United States,English,No,Due to start a new job within the next month
251,597f662f89542d0001517d78,D,C,D,C,B,B,A,C,C,B,DCDCBBACCB,0.5,0.0,0.0,noisy,random,negative,Pass,red,50.0,1.0,1.0,Pass Box,D,B,A,C,B,D,A,B,C,D,DBACBDABCD,1.0,Non-STEM Track,0.0,0.0,R,C,C,C,C,C,C,C,C,C,C,RCCCCCCCCCC,0,0,1,0,0,0,0,0,0,The math problems were hard. I figured non-stem couldn't be worse. ,"The math was tough, I'm out of practice on those. The English part was easy. ",Non-STEM Track,695.0,6320,White,Undergraduate degree (BA/BSc/other),43,Male,White,United States,United States,United States,English,No,Full-Time
253,656c1adbdb298e7230d7b396,D,B,B,A,D,C,B,B,A,D,DBBADCBBAD,0.0,0.0,0.0,noisy,random,ground,Fail,black,99.0,1.0,1.0,Pass Box,A,B,C,A,A,D,D,B,D,B,ABCAADDBDB,0.4,STEM Track,0.0,0.0,C,C,C,C,C,C,C,C,C,C,C,CCCCCCCCCCC,0,1,0,0,0,0,0,0,0,Para retarme a mí misma,Anxiety,STEM Track,1668.0,790,Latino/Hispanic,Technical/community college,55,Female,White,Colombia,United States,United States,Spanish,No,"Not in paid work (e.g. homemaker', 'retired or disabled)"
254,6679bd4fb5b9e65d18153edb,D,B,,,,,,,,A,DB_______A,0.0,0.0,0.0,noisy,random,negative,Fail,black,85.0,3.0,3.0,Fail Box,D,B,A,C,B,D,A,B,C,D,DBACBDABCD,1.0,Non-STEM Track,0.0,0.0,R,R,R,R,R,C,C,C,C,C,C,RRRRRCCCCCC,0,0,1,1,0,0,0,0,0,Because I had no confidence in getting any STEM questions correct,semi stressful in STEM but otherwise engaging,Non-STEM Track,1547.0,335,White,High school diploma/A-levels,35,Male,White,United States,United States,United States,English,DATA_EXPIRED,DATA_EXPIRED
256,5bcbde9d08a62c0001f86bd0,C,D,B,B,D,C,B,B,B,B,CDBBDCBBBB,0.2,1.0,15.84,noisy,random,positive,Fail,red,60.0,4.0,5.0,Fail Box,D,B,A,C,B,D,A,B,C,D,DBACBDABCD,1.0,Non-STEM Track,0.0,0.0,R,R,R,R,R,C,C,C,C,C,C,RRRRRCCCCCC,0,0,1,0,0,0,0,0,0,math destroys my brain,"it was ok, thanks for the opportunity",Non-STEM Track,517.0,6399,White,Undergraduate degree (BA/BSc/other),42,Male,White,United States,United States,United States,English,No,Full-Time
258,66eb8f1bb2f36d46387aa1b2,C,B,B,,,D,,B,,,CBB__D_B__,0.0,0.0,0.0,noisy,random,negative,Fail,black,10.0,1.0,1.0,Fail Box,D,B,A,C,B,D,A,B,C,D,DBACBDABCD,1.0,Non-STEM Track,0.0,0.0,R,R,R,R,R,C,C,C,C,C,C,RRRRRCCCCCC,0,1,1,0,0,0,0,0,0,I was a horrible algebra student! That stuff went WAY over my head!,Very interesting! Hope I qualified for the bonus!,Non-STEM Track,1396.0,443,White,High school diploma/A-levels,58,Male,White,United States,United States,United States,English,No,"Not in paid work (e.g. homemaker', 'retired or disabled)"
260,65eab94c2e93163efc291e8c,D,B,C,D,C,D,B,B,C,B,DBCDCDBBCB,0.3,0.0,0.0,noisy,random,positive,Pass,red,85.0,2.0,2.0,Fail Box,D,C,C,C,C,C,C,C,C,C,DCCCCCCCCC,0.3,STEM Track,0.0,0.0,R,R,R,R,R,C,C,C,C,C,C,RRRRRCCCCCC,0,0,1,0,1,0,0,0,0,Because I thought it could be worth taking for the bonus payment of $2.,The questions were very tough for someone who hasn't used math extensively within the past 20 years.,STEM Track,610.0,515,White,Undergraduate degree (BA/BSc/other),37,Male,White,United States,United States,United States,English,No,Full-Time
262,665e680164927b18554b66ec,A,B,A,C,D,A,C,C,C,A,ABACDACCCA,0.3,1.0,1.407,noisy,random,positive,Pass,black,50.0,3.0,3.0,Pass Box,D,B,A,C,B,D,A,B,C,D,DBACBDABCD,1.0,Non-STEM Track,0.0,0.0,R,R,R,R,C,C,C,C,C,C,C,RRRRCCCCCCC,0,0,1,0,0,0,0,0,0,The math questions were tedious. ,The experience was fine. No additional feedback. ,Non-STEM Track,974.0,900,White,Undergraduate degree (BA/BSc/other),53,Male,White,United States,United States,United States,English,No,Full-Time
263,5b05e0d131cebe000177c38e,B,C,A,C,B,D,A,C,D,A,BCACBDACDA,0.2,0.0,0.0,noisy,random,negative,Pass,red,10.0,2.0,2.0,Pass Box,D,B,A,C,B,D,A,B,C,D,DBACBDABCD,1.0,Non-STEM Track,0.0,0.0,R,R,R,R,C,C,C,C,C,C,C,RRRRCCCCCCC,0,0,1,1,0,0,0,0,0,Because I am awful at STEM quizzes,It was fine,Non-STEM Track,1108.0,3867,White,High school diploma/A-levels,42,Male,White,United States,United States,United States,English,DATA_EXPIRED,Unemployed (and job seeking)
264,66c8ac7da0e6e729c2c90d2d,A,A,D,C,B,A,A,A,,,AADCBAAA__,0.3,0.0,0.0,noisy,random,negative,Pass,red,30.0,2.0,3.0,Pass Box,D,B,A,C,B,D,A,B,C,C,DBACBDABCC,0.9,Non-STEM Track,0.0,0.0,R,R,C,C,C,C,C,C,C,C,C,RRCCCCCCCCC,0,0,1,1,0,0,0,0,0,I felt I would be better at it.,"It was difficult and I felt the initial 10 minute time estimate was very inaccurate, however otherwise it was fine.",Non-STEM Track,763.0,871,White,Technical/community college,24,Male,White,United States,United States,United States,English,Yes,Other
265,652d616c13aa00700bfdce1e,D,C,D,B,B,B,D,C,C,B,DCDBBBDCCB,0.7,0.0,0.0,noisy,random,ground,Pass,red,50.0,6.0,5.0,Pass Box,B,B,C,A,A,D,C,A,B,C,BBCAADCABC,0.9,STEM Track,0.0,0.0,R,R,R,R,R,R,C,C,C,C,C,RRRRRRCCCCC,0,0,1,0,0,0,0,0,0,parents,good,STEM Track,953.0,2162,South East Asian,Undergraduate degree (BA/BSc/other),32,Male,Asian,United States,United States,United States,Vietnamese,No,DATA_EXPIRED
266,66b75d263e993100952a197e,D,A,A,A,B,B,A,C,A,B,DAAABBACAB,0.5,0.0,0.0,noisy,random,ground,Pass,red,25.0,5.0,4.0,Pass Box,D,B,A,C,B,D,A,B,C,D,DBACBDABCD,1.0,Non-STEM Track,0.0,0.0,R,R,R,C,C,C,C,C,C,C,C,RRRCCCCCCCC,0,0,1,0,0,0,0,0,0,It's been 40 years since my college level STEM math.,"Math was frustrating with the time constraints, no question that I understood the processes but didn't want to lose time writing algebra, derivatives, etc.  Non-STEM language was easy.",Non-STEM Track,1082.0,811,White,Graduate degree (MA/MSc/MPhil/other),66,Male,White,United States,United States,United States,English,No,Other
267,5d30790f326b0f0017a2a828,D,D,A,C,B,A,D,B,C,B,DDACBADBCB,0.4,0.0,0.0,noisy,random,ground,Pass,red,40.0,4.0,4.0,Pass Box,D,B,A,C,B,D,A,B,C,D,DBACBDABCD,1.0,Non-STEM Track,0.0,0.0,R,R,R,R,C,C,C,C,C,C,C,RRRRCCCCCCC,0,0,1,0,0,0,0,0,0,I felt my strengths lied in more Non-STEM information.,"It was a very interesting process, I liked it.",Non-STEM Track,936.0,2544,White,High school diploma/A-levels,31,Male,White,United States,United States,United States,English,Yes,Full-Time
269,5e79340b6d9a624e3f39586d,B,A,A,D,B,C,D,C,C,A,BAADBCDCCA,0.5,0.0,0.0,noisy,random,positive,Pass,black,35.0,2.0,3.0,Pass Box,D,B,A,C,B,D,A,B,C,D,DBACBDABCD,1.0,Non-STEM Track,0.0,0.0,R,R,R,R,C,C,C,C,C,C,C,RRRRCCCCCCC,0,0,1,0,0,0,0,0,0,I am better at subjects like history and language arts than I am with STEM,no feedback; thank you for the study,Non-STEM Track,720.0,8311,Mixed,Undergraduate degree (BA/BSc/other),46,Male,Mixed,United States,United States,United States,English,No,Full-Time
271,571bdf806b0894001262df5b,D,A,B,C,C,B,C,C,A,C,DABCCBCCAC,0.3,0.0,0.0,noisy,random,negative,Fail,black,50.0,1.0,5.0,Fail Box,D,B,A,C,B,D,A,B,C,D,DBACBDABCD,1.0,Non-STEM Track,0.0,0.0,R,R,R,R,R,C,C,C,C,C,C,RRRRRCCCCCC,0,0,1,0,0,0,0,0,0,I have no stem education.  Before my time.,Way over my head.   Haven't been in school in many decades.,Non-STEM Track,615.0,1438,Black/African American,Undergraduate degree (BA/BSc/other),73,Female,Black,United States,United States,United States,English,No,Other
272,627986ad0b4e17430bd23d80,,,,,,,,,,,__________,0.0,0.0,0.0,noisy,random,positive,Fail,red,25.0,4.0,3.0,Fail Box,B,B,D,B,B,D,C,B,B,B,BBDBBDCBBB,0.4,STEM Track,0.0,0.0,R,R,R,C,C,C,C,C,C,C,C,RRRCCCCCCCC,0,0,1,0,0,0,0,0,0,I wanted to challenge myself and see if I can receive the monetary incentive. ,"I thought the experience was great! Everything went smoothly and I found the math questions to be very challenging, because it has been awhile since I've done math. ",STEM Track,1266.0,5656,East Asian,Undergraduate degree (BA/BSc/other),35,Male,Asian,United States,United States,United States,Vietnamese,DATA_EXPIRED,DATA_EXPIRED
273,67335ac03cc5d5cf13c0ae4b,D,A,B,B,B,B,D,B,A,A,DABBBBDBAA,0.5,0.0,0.0,noisy,random,negative,Pass,red,45.0,6.0,4.0,Pass Box,B,B,C,B,A,B,C,A,C,C,BBCBABCACC,0.6,STEM Track,0.0,0.0,R,R,R,R,R,C,C,C,C,C,C,RRRRRCCCCCC,0,1,1,0,0,0,1,0,0,"I wanted to choose the STEM track because I have always been especially interested and good at math and science. When I learned about computer science, it immediately clicked - it was like solving puzzles and I was so excited to find something that challenged me the way that it does. ",This was definitely a challenge - it makes me want to brush up on my math!  ,STEM Track,1122.0,475,White,Undergraduate degree (BA/BSc/other),24,Female,White,United States,United States,United States,English,No,Full-Time
274,62e174454a461d00781acfe1,C,B,A,B,D,B,D,C,C,A,CBABDBDCCA,0.5,1.0,0.0,noisy,random,ground,Pass,red,33.0,4.0,2.0,Fail Box,D,B,A,C,B,D,A,B,C,D,DBACBDABCD,1.0,Non-STEM Track,0.0,0.0,R,R,R,R,R,C,C,C,C,C,C,RRRRRCCCCCC,0,0,1,0,0,0,0,0,0,I have a greater comprehension of non-stem related questions,"The stem questions were very difficult for me but overall, it was an exciting challenge. ",Non-STEM Track,1004.0,1465,Latino/Hispanic,Undergraduate degree (BA/BSc/other),26,Female,Other,Mexico,United States,United States,Spanish,No,Full-Time
275,669a92a04b3c1065d6548062,B,A,B,B,D,B,A,C,C,B,BABBDBACCB,0.6,3.0,18.226,noisy,random,positive,Pass,black,5.0,0.0,1.0,Pass Box,C,B,A,C,B,B,A,D,A,C,CBACBBADAC,0.5,Non-STEM Track,0.0,0.0,C,C,R,R,R,C,R,C,C,C,R,CCRRRCRCCCR,0,0,1,0,0,0,0,0,0,easy i guess,good,Non-STEM Track,392.0,297,African,High school diploma/A-levels,20,Female,Black,United States,United States,United States,English,Yes,Part-Time
276,66d981a72dee743557188f95,B,A,C,B,D,B,B,A,C,A,BACBDBBACA,0.5,1.0,3.904,noisy,random,negative,Pass,red,50.0,3.0,5.0,Pass Box,D,B,A,C,B,D,A,B,C,D,DBACBDABCD,1.0,Non-STEM Track,0.0,0.0,R,R,R,C,C,C,C,C,C,C,C,RRRCCCCCCCC,0,0,1,0,1,0,0,0,0,More confidence in my abilities in the non-stem track,"Process was fun, thank you, I hope it helps you",Non-STEM Track,696.0,392,White,Technical/community college,32,Male,White,United States,United States,United States,English,No,Full-Time
278,662ad9c7673f1b65868e47de,B,C,B,C,A,C,D,C,C,D,BCBCACDCCD,0.3,0.0,0.0,noisy,random,negative,Pass,red,20.0,3.0,2.0,Fail Box,A,A,C,D,C,B,D,B,B,C,AACDCBDBBC,0.4,STEM Track,0.0,0.0,R,R,R,R,R,R,R,C,C,C,C,RRRRRRRCCCC,0,1,0,0,0,0,0,0,0,because the bonus payment was bigger,I am not a math person so it was difficult for me,STEM Track,600.0,1143,Latino/Hispanic,Undergraduate degree (BA/BSc/other),33,Female,White,"Venezuela, Bolivarian Republic of",United States,United States,Spanish,DATA_EXPIRED,DATA_EXPIRED
280,673b5242cd8343023316ee4e,B,D,A,D,B,B,A,B,A,B,BDADBBABAB,0.3,0.0,0.0,noisy,random,negative,Fail,red,50.0,4.0,5.0,Pass Box,D,B,A,C,B,D,A,B,C,D,DBACBDABCD,1.0,Non-STEM Track,0.0,0.0,R,R,R,R,R,R,R,R,R,R,R,RRRRRRRRRRR,0,0,0,0,0,0,1,0,0,I was not sure if i could pass all,it was good and challenging ,Non-STEM Track,1558.0,54,White,Graduate degree (MA/MSc/MPhil/other),58,Male,White,United States,United States,United States,English,No,DATA_EXPIRED
281,5a21f3731a1ad3000138f901,D,C,C,C,D,B,A,B,C,B,DCCCDBABCB,0.4,0.0,0.0,noisy,random,negative,Fail,black,20.0,6.0,5.0,Fail Box,D,B,A,C,B,D,A,B,C,D,DBACBDABCD,1.0,Non-STEM Track,0.0,0.0,R,R,R,R,R,C,C,C,C,C,C,RRRRRCCCCCC,0,0,1,0,0,0,0,0,0,I'm old and don't remember my STEM stuff.,It took 4 minutes longer than expected.,Non-STEM Track,861.0,2109,White,Undergraduate degree (BA/BSc/other),58,Male,White,United States,United States,United States,English,No,Unemployed (and job seeking)
283,653bdfd30e0f1ce72623a6b6,B,D,A,D,A,A,A,B,C,B,BDADAAABCB,0.2,0.0,0.0,noisy,random,negative,Pass,red,50.0,1.0,1.0,Not Sure,D,B,A,C,B,D,A,B,C,C,DBACBDABCC,0.9,Non-STEM Track,0.0,0.0,R,R,R,C,C,C,C,C,C,C,C,RRRCCCCCCCC,0,0,1,0,0,0,0,0,0,I am not interested im STEM at all. ,It was a fun experience. ,Non-STEM Track,705.0,1508,Other (please feel free to let us know your ethnicity via email),Undergraduate degree (BA/BSc/other),25,Female,Other,United States,United States,United States,English,No,Full-Time
284,65f4de464a8635751f0c14f2,D,D,A,A,B,B,C,B,A,B,DDAABBCBAB,0.3,0.0,0.0,noisy,random,negative,Fail,red,30.0,4.0,4.0,Pass Box,A,B,C,D,A,B,C,C,D,B,ABCDABCCDB,0.3,STEM Track,0.0,0.0,R,C,C,C,C,C,C,C,C,C,C,RCCCCCCCCCC,0,0,1,0,0,0,0,0,0,Seemed interesting,Fun,STEM Track,821.0,1721,White,High school diploma/A-levels,39,Female,White,United States,United States,United States,English,No,Full-Time
285,66439c3bab98bb0158f84946,D,A,B,C,A,B,D,C,B,B,DABCABDCBB,0.5,0.0,0.0,noisy,random,negative,Pass,red,60.0,3.0,3.0,Pass Box,D,B,A,C,B,D,A,B,C,D,DBACBDABCD,1.0,Non-STEM Track,0.0,0.0,R,R,R,R,R,R,C,C,C,C,C,RRRRRRCCCCC,0,0,1,0,0,0,0,0,0,I thought I would do better at the non-STEM questions and I was correct.,"The math questions were very difficult for someone who hasn't done higher level math in over a decade, but that was probably by design.",Non-STEM Track,681.0,1581,White,Undergraduate degree (BA/BSc/other),36,Female,White,United States,United States,United States,English,DATA_EXPIRED,DATA_EXPIRED
286,5fd0ef1dbfdf0801f669f642,D,B,C,B,C,C,D,C,B,C,DBCBCCDCBC,0.4,0.0,0.0,noisy,random,negative,Pass,red,35.0,4.0,3.0,Pass Box,B,B,B,B,C,B,C,B,C,C,BBBBCBCBCC,0.3,STEM Track,0.0,0.0,R,R,C,R,C,C,C,C,C,C,C,RRCRCCCCCCC,0,0,1,0,1,0,0,0,0,Opportunities and interest ,No,STEM Track,311.0,3259,East Asian,Undergraduate degree (BA/BSc/other),33,Male,Asian,United States,United States,United States,English,Yes,Full-Time
287,677827d4ae4731d43ad6c64b,D,D,A,B,B,C,C,C,A,C,DDABBCCCAC,0.3,0.0,0.0,noisy,random,ground,Fail,black,65.0,4.0,5.0,Fail Box,D,B,A,C,B,D,A,B,C,D,DBACBDABCD,1.0,Non-STEM Track,0.0,0.0,R,R,R,R,R,C,C,C,C,C,C,RRRRRCCCCCC,0,1,1,0,0,0,0,0,0,Easier,no,Non-STEM Track,782.0,206,Black/African American,Graduate degree (MA/MSc/MPhil/other),56,Female,Black,United States,United States,United States,English,No,"Not in paid work (e.g. homemaker', 'retired or disabled)"
288,62fc68b4f44b013950b67b11,B,A,D,C,D,C,A,B,C,A,BADCDCABCA,0.2,0.0,0.0,noisy,random,ground,Pass,red,50.0,1.0,0.0,Pass Box,D,B,A,C,B,D,A,B,C,D,DBACBDABCD,1.0,Non-STEM Track,0.0,0.0,R,R,R,R,R,R,R,R,C,C,C,RRRRRRRRCCC,0,0,1,0,0,0,0,0,0,I'm not mathematically inclined.,I cannot do math so I admit I guessed for the first section.,Non-STEM Track,823.0,3224,White,High school diploma/A-levels,31,Male,White,United States,United States,United States,English,DATA_EXPIRED,DATA_EXPIRED
289,6630ec1ebe18d48a3cecb54e,D,A,B,B,C,C,C,C,B,D,DABBCCCCBD,0.3,0.0,0.0,noisy,random,positive,Fail,red,55.0,2.0,4.0,Fail Box,C,B,C,C,A,D,C,A,C,C,CBCCADCACC,0.6,STEM Track,0.0,0.0,R,R,R,R,R,R,C,C,C,C,C,RRRRRRCCCCC,0,0,1,0,0,0,0,0,0,I love technology and one of my main hobbies is building computers for gaming purposes,"Overall, I had a positive experience taking this survey. It made me feel a student again where I was challenged with taking exams similar to this one which is both nostalgic and enjoyable for me. I did not experience any issues while taking this study and thank you for giving me this opportunity to take it.",STEM Track,1623.0,1068,South East Asian,Undergraduate degree (BA/BSc/other),34,Male,Asian,United States,United States,Philippines,English,No,Full-Time
290,611e6cebefce9efe7cef106e,B,A,D,A,A,C,D,C,A,A,BADAACDCAA,0.3,0.0,0.0,noisy,random,ground,Pass,red,0.0,2.0,0.0,Pass Box,B,A,D,C,B,D,C,C,A,B,BADCBDCCAB,0.4,STEM Track,0.0,0.0,R,R,R,R,R,C,C,C,C,C,C,RRRRRCCCCCC,0,1,1,0,0,0,0,0,0,Wanted to see if I could do the math.,I see I don't remember math as well.,STEM Track,1120.0,832,White,High school diploma/A-levels,66,Female,White,United States,United States,United States,English,No,"Not in paid work (e.g. homemaker', 'retired or disabled)"
291,59a32fe4bfd73c00010ea43d,D,A,A,C,A,B,B,B,A,A,DAACABBBAA,0.2,0.0,0.0,noisy,random,ground,Fail,black,50.0,2.0,4.0,Pass Box,D,B,A,C,B,D,A,B,C,D,DBACBDABCD,1.0,Non-STEM Track,2.0,3.321,R,R,R,R,R,R,R,C,C,C,C,RRRRRRRCCCC,0,0,1,0,0,0,0,0,0,"Because I went to college specifically for English, so I had a better chance of doing well.","Everything was fine, no notes! ",Non-STEM Track,519.0,699,White,Graduate degree (MA/MSc/MPhil/other),28,Male,White,United States,United States,United States,English,No,Full-Time
292,5c0e9691a2f251000137ead2,B,A,D,C,C,C,B,C,B,B,BADCCCBCBB,0.3,0.0,0.0,noisy,random,negative,Pass,red,60.0,3.0,3.0,Pass Box,B,A,D,C,A,D,C,C,A,C,BADCADCCAC,0.6,STEM Track,0.0,0.0,R,R,R,R,C,C,C,C,C,C,C,RRRRCCCCCCC,1,1,1,1,1,0,0,0,0,"A few reasons, I assumed the questions would be more challenging which I'd rank as more entertaining. Quitting also reaked of failure, which would be double irksome since I wasn't prepared for a math quiz and didn't even have a calculator on hand. And, of course, I assumed I could manage to answer more than 3 questions correctly either via existing math knowledge or chance.","Well, I'm going to say having an unexpected TIMED math quiz dropped on you is the stuff of nightmares for many people. But, hey, it's certainly not the worst thing that's happened to me recently, kinda refreshing in that regard, since it was a harmless challenge, and no one ended up in the hospital or cemetary, so that's better than the last few months have gone for me in comparison.",STEM Track,1309.0,340,White,Undergraduate degree (BA/BSc/other),44,Male,White,United States,United States,United States,English,No,Other
293,6110a371c00388d587922ff1,B,C,A,B,B,D,B,A,D,B,BCABBDBADB,0.3,0.0,0.0,noisy,random,negative,Pass,red,20.0,4.0,0.0,Not Sure,D,D,A,C,B,A,A,D,C,D,DDACBAADCD,0.7,Non-STEM Track,0.0,0.0,R,R,R,R,C,C,C,C,C,C,C,RRRRCCCCCCC,0,0,1,0,0,0,0,0,0,not sure,no,Non-STEM Track,276.0,2290,White,Technical/community college,37,Female,White,United States,United States,United States,English,No,Unemployed (and job seeking)
294,6746319f1aea9020c91d4f4d,D,D,C,B,A,D,A,B,A,A,DDCBADABAA,0.2,0.0,0.0,noisy,random,ground,Pass,red,0.0,0.0,0.0,Pass Box,D,B,A,C,B,D,A,B,C,D,DBACBDABCD,1.0,Non-STEM Track,0.0,0.0,R,R,R,C,C,C,C,C,C,C,C,RRRCCCCCCCC,1,1,1,0,0,0,0,0,0,i have not been in scool for a long time.,section 1 was difficult for me,Non-STEM Track,690.0,318,White,Technical/community college,52,Male,White,United States,United States,United States,English,No,"Not in paid work (e.g. homemaker', 'retired or disabled)"
295,63e55887d67a5c7e32a678fa,C,C,D,D,C,B,A,C,A,A,CCDDCBACAA,0.2,0.0,0.0,noisy,random,positive,Fail,red,78.0,2.0,3.0,Fail Box,D,D,D,C,C,B,C,B,B,D,DDDCCBCBBD,0.2,STEM Track,0.0,0.0,R,R,R,C,C,C,C,C,C,C,C,RRRCCCCCCCC,0,0,1,0,0,0,0,0,0,"I like figuring out problems, reminds me of school, kind of miss it.",It was hard and difficult. Had questions I don't even remember in high school!,STEM Track,932.0,2866,White,High school diploma/A-levels,43,Female,White,United States,United States,United States,English,No,Full-Time
297,5589a309fdf99b7ae5007c33,D,A,A,C,C,B,D,B,C,B,DAACCBDBCB,0.5,5.0,18.171,noisy,random,positive,Pass,red,60.0,4.0,5.0,Not Sure,D,B,A,C,B,D,A,B,C,D,DBACBDABCD,1.0,Non-STEM Track,0.0,0.0,R,R,R,R,C,C,C,C,C,C,C,RRRRCCCCCCC,0,0,1,0,0,0,0,0,0,"I'm more confident in my non-STEM abilities, I'm an avid reader and enjoy non-STEM subjects more.","Everything went smoothly, there were no problems.",Non-STEM Track,751.0,2741,White,High school diploma/A-levels,47,Male,White,United States,United States,United States,English,No,Full-Time
298,60bfd72cbf383d740b0d9b00,D,A,D,D,C,A,A,B,A,C,DADDCAABAC,0.1,0.0,0.0,noisy,random,negative,Fail,black,40.0,2.0,4.0,Fail Box,D,B,A,C,B,D,A,B,C,D,DBACBDABCD,1.0,Non-STEM Track,0.0,0.0,R,R,R,R,R,C,C,C,C,C,C,RRRRRCCCCCC,0,0,1,0,1,1,0,0,0,I haven't taken a math class since I was 16,I felt so stressed during the math questions. Kinda sad I can't remember how to do it,Non-STEM Track,472.0,924,White,Undergraduate degree (BA/BSc/other),24,Female,White,United States,United States,United States,English,Yes,Full-Time
299,59a6d98590dec70001731889,B,C,D,A,D,C,B,C,B,A,BCDADCBCBA,0.1,0.0,0.0,noisy,random,negative,Pass,red,99.0,1.0,1.0,Fail Box,A,A,B,C,B,B,C,C,B,D,AABCBBCCBD,0.3,STEM Track,0.0,0.0,R,R,R,R,R,C,C,C,C,C,C,RRRRRCCCCCC,0,0,1,0,0,0,0,0,0,I knew that there was a chance some of the questions were easier than the last test. So I had a chance of getting one correct,This was really tough I had to really think,STEM Track,903.0,932,Mixed,High school diploma/A-levels,33,Female,Mixed,Philippines,United States,United States,English,DATA_EXPIRED,DATA_EXPIRED
301,678e27dc56184eb3ca82fd48,A,A,D,B,,,,,,,AADB______,0.3,0.0,0.0,noisy,random,ground,Fail,black,80.0,8.0,5.0,Fail Box,B,A,C,A,A,D,C,A,B,C,BACAADCABC,1.0,STEM Track,0.0,0.0,R,R,R,R,R,R,R,R,R,R,R,RRRRRRRRRRR,0,0,1,0,0,0,0,0,0,because i love to take up challenges ,i love this study,STEM Track,2389.0,49,White,Graduate degree (MA/MSc/MPhil/other),25,Male,White,United States,United States,United States,English,No,DATA_EXPIRED
302,632b9d9bc38454f47019295c,B,C,A,B,B,B,D,B,A,D,BCABBBDBAD,0.4,0.0,0.0,noisy,random,ground,Fail,black,50.0,5.0,5.0,Fail Box,D,B,A,C,B,D,A,B,C,D,DBACBDABCD,1.0,Non-STEM Track,0.0,0.0,R,R,R,R,C,C,C,C,C,C,C,RRRRCCCCCCC,0,0,1,0,0,0,0,0,0,I felt like I could do better because I am very rusty in STEM subjects. ,I realized that I forgot how to do some of the Math.  It is something that you have to be repetitive with to be good at. ,Non-STEM Track,1353.0,4020,White,Graduate degree (MA/MSc/MPhil/other),46,Male,White,United States,United States,United States,English,No,Unemployed (and job seeking)
303,67421e5c304fac818596d7f0,A,D,C,B,D,A,A,D,B,C,ADCBDAADBC,0.3,0.0,0.0,noisy,random,ground,Pass,red,10.0,1.0,1.0,Pass Box,A,B,A,C,C,D,C,B,C,B,ABACCDCBCB,0.2,STEM Track,0.0,0.0,R,R,R,R,R,C,C,C,C,C,C,RRRRRCCCCCC,0,0,1,0,0,0,0,0,0,No real reason,,STEM Track,562.0,146,White,Technical/community college,38,Female,Mixed,United States,United States,United States,English,No,Part-Time
304,663a245615539171d9a3611a,D,D,A,B,D,B,B,C,A,B,DDABDBBCAB,0.4,0.0,0.0,noisy,random,ground,Pass,red,20.0,1.0,1.0,Pass Box,B,C,C,B,A,D,D,C,B,B,BCCBADDCBB,0.5,STEM Track,0.0,0.0,R,C,C,C,C,C,C,C,C,C,C,RCCCCCCCCCC,0,0,1,0,0,0,1,0,0,I chose the stem track for the bonus,stressful,STEM Track,892.0,651,White,Undergraduate degree (BA/BSc/other),25,Female,White,United States,United States,United States,English,No,Full-Time
305,6656525d91de4ff22fe48813,C,A,B,,,,,,,,CAB_______,0.1,0.0,0.0,noisy,random,ground,Fail,black,50.0,3.0,3.0,Not Sure,D,B,A,C,B,D,A,B,C,D,DBACBDABCD,1.0,Non-STEM Track,0.0,0.0,R,R,R,C,C,C,C,C,C,C,C,RRRCCCCCCCC,0,0,1,0,0,0,0,0,0,I found that doing the initial math test to be very hard under the timed condition and preferred to try something different.,I thought the word test was fairly easy compared to the math test. But it was all good and thank you for allowing me to participate.,Non-STEM Track,1102.0,1265,White,High school diploma/A-levels,49,Male,White,United States,United States,United States,English,Yes,Full-Time
