,Intro.1.player.prolific_id,Section_1.1.player.question1,Section_1.1.player.question2,Section_1.1.player.question3,Section_1.1.player.question4,Section_1.1.player.question5,Section_1.1.player.question6,Section_1.1.player.question7,Section_1.1.player.question8,Section_1.1.player.question9,Section_1.1.player.question10,Section_1.1.player.stem_quiz_1_answers,Section_1.1.player.stem_quiz_1_score,Section_1.1.player.num_tab_switches_in_section_1,Section_1.1.player.total_time_hidden_in_section_1,Section_2_3.1.player.track,Section_2_3.1.player.path,Section_2_3.1.player.info_structure,Section_2_3.1.player.performance,Section_2_3.1.player.ball_color,Section_2_3.1.player.overplacement,Section_2_3.1.player.overestimation,Section_2_3.1.player.passing_threshold,Section_2_3.1.player.ball_origin_estimation,Section_4_5.1.player.question1,Section_4_5.1.player.question2,Section_4_5.1.player.question3,Section_4_5.1.player.question4,Section_4_5.1.player.question5,Section_4_5.1.player.question6,Section_4_5.1.player.question7,Section_4_5.1.player.question8,Section_4_5.1.player.question9,Section_4_5.1.player.question10,Section_4_5.1.player.quiz_2_answers,Section_4_5.1.player.quiz_2_score,Section_4_5.1.player.preferred_second_survey,Section_4_5.1.player.num_tab_switches_in_section_5,Section_4_5.1.player.total_time_hidden_in_section_5,Section_6.1.player.question1,Section_6.1.player.question2,Section_6.1.player.question3,Section_6.1.player.question4,Section_6.1.player.question5,Section_6.1.player.question6,Section_6.1.player.question7,Section_6.1.player.question8,Section_6.1.player.question9,Section_6.1.player.question10,Section_6.1.player.question11,Section_6.1.player.risk_tolerance_answers,Section_7.1.player.schools_private_independent,Section_7.1.player.schools_private_religious,Section_7.1.player.schools_public_school,Section_7.1.player.schools_homeschool,Section_7.1.player.schools_online_school,Section_7.1.player.schools_charter_school,Section_7.1.player.schools_all_girls_school,Section_7.1.player.schools_all_boys_school,Section_7.1.player.schools_stem_oriented_school,Section_7.1.player.track_decision,Section_7.1.player.experience,Section_7.1.player.preferred_second_survey,Time taken,Total approvals,Ethnicity,Highest education level completed,Age,Sex,Ethnicity simplified,Country of birth,Country of residence,Nationality,Language,Student status,Employment status
0,66a403d685b8011f29d8cace,B,B,B,D,A,C,B,B,B,A,BBBDACBBBA,0.0,0.0,0.0,noisy,random,positive,Fail,red,50.0,5.0,5.0,Pass Box,D,B,A,C,B,D,A,B,C,D,DBACBDABCD,1.0,Non-STEM Track,0.0,0.0,R,R,C,C,C,C,C,C,C,C,C,RRCCCCCCCCC,0,0,1,0,0,0,0,0,0,Been awhile since school,Interesting set of questions,Non-STEM Track,417.0,6,Mixed,Technical/community college,43,Female,Other,United States,United States,United States,English,No,Full-Time
1,5924f4910a3e3e0001f1018e,D,A,B,B,B,A,A,C,B,D,DABBBAACBD,0.4,0.0,0.0,noisy,random,negative,Pass,red,10.0,1.0,2.0,Pass Box,D,B,A,C,B,D,A,B,C,D,DBACBDABCD,1.0,Non-STEM Track,0.0,0.0,R,R,R,R,R,C,C,C,C,C,C,RRRRRCCCCCC,0,0,1,0,0,0,0,0,0,I am not good at math. ,My experience was fine throughout this process.,Non-STEM Track,549.0,3484,South Asian,Undergraduate degree (BA/BSc/other),47,Male,Asian,United States,United States,United States,English,No,Part-Time
2,66f4741301fe3b3ef8362ab8,A,C,B,C,B,D,B,C,C,B,ACBCBDBCCB,0.5,0.0,0.0,noisy,random,ground,Pass,red,20.0,1.0,3.0,Pass Box,D,B,A,C,B,D,A,B,C,C,DBACBDABCC,0.9,Non-STEM Track,0.0,0.0,R,R,R,R,R,C,C,C,C,C,C,RRRRRCCCCCC,0,0,1,0,1,0,0,0,0,I am more interested in the liberal arts,Good.,Non-STEM Track,643.0,8,Rather not say,High school diploma/A-levels,22,Male,White,United States,United States,United States,English,No,DATA_EXPIRED
3,66bcc693015b9f04ddf0d858,D,B,B,C,A,A,A,A,B,C,DBBCAAAABC,0.0,0.0,0.0,noisy,random,negative,Fail,black,5.0,0.0,1.0,Fail Box,A,D,B,C,A,D,D,C,C,C,ADBCADDCCC,0.3,STEM Track,0.0,0.0,R,R,R,R,C,C,C,C,C,C,C,RRRRCCCCCCC,0,0,1,0,0,0,0,0,0,Random,Difficult ,STEM Track,959.0,99,Mixed,High school diploma/A-levels,35,Female,Other,United States,United States,United States,English,No,Full-Time
4,5b1200ffd282ff00015c0154,D,A,A,B,D,B,A,A,B,A,DAABDBAABA,0.3,0.0,0.0,noisy,random,negative,Pass,red,10.0,1.0,2.0,Not Sure,D,B,A,C,B,D,A,B,C,D,DBACBDABCD,1.0,Non-STEM Track,0.0,0.0,R,R,R,C,C,C,C,C,C,C,C,RRRCCCCCCCC,0,1,1,0,0,0,0,0,0,I stink at math and am good at English,"It made me feel dumb, but that's okay.",Non-STEM Track,466.0,2215,East Asian,High school diploma/A-levels,37,Male,Asian,United States,United States,United States,English,No,Full-Time
5,66439aa2599ba2e93a6060be,A,C,B,B,D,B,D,C,A,D,ACBBDBDCAD,0.5,0.0,0.0,noisy,random,negative,Fail,black,75.0,7.0,6.0,Fail Box,D,A,A,C,B,D,A,B,C,D,DAACBDABCD,0.9,Non-STEM Track,0.0,0.0,C,R,R,R,R,R,R,C,C,C,C,CRRRRRRCCCC,1,1,1,0,0,0,0,0,1,"Because it's more guaranteed money due to how STEM can encompass a grand net that, regardless of what I studied, would include things that I could possibly not be prepared for.","It felt simple enough, no real feedback here",Non-STEM Track,766.0,190,Latino/Hispanic,Undergraduate degree (BA/BSc/other),24,Male,Other,United States,United States,United States,English,No,Unemployed (and job seeking)
6,66a965386e7c4019aa30a91c,D,C,A,D,C,A,C,A,C,C,DCADCACACC,0.1,0.0,0.0,noisy,random,negative,Fail,red,50.0,6.0,3.0,Fail Box,C,A,C,C,A,A,D,B,B,C,CACCAADBBC,0.5,STEM Track,0.0,0.0,R,R,R,R,R,C,C,C,C,C,C,RRRRRCCCCCC,0,0,1,0,0,0,0,0,0,I like a challenge ,It was different from other studies I enjoyed it,STEM Track,667.0,21,White,High school diploma/A-levels,40,Female,White,United States,United States,United States,English,No,Part-Time
7,66b5830fb162e9d0650ff37d,D,A,B,B,B,B,C,A,A,C,DABBBBCAAC,0.4,0.0,0.0,noisy,random,ground,Pass,red,30.0,2.0,2.0,Pass Box,D,B,A,C,B,D,A,B,C,D,DBACBDABCD,1.0,Non-STEM Track,0.0,0.0,R,R,R,R,R,R,C,C,C,C,C,RRRRRRCCCCC,0,0,1,0,0,0,0,0,0,"I wasn't a STEM student and never excelled at math, so I doubt I would've performed adequately. ",,Non-STEM Track,936.0,25,Middle Eastern,Undergraduate degree (BA/BSc/other),27,Male,White,United States,United States,United States,English,No,DATA_EXPIRED
8,656363e1970350a7d45fbb75,D,A,C,C,D,B,A,A,A,A,DACCDBAAAA,0.3,0.0,0.0,noisy,random,positive,Fail,red,0.0,4.0,5.0,Not Sure,D,B,A,C,B,D,A,B,C,D,DBACBDABCD,1.0,Non-STEM Track,0.0,0.0,R,R,C,C,C,C,C,C,C,C,C,RRCCCCCCCCC,0,1,1,0,0,0,0,0,0,"I didn't know how to answer the first group of questions, so I figured anything else would be better.","The STEM questions were tough for me, but it was fun to try!",Non-STEM Track,1159.0,142,Mixed,Graduate degree (MA/MSc/MPhil/other),34,Female,White,United States,United States,United States,English,No,DATA_EXPIRED
9,64332b93d1cde024292baf53,B,C,C,D,C,A,D,C,A,C,BCCDCADCAC,0.3,0.0,0.0,noisy,random,ground,Pass,red,10.0,0.0,2.0,Fail Box,A,A,A,C,B,D,A,B,C,D,AAACBDABCD,0.8,Non-STEM Track,0.0,0.0,R,R,R,R,C,C,C,C,C,C,C,RRRRCCCCCCC,0,0,1,0,0,0,0,0,0,I'm not sure.  ,YIKES!  I was so confused.  I've never done math like that. ,Non-STEM Track,917.0,1013,White,High school diploma/A-levels,51,Female,White,United States,United States,United States,English,No,Full-Time
10,5edf975930f30b270a6d90c7,A,A,A,A,A,A,A,A,A,A,AAAAAAAAAA,0.2,0.0,0.0,noisy,random,ground,Fail,black,25.0,2.0,3.0,Fail Box,D,B,A,C,B,D,A,B,C,C,DBACBDABCC,0.9,Non-STEM Track,0.0,0.0,R,R,R,R,C,C,C,C,C,C,C,RRRRCCCCCCC,0,0,1,0,0,0,0,0,0,I suck at math,Made me remember how much I hate math. ,Non-STEM Track,323.0,3,White,Undergraduate degree (BA/BSc/other),27,Male,White,United States,United States,United States,English,No,Part-Time
11,667ac00c047d4032dcc8c0bf,C,B,B,C,B,A,C,B,C,B,CBBCBACBCB,0.3,0.0,0.0,noisy,random,positive,Pass,red,10.0,2.0,3.0,Pass Box,C,B,A,B,C,D,A,C,B,A,CBABCDACBA,0.4,Non-STEM Track,0.0,0.0,R,C,C,C,C,C,C,C,C,C,C,RCCCCCCCCCC,0,0,1,0,0,0,0,0,0,To avoid take more quiz and get it wrong. , math classes somewhat helped me but i can't barely remember most of them,Non-STEM Track,689.0,76,East Asian,Undergraduate degree (BA/BSc/other),33,Female,Asian,China,United States,United States,Chinese,No,Full-Time
12,66639c6e0338018d61a0f486,A,A,A,B,D,B,D,C,A,B,AAABDBDCAB,0.7,0.0,0.0,noisy,random,ground,Pass,red,68.0,8.0,7.0,Pass Box,D,B,A,C,B,D,A,B,C,D,DBACBDABCD,1.0,Non-STEM Track,0.0,0.0,R,R,R,R,C,C,C,C,C,C,C,RRRRCCCCCCC,0,1,1,0,0,0,0,0,0,I am more confident in my non-STEM abilities ,I would have preferred to have more time for the math questions.,Non-STEM Track,962.0,253,Middle Eastern,Undergraduate degree (BA/BSc/other),23,Female,Mixed,United States,United States,United States,English,No,Unemployed (and job seeking)
13,66afc0d5fc45830162eb750e,B,A,B,B,C,,,,,,BABBC_____,0.2,0.0,0.0,noisy,random,ground,Fail,black,50.0,2.0,10.0,Fail Box,B,D,D,,,,,,,,BDD_______,0.1,STEM Track,0.0,0.0,R,C,C,C,C,C,C,C,C,C,C,RCCCCCCCCCC,0,0,1,0,0,0,0,0,0,I love math.,"Good experience, no problems.",STEM Track,1958.0,127,Black/African American,Undergraduate degree (BA/BSc/other),53,Female,Black,United States,United States,United States,English,No,Full-Time
14,59e8b9e96100f9000194a7fb,D,B,A,C,A,B,C,B,C,D,DBACABCBCD,0.2,0.0,0.0,noisy,random,negative,Pass,red,10.0,1.0,1.0,Pass Box,D,B,A,C,B,D,A,B,C,D,DBACBDABCD,1.0,Non-STEM Track,0.0,0.0,R,R,R,R,R,C,C,C,C,C,C,RRRRRCCCCCC,0,0,1,0,0,0,0,0,0,Math is not my strong suit,It was interesting ,Non-STEM Track,776.0,4,Mixed,Secondary education (e.g. GED/GCSE),33,Female,Mixed,United States,United States,United States,English,No,Unemployed (and job seeking)
15,5e862ffe5c1f8424c8d03c25,A,A,C,B,B,B,D,C,D,B,AACBBBDCDB,0.9,0.0,0.0,noisy,random,ground,Pass,red,70.0,5.0,5.0,Pass Box,B,D,C,A,A,D,C,A,B,C,BDCAADCABC,0.9,STEM Track,0.0,0.0,R,R,R,R,R,C,R,C,C,C,C,RRRRRCRCCCC,0,0,1,1,1,1,0,0,0,"I wanted to see how far my knowledge extends, given my age and being out of practice.",,STEM Track,1171.0,75,Mixed,Technical/community college,32,Female,Mixed,United States,United States,United States,English,No,Unemployed (and job seeking)
16,60de6e510a35511890793ba4,A,A,D,B,B,B,D,C,C,B,AADBBBDCCB,0.9,0.0,0.0,noisy,random,positive,Pass,red,95.0,9.0,8.0,Pass Box,B,B,C,A,A,D,C,,C,C,BBCAADC_CC,0.7,STEM Track,0.0,0.0,R,R,R,R,R,R,R,R,C,C,C,RRRRRRRRCCC,0,0,1,0,0,0,0,0,0,"I like STEM and having to solve problems, especially math related.",It was really fun and would love to do more studies like this!!!!!,STEM Track,1140.0,393,Middle Eastern,Undergraduate degree (BA/BSc/other),24,Male,Other,United States,United States,United States,Arabic,No,Full-Time
17,5b2a37ee5b5c0900018b0ca5,D,C,B,B,A,A,B,A,B,A,DCBBAABABA,0.1,0.0,0.0,noisy,random,positive,Pass,black,10.0,1.0,0.0,Pass Box,D,B,A,C,B,D,A,B,C,D,DBACBDABCD,1.0,Non-STEM Track,0.0,0.0,R,R,R,R,R,R,R,C,C,C,C,RRRRRRRCCCC,0,0,1,0,0,0,0,0,0,Not so great at math,Math was too hard ,Non-STEM Track,445.0,2333,White,Undergraduate degree (BA/BSc/other),60,Female,White,United States,United States,United States,English,No,Full-Time
19,66d9ac1f7e6ebe7d5f9c0991,D,A,D,B,A,A,C,C,B,B,DADBAACCBB,0.4,0.0,0.0,noisy,random,ground,Pass,red,20.0,3.0,4.0,Pass Box,D,B,A,C,B,D,A,B,C,D,DBACBDABCD,1.0,Non-STEM Track,0.0,0.0,R,C,C,C,C,C,C,C,C,C,C,RCCCCCCCCCC,0,0,1,0,0,0,0,0,1,The time I had to answer the question. you had 10 mins to answer 10 questions and non stem question would be easier with the time given,it was ok,Non-STEM Track,934.0,9,Black/African American,Graduate degree (MA/MSc/MPhil/other),35,Female,Black,United States,United States,United States,English,No,Full-Time
20,6073ad2cd288215f64f51efa,B,A,C,A,D,B,C,B,D,B,BACADBCBDB,0.4,0.0,0.0,noisy,random,positive,Pass,black,50.0,3.0,2.0,Pass Box,D,A,A,C,B,A,A,B,C,D,DAACBAABCD,0.8,Non-STEM Track,0.0,0.0,R,R,R,R,R,R,C,C,C,C,C,RRRRRRCCCCC,0,0,1,0,0,0,0,0,0,Been a long day and wanted something I was more comfortable with,It was great.,Non-STEM Track,326.0,4350,South Asian,Graduate degree (MA/MSc/MPhil/other),33,Male,White,United States,United States,United States,English,No,Full-Time
21,664fe69f49d37def14a294f3,B,A,B,C,D,C,B,A,B,A,BABCDCBABA,0.1,0.0,0.0,noisy,random,negative,Fail,black,40.0,3.0,10.0,Pass Box,D,B,A,C,B,D,A,B,C,D,DBACBDABCD,1.0,Non-STEM Track,0.0,0.0,R,R,R,R,R,R,R,R,C,C,C,RRRRRRRRCCC,0,1,1,0,0,0,0,0,0,I felt I would know more.,None.,Non-STEM Track,303.0,33,White,Undergraduate degree (BA/BSc/other),31,Male,White,United States,United States,United States,English,No,Full-Time
22,5f29dfe7512c2817f7957e1a,A,A,A,B,D,C,D,C,B,,AAABDCDCB_,0.5,0.0,0.0,noisy,random,ground,Fail,black,75.0,7.0,6.0,Not Sure,D,B,A,C,B,D,A,B,C,D,DBACBDABCD,1.0,Non-STEM Track,0.0,0.0,R,R,R,R,R,R,R,C,C,C,C,RRRRRRRCCCC,0,0,1,0,0,0,0,0,0,Wanted something different.,Good,Non-STEM Track,1354.0,1302,Black/African American,Graduate degree (MA/MSc/MPhil/other),26,Female,Black,United States,United States,United States,English,Yes,Full-Time
23,6020eeadf4c4d470d3ed246f,D,A,B,B,D,B,,,,,DABBDB____,0.3,0.0,0.0,noisy,random,positive,Fail,red,50.0,4.0,5.0,Fail Box,D,B,A,C,B,D,A,B,C,D,DBACBDABCD,1.0,Non-STEM Track,0.0,0.0,R,R,R,R,R,R,R,C,C,C,C,RRRRRRRCCCC,0,0,1,0,0,0,0,0,0,I was going too slow at the STEM questions and i didn't have any paper or a calculator,This has shown me I really need to go back to school.,Non-STEM Track,815.0,29,White,Technical/community college,39,Female,White,United States,United States,United States,English,No,"Not in paid work (e.g. homemaker', 'retired or disabled)"
24,5b18248744127b00013f90ce,D,A,B,C,B,B,D,C,C,B,DABCBBDCCB,0.7,0.0,0.0,noisy,random,negative,Pass,red,85.0,5.0,4.0,Pass Box,B,B,C,C,A,D,C,A,B,C,BBCCADCABC,0.8,STEM Track,0.0,0.0,R,R,R,R,R,C,C,C,C,C,C,RRRRRCCCCCC,0,0,1,0,0,0,0,0,0,I felt confident I could answer at least 4 questions correctly and get the higher bonus.,No feedback.,STEM Track,850.0,4300,White,Undergraduate degree (BA/BSc/other),30,Male,White,United States,United States,United States,English,No,Full-Time
25,666b4439752ed005b7514383,D,A,C,B,D,D,A,A,B,C,DACBDDAABC,0.3,0.0,0.0,noisy,random,ground,Fail,black,75.0,7.0,6.0,Fail Box,D,B,A,C,B,D,A,D,C,D,DBACBDADCD,0.9,Non-STEM Track,0.0,0.0,R,R,R,R,R,R,C,C,C,C,C,RRRRRRCCCCC,0,0,1,0,1,0,0,0,0,I didnt want to risk 0,no.,Non-STEM Track,630.0,335,South Asian,Graduate degree (MA/MSc/MPhil/other),35,Male,Asian,United States,United States,United States,English,No,Full-Time
26,5ec79b5033c65502ce2acade,C,A,A,C,B,C,D,B,B,B,CAACBCDBBB,0.4,0.0,0.0,noisy,random,negative,Pass,red,50.0,3.0,4.0,Fail Box,D,B,A,C,B,A,A,B,C,D,DBACBAABCD,0.9,Non-STEM Track,0.0,0.0,R,R,R,R,R,C,R,C,C,C,C,RRRRRCRCCCC,0,0,1,0,0,0,0,0,0,Because the first set of questions were quite hard,My experience was good. I do not have anything meaningful to add.,Non-STEM Track,634.0,1990,White,Undergraduate degree (BA/BSc/other),24,Male,White,United States,United States,United States,English,Yes,DATA_EXPIRED
29,666c86f7f5f40814f41f7db9,C,A,C,C,C,D,A,C,C,B,CACCCDACCB,0.5,0.0,0.0,noisy,random,negative,Pass,red,50.0,3.0,4.0,Fail Box,D,B,A,C,B,D,A,B,C,D,DBACBDABCD,1.0,Non-STEM Track,0.0,0.0,R,R,C,C,C,C,C,C,C,C,C,RRCCCCCCCCC,0,0,1,0,0,0,0,0,0,I am much better at writing than I am at math. ,,Non-STEM Track,631.0,216,White,High school diploma/A-levels,21,Female,White,United States,United States,United States,English,Yes,DATA_EXPIRED
30,61085d4d8b0fc852f4b8cc5b,B,A,B,B,B,B,D,A,A,A,BABBBBDAAA,0.5,0.0,0.0,noisy,random,positive,Fail,red,80.0,7.0,6.0,Fail Box,B,D,C,B,A,D,C,A,C,C,BDCBADCACC,0.7,STEM Track,0.0,0.0,R,R,R,R,R,C,C,C,C,C,C,RRRRRCCCCCC,0,0,1,0,0,0,0,0,0,I thought I could pass the test,Good,STEM Track,667.0,295,White,Undergraduate degree (BA/BSc/other),25,Female,White,United States,United States,United States,English,Yes,Other
31,667b0207aa45819cfc27e751,B,D,B,A,B,A,D,A,A,A,BDBABADAAA,0.2,0.0,0.0,noisy,random,negative,Fail,black,50.0,5.0,5.0,Not Sure,A,D,C,C,A,B,D,A,B,A,ADCCABDABA,0.4,STEM Track,1.0,1.804,R,R,R,C,C,C,C,C,C,C,C,RRRCCCCCCCC,1,0,0,0,0,0,0,0,0,Curiosity,Awesome,STEM Track,1141.0,12,Black/African American,Undergraduate degree (BA/BSc/other),24,Male,Black,United States,United States,United States,English,No,Other
32,6658b337cb2020d6b19f88d9,B,C,B,B,C,C,A,D,C,A,BCBBCCADCA,0.2,0.0,0.0,noisy,random,positive,Pass,red,5.0,1.0,2.0,Fail Box,D,B,A,C,B,D,A,B,C,A,DBACBDABCA,0.9,Non-STEM Track,0.0,0.0,R,R,R,R,R,R,C,C,C,C,C,RRRRRRCCCCC,1,0,1,0,0,0,0,0,0,I chose non-STEM because my schooling was not focused in STEM.,I don't think I did well with the math problems but the last portion was much easier.,Non-STEM Track,512.0,220,East Asian,Undergraduate degree (BA/BSc/other),29,Female,Asian,China,United States,United States,English,No,"Not in paid work (e.g. homemaker', 'retired or disabled)"
33,66ad75302bba5cdc6b55c5c8,A,C,B,C,C,C,C,A,C,C,ACBCCCCACC,0.2,0.0,0.0,noisy,random,ground,Pass,red,30.0,3.0,1.0,Fail Box,C,C,C,C,C,B,D,C,D,B,CCCCCBDCDB,0.1,STEM Track,0.0,0.0,R,R,R,R,R,C,C,C,C,C,C,RRRRRCCCCCC,0,1,0,0,0,0,0,0,0,To challenge myself.,It was a great experience for me. It challenged me. No feedback.,STEM Track,1332.0,23,Black/African American,Undergraduate degree (BA/BSc/other),35,Female,Black,United States,United States,United States,English,Yes,Part-Time
34,5f04bd7038cbb210b85195fd,B,A,C,B,D,B,D,C,A,C,BACBDBDCAC,0.6,0.0,0.0,noisy,random,ground,Pass,red,55.0,4.0,5.0,Pass Box,D,B,A,C,B,D,A,B,C,D,DBACBDABCD,1.0,Non-STEM Track,0.0,0.0,R,R,R,R,C,C,C,C,C,C,C,RRRRCCCCCCC,0,0,1,0,0,0,0,0,0,I found the math questions very difficult and know that my non-STEM skills are typically stronger.,"As mentioned above, I found the math questions very challenging. It was discouraging to feel a bit stupid as I'm trying to figure out how to even start to answer the questions.",Non-STEM Track,687.0,1214,White,Undergraduate degree (BA/BSc/other),40,Female,White,United States,United States,United States,English,No,Unemployed (and job seeking)
35,5f052fd4e9163a8320120e43,B,C,B,D,D,C,B,A,C,B,BCBDDCBACB,0.2,0.0,0.0,noisy,random,ground,Fail,black,50.0,2.0,3.0,Fail Box,D,B,A,C,B,D,A,B,C,D,DBACBDABCD,1.0,Non-STEM Track,0.0,0.0,R,R,R,R,C,C,C,C,C,C,C,RRRRCCCCCCC,0,0,1,0,0,0,0,0,0,Those questions are hard for me.,It went well.,Non-STEM Track,455.0,1335,White,Undergraduate degree (BA/BSc/other),35,Female,White,United States,United States,United States,English,No,Part-Time
37,58cb138127e23a0001b4fb5d,D,C,B,C,B,C,C,C,B,C,DCBCBCCCBC,0.2,0.0,0.0,noisy,random,ground,Pass,red,1.0,0.0,1.0,Not Sure,D,B,A,C,B,D,A,B,C,D,DBACBDABCD,1.0,Non-STEM Track,0.0,0.0,R,R,R,C,C,C,C,C,C,C,C,RRRCCCCCCCC,0,0,1,0,0,0,0,0,0,Because I'm terrible at math.,I guessed all of the math questions because I'm terrible at math. My last math course was Statistics in college over 40 years ago.,Non-STEM Track,766.0,2635,Latino/Hispanic,Undergraduate degree (BA/BSc/other),61,Female,Mixed,United States,United States,United States,English,No,Full-Time
38,668b4d070be8f04729bd5fb7,D,A,C,B,D,A,B,A,B,B,DACBDABABB,0.4,0.0,0.0,noisy,random,positive,Pass,red,50.0,3.0,2.0,Fail Box,D,B,A,C,B,D,A,B,C,D,DBACBDABCD,1.0,Non-STEM Track,0.0,0.0,R,R,R,R,R,C,C,C,C,C,C,RRRRRCCCCCC,0,0,1,0,0,0,0,0,0,I have not done that type of math in a while and felt like my current skills would fit different questions better.,,Non-STEM Track,574.0,362,White,High school diploma/A-levels,43,Male,White,United States,United States,United States,English,No,Full-Time
39,66edfcde8ccf64ce2bb4d3e0,B,A,B,D,D,A,B,A,A,C,BABDDABAAC,0.1,0.0,0.0,noisy,random,ground,Fail,black,80.0,7.0,7.0,Fail Box,A,C,C,A,B,C,A,A,A,C,ACCABCAAAC,0.4,STEM Track,0.0,0.0,R,R,R,R,R,R,R,C,C,C,C,RRRRRRRCCCC,0,1,1,0,1,0,0,0,0,Stem is the new way of education moving forward,none,STEM Track,1381.0,12,White,Graduate degree (MA/MSc/MPhil/other),58,Female,White,United Kingdom,United States,United States,English,No,Full-Time
40,6631a2d22bcd9ccaf132b90a,B,C,C,A,B,B,D,A,A,B,BCCABBDAAB,0.5,0.0,0.0,noisy,random,negative,Pass,red,50.0,3.0,4.0,Pass Box,C,A,A,D,B,D,C,B,B,C,CAADBDCBBC,0.5,STEM Track,0.0,0.0,R,R,C,R,C,C,C,C,C,C,C,RRCRCCCCCCC,0,0,1,0,0,0,0,0,0,I enjoy math and science. ,"It went well, but the equations were really hard for the amount of time I had. ",STEM Track,1592.0,292,Native American or Alaskan Native,Undergraduate degree (BA/BSc/other),40,Female,Other,United States,United States,United States,English,No,Part-Time
41,66a418d30633a5522466bcfc,D,A,B,C,D,D,B,A,B,B,DABCDDBABB,0.2,0.0,0.0,noisy,random,ground,Fail,black,20.0,5.0,5.0,Fail Box,D,B,A,C,B,D,A,B,C,D,DBACBDABCD,1.0,Non-STEM Track,0.0,0.0,R,R,R,C,C,C,C,C,C,C,C,RRRCCCCCCCC,0,0,1,0,0,0,0,0,0,I am better at non-stem related subjects. ,It was fun.,Non-STEM Track,644.0,144,White,Undergraduate degree (BA/BSc/other),49,Female,White,United States,United States,Poland,English,No,"Not in paid work (e.g. homemaker', 'retired or disabled)"
42,66ea401fa9604d4b2e8a80e0,D,A,B,C,B,,,,,,DABCB_____,0.2,0.0,0.0,noisy,random,negative,Fail,black,5.0,2.0,4.0,Pass Box,B,,B,C,A,C,C,,B,,B_BCACC_B_,0.4,STEM Track,0.0,0.0,R,R,R,R,R,R,C,C,C,C,C,RRRRRRCCCCC,0,0,1,0,0,0,0,0,0,I was good in math ( 40 years ago :-),"Great study. Wake up call for me! Time to go ""back to school"" to relearn basic math. Thank you!",STEM Track,1546.0,12,White,Graduate degree (MA/MSc/MPhil/other),63,Female,White,Ukraine,United States,United States,Russian,No,Full-Time
45,63e54d97fa5c58916e667110,B,A,A,C,D,B,D,B,B,B,BAACDBDBBB,0.4,0.0,0.0,noisy,random,ground,Fail,black,25.0,5.0,8.0,Fail Box,D,B,A,C,B,D,A,B,C,D,DBACBDABCD,1.0,Non-STEM Track,0.0,0.0,R,R,R,R,R,R,C,C,C,C,C,RRRRRRCCCCC,0,0,1,0,0,0,0,0,0,Because the initial questions were Algebra 2 questions and I have not done math in over 15 years. I did not want to have my bonus based on that again so I chose the option for .20 per correct hoping to get something.,"good, first set of questions was stressful though.",Non-STEM Track,944.0,486,White Sephardic Jew,Secondary education (e.g. GED/GCSE),40,Male,White,United States,United States,United States,English,No,Due to start a new job within the next month
46,66288972d0b9059cc9082a4c,A,C,B,C,C,C,B,C,B,B,ACBCCCBCBB,0.3,0.0,0.0,noisy,random,positive,Fail,red,30.0,4.0,5.0,Pass Box,B,C,A,C,C,D,B,B,A,D,BCACCDBBAD,0.2,STEM Track,0.0,0.0,R,R,R,R,R,R,R,R,C,C,C,RRRRRRRRCCC,0,0,1,0,0,0,0,0,0,SCIENCE!,Enjoyed seeing the math again.,STEM Track,463.0,397,White,Technical/community college,57,Male,White,United States,United States,United States,English,No,Full-Time
47,63bf8a649931574320e98357,D,A,C,C,B,B,D,B,B,,DACCBBDBB_,0.5,0.0,0.0,noisy,random,negative,Fail,black,50.0,6.0,6.0,Pass Box,B,D,C,C,A,B,C,A,C,C,BDCCABCACC,0.6,STEM Track,0.0,0.0,R,R,R,R,R,C,C,C,C,C,C,RRRRRCCCCCC,0,0,1,0,0,0,0,0,0,I went to school for a STEM education and my current career is in STEM.,This was a long process. I recommend making this survey shorter.,STEM Track,1116.0,4430,South East Asian,Graduate degree (MA/MSc/MPhil/other),32,Male,Asian,United States,United States,United States,English,DATA_EXPIRED,DATA_EXPIRED
48,63d3f9de61039d451f5601cf,A,A,D,C,C,A,D,B,C,B,AADCCADBCB,0.5,0.0,0.0,noisy,random,ground,Pass,red,33.0,3.0,5.0,Pass Box,D,B,A,C,B,D,A,B,C,D,DBACBDABCD,1.0,Non-STEM Track,0.0,0.0,R,R,R,R,C,C,C,C,C,C,C,RRRRCCCCCCC,0,0,1,0,0,0,0,0,0,"I was feeling like the STEM would be more math, and I wasnt feeling very strong in my mental math",the math questions were stressfull,Non-STEM Track,665.0,4475,White,Graduate degree (MA/MSc/MPhil/other),34,Female,White,United States,United States,United States,English,No,Full-Time
49,6642463d44cfca730a03301f,B,A,C,B,A,B,C,D,A,B,BACBABCDAB,0.5,0.0,0.0,noisy,random,positive,Pass,red,50.0,5.0,5.0,Fail Box,A,B,A,C,B,D,A,C,C,B,ABACBDACCB,0.7,Non-STEM Track,0.0,0.0,R,R,R,R,C,C,C,C,C,C,C,RRRRCCCCCCC,0,0,1,0,0,0,0,0,0,I am not that great at math,No,Non-STEM Track,758.0,470,White,Technical/community college,23,Female,White,United States,United States,United States,English,Yes,Unemployed (and job seeking)
50,66c3ed034cb6e25a0018514e,B,A,C,B,A,D,C,A,D,C,BACBADCADC,0.3,0.0,0.0,noisy,random,positive,Fail,red,55.0,4.0,4.0,Fail Box,D,B,A,D,B,D,B,D,C,C,DBADBDBDCC,0.6,Non-STEM Track,0.0,0.0,R,R,R,R,R,C,C,C,C,C,C,RRRRRCCCCCC,0,0,1,0,0,0,0,0,0,It is what I felt like taking because I know STEM school work on figures a lot which I am not good at,no,Non-STEM Track,1159.0,25,Black/African American,Technical/community college,30,Female,Asian,United States,United States,United States,English,Yes,Full-Time
51,5f95a44920f542417f4263cb,C,A,B,B,C,A,D,B,A,B,CABBCADBAB,0.4,0.0,0.0,noisy,random,positive,Pass,red,40.0,6.0,4.0,Pass Box,D,B,A,C,B,D,A,B,C,D,DBACBDABCD,1.0,Non-STEM Track,0.0,0.0,R,R,R,C,C,C,C,C,C,C,C,RRRCCCCCCCC,0,0,1,0,0,0,0,0,0,I was not confident in remembering the math concepts that reappeared here for me. I was banking on something to do with English popping up.,"The STEM questions were a bit hard, but I gave them enough of an effort to not be sure if I was just guessing or actually remembering how to solve them.",Non-STEM Track,818.0,896,Latino/Hispanic,High school diploma/A-levels,26,Male,Other,United States,United States,United States,English,No,"Not in paid work (e.g. homemaker', 'retired or disabled)"
52,656009a284706961654d6a96,B,C,A,B,A,,,,,,BCABA_____,0.1,0.0,0.0,noisy,random,positive,Fail,red,2.0,2.0,2.0,Pass Box,D,B,A,C,B,D,A,B,C,D,DBACBDABCD,1.0,Non-STEM Track,0.0,0.0,R,C,C,C,C,C,C,C,C,C,C,RCCCCCCCCCC,0,0,1,0,0,0,0,0,0,I just decided to pick non-stem track,My experience was okay. ,Non-STEM Track,1447.0,16,Mixed,Undergraduate degree (BA/BSc/other),48,Female,Black,United States,United States,United States,English,No,Part-Time
53,62bbcce64f644bd5698c9422,A,A,D,B,B,B,D,B,C,B,AADBBBDBCB,0.8,0.0,0.0,noisy,random,positive,Pass,red,90.0,7.0,8.0,Fail Box,D,B,A,C,B,D,A,B,C,D,DBACBDABCD,1.0,Non-STEM Track,0.0,0.0,R,R,C,C,C,C,C,C,C,C,C,RRCCCCCCCCC,0,0,1,0,0,0,0,0,0,"It was hard enough trying to do the first part under pressure of the timer, I did not want to try again.",It all went well and I enjoyed it very much,Non-STEM Track,911.0,2947,White,Technical/community college,45,Male,White,United States,United States,United States,English,DATA_EXPIRED,Full-Time
54,5e3461bd8ec4fc0230fef43a,D,A,D,D,C,A,C,B,B,B,DADDCACBBB,0.2,0.0,0.0,noisy,random,negative,Fail,red,20.0,3.0,5.0,Fail Box,D,B,A,C,B,D,A,B,C,D,DBACBDABCD,1.0,Non-STEM Track,0.0,0.0,R,C,C,C,C,C,C,C,C,C,C,RCCCCCCCCCC,0,0,1,0,0,0,0,0,0,I have a spectacular vocabulary.,STEM was tough. Vocab a piece of cake. Thanks for the study.,Non-STEM Track,894.0,2851,White,Undergraduate degree (BA/BSc/other),76,Male,White,United States,United States,United States,English,No,"Not in paid work (e.g. homemaker', 'retired or disabled)"
55,663f8b8c5491cf738a5d35db,B,C,B,D,A,D,B,D,B,A,BCBDADBDBA,0.0,0.0,0.0,noisy,random,negative,Fail,red,20.0,3.0,5.0,Fail Box,D,B,A,C,B,D,A,B,C,D,DBACBDABCD,1.0,Non-STEM Track,0.0,0.0,R,R,R,R,R,C,C,C,C,C,C,RRRRRCCCCCC,0,0,1,0,0,0,0,0,0,I suspected it would be easier for me / requires less effort.,"I enjoyed the non-STEM quiz, but not the math.",Non-STEM Track,389.0,578,Mixed,Undergraduate degree (BA/BSc/other),31,Female,Mixed,United States,United States,United States,English,No,Unemployed (and job seeking)
56,6107940dd15a7e73888abc62,D,A,B,C,B,D,C,B,A,A,DABCBDCBAA,0.2,0.0,0.0,noisy,random,negative,Fail,black,0.0,3.0,5.0,Fail Box,D,B,A,C,B,D,A,B,C,C,DBACBDABCC,0.9,Non-STEM Track,0.0,0.0,R,R,C,C,C,C,C,C,C,C,C,RRCCCCCCCCC,0,0,1,0,0,0,0,0,0,I chose the Non-Stem Track because I am not good at STEM but I have always done well in non-stem subjects.,My experience taking the stem track was stressful because I couldn't remember how to solve some of those types of questions and it reminded me of how I felt back in school.,Non-STEM Track,939.0,731,Mixed,Undergraduate degree (BA/BSc/other),27,Female,Mixed,United States,United States,United States,English,Yes,Full-Time
57,66da3f07b1ff5e8145e12657,B,A,C,D,D,A,C,D,A,B,BACDDACDAB,0.3,0.0,0.0,noisy,random,ground,Fail,black,1.0,0.0,7.0,Fail Box,D,B,A,C,B,A,A,B,C,D,DBACBAABCD,0.9,Non-STEM Track,0.0,0.0,R,R,R,R,R,C,C,C,C,C,C,RRRRRCCCCCC,0,1,0,0,0,0,0,0,0,was my parents choice,the math was unexpected ,Non-STEM Track,333.0,13,Mixed,Technical/community college,47,Female,Other,United States,United States,United States,English,No,Full-Time
58,66df47a9c26ea6aa4a71fc0f,D,C,B,D,A,C,D,A,A,C,DCBDACDAAC,0.1,0.0,0.0,noisy,random,ground,Fail,black,0.0,0.0,2.0,Fail Box,D,B,A,C,B,D,A,B,C,D,DBACBDABCD,1.0,Non-STEM Track,0.0,0.0,R,R,R,R,R,C,C,C,C,C,C,RRRRRCCCCCC,1,1,0,0,0,0,0,0,0,No particular reason ,No,Non-STEM Track,751.0,40,South Asian,Undergraduate degree (BA/BSc/other),63,Male,Asian,India,United States,United States,English,No,Full-Time
59,60f880007ca7b1a971cd271c,B,D,B,,,,,,,,BDB_______,0.0,1.0,7.092,noisy,random,negative,Fail,black,40.0,6.0,5.0,Fail Box,D,B,A,C,B,D,A,B,C,D,DBACBDABCD,1.0,Non-STEM Track,0.0,0.0,R,C,C,C,C,C,C,C,C,C,C,RCCCCCCCCCC,0,0,1,0,0,0,0,0,0,Math isn't my strongest subject so I was worried I wouldn't be able to answer the questions correctly.,I found the math questions very challenging but the survey was interesting.,Non-STEM Track,2115.0,481,White Sephardic Jew,High school diploma/A-levels,38,Female,White,United States,United States,United States,English,No,Full-Time
60,60641cdc8536a607a60e0612,A,A,B,B,B,B,D,C,A,B,AABBBBDCAB,0.8,0.0,0.0,noisy,random,ground,Fail,black,90.0,9.0,10.0,Fail Box,B,A,C,A,A,D,C,A,B,C,BACAADCABC,1.0,STEM Track,0.0,0.0,R,R,R,R,C,C,C,C,C,C,C,RRRRCCCCCCC,0,0,1,0,0,0,0,0,0,It felt easier to understand and do.,it was simple,STEM Track,1917.0,684,Latino/Hispanic,High school diploma/A-levels,21,Female,Other,United States,United States,United States,Spanish,No,Other
61,6643c5d1c53f7ffbef7b96e0,D,A,B,B,D,C,D,C,B,A,DABBDCDCBA,0.4,0.0,0.0,noisy,random,ground,Pass,red,10.0,5.0,3.0,Pass Box,D,B,A,C,B,D,A,B,C,D,DBACBDABCD,1.0,Non-STEM Track,0.0,0.0,R,R,C,C,C,C,C,C,C,C,C,RRCCCCCCCCC,0,1,1,1,0,0,0,0,0,Wasn't sure if I would know the answer.,No it was clear.,Non-STEM Track,291.0,12,White,High school diploma/A-levels,33,Female,White,United States,United States,United States,English,No,Full-Time
62,66bf8af89823f6ea72d66573,A,C,D,B,A,B,D,B,A,A,ACDBABDBAA,0.4,0.0,0.0,noisy,random,negative,Fail,red,70.0,8.0,9.0,Pass Box,D,B,A,C,B,D,A,B,C,D,DBACBDABCD,1.0,Non-STEM Track,0.0,0.0,R,R,C,C,C,C,C,C,C,C,C,RRCCCCCCCCC,0,0,0,0,0,0,1,0,0,"I chose the non-stem track because it does not correspond with my educational background and as such, i lack adequate information on its related courses.",It was a good experience to learn.,Non-STEM Track,1736.0,101,Black/African American,Undergraduate degree (BA/BSc/other),23,Female,Black,United States,United States,United States,English,No,Full-Time
63,600e0095145338647568af91,D,A,B,D,D,A,D,B,D,B,DABDDADBDB,0.3,0.0,0.0,noisy,random,ground,Pass,red,50.0,1.0,2.0,Pass Box,B,C,A,B,B,D,C,B,A,B,BCABBDCBAB,0.3,STEM Track,0.0,0.0,R,R,R,R,R,C,C,C,C,C,C,RRRRRCCCCCC,0,1,0,0,0,0,0,0,0,I was hoping for some science questions.  Math isn’t my strong suit.,stressful,STEM Track,990.0,750,White,Undergraduate degree (BA/BSc/other),53,Male,White,United States,United States,United States,English,No,Full-Time
64,66294b3fb5ddd7c7e15fd6e6,D,A,C,C,B,B,D,C,C,C,DACCBBDCCC,0.7,0.0,0.0,noisy,random,ground,Pass,red,25.0,2.0,3.0,Pass Box,D,B,A,C,B,D,A,B,C,D,DBACBDABCD,1.0,Non-STEM Track,0.0,0.0,R,R,R,R,R,C,C,C,C,C,C,RRRRRCCCCCC,0,0,1,0,0,0,0,0,0,I suck at STEM,"the STEM part was annoying, but the rest was ok",Non-STEM Track,698.0,109,White,Technical/community college,51,Female,White,United States,United States,United States,English,No,Full-Time
65,60f780f13d153d16a6d4a3a0,D,A,A,B,B,C,,B,B,C,DAABBC_BBC,0.3,0.0,0.0,noisy,random,ground,Fail,black,25.0,2.0,5.0,Fail Box,D,B,A,C,B,D,A,B,C,C,DBACBDABCC,0.9,Non-STEM Track,0.0,0.0,R,R,R,R,R,R,R,R,R,R,C,RRRRRRRRRRC,0,0,1,0,0,0,0,0,0,I am terrible at Math,Pleasant ,Non-STEM Track,947.0,698,Black/African American,High school diploma/A-levels,42,Female,Black,United States,United States,United States,English,No,Full-Time
66,60c76fb5887b0728245b0695,D,D,D,D,D,D,D,D,D,D,DDDDDDDDDD,0.1,0.0,0.0,noisy,random,positive,Pass,red,0.0,0.0,1.0,Fail Box,D,B,A,C,B,D,A,B,C,D,DBACBDABCD,1.0,Non-STEM Track,0.0,0.0,R,R,R,R,C,R,C,R,R,C,C,RRRRCRCRRCC,0,0,1,0,0,0,0,0,0,I detest math and would have not done this survey if I'd known.,frustrating since you misled me,Non-STEM Track,511.0,3381,White,Graduate degree (MA/MSc/MPhil/other),72,Female,White,United States,United States,United States,English,No,Other
67,666c46b6444950c3ade659b3,B,D,D,D,B,D,A,D,A,B,BDDDBDADAB,0.2,0.0,0.0,noisy,random,positive,Fail,red,1.0,5.0,5.0,Pass Box,D,B,A,C,B,D,A,B,C,D,DBACBDABCD,1.0,Non-STEM Track,0.0,0.0,R,R,R,R,R,R,R,C,C,C,C,RRRRRRRCCCC,0,1,1,0,1,0,0,0,0,I just didn't want to do a Stem track test. ,,Non-STEM Track,690.0,66,Black/African American,Undergraduate degree (BA/BSc/other),36,Female,Black,United States,United States,United States,English,No,Full-Time
68,63d1564c61aebfe6f8b38847,C,D,C,B,D,C,C,D,C,C,CDCBDCCDCC,0.3,0.0,0.0,noisy,random,ground,Fail,black,10.0,10.0,10.0,Fail Box,A,B,A,C,B,D,A,D,C,B,ABACBDADCB,0.7,Non-STEM Track,0.0,0.0,R,R,R,C,C,C,C,C,C,C,C,RRRCCCCCCCC,0,0,1,0,0,0,0,0,0,Just more familiar ,Challenges ,Non-STEM Track,641.0,258,White,High school diploma/A-levels,55,Female,White,United States,United States,United States,English,No,Other
69,5c49d511cdb1b7000103af85,D,A,C,C,D,C,B,D,A,B,DACCDCBDAB,0.3,0.0,0.0,noisy,random,positive,Fail,red,10.0,2.0,5.0,Fail Box,D,B,A,C,B,D,A,B,C,D,DBACBDABCD,1.0,Non-STEM Track,0.0,0.0,R,R,R,C,C,C,C,C,C,C,C,RRRCCCCCCCC,0,0,1,0,0,0,0,0,0,I'm terrible at math.,Got a little nervous with the math but no problems with the actual test.,Non-STEM Track,654.0,132,White,Graduate degree (MA/MSc/MPhil/other),60,Female,White,United States,United States,United States,English,No,DATA_EXPIRED
71,5f0e053325c53a0ae3436e02,D,C,C,C,,B,A,B,B,B,DCCC_BABBB,0.3,0.0,0.0,noisy,random,negative,Pass,red,5.0,1.0,1.0,Pass Box,D,B,A,C,B,D,A,B,C,B,DBACBDABCB,0.9,Non-STEM Track,0.0,0.0,R,R,R,R,R,C,C,C,C,C,C,RRRRRCCCCCC,0,0,1,0,0,0,0,0,0,Math is my weak subject,Hard & Intense for me as I am weak in math. Using my brain cells.,Non-STEM Track,967.0,109,South East Asian,Undergraduate degree (BA/BSc/other),57,Female,Asian,Singapore,United States,United States,English,No,Full-Time
72,66f1144bc26128cdebfa334c,C,B,A,A,A,C,B,D,D,B,CBAAACBDDB,0.1,0.0,0.0,noisy,random,positive,Fail,red,70.0,3.0,2.0,Fail Box,B,A,A,A,A,A,B,C,C,C,BAAAAABCCC,0.2,Non-STEM Track,0.0,0.0,C,C,R,C,R,R,C,R,C,C,R,CCRCRRCRCCR,0,0,0,0,0,0,1,0,0,,,Non-STEM Track,142.0,5,Black/African American,No formal qualifications,21,Female,White,United States,United States,United States,English,No,Unemployed (and job seeking)
74,56f29ff9ed0cf6000691157f,D,A,C,C,D,B,A,A,C,A,DACCDBAACA,0.4,0.0,0.0,noisy,random,ground,Fail,black,40.0,3.0,5.0,Fail Box,D,B,A,C,B,D,A,B,C,D,DBACBDABCD,1.0,Non-STEM Track,0.0,0.0,R,R,C,C,C,C,C,C,C,C,C,RRCCCCCCCCC,0,0,1,0,0,0,0,0,0,"Because I was fairly confident I could get all the questions right, whereas with the STEM track I wasn't confident I could get the 5 right to pass.",It was okay. Definitely a lot worse in math than I used to be. ,Non-STEM Track,977.0,992,White,Technical/community college,41,Male,White,United States,United States,United States,English,No,Full-Time
76,5cbe2edd577eb000184124b9,C,C,C,C,C,C,C,B,A,C,CCCCCCCBAC,0.1,0.0,0.0,noisy,random,negative,Pass,red,10.0,0.0,0.0,Pass Box,B,D,B,A,D,D,A,D,B,D,BDBADDADBD,0.4,STEM Track,0.0,0.0,R,R,R,R,R,C,C,C,C,C,C,RRRRRCCCCCC,0,0,1,0,0,0,0,0,0,im horrible at math so i know it got them all wrong ,"fine, and no",STEM Track,436.0,1142,Black/African American,Technical/community college,24,Female,Black,United States,United States,United States,English,DATA_EXPIRED,Unemployed (and job seeking)
77,6632d54e8e0d4661a148acf9,D,A,B,D,B,C,C,C,B,A,DABDBCCCBA,0.3,0.0,0.0,noisy,random,positive,Pass,red,2.0,1.0,1.0,Fail Box,D,B,A,C,B,D,A,B,C,D,DBACBDABCD,1.0,Non-STEM Track,0.0,0.0,R,R,R,C,C,C,C,C,C,C,C,RRRCCCCCCCC,0,0,1,0,0,0,0,0,0,"Math is not my jam, I can read all day",I had a great time once I was done with the math problems.,Non-STEM Track,459.0,574,White,Undergraduate degree (BA/BSc/other),45,Male,White,United States,United States,United States,English,No,Full-Time
78,66a218f455df3fda0c1230c1,,A,,A,B,B,D,C,,A,_A_ABBDC_A,0.5,1.0,2.032,noisy,random,ground,Pass,red,40.0,7.0,5.0,Pass Box,B,,C,A,A,D,C,A,B,C,B_CAADCABC,0.9,STEM Track,0.0,0.0,R,R,R,R,R,R,R,C,C,C,C,RRRRRRRCCCC,0,1,0,0,0,0,0,0,0,I enjoy solving math problems.,This process was very smooth.,STEM Track,1342.0,219,South East Asian,High school diploma/A-levels,21,Female,Asian,United States,United States,United States,English,No,Part-Time
79,662ae95388403e308b37514d,B,B,C,B,A,B,B,C,C,B,BBCBABBCCB,0.6,0.0,0.0,noisy,random,ground,Pass,red,50.0,3.0,5.0,Pass Box,D,B,A,C,B,D,A,B,C,D,DBACBDABCD,1.0,Non-STEM Track,0.0,0.0,R,R,R,R,R,R,R,R,R,R,C,RRRRRRRRRRC,0,0,1,0,0,0,0,0,0,Because I am bad at math,the math was too hard,Non-STEM Track,517.0,313,White,Undergraduate degree (BA/BSc/other),48,Female,White,United States,United States,United States,English,No,Full-Time
81,55d0d4b334e9060005e57470,D,A,A,D,B,A,B,B,A,A,DAADBABBAA,0.2,0.0,0.0,noisy,random,ground,Fail,black,20.0,2.0,4.0,Fail Box,D,B,A,C,B,D,A,B,C,D,DBACBDABCD,1.0,Non-STEM Track,0.0,0.0,R,R,R,R,C,C,C,C,C,C,C,RRRRCCCCCCC,0,0,1,0,0,0,0,0,0,"I am not good with math questions, and was feeling frustrated after that quiz.","It was interesting. The math test was extremely frustrating, but I assume that's the point. ",Non-STEM Track,644.0,2637,White,Undergraduate degree (BA/BSc/other),38,Female,White,United States,United States,United States,English,No,Full-Time
82,66b40d38e496f3b60c9e8139,D,C,D,D,A,,,,,,DCDDA_____,0.0,0.0,0.0,noisy,random,positive,Fail,red,15.0,2.0,3.0,Not Sure,D,B,A,C,B,D,A,B,C,D,DBACBDABCD,1.0,Non-STEM Track,0.0,0.0,R,R,R,C,C,C,C,C,C,C,C,RRRCCCCCCCC,0,0,1,0,0,0,0,0,0,Math is my weakest skill. Writing is my trade.,That math test was soooo hard! ,Non-STEM Track,901.0,81,White,Technical/community college,50,Female,White,United States,United States,United States,English,No,Unemployed (and job seeking)
83,558ed072fdf99b3a6486371d,D,A,D,C,B,B,C,A,C,B,DADCBBCACB,0.5,0.0,0.0,noisy,random,negative,Pass,red,5.0,2.0,1.0,Pass Box,D,B,A,C,B,D,A,B,C,D,DBACBDABCD,1.0,Non-STEM Track,0.0,0.0,R,R,R,R,R,C,C,C,C,C,C,RRRRRCCCCCC,0,0,1,0,0,0,0,0,0,I was exhausted trying to remember math I haven't done in 35 years!,It was fine,Non-STEM Track,553.0,2619,White,Doctorate degree (PhD/other),57,Female,White,United States,United States,United States,English,No,Full-Time
84,66b7f6c214435f12cd1aae02,B,D,C,D,A,A,B,D,,,BDCDAABD__,0.1,0.0,0.0,noisy,random,positive,Fail,red,2.0,2.0,5.0,Pass Box,A,C,A,C,C,C,C,C,B,C,ACACCCCCBC,0.3,STEM Track,0.0,0.0,R,R,R,R,R,C,C,C,C,C,C,RRRRRCCCCCC,0,0,1,0,0,0,0,0,0,to try to learn more about it,Interesting how much I did not know or remember,STEM Track,1573.0,96,Black/African American,High school diploma/A-levels,71,Female,Black,United States,United States,United States,English,No,"Not in paid work (e.g. homemaker', 'retired or disabled)"
85,5f5f457ae16a900375572c32,D,A,A,A,D,B,A,B,B,B,DAAADBABBB,0.3,0.0,0.0,noisy,random,negative,Pass,red,60.0,4.0,3.0,Pass Box,C,C,C,C,D,D,C,A,D,B,CCCCDDCADB,0.4,STEM Track,0.0,0.0,R,R,R,R,R,C,C,C,C,C,C,RRRRRCCCCCC,0,0,1,0,0,0,0,0,0,Its easier for me,It was fun!,STEM Track,864.0,779,White,High school diploma/A-levels,35,Male,White,United States,United States,United States,English,No,Full-Time
90,662969c1ca8cb33f8644876a,D,A,D,B,D,,,,,,DADBD_____,0.2,0.0,0.0,noisy,random,ground,Fail,black,25.0,1.0,5.0,Fail Box,D,B,A,C,B,D,A,B,C,D,DBACBDABCD,1.0,Non-STEM Track,0.0,0.0,R,R,R,R,R,R,C,C,C,C,C,RRRRRRCCCCC,0,0,1,0,0,0,0,0,0,I didn't think I would have enough time to finish all of the questions.,My experience was that I didn't finish the Stem Track questions and maybe more time should have been given.,Non-STEM Track,1013.0,193,Black/African American,Graduate degree (MA/MSc/MPhil/other),50,Female,Black,United States,United States,United States,English,No,Full-Time
91,5dd321de568ca5331021fb2b,C,B,C,C,C,B,C,A,C,C,CBCCCBCACC,0.3,0.0,0.0,noisy,random,negative,Pass,red,50.0,2.0,2.0,Fail Box,C,C,C,C,C,C,D,C,C,C,CCCCCCDCCC,0.2,STEM Track,0.0,0.0,R,R,R,C,C,C,C,C,C,C,C,RRRCCCCCCCC,0,0,1,0,0,0,0,0,0,"Because I am bad at math anyway, so I figured that I would not stand as good of chance at getting more than a couple correct.","It was fun, I hope I get a bonus.",STEM Track,485.0,3490,White,Technical/community college,52,Male,White,United States,United States,United States,English,No,Full-Time
92,5cd068a83b44a700164e9933,D,A,A,B,B,B,D,C,C,B,DAABBBDCCB,0.8,0.0,0.0,noisy,random,positive,Pass,black,60.0,5.0,3.0,Pass Box,B,D,C,A,A,D,C,A,B,C,BDCAADCABC,0.9,STEM Track,1.0,14.602,R,R,R,R,R,C,C,C,C,C,C,RRRRRCCCCCC,0,0,1,0,0,0,0,0,0,I used to be an Algebra teacher.,I had a hard time because I'm tired but I appreciated the less difficult problems and the chance to get a good bonus.,STEM Track,1200.0,1699,White,Graduate degree (MA/MSc/MPhil/other),43,Female,White,United States,United States,United States,English,No,Full-Time
94,65b965069a415587a755a7de,C,B,A,B,C,D,A,C,B,C,CBABCDACBC,0.2,0.0,0.0,noisy,random,positive,Fail,red,30.0,3.0,3.0,Not Sure,C,A,D,B,C,D,C,D,B,,CADBCDCDB_,0.4,STEM Track,0.0,0.0,R,R,R,R,R,R,C,C,C,C,C,RRRRRRCCCCC,0,0,1,0,0,0,0,0,0,I enjoyed trying to answer complicated math equations.,I found this study both quite interesting and challenging.,STEM Track,1394.0,638,East Asian,Technical/community college,35,Male,Asian,United States,United States,United States,English,DATA_EXPIRED,Full-Time
95,632d189d6b8f03d0d3db4c48,D,A,A,B,A,B,A,C,A,B,DAABABACAB,0.5,0.0,0.0,noisy,random,positive,Pass,black,100.0,5.0,4.0,Pass Box,D,B,A,C,B,D,A,B,C,D,DBACBDABCD,1.0,Non-STEM Track,0.0,0.0,R,R,R,R,C,C,C,C,C,C,C,RRRRCCCCCCC,0,1,1,0,1,0,0,1,0,I was in a rush,good ,Non-STEM Track,669.0,36,White,High school diploma/A-levels,33,Male,White,United States,United States,United States,English,Yes,Unemployed (and job seeking)
96,66d1dda5c2bc8b135dcbc557,D,A,A,,,,,,,,DAA_______,0.1,0.0,0.0,noisy,random,ground,Pass,red,50.0,2.0,1.0,Fail Box,D,B,A,C,B,D,A,B,C,D,DBACBDABCD,1.0,Non-STEM Track,0.0,0.0,R,R,R,R,R,C,C,C,C,C,C,RRRRRCCCCCC,0,0,1,0,0,0,0,0,0,STEM are not my strongest subjects,I hadn't done complex math problems in a while so that was pretty stressful especially since it was timed,Non-STEM Track,1039.0,95,Black/African American,Graduate degree (MA/MSc/MPhil/other),46,Female,Black,United States,United States,United States,English,No,Full-Time
97,61095d528d0b97a520a20bd7,B,C,A,D,B,B,C,A,D,C,BCADBBCADC,0.2,0.0,0.0,noisy,random,ground,Fail,black,40.0,2.0,4.0,Fail Box,B,C,A,D,C,B,A,C,D,B,BCADCBACDB,0.1,STEM Track,0.0,0.0,R,R,C,C,C,C,C,C,C,C,C,RRCCCCCCCCC,0,0,1,0,0,0,0,0,0,I thought it would be interesting,No feedback,STEM Track,319.0,757,White,Technical/community college,40,Female,White,United States,United States,United States,English,Yes,Unemployed (and job seeking)
98,66e8ba86b35cd54fc4fdd970,C,D,D,C,D,C,B,C,B,C,CDDCDCBCBC,0.1,0.0,0.0,noisy,random,positive,Fail,red,96.0,8.0,10.0,Pass Box,D,B,A,C,B,A,A,B,C,D,DBACBAABCD,0.9,Non-STEM Track,0.0,0.0,R,R,R,R,R,R,R,R,R,R,C,RRRRRRRRRRC,0,0,1,0,0,0,0,0,0,im not too good in math so i didnt chance more questions that were math just to fail ,math was difficult the rest was cool,Non-STEM Track,1631.0,15,White,Secondary education (e.g. GED/GCSE),47,Female,White,United States,United States,United States,English,No,"Not in paid work (e.g. homemaker', 'retired or disabled)"
100,5ded95de4ee10e4632cab59b,D,A,A,D,B,B,D,C,B,B,DAADBBDCBB,0.6,0.0,0.0,noisy,random,negative,Pass,red,70.0,7.0,6.0,Pass Box,D,B,A,C,B,D,A,B,C,D,DBACBDABCD,1.0,Non-STEM Track,0.0,0.0,R,R,R,R,R,R,R,R,R,C,C,RRRRRRRRRCC,0,0,1,0,0,0,0,0,0,I am more comfortable outside of stem fields,I enjoyed my experience throughout this process,Non-STEM Track,456.0,185,White,High school diploma/A-levels,21,Male,White,United States,United States,United States,English,Yes,"Not in paid work (e.g. homemaker', 'retired or disabled)"
105,65ea01869d4ee8777df1c12d,B,D,A,B,B,B,B,C,C,C,BDABBBBCCC,0.5,0.0,0.0,noisy,random,negative,Pass,red,45.0,4.0,3.0,Fail Box,D,B,A,C,B,D,A,B,C,D,DBACBDABCD,1.0,Non-STEM Track,0.0,0.0,R,R,R,R,R,C,C,C,C,C,C,RRRRRCCCCCC,0,0,1,0,0,0,0,0,0,Clearly I answered those more accurately and probably failed the first section,If I knew STEM was involved I probably would have not participated,Non-STEM Track,439.0,512,White,Technical/community college,59,Female,White,United States,United States,United States,English,DATA_EXPIRED,Full-Time
106,5dccb82a76eab294aa4837ff,D,C,B,B,A,A,A,A,A,A,DCBBAAAAAA,0.1,0.0,0.0,noisy,random,positive,Fail,red,10.0,4.0,3.0,Not Sure,D,B,A,C,B,D,A,B,C,D,DBACBDABCD,1.0,Non-STEM Track,0.0,0.0,R,R,R,C,C,C,C,C,C,C,C,RRRCCCCCCCC,0,0,1,0,0,0,0,0,0, The math questions were really hard for me. It's been years since I've had to solve any sort of complex equations. , I was anxious and frustrated during the math test.,Non-STEM Track,519.0,2284,White,High school diploma/A-levels,53,Male,White,United States,United States,United States,English,No,"Not in paid work (e.g. homemaker', 'retired or disabled)"
107,651b43625c3bc6e2217a7e24,D,A,A,D,A,A,D,B,B,D,DAADAADBBD,0.2,1.0,1.661,noisy,random,ground,Fail,black,50.0,5.0,5.0,Fail Box,D,A,A,C,B,D,A,B,C,B,DAACBDABCB,0.8,Non-STEM Track,0.0,0.0,R,R,R,R,R,R,C,C,C,C,C,RRRRRRCCCCC,0,0,1,0,0,0,0,0,0,I am stronger at the non-stem than stem and didnt want to risk failing,The first section with stem made me feel a bit dumb but the non stem made me remember im capable,Non-STEM Track,605.0,379,Mixed,Undergraduate degree (BA/BSc/other),29,Female,Mixed,United States,United States,United States,English,Yes,Unemployed (and job seeking)
108,66f48848bf50e9c784c4ba2a,A,C,B,B,B,C,C,B,D,D,ACBBBCCBDD,0.3,0.0,0.0,noisy,random,positive,Pass,black,40.0,3.0,2.0,Pass Box,A,D,C,A,A,B,B,B,C,D,ADCAABBBCD,0.3,STEM Track,0.0,0.0,C,C,C,C,C,C,C,C,C,C,C,CCCCCCCCCCC,0,0,1,0,0,0,0,0,0,I thought I could do it,This was more difficult than I thought,STEM Track,969.0,0,White,Technical/community college,62,Female,White,United States,United States,United States,English,No,Full-Time
109,65603afb8e9cfc182d7b55bc,D,D,D,C,B,D,B,C,B,A,DDDCBDBCBA,0.2,0.0,0.0,noisy,random,negative,Pass,red,1.0,1.0,1.0,Not Sure,D,B,A,C,B,D,A,B,C,D,DBACBDABCD,1.0,Non-STEM Track,0.0,0.0,R,R,R,R,R,C,C,C,C,C,C,RRRRRCCCCCC,0,0,1,0,0,0,0,0,0,I thought it would be less difficult. ,Fine. The math section was difficult for me.,Non-STEM Track,829.0,912,Black/African American,Undergraduate degree (BA/BSc/other),55,Female,Black,United States,United States,United States,English,No,Full-Time
110,5ba7a90d168e5e0001e47228,B,C,B,C,B,C,B,C,C,B,BCBCBCBCCB,0.4,0.0,0.0,noisy,random,negative,Pass,red,20.0,1.0,1.0,Fail Box,D,B,A,C,B,D,A,B,C,C,DBACBDABCC,0.9,Non-STEM Track,0.0,0.0,R,R,R,R,R,C,C,C,C,C,C,RRRRRCCCCCC,0,1,0,0,0,0,0,0,0,Easier to answer and get more money,Good,Non-STEM Track,347.0,1473,South Asian,Undergraduate degree (BA/BSc/other),23,Male,Asian,United States,United States,Vietnam,English,No,Full-Time
111,66634b9fd11b27b999a3c56c,C,C,B,B,D,C,B,C,A,C,CCBBDCBCAC,0.2,0.0,0.0,noisy,random,ground,Fail,black,50.0,3.0,3.0,Fail Box,D,B,A,B,B,D,A,B,C,A,DBABBDABCA,0.8,Non-STEM Track,0.0,0.0,R,R,R,R,R,R,C,C,C,C,C,RRRRRRCCCCC,0,0,1,0,0,0,0,0,0,I don't like math,,Non-STEM Track,700.0,167,Latino/Hispanic,Undergraduate degree (BA/BSc/other),24,Female,White,United States,United States,United States,Spanish,No,Unemployed (and job seeking)
112,65be81e55f100cf3f591e989,A,D,B,C,D,B,A,C,C,C,ADBCDBACCC,0.4,0.0,0.0,noisy,random,ground,Fail,black,50.0,6.0,5.0,Fail Box,A,B,A,C,B,D,A,D,C,A,ABACBDADCA,0.7,Non-STEM Track,0.0,0.0,R,R,R,R,R,C,C,C,C,C,C,RRRRRCCCCCC,1,1,1,1,0,0,0,0,0,Was not sure how well I would do on the other.,Good!,Non-STEM Track,429.0,411,Mixed,Technical/community college,32,Male,Mixed,United States,United States,United States,English,DATA_EXPIRED,DATA_EXPIRED
113,66a845e15861e2e51f8cc0a9,D,C,C,A,A,B,B,B,B,A,DCCAABBBBA,0.2,0.0,0.0,noisy,random,negative,Fail,black,0.0,0.0,3.0,Fail Box,D,B,A,C,B,D,A,B,C,D,DBACBDABCD,1.0,Non-STEM Track,0.0,0.0,R,R,R,R,R,C,C,C,C,C,C,RRRRRCCCCCC,0,0,1,0,0,0,0,0,0,"If it what was to come was anything like the previous, I didn't want to take any chances",Go easier on the participants next time.  The first round was hard. lol. ,Non-STEM Track,776.0,35,Black/African American,Undergraduate degree (BA/BSc/other),46,Female,Black,United States,United States,United States,English,No,Full-Time
114,66db815e9a6cfec92c483ab4,D,B,B,D,B,A,C,A,C,C,DBBDBACACC,0.2,0.0,0.0,noisy,random,positive,Fail,red,40.0,4.0,6.0,Pass Box,C,B,D,D,B,D,D,A,B,A,CBDDBDDABA,0.3,STEM Track,0.0,0.0,R,R,R,C,C,C,C,C,C,C,C,RRRCCCCCCCC,0,0,1,0,0,0,0,0,0,I wanted to take the chance to see if I could answer the questions.,,STEM Track,817.0,14,White,Undergraduate degree (BA/BSc/other),34,Female,White,United States,United States,United States,English,No,Full-Time
116,66d4c3c7a0c3bbfd9379c7cf,B,C,B,D,D,B,B,B,C,B,BCBDDBBBCB,0.3,0.0,0.0,noisy,random,negative,Fail,red,70.0,6.0,4.0,Pass Box,B,D,C,A,A,D,C,C,B,C,BDCAADCCBC,0.8,STEM Track,0.0,0.0,R,R,R,C,C,C,C,C,C,C,C,RRRCCCCCCCC,0,0,1,0,0,0,0,0,0,I like math and science.,Challenging. Without a timer i felt an internal pressure to finish fast since the instructions said it was timed.,STEM Track,1418.0,53,White,Undergraduate degree (BA/BSc/other),59,Male,White,United States,United States,United States,English,No,Full-Time
118,66325a097b34af78bbc59edd,D,A,D,,D,B,A,C,,,DAD_DBAC__,0.3,0.0,0.0,noisy,random,ground,Pass,red,65.0,6.0,1.0,Pass Box,B,,C,,A,,C,A,,,B_C_A_CA__,0.5,STEM Track,0.0,0.0,R,R,R,R,R,R,R,R,C,C,C,RRRRRRRRCCC,0,0,1,0,0,0,0,0,0,I like math,It's been a long time since I've had to do heavy math. I am still working on one of the questions.,STEM Track,1720.0,319,East Asian,Undergraduate degree (BA/BSc/other),51,Female,Asian,United States,United States,United States,English,No,Full-Time
119,63d520bc8833c489caf0023a,D,A,B,C,A,C,B,B,C,A,DABCACBBCA,0.2,0.0,0.0,noisy,random,negative,Fail,black,45.0,3.0,4.0,Fail Box,B,C,A,D,C,B,A,C,D,B,BCADCBACDB,0.1,STEM Track,0.0,0.0,R,R,R,R,R,C,C,C,C,C,C,RRRRRCCCCCC,0,1,0,0,0,0,0,0,0,I think STEM is important for those who take it seriously,Very well,STEM Track,464.0,2896,Latino/Hispanic,Undergraduate degree (BA/BSc/other),35,Male,Other,United States,United States,Puerto Rico,English,No,Full-Time
120,5e6bdd2a3ea572199bb7f6b6,C,D,D,,,,C,C,A,A,CDD___CCAA,0.1,0.0,0.0,noisy,random,positive,Fail,red,25.0,3.0,3.0,Pass Box,D,B,A,C,B,D,A,B,C,D,DBACBDABCD,1.0,Non-STEM Track,0.0,0.0,R,R,R,R,C,C,C,C,C,C,C,RRRRCCCCCCC,0,0,1,0,0,0,0,0,0,Because I haven't taken an Algebra class for 45 years and I have forgotten what I did learn.  (Math was my least favorite subject.),It just reminded me how awful I have always been at math!! My brain does not work that way.,Non-STEM Track,1216.0,4423,White,Undergraduate degree (BA/BSc/other),63,Female,White,United States,United States,United States,English,No,DATA_EXPIRED
121,66f39d9f1c6985f1b5a11361,D,C,C,D,C,A,B,B,,C,DCCDCABB_C,0.1,1.0,1.449,noisy,random,ground,Fail,black,80.0,5.0,5.0,Fail Box,C,C,B,C,B,D,D,C,D,D,CCBCBDDCDD,0.1,STEM Track,0.0,0.0,R,R,R,R,R,R,R,C,C,C,C,RRRRRRRCCCC,1,0,0,0,0,0,0,0,0,I wanted to try answering the question to see how well I would perform,It was quite challenging. I couldn't remember some formulas,STEM Track,1704.0,13,East Asian,Undergraduate degree (BA/BSc/other),25,Female,Asian,China,United States,United States,English,No,Full-Time
122,66ba46a40010ec60f6d992a2,D,D,C,B,C,A,D,C,A,A,DDCBCADCAA,0.4,0.0,0.0,noisy,random,negative,Fail,red,10.0,4.0,5.0,Fail Box,B,B,D,C,D,D,,,,,BBDCDD____,0.2,STEM Track,0.0,0.0,R,R,R,R,R,C,C,C,C,C,C,RRRRRCCCCCC,0,0,1,0,0,0,0,0,0,because i knew what to expect because of proir question,it was good no,STEM Track,1334.0,49,Black/African American,Technical/community college,41,Female,Black,United States,United States,United States,English,No,"Not in paid work (e.g. homemaker', 'retired or disabled)"
123,559c1e28fdf99b2189ee807d,D,D,A,B,D,C,C,C,B,A,DDABDCCCBA,0.2,0.0,0.0,noisy,random,ground,Fail,black,5.0,1.0,4.0,Fail Box,D,B,A,C,B,D,A,B,C,D,DBACBDABCD,1.0,Non-STEM Track,0.0,0.0,R,R,C,C,C,C,C,C,C,C,C,RRCCCCCCCCC,0,0,1,0,0,0,0,0,0,I wasn't sure if I could answer 4 questions after the math park,If was good,Non-STEM Track,880.0,2521,White,Technical/community college,56,Female,White,United States,United States,United States,English,No,Full-Time
124,5f712c16875f0375275c57d5,D,A,B,B,B,B,D,B,C,B,DABBBBDBCB,0.7,0.0,0.0,noisy,random,ground,Pass,red,75.0,7.0,7.0,Pass Box,B,B,C,,A,D,C,C,C,C,BBC_ADCCCC,0.6,STEM Track,0.0,0.0,R,R,R,R,R,C,C,C,C,C,C,RRRRRCCCCCC,0,0,1,0,0,0,0,0,0,"I thought I did well on the first portion, so if the questions were similar I thought I could do similarly well.",It was very straight forward.,STEM Track,1181.0,4167,White,Undergraduate degree (BA/BSc/other),30,Male,White,United States,United States,United States,English,No,Full-Time
126,669a67a9378a5b8bcb87071a,D,B,B,D,,,A,C,B,,DBBD__ACB_,0.1,0.0,0.0,noisy,random,positive,Pass,red,35.0,0.0,0.0,Fail Box,A,D,A,C,B,D,A,B,C,D,ADACBDABCD,0.8,Non-STEM Track,0.0,0.0,R,R,C,C,C,C,C,C,C,C,C,RRCCCCCCCCC,0,0,1,0,0,0,0,0,0,I suck at basic math let alone anything else.,It was fine. Just felt dumb for a second.,Non-STEM Track,967.0,81,Black/African American,Undergraduate degree (BA/BSc/other),31,Female,Black,United States,United States,United States,English,Yes,Full-Time
127,66202163d9e5dba57c5e831d,D,D,B,C,B,D,A,B,B,C,DDBCBDABBC,0.1,0.0,0.0,noisy,random,negative,Fail,red,25.0,2.0,5.0,Pass Box,A,B,A,C,B,D,A,B,C,D,ABACBDABCD,0.9,Non-STEM Track,0.0,0.0,R,R,R,R,R,C,C,C,C,C,C,RRRRRCCCCCC,0,0,1,0,1,0,0,0,0,felt it would be easier and have a better chance at getting some of a bonus ,it went good i think,Non-STEM Track,468.0,733,White,High school diploma/A-levels,34,Male,White,United States,United States,United States,English,No,Unemployed (and job seeking)
129,5ea9a252ef7ece0cd4993841,B,C,A,A,B,,,,,,BCAAB_____,0.1,0.0,0.0,noisy,random,negative,Fail,black,50.0,5.0,5.0,Fail Box,B,B,D,C,A,D,D,A,C,C,BBDCADDACC,0.5,STEM Track,0.0,0.0,R,R,C,C,C,C,C,C,C,C,C,RRCCCCCCCCC,0,1,1,0,0,0,0,0,0,"I love science and math; I would have gone for the other track, but I wanted to try to get more with the reward. I've got a Masters of English, so I actually prefer that over STEM.",No,STEM Track,1305.0,4709,White,Graduate degree (MA/MSc/MPhil/other),36,Female,White,United States,United States,United States,English,No,"Not in paid work (e.g. homemaker', 'retired or disabled)"
130,6595867278f0d1e8b2378cc6,D,A,D,D,B,C,D,C,B,B,DADDBCDCBB,0.5,0.0,0.0,noisy,random,ground,Pass,red,70.0,5.0,5.0,Pass Box,D,B,A,C,B,D,A,B,C,D,DBACBDABCD,1.0,Non-STEM Track,1.0,2.154,R,R,R,R,R,C,C,C,C,C,C,RRRRRCCCCCC,0,0,1,0,0,0,0,0,0,I thought it would be easier for me,No,Non-STEM Track,701.0,137,East Asian,Graduate degree (MA/MSc/MPhil/other),40,Female,Asian,United States,United States,United States,English,DATA_EXPIRED,DATA_EXPIRED
131,6109ab5dba8ad610b799450a,B,A,B,C,C,B,B,B,B,D,BABCCBBBBD,0.2,0.0,0.0,noisy,random,positive,Pass,black,0.0,2.0,2.0,Pass Box,D,B,A,C,B,D,A,B,C,D,DBACBDABCD,1.0,Non-STEM Track,0.0,0.0,R,R,R,R,R,C,C,C,C,C,C,RRRRRCCCCCC,0,1,1,0,0,0,0,0,0,I am not good at math.,It was fun but the math was very difficult.,Non-STEM Track,572.0,4870,White,Undergraduate degree (BA/BSc/other),68,Female,White,United States,United States,United States,English,No,Part-Time
132,65c10cd68294498f2342fcd0,C,A,C,A,C,C,D,B,A,B,CACACCDBAB,0.4,0.0,0.0,noisy,random,ground,Pass,red,30.0,2.0,2.0,Pass Box,D,B,A,C,B,D,A,B,C,D,DBACBDABCD,1.0,Non-STEM Track,0.0,0.0,R,R,R,R,R,C,C,C,C,C,C,RRRRRCCCCCC,0,0,1,0,0,0,0,0,0,"Because I figured the other option would be literature related, which I'm better at.",No. I'm curious to know how many I got right!,Non-STEM Track,842.0,72,Black/African American,Technical/community college,39,Female,Black,United States,United States,United States,English,No,Full-Time
133,65fca331fa0a2eaf667d9318,C,B,A,C,D,B,B,C,C,A,CBACDBBCCA,0.3,0.0,0.0,noisy,random,positive,Fail,red,40.0,5.0,5.0,Fail Box,C,A,B,D,B,C,A,D,C,A,CABDBCADCA,0.1,STEM Track,0.0,0.0,R,C,C,C,C,C,C,C,C,C,C,RCCCCCCCCCC,0,0,1,0,0,0,0,0,0,extra chances,it was good,STEM Track,1664.0,781,White,High school diploma/A-levels,32,Male,White,United States,United States,United States,English,No,Full-Time
134,6695c426cd9399b87624659b,D,C,B,B,A,C,A,A,D,B,DCBBACAADB,0.2,0.0,0.0,noisy,random,positive,Fail,red,50.0,0.0,5.0,Not Sure,B,A,C,B,B,C,C,D,A,C,BACBBCCDAC,0.5,STEM Track,0.0,0.0,R,C,C,C,C,C,C,C,C,C,C,RCCCCCCCCCC,0,0,1,0,0,0,0,0,0,I do love math but very rusty as my current occupation does not require math,"A key would have been helpful. Every math problem has a formula that tells how to solve it. Just for sake of helping, a key would have been great!",STEM Track,613.0,73,Rather not say,Technical/community college,51,Female,Other,United States,United States,United States,English,No,Unemployed (and job seeking)
135,5ee5b8930f2771312c3b822f,C,B,A,D,A,B,A,C,A,C,CBADABACAC,0.2,0.0,0.0,noisy,random,negative,Fail,black,20.0,2.0,3.0,Fail Box,D,B,A,C,B,D,A,B,C,A,DBACBDABCA,0.9,Non-STEM Track,0.0,0.0,R,R,R,R,C,C,C,C,C,C,C,RRRRCCCCCCC,0,0,1,0,0,0,0,0,0,I am just not good at math.,No feedback. Solid survey.,Non-STEM Track,258.0,111,Latino/Hispanic,Undergraduate degree (BA/BSc/other),27,Male,Other,United States,United States,United States,English,No,Full-Time
136,5e74ff093115e00576f0187c,D,A,B,B,C,C,A,C,A,C,DABBCCACAC,0.3,0.0,0.0,noisy,random,ground,Pass,red,33.0,3.0,3.0,Pass Box,D,B,A,C,B,D,A,B,C,D,DBACBDABCD,1.0,Non-STEM Track,0.0,0.0,R,R,R,C,C,C,C,C,C,C,C,RRRCCCCCCCC,1,0,0,0,0,0,0,0,0,I was a humanities major for a reason. ,I was not expecting the math quiz and do not expect I did well on it,Non-STEM Track,714.0,2290,White,Undergraduate degree (BA/BSc/other),36,Male,White,United States,United States,United States,English,Yes,Full-Time
139,66561f43036fa71956d44743,D,B,B,D,A,C,A,A,C,A,DBBDACAACA,0.1,0.0,0.0,noisy,random,negative,Fail,black,55.0,3.0,2.0,Fail Box,D,B,A,C,B,C,D,B,A,A,DBACBCDBAA,0.0,STEM Track,0.0,0.0,R,R,R,C,C,C,C,C,C,C,C,RRRCCCCCCCC,0,0,1,0,0,0,0,0,0,just to see if i could do it,it was way harder then i was thinking but i like a challenge. but i would like time to get familiar with before,STEM Track,933.0,220,White,High school diploma/A-levels,27,Male,White,United States,United States,United States,English,No,Other
140,610e063896c52970e2c24bb5,C,B,D,C,B,C,B,C,B,C,CBDCBCBCBC,0.2,0.0,0.0,noisy,random,negative,Fail,black,12.0,3.0,4.0,Fail Box,D,B,A,C,B,D,A,B,C,D,DBACBDABCD,1.0,Non-STEM Track,0.0,0.0,R,R,R,R,R,R,R,R,C,C,C,RRRRRRRRCCC,0,0,0,1,1,0,0,0,0,I felt my non-STEM skills would be better then my STEM skills,"Great, none!",Non-STEM Track,535.0,839,White,Undergraduate degree (BA/BSc/other),21,Female,White,United States,United States,United States,English,Yes,Part-Time
141,5f741b74992460061db87287,C,A,D,C,B,C,B,A,D,A,CADCBCBADA,0.2,0.0,0.0,noisy,random,negative,Fail,red,20.0,2.0,8.0,Fail Box,D,B,A,C,B,D,A,B,C,D,DBACBDABCD,1.0,Non-STEM Track,0.0,0.0,R,R,R,R,C,C,C,C,C,C,C,RRRRCCCCCCC,0,0,1,0,0,0,0,0,0,I don't do well with math.,"Fine, but very jarring.",Non-STEM Track,410.0,794,White,High school diploma/A-levels,34,Male,White,United States,United States,United States,English,DATA_EXPIRED,DATA_EXPIRED
142,66d8a8a4486ac018f50f9091,D,A,A,A,A,A,A,A,A,A,DAAAAAAAAA,0.1,0.0,0.0,noisy,random,negative,Pass,red,50.0,2.0,1.0,Pass Box,A,A,A,A,A,C,C,A,A,A,AAAAACCAAA,0.5,STEM Track,0.0,0.0,R,R,R,R,R,C,C,C,C,C,C,RRRRRCCCCCC,0,0,0,1,0,0,0,0,0,I thought you would ask science questions,"You would have to be paying me more to try and relearn math i forgot four years ago, i really just can't",STEM Track,1953.0,38,White,Undergraduate degree (BA/BSc/other),23,Female,White,United States,United States,United States,English,No,Part-Time
143,657dae23f3bac23e1b62a01e,D,A,C,B,B,B,D,C,A,D,DACBBBDCAD,0.7,0.0,0.0,noisy,random,negative,Pass,red,39.0,4.0,3.0,Pass Box,D,B,A,C,B,D,A,B,C,D,DBACBDABCD,1.0,Non-STEM Track,0.0,0.0,R,R,R,R,C,C,C,C,C,C,C,RRRRCCCCCCC,0,1,0,0,0,0,0,0,0,Stem just isn’t my strength,,Non-STEM Track,2491.0,281,Latino/Hispanic,Undergraduate degree (BA/BSc/other),24,Female,Other,United States,United States,United States,Spanish,Yes,Due to start a new job within the next month
145,66e0811a4eaeb1b4168bffd5,B,C,A,B,C,B,D,A,B,A,BCABCBDABA,0.3,0.0,0.0,noisy,random,negative,Fail,black,50.0,3.0,4.0,Fail Box,D,A,A,C,B,B,A,B,C,D,DAACBBABCD,0.8,Non-STEM Track,0.0,0.0,R,R,R,R,R,C,C,C,C,C,C,RRRRRCCCCCC,0,0,1,0,0,0,0,0,0,Not familiar with STEM,My experience was surprised with my lack of knowledge on the questions ,Non-STEM Track,908.0,17,White,Undergraduate degree (BA/BSc/other),23,Female,White,United States,United States,United States,English,No,Full-Time
146,6648a72ac62125647c5b1ef1,C,A,A,D,D,D,D,B,A,D,CAADDDDBAD,0.2,1.0,16.956,noisy,random,ground,Pass,red,1.0,1.0,1.0,Pass Box,D,B,A,C,B,D,A,B,C,D,DBACBDABCD,1.0,Non-STEM Track,3.0,28.091,R,R,C,C,C,C,C,C,C,C,C,RRCCCCCCCCC,0,0,1,0,0,0,1,0,0,I perfer a guaranteed win or loss.,No,Non-STEM Track,1213.0,543,African,Undergraduate degree (BA/BSc/other),31,Female,Black,Nigeria,United States,United States,English,Yes,Full-Time
147,62b755ac8d4ceeb1a463c05a,B,B,B,D,,,,,,,BBBD______,0.0,0.0,0.0,noisy,random,ground,Fail,black,5.0,1.0,1.0,Fail Box,D,B,A,C,B,D,A,B,C,C,DBACBDABCC,0.9,Non-STEM Track,0.0,0.0,R,R,R,R,R,R,C,C,C,C,C,RRRRRRCCCCC,0,1,0,0,0,0,0,0,0,"Because I thought it would be more of the same, that kind of math I am not so good at. ","It was fun to see how much I knew, I had trouble with the math but I did better with the other part I believe. ",Non-STEM Track,1313.0,2922,White,Technical/community college,60,Female,White,United States,United States,United States,English,No,DATA_EXPIRED
148,566a17d07da0350012b3e876,B,C,A,C,C,C,D,C,B,B,BCACCCDCBB,0.3,0.0,0.0,noisy,random,ground,Pass,red,80.0,2.0,2.0,Pass Box,C,B,D,B,C,D,C,D,B,A,CBDBCDCDBA,0.3,STEM Track,0.0,0.0,R,R,R,R,C,C,C,C,C,C,C,RRRRCCCCCCC,0,0,1,0,0,0,0,0,0,I thought I could get 2 right.,It was difficult. Thank You.,STEM Track,1057.0,3095,White,High school diploma/A-levels,54,Male,White,United States,United States,United States,English,No,Full-Time
149,65e4b150feb15ebecb2fe5e8,A,C,A,,D,B,A,B,A,A,ACA_DBABAA,0.2,0.0,0.0,noisy,random,negative,Fail,black,25.0,2.0,3.0,Fail Box,D,B,A,C,B,D,A,B,C,D,DBACBDABCD,1.0,Non-STEM Track,0.0,0.0,R,R,R,R,R,R,C,C,C,C,C,RRRRRRCCCCC,0,0,1,0,0,0,0,0,0,"I was in honors classes for English, and I have published several books. However, I was never good at match or sciences, with the exception of some of the biologies. I thought it would be to my advantage to avoid STEM questions.",I hate math so much that those questions were giving me flashbacks haha! Good job on making it brutal!,Non-STEM Track,1148.0,244,White,Technical/community college,43,Female,White,United States,United States,United States,English,Yes,Part-Time
150,5bdcd88176d6d50001bc3849,D,A,B,C,C,B,D,C,B,B,DABCCBDCBB,0.5,0.0,0.0,noisy,random,negative,Pass,red,50.0,3.0,4.0,Fail Box,B,A,C,A,A,D,C,A,C,C,BACAADCACC,0.9,STEM Track,0.0,0.0,R,R,R,R,R,C,C,C,C,C,C,RRRRRCCCCCC,0,0,1,0,0,0,0,0,0,Pretty sure I could get four correct,"Good, have not done most of that math in decades",STEM Track,1128.0,5856,White,Undergraduate degree (BA/BSc/other),59,Male,White,United States,United States,United States,English,No,"Not in paid work (e.g. homemaker', 'retired or disabled)"
151,5e0cbb0be297d545c33e1739,D,C,B,C,D,A,A,A,B,C,DCBCDAAABC,0.0,0.0,0.0,noisy,random,ground,Fail,black,50.0,1.0,3.0,Fail Box,D,B,A,C,B,D,A,B,C,D,DBACBDABCD,1.0,Non-STEM Track,0.0,0.0,R,R,C,C,C,C,C,C,C,C,C,RRCCCCCCCCC,0,1,1,0,0,0,0,0,0,Easier,Section 1 sucked,Non-STEM Track,718.0,421,White,High school diploma/A-levels,73,Female,White,United States,United States,Poland,English,No,Other
152,66f31b6205f13a616bd3c9bc,D,A,A,B,A,C,D,B,C,B,DAABACDBCB,0.5,0.0,0.0,noisy,random,negative,Pass,red,40.0,3.0,2.0,Pass Box,D,B,A,C,B,D,A,B,C,D,DBACBDABCD,1.0,Non-STEM Track,0.0,0.0,R,R,R,R,C,C,C,C,C,C,C,RRRRCCCCCCC,0,0,1,0,0,0,0,0,0,"I assumed it would be easier to complete, especially after witnessing the first questions that were given to me (which I found difficult).","I am indifferent to the process, everything went ok. I do not have feedback.",Non-STEM Track,910.0,5,White,High school diploma/A-levels,18,Male,White,United States,United States,United States,English,No,Part-Time
153,66f2edccc82cfc39ba5d85c4,D,A,D,C,B,B,A,C,B,B,DADCBBACBB,0.5,0.0,0.0,noisy,random,ground,Pass,red,50.0,5.0,3.0,Pass Box,B,B,C,A,B,D,C,C,D,D,BBCABDCCDD,0.5,STEM Track,0.0,0.0,R,R,R,R,R,R,R,C,C,C,C,RRRRRRRCCCC,0,0,1,0,0,0,0,0,0,It is challenging as I have not practiced STEM related problems in years,,STEM Track,1217.0,12,Latino/Hispanic,Technical/community college,30,Female,Mixed,United States,United States,United States,Spanish,No,Full-Time
154,5b0b8252e9270900013ba88f,D,A,D,B,B,D,D,B,C,B,DADBBDDBCB,0.6,0.0,0.0,noisy,random,ground,Pass,red,70.0,6.0,5.0,Pass Box,D,B,A,C,B,D,A,B,C,D,DBACBDABCD,1.0,Non-STEM Track,0.0,0.0,R,R,R,R,R,C,C,C,C,C,C,RRRRRCCCCCC,0,0,1,0,0,0,0,0,1,I had trouble recalling some math methods and decided to play it safe.,The instructions were clear and the process flowed smoothly.,Non-STEM Track,1000.0,2185,Latino/Hispanic,Undergraduate degree (BA/BSc/other),54,Female,Mixed,United States,United States,United States,English,No,DATA_EXPIRED
155,66818dfd69bdb3f339514a29,C,B,B,B,A,A,B,B,D,B,CBBBAABBDB,0.2,0.0,0.0,noisy,random,positive,Pass,black,50.0,2.0,2.0,Fail Box,D,A,A,C,B,D,A,B,C,D,DAACBDABCD,0.9,Non-STEM Track,0.0,0.0,R,R,R,R,R,R,R,R,R,R,C,RRRRRRRRRRC,0,0,0,0,0,1,0,0,0,I chose the Non-Stem Track since math is not my strongest subject.,It was a little stressful with the math section of this survey but after completing the first section it was a breeze.,Non-STEM Track,735.0,186,Latino/Hispanic,Technical/community college,25,Female,Other,United States,United States,United States,English,No,Full-Time
156,665377aea47ffa34fb49bd71,D,B,A,C,B,B,B,C,,,DBACBBBC__,0.3,0.0,0.0,noisy,random,positive,Fail,red,80.0,4.0,5.0,Fail Box,D,B,A,C,B,D,A,B,C,D,DBACBDABCD,1.0,Non-STEM Track,0.0,0.0,R,R,R,R,R,C,C,C,C,C,C,RRRRRCCCCCC,0,0,1,0,0,0,0,0,0,I was not confident in answering questions I already struggled with.,"I was not expecting difficult math I have not done in years without any refreshers. It was difficult, but interesting.",Non-STEM Track,950.0,405,Mixed,Technical/community college,32,Male,Mixed,United States,United States,United States,English,No,Unemployed (and job seeking)
157,6651118444f987017d94bd63,C,B,C,D,C,B,C,C,C,C,CBCDCBCCCC,0.4,0.0,0.0,noisy,random,negative,Fail,red,50.0,5.0,5.0,Not Sure,D,B,A,C,B,D,A,B,C,D,DBACBDABCD,1.0,Non-STEM Track,0.0,0.0,R,C,C,C,C,C,C,C,C,C,C,RCCCCCCCCCC,0,0,1,0,0,0,0,0,0,Easier,Tough.,Non-STEM Track,631.0,733,Caribbean,Undergraduate degree (BA/BSc/other),34,Male,Asian,United States,United States,United States,English,Yes,Full-Time
158,66d8ec93a0cbaf5384fe2148,A,C,C,B,C,D,A,C,C,B,ACCBCDACCB,0.6,0.0,0.0,noisy,random,positive,Fail,red,1.0,3.0,7.0,Fail Box,D,B,A,C,B,D,A,B,C,D,DBACBDABCD,1.0,Non-STEM Track,0.0,0.0,R,R,R,R,C,C,C,C,C,C,C,RRRRCCCCCCC,0,0,1,0,0,0,0,0,0,Not strong at stem subjects,intrigued,Non-STEM Track,773.0,65,White,High school diploma/A-levels,43,Female,White,United States,United States,United States,English,No,Full-Time
159,614e7196ef4fbb72f9a5223c,D,A,,,B,B,,C,,,DA__BB_C__,0.4,0.0,0.0,noisy,random,negative,Fail,red,70.0,4.0,5.0,Pass Box,D,B,A,C,B,D,A,B,C,D,DBACBDABCD,1.0,Non-STEM Track,0.0,0.0,R,R,R,R,R,R,C,C,C,C,C,RRRRRRCCCCC,0,0,1,0,0,0,0,0,0,Forgot too much math since school,Made it humble,Non-STEM Track,948.0,4307,White,Undergraduate degree (BA/BSc/other),76,Male,White,United States,United States,United States,English,No,"Not in paid work (e.g. homemaker', 'retired or disabled)"
161,65216075939674db7a47e7d0,D,C,B,D,A,B,C,B,C,A,DCBDABCBCA,0.2,0.0,0.0,noisy,random,ground,Pass,red,10.0,1.0,2.0,Fail Box,B,B,C,C,B,D,C,C,A,B,BBCCBDCCAB,0.4,STEM Track,0.0,0.0,R,R,C,C,C,C,C,C,C,C,C,RRCCCCCCCCC,0,0,1,0,0,0,0,0,0,"I thought it would have been something else in the STEM realm, like science.","It was just very hard, as it was a lot of math I have not had to do since Sophomore year of high school.",STEM Track,693.0,793,White,Graduate degree (MA/MSc/MPhil/other),26,Female,White,United States,United States,United States,English,DATA_EXPIRED,Full-Time
162,65a6b6153abd42a5a5d2ac10,B,A,B,C,D,A,B,C,,,BABCDABC__,0.2,0.0,0.0,noisy,random,positive,Fail,red,50.0,3.0,5.0,Fail Box,D,B,A,C,B,D,A,B,C,D,DBACBDABCD,1.0,Non-STEM Track,0.0,0.0,R,R,R,R,R,R,C,C,C,C,C,RRRRRRCCCCC,0,0,1,1,0,0,0,0,0,I haven't done math like that since I was in high school and was not confident in my ability to answer the questions correctly. ,The math section was stressful because I like to get things right. But overall the study was straightforward and I didn't have any issues with the instructions. ,Non-STEM Track,997.0,368,Mixed,Technical/community college,34,Female,Mixed,United States,United States,United States,English,No,Full-Time
163,637e447c16e05f6828930612,D,A,B,C,D,C,B,B,B,C,DABCDCBBBC,0.1,0.0,0.0,noisy,random,negative,Fail,black,20.0,2.0,4.0,Fail Box,D,B,A,C,B,D,A,B,C,D,DBACBDABCD,1.0,Non-STEM Track,0.0,0.0,R,R,R,C,C,C,C,C,C,C,C,RRRCCCCCCCC,0,0,1,0,0,0,0,0,0,"I am much better with language arts than with the sciences, plus the questions in the first round were almost impossible",I was frustrated with the first set of questions and I enjoyed answerering the second set.,Non-STEM Track,672.0,3493,White,Doctorate degree (PhD/other),69,Male,White,United States,United States,United States,English,No,Full-Time
166,63eab089ff73041bdea22229,D,A,C,C,C,B,D,A,C,A,DACCCBDACA,0.5,2.0,13.191,noisy,random,positive,Fail,red,60.0,4.0,6.0,Pass Box,D,B,A,C,B,D,A,B,C,D,DBACBDABCD,1.0,Non-STEM Track,0.0,0.0,R,R,R,R,R,C,C,C,C,C,C,RRRRRCCCCCC,0,0,1,0,0,0,0,0,0,Not so good at STEM personally.,It was fun and interesting!!,Non-STEM Track,408.0,494,White,High school diploma/A-levels,35,Male,White,United States,United States,United States,English,No,DATA_EXPIRED
167,66e784bf7e22eae95ee3b5c7,D,A,B,A,D,B,D,C,B,B,DABADBDCBB,0.5,1.0,5.094,noisy,random,ground,Fail,black,80.0,9.0,8.0,Pass Box,B,A,C,A,A,D,C,A,B,C,BACAADCABC,1.0,STEM Track,0.0,0.0,R,R,R,R,C,C,C,C,C,C,C,RRRRCCCCCCC,0,1,0,0,0,0,0,0,0,I thought my odds would be better.,"I clicked off the tab a few times during the first timed section to adjust my music. I didn't know that clicking off wasn't aloud but I read it before I submitted my first section. I completed the rest of the study without clicking off. If that is a problem, please give me partial payment for my time.",STEM Track,1211.0,29,South Asian,High school diploma/A-levels,21,Male,Asian,United States,United States,United States,English,Yes,Unemployed (and job seeking)
168,64ec1d84372b0dbb94589054,D,B,A,B,B,B,D,A,C,B,DBABBBDACB,0.6,0.0,0.0,noisy,random,positive,Pass,black,20.0,2.0,3.0,Pass Box,D,B,A,C,B,D,A,B,C,D,DBACBDABCD,1.0,Non-STEM Track,1.0,0.704,R,R,R,R,R,C,C,C,C,C,C,RRRRRCCCCCC,0,0,1,0,0,0,0,0,0,I was not confident in my abilities to answer more STEM questions given my performance on the first part.,No feedback :),Non-STEM Track,601.0,433,White,Undergraduate degree (BA/BSc/other),26,Female,White,United States,United States,United States,English,Yes,Other
169,608e2cb9067eb028500433d5,D,A,A,C,D,B,A,A,C,A,DAACDBAACA,0.3,0.0,0.0,noisy,random,positive,Pass,red,50.0,2.0,3.0,Fail Box,D,B,A,C,B,D,A,B,C,D,DBACBDABCD,1.0,Non-STEM Track,0.0,0.0,R,R,C,C,C,C,C,C,C,C,C,RRCCCCCCCCC,0,0,1,0,0,0,0,0,0,Because the math questions were very hard for me.,This was challenging for me.,Non-STEM Track,1000.0,4119,White,Undergraduate degree (BA/BSc/other),69,Female,White,United States,United States,United States,English,No,"Not in paid work (e.g. homemaker', 'retired or disabled)"
170,66b629016f7dd536321ee5f8,D,B,C,C,B,D,B,C,B,C,DBCCBDBCBC,0.3,0.0,0.0,noisy,random,negative,Pass,red,0.0,0.0,1.0,Pass Box,D,B,A,C,B,D,A,B,C,D,DBACBDABCD,1.0,Non-STEM Track,0.0,0.0,R,R,R,R,R,C,C,C,C,C,C,RRRRRCCCCCC,0,0,1,0,0,0,0,0,0,Because I cant do stem,"I hated the first set of questions, and felt stupid because I haven't had this type of math in 50 years",Non-STEM Track,644.0,168,White,High school diploma/A-levels,56,Female,White,United States,United States,United States,English,No,Part-Time
171,6637f62f0645db241bee0959,D,D,A,B,C,A,C,C,A,C,DDABCACCAC,0.2,0.0,0.0,noisy,random,negative,Fail,black,50.0,2.0,5.0,Fail Box,D,B,A,C,B,D,A,B,C,D,DBACBDABCD,1.0,Non-STEM Track,0.0,0.0,R,R,R,C,C,C,C,C,C,C,C,RRRCCCCCCCC,0,0,1,0,1,0,0,0,0,It seemed easier ,The first set of questions were difficult ,Non-STEM Track,1203.0,393,White,High school diploma/A-levels,32,Female,White,United States,United States,United States,English,No,"Not in paid work (e.g. homemaker', 'retired or disabled)"
172,6682c6f76c5e575920a7afc0,B,A,B,B,D,C,B,A,A,A,BABBDCBAAA,0.2,0.0,0.0,noisy,random,ground,Fail,black,50.0,6.0,6.0,Pass Box,D,B,A,D,B,D,A,B,C,D,DBADBDABCD,0.9,Non-STEM Track,2.0,26.298,R,R,R,R,R,R,R,R,R,R,R,RRRRRRRRRRR,0,0,1,0,0,0,0,0,0,Because i knew there could be another chance to win ,,Non-STEM Track,1380.0,178,Black/African American,Undergraduate degree (BA/BSc/other),34,Female,Black,United States,United States,United States,English,Yes,Full-Time
173,66d7b32212721220c5da226f,D,A,A,D,C,A,C,B,C,A,DAADCACBCA,0.2,0.0,0.0,noisy,random,ground,Fail,black,25.0,0.0,3.0,Fail Box,D,D,A,C,B,D,A,B,C,B,DDACBDABCB,0.8,Non-STEM Track,0.0,0.0,R,C,C,C,C,C,C,C,C,C,C,RCCCCCCCCCC,0,0,1,0,0,0,0,0,0,the probability that i would pass the stem was too low,Even though i think i didnt do well on the Stem part i enjoyed doing the test because it made me think differently,Non-STEM Track,1011.0,69,Black/African American,Undergraduate degree (BA/BSc/other),39,Female,Black,United States,United States,United States,English,No,Full-Time
174,66f21c08e32dccbb7b7bb996,C,D,A,C,D,B,B,A,C,D,CDACDBBACD,0.2,0.0,0.0,noisy,random,negative,Pass,red,45.0,1.0,1.0,Pass Box,A,B,A,C,B,D,A,C,C,D,ABACBDACCD,0.8,Non-STEM Track,0.0,0.0,R,R,R,R,R,R,R,R,R,R,C,RRRRRRRRRRC,0,0,1,0,0,0,0,0,0,I am not a fan of STEM,Great experience ,Non-STEM Track,1112.0,18,Black/African American,Undergraduate degree (BA/BSc/other),34,Female,Black,United States,United States,United States,English,No,DATA_EXPIRED
175,66ae0ded9f6746fe2d597817,C,B,C,B,B,C,B,C,B,C,CBCBBCBCBC,0.4,0.0,0.0,noisy,random,negative,Fail,black,45.0,6.0,7.0,Pass Box,B,C,B,C,C,B,C,B,C,B,BCBCCBCBCB,0.2,STEM Track,0.0,0.0,R,R,C,R,C,R,R,C,R,C,R,RRCRCRRCRCR,0,0,1,0,0,0,0,0,0," For people who are curious about how things work or want to make a tangible impact, STEM can be an exciting field that offers endless possibilities.",25,STEM Track,1044.0,84,Black/African American,Doctorate degree (PhD/other),52,Male,Black,United States,United States,United States,English,DATA_EXPIRED,Full-Time
176,66abb1d19603aab212118aea,B,C,A,C,A,D,A,B,A,A,BCACADABAA,0.0,0.0,0.0,noisy,random,negative,Fail,black,50.0,3.0,5.0,Fail Box,C,C,C,C,C,D,D,A,D,C,CCCCCDDADC,0.4,STEM Track,0.0,0.0,R,R,R,C,C,C,C,C,C,C,C,RRRCCCCCCCC,0,0,1,0,0,0,0,0,0,Taking a chance.,"I enjoyed the survey, it was different than others!",STEM Track,931.0,54,White,Technical/community college,30,Female,White,United States,United States,United States,English,Yes,DATA_EXPIRED
177,6315dbda57439d794f865dbd,,,,,,,,,,,__________,0.0,0.0,0.0,noisy,random,negative,Fail,red,50.0,5.0,5.0,Pass Box,A,C,C,A,B,A,C,C,A,B,ACCABACCAB,0.3,STEM Track,0.0,0.0,R,R,R,R,R,R,R,C,C,C,C,RRRRRRRCCCC,0,0,1,0,0,0,0,0,0,it seemed the most profitable and definite,,STEM Track,1427.0,2841,White,Undergraduate degree (BA/BSc/other),53,Male,White,United States,United States,Ireland,English,No,Full-Time
178,5f1b4845cbf55f3192e33b89,C,D,A,B,A,C,A,A,B,D,CDABACAABD,0.1,0.0,0.0,noisy,random,ground,Fail,black,60.0,3.0,4.0,Fail Box,D,B,A,C,B,D,A,C,C,D,DBACBDACCD,0.9,Non-STEM Track,0.0,0.0,R,R,R,R,R,C,C,C,C,C,C,RRRRRCCCCCC,0,0,1,0,0,0,0,0,0,I struggled with the math portion. ,,Non-STEM Track,850.0,2351,Latino/Hispanic,Undergraduate degree (BA/BSc/other),27,Male,White,United States,United States,United States,Spanish,No,Full-Time
179,5e9e19d808b9931ef37373c6,A,D,A,B,B,B,D,B,C,A,ADABBBDBCA,0.6,0.0,0.0,noisy,random,positive,Pass,red,50.0,7.0,5.0,Fail Box,B,A,C,A,A,D,C,A,B,C,BACAADCABC,1.0,STEM Track,0.0,0.0,C,C,C,C,C,C,C,C,C,C,C,CCCCCCCCCCC,0,0,1,0,0,0,0,0,0,I am more STEM inclined given my background,It was good,STEM Track,897.0,1768,South East Asian,Undergraduate degree (BA/BSc/other),29,Male,Asian,United States,United States,United States,Urdu,Yes,Other
180,5fe2ca269568d5e8f57933aa,A,A,D,,D,B,D,C,,,AAD_DBDC__,0.5,0.0,0.0,noisy,random,ground,Pass,red,59.0,6.0,5.0,Pass Box,B,,C,C,A,D,C,A,B,,B_CCADCAB_,0.7,STEM Track,0.0,0.0,R,R,R,R,C,C,C,C,C,C,C,RRRRCCCCCCC,0,0,0,0,0,1,0,0,0,Because science and technology are among my favorite subjects.,,STEM Track,1322.0,1201,South Asian,Undergraduate degree (BA/BSc/other),22,Male,Asian,United States,United States,United States,English,No,Part-Time
182,66bbd43c705fea676d6d8028,D,C,B,B,D,D,,,,,DCBBDD____,0.1,0.0,0.0,noisy,random,ground,Pass,red,2.0,2.0,1.0,Pass Box,D,B,A,C,B,D,A,B,C,D,DBACBDABCD,1.0,Non-STEM Track,0.0,0.0,R,R,R,R,R,C,C,C,C,C,C,RRRRRCCCCCC,0,0,1,0,0,0,0,0,0,because I am not strong in math,i did not expect those math questions and I was panicking.,Non-STEM Track,1081.0,40,White,Undergraduate degree (BA/BSc/other),59,Female,White,United States,United States,United States,English,No,Full-Time
183,666c98937b4260f665e21de9,D,A,A,C,A,A,D,A,B,C,DAACAADABC,0.2,1.0,3.365,noisy,random,ground,Fail,black,50.0,5.0,4.0,Fail Box,D,B,A,C,B,D,A,B,C,D,DBACBDABCD,1.0,Non-STEM Track,0.0,0.0,R,R,R,R,R,C,C,C,C,C,C,RRRRRCCCCCC,0,1,1,0,0,0,0,0,0,Never was very good at math,Good,Non-STEM Track,777.0,75,White,High school diploma/A-levels,60,Male,White,United States,United States,United States,English,No,Full-Time
184,658400102871818387a49d0f,C,B,B,B,B,B,D,C,C,A,CBBBBBDCCA,0.6,0.0,0.0,noisy,random,ground,Pass,red,20.0,2.0,2.0,Pass Box,D,B,A,C,B,B,A,B,C,C,DBACBBABCC,0.8,Non-STEM Track,0.0,0.0,R,C,C,C,C,C,C,C,C,C,C,RCCCCCCCCCC,0,0,1,0,0,0,0,0,0,I find it easier.,It made me think.,Non-STEM Track,433.0,1743,Latino/Hispanic,Undergraduate degree (BA/BSc/other),32,Female,White,United States,United States,United States,English,No,Full-Time
185,56e6a66af6ed900006a5867c,C,B,B,D,B,C,B,D,A,B,CBBDBCBDAB,0.2,0.0,0.0,noisy,random,negative,Pass,red,5.0,2.0,1.0,Fail Box,A,B,A,B,C,C,C,B,D,B,ABABCCCBDB,0.1,STEM Track,0.0,0.0,R,R,R,C,C,C,C,C,C,C,C,RRRCCCCCCCC,0,0,1,0,0,0,0,0,1,I took engineering classes in vocational school.,I am terrible at math and avoid algebra. I doubt I got much if any answers right.,STEM Track,669.0,7561,White,High school diploma/A-levels,44,Male,White,United States,United States,United States,English,No,Part-Time
186,630814cd5bc4b17afd65d786,D,D,A,A,D,B,A,,,,DDAADBA___,0.1,0.0,0.0,noisy,random,ground,Fail,black,5.0,1.0,2.0,Fail Box,D,B,A,C,B,D,A,B,C,D,DBACBDABCD,1.0,Non-STEM Track,0.0,0.0,R,R,R,R,R,R,C,C,C,C,C,RRRRRRCCCCC,0,0,1,0,0,0,0,0,0,Because the math questions all kicked my ass.  I haven't felt that dumb in a long time.,"I felt dumb, then I got to feel smart, so that was nice.",Non-STEM Track,821.0,989,White,Undergraduate degree (BA/BSc/other),43,Male,White,United States,United States,United States,English,No,Full-Time
187,66b78b91e30ea5e1939d7635,B,C,B,C,C,B,D,C,A,B,BCBCCBDCAB,0.4,0.0,0.0,noisy,random,positive,Pass,red,0.0,0.0,4.0,Fail Box,A,C,B,C,A,B,D,C,C,B,ACBCABDCCB,0.1,STEM Track,0.0,0.0,R,R,R,R,C,C,C,C,C,C,C,RRRRCCCCCCC,0,0,1,0,0,0,0,0,0,the money,,STEM Track,852.0,155,White,High school diploma/A-levels,64,Female,White,United States,United States,United States,English,No,Full-Time
188,665cd37d244c81a07e68f20f,A,A,B,B,D,B,D,A,C,B,AABBDBDACB,0.7,0.0,0.0,noisy,random,ground,Pass,red,65.0,6.0,6.0,Pass Box,B,A,C,B,A,D,C,A,B,C,BACBADCABC,0.9,STEM Track,0.0,0.0,R,R,R,R,R,C,C,C,C,C,C,RRRRRCCCCCC,0,0,1,0,0,0,0,0,0,My college major is Stem.,I had a positive experience,STEM Track,891.0,161,White,High school diploma/A-levels,19,Male,White,United States,United States,United States,English,Yes,Other
189,66e637b2ab80048018709cfe,D,C,B,C,C,B,C,D,A,B,DCBCCBCDAB,0.2,0.0,0.0,noisy,random,ground,Fail,black,65.0,5.0,7.0,Fail Box,C,C,B,A,D,D,C,C,C,D,CCBADDCCCD,0.3,STEM Track,0.0,0.0,R,R,R,R,R,C,C,C,C,C,C,RRRRRCCCCCC,0,1,1,0,1,0,0,0,0,I wanted to test my knowledge ,There wasn’t much time to calculate the problems,STEM Track,404.0,24,Black/African American,Graduate degree (MA/MSc/MPhil/other),40,Female,Black,United States,United States,United States,English,No,Due to start a new job within the next month
190,5ac43d51a3ba7a0001b498d0,B,D,A,C,D,B,B,B,A,A,BDACDBBBAA,0.1,0.0,0.0,noisy,random,negative,Fail,black,40.0,3.0,4.0,Fail Box,D,B,A,C,B,D,A,B,C,D,DBACBDABCD,1.0,Non-STEM Track,0.0,0.0,R,R,R,C,C,C,C,C,C,C,C,RRRCCCCCCCC,0,0,1,0,0,0,0,0,0,"iThe STEM questions were too advanced for me. It's been years since I used algebra and couldn't remeber a lot of what I learned when answering those questions, therefore I knew I had a better chance of answering the non stem questions to earn a little something at least","Struggled during the stem/ mathematically based questions, otherwise pretty easy and straightforward",Non-STEM Track,959.0,5256,White,High school diploma/A-levels,40,Male,White,United States,United States,United States,English,No,Full-Time
191,63d881ab484805569b553bd8,B,C,D,A,B,A,B,C,D,B,BCDABABCDB,0.3,0.0,0.0,noisy,random,ground,Fail,black,26.0,3.0,4.0,Fail Box,D,B,A,C,B,D,A,B,C,D,DBACBDABCD,1.0,Non-STEM Track,0.0,0.0,R,R,R,R,R,R,R,C,C,C,C,RRRRRRRCCCC,0,0,1,0,0,0,0,0,0,Math is not my strong suite. ,fun. ,Non-STEM Track,488.0,2589,Mixed,High school diploma/A-levels,35,Male,Mixed,United States,United States,United States,English,No,Full-Time
192,66708de4e9ac26476fb628d2,A,,,,,,D,C,A,B,A_____DCAB,0.4,0.0,0.0,noisy,random,ground,Fail,black,50.0,4.0,5.0,Fail Box,D,B,A,C,B,D,A,B,C,D,DBACBDABCD,1.0,Non-STEM Track,0.0,0.0,R,R,R,R,R,R,C,C,C,C,C,RRRRRRCCCCC,0,0,1,0,0,0,0,0,0,"I was an English major. Also, I timed out while doing the math.",8 minutes is not enough for us earnest writer-types trying to recall high school math.,Non-STEM Track,847.0,61,White,Undergraduate degree (BA/BSc/other),35,Male,White,United States,United States,United States,English,No,Full-Time
193,66a5a4766966a5ed53b144ab,D,B,A,C,B,C,C,A,B,D,DBACBCCABD,0.1,0.0,0.0,noisy,random,positive,Fail,red,50.0,5.0,5.0,Fail Box,D,B,A,D,B,D,A,B,C,D,DBADBDABCD,0.9,Non-STEM Track,0.0,0.0,R,R,R,R,C,C,C,C,C,C,C,RRRRCCCCCCC,0,0,1,0,0,0,0,0,0,i chose the non-steam track thinking my previous results were lower than 50% correct,,Non-STEM Track,705.0,187,Mixed,High school diploma/A-levels,35,Male,Mixed,United States,United States,United States,English,No,Unemployed (and job seeking)
195,66f33be2bc0c71ae9547b7bb,D,D,A,C,D,B,B,B,D,B,DDACDBBBDB,0.2,0.0,0.0,noisy,random,positive,Fail,red,20.0,7.0,7.0,Pass Box,D,B,A,C,B,D,A,B,C,C,DBACBDABCC,0.9,Non-STEM Track,0.0,0.0,R,C,C,C,C,C,C,C,C,C,C,RCCCCCCCCCC,0,0,1,0,1,0,0,0,0,There’s a chance I could’ve got a harder math one and failed.,It was reminiscent of school. I don’t understand what you’re trying to accomplish so no feedback.,Non-STEM Track,699.0,7,Latino/Hispanic,High school diploma/A-levels,27,Male,Other,United States,United States,United States,English,No,DATA_EXPIRED
196,641374feea489f74a9c8db95,A,A,A,B,B,C,A,C,B,C,AAABBCACBC,0.5,0.0,0.0,noisy,random,ground,Pass,red,50.0,5.0,5.0,Pass Box,B,A,C,A,A,D,C,A,B,C,BACAADCABC,1.0,STEM Track,0.0,0.0,R,R,R,R,R,C,C,C,C,C,C,RRRRRCCCCCC,0,0,1,0,0,0,0,0,0,For a chance at more money,No,STEM Track,1104.0,1897,White,Undergraduate degree (BA/BSc/other),28,Male,White,United States,United States,United States,English,No,Unemployed (and job seeking)
198,6646081c27e58027db72b129,D,D,A,B,D,A,B,C,B,C,DDABDABCBC,0.2,0.0,0.0,noisy,random,negative,Pass,red,0.0,0.0,0.0,Fail Box,B,C,A,D,B,B,B,A,C,B,BCADBBBACB,0.2,STEM Track,0.0,0.0,R,R,R,R,R,R,C,C,C,C,C,RRRRRRCCCCC,0,0,1,0,1,0,0,0,0,"I'm pretty sure I did poorly on the first STEM quiz, so I figured I wasn't going to do any better on the second quiz.",No comments.,STEM Track,819.0,423,Mixed,High school diploma/A-levels,22,Male,Mixed,United States,United States,United States,English,Yes,Unemployed (and job seeking)
199,633f6d8b53e5f194a6f73724,D,A,D,A,B,B,D,C,B,,DADABBDCB_,0.5,0.0,0.0,noisy,random,positive,Pass,black,60.0,5.0,4.0,Pass Box,D,B,A,C,B,D,A,B,C,D,DBACBDABCD,1.0,Non-STEM Track,0.0,0.0,R,R,R,R,R,C,C,C,C,C,C,RRRRRCCCCCC,0,0,1,0,0,0,0,0,0,I am tired and the math requires a lot of thinking,this was an interesting study. thank you,Non-STEM Track,884.0,1606,White,Graduate degree (MA/MSc/MPhil/other),44,Male,White,United States,United States,United States,English,No,Full-Time
200,66908468a367218ba2c439be,A,C,D,B,C,A,D,B,A,C,ACDBCADBAC,0.3,0.0,0.0,noisy,random,negative,Fail,black,30.0,2.0,4.0,Fail Box,D,B,A,C,B,D,A,B,C,D,DBACBDABCD,1.0,Non-STEM Track,0.0,0.0,R,C,C,C,C,C,C,C,C,C,C,RCCCCCCCCCC,0,0,1,0,0,0,0,0,0,Becuase I gave up after the math portion,It was pretty fun,Non-STEM Track,377.0,65,East Asian,High school diploma/A-levels,20,Male,Asian,United States,United States,United States,English,Yes,Part-Time
201,66b8308b9c4b8eb534b5a45b,D,A,,,B,B,D,C,C,B,DA__BBDCCB,0.7,1.0,8.812,noisy,random,ground,Pass,red,50.0,6.0,6.0,Pass Box,B,B,D,C,A,D,C,A,B,C,BBDCADCABC,0.7,STEM Track,0.0,0.0,R,R,R,R,R,C,C,C,C,C,C,RRRRRCCCCCC,0,0,1,0,0,0,0,0,0,"I was always better at stem subjects when I was in school, and there was no information about the non stem category. It could have been all questions I know nothing about, like basket weaving or something",Just reminds me how little I remember from my time in school.,STEM Track,1316.0,230,White,Technical/community college,38,Male,White,United States,United States,United States,English,No,Full-Time
203,63b7852af635d2133764fcc8,C,B,C,B,D,B,B,D,C,B,CBCBDBBDCB,0.5,0.0,0.0,noisy,random,positive,Pass,red,35.0,4.0,5.0,Fail Box,D,B,A,C,B,D,A,B,C,D,DBACBDABCD,1.0,Non-STEM Track,0.0,0.0,R,R,C,C,C,C,C,C,C,C,C,RRCCCCCCCCC,0,1,1,0,0,0,0,0,0,Math is harder for me to recall and formulas are not the easiest when you have not done them in awhile,Fun,Non-STEM Track,659.0,3399,Black/African American,Undergraduate degree (BA/BSc/other),44,Female,Black,United States,United States,United States,English,No,Full-Time
204,610ccf09b1b0759b2668ded1,A,A,B,A,A,A,A,A,A,A,AABAAAAAAA,0.2,0.0,0.0,noisy,random,positive,Pass,red,20.0,1.0,2.0,Fail Box,B,A,C,B,A,B,C,B,A,A,BACBABCBAA,0.5,STEM Track,0.0,0.0,R,R,R,R,R,R,C,C,C,C,C,RRRRRRCCCCC,0,0,1,0,0,0,0,0,0,I like stem subjects,No feedback,STEM Track,445.0,5329,White,Undergraduate degree (BA/BSc/other),44,Male,White,United States,United States,United States,English,No,Full-Time
205,66d8880a6b84a55da0e21a45,D,A,D,B,D,B,D,A,B,B,DADBDBDABB,0.5,0.0,0.0,noisy,random,positive,Pass,red,65.0,5.0,4.0,Pass Box,B,C,C,C,A,D,C,C,C,C,BCCCADCCCC,0.6,STEM Track,0.0,0.0,R,R,R,R,R,R,R,R,R,R,C,RRRRRRRRRRC,0,0,1,0,0,0,0,0,1,"I wanted to become a professional within the STEM field, such as an engineer.",The process tested math skills that were familiar to me though are not used in my day to day work.,STEM Track,1112.0,65,South East Asian,Undergraduate degree (BA/BSc/other),33,Male,Asian,United States,United States,United States,Tagalog-Filipino,No,Full-Time
206,669fdb306d5acea50129ac90,A,C,C,A,D,D,D,C,B,A,ACCADDDCBA,0.4,0.0,0.0,noisy,random,negative,Fail,black,60.0,8.0,8.0,Pass Box,D,B,A,B,B,D,A,B,C,B,DBABBDABCB,0.8,Non-STEM Track,0.0,0.0,R,C,C,C,R,R,C,C,R,R,R,RCCCRRCCRRR,0,0,1,0,0,0,0,0,0,i used my intuitions ,no,Non-STEM Track,1192.0,27,Black/African American,Graduate degree (MA/MSc/MPhil/other),38,Male,Black,United States,United States,United States,English,No,Part-Time
207,5e6424248e335b000af4d6a3,D,D,B,B,D,A,D,B,B,B,DDBBDADBBB,0.3,0.0,0.0,noisy,random,negative,Fail,red,62.0,6.0,5.0,Pass Box,D,B,A,C,B,D,A,B,C,D,DBACBDABCD,1.0,Non-STEM Track,0.0,0.0,R,R,R,C,C,C,C,C,C,C,C,RRRCCCCCCCC,1,0,1,0,0,0,0,0,0,I wanted to see what the other quiz was like and to see how well I would do.,"I thought the process was good, would have like to see how I did after submitting a page",Non-STEM Track,713.0,575,White,Undergraduate degree (BA/BSc/other),27,Male,White,United States,United States,United States,English,DATA_EXPIRED,Part-Time
208,668c8ffbae575baf6cad36f7,D,C,A,C,A,C,C,B,B,B,DCACACCBBB,0.1,0.0,0.0,noisy,random,positive,Fail,red,20.0,2.0,2.0,Fail Box,D,B,A,C,B,D,A,B,C,D,DBACBDABCD,1.0,Non-STEM Track,0.0,0.0,R,R,R,R,R,C,C,C,C,C,C,RRRRRCCCCCC,0,0,1,0,0,0,0,0,0,im not good at stem,it was a good experience,Non-STEM Track,642.0,295,White,Undergraduate degree (BA/BSc/other),43,Male,White,United States,United States,United States,English,No,Full-Time
209,66bb7f23dfeb90cc288bd460,D,B,D,B,C,A,A,C,B,C,DBDBCAACBC,0.2,1.0,12.191,noisy,random,positive,Pass,red,75.0,4.0,2.0,Fail Box,B,D,B,C,B,D,C,C,C,B,BDBCBDCCCB,0.3,STEM Track,0.0,0.0,R,R,R,R,R,C,C,C,C,C,C,RRRRRCCCCCC,0,0,1,0,0,1,0,0,0,I want the chance to continue going if I answered the certain amount correctly.,"The math problems were difficult. I remember learning some of them in school, but that was about 14 years ago.",STEM Track,1189.0,102,White Mexican,High school diploma/A-levels,32,Male,White,United States,United States,United States,English,Yes,Part-Time
210,6662149979f662803eff17de,D,A,,C,D,,,,,,DA_CD_____,0.1,0.0,0.0,noisy,random,ground,Fail,black,50.0,3.0,3.0,Fail Box,B,,A,,,D,C,A,,,B_A__DCA__,0.4,STEM Track,0.0,0.0,R,R,R,R,R,C,C,C,C,C,C,RRRRRCCCCCC,0,0,1,0,0,0,0,0,0,Confident in my ability to earn the higher bonus,Experience was positive,STEM Track,1526.0,560,White,Undergraduate degree (BA/BSc/other),36,Male,White,United States,United States,United States,English,No,Full-Time
211,668ea84ebd40d8a08ffc47ce,C,D,C,C,C,C,A,A,A,D,CDCCCCAAAD,0.1,0.0,0.0,noisy,random,positive,Fail,red,50.0,2.0,3.0,Fail Box,D,B,A,B,B,D,A,B,C,D,DBABBDABCD,0.9,Non-STEM Track,0.0,0.0,R,C,C,C,C,C,C,C,C,C,C,RCCCCCCCCCC,0,1,0,0,0,0,0,0,0,safe-fair-realistic,Math is hard :),Non-STEM Track,868.0,402,White,High school diploma/A-levels,65,Male,White,United States,United States,Italy,English,No,"Not in paid work (e.g. homemaker', 'retired or disabled)"
212,66933bd9ffa8d76ccb02aa43,D,A,A,C,C,B,D,D,B,A,DAACCBDDBA,0.3,0.0,0.0,noisy,random,positive,Pass,red,25.0,2.0,2.0,Fail Box,D,B,A,C,B,D,A,B,C,D,DBACBDABCD,1.0,Non-STEM Track,0.0,0.0,R,R,R,R,R,R,C,R,C,C,C,RRRRRRCRCCC,0,1,0,0,0,0,0,0,0,I’ve never been good with complex stem questions ,I didn’t like the stem but the rest was fun ,Non-STEM Track,679.0,245,White,Undergraduate degree (BA/BSc/other),35,Male,White,United States,United States,United States,English,No,Unemployed (and job seeking)
213,5c9a7872e2a8d00001585513,B,A,B,D,D,B,D,C,A,B,BABDDBDCAB,0.5,0.0,0.0,noisy,random,positive,Pass,black,20.0,2.0,3.0,Pass Box,D,B,A,C,B,D,A,B,C,D,DBACBDABCD,1.0,Non-STEM Track,0.0,0.0,R,R,R,R,C,C,C,C,C,C,C,RRRRCCCCCCC,0,0,1,1,1,0,0,0,0,Easier to get correct answers.,Instructions were a little difficult to understand for the decisions after the STEM quiz.,Non-STEM Track,888.0,1610,White,Undergraduate degree (BA/BSc/other),35,Male,White,United States,United States,United States,English,No,Unemployed (and job seeking)
214,65e398ef884e5dd8e5970152,D,C,A,B,B,A,D,B,A,C,DCABBADBAC,0.3,0.0,0.0,noisy,random,negative,Pass,red,10.0,1.0,1.0,Fail Box,D,B,A,C,B,D,A,B,C,D,DBACBDABCD,1.0,Non-STEM Track,0.0,0.0,R,R,R,R,C,C,C,C,C,C,C,RRRRCCCCCCC,0,0,1,0,0,0,0,0,0,I thought I would perform better.,It was fun.,Non-STEM Track,762.0,819,Latino/Hispanic,Technical/community college,34,Female,Other,United States,United States,United States,English,DATA_EXPIRED,DATA_EXPIRED
215,669b29f514caa691679be385,D,A,B,B,A,B,D,C,C,B,DABBABDCCB,0.7,0.0,0.0,noisy,random,ground,Fail,black,90.0,9.0,9.0,Fail Box,D,B,A,C,B,D,A,B,C,D,DBACBDABCD,1.0,Non-STEM Track,0.0,0.0,R,R,R,R,R,C,C,C,C,C,C,RRRRRCCCCCC,0,0,1,0,1,0,0,0,0,I have never been good at math and I think I am better at other things.,I had fun. It felt like I was back in school again. I wish I knew the purpose of this test.,Non-STEM Track,931.0,199,White,High school diploma/A-levels,22,Male,White,United States,United States,United States,English,Yes,Other
216,661a91f75f980845e760cf62,C,A,A,B,B,B,D,C,C,C,CAABBBDCCC,0.7,0.0,0.0,noisy,random,ground,Pass,red,40.0,5.0,4.0,Pass Box,B,D,C,B,A,D,C,A,C,C,BDCBADCACC,0.7,STEM Track,0.0,0.0,R,R,R,R,C,C,C,C,C,C,C,RRRRCCCCCCC,0,0,1,0,0,0,0,0,0,Better in math than english,"cool survey, liked the questions",STEM Track,1191.0,195,South Asian,Undergraduate degree (BA/BSc/other),23,Male,Asian,Pakistan,United States,United States,Urdu,Yes,Full-Time
217,5d0c46b3dff7d70019e6dda7,D,C,B,C,C,C,,,,,DCBCCC____,0.0,0.0,0.0,noisy,random,negative,Pass,red,0.0,0.0,0.0,Pass Box,D,B,A,C,B,D,A,B,C,D,DBACBDABCD,1.0,Non-STEM Track,0.0,0.0,R,R,R,R,R,C,C,C,C,C,C,RRRRRCCCCCC,0,0,1,0,0,0,0,0,0,I figured it'd be easier,It was easy,Non-STEM Track,841.0,990,White,High school diploma/A-levels,39,Male,White,United States,United States,United States,English,DATA_EXPIRED,DATA_EXPIRED
218,5c1a7f152a85450001a876e0,D,A,B,C,A,A,C,A,C,B,DABCAACACB,0.3,2.0,3.637,noisy,random,negative,Pass,red,2.0,0.0,1.0,Pass Box,D,B,A,C,B,D,A,B,C,D,DBACBDABCD,1.0,Non-STEM Track,1.0,3.991,R,R,R,R,R,R,C,C,C,C,C,RRRRRRCCCCC,0,0,1,0,0,0,0,0,0,My brain is tired,,Non-STEM Track,597.0,4892,Black/African American,Undergraduate degree (BA/BSc/other),56,Male,Black,United States,United States,United States,English,DATA_EXPIRED,DATA_EXPIRED
219,627448a7458cf55c0cdea3bb,C,A,B,B,B,C,C,B,B,B,CABBBCCBBB,0.4,0.0,0.0,noisy,random,positive,Fail,red,20.0,2.0,7.0,Pass Box,D,B,A,C,B,D,A,B,C,D,DBACBDABCD,1.0,Non-STEM Track,0.0,0.0,R,C,C,C,C,C,C,C,C,C,C,RCCCCCCCCCC,0,1,1,0,1,0,0,0,0,"I'm a former foster kid, I did my best in school but it's been a long time and a hard life since then. I went to over 12 schools overall.","It was okay, if I had the tools to do so I would have done a better job but alas my knowledge is still lacking in some crucial areas. ",Non-STEM Track,409.0,2966,White,High school diploma/A-levels,30,Male,White,United States,United States,United States,English,Yes,DATA_EXPIRED
220,668f5c308e23cd8a217c5dfe,B,A,A,B,B,A,C,D,B,B,BAABBACDBB,0.4,0.0,0.0,noisy,random,negative,Pass,red,50.0,4.0,2.0,Pass Box,A,B,A,D,B,D,A,D,C,D,ABADBDADCD,0.7,Non-STEM Track,0.0,0.0,R,R,R,R,R,C,C,C,C,C,C,RRRRRCCCCCC,1,0,1,0,0,0,0,0,0,I chose it because I felt that I could get more right on the Non-STEM track. ,It was good ,Non-STEM Track,603.0,25,White,High school diploma/A-levels,18,Male,White,United States,United States,United States,English,Yes,Other
221,632339023c3bf456b2b2061d,D,B,D,D,B,B,D,C,A,B,DBDDBBDCAB,0.5,0.0,0.0,noisy,random,positive,Fail,red,70.0,6.0,6.0,Fail Box,D,B,A,C,B,D,A,B,C,C,DBACBDABCC,0.9,Non-STEM Track,0.0,0.0,R,R,R,R,R,C,C,C,C,C,C,RRRRRCCCCCC,0,0,1,0,0,1,0,0,0,I didn't trust my ability to get the answers right.,,Non-STEM Track,745.0,302,Latino/Hispanic,High school diploma/A-levels,46,Male,Other,United States,United States,United States,English,No,Full-Time
222,66f1dc27b04f13110f25da48,B,A,A,D,C,C,A,D,D,A,BAADCCADDA,0.1,0.0,0.0,noisy,random,negative,Fail,red,33.0,4.0,4.0,Fail Box,D,B,A,C,B,D,A,B,C,D,DBACBDABCD,1.0,Non-STEM Track,0.0,0.0,R,R,R,R,C,C,C,C,C,C,C,RRRRCCCCCCC,0,0,1,0,1,0,0,0,0,It's been a while since I had to deal with STEM related questions and I felt like I wouldn't be able to properly answer them in the time given to a successful degree.,It was stressful but fun!,Non-STEM Track,704.0,25,White,High school diploma/A-levels,24,Male,White,United States,United States,United States,English,No,DATA_EXPIRED
223,66b2062c8571c93aa39a8abc,C,A,B,C,A,B,C,D,A,A,CABCABCDAA,0.2,0.0,0.0,noisy,random,positive,Fail,red,35.0,2.0,4.0,Fail Box,D,B,A,C,B,D,A,B,C,D,DBACBDABCD,1.0,Non-STEM Track,0.0,0.0,R,R,R,R,C,C,C,C,C,C,C,RRRRCCCCCCC,0,0,1,0,0,1,0,0,0,I was not confident in my ability to answer the stem related questions because I could not remember how to solve a lot of the questions in the first test. ,my experience was fine i just wish i had more time to try and solve the first batch of stem questions. ,Non-STEM Track,1276.0,62,White,High school diploma/A-levels,22,Male,White,United States,United States,United States,English,No,Unemployed (and job seeking)
225,6145a88c94a2c86532d36b0f,A,A,D,B,A,B,C,B,B,C,AADBABCBBC,0.4,0.0,0.0,noisy,random,positive,Fail,red,100.0,5.0,5.0,Pass Box,D,B,A,C,B,D,A,B,C,D,DBACBDABCD,1.0,Non-STEM Track,0.0,0.0,R,R,R,R,R,R,R,R,R,R,C,RRRRRRRRRRC,0,0,0,0,1,0,0,0,0,Math takes much longer ,,Non-STEM Track,856.0,2880,Latino/Hispanic,High school diploma/A-levels,26,Male,Other,United States,United States,United States,English,Yes,Full-Time
226,66b8051213c46524cf76d1a2,D,A,A,B,D,B,D,B,D,B,DAABDBDBDB,0.5,0.0,0.0,noisy,random,positive,Fail,red,50.0,8.0,7.0,Fail Box,B,B,C,C,A,D,C,A,B,C,BBCCADCABC,0.8,STEM Track,0.0,0.0,R,R,R,R,R,R,C,C,C,C,C,RRRRRRCCCCC,0,0,1,0,0,0,0,0,0,I have always done somewhat well in the STEM field previously.,No feedback,STEM Track,881.0,41,White,Undergraduate degree (BA/BSc/other),22,Male,White,United States,United States,United States,English,Yes,DATA_EXPIRED
227,6678c37722059e0a2e718dbb,D,C,C,B,D,C,B,A,C,C,DCCBDCBACC,0.3,0.0,0.0,noisy,random,positive,Fail,red,10.0,2.0,4.0,Fail Box,A,A,A,C,B,B,A,C,C,D,AAACBBACCD,0.6,Non-STEM Track,0.0,0.0,R,R,C,C,C,C,C,C,C,C,C,RRCCCCCCCCC,0,0,1,0,0,0,0,0,0,go big or go home,tough,Non-STEM Track,966.0,185,White,Technical/community college,69,Male,White,United States,United States,United States,English,No,DATA_EXPIRED
229,641c6e365da0d222c4471854,D,A,B,B,C,A,B,B,D,B,DABBCABBDB,0.3,0.0,0.0,noisy,random,positive,Fail,red,90.0,3.0,10.0,Fail Box,D,B,A,C,B,D,A,B,C,D,DBACBDABCD,1.0,Non-STEM Track,0.0,0.0,R,C,C,C,C,C,C,C,C,C,C,RCCCCCCCCCC,0,0,1,0,0,0,0,0,0,I thought it would be a waste of my time as I was not going to get the questions correct.,"I enjoyed it, it was a fun experience.",Non-STEM Track,526.0,414,White,High school diploma/A-levels,20,Male,White,United States,United States,United States,English,DATA_EXPIRED,DATA_EXPIRED
230,66abec2fd3d6ab33fb42bd60,B,D,C,D,B,C,A,D,C,B,BDCDBCADCB,0.4,0.0,0.0,noisy,random,positive,Pass,black,10.0,2.0,3.0,Pass Box,D,B,A,C,B,D,A,B,C,D,DBACBDABCD,1.0,Non-STEM Track,0.0,0.0,R,R,R,R,C,C,C,C,C,C,C,RRRRCCCCCCC,0,0,1,0,0,0,0,0,0,I didn’t really know any of the math questions as it has been years since I’ve done those kind of equations. ,,Non-STEM Track,683.0,227,White,Graduate degree (MA/MSc/MPhil/other),36,Male,White,United States,United States,United States,English,No,Full-Time
231,58578946c41fd90001434680,B,C,B,C,B,C,A,C,C,C,BCBCBCACCC,0.3,0.0,0.0,noisy,random,positive,Pass,red,20.0,2.0,2.0,Fail Box,D,B,A,C,B,D,A,B,C,D,DBACBDABCD,1.0,Non-STEM Track,0.0,0.0,R,R,R,R,R,C,C,C,C,C,C,RRRRRCCCCCC,0,0,1,0,0,0,0,0,0,The math questions were too difficult for me. ,The STEM test was very difficult and honestly made me feel completely out of my element but I know I aced the second test so I feel a bit better about myself.,Non-STEM Track,1125.0,4698,White,High school diploma/A-levels,69,Male,White,United States,United States,United States,English,No,"Not in paid work (e.g. homemaker', 'retired or disabled)"
232,642ee1cb7e6da0f6158a6743,C,B,D,A,A,B,B,B,C,C,CBDAABBBCC,0.2,0.0,0.0,noisy,random,ground,Fail,black,50.0,2.0,3.0,Fail Box,D,B,A,C,B,D,A,B,C,D,DBACBDABCD,1.0,Non-STEM Track,0.0,0.0,R,R,R,R,R,C,C,C,C,C,C,RRRRRCCCCCC,0,0,1,0,0,0,0,0,0,"As much as I enjoy science-math my math skills are absent to solve those problems. I am 63 years old and last college math class was 40 years ago, and thought I would give the non-stem a whirl since I thought my odds of getting a right answer were greater.","That was a challenging stem test for me, the non-stem test seemed way too easy.",Non-STEM Track,1356.0,3142,White,Undergraduate degree (BA/BSc/other),63,Male,White,United States,United States,United States,English,No,"Not in paid work (e.g. homemaker', 'retired or disabled)"
233,664657170bccfb6ddea4249c,D,C,B,D,A,B,C,B,C,B,DCBDABCBCB,0.3,0.0,0.0,noisy,random,ground,Pass,red,2.0,1.0,2.0,Pass Box,D,B,A,C,B,D,A,B,C,D,DBACBDABCD,1.0,Non-STEM Track,0.0,0.0,R,R,R,R,R,R,C,C,C,C,C,RRRRRRCCCCC,0,0,1,0,0,0,0,0,0,I'm stronger with non-STEM subjects.,It was fine.,Non-STEM Track,308.0,597,White,Undergraduate degree (BA/BSc/other),32,Male,White,United States,United States,United States,English,No,Full-Time
236,60a48adfe091e410f4eaba34,A,A,C,A,C,B,B,C,A,B,AACACBBCAB,0.6,0.0,0.0,noisy,random,positive,Pass,red,50.0,3.0,3.0,Fail Box,B,B,A,A,B,B,B,C,B,A,BBAABBBCBA,0.3,STEM Track,0.0,0.0,R,R,R,R,R,C,C,C,C,C,C,RRRRRCCCCCC,0,0,1,0,0,0,0,0,0,I was hoping I could win some money,It was fine,STEM Track,699.0,6659,White,Undergraduate degree (BA/BSc/other),31,Male,White,United States,United States,United States,English,DATA_EXPIRED,DATA_EXPIRED
237,6663c41c8e2b0242b66198ec,B,D,B,B,B,B,D,A,D,A,BDBBBBDADA,0.4,0.0,0.0,noisy,random,positive,Fail,red,50.0,3.0,8.0,Fail Box,B,D,C,A,B,D,C,B,D,C,BDCABDCBDC,0.6,STEM Track,0.0,0.0,R,R,R,R,R,R,C,C,C,C,C,RRRRRRCCCCC,0,0,1,0,0,0,0,0,0,sounded interesting,no,STEM Track,967.0,91,East Asian,Undergraduate degree (BA/BSc/other),42,Male,Asian,United States,United States,United States,English,No,Full-Time
238,5bdbce5593c9ba0001ef52a0,D,A,B,C,C,,,,,,DABCC_____,0.1,0.0,0.0,noisy,random,ground,Pass,red,10.0,0.0,1.0,Pass Box,D,B,A,C,B,D,A,B,C,D,DBACBDABCD,1.0,Non-STEM Track,0.0,0.0,R,R,R,R,C,C,C,C,C,C,C,RRRRCCCCCCC,0,0,1,0,0,0,0,0,0,"I'm horrible at math as soon as it starts involving letters and equations, having repeated one math class twice in high school due to just not 'getting it.'",Good god am I terrible at mathematics.,Non-STEM Track,846.0,3076,White,High school diploma/A-levels,28,Male,White,United States,United States,United States,English,No,Unemployed (and job seeking)
239,628eab48a8c8dc1ecec338dd,A,A,B,C,D,C,D,B,B,B,AABCDCDBBB,0.4,0.0,0.0,noisy,random,negative,Pass,red,50.0,4.0,4.0,Pass Box,B,B,C,C,A,D,C,A,C,C,BBCCADCACC,0.7,STEM Track,0.0,0.0,R,R,R,R,R,C,C,C,C,C,C,RRRRRCCCCCC,0,0,1,0,0,0,0,0,0,Because I enjoy science and environmental issues.,fine. no.,STEM Track,1318.0,3582,White,Undergraduate degree (BA/BSc/other),30,Male,White,United States,United States,United States,English,No,Full-Time
240,615c777509f34c8977bc45a7,A,A,D,B,B,C,D,C,D,B,AADBBCDCDB,0.7,0.0,0.0,noisy,random,positive,Pass,red,87.0,7.0,6.0,Pass Box,D,B,A,C,B,D,A,B,C,D,DBACBDABCD,1.0,Non-STEM Track,0.0,0.0,R,R,R,R,R,R,R,C,C,C,C,RRRRRRRCCCC,0,0,1,1,0,0,0,0,0,"I was not expecting a STEM related exam, to be honest. I was a little burnt out already given it's nearing 7:30pm after doing the first track, hence the non-stem answer.","I might not have done this given the description had it said ""exam related questionnaire"" to be honest. Not a bad thing, necessarily. ",Non-STEM Track,809.0,5247,White,Technical/community college,35,Male,White,United States,United States,United States,English,No,Full-Time
241,65198f8427370d082c643285,A,D,C,C,D,C,C,C,B,C,ADCCDCCCBC,0.3,0.0,0.0,noisy,random,negative,Fail,black,95.0,9.0,9.0,Fail Box,C,C,C,C,C,D,B,C,C,C,CCCCCDBCCC,0.3,STEM Track,0.0,0.0,R,C,C,R,C,R,C,C,C,C,C,RCCRCRCCCCC,0,0,1,0,0,0,0,0,0,"Because, my passion is stem related.","yeah, you should have given us more time to solve the math problem.",STEM Track,806.0,421,Latino/Hispanic,High school diploma/A-levels,21,Male,Other,United States,United States,United States,Spanish,Yes,Part-Time
242,667c6cdf30aebf82d16ebaf6,D,A,B,B,C,B,C,C,B,A,DABBCBCCBA,0.4,0.0,0.0,noisy,random,positive,Fail,red,99.0,5.0,5.0,Pass Box,B,C,A,A,A,D,B,A,B,C,BCAAADBABC,0.7,STEM Track,0.0,0.0,R,R,R,R,R,C,C,C,C,C,C,RRRRRCCCCCC,0,0,0,0,0,0,0,0,1,I have an interest in STEM,NO,STEM Track,1683.0,276,Black/African American,Undergraduate degree (BA/BSc/other),21,Female,Mixed,Ghana,United States,United States,English,Yes,Other
243,6291293b4da216ae257c1867,D,A,C,B,D,B,D,C,C,B,DACBDBDCCB,0.8,2.0,2.261,noisy,random,positive,Pass,black,100.0,10.0,8.0,Pass Box,B,B,C,C,A,D,C,A,C,C,BBCCADCACC,0.7,STEM Track,0.0,0.0,R,R,R,R,R,R,C,C,C,C,C,RRRRRRCCCCC,0,0,1,0,0,0,0,0,0,My background is in STEM.,Everything went well,STEM Track,1760.0,843,White,Undergraduate degree (BA/BSc/other),36,Male,White,United States,United States,United States,English,No,Part-Time
244,5e69d69465f14102e116627b,B,A,C,B,D,B,C,D,B,B,BACBDBCDBB,0.5,0.0,0.0,noisy,random,negative,Pass,red,10.0,3.0,4.0,Fail Box,D,B,A,C,B,D,A,B,C,D,DBACBDABCD,1.0,Non-STEM Track,0.0,0.0,R,R,R,R,C,C,C,C,C,C,C,RRRRCCCCCCC,0,0,1,0,0,0,0,0,0,Felt like I had a better chance on something else after how bad I did on the STEM track.,"The experience was fine, probably not my best performance but I tried my best",Non-STEM Track,972.0,1735,Latino/Hispanic,High school diploma/A-levels,32,Male,Other,United States,United States,Puerto Rico,English,No,Part-Time
245,66da5c48c2eae634acb3ccbe,D,C,D,D,B,C,,,,,DCDDBC____,0.1,1.0,3.327,noisy,random,negative,Pass,red,0.0,0.0,0.0,Pass Box,D,B,A,C,B,D,A,B,C,D,DBACBDABCD,1.0,Non-STEM Track,0.0,0.0,R,R,R,R,R,R,C,C,C,C,C,RRRRRRCCCCC,0,0,1,0,0,0,0,0,0,Im bad at math.,Math is scary lol. Great job!,Non-STEM Track,1381.0,73,Mixed,Technical/community college,45,Female,Black,United States,United States,United States,English,No,Other
246,5e30dae130e5260d9c345bac,C,C,C,C,C,C,C,C,C,C,CCCCCCCCCC,0.3,0.0,0.0,noisy,random,ground,Pass,red,25.0,2.0,2.0,Fail Box,D,B,A,C,B,D,A,B,C,D,DBACBDABCD,1.0,Non-STEM Track,0.0,0.0,R,R,R,R,C,C,C,C,C,C,C,RRRRCCCCCCC,0,1,1,0,0,0,0,0,0,"The first 10 math questions I could probably solve with more time, but I would need a lot more time.",I think most people will fail the 10 math questions in 8 minutes.,Non-STEM Track,660.0,2503,White,Graduate degree (MA/MSc/MPhil/other),43,Male,White,United States,United States,United States,English,No,Full-Time
247,66d5b1868358bf809fcfc0f0,A,C,C,B,A,C,C,B,D,C,ACCBACCBDC,0.3,0.0,0.0,noisy,random,positive,Pass,black,20.0,0.0,3.0,Pass Box,C,C,D,C,B,C,C,B,A,B,CCDCBCCBAB,0.1,STEM Track,0.0,0.0,R,R,R,R,R,R,R,R,R,R,C,RRRRRRRRRRC,0,1,0,0,0,0,1,0,0,I wanted to challenge myself with math.,I feel less confident in math now.  This was definitely a challenge that I was not prepared for.  Had fun trying.,STEM Track,1466.0,39,Black/African American,High school diploma/A-levels,42,Female,Mixed,United States,United States,United States,English,No,Full-Time
248,64077ddd11208afe2bec171a,B,C,B,A,A,D,B,C,D,A,BCBAADBCDA,0.1,0.0,0.0,noisy,random,positive,Fail,red,25.0,3.0,4.0,Fail Box,D,B,A,C,B,D,A,B,C,D,DBACBDABCD,1.0,Non-STEM Track,0.0,0.0,R,R,R,R,R,R,C,C,C,C,C,RRRRRRCCCCC,0,0,1,0,1,0,0,0,0,I didn't believe I could get enough questions on the STEM track correct.,I had a good experience and everything went well.,Non-STEM Track,2456.0,3074,White,High school diploma/A-levels,28,Male,White,United States,United States,United States,English,No,DATA_EXPIRED
249,663ff3e539df6ec6f060f875,A,B,C,B,D,B,C,B,,,ABCBDBCB__,0.4,0.0,0.0,noisy,random,ground,Pass,red,0.0,0.0,0.0,Fail Box,D,B,A,C,B,D,A,B,C,D,DBACBDABCD,1.0,Non-STEM Track,0.0,0.0,C,C,C,C,C,C,C,C,C,C,C,CCCCCCCCCCC,0,0,1,1,0,1,0,0,0,Because I'm terrible at math. I was in school and I still am,"It was very confusing, but enjoyable.",Non-STEM Track,683.0,534,White,High school diploma/A-levels,26,Female,White,United States,United States,United States,English,No,Unemployed (and job seeking)
250,663abe859bcc3ea8ef9bbdf3,A,D,D,D,A,C,B,A,B,A,ADDDACBABA,0.1,0.0,0.0,noisy,random,positive,Fail,red,20.0,2.0,5.0,Not Sure,D,B,A,C,B,D,A,B,C,D,DBACBDABCD,1.0,Non-STEM Track,0.0,0.0,R,R,R,C,C,C,C,C,C,C,C,RRRCCCCCCCC,0,0,1,0,0,0,0,0,0,I wasn't  sure if i would pass the test,it was challenging ,Non-STEM Track,815.0,676,Mixed,Undergraduate degree (BA/BSc/other),58,Female,Black,United States,United States,United States,English,No,"Not in paid work (e.g. homemaker', 'retired or disabled)"
