Submission id,Participant id,Status,Custom study tncs accepted at,Started at,Completed at,Reviewed at,Archived at,Time taken,Completion code,Total approvals,Ethnicity,Highest education level completed,Age,Sex,Ethnicity simplified,Country of birth,Country of residence,Nationality,Language,Student status,Employment status
67b8c044545e8815ee691fda,67acab4438884c095874c5a8,APPROVED,Not Applicable,2025-02-21T18:04:57.952000Z,2025-02-21T18:22:01.998000Z,2025-02-21T18:22:03.575000Z,2025-02-21T18:22:02.761833Z,1025.0,C1BTHULB,5,White,High school diploma/A-levels,25,Female,White,United States,United States,United States,English,No,Part-Time
67b8c12129cb112af5f8d53b,657b13119af722654ad05679,APPROVED,Not Applicable,2025-02-21T18:09:42.238000Z,2025-02-21T18:30:11.973000Z,2025-02-21T18:30:15.571000Z,2025-02-21T18:30:12.864763Z,1230.0,C1BTHULB,845,South East Asian,Undergraduate degree (BA/BSc/other),26,Female,Asian,United States,United States,United States,Vietnamese,No,Unemployed (and job seeking)
67b8c1429cfe02d192b1ab43,607e0606cdc6ca6d24343932,APPROVED,Not Applicable,2025-02-21T18:09:17.281000Z,2025-02-21T18:29:06.430000Z,2025-02-21T18:29:08.370000Z,2025-02-21T18:29:07.150631Z,1190.0,C1BTHULB,419,White,Undergraduate degree (BA/BSc/other),21,Female,White,United States,United States,United States,English,Yes,Part-Time
67b8c174d00fdc54dae74001,65d8795ce590801cad7297be,APPROVED,Not Applicable,2025-02-21T18:10:00.663000Z,2025-02-21T18:21:29.114000Z,2025-02-21T20:56:30.476000Z,2025-02-21T18:21:30.081972Z,689.0,NOCODE,469,White,Undergraduate degree (BA/BSc/other),64,Female,White,United States,United States,United States,English,No,"Not in paid work (e.g. homemaker', 'retired or disabled)"
67b8c22f0720adddb0b8377b,663f24ed23e0359c4d0ba28b,APPROVED,Not Applicable,2025-02-21T18:13:21.194000Z,2025-02-21T18:27:33.273000Z,2025-02-21T18:27:34.290000Z,2025-02-21T18:27:35.857393Z,853.0,C1BTHULB,244,Latino/Hispanic,High school diploma/A-levels,22,Male,Other,United States,United States,United States,Spanish,DATA_EXPIRED,DATA_EXPIRED
67b8c23a39d2e6a516c6ef67,5a7e2829000dab00018c6081,APPROVED,Not Applicable,2025-02-21T18:13:20.378000Z,2025-02-21T18:25:36.348000Z,2025-02-21T18:25:37.148000Z,2025-02-21T18:25:37.066465Z,736.0,C1BTHULB,619,White,Technical/community college,34,Male,White,United States,United States,United States,English,Yes,Unemployed (and job seeking)
67b8c23f0e53ffb7756ae8b8,647652cb5644044df439e1fb,APPROVED,Not Applicable,2025-02-21T18:13:28.318000Z,2025-02-21T18:30:13.558000Z,2025-02-21T18:30:19.198000Z,2025-02-21T18:30:14.094263Z,1006.0,C1BTHULB,2850,White,Undergraduate degree (BA/BSc/other),37,Female,White,United States,United States,United States,English,No,DATA_EXPIRED
67b8c26878b5465086a1caaa,5fc1e71eff237c1f8708ef5a,APPROVED,Not Applicable,2025-02-21T18:14:05.116000Z,2025-02-21T18:27:33.925000Z,2025-02-21T18:27:34.799000Z,2025-02-21T18:27:36.942645Z,809.0,C1BTHULB,5257,White,Undergraduate degree (BA/BSc/other),28,Male,White,United States,United States,United States,English,Yes,DATA_EXPIRED
67b8c27f6751fdc8f62fd9a2,673d25851173193daa4771ca,APPROVED,Not Applicable,2025-02-21T18:14:28.896000Z,2025-02-21T18:28:19.019000Z,2025-02-21T18:28:21.524000Z,2025-02-21T18:28:19.682957Z,831.0,C1BTHULB,287,White,High school diploma/A-levels,30,Female,White,United States,United States,United States,English,No,DATA_EXPIRED
67b8c2882404da2e6f3d07a2,5d474d1fab2d280015bb0110,APPROVED,Not Applicable,2025-02-21T18:14:32.060000Z,2025-02-21T18:23:09.390000Z,2025-02-21T18:23:10.252000Z,2025-02-21T18:23:12.206821Z,518.0,C1BTHULB,2712,East Asian,Graduate degree (MA/MSc/MPhil/other),36,Male,Asian,Vietnam,United States,United States,Chinese,DATA_EXPIRED,DATA_EXPIRED
67b8c28946b98f567fc0d5d7,673cff9ac211051fd40a2c36,APPROVED,Not Applicable,2025-02-21T18:14:39.652000Z,2025-02-21T18:31:03.144000Z,2025-02-21T18:31:03.917000Z,2025-02-21T18:31:03.822821Z,984.0,C1BTHULB,298,Rather not say,Undergraduate degree (BA/BSc/other),27,Male,Other,United States,United States,United States,English,No,Full-Time
67b8c28e228928a1dc7a03fa,6716f4eb2129b8fac0ca5df9,APPROVED,Not Applicable,2025-02-21T18:14:43.300000Z,2025-02-21T18:25:14.888000Z,2025-02-21T18:25:16.301000Z,2025-02-21T18:25:15.489059Z,632.0,C1BTHULB,202,White,Undergraduate degree (BA/BSc/other),24,Female,White,United States,United States,United States,English,Yes,DATA_EXPIRED
67b8c2a37d13fef1f91a8663,65d8e72260facc4cfd7be141,APPROVED,Not Applicable,2025-02-21T18:15:05.838000Z,2025-02-21T18:39:58.370000Z,2025-02-21T18:40:00.214000Z,2025-02-21T18:39:59.125002Z,1493.0,C1BTHULB,310,South East Asian,Undergraduate degree (BA/BSc/other),25,Female,Asian,United States,United States,United States,English,No,Full-Time
67b8c2b41f9f3be9dee85199,60493e65aba91587246602a2,APPROVED,Not Applicable,2025-02-21T18:17:49.962000Z,2025-02-21T18:24:28.632000Z,2025-02-21T18:24:29.512000Z,2025-02-21T18:24:32.427856Z,399.0,C1BTHULB,2830,Latino/Hispanic,Undergraduate degree (BA/BSc/other),71,Male,White,United States,United States,United States,Spanish,No,"Not in paid work (e.g. homemaker', 'retired or disabled)"
67b8c2bf9c662c8622ccbace,66c13ab381431123d64a681f,APPROVED,Not Applicable,2025-02-21T18:15:41.380000Z,2025-02-21T18:24:38.160000Z,2025-02-21T18:24:38.954000Z,2025-02-21T18:24:42.854107Z,537.0,C1BTHULB,599,White,High school diploma/A-levels,44,Female,White,United States,United States,United States,English,DATA_EXPIRED,Unemployed (and job seeking)
67b8c2c2480bf367e39fbf6b,671acb9f5ff5180a6a5dceb3,APPROVED,Not Applicable,2025-02-21T18:15:34.940000Z,2025-02-21T18:29:22.129000Z,2025-02-21T18:29:23.034000Z,2025-02-21T18:29:23.627660Z,828.0,C1BTHULB,53,East Asian,High school diploma/A-levels,35,Male,Asian,United States,United States,United States,English,No,Other
67b8c2c59269ad3ff123826a,5edf2043d53fce1c797d9f5d,APPROVED,Not Applicable,2025-02-21T18:15:37.178000Z,2025-02-21T18:22:09.927000Z,2025-02-21T18:22:10.803000Z,2025-02-21T18:22:10.617041Z,393.0,C1BTHULB,396,White,High school diploma/A-levels,36,Male,White,United States,United States,United States,English,No,DATA_EXPIRED
67b8c2cf7f926a56ea589f7e,67658a37265a0fe50fee083e,APPROVED,Not Applicable,2025-02-21T18:15:55.028000Z,2025-02-21T18:31:58.980000Z,2025-02-21T18:31:59.764000Z,2025-02-21T18:32:01.445922Z,964.0,C1BTHULB,13,White,High school diploma/A-levels,30,Female,White,United States,United States,United States,English,No,Part-Time
67b8c2e9b4d6d399629fe117,672d025f410f6942b1524e97,APPROVED,Not Applicable,2025-02-21T18:16:14.427000Z,2025-02-21T18:29:04.657000Z,2025-02-21T18:29:05.608000Z,2025-02-21T18:29:05.469699Z,771.0,C1BTHULB,9,White,High school diploma/A-levels,27,Female,White,United States,United States,United States,English,No,Part-Time
67b8c2ebc6a3f32c3474639c,63616dc91955f5390f55d39b,APPROVED,Not Applicable,2025-02-21T18:16:18.267000Z,2025-02-21T18:28:57.623000Z,2025-02-21T18:28:58.440000Z,2025-02-21T18:28:58.353838Z,760.0,C1BTHULB,391,White,High school diploma/A-levels,29,Male,White,United States,United States,United States,English,No,Other
67b8c2ec21ed94299d471a2b,671164bf955000afe7f1b681,APPROVED,Not Applicable,2025-02-21T18:16:16.297000Z,2025-02-21T18:34:34.737000Z,2025-02-21T18:34:35.738000Z,2025-02-21T18:34:35.628278Z,1099.0,C1BTHULB,38,White,High school diploma/A-levels,30,Female,White,United States,United States,United States,English,No,Full-Time
67b8c306220e051ad41867d7,6658b487ee74fc67e629df2c,APPROVED,Not Applicable,2025-02-21T18:16:46.978000Z,2025-02-21T18:22:14.443000Z,2025-02-21T18:22:15.238000Z,2025-02-21T18:22:15.156576Z,328.0,C1BTHULB,143,White,Technical/community college,50,Male,White,United States,United States,United States,English,DATA_EXPIRED,DATA_EXPIRED
67b8c30e0720adddb0b837c4,671aa38dd09c66a4c08586d5,APPROVED,Not Applicable,2025-02-21T18:16:51.973000Z,2025-02-21T18:23:19.999000Z,2025-02-21T18:23:21.146000Z,2025-02-21T18:23:23.808352Z,389.0,C1BTHULB,212,White,Undergraduate degree (BA/BSc/other),37,Male,White,United States,United States,United States,English,No,Other
67b8c30e79b1699535ad0349,66d84e02c99eb8bbe8a3eb70,APPROVED,Not Applicable,2025-02-21T18:16:53.412000Z,2025-02-21T18:21:33.744000Z,2025-02-21T20:56:30.757000Z,2025-02-21T18:21:34.743490Z,281.0,C1BTHULB,485,White,Undergraduate degree (BA/BSc/other),40,Female,White,United States,United States,United States,English,No,Full-Time
67b8c3310f20c30a236872b2,67acb019909044b8385e5879,APPROVED,Not Applicable,2025-02-21T18:17:26.957000Z,2025-02-21T18:27:04.083000Z,2025-02-21T18:27:05.122000Z,2025-02-21T18:27:06.579408Z,578.0,C1BTHULB,34,White,Technical/community college,23,Female,White,United States,United States,United States,English,No,"Not in paid work (e.g. homemaker', 'retired or disabled)"
67b8c344923b107823c731ef,66d3cd7f9d78bdbee8f1053c,APPROVED,Not Applicable,2025-02-21T18:17:58.634000Z,2025-02-21T18:29:40.579000Z,2025-02-21T18:29:41.419000Z,2025-02-21T18:29:41.986864Z,702.0,C1BTHULB,324,Mixed,High school diploma/A-levels,19,Female,Mixed,United States,United States,United States,English,No,Unemployed (and job seeking)
67b8c358a978b264b4019a20,669d70875bed73f3e2ce81de,APPROVED,Not Applicable,2025-02-21T18:18:06.213000Z,2025-02-21T18:35:13.843000Z,2025-02-21T18:35:14.547000Z,2025-02-21T18:35:14.447592Z,1028.0,C1BTHULB,413,Native American or Alaskan Native,Secondary education (e.g. GED/GCSE),44,Female,White,United States,United States,United States,English,No,"Not in paid work (e.g. homemaker', 'retired or disabled)"
67b8c35f23e2e66c74cc9287,5cd10012174fc60016c10ffd,APPROVED,Not Applicable,2025-02-21T18:18:18.963000Z,2025-02-21T18:25:50.927000Z,2025-02-21T18:25:51.711000Z,2025-02-21T18:25:55.391802Z,452.0,C1BTHULB,1961,White,Technical/community college,37,Female,White,United States,United States,United States,English,No,Full-Time
67b8c362d26fd5ce65a506cf,649b3ba0c563aa2593be04d7,APPROVED,Not Applicable,2025-02-21T18:18:14.624000Z,2025-02-21T18:26:42.321000Z,2025-02-21T18:26:43.171000Z,2025-02-21T18:26:44.776084Z,508.0,C1BTHULB,1505,White,Undergraduate degree (BA/BSc/other),53,Female,White,United Kingdom,United States,United States,Welsh,DATA_EXPIRED,Other
67b8c37923e2e66c74cc928c,660c9fe7b2e6bf22bcc608b1,APPROVED,Not Applicable,2025-02-21T18:18:41.040000Z,2025-02-21T18:38:51.669000Z,2025-02-21T18:38:52.517000Z,2025-02-21T18:38:52.422661Z,1211.0,C1BTHULB,343,White,High school diploma/A-levels,31,Female,White,United States,United States,United States,English,Yes,Full-Time
67b8c38c1f9f3be9dee851c7,67616d8e6f724ea73d21b44d,APPROVED,Not Applicable,2025-02-21T18:18:56.416000Z,2025-02-21T18:24:16.515000Z,2025-02-21T18:24:17.625000Z,2025-02-21T18:24:19.909893Z,321.0,C1BTHULB,6,White,Undergraduate degree (BA/BSc/other),26,Male,White,United States,United States,United States,English,No,Full-Time
67b8c3912d36a22826e85325,662fc34ba5a75802044a1f81,APPROVED,Not Applicable,2025-02-21T18:19:26.030000Z,2025-02-21T18:36:58.598000Z,2025-02-21T18:36:59.619000Z,2025-02-21T18:37:00.834229Z,1053.0,C1BTHULB,511,Latino/Hispanic,Undergraduate degree (BA/BSc/other),52,Female,White,United States,United States,United States,English,No,Part-Time
67b8c3aad00fdc54dae74078,65b815c60e980bdc150c964b,APPROVED,Not Applicable,2025-02-21T18:19:29.370000Z,2025-02-21T18:40:05.741000Z,2025-02-21T18:40:06.747000Z,2025-02-21T18:40:06.644213Z,1237.0,C1BTHULB,86,Mixed,Graduate degree (MA/MSc/MPhil/other),26,Female,Mixed,United States,United States,United States,English,No,DATA_EXPIRED
67b8c3ae1f9f3be9dee851ce,5a21b5afd5510b0001977f1e,APPROVED,Not Applicable,2025-02-21T18:19:38.871000Z,2025-02-21T18:26:53.940000Z,2025-02-21T18:26:54.704000Z,2025-02-21T18:26:55.367671Z,436.0,C1BTHULB,216,White,Doctorate degree (PhD/other),35,Male,White,Bosnia and Herzegovina,United States,United States,Serbian,No,Full-Time
67b8c3ca5ca74dc127a29b3b,62df7fc27c9e824a7a774103,APPROVED,Not Applicable,2025-02-21T18:20:03.409000Z,2025-02-21T18:33:29.271000Z,2025-02-21T18:33:30.484000Z,2025-02-21T18:33:30.371635Z,806.0,C1BTHULB,1189,White,Undergraduate degree (BA/BSc/other),42,Male,White,United States,United States,United States,English,No,Full-Time
67b8c40289d61a1677bcd299,663171ab19ea2540eadfaadf,APPROVED,Not Applicable,2025-02-21T18:21:01.177000Z,2025-02-21T18:32:06.071000Z,2025-02-21T18:32:07.353000Z,2025-02-21T18:32:08.281545Z,665.0,C1BTHULB,198,Black/African American,High school diploma/A-levels,43,Female,Black,United States,United States,United States,English,No,"Not in paid work (e.g. homemaker', 'retired or disabled)"
67b8c403ba3089bc891a87de,66b66a093af457af36097219,APPROVED,Not Applicable,2025-02-21T18:20:59.001000Z,2025-02-21T18:42:20.397000Z,2025-02-21T18:42:21.691000Z,2025-02-21T18:42:23.602357Z,1282.0,C1BTHULB,184,White,Technical/community college,33,Female,White,United States,United States,United States,English,No,Full-Time
67b8c40968e83f8eed469ad9,60bfd281d3caa11b1cbc27ad,APPROVED,Not Applicable,2025-02-21T18:21:05.441000Z,2025-02-21T18:44:06.747000Z,2025-02-21T18:44:07.546000Z,2025-02-21T18:44:07.452671Z,1382.0,C1BTHULB,276,White,Undergraduate degree (BA/BSc/other),25,Female,White,United States,United States,United States,English,No,Part-Time
67b8c42ad8db65071fb725b5,5ee68971dde4ef4056079287,APPROVED,Not Applicable,2025-02-21T18:22:09.592000Z,2025-02-21T18:29:27.327000Z,2025-02-21T18:29:28.184000Z,2025-02-21T18:29:28.117559Z,438.0,C1BTHULB,6609,White,Undergraduate degree (BA/BSc/other),38,Male,White,United States,United States,United States,English,DATA_EXPIRED,DATA_EXPIRED
67b8c42f6cef6291dd238212,65070a198512d5e5355f8281,APPROVED,Not Applicable,2025-02-21T18:28:23.811000Z,2025-02-21T18:42:07.078000Z,2025-02-21T18:42:08.035000Z,2025-02-21T18:42:08.390941Z,824.0,C1BTHULB,767,Black/African American,Undergraduate degree (BA/BSc/other),55,Male,Black,United States,United States,United States,English,No,Full-Time
67b8c4361f9f3be9dee851e9,666786e72031dd6ccf364b5b,APPROVED,Not Applicable,2025-02-21T18:21:48.310000Z,2025-02-21T18:37:36.937000Z,2025-02-21T18:37:38.686000Z,2025-02-21T18:37:37.782539Z,949.0,C1BTHULB,253,White,High school diploma/A-levels,45,Male,White,United States,United States,United States,English,DATA_EXPIRED,DATA_EXPIRED
67b8c43acf363d5198afb96e,60ce5270f1695ea416c25fc3,APPROVED,Not Applicable,2025-02-21T18:21:54.146000Z,2025-02-21T18:39:46.696000Z,2025-02-21T18:39:47.535000Z,2025-02-21T18:39:47.447688Z,1073.0,C1BTHULB,4362,White,Doctorate degree (PhD/other),69,Male,White,United States,United States,United States,English,No,"Not in paid work (e.g. homemaker', 'retired or disabled)"
67b8c43fa978b264b4019a5e,662e78f04fac8f09690ef409,APPROVED,Not Applicable,2025-02-21T18:21:55.407000Z,2025-02-21T18:33:45.113000Z,2025-02-21T18:33:45.919000Z,2025-02-21T18:33:45.815511Z,710.0,C1BTHULB,952,White,Undergraduate degree (BA/BSc/other),30,Female,White,United States,United States,United States,English,No,Full-Time
67b8c46f7d13fef1f91a86c9,666f9b23519a8d810a4c5b8a,APPROVED,Not Applicable,2025-02-21T18:22:47.028000Z,2025-02-21T18:31:58.903000Z,2025-02-21T18:32:04.956000Z,2025-02-21T18:32:01.751170Z,552.0,C1BTHULB,958,Latino/Hispanic,Technical/community college,24,Male,White,United States,United States,United States,English,DATA_EXPIRED,DATA_EXPIRED
67b8c4757d13fef1f91a86cb,65b523496184c72bb4450dd3,APPROVED,Not Applicable,2025-02-21T18:22:52.127000Z,2025-02-21T18:40:49.567000Z,2025-02-21T18:40:50.425000Z,2025-02-21T18:40:50.336490Z,1078.0,C1BTHULB,947,White,Doctorate degree (PhD/other),53,Female,White,United States,United States,United States,English,DATA_EXPIRED,Part-Time
67b8c4825526ae3d6cd4a579,623537f22ffeb94d58da7a10,APPROVED,Not Applicable,2025-02-21T18:23:04.567000Z,2025-02-21T18:35:20.634000Z,2025-02-21T18:35:23.844000Z,2025-02-21T18:35:21.547596Z,737.0,C1BTHULB,5841,White,High school diploma/A-levels,53,Female,White,United States,United States,United States,English,No,Full-Time
67b8c492a6ec6d3df8d26415,67392b7ab26d5900008e64b9,APPROVED,Not Applicable,2025-02-21T18:23:20.195000Z,2025-02-21T18:38:22.691000Z,2025-02-21T18:38:23.548000Z,2025-02-21T18:38:23.457755Z,903.0,C1BTHULB,456,East Asian,Graduate degree (MA/MSc/MPhil/other),39,Male,Asian,United States,United States,United States,English,DATA_EXPIRED,Unemployed (and job seeking)
67b8c492fd219b0e4a5304aa,67242ff1ff3ad3381947dae2,APPROVED,Not Applicable,2025-02-21T18:23:22.426000Z,2025-02-21T18:43:37.643000Z,2025-02-21T18:43:38.520000Z,2025-02-21T18:43:38.432182Z,1216.0,C1BTHULB,88,White,Undergraduate degree (BA/BSc/other),31,Male,White,United States,United States,United States,English,No,Full-Time
67b8c49bb4e66ce0ddb68dd1,5ef459442f85d701235bf29e,APPROVED,Not Applicable,2025-02-21T18:23:40.825000Z,2025-02-21T18:36:35.431000Z,2025-02-21T18:36:36.289000Z,2025-02-21T18:36:36.197078Z,775.0,C1BTHULB,1071,Latino/Hispanic,Technical/community college,23,Female,White,United States,United States,United States,English,Yes,Full-Time
67b8c4a540d442dbbc847940,5ee6be54321536000905346a,APPROVED,Not Applicable,2025-02-21T18:23:42.215000Z,2025-02-21T18:33:30.947000Z,2025-02-21T18:33:34.583000Z,2025-02-21T18:33:31.652422Z,589.0,C1BTHULB,2679,Mixed,Technical/community college,33,Female,Mixed,United States,United States,United States,English,No,Part-Time
67b8c4a7aa38d77e2d7c9900,5d40da980af3a7001a3ee980,APPROVED,Not Applicable,2025-02-21T18:23:39.152000Z,2025-02-21T18:33:12.133000Z,2025-02-21T18:33:12.915000Z,2025-02-21T18:33:12.841865Z,573.0,C1BTHULB,3760,East Asian,Undergraduate degree (BA/BSc/other),35,Male,Asian,United States,United States,United States,English,No,Full-Time
67b8c4cbb44ef063cd9a87d9,66a0fd20a0cc806dd6cd8e82,APPROVED,Not Applicable,2025-02-21T18:24:15.846000Z,2025-02-21T18:30:25.401000Z,2025-02-21T18:30:26.494000Z,2025-02-21T18:30:26.902166Z,370.0,C1BTHULB,793,Black/African American,Undergraduate degree (BA/BSc/other),43,Male,Black,United States,United States,United States,English,No,Unemployed (and job seeking)
67b8c4d540d442dbbc847947,6700b339b53f86e4335c2d22,APPROVED,Not Applicable,2025-02-21T18:24:37.297000Z,2025-02-21T18:43:04.006000Z,2025-02-21T18:43:04.918000Z,2025-02-21T18:43:05.091452Z,1107.0,C1BTHULB,272,White,High school diploma/A-levels,40,Female,White,United States,United States,United States,English,No,"Not in paid work (e.g. homemaker', 'retired or disabled)"
67b8c4dde1036be8a8f534f6,6507910a65e6208a9bc07908,APPROVED,Not Applicable,2025-02-21T18:24:35.519000Z,2025-02-21T18:33:05.663000Z,2025-02-21T18:33:11.591000Z,2025-02-21T18:33:07.069707Z,511.0,C1BTHULB,1814,White,High school diploma/A-levels,36,Female,White,United States,United States,United States,English,Yes,Full-Time
67b8c4e06fe6025920324b1d,6655f99ef74e844cb8404cfa,APPROVED,Not Applicable,2025-02-21T18:24:43.376000Z,2025-02-21T18:41:19.606000Z,2025-02-21T18:41:21.069000Z,2025-02-21T18:41:20.979281Z,997.0,C1BTHULB,532,African,Undergraduate degree (BA/BSc/other),22,Male,Black,United States,United States,United States,English,DATA_EXPIRED,DATA_EXPIRED
67b8c4f3ad4bbba5ba1eed90,66b52c90e6b2322165c75f2f,APPROVED,Not Applicable,2025-02-21T18:24:55.768000Z,2025-02-21T18:33:03.126000Z,2025-02-21T18:33:06Z,2025-02-21T18:33:03.815397Z,488.0,C1BTHULB,575,South Asian,Undergraduate degree (BA/BSc/other),30,Male,Asian,United States,United States,United States,English,DATA_EXPIRED,DATA_EXPIRED
67b8c4f5312c12cb8f8d6bb1,66904c8f84f641d0432137e2,APPROVED,Not Applicable,2025-02-21T18:24:57.896000Z,2025-02-21T18:49:36.972000Z,2025-02-21T18:49:37.598000Z,2025-02-21T18:49:41.309451Z,1480.0,C1BTHULB,721,White,Undergraduate degree (BA/BSc/other),52,Male,White,United States,United States,United States,English,No,Other
67b8c515733ccb6c0d998e69,59d0acd619d3170001b1d654,APPROVED,Not Applicable,2025-02-21T18:25:30.049000Z,2025-02-21T18:31:32.211000Z,2025-02-21T18:31:33.016000Z,2025-02-21T18:31:34.672490Z,363.0,C1BTHULB,100,White,Undergraduate degree (BA/BSc/other),57,Female,White,United States,United States,United States,English,No,Full-Time
67b8c5229d515e9e7ca08c7b,62865cb9d41a9e2aaf141c84,APPROVED,Not Applicable,2025-02-21T18:25:44.106000Z,2025-02-21T18:37:05.206000Z,2025-02-21T18:37:09.288000Z,2025-02-21T18:37:07.758304Z,682.0,C1BTHULB,4065,White,Technical/community college,33,Male,White,United States,United States,United States,English,No,Full-Time
67b8c52a9cfe02d192b1ac00,615f7e73c786c379ed1a06c7,APPROVED,Not Applicable,2025-02-21T18:25:52.834000Z,2025-02-21T18:39:10.026000Z,2025-02-21T18:39:10.814000Z,2025-02-21T18:39:10.743436Z,798.0,C1BTHULB,3617,White,High school diploma/A-levels,35,Male,White,United States,United States,United States,English,DATA_EXPIRED,DATA_EXPIRED
67b8c52b28936260d29507f7,664c9f50386e6d97c7dd642f,APPROVED,Not Applicable,2025-02-21T18:25:54.243000Z,2025-02-21T18:43:11.945000Z,2025-02-21T18:43:13.028000Z,2025-02-21T18:43:13.974285Z,1038.0,C1BTHULB,615,Latino/Hispanic,Technical/community college,21,Male,Other,United States,United States,Puerto Rico,Spanish,Yes,Part-Time
67b8c52f1adabb1c193cd593,670e94aed6adc76de581775a,APPROVED,Not Applicable,2025-02-21T18:25:59.341000Z,2025-02-21T18:40:39.752000Z,2025-02-21T18:40:40.732000Z,2025-02-21T18:40:40.648369Z,881.0,C1BTHULB,629,White,Technical/community college,56,Female,White,United States,United States,United States,English,No,Full-Time
67b8c532d4f3dde963aa3e50,671865ac3a94e9d478286704,APPROVED,Not Applicable,2025-02-21T18:28:09.385000Z,2025-02-21T18:38:08.703000Z,2025-02-21T18:38:11.884000Z,2025-02-21T18:38:09.426473Z,600.0,C1BTHULB,260,White,Graduate degree (MA/MSc/MPhil/other),31,Female,White,United States,United States,United States,English,No,Full-Time
67b8c536b5e8343b8878287e,666d9f2a367d424d6de2c994,APPROVED,Not Applicable,2025-02-21T18:26:05.672000Z,2025-02-21T18:39:24.466000Z,2025-02-21T18:39:25.385000Z,2025-02-21T18:39:25.296264Z,799.0,C1BTHULB,187,White,High school diploma/A-levels,48,Female,White,United States,United States,United States,English,No,Other
67b8c539e96ac29644300bab,6735456e8034ea7e61eac785,APPROVED,Not Applicable,2025-02-21T18:26:06.636000Z,2025-02-21T18:32:32.486000Z,2025-02-21T18:32:33.545000Z,2025-02-21T18:32:37.583023Z,386.0,C1BTHULB,359,White,Graduate degree (MA/MSc/MPhil/other),27,Female,White,United States,United States,United States,English,No,"Not in paid work (e.g. homemaker', 'retired or disabled)"
67b8c545ffaee09d849d9a5e,603862f99e00971c55fe0874,APPROVED,Not Applicable,2025-02-21T18:26:17.428000Z,2025-02-21T19:01:42.653000Z,2025-02-21T19:01:43.649000Z,2025-02-21T19:01:43.535322Z,2126.0,C1BTHULB,4712,African,Secondary education (e.g. GED/GCSE),34,Male,Black,United States,United States,United States,English,Yes,"Not in paid work (e.g. homemaker', 'retired or disabled)"
67b8c54c736f2bf7b23f910b,65de3f6558e2556c9250e39e,APPROVED,Not Applicable,2025-02-21T18:26:24.718000Z,2025-02-21T18:34:46.194000Z,2025-02-21T18:34:48.020000Z,2025-02-21T18:34:46.938291Z,502.0,C1BTHULB,1131,White,Undergraduate degree (BA/BSc/other),50,Male,White,United States,United States,United States,English,No,Full-Time
67b8c562b00d67d83637e939,66541402baeab50a7ef62b24,APPROVED,Not Applicable,2025-02-21T18:26:46.021000Z,2025-02-21T18:40:20.311000Z,2025-02-21T18:40:21.340000Z,2025-02-21T18:40:21.235133Z,815.0,C1BTHULB,83,Black/African American,Undergraduate degree (BA/BSc/other),27,Female,Black,United States,United States,United States,English,No,Full-Time
67b8c570a978b264b4019aa6,65d8f6828f8bac48599ad880,APPROVED,Not Applicable,2025-02-21T18:27:00.119000Z,2025-02-21T18:41:51.229000Z,2025-02-21T18:41:51.884000Z,2025-02-21T18:41:53.096698Z,892.0,C1BTHULB,905,White,Technical/community college,68,Female,White,United States,United States,United States,English,No,Part-Time
67b8c58814314e1d51e0612b,5adbc172e0feeb0001ca97ed,APPROVED,Not Applicable,2025-02-21T18:28:01.842000Z,2025-02-21T18:45:03.321000Z,2025-02-21T18:45:04.711000Z,2025-02-21T18:45:04.157649Z,1022.0,C1BTHULB,920,Black/African American,Technical/community college,25,Male,Black,United States,United States,United States,English,DATA_EXPIRED,Full-Time
67b8c58ae51cf99b78b1b3e5,6785bda1adcf1ffc11118f8b,APPROVED,Not Applicable,2025-02-21T18:29:20.366000Z,2025-02-21T18:44:42.440000Z,2025-02-21T18:44:43.364000Z,2025-02-21T18:44:44.427957Z,923.0,C1BTHULB,107,White,Graduate degree (MA/MSc/MPhil/other),53,Male,White,United States,United States,United States,English,No,Full-Time
67b8c5928f7983b638e295ff,63fa78f21e485a372c6528fa,APPROVED,Not Applicable,2025-02-21T18:27:34.676000Z,2025-02-21T18:44:47.301000Z,2025-02-21T18:44:48.400000Z,2025-02-21T18:44:48.484840Z,1033.0,C1BTHULB,2551,White,High school diploma/A-levels,52,Male,White,United States,United States,United States,English,No,Part-Time
67b8c59a4313f74bdde34ec1,5be8d4af25507300010dd4e4,APPROVED,Not Applicable,2025-02-21T18:27:47.903000Z,2025-02-21T18:38:30.714000Z,2025-02-21T18:38:34.080000Z,2025-02-21T18:38:31.826952Z,643.0,C1BTHULB,8433,White,Undergraduate degree (BA/BSc/other),51,Female,White,United States,United States,United States,English,DATA_EXPIRED,Part-Time
67b8c5a578b5465086a1cb7a,6788402da6c55d9dd238844f,APPROVED,Not Applicable,2025-02-21T18:27:54.906000Z,2025-02-21T18:52:01.206000Z,2025-02-21T18:52:02.193000Z,2025-02-21T18:52:02.277552Z,1447.0,C1BTHULB,135,White,Graduate degree (MA/MSc/MPhil/other),31,Male,White,United States,United States,United States,English,No,Part-Time
67b8c5a5de30a4cac54e3b3e,668ee52b567962714864dbf6,APPROVED,Not Applicable,2025-02-21T18:27:56.022000Z,2025-02-21T18:38:17.514000Z,2025-02-21T18:38:18.560000Z,2025-02-21T18:38:19.147772Z,622.0,C1BTHULB,68,White,Undergraduate degree (BA/BSc/other),33,Female,White,United States,United States,United States,English,DATA_EXPIRED,DATA_EXPIRED
67b8c5a67ac0b251cac0cccb,66c094144b460dacc828e656,APPROVED,Not Applicable,2025-02-21T18:28:00.052000Z,2025-02-21T19:02:46.787000Z,2025-02-21T19:02:47.741000Z,2025-02-21T19:02:47.594893Z,2087.0,C1BTHULB,13,White,Technical/community college,45,Female,White,United States,United States,United States,English,No,Unemployed (and job seeking)
67b8c5aca978b264b4019ab1,660f099f1453895752656b26,APPROVED,Not Applicable,2025-02-21T18:28:04.014000Z,2025-02-21T18:33:46.848000Z,2025-02-21T18:33:47.630000Z,2025-02-21T18:33:47.549779Z,343.0,C1BTHULB,313,Mixed,Undergraduate degree (BA/BSc/other),24,Male,White,United States,United States,United States,English,DATA_EXPIRED,Full-Time
67b8c5af9d515e9e7ca08c95,67b787bf89834d38bd767a57,APPROVED,Not Applicable,2025-02-21T18:28:11.660000Z,2025-02-21T18:40:18.540000Z,2025-02-21T18:40:19.518000Z,2025-02-21T18:40:19.441144Z,727.0,C1BTHULB,1,White,High school diploma/A-levels,57,Female,White,United States,United States,United States,English,No,"Not in paid work (e.g. homemaker', 'retired or disabled)"
67b8c5b35526ae3d6cd4a5b5,5f63a30a09bd340c84c6688d,APPROVED,Not Applicable,2025-02-21T18:28:08.231000Z,2025-02-21T18:41:52.871000Z,2025-02-21T18:41:53.771000Z,2025-02-21T18:41:56.569233Z,825.0,C1BTHULB,2196,White,Secondary education (e.g. GED/GCSE),46,Female,White,United States,United States,United States,English,Yes,Other
67b8c5b5eaa22b9e7cebeec8,63b724532ff8f6701c3fd84c,APPROVED,Not Applicable,2025-02-21T18:28:09.401000Z,2025-02-21T18:41:25.030000Z,2025-02-21T18:41:25.872000Z,2025-02-21T18:41:25.921162Z,796.0,C1BTHULB,1476,White,High school diploma/A-levels,23,Male,White,United States,United States,United States,English,No,Unemployed (and job seeking)
67b8c5ba59837b2be340005a,6612fe43da966114e65215b6,APPROVED,Not Applicable,2025-02-21T18:28:14.887000Z,2025-02-21T18:46:27.714000Z,2025-02-21T18:46:31.590000Z,2025-02-21T18:46:28.555414Z,1093.0,C1BTHULB,255,White,High school diploma/A-levels,46,Female,White,United States,United States,United States,English,No,Unemployed (and job seeking)
67b8c5c0bf86072c280bed7b,66316ac602a513e2e74d5bdc,APPROVED,Not Applicable,2025-02-21T18:28:21.750000Z,2025-02-21T18:42:26.309000Z,2025-02-21T18:42:26.989000Z,2025-02-21T18:42:27.627540Z,845.0,C1BTHULB,1482,East Asian,Graduate degree (MA/MSc/MPhil/other),30,Male,Asian,United States,United States,United States,English,No,Full-Time
67b8c5c597fdf91faaf29775,6647e35a6fd9fa329d3dd13d,APPROVED,Not Applicable,2025-02-21T18:28:24.626000Z,2025-02-21T18:43:49.481000Z,2025-02-21T18:43:51.273000Z,2025-02-21T18:43:51.164247Z,925.0,C1BTHULB,576,Latino/Hispanic,High school diploma/A-levels,29,Male,Other,United States,United States,United States,English,DATA_EXPIRED,DATA_EXPIRED
67b8c5e6b6ce477d9dcacee2,5ee93810c5c13215484b8336,APPROVED,Not Applicable,2025-02-21T18:29:01.679000Z,2025-02-21T18:38:57.313000Z,2025-02-21T18:38:58.357000Z,2025-02-21T18:38:58.344956Z,596.0,C1BTHULB,1278,White,Graduate degree (MA/MSc/MPhil/other),65,Female,White,United States,United States,United States,Greek,DATA_EXPIRED,DATA_EXPIRED
67b8c5e7be31157adc75f2a7,5904f5ca56cdc40001bc5629,APPROVED,Not Applicable,2025-02-21T18:29:00.800000Z,2025-02-21T18:52:13.181000Z,2025-02-21T18:52:13.895000Z,2025-02-21T18:52:14.246060Z,1393.0,C1BTHULB,4032,White,Undergraduate degree (BA/BSc/other),34,Male,White,United States,United States,United States,English,No,DATA_EXPIRED
67b8c5e8e51cf99b78b1b3fe,663d1309389a0851c125d533,APPROVED,Not Applicable,2025-02-21T18:29:02.637000Z,2025-02-21T18:43:46.440000Z,2025-02-21T18:43:52.523000Z,2025-02-21T18:43:47.106664Z,884.0,C1BTHULB,1398,White,Undergraduate degree (BA/BSc/other),52,Female,White,United States,United States,United States,English,No,Unemployed (and job seeking)
67b8c5efcb4917ec39471a5a,647a83a04c8d2f49c0315d78,APPROVED,Not Applicable,2025-02-21T18:29:17.746000Z,2025-02-21T18:43:01.959000Z,2025-02-21T18:43:02.893000Z,2025-02-21T18:43:03.480691Z,825.0,C1BTHULB,205,White,Undergraduate degree (BA/BSc/other),51,Female,White,United States,United States,United States,English,DATA_EXPIRED,DATA_EXPIRED
67b8c5fe63d23618113f9df3,568c67547374ad000cc7448c,APPROVED,Not Applicable,2025-02-21T18:29:38.589000Z,2025-02-21T18:38:13.457000Z,2025-02-21T18:38:14.358000Z,2025-02-21T18:38:14.930554Z,515.0,C1BTHULB,5456,White,Undergraduate degree (BA/BSc/other),42,Male,White,United States,United States,United States,English,No,Full-Time
67b8c613d199a667006550e7,5a4f2098efd8df000150f6f5,APPROVED,Not Applicable,2025-02-21T18:29:42.396000Z,2025-02-21T18:37:14.505000Z,2025-02-21T18:37:15.448000Z,2025-02-21T18:37:15.363651Z,453.0,C1BTHULB,1137,White,Undergraduate degree (BA/BSc/other),32,Female,White,United States,United States,United States,English,No,Full-Time
67b8c6249070c001463f9e1e,661426c6e03c5d3abd69e1db,APPROVED,Not Applicable,2025-02-21T18:30:01.762000Z,2025-02-21T18:36:04.608000Z,2025-02-21T18:36:08.044000Z,2025-02-21T18:36:05.263277Z,363.0,C1BTHULB,466,White,Undergraduate degree (BA/BSc/other),41,Male,White,United States,United States,United States,English,DATA_EXPIRED,DATA_EXPIRED
67b8c62fe127ea8cac469476,65f0f53fc90e2366538c6ee3,APPROVED,Not Applicable,2025-02-21T18:30:12.687000Z,2025-02-21T18:40:29.782000Z,2025-02-21T18:40:30.548000Z,2025-02-21T18:40:30.471302Z,618.0,C1BTHULB,920,White,Graduate degree (MA/MSc/MPhil/other),39,Female,White,United States,United States,United States,English,No,Full-Time
67b8c6311adabb1c193cd5d6,62fcffbc11c3ca6d273448b1,APPROVED,Not Applicable,2025-02-21T18:30:14.245000Z,2025-02-21T18:46:13.849000Z,2025-02-21T18:46:14.662000Z,2025-02-21T18:46:14.717802Z,960.0,C1BTHULB,1386,White,Technical/community college,63,Female,White,United States,United States,United States,English,No,Part-Time
67b8c631b001e4025ef53354,654673a478fa48783a0ad5bc,APPROVED,Not Applicable,2025-02-21T18:30:14.294000Z,2025-02-21T18:42:19.313000Z,2025-02-21T18:42:20.048000Z,2025-02-21T18:42:21.315691Z,726.0,C1BTHULB,1267,South East Asian,Technical/community college,44,Female,Asian,United States,United States,Vietnam,English,No,Full-Time
67b8c632fdfd6b9436d14190,662e86c0ca96b47a056ccd7b,APPROVED,Not Applicable,2025-02-21T18:30:16.534000Z,2025-02-21T18:37:03.846000Z,2025-02-21T18:37:04.641000Z,2025-02-21T18:37:05.528851Z,408.0,C1BTHULB,818,White,High school diploma/A-levels,65,Female,White,United States,United States,United States,English,No,Part-Time
67b8c637543047ab70019aad,5c8e72856243bb0001dcdea2,APPROVED,Not Applicable,2025-02-21T18:34:47.269000Z,2025-02-21T18:40:09.014000Z,2025-02-21T18:40:09.798000Z,2025-02-21T18:40:09.696245Z,322.0,C1BTHULB,8325,White,Undergraduate degree (BA/BSc/other),35,Male,White,United States,United States,United States,English,No,Full-Time
67b8c63d3033ab28bcffcbbc,62e1ede63f23cc2eb6170242,APPROVED,Not Applicable,2025-02-21T18:30:26.642000Z,2025-02-21T18:42:10.923000Z,2025-02-21T18:42:11.915000Z,2025-02-21T18:42:13.390791Z,705.0,C1BTHULB,2640,Black/African American,High school diploma/A-levels,38,Male,Black,United States,United States,United States,English,No,Due to start a new job within the next month
67b8c64416f48b530e1db928,6704334ef187df81b8e245e5,APPROVED,Not Applicable,2025-02-21T18:30:35.532000Z,2025-02-21T18:45:33.917000Z,2025-02-21T18:45:34.855000Z,2025-02-21T18:45:35.090700Z,899.0,C1BTHULB,34,Native American or Alaskan Native,Undergraduate degree (BA/BSc/other),55,Female,Other,United States,United States,United States,English,No,Full-Time
67b8c64492966cc39fc13629,5b55eeb26a1fa9000103b417,APPROVED,Not Applicable,2025-02-21T18:30:40.022000Z,2025-02-21T18:51:39.403000Z,2025-02-21T18:51:42.506000Z,2025-02-21T18:51:40.050850Z,1260.0,C1BTHULB,1419,White,Undergraduate degree (BA/BSc/other),51,Female,White,United States,United States,United States,English,No,DATA_EXPIRED
67b8c65fed814df56dd26dae,66aa5f875e073b2ff9868c6b,APPROVED,Not Applicable,2025-02-21T18:31:08.485000Z,2025-02-21T18:52:59.337000Z,2025-02-21T18:53:00.327000Z,2025-02-21T18:53:00.552021Z,1311.0,C1BTHULB,684,Black/African American,High school diploma/A-levels,40,Female,Black,United States,United States,United States,English,No,DATA_EXPIRED
67b8c660e51cf99b78b1b411,674d63d07077fd1293899615,APPROVED,Not Applicable,2025-02-21T18:31:02.764000Z,2025-02-21T18:41:24.535000Z,2025-02-21T18:41:25.393000Z,2025-02-21T18:41:25.279436Z,622.0,C1BTHULB,164,Mixed,Technical/community college,25,Male,Mixed,United States,United States,United States,English,Yes,Full-Time
67b8c666feee7b17b473e7aa,6748a63d679deb8bd2e9cafb,APPROVED,Not Applicable,2025-02-21T18:37:31.693000Z,2025-02-21T18:53:14.975000Z,2025-02-21T18:53:15.965000Z,2025-02-21T18:53:15.765316Z,944.0,C1BTHULB,213,East Asian,Undergraduate degree (BA/BSc/other),64,Female,Asian,China,United States,United States,English,No,Full-Time
67b8c686828f5868f4c794b5,606be651a89a7baf6141e8b9,APPROVED,Not Applicable,2025-02-21T18:31:37.788000Z,2025-02-21T18:34:49.535000Z,2025-02-21T20:56:31.063000Z,2025-02-21T18:34:50.373890Z,192.0,C1BTHULB,4626,African,Graduate degree (MA/MSc/MPhil/other),28,Female,Black,United States,United States,United States,English,Yes,Full-Time
67b8c687e4e9538179fe3491,676379302839a2e46a4d6de5,APPROVED,Not Applicable,2025-02-21T18:31:41.905000Z,2025-02-21T18:43:44.516000Z,2025-02-21T18:43:47.567000Z,2025-02-21T18:43:45.172856Z,723.0,C1BTHULB,158,Mixed,Undergraduate degree (BA/BSc/other),29,Male,Mixed,United States,United States,United States,English,No,Full-Time
67b8c69a6ef0865fbc1867b3,66b7d8f1b8226e65dab2d674,APPROVED,Not Applicable,2025-02-21T18:32:01.272000Z,2025-02-21T18:48:54.703000Z,2025-02-21T18:49:40.771000Z,2025-02-21T18:48:56.329809Z,1014.0,C1BTHULB,1018,White,High school diploma/A-levels,33,Male,White,United States,United States,United States,English,No,Unemployed (and job seeking)
67b8c6ac115724fdcb15b689,66293e1a129d3f87aa344b26,APPROVED,Not Applicable,2025-02-21T18:32:16.966000Z,2025-02-21T19:00:52.189000Z,2025-02-21T19:00:53.224000Z,2025-02-21T19:00:53.113698Z,1716.0,C1BTHULB,776,White,Graduate degree (MA/MSc/MPhil/other),53,Male,White,United States,United States,United States,English,No,Full-Time
67b8c6afbb76f66eac521f11,5d28e765ebdfd5000127cfdb,APPROVED,Not Applicable,2025-02-21T18:32:20.829000Z,2025-02-21T18:45:21.213000Z,2025-02-21T18:45:22.202000Z,2025-02-21T18:45:23.157891Z,781.0,C1BTHULB,2864,White,Undergraduate degree (BA/BSc/other),38,Female,White,United States,United States,United States,English,No,DATA_EXPIRED
67b8c6b016f48b530e1db942,674e00e2603903212864189b,APPROVED,Not Applicable,2025-02-21T18:32:24.562000Z,2025-02-21T18:49:20.050000Z,2025-02-21T18:49:21.048000Z,2025-02-21T18:49:28.295402Z,1016.0,C1BTHULB,30,Mixed,Technical/community college,32,Female,White,United States,United States,United States,English,Yes,Full-Time
67b8c6b05526ae3d6cd4a5d9,6703dfc4ad5997b1fef3dd71,APPROVED,Not Applicable,2025-02-21T18:32:23.978000Z,2025-02-21T18:39:21.416000Z,2025-02-21T18:39:22.183000Z,2025-02-21T18:39:22.192645Z,418.0,C1BTHULB,86,White,Technical/community college,29,Female,White,United States,United States,United States,English,No,Due to start a new job within the next month
67b8c6b813073c909c37ea55,66854dba287fdc346be76462,APPROVED,Not Applicable,2025-02-21T18:32:31.358000Z,2025-02-21T18:44:41.363000Z,2025-02-21T18:44:42.295000Z,2025-02-21T18:44:42.208655Z,731.0,C1BTHULB,323,White,Graduate degree (MA/MSc/MPhil/other),48,Female,White,United States,United States,United States,English,No,Full-Time
67b8c6caffa62f549e1762f8,5d391bc980ccd20018ac4006,APPROVED,Not Applicable,2025-02-21T18:32:47.329000Z,2025-02-21T18:43:00.672000Z,2025-02-21T18:43:02.148000Z,2025-02-21T18:43:02.029689Z,614.0,C1BTHULB,2945,White,Technical/community college,40,Male,White,United States,United States,United States,English,DATA_EXPIRED,DATA_EXPIRED
67b8c6d23d382a15a35c2a27,5a9c44d2f05361000172055b,APPROVED,Not Applicable,2025-02-21T18:32:57.344000Z,2025-02-21T18:52:36.527000Z,2025-02-21T18:52:37.231000Z,2025-02-21T18:52:37.255682Z,1180.0,C1BTHULB,4279,Latino/Hispanic,Undergraduate degree (BA/BSc/other),35,Male,Mixed,United States,United States,United States,English,No,Full-Time
67b8c700597adade64be3c7d,5f4d5dcac7c1d116643efed3,APPROVED,Not Applicable,2025-02-21T18:33:40.680000Z,2025-02-21T18:46:15.699000Z,2025-02-21T18:46:16.472000Z,2025-02-21T18:46:17.710983Z,756.0,C1BTHULB,3340,White,High school diploma/A-levels,29,Male,White,United States,United States,United States,English,DATA_EXPIRED,DATA_EXPIRED
67b8c71b29cb112af5f8d6a6,677fd09ce5d952ab05b2c304,APPROVED,Not Applicable,2025-02-21T18:34:16.621000Z,2025-02-21T18:42:33.329000Z,2025-02-21T18:42:34.327000Z,2025-02-21T18:42:34.217169Z,497.0,C1BTHULB,162,White,Undergraduate degree (BA/BSc/other),26,Male,White,United States,United States,United States,English,No,Full-Time
67b8c71ef01d20625dde15cc,655f8b959477c803eb906622,APPROVED,Not Applicable,2025-02-21T18:34:34.275000Z,2025-02-21T18:50:40.034000Z,2025-02-21T18:50:41.829000Z,2025-02-21T18:50:40.815639Z,966.0,C1BTHULB,1236,Middle Eastern,High school diploma/A-levels,21,Female,Asian,United Arab Emirates,United States,United States,Arabic,Yes,Unemployed (and job seeking)
67b8c7294c4cd64fdbb72dcd,659b022a91e97f5662907a19,APPROVED,Not Applicable,2025-02-21T18:34:34.197000Z,2025-02-21T18:51:54.910000Z,2025-02-21T18:51:55.729000Z,2025-02-21T18:51:56.633407Z,1041.0,C1BTHULB,1830,White,Technical/community college,22,Female,White,United States,United States,United States,English,Yes,Other
67b8c72b7a714f13a5cc89f7,645396c0550cfd6559004c7e,APPROVED,Not Applicable,2025-02-21T18:34:23.532000Z,2025-02-21T18:50:14.046000Z,2025-02-21T18:50:16.156000Z,2025-02-21T18:50:15.136275Z,951.0,C1BTHULB,1373,White,Undergraduate degree (BA/BSc/other),63,Male,White,United States,United States,United States,English,No,"Not in paid work (e.g. homemaker', 'retired or disabled)"
67b8c736ddf606d4f6589d9f,66cb66d0d697092a732e6a86,APPROVED,Not Applicable,2025-02-21T18:34:35.008000Z,2025-02-21T18:45:54.796000Z,2025-02-21T18:45:55.664000Z,2025-02-21T18:45:55.573829Z,680.0,C1BTHULB,148,East Asian,Undergraduate degree (BA/BSc/other),22,Female,Asian,United States,United States,United States,English,Yes,Unemployed (and job seeking)
67b8c73c4e6157786e6ae374,64d507d3280007709d2e2e65,APPROVED,Not Applicable,2025-02-21T18:34:43.766000Z,2025-02-21T18:52:27.828000Z,2025-02-21T18:52:28.681000Z,2025-02-21T18:52:29.277968Z,1065.0,C1BTHULB,1046,White,Technical/community college,49,Female,White,United States,United States,United States,English,No,"Not in paid work (e.g. homemaker', 'retired or disabled)"
67b8c758d5eec5a548ebf434,5bb4d7270c8de800012a9dbf,APPROVED,Not Applicable,2025-02-21T18:35:11.995000Z,2025-02-21T18:58:10.564000Z,2025-02-21T18:58:11.250000Z,2025-02-21T18:58:11.127365Z,1379.0,C1BTHULB,5,Black/African American,Technical/community college,45,Female,Black,United States,United States,United States,English,No,Part-Time
67b8c77a73c9442bd4998956,5df2be706e8aab1d1eb46feb,APPROVED,Not Applicable,2025-02-21T18:35:38.331000Z,2025-02-21T18:53:20.116000Z,2025-02-21T18:53:20.895000Z,2025-02-21T18:53:21.603268Z,1062.0,C1BTHULB,4630,Latino/Hispanic,Undergraduate degree (BA/BSc/other),35,Male,Mixed,United States,United States,United States,English,No,Full-Time
67b8c7836be8fc3261c8fdf7,6630c32c655e37e8b8d59960,APPROVED,Not Applicable,2025-02-21T18:35:51.854000Z,2025-02-21T18:49:47.428000Z,2025-02-21T18:49:48.412000Z,2025-02-21T18:49:48.197704Z,836.0,C1BTHULB,504,White,Graduate degree (MA/MSc/MPhil/other),24,Female,White,United States,United States,United States,English,No,Full-Time
67b8c79247b6f13510e2902a,654801d7edc99624b1884ce3,APPROVED,Not Applicable,2025-02-21T18:36:10.072000Z,2025-02-21T18:51:14.243000Z,2025-02-21T18:51:18.726000Z,2025-02-21T18:51:14.924376Z,905.0,C1BTHULB,348,Black/African American,Undergraduate degree (BA/BSc/other),26,Female,Black,United States,United States,United States,English,No,Part-Time
67b8c796ac861ea60551e831,671a5b360bf8a1c64ef3f4d9,APPROVED,Not Applicable,2025-02-21T18:36:10.527000Z,2025-02-21T18:46:03.419000Z,2025-02-21T18:46:04.313000Z,2025-02-21T18:46:04.220479Z,593.0,C1BTHULB,481,White,Undergraduate degree (BA/BSc/other),30,Female,White,United States,United States,United States,English,No,Full-Time
67b8c7a29070c001463f9e52,67ad344193ea61fa1a397889,APPROVED,Not Applicable,2025-02-21T18:36:39.097000Z,2025-02-21T18:50:17.011000Z,2025-02-21T18:50:18.350000Z,2025-02-21T18:50:18.910692Z,818.0,C1BTHULB,7,White,High school diploma/A-levels,26,Female,White,United States,United States,United States,English,No,"Not in paid work (e.g. homemaker', 'retired or disabled)"
67b8c7a83d009669a45f3ef8,65d5a83a5201759c010e1817,APPROVED,Not Applicable,2025-02-21T18:36:46.434000Z,2025-02-21T19:00:30.937000Z,2025-02-21T19:00:39.961000Z,2025-02-21T19:00:40.479432Z,1425.0,C1BTHULB,475,South East Asian,Technical/community college,41,Female,Asian,Philippines,United States,United States,Tagalog-Filipino,No,Part-Time
67b8c7ab417fa56f32be2b77,5cad01a91bf1840018cfabc5,APPROVED,Not Applicable,2025-02-21T18:36:34.365000Z,2025-02-21T18:42:18.571000Z,2025-02-21T18:42:19.604000Z,2025-02-21T18:42:20.487208Z,345.0,C1BTHULB,6625,White,Undergraduate degree (BA/BSc/other),51,Female,White,United States,United States,United States,English,No,Full-Time
67b8c7b66dedfe74548b1623,57d02ffb596f5d0001df741f,APPROVED,Not Applicable,2025-02-21T18:36:56.034000Z,2025-02-21T18:51:20.069000Z,2025-02-21T18:51:20.919000Z,2025-02-21T18:51:21.948556Z,865.0,C1BTHULB,1771,Mixed,High school diploma/A-levels,35,Male,Mixed,United States,United States,United States,English,No,"Not in paid work (e.g. homemaker', 'retired or disabled)"
67b8c7c5b57365a71cedab00,66e32820161dbc2134712ee7,APPROVED,Not Applicable,2025-02-21T18:37:04.742000Z,2025-02-21T18:55:02.244000Z,2025-02-21T18:55:04.590000Z,2025-02-21T18:55:03.027860Z,1078.0,C1BTHULB,482,White,Technical/community college,45,Female,White,United States,United States,United States,English,No,Part-Time
67b8c7cc829da03928cf5fa3,677c3e75394b977738ddc32d,APPROVED,Not Applicable,2025-02-21T18:37:06.391000Z,2025-02-21T18:47:35.312000Z,2025-02-21T18:47:38.638000Z,2025-02-21T18:47:36.076258Z,629.0,C1BTHULB,45,White,Technical/community college,39,Female,White,United Kingdom,United States,United States,English,No,Full-Time
67b8c7ea3662fcc16b198e68,5a82032017ef350001706e9a,APPROVED,Not Applicable,2025-02-21T18:37:38.166000Z,2025-02-21T18:55:40.070000Z,2025-02-21T18:55:40.936000Z,2025-02-21T18:55:40.944283Z,1082.0,C1BTHULB,1340,White,High school diploma/A-levels,26,Male,White,United States,United States,United States,English,No,Unemployed (and job seeking)
67b8c7ec578a6bcbe83851a2,5e9ffe3988f78b1b0710eff6,APPROVED,Not Applicable,2025-02-21T18:37:37.488000Z,2025-02-21T18:46:56.116000Z,2025-02-21T18:46:56.957000Z,2025-02-21T18:46:58.043104Z,559.0,C1BTHULB,1704,White,Doctorate degree (PhD/other),54,Male,White,United States,United States,United States,English,DATA_EXPIRED,Part-Time
67b8c7f165647ec7df256c32,559ecce6fdf99b16653fb880,APPROVED,Not Applicable,2025-02-21T18:37:42.787000Z,2025-02-21T18:51:43.493000Z,2025-02-21T18:51:44.225000Z,2025-02-21T18:51:44.157992Z,841.0,C1BTHULB,1472,White,Undergraduate degree (BA/BSc/other),32,Male,White,United States,United States,United States,English,No,Full-Time
67b8c7f338e380122934926a,67105a872efb255dac1f775c,APPROVED,Not Applicable,2025-02-21T18:37:45.271000Z,2025-02-21T18:51:50.957000Z,2025-02-21T18:51:55.047000Z,2025-02-21T18:51:52.365434Z,846.0,C1BTHULB,616,White,Undergraduate degree (BA/BSc/other),44,Female,White,United States,United States,United States,English,No,"Not in paid work (e.g. homemaker', 'retired or disabled)"
67b8c80629cb112af5f8d6dc,5d30cabd5124970019cb706c,APPROVED,Not Applicable,2025-02-21T18:47:22.403000Z,2025-02-21T19:24:33.305000Z,2025-02-21T19:24:36.167000Z,2025-02-21T19:24:34.570876Z,2231.0,C1BTHULB,2669,Latino/Hispanic,Technical/community college,30,Male,Mixed,United States,United States,United States,Spanish,DATA_EXPIRED,DATA_EXPIRED
67b8c81677e78932161b5222,66c7e44e327c32a60a4dda61,APPROVED,Not Applicable,2025-02-21T18:38:23.820000Z,2025-02-21T18:44:07.016000Z,2025-02-21T18:44:12.644000Z,2025-02-21T18:44:07.529758Z,344.0,C1BTHULB,570,White,Technical/community college,41,Female,White,United States,United States,United States,English,No,DATA_EXPIRED
67b8c819172b6b146e999975,65f366dfcb46b71238e9418d,APPROVED,Not Applicable,2025-02-21T18:38:24.670000Z,2025-02-21T18:51:17.006000Z,2025-02-21T18:51:22.867000Z,2025-02-21T18:51:19.493107Z,773.0,C1BTHULB,929,Black/African American,High school diploma/A-levels,28,Male,Black,United States,United States,United States,English,No,Full-Time
67b8c81c312c12cb8f8d6c44,67630f751df95f8fb373e275,APPROVED,Not Applicable,2025-02-21T18:41:17.362000Z,2025-02-21T18:55:41.730000Z,2025-02-21T18:55:42.494000Z,2025-02-21T18:55:42.379321Z,865.0,C1BTHULB,186,White,Technical/community college,61,Male,White,Poland,United States,United States,Polish,No,Full-Time
67b8c82d263fee963fe8d998,61041fc93ff9b89a9d7c47cc,APPROVED,Not Applicable,2025-02-21T18:38:43.234000Z,2025-02-21T18:46:45.400000Z,2025-02-21T18:46:46.278000Z,2025-02-21T18:46:47.855158Z,483.0,C1BTHULB,198,White,Graduate degree (MA/MSc/MPhil/other),34,Female,White,United States,United States,United States,English,DATA_EXPIRED,DATA_EXPIRED
67b8c834a978b264b4019b39,641a604be613385009dd72db,APPROVED,Not Applicable,2025-02-21T18:38:51.665000Z,2025-02-21T18:54:52.292000Z,2025-02-21T18:54:55.341000Z,2025-02-21T18:54:53.028749Z,961.0,C1BTHULB,2020,Latino/Hispanic,Technical/community college,31,Male,Mixed,United States,United States,United States,English,No,Full-Time
67b8c83640965e465889658b,66e200885d76e1646cce21d7,APPROVED,Not Applicable,2025-02-21T18:38:49.760000Z,2025-02-21T19:00:10.255000Z,2025-02-21T19:00:36.257000Z,2025-02-21T19:00:31.662615Z,1281.0,C1BTHULB,663,White,Undergraduate degree (BA/BSc/other),33,Female,White,United States,United States,United States,English,No,"Not in paid work (e.g. homemaker', 'retired or disabled)"
67b8c84f1281381067c79997,674ca3ad9c55df2c18692c0f,APPROVED,Not Applicable,2025-02-21T18:39:16.439000Z,2025-02-21T18:49:01.374000Z,2025-02-21T18:49:02.902000Z,2025-02-21T18:49:07.352797Z,585.0,C1BTHULB,223,White,High school diploma/A-levels,33,Male,White,United States,United States,United States,English,No,Full-Time
67b8c85d0be240fdbd6d913b,63d40052d6042c20ba2ce649,APPROVED,Not Applicable,2025-02-21T18:39:29.982000Z,2025-02-21T18:52:14.836000Z,2025-02-21T18:52:15.858000Z,2025-02-21T18:52:16.953201Z,765.0,C1BTHULB,3102,White,Graduate degree (MA/MSc/MPhil/other),30,Male,White,United States,United States,United States,English,No,Full-Time
67b8c86526fc2cfc63d4a4e7,66a292cd2a826dbe7e1d79ab,APPROVED,Not Applicable,2025-02-21T18:39:40.738000Z,2025-02-21T18:51:52.653000Z,2025-02-21T18:51:59.085000Z,2025-02-21T18:51:56.284512Z,732.0,C1BTHULB,500,White,Undergraduate degree (BA/BSc/other),34,Female,White,United States,United States,United States,English,No,Full-Time
67b8c86f62d05d764382b247,5aee59100ccc2e000185937c,APPROVED,Not Applicable,2025-02-21T18:40:03.645000Z,2025-02-21T19:02:22.516000Z,2025-02-21T19:02:24.453000Z,2025-02-21T19:02:24.375876Z,1339.0,C1BTHULB,1702,White,Technical/community college,37,Male,White,United States,United States,United States,English,No,Part-Time
67b8c87d70108469f73a2610,66d89e4ec5f4a47cac72d0d0,APPROVED,Not Applicable,2025-02-21T18:40:07.456000Z,2025-02-21T18:55:16.916000Z,2025-02-21T18:55:17.862000Z,2025-02-21T18:55:17.744842Z,910.0,C1BTHULB,36,Mixed,Undergraduate degree (BA/BSc/other),49,Male,Mixed,United States,United States,United States,English,Yes,Other
67b8c87e419c49c90e1e28ec,6785e46bcfbaf1e80151b70e,APPROVED,Not Applicable,2025-02-21T18:40:05.308000Z,2025-02-21T18:45:05.218000Z,2025-02-21T20:56:31.348000Z,2025-02-21T18:45:06.191357Z,300.0,C1BTHULB,184,White,High school diploma/A-levels,21,Female,White,United States,United States,United States,English,No,Unemployed (and job seeking)
67b8c8a36de5c2b5abc1bf2f,67acfb68c3860389b0c4db4b,APPROVED,Not Applicable,2025-02-21T18:41:06.932000Z,2025-02-21T18:52:55.481000Z,2025-02-21T18:52:56.382000Z,2025-02-21T18:52:56.287898Z,709.0,C1BTHULB,37,White,Undergraduate degree (BA/BSc/other),29,Female,White,United States,United States,United States,English,No,Full-Time
67b8c8a4b8bd56c0e7782851,5bec5b873ffbad0001e8b968,APPROVED,Not Applicable,2025-02-21T18:40:44.443000Z,2025-02-21T18:52:27.424000Z,2025-02-21T18:52:28.193000Z,2025-02-21T18:52:28.856634Z,703.0,C1BTHULB,6616,White,High school diploma/A-levels,60,Female,White,United States,United States,United States,English,No,"Not in paid work (e.g. homemaker', 'retired or disabled)"
67b8c8c2cbc0d94cb40139a4,633af05da0499598ca6a9834,APPROVED,Not Applicable,2025-02-21T18:41:15.868000Z,2025-02-21T18:49:59.909000Z,2025-02-21T18:50:00.616000Z,2025-02-21T18:50:00.749897Z,525.0,C1BTHULB,1571,Latino/Hispanic,High school diploma/A-levels,52,Male,Other,United States,United States,United States,English,No,Full-Time
67b8c8c7060cf74bf0f2b798,57b359fb869234000179f236,APPROVED,Not Applicable,2025-02-21T18:43:33.101000Z,2025-02-21T18:47:33.836000Z,2025-02-21T20:56:29.528000Z,2025-02-21T18:47:34.599089Z,241.0,C1BTHULB,1655,White,Undergraduate degree (BA/BSc/other),41,Male,White,United States,United States,United States,English,No,Full-Time
67b8c8d25ca74dc127a29c3d,639a21660463f7343d9cee2b,APPROVED,Not Applicable,2025-02-21T18:42:23.454000Z,2025-02-21T18:59:44.717000Z,2025-02-21T18:59:45.835000Z,2025-02-21T18:59:45.696848Z,1042.0,C1BTHULB,1189,Black/African American,Technical/community college,55,Female,Black,United States,United States,United States,English,No,Unemployed (and job seeking)
67b8c8e092966cc39fc136b4,66fc39329c32ceedaea614b0,APPROVED,Not Applicable,2025-02-21T18:41:42.908000Z,2025-02-21T18:49:39.293000Z,2025-02-21T18:49:40.088000Z,2025-02-21T18:49:43.086126Z,477.0,C1BTHULB,261,White,Technical/community college,44,Male,White,United States,United States,United States,English,No,DATA_EXPIRED
67b8c8e65bb58a8984a8e272,62fcf3d9948e4a6a9623cce8,APPROVED,Not Applicable,2025-02-21T18:41:51.100000Z,2025-02-21T18:56:22.182000Z,2025-02-21T18:56:23.017000Z,2025-02-21T18:56:22.882304Z,872.0,C1BTHULB,4283,White,Graduate degree (MA/MSc/MPhil/other),73,Female,White,United States,United States,United States,English,No,"Not in paid work (e.g. homemaker', 'retired or disabled)"
67b8c8ecb4e66ce0ddb68e89,63d96d5957cdd8a417721253,APPROVED,Not Applicable,2025-02-21T18:41:54.995000Z,2025-02-21T19:01:24.291000Z,2025-02-21T19:01:25.144000Z,2025-02-21T19:01:25.024237Z,1170.0,C1BTHULB,1967,White,Technical/community college,39,Male,White,United States,United States,United States,English,No,DATA_EXPIRED
67b8c8fddee94b0f24a2aa3a,65cb8d8e365ee8773f61e8e8,APPROVED,Not Applicable,2025-02-21T18:42:11.406000Z,2025-02-21T18:52:27.624000Z,2025-02-21T18:52:33.407000Z,2025-02-21T18:52:29.160756Z,617.0,C1BTHULB,421,Black/African American,Undergraduate degree (BA/BSc/other),37,Female,Black,United States,United States,United States,English,DATA_EXPIRED,DATA_EXPIRED
67b8c90b3554e689c2a29acf,576ad50bc8a90000010d99c8,APPROVED,Not Applicable,2025-02-21T18:43:35.785000Z,2025-02-21T18:55:12.239000Z,2025-02-21T18:55:15.824000Z,2025-02-21T18:55:13.316556Z,697.0,C1BTHULB,3526,White,High school diploma/A-levels,50,Female,White,United States,United States,United States,English,No,"Not in paid work (e.g. homemaker', 'retired or disabled)"
67b8c90f923b107823c7330e,5a4ff86beedc32000141f232,APPROVED,Not Applicable,2025-02-21T18:42:27.489000Z,2025-02-21T18:52:50.629000Z,2025-02-21T18:52:51.484000Z,2025-02-21T18:52:51.350354Z,624.0,C1BTHULB,1888,White,Technical/community college,47,Female,White,United States,United States,United States,English,DATA_EXPIRED,DATA_EXPIRED
67b8c91b57cf2895c83a3186,5b0df5bde9270900013bdf7f,APPROVED,Not Applicable,2025-02-21T18:42:41.280000Z,2025-02-21T18:50:22.757000Z,2025-02-21T18:50:23.738000Z,2025-02-21T18:50:24.986244Z,462.0,C1BTHULB,637,White,Technical/community college,36,Male,White,United States,United States,United States,English,No,Unemployed (and job seeking)
67b8c9434b152167e2ffc56a,6716978fa0744303fb9b1a53,APPROVED,Not Applicable,2025-02-21T18:43:22.038000Z,2025-02-21T19:00:24.194000Z,2025-02-21T19:00:34.686000Z,2025-02-21T19:00:39.980580Z,1023.0,C1BTHULB,408,White,Undergraduate degree (BA/BSc/other),38,Female,White,United States,United States,United States,English,No,Part-Time
67b8c95e829da03928cf600d,668413a08646887a6e57bd48,APPROVED,Not Applicable,2025-02-21T18:43:47.705000Z,2025-02-21T19:11:37.995000Z,2025-02-21T19:11:39.115000Z,2025-02-21T19:11:38.993457Z,1671.0,C1BTHULB,311,White,High school diploma/A-levels,23,Male,White,United States,United States,United States,English,No,Other
67b8c97ecd665b564c8479de,644168ef5feb0150d6d4b3c3,APPROVED,Not Applicable,2025-02-21T18:44:22.925000Z,2025-02-21T18:53:41.180000Z,2025-02-21T18:53:43.549000Z,2025-02-21T18:53:43.424633Z,559.0,C1BTHULB,402,White,High school diploma/A-levels,50,Male,White,United States,United States,United States,English,No,"Not in paid work (e.g. homemaker', 'retired or disabled)"
67b8c97f263fee963fe8d9ec,663e40cb2b99c777c91d0827,APPROVED,Not Applicable,2025-02-21T18:44:23.042000Z,2025-02-21T18:59:24.875000Z,2025-02-21T18:59:25.741000Z,2025-02-21T18:59:25.628636Z,902.0,C1BTHULB,594,White,Graduate degree (MA/MSc/MPhil/other),26,Female,White,United States,United States,United States,English,DATA_EXPIRED,DATA_EXPIRED
67b8c9802e70b305d43964b6,581ed572115ee9000179b44d,APPROVED,Not Applicable,2025-02-21T18:44:19.216000Z,2025-02-21T19:05:32.064000Z,2025-02-21T19:05:33.022000Z,2025-02-21T19:05:34.364139Z,1273.0,C1BTHULB,1199,Black/African American,Undergraduate degree (BA/BSc/other),32,Male,Black,United States,United States,United States,English,No,Full-Time
67b8c9832dcc00de2d36daa4,6684bbcfad6facc374fd6523,APPROVED,Not Applicable,2025-02-21T18:44:28.078000Z,2025-02-21T19:02:33.251000Z,2025-02-21T19:02:34.437000Z,2025-02-21T19:02:34.291842Z,1086.0,C1BTHULB,587,White,Undergraduate degree (BA/BSc/other),29,Female,White,United States,United States,United States,English,Yes,DATA_EXPIRED
67b8c98c24ecbbc1c9732e9c,63fd545c9e693441916712ff,APPROVED,Not Applicable,2025-02-21T18:44:31.998000Z,2025-02-21T19:03:42.129000Z,2025-02-21T19:03:48.037000Z,2025-02-21T19:03:42.926183Z,1151.0,C1BTHULB,620,White,Doctorate degree (PhD/other),65,Male,White,United States,United States,United States,English,No,Full-Time
67b8c98d725d1e8196fdd413,5f2dfc9bcae87215c17d34d4,APPROVED,Not Applicable,2025-02-21T18:45:15.288000Z,2025-02-21T19:00:15.057000Z,2025-02-21T19:00:32.577000Z,2025-02-21T19:00:34.733523Z,900.0,C1BTHULB,2967,Latino/Hispanic,High school diploma/A-levels,25,Female,Other,United States,United States,United States,English,Yes,Unemployed (and job seeking)
67b8c993b85fe7b432f8da80,671862677002ebe247a450d4,APPROVED,Not Applicable,2025-02-21T18:44:41.900000Z,2025-02-21T19:02:02.355000Z,2025-02-21T19:02:03.376000Z,2025-02-21T19:02:03.283267Z,1041.0,C1BTHULB,260,South East Asian,Undergraduate degree (BA/BSc/other),24,Male,Asian,United States,United States,Cambodia,English,No,"Not in paid work (e.g. homemaker', 'retired or disabled)"
67b8c993edb373e1a88a0adb,632a1ae0d2c0c28e680e9c5a,APPROVED,Not Applicable,2025-02-21T18:44:54.005000Z,2025-02-21T18:53:50.553000Z,2025-02-21T18:53:53.069000Z,2025-02-21T18:53:51.241423Z,537.0,C1BTHULB,1150,White,High school diploma/A-levels,40,Male,White,United States,United States,United States,English,No,Unemployed (and job seeking)
67b8c994d403b3b8e03c0204,5ecc6fb87c7c7646490f3cf8,APPROVED,Not Applicable,2025-02-21T18:44:44.799000Z,2025-02-21T18:58:50.921000Z,2025-02-21T18:58:51.888000Z,2025-02-21T18:58:51.676201Z,847.0,C1BTHULB,2399,White,Graduate degree (MA/MSc/MPhil/other),40,Male,White,United States,United States,United States,English,DATA_EXPIRED,Full-Time
67b8c9a30fbf53d3cfc1c105,66558897b80ff7608a7b0a08,APPROVED,Not Applicable,2025-02-21T18:45:32.003000Z,2025-02-21T18:56:15.011000Z,2025-02-21T18:56:17.879000Z,2025-02-21T18:56:15.886784Z,644.0,C1BTHULB,830,White,Undergraduate degree (BA/BSc/other),22,Male,White,United States,United States,United States,English,Yes,"Not in paid work (e.g. homemaker', 'retired or disabled)"
67b8c9e3b53de54fc6c13195,678006318afafe2d811d0277,APPROVED,Not Applicable,2025-02-21T18:46:35.882000Z,2025-02-21T18:56:17.488000Z,2025-02-21T18:56:28.389000Z,2025-02-21T18:56:18.203116Z,582.0,C1BTHULB,182,White,High school diploma/A-levels,22,Female,White,United States,United States,United States,English,No,Full-Time
67b8c9eb0be240fdbd6d917a,67880d8b8375161de73f3ff0,APPROVED,Not Applicable,2025-02-21T18:46:09.247000Z,2025-02-21T18:52:05.417000Z,2025-02-21T18:52:10.033000Z,2025-02-21T18:52:07.190155Z,357.0,C1BTHULB,88,White,Undergraduate degree (BA/BSc/other),22,Female,White,United States,United States,United States,English,Yes,Due to start a new job within the next month
67b8ca23935958d2c6192c07,60fe58dabcac84f95b003aa0,APPROVED,Not Applicable,2025-02-21T18:47:10.485000Z,2025-02-21T19:03:05.390000Z,2025-02-21T19:03:06.412000Z,2025-02-21T19:03:06.316669Z,955.0,C1BTHULB,551,White,High school diploma/A-levels,24,Female,White,United States,United States,United States,English,No,Unemployed (and job seeking)
67b8ca2d18a5a12bd6c73273,641ec1a9d9fe8a0941e39862,APPROVED,Not Applicable,2025-02-21T18:47:15.347000Z,2025-02-21T19:00:08.002000Z,2025-02-21T19:00:31.165000Z,2025-02-21T19:00:31.418605Z,773.0,C1BTHULB,1615,White,Undergraduate degree (BA/BSc/other),45,Male,White,United States,United States,United States,English,DATA_EXPIRED,DATA_EXPIRED
67b8ca3f3d009669a45f3f7c,677f45994f666dd870c5a5b7,APPROVED,Not Applicable,2025-02-21T18:49:13.105000Z,2025-02-21T18:58:37.450000Z,2025-02-21T18:58:38.263000Z,2025-02-21T18:58:38.162045Z,565.0,C1BTHULB,97,White,Undergraduate degree (BA/BSc/other),27,Male,White,United States,United States,United States,English,No,Full-Time
67b8ca5eaf68c1ec452ddbcb,5e52d0122f5f952f2a7b6b28,APPROVED,Not Applicable,2025-02-21T18:48:02.013000Z,2025-02-21T18:58:16Z,2025-02-21T18:58:18.927000Z,2025-02-21T18:58:16.799855Z,614.0,C1BTHULB,4557,Mixed,Undergraduate degree (BA/BSc/other),40,Male,Mixed,United States,United States,United States,English,DATA_EXPIRED,DATA_EXPIRED
67b8ca67603dd7546ef72996,6787ead695a83451ae1abf51,APPROVED,Not Applicable,2025-02-21T18:48:16.166000Z,2025-02-21T18:53:54.669000Z,2025-02-21T18:53:56.840000Z,2025-02-21T18:53:55.404169Z,339.0,C1BTHULB,22,Middle Eastern,No formal qualifications,20,Female,White,United States,United States,United States,English,Yes,Part-Time
67b8ca706b7e94800da08ea0,5815369b94ecc900010b014e,APPROVED,Not Applicable,2025-02-21T18:49:04.149000Z,2025-02-21T19:02:18.290000Z,2025-02-21T19:02:19.479000Z,2025-02-21T19:02:19.388853Z,795.0,C1BTHULB,5754,White,Undergraduate degree (BA/BSc/other),34,Female,White,United States,United States,United States,English,No,DATA_EXPIRED
67b8ca75e96ac29644300cb1,66469ef793a8127e49ca1992,APPROVED,Not Applicable,2025-02-21T18:48:25.783000Z,2025-02-21T18:54:43.571000Z,2025-02-21T18:54:44.424000Z,2025-02-21T18:54:44.308396Z,378.0,C1BTHULB,1404,White,Undergraduate degree (BA/BSc/other),38,Female,White,United States,United States,United States,English,No,"Not in paid work (e.g. homemaker', 'retired or disabled)"
67b8ca79795ab603fb515b5d,6668ded39ec8cf407851fbce,APPROVED,Not Applicable,2025-02-21T18:51:08.604000Z,2025-02-21T18:56:33.468000Z,2025-02-21T18:56:34.531000Z,2025-02-21T18:56:34.400289Z,325.0,C1BTHULB,1100,White,High school diploma/A-levels,50,Female,White,United States,United States,United States,English,No,Due to start a new job within the next month
67b8ca7a6751fdc8f62fdb4b,611bed11fa6a3b35c9226c29,APPROVED,Not Applicable,2025-02-21T18:48:35.072000Z,2025-02-21T19:00:04.383000Z,2025-02-21T19:00:13.285000Z,2025-02-21T19:00:05.819735Z,690.0,C1BTHULB,7090,White,Technical/community college,69,Male,White,United States,United States,United States,English,No,"Not in paid work (e.g. homemaker', 'retired or disabled)"
67b8ca7aa3c9f92d9d51e545,6629412a422a92279cab485e,APPROVED,Not Applicable,2025-02-21T18:48:37.081000Z,2025-02-21T19:02:13.666000Z,2025-02-21T19:02:14.569000Z,2025-02-21T19:02:14.433097Z,817.0,C1BTHULB,30,Other (please feel free to let us know your ethnicity via email),Technical/community college,49,Female,White,United States,United States,United States,English,Yes,Unemployed (and job seeking)
67b8caa3725d1e8196fdd448,67b61e207946ebb22db5d282,APPROVED,Not Applicable,2025-02-21T18:49:18.770000Z,2025-02-21T18:59:10.693000Z,2025-02-21T18:59:13.728000Z,2025-02-21T18:59:11.377561Z,592.0,C1BTHULB,5,White,Undergraduate degree (BA/BSc/other),27,Female,White,United States,United States,United States,English,Yes,Full-Time
67b8cae320cf6ee585192d73,66d11cef1c98e8d3687a50a8,APPROVED,Not Applicable,2025-02-21T18:50:14.938000Z,2025-02-21T19:02:30.143000Z,2025-02-21T19:02:30.964000Z,2025-02-21T19:02:30.837234Z,736.0,C1BTHULB,302,White,Undergraduate degree (BA/BSc/other),38,Female,White,United States,United States,United States,English,No,"Not in paid work (e.g. homemaker', 'retired or disabled)"
67b8cae6598d9f8425655123,6608a08d68e3a1502d4c8d58,APPROVED,Not Applicable,2025-02-21T18:52:52.524000Z,2025-02-21T18:56:30.328000Z,2025-02-21T20:56:29.843000Z,2025-02-21T18:56:31.065867Z,218.0,C1BTHULB,457,White,Graduate degree (MA/MSc/MPhil/other),34,Male,White,United States,United States,United States,English,DATA_EXPIRED,DATA_EXPIRED
67b8caf6ee3d77ba78be71d0,674b68c7cd96778f0b2b4314,APPROVED,Not Applicable,2025-02-21T18:50:36.138000Z,2025-02-21T19:08:48.010000Z,2025-02-21T19:08:52.071000Z,2025-02-21T19:08:48.897129Z,1092.0,C1BTHULB,468,White,Graduate degree (MA/MSc/MPhil/other),28,Female,White,United States,United States,United States,English,No,Part-Time
67b8caf7312c12cb8f8d6cd9,659dfd474f0722a934e3f8d8,APPROVED,Not Applicable,2025-02-21T18:52:44.434000Z,2025-02-21T19:08:16.170000Z,2025-02-21T19:08:17.003000Z,2025-02-21T19:08:16.874200Z,932.0,C1BTHULB,1628,South East Asian,Undergraduate degree (BA/BSc/other),29,Female,Asian,United States,United States,United States,English,No,Unemployed (and job seeking)
67b8cb00c29ea003854e3c5c,6732d7e668e0e0b1e4d10cbd,APPROVED,Not Applicable,2025-02-21T18:50:45.482000Z,2025-02-21T19:02:32.858000Z,2025-02-21T19:02:33.624000Z,2025-02-21T19:02:33.578395Z,708.0,C1BTHULB,281,White,High school diploma/A-levels,22,Female,White,United States,United States,United States,English,No,"Not in paid work (e.g. homemaker', 'retired or disabled)"
67b8cb21778d603063851b5a,676f28a680afa9fe2cf06ac0,APPROVED,Not Applicable,2025-02-21T18:51:23.390000Z,2025-02-21T19:04:55.644000Z,2025-02-21T19:04:56.657000Z,2025-02-21T19:04:58.502133Z,813.0,C1BTHULB,276,White,Graduate degree (MA/MSc/MPhil/other),48,Female,White,United States,United States,United States,English,No,Unemployed (and job seeking)
67b8cb28828f5868f4c795ba,636261a282f90a4b0998fe5c,APPROVED,Not Applicable,2025-02-21T18:53:03.512000Z,2025-02-21T19:24:09.041000Z,2025-02-21T19:24:12.620000Z,2025-02-21T19:24:09.610109Z,1866.0,C1BTHULB,1702,Black/African American,Undergraduate degree (BA/BSc/other),36,Male,Black,United States,United States,United States,English,DATA_EXPIRED,DATA_EXPIRED
67b8cb3181b1527848d0e691,670692b29cd73b506df2f3dc,APPROVED,Not Applicable,2025-02-21T18:51:36.058000Z,2025-02-21T18:57:23.738000Z,2025-02-21T18:57:24.689000Z,2025-02-21T18:57:27.269548Z,348.0,C1BTHULB,384,Latino/Hispanic,High school diploma/A-levels,41,Male,Other,United States,United States,United States,English,No,Full-Time
67b8cb3721ed94299d471bbe,64345bf16b9a2e046128887f,APPROVED,Not Applicable,2025-02-21T18:51:42.387000Z,2025-02-21T19:08:12.328000Z,2025-02-21T19:08:13.230000Z,2025-02-21T19:08:13.100988Z,990.0,C1BTHULB,2053,Latino/Hispanic,High school diploma/A-levels,72,Male,White,United States,United States,United States,English,DATA_EXPIRED,DATA_EXPIRED
67b8cb4a640e0e48fc9b6a3e,62b077136224952ffd679d48,APPROVED,Not Applicable,2025-02-21T18:52:00.149000Z,2025-02-21T19:01:58.858000Z,2025-02-21T19:02:01.758000Z,2025-02-21T19:01:59.838508Z,599.0,C1BTHULB,4790,White,High school diploma/A-levels,46,Male,White,United States,United States,United States,English,No,Unemployed (and job seeking)
67b8cb4baf68c1ec452ddc0c,67781b8a215a48953cc6af12,APPROVED,Not Applicable,2025-02-21T18:52:00.154000Z,2025-02-21T19:09:02.378000Z,2025-02-21T19:09:03.335000Z,2025-02-21T19:09:04.082249Z,1023.0,C1BTHULB,123,White,Undergraduate degree (BA/BSc/other),38,Female,White,United States,United States,United States,English,No,"Not in paid work (e.g. homemaker', 'retired or disabled)"
67b8cb583003ecf15fb355fb,655d867ce204d4f63c3533df,APPROVED,Not Applicable,2025-02-21T18:52:12.005000Z,2025-02-21T19:14:36.362000Z,2025-02-21T19:14:37.454000Z,2025-02-21T19:14:37.318025Z,1345.0,C1BTHULB,1086,East Asian,Doctorate degree (PhD/other),29,Female,Asian,United States,United States,United States,English,DATA_EXPIRED,Full-Time
67b8cb5a2b4b5f8a25f2bfb0,5deb3ffdf375c625fa83bac7,APPROVED,Not Applicable,2025-02-21T18:52:14.409000Z,2025-02-21T19:07:32.668000Z,2025-02-21T19:07:34.022000Z,2025-02-21T19:07:33.443307Z,919.0,C1BTHULB,5158,Black/African American,High school diploma/A-levels,26,Male,Black,United States,United States,United States,English,Yes,Part-Time
67b8cb6703a4d113a56adad9,67048c644ae2740b0d23f015,APPROVED,Not Applicable,2025-02-21T18:52:38.160000Z,2025-02-21T19:21:32.674000Z,2025-02-21T19:21:33.545000Z,2025-02-21T19:21:33.438476Z,1735.0,C1BTHULB,265,White,Secondary education (e.g. GED/GCSE),39,Female,White,United States,United States,United States,English,No,Unemployed (and job seeking)
67b8cb6a7e7520c3719fe2f5,678e7fc78628897e2a92bd42,APPROVED,Not Applicable,2025-02-21T18:52:34.213000Z,2025-02-21T19:03:41.195000Z,2025-02-21T19:03:43.105000Z,2025-02-21T19:03:41.911869Z,667.0,C1BTHULB,122,East Asian,Graduate degree (MA/MSc/MPhil/other),40,Male,Asian,United States,United States,United States,English,No,Full-Time
67b8cba37a74ad675c1e2983,63e576170eb086a90644efb4,APPROVED,Not Applicable,2025-02-21T18:53:29.052000Z,2025-02-21T19:07:42.887000Z,2025-02-21T19:07:43.754000Z,2025-02-21T19:07:43.659449Z,854.0,C1BTHULB,3012,East Asian,Graduate degree (MA/MSc/MPhil/other),38,Male,Asian,China,United States,United States,Chinese,No,Part-Time
67b8cbc5923b107823c733a9,5a9ab4944eecca0001dd806a,APPROVED,Not Applicable,2025-02-21T18:54:03.749000Z,2025-02-21T19:09:25.934000Z,2025-02-21T19:09:26.825000Z,2025-02-21T19:09:26.717292Z,923.0,C1BTHULB,3015,White,Graduate degree (MA/MSc/MPhil/other),69,Female,White,United States,United States,United States,English,No,"Not in paid work (e.g. homemaker', 'retired or disabled)"
67b8cbcab57365a71cedabb3,63e5fca99d84c2b8004e82df,APPROVED,Not Applicable,2025-02-21T18:54:08.563000Z,2025-02-21T19:13:41.651000Z,2025-02-21T19:13:42.410000Z,2025-02-21T19:13:42.277193Z,1174.0,C1BTHULB,1888,White,Undergraduate degree (BA/BSc/other),46,Male,White,United States,United States,United States,English,DATA_EXPIRED,DATA_EXPIRED
67b8cbd7a3817a25fb9b681e,5aeba5b323fdd50001d0a155,APPROVED,Not Applicable,2025-02-21T18:54:25.175000Z,2025-02-21T19:11:32.136000Z,2025-02-21T19:11:33.313000Z,2025-02-21T19:11:33.400592Z,1027.0,C1BTHULB,931,South Asian,High school diploma/A-levels,34,Female,Asian,United States,United States,United States,Laotian,No,"Not in paid work (e.g. homemaker', 'retired or disabled)"
67b8cbde5b27ff2d2a418187,62df0a2b7302265dcb0b7c58,APPROVED,Not Applicable,2025-02-21T18:54:25.352000Z,2025-02-21T19:08:02.704000Z,2025-02-21T19:08:03.735000Z,2025-02-21T19:08:03.617588Z,818.0,C1BTHULB,704,Latino/Hispanic,Technical/community college,29,Male,White,United States,United States,United States,English,No,Full-Time
67b8cbdffdfd6b9436d14297,61004e962509f21ce295df3d,APPROVED,Not Applicable,2025-02-21T18:54:27.894000Z,2025-02-21T19:21:56.897000Z,2025-02-21T19:21:57.660000Z,2025-02-21T19:21:57.582170Z,1650.0,C1BTHULB,4478,East Asian,Undergraduate degree (BA/BSc/other),27,Female,Asian,United States,United States,United States,Korean,No,Part-Time
67b8cbfe603dd7546ef729d7,5f4dde95f271beab75bd9d52,APPROVED,Not Applicable,2025-02-21T18:54:59.709000Z,2025-02-21T19:04:16.393000Z,2025-02-21T19:04:17.357000Z,2025-02-21T19:04:17.260711Z,557.0,C1BTHULB,365,White,Undergraduate degree (BA/BSc/other),34,Female,White,United States,United States,United States,English,Yes,Full-Time
67b8cc12e51cf99b78b1b562,67143ebf798808e031872711,APPROVED,Not Applicable,2025-02-21T18:55:14.666000Z,2025-02-21T19:20:30.755000Z,2025-02-21T19:20:31.700000Z,2025-02-21T19:20:31.582264Z,1517.0,C1BTHULB,165,Black/African American,Technical/community college,26,Female,Black,United States,United States,United States,English,Yes,Full-Time
67b8cc44be31157adc75f3c9,63ed77eac8a7bca85453fa80,APPROVED,Not Applicable,2025-02-21T18:56:12.924000Z,2025-02-21T19:02:35.265000Z,2025-02-21T19:02:36.071000Z,2025-02-21T19:02:37.542165Z,383.0,C1BTHULB,197,Latino/Hispanic,Undergraduate degree (BA/BSc/other),29,Male,Mixed,United States,United States,United States,Spanish,Yes,DATA_EXPIRED
67b8cc49220e051ad418699e,666e00ae0d67eb9e9dcd755e,APPROVED,Not Applicable,2025-02-21T18:56:45.561000Z,2025-02-21T19:20:43.851000Z,2025-02-21T19:20:46.823000Z,2025-02-21T19:20:45.034023Z,1439.0,C1BTHULB,200,White,Undergraduate degree (BA/BSc/other),25,Female,White,United States,United States,United States,English,No,Full-Time
67b8cca6312c12cb8f8d6d2c,633f5252efab6885fedfad7d,APPROVED,Not Applicable,2025-02-21T18:57:52.071000Z,2025-02-21T19:08:53.351000Z,2025-02-21T19:08:54.091000Z,2025-02-21T19:08:54.076046Z,662.0,C1BTHULB,3398,Black/African American,High school diploma/A-levels,38,Male,Black,United States,United States,United States,English,No,"Not in paid work (e.g. homemaker', 'retired or disabled)"
67b8ccb5dee94b0f24a2ab32,60e5d47e17c05633eef565e3,APPROVED,Not Applicable,2025-02-21T18:58:05.282000Z,2025-02-21T19:08:51.661000Z,2025-02-21T19:08:57.634000Z,2025-02-21T19:08:52.445420Z,647.0,C1BTHULB,4742,White,Graduate degree (MA/MSc/MPhil/other),31,Male,White,United States,United States,United States,English,No,Full-Time
67b8ccb68622332b7ec1b084,5efd018b8c837e13097c0cbf,APPROVED,Not Applicable,2025-02-21T18:58:10.751000Z,2025-02-21T19:18:54.940000Z,2025-02-21T19:18:56.362000Z,2025-02-21T19:18:56.234642Z,1245.0,C1BTHULB,938,East Asian,Undergraduate degree (BA/BSc/other),32,Male,Asian,United States,United States,United States,English,No,DATA_EXPIRED
67b8cce5603dd7546ef72a0b,64012ee6e3f2e59aaa36f718,APPROVED,Not Applicable,2025-02-21T18:58:51.028000Z,2025-02-21T19:12:07.205000Z,2025-02-21T19:12:08.085000Z,2025-02-21T19:12:07.956866Z,797.0,C1BTHULB,280,Mixed,Technical/community college,27,Female,Black,United States,United States,United States,English,No,Full-Time
67b8cd0af98009a15fa839e8,63f78d9a7a3d118594efff74,APPROVED,Not Applicable,2025-02-21T19:00:38.418000Z,2025-02-21T19:13:46.757000Z,2025-02-21T19:13:47.718000Z,2025-02-21T19:13:47.608119Z,789.0,C1BTHULB,4526,Latino/Hispanic,High school diploma/A-levels,32,Male,White,United States,United States,United States,English,No,Unemployed (and job seeking)
67b8cd19251b5f1b572b15d7,5e90b7d2dc69fd3de27660f3,APPROVED,Not Applicable,2025-02-21T18:59:43.021000Z,2025-02-21T19:15:46.015000Z,2025-02-21T19:15:48.538000Z,2025-02-21T19:15:47.277124Z,963.0,C1BTHULB,5964,Black/African American,High school diploma/A-levels,26,Male,Black,United States,United States,United States,English,No,Unemployed (and job seeking)
67b8cd20d8db65071fb727bc,67414d7323258c912a5a9080,APPROVED,Not Applicable,2025-02-21T18:59:52.501000Z,2025-02-21T19:03:47.231000Z,2025-02-21T20:56:30.187000Z,2025-02-21T19:03:47.997636Z,235.0,C1BTHULB,394,Latino/Hispanic,Undergraduate degree (BA/BSc/other),18,Male,White,United States,United States,United States,English,Yes,Unemployed (and job seeking)
67b8cd23220e051ad41869d4,6643dfacb8ceab2254ffe032,APPROVED,Not Applicable,2025-02-21T19:00:18.979000Z,2025-02-21T19:09:35.627000Z,2025-02-21T19:09:36.630000Z,2025-02-21T19:09:36.487213Z,557.0,C1BTHULB,626,White,Undergraduate degree (BA/BSc/other),28,Male,White,United States,United States,United States,English,No,"Not in paid work (e.g. homemaker', 'retired or disabled)"
67b8cd49ff4735037cdf7d48,62f4904296e62ae6c19127d4,APPROVED,Not Applicable,2025-02-21T19:00:31.868000Z,2025-02-21T19:15:40.709000Z,2025-02-21T19:15:41.861000Z,2025-02-21T19:15:41.672509Z,909.0,C1BTHULB,1929,Black/African American,Undergraduate degree (BA/BSc/other),36,Male,Mixed,United States,United States,United States,English,Yes,Full-Time
67b8cd4a5bfa58dd8da50b3c,63af5c586c05eee8c3d03730,APPROVED,Not Applicable,2025-02-21T19:00:31.701000Z,2025-02-21T19:07:32.079000Z,2025-02-21T19:07:32.977000Z,2025-02-21T19:07:32.817048Z,421.0,C1BTHULB,4182,White,Graduate degree (MA/MSc/MPhil/other),71,Female,White,United States,United States,United States,English,No,DATA_EXPIRED
67b8cd5e65647ec7df256d4e,66eb8f1bb2f36d46387aa1b2,APPROVED,Not Applicable,2025-02-21T19:07:27.366000Z,2025-02-21T19:30:42.582000Z,2025-02-21T19:30:43.578000Z,2025-02-21T19:30:49.049261Z,1396.0,C1BTHULB,443,White,High school diploma/A-levels,58,Male,White,United States,United States,United States,English,No,"Not in paid work (e.g. homemaker', 'retired or disabled)"
67b8cd63fdfd6b9436d142d5,5e4f1498f5442136deff0d6e,APPROVED,Not Applicable,2025-02-21T19:01:20.112000Z,2025-02-21T19:19:18.335000Z,2025-02-21T19:19:19.954000Z,2025-02-21T19:19:24.529910Z,1079.0,C1BTHULB,1360,White,High school diploma/A-levels,25,Male,White,United States,United States,United States,English,Yes,Part-Time
67b8cd8b6be8fc3261c8ff43,6774e29d35bfe170ef2d81f4,APPROVED,Not Applicable,2025-02-21T19:01:37.958000Z,2025-02-21T19:14:29.318000Z,2025-02-21T19:14:30.145000Z,2025-02-21T19:14:30.175349Z,772.0,C1BTHULB,136,White,Technical/community college,50,Male,White,United States,United States,United States,English,No,Full-Time
67b8cd8bede3d0057995051d,5e6c057dbc9dab1ba2c5bac4,APPROVED,Not Applicable,2025-02-21T19:01:37.980000Z,2025-02-21T19:27:03.884000Z,2025-02-21T19:27:04.736000Z,2025-02-21T19:27:06.736381Z,1526.0,C1BTHULB,1819,White,Graduate degree (MA/MSc/MPhil/other),71,Male,White,United States,United States,United States,English,No,Other
67b8cdb7c3f4b8b8de1dbbb2,611830fe665c7b68723910b3,APPROVED,Not Applicable,2025-02-21T19:02:15.604000Z,2025-02-21T19:16:56.464000Z,2025-02-21T19:16:58.310000Z,2025-02-21T19:16:58.221462Z,881.0,C1BTHULB,7373,Mixed,High school diploma/A-levels,48,Male,Mixed,United States,United States,United States,English,No,Full-Time
67b8cdc7a49052c6e25c3496,67b638def54b0efbedb25462,APPROVED,Not Applicable,2025-02-21T19:02:43.118000Z,2025-02-21T19:05:49.793000Z,2025-02-21T20:56:31.653000Z,2025-02-21T19:05:50.817839Z,187.0,C1BTHULB,9,White,High school diploma/A-levels,21,Female,White,United States,United States,United States,English,Yes,Unemployed (and job seeking)
67b8ce0a59837b2be3400242,63d77a647dbf6c0c53b0d375,APPROVED,Not Applicable,2025-02-21T19:03:42.255000Z,2025-02-21T19:13:50.575000Z,2025-02-21T19:13:52.131000Z,2025-02-21T19:13:51.387896Z,609.0,C1BTHULB,3224,Mixed,Technical/community college,38,Male,White,United States,United States,United States,English,Yes,Part-Time
67b8ce0bc5a86c4f09244ed3,67a926500aa476ab292e59a2,APPROVED,Not Applicable,2025-02-21T19:03:50.789000Z,2025-02-21T19:26:44.225000Z,2025-02-21T19:26:46.070000Z,2025-02-21T19:26:44.917350Z,1374.0,C1BTHULB,34,White,Undergraduate degree (BA/BSc/other),34,Female,White,United States,United States,United States,English,No,Due to start a new job within the next month
67b8ce236de5c2b5abc1c00d,597f662f89542d0001517d78,APPROVED,Not Applicable,2025-02-21T19:04:18.097000Z,2025-02-21T19:15:52.849000Z,2025-02-21T19:15:53.789000Z,2025-02-21T19:15:53.662891Z,695.0,C1BTHULB,6320,White,Undergraduate degree (BA/BSc/other),43,Male,White,United States,United States,United States,English,No,Full-Time
67b8ce3e43843a6229b83cb9,6679bd4fb5b9e65d18153edb,APPROVED,Not Applicable,2025-02-21T19:05:14.220000Z,2025-02-21T19:31:00.737000Z,2025-02-21T19:31:03.900000Z,2025-02-21T19:31:01.370610Z,1547.0,C1BTHULB,335,White,High school diploma/A-levels,35,Male,White,United States,United States,United States,English,DATA_EXPIRED,DATA_EXPIRED
67b8ce498f7983b638e29789,656c1adbdb298e7230d7b396,APPROVED,Not Applicable,2025-02-21T19:04:55.141000Z,2025-02-21T19:32:42.190000Z,2025-02-21T19:32:43.194000Z,2025-02-21T19:32:43.112650Z,1668.0,C1BTHULB,790,Latino/Hispanic,Technical/community college,55,Female,White,Colombia,United States,United States,Spanish,No,"Not in paid work (e.g. homemaker', 'retired or disabled)"
67b8cea06be8fc3261c8ff7e,5bcbde9d08a62c0001f86bd0,APPROVED,Not Applicable,2025-02-21T19:06:15.024000Z,2025-02-21T19:14:51.361000Z,2025-02-21T19:14:52.202000Z,2025-02-21T19:14:52.083229Z,517.0,C1BTHULB,6399,White,Undergraduate degree (BA/BSc/other),42,Male,White,United States,United States,United States,English,No,Full-Time
67b8cefa8622332b7ec1b0ea,5b05e0d131cebe000177c38e,APPROVED,Not Applicable,2025-02-21T19:07:44.311000Z,2025-02-21T19:26:11.783000Z,2025-02-21T19:26:12.899000Z,2025-02-21T19:26:12.506678Z,1108.0,C1BTHULB,3867,White,High school diploma/A-levels,42,Male,White,United States,United States,United States,English,DATA_EXPIRED,Unemployed (and job seeking)
67b8cf0c70108469f73a275d,65eab94c2e93163efc291e8c,APPROVED,Not Applicable,2025-02-21T19:08:04.778000Z,2025-02-21T19:18:14.611000Z,2025-02-21T19:18:15.595000Z,2025-02-21T19:18:15.748292Z,610.0,C1BTHULB,515,White,Undergraduate degree (BA/BSc/other),37,Male,White,United States,United States,United States,English,No,Full-Time
67b8cf336be8fc3261c8ff96,665e680164927b18554b66ec,APPROVED,Not Applicable,2025-02-21T19:10:11.953000Z,2025-02-21T19:26:24.997000Z,2025-02-21T19:26:26.589000Z,2025-02-21T19:26:25.845589Z,974.0,C1BTHULB,900,White,Undergraduate degree (BA/BSc/other),53,Male,White,United States,United States,United States,English,No,Full-Time
67b8cf7fddf606d4f6589f0a,66c8ac7da0e6e729c2c90d2d,APPROVED,Not Applicable,2025-02-21T19:10:53.777000Z,2025-02-21T19:23:35.908000Z,2025-02-21T19:23:36.650000Z,2025-02-21T19:23:36.568837Z,763.0,C1BTHULB,871,White,Technical/community college,24,Male,White,United States,United States,United States,English,Yes,Other
67b8cfdf828f5868f4c796a8,66b75d263e993100952a197e,APPROVED,Not Applicable,2025-02-21T19:11:34.084000Z,2025-02-21T19:29:35.951000Z,2025-02-21T19:29:37.150000Z,2025-02-21T19:30:06.090991Z,1082.0,C1BTHULB,811,White,Graduate degree (MA/MSc/MPhil/other),66,Male,White,United States,United States,United States,English,No,Other
67b8cfe3a44695d055e742c6,652d616c13aa00700bfdce1e,APPROVED,Not Applicable,2025-02-21T19:11:40.847000Z,2025-02-21T19:27:33.570000Z,2025-02-21T19:27:34.310000Z,2025-02-21T19:27:35.808228Z,953.0,C1BTHULB,2162,South East Asian,Undergraduate degree (BA/BSc/other),32,Male,Asian,United States,United States,United States,Vietnamese,No,DATA_EXPIRED
67b8cfeb875c419dffa29bae,5d30790f326b0f0017a2a828,APPROVED,Not Applicable,2025-02-21T19:11:52.822000Z,2025-02-21T19:27:28.280000Z,2025-02-21T19:27:29.039000Z,2025-02-21T19:27:29.674111Z,936.0,C1BTHULB,2544,White,High school diploma/A-levels,31,Male,White,United States,United States,United States,English,Yes,Full-Time
67b8cff25bb58a8984a8e38f,571bdf806b0894001262df5b,APPROVED,Not Applicable,2025-02-21T19:15:13.330000Z,2025-02-21T19:25:27.492000Z,2025-02-21T19:25:28.263000Z,2025-02-21T19:25:28.189191Z,615.0,C1BTHULB,1438,Black/African American,Undergraduate degree (BA/BSc/other),73,Female,Black,United States,United States,United States,English,No,Other
67b8d0661d2ab5eb289595b5,5e79340b6d9a624e3f39586d,APPROVED,Not Applicable,2025-02-21T19:13:42.501000Z,2025-02-21T19:25:42.310000Z,2025-02-21T19:25:43.550000Z,2025-02-21T19:25:45.342009Z,720.0,C1BTHULB,8311,Mixed,Undergraduate degree (BA/BSc/other),46,Male,Mixed,United States,United States,United States,English,No,Full-Time
67b8d0e2edb373e1a88a0c24,627986ad0b4e17430bd23d80,APPROVED,Not Applicable,2025-02-21T19:15:51.465000Z,2025-02-21T19:36:56.817000Z,2025-02-21T19:36:58.228000Z,2025-02-21T19:36:57.462279Z,1266.0,C1BTHULB,5656,East Asian,Undergraduate degree (BA/BSc/other),35,Male,Asian,United States,United States,United States,Vietnamese,DATA_EXPIRED,DATA_EXPIRED
67b8d1290d4b289a082ddcf3,67335ac03cc5d5cf13c0ae4b,APPROVED,Not Applicable,2025-02-21T19:17:08.885000Z,2025-02-21T19:35:50.011000Z,2025-02-21T19:35:50.886000Z,2025-02-21T19:35:50.681553Z,1122.0,C1BTHULB,475,White,Undergraduate degree (BA/BSc/other),24,Female,White,United States,United States,United States,English,No,Full-Time
67b8d1389070c001463fa062,669a92a04b3c1065d6548062,APPROVED,Not Applicable,2025-02-21T19:17:25.637000Z,2025-02-21T19:23:56.924000Z,2025-02-21T19:24:00.841000Z,2025-02-21T19:23:57.665731Z,392.0,C1BTHULB,297,African,High school diploma/A-levels,20,Female,Black,United States,United States,United States,English,Yes,Part-Time
67b8d139cd91fa5682d2de96,62e174454a461d00781acfe1,APPROVED,Not Applicable,2025-02-21T19:17:25.578000Z,2025-02-21T19:34:08.591000Z,2025-02-21T19:34:09.684000Z,2025-02-21T19:34:09.576503Z,1004.0,C1BTHULB,1465,Latino/Hispanic,Undergraduate degree (BA/BSc/other),26,Female,Other,Mexico,United States,United States,Spanish,No,Full-Time
67b8d14e6b08944d2a438220,66d981a72dee743557188f95,APPROVED,Not Applicable,2025-02-21T19:17:39.130000Z,2025-02-21T19:29:14.330000Z,2025-02-21T19:29:15.341000Z,2025-02-21T19:29:38.435873Z,696.0,C1BTHULB,392,White,Technical/community college,32,Male,White,United States,United States,United States,English,No,Full-Time
67b8d17203c6549864ab57aa,6526e6db8f0e2069023a4ba4,APPROVED,Not Applicable,2025-02-21T19:18:20.708000Z,2025-02-21T19:31:08.776000Z,2025-02-21T19:31:09.763000Z,2025-02-21T19:31:09.653595Z,769.0,C1BTHULB,2067,East Asian,Graduate degree (MA/MSc/MPhil/other),27,Male,Asian,Panama,United States,United States,English,No,Full-Time
67b8d1fc47b6f13510e2924e,662ad9c7673f1b65868e47de,APPROVED,Not Applicable,2025-02-21T19:20:33.569000Z,2025-02-21T19:30:33.554000Z,2025-02-21T19:30:34.635000Z,2025-02-21T19:30:44.357212Z,600.0,C1BTHULB,1143,Latino/Hispanic,Undergraduate degree (BA/BSc/other),33,Female,White,"Venezuela, Bolivarian Republic of",United States,United States,Spanish,DATA_EXPIRED,DATA_EXPIRED
67b8d238c662975eebcc8c57,673b5242cd8343023316ee4e,APPROVED,Not Applicable,2025-02-21T19:21:54.653000Z,2025-02-21T19:47:52.604000Z,2025-02-21T19:47:53.502000Z,2025-02-21T19:47:55.025898Z,1558.0,C1BTHULB,54,White,Graduate degree (MA/MSc/MPhil/other),58,Male,White,United States,United States,United States,English,No,DATA_EXPIRED
67b8d247c662975eebcc8c5a,5a21f3731a1ad3000138f901,APPROVED,Not Applicable,2025-02-21T19:22:03.587000Z,2025-02-21T19:36:24.109000Z,2025-02-21T19:36:25.034000Z,2025-02-21T19:36:24.931776Z,861.0,C1BTHULB,2109,White,Undergraduate degree (BA/BSc/other),58,Male,White,United States,United States,United States,English,No,Unemployed (and job seeking)
67b8d263cd91fa5682d2dec9,665de165057136a924eda46a,APPROVED,Not Applicable,2025-02-21T19:22:11.895000Z,2025-02-21T19:58:46.785000Z,2025-02-21T19:58:47.643000Z,2025-02-21T19:58:50.629448Z,2195.0,C1BTHULB,1242,White,Graduate degree (MA/MSc/MPhil/other),62,Male,White,United States,United States,United States,English,DATA_EXPIRED,DATA_EXPIRED
67b8d2816fa684556d271c28,653bdfd30e0f1ce72623a6b6,APPROVED,Not Applicable,2025-02-21T19:22:45.161000Z,2025-02-21T19:34:29.737000Z,2025-02-21T19:34:30.521000Z,2025-02-21T19:34:30.431726Z,705.0,C1BTHULB,1508,Other (please feel free to let us know your ethnicity via email),Undergraduate degree (BA/BSc/other),25,Female,Other,United States,United States,United States,English,No,Full-Time
67b8d367185610af7a15032d,65f4de464a8635751f0c14f2,APPROVED,Not Applicable,2025-02-21T19:26:39.417000Z,2025-02-21T19:40:20.291000Z,2025-02-21T19:40:21.127000Z,2025-02-21T19:40:21.014183Z,821.0,C1BTHULB,1721,White,High school diploma/A-levels,39,Female,White,United States,United States,United States,English,No,Full-Time
67b8d36b87169c8b65866a07,66439c3bab98bb0158f84946,APPROVED,Not Applicable,2025-02-21T19:26:40.778000Z,2025-02-21T19:38:01.660000Z,2025-02-21T19:38:04.290000Z,2025-02-21T19:38:02.435406Z,681.0,C1BTHULB,1581,White,Undergraduate degree (BA/BSc/other),36,Female,White,United States,United States,United States,English,DATA_EXPIRED,DATA_EXPIRED
67b8d3a26b08944d2a43827c,5fd0ef1dbfdf0801f669f642,APPROVED,Not Applicable,2025-02-21T19:27:37.965000Z,2025-02-21T19:32:48.636000Z,2025-02-21T19:32:49.890000Z,2025-02-21T19:32:49.208893Z,311.0,C1BTHULB,3259,East Asian,Undergraduate degree (BA/BSc/other),33,Male,Asian,United States,United States,United States,English,Yes,Full-Time
67b8d3cc681fc390acfce8a6,677827d4ae4731d43ad6c64b,APPROVED,Not Applicable,2025-02-21T19:28:19.715000Z,2025-02-21T19:41:21.562000Z,2025-02-21T19:41:23.602000Z,2025-02-21T19:41:22.255133Z,782.0,C1BTHULB,206,Black/African American,Graduate degree (MA/MSc/MPhil/other),56,Female,Black,United States,United States,United States,English,No,"Not in paid work (e.g. homemaker', 'retired or disabled)"
67b8d43916f05763f77a5bc9,5c0e9691a2f251000137ead2,APPROVED,Not Applicable,2025-02-21T19:35:39.683000Z,2025-02-21T19:57:28.272000Z,2025-02-21T19:57:28.998000Z,2025-02-21T19:57:29.092593Z,1309.0,C1BTHULB,340,White,Undergraduate degree (BA/BSc/other),44,Male,White,United States,United States,United States,English,No,Other
67b8d483e51cf99b78b1b714,62fc68b4f44b013950b67b11,APPROVED,Not Applicable,2025-02-21T19:31:26.374000Z,2025-02-21T19:45:09.062000Z,2025-02-21T19:45:09.659000Z,2025-02-21T19:45:12.282792Z,823.0,C1BTHULB,3224,White,High school diploma/A-levels,31,Male,White,United States,United States,United States,English,DATA_EXPIRED,DATA_EXPIRED
67b8d493527ed9d94f27e436,6630ec1ebe18d48a3cecb54e,APPROVED,Not Applicable,2025-02-21T19:31:34.406000Z,2025-02-21T19:58:36.762000Z,2025-02-21T19:58:40.120000Z,2025-02-21T19:58:38.082218Z,1623.0,C1BTHULB,1068,South East Asian,Undergraduate degree (BA/BSc/other),34,Male,Asian,United States,United States,Philippines,English,No,Full-Time
67b8d4c5c662975eebcc8ccf,63e55887d67a5c7e32a678fa,APPROVED,Not Applicable,2025-02-21T19:37:41.998000Z,2025-02-21T19:53:13.241000Z,2025-02-21T19:53:14.365000Z,2025-02-21T19:53:16.879811Z,932.0,C1BTHULB,2866,White,High school diploma/A-levels,43,Female,White,United States,United States,United States,English,No,Full-Time
67b8d4d3d4f3dde963aa4116,611e6cebefce9efe7cef106e,APPROVED,Not Applicable,2025-02-21T19:32:41.484000Z,2025-02-21T19:51:21.318000Z,2025-02-21T19:51:22.053000Z,2025-02-21T19:51:21.923657Z,1120.0,C1BTHULB,832,White,High school diploma/A-levels,66,Female,White,United States,United States,United States,English,No,"Not in paid work (e.g. homemaker', 'retired or disabled)"
67b8d4eb23e2e66c74cc95d5,59a32fe4bfd73c00010ea43d,APPROVED,Not Applicable,2025-02-21T19:33:05.112000Z,2025-02-21T19:41:43.957000Z,2025-02-21T19:41:44.972000Z,2025-02-21T19:41:44.833947Z,519.0,C1BTHULB,699,White,Graduate degree (MA/MSc/MPhil/other),28,Male,White,United States,United States,United States,English,No,Full-Time
67b8d5b2aeebd204929a8ce7,6110a371c00388d587922ff1,APPROVED,Not Applicable,2025-02-21T19:36:27.182000Z,2025-02-21T19:41:02.354000Z,2025-02-21T20:56:31.919000Z,2025-02-21T19:41:03.135486Z,276.0,C1BTHULB,2290,White,Technical/community college,37,Female,White,United States,United States,United States,English,No,Unemployed (and job seeking)
67b8d5b92dcc00de2d36dcd2,6746319f1aea9020c91d4f4d,APPROVED,Not Applicable,2025-02-21T19:36:31.942000Z,2025-02-21T19:48:01.752000Z,2025-02-21T19:48:02.646000Z,2025-02-21T19:48:09.629076Z,690.0,C1BTHULB,318,White,Technical/community college,52,Male,White,United States,United States,United States,English,No,"Not in paid work (e.g. homemaker', 'retired or disabled)"
67b8d5d49ff39922bd51e44f,678e27dc56184eb3ca82fd48,APPROVED,Not Applicable,2025-02-21T19:37:02.121000Z,2025-02-21T20:16:50.512000Z,2025-02-21T20:16:51.281000Z,2025-02-21T20:16:52.147564Z,2389.0,C1BTHULB,49,White,Graduate degree (MA/MSc/MPhil/other),25,Male,White,United States,United States,United States,English,No,DATA_EXPIRED
67b8d6aa39d2e6a516c6f30d,5589a309fdf99b7ae5007c33,APPROVED,Not Applicable,2025-02-21T19:40:36.537000Z,2025-02-21T19:53:07.045000Z,2025-02-21T19:53:07.921000Z,2025-02-21T19:53:14.495513Z,751.0,C1BTHULB,2741,White,High school diploma/A-levels,47,Male,White,United States,United States,United States,English,No,Full-Time
67b8d718aa6e161abe6440bd,60bfd72cbf383d740b0d9b00,APPROVED,Not Applicable,2025-02-21T19:42:20.017000Z,2025-02-21T19:50:11.355000Z,2025-02-21T19:50:12.280000Z,2025-02-21T19:50:12.293636Z,472.0,C1BTHULB,924,White,Undergraduate degree (BA/BSc/other),24,Female,White,United States,United States,United States,English,Yes,Full-Time
67b8d7298622332b7ec1b261,59a6d98590dec70001731889,APPROVED,Not Applicable,2025-02-21T19:42:42.357000Z,2025-02-21T19:57:44.440000Z,2025-02-21T19:57:45.503000Z,2025-02-21T19:57:54.780366Z,903.0,C1BTHULB,932,Mixed,High school diploma/A-levels,33,Female,Mixed,Philippines,United States,United States,English,DATA_EXPIRED,DATA_EXPIRED
67b8d9c27003ac3fbdd2e9b7,632b9d9bc38454f47019295c,APPROVED,Not Applicable,2025-02-21T19:54:13.273000Z,2025-02-21T20:16:45.618000Z,2025-02-21T20:16:49.324000Z,2025-02-21T20:16:46.341356Z,1353.0,C1BTHULB,4020,White,Graduate degree (MA/MSc/MPhil/other),46,Male,White,United States,United States,United States,English,No,Unemployed (and job seeking)
67b8db3f2404da2e6f3d0c87,67421e5c304fac818596d7f0,APPROVED,Not Applicable,2025-02-21T19:59:59.900000Z,2025-02-21T20:09:21.750000Z,2025-02-21T20:09:22.668000Z,2025-02-21T20:09:22.609533Z,562.0,C1BTHULB,146,White,Technical/community college,38,Female,Mixed,United States,United States,United States,English,No,Part-Time
67b8dd0ee139d778201a8017,663a245615539171d9a3611a,APPROVED,Not Applicable,2025-02-21T20:07:46.846000Z,2025-02-21T20:22:38.225000Z,2025-02-21T20:22:40.324000Z,2025-02-21T20:22:39.013619Z,892.0,C1BTHULB,651,White,Undergraduate degree (BA/BSc/other),25,Female,White,United States,United States,United States,English,No,Full-Time
67b8e5cbeea6f8b34b8b2a31,6656525d91de4ff22fe48813,APPROVED,Not Applicable,2025-02-21T20:45:07.727000Z,2025-02-21T21:03:28.965000Z,2025-02-21T21:03:30.313000Z,2025-02-21T21:03:30.189119Z,1102.0,C1BTHULB,1265,White,High school diploma/A-levels,49,Male,White,United States,United States,United States,English,Yes,Full-Time
67b8c19cc338a4623282c008,5bcf173fa356010001d78f6c,RETURNED,Not Applicable,2025-02-21T18:10:43.309000Z,,,,,,3411,CONSENT_REVOKED,CONSENT_REVOKED,CONSENT_REVOKED,CONSENT_REVOKED,CONSENT_REVOKED,CONSENT_REVOKED,CONSENT_REVOKED,CONSENT_REVOKED,CONSENT_REVOKED,CONSENT_REVOKED,CONSENT_REVOKED
67b8c2567003ac3fbdd2e5b0,61086791465482e3ec238c87,RETURNED,Not Applicable,2025-02-21T18:13:47.746000Z,,,,,,5103,CONSENT_REVOKED,CONSENT_REVOKED,CONSENT_REVOKED,CONSENT_REVOKED,CONSENT_REVOKED,CONSENT_REVOKED,CONSENT_REVOKED,CONSENT_REVOKED,CONSENT_REVOKED,CONSENT_REVOKED,CONSENT_REVOKED
67b8c2de515db20add473255,6750896057716e8fc266034c,RETURNED,Not Applicable,2025-02-21T18:16:03.681000Z,,,,,,66,CONSENT_REVOKED,CONSENT_REVOKED,CONSENT_REVOKED,CONSENT_REVOKED,CONSENT_REVOKED,CONSENT_REVOKED,CONSENT_REVOKED,CONSENT_REVOKED,CONSENT_REVOKED,CONSENT_REVOKED,CONSENT_REVOKED
67b8c363ffa62f549e17625c,5d7047d764b37b0017ffa710,RETURNED,Not Applicable,2025-02-21T18:18:20.534000Z,,,,,,4496,CONSENT_REVOKED,CONSENT_REVOKED,CONSENT_REVOKED,CONSENT_REVOKED,CONSENT_REVOKED,CONSENT_REVOKED,CONSENT_REVOKED,CONSENT_REVOKED,CONSENT_REVOKED,CONSENT_REVOKED,CONSENT_REVOKED
67b8c370c9100d56784c0588,5739549114f69e00067becd8,RETURNED,Not Applicable,2025-02-21T18:22:50.579000Z,,,,,,2402,CONSENT_REVOKED,CONSENT_REVOKED,CONSENT_REVOKED,CONSENT_REVOKED,CONSENT_REVOKED,CONSENT_REVOKED,CONSENT_REVOKED,CONSENT_REVOKED,CONSENT_REVOKED,CONSENT_REVOKED,CONSENT_REVOKED
67b8c3778622332b7ec1aeb5,67b63c16315f986de0219f4e,RETURNED,Not Applicable,2025-02-21T18:28:31.289000Z,,,,,,13,CONSENT_REVOKED,CONSENT_REVOKED,CONSENT_REVOKED,CONSENT_REVOKED,CONSENT_REVOKED,CONSENT_REVOKED,CONSENT_REVOKED,CONSENT_REVOKED,CONSENT_REVOKED,CONSENT_REVOKED,CONSENT_REVOKED
67b8c4745f07b329bd7463d0,614242d026eed54d1e88ba8d,TIMED-OUT,Not Applicable,2025-02-21T18:22:48.822000Z,,,,9718.0,,72,Latino/Hispanic,High school diploma/A-levels,21,Female,Mixed,United States,United States,Cuba,Spanish,No,Unemployed (and job seeking)
67b8c4ae3662fcc16b198dd5,6776d1fbf02aa13fae56d9d7,RETURNED,Not Applicable,2025-02-21T18:24:06.480000Z,,,,,,145,CONSENT_REVOKED,CONSENT_REVOKED,CONSENT_REVOKED,CONSENT_REVOKED,CONSENT_REVOKED,CONSENT_REVOKED,CONSENT_REVOKED,CONSENT_REVOKED,CONSENT_REVOKED,CONSENT_REVOKED,CONSENT_REVOKED
67b8c4f2ac861ea60551e7c7,65fc7aec8851ded695c2fd8a,RETURNED,Not Applicable,2025-02-21T18:35:00.069000Z,,,,,,288,CONSENT_REVOKED,CONSENT_REVOKED,CONSENT_REVOKED,CONSENT_REVOKED,CONSENT_REVOKED,CONSENT_REVOKED,CONSENT_REVOKED,CONSENT_REVOKED,CONSENT_REVOKED,CONSENT_REVOKED,CONSENT_REVOKED
67b8c4fab6ce477d9dcaceac,5d2df745da13f60018d14b64,RETURNED,Not Applicable,2025-02-21T18:35:00.069000Z,,,,,,7305,CONSENT_REVOKED,CONSENT_REVOKED,CONSENT_REVOKED,CONSENT_REVOKED,CONSENT_REVOKED,CONSENT_REVOKED,CONSENT_REVOKED,CONSENT_REVOKED,CONSENT_REVOKED,CONSENT_REVOKED,CONSENT_REVOKED
67b8c4fd0f20c30a2368730a,63b6ec7f786d826fcb66daeb,RETURNED,Not Applicable,2025-02-21T18:36:00.067000Z,,,,,,1616,CONSENT_REVOKED,CONSENT_REVOKED,CONSENT_REVOKED,CONSENT_REVOKED,CONSENT_REVOKED,CONSENT_REVOKED,CONSENT_REVOKED,CONSENT_REVOKED,CONSENT_REVOKED,CONSENT_REVOKED,CONSENT_REVOKED
67b8c5ec5c4e4dc0557e3186,6657e75161c176ee0f149c94,RETURNED,Not Applicable,2025-02-21T18:29:13.756000Z,,,,,,299,CONSENT_REVOKED,CONSENT_REVOKED,CONSENT_REVOKED,CONSENT_REVOKED,CONSENT_REVOKED,CONSENT_REVOKED,CONSENT_REVOKED,CONSENT_REVOKED,CONSENT_REVOKED,CONSENT_REVOKED,CONSENT_REVOKED
67b8c617d513d61d03b281ef,6679d30fd961448c416289c1,RETURNED,Not Applicable,2025-02-21T18:39:43.004000Z,,,,,,758,CONSENT_REVOKED,CONSENT_REVOKED,CONSENT_REVOKED,CONSENT_REVOKED,CONSENT_REVOKED,CONSENT_REVOKED,CONSENT_REVOKED,CONSENT_REVOKED,CONSENT_REVOKED,CONSENT_REVOKED,CONSENT_REVOKED
67b8c63e712776ffa2324cf8,653fe3c58f4df4e625de57e2,RETURNED,Not Applicable,2025-02-21T18:41:00.058000Z,,,,,,312,CONSENT_REVOKED,CONSENT_REVOKED,CONSENT_REVOKED,CONSENT_REVOKED,CONSENT_REVOKED,CONSENT_REVOKED,CONSENT_REVOKED,CONSENT_REVOKED,CONSENT_REVOKED,CONSENT_REVOKED,CONSENT_REVOKED
67b8c64ab8b856847c6c6ad3,6616f3edc5e596af9113da49,RETURNED,Not Applicable,2025-02-21T18:30:39.814000Z,,,,,,676,CONSENT_REVOKED,CONSENT_REVOKED,CONSENT_REVOKED,CONSENT_REVOKED,CONSENT_REVOKED,CONSENT_REVOKED,CONSENT_REVOKED,CONSENT_REVOKED,CONSENT_REVOKED,CONSENT_REVOKED,CONSENT_REVOKED
67b8c68429cb112af5f8d67e,668180f26a3b162091510589,RETURNED,Not Applicable,2025-02-21T18:41:32.739000Z,,,,,,626,CONSENT_REVOKED,CONSENT_REVOKED,CONSENT_REVOKED,CONSENT_REVOKED,CONSENT_REVOKED,CONSENT_REVOKED,CONSENT_REVOKED,CONSENT_REVOKED,CONSENT_REVOKED,CONSENT_REVOKED,CONSENT_REVOKED
67b8c6ba9757071215f2b6aa,66266b2132fdc1414ff343f7,RETURNED,Not Applicable,2025-02-21T18:32:33.394000Z,,,,,,1516,CONSENT_REVOKED,CONSENT_REVOKED,CONSENT_REVOKED,CONSENT_REVOKED,CONSENT_REVOKED,CONSENT_REVOKED,CONSENT_REVOKED,CONSENT_REVOKED,CONSENT_REVOKED,CONSENT_REVOKED,CONSENT_REVOKED
67b8c6f25813e770139fbfa5,663d73e3a9711eee00553d85,RETURNED,Not Applicable,2025-02-21T18:33:42.092000Z,,,,,,633,CONSENT_REVOKED,CONSENT_REVOKED,CONSENT_REVOKED,CONSENT_REVOKED,CONSENT_REVOKED,CONSENT_REVOKED,CONSENT_REVOKED,CONSENT_REVOKED,CONSENT_REVOKED,CONSENT_REVOKED,CONSENT_REVOKED
67b8c713fab2b0bf852c132b,66ef5eb44a508904b144abfc,RETURNED,Not Applicable,2025-02-21T18:34:11.794000Z,,,,,,683,CONSENT_REVOKED,CONSENT_REVOKED,CONSENT_REVOKED,CONSENT_REVOKED,CONSENT_REVOKED,CONSENT_REVOKED,CONSENT_REVOKED,CONSENT_REVOKED,CONSENT_REVOKED,CONSENT_REVOKED,CONSENT_REVOKED
67b8c74d6be8fc3261c8fdec,62827896d034545333f4610c,RETURNED,Not Applicable,2025-02-21T18:35:00.134000Z,,,,,,2060,CONSENT_REVOKED,CONSENT_REVOKED,CONSENT_REVOKED,CONSENT_REVOKED,CONSENT_REVOKED,CONSENT_REVOKED,CONSENT_REVOKED,CONSENT_REVOKED,CONSENT_REVOKED,CONSENT_REVOKED,CONSENT_REVOKED
67b8c7797f926a56ea58a099,62e03427479d146dd416271a,RETURNED,Not Applicable,2025-02-21T18:35:41.310000Z,,,,,,804,CONSENT_REVOKED,CONSENT_REVOKED,CONSENT_REVOKED,CONSENT_REVOKED,CONSENT_REVOKED,CONSENT_REVOKED,CONSENT_REVOKED,CONSENT_REVOKED,CONSENT_REVOKED,CONSENT_REVOKED,CONSENT_REVOKED
67b8c80aeb8d8a259ab5507e,61fa941a5719bc09cb834e67,RETURNED,Not Applicable,2025-02-21T18:38:13.666000Z,,,,,,277,CONSENT_REVOKED,CONSENT_REVOKED,CONSENT_REVOKED,CONSENT_REVOKED,CONSENT_REVOKED,CONSENT_REVOKED,CONSENT_REVOKED,CONSENT_REVOKED,CONSENT_REVOKED,CONSENT_REVOKED,CONSENT_REVOKED
67b8c82e480bf367e39fc0f3,66bb96d4cbdc8590af93e86a,RETURNED,Not Applicable,2025-02-21T18:38:45.861000Z,,,,,,222,CONSENT_REVOKED,CONSENT_REVOKED,CONSENT_REVOKED,CONSENT_REVOKED,CONSENT_REVOKED,CONSENT_REVOKED,CONSENT_REVOKED,CONSENT_REVOKED,CONSENT_REVOKED,CONSENT_REVOKED,CONSENT_REVOKED
67b8c8f5a1f3127fe6400030,5eef7d500f80cb069152087e,RETURNED,Not Applicable,2025-02-21T18:42:01.538000Z,,,,,,430,CONSENT_REVOKED,CONSENT_REVOKED,CONSENT_REVOKED,CONSENT_REVOKED,CONSENT_REVOKED,CONSENT_REVOKED,CONSENT_REVOKED,CONSENT_REVOKED,CONSENT_REVOKED,CONSENT_REVOKED,CONSENT_REVOKED
67b8c949de30a4cac54e3bef,5dd438b65a40f24302c09c2d,RETURNED,Not Applicable,2025-02-21T18:53:21.739000Z,,,,,,7267,CONSENT_REVOKED,CONSENT_REVOKED,CONSENT_REVOKED,CONSENT_REVOKED,CONSENT_REVOKED,CONSENT_REVOKED,CONSENT_REVOKED,CONSENT_REVOKED,CONSENT_REVOKED,CONSENT_REVOKED,CONSENT_REVOKED
67b8c9b960945c4a0f3e1859,661aa53ebb9abf74f1fc66bf,RETURNED,Not Applicable,2025-02-21T18:46:13.607000Z,,,,,,332,CONSENT_REVOKED,CONSENT_REVOKED,CONSENT_REVOKED,CONSENT_REVOKED,CONSENT_REVOKED,CONSENT_REVOKED,CONSENT_REVOKED,CONSENT_REVOKED,CONSENT_REVOKED,CONSENT_REVOKED,CONSENT_REVOKED
67b8c9c4b85fe7b432f8da88,6116f60ae8f48f7d1244e8d3,RETURNED,Not Applicable,2025-02-21T18:45:28.626000Z,,,,,,1512,CONSENT_REVOKED,CONSENT_REVOKED,CONSENT_REVOKED,CONSENT_REVOKED,CONSENT_REVOKED,CONSENT_REVOKED,CONSENT_REVOKED,CONSENT_REVOKED,CONSENT_REVOKED,CONSENT_REVOKED,CONSENT_REVOKED
67b8c9e0816ebd2199d1ae7d,60367f78082e3dedb8238ea3,RETURNED,Not Applicable,2025-02-21T18:45:59.276000Z,,,,,,8207,CONSENT_REVOKED,CONSENT_REVOKED,CONSENT_REVOKED,CONSENT_REVOKED,CONSENT_REVOKED,CONSENT_REVOKED,CONSENT_REVOKED,CONSENT_REVOKED,CONSENT_REVOKED,CONSENT_REVOKED,CONSENT_REVOKED
67b8ca739757071215f2b758,6298ec5a536b0a7876579a22,RETURNED,Not Applicable,2025-02-21T18:59:00.067000Z,,,,,,860,CONSENT_REVOKED,CONSENT_REVOKED,CONSENT_REVOKED,CONSENT_REVOKED,CONSENT_REVOKED,CONSENT_REVOKED,CONSENT_REVOKED,CONSENT_REVOKED,CONSENT_REVOKED,CONSENT_REVOKED,CONSENT_REVOKED
67b8ca8e52895752a3eda6e4,5aebb10baa05510001ff6500,RETURNED,Not Applicable,2025-02-21T18:48:53.074000Z,,,,,,5323,CONSENT_REVOKED,CONSENT_REVOKED,CONSENT_REVOKED,CONSENT_REVOKED,CONSENT_REVOKED,CONSENT_REVOKED,CONSENT_REVOKED,CONSENT_REVOKED,CONSENT_REVOKED,CONSENT_REVOKED,CONSENT_REVOKED
67b8caa172bc606ab58d38ff,67191b0bfa1e3a61f1b4d331,RETURNED,Not Applicable,2025-02-21T18:59:05.084000Z,,,,,,94,CONSENT_REVOKED,CONSENT_REVOKED,CONSENT_REVOKED,CONSENT_REVOKED,CONSENT_REVOKED,CONSENT_REVOKED,CONSENT_REVOKED,CONSENT_REVOKED,CONSENT_REVOKED,CONSENT_REVOKED,CONSENT_REVOKED
67b8cab4cd46ae8e9d076101,67ac9fd62a8d084f92e7241a,RETURNED,Not Applicable,2025-02-21T18:49:54.573000Z,,,,,,35,CONSENT_REVOKED,CONSENT_REVOKED,CONSENT_REVOKED,CONSENT_REVOKED,CONSENT_REVOKED,CONSENT_REVOKED,CONSENT_REVOKED,CONSENT_REVOKED,CONSENT_REVOKED,CONSENT_REVOKED,CONSENT_REVOKED
67b8caeb03c6549864ab5661,66675384ba5caa27cc73897e,RETURNED,Not Applicable,2025-02-21T18:50:27.665000Z,,,,,,469,CONSENT_REVOKED,CONSENT_REVOKED,CONSENT_REVOKED,CONSENT_REVOKED,CONSENT_REVOKED,CONSENT_REVOKED,CONSENT_REVOKED,CONSENT_REVOKED,CONSENT_REVOKED,CONSENT_REVOKED,CONSENT_REVOKED
67b8cb5bc6a3f32c34746518,5eeba783164680119f2e30c7,RETURNED,Not Applicable,2025-02-21T18:52:22.498000Z,,,,,,5049,CONSENT_REVOKED,CONSENT_REVOKED,CONSENT_REVOKED,CONSENT_REVOKED,CONSENT_REVOKED,CONSENT_REVOKED,CONSENT_REVOKED,CONSENT_REVOKED,CONSENT_REVOKED,CONSENT_REVOKED,CONSENT_REVOKED
67b8cbdda978b264b4019c09,6685b9d77dc95a39de6eedb1,RETURNED,Not Applicable,2025-02-21T18:54:29.398000Z,,,,,,1018,CONSENT_REVOKED,CONSENT_REVOKED,CONSENT_REVOKED,CONSENT_REVOKED,CONSENT_REVOKED,CONSENT_REVOKED,CONSENT_REVOKED,CONSENT_REVOKED,CONSENT_REVOKED,CONSENT_REVOKED,CONSENT_REVOKED
67b8cc46263fee963fe8da89,6285851a54a1511bfcab385c,RETURNED,Not Applicable,2025-02-21T18:56:18.559000Z,,,,,,2557,CONSENT_REVOKED,CONSENT_REVOKED,CONSENT_REVOKED,CONSENT_REVOKED,CONSENT_REVOKED,CONSENT_REVOKED,CONSENT_REVOKED,CONSENT_REVOKED,CONSENT_REVOKED,CONSENT_REVOKED,CONSENT_REVOKED
67b8cccb5592a86cbd7ca293,5fd14598fd2de30f5eea2fc4,RETURNED,Not Applicable,2025-02-21T18:58:25.606000Z,,,,,,2928,CONSENT_REVOKED,CONSENT_REVOKED,CONSENT_REVOKED,CONSENT_REVOKED,CONSENT_REVOKED,CONSENT_REVOKED,CONSENT_REVOKED,CONSENT_REVOKED,CONSENT_REVOKED,CONSENT_REVOKED,CONSENT_REVOKED
67b8cde4a44695d055e74261,6091b418d1cddb4526a44543,RETURNED,Not Applicable,2025-02-21T19:03:08.602000Z,,,,,,7279,CONSENT_REVOKED,CONSENT_REVOKED,CONSENT_REVOKED,CONSENT_REVOKED,CONSENT_REVOKED,CONSENT_REVOKED,CONSENT_REVOKED,CONSENT_REVOKED,CONSENT_REVOKED,CONSENT_REVOKED,CONSENT_REVOKED
67b8cdeb5c4e4dc0557e331f,648a20d992b7fa8718009072,RETURNED,Not Applicable,2025-02-21T19:03:14.587000Z,,,,,,2398,CONSENT_REVOKED,CONSENT_REVOKED,CONSENT_REVOKED,CONSENT_REVOKED,CONSENT_REVOKED,CONSENT_REVOKED,CONSENT_REVOKED,CONSENT_REVOKED,CONSENT_REVOKED,CONSENT_REVOKED,CONSENT_REVOKED
67b8cdf661a2ca0959f7299b,5e822189753a0e92e5e25cd8,RETURNED,Not Applicable,2025-02-21T19:04:17.650000Z,,,,,,1136,CONSENT_REVOKED,CONSENT_REVOKED,CONSENT_REVOKED,CONSENT_REVOKED,CONSENT_REVOKED,CONSENT_REVOKED,CONSENT_REVOKED,CONSENT_REVOKED,CONSENT_REVOKED,CONSENT_REVOKED,CONSENT_REVOKED
67b8ce88c972be904b4aaed0,67139f381fe62245c51da796,RETURNED,Not Applicable,2025-02-21T19:05:59.417000Z,,,,,,337,CONSENT_REVOKED,CONSENT_REVOKED,CONSENT_REVOKED,CONSENT_REVOKED,CONSENT_REVOKED,CONSENT_REVOKED,CONSENT_REVOKED,CONSENT_REVOKED,CONSENT_REVOKED,CONSENT_REVOKED,CONSENT_REVOKED
67b8ceb2aae3d8c1607a6975,622a2b1c561ce3cd95519fd2,RETURNED,Not Applicable,2025-02-21T19:06:33.860000Z,,,,,,4436,CONSENT_REVOKED,CONSENT_REVOKED,CONSENT_REVOKED,CONSENT_REVOKED,CONSENT_REVOKED,CONSENT_REVOKED,CONSENT_REVOKED,CONSENT_REVOKED,CONSENT_REVOKED,CONSENT_REVOKED,CONSENT_REVOKED
67b8cf4b233ab320f8b28620,63cee94567f36d59c728a96a,RETURNED,Not Applicable,2025-02-21T19:09:03.634000Z,,,,,,1479,CONSENT_REVOKED,CONSENT_REVOKED,CONSENT_REVOKED,CONSENT_REVOKED,CONSENT_REVOKED,CONSENT_REVOKED,CONSENT_REVOKED,CONSENT_REVOKED,CONSENT_REVOKED,CONSENT_REVOKED,CONSENT_REVOKED
67b8d0347003ac3fbdd2e84a,5ee8bb541323a50651accf89,RETURNED,Not Applicable,2025-02-21T19:13:00.481000Z,,,,,,5143,CONSENT_REVOKED,CONSENT_REVOKED,CONSENT_REVOKED,CONSENT_REVOKED,CONSENT_REVOKED,CONSENT_REVOKED,CONSENT_REVOKED,CONSENT_REVOKED,CONSENT_REVOKED,CONSENT_REVOKED,CONSENT_REVOKED
67b8d095060cf74bf0f2b918,66c0d9ef3c9b1d596446f813,RETURNED,Not Applicable,2025-02-21T19:14:40.831000Z,,,,,,1205,CONSENT_REVOKED,CONSENT_REVOKED,CONSENT_REVOKED,CONSENT_REVOKED,CONSENT_REVOKED,CONSENT_REVOKED,CONSENT_REVOKED,CONSENT_REVOKED,CONSENT_REVOKED,CONSENT_REVOKED,CONSENT_REVOKED
67b8d1229070c001463fa058,634ef87aec0966557c825573,RETURNED,Not Applicable,2025-02-21T19:27:01.953000Z,,,,,,4728,CONSENT_REVOKED,CONSENT_REVOKED,CONSENT_REVOKED,CONSENT_REVOKED,CONSENT_REVOKED,CONSENT_REVOKED,CONSENT_REVOKED,CONSENT_REVOKED,CONSENT_REVOKED,CONSENT_REVOKED,CONSENT_REVOKED
67b8d23fb57365a71cedacd6,673b584c621ef135010db0b8,RETURNED,Not Applicable,2025-02-21T19:21:43.668000Z,,,,,,402,CONSENT_REVOKED,CONSENT_REVOKED,CONSENT_REVOKED,CONSENT_REVOKED,CONSENT_REVOKED,CONSENT_REVOKED,CONSENT_REVOKED,CONSENT_REVOKED,CONSENT_REVOKED,CONSENT_REVOKED,CONSENT_REVOKED
67b8d5dd55ec381c13e347c3,63d80b500adef5b476e289a4,RETURNED,Not Applicable,2025-02-21T19:37:52.988000Z,,,,,,5261,CONSENT_REVOKED,CONSENT_REVOKED,CONSENT_REVOKED,CONSENT_REVOKED,CONSENT_REVOKED,CONSENT_REVOKED,CONSENT_REVOKED,CONSENT_REVOKED,CONSENT_REVOKED,CONSENT_REVOKED,CONSENT_REVOKED
67b8d76d0613cbc616ad046d,63e63a16d7a7a9ceb751d456,RETURNED,Not Applicable,2025-02-21T19:43:49.598000Z,,,,,,1010,CONSENT_REVOKED,CONSENT_REVOKED,CONSENT_REVOKED,CONSENT_REVOKED,CONSENT_REVOKED,CONSENT_REVOKED,CONSENT_REVOKED,CONSENT_REVOKED,CONSENT_REVOKED,CONSENT_REVOKED,CONSENT_REVOKED
