participant.id_in_session,participant.code,participant.label,participant._is_bot,participant._index_in_pages,participant._max_page_index,participant._current_app_name,participant._current_page_name,participant.time_started_utc,participant.visited,participant.mturk_worker_id,participant.mturk_assignment_id,participant.payoff,participant.drop,participant.single,participant.page_number,participant.oppo_list,participant.payoffs_list,participant.oppo_payoffs_list,participant.nodes_list,participant.oppo_nodes_list,participant.takes_list,participant.oppo_takes_list,participant.order,participant.finished,participant.prolificID,session.code,session.label,session.mturk_HITId,session.mturk_HITGroupId,session.comment,session.is_demo,session.config.real_world_currency_per_point,session.config.return_url,session.config.participation_fee,session.config.name,Intro.1.player.id_in_group,Intro.1.player.role,Intro.1.player.payoff,Intro.1.player.prolific_id,Intro.1.group.id_in_subsession,Intro.1.subsession.round_number,Section_1.1.player.id_in_group,Section_1.1.player.role,Section_1.1.player.payoff,Section_1.1.player.question1,Section_1.1.player.question2,Section_1.1.player.question3,Section_1.1.player.question4,Section_1.1.player.question5,Section_1.1.player.question6,Section_1.1.player.question7,Section_1.1.player.question8,Section_1.1.player.question9,Section_1.1.player.question10,Section_1.1.player.stem_quiz_1_answers,Section_1.1.player.stem_quiz_1_score,Section_1.1.player.num_tab_switches_in_section_1,Section_1.1.player.total_time_hidden_in_section_1,Section_1.1.group.id_in_subsession,Section_1.1.subsession.round_number,Section_2_3.1.player.id_in_group,Section_2_3.1.player.role,Section_2_3.1.player.payoff,Section_2_3.1.player.track,Section_2_3.1.player.path,Section_2_3.1.player.info_structure,Section_2_3.1.player.preferred_info_structure,Section_2_3.1.player.performance,Section_2_3.1.player.ball_color,Section_2_3.1.player.overplacement,Section_2_3.1.player.overestimation,Section_2_3.1.player.passing_threshold,Section_2_3.1.player.ball_origin_estimation,Section_2_3.1.group.id_in_subsession,Section_2_3.1.subsession.round_number,Section_4_5.1.player.id_in_group,Section_4_5.1.player.role,Section_4_5.1.player.payoff,Section_4_5.1.player.question1,Section_4_5.1.player.question2,Section_4_5.1.player.question3,Section_4_5.1.player.question4,Section_4_5.1.player.question5,Section_4_5.1.player.question6,Section_4_5.1.player.question7,Section_4_5.1.player.question8,Section_4_5.1.player.question9,Section_4_5.1.player.question10,Section_4_5.1.player.quiz_2_answers,Section_4_5.1.player.quiz_2_score,Section_4_5.1.player.preferred_second_survey,Section_4_5.1.player.parsed_questions,Section_4_5.1.player.num_tab_switches_in_section_5,Section_4_5.1.player.total_time_hidden_in_section_5,Section_4_5.1.player.passing_threshold,Section_4_5.1.group.id_in_subsession,Section_4_5.1.subsession.round_number,Section_6.1.player.id_in_group,Section_6.1.player.role,Section_6.1.player.payoff,Section_6.1.player.question1,Section_6.1.player.question2,Section_6.1.player.question3,Section_6.1.player.question4,Section_6.1.player.question5,Section_6.1.player.question6,Section_6.1.player.question7,Section_6.1.player.question8,Section_6.1.player.question9,Section_6.1.player.question10,Section_6.1.player.question11,Section_6.1.player.risk_tolerance_answers,Section_6.1.group.id_in_subsession,Section_6.1.subsession.round_number,Section_7.1.player.id_in_group,Section_7.1.player.role,Section_7.1.player.payoff,Section_7.1.player.schools_private_independent,Section_7.1.player.schools_private_religious,Section_7.1.player.schools_public_school,Section_7.1.player.schools_homeschool,Section_7.1.player.schools_online_school,Section_7.1.player.schools_charter_school,Section_7.1.player.schools_all_girls_school,Section_7.1.player.schools_all_boys_school,Section_7.1.player.schools_stem_oriented_school,Section_7.1.player.track_decision,Section_7.1.player.experience,Section_7.1.player.preferred_second_survey,Section_7.1.group.id_in_subsession,Section_7.1.subsession.round_number,pg_discounting3.1.player.id_in_group,pg_discounting3.1.player.role,pg_discounting3.1.player.payoff,pg_discounting3.1.player.ps_token_value,pg_discounting3.1.player.token_value,pg_discounting3.1.player.spending,pg_discounting3.1.player.results_clicked,pg_discounting3.1.player.potential_payoff,pg_discounting3.1.group.id_in_subsession,pg_discounting3.1.group.ps_num_moves_made,pg_discounting3.1.group.ps_num_tokens_spent,pg_discounting3.1.group.num_moves_made,pg_discounting3.1.group.num_tokens_spent,pg_discounting3.1.group.current_period,pg_discounting3.1.group.stopped,pg_discounting3.1.subsession.round_number,pg_discounting3.1.subsession.L,pg_discounting3.1.subsession.K,pg_discounting3.1.subsession.public_goods_value,pg_discounting3.1.subsession.tokens_needed,pg_discounting3.1.subsession.num_paid_rounds,pg_discounting3.1.subsession.stopping_probability,pg_discounting3.1.subsession.period_batch_size,pg_discounting3.1.subsession.final_period,pg_discounting3.1.subsession.paid_period,pg_discounting3.2.player.id_in_group,pg_discounting3.2.player.role,pg_discounting3.2.player.payoff,pg_discounting3.2.player.ps_token_value,pg_discounting3.2.player.token_value,pg_discounting3.2.player.spending,pg_discounting3.2.player.results_clicked,pg_discounting3.2.player.potential_payoff,pg_discounting3.2.group.id_in_subsession,pg_discounting3.2.group.ps_num_moves_made,pg_discounting3.2.group.ps_num_tokens_spent,pg_discounting3.2.group.num_moves_made,pg_discounting3.2.group.num_tokens_spent,pg_discounting3.2.group.current_period,pg_discounting3.2.group.stopped,pg_discounting3.2.subsession.round_number,pg_discounting3.2.subsession.L,pg_discounting3.2.subsession.K,pg_discounting3.2.subsession.public_goods_value,pg_discounting3.2.subsession.tokens_needed,pg_discounting3.2.subsession.num_paid_rounds,pg_discounting3.2.subsession.stopping_probability,pg_discounting3.2.subsession.period_batch_size,pg_discounting3.2.subsession.final_period,pg_discounting3.2.subsession.paid_period,pg_discounting3.3.player.id_in_group,pg_discounting3.3.player.role,pg_discounting3.3.player.payoff,pg_discounting3.3.player.ps_token_value,pg_discounting3.3.player.token_value,pg_discounting3.3.player.spending,pg_discounting3.3.player.results_clicked,pg_discounting3.3.player.potential_payoff,pg_discounting3.3.group.id_in_subsession,pg_discounting3.3.group.ps_num_moves_made,pg_discounting3.3.group.ps_num_tokens_spent,pg_discounting3.3.group.num_moves_made,pg_discounting3.3.group.num_tokens_spent,pg_discounting3.3.group.current_period,pg_discounting3.3.group.stopped,pg_discounting3.3.subsession.round_number,pg_discounting3.3.subsession.L,pg_discounting3.3.subsession.K,pg_discounting3.3.subsession.public_goods_value,pg_discounting3.3.subsession.tokens_needed,pg_discounting3.3.subsession.num_paid_rounds,pg_discounting3.3.subsession.stopping_probability,pg_discounting3.3.subsession.period_batch_size,pg_discounting3.3.subsession.final_period,pg_discounting3.3.subsession.paid_period,pg_discounting3.4.player.id_in_group,pg_discounting3.4.player.role,pg_discounting3.4.player.payoff,pg_discounting3.4.player.ps_token_value,pg_discounting3.4.player.token_value,pg_discounting3.4.player.spending,pg_discounting3.4.player.results_clicked,pg_discounting3.4.player.potential_payoff,pg_discounting3.4.group.id_in_subsession,pg_discounting3.4.group.ps_num_moves_made,pg_discounting3.4.group.ps_num_tokens_spent,pg_discounting3.4.group.num_moves_made,pg_discounting3.4.group.num_tokens_spent,pg_discounting3.4.group.current_period,pg_discounting3.4.group.stopped,pg_discounting3.4.subsession.round_number,pg_discounting3.4.subsession.L,pg_discounting3.4.subsession.K,pg_discounting3.4.subsession.public_goods_value,pg_discounting3.4.subsession.tokens_needed,pg_discounting3.4.subsession.num_paid_rounds,pg_discounting3.4.subsession.stopping_probability,pg_discounting3.4.subsession.period_batch_size,pg_discounting3.4.subsession.final_period,pg_discounting3.4.subsession.paid_period,pg_discounting3.5.player.id_in_group,pg_discounting3.5.player.role,pg_discounting3.5.player.payoff,pg_discounting3.5.player.ps_token_value,pg_discounting3.5.player.token_value,pg_discounting3.5.player.spending,pg_discounting3.5.player.results_clicked,pg_discounting3.5.player.potential_payoff,pg_discounting3.5.group.id_in_subsession,pg_discounting3.5.group.ps_num_moves_made,pg_discounting3.5.group.ps_num_tokens_spent,pg_discounting3.5.group.num_moves_made,pg_discounting3.5.group.num_tokens_spent,pg_discounting3.5.group.current_period,pg_discounting3.5.group.stopped,pg_discounting3.5.subsession.round_number,pg_discounting3.5.subsession.L,pg_discounting3.5.subsession.K,pg_discounting3.5.subsession.public_goods_value,pg_discounting3.5.subsession.tokens_needed,pg_discounting3.5.subsession.num_paid_rounds,pg_discounting3.5.subsession.stopping_probability,pg_discounting3.5.subsession.period_batch_size,pg_discounting3.5.subsession.final_period,pg_discounting3.5.subsession.paid_period,pg_discounting3.6.player.id_in_group,pg_discounting3.6.player.role,pg_discounting3.6.player.payoff,pg_discounting3.6.player.ps_token_value,pg_discounting3.6.player.token_value,pg_discounting3.6.player.spending,pg_discounting3.6.player.results_clicked,pg_discounting3.6.player.potential_payoff,pg_discounting3.6.group.id_in_subsession,pg_discounting3.6.group.ps_num_moves_made,pg_discounting3.6.group.ps_num_tokens_spent,pg_discounting3.6.group.num_moves_made,pg_discounting3.6.group.num_tokens_spent,pg_discounting3.6.group.current_period,pg_discounting3.6.group.stopped,pg_discounting3.6.subsession.round_number,pg_discounting3.6.subsession.L,pg_discounting3.6.subsession.K,pg_discounting3.6.subsession.public_goods_value,pg_discounting3.6.subsession.tokens_needed,pg_discounting3.6.subsession.num_paid_rounds,pg_discounting3.6.subsession.stopping_probability,pg_discounting3.6.subsession.period_batch_size,pg_discounting3.6.subsession.final_period,pg_discounting3.6.subsession.paid_period,pg_discounting3.7.player.id_in_group,pg_discounting3.7.player.role,pg_discounting3.7.player.payoff,pg_discounting3.7.player.ps_token_value,pg_discounting3.7.player.token_value,pg_discounting3.7.player.spending,pg_discounting3.7.player.results_clicked,pg_discounting3.7.player.potential_payoff,pg_discounting3.7.group.id_in_subsession,pg_discounting3.7.group.ps_num_moves_made,pg_discounting3.7.group.ps_num_tokens_spent,pg_discounting3.7.group.num_moves_made,pg_discounting3.7.group.num_tokens_spent,pg_discounting3.7.group.current_period,pg_discounting3.7.group.stopped,pg_discounting3.7.subsession.round_number,pg_discounting3.7.subsession.L,pg_discounting3.7.subsession.K,pg_discounting3.7.subsession.public_goods_value,pg_discounting3.7.subsession.tokens_needed,pg_discounting3.7.subsession.num_paid_rounds,pg_discounting3.7.subsession.stopping_probability,pg_discounting3.7.subsession.period_batch_size,pg_discounting3.7.subsession.final_period,pg_discounting3.7.subsession.paid_period,pg_discounting3.8.player.id_in_group,pg_discounting3.8.player.role,pg_discounting3.8.player.payoff,pg_discounting3.8.player.ps_token_value,pg_discounting3.8.player.token_value,pg_discounting3.8.player.spending,pg_discounting3.8.player.results_clicked,pg_discounting3.8.player.potential_payoff,pg_discounting3.8.group.id_in_subsession,pg_discounting3.8.group.ps_num_moves_made,pg_discounting3.8.group.ps_num_tokens_spent,pg_discounting3.8.group.num_moves_made,pg_discounting3.8.group.num_tokens_spent,pg_discounting3.8.group.current_period,pg_discounting3.8.group.stopped,pg_discounting3.8.subsession.round_number,pg_discounting3.8.subsession.L,pg_discounting3.8.subsession.K,pg_discounting3.8.subsession.public_goods_value,pg_discounting3.8.subsession.tokens_needed,pg_discounting3.8.subsession.num_paid_rounds,pg_discounting3.8.subsession.stopping_probability,pg_discounting3.8.subsession.period_batch_size,pg_discounting3.8.subsession.final_period,pg_discounting3.8.subsession.paid_period,pg_discounting3.9.player.id_in_group,pg_discounting3.9.player.role,pg_discounting3.9.player.payoff,pg_discounting3.9.player.ps_token_value,pg_discounting3.9.player.token_value,pg_discounting3.9.player.spending,pg_discounting3.9.player.results_clicked,pg_discounting3.9.player.potential_payoff,pg_discounting3.9.group.id_in_subsession,pg_discounting3.9.group.ps_num_moves_made,pg_discounting3.9.group.ps_num_tokens_spent,pg_discounting3.9.group.num_moves_made,pg_discounting3.9.group.num_tokens_spent,pg_discounting3.9.group.current_period,pg_discounting3.9.group.stopped,pg_discounting3.9.subsession.round_number,pg_discounting3.9.subsession.L,pg_discounting3.9.subsession.K,pg_discounting3.9.subsession.public_goods_value,pg_discounting3.9.subsession.tokens_needed,pg_discounting3.9.subsession.num_paid_rounds,pg_discounting3.9.subsession.stopping_probability,pg_discounting3.9.subsession.period_batch_size,pg_discounting3.9.subsession.final_period,pg_discounting3.9.subsession.paid_period,pg_discounting3.10.player.id_in_group,pg_discounting3.10.player.role,pg_discounting3.10.player.payoff,pg_discounting3.10.player.ps_token_value,pg_discounting3.10.player.token_value,pg_discounting3.10.player.spending,pg_discounting3.10.player.results_clicked,pg_discounting3.10.player.potential_payoff,pg_discounting3.10.group.id_in_subsession,pg_discounting3.10.group.ps_num_moves_made,pg_discounting3.10.group.ps_num_tokens_spent,pg_discounting3.10.group.num_moves_made,pg_discounting3.10.group.num_tokens_spent,pg_discounting3.10.group.current_period,pg_discounting3.10.group.stopped,pg_discounting3.10.subsession.round_number,pg_discounting3.10.subsession.L,pg_discounting3.10.subsession.K,pg_discounting3.10.subsession.public_goods_value,pg_discounting3.10.subsession.tokens_needed,pg_discounting3.10.subsession.num_paid_rounds,pg_discounting3.10.subsession.stopping_probability,pg_discounting3.10.subsession.period_batch_size,pg_discounting3.10.subsession.final_period,pg_discounting3.10.subsession.paid_period,prisoner.1.player.id_in_group,prisoner.1.player.role,prisoner.1.player.payoff,prisoner.1.player.bonus_random_draw,prisoner.1.player.chosen_for_bonus,prisoner.1.player.communicator,prisoner.1.player.communication,prisoner.1.player.choice,prisoner.1.player.potential_payoff,prisoner.1.player.kick_reason,prisoner.1.group.id_in_subsession,prisoner.1.subsession.round_number,prisoner.1.subsession.treatment,prisoner.1.subsession.payoff_a,prisoner.1.subsession.payoff_b,prisoner.1.subsession.payoff_c,prisoner.1.subsession.payoff_d,prisoner.1.subsession.payoff_w,prisoner.1.subsession.payoff_x,prisoner.1.subsession.payoff_y,prisoner.1.subsession.payoff_z,prisoner.1.subsession.round_chosen_for_payment,prisoner.1.subsession.return_link,prisoner.2.player.id_in_group,prisoner.2.player.role,prisoner.2.player.payoff,prisoner.2.player.bonus_random_draw,prisoner.2.player.chosen_for_bonus,prisoner.2.player.communicator,prisoner.2.player.communication,prisoner.2.player.choice,prisoner.2.player.potential_payoff,prisoner.2.player.kick_reason,prisoner.2.group.id_in_subsession,prisoner.2.subsession.round_number,prisoner.2.subsession.treatment,prisoner.2.subsession.payoff_a,prisoner.2.subsession.payoff_b,prisoner.2.subsession.payoff_c,prisoner.2.subsession.payoff_d,prisoner.2.subsession.payoff_w,prisoner.2.subsession.payoff_x,prisoner.2.subsession.payoff_y,prisoner.2.subsession.payoff_z,prisoner.2.subsession.round_chosen_for_payment,prisoner.2.subsession.return_link,prisoner.3.player.id_in_group,prisoner.3.player.role,prisoner.3.player.payoff,prisoner.3.player.bonus_random_draw,prisoner.3.player.chosen_for_bonus,prisoner.3.player.communicator,prisoner.3.player.communication,prisoner.3.player.choice,prisoner.3.player.potential_payoff,prisoner.3.player.kick_reason,prisoner.3.group.id_in_subsession,prisoner.3.subsession.round_number,prisoner.3.subsession.treatment,prisoner.3.subsession.payoff_a,prisoner.3.subsession.payoff_b,prisoner.3.subsession.payoff_c,prisoner.3.subsession.payoff_d,prisoner.3.subsession.payoff_w,prisoner.3.subsession.payoff_x,prisoner.3.subsession.payoff_y,prisoner.3.subsession.payoff_z,prisoner.3.subsession.round_chosen_for_payment,prisoner.3.subsession.return_link,prisoner.4.player.id_in_group,prisoner.4.player.role,prisoner.4.player.payoff,prisoner.4.player.bonus_random_draw,prisoner.4.player.chosen_for_bonus,prisoner.4.player.communicator,prisoner.4.player.communication,prisoner.4.player.choice,prisoner.4.player.potential_payoff,prisoner.4.player.kick_reason,prisoner.4.group.id_in_subsession,prisoner.4.subsession.round_number,prisoner.4.subsession.treatment,prisoner.4.subsession.payoff_a,prisoner.4.subsession.payoff_b,prisoner.4.subsession.payoff_c,prisoner.4.subsession.payoff_d,prisoner.4.subsession.payoff_w,prisoner.4.subsession.payoff_x,prisoner.4.subsession.payoff_y,prisoner.4.subsession.payoff_z,prisoner.4.subsession.round_chosen_for_payment,prisoner.4.subsession.return_link,prisoner.5.player.id_in_group,prisoner.5.player.role,prisoner.5.player.payoff,prisoner.5.player.bonus_random_draw,prisoner.5.player.chosen_for_bonus,prisoner.5.player.communicator,prisoner.5.player.communication,prisoner.5.player.choice,prisoner.5.player.potential_payoff,prisoner.5.player.kick_reason,prisoner.5.group.id_in_subsession,prisoner.5.subsession.round_number,prisoner.5.subsession.treatment,prisoner.5.subsession.payoff_a,prisoner.5.subsession.payoff_b,prisoner.5.subsession.payoff_c,prisoner.5.subsession.payoff_d,prisoner.5.subsession.payoff_w,prisoner.5.subsession.payoff_x,prisoner.5.subsession.payoff_y,prisoner.5.subsession.payoff_z,prisoner.5.subsession.round_chosen_for_payment,prisoner.5.subsession.return_link,prisoner.6.player.id_in_group,prisoner.6.player.role,prisoner.6.player.payoff,prisoner.6.player.bonus_random_draw,prisoner.6.player.chosen_for_bonus,prisoner.6.player.communicator,prisoner.6.player.communication,prisoner.6.player.choice,prisoner.6.player.potential_payoff,prisoner.6.player.kick_reason,prisoner.6.group.id_in_subsession,prisoner.6.subsession.round_number,prisoner.6.subsession.treatment,prisoner.6.subsession.payoff_a,prisoner.6.subsession.payoff_b,prisoner.6.subsession.payoff_c,prisoner.6.subsession.payoff_d,prisoner.6.subsession.payoff_w,prisoner.6.subsession.payoff_x,prisoner.6.subsession.payoff_y,prisoner.6.subsession.payoff_z,prisoner.6.subsession.round_chosen_for_payment,prisoner.6.subsession.return_link,prisoner.7.player.id_in_group,prisoner.7.player.role,prisoner.7.player.payoff,prisoner.7.player.bonus_random_draw,prisoner.7.player.chosen_for_bonus,prisoner.7.player.communicator,prisoner.7.player.communication,prisoner.7.player.choice,prisoner.7.player.potential_payoff,prisoner.7.player.kick_reason,prisoner.7.group.id_in_subsession,prisoner.7.subsession.round_number,prisoner.7.subsession.treatment,prisoner.7.subsession.payoff_a,prisoner.7.subsession.payoff_b,prisoner.7.subsession.payoff_c,prisoner.7.subsession.payoff_d,prisoner.7.subsession.payoff_w,prisoner.7.subsession.payoff_x,prisoner.7.subsession.payoff_y,prisoner.7.subsession.payoff_z,prisoner.7.subsession.round_chosen_for_payment,prisoner.7.subsession.return_link,prisoner.8.player.id_in_group,prisoner.8.player.role,prisoner.8.player.payoff,prisoner.8.player.bonus_random_draw,prisoner.8.player.chosen_for_bonus,prisoner.8.player.communicator,prisoner.8.player.communication,prisoner.8.player.choice,prisoner.8.player.potential_payoff,prisoner.8.player.kick_reason,prisoner.8.group.id_in_subsession,prisoner.8.subsession.round_number,prisoner.8.subsession.treatment,prisoner.8.subsession.payoff_a,prisoner.8.subsession.payoff_b,prisoner.8.subsession.payoff_c,prisoner.8.subsession.payoff_d,prisoner.8.subsession.payoff_w,prisoner.8.subsession.payoff_x,prisoner.8.subsession.payoff_y,prisoner.8.subsession.payoff_z,prisoner.8.subsession.round_chosen_for_payment,prisoner.8.subsession.return_link,prisoner.9.player.id_in_group,prisoner.9.player.role,prisoner.9.player.payoff,prisoner.9.player.bonus_random_draw,prisoner.9.player.chosen_for_bonus,prisoner.9.player.communicator,prisoner.9.player.communication,prisoner.9.player.choice,prisoner.9.player.potential_payoff,prisoner.9.player.kick_reason,prisoner.9.group.id_in_subsession,prisoner.9.subsession.round_number,prisoner.9.subsession.treatment,prisoner.9.subsession.payoff_a,prisoner.9.subsession.payoff_b,prisoner.9.subsession.payoff_c,prisoner.9.subsession.payoff_d,prisoner.9.subsession.payoff_w,prisoner.9.subsession.payoff_x,prisoner.9.subsession.payoff_y,prisoner.9.subsession.payoff_z,prisoner.9.subsession.round_chosen_for_payment,prisoner.9.subsession.return_link,prisoner.10.player.id_in_group,prisoner.10.player.role,prisoner.10.player.payoff,prisoner.10.player.bonus_random_draw,prisoner.10.player.chosen_for_bonus,prisoner.10.player.communicator,prisoner.10.player.communication,prisoner.10.player.choice,prisoner.10.player.potential_payoff,prisoner.10.player.kick_reason,prisoner.10.group.id_in_subsession,prisoner.10.subsession.round_number,prisoner.10.subsession.treatment,prisoner.10.subsession.payoff_a,prisoner.10.subsession.payoff_b,prisoner.10.subsession.payoff_c,prisoner.10.subsession.payoff_d,prisoner.10.subsession.payoff_w,prisoner.10.subsession.payoff_x,prisoner.10.subsession.payoff_y,prisoner.10.subsession.payoff_z,prisoner.10.subsession.round_chosen_for_payment,prisoner.10.subsession.return_link,prisoner.11.player.id_in_group,prisoner.11.player.role,prisoner.11.player.payoff,prisoner.11.player.bonus_random_draw,prisoner.11.player.chosen_for_bonus,prisoner.11.player.communicator,prisoner.11.player.communication,prisoner.11.player.choice,prisoner.11.player.potential_payoff,prisoner.11.player.kick_reason,prisoner.11.group.id_in_subsession,prisoner.11.subsession.round_number,prisoner.11.subsession.treatment,prisoner.11.subsession.payoff_a,prisoner.11.subsession.payoff_b,prisoner.11.subsession.payoff_c,prisoner.11.subsession.payoff_d,prisoner.11.subsession.payoff_w,prisoner.11.subsession.payoff_x,prisoner.11.subsession.payoff_y,prisoner.11.subsession.payoff_z,prisoner.11.subsession.round_chosen_for_payment,prisoner.11.subsession.return_link,prisoner.12.player.id_in_group,prisoner.12.player.role,prisoner.12.player.payoff,prisoner.12.player.bonus_random_draw,prisoner.12.player.chosen_for_bonus,prisoner.12.player.communicator,prisoner.12.player.communication,prisoner.12.player.choice,prisoner.12.player.potential_payoff,prisoner.12.player.kick_reason,prisoner.12.group.id_in_subsession,prisoner.12.subsession.round_number,prisoner.12.subsession.treatment,prisoner.12.subsession.payoff_a,prisoner.12.subsession.payoff_b,prisoner.12.subsession.payoff_c,prisoner.12.subsession.payoff_d,prisoner.12.subsession.payoff_w,prisoner.12.subsession.payoff_x,prisoner.12.subsession.payoff_y,prisoner.12.subsession.payoff_z,prisoner.12.subsession.round_chosen_for_payment,prisoner.12.subsession.return_link,prisoner.13.player.id_in_group,prisoner.13.player.role,prisoner.13.player.payoff,prisoner.13.player.bonus_random_draw,prisoner.13.player.chosen_for_bonus,prisoner.13.player.communicator,prisoner.13.player.communication,prisoner.13.player.choice,prisoner.13.player.potential_payoff,prisoner.13.player.kick_reason,prisoner.13.group.id_in_subsession,prisoner.13.subsession.round_number,prisoner.13.subsession.treatment,prisoner.13.subsession.payoff_a,prisoner.13.subsession.payoff_b,prisoner.13.subsession.payoff_c,prisoner.13.subsession.payoff_d,prisoner.13.subsession.payoff_w,prisoner.13.subsession.payoff_x,prisoner.13.subsession.payoff_y,prisoner.13.subsession.payoff_z,prisoner.13.subsession.round_chosen_for_payment,prisoner.13.subsession.return_link,prisoner.14.player.id_in_group,prisoner.14.player.role,prisoner.14.player.payoff,prisoner.14.player.bonus_random_draw,prisoner.14.player.chosen_for_bonus,prisoner.14.player.communicator,prisoner.14.player.communication,prisoner.14.player.choice,prisoner.14.player.potential_payoff,prisoner.14.player.kick_reason,prisoner.14.group.id_in_subsession,prisoner.14.subsession.round_number,prisoner.14.subsession.treatment,prisoner.14.subsession.payoff_a,prisoner.14.subsession.payoff_b,prisoner.14.subsession.payoff_c,prisoner.14.subsession.payoff_d,prisoner.14.subsession.payoff_w,prisoner.14.subsession.payoff_x,prisoner.14.subsession.payoff_y,prisoner.14.subsession.payoff_z,prisoner.14.subsession.round_chosen_for_payment,prisoner.14.subsession.return_link,prisoner.15.player.id_in_group,prisoner.15.player.role,prisoner.15.player.payoff,prisoner.15.player.bonus_random_draw,prisoner.15.player.chosen_for_bonus,prisoner.15.player.communicator,prisoner.15.player.communication,prisoner.15.player.choice,prisoner.15.player.potential_payoff,prisoner.15.player.kick_reason,prisoner.15.group.id_in_subsession,prisoner.15.subsession.round_number,prisoner.15.subsession.treatment,prisoner.15.subsession.payoff_a,prisoner.15.subsession.payoff_b,prisoner.15.subsession.payoff_c,prisoner.15.subsession.payoff_d,prisoner.15.subsession.payoff_w,prisoner.15.subsession.payoff_x,prisoner.15.subsession.payoff_y,prisoner.15.subsession.payoff_z,prisoner.15.subsession.round_chosen_for_payment,prisoner.15.subsession.return_link,prisoner_instructions.1.player.id_in_group,prisoner_instructions.1.player.role,prisoner_instructions.1.player.payoff,prisoner_instructions.1.player.consent,prisoner_instructions.1.player.prolific_id,prisoner_instructions.1.player.is_mobile,prisoner_instructions.1.player.user_agent,prisoner_instructions.1.group.id_in_subsession,prisoner_instructions.1.subsession.round_number,prisoner_instructions.1.subsession.treatment,prisoner_instructions.1.subsession.payoff_a,prisoner_instructions.1.subsession.payoff_b,prisoner_instructions.1.subsession.payoff_c,prisoner_instructions.1.subsession.payoff_d,prisoner_instructions.1.subsession.payoff_w,prisoner_instructions.1.subsession.payoff_x,prisoner_instructions.1.subsession.payoff_y,prisoner_instructions.1.subsession.payoff_z,prisoner_instructions.1.subsession.start_time_string,prisoner_instructions.1.subsession.session_length_minutes
1,9psso94g,,0,4,18,Section_1,Conclusion,2024-09-17 20:19:05.180080,1,,,0.0,,,,,,,,,,,,,,truywt5k,,,,,0,0.0,https://app.prolific.com/submissions/complete?cc=C1BTHULB,5.0,Quiz,1,,0.0,kirby,1,1,1,,0.0,,,,,,,,,,,,,0,0.0,1,1,1,,0.0,,,,,,,,,,,1,1,1,,0.0,,,,,,,,,,,,,,,,,,1,1,1,,0.0,,,,,,,,,,,,,1,1,1,,0.0,0,0,0,0,0,0,0,0,0,false,false,,1,1,,,,,,,,,,,,,,,,,,,,,,,,,,,,,,,,,,,,,,,,,,,,,,,,,,,,,,,,,,,,,,,,,,,,,,,,,,,,,,,,,,,,,,,,,,,,,,,,,,,,,,,,,,,,,,,,,,,,,,,,,,,,,,,,,,,,,,,,,,,,,,,,,,,,,,,,,,,,,,,,,,,,,,,,,,,,,,,,,,,,,,,,,,,,,,,,,,,,,,,,,,,,,,,,,,,,,,,,,,,,,,,,,,,,,,,,,,,,,,,,,,,,,,,,,,,,,,,,,,,,,,,,,,,,,,,,,,,,,,,,,,,,,,,,,,,,,,,,,,,,,,,,,,,,,,,,,,,,,,,,,,,,,,,,,,,,,,,,,,,,,,,,,,,,,,,,,,,,,,,,,,,,,,,,,,,,,,,,,,,,,,,,,,,,,,,,,,,,,,,,,,,,,,,,,,,,,,,,,,,,,,,,,,,,,,,,,,,,,,,,,,,,,,,,,,,,,,,,,,,,,,,,,,,,,,,,,,,,,,,,,,,,,,,,,,,,,,,,,,,,,,,,,,,,,,,,,,,,,,,,,,,,,,,,,,,,,,,,,,,,,,,,,,,,,,,,,,,,,,,,,,,,,,,,,,,,,,,,,,,,,,,,,,,,,,,,,,,,,,,,,,,,,,,,,,,,,,,
2,6jkybkfz,,0,4,18,Section_1,Conclusion,2024-09-17 20:28:48.387824,1,,,0.0,,,,,,,,,,,,,,truywt5k,,,,,0,0.0,https://app.prolific.com/submissions/complete?cc=C1BTHULB,5.0,Quiz,2,,0.0,asdfdsafd,1,1,2,,0.0,A,A,A,A,A,A,A,A,A,A,,,0,0.0,1,1,2,,0.0,,,,,,,,,,,1,1,2,,0.0,,,,,,,,,,,,,,,,,,1,1,2,,0.0,,,,,,,,,,,,,1,1,2,,0.0,0,0,0,0,0,0,0,0,0,false,false,,1,1,,,,,,,,,,,,,,,,,,,,,,,,,,,,,,,,,,,,,,,,,,,,,,,,,,,,,,,,,,,,,,,,,,,,,,,,,,,,,,,,,,,,,,,,,,,,,,,,,,,,,,,,,,,,,,,,,,,,,,,,,,,,,,,,,,,,,,,,,,,,,,,,,,,,,,,,,,,,,,,,,,,,,,,,,,,,,,,,,,,,,,,,,,,,,,,,,,,,,,,,,,,,,,,,,,,,,,,,,,,,,,,,,,,,,,,,,,,,,,,,,,,,,,,,,,,,,,,,,,,,,,,,,,,,,,,,,,,,,,,,,,,,,,,,,,,,,,,,,,,,,,,,,,,,,,,,,,,,,,,,,,,,,,,,,,,,,,,,,,,,,,,,,,,,,,,,,,,,,,,,,,,,,,,,,,,,,,,,,,,,,,,,,,,,,,,,,,,,,,,,,,,,,,,,,,,,,,,,,,,,,,,,,,,,,,,,,,,,,,,,,,,,,,,,,,,,,,,,,,,,,,,,,,,,,,,,,,,,,,,,,,,,,,,,,,,,,,,,,,,,,,,,,,,,,,,,,,,,,,,,,,,,,,,,,,,,,,,,,,,,,,,,,,,,,,,,,,,,,,,,,,,,,,,,,,,,,,,,,,,,,,,,,,,,,,,,,,,,,,,,,,,,,,,,,,,,,,,
3,w63ebykq,,0,18,18,Section_7,EndSurvey,2024-09-17 20:30:40.491471,1,,,0.0,,,,,,,,,,,,,,truywt5k,,,,,0,0.0,https://app.prolific.com/submissions/complete?cc=C1BTHULB,5.0,Quiz,3,,0.0,612e3a35cdff046df8021629,1,1,3,,0.0,C,B,C,A,B,C,A,A,A,D,,,6,162.258,1,1,3,,0.0,noisy,random,positive,,Fail,red,50,7,5,Fail Box,1,1,3,,0.0,B,C,D,A,B,B,C,D,B,D,,,STEM Track,,0,0.0,5,1,1,3,,0.0,R,R,R,R,R,R,C,C,C,C,C,,1,1,3,,0.0,0,0,0,0,0,0,0,0,0,false,false,STEM Track,1,1,,,,,,,,,,,,,,,,,,,,,,,,,,,,,,,,,,,,,,,,,,,,,,,,,,,,,,,,,,,,,,,,,,,,,,,,,,,,,,,,,,,,,,,,,,,,,,,,,,,,,,,,,,,,,,,,,,,,,,,,,,,,,,,,,,,,,,,,,,,,,,,,,,,,,,,,,,,,,,,,,,,,,,,,,,,,,,,,,,,,,,,,,,,,,,,,,,,,,,,,,,,,,,,,,,,,,,,,,,,,,,,,,,,,,,,,,,,,,,,,,,,,,,,,,,,,,,,,,,,,,,,,,,,,,,,,,,,,,,,,,,,,,,,,,,,,,,,,,,,,,,,,,,,,,,,,,,,,,,,,,,,,,,,,,,,,,,,,,,,,,,,,,,,,,,,,,,,,,,,,,,,,,,,,,,,,,,,,,,,,,,,,,,,,,,,,,,,,,,,,,,,,,,,,,,,,,,,,,,,,,,,,,,,,,,,,,,,,,,,,,,,,,,,,,,,,,,,,,,,,,,,,,,,,,,,,,,,,,,,,,,,,,,,,,,,,,,,,,,,,,,,,,,,,,,,,,,,,,,,,,,,,,,,,,,,,,,,,,,,,,,,,,,,,,,,,,,,,,,,,,,,,,,,,,,,,,,,,,,,,,,,,,,,,,,,,,,,,,,,,,,,,,,,,,,,,,,,
4,wjmcylf8,,0,18,18,Section_7,EndSurvey,2024-09-17 20:31:14.740496,1,,,0.0,,,,,,,,,,,,,,truywt5k,,,,,0,0.0,https://app.prolific.com/submissions/complete?cc=C1BTHULB,5.0,Quiz,4,,0.0,66406fd262a847c71db3f825,1,1,4,,0.0,B,C,A,B,D,B,C,C,D,B,,,0,0.0,1,1,4,,0.0,noisy,random,positive,,Fail,red,10,2,3,Fail Box,1,1,4,,0.0,D,B,A,C,B,D,A,B,C,D,,,Non-STEM Track,,0,0.0,3,1,1,4,,0.0,R,R,R,R,R,C,C,C,C,C,C,,1,1,4,,0.0,0,0,0,0,0,0,0,0,0,false,false,Non-STEM Track,1,1,,,,,,,,,,,,,,,,,,,,,,,,,,,,,,,,,,,,,,,,,,,,,,,,,,,,,,,,,,,,,,,,,,,,,,,,,,,,,,,,,,,,,,,,,,,,,,,,,,,,,,,,,,,,,,,,,,,,,,,,,,,,,,,,,,,,,,,,,,,,,,,,,,,,,,,,,,,,,,,,,,,,,,,,,,,,,,,,,,,,,,,,,,,,,,,,,,,,,,,,,,,,,,,,,,,,,,,,,,,,,,,,,,,,,,,,,,,,,,,,,,,,,,,,,,,,,,,,,,,,,,,,,,,,,,,,,,,,,,,,,,,,,,,,,,,,,,,,,,,,,,,,,,,,,,,,,,,,,,,,,,,,,,,,,,,,,,,,,,,,,,,,,,,,,,,,,,,,,,,,,,,,,,,,,,,,,,,,,,,,,,,,,,,,,,,,,,,,,,,,,,,,,,,,,,,,,,,,,,,,,,,,,,,,,,,,,,,,,,,,,,,,,,,,,,,,,,,,,,,,,,,,,,,,,,,,,,,,,,,,,,,,,,,,,,,,,,,,,,,,,,,,,,,,,,,,,,,,,,,,,,,,,,,,,,,,,,,,,,,,,,,,,,,,,,,,,,,,,,,,,,,,,,,,,,,,,,,,,,,,,,,,,,,,,,,,,,,,,,,,,,,,,,,,,,,,,,,
5,r7dtofl2,,0,18,18,Section_7,EndSurvey,2024-09-17 20:31:29.504590,1,,,0.0,,,,,,,,,,,,,,truywt5k,,,,,0,0.0,https://app.prolific.com/submissions/complete?cc=C1BTHULB,5.0,Quiz,5,,0.0,5dc11777a4b6ac097d0d5ca5,1,1,5,,0.0,D,A,C,C,B,B,D,B,C,,,,0,0.0,1,1,5,,0.0,noisy,random,positive,,Fail,red,50,7,5,Fail Box,1,1,5,,0.0,B,B,C,B,A,D,C,A,B,C,,,STEM Track,,0,0.0,5,1,1,5,,0.0,R,R,R,R,C,C,C,C,C,C,C,,1,1,5,,0.0,0,0,0,0,0,0,0,0,0,false,false,STEM Track,1,1,,,,,,,,,,,,,,,,,,,,,,,,,,,,,,,,,,,,,,,,,,,,,,,,,,,,,,,,,,,,,,,,,,,,,,,,,,,,,,,,,,,,,,,,,,,,,,,,,,,,,,,,,,,,,,,,,,,,,,,,,,,,,,,,,,,,,,,,,,,,,,,,,,,,,,,,,,,,,,,,,,,,,,,,,,,,,,,,,,,,,,,,,,,,,,,,,,,,,,,,,,,,,,,,,,,,,,,,,,,,,,,,,,,,,,,,,,,,,,,,,,,,,,,,,,,,,,,,,,,,,,,,,,,,,,,,,,,,,,,,,,,,,,,,,,,,,,,,,,,,,,,,,,,,,,,,,,,,,,,,,,,,,,,,,,,,,,,,,,,,,,,,,,,,,,,,,,,,,,,,,,,,,,,,,,,,,,,,,,,,,,,,,,,,,,,,,,,,,,,,,,,,,,,,,,,,,,,,,,,,,,,,,,,,,,,,,,,,,,,,,,,,,,,,,,,,,,,,,,,,,,,,,,,,,,,,,,,,,,,,,,,,,,,,,,,,,,,,,,,,,,,,,,,,,,,,,,,,,,,,,,,,,,,,,,,,,,,,,,,,,,,,,,,,,,,,,,,,,,,,,,,,,,,,,,,,,,,,,,,,,,,,,,,,,,,,,,,,,,,,,,,,,,,,,,,,,,,
6,afwxf79r,,0,18,18,Section_7,EndSurvey,2024-09-17 20:31:31.020351,1,,,0.0,,,,,,,,,,,,,,truywt5k,,,,,0,0.0,https://app.prolific.com/submissions/complete?cc=C1BTHULB,5.0,Quiz,6,,0.0,5ff7daa1dd81f74ce4e1810b,1,1,6,,0.0,C,A,A,C,B,B,D,C,D,C,,,0,0.0,1,1,6,,0.0,noisy,random,negative,,Fail,red,55,5,5,Fail Box,1,1,6,,0.0,D,B,A,C,B,D,A,B,C,D,,,Non-STEM Track,,0,0.0,5,1,1,6,,0.0,R,R,R,R,R,C,C,C,C,C,C,,1,1,6,,0.0,0,0,0,0,0,0,0,0,0,false,false,Non-STEM Track,1,1,,,,,,,,,,,,,,,,,,,,,,,,,,,,,,,,,,,,,,,,,,,,,,,,,,,,,,,,,,,,,,,,,,,,,,,,,,,,,,,,,,,,,,,,,,,,,,,,,,,,,,,,,,,,,,,,,,,,,,,,,,,,,,,,,,,,,,,,,,,,,,,,,,,,,,,,,,,,,,,,,,,,,,,,,,,,,,,,,,,,,,,,,,,,,,,,,,,,,,,,,,,,,,,,,,,,,,,,,,,,,,,,,,,,,,,,,,,,,,,,,,,,,,,,,,,,,,,,,,,,,,,,,,,,,,,,,,,,,,,,,,,,,,,,,,,,,,,,,,,,,,,,,,,,,,,,,,,,,,,,,,,,,,,,,,,,,,,,,,,,,,,,,,,,,,,,,,,,,,,,,,,,,,,,,,,,,,,,,,,,,,,,,,,,,,,,,,,,,,,,,,,,,,,,,,,,,,,,,,,,,,,,,,,,,,,,,,,,,,,,,,,,,,,,,,,,,,,,,,,,,,,,,,,,,,,,,,,,,,,,,,,,,,,,,,,,,,,,,,,,,,,,,,,,,,,,,,,,,,,,,,,,,,,,,,,,,,,,,,,,,,,,,,,,,,,,,,,,,,,,,,,,,,,,,,,,,,,,,,,,,,,,,,,,,,,,,,,,,,,,,,,,,,,,,,,,,,,
7,pk75oimf,,0,4,18,Section_1,Conclusion,2024-09-17 20:31:49.563525,1,,,0.0,,,,,,,,,,,,,,truywt5k,,,,,0,0.0,https://app.prolific.com/submissions/complete?cc=C1BTHULB,5.0,Quiz,7,,0.0,58a4b1b61521230001ebfd11,1,1,7,,0.0,,,,,,,,,,,,,0,0.0,1,1,7,,0.0,,,,,,,,,,,1,1,7,,0.0,,,,,,,,,,,,,,,,,,1,1,7,,0.0,,,,,,,,,,,,,1,1,7,,0.0,0,0,0,0,0,0,0,0,0,false,false,,1,1,,,,,,,,,,,,,,,,,,,,,,,,,,,,,,,,,,,,,,,,,,,,,,,,,,,,,,,,,,,,,,,,,,,,,,,,,,,,,,,,,,,,,,,,,,,,,,,,,,,,,,,,,,,,,,,,,,,,,,,,,,,,,,,,,,,,,,,,,,,,,,,,,,,,,,,,,,,,,,,,,,,,,,,,,,,,,,,,,,,,,,,,,,,,,,,,,,,,,,,,,,,,,,,,,,,,,,,,,,,,,,,,,,,,,,,,,,,,,,,,,,,,,,,,,,,,,,,,,,,,,,,,,,,,,,,,,,,,,,,,,,,,,,,,,,,,,,,,,,,,,,,,,,,,,,,,,,,,,,,,,,,,,,,,,,,,,,,,,,,,,,,,,,,,,,,,,,,,,,,,,,,,,,,,,,,,,,,,,,,,,,,,,,,,,,,,,,,,,,,,,,,,,,,,,,,,,,,,,,,,,,,,,,,,,,,,,,,,,,,,,,,,,,,,,,,,,,,,,,,,,,,,,,,,,,,,,,,,,,,,,,,,,,,,,,,,,,,,,,,,,,,,,,,,,,,,,,,,,,,,,,,,,,,,,,,,,,,,,,,,,,,,,,,,,,,,,,,,,,,,,,,,,,,,,,,,,,,,,,,,,,,,,,,,,,,,,,,,,,,,,,,,,,,,,,,,,,,
8,zx55zter,,0,4,18,Section_1,Conclusion,2024-09-17 20:32:55.131359,1,,,0.0,,,,,,,,,,,,,,truywt5k,,,,,0,0.0,https://app.prolific.com/submissions/complete?cc=C1BTHULB,5.0,Quiz,8,,0.0,611f06605cc840f6262c87ea,1,1,8,,0.0,,,,,,,,,,,,,0,0.0,1,1,8,,0.0,,,,,,,,,,,1,1,8,,0.0,,,,,,,,,,,,,,,,,,1,1,8,,0.0,,,,,,,,,,,,,1,1,8,,0.0,0,0,0,0,0,0,0,0,0,false,false,,1,1,,,,,,,,,,,,,,,,,,,,,,,,,,,,,,,,,,,,,,,,,,,,,,,,,,,,,,,,,,,,,,,,,,,,,,,,,,,,,,,,,,,,,,,,,,,,,,,,,,,,,,,,,,,,,,,,,,,,,,,,,,,,,,,,,,,,,,,,,,,,,,,,,,,,,,,,,,,,,,,,,,,,,,,,,,,,,,,,,,,,,,,,,,,,,,,,,,,,,,,,,,,,,,,,,,,,,,,,,,,,,,,,,,,,,,,,,,,,,,,,,,,,,,,,,,,,,,,,,,,,,,,,,,,,,,,,,,,,,,,,,,,,,,,,,,,,,,,,,,,,,,,,,,,,,,,,,,,,,,,,,,,,,,,,,,,,,,,,,,,,,,,,,,,,,,,,,,,,,,,,,,,,,,,,,,,,,,,,,,,,,,,,,,,,,,,,,,,,,,,,,,,,,,,,,,,,,,,,,,,,,,,,,,,,,,,,,,,,,,,,,,,,,,,,,,,,,,,,,,,,,,,,,,,,,,,,,,,,,,,,,,,,,,,,,,,,,,,,,,,,,,,,,,,,,,,,,,,,,,,,,,,,,,,,,,,,,,,,,,,,,,,,,,,,,,,,,,,,,,,,,,,,,,,,,,,,,,,,,,,,,,,,,,,,,,,,,,,,,,,,,,,,,,,,,,,,,,,
9,b5t17x6l,,0,18,18,Section_7,EndSurvey,2024-09-17 20:33:25.776630,1,,,0.0,,,,,,,,,,,,,,truywt5k,,,,,0,0.0,https://app.prolific.com/submissions/complete?cc=C1BTHULB,5.0,Quiz,9,,0.0,66a4619edb5ff0af0062c3b4,1,1,9,,0.0,D,C,C,B,C,B,C,C,C,C,,,3,19.661,1,1,9,,0.0,noisy,random,positive,,Fail,red,50,5,6,Pass Box,1,1,9,,0.0,B,C,D,A,A,D,B,A,B,B,,,STEM Track,,0,0.0,6,1,1,9,,0.0,R,R,R,C,R,C,R,R,R,R,R,,1,1,9,,0.0,0,0,0,0,0,0,0,0,0,false,false,STEM Track,1,1,,,,,,,,,,,,,,,,,,,,,,,,,,,,,,,,,,,,,,,,,,,,,,,,,,,,,,,,,,,,,,,,,,,,,,,,,,,,,,,,,,,,,,,,,,,,,,,,,,,,,,,,,,,,,,,,,,,,,,,,,,,,,,,,,,,,,,,,,,,,,,,,,,,,,,,,,,,,,,,,,,,,,,,,,,,,,,,,,,,,,,,,,,,,,,,,,,,,,,,,,,,,,,,,,,,,,,,,,,,,,,,,,,,,,,,,,,,,,,,,,,,,,,,,,,,,,,,,,,,,,,,,,,,,,,,,,,,,,,,,,,,,,,,,,,,,,,,,,,,,,,,,,,,,,,,,,,,,,,,,,,,,,,,,,,,,,,,,,,,,,,,,,,,,,,,,,,,,,,,,,,,,,,,,,,,,,,,,,,,,,,,,,,,,,,,,,,,,,,,,,,,,,,,,,,,,,,,,,,,,,,,,,,,,,,,,,,,,,,,,,,,,,,,,,,,,,,,,,,,,,,,,,,,,,,,,,,,,,,,,,,,,,,,,,,,,,,,,,,,,,,,,,,,,,,,,,,,,,,,,,,,,,,,,,,,,,,,,,,,,,,,,,,,,,,,,,,,,,,,,,,,,,,,,,,,,,,,,,,,,,,,,,,,,,,,,,,,,,,,,,,,,,,,,,,,,,,,
10,vv8r7cx1,,0,18,18,Section_7,EndSurvey,2024-09-17 20:33:28.392875,1,,,0.0,,,,,,,,,,,,,,truywt5k,,,,,0,0.0,https://app.prolific.com/submissions/complete?cc=C1BTHULB,5.0,Quiz,10,,0.0,66e9c4a6dc3a587855e13d28,1,1,10,,0.0,D,C,B,B,B,A,D,B,D,B,,,1,66.614,1,1,10,,0.0,noisy,random,negative,,Fail,red,100,7,6,Fail Box,1,1,10,,0.0,D,B,A,C,B,D,A,B,C,D,,,Non-STEM Track,,0,0.0,6,1,1,10,,0.0,R,R,R,R,C,C,C,C,C,C,C,,1,1,10,,0.0,0,0,0,0,0,0,0,0,0,false,false,Non-STEM Track,1,1,,,,,,,,,,,,,,,,,,,,,,,,,,,,,,,,,,,,,,,,,,,,,,,,,,,,,,,,,,,,,,,,,,,,,,,,,,,,,,,,,,,,,,,,,,,,,,,,,,,,,,,,,,,,,,,,,,,,,,,,,,,,,,,,,,,,,,,,,,,,,,,,,,,,,,,,,,,,,,,,,,,,,,,,,,,,,,,,,,,,,,,,,,,,,,,,,,,,,,,,,,,,,,,,,,,,,,,,,,,,,,,,,,,,,,,,,,,,,,,,,,,,,,,,,,,,,,,,,,,,,,,,,,,,,,,,,,,,,,,,,,,,,,,,,,,,,,,,,,,,,,,,,,,,,,,,,,,,,,,,,,,,,,,,,,,,,,,,,,,,,,,,,,,,,,,,,,,,,,,,,,,,,,,,,,,,,,,,,,,,,,,,,,,,,,,,,,,,,,,,,,,,,,,,,,,,,,,,,,,,,,,,,,,,,,,,,,,,,,,,,,,,,,,,,,,,,,,,,,,,,,,,,,,,,,,,,,,,,,,,,,,,,,,,,,,,,,,,,,,,,,,,,,,,,,,,,,,,,,,,,,,,,,,,,,,,,,,,,,,,,,,,,,,,,,,,,,,,,,,,,,,,,,,,,,,,,,,,,,,,,,,,,,,,,,,,,,,,,,,,,,,,,,,,,,,,,,,
11,lxewntok,,0,1,18,Intro,Intro,2024-09-17 20:33:28.626282,1,,,0.0,,,,,,,,,,,,,,truywt5k,,,,,0,0.0,https://app.prolific.com/submissions/complete?cc=C1BTHULB,5.0,Quiz,11,,0.0,,1,1,11,,0.0,,,,,,,,,,,,,,,1,1,11,,0.0,,,,,,,,,,,1,1,11,,0.0,,,,,,,,,,,,,,,,,,1,1,11,,0.0,,,,,,,,,,,,,1,1,11,,0.0,0,0,0,0,0,0,0,0,0,false,false,,1,1,,,,,,,,,,,,,,,,,,,,,,,,,,,,,,,,,,,,,,,,,,,,,,,,,,,,,,,,,,,,,,,,,,,,,,,,,,,,,,,,,,,,,,,,,,,,,,,,,,,,,,,,,,,,,,,,,,,,,,,,,,,,,,,,,,,,,,,,,,,,,,,,,,,,,,,,,,,,,,,,,,,,,,,,,,,,,,,,,,,,,,,,,,,,,,,,,,,,,,,,,,,,,,,,,,,,,,,,,,,,,,,,,,,,,,,,,,,,,,,,,,,,,,,,,,,,,,,,,,,,,,,,,,,,,,,,,,,,,,,,,,,,,,,,,,,,,,,,,,,,,,,,,,,,,,,,,,,,,,,,,,,,,,,,,,,,,,,,,,,,,,,,,,,,,,,,,,,,,,,,,,,,,,,,,,,,,,,,,,,,,,,,,,,,,,,,,,,,,,,,,,,,,,,,,,,,,,,,,,,,,,,,,,,,,,,,,,,,,,,,,,,,,,,,,,,,,,,,,,,,,,,,,,,,,,,,,,,,,,,,,,,,,,,,,,,,,,,,,,,,,,,,,,,,,,,,,,,,,,,,,,,,,,,,,,,,,,,,,,,,,,,,,,,,,,,,,,,,,,,,,,,,,,,,,,,,,,,,,,,,,,,,,,,,,,,,,,,,,,,,,,,,,,,,,,,,,,,
12,hb941fob,,0,4,18,Section_1,Conclusion,2024-09-17 20:33:41.066972,1,,,0.0,,,,,,,,,,,,,,truywt5k,,,,,0,0.0,https://app.prolific.com/submissions/complete?cc=C1BTHULB,5.0,Quiz,12,,0.0,6679744334e5e79bb22ff51c,1,1,12,,0.0,,,,,,,,,,,,,0,0.0,1,1,12,,0.0,,,,,,,,,,,1,1,12,,0.0,,,,,,,,,,,,,,,,,,1,1,12,,0.0,,,,,,,,,,,,,1,1,12,,0.0,0,0,0,0,0,0,0,0,0,false,false,,1,1,,,,,,,,,,,,,,,,,,,,,,,,,,,,,,,,,,,,,,,,,,,,,,,,,,,,,,,,,,,,,,,,,,,,,,,,,,,,,,,,,,,,,,,,,,,,,,,,,,,,,,,,,,,,,,,,,,,,,,,,,,,,,,,,,,,,,,,,,,,,,,,,,,,,,,,,,,,,,,,,,,,,,,,,,,,,,,,,,,,,,,,,,,,,,,,,,,,,,,,,,,,,,,,,,,,,,,,,,,,,,,,,,,,,,,,,,,,,,,,,,,,,,,,,,,,,,,,,,,,,,,,,,,,,,,,,,,,,,,,,,,,,,,,,,,,,,,,,,,,,,,,,,,,,,,,,,,,,,,,,,,,,,,,,,,,,,,,,,,,,,,,,,,,,,,,,,,,,,,,,,,,,,,,,,,,,,,,,,,,,,,,,,,,,,,,,,,,,,,,,,,,,,,,,,,,,,,,,,,,,,,,,,,,,,,,,,,,,,,,,,,,,,,,,,,,,,,,,,,,,,,,,,,,,,,,,,,,,,,,,,,,,,,,,,,,,,,,,,,,,,,,,,,,,,,,,,,,,,,,,,,,,,,,,,,,,,,,,,,,,,,,,,,,,,,,,,,,,,,,,,,,,,,,,,,,,,,,,,,,,,,,,,,,,,,,,,,,,,,,,,,,,,,,,,,,,,,,
13,56ak0l8w,,0,18,18,Section_7,EndSurvey,2024-09-17 20:33:45.944270,1,,,0.0,,,,,,,,,,,,,,truywt5k,,,,,0,0.0,https://app.prolific.com/submissions/complete?cc=C1BTHULB,5.0,Quiz,13,,0.0,5d1ea1e069ae560018f60008,1,1,13,,0.0,D,D,A,A,C,B,D,C,A,A,,,0,0.0,1,1,13,,0.0,noisy,random,negative,,Fail,red,37,4,3,Fail Box,1,1,13,,0.0,D,B,A,C,B,D,A,B,C,D,,,Non-STEM Track,,0,0.0,3,1,1,13,,0.0,R,R,R,R,C,C,C,C,C,C,C,,1,1,13,,0.0,0,0,0,0,0,0,0,0,0,false,false,Non-STEM Track,1,1,,,,,,,,,,,,,,,,,,,,,,,,,,,,,,,,,,,,,,,,,,,,,,,,,,,,,,,,,,,,,,,,,,,,,,,,,,,,,,,,,,,,,,,,,,,,,,,,,,,,,,,,,,,,,,,,,,,,,,,,,,,,,,,,,,,,,,,,,,,,,,,,,,,,,,,,,,,,,,,,,,,,,,,,,,,,,,,,,,,,,,,,,,,,,,,,,,,,,,,,,,,,,,,,,,,,,,,,,,,,,,,,,,,,,,,,,,,,,,,,,,,,,,,,,,,,,,,,,,,,,,,,,,,,,,,,,,,,,,,,,,,,,,,,,,,,,,,,,,,,,,,,,,,,,,,,,,,,,,,,,,,,,,,,,,,,,,,,,,,,,,,,,,,,,,,,,,,,,,,,,,,,,,,,,,,,,,,,,,,,,,,,,,,,,,,,,,,,,,,,,,,,,,,,,,,,,,,,,,,,,,,,,,,,,,,,,,,,,,,,,,,,,,,,,,,,,,,,,,,,,,,,,,,,,,,,,,,,,,,,,,,,,,,,,,,,,,,,,,,,,,,,,,,,,,,,,,,,,,,,,,,,,,,,,,,,,,,,,,,,,,,,,,,,,,,,,,,,,,,,,,,,,,,,,,,,,,,,,,,,,,,,,,,,,,,,,,,,,,,,,,,,,,,,,,,,,,,
14,vjb4hm0c,,0,18,18,Section_7,EndSurvey,2024-09-17 20:34:36.954520,1,,,0.0,,,,,,,,,,,,,,truywt5k,,,,,0,0.0,https://app.prolific.com/submissions/complete?cc=C1BTHULB,5.0,Quiz,14,,0.0,5c9e291cb78be40001a90c5a,1,1,14,,0.0,D,C,D,B,A,B,D,B,C,C,,,0,0.0,1,1,14,,0.0,noisy,random,negative,,Fail,red,50,5,5,Fail Box,1,1,14,,0.0,D,B,A,C,B,D,A,B,C,D,,,Non-STEM Track,,0,0.0,5,1,1,14,,0.0,R,R,R,R,C,C,C,C,C,C,C,,1,1,14,,0.0,0,0,0,0,0,0,0,0,0,false,false,Non-STEM Track,1,1,,,,,,,,,,,,,,,,,,,,,,,,,,,,,,,,,,,,,,,,,,,,,,,,,,,,,,,,,,,,,,,,,,,,,,,,,,,,,,,,,,,,,,,,,,,,,,,,,,,,,,,,,,,,,,,,,,,,,,,,,,,,,,,,,,,,,,,,,,,,,,,,,,,,,,,,,,,,,,,,,,,,,,,,,,,,,,,,,,,,,,,,,,,,,,,,,,,,,,,,,,,,,,,,,,,,,,,,,,,,,,,,,,,,,,,,,,,,,,,,,,,,,,,,,,,,,,,,,,,,,,,,,,,,,,,,,,,,,,,,,,,,,,,,,,,,,,,,,,,,,,,,,,,,,,,,,,,,,,,,,,,,,,,,,,,,,,,,,,,,,,,,,,,,,,,,,,,,,,,,,,,,,,,,,,,,,,,,,,,,,,,,,,,,,,,,,,,,,,,,,,,,,,,,,,,,,,,,,,,,,,,,,,,,,,,,,,,,,,,,,,,,,,,,,,,,,,,,,,,,,,,,,,,,,,,,,,,,,,,,,,,,,,,,,,,,,,,,,,,,,,,,,,,,,,,,,,,,,,,,,,,,,,,,,,,,,,,,,,,,,,,,,,,,,,,,,,,,,,,,,,,,,,,,,,,,,,,,,,,,,,,,,,,,,,,,,,,,,,,,,,,,,,,,,,,,,,,
15,o79m1sx9,,0,18,18,Section_7,EndSurvey,2024-09-17 20:34:39.590348,1,,,0.0,,,,,,,,,,,,,,truywt5k,,,,,0,0.0,https://app.prolific.com/submissions/complete?cc=C1BTHULB,5.0,Quiz,15,,0.0,5cf8318919f4a3001a24221e,1,1,15,,0.0,D,A,B,B,B,,D,,,,,,0,0.0,1,1,15,,0.0,noisy,random,positive,,Fail,red,60,5,3,Not Sure,1,1,15,,0.0,B,A,C,B,A,D,C,A,C,C,,,STEM Track,,0,0.0,3,1,1,15,,0.0,R,R,R,R,C,C,C,C,C,C,C,,1,1,15,,0.0,0,0,0,0,0,0,0,0,0,false,false,STEM Track,1,1,,,,,,,,,,,,,,,,,,,,,,,,,,,,,,,,,,,,,,,,,,,,,,,,,,,,,,,,,,,,,,,,,,,,,,,,,,,,,,,,,,,,,,,,,,,,,,,,,,,,,,,,,,,,,,,,,,,,,,,,,,,,,,,,,,,,,,,,,,,,,,,,,,,,,,,,,,,,,,,,,,,,,,,,,,,,,,,,,,,,,,,,,,,,,,,,,,,,,,,,,,,,,,,,,,,,,,,,,,,,,,,,,,,,,,,,,,,,,,,,,,,,,,,,,,,,,,,,,,,,,,,,,,,,,,,,,,,,,,,,,,,,,,,,,,,,,,,,,,,,,,,,,,,,,,,,,,,,,,,,,,,,,,,,,,,,,,,,,,,,,,,,,,,,,,,,,,,,,,,,,,,,,,,,,,,,,,,,,,,,,,,,,,,,,,,,,,,,,,,,,,,,,,,,,,,,,,,,,,,,,,,,,,,,,,,,,,,,,,,,,,,,,,,,,,,,,,,,,,,,,,,,,,,,,,,,,,,,,,,,,,,,,,,,,,,,,,,,,,,,,,,,,,,,,,,,,,,,,,,,,,,,,,,,,,,,,,,,,,,,,,,,,,,,,,,,,,,,,,,,,,,,,,,,,,,,,,,,,,,,,,,,,,,,,,,,,,,,,,,,,,,,,,,,,,,,,,,
16,nknt9fq7,,0,18,18,Section_7,EndSurvey,2024-09-17 20:35:42.215568,1,,,0.0,,,,,,,,,,,,,,truywt5k,,,,,0,0.0,https://app.prolific.com/submissions/complete?cc=C1BTHULB,5.0,Quiz,16,,0.0,66e8d3f613e6e86e890f2b6d,1,1,16,,0.0,A,B,A,C,D,B,D,C,B,C,,,5,88.785,1,1,16,,0.0,noisy,random,positive,,Fail,red,50,3,5,Fail Box,1,1,16,,0.0,D,B,A,C,B,B,A,B,C,D,,,Non-STEM Track,,0,0.0,5,1,1,16,,0.0,R,R,R,R,R,C,C,C,C,C,C,,1,1,16,,0.0,0,0,0,0,0,0,0,0,0,false,false,Non-STEM Track,1,1,,,,,,,,,,,,,,,,,,,,,,,,,,,,,,,,,,,,,,,,,,,,,,,,,,,,,,,,,,,,,,,,,,,,,,,,,,,,,,,,,,,,,,,,,,,,,,,,,,,,,,,,,,,,,,,,,,,,,,,,,,,,,,,,,,,,,,,,,,,,,,,,,,,,,,,,,,,,,,,,,,,,,,,,,,,,,,,,,,,,,,,,,,,,,,,,,,,,,,,,,,,,,,,,,,,,,,,,,,,,,,,,,,,,,,,,,,,,,,,,,,,,,,,,,,,,,,,,,,,,,,,,,,,,,,,,,,,,,,,,,,,,,,,,,,,,,,,,,,,,,,,,,,,,,,,,,,,,,,,,,,,,,,,,,,,,,,,,,,,,,,,,,,,,,,,,,,,,,,,,,,,,,,,,,,,,,,,,,,,,,,,,,,,,,,,,,,,,,,,,,,,,,,,,,,,,,,,,,,,,,,,,,,,,,,,,,,,,,,,,,,,,,,,,,,,,,,,,,,,,,,,,,,,,,,,,,,,,,,,,,,,,,,,,,,,,,,,,,,,,,,,,,,,,,,,,,,,,,,,,,,,,,,,,,,,,,,,,,,,,,,,,,,,,,,,,,,,,,,,,,,,,,,,,,,,,,,,,,,,,,,,,,,,,,,,,,,,,,,,,,,,,,,,,,,,,,,,
18,b418u1aw,,0,18,18,Section_7,EndSurvey,2024-09-17 20:37:24.778070,1,,,0.0,,,,,,,,,,,,,,truywt5k,,,,,0,0.0,https://app.prolific.com/submissions/complete?cc=C1BTHULB,5.0,Quiz,18,,0.0,60fe0507c174a6b07829e608,1,1,18,,0.0,D,A,B,C,C,B,D,B,A,A,,,0,0.0,1,1,18,,0.0,noisy,random,negative,,Fail,red,40,6,4,Fail Box,1,1,18,,0.0,D,B,A,C,B,D,A,B,C,D,,,Non-STEM Track,,0,0.0,4,1,1,18,,0.0,R,R,R,C,C,C,C,C,C,C,C,,1,1,18,,0.0,0,0,0,0,0,0,0,0,0,false,false,Non-STEM Track,1,1,,,,,,,,,,,,,,,,,,,,,,,,,,,,,,,,,,,,,,,,,,,,,,,,,,,,,,,,,,,,,,,,,,,,,,,,,,,,,,,,,,,,,,,,,,,,,,,,,,,,,,,,,,,,,,,,,,,,,,,,,,,,,,,,,,,,,,,,,,,,,,,,,,,,,,,,,,,,,,,,,,,,,,,,,,,,,,,,,,,,,,,,,,,,,,,,,,,,,,,,,,,,,,,,,,,,,,,,,,,,,,,,,,,,,,,,,,,,,,,,,,,,,,,,,,,,,,,,,,,,,,,,,,,,,,,,,,,,,,,,,,,,,,,,,,,,,,,,,,,,,,,,,,,,,,,,,,,,,,,,,,,,,,,,,,,,,,,,,,,,,,,,,,,,,,,,,,,,,,,,,,,,,,,,,,,,,,,,,,,,,,,,,,,,,,,,,,,,,,,,,,,,,,,,,,,,,,,,,,,,,,,,,,,,,,,,,,,,,,,,,,,,,,,,,,,,,,,,,,,,,,,,,,,,,,,,,,,,,,,,,,,,,,,,,,,,,,,,,,,,,,,,,,,,,,,,,,,,,,,,,,,,,,,,,,,,,,,,,,,,,,,,,,,,,,,,,,,,,,,,,,,,,,,,,,,,,,,,,,,,,,,,,,,,,,,,,,,,,,,,,,,,,,,,,,,,,,,
19,bbrzhhpt,,0,18,18,Section_7,EndSurvey,2024-09-17 20:37:26.704844,1,,,0.0,,,,,,,,,,,,,,truywt5k,,,,,0,0.0,https://app.prolific.com/submissions/complete?cc=C1BTHULB,5.0,Quiz,19,,0.0,650dc8bdbbbc9672321e9b45,1,1,19,,0.0,B,A,D,C,C,B,A,D,C,D,,,0,0.0,1,1,19,,0.0,noisy,random,positive,,Fail,red,60,3,5,Pass Box,1,1,19,,0.0,D,B,A,C,B,D,A,B,C,D,,,Non-STEM Track,,0,0.0,5,1,1,19,,0.0,R,R,R,R,R,C,C,C,C,C,C,,1,1,19,,0.0,0,0,0,0,0,0,0,0,0,false,false,Non-STEM Track,1,1,,,,,,,,,,,,,,,,,,,,,,,,,,,,,,,,,,,,,,,,,,,,,,,,,,,,,,,,,,,,,,,,,,,,,,,,,,,,,,,,,,,,,,,,,,,,,,,,,,,,,,,,,,,,,,,,,,,,,,,,,,,,,,,,,,,,,,,,,,,,,,,,,,,,,,,,,,,,,,,,,,,,,,,,,,,,,,,,,,,,,,,,,,,,,,,,,,,,,,,,,,,,,,,,,,,,,,,,,,,,,,,,,,,,,,,,,,,,,,,,,,,,,,,,,,,,,,,,,,,,,,,,,,,,,,,,,,,,,,,,,,,,,,,,,,,,,,,,,,,,,,,,,,,,,,,,,,,,,,,,,,,,,,,,,,,,,,,,,,,,,,,,,,,,,,,,,,,,,,,,,,,,,,,,,,,,,,,,,,,,,,,,,,,,,,,,,,,,,,,,,,,,,,,,,,,,,,,,,,,,,,,,,,,,,,,,,,,,,,,,,,,,,,,,,,,,,,,,,,,,,,,,,,,,,,,,,,,,,,,,,,,,,,,,,,,,,,,,,,,,,,,,,,,,,,,,,,,,,,,,,,,,,,,,,,,,,,,,,,,,,,,,,,,,,,,,,,,,,,,,,,,,,,,,,,,,,,,,,,,,,,,,,,,,,,,,,,,,,,,,,,,,,,,,,,,,,,,
20,y2tmwt26,,0,18,18,Section_7,EndSurvey,2024-09-17 20:37:39.196594,1,,,0.0,,,,,,,,,,,,,,truywt5k,,,,,0,0.0,https://app.prolific.com/submissions/complete?cc=C1BTHULB,5.0,Quiz,20,,0.0,6137ac01b8ff9b79e14eded1,1,1,20,,0.0,D,A,A,B,B,C,D,C,B,A,,,0,0.0,1,1,20,,0.0,noisy,random,ground,,Fail,red,60,5,5,Fail Box,1,1,20,,0.0,B,A,C,A,A,D,C,B,B,A,,,STEM Track,,0,0.0,5,1,1,20,,0.0,R,R,R,R,C,C,C,C,C,C,C,,1,1,20,,0.0,0,0,0,0,0,0,0,0,0,false,false,STEM Track,1,1,,,,,,,,,,,,,,,,,,,,,,,,,,,,,,,,,,,,,,,,,,,,,,,,,,,,,,,,,,,,,,,,,,,,,,,,,,,,,,,,,,,,,,,,,,,,,,,,,,,,,,,,,,,,,,,,,,,,,,,,,,,,,,,,,,,,,,,,,,,,,,,,,,,,,,,,,,,,,,,,,,,,,,,,,,,,,,,,,,,,,,,,,,,,,,,,,,,,,,,,,,,,,,,,,,,,,,,,,,,,,,,,,,,,,,,,,,,,,,,,,,,,,,,,,,,,,,,,,,,,,,,,,,,,,,,,,,,,,,,,,,,,,,,,,,,,,,,,,,,,,,,,,,,,,,,,,,,,,,,,,,,,,,,,,,,,,,,,,,,,,,,,,,,,,,,,,,,,,,,,,,,,,,,,,,,,,,,,,,,,,,,,,,,,,,,,,,,,,,,,,,,,,,,,,,,,,,,,,,,,,,,,,,,,,,,,,,,,,,,,,,,,,,,,,,,,,,,,,,,,,,,,,,,,,,,,,,,,,,,,,,,,,,,,,,,,,,,,,,,,,,,,,,,,,,,,,,,,,,,,,,,,,,,,,,,,,,,,,,,,,,,,,,,,,,,,,,,,,,,,,,,,,,,,,,,,,,,,,,,,,,,,,,,,,,,,,,,,,,,,,,,,,,,,,,,,,,,
21,lahkncn8,,0,18,18,Section_7,EndSurvey,2024-09-17 20:37:51.077749,1,,,0.0,,,,,,,,,,,,,,truywt5k,,,,,0,0.0,https://app.prolific.com/submissions/complete?cc=C1BTHULB,5.0,Quiz,21,,0.0,65d53085794e617217d43942,1,1,21,,0.0,D,A,B,C,D,B,A,C,B,C,,,0,0.0,1,1,21,,0.0,noisy,random,positive,,Fail,red,66,3,5,Fail Box,1,1,21,,0.0,D,B,A,C,B,D,A,B,C,C,,,Non-STEM Track,,0,0.0,5,1,1,21,,0.0,R,R,R,C,C,C,C,C,C,C,C,,1,1,21,,0.0,0,0,0,0,0,0,0,0,0,false,false,Non-STEM Track,1,1,,,,,,,,,,,,,,,,,,,,,,,,,,,,,,,,,,,,,,,,,,,,,,,,,,,,,,,,,,,,,,,,,,,,,,,,,,,,,,,,,,,,,,,,,,,,,,,,,,,,,,,,,,,,,,,,,,,,,,,,,,,,,,,,,,,,,,,,,,,,,,,,,,,,,,,,,,,,,,,,,,,,,,,,,,,,,,,,,,,,,,,,,,,,,,,,,,,,,,,,,,,,,,,,,,,,,,,,,,,,,,,,,,,,,,,,,,,,,,,,,,,,,,,,,,,,,,,,,,,,,,,,,,,,,,,,,,,,,,,,,,,,,,,,,,,,,,,,,,,,,,,,,,,,,,,,,,,,,,,,,,,,,,,,,,,,,,,,,,,,,,,,,,,,,,,,,,,,,,,,,,,,,,,,,,,,,,,,,,,,,,,,,,,,,,,,,,,,,,,,,,,,,,,,,,,,,,,,,,,,,,,,,,,,,,,,,,,,,,,,,,,,,,,,,,,,,,,,,,,,,,,,,,,,,,,,,,,,,,,,,,,,,,,,,,,,,,,,,,,,,,,,,,,,,,,,,,,,,,,,,,,,,,,,,,,,,,,,,,,,,,,,,,,,,,,,,,,,,,,,,,,,,,,,,,,,,,,,,,,,,,,,,,,,,,,,,,,,,,,,,,,,,,,,,,,,,,,
22,la7ui7dl,,0,18,18,Section_7,EndSurvey,2024-09-17 20:38:36.227035,1,,,0.0,,,,,,,,,,,,,,truywt5k,,,,,0,0.0,https://app.prolific.com/submissions/complete?cc=C1BTHULB,5.0,Quiz,22,,0.0,5d8292847d2c7400173d272f,1,1,22,,0.0,D,B,B,C,B,D,A,C,C,B,,,0,0.0,1,1,22,,0.0,noisy,random,negative,,Fail,red,50,8,8,Pass Box,1,1,22,,0.0,D,B,A,C,B,D,A,D,C,D,,,Non-STEM Track,,0,0.0,8,1,1,22,,0.0,R,R,R,R,R,R,R,R,C,R,R,,1,1,22,,0.0,0,0,0,0,0,0,0,0,0,false,false,Non-STEM Track,1,1,,,,,,,,,,,,,,,,,,,,,,,,,,,,,,,,,,,,,,,,,,,,,,,,,,,,,,,,,,,,,,,,,,,,,,,,,,,,,,,,,,,,,,,,,,,,,,,,,,,,,,,,,,,,,,,,,,,,,,,,,,,,,,,,,,,,,,,,,,,,,,,,,,,,,,,,,,,,,,,,,,,,,,,,,,,,,,,,,,,,,,,,,,,,,,,,,,,,,,,,,,,,,,,,,,,,,,,,,,,,,,,,,,,,,,,,,,,,,,,,,,,,,,,,,,,,,,,,,,,,,,,,,,,,,,,,,,,,,,,,,,,,,,,,,,,,,,,,,,,,,,,,,,,,,,,,,,,,,,,,,,,,,,,,,,,,,,,,,,,,,,,,,,,,,,,,,,,,,,,,,,,,,,,,,,,,,,,,,,,,,,,,,,,,,,,,,,,,,,,,,,,,,,,,,,,,,,,,,,,,,,,,,,,,,,,,,,,,,,,,,,,,,,,,,,,,,,,,,,,,,,,,,,,,,,,,,,,,,,,,,,,,,,,,,,,,,,,,,,,,,,,,,,,,,,,,,,,,,,,,,,,,,,,,,,,,,,,,,,,,,,,,,,,,,,,,,,,,,,,,,,,,,,,,,,,,,,,,,,,,,,,,,,,,,,,,,,,,,,,,,,,,,,,,,,,,,,,
23,wacwq3q4,,0,18,18,Section_7,EndSurvey,2024-09-17 20:38:45.937890,1,,,0.0,,,,,,,,,,,,,,truywt5k,,,,,0,0.0,https://app.prolific.com/submissions/complete?cc=C1BTHULB,5.0,Quiz,23,,0.0,66da09c149e081991b0bbbe7,1,1,23,,0.0,A,D,C,C,B,D,A,C,B,D,,,0,0.0,1,1,23,,0.0,noisy,random,positive,,Fail,red,70,5,9,Pass Box,1,1,23,,0.0,D,B,A,C,A,D,A,B,C,B,,,Non-STEM Track,,0,0.0,9,1,1,23,,0.0,R,R,R,R,R,C,C,C,C,C,C,,1,1,23,,0.0,0,0,0,0,0,0,0,0,0,false,false,Non-STEM Track,1,1,,,,,,,,,,,,,,,,,,,,,,,,,,,,,,,,,,,,,,,,,,,,,,,,,,,,,,,,,,,,,,,,,,,,,,,,,,,,,,,,,,,,,,,,,,,,,,,,,,,,,,,,,,,,,,,,,,,,,,,,,,,,,,,,,,,,,,,,,,,,,,,,,,,,,,,,,,,,,,,,,,,,,,,,,,,,,,,,,,,,,,,,,,,,,,,,,,,,,,,,,,,,,,,,,,,,,,,,,,,,,,,,,,,,,,,,,,,,,,,,,,,,,,,,,,,,,,,,,,,,,,,,,,,,,,,,,,,,,,,,,,,,,,,,,,,,,,,,,,,,,,,,,,,,,,,,,,,,,,,,,,,,,,,,,,,,,,,,,,,,,,,,,,,,,,,,,,,,,,,,,,,,,,,,,,,,,,,,,,,,,,,,,,,,,,,,,,,,,,,,,,,,,,,,,,,,,,,,,,,,,,,,,,,,,,,,,,,,,,,,,,,,,,,,,,,,,,,,,,,,,,,,,,,,,,,,,,,,,,,,,,,,,,,,,,,,,,,,,,,,,,,,,,,,,,,,,,,,,,,,,,,,,,,,,,,,,,,,,,,,,,,,,,,,,,,,,,,,,,,,,,,,,,,,,,,,,,,,,,,,,,,,,,,,,,,,,,,,,,,,,,,,,,,,,,,,,,,
24,qy98hl4u,,0,18,18,Section_7,EndSurvey,2024-09-17 20:38:59.613654,1,,,0.0,,,,,,,,,,,,,,truywt5k,,,,,0,0.0,https://app.prolific.com/submissions/complete?cc=C1BTHULB,5.0,Quiz,24,,0.0,66d91ce8c5f9e72c28cc09d3,1,1,24,,0.0,C,D,B,D,B,A,B,C,D,A,,,2,88.506,1,1,24,,0.0,noisy,random,positive,,Fail,red,80,7,7,Fail Box,1,1,24,,0.0,A,B,A,C,B,D,A,B,C,D,,,Non-STEM Track,,3,15.831,7,1,1,24,,0.0,R,R,R,R,R,C,C,C,C,C,C,,1,1,24,,0.0,0,0,0,0,0,0,0,0,0,false,false,Non-STEM Track,1,1,,,,,,,,,,,,,,,,,,,,,,,,,,,,,,,,,,,,,,,,,,,,,,,,,,,,,,,,,,,,,,,,,,,,,,,,,,,,,,,,,,,,,,,,,,,,,,,,,,,,,,,,,,,,,,,,,,,,,,,,,,,,,,,,,,,,,,,,,,,,,,,,,,,,,,,,,,,,,,,,,,,,,,,,,,,,,,,,,,,,,,,,,,,,,,,,,,,,,,,,,,,,,,,,,,,,,,,,,,,,,,,,,,,,,,,,,,,,,,,,,,,,,,,,,,,,,,,,,,,,,,,,,,,,,,,,,,,,,,,,,,,,,,,,,,,,,,,,,,,,,,,,,,,,,,,,,,,,,,,,,,,,,,,,,,,,,,,,,,,,,,,,,,,,,,,,,,,,,,,,,,,,,,,,,,,,,,,,,,,,,,,,,,,,,,,,,,,,,,,,,,,,,,,,,,,,,,,,,,,,,,,,,,,,,,,,,,,,,,,,,,,,,,,,,,,,,,,,,,,,,,,,,,,,,,,,,,,,,,,,,,,,,,,,,,,,,,,,,,,,,,,,,,,,,,,,,,,,,,,,,,,,,,,,,,,,,,,,,,,,,,,,,,,,,,,,,,,,,,,,,,,,,,,,,,,,,,,,,,,,,,,,,,,,,,,,,,,,,,,,,,,,,,,,,,,,,,,
25,ozld43py,,0,18,18,Section_7,EndSurvey,2024-09-17 20:39:15.187468,1,,,0.0,,,,,,,,,,,,,,truywt5k,,,,,0,0.0,https://app.prolific.com/submissions/complete?cc=C1BTHULB,5.0,Quiz,25,,0.0,66dbb2a49e620e7148184cb6,1,1,25,,0.0,B,B,A,C,C,D,C,A,A,B,,,3,34.991,1,1,25,,0.0,noisy,random,ground,,Fail,red,80,7,7,Pass Box,1,1,25,,0.0,D,B,A,C,B,D,A,B,C,D,,,Non-STEM Track,,3,30.915,7,1,1,25,,0.0,R,C,C,R,R,C,C,C,C,C,C,,1,1,25,,0.0,0,0,0,0,0,0,0,0,0,false,false,Non-STEM Track,1,1,,,,,,,,,,,,,,,,,,,,,,,,,,,,,,,,,,,,,,,,,,,,,,,,,,,,,,,,,,,,,,,,,,,,,,,,,,,,,,,,,,,,,,,,,,,,,,,,,,,,,,,,,,,,,,,,,,,,,,,,,,,,,,,,,,,,,,,,,,,,,,,,,,,,,,,,,,,,,,,,,,,,,,,,,,,,,,,,,,,,,,,,,,,,,,,,,,,,,,,,,,,,,,,,,,,,,,,,,,,,,,,,,,,,,,,,,,,,,,,,,,,,,,,,,,,,,,,,,,,,,,,,,,,,,,,,,,,,,,,,,,,,,,,,,,,,,,,,,,,,,,,,,,,,,,,,,,,,,,,,,,,,,,,,,,,,,,,,,,,,,,,,,,,,,,,,,,,,,,,,,,,,,,,,,,,,,,,,,,,,,,,,,,,,,,,,,,,,,,,,,,,,,,,,,,,,,,,,,,,,,,,,,,,,,,,,,,,,,,,,,,,,,,,,,,,,,,,,,,,,,,,,,,,,,,,,,,,,,,,,,,,,,,,,,,,,,,,,,,,,,,,,,,,,,,,,,,,,,,,,,,,,,,,,,,,,,,,,,,,,,,,,,,,,,,,,,,,,,,,,,,,,,,,,,,,,,,,,,,,,,,,,,,,,,,,,,,,,,,,,,,,,,,,,,,,,,,,
26,95c5oib4,,0,18,18,Section_7,EndSurvey,2024-09-17 20:39:18.883140,1,,,0.0,,,,,,,,,,,,,,truywt5k,,,,,0,0.0,https://app.prolific.com/submissions/complete?cc=C1BTHULB,5.0,Quiz,26,,0.0,6672173cc06623d0d57ade99,1,1,26,,0.0,B,D,A,C,B,A,C,D,A,B,,,0,0.0,1,1,26,,0.0,noisy,random,ground,,Fail,red,30,3,2,Fail Box,1,1,26,,0.0,D,C,A,B,B,D,A,B,C,D,,,Non-STEM Track,,0,0.0,2,1,1,26,,0.0,R,C,C,C,C,C,C,C,C,C,C,,1,1,26,,0.0,0,0,0,0,0,0,0,0,0,false,false,Non-STEM Track,1,1,,,,,,,,,,,,,,,,,,,,,,,,,,,,,,,,,,,,,,,,,,,,,,,,,,,,,,,,,,,,,,,,,,,,,,,,,,,,,,,,,,,,,,,,,,,,,,,,,,,,,,,,,,,,,,,,,,,,,,,,,,,,,,,,,,,,,,,,,,,,,,,,,,,,,,,,,,,,,,,,,,,,,,,,,,,,,,,,,,,,,,,,,,,,,,,,,,,,,,,,,,,,,,,,,,,,,,,,,,,,,,,,,,,,,,,,,,,,,,,,,,,,,,,,,,,,,,,,,,,,,,,,,,,,,,,,,,,,,,,,,,,,,,,,,,,,,,,,,,,,,,,,,,,,,,,,,,,,,,,,,,,,,,,,,,,,,,,,,,,,,,,,,,,,,,,,,,,,,,,,,,,,,,,,,,,,,,,,,,,,,,,,,,,,,,,,,,,,,,,,,,,,,,,,,,,,,,,,,,,,,,,,,,,,,,,,,,,,,,,,,,,,,,,,,,,,,,,,,,,,,,,,,,,,,,,,,,,,,,,,,,,,,,,,,,,,,,,,,,,,,,,,,,,,,,,,,,,,,,,,,,,,,,,,,,,,,,,,,,,,,,,,,,,,,,,,,,,,,,,,,,,,,,,,,,,,,,,,,,,,,,,,,,,,,,,,,,,,,,,,,,,,,,,,,,,,,,,
27,onjlfz9u,,0,4,18,Section_1,Conclusion,2024-09-17 20:39:21.352284,1,,,0.0,,,,,,,,,,,,,,truywt5k,,,,,0,0.0,https://app.prolific.com/submissions/complete?cc=C1BTHULB,5.0,Quiz,27,,0.0,5f504a77d3e0341bf804cace,1,1,27,,0.0,,,,,,,,,,,,,0,0.0,1,1,27,,0.0,,,,,,,,,,,1,1,27,,0.0,,,,,,,,,,,,,,,,,,1,1,27,,0.0,,,,,,,,,,,,,1,1,27,,0.0,0,0,0,0,0,0,0,0,0,false,false,,1,1,,,,,,,,,,,,,,,,,,,,,,,,,,,,,,,,,,,,,,,,,,,,,,,,,,,,,,,,,,,,,,,,,,,,,,,,,,,,,,,,,,,,,,,,,,,,,,,,,,,,,,,,,,,,,,,,,,,,,,,,,,,,,,,,,,,,,,,,,,,,,,,,,,,,,,,,,,,,,,,,,,,,,,,,,,,,,,,,,,,,,,,,,,,,,,,,,,,,,,,,,,,,,,,,,,,,,,,,,,,,,,,,,,,,,,,,,,,,,,,,,,,,,,,,,,,,,,,,,,,,,,,,,,,,,,,,,,,,,,,,,,,,,,,,,,,,,,,,,,,,,,,,,,,,,,,,,,,,,,,,,,,,,,,,,,,,,,,,,,,,,,,,,,,,,,,,,,,,,,,,,,,,,,,,,,,,,,,,,,,,,,,,,,,,,,,,,,,,,,,,,,,,,,,,,,,,,,,,,,,,,,,,,,,,,,,,,,,,,,,,,,,,,,,,,,,,,,,,,,,,,,,,,,,,,,,,,,,,,,,,,,,,,,,,,,,,,,,,,,,,,,,,,,,,,,,,,,,,,,,,,,,,,,,,,,,,,,,,,,,,,,,,,,,,,,,,,,,,,,,,,,,,,,,,,,,,,,,,,,,,,,,,,,,,,,,,,,,,,,,,,,,,,,,,,,,,,,,
28,ud5b7zqw,,0,18,18,Section_7,EndSurvey,2024-09-17 20:39:24.771609,1,,,0.0,,,,,,,,,,,,,,truywt5k,,,,,0,0.0,https://app.prolific.com/submissions/complete?cc=C1BTHULB,5.0,Quiz,28,,0.0,66c3bc9f20697198c71230cc,1,1,28,,0.0,B,B,B,B,B,B,B,B,B,B,,,0,0.0,1,1,28,,0.0,noisy,random,positive,,Fail,red,20,6,8,Fail Box,1,1,28,,0.0,B,B,B,B,B,B,B,B,B,B,,,STEM Track,,0,0.0,8,1,1,28,,0.0,R,R,R,R,R,R,R,C,C,C,C,,1,1,28,,0.0,0,0,0,0,0,0,0,0,0,false,false,STEM Track,1,1,,,,,,,,,,,,,,,,,,,,,,,,,,,,,,,,,,,,,,,,,,,,,,,,,,,,,,,,,,,,,,,,,,,,,,,,,,,,,,,,,,,,,,,,,,,,,,,,,,,,,,,,,,,,,,,,,,,,,,,,,,,,,,,,,,,,,,,,,,,,,,,,,,,,,,,,,,,,,,,,,,,,,,,,,,,,,,,,,,,,,,,,,,,,,,,,,,,,,,,,,,,,,,,,,,,,,,,,,,,,,,,,,,,,,,,,,,,,,,,,,,,,,,,,,,,,,,,,,,,,,,,,,,,,,,,,,,,,,,,,,,,,,,,,,,,,,,,,,,,,,,,,,,,,,,,,,,,,,,,,,,,,,,,,,,,,,,,,,,,,,,,,,,,,,,,,,,,,,,,,,,,,,,,,,,,,,,,,,,,,,,,,,,,,,,,,,,,,,,,,,,,,,,,,,,,,,,,,,,,,,,,,,,,,,,,,,,,,,,,,,,,,,,,,,,,,,,,,,,,,,,,,,,,,,,,,,,,,,,,,,,,,,,,,,,,,,,,,,,,,,,,,,,,,,,,,,,,,,,,,,,,,,,,,,,,,,,,,,,,,,,,,,,,,,,,,,,,,,,,,,,,,,,,,,,,,,,,,,,,,,,,,,,,,,,,,,,,,,,,,,,,,,,,,,,,,,,,
29,7hp1r29o,,0,4,18,Section_1,Conclusion,2024-09-17 20:39:30.344565,1,,,0.0,,,,,,,,,,,,,,truywt5k,,,,,0,0.0,https://app.prolific.com/submissions/complete?cc=C1BTHULB,5.0,Quiz,29,,0.0,5f2cd45cd689ae1ec67c848c,1,1,29,,0.0,,,,,,,,,,,,,0,0.0,1,1,29,,0.0,,,,,,,,,,,1,1,29,,0.0,,,,,,,,,,,,,,,,,,1,1,29,,0.0,,,,,,,,,,,,,1,1,29,,0.0,0,0,0,0,0,0,0,0,0,false,false,,1,1,,,,,,,,,,,,,,,,,,,,,,,,,,,,,,,,,,,,,,,,,,,,,,,,,,,,,,,,,,,,,,,,,,,,,,,,,,,,,,,,,,,,,,,,,,,,,,,,,,,,,,,,,,,,,,,,,,,,,,,,,,,,,,,,,,,,,,,,,,,,,,,,,,,,,,,,,,,,,,,,,,,,,,,,,,,,,,,,,,,,,,,,,,,,,,,,,,,,,,,,,,,,,,,,,,,,,,,,,,,,,,,,,,,,,,,,,,,,,,,,,,,,,,,,,,,,,,,,,,,,,,,,,,,,,,,,,,,,,,,,,,,,,,,,,,,,,,,,,,,,,,,,,,,,,,,,,,,,,,,,,,,,,,,,,,,,,,,,,,,,,,,,,,,,,,,,,,,,,,,,,,,,,,,,,,,,,,,,,,,,,,,,,,,,,,,,,,,,,,,,,,,,,,,,,,,,,,,,,,,,,,,,,,,,,,,,,,,,,,,,,,,,,,,,,,,,,,,,,,,,,,,,,,,,,,,,,,,,,,,,,,,,,,,,,,,,,,,,,,,,,,,,,,,,,,,,,,,,,,,,,,,,,,,,,,,,,,,,,,,,,,,,,,,,,,,,,,,,,,,,,,,,,,,,,,,,,,,,,,,,,,,,,,,,,,,,,,,,,,,,,,,,,,,,,,,,,,,
30,3ccagyfs,,0,18,18,Section_7,EndSurvey,2024-09-17 20:39:55.115178,1,,,0.0,,,,,,,,,,,,,,truywt5k,,,,,0,0.0,https://app.prolific.com/submissions/complete?cc=C1BTHULB,5.0,Quiz,30,,0.0,62e156c4c63c97683cfccb82,1,1,30,,0.0,B,A,B,C,D,B,D,B,B,A,,,0,0.0,1,1,30,,0.0,noisy,random,positive,,Fail,red,30,5,5,Pass Box,1,1,30,,0.0,D,B,A,C,B,D,A,B,C,D,,,Non-STEM Track,,0,0.0,5,1,1,30,,0.0,R,R,R,C,C,C,C,C,C,C,C,,1,1,30,,0.0,0,0,0,0,0,0,0,0,0,false,false,Non-STEM Track,1,1,,,,,,,,,,,,,,,,,,,,,,,,,,,,,,,,,,,,,,,,,,,,,,,,,,,,,,,,,,,,,,,,,,,,,,,,,,,,,,,,,,,,,,,,,,,,,,,,,,,,,,,,,,,,,,,,,,,,,,,,,,,,,,,,,,,,,,,,,,,,,,,,,,,,,,,,,,,,,,,,,,,,,,,,,,,,,,,,,,,,,,,,,,,,,,,,,,,,,,,,,,,,,,,,,,,,,,,,,,,,,,,,,,,,,,,,,,,,,,,,,,,,,,,,,,,,,,,,,,,,,,,,,,,,,,,,,,,,,,,,,,,,,,,,,,,,,,,,,,,,,,,,,,,,,,,,,,,,,,,,,,,,,,,,,,,,,,,,,,,,,,,,,,,,,,,,,,,,,,,,,,,,,,,,,,,,,,,,,,,,,,,,,,,,,,,,,,,,,,,,,,,,,,,,,,,,,,,,,,,,,,,,,,,,,,,,,,,,,,,,,,,,,,,,,,,,,,,,,,,,,,,,,,,,,,,,,,,,,,,,,,,,,,,,,,,,,,,,,,,,,,,,,,,,,,,,,,,,,,,,,,,,,,,,,,,,,,,,,,,,,,,,,,,,,,,,,,,,,,,,,,,,,,,,,,,,,,,,,,,,,,,,,,,,,,,,,,,,,,,,,,,,,,,,,,,,,,,
31,omiukmcn,,0,18,18,Section_7,EndSurvey,2024-09-17 20:40:02.029988,1,,,0.0,,,,,,,,,,,,,,truywt5k,,,,,0,0.0,https://app.prolific.com/submissions/complete?cc=C1BTHULB,5.0,Quiz,31,,0.0,60741d357c4ab1281c844e1a,1,1,31,,0.0,D,A,B,D,D,D,B,D,,,,,0,0.0,1,1,31,,0.0,noisy,random,negative,,Fail,red,40,5,5,Fail Box,1,1,31,,0.0,B,C,A,D,B,D,D,B,C,,,,STEM Track,,0,0.0,5,1,1,31,,0.0,R,R,R,R,R,C,C,C,C,C,C,,1,1,31,,0.0,0,0,0,0,0,0,0,0,0,false,false,STEM Track,1,1,,,,,,,,,,,,,,,,,,,,,,,,,,,,,,,,,,,,,,,,,,,,,,,,,,,,,,,,,,,,,,,,,,,,,,,,,,,,,,,,,,,,,,,,,,,,,,,,,,,,,,,,,,,,,,,,,,,,,,,,,,,,,,,,,,,,,,,,,,,,,,,,,,,,,,,,,,,,,,,,,,,,,,,,,,,,,,,,,,,,,,,,,,,,,,,,,,,,,,,,,,,,,,,,,,,,,,,,,,,,,,,,,,,,,,,,,,,,,,,,,,,,,,,,,,,,,,,,,,,,,,,,,,,,,,,,,,,,,,,,,,,,,,,,,,,,,,,,,,,,,,,,,,,,,,,,,,,,,,,,,,,,,,,,,,,,,,,,,,,,,,,,,,,,,,,,,,,,,,,,,,,,,,,,,,,,,,,,,,,,,,,,,,,,,,,,,,,,,,,,,,,,,,,,,,,,,,,,,,,,,,,,,,,,,,,,,,,,,,,,,,,,,,,,,,,,,,,,,,,,,,,,,,,,,,,,,,,,,,,,,,,,,,,,,,,,,,,,,,,,,,,,,,,,,,,,,,,,,,,,,,,,,,,,,,,,,,,,,,,,,,,,,,,,,,,,,,,,,,,,,,,,,,,,,,,,,,,,,,,,,,,,,,,,,,,,,,,,,,,,,,,,,,,,,,,,,,,
32,la0ahog3,,0,4,18,Section_1,Conclusion,2024-09-17 20:40:13.022971,1,,,0.0,,,,,,,,,,,,,,truywt5k,,,,,0,0.0,https://app.prolific.com/submissions/complete?cc=C1BTHULB,5.0,Quiz,32,,0.0,6512d75a240112657b048033,1,1,32,,0.0,,,,,,,,,,,,,0,0.0,1,1,32,,0.0,,,,,,,,,,,1,1,32,,0.0,,,,,,,,,,,,,,,,,,1,1,32,,0.0,,,,,,,,,,,,,1,1,32,,0.0,0,0,0,0,0,0,0,0,0,false,false,,1,1,,,,,,,,,,,,,,,,,,,,,,,,,,,,,,,,,,,,,,,,,,,,,,,,,,,,,,,,,,,,,,,,,,,,,,,,,,,,,,,,,,,,,,,,,,,,,,,,,,,,,,,,,,,,,,,,,,,,,,,,,,,,,,,,,,,,,,,,,,,,,,,,,,,,,,,,,,,,,,,,,,,,,,,,,,,,,,,,,,,,,,,,,,,,,,,,,,,,,,,,,,,,,,,,,,,,,,,,,,,,,,,,,,,,,,,,,,,,,,,,,,,,,,,,,,,,,,,,,,,,,,,,,,,,,,,,,,,,,,,,,,,,,,,,,,,,,,,,,,,,,,,,,,,,,,,,,,,,,,,,,,,,,,,,,,,,,,,,,,,,,,,,,,,,,,,,,,,,,,,,,,,,,,,,,,,,,,,,,,,,,,,,,,,,,,,,,,,,,,,,,,,,,,,,,,,,,,,,,,,,,,,,,,,,,,,,,,,,,,,,,,,,,,,,,,,,,,,,,,,,,,,,,,,,,,,,,,,,,,,,,,,,,,,,,,,,,,,,,,,,,,,,,,,,,,,,,,,,,,,,,,,,,,,,,,,,,,,,,,,,,,,,,,,,,,,,,,,,,,,,,,,,,,,,,,,,,,,,,,,,,,,,,,,,,,,,,,,,,,,,,,,,,,,,,,,,,,,
33,r5y8qy5i,,0,18,18,Section_7,EndSurvey,2024-09-17 20:40:42.251114,1,,,0.0,,,,,,,,,,,,,,truywt5k,,,,,0,0.0,https://app.prolific.com/submissions/complete?cc=C1BTHULB,5.0,Quiz,33,,0.0,5dc891ba0133ef5ecf39323d,1,1,33,,0.0,B,B,B,B,C,B,B,C,D,B,,,0,0.0,1,1,33,,0.0,noisy,random,negative,,Fail,red,30,1,2,Fail Box,1,1,33,,0.0,D,B,A,C,B,D,A,B,C,D,,,Non-STEM Track,,0,0.0,2,1,1,33,,0.0,R,R,R,R,R,C,C,C,C,C,C,,1,1,33,,0.0,0,0,0,0,0,0,0,0,0,false,false,Non-STEM Track,1,1,,,,,,,,,,,,,,,,,,,,,,,,,,,,,,,,,,,,,,,,,,,,,,,,,,,,,,,,,,,,,,,,,,,,,,,,,,,,,,,,,,,,,,,,,,,,,,,,,,,,,,,,,,,,,,,,,,,,,,,,,,,,,,,,,,,,,,,,,,,,,,,,,,,,,,,,,,,,,,,,,,,,,,,,,,,,,,,,,,,,,,,,,,,,,,,,,,,,,,,,,,,,,,,,,,,,,,,,,,,,,,,,,,,,,,,,,,,,,,,,,,,,,,,,,,,,,,,,,,,,,,,,,,,,,,,,,,,,,,,,,,,,,,,,,,,,,,,,,,,,,,,,,,,,,,,,,,,,,,,,,,,,,,,,,,,,,,,,,,,,,,,,,,,,,,,,,,,,,,,,,,,,,,,,,,,,,,,,,,,,,,,,,,,,,,,,,,,,,,,,,,,,,,,,,,,,,,,,,,,,,,,,,,,,,,,,,,,,,,,,,,,,,,,,,,,,,,,,,,,,,,,,,,,,,,,,,,,,,,,,,,,,,,,,,,,,,,,,,,,,,,,,,,,,,,,,,,,,,,,,,,,,,,,,,,,,,,,,,,,,,,,,,,,,,,,,,,,,,,,,,,,,,,,,,,,,,,,,,,,,,,,,,,,,,,,,,,,,,,,,,,,,,,,,,,,,,,,
34,basethnp,,0,18,18,Section_7,EndSurvey,2024-09-17 20:40:47.896047,1,,,0.0,,,,,,,,,,,,,,truywt5k,,,,,0,0.0,https://app.prolific.com/submissions/complete?cc=C1BTHULB,5.0,Quiz,34,,0.0,669559538f9ed0aae416142b,1,1,34,,0.0,D,A,A,C,B,C,B,C,D,A,,,0,0.0,1,1,34,,0.0,noisy,random,negative,,Fail,red,1,1,1,Fail Box,1,1,34,,0.0,B,A,B,C,C,C,C,A,A,D,,,STEM Track,,0,0.0,1,1,1,34,,0.0,R,R,C,C,C,C,C,C,C,C,C,,1,1,34,,0.0,0,0,0,0,0,0,0,0,0,false,false,STEM Track,1,1,,,,,,,,,,,,,,,,,,,,,,,,,,,,,,,,,,,,,,,,,,,,,,,,,,,,,,,,,,,,,,,,,,,,,,,,,,,,,,,,,,,,,,,,,,,,,,,,,,,,,,,,,,,,,,,,,,,,,,,,,,,,,,,,,,,,,,,,,,,,,,,,,,,,,,,,,,,,,,,,,,,,,,,,,,,,,,,,,,,,,,,,,,,,,,,,,,,,,,,,,,,,,,,,,,,,,,,,,,,,,,,,,,,,,,,,,,,,,,,,,,,,,,,,,,,,,,,,,,,,,,,,,,,,,,,,,,,,,,,,,,,,,,,,,,,,,,,,,,,,,,,,,,,,,,,,,,,,,,,,,,,,,,,,,,,,,,,,,,,,,,,,,,,,,,,,,,,,,,,,,,,,,,,,,,,,,,,,,,,,,,,,,,,,,,,,,,,,,,,,,,,,,,,,,,,,,,,,,,,,,,,,,,,,,,,,,,,,,,,,,,,,,,,,,,,,,,,,,,,,,,,,,,,,,,,,,,,,,,,,,,,,,,,,,,,,,,,,,,,,,,,,,,,,,,,,,,,,,,,,,,,,,,,,,,,,,,,,,,,,,,,,,,,,,,,,,,,,,,,,,,,,,,,,,,,,,,,,,,,,,,,,,,,,,,,,,,,,,,,,,,,,,,,,,,,,,,,
35,nojfcuoa,,0,18,18,Section_7,EndSurvey,2024-09-17 20:40:48.638547,1,,,0.0,,,,,,,,,,,,,,truywt5k,,,,,0,0.0,https://app.prolific.com/submissions/complete?cc=C1BTHULB,5.0,Quiz,35,,0.0,5ec599168c7fa65cabe8b5c7,1,1,35,,0.0,B,A,D,D,B,D,D,B,B,B,,,0,0.0,1,1,35,,0.0,noisy,random,positive,,Fail,red,50,2,2,Pass Box,1,1,35,,0.0,B,B,C,,,D,,A,C,C,,,STEM Track,,0,0.0,2,1,1,35,,0.0,R,C,C,C,C,C,C,C,C,C,C,,1,1,35,,0.0,0,0,0,0,0,0,0,0,0,false,false,STEM Track,1,1,,,,,,,,,,,,,,,,,,,,,,,,,,,,,,,,,,,,,,,,,,,,,,,,,,,,,,,,,,,,,,,,,,,,,,,,,,,,,,,,,,,,,,,,,,,,,,,,,,,,,,,,,,,,,,,,,,,,,,,,,,,,,,,,,,,,,,,,,,,,,,,,,,,,,,,,,,,,,,,,,,,,,,,,,,,,,,,,,,,,,,,,,,,,,,,,,,,,,,,,,,,,,,,,,,,,,,,,,,,,,,,,,,,,,,,,,,,,,,,,,,,,,,,,,,,,,,,,,,,,,,,,,,,,,,,,,,,,,,,,,,,,,,,,,,,,,,,,,,,,,,,,,,,,,,,,,,,,,,,,,,,,,,,,,,,,,,,,,,,,,,,,,,,,,,,,,,,,,,,,,,,,,,,,,,,,,,,,,,,,,,,,,,,,,,,,,,,,,,,,,,,,,,,,,,,,,,,,,,,,,,,,,,,,,,,,,,,,,,,,,,,,,,,,,,,,,,,,,,,,,,,,,,,,,,,,,,,,,,,,,,,,,,,,,,,,,,,,,,,,,,,,,,,,,,,,,,,,,,,,,,,,,,,,,,,,,,,,,,,,,,,,,,,,,,,,,,,,,,,,,,,,,,,,,,,,,,,,,,,,,,,,,,,,,,,,,,,,,,,,,,,,,,,,,,,,,,,
36,el9t9jrx,,0,18,18,Section_7,EndSurvey,2024-09-17 20:40:52.359354,1,,,0.0,,,,,,,,,,,,,,truywt5k,,,,,0,0.0,https://app.prolific.com/submissions/complete?cc=C1BTHULB,5.0,Quiz,36,,0.0,6637b096d7435d947e0826ca,1,1,36,,0.0,B,A,C,C,B,B,D,B,C,A,,,0,0.0,1,1,36,,0.0,noisy,random,positive,,Fail,red,40,4,5,Fail Box,1,1,36,,0.0,D,B,A,C,B,D,A,B,C,D,,,Non-STEM Track,,0,0.0,5,1,1,36,,0.0,R,R,R,R,R,R,C,C,C,C,C,,1,1,36,,0.0,0,0,0,0,0,0,0,0,0,false,false,Non-STEM Track,1,1,,,,,,,,,,,,,,,,,,,,,,,,,,,,,,,,,,,,,,,,,,,,,,,,,,,,,,,,,,,,,,,,,,,,,,,,,,,,,,,,,,,,,,,,,,,,,,,,,,,,,,,,,,,,,,,,,,,,,,,,,,,,,,,,,,,,,,,,,,,,,,,,,,,,,,,,,,,,,,,,,,,,,,,,,,,,,,,,,,,,,,,,,,,,,,,,,,,,,,,,,,,,,,,,,,,,,,,,,,,,,,,,,,,,,,,,,,,,,,,,,,,,,,,,,,,,,,,,,,,,,,,,,,,,,,,,,,,,,,,,,,,,,,,,,,,,,,,,,,,,,,,,,,,,,,,,,,,,,,,,,,,,,,,,,,,,,,,,,,,,,,,,,,,,,,,,,,,,,,,,,,,,,,,,,,,,,,,,,,,,,,,,,,,,,,,,,,,,,,,,,,,,,,,,,,,,,,,,,,,,,,,,,,,,,,,,,,,,,,,,,,,,,,,,,,,,,,,,,,,,,,,,,,,,,,,,,,,,,,,,,,,,,,,,,,,,,,,,,,,,,,,,,,,,,,,,,,,,,,,,,,,,,,,,,,,,,,,,,,,,,,,,,,,,,,,,,,,,,,,,,,,,,,,,,,,,,,,,,,,,,,,,,,,,,,,,,,,,,,,,,,,,,,,,,,,,,,,
37,lf8jj5fl,,0,18,18,Section_7,EndSurvey,2024-09-17 20:40:57.836861,1,,,0.0,,,,,,,,,,,,,,truywt5k,,,,,0,0.0,https://app.prolific.com/submissions/complete?cc=C1BTHULB,5.0,Quiz,37,,0.0,5f4b268e99a3f9000bef04a5,1,1,37,,0.0,A,A,,B,B,B,D,C,,,,,0,0.0,1,1,37,,0.0,noisy,random,positive,,Fail,red,75,5,5,Pass Box,1,1,37,,0.0,B,,C,,A,,,A,,C,,,STEM Track,,1,9.315,5,1,1,37,,0.0,R,R,R,R,R,C,C,C,C,C,C,,1,1,37,,0.0,0,0,0,0,0,0,0,0,0,false,false,STEM Track,1,1,,,,,,,,,,,,,,,,,,,,,,,,,,,,,,,,,,,,,,,,,,,,,,,,,,,,,,,,,,,,,,,,,,,,,,,,,,,,,,,,,,,,,,,,,,,,,,,,,,,,,,,,,,,,,,,,,,,,,,,,,,,,,,,,,,,,,,,,,,,,,,,,,,,,,,,,,,,,,,,,,,,,,,,,,,,,,,,,,,,,,,,,,,,,,,,,,,,,,,,,,,,,,,,,,,,,,,,,,,,,,,,,,,,,,,,,,,,,,,,,,,,,,,,,,,,,,,,,,,,,,,,,,,,,,,,,,,,,,,,,,,,,,,,,,,,,,,,,,,,,,,,,,,,,,,,,,,,,,,,,,,,,,,,,,,,,,,,,,,,,,,,,,,,,,,,,,,,,,,,,,,,,,,,,,,,,,,,,,,,,,,,,,,,,,,,,,,,,,,,,,,,,,,,,,,,,,,,,,,,,,,,,,,,,,,,,,,,,,,,,,,,,,,,,,,,,,,,,,,,,,,,,,,,,,,,,,,,,,,,,,,,,,,,,,,,,,,,,,,,,,,,,,,,,,,,,,,,,,,,,,,,,,,,,,,,,,,,,,,,,,,,,,,,,,,,,,,,,,,,,,,,,,,,,,,,,,,,,,,,,,,,,,,,,,,,,,,,,,,,,,,,,,,,,,,,,,,,
38,4l127887,,0,4,18,Section_1,Conclusion,2024-09-17 20:41:03.216448,1,,,0.0,,,,,,,,,,,,,,truywt5k,,,,,0,0.0,https://app.prolific.com/submissions/complete?cc=C1BTHULB,5.0,Quiz,38,,0.0,667600ed99d2c8d15b912e6a,1,1,38,,0.0,,,,,,,,,,,,,0,0.0,1,1,38,,0.0,,,,,,,,,,,1,1,38,,0.0,,,,,,,,,,,,,,,,,,1,1,38,,0.0,,,,,,,,,,,,,1,1,38,,0.0,0,0,0,0,0,0,0,0,0,false,false,,1,1,,,,,,,,,,,,,,,,,,,,,,,,,,,,,,,,,,,,,,,,,,,,,,,,,,,,,,,,,,,,,,,,,,,,,,,,,,,,,,,,,,,,,,,,,,,,,,,,,,,,,,,,,,,,,,,,,,,,,,,,,,,,,,,,,,,,,,,,,,,,,,,,,,,,,,,,,,,,,,,,,,,,,,,,,,,,,,,,,,,,,,,,,,,,,,,,,,,,,,,,,,,,,,,,,,,,,,,,,,,,,,,,,,,,,,,,,,,,,,,,,,,,,,,,,,,,,,,,,,,,,,,,,,,,,,,,,,,,,,,,,,,,,,,,,,,,,,,,,,,,,,,,,,,,,,,,,,,,,,,,,,,,,,,,,,,,,,,,,,,,,,,,,,,,,,,,,,,,,,,,,,,,,,,,,,,,,,,,,,,,,,,,,,,,,,,,,,,,,,,,,,,,,,,,,,,,,,,,,,,,,,,,,,,,,,,,,,,,,,,,,,,,,,,,,,,,,,,,,,,,,,,,,,,,,,,,,,,,,,,,,,,,,,,,,,,,,,,,,,,,,,,,,,,,,,,,,,,,,,,,,,,,,,,,,,,,,,,,,,,,,,,,,,,,,,,,,,,,,,,,,,,,,,,,,,,,,,,,,,,,,,,,,,,,,,,,,,,,,,,,,,,,,,,,,,,,,,,
39,6jyxdpg1,,0,15,18,Section_4_5,Conclusion_Section_5,2024-09-17 20:41:09.513362,1,,,0.0,,,,,,,,,,,,,,truywt5k,,,,,0,0.0,https://app.prolific.com/submissions/complete?cc=C1BTHULB,5.0,Quiz,39,,0.0,665d355ffadca0d8dcccd492,1,1,39,,0.0,B,A,D,C,A,A,B,D,B,B,,,0,0.0,1,1,39,,0.0,noisy,random,positive,,Fail,red,20,2,3,Fail Box,1,1,39,,0.0,,,,,,,,,,,,,STEM Track,,0,0.0,3,1,1,39,,0.0,,,,,,,,,,,,,1,1,39,,0.0,0,0,0,0,0,0,0,0,0,false,false,,1,1,,,,,,,,,,,,,,,,,,,,,,,,,,,,,,,,,,,,,,,,,,,,,,,,,,,,,,,,,,,,,,,,,,,,,,,,,,,,,,,,,,,,,,,,,,,,,,,,,,,,,,,,,,,,,,,,,,,,,,,,,,,,,,,,,,,,,,,,,,,,,,,,,,,,,,,,,,,,,,,,,,,,,,,,,,,,,,,,,,,,,,,,,,,,,,,,,,,,,,,,,,,,,,,,,,,,,,,,,,,,,,,,,,,,,,,,,,,,,,,,,,,,,,,,,,,,,,,,,,,,,,,,,,,,,,,,,,,,,,,,,,,,,,,,,,,,,,,,,,,,,,,,,,,,,,,,,,,,,,,,,,,,,,,,,,,,,,,,,,,,,,,,,,,,,,,,,,,,,,,,,,,,,,,,,,,,,,,,,,,,,,,,,,,,,,,,,,,,,,,,,,,,,,,,,,,,,,,,,,,,,,,,,,,,,,,,,,,,,,,,,,,,,,,,,,,,,,,,,,,,,,,,,,,,,,,,,,,,,,,,,,,,,,,,,,,,,,,,,,,,,,,,,,,,,,,,,,,,,,,,,,,,,,,,,,,,,,,,,,,,,,,,,,,,,,,,,,,,,,,,,,,,,,,,,,,,,,,,,,,,,,,,,,,,,,,,,,,,,,,,,,,,,,,,,,,,,,,
40,17lxaqkg,,0,18,18,Section_7,EndSurvey,2024-09-17 20:41:19.331253,1,,,0.0,,,,,,,,,,,,,,truywt5k,,,,,0,0.0,https://app.prolific.com/submissions/complete?cc=C1BTHULB,5.0,Quiz,40,,0.0,665731c5d9459f21dacb1b41,1,1,40,,0.0,D,B,B,C,A,C,C,B,C,B,,,0,0.0,1,1,40,,0.0,noisy,random,ground,,Fail,red,45,4,3,Fail Box,1,1,40,,0.0,D,B,A,C,B,D,A,B,C,D,,,Non-STEM Track,,0,0.0,3,1,1,40,,0.0,R,R,R,R,R,C,C,C,C,C,C,,1,1,40,,0.0,0,0,0,0,0,0,0,0,0,false,false,Non-STEM Track,1,1,,,,,,,,,,,,,,,,,,,,,,,,,,,,,,,,,,,,,,,,,,,,,,,,,,,,,,,,,,,,,,,,,,,,,,,,,,,,,,,,,,,,,,,,,,,,,,,,,,,,,,,,,,,,,,,,,,,,,,,,,,,,,,,,,,,,,,,,,,,,,,,,,,,,,,,,,,,,,,,,,,,,,,,,,,,,,,,,,,,,,,,,,,,,,,,,,,,,,,,,,,,,,,,,,,,,,,,,,,,,,,,,,,,,,,,,,,,,,,,,,,,,,,,,,,,,,,,,,,,,,,,,,,,,,,,,,,,,,,,,,,,,,,,,,,,,,,,,,,,,,,,,,,,,,,,,,,,,,,,,,,,,,,,,,,,,,,,,,,,,,,,,,,,,,,,,,,,,,,,,,,,,,,,,,,,,,,,,,,,,,,,,,,,,,,,,,,,,,,,,,,,,,,,,,,,,,,,,,,,,,,,,,,,,,,,,,,,,,,,,,,,,,,,,,,,,,,,,,,,,,,,,,,,,,,,,,,,,,,,,,,,,,,,,,,,,,,,,,,,,,,,,,,,,,,,,,,,,,,,,,,,,,,,,,,,,,,,,,,,,,,,,,,,,,,,,,,,,,,,,,,,,,,,,,,,,,,,,,,,,,,,,,,,,,,,,,,,,,,,,,,,,,,,,,,,,,,,
41,gztbsrbs,,0,18,18,Section_7,EndSurvey,2024-09-17 20:42:10.309216,1,,,0.0,,,,,,,,,,,,,,truywt5k,,,,,0,0.0,https://app.prolific.com/submissions/complete?cc=C1BTHULB,5.0,Quiz,41,,0.0,5e9d4cea9a706b26f7bd3799,1,1,41,,0.0,A,A,D,B,D,B,,A,,,,,0,0.0,1,1,41,,0.0,noisy,random,ground,,Fail,red,60,5,4,Pass Box,1,1,41,,0.0,B,A,C,C,A,D,C,A,B,C,,,STEM Track,,0,0.0,4,1,1,41,,0.0,R,R,R,R,R,C,C,C,C,C,C,,1,1,41,,0.0,0,0,0,0,0,0,0,0,0,false,false,STEM Track,1,1,,,,,,,,,,,,,,,,,,,,,,,,,,,,,,,,,,,,,,,,,,,,,,,,,,,,,,,,,,,,,,,,,,,,,,,,,,,,,,,,,,,,,,,,,,,,,,,,,,,,,,,,,,,,,,,,,,,,,,,,,,,,,,,,,,,,,,,,,,,,,,,,,,,,,,,,,,,,,,,,,,,,,,,,,,,,,,,,,,,,,,,,,,,,,,,,,,,,,,,,,,,,,,,,,,,,,,,,,,,,,,,,,,,,,,,,,,,,,,,,,,,,,,,,,,,,,,,,,,,,,,,,,,,,,,,,,,,,,,,,,,,,,,,,,,,,,,,,,,,,,,,,,,,,,,,,,,,,,,,,,,,,,,,,,,,,,,,,,,,,,,,,,,,,,,,,,,,,,,,,,,,,,,,,,,,,,,,,,,,,,,,,,,,,,,,,,,,,,,,,,,,,,,,,,,,,,,,,,,,,,,,,,,,,,,,,,,,,,,,,,,,,,,,,,,,,,,,,,,,,,,,,,,,,,,,,,,,,,,,,,,,,,,,,,,,,,,,,,,,,,,,,,,,,,,,,,,,,,,,,,,,,,,,,,,,,,,,,,,,,,,,,,,,,,,,,,,,,,,,,,,,,,,,,,,,,,,,,,,,,,,,,,,,,,,,,,,,,,,,,,,,,,,,,,,,,,,,
42,gw2ra0v3,,0,18,18,Section_7,EndSurvey,2024-09-17 20:42:15.545146,1,,,0.0,,,,,,,,,,,,,,truywt5k,,,,,0,0.0,https://app.prolific.com/submissions/complete?cc=C1BTHULB,5.0,Quiz,42,,0.0,5c113ae4b7fb2f00011a6b7e,1,1,42,,0.0,D,A,B,C,D,B,D,B,C,B,,,0,0.0,1,1,42,,0.0,noisy,random,ground,,Fail,red,25,2,3,Fail Box,1,1,42,,0.0,D,B,A,C,B,D,A,B,C,D,,,Non-STEM Track,,0,0.0,3,1,1,42,,0.0,R,R,R,R,R,C,C,C,C,C,C,,1,1,42,,0.0,0,0,0,0,0,0,0,0,0,false,false,Non-STEM Track,1,1,,,,,,,,,,,,,,,,,,,,,,,,,,,,,,,,,,,,,,,,,,,,,,,,,,,,,,,,,,,,,,,,,,,,,,,,,,,,,,,,,,,,,,,,,,,,,,,,,,,,,,,,,,,,,,,,,,,,,,,,,,,,,,,,,,,,,,,,,,,,,,,,,,,,,,,,,,,,,,,,,,,,,,,,,,,,,,,,,,,,,,,,,,,,,,,,,,,,,,,,,,,,,,,,,,,,,,,,,,,,,,,,,,,,,,,,,,,,,,,,,,,,,,,,,,,,,,,,,,,,,,,,,,,,,,,,,,,,,,,,,,,,,,,,,,,,,,,,,,,,,,,,,,,,,,,,,,,,,,,,,,,,,,,,,,,,,,,,,,,,,,,,,,,,,,,,,,,,,,,,,,,,,,,,,,,,,,,,,,,,,,,,,,,,,,,,,,,,,,,,,,,,,,,,,,,,,,,,,,,,,,,,,,,,,,,,,,,,,,,,,,,,,,,,,,,,,,,,,,,,,,,,,,,,,,,,,,,,,,,,,,,,,,,,,,,,,,,,,,,,,,,,,,,,,,,,,,,,,,,,,,,,,,,,,,,,,,,,,,,,,,,,,,,,,,,,,,,,,,,,,,,,,,,,,,,,,,,,,,,,,,,,,,,,,,,,,,,,,,,,,,,,,,,,,,,,,,,
43,g8e35kl6,,0,18,18,Section_7,EndSurvey,2024-09-17 20:42:29.618670,1,,,0.0,,,,,,,,,,,,,,truywt5k,,,,,0,0.0,https://app.prolific.com/submissions/complete?cc=C1BTHULB,5.0,Quiz,43,,0.0,6282575ebe32fdc6268babc8,1,1,43,,0.0,D,A,D,C,D,B,A,B,A,D,,,0,0.0,1,1,43,,0.0,noisy,random,positive,,Fail,red,50,4,2,Fail Box,1,1,43,,0.0,D,B,A,C,B,D,A,B,C,D,,,Non-STEM Track,,0,0.0,2,1,1,43,,0.0,R,R,R,C,C,C,C,C,C,C,C,,1,1,43,,0.0,0,0,0,0,0,0,0,0,0,false,false,Non-STEM Track,1,1,,,,,,,,,,,,,,,,,,,,,,,,,,,,,,,,,,,,,,,,,,,,,,,,,,,,,,,,,,,,,,,,,,,,,,,,,,,,,,,,,,,,,,,,,,,,,,,,,,,,,,,,,,,,,,,,,,,,,,,,,,,,,,,,,,,,,,,,,,,,,,,,,,,,,,,,,,,,,,,,,,,,,,,,,,,,,,,,,,,,,,,,,,,,,,,,,,,,,,,,,,,,,,,,,,,,,,,,,,,,,,,,,,,,,,,,,,,,,,,,,,,,,,,,,,,,,,,,,,,,,,,,,,,,,,,,,,,,,,,,,,,,,,,,,,,,,,,,,,,,,,,,,,,,,,,,,,,,,,,,,,,,,,,,,,,,,,,,,,,,,,,,,,,,,,,,,,,,,,,,,,,,,,,,,,,,,,,,,,,,,,,,,,,,,,,,,,,,,,,,,,,,,,,,,,,,,,,,,,,,,,,,,,,,,,,,,,,,,,,,,,,,,,,,,,,,,,,,,,,,,,,,,,,,,,,,,,,,,,,,,,,,,,,,,,,,,,,,,,,,,,,,,,,,,,,,,,,,,,,,,,,,,,,,,,,,,,,,,,,,,,,,,,,,,,,,,,,,,,,,,,,,,,,,,,,,,,,,,,,,,,,,,,,,,,,,,,,,,,,,,,,,,,,,,,,,,,,
44,4yupc5ec,,0,18,18,Section_7,EndSurvey,2024-09-17 20:42:31.338859,1,,,0.0,,,,,,,,,,,,,,truywt5k,,,,,0,0.0,https://app.prolific.com/submissions/complete?cc=C1BTHULB,5.0,Quiz,44,,0.0,652c7300f8ceb27a31711cf1,1,1,44,,0.0,B,A,A,D,C,C,B,C,C,A,,,0,0.0,1,1,44,,0.0,noisy,random,ground,,Fail,red,30,2,3,Fail Box,1,1,44,,0.0,A,B,D,C,A,D,C,C,C,A,,,STEM Track,,0,0.0,3,1,1,44,,0.0,R,R,R,R,R,C,C,C,C,C,C,,1,1,44,,0.0,0,0,0,0,0,0,0,0,0,false,false,STEM Track,1,1,,,,,,,,,,,,,,,,,,,,,,,,,,,,,,,,,,,,,,,,,,,,,,,,,,,,,,,,,,,,,,,,,,,,,,,,,,,,,,,,,,,,,,,,,,,,,,,,,,,,,,,,,,,,,,,,,,,,,,,,,,,,,,,,,,,,,,,,,,,,,,,,,,,,,,,,,,,,,,,,,,,,,,,,,,,,,,,,,,,,,,,,,,,,,,,,,,,,,,,,,,,,,,,,,,,,,,,,,,,,,,,,,,,,,,,,,,,,,,,,,,,,,,,,,,,,,,,,,,,,,,,,,,,,,,,,,,,,,,,,,,,,,,,,,,,,,,,,,,,,,,,,,,,,,,,,,,,,,,,,,,,,,,,,,,,,,,,,,,,,,,,,,,,,,,,,,,,,,,,,,,,,,,,,,,,,,,,,,,,,,,,,,,,,,,,,,,,,,,,,,,,,,,,,,,,,,,,,,,,,,,,,,,,,,,,,,,,,,,,,,,,,,,,,,,,,,,,,,,,,,,,,,,,,,,,,,,,,,,,,,,,,,,,,,,,,,,,,,,,,,,,,,,,,,,,,,,,,,,,,,,,,,,,,,,,,,,,,,,,,,,,,,,,,,,,,,,,,,,,,,,,,,,,,,,,,,,,,,,,,,,,,,,,,,,,,,,,,,,,,,,,,,,,,,,,,,,,
45,8wjs7y88,,0,18,18,Section_7,EndSurvey,2024-09-17 20:42:49.107426,1,,,0.0,,,,,,,,,,,,,,truywt5k,,,,,0,0.0,https://app.prolific.com/submissions/complete?cc=C1BTHULB,5.0,Quiz,45,,0.0,5748077a5e5491000e3bf711,1,1,45,,0.0,D,A,A,B,C,B,C,B,B,B,,,6,118.641,1,1,45,,0.0,noisy,random,negative,,Fail,red,30,4,2,Pass Box,1,1,45,,0.0,D,B,A,C,B,D,A,B,C,D,,,Non-STEM Track,,0,0.0,2,1,1,45,,0.0,R,R,R,R,R,C,C,C,C,C,C,,1,1,45,,0.0,0,0,0,0,0,0,0,0,0,false,false,Non-STEM Track,1,1,,,,,,,,,,,,,,,,,,,,,,,,,,,,,,,,,,,,,,,,,,,,,,,,,,,,,,,,,,,,,,,,,,,,,,,,,,,,,,,,,,,,,,,,,,,,,,,,,,,,,,,,,,,,,,,,,,,,,,,,,,,,,,,,,,,,,,,,,,,,,,,,,,,,,,,,,,,,,,,,,,,,,,,,,,,,,,,,,,,,,,,,,,,,,,,,,,,,,,,,,,,,,,,,,,,,,,,,,,,,,,,,,,,,,,,,,,,,,,,,,,,,,,,,,,,,,,,,,,,,,,,,,,,,,,,,,,,,,,,,,,,,,,,,,,,,,,,,,,,,,,,,,,,,,,,,,,,,,,,,,,,,,,,,,,,,,,,,,,,,,,,,,,,,,,,,,,,,,,,,,,,,,,,,,,,,,,,,,,,,,,,,,,,,,,,,,,,,,,,,,,,,,,,,,,,,,,,,,,,,,,,,,,,,,,,,,,,,,,,,,,,,,,,,,,,,,,,,,,,,,,,,,,,,,,,,,,,,,,,,,,,,,,,,,,,,,,,,,,,,,,,,,,,,,,,,,,,,,,,,,,,,,,,,,,,,,,,,,,,,,,,,,,,,,,,,,,,,,,,,,,,,,,,,,,,,,,,,,,,,,,,,,,,,,,,,,,,,,,,,,,,,,,,,,,,,,,,
46,4jljkrqt,,0,1,18,Intro,Intro,2024-09-17 20:43:21.847611,1,,,0.0,,,,,,,,,,,,,,truywt5k,,,,,0,0.0,https://app.prolific.com/submissions/complete?cc=C1BTHULB,5.0,Quiz,46,,0.0,,1,1,46,,0.0,,,,,,,,,,,,,,,1,1,46,,0.0,,,,,,,,,,,1,1,46,,0.0,,,,,,,,,,,,,,,,,,1,1,46,,0.0,,,,,,,,,,,,,1,1,46,,0.0,0,0,0,0,0,0,0,0,0,false,false,,1,1,,,,,,,,,,,,,,,,,,,,,,,,,,,,,,,,,,,,,,,,,,,,,,,,,,,,,,,,,,,,,,,,,,,,,,,,,,,,,,,,,,,,,,,,,,,,,,,,,,,,,,,,,,,,,,,,,,,,,,,,,,,,,,,,,,,,,,,,,,,,,,,,,,,,,,,,,,,,,,,,,,,,,,,,,,,,,,,,,,,,,,,,,,,,,,,,,,,,,,,,,,,,,,,,,,,,,,,,,,,,,,,,,,,,,,,,,,,,,,,,,,,,,,,,,,,,,,,,,,,,,,,,,,,,,,,,,,,,,,,,,,,,,,,,,,,,,,,,,,,,,,,,,,,,,,,,,,,,,,,,,,,,,,,,,,,,,,,,,,,,,,,,,,,,,,,,,,,,,,,,,,,,,,,,,,,,,,,,,,,,,,,,,,,,,,,,,,,,,,,,,,,,,,,,,,,,,,,,,,,,,,,,,,,,,,,,,,,,,,,,,,,,,,,,,,,,,,,,,,,,,,,,,,,,,,,,,,,,,,,,,,,,,,,,,,,,,,,,,,,,,,,,,,,,,,,,,,,,,,,,,,,,,,,,,,,,,,,,,,,,,,,,,,,,,,,,,,,,,,,,,,,,,,,,,,,,,,,,,,,,,,,,,,,,,,,,,,,,,,,,,,,,,,,,,,,,,,,
47,nb1ikfd3,,0,18,18,Section_7,EndSurvey,2024-09-17 20:43:39.127779,1,,,0.0,,,,,,,,,,,,,,truywt5k,,,,,0,0.0,https://app.prolific.com/submissions/complete?cc=C1BTHULB,5.0,Quiz,47,,0.0,5d99f1a45a1126001c5c0a84,1,1,47,,0.0,A,D,B,B,C,D,A,D,C,B,,,2,29.604,1,1,47,,0.0,noisy,random,ground,,Fail,red,53,3,4,Fail Box,1,1,47,,0.0,D,B,A,C,B,D,A,B,C,D,,,Non-STEM Track,,0,0.0,4,1,1,47,,0.0,R,R,R,R,R,C,C,C,C,C,C,,1,1,47,,0.0,0,0,0,0,0,0,0,0,0,false,false,Non-STEM Track,1,1,,,,,,,,,,,,,,,,,,,,,,,,,,,,,,,,,,,,,,,,,,,,,,,,,,,,,,,,,,,,,,,,,,,,,,,,,,,,,,,,,,,,,,,,,,,,,,,,,,,,,,,,,,,,,,,,,,,,,,,,,,,,,,,,,,,,,,,,,,,,,,,,,,,,,,,,,,,,,,,,,,,,,,,,,,,,,,,,,,,,,,,,,,,,,,,,,,,,,,,,,,,,,,,,,,,,,,,,,,,,,,,,,,,,,,,,,,,,,,,,,,,,,,,,,,,,,,,,,,,,,,,,,,,,,,,,,,,,,,,,,,,,,,,,,,,,,,,,,,,,,,,,,,,,,,,,,,,,,,,,,,,,,,,,,,,,,,,,,,,,,,,,,,,,,,,,,,,,,,,,,,,,,,,,,,,,,,,,,,,,,,,,,,,,,,,,,,,,,,,,,,,,,,,,,,,,,,,,,,,,,,,,,,,,,,,,,,,,,,,,,,,,,,,,,,,,,,,,,,,,,,,,,,,,,,,,,,,,,,,,,,,,,,,,,,,,,,,,,,,,,,,,,,,,,,,,,,,,,,,,,,,,,,,,,,,,,,,,,,,,,,,,,,,,,,,,,,,,,,,,,,,,,,,,,,,,,,,,,,,,,,,,,,,,,,,,,,,,,,,,,,,,,,,,,,,,,,,
48,1oxmitqx,,0,18,18,Section_7,EndSurvey,2024-09-17 20:44:19.153129,1,,,0.0,,,,,,,,,,,,,,truywt5k,,,,,0,0.0,https://app.prolific.com/submissions/complete?cc=C1BTHULB,5.0,Quiz,48,,0.0,660dde2ea4ccc7fca5fbbedb,1,1,48,,0.0,B,D,D,C,B,D,A,C,B,C,,,0,0.0,1,1,48,,0.0,noisy,random,ground,,Fail,red,10,1,1,Fail Box,1,1,48,,0.0,D,B,A,C,B,D,A,B,C,D,,,Non-STEM Track,,0,0.0,1,1,1,48,,0.0,R,R,R,R,R,C,C,C,C,C,C,,1,1,48,,0.0,0,0,0,0,0,0,0,0,0,false,false,Non-STEM Track,1,1,,,,,,,,,,,,,,,,,,,,,,,,,,,,,,,,,,,,,,,,,,,,,,,,,,,,,,,,,,,,,,,,,,,,,,,,,,,,,,,,,,,,,,,,,,,,,,,,,,,,,,,,,,,,,,,,,,,,,,,,,,,,,,,,,,,,,,,,,,,,,,,,,,,,,,,,,,,,,,,,,,,,,,,,,,,,,,,,,,,,,,,,,,,,,,,,,,,,,,,,,,,,,,,,,,,,,,,,,,,,,,,,,,,,,,,,,,,,,,,,,,,,,,,,,,,,,,,,,,,,,,,,,,,,,,,,,,,,,,,,,,,,,,,,,,,,,,,,,,,,,,,,,,,,,,,,,,,,,,,,,,,,,,,,,,,,,,,,,,,,,,,,,,,,,,,,,,,,,,,,,,,,,,,,,,,,,,,,,,,,,,,,,,,,,,,,,,,,,,,,,,,,,,,,,,,,,,,,,,,,,,,,,,,,,,,,,,,,,,,,,,,,,,,,,,,,,,,,,,,,,,,,,,,,,,,,,,,,,,,,,,,,,,,,,,,,,,,,,,,,,,,,,,,,,,,,,,,,,,,,,,,,,,,,,,,,,,,,,,,,,,,,,,,,,,,,,,,,,,,,,,,,,,,,,,,,,,,,,,,,,,,,,,,,,,,,,,,,,,,,,,,,,,,,,,,,,,,
49,nwlgfz8d,,0,18,18,Section_7,EndSurvey,2024-09-17 20:44:35.744833,1,,,0.0,,,,,,,,,,,,,,truywt5k,,,,,0,0.0,https://app.prolific.com/submissions/complete?cc=C1BTHULB,5.0,Quiz,49,,0.0,66e9aff7ec064619b07b8ea8,1,1,49,,0.0,D,B,B,C,B,B,B,B,C,A,,,0,0.0,1,1,49,,0.0,noisy,random,positive,,Fail,red,51,4,5,Pass Box,1,1,49,,0.0,B,C,A,C,D,D,C,B,D,C,,,STEM Track,,0,0.0,5,1,1,49,,0.0,R,R,R,R,R,R,C,C,C,C,C,,1,1,49,,0.0,0,0,0,0,0,0,0,0,0,false,false,STEM Track,1,1,,,,,,,,,,,,,,,,,,,,,,,,,,,,,,,,,,,,,,,,,,,,,,,,,,,,,,,,,,,,,,,,,,,,,,,,,,,,,,,,,,,,,,,,,,,,,,,,,,,,,,,,,,,,,,,,,,,,,,,,,,,,,,,,,,,,,,,,,,,,,,,,,,,,,,,,,,,,,,,,,,,,,,,,,,,,,,,,,,,,,,,,,,,,,,,,,,,,,,,,,,,,,,,,,,,,,,,,,,,,,,,,,,,,,,,,,,,,,,,,,,,,,,,,,,,,,,,,,,,,,,,,,,,,,,,,,,,,,,,,,,,,,,,,,,,,,,,,,,,,,,,,,,,,,,,,,,,,,,,,,,,,,,,,,,,,,,,,,,,,,,,,,,,,,,,,,,,,,,,,,,,,,,,,,,,,,,,,,,,,,,,,,,,,,,,,,,,,,,,,,,,,,,,,,,,,,,,,,,,,,,,,,,,,,,,,,,,,,,,,,,,,,,,,,,,,,,,,,,,,,,,,,,,,,,,,,,,,,,,,,,,,,,,,,,,,,,,,,,,,,,,,,,,,,,,,,,,,,,,,,,,,,,,,,,,,,,,,,,,,,,,,,,,,,,,,,,,,,,,,,,,,,,,,,,,,,,,,,,,,,,,,,,,,,,,,,,,,,,,,,,,,,,,,,,,,,,,
50,2rkarity,,0,18,18,Section_7,EndSurvey,2024-09-17 20:44:44.662028,1,,,0.0,,,,,,,,,,,,,,truywt5k,,,,,0,0.0,https://app.prolific.com/submissions/complete?cc=C1BTHULB,5.0,Quiz,50,,0.0,66e9a6cf278a9806ebe7bd0b,1,1,50,,0.0,B,A,A,B,A,C,A,A,A,A,,,0,0.0,1,1,50,,0.0,noisy,random,positive,,Fail,red,30,4,5,Fail Box,1,1,50,,0.0,D,B,A,C,B,B,A,C,C,D,,,Non-STEM Track,,0,0.0,5,1,1,50,,0.0,R,R,R,R,R,C,C,C,C,C,C,,1,1,50,,0.0,0,0,0,0,0,0,0,0,0,false,false,Non-STEM Track,1,1,,,,,,,,,,,,,,,,,,,,,,,,,,,,,,,,,,,,,,,,,,,,,,,,,,,,,,,,,,,,,,,,,,,,,,,,,,,,,,,,,,,,,,,,,,,,,,,,,,,,,,,,,,,,,,,,,,,,,,,,,,,,,,,,,,,,,,,,,,,,,,,,,,,,,,,,,,,,,,,,,,,,,,,,,,,,,,,,,,,,,,,,,,,,,,,,,,,,,,,,,,,,,,,,,,,,,,,,,,,,,,,,,,,,,,,,,,,,,,,,,,,,,,,,,,,,,,,,,,,,,,,,,,,,,,,,,,,,,,,,,,,,,,,,,,,,,,,,,,,,,,,,,,,,,,,,,,,,,,,,,,,,,,,,,,,,,,,,,,,,,,,,,,,,,,,,,,,,,,,,,,,,,,,,,,,,,,,,,,,,,,,,,,,,,,,,,,,,,,,,,,,,,,,,,,,,,,,,,,,,,,,,,,,,,,,,,,,,,,,,,,,,,,,,,,,,,,,,,,,,,,,,,,,,,,,,,,,,,,,,,,,,,,,,,,,,,,,,,,,,,,,,,,,,,,,,,,,,,,,,,,,,,,,,,,,,,,,,,,,,,,,,,,,,,,,,,,,,,,,,,,,,,,,,,,,,,,,,,,,,,,,,,,,,,,,,,,,,,,,,,,,,,,,,,,,,,,,
51,t4nicoz3,,0,2,18,Section_1,Intro,2024-09-17 20:46:01.263655,1,,,0.0,,,,,,,,,,,,,,truywt5k,,,,,0,0.0,https://app.prolific.com/submissions/complete?cc=C1BTHULB,5.0,Quiz,51,,0.0,5c64c326c2629c000143bf6f,1,1,51,,0.0,,,,,,,,,,,,,,,1,1,51,,0.0,,,,,,,,,,,1,1,51,,0.0,,,,,,,,,,,,,,,,,,1,1,51,,0.0,,,,,,,,,,,,,1,1,51,,0.0,0,0,0,0,0,0,0,0,0,false,false,,1,1,,,,,,,,,,,,,,,,,,,,,,,,,,,,,,,,,,,,,,,,,,,,,,,,,,,,,,,,,,,,,,,,,,,,,,,,,,,,,,,,,,,,,,,,,,,,,,,,,,,,,,,,,,,,,,,,,,,,,,,,,,,,,,,,,,,,,,,,,,,,,,,,,,,,,,,,,,,,,,,,,,,,,,,,,,,,,,,,,,,,,,,,,,,,,,,,,,,,,,,,,,,,,,,,,,,,,,,,,,,,,,,,,,,,,,,,,,,,,,,,,,,,,,,,,,,,,,,,,,,,,,,,,,,,,,,,,,,,,,,,,,,,,,,,,,,,,,,,,,,,,,,,,,,,,,,,,,,,,,,,,,,,,,,,,,,,,,,,,,,,,,,,,,,,,,,,,,,,,,,,,,,,,,,,,,,,,,,,,,,,,,,,,,,,,,,,,,,,,,,,,,,,,,,,,,,,,,,,,,,,,,,,,,,,,,,,,,,,,,,,,,,,,,,,,,,,,,,,,,,,,,,,,,,,,,,,,,,,,,,,,,,,,,,,,,,,,,,,,,,,,,,,,,,,,,,,,,,,,,,,,,,,,,,,,,,,,,,,,,,,,,,,,,,,,,,,,,,,,,,,,,,,,,,,,,,,,,,,,,,,,,,,,,,,,,,,,,,,,,,,,,,,,,,,,,,,,,,
52,2lrxnyd4,,0,18,18,Section_7,EndSurvey,2024-09-17 20:46:45.619157,1,,,0.0,,,,,,,,,,,,,,truywt5k,,,,,0,0.0,https://app.prolific.com/submissions/complete?cc=C1BTHULB,5.0,Quiz,52,,0.0,60883f3787067378cdf11fe1,1,1,52,,0.0,A,C,B,C,C,B,D,A,A,B,,,0,0.0,1,1,52,,0.0,noisy,random,positive,,Fail,red,25,2,4,Fail Box,1,1,52,,0.0,D,D,A,C,B,B,A,D,C,C,,,Non-STEM Track,,0,0.0,4,1,1,52,,0.0,R,R,R,R,R,R,R,R,C,C,C,,1,1,52,,0.0,0,0,0,0,0,0,0,0,0,false,false,Non-STEM Track,1,1,,,,,,,,,,,,,,,,,,,,,,,,,,,,,,,,,,,,,,,,,,,,,,,,,,,,,,,,,,,,,,,,,,,,,,,,,,,,,,,,,,,,,,,,,,,,,,,,,,,,,,,,,,,,,,,,,,,,,,,,,,,,,,,,,,,,,,,,,,,,,,,,,,,,,,,,,,,,,,,,,,,,,,,,,,,,,,,,,,,,,,,,,,,,,,,,,,,,,,,,,,,,,,,,,,,,,,,,,,,,,,,,,,,,,,,,,,,,,,,,,,,,,,,,,,,,,,,,,,,,,,,,,,,,,,,,,,,,,,,,,,,,,,,,,,,,,,,,,,,,,,,,,,,,,,,,,,,,,,,,,,,,,,,,,,,,,,,,,,,,,,,,,,,,,,,,,,,,,,,,,,,,,,,,,,,,,,,,,,,,,,,,,,,,,,,,,,,,,,,,,,,,,,,,,,,,,,,,,,,,,,,,,,,,,,,,,,,,,,,,,,,,,,,,,,,,,,,,,,,,,,,,,,,,,,,,,,,,,,,,,,,,,,,,,,,,,,,,,,,,,,,,,,,,,,,,,,,,,,,,,,,,,,,,,,,,,,,,,,,,,,,,,,,,,,,,,,,,,,,,,,,,,,,,,,,,,,,,,,,,,,,,,,,,,,,,,,,,,,,,,,,,,,,,,,,,,,,
53,uj4y749y,,0,18,18,Section_7,EndSurvey,2024-09-17 20:47:17.643404,1,,,0.0,,,,,,,,,,,,,,truywt5k,,,,,0,0.0,https://app.prolific.com/submissions/complete?cc=C1BTHULB,5.0,Quiz,53,,0.0,62850929d863bbcde0ef538b,1,1,53,,0.0,D,A,B,C,C,B,D,B,C,D,,,0,0.0,1,1,53,,0.0,noisy,random,positive,,Fail,red,10,2,3,Fail Box,1,1,53,,0.0,D,B,A,C,B,D,A,B,C,D,,,Non-STEM Track,,0,0.0,3,1,1,53,,0.0,R,R,R,R,R,R,C,C,C,C,C,,1,1,53,,0.0,0,0,0,0,0,0,0,0,0,false,false,Non-STEM Track,1,1,,,,,,,,,,,,,,,,,,,,,,,,,,,,,,,,,,,,,,,,,,,,,,,,,,,,,,,,,,,,,,,,,,,,,,,,,,,,,,,,,,,,,,,,,,,,,,,,,,,,,,,,,,,,,,,,,,,,,,,,,,,,,,,,,,,,,,,,,,,,,,,,,,,,,,,,,,,,,,,,,,,,,,,,,,,,,,,,,,,,,,,,,,,,,,,,,,,,,,,,,,,,,,,,,,,,,,,,,,,,,,,,,,,,,,,,,,,,,,,,,,,,,,,,,,,,,,,,,,,,,,,,,,,,,,,,,,,,,,,,,,,,,,,,,,,,,,,,,,,,,,,,,,,,,,,,,,,,,,,,,,,,,,,,,,,,,,,,,,,,,,,,,,,,,,,,,,,,,,,,,,,,,,,,,,,,,,,,,,,,,,,,,,,,,,,,,,,,,,,,,,,,,,,,,,,,,,,,,,,,,,,,,,,,,,,,,,,,,,,,,,,,,,,,,,,,,,,,,,,,,,,,,,,,,,,,,,,,,,,,,,,,,,,,,,,,,,,,,,,,,,,,,,,,,,,,,,,,,,,,,,,,,,,,,,,,,,,,,,,,,,,,,,,,,,,,,,,,,,,,,,,,,,,,,,,,,,,,,,,,,,,,,,,,,,,,,,,,,,,,,,,,,,,,,,,,,,,
54,ilwefy5x,,0,18,18,Section_7,EndSurvey,2024-09-17 20:47:58.020568,1,,,0.0,,,,,,,,,,,,,,truywt5k,,,,,0,0.0,https://app.prolific.com/submissions/complete?cc=C1BTHULB,5.0,Quiz,54,,0.0,5b75d448be28580001b5a603,1,1,54,,0.0,D,A,C,C,B,A,D,D,,,,,0,0.0,1,1,54,,0.0,noisy,random,negative,,Fail,red,60,5,6,Not Sure,1,1,54,,0.0,B,A,C,C,A,D,C,A,D,C,,,STEM Track,,0,0.0,6,1,1,54,,0.0,R,R,R,R,R,C,C,C,C,C,C,,1,1,54,,0.0,0,0,0,0,0,0,0,0,0,false,false,STEM Track,1,1,,,,,,,,,,,,,,,,,,,,,,,,,,,,,,,,,,,,,,,,,,,,,,,,,,,,,,,,,,,,,,,,,,,,,,,,,,,,,,,,,,,,,,,,,,,,,,,,,,,,,,,,,,,,,,,,,,,,,,,,,,,,,,,,,,,,,,,,,,,,,,,,,,,,,,,,,,,,,,,,,,,,,,,,,,,,,,,,,,,,,,,,,,,,,,,,,,,,,,,,,,,,,,,,,,,,,,,,,,,,,,,,,,,,,,,,,,,,,,,,,,,,,,,,,,,,,,,,,,,,,,,,,,,,,,,,,,,,,,,,,,,,,,,,,,,,,,,,,,,,,,,,,,,,,,,,,,,,,,,,,,,,,,,,,,,,,,,,,,,,,,,,,,,,,,,,,,,,,,,,,,,,,,,,,,,,,,,,,,,,,,,,,,,,,,,,,,,,,,,,,,,,,,,,,,,,,,,,,,,,,,,,,,,,,,,,,,,,,,,,,,,,,,,,,,,,,,,,,,,,,,,,,,,,,,,,,,,,,,,,,,,,,,,,,,,,,,,,,,,,,,,,,,,,,,,,,,,,,,,,,,,,,,,,,,,,,,,,,,,,,,,,,,,,,,,,,,,,,,,,,,,,,,,,,,,,,,,,,,,,,,,,,,,,,,,,,,,,,,,,,,,,,,,,,,,,,,,
55,4u0v533l,,0,18,18,Section_7,EndSurvey,2024-09-17 20:48:32.081409,1,,,0.0,,,,,,,,,,,,,,truywt5k,,,,,0,0.0,https://app.prolific.com/submissions/complete?cc=C1BTHULB,5.0,Quiz,55,,0.0,65d9316cb5c95ac38aee3856,1,1,55,,0.0,C,D,D,B,B,C,A,D,B,B,,,1,1.979,1,1,55,,0.0,noisy,random,ground,,Fail,red,40,4,3,Fail Box,1,1,55,,0.0,D,B,A,C,B,D,A,B,C,D,,,Non-STEM Track,,0,0.0,3,1,1,55,,0.0,R,R,R,R,R,R,R,R,C,C,C,,1,1,55,,0.0,0,0,0,0,0,0,0,0,0,false,false,Non-STEM Track,1,1,,,,,,,,,,,,,,,,,,,,,,,,,,,,,,,,,,,,,,,,,,,,,,,,,,,,,,,,,,,,,,,,,,,,,,,,,,,,,,,,,,,,,,,,,,,,,,,,,,,,,,,,,,,,,,,,,,,,,,,,,,,,,,,,,,,,,,,,,,,,,,,,,,,,,,,,,,,,,,,,,,,,,,,,,,,,,,,,,,,,,,,,,,,,,,,,,,,,,,,,,,,,,,,,,,,,,,,,,,,,,,,,,,,,,,,,,,,,,,,,,,,,,,,,,,,,,,,,,,,,,,,,,,,,,,,,,,,,,,,,,,,,,,,,,,,,,,,,,,,,,,,,,,,,,,,,,,,,,,,,,,,,,,,,,,,,,,,,,,,,,,,,,,,,,,,,,,,,,,,,,,,,,,,,,,,,,,,,,,,,,,,,,,,,,,,,,,,,,,,,,,,,,,,,,,,,,,,,,,,,,,,,,,,,,,,,,,,,,,,,,,,,,,,,,,,,,,,,,,,,,,,,,,,,,,,,,,,,,,,,,,,,,,,,,,,,,,,,,,,,,,,,,,,,,,,,,,,,,,,,,,,,,,,,,,,,,,,,,,,,,,,,,,,,,,,,,,,,,,,,,,,,,,,,,,,,,,,,,,,,,,,,,,,,,,,,,,,,,,,,,,,,,,,,,,,,,,,
56,az09yneo,,0,4,18,Section_1,Conclusion,2024-09-17 20:49:50.031727,1,,,0.0,,,,,,,,,,,,,,truywt5k,,,,,0,0.0,https://app.prolific.com/submissions/complete?cc=C1BTHULB,5.0,Quiz,56,,0.0,657e9e4a33c7028e7427cbaf,1,1,56,,0.0,,,,,,,,,,,,,0,0.0,1,1,56,,0.0,,,,,,,,,,,1,1,56,,0.0,,,,,,,,,,,,,,,,,,1,1,56,,0.0,,,,,,,,,,,,,1,1,56,,0.0,0,0,0,0,0,0,0,0,0,false,false,,1,1,,,,,,,,,,,,,,,,,,,,,,,,,,,,,,,,,,,,,,,,,,,,,,,,,,,,,,,,,,,,,,,,,,,,,,,,,,,,,,,,,,,,,,,,,,,,,,,,,,,,,,,,,,,,,,,,,,,,,,,,,,,,,,,,,,,,,,,,,,,,,,,,,,,,,,,,,,,,,,,,,,,,,,,,,,,,,,,,,,,,,,,,,,,,,,,,,,,,,,,,,,,,,,,,,,,,,,,,,,,,,,,,,,,,,,,,,,,,,,,,,,,,,,,,,,,,,,,,,,,,,,,,,,,,,,,,,,,,,,,,,,,,,,,,,,,,,,,,,,,,,,,,,,,,,,,,,,,,,,,,,,,,,,,,,,,,,,,,,,,,,,,,,,,,,,,,,,,,,,,,,,,,,,,,,,,,,,,,,,,,,,,,,,,,,,,,,,,,,,,,,,,,,,,,,,,,,,,,,,,,,,,,,,,,,,,,,,,,,,,,,,,,,,,,,,,,,,,,,,,,,,,,,,,,,,,,,,,,,,,,,,,,,,,,,,,,,,,,,,,,,,,,,,,,,,,,,,,,,,,,,,,,,,,,,,,,,,,,,,,,,,,,,,,,,,,,,,,,,,,,,,,,,,,,,,,,,,,,,,,,,,,,,,,,,,,,,,,,,,,,,,,,,,,,,,,,,,,
57,rjrp355p,,0,18,18,Section_7,EndSurvey,2024-09-17 20:50:07.980139,1,,,0.0,,,,,,,,,,,,,,truywt5k,,,,,0,0.0,https://app.prolific.com/submissions/complete?cc=C1BTHULB,5.0,Quiz,57,,0.0,63d7f3f4e50de685d3d5b4fb,1,1,57,,0.0,C,A,C,D,C,B,C,C,C,A,,,0,0.0,1,1,57,,0.0,noisy,random,negative,,Fail,red,75,5,4,Fail Box,1,1,57,,0.0,D,B,A,C,B,D,A,B,C,D,,,Non-STEM Track,,0,0.0,4,1,1,57,,0.0,R,R,R,R,C,C,C,C,C,C,C,,1,1,57,,0.0,0,0,0,0,0,0,0,0,0,false,false,Non-STEM Track,1,1,,,,,,,,,,,,,,,,,,,,,,,,,,,,,,,,,,,,,,,,,,,,,,,,,,,,,,,,,,,,,,,,,,,,,,,,,,,,,,,,,,,,,,,,,,,,,,,,,,,,,,,,,,,,,,,,,,,,,,,,,,,,,,,,,,,,,,,,,,,,,,,,,,,,,,,,,,,,,,,,,,,,,,,,,,,,,,,,,,,,,,,,,,,,,,,,,,,,,,,,,,,,,,,,,,,,,,,,,,,,,,,,,,,,,,,,,,,,,,,,,,,,,,,,,,,,,,,,,,,,,,,,,,,,,,,,,,,,,,,,,,,,,,,,,,,,,,,,,,,,,,,,,,,,,,,,,,,,,,,,,,,,,,,,,,,,,,,,,,,,,,,,,,,,,,,,,,,,,,,,,,,,,,,,,,,,,,,,,,,,,,,,,,,,,,,,,,,,,,,,,,,,,,,,,,,,,,,,,,,,,,,,,,,,,,,,,,,,,,,,,,,,,,,,,,,,,,,,,,,,,,,,,,,,,,,,,,,,,,,,,,,,,,,,,,,,,,,,,,,,,,,,,,,,,,,,,,,,,,,,,,,,,,,,,,,,,,,,,,,,,,,,,,,,,,,,,,,,,,,,,,,,,,,,,,,,,,,,,,,,,,,,,,,,,,,,,,,,,,,,,,,,,,,,,,,,,,,
58,4dgawhzc,,0,18,18,Section_7,EndSurvey,2024-09-17 20:50:14.998973,1,,,0.0,,,,,,,,,,,,,,truywt5k,,,,,0,0.0,https://app.prolific.com/submissions/complete?cc=C1BTHULB,5.0,Quiz,58,,0.0,611f07e8d31eb6064d7009f2,1,1,58,,0.0,B,C,A,D,B,B,B,A,C,A,,,0,0.0,1,1,58,,0.0,noisy,random,positive,,Fail,red,29,0,2,Pass Box,1,1,58,,0.0,A,A,C,B,D,A,C,A,D,C,,,STEM Track,,0,0.0,2,1,1,58,,0.0,R,R,R,R,R,C,C,C,C,C,C,,1,1,58,,0.0,0,0,0,0,0,0,0,0,0,false,false,STEM Track,1,1,,,,,,,,,,,,,,,,,,,,,,,,,,,,,,,,,,,,,,,,,,,,,,,,,,,,,,,,,,,,,,,,,,,,,,,,,,,,,,,,,,,,,,,,,,,,,,,,,,,,,,,,,,,,,,,,,,,,,,,,,,,,,,,,,,,,,,,,,,,,,,,,,,,,,,,,,,,,,,,,,,,,,,,,,,,,,,,,,,,,,,,,,,,,,,,,,,,,,,,,,,,,,,,,,,,,,,,,,,,,,,,,,,,,,,,,,,,,,,,,,,,,,,,,,,,,,,,,,,,,,,,,,,,,,,,,,,,,,,,,,,,,,,,,,,,,,,,,,,,,,,,,,,,,,,,,,,,,,,,,,,,,,,,,,,,,,,,,,,,,,,,,,,,,,,,,,,,,,,,,,,,,,,,,,,,,,,,,,,,,,,,,,,,,,,,,,,,,,,,,,,,,,,,,,,,,,,,,,,,,,,,,,,,,,,,,,,,,,,,,,,,,,,,,,,,,,,,,,,,,,,,,,,,,,,,,,,,,,,,,,,,,,,,,,,,,,,,,,,,,,,,,,,,,,,,,,,,,,,,,,,,,,,,,,,,,,,,,,,,,,,,,,,,,,,,,,,,,,,,,,,,,,,,,,,,,,,,,,,,,,,,,,,,,,,,,,,,,,,,,,,,,,,,,,,,,,,,
59,0zcvug9l,,0,18,18,Section_7,EndSurvey,2024-09-17 20:50:26.770172,1,,,0.0,,,,,,,,,,,,,,truywt5k,,,,,0,0.0,https://app.prolific.com/submissions/complete?cc=C1BTHULB,5.0,Quiz,59,,0.0,6650fecf2c8ca66c1c78dcf7,1,1,59,,0.0,C,A,B,B,C,B,C,C,B,B,,,0,0.0,1,1,59,,0.0,noisy,random,positive,,Fail,red,50,2,4,Pass Box,1,1,59,,0.0,B,A,B,B,A,A,B,C,B,B,,,STEM Track,,0,0.0,4,1,1,59,,0.0,R,R,R,R,R,R,R,R,R,R,R,,1,1,59,,0.0,0,0,0,0,0,0,0,0,0,false,false,STEM Track,1,1,,,,,,,,,,,,,,,,,,,,,,,,,,,,,,,,,,,,,,,,,,,,,,,,,,,,,,,,,,,,,,,,,,,,,,,,,,,,,,,,,,,,,,,,,,,,,,,,,,,,,,,,,,,,,,,,,,,,,,,,,,,,,,,,,,,,,,,,,,,,,,,,,,,,,,,,,,,,,,,,,,,,,,,,,,,,,,,,,,,,,,,,,,,,,,,,,,,,,,,,,,,,,,,,,,,,,,,,,,,,,,,,,,,,,,,,,,,,,,,,,,,,,,,,,,,,,,,,,,,,,,,,,,,,,,,,,,,,,,,,,,,,,,,,,,,,,,,,,,,,,,,,,,,,,,,,,,,,,,,,,,,,,,,,,,,,,,,,,,,,,,,,,,,,,,,,,,,,,,,,,,,,,,,,,,,,,,,,,,,,,,,,,,,,,,,,,,,,,,,,,,,,,,,,,,,,,,,,,,,,,,,,,,,,,,,,,,,,,,,,,,,,,,,,,,,,,,,,,,,,,,,,,,,,,,,,,,,,,,,,,,,,,,,,,,,,,,,,,,,,,,,,,,,,,,,,,,,,,,,,,,,,,,,,,,,,,,,,,,,,,,,,,,,,,,,,,,,,,,,,,,,,,,,,,,,,,,,,,,,,,,,,,,,,,,,,,,,,,,,,,,,,,,,,,,,,,,,
60,hk3hbgma,,0,18,18,Section_7,EndSurvey,2024-09-17 20:51:11.094357,1,,,0.0,,,,,,,,,,,,,,truywt5k,,,,,0,0.0,https://app.prolific.com/submissions/complete?cc=C1BTHULB,5.0,Quiz,60,,0.0,65f5cfcb8f9ee4e035af51c6,1,1,60,,0.0,B,A,B,A,C,C,D,A,B,C,,,1,61.488,1,1,60,,0.0,noisy,random,negative,,Fail,red,50,6,5,Fail Box,1,1,60,,0.0,D,B,A,C,B,D,A,B,C,D,,,Non-STEM Track,,0,0.0,5,1,1,60,,0.0,C,R,R,R,C,C,C,C,C,C,C,,1,1,60,,0.0,0,0,0,0,0,0,0,0,0,false,false,Non-STEM Track,1,1,,,,,,,,,,,,,,,,,,,,,,,,,,,,,,,,,,,,,,,,,,,,,,,,,,,,,,,,,,,,,,,,,,,,,,,,,,,,,,,,,,,,,,,,,,,,,,,,,,,,,,,,,,,,,,,,,,,,,,,,,,,,,,,,,,,,,,,,,,,,,,,,,,,,,,,,,,,,,,,,,,,,,,,,,,,,,,,,,,,,,,,,,,,,,,,,,,,,,,,,,,,,,,,,,,,,,,,,,,,,,,,,,,,,,,,,,,,,,,,,,,,,,,,,,,,,,,,,,,,,,,,,,,,,,,,,,,,,,,,,,,,,,,,,,,,,,,,,,,,,,,,,,,,,,,,,,,,,,,,,,,,,,,,,,,,,,,,,,,,,,,,,,,,,,,,,,,,,,,,,,,,,,,,,,,,,,,,,,,,,,,,,,,,,,,,,,,,,,,,,,,,,,,,,,,,,,,,,,,,,,,,,,,,,,,,,,,,,,,,,,,,,,,,,,,,,,,,,,,,,,,,,,,,,,,,,,,,,,,,,,,,,,,,,,,,,,,,,,,,,,,,,,,,,,,,,,,,,,,,,,,,,,,,,,,,,,,,,,,,,,,,,,,,,,,,,,,,,,,,,,,,,,,,,,,,,,,,,,,,,,,,,,,,,,,,,,,,,,,,,,,,,,,,,,,,,,,,
61,kpk05221,,0,2,18,Section_1,Intro,2024-09-17 20:53:02.533517,1,,,0.0,,,,,,,,,,,,,,truywt5k,,,,,0,0.0,https://app.prolific.com/submissions/complete?cc=C1BTHULB,5.0,Quiz,61,,0.0,CJVYY1IB,1,1,61,,0.0,,,,,,,,,,,,,,,1,1,61,,0.0,,,,,,,,,,,1,1,61,,0.0,,,,,,,,,,,,,,,,,,1,1,61,,0.0,,,,,,,,,,,,,1,1,61,,0.0,0,0,0,0,0,0,0,0,0,false,false,,1,1,,,,,,,,,,,,,,,,,,,,,,,,,,,,,,,,,,,,,,,,,,,,,,,,,,,,,,,,,,,,,,,,,,,,,,,,,,,,,,,,,,,,,,,,,,,,,,,,,,,,,,,,,,,,,,,,,,,,,,,,,,,,,,,,,,,,,,,,,,,,,,,,,,,,,,,,,,,,,,,,,,,,,,,,,,,,,,,,,,,,,,,,,,,,,,,,,,,,,,,,,,,,,,,,,,,,,,,,,,,,,,,,,,,,,,,,,,,,,,,,,,,,,,,,,,,,,,,,,,,,,,,,,,,,,,,,,,,,,,,,,,,,,,,,,,,,,,,,,,,,,,,,,,,,,,,,,,,,,,,,,,,,,,,,,,,,,,,,,,,,,,,,,,,,,,,,,,,,,,,,,,,,,,,,,,,,,,,,,,,,,,,,,,,,,,,,,,,,,,,,,,,,,,,,,,,,,,,,,,,,,,,,,,,,,,,,,,,,,,,,,,,,,,,,,,,,,,,,,,,,,,,,,,,,,,,,,,,,,,,,,,,,,,,,,,,,,,,,,,,,,,,,,,,,,,,,,,,,,,,,,,,,,,,,,,,,,,,,,,,,,,,,,,,,,,,,,,,,,,,,,,,,,,,,,,,,,,,,,,,,,,,,,,,,,,,,,,,,,,,,,,,,,,,,,,,,,,,
62,xqh303hj,,0,18,18,Section_7,EndSurvey,2024-09-17 20:53:26.551858,1,,,0.0,,,,,,,,,,,,,,truywt5k,,,,,0,0.0,https://app.prolific.com/submissions/complete?cc=C1BTHULB,5.0,Quiz,62,,0.0,666c462dbf512cfb5c74ff06,1,1,62,,0.0,D,A,A,C,D,D,A,C,B,C,,,0,0.0,1,1,62,,0.0,noisy,random,negative,,Fail,red,25,0,5,Fail Box,1,1,62,,0.0,B,B,C,A,A,D,,A,B,D,,,STEM Track,,0,0.0,5,1,1,62,,0.0,R,R,R,R,R,C,C,C,C,C,C,,1,1,62,,0.0,0,0,0,0,0,0,0,0,0,false,false,STEM Track,1,1,,,,,,,,,,,,,,,,,,,,,,,,,,,,,,,,,,,,,,,,,,,,,,,,,,,,,,,,,,,,,,,,,,,,,,,,,,,,,,,,,,,,,,,,,,,,,,,,,,,,,,,,,,,,,,,,,,,,,,,,,,,,,,,,,,,,,,,,,,,,,,,,,,,,,,,,,,,,,,,,,,,,,,,,,,,,,,,,,,,,,,,,,,,,,,,,,,,,,,,,,,,,,,,,,,,,,,,,,,,,,,,,,,,,,,,,,,,,,,,,,,,,,,,,,,,,,,,,,,,,,,,,,,,,,,,,,,,,,,,,,,,,,,,,,,,,,,,,,,,,,,,,,,,,,,,,,,,,,,,,,,,,,,,,,,,,,,,,,,,,,,,,,,,,,,,,,,,,,,,,,,,,,,,,,,,,,,,,,,,,,,,,,,,,,,,,,,,,,,,,,,,,,,,,,,,,,,,,,,,,,,,,,,,,,,,,,,,,,,,,,,,,,,,,,,,,,,,,,,,,,,,,,,,,,,,,,,,,,,,,,,,,,,,,,,,,,,,,,,,,,,,,,,,,,,,,,,,,,,,,,,,,,,,,,,,,,,,,,,,,,,,,,,,,,,,,,,,,,,,,,,,,,,,,,,,,,,,,,,,,,,,,,,,,,,,,,,,,,,,,,,,,,,,,,,,,,,,
63,kbjtslk7,,0,18,18,Section_7,EndSurvey,2024-09-17 20:53:54.112391,1,,,0.0,,,,,,,,,,,,,,truywt5k,,,,,0,0.0,https://app.prolific.com/submissions/complete?cc=C1BTHULB,5.0,Quiz,63,,0.0,5c2be72c59ce110001073428,1,1,63,,0.0,A,A,B,C,B,C,A,B,C,B,,,0,0.0,1,1,63,,0.0,noisy,random,ground,,Fail,red,25,3,4,Fail Box,1,1,63,,0.0,D,B,A,C,B,D,A,B,C,D,,,Non-STEM Track,,0,0.0,4,1,1,63,,0.0,R,R,R,R,R,C,C,C,C,C,C,,1,1,63,,0.0,0,0,0,0,0,0,0,0,0,false,false,Non-STEM Track,1,1,,,,,,,,,,,,,,,,,,,,,,,,,,,,,,,,,,,,,,,,,,,,,,,,,,,,,,,,,,,,,,,,,,,,,,,,,,,,,,,,,,,,,,,,,,,,,,,,,,,,,,,,,,,,,,,,,,,,,,,,,,,,,,,,,,,,,,,,,,,,,,,,,,,,,,,,,,,,,,,,,,,,,,,,,,,,,,,,,,,,,,,,,,,,,,,,,,,,,,,,,,,,,,,,,,,,,,,,,,,,,,,,,,,,,,,,,,,,,,,,,,,,,,,,,,,,,,,,,,,,,,,,,,,,,,,,,,,,,,,,,,,,,,,,,,,,,,,,,,,,,,,,,,,,,,,,,,,,,,,,,,,,,,,,,,,,,,,,,,,,,,,,,,,,,,,,,,,,,,,,,,,,,,,,,,,,,,,,,,,,,,,,,,,,,,,,,,,,,,,,,,,,,,,,,,,,,,,,,,,,,,,,,,,,,,,,,,,,,,,,,,,,,,,,,,,,,,,,,,,,,,,,,,,,,,,,,,,,,,,,,,,,,,,,,,,,,,,,,,,,,,,,,,,,,,,,,,,,,,,,,,,,,,,,,,,,,,,,,,,,,,,,,,,,,,,,,,,,,,,,,,,,,,,,,,,,,,,,,,,,,,,,,,,,,,,,,,,,,,,,,,,,,,,,,,,,,,,
64,3yujepat,,0,18,18,Section_7,EndSurvey,2024-09-17 20:57:27.745982,1,,,0.0,,,,,,,,,,,,,,truywt5k,,,,,0,0.0,https://app.prolific.com/submissions/complete?cc=C1BTHULB,5.0,Quiz,64,,0.0,63db49b4969069441bc68182,1,1,64,,0.0,A,B,D,B,D,D,A,A,D,D,,,0,0.0,1,1,64,,0.0,noisy,random,positive,,Fail,red,25,10,10,Pass Box,1,1,64,,0.0,D,D,A,C,D,C,D,C,B,D,,,STEM Track,,0,0.0,10,1,1,64,,0.0,R,R,R,R,R,C,C,C,C,C,C,,1,1,64,,0.0,0,0,0,0,0,0,0,0,0,false,false,STEM Track,1,1,,,,,,,,,,,,,,,,,,,,,,,,,,,,,,,,,,,,,,,,,,,,,,,,,,,,,,,,,,,,,,,,,,,,,,,,,,,,,,,,,,,,,,,,,,,,,,,,,,,,,,,,,,,,,,,,,,,,,,,,,,,,,,,,,,,,,,,,,,,,,,,,,,,,,,,,,,,,,,,,,,,,,,,,,,,,,,,,,,,,,,,,,,,,,,,,,,,,,,,,,,,,,,,,,,,,,,,,,,,,,,,,,,,,,,,,,,,,,,,,,,,,,,,,,,,,,,,,,,,,,,,,,,,,,,,,,,,,,,,,,,,,,,,,,,,,,,,,,,,,,,,,,,,,,,,,,,,,,,,,,,,,,,,,,,,,,,,,,,,,,,,,,,,,,,,,,,,,,,,,,,,,,,,,,,,,,,,,,,,,,,,,,,,,,,,,,,,,,,,,,,,,,,,,,,,,,,,,,,,,,,,,,,,,,,,,,,,,,,,,,,,,,,,,,,,,,,,,,,,,,,,,,,,,,,,,,,,,,,,,,,,,,,,,,,,,,,,,,,,,,,,,,,,,,,,,,,,,,,,,,,,,,,,,,,,,,,,,,,,,,,,,,,,,,,,,,,,,,,,,,,,,,,,,,,,,,,,,,,,,,,,,,,,,,,,,,,,,,,,,,,,,,,,,,,,,,,,
65,upc9ugly,,0,18,18,Section_7,EndSurvey,2024-09-17 21:23:32.796567,1,,,0.0,,,,,,,,,,,,,,truywt5k,,,,,0,0.0,https://app.prolific.com/submissions/complete?cc=C1BTHULB,5.0,Quiz,65,,0.0,5622e4dced6e5a0005c80078,1,1,65,,0.0,C,A,B,B,C,D,A,C,A,D,,,0,0.0,1,1,65,,0.0,noisy,random,negative,,Fail,red,20,2,4,Fail Box,1,1,65,,0.0,D,B,A,C,B,D,A,B,C,D,,,Non-STEM Track,,0,0.0,4,1,1,65,,0.0,R,R,R,R,R,R,R,C,C,C,C,,1,1,65,,0.0,0,0,0,0,0,0,0,0,0,false,false,Non-STEM Track,1,1,,,,,,,,,,,,,,,,,,,,,,,,,,,,,,,,,,,,,,,,,,,,,,,,,,,,,,,,,,,,,,,,,,,,,,,,,,,,,,,,,,,,,,,,,,,,,,,,,,,,,,,,,,,,,,,,,,,,,,,,,,,,,,,,,,,,,,,,,,,,,,,,,,,,,,,,,,,,,,,,,,,,,,,,,,,,,,,,,,,,,,,,,,,,,,,,,,,,,,,,,,,,,,,,,,,,,,,,,,,,,,,,,,,,,,,,,,,,,,,,,,,,,,,,,,,,,,,,,,,,,,,,,,,,,,,,,,,,,,,,,,,,,,,,,,,,,,,,,,,,,,,,,,,,,,,,,,,,,,,,,,,,,,,,,,,,,,,,,,,,,,,,,,,,,,,,,,,,,,,,,,,,,,,,,,,,,,,,,,,,,,,,,,,,,,,,,,,,,,,,,,,,,,,,,,,,,,,,,,,,,,,,,,,,,,,,,,,,,,,,,,,,,,,,,,,,,,,,,,,,,,,,,,,,,,,,,,,,,,,,,,,,,,,,,,,,,,,,,,,,,,,,,,,,,,,,,,,,,,,,,,,,,,,,,,,,,,,,,,,,,,,,,,,,,,,,,,,,,,,,,,,,,,,,,,,,,,,,,,,,,,,,,,,,,,,,,,,,,,,,,,,,,,,,,,,,,,,
66,9f9s1ape,,0,18,18,Section_7,EndSurvey,2024-09-17 21:45:30.368714,1,,,0.0,,,,,,,,,,,,,,truywt5k,,,,,0,0.0,https://app.prolific.com/submissions/complete?cc=C1BTHULB,5.0,Quiz,66,,0.0,572535bba34b2a001306827c,1,1,66,,0.0,C,C,B,B,B,B,C,B,A,C,,,0,0.0,1,1,66,,0.0,noisy,random,negative,,Fail,red,20,2,3,Fail Box,1,1,66,,0.0,B,B,C,B,A,D,C,C,A,C,,,STEM Track,,0,0.0,3,1,1,66,,0.0,R,R,R,R,C,C,C,C,C,C,C,,1,1,66,,0.0,0,0,0,0,0,0,0,0,0,false,false,STEM Track,1,1,,,,,,,,,,,,,,,,,,,,,,,,,,,,,,,,,,,,,,,,,,,,,,,,,,,,,,,,,,,,,,,,,,,,,,,,,,,,,,,,,,,,,,,,,,,,,,,,,,,,,,,,,,,,,,,,,,,,,,,,,,,,,,,,,,,,,,,,,,,,,,,,,,,,,,,,,,,,,,,,,,,,,,,,,,,,,,,,,,,,,,,,,,,,,,,,,,,,,,,,,,,,,,,,,,,,,,,,,,,,,,,,,,,,,,,,,,,,,,,,,,,,,,,,,,,,,,,,,,,,,,,,,,,,,,,,,,,,,,,,,,,,,,,,,,,,,,,,,,,,,,,,,,,,,,,,,,,,,,,,,,,,,,,,,,,,,,,,,,,,,,,,,,,,,,,,,,,,,,,,,,,,,,,,,,,,,,,,,,,,,,,,,,,,,,,,,,,,,,,,,,,,,,,,,,,,,,,,,,,,,,,,,,,,,,,,,,,,,,,,,,,,,,,,,,,,,,,,,,,,,,,,,,,,,,,,,,,,,,,,,,,,,,,,,,,,,,,,,,,,,,,,,,,,,,,,,,,,,,,,,,,,,,,,,,,,,,,,,,,,,,,,,,,,,,,,,,,,,,,,,,,,,,,,,,,,,,,,,,,,,,,,,,,,,,,,,,,,,,,,,,,,,,,,,,,,,,,
67,tppgdd2w,,0,0,18,,,,0,,,0.0,,,,,,,,,,,,,,truywt5k,,,,,0,0.0,https://app.prolific.com/submissions/complete?cc=C1BTHULB,5.0,Quiz,67,,0.0,,1,1,67,,0.0,,,,,,,,,,,,,,,1,1,67,,0.0,,,,,,,,,,,1,1,67,,0.0,,,,,,,,,,,,,,,,,,1,1,67,,0.0,,,,,,,,,,,,,1,1,67,,0.0,0,0,0,0,0,0,0,0,0,false,false,,1,1,,,,,,,,,,,,,,,,,,,,,,,,,,,,,,,,,,,,,,,,,,,,,,,,,,,,,,,,,,,,,,,,,,,,,,,,,,,,,,,,,,,,,,,,,,,,,,,,,,,,,,,,,,,,,,,,,,,,,,,,,,,,,,,,,,,,,,,,,,,,,,,,,,,,,,,,,,,,,,,,,,,,,,,,,,,,,,,,,,,,,,,,,,,,,,,,,,,,,,,,,,,,,,,,,,,,,,,,,,,,,,,,,,,,,,,,,,,,,,,,,,,,,,,,,,,,,,,,,,,,,,,,,,,,,,,,,,,,,,,,,,,,,,,,,,,,,,,,,,,,,,,,,,,,,,,,,,,,,,,,,,,,,,,,,,,,,,,,,,,,,,,,,,,,,,,,,,,,,,,,,,,,,,,,,,,,,,,,,,,,,,,,,,,,,,,,,,,,,,,,,,,,,,,,,,,,,,,,,,,,,,,,,,,,,,,,,,,,,,,,,,,,,,,,,,,,,,,,,,,,,,,,,,,,,,,,,,,,,,,,,,,,,,,,,,,,,,,,,,,,,,,,,,,,,,,,,,,,,,,,,,,,,,,,,,,,,,,,,,,,,,,,,,,,,,,,,,,,,,,,,,,,,,,,,,,,,,,,,,,,,,,,,,,,,,,,,,,,,,,,,,,,,,,,,,,,,,,
68,ag64ag1c,,0,0,18,,,,0,,,0.0,,,,,,,,,,,,,,truywt5k,,,,,0,0.0,https://app.prolific.com/submissions/complete?cc=C1BTHULB,5.0,Quiz,68,,0.0,,1,1,68,,0.0,,,,,,,,,,,,,,,1,1,68,,0.0,,,,,,,,,,,1,1,68,,0.0,,,,,,,,,,,,,,,,,,1,1,68,,0.0,,,,,,,,,,,,,1,1,68,,0.0,0,0,0,0,0,0,0,0,0,false,false,,1,1,,,,,,,,,,,,,,,,,,,,,,,,,,,,,,,,,,,,,,,,,,,,,,,,,,,,,,,,,,,,,,,,,,,,,,,,,,,,,,,,,,,,,,,,,,,,,,,,,,,,,,,,,,,,,,,,,,,,,,,,,,,,,,,,,,,,,,,,,,,,,,,,,,,,,,,,,,,,,,,,,,,,,,,,,,,,,,,,,,,,,,,,,,,,,,,,,,,,,,,,,,,,,,,,,,,,,,,,,,,,,,,,,,,,,,,,,,,,,,,,,,,,,,,,,,,,,,,,,,,,,,,,,,,,,,,,,,,,,,,,,,,,,,,,,,,,,,,,,,,,,,,,,,,,,,,,,,,,,,,,,,,,,,,,,,,,,,,,,,,,,,,,,,,,,,,,,,,,,,,,,,,,,,,,,,,,,,,,,,,,,,,,,,,,,,,,,,,,,,,,,,,,,,,,,,,,,,,,,,,,,,,,,,,,,,,,,,,,,,,,,,,,,,,,,,,,,,,,,,,,,,,,,,,,,,,,,,,,,,,,,,,,,,,,,,,,,,,,,,,,,,,,,,,,,,,,,,,,,,,,,,,,,,,,,,,,,,,,,,,,,,,,,,,,,,,,,,,,,,,,,,,,,,,,,,,,,,,,,,,,,,,,,,,,,,,,,,,,,,,,,,,,,,,,,,,,,,,
69,7dv6sbp9,,0,0,18,,,,0,,,0.0,,,,,,,,,,,,,,truywt5k,,,,,0,0.0,https://app.prolific.com/submissions/complete?cc=C1BTHULB,5.0,Quiz,69,,0.0,,1,1,69,,0.0,,,,,,,,,,,,,,,1,1,69,,0.0,,,,,,,,,,,1,1,69,,0.0,,,,,,,,,,,,,,,,,,1,1,69,,0.0,,,,,,,,,,,,,1,1,69,,0.0,0,0,0,0,0,0,0,0,0,false,false,,1,1,,,,,,,,,,,,,,,,,,,,,,,,,,,,,,,,,,,,,,,,,,,,,,,,,,,,,,,,,,,,,,,,,,,,,,,,,,,,,,,,,,,,,,,,,,,,,,,,,,,,,,,,,,,,,,,,,,,,,,,,,,,,,,,,,,,,,,,,,,,,,,,,,,,,,,,,,,,,,,,,,,,,,,,,,,,,,,,,,,,,,,,,,,,,,,,,,,,,,,,,,,,,,,,,,,,,,,,,,,,,,,,,,,,,,,,,,,,,,,,,,,,,,,,,,,,,,,,,,,,,,,,,,,,,,,,,,,,,,,,,,,,,,,,,,,,,,,,,,,,,,,,,,,,,,,,,,,,,,,,,,,,,,,,,,,,,,,,,,,,,,,,,,,,,,,,,,,,,,,,,,,,,,,,,,,,,,,,,,,,,,,,,,,,,,,,,,,,,,,,,,,,,,,,,,,,,,,,,,,,,,,,,,,,,,,,,,,,,,,,,,,,,,,,,,,,,,,,,,,,,,,,,,,,,,,,,,,,,,,,,,,,,,,,,,,,,,,,,,,,,,,,,,,,,,,,,,,,,,,,,,,,,,,,,,,,,,,,,,,,,,,,,,,,,,,,,,,,,,,,,,,,,,,,,,,,,,,,,,,,,,,,,,,,,,,,,,,,,,,,,,,,,,,,,,,,,,,,
70,obfy5hml,,0,0,18,,,,0,,,0.0,,,,,,,,,,,,,,truywt5k,,,,,0,0.0,https://app.prolific.com/submissions/complete?cc=C1BTHULB,5.0,Quiz,70,,0.0,,1,1,70,,0.0,,,,,,,,,,,,,,,1,1,70,,0.0,,,,,,,,,,,1,1,70,,0.0,,,,,,,,,,,,,,,,,,1,1,70,,0.0,,,,,,,,,,,,,1,1,70,,0.0,0,0,0,0,0,0,0,0,0,false,false,,1,1,,,,,,,,,,,,,,,,,,,,,,,,,,,,,,,,,,,,,,,,,,,,,,,,,,,,,,,,,,,,,,,,,,,,,,,,,,,,,,,,,,,,,,,,,,,,,,,,,,,,,,,,,,,,,,,,,,,,,,,,,,,,,,,,,,,,,,,,,,,,,,,,,,,,,,,,,,,,,,,,,,,,,,,,,,,,,,,,,,,,,,,,,,,,,,,,,,,,,,,,,,,,,,,,,,,,,,,,,,,,,,,,,,,,,,,,,,,,,,,,,,,,,,,,,,,,,,,,,,,,,,,,,,,,,,,,,,,,,,,,,,,,,,,,,,,,,,,,,,,,,,,,,,,,,,,,,,,,,,,,,,,,,,,,,,,,,,,,,,,,,,,,,,,,,,,,,,,,,,,,,,,,,,,,,,,,,,,,,,,,,,,,,,,,,,,,,,,,,,,,,,,,,,,,,,,,,,,,,,,,,,,,,,,,,,,,,,,,,,,,,,,,,,,,,,,,,,,,,,,,,,,,,,,,,,,,,,,,,,,,,,,,,,,,,,,,,,,,,,,,,,,,,,,,,,,,,,,,,,,,,,,,,,,,,,,,,,,,,,,,,,,,,,,,,,,,,,,,,,,,,,,,,,,,,,,,,,,,,,,,,,,,,,,,,,,,,,,,,,,,,,,,,,,,,,,,,,,
71,db3r3jxp,,0,0,18,,,,0,,,0.0,,,,,,,,,,,,,,truywt5k,,,,,0,0.0,https://app.prolific.com/submissions/complete?cc=C1BTHULB,5.0,Quiz,71,,0.0,,1,1,71,,0.0,,,,,,,,,,,,,,,1,1,71,,0.0,,,,,,,,,,,1,1,71,,0.0,,,,,,,,,,,,,,,,,,1,1,71,,0.0,,,,,,,,,,,,,1,1,71,,0.0,0,0,0,0,0,0,0,0,0,false,false,,1,1,,,,,,,,,,,,,,,,,,,,,,,,,,,,,,,,,,,,,,,,,,,,,,,,,,,,,,,,,,,,,,,,,,,,,,,,,,,,,,,,,,,,,,,,,,,,,,,,,,,,,,,,,,,,,,,,,,,,,,,,,,,,,,,,,,,,,,,,,,,,,,,,,,,,,,,,,,,,,,,,,,,,,,,,,,,,,,,,,,,,,,,,,,,,,,,,,,,,,,,,,,,,,,,,,,,,,,,,,,,,,,,,,,,,,,,,,,,,,,,,,,,,,,,,,,,,,,,,,,,,,,,,,,,,,,,,,,,,,,,,,,,,,,,,,,,,,,,,,,,,,,,,,,,,,,,,,,,,,,,,,,,,,,,,,,,,,,,,,,,,,,,,,,,,,,,,,,,,,,,,,,,,,,,,,,,,,,,,,,,,,,,,,,,,,,,,,,,,,,,,,,,,,,,,,,,,,,,,,,,,,,,,,,,,,,,,,,,,,,,,,,,,,,,,,,,,,,,,,,,,,,,,,,,,,,,,,,,,,,,,,,,,,,,,,,,,,,,,,,,,,,,,,,,,,,,,,,,,,,,,,,,,,,,,,,,,,,,,,,,,,,,,,,,,,,,,,,,,,,,,,,,,,,,,,,,,,,,,,,,,,,,,,,,,,,,,,,,,,,,,,,,,,,,,,,,,,,,
72,umlgi5gk,,0,0,18,,,,0,,,0.0,,,,,,,,,,,,,,truywt5k,,,,,0,0.0,https://app.prolific.com/submissions/complete?cc=C1BTHULB,5.0,Quiz,72,,0.0,,1,1,72,,0.0,,,,,,,,,,,,,,,1,1,72,,0.0,,,,,,,,,,,1,1,72,,0.0,,,,,,,,,,,,,,,,,,1,1,72,,0.0,,,,,,,,,,,,,1,1,72,,0.0,0,0,0,0,0,0,0,0,0,false,false,,1,1,,,,,,,,,,,,,,,,,,,,,,,,,,,,,,,,,,,,,,,,,,,,,,,,,,,,,,,,,,,,,,,,,,,,,,,,,,,,,,,,,,,,,,,,,,,,,,,,,,,,,,,,,,,,,,,,,,,,,,,,,,,,,,,,,,,,,,,,,,,,,,,,,,,,,,,,,,,,,,,,,,,,,,,,,,,,,,,,,,,,,,,,,,,,,,,,,,,,,,,,,,,,,,,,,,,,,,,,,,,,,,,,,,,,,,,,,,,,,,,,,,,,,,,,,,,,,,,,,,,,,,,,,,,,,,,,,,,,,,,,,,,,,,,,,,,,,,,,,,,,,,,,,,,,,,,,,,,,,,,,,,,,,,,,,,,,,,,,,,,,,,,,,,,,,,,,,,,,,,,,,,,,,,,,,,,,,,,,,,,,,,,,,,,,,,,,,,,,,,,,,,,,,,,,,,,,,,,,,,,,,,,,,,,,,,,,,,,,,,,,,,,,,,,,,,,,,,,,,,,,,,,,,,,,,,,,,,,,,,,,,,,,,,,,,,,,,,,,,,,,,,,,,,,,,,,,,,,,,,,,,,,,,,,,,,,,,,,,,,,,,,,,,,,,,,,,,,,,,,,,,,,,,,,,,,,,,,,,,,,,,,,,,,,,,,,,,,,,,,,,,,,,,,,,,,,,,,,
73,3rokfuec,,0,0,18,,,,0,,,0.0,,,,,,,,,,,,,,truywt5k,,,,,0,0.0,https://app.prolific.com/submissions/complete?cc=C1BTHULB,5.0,Quiz,73,,0.0,,1,1,73,,0.0,,,,,,,,,,,,,,,1,1,73,,0.0,,,,,,,,,,,1,1,73,,0.0,,,,,,,,,,,,,,,,,,1,1,73,,0.0,,,,,,,,,,,,,1,1,73,,0.0,0,0,0,0,0,0,0,0,0,false,false,,1,1,,,,,,,,,,,,,,,,,,,,,,,,,,,,,,,,,,,,,,,,,,,,,,,,,,,,,,,,,,,,,,,,,,,,,,,,,,,,,,,,,,,,,,,,,,,,,,,,,,,,,,,,,,,,,,,,,,,,,,,,,,,,,,,,,,,,,,,,,,,,,,,,,,,,,,,,,,,,,,,,,,,,,,,,,,,,,,,,,,,,,,,,,,,,,,,,,,,,,,,,,,,,,,,,,,,,,,,,,,,,,,,,,,,,,,,,,,,,,,,,,,,,,,,,,,,,,,,,,,,,,,,,,,,,,,,,,,,,,,,,,,,,,,,,,,,,,,,,,,,,,,,,,,,,,,,,,,,,,,,,,,,,,,,,,,,,,,,,,,,,,,,,,,,,,,,,,,,,,,,,,,,,,,,,,,,,,,,,,,,,,,,,,,,,,,,,,,,,,,,,,,,,,,,,,,,,,,,,,,,,,,,,,,,,,,,,,,,,,,,,,,,,,,,,,,,,,,,,,,,,,,,,,,,,,,,,,,,,,,,,,,,,,,,,,,,,,,,,,,,,,,,,,,,,,,,,,,,,,,,,,,,,,,,,,,,,,,,,,,,,,,,,,,,,,,,,,,,,,,,,,,,,,,,,,,,,,,,,,,,,,,,,,,,,,,,,,,,,,,,,,,,,,,,,,,,,,,,
74,0yi2j0ou,,0,0,18,,,,0,,,0.0,,,,,,,,,,,,,,truywt5k,,,,,0,0.0,https://app.prolific.com/submissions/complete?cc=C1BTHULB,5.0,Quiz,74,,0.0,,1,1,74,,0.0,,,,,,,,,,,,,,,1,1,74,,0.0,,,,,,,,,,,1,1,74,,0.0,,,,,,,,,,,,,,,,,,1,1,74,,0.0,,,,,,,,,,,,,1,1,74,,0.0,0,0,0,0,0,0,0,0,0,false,false,,1,1,,,,,,,,,,,,,,,,,,,,,,,,,,,,,,,,,,,,,,,,,,,,,,,,,,,,,,,,,,,,,,,,,,,,,,,,,,,,,,,,,,,,,,,,,,,,,,,,,,,,,,,,,,,,,,,,,,,,,,,,,,,,,,,,,,,,,,,,,,,,,,,,,,,,,,,,,,,,,,,,,,,,,,,,,,,,,,,,,,,,,,,,,,,,,,,,,,,,,,,,,,,,,,,,,,,,,,,,,,,,,,,,,,,,,,,,,,,,,,,,,,,,,,,,,,,,,,,,,,,,,,,,,,,,,,,,,,,,,,,,,,,,,,,,,,,,,,,,,,,,,,,,,,,,,,,,,,,,,,,,,,,,,,,,,,,,,,,,,,,,,,,,,,,,,,,,,,,,,,,,,,,,,,,,,,,,,,,,,,,,,,,,,,,,,,,,,,,,,,,,,,,,,,,,,,,,,,,,,,,,,,,,,,,,,,,,,,,,,,,,,,,,,,,,,,,,,,,,,,,,,,,,,,,,,,,,,,,,,,,,,,,,,,,,,,,,,,,,,,,,,,,,,,,,,,,,,,,,,,,,,,,,,,,,,,,,,,,,,,,,,,,,,,,,,,,,,,,,,,,,,,,,,,,,,,,,,,,,,,,,,,,,,,,,,,,,,,,,,,,,,,,,,,,,,,,,,,,
75,u99ltgyy,,0,0,18,,,,0,,,0.0,,,,,,,,,,,,,,truywt5k,,,,,0,0.0,https://app.prolific.com/submissions/complete?cc=C1BTHULB,5.0,Quiz,75,,0.0,,1,1,75,,0.0,,,,,,,,,,,,,,,1,1,75,,0.0,,,,,,,,,,,1,1,75,,0.0,,,,,,,,,,,,,,,,,,1,1,75,,0.0,,,,,,,,,,,,,1,1,75,,0.0,0,0,0,0,0,0,0,0,0,false,false,,1,1,,,,,,,,,,,,,,,,,,,,,,,,,,,,,,,,,,,,,,,,,,,,,,,,,,,,,,,,,,,,,,,,,,,,,,,,,,,,,,,,,,,,,,,,,,,,,,,,,,,,,,,,,,,,,,,,,,,,,,,,,,,,,,,,,,,,,,,,,,,,,,,,,,,,,,,,,,,,,,,,,,,,,,,,,,,,,,,,,,,,,,,,,,,,,,,,,,,,,,,,,,,,,,,,,,,,,,,,,,,,,,,,,,,,,,,,,,,,,,,,,,,,,,,,,,,,,,,,,,,,,,,,,,,,,,,,,,,,,,,,,,,,,,,,,,,,,,,,,,,,,,,,,,,,,,,,,,,,,,,,,,,,,,,,,,,,,,,,,,,,,,,,,,,,,,,,,,,,,,,,,,,,,,,,,,,,,,,,,,,,,,,,,,,,,,,,,,,,,,,,,,,,,,,,,,,,,,,,,,,,,,,,,,,,,,,,,,,,,,,,,,,,,,,,,,,,,,,,,,,,,,,,,,,,,,,,,,,,,,,,,,,,,,,,,,,,,,,,,,,,,,,,,,,,,,,,,,,,,,,,,,,,,,,,,,,,,,,,,,,,,,,,,,,,,,,,,,,,,,,,,,,,,,,,,,,,,,,,,,,,,,,,,,,,,,,,,,,,,,,,,,,,,,,,,,,,,,,
